Sample in Buffer,Sample in Window,TRIGGER,dbg_calib,dbg_mem_wm[15:0],dbg_mem_wr_frm[15:0],dbg_mem_rd_frm[15:0],dbg_mem_stall[15:0],dbg_mem_len_err[15:0],dbg_mem_bresp[15:0],dbg_mem_ost[8:0],dbg_mem_wslot[7:0],dbg_mem_rslot[7:0]
Radix - UNSIGNED,UNSIGNED,UNSIGNED,HEX,HEX,HEX,HEX,HEX,HEX,HEX,HEX,HEX,HEX
0,0,0,1,0022,0022,0022,0000,0000,0000,000,21,21
1,1,0,1,0022,0022,0022,0000,0000,0000,000,21,21
2,2,0,1,0022,0022,0022,0000,0000,0000,000,21,21
3,3,0,1,0022,0022,0022,0000,0000,0000,000,21,21
4,4,0,1,0022,0022,0022,0000,0000,0000,000,21,21
5,5,0,1,0022,0022,0022,0000,0000,0000,000,21,21
6,6,0,1,0022,0022,0022,0000,0000,0000,000,21,21
7,7,0,1,0022,0022,0022,0000,0000,0000,000,21,21
8,8,0,1,0022,0022,0022,0000,0000,0000,000,21,21
9,9,0,1,0022,0022,0022,0000,0000,0000,000,21,21
10,10,0,1,0022,0022,0022,0000,0000,0000,000,21,21
11,11,0,1,0022,0022,0022,0000,0000,0000,000,21,21
12,12,0,1,0022,0022,0022,0000,0000,0000,000,21,21
13,13,0,1,0022,0022,0022,0000,0000,0000,000,21,21
14,14,0,1,0022,0022,0022,0000,0000,0000,000,21,21
15,15,0,1,0022,0022,0022,0000,0000,0000,000,21,21
16,16,0,1,0022,0022,0022,0000,0000,0000,000,21,21
17,17,0,1,0022,0022,0022,0000,0000,0000,000,21,21
18,18,0,1,0022,0022,0022,0000,0000,0000,000,21,21
19,19,0,1,0022,0022,0022,0000,0000,0000,000,21,21
20,20,0,1,0022,0022,0022,0000,0000,0000,000,21,21
21,21,0,1,0022,0022,0022,0000,0000,0000,000,21,21
22,22,0,1,0022,0022,0022,0000,0000,0000,000,21,21
23,23,0,1,0022,0022,0022,0000,0000,0000,000,21,21
24,24,0,1,0022,0022,0022,0000,0000,0000,000,21,21
25,25,0,1,0022,0022,0022,0000,0000,0000,000,21,21
26,26,0,1,0022,0022,0022,0000,0000,0000,000,21,21
27,27,0,1,0022,0022,0022,0000,0000,0000,000,21,21
28,28,0,1,0022,0022,0022,0000,0000,0000,000,21,21
29,29,0,1,0022,0022,0022,0000,0000,0000,000,21,21
30,30,0,1,0022,0022,0022,0000,0000,0000,000,21,21
31,31,0,1,0022,0022,0022,0000,0000,0000,000,21,21
32,32,0,1,0022,0022,0022,0000,0000,0000,000,21,21
33,33,0,1,0022,0022,0022,0000,0000,0000,000,21,21
34,34,0,1,0022,0022,0022,0000,0000,0000,000,21,21
35,35,0,1,0022,0022,0022,0000,0000,0000,000,21,21
36,36,0,1,0022,0022,0022,0000,0000,0000,000,21,21
37,37,0,1,0022,0022,0022,0000,0000,0000,000,21,21
38,38,0,1,0022,0022,0022,0000,0000,0000,000,21,21
39,39,0,1,0022,0022,0022,0000,0000,0000,000,21,21
40,40,0,1,0022,0022,0022,0000,0000,0000,000,21,21
41,41,0,1,0022,0022,0022,0000,0000,0000,000,21,21
42,42,0,1,0022,0022,0022,0000,0000,0000,000,21,21
43,43,0,1,0022,0022,0022,0000,0000,0000,000,21,21
44,44,0,1,0022,0022,0022,0000,0000,0000,000,21,21
45,45,0,1,0022,0022,0022,0000,0000,0000,000,21,21
46,46,0,1,0022,0022,0022,0000,0000,0000,000,21,21
47,47,0,1,0022,0022,0022,0000,0000,0000,000,21,21
48,48,0,1,0022,0022,0022,0000,0000,0000,000,21,21
49,49,0,1,0022,0022,0022,0000,0000,0000,000,21,21
50,50,0,1,0022,0022,0022,0000,0000,0000,000,21,21
51,51,0,1,0022,0022,0022,0000,0000,0000,000,21,21
52,52,0,1,0022,0022,0022,0000,0000,0000,000,21,21
53,53,0,1,0022,0022,0022,0000,0000,0000,000,21,21
54,54,0,1,0022,0022,0022,0000,0000,0000,000,21,21
55,55,0,1,0022,0022,0022,0000,0000,0000,000,21,21
56,56,0,1,0022,0022,0022,0000,0000,0000,000,21,21
57,57,0,1,0022,0022,0022,0000,0000,0000,000,21,21
58,58,0,1,0022,0022,0022,0000,0000,0000,000,21,21
59,59,0,1,0022,0022,0022,0000,0000,0000,000,21,21
60,60,0,1,0022,0022,0022,0000,0000,0000,000,21,21
61,61,0,1,0022,0022,0022,0000,0000,0000,000,21,21
62,62,0,1,0022,0022,0022,0000,0000,0000,000,21,21
63,63,0,1,0022,0022,0022,0000,0000,0000,000,21,21
64,64,0,1,0022,0022,0022,0000,0000,0000,000,21,21
65,65,0,1,0022,0022,0022,0000,0000,0000,000,21,21
66,66,0,1,0022,0022,0022,0000,0000,0000,000,21,21
67,67,0,1,0022,0022,0022,0000,0000,0000,000,21,21
68,68,0,1,0022,0022,0022,0000,0000,0000,000,21,21
69,69,0,1,0022,0022,0022,0000,0000,0000,000,21,21
70,70,0,1,0022,0022,0022,0000,0000,0000,000,21,21
71,71,0,1,0022,0022,0022,0000,0000,0000,000,21,21
72,72,0,1,0022,0022,0022,0000,0000,0000,000,21,21
73,73,0,1,0022,0022,0022,0000,0000,0000,000,21,21
74,74,0,1,0022,0022,0022,0000,0000,0000,000,21,21
75,75,0,1,0022,0022,0022,0000,0000,0000,000,21,21
76,76,0,1,0022,0022,0022,0000,0000,0000,000,21,21
77,77,0,1,0022,0022,0022,0000,0000,0000,000,21,21
78,78,0,1,0022,0022,0022,0000,0000,0000,000,21,21
79,79,0,1,0022,0022,0022,0000,0000,0000,000,21,21
80,80,0,1,0022,0022,0022,0000,0000,0000,000,21,21
81,81,0,1,0022,0022,0022,0000,0000,0000,000,21,21
82,82,0,1,0022,0022,0022,0000,0000,0000,000,21,21
83,83,0,1,0022,0022,0022,0000,0000,0000,000,21,21
84,84,0,1,0022,0022,0022,0000,0000,0000,000,21,21
85,85,0,1,0022,0022,0022,0000,0000,0000,000,21,21
86,86,0,1,0022,0022,0022,0000,0000,0000,000,21,21
87,87,0,1,0022,0022,0022,0000,0000,0000,000,21,21
88,88,0,1,0022,0022,0022,0000,0000,0000,000,21,21
89,89,0,1,0022,0022,0022,0000,0000,0000,000,21,21
90,90,0,1,0022,0022,0022,0000,0000,0000,000,21,21
91,91,0,1,0022,0022,0022,0000,0000,0000,000,21,21
92,92,0,1,0022,0022,0022,0000,0000,0000,000,21,21
93,93,0,1,0022,0022,0022,0000,0000,0000,000,21,21
94,94,0,1,0022,0022,0022,0000,0000,0000,000,21,21
95,95,0,1,0022,0022,0022,0000,0000,0000,000,21,21
96,96,0,1,0022,0022,0022,0000,0000,0000,000,21,21
97,97,0,1,0022,0022,0022,0000,0000,0000,000,21,21
98,98,0,1,0022,0022,0022,0000,0000,0000,000,21,21
99,99,0,1,0022,0022,0022,0000,0000,0000,000,21,21
100,100,0,1,0022,0022,0022,0000,0000,0000,000,21,21
101,101,0,1,0022,0022,0022,0000,0000,0000,000,21,21
102,102,0,1,0022,0022,0022,0000,0000,0000,000,21,21
103,103,0,1,0022,0022,0022,0000,0000,0000,000,21,21
104,104,0,1,0022,0022,0022,0000,0000,0000,000,21,21
105,105,0,1,0022,0022,0022,0000,0000,0000,000,21,21
106,106,0,1,0022,0022,0022,0000,0000,0000,000,21,21
107,107,0,1,0022,0022,0022,0000,0000,0000,000,21,21
108,108,0,1,0022,0022,0022,0000,0000,0000,000,21,21
109,109,0,1,0022,0022,0022,0000,0000,0000,000,21,21
110,110,0,1,0022,0022,0022,0000,0000,0000,000,21,21
111,111,0,1,0022,0022,0022,0000,0000,0000,000,21,21
112,112,0,1,0022,0022,0022,0000,0000,0000,000,21,21
113,113,0,1,0022,0022,0022,0000,0000,0000,000,21,21
114,114,0,1,0022,0022,0022,0000,0000,0000,000,21,21
115,115,0,1,0022,0022,0022,0000,0000,0000,000,21,21
116,116,0,1,0022,0022,0022,0000,0000,0000,000,21,21
117,117,0,1,0022,0022,0022,0000,0000,0000,000,21,21
118,118,0,1,0022,0022,0022,0000,0000,0000,000,21,21
119,119,0,1,0022,0022,0022,0000,0000,0000,000,21,21
120,120,0,1,0022,0022,0022,0000,0000,0000,000,21,21
121,121,0,1,0022,0022,0022,0000,0000,0000,000,21,21
122,122,0,1,0022,0022,0022,0000,0000,0000,000,21,21
123,123,0,1,0022,0022,0022,0000,0000,0000,000,21,21
124,124,0,1,0022,0022,0022,0000,0000,0000,000,21,21
125,125,0,1,0022,0022,0022,0000,0000,0000,000,21,21
126,126,0,1,0022,0022,0022,0000,0000,0000,000,21,21
127,127,0,1,0022,0022,0022,0000,0000,0000,000,21,21
128,128,0,1,0022,0022,0022,0000,0000,0000,000,21,21
129,129,0,1,0022,0022,0022,0000,0000,0000,000,21,21
130,130,0,1,0022,0022,0022,0000,0000,0000,000,21,21
131,131,0,1,0022,0022,0022,0000,0000,0000,000,21,21
132,132,0,1,0022,0022,0022,0000,0000,0000,000,21,21
133,133,0,1,0022,0022,0022,0000,0000,0000,000,21,21
134,134,0,1,0022,0022,0022,0000,0000,0000,000,21,21
135,135,0,1,0022,0022,0022,0000,0000,0000,000,21,21
136,136,0,1,0022,0022,0022,0000,0000,0000,000,21,21
137,137,0,1,0022,0022,0022,0000,0000,0000,000,21,21
138,138,0,1,0022,0022,0022,0000,0000,0000,000,21,21
139,139,0,1,0022,0022,0022,0000,0000,0000,000,21,21
140,140,0,1,0022,0022,0022,0000,0000,0000,000,21,21
141,141,0,1,0022,0022,0022,0000,0000,0000,000,21,21
142,142,0,1,0022,0022,0022,0000,0000,0000,000,21,21
143,143,0,1,0022,0022,0022,0000,0000,0000,000,21,21
144,144,0,1,0022,0022,0022,0000,0000,0000,000,21,21
145,145,0,1,0022,0022,0022,0000,0000,0000,000,21,21
146,146,0,1,0022,0022,0022,0000,0000,0000,000,21,21
147,147,0,1,0022,0022,0022,0000,0000,0000,000,21,21
148,148,0,1,0022,0022,0022,0000,0000,0000,000,21,21
149,149,0,1,0022,0022,0022,0000,0000,0000,000,21,21
150,150,0,1,0022,0022,0022,0000,0000,0000,000,21,21
151,151,0,1,0022,0022,0022,0000,0000,0000,000,21,21
152,152,0,1,0022,0022,0022,0000,0000,0000,000,21,21
153,153,0,1,0022,0022,0022,0000,0000,0000,000,21,21
154,154,0,1,0022,0022,0022,0000,0000,0000,000,21,21
155,155,0,1,0022,0022,0022,0000,0000,0000,000,21,21
156,156,0,1,0022,0022,0022,0000,0000,0000,000,21,21
157,157,0,1,0022,0022,0022,0000,0000,0000,000,21,21
158,158,0,1,0022,0022,0022,0000,0000,0000,000,21,21
159,159,0,1,0022,0022,0022,0000,0000,0000,000,21,21
160,160,0,1,0022,0022,0022,0000,0000,0000,000,21,21
161,161,0,1,0022,0022,0022,0000,0000,0000,000,21,21
162,162,0,1,0022,0022,0022,0000,0000,0000,000,21,21
163,163,0,1,0022,0022,0022,0000,0000,0000,000,21,21
164,164,0,1,0022,0022,0022,0000,0000,0000,000,21,21
165,165,0,1,0022,0022,0022,0000,0000,0000,000,21,21
166,166,0,1,0022,0022,0022,0000,0000,0000,000,21,21
167,167,0,1,0022,0022,0022,0000,0000,0000,000,21,21
168,168,0,1,0022,0022,0022,0000,0000,0000,000,21,21
169,169,0,1,0022,0022,0022,0000,0000,0000,000,21,21
170,170,0,1,0022,0022,0022,0000,0000,0000,000,21,21
171,171,0,1,0022,0022,0022,0000,0000,0000,000,21,21
172,172,0,1,0022,0022,0022,0000,0000,0000,000,21,21
173,173,0,1,0022,0022,0022,0000,0000,0000,000,21,21
174,174,0,1,0022,0022,0022,0000,0000,0000,000,21,21
175,175,0,1,0022,0022,0022,0000,0000,0000,000,21,21
176,176,0,1,0022,0022,0022,0000,0000,0000,000,21,21
177,177,0,1,0022,0022,0022,0000,0000,0000,000,21,21
178,178,0,1,0022,0022,0022,0000,0000,0000,000,21,21
179,179,0,1,0022,0022,0022,0000,0000,0000,000,21,21
180,180,0,1,0022,0022,0022,0000,0000,0000,000,21,21
181,181,0,1,0022,0022,0022,0000,0000,0000,000,21,21
182,182,0,1,0022,0022,0022,0000,0000,0000,000,21,21
183,183,0,1,0022,0022,0022,0000,0000,0000,000,21,21
184,184,0,1,0022,0022,0022,0000,0000,0000,000,21,21
185,185,0,1,0022,0022,0022,0000,0000,0000,000,21,21
186,186,0,1,0022,0022,0022,0000,0000,0000,000,21,21
187,187,0,1,0022,0022,0022,0000,0000,0000,000,21,21
188,188,0,1,0022,0022,0022,0000,0000,0000,000,21,21
189,189,0,1,0022,0022,0022,0000,0000,0000,000,21,21
190,190,0,1,0022,0022,0022,0000,0000,0000,000,21,21
191,191,0,1,0022,0022,0022,0000,0000,0000,000,21,21
192,192,0,1,0022,0022,0022,0000,0000,0000,000,21,21
193,193,0,1,0022,0022,0022,0000,0000,0000,000,21,21
194,194,0,1,0022,0022,0022,0000,0000,0000,000,21,21
195,195,0,1,0022,0022,0022,0000,0000,0000,000,21,21
196,196,0,1,0022,0022,0022,0000,0000,0000,000,21,21
197,197,0,1,0022,0022,0022,0000,0000,0000,000,21,21
198,198,0,1,0022,0022,0022,0000,0000,0000,000,21,21
199,199,0,1,0022,0022,0022,0000,0000,0000,000,21,21
200,200,0,1,0022,0022,0022,0000,0000,0000,000,21,21
201,201,0,1,0022,0022,0022,0000,0000,0000,000,21,21
202,202,0,1,0022,0022,0022,0000,0000,0000,000,21,21
203,203,0,1,0022,0022,0022,0000,0000,0000,000,21,21
204,204,0,1,0022,0022,0022,0000,0000,0000,000,21,21
205,205,0,1,0022,0022,0022,0000,0000,0000,000,21,21
206,206,0,1,0022,0022,0022,0000,0000,0000,000,21,21
207,207,0,1,0022,0022,0022,0000,0000,0000,000,21,21
208,208,0,1,0022,0022,0022,0000,0000,0000,000,21,21
209,209,0,1,0022,0022,0022,0000,0000,0000,000,21,21
210,210,0,1,0022,0022,0022,0000,0000,0000,000,21,21
211,211,0,1,0022,0022,0022,0000,0000,0000,000,21,21
212,212,0,1,0022,0022,0022,0000,0000,0000,000,21,21
213,213,0,1,0022,0022,0022,0000,0000,0000,000,21,21
214,214,0,1,0022,0022,0022,0000,0000,0000,000,21,21
215,215,0,1,0022,0022,0022,0000,0000,0000,000,21,21
216,216,0,1,0022,0022,0022,0000,0000,0000,000,21,21
217,217,0,1,0022,0022,0022,0000,0000,0000,000,21,21
218,218,0,1,0022,0022,0022,0000,0000,0000,000,21,21
219,219,0,1,0022,0022,0022,0000,0000,0000,000,21,21
220,220,0,1,0022,0022,0022,0000,0000,0000,000,21,21
221,221,0,1,0022,0022,0022,0000,0000,0000,000,21,21
222,222,0,1,0022,0022,0022,0000,0000,0000,000,21,21
223,223,0,1,0022,0022,0022,0000,0000,0000,000,21,21
224,224,0,1,0022,0022,0022,0000,0000,0000,000,21,21
225,225,0,1,0022,0022,0022,0000,0000,0000,000,21,21
226,226,0,1,0022,0022,0022,0000,0000,0000,000,21,21
227,227,0,1,0022,0022,0022,0000,0000,0000,000,21,21
228,228,0,1,0022,0022,0022,0000,0000,0000,000,21,21
229,229,0,1,0022,0022,0022,0000,0000,0000,000,21,21
230,230,0,1,0022,0022,0022,0000,0000,0000,000,21,21
231,231,0,1,0022,0022,0022,0000,0000,0000,000,21,21
232,232,0,1,0022,0022,0022,0000,0000,0000,000,21,21
233,233,0,1,0022,0022,0022,0000,0000,0000,000,21,21
234,234,0,1,0022,0022,0022,0000,0000,0000,000,21,21
235,235,0,1,0022,0022,0022,0000,0000,0000,000,21,21
236,236,0,1,0022,0022,0022,0000,0000,0000,000,21,21
237,237,0,1,0022,0022,0022,0000,0000,0000,000,21,21
238,238,0,1,0022,0022,0022,0000,0000,0000,000,21,21
239,239,0,1,0022,0022,0022,0000,0000,0000,000,21,21
240,240,0,1,0022,0022,0022,0000,0000,0000,000,21,21
241,241,0,1,0022,0022,0022,0000,0000,0000,000,21,21
242,242,0,1,0022,0022,0022,0000,0000,0000,000,21,21
243,243,0,1,0022,0022,0022,0000,0000,0000,000,21,21
244,244,0,1,0022,0022,0022,0000,0000,0000,000,21,21
245,245,0,1,0022,0022,0022,0000,0000,0000,000,21,21
246,246,0,1,0022,0022,0022,0000,0000,0000,000,21,21
247,247,0,1,0022,0022,0022,0000,0000,0000,000,21,21
248,248,0,1,0022,0022,0022,0000,0000,0000,000,21,21
249,249,0,1,0022,0022,0022,0000,0000,0000,000,21,21
250,250,0,1,0022,0022,0022,0000,0000,0000,000,21,21
251,251,0,1,0022,0022,0022,0000,0000,0000,000,21,21
252,252,0,1,0022,0022,0022,0000,0000,0000,000,21,21
253,253,0,1,0022,0022,0022,0000,0000,0000,000,21,21
254,254,0,1,0022,0022,0022,0000,0000,0000,000,21,21
255,255,0,1,0022,0022,0022,0000,0000,0000,000,21,21
256,256,0,1,0022,0022,0022,0000,0000,0000,000,21,21
257,257,0,1,0022,0022,0022,0000,0000,0000,000,21,21
258,258,0,1,0022,0022,0022,0000,0000,0000,000,21,21
259,259,0,1,0022,0022,0022,0000,0000,0000,000,21,21
260,260,0,1,0022,0022,0022,0000,0000,0000,000,21,21
261,261,0,1,0022,0022,0022,0000,0000,0000,000,21,21
262,262,0,1,0022,0022,0022,0000,0000,0000,000,21,21
263,263,0,1,0022,0022,0022,0000,0000,0000,000,21,21
264,264,0,1,0022,0022,0022,0000,0000,0000,000,21,21
265,265,0,1,0022,0022,0022,0000,0000,0000,000,21,21
266,266,0,1,0022,0022,0022,0000,0000,0000,000,21,21
267,267,0,1,0022,0022,0022,0000,0000,0000,000,21,21
268,268,0,1,0022,0022,0022,0000,0000,0000,000,21,21
269,269,0,1,0022,0022,0022,0000,0000,0000,000,21,21
270,270,0,1,0022,0022,0022,0000,0000,0000,000,21,21
271,271,0,1,0022,0022,0022,0000,0000,0000,000,21,21
272,272,0,1,0022,0022,0022,0000,0000,0000,000,21,21
273,273,0,1,0022,0022,0022,0000,0000,0000,000,21,21
274,274,0,1,0022,0022,0022,0000,0000,0000,000,21,21
275,275,0,1,0022,0022,0022,0000,0000,0000,000,21,21
276,276,0,1,0022,0022,0022,0000,0000,0000,000,21,21
277,277,0,1,0022,0022,0022,0000,0000,0000,000,21,21
278,278,0,1,0022,0022,0022,0000,0000,0000,000,21,21
279,279,0,1,0022,0022,0022,0000,0000,0000,000,21,21
280,280,0,1,0022,0022,0022,0000,0000,0000,000,21,21
281,281,0,1,0022,0022,0022,0000,0000,0000,000,21,21
282,282,0,1,0022,0022,0022,0000,0000,0000,000,21,21
283,283,0,1,0022,0022,0022,0000,0000,0000,000,21,21
284,284,0,1,0022,0022,0022,0000,0000,0000,000,21,21
285,285,0,1,0022,0022,0022,0000,0000,0000,000,21,21
286,286,0,1,0022,0022,0022,0000,0000,0000,000,21,21
287,287,0,1,0022,0022,0022,0000,0000,0000,000,21,21
288,288,0,1,0022,0022,0022,0000,0000,0000,000,21,21
289,289,0,1,0022,0022,0022,0000,0000,0000,000,21,21
290,290,0,1,0022,0022,0022,0000,0000,0000,000,21,21
291,291,0,1,0022,0022,0022,0000,0000,0000,000,21,21
292,292,0,1,0022,0022,0022,0000,0000,0000,000,21,21
293,293,0,1,0022,0022,0022,0000,0000,0000,000,21,21
294,294,0,1,0022,0022,0022,0000,0000,0000,000,21,21
295,295,0,1,0022,0022,0022,0000,0000,0000,000,21,21
296,296,0,1,0022,0022,0022,0000,0000,0000,000,21,21
297,297,0,1,0022,0022,0022,0000,0000,0000,000,21,21
298,298,0,1,0022,0022,0022,0000,0000,0000,000,21,21
299,299,0,1,0022,0022,0022,0000,0000,0000,000,21,21
300,300,0,1,0022,0022,0022,0000,0000,0000,000,21,21
301,301,0,1,0022,0022,0022,0000,0000,0000,000,21,21
302,302,0,1,0022,0022,0022,0000,0000,0000,000,21,21
303,303,0,1,0022,0022,0022,0000,0000,0000,000,21,21
304,304,0,1,0022,0022,0022,0000,0000,0000,000,21,21
305,305,0,1,0022,0022,0022,0000,0000,0000,000,21,21
306,306,0,1,0022,0022,0022,0000,0000,0000,000,21,21
307,307,0,1,0022,0022,0022,0000,0000,0000,000,21,21
308,308,0,1,0022,0022,0022,0000,0000,0000,000,21,21
309,309,0,1,0022,0022,0022,0000,0000,0000,000,21,21
310,310,0,1,0022,0022,0022,0000,0000,0000,000,21,21
311,311,0,1,0022,0022,0022,0000,0000,0000,000,21,21
312,312,0,1,0022,0022,0022,0000,0000,0000,000,21,21
313,313,0,1,0022,0022,0022,0000,0000,0000,000,21,21
314,314,0,1,0022,0022,0022,0000,0000,0000,000,21,21
315,315,0,1,0022,0022,0022,0000,0000,0000,000,21,21
316,316,0,1,0022,0022,0022,0000,0000,0000,000,21,21
317,317,0,1,0022,0022,0022,0000,0000,0000,000,21,21
318,318,0,1,0022,0022,0022,0000,0000,0000,000,21,21
319,319,0,1,0022,0022,0022,0000,0000,0000,000,21,21
320,320,0,1,0022,0022,0022,0000,0000,0000,000,21,21
321,321,0,1,0022,0022,0022,0000,0000,0000,000,21,21
322,322,0,1,0022,0022,0022,0000,0000,0000,000,21,21
323,323,0,1,0022,0022,0022,0000,0000,0000,000,21,21
324,324,0,1,0022,0022,0022,0000,0000,0000,000,21,21
325,325,0,1,0022,0022,0022,0000,0000,0000,000,21,21
326,326,0,1,0022,0022,0022,0000,0000,0000,000,21,21
327,327,0,1,0022,0022,0022,0000,0000,0000,000,21,21
328,328,0,1,0022,0022,0022,0000,0000,0000,000,21,21
329,329,0,1,0022,0022,0022,0000,0000,0000,000,21,21
330,330,0,1,0022,0022,0022,0000,0000,0000,000,21,21
331,331,0,1,0022,0022,0022,0000,0000,0000,000,21,21
332,332,0,1,0022,0022,0022,0000,0000,0000,000,21,21
333,333,0,1,0022,0022,0022,0000,0000,0000,000,21,21
334,334,0,1,0022,0022,0022,0000,0000,0000,000,21,21
335,335,0,1,0022,0022,0022,0000,0000,0000,000,21,21
336,336,0,1,0022,0022,0022,0000,0000,0000,000,21,21
337,337,0,1,0022,0022,0022,0000,0000,0000,000,21,21
338,338,0,1,0022,0022,0022,0000,0000,0000,000,21,21
339,339,0,1,0022,0022,0022,0000,0000,0000,000,21,21
340,340,0,1,0022,0022,0022,0000,0000,0000,000,21,21
341,341,0,1,0022,0022,0022,0000,0000,0000,000,21,21
342,342,0,1,0022,0022,0022,0000,0000,0000,000,21,21
343,343,0,1,0022,0022,0022,0000,0000,0000,000,21,21
344,344,0,1,0022,0022,0022,0000,0000,0000,000,21,21
345,345,0,1,0022,0022,0022,0000,0000,0000,000,21,21
346,346,0,1,0022,0022,0022,0000,0000,0000,000,21,21
347,347,0,1,0022,0022,0022,0000,0000,0000,000,21,21
348,348,0,1,0022,0022,0022,0000,0000,0000,000,21,21
349,349,0,1,0022,0022,0022,0000,0000,0000,000,21,21
350,350,0,1,0022,0022,0022,0000,0000,0000,000,21,21
351,351,0,1,0022,0022,0022,0000,0000,0000,000,21,21
352,352,0,1,0022,0022,0022,0000,0000,0000,000,21,21
353,353,0,1,0022,0022,0022,0000,0000,0000,000,21,21
354,354,0,1,0022,0022,0022,0000,0000,0000,000,21,21
355,355,0,1,0022,0022,0022,0000,0000,0000,000,21,21
356,356,0,1,0022,0022,0022,0000,0000,0000,000,21,21
357,357,0,1,0022,0022,0022,0000,0000,0000,000,21,21
358,358,0,1,0022,0022,0022,0000,0000,0000,000,21,21
359,359,0,1,0022,0022,0022,0000,0000,0000,000,21,21
360,360,0,1,0022,0022,0022,0000,0000,0000,000,21,21
361,361,0,1,0022,0022,0022,0000,0000,0000,000,21,21
362,362,0,1,0022,0022,0022,0000,0000,0000,000,21,21
363,363,0,1,0022,0022,0022,0000,0000,0000,000,21,21
364,364,0,1,0022,0022,0022,0000,0000,0000,000,21,21
365,365,0,1,0022,0022,0022,0000,0000,0000,000,21,21
366,366,0,1,0022,0022,0022,0000,0000,0000,000,21,21
367,367,0,1,0022,0022,0022,0000,0000,0000,000,21,21
368,368,0,1,0022,0022,0022,0000,0000,0000,000,21,21
369,369,0,1,0022,0022,0022,0000,0000,0000,000,21,21
370,370,0,1,0022,0022,0022,0000,0000,0000,000,21,21
371,371,0,1,0022,0022,0022,0000,0000,0000,000,21,21
372,372,0,1,0022,0022,0022,0000,0000,0000,000,21,21
373,373,0,1,0022,0022,0022,0000,0000,0000,000,21,21
374,374,0,1,0022,0022,0022,0000,0000,0000,000,21,21
375,375,0,1,0022,0022,0022,0000,0000,0000,000,21,21
376,376,0,1,0022,0022,0022,0000,0000,0000,000,21,21
377,377,0,1,0022,0022,0022,0000,0000,0000,000,21,21
378,378,0,1,0022,0022,0022,0000,0000,0000,000,21,21
379,379,0,1,0022,0022,0022,0000,0000,0000,000,21,21
380,380,0,1,0022,0022,0022,0000,0000,0000,000,21,21
381,381,0,1,0022,0022,0022,0000,0000,0000,000,21,21
382,382,0,1,0022,0022,0022,0000,0000,0000,000,21,21
383,383,0,1,0022,0022,0022,0000,0000,0000,000,21,21
384,384,0,1,0022,0022,0022,0000,0000,0000,000,21,21
385,385,0,1,0022,0022,0022,0000,0000,0000,000,21,21
386,386,0,1,0022,0022,0022,0000,0000,0000,000,21,21
387,387,0,1,0022,0022,0022,0000,0000,0000,000,21,21
388,388,0,1,0022,0022,0022,0000,0000,0000,000,21,21
389,389,0,1,0022,0022,0022,0000,0000,0000,000,21,21
390,390,0,1,0022,0022,0022,0000,0000,0000,000,21,21
391,391,0,1,0022,0022,0022,0000,0000,0000,000,21,21
392,392,0,1,0022,0022,0022,0000,0000,0000,000,21,21
393,393,0,1,0022,0022,0022,0000,0000,0000,000,21,21
394,394,0,1,0022,0022,0022,0000,0000,0000,000,21,21
395,395,0,1,0022,0022,0022,0000,0000,0000,000,21,21
396,396,0,1,0022,0022,0022,0000,0000,0000,000,21,21
397,397,0,1,0022,0022,0022,0000,0000,0000,000,21,21
398,398,0,1,0022,0022,0022,0000,0000,0000,000,21,21
399,399,0,1,0022,0022,0022,0000,0000,0000,000,21,21
400,400,0,1,0022,0022,0022,0000,0000,0000,000,21,21
401,401,0,1,0022,0022,0022,0000,0000,0000,000,21,21
402,402,0,1,0022,0022,0022,0000,0000,0000,000,21,21
403,403,0,1,0022,0022,0022,0000,0000,0000,000,21,21
404,404,0,1,0022,0022,0022,0000,0000,0000,000,21,21
405,405,0,1,0022,0022,0022,0000,0000,0000,000,21,21
406,406,0,1,0022,0022,0022,0000,0000,0000,000,21,21
407,407,0,1,0022,0022,0022,0000,0000,0000,000,21,21
408,408,0,1,0022,0022,0022,0000,0000,0000,000,21,21
409,409,0,1,0022,0022,0022,0000,0000,0000,000,21,21
410,410,0,1,0022,0022,0022,0000,0000,0000,000,21,21
411,411,0,1,0022,0022,0022,0000,0000,0000,000,21,21
412,412,0,1,0022,0022,0022,0000,0000,0000,000,21,21
413,413,0,1,0022,0022,0022,0000,0000,0000,000,21,21
414,414,0,1,0022,0022,0022,0000,0000,0000,000,21,21
415,415,0,1,0022,0022,0022,0000,0000,0000,000,21,21
416,416,0,1,0022,0022,0022,0000,0000,0000,000,21,21
417,417,0,1,0022,0022,0022,0000,0000,0000,000,21,21
418,418,0,1,0022,0022,0022,0000,0000,0000,000,21,21
419,419,0,1,0022,0022,0022,0000,0000,0000,000,21,21
420,420,0,1,0022,0022,0022,0000,0000,0000,000,21,21
421,421,0,1,0022,0022,0022,0000,0000,0000,000,21,21
422,422,0,1,0022,0022,0022,0000,0000,0000,000,21,21
423,423,0,1,0022,0022,0022,0000,0000,0000,000,21,21
424,424,0,1,0022,0022,0022,0000,0000,0000,000,21,21
425,425,0,1,0022,0022,0022,0000,0000,0000,000,21,21
426,426,0,1,0022,0022,0022,0000,0000,0000,000,21,21
427,427,0,1,0022,0022,0022,0000,0000,0000,000,21,21
428,428,0,1,0022,0022,0022,0000,0000,0000,000,21,21
429,429,0,1,0022,0022,0022,0000,0000,0000,000,21,21
430,430,0,1,0022,0022,0022,0000,0000,0000,000,21,21
431,431,0,1,0022,0022,0022,0000,0000,0000,000,21,21
432,432,0,1,0022,0022,0022,0000,0000,0000,000,21,21
433,433,0,1,0022,0022,0022,0000,0000,0000,000,21,21
434,434,0,1,0022,0022,0022,0000,0000,0000,000,21,21
435,435,0,1,0022,0022,0022,0000,0000,0000,000,21,21
436,436,0,1,0022,0022,0022,0000,0000,0000,000,21,21
437,437,0,1,0022,0022,0022,0000,0000,0000,000,21,21
438,438,0,1,0022,0022,0022,0000,0000,0000,000,21,21
439,439,0,1,0022,0022,0022,0000,0000,0000,000,21,21
440,440,0,1,0022,0022,0022,0000,0000,0000,000,21,21
441,441,0,1,0022,0022,0022,0000,0000,0000,000,21,21
442,442,0,1,0022,0022,0022,0000,0000,0000,000,21,21
443,443,0,1,0022,0022,0022,0000,0000,0000,000,21,21
444,444,0,1,0022,0022,0022,0000,0000,0000,000,21,21
445,445,0,1,0022,0022,0022,0000,0000,0000,000,21,21
446,446,0,1,0022,0022,0022,0000,0000,0000,000,21,21
447,447,0,1,0022,0022,0022,0000,0000,0000,000,21,21
448,448,0,1,0022,0022,0022,0000,0000,0000,000,21,21
449,449,0,1,0022,0022,0022,0000,0000,0000,000,21,21
450,450,0,1,0022,0022,0022,0000,0000,0000,000,21,21
451,451,0,1,0022,0022,0022,0000,0000,0000,000,21,21
452,452,0,1,0022,0022,0022,0000,0000,0000,000,21,21
453,453,0,1,0022,0022,0022,0000,0000,0000,000,21,21
454,454,0,1,0022,0022,0022,0000,0000,0000,000,21,21
455,455,0,1,0022,0022,0022,0000,0000,0000,000,21,21
456,456,0,1,0022,0022,0022,0000,0000,0000,000,21,21
457,457,0,1,0022,0022,0022,0000,0000,0000,000,21,21
458,458,0,1,0022,0022,0022,0000,0000,0000,000,21,21
459,459,0,1,0022,0022,0022,0000,0000,0000,000,21,21
460,460,0,1,0022,0022,0022,0000,0000,0000,000,21,21
461,461,0,1,0022,0022,0022,0000,0000,0000,000,21,21
462,462,0,1,0022,0022,0022,0000,0000,0000,000,21,21
463,463,0,1,0022,0022,0022,0000,0000,0000,000,21,21
464,464,0,1,0022,0022,0022,0000,0000,0000,000,21,21
465,465,0,1,0022,0022,0022,0000,0000,0000,000,21,21
466,466,0,1,0022,0022,0022,0000,0000,0000,000,21,21
467,467,0,1,0022,0022,0022,0000,0000,0000,000,21,21
468,468,0,1,0022,0022,0022,0000,0000,0000,000,21,21
469,469,0,1,0022,0022,0022,0000,0000,0000,000,21,21
470,470,0,1,0022,0022,0022,0000,0000,0000,000,21,21
471,471,0,1,0022,0022,0022,0000,0000,0000,000,21,21
472,472,0,1,0022,0022,0022,0000,0000,0000,000,21,21
473,473,0,1,0022,0022,0022,0000,0000,0000,000,21,21
474,474,0,1,0022,0022,0022,0000,0000,0000,000,21,21
475,475,0,1,0022,0022,0022,0000,0000,0000,000,21,21
476,476,0,1,0022,0022,0022,0000,0000,0000,000,21,21
477,477,0,1,0022,0022,0022,0000,0000,0000,000,21,21
478,478,0,1,0022,0022,0022,0000,0000,0000,000,21,21
479,479,0,1,0022,0022,0022,0000,0000,0000,000,21,21
480,480,0,1,0022,0022,0022,0000,0000,0000,000,21,21
481,481,0,1,0022,0022,0022,0000,0000,0000,000,21,21
482,482,0,1,0022,0022,0022,0000,0000,0000,000,21,21
483,483,0,1,0022,0022,0022,0000,0000,0000,000,21,21
484,484,0,1,0022,0022,0022,0000,0000,0000,000,21,21
485,485,0,1,0022,0022,0022,0000,0000,0000,000,21,21
486,486,0,1,0022,0022,0022,0000,0000,0000,000,21,21
487,487,0,1,0022,0022,0022,0000,0000,0000,000,21,21
488,488,0,1,0022,0022,0022,0000,0000,0000,000,21,21
489,489,0,1,0022,0022,0022,0000,0000,0000,000,21,21
490,490,0,1,0022,0022,0022,0000,0000,0000,000,21,21
491,491,0,1,0022,0022,0022,0000,0000,0000,000,21,21
492,492,0,1,0022,0022,0022,0000,0000,0000,000,21,21
493,493,0,1,0022,0022,0022,0000,0000,0000,000,21,21
494,494,0,1,0022,0022,0022,0000,0000,0000,000,21,21
495,495,0,1,0022,0022,0022,0000,0000,0000,000,21,21
496,496,0,1,0022,0022,0022,0000,0000,0000,000,21,21
497,497,0,1,0022,0022,0022,0000,0000,0000,000,21,21
498,498,0,1,0022,0022,0022,0000,0000,0000,000,21,21
499,499,0,1,0022,0022,0022,0000,0000,0000,000,21,21
500,500,0,1,0022,0022,0022,0000,0000,0000,000,21,21
501,501,0,1,0022,0022,0022,0000,0000,0000,000,21,21
502,502,0,1,0022,0022,0022,0000,0000,0000,000,21,21
503,503,0,1,0022,0022,0022,0000,0000,0000,000,21,21
504,504,0,1,0022,0022,0022,0000,0000,0000,000,21,21
505,505,0,1,0022,0022,0022,0000,0000,0000,000,21,21
506,506,0,1,0022,0022,0022,0000,0000,0000,000,21,21
507,507,0,1,0022,0022,0022,0000,0000,0000,000,21,21
508,508,0,1,0022,0022,0022,0000,0000,0000,000,21,21
509,509,0,1,0022,0022,0022,0000,0000,0000,000,21,21
510,510,0,1,0022,0022,0022,0000,0000,0000,000,21,21
511,511,0,1,0022,0022,0022,0000,0000,0000,000,21,21
512,512,0,1,0022,0022,0022,0000,0000,0000,000,21,21
513,513,0,1,0022,0022,0022,0000,0000,0000,000,21,21
514,514,0,1,0022,0022,0022,0000,0000,0000,000,21,21
515,515,0,1,0022,0022,0022,0000,0000,0000,000,21,21
516,516,0,1,0022,0022,0022,0000,0000,0000,000,21,21
517,517,0,1,0022,0022,0022,0000,0000,0000,000,21,21
518,518,0,1,0022,0022,0022,0000,0000,0000,000,21,21
519,519,0,1,0022,0022,0022,0000,0000,0000,000,21,21
520,520,0,1,0022,0022,0022,0000,0000,0000,000,21,21
521,521,0,1,0022,0022,0022,0000,0000,0000,000,21,21
522,522,0,1,0022,0022,0022,0000,0000,0000,000,21,21
523,523,0,1,0022,0022,0022,0000,0000,0000,000,21,21
524,524,0,1,0022,0022,0022,0000,0000,0000,000,21,21
525,525,0,1,0022,0022,0022,0000,0000,0000,000,21,21
526,526,0,1,0022,0022,0022,0000,0000,0000,000,21,21
527,527,0,1,0022,0022,0022,0000,0000,0000,000,21,21
528,528,0,1,0022,0022,0022,0000,0000,0000,000,21,21
529,529,0,1,0022,0022,0022,0000,0000,0000,000,21,21
530,530,0,1,0022,0022,0022,0000,0000,0000,000,21,21
531,531,0,1,0022,0022,0022,0000,0000,0000,000,21,21
532,532,0,1,0022,0022,0022,0000,0000,0000,000,21,21
533,533,0,1,0022,0022,0022,0000,0000,0000,000,21,21
534,534,0,1,0022,0022,0022,0000,0000,0000,000,21,21
535,535,0,1,0022,0022,0022,0000,0000,0000,000,21,21
536,536,0,1,0022,0022,0022,0000,0000,0000,000,21,21
537,537,0,1,0022,0022,0022,0000,0000,0000,000,21,21
538,538,0,1,0022,0022,0022,0000,0000,0000,000,21,21
539,539,0,1,0022,0022,0022,0000,0000,0000,000,21,21
540,540,0,1,0022,0022,0022,0000,0000,0000,000,21,21
541,541,0,1,0022,0022,0022,0000,0000,0000,000,21,21
542,542,0,1,0022,0022,0022,0000,0000,0000,000,21,21
543,543,0,1,0022,0022,0022,0000,0000,0000,000,21,21
544,544,0,1,0022,0022,0022,0000,0000,0000,000,21,21
545,545,0,1,0022,0022,0022,0000,0000,0000,000,21,21
546,546,0,1,0022,0022,0022,0000,0000,0000,000,21,21
547,547,0,1,0022,0022,0022,0000,0000,0000,000,21,21
548,548,0,1,0022,0022,0022,0000,0000,0000,000,21,21
549,549,0,1,0022,0022,0022,0000,0000,0000,000,21,21
550,550,0,1,0022,0022,0022,0000,0000,0000,000,21,21
551,551,0,1,0022,0022,0022,0000,0000,0000,000,21,21
552,552,0,1,0022,0022,0022,0000,0000,0000,000,21,21
553,553,0,1,0022,0022,0022,0000,0000,0000,000,21,21
554,554,0,1,0022,0022,0022,0000,0000,0000,000,21,21
555,555,0,1,0022,0022,0022,0000,0000,0000,000,21,21
556,556,0,1,0022,0022,0022,0000,0000,0000,000,21,21
557,557,0,1,0022,0022,0022,0000,0000,0000,000,21,21
558,558,0,1,0022,0022,0022,0000,0000,0000,000,21,21
559,559,0,1,0022,0022,0022,0000,0000,0000,000,21,21
560,560,0,1,0022,0022,0022,0000,0000,0000,000,21,21
561,561,0,1,0022,0022,0022,0000,0000,0000,000,21,21
562,562,0,1,0022,0022,0022,0000,0000,0000,000,21,21
563,563,0,1,0022,0022,0022,0000,0000,0000,000,21,21
564,564,0,1,0022,0022,0022,0000,0000,0000,000,21,21
565,565,0,1,0022,0022,0022,0000,0000,0000,000,21,21
566,566,0,1,0022,0022,0022,0000,0000,0000,000,21,21
567,567,0,1,0022,0022,0022,0000,0000,0000,000,21,21
568,568,0,1,0022,0022,0022,0000,0000,0000,000,21,21
569,569,0,1,0022,0022,0022,0000,0000,0000,000,21,21
570,570,0,1,0022,0022,0022,0000,0000,0000,000,21,21
571,571,0,1,0022,0022,0022,0000,0000,0000,000,21,21
572,572,0,1,0022,0022,0022,0000,0000,0000,000,21,21
573,573,0,1,0022,0022,0022,0000,0000,0000,000,21,21
574,574,0,1,0022,0022,0022,0000,0000,0000,000,21,21
575,575,0,1,0022,0022,0022,0000,0000,0000,000,21,21
576,576,0,1,0022,0022,0022,0000,0000,0000,000,21,21
577,577,0,1,0022,0022,0022,0000,0000,0000,000,21,21
578,578,0,1,0022,0022,0022,0000,0000,0000,000,21,21
579,579,0,1,0022,0022,0022,0000,0000,0000,000,21,21
580,580,0,1,0022,0022,0022,0000,0000,0000,000,21,21
581,581,0,1,0022,0022,0022,0000,0000,0000,000,21,21
582,582,0,1,0022,0022,0022,0000,0000,0000,000,21,21
583,583,0,1,0022,0022,0022,0000,0000,0000,000,21,21
584,584,0,1,0022,0022,0022,0000,0000,0000,000,21,21
585,585,0,1,0022,0022,0022,0000,0000,0000,000,21,21
586,586,0,1,0022,0022,0022,0000,0000,0000,000,21,21
587,587,0,1,0022,0022,0022,0000,0000,0000,000,21,21
588,588,0,1,0022,0022,0022,0000,0000,0000,000,21,21
589,589,0,1,0022,0022,0022,0000,0000,0000,000,21,21
590,590,0,1,0022,0022,0022,0000,0000,0000,000,21,21
591,591,0,1,0022,0022,0022,0000,0000,0000,000,21,21
592,592,0,1,0022,0022,0022,0000,0000,0000,000,21,21
593,593,0,1,0022,0022,0022,0000,0000,0000,000,21,21
594,594,0,1,0022,0022,0022,0000,0000,0000,000,21,21
595,595,0,1,0022,0022,0022,0000,0000,0000,000,21,21
596,596,0,1,0022,0022,0022,0000,0000,0000,000,21,21
597,597,0,1,0022,0022,0022,0000,0000,0000,000,21,21
598,598,0,1,0022,0022,0022,0000,0000,0000,000,21,21
599,599,0,1,0022,0022,0022,0000,0000,0000,000,21,21
600,600,0,1,0022,0022,0022,0000,0000,0000,000,21,21
601,601,0,1,0022,0022,0022,0000,0000,0000,000,21,21
602,602,0,1,0022,0022,0022,0000,0000,0000,000,21,21
603,603,0,1,0022,0022,0022,0000,0000,0000,000,21,21
604,604,0,1,0022,0022,0022,0000,0000,0000,000,21,21
605,605,0,1,0022,0022,0022,0000,0000,0000,000,21,21
606,606,0,1,0022,0022,0022,0000,0000,0000,000,21,21
607,607,0,1,0022,0022,0022,0000,0000,0000,000,21,21
608,608,0,1,0022,0022,0022,0000,0000,0000,000,21,21
609,609,0,1,0022,0022,0022,0000,0000,0000,000,21,21
610,610,0,1,0022,0022,0022,0000,0000,0000,000,21,21
611,611,0,1,0022,0022,0022,0000,0000,0000,000,21,21
612,612,0,1,0022,0022,0022,0000,0000,0000,000,21,21
613,613,0,1,0022,0022,0022,0000,0000,0000,000,21,21
614,614,0,1,0022,0022,0022,0000,0000,0000,000,21,21
615,615,0,1,0022,0022,0022,0000,0000,0000,000,21,21
616,616,0,1,0022,0022,0022,0000,0000,0000,000,21,21
617,617,0,1,0022,0022,0022,0000,0000,0000,000,21,21
618,618,0,1,0022,0022,0022,0000,0000,0000,000,21,21
619,619,0,1,0022,0022,0022,0000,0000,0000,000,21,21
620,620,0,1,0022,0022,0022,0000,0000,0000,000,21,21
621,621,0,1,0022,0022,0022,0000,0000,0000,000,21,21
622,622,0,1,0022,0022,0022,0000,0000,0000,000,21,21
623,623,0,1,0022,0022,0022,0000,0000,0000,000,21,21
624,624,0,1,0022,0022,0022,0000,0000,0000,000,21,21
625,625,0,1,0022,0022,0022,0000,0000,0000,000,21,21
626,626,0,1,0022,0022,0022,0000,0000,0000,000,21,21
627,627,0,1,0022,0022,0022,0000,0000,0000,000,21,21
628,628,0,1,0022,0022,0022,0000,0000,0000,000,21,21
629,629,0,1,0022,0022,0022,0000,0000,0000,000,21,21
630,630,0,1,0022,0022,0022,0000,0000,0000,000,21,21
631,631,0,1,0022,0022,0022,0000,0000,0000,000,21,21
632,632,0,1,0022,0022,0022,0000,0000,0000,000,21,21
633,633,0,1,0022,0022,0022,0000,0000,0000,000,21,21
634,634,0,1,0022,0022,0022,0000,0000,0000,000,21,21
635,635,0,1,0022,0022,0022,0000,0000,0000,000,21,21
636,636,0,1,0022,0022,0022,0000,0000,0000,000,21,21
637,637,0,1,0022,0022,0022,0000,0000,0000,000,21,21
638,638,0,1,0022,0022,0022,0000,0000,0000,000,21,21
639,639,0,1,0022,0022,0022,0000,0000,0000,000,21,21
640,640,0,1,0022,0022,0022,0000,0000,0000,000,21,21
641,641,0,1,0022,0022,0022,0000,0000,0000,000,21,21
642,642,0,1,0022,0022,0022,0000,0000,0000,000,21,21
643,643,0,1,0022,0022,0022,0000,0000,0000,000,21,21
644,644,0,1,0022,0022,0022,0000,0000,0000,000,21,21
645,645,0,1,0022,0022,0022,0000,0000,0000,000,21,21
646,646,0,1,0022,0022,0022,0000,0000,0000,000,21,21
647,647,0,1,0022,0022,0022,0000,0000,0000,000,21,21
648,648,0,1,0022,0022,0022,0000,0000,0000,000,21,21
649,649,0,1,0022,0022,0022,0000,0000,0000,000,21,21
650,650,0,1,0022,0022,0022,0000,0000,0000,000,21,21
651,651,0,1,0022,0022,0022,0000,0000,0000,000,21,21
652,652,0,1,0022,0022,0022,0000,0000,0000,000,21,21
653,653,0,1,0022,0022,0022,0000,0000,0000,000,21,21
654,654,0,1,0022,0022,0022,0000,0000,0000,000,21,21
655,655,0,1,0022,0022,0022,0000,0000,0000,000,21,21
656,656,0,1,0022,0022,0022,0000,0000,0000,000,21,21
657,657,0,1,0022,0022,0022,0000,0000,0000,000,21,21
658,658,0,1,0022,0022,0022,0000,0000,0000,000,21,21
659,659,0,1,0022,0022,0022,0000,0000,0000,000,21,21
660,660,0,1,0022,0022,0022,0000,0000,0000,000,21,21
661,661,0,1,0022,0022,0022,0000,0000,0000,000,21,21
662,662,0,1,0022,0022,0022,0000,0000,0000,000,21,21
663,663,0,1,0022,0022,0022,0000,0000,0000,000,21,21
664,664,0,1,0022,0022,0022,0000,0000,0000,000,21,21
665,665,0,1,0022,0022,0022,0000,0000,0000,000,21,21
666,666,0,1,0022,0022,0022,0000,0000,0000,000,21,21
667,667,0,1,0022,0022,0022,0000,0000,0000,000,21,21
668,668,0,1,0022,0022,0022,0000,0000,0000,000,21,21
669,669,0,1,0022,0022,0022,0000,0000,0000,000,21,21
670,670,0,1,0022,0022,0022,0000,0000,0000,000,21,21
671,671,0,1,0022,0022,0022,0000,0000,0000,000,21,21
672,672,0,1,0022,0022,0022,0000,0000,0000,000,21,21
673,673,0,1,0022,0022,0022,0000,0000,0000,000,21,21
674,674,0,1,0022,0022,0022,0000,0000,0000,000,21,21
675,675,0,1,0022,0022,0022,0000,0000,0000,000,21,21
676,676,0,1,0022,0022,0022,0000,0000,0000,000,21,21
677,677,0,1,0022,0022,0022,0000,0000,0000,000,21,21
678,678,0,1,0022,0022,0022,0000,0000,0000,000,21,21
679,679,0,1,0022,0022,0022,0000,0000,0000,000,21,21
680,680,0,1,0022,0022,0022,0000,0000,0000,000,21,21
681,681,0,1,0022,0022,0022,0000,0000,0000,000,21,21
682,682,0,1,0022,0022,0022,0000,0000,0000,000,21,21
683,683,0,1,0022,0022,0022,0000,0000,0000,000,21,21
684,684,0,1,0022,0022,0022,0000,0000,0000,000,21,21
685,685,0,1,0022,0022,0022,0000,0000,0000,000,21,21
686,686,0,1,0022,0022,0022,0000,0000,0000,000,21,21
687,687,0,1,0022,0022,0022,0000,0000,0000,000,21,21
688,688,0,1,0022,0022,0022,0000,0000,0000,000,21,21
689,689,0,1,0022,0022,0022,0000,0000,0000,000,21,21
690,690,0,1,0022,0022,0022,0000,0000,0000,000,21,21
691,691,0,1,0022,0022,0022,0000,0000,0000,000,21,21
692,692,0,1,0022,0022,0022,0000,0000,0000,000,21,21
693,693,0,1,0022,0022,0022,0000,0000,0000,000,21,21
694,694,0,1,0022,0022,0022,0000,0000,0000,000,21,21
695,695,0,1,0022,0022,0022,0000,0000,0000,000,21,21
696,696,0,1,0022,0022,0022,0000,0000,0000,000,21,21
697,697,0,1,0022,0022,0022,0000,0000,0000,000,21,21
698,698,0,1,0022,0022,0022,0000,0000,0000,000,21,21
699,699,0,1,0022,0022,0022,0000,0000,0000,000,21,21
700,700,0,1,0022,0022,0022,0000,0000,0000,000,21,21
701,701,0,1,0022,0022,0022,0000,0000,0000,000,21,21
702,702,0,1,0022,0022,0022,0000,0000,0000,000,21,21
703,703,0,1,0022,0022,0022,0000,0000,0000,000,21,21
704,704,0,1,0022,0022,0022,0000,0000,0000,000,21,21
705,705,0,1,0022,0022,0022,0000,0000,0000,000,21,21
706,706,0,1,0022,0022,0022,0000,0000,0000,000,21,21
707,707,0,1,0022,0022,0022,0000,0000,0000,000,21,21
708,708,0,1,0022,0022,0022,0000,0000,0000,000,21,21
709,709,0,1,0022,0022,0022,0000,0000,0000,000,21,21
710,710,0,1,0022,0022,0022,0000,0000,0000,000,21,21
711,711,0,1,0022,0022,0022,0000,0000,0000,000,21,21
712,712,0,1,0022,0022,0022,0000,0000,0000,000,21,21
713,713,0,1,0022,0022,0022,0000,0000,0000,000,21,21
714,714,0,1,0022,0022,0022,0000,0000,0000,000,21,21
715,715,0,1,0022,0022,0022,0000,0000,0000,000,21,21
716,716,0,1,0022,0022,0022,0000,0000,0000,000,21,21
717,717,0,1,0022,0022,0022,0000,0000,0000,000,21,21
718,718,0,1,0022,0022,0022,0000,0000,0000,000,21,21
719,719,0,1,0022,0022,0022,0000,0000,0000,000,21,21
720,720,0,1,0022,0022,0022,0000,0000,0000,000,21,21
721,721,0,1,0022,0022,0022,0000,0000,0000,000,21,21
722,722,0,1,0022,0022,0022,0000,0000,0000,000,21,21
723,723,0,1,0022,0022,0022,0000,0000,0000,000,21,21
724,724,0,1,0022,0022,0022,0000,0000,0000,000,21,21
725,725,0,1,0022,0022,0022,0000,0000,0000,000,21,21
726,726,0,1,0022,0022,0022,0000,0000,0000,000,21,21
727,727,0,1,0022,0022,0022,0000,0000,0000,000,21,21
728,728,0,1,0022,0022,0022,0000,0000,0000,000,21,21
729,729,0,1,0022,0022,0022,0000,0000,0000,000,21,21
730,730,0,1,0022,0022,0022,0000,0000,0000,000,21,21
731,731,0,1,0022,0022,0022,0000,0000,0000,000,21,21
732,732,0,1,0022,0022,0022,0000,0000,0000,000,21,21
733,733,0,1,0022,0022,0022,0000,0000,0000,000,21,21
734,734,0,1,0022,0022,0022,0000,0000,0000,000,21,21
735,735,0,1,0022,0022,0022,0000,0000,0000,000,21,21
736,736,0,1,0022,0022,0022,0000,0000,0000,000,21,21
737,737,0,1,0022,0022,0022,0000,0000,0000,000,21,21
738,738,0,1,0022,0022,0022,0000,0000,0000,000,21,21
739,739,0,1,0022,0022,0022,0000,0000,0000,000,21,21
740,740,0,1,0022,0022,0022,0000,0000,0000,000,21,21
741,741,0,1,0022,0022,0022,0000,0000,0000,000,21,21
742,742,0,1,0022,0022,0022,0000,0000,0000,000,21,21
743,743,0,1,0022,0022,0022,0000,0000,0000,000,21,21
744,744,0,1,0022,0022,0022,0000,0000,0000,000,21,21
745,745,0,1,0022,0022,0022,0000,0000,0000,000,21,21
746,746,0,1,0022,0022,0022,0000,0000,0000,000,21,21
747,747,0,1,0022,0022,0022,0000,0000,0000,000,21,21
748,748,0,1,0022,0022,0022,0000,0000,0000,000,21,21
749,749,0,1,0022,0022,0022,0000,0000,0000,000,21,21
750,750,0,1,0022,0022,0022,0000,0000,0000,000,21,21
751,751,0,1,0022,0022,0022,0000,0000,0000,000,21,21
752,752,0,1,0022,0022,0022,0000,0000,0000,000,21,21
753,753,0,1,0022,0022,0022,0000,0000,0000,000,21,21
754,754,0,1,0022,0022,0022,0000,0000,0000,000,21,21
755,755,0,1,0022,0022,0022,0000,0000,0000,000,21,21
756,756,0,1,0022,0022,0022,0000,0000,0000,000,21,21
757,757,0,1,0022,0022,0022,0000,0000,0000,000,21,21
758,758,0,1,0022,0022,0022,0000,0000,0000,000,21,21
759,759,0,1,0022,0022,0022,0000,0000,0000,000,21,21
760,760,0,1,0022,0022,0022,0000,0000,0000,000,21,21
761,761,0,1,0022,0022,0022,0000,0000,0000,000,21,21
762,762,0,1,0022,0022,0022,0000,0000,0000,000,21,21
763,763,0,1,0022,0022,0022,0000,0000,0000,000,21,21
764,764,0,1,0022,0022,0022,0000,0000,0000,000,21,21
765,765,0,1,0022,0022,0022,0000,0000,0000,000,21,21
766,766,0,1,0022,0022,0022,0000,0000,0000,000,21,21
767,767,0,1,0022,0022,0022,0000,0000,0000,000,21,21
768,768,0,1,0022,0022,0022,0000,0000,0000,000,21,21
769,769,0,1,0022,0022,0022,0000,0000,0000,000,21,21
770,770,0,1,0022,0022,0022,0000,0000,0000,000,21,21
771,771,0,1,0022,0022,0022,0000,0000,0000,000,21,21
772,772,0,1,0022,0022,0022,0000,0000,0000,000,21,21
773,773,0,1,0022,0022,0022,0000,0000,0000,000,21,21
774,774,0,1,0022,0022,0022,0000,0000,0000,000,21,21
775,775,0,1,0022,0022,0022,0000,0000,0000,000,21,21
776,776,0,1,0022,0022,0022,0000,0000,0000,000,21,21
777,777,0,1,0022,0022,0022,0000,0000,0000,000,21,21
778,778,0,1,0022,0022,0022,0000,0000,0000,000,21,21
779,779,0,1,0022,0022,0022,0000,0000,0000,000,21,21
780,780,0,1,0022,0022,0022,0000,0000,0000,000,21,21
781,781,0,1,0022,0022,0022,0000,0000,0000,000,21,21
782,782,0,1,0022,0022,0022,0000,0000,0000,000,21,21
783,783,0,1,0022,0022,0022,0000,0000,0000,000,21,21
784,784,0,1,0022,0022,0022,0000,0000,0000,000,21,21
785,785,0,1,0022,0022,0022,0000,0000,0000,000,21,21
786,786,0,1,0022,0022,0022,0000,0000,0000,000,21,21
787,787,0,1,0022,0022,0022,0000,0000,0000,000,21,21
788,788,0,1,0022,0022,0022,0000,0000,0000,000,21,21
789,789,0,1,0022,0022,0022,0000,0000,0000,000,21,21
790,790,0,1,0022,0022,0022,0000,0000,0000,000,21,21
791,791,0,1,0022,0022,0022,0000,0000,0000,000,21,21
792,792,0,1,0022,0022,0022,0000,0000,0000,000,21,21
793,793,0,1,0022,0022,0022,0000,0000,0000,000,21,21
794,794,0,1,0022,0022,0022,0000,0000,0000,000,21,21
795,795,0,1,0022,0022,0022,0000,0000,0000,000,21,21
796,796,0,1,0022,0022,0022,0000,0000,0000,000,21,21
797,797,0,1,0022,0022,0022,0000,0000,0000,000,21,21
798,798,0,1,0022,0022,0022,0000,0000,0000,000,21,21
799,799,0,1,0022,0022,0022,0000,0000,0000,000,21,21
800,800,0,1,0022,0022,0022,0000,0000,0000,000,21,21
801,801,0,1,0022,0022,0022,0000,0000,0000,000,21,21
802,802,0,1,0022,0022,0022,0000,0000,0000,000,21,21
803,803,0,1,0022,0022,0022,0000,0000,0000,000,21,21
804,804,0,1,0022,0022,0022,0000,0000,0000,000,21,21
805,805,0,1,0022,0022,0022,0000,0000,0000,000,21,21
806,806,0,1,0022,0022,0022,0000,0000,0000,000,21,21
807,807,0,1,0022,0022,0022,0000,0000,0000,000,21,21
808,808,0,1,0022,0022,0022,0000,0000,0000,000,21,21
809,809,0,1,0022,0022,0022,0000,0000,0000,000,21,21
810,810,0,1,0022,0022,0022,0000,0000,0000,000,21,21
811,811,0,1,0022,0022,0022,0000,0000,0000,000,21,21
812,812,0,1,0022,0022,0022,0000,0000,0000,000,21,21
813,813,0,1,0022,0022,0022,0000,0000,0000,000,21,21
814,814,0,1,0022,0022,0022,0000,0000,0000,000,21,21
815,815,0,1,0022,0022,0022,0000,0000,0000,000,21,21
816,816,0,1,0022,0022,0022,0000,0000,0000,000,21,21
817,817,0,1,0022,0022,0022,0000,0000,0000,000,21,21
818,818,0,1,0022,0022,0022,0000,0000,0000,000,21,21
819,819,0,1,0022,0022,0022,0000,0000,0000,000,21,21
820,820,0,1,0022,0022,0022,0000,0000,0000,000,21,21
821,821,0,1,0022,0022,0022,0000,0000,0000,000,21,21
822,822,0,1,0022,0022,0022,0000,0000,0000,000,21,21
823,823,0,1,0022,0022,0022,0000,0000,0000,000,21,21
824,824,0,1,0022,0022,0022,0000,0000,0000,000,21,21
825,825,0,1,0022,0022,0022,0000,0000,0000,000,21,21
826,826,0,1,0022,0022,0022,0000,0000,0000,000,21,21
827,827,0,1,0022,0022,0022,0000,0000,0000,000,21,21
828,828,0,1,0022,0022,0022,0000,0000,0000,000,21,21
829,829,0,1,0022,0022,0022,0000,0000,0000,000,21,21
830,830,0,1,0022,0022,0022,0000,0000,0000,000,21,21
831,831,0,1,0022,0022,0022,0000,0000,0000,000,21,21
832,832,0,1,0022,0022,0022,0000,0000,0000,000,21,21
833,833,0,1,0022,0022,0022,0000,0000,0000,000,21,21
834,834,0,1,0022,0022,0022,0000,0000,0000,000,21,21
835,835,0,1,0022,0022,0022,0000,0000,0000,000,21,21
836,836,0,1,0022,0022,0022,0000,0000,0000,000,21,21
837,837,0,1,0022,0022,0022,0000,0000,0000,000,21,21
838,838,0,1,0022,0022,0022,0000,0000,0000,000,21,21
839,839,0,1,0022,0022,0022,0000,0000,0000,000,21,21
840,840,0,1,0022,0022,0022,0000,0000,0000,000,21,21
841,841,0,1,0022,0022,0022,0000,0000,0000,000,21,21
842,842,0,1,0022,0022,0022,0000,0000,0000,000,21,21
843,843,0,1,0022,0022,0022,0000,0000,0000,000,21,21
844,844,0,1,0022,0022,0022,0000,0000,0000,000,21,21
845,845,0,1,0022,0022,0022,0000,0000,0000,000,21,21
846,846,0,1,0022,0022,0022,0000,0000,0000,000,21,21
847,847,0,1,0022,0022,0022,0000,0000,0000,000,21,21
848,848,0,1,0022,0022,0022,0000,0000,0000,000,21,21
849,849,0,1,0022,0022,0022,0000,0000,0000,000,21,21
850,850,0,1,0022,0022,0022,0000,0000,0000,000,21,21
851,851,0,1,0022,0022,0022,0000,0000,0000,000,21,21
852,852,0,1,0022,0022,0022,0000,0000,0000,000,21,21
853,853,0,1,0022,0022,0022,0000,0000,0000,000,21,21
854,854,0,1,0022,0022,0022,0000,0000,0000,000,21,21
855,855,0,1,0022,0022,0022,0000,0000,0000,000,21,21
856,856,0,1,0022,0022,0022,0000,0000,0000,000,21,21
857,857,0,1,0022,0022,0022,0000,0000,0000,000,21,21
858,858,0,1,0022,0022,0022,0000,0000,0000,000,21,21
859,859,0,1,0022,0022,0022,0000,0000,0000,000,21,21
860,860,0,1,0022,0022,0022,0000,0000,0000,000,21,21
861,861,0,1,0022,0022,0022,0000,0000,0000,000,21,21
862,862,0,1,0022,0022,0022,0000,0000,0000,000,21,21
863,863,0,1,0022,0022,0022,0000,0000,0000,000,21,21
864,864,0,1,0022,0022,0022,0000,0000,0000,000,21,21
865,865,0,1,0022,0022,0022,0000,0000,0000,000,21,21
866,866,0,1,0022,0022,0022,0000,0000,0000,000,21,21
867,867,0,1,0022,0022,0022,0000,0000,0000,000,21,21
868,868,0,1,0022,0022,0022,0000,0000,0000,000,21,21
869,869,0,1,0022,0022,0022,0000,0000,0000,000,21,21
870,870,0,1,0022,0022,0022,0000,0000,0000,000,21,21
871,871,0,1,0022,0022,0022,0000,0000,0000,000,21,21
872,872,0,1,0022,0022,0022,0000,0000,0000,000,21,21
873,873,0,1,0022,0022,0022,0000,0000,0000,000,21,21
874,874,0,1,0022,0022,0022,0000,0000,0000,000,21,21
875,875,0,1,0022,0022,0022,0000,0000,0000,000,21,21
876,876,0,1,0022,0022,0022,0000,0000,0000,000,21,21
877,877,0,1,0022,0022,0022,0000,0000,0000,000,21,21
878,878,0,1,0022,0022,0022,0000,0000,0000,000,21,21
879,879,0,1,0022,0022,0022,0000,0000,0000,000,21,21
880,880,0,1,0022,0022,0022,0000,0000,0000,000,21,21
881,881,0,1,0022,0022,0022,0000,0000,0000,000,21,21
882,882,0,1,0022,0022,0022,0000,0000,0000,000,21,21
883,883,0,1,0022,0022,0022,0000,0000,0000,000,21,21
884,884,0,1,0022,0022,0022,0000,0000,0000,000,21,21
885,885,0,1,0022,0022,0022,0000,0000,0000,000,21,21
886,886,0,1,0022,0022,0022,0000,0000,0000,000,21,21
887,887,0,1,0022,0022,0022,0000,0000,0000,000,21,21
888,888,0,1,0022,0022,0022,0000,0000,0000,000,21,21
889,889,0,1,0022,0022,0022,0000,0000,0000,000,21,21
890,890,0,1,0022,0022,0022,0000,0000,0000,000,21,21
891,891,0,1,0022,0022,0022,0000,0000,0000,000,21,21
892,892,0,1,0022,0022,0022,0000,0000,0000,000,21,21
893,893,0,1,0022,0022,0022,0000,0000,0000,000,21,21
894,894,0,1,0022,0022,0022,0000,0000,0000,000,21,21
895,895,0,1,0022,0022,0022,0000,0000,0000,000,21,21
896,896,0,1,0022,0022,0022,0000,0000,0000,000,21,21
897,897,0,1,0022,0022,0022,0000,0000,0000,000,21,21
898,898,0,1,0022,0022,0022,0000,0000,0000,000,21,21
899,899,0,1,0022,0022,0022,0000,0000,0000,000,21,21
900,900,0,1,0022,0022,0022,0000,0000,0000,000,21,21
901,901,0,1,0022,0022,0022,0000,0000,0000,000,21,21
902,902,0,1,0022,0022,0022,0000,0000,0000,000,21,21
903,903,0,1,0022,0022,0022,0000,0000,0000,000,21,21
904,904,0,1,0022,0022,0022,0000,0000,0000,000,21,21
905,905,0,1,0022,0022,0022,0000,0000,0000,000,21,21
906,906,0,1,0022,0022,0022,0000,0000,0000,000,21,21
907,907,0,1,0022,0022,0022,0000,0000,0000,000,21,21
908,908,0,1,0022,0022,0022,0000,0000,0000,000,21,21
909,909,0,1,0022,0022,0022,0000,0000,0000,000,21,21
910,910,0,1,0022,0022,0022,0000,0000,0000,000,21,21
911,911,0,1,0022,0022,0022,0000,0000,0000,000,21,21
912,912,0,1,0022,0022,0022,0000,0000,0000,000,21,21
913,913,0,1,0022,0022,0022,0000,0000,0000,000,21,21
914,914,0,1,0022,0022,0022,0000,0000,0000,000,21,21
915,915,0,1,0022,0022,0022,0000,0000,0000,000,21,21
916,916,0,1,0022,0022,0022,0000,0000,0000,000,21,21
917,917,0,1,0022,0022,0022,0000,0000,0000,000,21,21
918,918,0,1,0022,0022,0022,0000,0000,0000,000,21,21
919,919,0,1,0022,0022,0022,0000,0000,0000,000,21,21
920,920,0,1,0022,0022,0022,0000,0000,0000,000,21,21
921,921,0,1,0022,0022,0022,0000,0000,0000,000,21,21
922,922,0,1,0022,0022,0022,0000,0000,0000,000,21,21
923,923,0,1,0022,0022,0022,0000,0000,0000,000,21,21
924,924,0,1,0022,0022,0022,0000,0000,0000,000,21,21
925,925,0,1,0022,0022,0022,0000,0000,0000,000,21,21
926,926,0,1,0022,0022,0022,0000,0000,0000,000,21,21
927,927,0,1,0022,0022,0022,0000,0000,0000,000,21,21
928,928,0,1,0022,0022,0022,0000,0000,0000,000,21,21
929,929,0,1,0022,0022,0022,0000,0000,0000,000,21,21
930,930,0,1,0022,0022,0022,0000,0000,0000,000,21,21
931,931,0,1,0022,0022,0022,0000,0000,0000,000,21,21
932,932,0,1,0022,0022,0022,0000,0000,0000,000,21,21
933,933,0,1,0022,0022,0022,0000,0000,0000,000,21,21
934,934,0,1,0022,0022,0022,0000,0000,0000,000,21,21
935,935,0,1,0022,0022,0022,0000,0000,0000,000,21,21
936,936,0,1,0022,0022,0022,0000,0000,0000,000,21,21
937,937,0,1,0022,0022,0022,0000,0000,0000,000,21,21
938,938,0,1,0022,0022,0022,0000,0000,0000,000,21,21
939,939,0,1,0022,0022,0022,0000,0000,0000,000,21,21
940,940,0,1,0022,0022,0022,0000,0000,0000,000,21,21
941,941,0,1,0022,0022,0022,0000,0000,0000,000,21,21
942,942,0,1,0022,0022,0022,0000,0000,0000,000,21,21
943,943,0,1,0022,0022,0022,0000,0000,0000,000,21,21
944,944,0,1,0022,0022,0022,0000,0000,0000,000,21,21
945,945,0,1,0022,0022,0022,0000,0000,0000,000,21,21
946,946,0,1,0022,0022,0022,0000,0000,0000,000,21,21
947,947,0,1,0022,0022,0022,0000,0000,0000,000,21,21
948,948,0,1,0022,0022,0022,0000,0000,0000,000,21,21
949,949,0,1,0022,0022,0022,0000,0000,0000,000,21,21
950,950,0,1,0022,0022,0022,0000,0000,0000,000,21,21
951,951,0,1,0022,0022,0022,0000,0000,0000,000,21,21
952,952,0,1,0022,0022,0022,0000,0000,0000,000,21,21
953,953,0,1,0022,0022,0022,0000,0000,0000,000,21,21
954,954,0,1,0022,0022,0022,0000,0000,0000,000,21,21
955,955,0,1,0022,0022,0022,0000,0000,0000,000,21,21
956,956,0,1,0022,0022,0022,0000,0000,0000,000,21,21
957,957,0,1,0022,0022,0022,0000,0000,0000,000,21,21
958,958,0,1,0022,0022,0022,0000,0000,0000,000,21,21
959,959,0,1,0022,0022,0022,0000,0000,0000,000,21,21
960,960,0,1,0022,0022,0022,0000,0000,0000,000,21,21
961,961,0,1,0022,0022,0022,0000,0000,0000,000,21,21
962,962,0,1,0022,0022,0022,0000,0000,0000,000,21,21
963,963,0,1,0022,0022,0022,0000,0000,0000,000,21,21
964,964,0,1,0022,0022,0022,0000,0000,0000,000,21,21
965,965,0,1,0022,0022,0022,0000,0000,0000,000,21,21
966,966,0,1,0022,0022,0022,0000,0000,0000,000,21,21
967,967,0,1,0022,0022,0022,0000,0000,0000,000,21,21
968,968,0,1,0022,0022,0022,0000,0000,0000,000,21,21
969,969,0,1,0022,0022,0022,0000,0000,0000,000,21,21
970,970,0,1,0022,0022,0022,0000,0000,0000,000,21,21
971,971,0,1,0022,0022,0022,0000,0000,0000,000,21,21
972,972,0,1,0022,0022,0022,0000,0000,0000,000,21,21
973,973,0,1,0022,0022,0022,0000,0000,0000,000,21,21
974,974,0,1,0022,0022,0022,0000,0000,0000,000,21,21
975,975,0,1,0022,0022,0022,0000,0000,0000,000,21,21
976,976,0,1,0022,0022,0022,0000,0000,0000,000,21,21
977,977,0,1,0022,0022,0022,0000,0000,0000,000,21,21
978,978,0,1,0022,0022,0022,0000,0000,0000,000,21,21
979,979,0,1,0022,0022,0022,0000,0000,0000,000,21,21
980,980,0,1,0022,0022,0022,0000,0000,0000,000,21,21
981,981,0,1,0022,0022,0022,0000,0000,0000,000,21,21
982,982,0,1,0022,0022,0022,0000,0000,0000,000,21,21
983,983,0,1,0022,0022,0022,0000,0000,0000,000,21,21
984,984,0,1,0022,0022,0022,0000,0000,0000,000,21,21
985,985,0,1,0022,0022,0022,0000,0000,0000,000,21,21
986,986,0,1,0022,0022,0022,0000,0000,0000,000,21,21
987,987,0,1,0022,0022,0022,0000,0000,0000,000,21,21
988,988,0,1,0022,0022,0022,0000,0000,0000,000,21,21
989,989,0,1,0022,0022,0022,0000,0000,0000,000,21,21
990,990,0,1,0022,0022,0022,0000,0000,0000,000,21,21
991,991,0,1,0022,0022,0022,0000,0000,0000,000,21,21
992,992,0,1,0022,0022,0022,0000,0000,0000,000,21,21
993,993,0,1,0022,0022,0022,0000,0000,0000,000,21,21
994,994,0,1,0022,0022,0022,0000,0000,0000,000,21,21
995,995,0,1,0022,0022,0022,0000,0000,0000,000,21,21
996,996,0,1,0022,0022,0022,0000,0000,0000,000,21,21
997,997,0,1,0022,0022,0022,0000,0000,0000,000,21,21
998,998,0,1,0022,0022,0022,0000,0000,0000,000,21,21
999,999,0,1,0022,0022,0022,0000,0000,0000,000,21,21
1000,1000,0,1,0022,0022,0022,0000,0000,0000,000,21,21
1001,1001,0,1,0022,0022,0022,0000,0000,0000,000,21,21
1002,1002,0,1,0022,0022,0022,0000,0000,0000,000,21,21
1003,1003,0,1,0022,0022,0022,0000,0000,0000,000,21,21
1004,1004,0,1,0022,0022,0022,0000,0000,0000,000,21,21
1005,1005,0,1,0022,0022,0022,0000,0000,0000,000,21,21
1006,1006,0,1,0022,0022,0022,0000,0000,0000,000,21,21
1007,1007,0,1,0022,0022,0022,0000,0000,0000,000,21,21
1008,1008,0,1,0022,0022,0022,0000,0000,0000,000,21,21
1009,1009,0,1,0022,0022,0022,0000,0000,0000,000,21,21
1010,1010,0,1,0022,0022,0022,0000,0000,0000,000,21,21
1011,1011,0,1,0022,0022,0022,0000,0000,0000,000,21,21
1012,1012,0,1,0022,0022,0022,0000,0000,0000,000,21,21
1013,1013,0,1,0022,0022,0022,0000,0000,0000,000,21,21
1014,1014,0,1,0022,0022,0022,0000,0000,0000,000,21,21
1015,1015,0,1,0022,0022,0022,0000,0000,0000,000,21,21
1016,1016,0,1,0022,0022,0022,0000,0000,0000,000,21,21
1017,1017,0,1,0022,0022,0022,0000,0000,0000,000,21,21
1018,1018,0,1,0022,0022,0022,0000,0000,0000,000,21,21
1019,1019,0,1,0022,0022,0022,0000,0000,0000,000,21,21
1020,1020,0,1,0022,0022,0022,0000,0000,0000,000,21,21
1021,1021,0,1,0022,0022,0022,0000,0000,0000,000,21,21
1022,1022,0,1,0022,0022,0022,0000,0000,0000,000,21,21
1023,1023,0,1,0022,0022,0022,0000,0000,0000,000,21,21
1024,1024,1,1,0022,0022,0022,0000,0000,0000,000,21,21
1025,1025,0,1,0022,0022,0022,0000,0000,0000,000,21,21
1026,1026,0,1,0022,0022,0022,0000,0000,0000,000,21,21
1027,1027,0,1,0022,0022,0022,0000,0000,0000,000,21,21
1028,1028,0,1,0022,0022,0022,0000,0000,0000,000,21,21
1029,1029,0,1,0022,0022,0022,0000,0000,0000,000,21,21
1030,1030,0,1,0022,0022,0022,0000,0000,0000,000,21,21
1031,1031,0,1,0022,0022,0022,0000,0000,0000,000,21,21
1032,1032,0,1,0022,0022,0022,0000,0000,0000,000,21,21
1033,1033,0,1,0022,0022,0022,0000,0000,0000,000,21,21
1034,1034,0,1,0022,0022,0022,0000,0000,0000,000,21,21
1035,1035,0,1,0022,0022,0022,0000,0000,0000,000,21,21
1036,1036,0,1,0022,0022,0022,0000,0000,0000,000,21,21
1037,1037,0,1,0022,0022,0022,0000,0000,0000,000,21,21
1038,1038,0,1,0022,0022,0022,0000,0000,0000,000,21,21
1039,1039,0,1,0022,0022,0022,0000,0000,0000,000,21,21
1040,1040,0,1,0022,0022,0022,0000,0000,0000,000,21,21
1041,1041,0,1,0022,0022,0022,0000,0000,0000,000,21,21
1042,1042,0,1,0022,0022,0022,0000,0000,0000,000,21,21
1043,1043,0,1,0022,0022,0022,0000,0000,0000,000,21,21
1044,1044,0,1,0022,0022,0022,0000,0000,0000,000,21,21
1045,1045,0,1,0022,0022,0022,0000,0000,0000,000,21,21
1046,1046,0,1,0022,0022,0022,0000,0000,0000,000,21,21
1047,1047,0,1,0022,0022,0022,0000,0000,0000,000,21,21
1048,1048,0,1,0022,0022,0022,0000,0000,0000,000,21,21
1049,1049,0,1,0022,0022,0022,0000,0000,0000,000,21,21
1050,1050,0,1,0022,0022,0022,0000,0000,0000,000,21,21
1051,1051,0,1,0022,0022,0022,0000,0000,0000,000,21,21
1052,1052,0,1,0022,0022,0022,0000,0000,0000,000,21,21
1053,1053,0,1,0022,0022,0022,0000,0000,0000,000,21,21
1054,1054,0,1,0022,0022,0022,0000,0000,0000,000,21,21
1055,1055,0,1,0022,0022,0022,0000,0000,0000,000,21,21
1056,1056,0,1,0022,0022,0022,0000,0000,0000,000,21,21
1057,1057,0,1,0022,0022,0022,0000,0000,0000,000,21,21
1058,1058,0,1,0022,0022,0022,0000,0000,0000,000,21,21
1059,1059,0,1,0022,0022,0022,0000,0000,0000,000,21,21
1060,1060,0,1,0022,0022,0022,0000,0000,0000,000,21,21
1061,1061,0,1,0022,0022,0022,0000,0000,0000,000,21,21
1062,1062,0,1,0022,0022,0022,0000,0000,0000,000,21,21
1063,1063,0,1,0022,0022,0022,0000,0000,0000,000,21,21
1064,1064,0,1,0022,0022,0022,0000,0000,0000,000,21,21
1065,1065,0,1,0022,0022,0022,0000,0000,0000,000,21,21
1066,1066,0,1,0022,0022,0022,0000,0000,0000,000,21,21
1067,1067,0,1,0022,0022,0022,0000,0000,0000,000,21,21
1068,1068,0,1,0022,0022,0022,0000,0000,0000,000,21,21
1069,1069,0,1,0022,0022,0022,0000,0000,0000,000,21,21
1070,1070,0,1,0022,0022,0022,0000,0000,0000,000,21,21
1071,1071,0,1,0022,0022,0022,0000,0000,0000,000,21,21
1072,1072,0,1,0022,0022,0022,0000,0000,0000,000,21,21
1073,1073,0,1,0022,0022,0022,0000,0000,0000,000,21,21
1074,1074,0,1,0022,0022,0022,0000,0000,0000,000,21,21
1075,1075,0,1,0022,0022,0022,0000,0000,0000,000,21,21
1076,1076,0,1,0022,0022,0022,0000,0000,0000,000,21,21
1077,1077,0,1,0022,0022,0022,0000,0000,0000,000,21,21
1078,1078,0,1,0022,0022,0022,0000,0000,0000,000,21,21
1079,1079,0,1,0022,0022,0022,0000,0000,0000,000,21,21
1080,1080,0,1,0022,0022,0022,0000,0000,0000,000,21,21
1081,1081,0,1,0022,0022,0022,0000,0000,0000,000,21,21
1082,1082,0,1,0022,0022,0022,0000,0000,0000,000,21,21
1083,1083,0,1,0022,0022,0022,0000,0000,0000,000,21,21
1084,1084,0,1,0022,0022,0022,0000,0000,0000,000,21,21
1085,1085,0,1,0022,0022,0022,0000,0000,0000,000,21,21
1086,1086,0,1,0022,0022,0022,0000,0000,0000,000,21,21
1087,1087,0,1,0022,0022,0022,0000,0000,0000,000,21,21
1088,1088,0,1,0022,0022,0022,0000,0000,0000,000,21,21
1089,1089,0,1,0022,0022,0022,0000,0000,0000,000,21,21
1090,1090,0,1,0022,0022,0022,0000,0000,0000,000,21,21
1091,1091,0,1,0022,0022,0022,0000,0000,0000,000,21,21
1092,1092,0,1,0022,0022,0022,0000,0000,0000,000,21,21
1093,1093,0,1,0022,0022,0022,0000,0000,0000,000,21,21
1094,1094,0,1,0022,0022,0022,0000,0000,0000,000,21,21
1095,1095,0,1,0022,0022,0022,0000,0000,0000,000,21,21
1096,1096,0,1,0022,0022,0022,0000,0000,0000,000,21,21
1097,1097,0,1,0022,0022,0022,0000,0000,0000,000,21,21
1098,1098,0,1,0022,0022,0022,0000,0000,0000,000,21,21
1099,1099,0,1,0022,0022,0022,0000,0000,0000,000,21,21
1100,1100,0,1,0022,0022,0022,0000,0000,0000,000,21,21
1101,1101,0,1,0022,0022,0022,0000,0000,0000,000,21,21
1102,1102,0,1,0022,0022,0022,0000,0000,0000,000,21,21
1103,1103,0,1,0022,0022,0022,0000,0000,0000,000,21,21
1104,1104,0,1,0022,0022,0022,0000,0000,0000,000,21,21
1105,1105,0,1,0022,0022,0022,0000,0000,0000,000,21,21
1106,1106,0,1,0022,0022,0022,0000,0000,0000,000,21,21
1107,1107,0,1,0022,0022,0022,0000,0000,0000,000,21,21
1108,1108,0,1,0022,0022,0022,0000,0000,0000,000,21,21
1109,1109,0,1,0022,0022,0022,0000,0000,0000,000,21,21
1110,1110,0,1,0022,0022,0022,0000,0000,0000,000,21,21
1111,1111,0,1,0022,0022,0022,0000,0000,0000,000,21,21
1112,1112,0,1,0022,0022,0022,0000,0000,0000,000,21,21
1113,1113,0,1,0022,0022,0022,0000,0000,0000,000,21,21
1114,1114,0,1,0022,0022,0022,0000,0000,0000,000,21,21
1115,1115,0,1,0022,0022,0022,0000,0000,0000,000,21,21
1116,1116,0,1,0022,0022,0022,0000,0000,0000,000,21,21
1117,1117,0,1,0022,0022,0022,0000,0000,0000,000,21,21
1118,1118,0,1,0022,0022,0022,0000,0000,0000,000,21,21
1119,1119,0,1,0022,0022,0022,0000,0000,0000,000,21,21
1120,1120,0,1,0022,0022,0022,0000,0000,0000,000,21,21
1121,1121,0,1,0022,0022,0022,0000,0000,0000,000,21,21
1122,1122,0,1,0022,0022,0022,0000,0000,0000,000,21,21
1123,1123,0,1,0022,0022,0022,0000,0000,0000,000,21,21
1124,1124,0,1,0022,0022,0022,0000,0000,0000,000,21,21
1125,1125,0,1,0022,0022,0022,0000,0000,0000,000,21,21
1126,1126,0,1,0022,0022,0022,0000,0000,0000,000,21,21
1127,1127,0,1,0022,0022,0022,0000,0000,0000,000,21,21
1128,1128,0,1,0022,0022,0022,0000,0000,0000,000,21,21
1129,1129,0,1,0022,0022,0022,0000,0000,0000,000,21,21
1130,1130,0,1,0022,0022,0022,0000,0000,0000,000,21,21
1131,1131,0,1,0022,0022,0022,0000,0000,0000,000,21,21
1132,1132,0,1,0022,0022,0022,0000,0000,0000,000,21,21
1133,1133,0,1,0022,0022,0022,0000,0000,0000,000,21,21
1134,1134,0,1,0022,0022,0022,0000,0000,0000,000,21,21
1135,1135,0,1,0022,0022,0022,0000,0000,0000,000,21,21
1136,1136,0,1,0022,0022,0022,0000,0000,0000,000,21,21
1137,1137,0,1,0022,0022,0022,0000,0000,0000,000,21,21
1138,1138,0,1,0022,0022,0022,0000,0000,0000,000,21,21
1139,1139,0,1,0022,0022,0022,0000,0000,0000,000,21,21
1140,1140,0,1,0022,0022,0022,0000,0000,0000,000,21,21
1141,1141,0,1,0022,0022,0022,0000,0000,0000,000,21,21
1142,1142,0,1,0022,0022,0022,0000,0000,0000,000,21,21
1143,1143,0,1,0022,0022,0022,0000,0000,0000,000,21,21
1144,1144,0,1,0022,0022,0022,0000,0000,0000,000,21,21
1145,1145,0,1,0022,0022,0022,0000,0000,0000,000,21,21
1146,1146,0,1,0022,0022,0022,0000,0000,0000,000,21,21
1147,1147,0,1,0022,0022,0022,0000,0000,0000,000,21,21
1148,1148,0,1,0022,0022,0022,0000,0000,0000,000,21,21
1149,1149,0,1,0022,0022,0022,0000,0000,0000,000,21,21
1150,1150,0,1,0022,0022,0022,0000,0000,0000,000,21,21
1151,1151,0,1,0022,0022,0022,0000,0000,0000,000,21,21
1152,1152,0,1,0022,0022,0022,0000,0000,0000,000,21,21
1153,1153,0,1,0022,0022,0022,0000,0000,0000,000,21,21
1154,1154,0,1,0022,0022,0022,0000,0000,0000,000,21,21
1155,1155,0,1,0022,0022,0022,0000,0000,0000,000,21,21
1156,1156,0,1,0022,0022,0022,0000,0000,0000,000,21,21
1157,1157,0,1,0022,0022,0022,0000,0000,0000,000,21,21
1158,1158,0,1,0022,0022,0022,0000,0000,0000,000,21,21
1159,1159,0,1,0022,0022,0022,0000,0000,0000,000,21,21
1160,1160,0,1,0022,0022,0022,0000,0000,0000,000,21,21
1161,1161,0,1,0022,0022,0022,0000,0000,0000,000,21,21
1162,1162,0,1,0022,0022,0022,0000,0000,0000,000,21,21
1163,1163,0,1,0022,0022,0022,0000,0000,0000,000,21,21
1164,1164,0,1,0022,0022,0022,0000,0000,0000,000,21,21
1165,1165,0,1,0022,0022,0022,0000,0000,0000,000,21,21
1166,1166,0,1,0022,0022,0022,0000,0000,0000,000,21,21
1167,1167,0,1,0022,0022,0022,0000,0000,0000,000,21,21
1168,1168,0,1,0022,0022,0022,0000,0000,0000,000,21,21
1169,1169,0,1,0022,0022,0022,0000,0000,0000,000,21,21
1170,1170,0,1,0022,0022,0022,0000,0000,0000,000,21,21
1171,1171,0,1,0022,0022,0022,0000,0000,0000,000,21,21
1172,1172,0,1,0022,0022,0022,0000,0000,0000,000,21,21
1173,1173,0,1,0022,0022,0022,0000,0000,0000,000,21,21
1174,1174,0,1,0022,0022,0022,0000,0000,0000,000,21,21
1175,1175,0,1,0022,0022,0022,0000,0000,0000,000,21,21
1176,1176,0,1,0022,0022,0022,0000,0000,0000,000,21,21
1177,1177,0,1,0022,0022,0022,0000,0000,0000,000,21,21
1178,1178,0,1,0022,0022,0022,0000,0000,0000,000,21,21
1179,1179,0,1,0022,0022,0022,0000,0000,0000,000,21,21
1180,1180,0,1,0022,0022,0022,0000,0000,0000,000,21,21
1181,1181,0,1,0022,0022,0022,0000,0000,0000,000,21,21
1182,1182,0,1,0022,0022,0022,0000,0000,0000,000,21,21
1183,1183,0,1,0022,0022,0022,0000,0000,0000,000,21,21
1184,1184,0,1,0022,0022,0022,0000,0000,0000,000,21,21
1185,1185,0,1,0022,0022,0022,0000,0000,0000,000,21,21
1186,1186,0,1,0022,0022,0022,0000,0000,0000,000,21,21
1187,1187,0,1,0022,0022,0022,0000,0000,0000,000,21,21
1188,1188,0,1,0022,0022,0022,0000,0000,0000,000,21,21
1189,1189,0,1,0022,0022,0022,0000,0000,0000,000,21,21
1190,1190,0,1,0022,0022,0022,0000,0000,0000,000,21,21
1191,1191,0,1,0022,0022,0022,0000,0000,0000,000,21,21
1192,1192,0,1,0022,0022,0022,0000,0000,0000,000,21,21
1193,1193,0,1,0022,0022,0022,0000,0000,0000,000,21,21
1194,1194,0,1,0022,0022,0022,0000,0000,0000,000,21,21
1195,1195,0,1,0022,0022,0022,0000,0000,0000,000,21,21
1196,1196,0,1,0022,0022,0022,0000,0000,0000,000,21,21
1197,1197,0,1,0022,0022,0022,0000,0000,0000,000,21,21
1198,1198,0,1,0022,0022,0022,0000,0000,0000,000,21,21
1199,1199,0,1,0022,0022,0022,0000,0000,0000,000,21,21
1200,1200,0,1,0022,0022,0022,0000,0000,0000,000,21,21
1201,1201,0,1,0022,0022,0022,0000,0000,0000,000,21,21
1202,1202,0,1,0022,0022,0022,0000,0000,0000,000,21,21
1203,1203,0,1,0022,0022,0022,0000,0000,0000,000,21,21
1204,1204,0,1,0022,0022,0022,0000,0000,0000,000,21,21
1205,1205,0,1,0022,0022,0022,0000,0000,0000,000,21,21
1206,1206,0,1,0022,0022,0022,0000,0000,0000,000,21,21
1207,1207,0,1,0022,0022,0022,0000,0000,0000,000,21,21
1208,1208,0,1,0022,0022,0022,0000,0000,0000,000,21,21
1209,1209,0,1,0022,0022,0022,0000,0000,0000,000,21,21
1210,1210,0,1,0022,0022,0022,0000,0000,0000,000,21,21
1211,1211,0,1,0022,0022,0022,0000,0000,0000,000,21,21
1212,1212,0,1,0022,0022,0022,0000,0000,0000,000,21,21
1213,1213,0,1,0022,0022,0022,0000,0000,0000,000,21,21
1214,1214,0,1,0022,0022,0022,0000,0000,0000,000,21,21
1215,1215,0,1,0022,0022,0022,0000,0000,0000,000,21,21
1216,1216,0,1,0022,0022,0022,0000,0000,0000,000,21,21
1217,1217,0,1,0022,0022,0022,0000,0000,0000,000,21,21
1218,1218,0,1,0022,0022,0022,0000,0000,0000,000,21,21
1219,1219,0,1,0022,0022,0022,0000,0000,0000,000,21,21
1220,1220,0,1,0022,0022,0022,0000,0000,0000,000,21,21
1221,1221,0,1,0022,0022,0022,0000,0000,0000,000,21,21
1222,1222,0,1,0022,0022,0022,0000,0000,0000,000,21,21
1223,1223,0,1,0022,0022,0022,0000,0000,0000,000,21,21
1224,1224,0,1,0022,0022,0022,0000,0000,0000,000,21,21
1225,1225,0,1,0022,0022,0022,0000,0000,0000,000,21,21
1226,1226,0,1,0022,0022,0022,0000,0000,0000,000,21,21
1227,1227,0,1,0022,0022,0022,0000,0000,0000,000,21,21
1228,1228,0,1,0022,0022,0022,0000,0000,0000,000,21,21
1229,1229,0,1,0022,0022,0022,0000,0000,0000,000,21,21
1230,1230,0,1,0022,0022,0022,0000,0000,0000,000,21,21
1231,1231,0,1,0022,0022,0022,0000,0000,0000,000,21,21
1232,1232,0,1,0022,0022,0022,0000,0000,0000,000,21,21
1233,1233,0,1,0022,0022,0022,0000,0000,0000,000,21,21
1234,1234,0,1,0022,0022,0022,0000,0000,0000,000,21,21
1235,1235,0,1,0022,0022,0022,0000,0000,0000,000,21,21
1236,1236,0,1,0022,0022,0022,0000,0000,0000,000,21,21
1237,1237,0,1,0022,0022,0022,0000,0000,0000,000,21,21
1238,1238,0,1,0022,0022,0022,0000,0000,0000,000,21,21
1239,1239,0,1,0022,0022,0022,0000,0000,0000,000,21,21
1240,1240,0,1,0022,0022,0022,0000,0000,0000,000,21,21
1241,1241,0,1,0022,0022,0022,0000,0000,0000,000,21,21
1242,1242,0,1,0022,0022,0022,0000,0000,0000,000,21,21
1243,1243,0,1,0022,0022,0022,0000,0000,0000,000,21,21
1244,1244,0,1,0022,0022,0022,0000,0000,0000,000,21,21
1245,1245,0,1,0022,0022,0022,0000,0000,0000,000,21,21
1246,1246,0,1,0022,0022,0022,0000,0000,0000,000,21,21
1247,1247,0,1,0022,0022,0022,0000,0000,0000,000,21,21
1248,1248,0,1,0022,0022,0022,0000,0000,0000,000,21,21
1249,1249,0,1,0022,0022,0022,0000,0000,0000,000,21,21
1250,1250,0,1,0022,0022,0022,0000,0000,0000,000,21,21
1251,1251,0,1,0022,0022,0022,0000,0000,0000,000,21,21
1252,1252,0,1,0022,0022,0022,0000,0000,0000,000,21,21
1253,1253,0,1,0022,0022,0022,0000,0000,0000,000,21,21
1254,1254,0,1,0022,0022,0022,0000,0000,0000,000,21,21
1255,1255,0,1,0022,0022,0022,0000,0000,0000,000,21,21
1256,1256,0,1,0022,0022,0022,0000,0000,0000,000,21,21
1257,1257,0,1,0022,0022,0022,0000,0000,0000,000,21,21
1258,1258,0,1,0022,0022,0022,0000,0000,0000,000,21,21
1259,1259,0,1,0022,0022,0022,0000,0000,0000,000,21,21
1260,1260,0,1,0022,0022,0022,0000,0000,0000,000,21,21
1261,1261,0,1,0022,0022,0022,0000,0000,0000,000,21,21
1262,1262,0,1,0022,0022,0022,0000,0000,0000,000,21,21
1263,1263,0,1,0022,0022,0022,0000,0000,0000,000,21,21
1264,1264,0,1,0022,0022,0022,0000,0000,0000,000,21,21
1265,1265,0,1,0022,0022,0022,0000,0000,0000,000,21,21
1266,1266,0,1,0022,0022,0022,0000,0000,0000,000,21,21
1267,1267,0,1,0022,0022,0022,0000,0000,0000,000,21,21
1268,1268,0,1,0022,0022,0022,0000,0000,0000,000,21,21
1269,1269,0,1,0022,0022,0022,0000,0000,0000,000,21,21
1270,1270,0,1,0022,0022,0022,0000,0000,0000,000,21,21
1271,1271,0,1,0022,0022,0022,0000,0000,0000,000,21,21
1272,1272,0,1,0022,0022,0022,0000,0000,0000,000,21,21
1273,1273,0,1,0022,0022,0022,0000,0000,0000,000,21,21
1274,1274,0,1,0022,0022,0022,0000,0000,0000,000,21,21
1275,1275,0,1,0022,0022,0022,0000,0000,0000,000,21,21
1276,1276,0,1,0022,0022,0022,0000,0000,0000,000,21,21
1277,1277,0,1,0022,0022,0022,0000,0000,0000,000,21,21
1278,1278,0,1,0022,0022,0022,0000,0000,0000,000,21,21
1279,1279,0,1,0022,0022,0022,0000,0000,0000,000,21,21
1280,1280,0,1,0022,0022,0022,0000,0000,0000,000,21,21
1281,1281,0,1,0022,0022,0022,0000,0000,0000,000,21,21
1282,1282,0,1,0022,0022,0022,0000,0000,0000,000,21,21
1283,1283,0,1,0022,0022,0022,0000,0000,0000,000,21,21
1284,1284,0,1,0022,0022,0022,0000,0000,0000,000,21,21
1285,1285,0,1,0022,0022,0022,0000,0000,0000,000,21,21
1286,1286,0,1,0022,0022,0022,0000,0000,0000,000,21,21
1287,1287,0,1,0022,0022,0022,0000,0000,0000,000,21,21
1288,1288,0,1,0022,0022,0022,0000,0000,0000,000,21,21
1289,1289,0,1,0022,0022,0022,0000,0000,0000,000,21,21
1290,1290,0,1,0022,0022,0022,0000,0000,0000,000,21,21
1291,1291,0,1,0022,0022,0022,0000,0000,0000,000,21,21
1292,1292,0,1,0022,0022,0022,0000,0000,0000,000,21,21
1293,1293,0,1,0022,0022,0022,0000,0000,0000,000,21,21
1294,1294,0,1,0022,0022,0022,0000,0000,0000,000,21,21
1295,1295,0,1,0022,0022,0022,0000,0000,0000,000,21,21
1296,1296,0,1,0022,0022,0022,0000,0000,0000,000,21,21
1297,1297,0,1,0022,0022,0022,0000,0000,0000,000,21,21
1298,1298,0,1,0022,0022,0022,0000,0000,0000,000,21,21
1299,1299,0,1,0022,0022,0022,0000,0000,0000,000,21,21
1300,1300,0,1,0022,0022,0022,0000,0000,0000,000,21,21
1301,1301,0,1,0022,0022,0022,0000,0000,0000,000,21,21
1302,1302,0,1,0022,0022,0022,0000,0000,0000,000,21,21
1303,1303,0,1,0022,0022,0022,0000,0000,0000,000,21,21
1304,1304,0,1,0022,0022,0022,0000,0000,0000,000,21,21
1305,1305,0,1,0022,0022,0022,0000,0000,0000,000,21,21
1306,1306,0,1,0022,0022,0022,0000,0000,0000,000,21,21
1307,1307,0,1,0022,0022,0022,0000,0000,0000,000,21,21
1308,1308,0,1,0022,0022,0022,0000,0000,0000,000,21,21
1309,1309,0,1,0022,0022,0022,0000,0000,0000,000,21,21
1310,1310,0,1,0022,0022,0022,0000,0000,0000,000,21,21
1311,1311,0,1,0022,0022,0022,0000,0000,0000,000,21,21
1312,1312,0,1,0022,0022,0022,0000,0000,0000,000,21,21
1313,1313,0,1,0022,0022,0022,0000,0000,0000,000,21,21
1314,1314,0,1,0022,0022,0022,0000,0000,0000,000,21,21
1315,1315,0,1,0022,0022,0022,0000,0000,0000,000,21,21
1316,1316,0,1,0022,0022,0022,0000,0000,0000,000,21,21
1317,1317,0,1,0022,0022,0022,0000,0000,0000,000,21,21
1318,1318,0,1,0022,0022,0022,0000,0000,0000,000,21,21
1319,1319,0,1,0022,0022,0022,0000,0000,0000,000,21,21
1320,1320,0,1,0022,0022,0022,0000,0000,0000,000,21,21
1321,1321,0,1,0022,0022,0022,0000,0000,0000,000,21,21
1322,1322,0,1,0022,0022,0022,0000,0000,0000,000,21,21
1323,1323,0,1,0022,0022,0022,0000,0000,0000,000,21,21
1324,1324,0,1,0022,0022,0022,0000,0000,0000,000,21,21
1325,1325,0,1,0022,0022,0022,0000,0000,0000,000,21,21
1326,1326,0,1,0022,0022,0022,0000,0000,0000,000,21,21
1327,1327,0,1,0022,0022,0022,0000,0000,0000,000,21,21
1328,1328,0,1,0022,0022,0022,0000,0000,0000,000,21,21
1329,1329,0,1,0022,0022,0022,0000,0000,0000,000,21,21
1330,1330,0,1,0022,0022,0022,0000,0000,0000,000,21,21
1331,1331,0,1,0022,0022,0022,0000,0000,0000,000,21,21
1332,1332,0,1,0022,0022,0022,0000,0000,0000,000,21,21
1333,1333,0,1,0022,0022,0022,0000,0000,0000,000,21,21
1334,1334,0,1,0022,0022,0022,0000,0000,0000,000,21,21
1335,1335,0,1,0022,0022,0022,0000,0000,0000,000,21,21
1336,1336,0,1,0022,0022,0022,0000,0000,0000,000,21,21
1337,1337,0,1,0022,0022,0022,0000,0000,0000,000,21,21
1338,1338,0,1,0022,0022,0022,0000,0000,0000,000,21,21
1339,1339,0,1,0022,0022,0022,0000,0000,0000,000,21,21
1340,1340,0,1,0022,0022,0022,0000,0000,0000,000,21,21
1341,1341,0,1,0022,0022,0022,0000,0000,0000,000,21,21
1342,1342,0,1,0022,0022,0022,0000,0000,0000,000,21,21
1343,1343,0,1,0022,0022,0022,0000,0000,0000,000,21,21
1344,1344,0,1,0022,0022,0022,0000,0000,0000,000,21,21
1345,1345,0,1,0022,0022,0022,0000,0000,0000,000,21,21
1346,1346,0,1,0022,0022,0022,0000,0000,0000,000,21,21
1347,1347,0,1,0022,0022,0022,0000,0000,0000,000,21,21
1348,1348,0,1,0022,0022,0022,0000,0000,0000,000,21,21
1349,1349,0,1,0022,0022,0022,0000,0000,0000,000,21,21
1350,1350,0,1,0022,0022,0022,0000,0000,0000,000,21,21
1351,1351,0,1,0022,0022,0022,0000,0000,0000,000,21,21
1352,1352,0,1,0022,0022,0022,0000,0000,0000,000,21,21
1353,1353,0,1,0022,0022,0022,0000,0000,0000,000,21,21
1354,1354,0,1,0022,0022,0022,0000,0000,0000,000,21,21
1355,1355,0,1,0022,0022,0022,0000,0000,0000,000,21,21
1356,1356,0,1,0022,0022,0022,0000,0000,0000,000,21,21
1357,1357,0,1,0022,0022,0022,0000,0000,0000,000,21,21
1358,1358,0,1,0022,0022,0022,0000,0000,0000,000,21,21
1359,1359,0,1,0022,0022,0022,0000,0000,0000,000,21,21
1360,1360,0,1,0022,0022,0022,0000,0000,0000,000,21,21
1361,1361,0,1,0022,0022,0022,0000,0000,0000,000,21,21
1362,1362,0,1,0022,0022,0022,0000,0000,0000,000,21,21
1363,1363,0,1,0022,0022,0022,0000,0000,0000,000,21,21
1364,1364,0,1,0022,0022,0022,0000,0000,0000,000,21,21
1365,1365,0,1,0022,0022,0022,0000,0000,0000,000,21,21
1366,1366,0,1,0022,0022,0022,0000,0000,0000,000,21,21
1367,1367,0,1,0022,0022,0022,0000,0000,0000,000,21,21
1368,1368,0,1,0022,0022,0022,0000,0000,0000,000,21,21
1369,1369,0,1,0022,0022,0022,0000,0000,0000,000,21,21
1370,1370,0,1,0022,0022,0022,0000,0000,0000,000,21,21
1371,1371,0,1,0022,0022,0022,0000,0000,0000,000,21,21
1372,1372,0,1,0022,0022,0022,0000,0000,0000,000,21,21
1373,1373,0,1,0022,0022,0022,0000,0000,0000,000,21,21
1374,1374,0,1,0022,0022,0022,0000,0000,0000,000,21,21
1375,1375,0,1,0022,0022,0022,0000,0000,0000,000,21,21
1376,1376,0,1,0022,0022,0022,0000,0000,0000,000,21,21
1377,1377,0,1,0022,0022,0022,0000,0000,0000,000,21,21
1378,1378,0,1,0022,0022,0022,0000,0000,0000,000,21,21
1379,1379,0,1,0022,0022,0022,0000,0000,0000,000,21,21
1380,1380,0,1,0022,0022,0022,0000,0000,0000,000,21,21
1381,1381,0,1,0022,0022,0022,0000,0000,0000,000,21,21
1382,1382,0,1,0022,0022,0022,0000,0000,0000,000,21,21
1383,1383,0,1,0022,0022,0022,0000,0000,0000,000,21,21
1384,1384,0,1,0022,0022,0022,0000,0000,0000,000,21,21
1385,1385,0,1,0022,0022,0022,0000,0000,0000,000,21,21
1386,1386,0,1,0022,0022,0022,0000,0000,0000,000,21,21
1387,1387,0,1,0022,0022,0022,0000,0000,0000,000,21,21
1388,1388,0,1,0022,0022,0022,0000,0000,0000,000,21,21
1389,1389,0,1,0022,0022,0022,0000,0000,0000,000,21,21
1390,1390,0,1,0022,0022,0022,0000,0000,0000,000,21,21
1391,1391,0,1,0022,0022,0022,0000,0000,0000,000,21,21
1392,1392,0,1,0022,0022,0022,0000,0000,0000,000,21,21
1393,1393,0,1,0022,0022,0022,0000,0000,0000,000,21,21
1394,1394,0,1,0022,0022,0022,0000,0000,0000,000,21,21
1395,1395,0,1,0022,0022,0022,0000,0000,0000,000,21,21
1396,1396,0,1,0022,0022,0022,0000,0000,0000,000,21,21
1397,1397,0,1,0022,0022,0022,0000,0000,0000,000,21,21
1398,1398,0,1,0022,0022,0022,0000,0000,0000,000,21,21
1399,1399,0,1,0022,0022,0022,0000,0000,0000,000,21,21
1400,1400,0,1,0022,0022,0022,0000,0000,0000,000,21,21
1401,1401,0,1,0022,0022,0022,0000,0000,0000,000,21,21
1402,1402,0,1,0022,0022,0022,0000,0000,0000,000,21,21
1403,1403,0,1,0022,0022,0022,0000,0000,0000,000,21,21
1404,1404,0,1,0022,0022,0022,0000,0000,0000,000,21,21
1405,1405,0,1,0022,0022,0022,0000,0000,0000,000,21,21
1406,1406,0,1,0022,0022,0022,0000,0000,0000,000,21,21
1407,1407,0,1,0022,0022,0022,0000,0000,0000,000,21,21
1408,1408,0,1,0022,0022,0022,0000,0000,0000,000,21,21
1409,1409,0,1,0022,0022,0022,0000,0000,0000,000,21,21
1410,1410,0,1,0022,0022,0022,0000,0000,0000,000,21,21
1411,1411,0,1,0022,0022,0022,0000,0000,0000,000,21,21
1412,1412,0,1,0022,0022,0022,0000,0000,0000,000,21,21
1413,1413,0,1,0022,0022,0022,0000,0000,0000,000,21,21
1414,1414,0,1,0022,0022,0022,0000,0000,0000,000,21,21
1415,1415,0,1,0022,0022,0022,0000,0000,0000,000,21,21
1416,1416,0,1,0022,0022,0022,0000,0000,0000,000,21,21
1417,1417,0,1,0022,0022,0022,0000,0000,0000,000,21,21
1418,1418,0,1,0022,0022,0022,0000,0000,0000,000,21,21
1419,1419,0,1,0022,0022,0022,0000,0000,0000,000,21,21
1420,1420,0,1,0022,0022,0022,0000,0000,0000,000,21,21
1421,1421,0,1,0022,0022,0022,0000,0000,0000,000,21,21
1422,1422,0,1,0022,0022,0022,0000,0000,0000,000,21,21
1423,1423,0,1,0022,0022,0022,0000,0000,0000,000,21,21
1424,1424,0,1,0022,0022,0022,0000,0000,0000,000,21,21
1425,1425,0,1,0022,0022,0022,0000,0000,0000,000,21,21
1426,1426,0,1,0022,0022,0022,0000,0000,0000,000,21,21
1427,1427,0,1,0022,0022,0022,0000,0000,0000,000,21,21
1428,1428,0,1,0022,0022,0022,0000,0000,0000,000,21,21
1429,1429,0,1,0022,0022,0022,0000,0000,0000,000,21,21
1430,1430,0,1,0022,0022,0022,0000,0000,0000,000,21,21
1431,1431,0,1,0022,0022,0022,0000,0000,0000,000,21,21
1432,1432,0,1,0022,0022,0022,0000,0000,0000,000,21,21
1433,1433,0,1,0022,0022,0022,0000,0000,0000,000,21,21
1434,1434,0,1,0022,0022,0022,0000,0000,0000,000,21,21
1435,1435,0,1,0022,0022,0022,0000,0000,0000,000,21,21
1436,1436,0,1,0022,0022,0022,0000,0000,0000,000,21,21
1437,1437,0,1,0022,0022,0022,0000,0000,0000,000,21,21
1438,1438,0,1,0022,0022,0022,0000,0000,0000,000,21,21
1439,1439,0,1,0022,0022,0022,0000,0000,0000,000,21,21
1440,1440,0,1,0022,0022,0022,0000,0000,0000,000,21,21
1441,1441,0,1,0022,0022,0022,0000,0000,0000,000,21,21
1442,1442,0,1,0022,0022,0022,0000,0000,0000,000,21,21
1443,1443,0,1,0022,0022,0022,0000,0000,0000,000,21,21
1444,1444,0,1,0022,0022,0022,0000,0000,0000,000,21,21
1445,1445,0,1,0022,0022,0022,0000,0000,0000,000,21,21
1446,1446,0,1,0022,0022,0022,0000,0000,0000,000,21,21
1447,1447,0,1,0022,0022,0022,0000,0000,0000,000,21,21
1448,1448,0,1,0022,0022,0022,0000,0000,0000,000,21,21
1449,1449,0,1,0022,0022,0022,0000,0000,0000,000,21,21
1450,1450,0,1,0022,0022,0022,0000,0000,0000,000,21,21
1451,1451,0,1,0022,0022,0022,0000,0000,0000,000,21,21
1452,1452,0,1,0022,0022,0022,0000,0000,0000,000,21,21
1453,1453,0,1,0022,0022,0022,0000,0000,0000,000,21,21
1454,1454,0,1,0022,0022,0022,0000,0000,0000,000,21,21
1455,1455,0,1,0022,0022,0022,0000,0000,0000,000,21,21
1456,1456,0,1,0022,0022,0022,0000,0000,0000,000,21,21
1457,1457,0,1,0022,0022,0022,0000,0000,0000,000,21,21
1458,1458,0,1,0022,0022,0022,0000,0000,0000,000,21,21
1459,1459,0,1,0022,0022,0022,0000,0000,0000,000,21,21
1460,1460,0,1,0022,0022,0022,0000,0000,0000,000,21,21
1461,1461,0,1,0022,0022,0022,0000,0000,0000,000,21,21
1462,1462,0,1,0022,0022,0022,0000,0000,0000,000,21,21
1463,1463,0,1,0022,0022,0022,0000,0000,0000,000,21,21
1464,1464,0,1,0022,0022,0022,0000,0000,0000,000,21,21
1465,1465,0,1,0022,0022,0022,0000,0000,0000,000,21,21
1466,1466,0,1,0022,0022,0022,0000,0000,0000,000,21,21
1467,1467,0,1,0022,0022,0022,0000,0000,0000,000,21,21
1468,1468,0,1,0022,0022,0022,0000,0000,0000,000,21,21
1469,1469,0,1,0022,0022,0022,0000,0000,0000,000,21,21
1470,1470,0,1,0022,0022,0022,0000,0000,0000,000,21,21
1471,1471,0,1,0022,0022,0022,0000,0000,0000,000,21,21
1472,1472,0,1,0022,0022,0022,0000,0000,0000,000,21,21
1473,1473,0,1,0022,0022,0022,0000,0000,0000,000,21,21
1474,1474,0,1,0022,0022,0022,0000,0000,0000,000,21,21
1475,1475,0,1,0022,0022,0022,0000,0000,0000,000,21,21
1476,1476,0,1,0022,0022,0022,0000,0000,0000,000,21,21
1477,1477,0,1,0022,0022,0022,0000,0000,0000,000,21,21
1478,1478,0,1,0022,0022,0022,0000,0000,0000,000,21,21
1479,1479,0,1,0022,0022,0022,0000,0000,0000,000,21,21
1480,1480,0,1,0022,0022,0022,0000,0000,0000,000,21,21
1481,1481,0,1,0022,0022,0022,0000,0000,0000,000,21,21
1482,1482,0,1,0022,0022,0022,0000,0000,0000,000,21,21
1483,1483,0,1,0022,0022,0022,0000,0000,0000,000,21,21
1484,1484,0,1,0022,0022,0022,0000,0000,0000,000,21,21
1485,1485,0,1,0022,0022,0022,0000,0000,0000,000,21,21
1486,1486,0,1,0022,0022,0022,0000,0000,0000,000,21,21
1487,1487,0,1,0022,0022,0022,0000,0000,0000,000,21,21
1488,1488,0,1,0022,0022,0022,0000,0000,0000,000,21,21
1489,1489,0,1,0022,0022,0022,0000,0000,0000,000,21,21
1490,1490,0,1,0022,0022,0022,0000,0000,0000,000,21,21
1491,1491,0,1,0022,0022,0022,0000,0000,0000,000,21,21
1492,1492,0,1,0022,0022,0022,0000,0000,0000,000,21,21
1493,1493,0,1,0022,0022,0022,0000,0000,0000,000,21,21
1494,1494,0,1,0022,0022,0022,0000,0000,0000,000,21,21
1495,1495,0,1,0022,0022,0022,0000,0000,0000,000,21,21
1496,1496,0,1,0022,0022,0022,0000,0000,0000,000,21,21
1497,1497,0,1,0022,0022,0022,0000,0000,0000,000,21,21
1498,1498,0,1,0022,0022,0022,0000,0000,0000,000,21,21
1499,1499,0,1,0022,0022,0022,0000,0000,0000,000,21,21
1500,1500,0,1,0022,0022,0022,0000,0000,0000,000,21,21
1501,1501,0,1,0022,0022,0022,0000,0000,0000,000,21,21
1502,1502,0,1,0022,0022,0022,0000,0000,0000,000,21,21
1503,1503,0,1,0022,0022,0022,0000,0000,0000,000,21,21
1504,1504,0,1,0022,0022,0022,0000,0000,0000,000,21,21
1505,1505,0,1,0022,0022,0022,0000,0000,0000,000,21,21
1506,1506,0,1,0022,0022,0022,0000,0000,0000,000,21,21
1507,1507,0,1,0022,0022,0022,0000,0000,0000,000,21,21
1508,1508,0,1,0022,0022,0022,0000,0000,0000,000,21,21
1509,1509,0,1,0022,0022,0022,0000,0000,0000,000,21,21
1510,1510,0,1,0022,0022,0022,0000,0000,0000,000,21,21
1511,1511,0,1,0022,0022,0022,0000,0000,0000,000,21,21
1512,1512,0,1,0022,0022,0022,0000,0000,0000,000,21,21
1513,1513,0,1,0022,0022,0022,0000,0000,0000,000,21,21
1514,1514,0,1,0022,0022,0022,0000,0000,0000,000,21,21
1515,1515,0,1,0022,0022,0022,0000,0000,0000,000,21,21
1516,1516,0,1,0022,0022,0022,0000,0000,0000,000,21,21
1517,1517,0,1,0022,0022,0022,0000,0000,0000,000,21,21
1518,1518,0,1,0022,0022,0022,0000,0000,0000,000,21,21
1519,1519,0,1,0022,0022,0022,0000,0000,0000,000,21,21
1520,1520,0,1,0022,0022,0022,0000,0000,0000,000,21,21
1521,1521,0,1,0022,0022,0022,0000,0000,0000,000,21,21
1522,1522,0,1,0022,0022,0022,0000,0000,0000,000,21,21
1523,1523,0,1,0022,0022,0022,0000,0000,0000,000,21,21
1524,1524,0,1,0022,0022,0022,0000,0000,0000,000,21,21
1525,1525,0,1,0022,0022,0022,0000,0000,0000,000,21,21
1526,1526,0,1,0022,0022,0022,0000,0000,0000,000,21,21
1527,1527,0,1,0022,0022,0022,0000,0000,0000,000,21,21
1528,1528,0,1,0022,0022,0022,0000,0000,0000,000,21,21
1529,1529,0,1,0022,0022,0022,0000,0000,0000,000,21,21
1530,1530,0,1,0022,0022,0022,0000,0000,0000,000,21,21
1531,1531,0,1,0022,0022,0022,0000,0000,0000,000,21,21
1532,1532,0,1,0022,0022,0022,0000,0000,0000,000,21,21
1533,1533,0,1,0022,0022,0022,0000,0000,0000,000,21,21
1534,1534,0,1,0022,0022,0022,0000,0000,0000,000,21,21
1535,1535,0,1,0022,0022,0022,0000,0000,0000,000,21,21
1536,1536,0,1,0022,0022,0022,0000,0000,0000,000,21,21
1537,1537,0,1,0022,0022,0022,0000,0000,0000,000,21,21
1538,1538,0,1,0022,0022,0022,0000,0000,0000,000,21,21
1539,1539,0,1,0022,0022,0022,0000,0000,0000,000,21,21
1540,1540,0,1,0022,0022,0022,0000,0000,0000,000,21,21
1541,1541,0,1,0022,0022,0022,0000,0000,0000,000,21,21
1542,1542,0,1,0022,0022,0022,0000,0000,0000,000,21,21
1543,1543,0,1,0022,0022,0022,0000,0000,0000,000,21,21
1544,1544,0,1,0022,0022,0022,0000,0000,0000,000,21,21
1545,1545,0,1,0022,0022,0022,0000,0000,0000,000,21,21
1546,1546,0,1,0022,0022,0022,0000,0000,0000,000,21,21
1547,1547,0,1,0022,0022,0022,0000,0000,0000,000,21,21
1548,1548,0,1,0022,0022,0022,0000,0000,0000,000,21,21
1549,1549,0,1,0022,0022,0022,0000,0000,0000,000,21,21
1550,1550,0,1,0022,0022,0022,0000,0000,0000,000,21,21
1551,1551,0,1,0022,0022,0022,0000,0000,0000,000,21,21
1552,1552,0,1,0022,0022,0022,0000,0000,0000,000,21,21
1553,1553,0,1,0022,0022,0022,0000,0000,0000,000,21,21
1554,1554,0,1,0022,0022,0022,0000,0000,0000,000,21,21
1555,1555,0,1,0022,0022,0022,0000,0000,0000,000,21,21
1556,1556,0,1,0022,0022,0022,0000,0000,0000,000,21,21
1557,1557,0,1,0022,0022,0022,0000,0000,0000,000,21,21
1558,1558,0,1,0022,0022,0022,0000,0000,0000,000,21,21
1559,1559,0,1,0022,0022,0022,0000,0000,0000,000,21,21
1560,1560,0,1,0022,0022,0022,0000,0000,0000,000,21,21
1561,1561,0,1,0022,0022,0022,0000,0000,0000,000,21,21
1562,1562,0,1,0022,0022,0022,0000,0000,0000,000,21,21
1563,1563,0,1,0022,0022,0022,0000,0000,0000,000,21,21
1564,1564,0,1,0022,0022,0022,0000,0000,0000,000,21,21
1565,1565,0,1,0022,0022,0022,0000,0000,0000,000,21,21
1566,1566,0,1,0022,0022,0022,0000,0000,0000,000,21,21
1567,1567,0,1,0022,0022,0022,0000,0000,0000,000,21,21
1568,1568,0,1,0022,0022,0022,0000,0000,0000,000,21,21
1569,1569,0,1,0022,0022,0022,0000,0000,0000,000,21,21
1570,1570,0,1,0022,0022,0022,0000,0000,0000,000,21,21
1571,1571,0,1,0022,0022,0022,0000,0000,0000,000,21,21
1572,1572,0,1,0022,0022,0022,0000,0000,0000,000,21,21
1573,1573,0,1,0022,0022,0022,0000,0000,0000,000,21,21
1574,1574,0,1,0022,0022,0022,0000,0000,0000,000,21,21
1575,1575,0,1,0022,0022,0022,0000,0000,0000,000,21,21
1576,1576,0,1,0022,0022,0022,0000,0000,0000,000,21,21
1577,1577,0,1,0022,0022,0022,0000,0000,0000,000,21,21
1578,1578,0,1,0022,0022,0022,0000,0000,0000,000,21,21
1579,1579,0,1,0022,0022,0022,0000,0000,0000,000,21,21
1580,1580,0,1,0022,0022,0022,0000,0000,0000,000,21,21
1581,1581,0,1,0022,0022,0022,0000,0000,0000,000,21,21
1582,1582,0,1,0022,0022,0022,0000,0000,0000,000,21,21
1583,1583,0,1,0022,0022,0022,0000,0000,0000,000,21,21
1584,1584,0,1,0022,0022,0022,0000,0000,0000,000,21,21
1585,1585,0,1,0022,0022,0022,0000,0000,0000,000,21,21
1586,1586,0,1,0022,0022,0022,0000,0000,0000,000,21,21
1587,1587,0,1,0022,0022,0022,0000,0000,0000,000,21,21
1588,1588,0,1,0022,0022,0022,0000,0000,0000,000,21,21
1589,1589,0,1,0022,0022,0022,0000,0000,0000,000,21,21
1590,1590,0,1,0022,0022,0022,0000,0000,0000,000,21,21
1591,1591,0,1,0022,0022,0022,0000,0000,0000,000,21,21
1592,1592,0,1,0022,0022,0022,0000,0000,0000,000,21,21
1593,1593,0,1,0022,0022,0022,0000,0000,0000,000,21,21
1594,1594,0,1,0022,0022,0022,0000,0000,0000,000,21,21
1595,1595,0,1,0022,0022,0022,0000,0000,0000,000,21,21
1596,1596,0,1,0022,0022,0022,0000,0000,0000,000,21,21
1597,1597,0,1,0022,0022,0022,0000,0000,0000,000,21,21
1598,1598,0,1,0022,0022,0022,0000,0000,0000,000,21,21
1599,1599,0,1,0022,0022,0022,0000,0000,0000,000,21,21
1600,1600,0,1,0022,0022,0022,0000,0000,0000,000,21,21
1601,1601,0,1,0022,0022,0022,0000,0000,0000,000,21,21
1602,1602,0,1,0022,0022,0022,0000,0000,0000,000,21,21
1603,1603,0,1,0022,0022,0022,0000,0000,0000,000,21,21
1604,1604,0,1,0022,0022,0022,0000,0000,0000,000,21,21
1605,1605,0,1,0022,0022,0022,0000,0000,0000,000,21,21
1606,1606,0,1,0022,0022,0022,0000,0000,0000,000,21,21
1607,1607,0,1,0022,0022,0022,0000,0000,0000,000,21,21
1608,1608,0,1,0022,0022,0022,0000,0000,0000,000,21,21
1609,1609,0,1,0022,0022,0022,0000,0000,0000,000,21,21
1610,1610,0,1,0022,0022,0022,0000,0000,0000,000,21,21
1611,1611,0,1,0022,0022,0022,0000,0000,0000,000,21,21
1612,1612,0,1,0022,0022,0022,0000,0000,0000,000,21,21
1613,1613,0,1,0022,0022,0022,0000,0000,0000,000,21,21
1614,1614,0,1,0022,0022,0022,0000,0000,0000,000,21,21
1615,1615,0,1,0022,0022,0022,0000,0000,0000,000,21,21
1616,1616,0,1,0022,0022,0022,0000,0000,0000,000,21,21
1617,1617,0,1,0022,0022,0022,0000,0000,0000,000,21,21
1618,1618,0,1,0022,0022,0022,0000,0000,0000,000,21,21
1619,1619,0,1,0022,0022,0022,0000,0000,0000,000,21,21
1620,1620,0,1,0022,0022,0022,0000,0000,0000,000,21,21
1621,1621,0,1,0022,0022,0022,0000,0000,0000,000,21,21
1622,1622,0,1,0022,0022,0022,0000,0000,0000,000,21,21
1623,1623,0,1,0022,0022,0022,0000,0000,0000,000,21,21
1624,1624,0,1,0022,0022,0022,0000,0000,0000,000,21,21
1625,1625,0,1,0022,0022,0022,0000,0000,0000,000,21,21
1626,1626,0,1,0022,0022,0022,0000,0000,0000,000,21,21
1627,1627,0,1,0022,0022,0022,0000,0000,0000,000,21,21
1628,1628,0,1,0022,0022,0022,0000,0000,0000,000,21,21
1629,1629,0,1,0022,0022,0022,0000,0000,0000,000,21,21
1630,1630,0,1,0022,0022,0022,0000,0000,0000,000,21,21
1631,1631,0,1,0022,0022,0022,0000,0000,0000,000,21,21
1632,1632,0,1,0022,0022,0022,0000,0000,0000,000,21,21
1633,1633,0,1,0022,0022,0022,0000,0000,0000,000,21,21
1634,1634,0,1,0022,0022,0022,0000,0000,0000,000,21,21
1635,1635,0,1,0022,0022,0022,0000,0000,0000,000,21,21
1636,1636,0,1,0022,0022,0022,0000,0000,0000,000,21,21
1637,1637,0,1,0022,0022,0022,0000,0000,0000,000,21,21
1638,1638,0,1,0022,0022,0022,0000,0000,0000,000,21,21
1639,1639,0,1,0022,0022,0022,0000,0000,0000,000,21,21
1640,1640,0,1,0022,0022,0022,0000,0000,0000,000,21,21
1641,1641,0,1,0022,0022,0022,0000,0000,0000,000,21,21
1642,1642,0,1,0022,0022,0022,0000,0000,0000,000,21,21
1643,1643,0,1,0022,0022,0022,0000,0000,0000,000,21,21
1644,1644,0,1,0022,0022,0022,0000,0000,0000,000,21,21
1645,1645,0,1,0022,0022,0022,0000,0000,0000,000,21,21
1646,1646,0,1,0022,0022,0022,0000,0000,0000,000,21,21
1647,1647,0,1,0022,0022,0022,0000,0000,0000,000,21,21
1648,1648,0,1,0022,0022,0022,0000,0000,0000,000,21,21
1649,1649,0,1,0022,0022,0022,0000,0000,0000,000,21,21
1650,1650,0,1,0022,0022,0022,0000,0000,0000,000,21,21
1651,1651,0,1,0022,0022,0022,0000,0000,0000,000,21,21
1652,1652,0,1,0022,0022,0022,0000,0000,0000,000,21,21
1653,1653,0,1,0022,0022,0022,0000,0000,0000,000,21,21
1654,1654,0,1,0022,0022,0022,0000,0000,0000,000,21,21
1655,1655,0,1,0022,0022,0022,0000,0000,0000,000,21,21
1656,1656,0,1,0022,0022,0022,0000,0000,0000,000,21,21
1657,1657,0,1,0022,0022,0022,0000,0000,0000,000,21,21
1658,1658,0,1,0022,0022,0022,0000,0000,0000,000,21,21
1659,1659,0,1,0022,0022,0022,0000,0000,0000,000,21,21
1660,1660,0,1,0022,0022,0022,0000,0000,0000,000,21,21
1661,1661,0,1,0022,0022,0022,0000,0000,0000,000,21,21
1662,1662,0,1,0022,0022,0022,0000,0000,0000,000,21,21
1663,1663,0,1,0022,0022,0022,0000,0000,0000,000,21,21
1664,1664,0,1,0022,0022,0022,0000,0000,0000,000,21,21
1665,1665,0,1,0022,0022,0022,0000,0000,0000,000,21,21
1666,1666,0,1,0022,0022,0022,0000,0000,0000,000,21,21
1667,1667,0,1,0022,0022,0022,0000,0000,0000,000,21,21
1668,1668,0,1,0022,0022,0022,0000,0000,0000,000,21,21
1669,1669,0,1,0022,0022,0022,0000,0000,0000,000,21,21
1670,1670,0,1,0022,0022,0022,0000,0000,0000,000,21,21
1671,1671,0,1,0022,0022,0022,0000,0000,0000,000,21,21
1672,1672,0,1,0022,0022,0022,0000,0000,0000,000,21,21
1673,1673,0,1,0022,0022,0022,0000,0000,0000,000,21,21
1674,1674,0,1,0022,0022,0022,0000,0000,0000,000,21,21
1675,1675,0,1,0022,0022,0022,0000,0000,0000,000,21,21
1676,1676,0,1,0022,0022,0022,0000,0000,0000,000,21,21
1677,1677,0,1,0022,0022,0022,0000,0000,0000,000,21,21
1678,1678,0,1,0022,0022,0022,0000,0000,0000,000,21,21
1679,1679,0,1,0022,0022,0022,0000,0000,0000,000,21,21
1680,1680,0,1,0022,0022,0022,0000,0000,0000,000,21,21
1681,1681,0,1,0022,0022,0022,0000,0000,0000,000,21,21
1682,1682,0,1,0022,0022,0022,0000,0000,0000,000,21,21
1683,1683,0,1,0022,0022,0022,0000,0000,0000,000,21,21
1684,1684,0,1,0022,0022,0022,0000,0000,0000,000,21,21
1685,1685,0,1,0022,0022,0022,0000,0000,0000,000,21,21
1686,1686,0,1,0022,0022,0022,0000,0000,0000,000,21,21
1687,1687,0,1,0022,0022,0022,0000,0000,0000,000,21,21
1688,1688,0,1,0022,0022,0022,0000,0000,0000,000,21,21
1689,1689,0,1,0022,0022,0022,0000,0000,0000,000,21,21
1690,1690,0,1,0022,0022,0022,0000,0000,0000,000,21,21
1691,1691,0,1,0022,0022,0022,0000,0000,0000,000,21,21
1692,1692,0,1,0022,0022,0022,0000,0000,0000,000,21,21
1693,1693,0,1,0022,0022,0022,0000,0000,0000,000,21,21
1694,1694,0,1,0022,0022,0022,0000,0000,0000,000,21,21
1695,1695,0,1,0022,0022,0022,0000,0000,0000,000,21,21
1696,1696,0,1,0022,0022,0022,0000,0000,0000,000,21,21
1697,1697,0,1,0022,0022,0022,0000,0000,0000,000,21,21
1698,1698,0,1,0022,0022,0022,0000,0000,0000,000,21,21
1699,1699,0,1,0022,0022,0022,0000,0000,0000,000,21,21
1700,1700,0,1,0022,0022,0022,0000,0000,0000,000,21,21
1701,1701,0,1,0022,0022,0022,0000,0000,0000,000,21,21
1702,1702,0,1,0022,0022,0022,0000,0000,0000,000,21,21
1703,1703,0,1,0022,0022,0022,0000,0000,0000,000,21,21
1704,1704,0,1,0022,0022,0022,0000,0000,0000,000,21,21
1705,1705,0,1,0022,0022,0022,0000,0000,0000,000,21,21
1706,1706,0,1,0022,0022,0022,0000,0000,0000,000,21,21
1707,1707,0,1,0022,0022,0022,0000,0000,0000,000,21,21
1708,1708,0,1,0022,0022,0022,0000,0000,0000,000,21,21
1709,1709,0,1,0022,0022,0022,0000,0000,0000,000,21,21
1710,1710,0,1,0022,0022,0022,0000,0000,0000,000,21,21
1711,1711,0,1,0022,0022,0022,0000,0000,0000,000,21,21
1712,1712,0,1,0022,0022,0022,0000,0000,0000,000,21,21
1713,1713,0,1,0022,0022,0022,0000,0000,0000,000,21,21
1714,1714,0,1,0022,0022,0022,0000,0000,0000,000,21,21
1715,1715,0,1,0022,0022,0022,0000,0000,0000,000,21,21
1716,1716,0,1,0022,0022,0022,0000,0000,0000,000,21,21
1717,1717,0,1,0022,0022,0022,0000,0000,0000,000,21,21
1718,1718,0,1,0022,0022,0022,0000,0000,0000,000,21,21
1719,1719,0,1,0022,0022,0022,0000,0000,0000,000,21,21
1720,1720,0,1,0022,0022,0022,0000,0000,0000,000,21,21
1721,1721,0,1,0022,0022,0022,0000,0000,0000,000,21,21
1722,1722,0,1,0022,0022,0022,0000,0000,0000,000,21,21
1723,1723,0,1,0022,0022,0022,0000,0000,0000,000,21,21
1724,1724,0,1,0022,0022,0022,0000,0000,0000,000,21,21
1725,1725,0,1,0022,0022,0022,0000,0000,0000,000,21,21
1726,1726,0,1,0022,0022,0022,0000,0000,0000,000,21,21
1727,1727,0,1,0022,0022,0022,0000,0000,0000,000,21,21
1728,1728,0,1,0022,0022,0022,0000,0000,0000,000,21,21
1729,1729,0,1,0022,0022,0022,0000,0000,0000,000,21,21
1730,1730,0,1,0022,0022,0022,0000,0000,0000,000,21,21
1731,1731,0,1,0022,0022,0022,0000,0000,0000,000,21,21
1732,1732,0,1,0022,0022,0022,0000,0000,0000,000,21,21
1733,1733,0,1,0022,0022,0022,0000,0000,0000,000,21,21
1734,1734,0,1,0022,0022,0022,0000,0000,0000,000,21,21
1735,1735,0,1,0022,0022,0022,0000,0000,0000,000,21,21
1736,1736,0,1,0022,0022,0022,0000,0000,0000,000,21,21
1737,1737,0,1,0022,0022,0022,0000,0000,0000,000,21,21
1738,1738,0,1,0022,0022,0022,0000,0000,0000,000,21,21
1739,1739,0,1,0022,0022,0022,0000,0000,0000,000,21,21
1740,1740,0,1,0022,0022,0022,0000,0000,0000,000,21,21
1741,1741,0,1,0022,0022,0022,0000,0000,0000,000,21,21
1742,1742,0,1,0022,0022,0022,0000,0000,0000,000,21,21
1743,1743,0,1,0022,0022,0022,0000,0000,0000,000,21,21
1744,1744,0,1,0022,0022,0022,0000,0000,0000,000,21,21
1745,1745,0,1,0022,0022,0022,0000,0000,0000,000,21,21
1746,1746,0,1,0022,0022,0022,0000,0000,0000,000,21,21
1747,1747,0,1,0022,0022,0022,0000,0000,0000,000,21,21
1748,1748,0,1,0022,0022,0022,0000,0000,0000,000,21,21
1749,1749,0,1,0022,0022,0022,0000,0000,0000,000,21,21
1750,1750,0,1,0022,0022,0022,0000,0000,0000,000,21,21
1751,1751,0,1,0022,0022,0022,0000,0000,0000,000,21,21
1752,1752,0,1,0022,0022,0022,0000,0000,0000,000,21,21
1753,1753,0,1,0022,0022,0022,0000,0000,0000,000,21,21
1754,1754,0,1,0022,0022,0022,0000,0000,0000,000,21,21
1755,1755,0,1,0022,0022,0022,0000,0000,0000,000,21,21
1756,1756,0,1,0022,0022,0022,0000,0000,0000,000,21,21
1757,1757,0,1,0022,0022,0022,0000,0000,0000,000,21,21
1758,1758,0,1,0022,0022,0022,0000,0000,0000,000,21,21
1759,1759,0,1,0022,0022,0022,0000,0000,0000,000,21,21
1760,1760,0,1,0022,0022,0022,0000,0000,0000,000,21,21
1761,1761,0,1,0022,0022,0022,0000,0000,0000,000,21,21
1762,1762,0,1,0022,0022,0022,0000,0000,0000,000,21,21
1763,1763,0,1,0022,0022,0022,0000,0000,0000,000,21,21
1764,1764,0,1,0022,0022,0022,0000,0000,0000,000,21,21
1765,1765,0,1,0022,0022,0022,0000,0000,0000,000,21,21
1766,1766,0,1,0022,0022,0022,0000,0000,0000,000,21,21
1767,1767,0,1,0022,0022,0022,0000,0000,0000,000,21,21
1768,1768,0,1,0022,0022,0022,0000,0000,0000,000,21,21
1769,1769,0,1,0022,0022,0022,0000,0000,0000,000,21,21
1770,1770,0,1,0022,0022,0022,0000,0000,0000,000,21,21
1771,1771,0,1,0022,0022,0022,0000,0000,0000,000,21,21
1772,1772,0,1,0022,0022,0022,0000,0000,0000,000,21,21
1773,1773,0,1,0022,0022,0022,0000,0000,0000,000,21,21
1774,1774,0,1,0022,0022,0022,0000,0000,0000,000,21,21
1775,1775,0,1,0022,0022,0022,0000,0000,0000,000,21,21
1776,1776,0,1,0022,0022,0022,0000,0000,0000,000,21,21
1777,1777,0,1,0022,0022,0022,0000,0000,0000,000,21,21
1778,1778,0,1,0022,0022,0022,0000,0000,0000,000,21,21
1779,1779,0,1,0022,0022,0022,0000,0000,0000,000,21,21
1780,1780,0,1,0022,0022,0022,0000,0000,0000,000,21,21
1781,1781,0,1,0022,0022,0022,0000,0000,0000,000,21,21
1782,1782,0,1,0022,0022,0022,0000,0000,0000,000,21,21
1783,1783,0,1,0022,0022,0022,0000,0000,0000,000,21,21
1784,1784,0,1,0022,0022,0022,0000,0000,0000,000,21,21
1785,1785,0,1,0022,0022,0022,0000,0000,0000,000,21,21
1786,1786,0,1,0022,0022,0022,0000,0000,0000,000,21,21
1787,1787,0,1,0022,0022,0022,0000,0000,0000,000,21,21
1788,1788,0,1,0022,0022,0022,0000,0000,0000,000,21,21
1789,1789,0,1,0022,0022,0022,0000,0000,0000,000,21,21
1790,1790,0,1,0022,0022,0022,0000,0000,0000,000,21,21
1791,1791,0,1,0022,0022,0022,0000,0000,0000,000,21,21
1792,1792,0,1,0022,0022,0022,0000,0000,0000,000,21,21
1793,1793,0,1,0022,0022,0022,0000,0000,0000,000,21,21
1794,1794,0,1,0022,0022,0022,0000,0000,0000,000,21,21
1795,1795,0,1,0022,0022,0022,0000,0000,0000,000,21,21
1796,1796,0,1,0022,0022,0022,0000,0000,0000,000,21,21
1797,1797,0,1,0022,0022,0022,0000,0000,0000,000,21,21
1798,1798,0,1,0022,0022,0022,0000,0000,0000,000,21,21
1799,1799,0,1,0022,0022,0022,0000,0000,0000,000,21,21
1800,1800,0,1,0022,0022,0022,0000,0000,0000,000,21,21
1801,1801,0,1,0022,0022,0022,0000,0000,0000,000,21,21
1802,1802,0,1,0022,0022,0022,0000,0000,0000,000,21,21
1803,1803,0,1,0022,0022,0022,0000,0000,0000,000,21,21
1804,1804,0,1,0022,0022,0022,0000,0000,0000,000,21,21
1805,1805,0,1,0022,0022,0022,0000,0000,0000,000,21,21
1806,1806,0,1,0022,0022,0022,0000,0000,0000,000,21,21
1807,1807,0,1,0022,0022,0022,0000,0000,0000,000,21,21
1808,1808,0,1,0022,0022,0022,0000,0000,0000,000,21,21
1809,1809,0,1,0022,0022,0022,0000,0000,0000,000,21,21
1810,1810,0,1,0022,0022,0022,0000,0000,0000,000,21,21
1811,1811,0,1,0022,0022,0022,0000,0000,0000,000,21,21
1812,1812,0,1,0022,0022,0022,0000,0000,0000,000,21,21
1813,1813,0,1,0022,0022,0022,0000,0000,0000,000,21,21
1814,1814,0,1,0022,0022,0022,0000,0000,0000,000,21,21
1815,1815,0,1,0022,0022,0022,0000,0000,0000,000,21,21
1816,1816,0,1,0022,0022,0022,0000,0000,0000,000,21,21
1817,1817,0,1,0022,0022,0022,0000,0000,0000,000,21,21
1818,1818,0,1,0022,0022,0022,0000,0000,0000,000,21,21
1819,1819,0,1,0022,0022,0022,0000,0000,0000,000,21,21
1820,1820,0,1,0022,0022,0022,0000,0000,0000,000,21,21
1821,1821,0,1,0022,0022,0022,0000,0000,0000,000,21,21
1822,1822,0,1,0022,0022,0022,0000,0000,0000,000,21,21
1823,1823,0,1,0022,0022,0022,0000,0000,0000,000,21,21
1824,1824,0,1,0022,0022,0022,0000,0000,0000,000,21,21
1825,1825,0,1,0022,0022,0022,0000,0000,0000,000,21,21
1826,1826,0,1,0022,0022,0022,0000,0000,0000,000,21,21
1827,1827,0,1,0022,0022,0022,0000,0000,0000,000,21,21
1828,1828,0,1,0022,0022,0022,0000,0000,0000,000,21,21
1829,1829,0,1,0022,0022,0022,0000,0000,0000,000,21,21
1830,1830,0,1,0022,0022,0022,0000,0000,0000,000,21,21
1831,1831,0,1,0022,0022,0022,0000,0000,0000,000,21,21
1832,1832,0,1,0022,0022,0022,0000,0000,0000,000,21,21
1833,1833,0,1,0022,0022,0022,0000,0000,0000,000,21,21
1834,1834,0,1,0022,0022,0022,0000,0000,0000,000,21,21
1835,1835,0,1,0022,0022,0022,0000,0000,0000,000,21,21
1836,1836,0,1,0022,0022,0022,0000,0000,0000,000,21,21
1837,1837,0,1,0022,0022,0022,0000,0000,0000,000,21,21
1838,1838,0,1,0022,0022,0022,0000,0000,0000,000,21,21
1839,1839,0,1,0022,0022,0022,0000,0000,0000,000,21,21
1840,1840,0,1,0022,0022,0022,0000,0000,0000,000,21,21
1841,1841,0,1,0022,0022,0022,0000,0000,0000,000,21,21
1842,1842,0,1,0022,0022,0022,0000,0000,0000,000,21,21
1843,1843,0,1,0022,0022,0022,0000,0000,0000,000,21,21
1844,1844,0,1,0022,0022,0022,0000,0000,0000,000,21,21
1845,1845,0,1,0022,0022,0022,0000,0000,0000,000,21,21
1846,1846,0,1,0022,0022,0022,0000,0000,0000,000,21,21
1847,1847,0,1,0022,0022,0022,0000,0000,0000,000,21,21
1848,1848,0,1,0022,0022,0022,0000,0000,0000,000,21,21
1849,1849,0,1,0022,0022,0022,0000,0000,0000,000,21,21
1850,1850,0,1,0022,0022,0022,0000,0000,0000,000,21,21
1851,1851,0,1,0022,0022,0022,0000,0000,0000,000,21,21
1852,1852,0,1,0022,0022,0022,0000,0000,0000,000,21,21
1853,1853,0,1,0022,0022,0022,0000,0000,0000,000,21,21
1854,1854,0,1,0022,0022,0022,0000,0000,0000,000,21,21
1855,1855,0,1,0022,0022,0022,0000,0000,0000,000,21,21
1856,1856,0,1,0022,0022,0022,0000,0000,0000,000,21,21
1857,1857,0,1,0022,0022,0022,0000,0000,0000,000,21,21
1858,1858,0,1,0022,0022,0022,0000,0000,0000,000,21,21
1859,1859,0,1,0022,0022,0022,0000,0000,0000,000,21,21
1860,1860,0,1,0022,0022,0022,0000,0000,0000,000,21,21
1861,1861,0,1,0022,0022,0022,0000,0000,0000,000,21,21
1862,1862,0,1,0022,0022,0022,0000,0000,0000,000,21,21
1863,1863,0,1,0022,0022,0022,0000,0000,0000,000,21,21
1864,1864,0,1,0022,0022,0022,0000,0000,0000,000,21,21
1865,1865,0,1,0022,0022,0022,0000,0000,0000,000,21,21
1866,1866,0,1,0022,0022,0022,0000,0000,0000,000,21,21
1867,1867,0,1,0022,0022,0022,0000,0000,0000,000,21,21
1868,1868,0,1,0022,0022,0022,0000,0000,0000,000,21,21
1869,1869,0,1,0022,0022,0022,0000,0000,0000,000,21,21
1870,1870,0,1,0022,0022,0022,0000,0000,0000,000,21,21
1871,1871,0,1,0022,0022,0022,0000,0000,0000,000,21,21
1872,1872,0,1,0022,0022,0022,0000,0000,0000,000,21,21
1873,1873,0,1,0022,0022,0022,0000,0000,0000,000,21,21
1874,1874,0,1,0022,0022,0022,0000,0000,0000,000,21,21
1875,1875,0,1,0022,0022,0022,0000,0000,0000,000,21,21
1876,1876,0,1,0022,0022,0022,0000,0000,0000,000,21,21
1877,1877,0,1,0022,0022,0022,0000,0000,0000,000,21,21
1878,1878,0,1,0022,0022,0022,0000,0000,0000,000,21,21
1879,1879,0,1,0022,0022,0022,0000,0000,0000,000,21,21
1880,1880,0,1,0022,0022,0022,0000,0000,0000,000,21,21
1881,1881,0,1,0022,0022,0022,0000,0000,0000,000,21,21
1882,1882,0,1,0022,0022,0022,0000,0000,0000,000,21,21
1883,1883,0,1,0022,0022,0022,0000,0000,0000,000,21,21
1884,1884,0,1,0022,0022,0022,0000,0000,0000,000,21,21
1885,1885,0,1,0022,0022,0022,0000,0000,0000,000,21,21
1886,1886,0,1,0022,0022,0022,0000,0000,0000,000,21,21
1887,1887,0,1,0022,0022,0022,0000,0000,0000,000,21,21
1888,1888,0,1,0022,0022,0022,0000,0000,0000,000,21,21
1889,1889,0,1,0022,0022,0022,0000,0000,0000,000,21,21
1890,1890,0,1,0022,0022,0022,0000,0000,0000,000,21,21
1891,1891,0,1,0022,0022,0022,0000,0000,0000,000,21,21
1892,1892,0,1,0022,0022,0022,0000,0000,0000,000,21,21
1893,1893,0,1,0022,0022,0022,0000,0000,0000,000,21,21
1894,1894,0,1,0022,0022,0022,0000,0000,0000,000,21,21
1895,1895,0,1,0022,0022,0022,0000,0000,0000,000,21,21
1896,1896,0,1,0022,0022,0022,0000,0000,0000,000,21,21
1897,1897,0,1,0022,0022,0022,0000,0000,0000,000,21,21
1898,1898,0,1,0022,0022,0022,0000,0000,0000,000,21,21
1899,1899,0,1,0022,0022,0022,0000,0000,0000,000,21,21
1900,1900,0,1,0022,0022,0022,0000,0000,0000,000,21,21
1901,1901,0,1,0022,0022,0022,0000,0000,0000,000,21,21
1902,1902,0,1,0022,0022,0022,0000,0000,0000,000,21,21
1903,1903,0,1,0022,0022,0022,0000,0000,0000,000,21,21
1904,1904,0,1,0022,0022,0022,0000,0000,0000,000,21,21
1905,1905,0,1,0022,0022,0022,0000,0000,0000,000,21,21
1906,1906,0,1,0022,0022,0022,0000,0000,0000,000,21,21
1907,1907,0,1,0022,0022,0022,0000,0000,0000,000,21,21
1908,1908,0,1,0022,0022,0022,0000,0000,0000,000,21,21
1909,1909,0,1,0022,0022,0022,0000,0000,0000,000,21,21
1910,1910,0,1,0022,0022,0022,0000,0000,0000,000,21,21
1911,1911,0,1,0022,0022,0022,0000,0000,0000,000,21,21
1912,1912,0,1,0022,0022,0022,0000,0000,0000,000,21,21
1913,1913,0,1,0022,0022,0022,0000,0000,0000,000,21,21
1914,1914,0,1,0022,0022,0022,0000,0000,0000,000,21,21
1915,1915,0,1,0022,0022,0022,0000,0000,0000,000,21,21
1916,1916,0,1,0022,0022,0022,0000,0000,0000,000,21,21
1917,1917,0,1,0022,0022,0022,0000,0000,0000,000,21,21
1918,1918,0,1,0022,0022,0022,0000,0000,0000,000,21,21
1919,1919,0,1,0022,0022,0022,0000,0000,0000,000,21,21
1920,1920,0,1,0022,0022,0022,0000,0000,0000,000,21,21
1921,1921,0,1,0022,0022,0022,0000,0000,0000,000,21,21
1922,1922,0,1,0022,0022,0022,0000,0000,0000,000,21,21
1923,1923,0,1,0022,0022,0022,0000,0000,0000,000,21,21
1924,1924,0,1,0022,0022,0022,0000,0000,0000,000,21,21
1925,1925,0,1,0022,0022,0022,0000,0000,0000,000,21,21
1926,1926,0,1,0022,0022,0022,0000,0000,0000,000,21,21
1927,1927,0,1,0022,0022,0022,0000,0000,0000,000,21,21
1928,1928,0,1,0022,0022,0022,0000,0000,0000,000,21,21
1929,1929,0,1,0022,0022,0022,0000,0000,0000,000,21,21
1930,1930,0,1,0022,0022,0022,0000,0000,0000,000,21,21
1931,1931,0,1,0022,0022,0022,0000,0000,0000,000,21,21
1932,1932,0,1,0022,0022,0022,0000,0000,0000,000,21,21
1933,1933,0,1,0022,0022,0022,0000,0000,0000,000,21,21
1934,1934,0,1,0022,0022,0022,0000,0000,0000,000,21,21
1935,1935,0,1,0022,0022,0022,0000,0000,0000,000,21,21
1936,1936,0,1,0022,0022,0022,0000,0000,0000,000,21,21
1937,1937,0,1,0022,0022,0022,0000,0000,0000,000,21,21
1938,1938,0,1,0022,0022,0022,0000,0000,0000,000,21,21
1939,1939,0,1,0022,0022,0022,0000,0000,0000,000,21,21
1940,1940,0,1,0022,0022,0022,0000,0000,0000,000,21,21
1941,1941,0,1,0022,0022,0022,0000,0000,0000,000,21,21
1942,1942,0,1,0022,0022,0022,0000,0000,0000,000,21,21
1943,1943,0,1,0022,0022,0022,0000,0000,0000,000,21,21
1944,1944,0,1,0022,0022,0022,0000,0000,0000,000,21,21
1945,1945,0,1,0022,0022,0022,0000,0000,0000,000,21,21
1946,1946,0,1,0022,0022,0022,0000,0000,0000,000,21,21
1947,1947,0,1,0022,0022,0022,0000,0000,0000,000,21,21
1948,1948,0,1,0022,0022,0022,0000,0000,0000,000,21,21
1949,1949,0,1,0022,0022,0022,0000,0000,0000,000,21,21
1950,1950,0,1,0022,0022,0022,0000,0000,0000,000,21,21
1951,1951,0,1,0022,0022,0022,0000,0000,0000,000,21,21
1952,1952,0,1,0022,0022,0022,0000,0000,0000,000,21,21
1953,1953,0,1,0022,0022,0022,0000,0000,0000,000,21,21
1954,1954,0,1,0022,0022,0022,0000,0000,0000,000,21,21
1955,1955,0,1,0022,0022,0022,0000,0000,0000,000,21,21
1956,1956,0,1,0022,0022,0022,0000,0000,0000,000,21,21
1957,1957,0,1,0022,0022,0022,0000,0000,0000,000,21,21
1958,1958,0,1,0022,0022,0022,0000,0000,0000,000,21,21
1959,1959,0,1,0022,0022,0022,0000,0000,0000,000,21,21
1960,1960,0,1,0022,0022,0022,0000,0000,0000,000,21,21
1961,1961,0,1,0022,0022,0022,0000,0000,0000,000,21,21
1962,1962,0,1,0022,0022,0022,0000,0000,0000,000,21,21
1963,1963,0,1,0022,0022,0022,0000,0000,0000,000,21,21
1964,1964,0,1,0022,0022,0022,0000,0000,0000,000,21,21
1965,1965,0,1,0022,0022,0022,0000,0000,0000,000,21,21
1966,1966,0,1,0022,0022,0022,0000,0000,0000,000,21,21
1967,1967,0,1,0022,0022,0022,0000,0000,0000,000,21,21
1968,1968,0,1,0022,0022,0022,0000,0000,0000,000,21,21
1969,1969,0,1,0022,0022,0022,0000,0000,0000,000,21,21
1970,1970,0,1,0022,0022,0022,0000,0000,0000,000,21,21
1971,1971,0,1,0022,0022,0022,0000,0000,0000,000,21,21
1972,1972,0,1,0022,0022,0022,0000,0000,0000,000,21,21
1973,1973,0,1,0022,0022,0022,0000,0000,0000,000,21,21
1974,1974,0,1,0022,0022,0022,0000,0000,0000,000,21,21
1975,1975,0,1,0022,0022,0022,0000,0000,0000,000,21,21
1976,1976,0,1,0022,0022,0022,0000,0000,0000,000,21,21
1977,1977,0,1,0022,0022,0022,0000,0000,0000,000,21,21
1978,1978,0,1,0022,0022,0022,0000,0000,0000,000,21,21
1979,1979,0,1,0022,0022,0022,0000,0000,0000,000,21,21
1980,1980,0,1,0022,0022,0022,0000,0000,0000,000,21,21
1981,1981,0,1,0022,0022,0022,0000,0000,0000,000,21,21
1982,1982,0,1,0022,0022,0022,0000,0000,0000,000,21,21
1983,1983,0,1,0022,0022,0022,0000,0000,0000,000,21,21
1984,1984,0,1,0022,0022,0022,0000,0000,0000,000,21,21
1985,1985,0,1,0022,0022,0022,0000,0000,0000,000,21,21
1986,1986,0,1,0022,0022,0022,0000,0000,0000,000,21,21
1987,1987,0,1,0022,0022,0022,0000,0000,0000,000,21,21
1988,1988,0,1,0022,0022,0022,0000,0000,0000,000,21,21
1989,1989,0,1,0022,0022,0022,0000,0000,0000,000,21,21
1990,1990,0,1,0022,0022,0022,0000,0000,0000,000,21,21
1991,1991,0,1,0022,0022,0022,0000,0000,0000,000,21,21
1992,1992,0,1,0022,0022,0022,0000,0000,0000,000,21,21
1993,1993,0,1,0022,0022,0022,0000,0000,0000,000,21,21
1994,1994,0,1,0022,0022,0022,0000,0000,0000,000,21,21
1995,1995,0,1,0022,0022,0022,0000,0000,0000,000,21,21
1996,1996,0,1,0022,0022,0022,0000,0000,0000,000,21,21
1997,1997,0,1,0022,0022,0022,0000,0000,0000,000,21,21
1998,1998,0,1,0022,0022,0022,0000,0000,0000,000,21,21
1999,1999,0,1,0022,0022,0022,0000,0000,0000,000,21,21
2000,2000,0,1,0022,0022,0022,0000,0000,0000,000,21,21
2001,2001,0,1,0022,0022,0022,0000,0000,0000,000,21,21
2002,2002,0,1,0022,0022,0022,0000,0000,0000,000,21,21
2003,2003,0,1,0022,0022,0022,0000,0000,0000,000,21,21
2004,2004,0,1,0022,0022,0022,0000,0000,0000,000,21,21
2005,2005,0,1,0022,0022,0022,0000,0000,0000,000,21,21
2006,2006,0,1,0022,0022,0022,0000,0000,0000,000,21,21
2007,2007,0,1,0022,0022,0022,0000,0000,0000,000,21,21
2008,2008,0,1,0022,0022,0022,0000,0000,0000,000,21,21
2009,2009,0,1,0022,0022,0022,0000,0000,0000,000,21,21
2010,2010,0,1,0022,0022,0022,0000,0000,0000,000,21,21
2011,2011,0,1,0022,0022,0022,0000,0000,0000,000,21,21
2012,2012,0,1,0022,0022,0022,0000,0000,0000,000,21,21
2013,2013,0,1,0022,0022,0022,0000,0000,0000,000,21,21
2014,2014,0,1,0022,0022,0022,0000,0000,0000,000,21,21
2015,2015,0,1,0022,0022,0022,0000,0000,0000,000,21,21
2016,2016,0,1,0022,0022,0022,0000,0000,0000,000,21,21
2017,2017,0,1,0022,0022,0022,0000,0000,0000,000,21,21
2018,2018,0,1,0022,0022,0022,0000,0000,0000,000,21,21
2019,2019,0,1,0022,0022,0022,0000,0000,0000,000,21,21
2020,2020,0,1,0022,0022,0022,0000,0000,0000,000,21,21
2021,2021,0,1,0022,0022,0022,0000,0000,0000,000,21,21
2022,2022,0,1,0022,0022,0022,0000,0000,0000,000,21,21
2023,2023,0,1,0022,0022,0022,0000,0000,0000,000,21,21
2024,2024,0,1,0022,0022,0022,0000,0000,0000,000,21,21
2025,2025,0,1,0022,0022,0022,0000,0000,0000,000,21,21
2026,2026,0,1,0022,0022,0022,0000,0000,0000,000,21,21
2027,2027,0,1,0022,0022,0022,0000,0000,0000,000,21,21
2028,2028,0,1,0022,0022,0022,0000,0000,0000,000,21,21
2029,2029,0,1,0022,0022,0022,0000,0000,0000,000,21,21
2030,2030,0,1,0022,0022,0022,0000,0000,0000,000,21,21
2031,2031,0,1,0022,0022,0022,0000,0000,0000,000,21,21
2032,2032,0,1,0022,0022,0022,0000,0000,0000,000,21,21
2033,2033,0,1,0022,0022,0022,0000,0000,0000,000,21,21
2034,2034,0,1,0022,0022,0022,0000,0000,0000,000,21,21
2035,2035,0,1,0022,0022,0022,0000,0000,0000,000,21,21
2036,2036,0,1,0022,0022,0022,0000,0000,0000,000,21,21
2037,2037,0,1,0022,0022,0022,0000,0000,0000,000,21,21
2038,2038,0,1,0022,0022,0022,0000,0000,0000,000,21,21
2039,2039,0,1,0022,0022,0022,0000,0000,0000,000,21,21
2040,2040,0,1,0022,0022,0022,0000,0000,0000,000,21,21
2041,2041,0,1,0022,0022,0022,0000,0000,0000,000,21,21
2042,2042,0,1,0022,0022,0022,0000,0000,0000,000,21,21
2043,2043,0,1,0022,0022,0022,0000,0000,0000,000,21,21
2044,2044,0,1,0022,0022,0022,0000,0000,0000,000,21,21
2045,2045,0,1,0022,0022,0022,0000,0000,0000,000,21,21
2046,2046,0,1,0022,0022,0022,0000,0000,0000,000,21,21
2047,2047,0,1,0022,0022,0022,0000,0000,0000,000,21,21
