Sample in Buffer,Sample in Window,TRIGGER,dbg_rx_tdata[63:0],dbg_rx_tkeep[7:0],dbg_rx_tvalid,dbg_rx_tlast,dbg_up_frames[15:0],dbg_up_bytes[15:0],dbg_up_ovf,dbg_up_stall[15:0],dbg_pk_frames[15:0],dbg_pk_ovf,dbg_prev_wr[15:0],dbg_prev_drop[15:0],dbg_ch_up,dbg_lane_up,dbg_hard_err,dbg_soft_err,dbg_pk_ovf_cnt[15:0],dbg_pfwd_rd[15:0],dbg_hard_err_cnt[15:0],dbg_soft_err_cnt[15:0],dbg_ch_up_evt[15:0],dbg_pfwd_stuck_cnt[15:0],dbg_pfwd_stuck,dbg_mem_u_wr[15:0],dbg_mem_u_rd[15:0],dbg_mem_u_drop[15:0],dbg_mem_rden,dbg_mem_ost_s[8:0],dbg_mem2_u_wr[15:0],dbg_mem2_u_rd[15:0]
Radix - UNSIGNED,UNSIGNED,UNSIGNED,HEX,HEX,HEX,HEX,HEX,HEX,HEX,HEX,HEX,HEX,HEX,HEX,HEX,HEX,HEX,HEX,HEX,HEX,HEX,HEX,HEX,HEX,HEX,HEX,HEX,HEX,HEX,HEX,HEX,HEX
0,0,0,2073736572700000,ff,0,0,0f95,0283,0,0000,0f95,0,0f8d,0008,1,1,0,0,0000,0f95,0000,0000,0000,0000,0,0f95,0f95,0000,0,000,0f95,0f95
1,1,0,2073736572700000,ff,0,0,0f95,0283,0,0000,0f95,0,0f8d,0008,1,1,0,0,0000,0f95,0000,0000,0000,0000,0,0f95,0f95,0000,0,000,0f95,0f95
2,2,0,2073736572700000,ff,0,0,0f95,0283,0,0000,0f95,0,0f8d,0008,1,1,0,0,0000,0f95,0000,0000,0000,0000,0,0f95,0f95,0000,0,000,0f95,0f95
3,3,0,2073736572700000,ff,0,0,0f95,0283,0,0000,0f95,0,0f8d,0008,1,1,0,0,0000,0f95,0000,0000,0000,0000,0,0f95,0f95,0000,0,000,0f95,0f95
4,4,0,2073736572700000,ff,0,0,0f95,0283,0,0000,0f95,0,0f8d,0008,1,1,0,0,0000,0f95,0000,0000,0000,0000,0,0f95,0f95,0000,0,000,0f95,0f95
5,5,0,2073736572700000,ff,0,0,0f95,0283,0,0000,0f95,0,0f8d,0008,1,1,0,0,0000,0f95,0000,0000,0000,0000,0,0f95,0f95,0000,0,000,0f95,0f95
6,6,0,2073736572700000,ff,0,0,0f95,0283,0,0000,0f95,0,0f8d,0008,1,1,0,0,0000,0f95,0000,0000,0000,0000,0,0f95,0f95,0000,0,000,0f95,0f95
7,7,0,2073736572700000,ff,0,0,0f95,0283,0,0000,0f95,0,0f8d,0008,1,1,0,0,0000,0f95,0000,0000,0000,0000,0,0f95,0f95,0000,0,000,0f95,0f95
8,8,0,2073736572700000,ff,0,0,0f95,0283,0,0000,0f95,0,0f8d,0008,1,1,0,0,0000,0f95,0000,0000,0000,0000,0,0f95,0f95,0000,0,000,0f95,0f95
9,9,0,2073736572700000,ff,0,0,0f95,0283,0,0000,0f95,0,0f8d,0008,1,1,0,0,0000,0f95,0000,0000,0000,0000,0,0f95,0f95,0000,0,000,0f95,0f95
10,10,0,2073736572700000,ff,0,0,0f95,0283,0,0000,0f95,0,0f8d,0008,1,1,0,0,0000,0f95,0000,0000,0000,0000,0,0f95,0f95,0000,0,000,0f95,0f95
11,11,0,2073736572700000,ff,0,0,0f95,0283,0,0000,0f95,0,0f8d,0008,1,1,0,0,0000,0f95,0000,0000,0000,0000,0,0f95,0f95,0000,0,000,0f95,0f95
12,12,0,2073736572700000,ff,0,0,0f95,0283,0,0000,0f95,0,0f8d,0008,1,1,0,0,0000,0f95,0000,0000,0000,0000,0,0f95,0f95,0000,0,000,0f95,0f95
13,13,0,2073736572700000,ff,0,0,0f95,0283,0,0000,0f95,0,0f8d,0008,1,1,0,0,0000,0f95,0000,0000,0000,0000,0,0f95,0f95,0000,0,000,0f95,0f95
14,14,0,2073736572700000,ff,0,0,0f95,0283,0,0000,0f95,0,0f8d,0008,1,1,0,0,0000,0f95,0000,0000,0000,0000,0,0f95,0f95,0000,0,000,0f95,0f95
15,15,0,2073736572700000,ff,0,0,0f95,0283,0,0000,0f95,0,0f8d,0008,1,1,0,0,0000,0f95,0000,0000,0000,0000,0,0f95,0f95,0000,0,000,0f95,0f95
16,16,0,2073736572700000,ff,0,0,0f95,0283,0,0000,0f95,0,0f8d,0008,1,1,0,0,0000,0f95,0000,0000,0000,0000,0,0f95,0f95,0000,0,000,0f95,0f95
17,17,0,2073736572700000,ff,0,0,0f95,0283,0,0000,0f95,0,0f8d,0008,1,1,0,0,0000,0f95,0000,0000,0000,0000,0,0f95,0f95,0000,0,000,0f95,0f95
18,18,0,2073736572700000,ff,0,0,0f95,0283,0,0000,0f95,0,0f8d,0008,1,1,0,0,0000,0f95,0000,0000,0000,0000,0,0f95,0f95,0000,0,000,0f95,0f95
19,19,0,2073736572700000,ff,0,0,0f95,0283,0,0000,0f95,0,0f8d,0008,1,1,0,0,0000,0f95,0000,0000,0000,0000,0,0f95,0f95,0000,0,000,0f95,0f95
20,20,0,2073736572700000,ff,0,0,0f95,0283,0,0000,0f95,0,0f8d,0008,1,1,0,0,0000,0f95,0000,0000,0000,0000,0,0f95,0f95,0000,0,000,0f95,0f95
21,21,0,2073736572700000,ff,0,0,0f95,0283,0,0000,0f95,0,0f8d,0008,1,1,0,0,0000,0f95,0000,0000,0000,0000,0,0f95,0f95,0000,0,000,0f95,0f95
22,22,0,2073736572700000,ff,0,0,0f95,0283,0,0000,0f95,0,0f8d,0008,1,1,0,0,0000,0f95,0000,0000,0000,0000,0,0f95,0f95,0000,0,000,0f95,0f95
23,23,0,2073736572700000,ff,0,0,0f95,0283,0,0000,0f95,0,0f8d,0008,1,1,0,0,0000,0f95,0000,0000,0000,0000,0,0f95,0f95,0000,0,000,0f95,0f95
24,24,0,2073736572700000,ff,0,0,0f95,0283,0,0000,0f95,0,0f8d,0008,1,1,0,0,0000,0f95,0000,0000,0000,0000,0,0f95,0f95,0000,0,000,0f95,0f95
25,25,0,2073736572700000,ff,0,0,0f95,0283,0,0000,0f95,0,0f8d,0008,1,1,0,0,0000,0f95,0000,0000,0000,0000,0,0f95,0f95,0000,0,000,0f95,0f95
26,26,0,2073736572700000,ff,0,0,0f95,0283,0,0000,0f95,0,0f8d,0008,1,1,0,0,0000,0f95,0000,0000,0000,0000,0,0f95,0f95,0000,0,000,0f95,0f95
27,27,0,2073736572700000,ff,0,0,0f95,0283,0,0000,0f95,0,0f8d,0008,1,1,0,0,0000,0f95,0000,0000,0000,0000,0,0f95,0f95,0000,0,000,0f95,0f95
28,28,0,2073736572700000,ff,0,0,0f95,0283,0,0000,0f95,0,0f8d,0008,1,1,0,0,0000,0f95,0000,0000,0000,0000,0,0f95,0f95,0000,0,000,0f95,0f95
29,29,0,2073736572700000,ff,0,0,0f95,0283,0,0000,0f95,0,0f8d,0008,1,1,0,0,0000,0f95,0000,0000,0000,0000,0,0f95,0f95,0000,0,000,0f95,0f95
30,30,0,2073736572700000,ff,0,0,0f95,0283,0,0000,0f95,0,0f8d,0008,1,1,0,0,0000,0f95,0000,0000,0000,0000,0,0f95,0f95,0000,0,000,0f95,0f95
31,31,0,2073736572700000,ff,0,0,0f95,0283,0,0000,0f95,0,0f8d,0008,1,1,0,0,0000,0f95,0000,0000,0000,0000,0,0f95,0f95,0000,0,000,0f95,0f95
32,32,0,2073736572700000,ff,0,0,0f95,0283,0,0000,0f95,0,0f8d,0008,1,1,0,0,0000,0f95,0000,0000,0000,0000,0,0f95,0f95,0000,0,000,0f95,0f95
33,33,0,2073736572700000,ff,0,0,0f95,0283,0,0000,0f95,0,0f8d,0008,1,1,0,0,0000,0f95,0000,0000,0000,0000,0,0f95,0f95,0000,0,000,0f95,0f95
34,34,0,2073736572700000,ff,0,0,0f95,0283,0,0000,0f95,0,0f8d,0008,1,1,0,0,0000,0f95,0000,0000,0000,0000,0,0f95,0f95,0000,0,000,0f95,0f95
35,35,0,2073736572700000,ff,0,0,0f95,0283,0,0000,0f95,0,0f8d,0008,1,1,0,0,0000,0f95,0000,0000,0000,0000,0,0f95,0f95,0000,0,000,0f95,0f95
36,36,0,2073736572700000,ff,0,0,0f95,0283,0,0000,0f95,0,0f8d,0008,1,1,0,0,0000,0f95,0000,0000,0000,0000,0,0f95,0f95,0000,0,000,0f95,0f95
37,37,0,2073736572700000,ff,0,0,0f95,0283,0,0000,0f95,0,0f8d,0008,1,1,0,0,0000,0f95,0000,0000,0000,0000,0,0f95,0f95,0000,0,000,0f95,0f95
38,38,0,2073736572700000,ff,0,0,0f95,0283,0,0000,0f95,0,0f8d,0008,1,1,0,0,0000,0f95,0000,0000,0000,0000,0,0f95,0f95,0000,0,000,0f95,0f95
39,39,0,2073736572700000,ff,0,0,0f95,0283,0,0000,0f95,0,0f8d,0008,1,1,0,0,0000,0f95,0000,0000,0000,0000,0,0f95,0f95,0000,0,000,0f95,0f95
40,40,0,2073736572700000,ff,0,0,0f95,0283,0,0000,0f95,0,0f8d,0008,1,1,0,0,0000,0f95,0000,0000,0000,0000,0,0f95,0f95,0000,0,000,0f95,0f95
41,41,0,2073736572700000,ff,0,0,0f95,0283,0,0000,0f95,0,0f8d,0008,1,1,0,0,0000,0f95,0000,0000,0000,0000,0,0f95,0f95,0000,0,000,0f95,0f95
42,42,0,2073736572700000,ff,0,0,0f95,0283,0,0000,0f95,0,0f8d,0008,1,1,0,0,0000,0f95,0000,0000,0000,0000,0,0f95,0f95,0000,0,000,0f95,0f95
43,43,0,2073736572700000,ff,0,0,0f95,0283,0,0000,0f95,0,0f8d,0008,1,1,0,0,0000,0f95,0000,0000,0000,0000,0,0f95,0f95,0000,0,000,0f95,0f95
44,44,0,2073736572700000,ff,0,0,0f95,0283,0,0000,0f95,0,0f8d,0008,1,1,0,0,0000,0f95,0000,0000,0000,0000,0,0f95,0f95,0000,0,000,0f95,0f95
45,45,0,2073736572700000,ff,0,0,0f95,0283,0,0000,0f95,0,0f8d,0008,1,1,0,0,0000,0f95,0000,0000,0000,0000,0,0f95,0f95,0000,0,000,0f95,0f95
46,46,0,2073736572700000,ff,0,0,0f95,0283,0,0000,0f95,0,0f8d,0008,1,1,0,0,0000,0f95,0000,0000,0000,0000,0,0f95,0f95,0000,0,000,0f95,0f95
47,47,0,2073736572700000,ff,0,0,0f95,0283,0,0000,0f95,0,0f8d,0008,1,1,0,0,0000,0f95,0000,0000,0000,0000,0,0f95,0f95,0000,0,000,0f95,0f95
48,48,0,2073736572700000,ff,0,0,0f95,0283,0,0000,0f95,0,0f8d,0008,1,1,0,0,0000,0f95,0000,0000,0000,0000,0,0f95,0f95,0000,0,000,0f95,0f95
49,49,0,2073736572700000,ff,0,0,0f95,0283,0,0000,0f95,0,0f8d,0008,1,1,0,0,0000,0f95,0000,0000,0000,0000,0,0f95,0f95,0000,0,000,0f95,0f95
50,50,0,2073736572700000,ff,0,0,0f95,0283,0,0000,0f95,0,0f8d,0008,1,1,0,0,0000,0f95,0000,0000,0000,0000,0,0f95,0f95,0000,0,000,0f95,0f95
51,51,0,2073736572700000,ff,0,0,0f95,0283,0,0000,0f95,0,0f8d,0008,1,1,0,0,0000,0f95,0000,0000,0000,0000,0,0f95,0f95,0000,0,000,0f95,0f95
52,52,0,2073736572700000,ff,0,0,0f95,0283,0,0000,0f95,0,0f8d,0008,1,1,0,0,0000,0f95,0000,0000,0000,0000,0,0f95,0f95,0000,0,000,0f95,0f95
53,53,0,2073736572700000,ff,0,0,0f95,0283,0,0000,0f95,0,0f8d,0008,1,1,0,0,0000,0f95,0000,0000,0000,0000,0,0f95,0f95,0000,0,000,0f95,0f95
54,54,0,2073736572700000,ff,0,0,0f95,0283,0,0000,0f95,0,0f8d,0008,1,1,0,0,0000,0f95,0000,0000,0000,0000,0,0f95,0f95,0000,0,000,0f95,0f95
55,55,0,2073736572700000,ff,0,0,0f95,0283,0,0000,0f95,0,0f8d,0008,1,1,0,0,0000,0f95,0000,0000,0000,0000,0,0f95,0f95,0000,0,000,0f95,0f95
56,56,0,2073736572700000,ff,0,0,0f95,0283,0,0000,0f95,0,0f8d,0008,1,1,0,0,0000,0f95,0000,0000,0000,0000,0,0f95,0f95,0000,0,000,0f95,0f95
57,57,0,2073736572700000,ff,0,0,0f95,0283,0,0000,0f95,0,0f8d,0008,1,1,0,0,0000,0f95,0000,0000,0000,0000,0,0f95,0f95,0000,0,000,0f95,0f95
58,58,0,2073736572700000,ff,0,0,0f95,0283,0,0000,0f95,0,0f8d,0008,1,1,0,0,0000,0f95,0000,0000,0000,0000,0,0f95,0f95,0000,0,000,0f95,0f95
59,59,0,2073736572700000,ff,0,0,0f95,0283,0,0000,0f95,0,0f8d,0008,1,1,0,0,0000,0f95,0000,0000,0000,0000,0,0f95,0f95,0000,0,000,0f95,0f95
60,60,0,2073736572700000,ff,0,0,0f95,0283,0,0000,0f95,0,0f8d,0008,1,1,0,0,0000,0f95,0000,0000,0000,0000,0,0f95,0f95,0000,0,000,0f95,0f95
61,61,0,2073736572700000,ff,0,0,0f95,0283,0,0000,0f95,0,0f8d,0008,1,1,0,0,0000,0f95,0000,0000,0000,0000,0,0f95,0f95,0000,0,000,0f95,0f95
62,62,0,2073736572700000,ff,0,0,0f95,0283,0,0000,0f95,0,0f8d,0008,1,1,0,0,0000,0f95,0000,0000,0000,0000,0,0f95,0f95,0000,0,000,0f95,0f95
63,63,0,2073736572700000,ff,0,0,0f95,0283,0,0000,0f95,0,0f8d,0008,1,1,0,0,0000,0f95,0000,0000,0000,0000,0,0f95,0f95,0000,0,000,0f95,0f95
64,64,0,2073736572700000,ff,0,0,0f95,0283,0,0000,0f95,0,0f8d,0008,1,1,0,0,0000,0f95,0000,0000,0000,0000,0,0f95,0f95,0000,0,000,0f95,0f95
65,65,0,2073736572700000,ff,0,0,0f95,0283,0,0000,0f95,0,0f8d,0008,1,1,0,0,0000,0f95,0000,0000,0000,0000,0,0f95,0f95,0000,0,000,0f95,0f95
66,66,0,2073736572700000,ff,0,0,0f95,0283,0,0000,0f95,0,0f8d,0008,1,1,0,0,0000,0f95,0000,0000,0000,0000,0,0f95,0f95,0000,0,000,0f95,0f95
67,67,0,2073736572700000,ff,0,0,0f95,0283,0,0000,0f95,0,0f8d,0008,1,1,0,0,0000,0f95,0000,0000,0000,0000,0,0f95,0f95,0000,0,000,0f95,0f95
68,68,0,2073736572700000,ff,0,0,0f95,0283,0,0000,0f95,0,0f8d,0008,1,1,0,0,0000,0f95,0000,0000,0000,0000,0,0f95,0f95,0000,0,000,0f95,0f95
69,69,0,2073736572700000,ff,0,0,0f95,0283,0,0000,0f95,0,0f8d,0008,1,1,0,0,0000,0f95,0000,0000,0000,0000,0,0f95,0f95,0000,0,000,0f95,0f95
70,70,0,2073736572700000,ff,0,0,0f95,0283,0,0000,0f95,0,0f8d,0008,1,1,0,0,0000,0f95,0000,0000,0000,0000,0,0f95,0f95,0000,0,000,0f95,0f95
71,71,0,2073736572700000,ff,0,0,0f95,0283,0,0000,0f95,0,0f8d,0008,1,1,0,0,0000,0f95,0000,0000,0000,0000,0,0f95,0f95,0000,0,000,0f95,0f95
72,72,0,2073736572700000,ff,0,0,0f95,0283,0,0000,0f95,0,0f8d,0008,1,1,0,0,0000,0f95,0000,0000,0000,0000,0,0f95,0f95,0000,0,000,0f95,0f95
73,73,0,2073736572700000,ff,0,0,0f95,0283,0,0000,0f95,0,0f8d,0008,1,1,0,0,0000,0f95,0000,0000,0000,0000,0,0f95,0f95,0000,0,000,0f95,0f95
74,74,0,2073736572700000,ff,0,0,0f95,0283,0,0000,0f95,0,0f8d,0008,1,1,0,0,0000,0f95,0000,0000,0000,0000,0,0f95,0f95,0000,0,000,0f95,0f95
75,75,0,2073736572700000,ff,0,0,0f95,0283,0,0000,0f95,0,0f8d,0008,1,1,0,0,0000,0f95,0000,0000,0000,0000,0,0f95,0f95,0000,0,000,0f95,0f95
76,76,0,2073736572700000,ff,0,0,0f95,0283,0,0000,0f95,0,0f8d,0008,1,1,0,0,0000,0f95,0000,0000,0000,0000,0,0f95,0f95,0000,0,000,0f95,0f95
77,77,0,2073736572700000,ff,0,0,0f95,0283,0,0000,0f95,0,0f8d,0008,1,1,0,0,0000,0f95,0000,0000,0000,0000,0,0f95,0f95,0000,0,000,0f95,0f95
78,78,0,2073736572700000,ff,0,0,0f95,0283,0,0000,0f95,0,0f8d,0008,1,1,0,0,0000,0f95,0000,0000,0000,0000,0,0f95,0f95,0000,0,000,0f95,0f95
79,79,0,2073736572700000,ff,0,0,0f95,0283,0,0000,0f95,0,0f8d,0008,1,1,0,0,0000,0f95,0000,0000,0000,0000,0,0f95,0f95,0000,0,000,0f95,0f95
80,80,0,2073736572700000,ff,0,0,0f95,0283,0,0000,0f95,0,0f8d,0008,1,1,0,0,0000,0f95,0000,0000,0000,0000,0,0f95,0f95,0000,0,000,0f95,0f95
81,81,0,2073736572700000,ff,0,0,0f95,0283,0,0000,0f95,0,0f8d,0008,1,1,0,0,0000,0f95,0000,0000,0000,0000,0,0f95,0f95,0000,0,000,0f95,0f95
82,82,0,2073736572700000,ff,0,0,0f95,0283,0,0000,0f95,0,0f8d,0008,1,1,0,0,0000,0f95,0000,0000,0000,0000,0,0f95,0f95,0000,0,000,0f95,0f95
83,83,0,2073736572700000,ff,0,0,0f95,0283,0,0000,0f95,0,0f8d,0008,1,1,0,0,0000,0f95,0000,0000,0000,0000,0,0f95,0f95,0000,0,000,0f95,0f95
84,84,0,2073736572700000,ff,0,0,0f95,0283,0,0000,0f95,0,0f8d,0008,1,1,0,0,0000,0f95,0000,0000,0000,0000,0,0f95,0f95,0000,0,000,0f95,0f95
85,85,0,2073736572700000,ff,0,0,0f95,0283,0,0000,0f95,0,0f8d,0008,1,1,0,0,0000,0f95,0000,0000,0000,0000,0,0f95,0f95,0000,0,000,0f95,0f95
86,86,0,2073736572700000,ff,0,0,0f95,0283,0,0000,0f95,0,0f8d,0008,1,1,0,0,0000,0f95,0000,0000,0000,0000,0,0f95,0f95,0000,0,000,0f95,0f95
87,87,0,2073736572700000,ff,0,0,0f95,0283,0,0000,0f95,0,0f8d,0008,1,1,0,0,0000,0f95,0000,0000,0000,0000,0,0f95,0f95,0000,0,000,0f95,0f95
88,88,0,2073736572700000,ff,0,0,0f95,0283,0,0000,0f95,0,0f8d,0008,1,1,0,0,0000,0f95,0000,0000,0000,0000,0,0f95,0f95,0000,0,000,0f95,0f95
89,89,0,2073736572700000,ff,0,0,0f95,0283,0,0000,0f95,0,0f8d,0008,1,1,0,0,0000,0f95,0000,0000,0000,0000,0,0f95,0f95,0000,0,000,0f95,0f95
90,90,0,2073736572700000,ff,0,0,0f95,0283,0,0000,0f95,0,0f8d,0008,1,1,0,0,0000,0f95,0000,0000,0000,0000,0,0f95,0f95,0000,0,000,0f95,0f95
91,91,0,2073736572700000,ff,0,0,0f95,0283,0,0000,0f95,0,0f8d,0008,1,1,0,0,0000,0f95,0000,0000,0000,0000,0,0f95,0f95,0000,0,000,0f95,0f95
92,92,0,2073736572700000,ff,0,0,0f95,0283,0,0000,0f95,0,0f8d,0008,1,1,0,0,0000,0f95,0000,0000,0000,0000,0,0f95,0f95,0000,0,000,0f95,0f95
93,93,0,2073736572700000,ff,0,0,0f95,0283,0,0000,0f95,0,0f8d,0008,1,1,0,0,0000,0f95,0000,0000,0000,0000,0,0f95,0f95,0000,0,000,0f95,0f95
94,94,0,2073736572700000,ff,0,0,0f95,0283,0,0000,0f95,0,0f8d,0008,1,1,0,0,0000,0f95,0000,0000,0000,0000,0,0f95,0f95,0000,0,000,0f95,0f95
95,95,0,2073736572700000,ff,0,0,0f95,0283,0,0000,0f95,0,0f8d,0008,1,1,0,0,0000,0f95,0000,0000,0000,0000,0,0f95,0f95,0000,0,000,0f95,0f95
96,96,0,2073736572700000,ff,0,0,0f95,0283,0,0000,0f95,0,0f8d,0008,1,1,0,0,0000,0f95,0000,0000,0000,0000,0,0f95,0f95,0000,0,000,0f95,0f95
97,97,0,2073736572700000,ff,0,0,0f95,0283,0,0000,0f95,0,0f8d,0008,1,1,0,0,0000,0f95,0000,0000,0000,0000,0,0f95,0f95,0000,0,000,0f95,0f95
98,98,0,2073736572700000,ff,0,0,0f95,0283,0,0000,0f95,0,0f8d,0008,1,1,0,0,0000,0f95,0000,0000,0000,0000,0,0f95,0f95,0000,0,000,0f95,0f95
99,99,0,2073736572700000,ff,0,0,0f95,0283,0,0000,0f95,0,0f8d,0008,1,1,0,0,0000,0f95,0000,0000,0000,0000,0,0f95,0f95,0000,0,000,0f95,0f95
100,100,0,2073736572700000,ff,0,0,0f95,0283,0,0000,0f95,0,0f8d,0008,1,1,0,0,0000,0f95,0000,0000,0000,0000,0,0f95,0f95,0000,0,000,0f95,0f95
101,101,0,2073736572700000,ff,0,0,0f95,0283,0,0000,0f95,0,0f8d,0008,1,1,0,0,0000,0f95,0000,0000,0000,0000,0,0f95,0f95,0000,0,000,0f95,0f95
102,102,0,2073736572700000,ff,0,0,0f95,0283,0,0000,0f95,0,0f8d,0008,1,1,0,0,0000,0f95,0000,0000,0000,0000,0,0f95,0f95,0000,0,000,0f95,0f95
103,103,0,2073736572700000,ff,0,0,0f95,0283,0,0000,0f95,0,0f8d,0008,1,1,0,0,0000,0f95,0000,0000,0000,0000,0,0f95,0f95,0000,0,000,0f95,0f95
104,104,0,2073736572700000,ff,0,0,0f95,0283,0,0000,0f95,0,0f8d,0008,1,1,0,0,0000,0f95,0000,0000,0000,0000,0,0f95,0f95,0000,0,000,0f95,0f95
105,105,0,2073736572700000,ff,0,0,0f95,0283,0,0000,0f95,0,0f8d,0008,1,1,0,0,0000,0f95,0000,0000,0000,0000,0,0f95,0f95,0000,0,000,0f95,0f95
106,106,0,2073736572700000,ff,0,0,0f95,0283,0,0000,0f95,0,0f8d,0008,1,1,0,0,0000,0f95,0000,0000,0000,0000,0,0f95,0f95,0000,0,000,0f95,0f95
107,107,0,2073736572700000,ff,0,0,0f95,0283,0,0000,0f95,0,0f8d,0008,1,1,0,0,0000,0f95,0000,0000,0000,0000,0,0f95,0f95,0000,0,000,0f95,0f95
108,108,0,2073736572700000,ff,0,0,0f95,0283,0,0000,0f95,0,0f8d,0008,1,1,0,0,0000,0f95,0000,0000,0000,0000,0,0f95,0f95,0000,0,000,0f95,0f95
109,109,0,2073736572700000,ff,0,0,0f95,0283,0,0000,0f95,0,0f8d,0008,1,1,0,0,0000,0f95,0000,0000,0000,0000,0,0f95,0f95,0000,0,000,0f95,0f95
110,110,0,2073736572700000,ff,0,0,0f95,0283,0,0000,0f95,0,0f8d,0008,1,1,0,0,0000,0f95,0000,0000,0000,0000,0,0f95,0f95,0000,0,000,0f95,0f95
111,111,0,2073736572700000,ff,0,0,0f95,0283,0,0000,0f95,0,0f8d,0008,1,1,0,0,0000,0f95,0000,0000,0000,0000,0,0f95,0f95,0000,0,000,0f95,0f95
112,112,0,2073736572700000,ff,0,0,0f95,0283,0,0000,0f95,0,0f8d,0008,1,1,0,0,0000,0f95,0000,0000,0000,0000,0,0f95,0f95,0000,0,000,0f95,0f95
113,113,0,2073736572700000,ff,0,0,0f95,0283,0,0000,0f95,0,0f8d,0008,1,1,0,0,0000,0f95,0000,0000,0000,0000,0,0f95,0f95,0000,0,000,0f95,0f95
114,114,0,2073736572700000,ff,0,0,0f95,0283,0,0000,0f95,0,0f8d,0008,1,1,0,0,0000,0f95,0000,0000,0000,0000,0,0f95,0f95,0000,0,000,0f95,0f95
115,115,0,2073736572700000,ff,0,0,0f95,0283,0,0000,0f95,0,0f8d,0008,1,1,0,0,0000,0f95,0000,0000,0000,0000,0,0f95,0f95,0000,0,000,0f95,0f95
116,116,0,2073736572700000,ff,0,0,0f95,0283,0,0000,0f95,0,0f8d,0008,1,1,0,0,0000,0f95,0000,0000,0000,0000,0,0f95,0f95,0000,0,000,0f95,0f95
117,117,0,2073736572700000,ff,0,0,0f95,0283,0,0000,0f95,0,0f8d,0008,1,1,0,0,0000,0f95,0000,0000,0000,0000,0,0f95,0f95,0000,0,000,0f95,0f95
118,118,0,2073736572700000,ff,0,0,0f95,0283,0,0000,0f95,0,0f8d,0008,1,1,0,0,0000,0f95,0000,0000,0000,0000,0,0f95,0f95,0000,0,000,0f95,0f95
119,119,0,2073736572700000,ff,0,0,0f95,0283,0,0000,0f95,0,0f8d,0008,1,1,0,0,0000,0f95,0000,0000,0000,0000,0,0f95,0f95,0000,0,000,0f95,0f95
120,120,0,2073736572700000,ff,0,0,0f95,0283,0,0000,0f95,0,0f8d,0008,1,1,0,0,0000,0f95,0000,0000,0000,0000,0,0f95,0f95,0000,0,000,0f95,0f95
121,121,0,2073736572700000,ff,0,0,0f95,0283,0,0000,0f95,0,0f8d,0008,1,1,0,0,0000,0f95,0000,0000,0000,0000,0,0f95,0f95,0000,0,000,0f95,0f95
122,122,0,2073736572700000,ff,0,0,0f95,0283,0,0000,0f95,0,0f8d,0008,1,1,0,0,0000,0f95,0000,0000,0000,0000,0,0f95,0f95,0000,0,000,0f95,0f95
123,123,0,2073736572700000,ff,0,0,0f95,0283,0,0000,0f95,0,0f8d,0008,1,1,0,0,0000,0f95,0000,0000,0000,0000,0,0f95,0f95,0000,0,000,0f95,0f95
124,124,0,2073736572700000,ff,0,0,0f95,0283,0,0000,0f95,0,0f8d,0008,1,1,0,0,0000,0f95,0000,0000,0000,0000,0,0f95,0f95,0000,0,000,0f95,0f95
125,125,0,2073736572700000,ff,0,0,0f95,0283,0,0000,0f95,0,0f8d,0008,1,1,0,0,0000,0f95,0000,0000,0000,0000,0,0f95,0f95,0000,0,000,0f95,0f95
126,126,0,2073736572700000,ff,0,0,0f95,0283,0,0000,0f95,0,0f8d,0008,1,1,0,0,0000,0f95,0000,0000,0000,0000,0,0f95,0f95,0000,0,000,0f95,0f95
127,127,0,2073736572700000,ff,0,0,0f95,0283,0,0000,0f95,0,0f8d,0008,1,1,0,0,0000,0f95,0000,0000,0000,0000,0,0f95,0f95,0000,0,000,0f95,0f95
128,128,0,2073736572700000,ff,0,0,0f95,0283,0,0000,0f95,0,0f8d,0008,1,1,0,0,0000,0f95,0000,0000,0000,0000,0,0f95,0f95,0000,0,000,0f95,0f95
129,129,0,2073736572700000,ff,0,0,0f95,0283,0,0000,0f95,0,0f8d,0008,1,1,0,0,0000,0f95,0000,0000,0000,0000,0,0f95,0f95,0000,0,000,0f95,0f95
130,130,0,2073736572700000,ff,0,0,0f95,0283,0,0000,0f95,0,0f8d,0008,1,1,0,0,0000,0f95,0000,0000,0000,0000,0,0f95,0f95,0000,0,000,0f95,0f95
131,131,0,2073736572700000,ff,0,0,0f95,0283,0,0000,0f95,0,0f8d,0008,1,1,0,0,0000,0f95,0000,0000,0000,0000,0,0f95,0f95,0000,0,000,0f95,0f95
132,132,0,2073736572700000,ff,0,0,0f95,0283,0,0000,0f95,0,0f8d,0008,1,1,0,0,0000,0f95,0000,0000,0000,0000,0,0f95,0f95,0000,0,000,0f95,0f95
133,133,0,2073736572700000,ff,0,0,0f95,0283,0,0000,0f95,0,0f8d,0008,1,1,0,0,0000,0f95,0000,0000,0000,0000,0,0f95,0f95,0000,0,000,0f95,0f95
134,134,0,2073736572700000,ff,0,0,0f95,0283,0,0000,0f95,0,0f8d,0008,1,1,0,0,0000,0f95,0000,0000,0000,0000,0,0f95,0f95,0000,0,000,0f95,0f95
135,135,0,2073736572700000,ff,0,0,0f95,0283,0,0000,0f95,0,0f8d,0008,1,1,0,0,0000,0f95,0000,0000,0000,0000,0,0f95,0f95,0000,0,000,0f95,0f95
136,136,0,2073736572700000,ff,0,0,0f95,0283,0,0000,0f95,0,0f8d,0008,1,1,0,0,0000,0f95,0000,0000,0000,0000,0,0f95,0f95,0000,0,000,0f95,0f95
137,137,0,2073736572700000,ff,0,0,0f95,0283,0,0000,0f95,0,0f8d,0008,1,1,0,0,0000,0f95,0000,0000,0000,0000,0,0f95,0f95,0000,0,000,0f95,0f95
138,138,0,2073736572700000,ff,0,0,0f95,0283,0,0000,0f95,0,0f8d,0008,1,1,0,0,0000,0f95,0000,0000,0000,0000,0,0f95,0f95,0000,0,000,0f95,0f95
139,139,0,2073736572700000,ff,0,0,0f95,0283,0,0000,0f95,0,0f8d,0008,1,1,0,0,0000,0f95,0000,0000,0000,0000,0,0f95,0f95,0000,0,000,0f95,0f95
140,140,0,2073736572700000,ff,0,0,0f95,0283,0,0000,0f95,0,0f8d,0008,1,1,0,0,0000,0f95,0000,0000,0000,0000,0,0f95,0f95,0000,0,000,0f95,0f95
141,141,0,2073736572700000,ff,0,0,0f95,0283,0,0000,0f95,0,0f8d,0008,1,1,0,0,0000,0f95,0000,0000,0000,0000,0,0f95,0f95,0000,0,000,0f95,0f95
142,142,0,2073736572700000,ff,0,0,0f95,0283,0,0000,0f95,0,0f8d,0008,1,1,0,0,0000,0f95,0000,0000,0000,0000,0,0f95,0f95,0000,0,000,0f95,0f95
143,143,0,2073736572700000,ff,0,0,0f95,0283,0,0000,0f95,0,0f8d,0008,1,1,0,0,0000,0f95,0000,0000,0000,0000,0,0f95,0f95,0000,0,000,0f95,0f95
144,144,0,2073736572700000,ff,0,0,0f95,0283,0,0000,0f95,0,0f8d,0008,1,1,0,0,0000,0f95,0000,0000,0000,0000,0,0f95,0f95,0000,0,000,0f95,0f95
145,145,0,2073736572700000,ff,0,0,0f95,0283,0,0000,0f95,0,0f8d,0008,1,1,0,0,0000,0f95,0000,0000,0000,0000,0,0f95,0f95,0000,0,000,0f95,0f95
146,146,0,2073736572700000,ff,0,0,0f95,0283,0,0000,0f95,0,0f8d,0008,1,1,0,0,0000,0f95,0000,0000,0000,0000,0,0f95,0f95,0000,0,000,0f95,0f95
147,147,0,2073736572700000,ff,0,0,0f95,0283,0,0000,0f95,0,0f8d,0008,1,1,0,0,0000,0f95,0000,0000,0000,0000,0,0f95,0f95,0000,0,000,0f95,0f95
148,148,0,2073736572700000,ff,0,0,0f95,0283,0,0000,0f95,0,0f8d,0008,1,1,0,0,0000,0f95,0000,0000,0000,0000,0,0f95,0f95,0000,0,000,0f95,0f95
149,149,0,2073736572700000,ff,0,0,0f95,0283,0,0000,0f95,0,0f8d,0008,1,1,0,0,0000,0f95,0000,0000,0000,0000,0,0f95,0f95,0000,0,000,0f95,0f95
150,150,0,2073736572700000,ff,0,0,0f95,0283,0,0000,0f95,0,0f8d,0008,1,1,0,0,0000,0f95,0000,0000,0000,0000,0,0f95,0f95,0000,0,000,0f95,0f95
151,151,0,2073736572700000,ff,0,0,0f95,0283,0,0000,0f95,0,0f8d,0008,1,1,0,0,0000,0f95,0000,0000,0000,0000,0,0f95,0f95,0000,0,000,0f95,0f95
152,152,0,2073736572700000,ff,0,0,0f95,0283,0,0000,0f95,0,0f8d,0008,1,1,0,0,0000,0f95,0000,0000,0000,0000,0,0f95,0f95,0000,0,000,0f95,0f95
153,153,0,2073736572700000,ff,0,0,0f95,0283,0,0000,0f95,0,0f8d,0008,1,1,0,0,0000,0f95,0000,0000,0000,0000,0,0f95,0f95,0000,0,000,0f95,0f95
154,154,0,2073736572700000,ff,0,0,0f95,0283,0,0000,0f95,0,0f8d,0008,1,1,0,0,0000,0f95,0000,0000,0000,0000,0,0f95,0f95,0000,0,000,0f95,0f95
155,155,0,2073736572700000,ff,0,0,0f95,0283,0,0000,0f95,0,0f8d,0008,1,1,0,0,0000,0f95,0000,0000,0000,0000,0,0f95,0f95,0000,0,000,0f95,0f95
156,156,0,2073736572700000,ff,0,0,0f95,0283,0,0000,0f95,0,0f8d,0008,1,1,0,0,0000,0f95,0000,0000,0000,0000,0,0f95,0f95,0000,0,000,0f95,0f95
157,157,0,2073736572700000,ff,0,0,0f95,0283,0,0000,0f95,0,0f8d,0008,1,1,0,0,0000,0f95,0000,0000,0000,0000,0,0f95,0f95,0000,0,000,0f95,0f95
158,158,0,2073736572700000,ff,0,0,0f95,0283,0,0000,0f95,0,0f8d,0008,1,1,0,0,0000,0f95,0000,0000,0000,0000,0,0f95,0f95,0000,0,000,0f95,0f95
159,159,0,2073736572700000,ff,0,0,0f95,0283,0,0000,0f95,0,0f8d,0008,1,1,0,0,0000,0f95,0000,0000,0000,0000,0,0f95,0f95,0000,0,000,0f95,0f95
160,160,0,2073736572700000,ff,0,0,0f95,0283,0,0000,0f95,0,0f8d,0008,1,1,0,0,0000,0f95,0000,0000,0000,0000,0,0f95,0f95,0000,0,000,0f95,0f95
161,161,0,2073736572700000,ff,0,0,0f95,0283,0,0000,0f95,0,0f8d,0008,1,1,0,0,0000,0f95,0000,0000,0000,0000,0,0f95,0f95,0000,0,000,0f95,0f95
162,162,0,2073736572700000,ff,0,0,0f95,0283,0,0000,0f95,0,0f8d,0008,1,1,0,0,0000,0f95,0000,0000,0000,0000,0,0f95,0f95,0000,0,000,0f95,0f95
163,163,0,2073736572700000,ff,0,0,0f95,0283,0,0000,0f95,0,0f8d,0008,1,1,0,0,0000,0f95,0000,0000,0000,0000,0,0f95,0f95,0000,0,000,0f95,0f95
164,164,0,2073736572700000,ff,0,0,0f95,0283,0,0000,0f95,0,0f8d,0008,1,1,0,0,0000,0f95,0000,0000,0000,0000,0,0f95,0f95,0000,0,000,0f95,0f95
165,165,0,2073736572700000,ff,0,0,0f95,0283,0,0000,0f95,0,0f8d,0008,1,1,0,0,0000,0f95,0000,0000,0000,0000,0,0f95,0f95,0000,0,000,0f95,0f95
166,166,0,2073736572700000,ff,0,0,0f95,0283,0,0000,0f95,0,0f8d,0008,1,1,0,0,0000,0f95,0000,0000,0000,0000,0,0f95,0f95,0000,0,000,0f95,0f95
167,167,0,2073736572700000,ff,0,0,0f95,0283,0,0000,0f95,0,0f8d,0008,1,1,0,0,0000,0f95,0000,0000,0000,0000,0,0f95,0f95,0000,0,000,0f95,0f95
168,168,0,2073736572700000,ff,0,0,0f95,0283,0,0000,0f95,0,0f8d,0008,1,1,0,0,0000,0f95,0000,0000,0000,0000,0,0f95,0f95,0000,0,000,0f95,0f95
169,169,0,2073736572700000,ff,0,0,0f95,0283,0,0000,0f95,0,0f8d,0008,1,1,0,0,0000,0f95,0000,0000,0000,0000,0,0f95,0f95,0000,0,000,0f95,0f95
170,170,0,2073736572700000,ff,0,0,0f95,0283,0,0000,0f95,0,0f8d,0008,1,1,0,0,0000,0f95,0000,0000,0000,0000,0,0f95,0f95,0000,0,000,0f95,0f95
171,171,0,2073736572700000,ff,0,0,0f95,0283,0,0000,0f95,0,0f8d,0008,1,1,0,0,0000,0f95,0000,0000,0000,0000,0,0f95,0f95,0000,0,000,0f95,0f95
172,172,0,2073736572700000,ff,0,0,0f95,0283,0,0000,0f95,0,0f8d,0008,1,1,0,0,0000,0f95,0000,0000,0000,0000,0,0f95,0f95,0000,0,000,0f95,0f95
173,173,0,2073736572700000,ff,0,0,0f95,0283,0,0000,0f95,0,0f8d,0008,1,1,0,0,0000,0f95,0000,0000,0000,0000,0,0f95,0f95,0000,0,000,0f95,0f95
174,174,0,2073736572700000,ff,0,0,0f95,0283,0,0000,0f95,0,0f8d,0008,1,1,0,0,0000,0f95,0000,0000,0000,0000,0,0f95,0f95,0000,0,000,0f95,0f95
175,175,0,2073736572700000,ff,0,0,0f95,0283,0,0000,0f95,0,0f8d,0008,1,1,0,0,0000,0f95,0000,0000,0000,0000,0,0f95,0f95,0000,0,000,0f95,0f95
176,176,0,2073736572700000,ff,0,0,0f95,0283,0,0000,0f95,0,0f8d,0008,1,1,0,0,0000,0f95,0000,0000,0000,0000,0,0f95,0f95,0000,0,000,0f95,0f95
177,177,0,2073736572700000,ff,0,0,0f95,0283,0,0000,0f95,0,0f8d,0008,1,1,0,0,0000,0f95,0000,0000,0000,0000,0,0f95,0f95,0000,0,000,0f95,0f95
178,178,0,2073736572700000,ff,0,0,0f95,0283,0,0000,0f95,0,0f8d,0008,1,1,0,0,0000,0f95,0000,0000,0000,0000,0,0f95,0f95,0000,0,000,0f95,0f95
179,179,0,2073736572700000,ff,0,0,0f95,0283,0,0000,0f95,0,0f8d,0008,1,1,0,0,0000,0f95,0000,0000,0000,0000,0,0f95,0f95,0000,0,000,0f95,0f95
180,180,0,2073736572700000,ff,0,0,0f95,0283,0,0000,0f95,0,0f8d,0008,1,1,0,0,0000,0f95,0000,0000,0000,0000,0,0f95,0f95,0000,0,000,0f95,0f95
181,181,0,2073736572700000,ff,0,0,0f95,0283,0,0000,0f95,0,0f8d,0008,1,1,0,0,0000,0f95,0000,0000,0000,0000,0,0f95,0f95,0000,0,000,0f95,0f95
182,182,0,2073736572700000,ff,0,0,0f95,0283,0,0000,0f95,0,0f8d,0008,1,1,0,0,0000,0f95,0000,0000,0000,0000,0,0f95,0f95,0000,0,000,0f95,0f95
183,183,0,2073736572700000,ff,0,0,0f95,0283,0,0000,0f95,0,0f8d,0008,1,1,0,0,0000,0f95,0000,0000,0000,0000,0,0f95,0f95,0000,0,000,0f95,0f95
184,184,0,2073736572700000,ff,0,0,0f95,0283,0,0000,0f95,0,0f8d,0008,1,1,0,0,0000,0f95,0000,0000,0000,0000,0,0f95,0f95,0000,0,000,0f95,0f95
185,185,0,2073736572700000,ff,0,0,0f95,0283,0,0000,0f95,0,0f8d,0008,1,1,0,0,0000,0f95,0000,0000,0000,0000,0,0f95,0f95,0000,0,000,0f95,0f95
186,186,0,2073736572700000,ff,0,0,0f95,0283,0,0000,0f95,0,0f8d,0008,1,1,0,0,0000,0f95,0000,0000,0000,0000,0,0f95,0f95,0000,0,000,0f95,0f95
187,187,0,2073736572700000,ff,0,0,0f95,0283,0,0000,0f95,0,0f8d,0008,1,1,0,0,0000,0f95,0000,0000,0000,0000,0,0f95,0f95,0000,0,000,0f95,0f95
188,188,0,2073736572700000,ff,0,0,0f95,0283,0,0000,0f95,0,0f8d,0008,1,1,0,0,0000,0f95,0000,0000,0000,0000,0,0f95,0f95,0000,0,000,0f95,0f95
189,189,0,2073736572700000,ff,0,0,0f95,0283,0,0000,0f95,0,0f8d,0008,1,1,0,0,0000,0f95,0000,0000,0000,0000,0,0f95,0f95,0000,0,000,0f95,0f95
190,190,0,2073736572700000,ff,0,0,0f95,0283,0,0000,0f95,0,0f8d,0008,1,1,0,0,0000,0f95,0000,0000,0000,0000,0,0f95,0f95,0000,0,000,0f95,0f95
191,191,0,2073736572700000,ff,0,0,0f95,0283,0,0000,0f95,0,0f8d,0008,1,1,0,0,0000,0f95,0000,0000,0000,0000,0,0f95,0f95,0000,0,000,0f95,0f95
192,192,0,2073736572700000,ff,0,0,0f95,0283,0,0000,0f95,0,0f8d,0008,1,1,0,0,0000,0f95,0000,0000,0000,0000,0,0f95,0f95,0000,0,000,0f95,0f95
193,193,0,2073736572700000,ff,0,0,0f95,0283,0,0000,0f95,0,0f8d,0008,1,1,0,0,0000,0f95,0000,0000,0000,0000,0,0f95,0f95,0000,0,000,0f95,0f95
194,194,0,2073736572700000,ff,0,0,0f95,0283,0,0000,0f95,0,0f8d,0008,1,1,0,0,0000,0f95,0000,0000,0000,0000,0,0f95,0f95,0000,0,000,0f95,0f95
195,195,0,2073736572700000,ff,0,0,0f95,0283,0,0000,0f95,0,0f8d,0008,1,1,0,0,0000,0f95,0000,0000,0000,0000,0,0f95,0f95,0000,0,000,0f95,0f95
196,196,0,2073736572700000,ff,0,0,0f95,0283,0,0000,0f95,0,0f8d,0008,1,1,0,0,0000,0f95,0000,0000,0000,0000,0,0f95,0f95,0000,0,000,0f95,0f95
197,197,0,2073736572700000,ff,0,0,0f95,0283,0,0000,0f95,0,0f8d,0008,1,1,0,0,0000,0f95,0000,0000,0000,0000,0,0f95,0f95,0000,0,000,0f95,0f95
198,198,0,2073736572700000,ff,0,0,0f95,0283,0,0000,0f95,0,0f8d,0008,1,1,0,0,0000,0f95,0000,0000,0000,0000,0,0f95,0f95,0000,0,000,0f95,0f95
199,199,0,2073736572700000,ff,0,0,0f95,0283,0,0000,0f95,0,0f8d,0008,1,1,0,0,0000,0f95,0000,0000,0000,0000,0,0f95,0f95,0000,0,000,0f95,0f95
200,200,0,2073736572700000,ff,0,0,0f95,0283,0,0000,0f95,0,0f8d,0008,1,1,0,0,0000,0f95,0000,0000,0000,0000,0,0f95,0f95,0000,0,000,0f95,0f95
201,201,0,2073736572700000,ff,0,0,0f95,0283,0,0000,0f95,0,0f8d,0008,1,1,0,0,0000,0f95,0000,0000,0000,0000,0,0f95,0f95,0000,0,000,0f95,0f95
202,202,0,2073736572700000,ff,0,0,0f95,0283,0,0000,0f95,0,0f8d,0008,1,1,0,0,0000,0f95,0000,0000,0000,0000,0,0f95,0f95,0000,0,000,0f95,0f95
203,203,0,2073736572700000,ff,0,0,0f95,0283,0,0000,0f95,0,0f8d,0008,1,1,0,0,0000,0f95,0000,0000,0000,0000,0,0f95,0f95,0000,0,000,0f95,0f95
204,204,0,2073736572700000,ff,0,0,0f95,0283,0,0000,0f95,0,0f8d,0008,1,1,0,0,0000,0f95,0000,0000,0000,0000,0,0f95,0f95,0000,0,000,0f95,0f95
205,205,0,2073736572700000,ff,0,0,0f95,0283,0,0000,0f95,0,0f8d,0008,1,1,0,0,0000,0f95,0000,0000,0000,0000,0,0f95,0f95,0000,0,000,0f95,0f95
206,206,0,2073736572700000,ff,0,0,0f95,0283,0,0000,0f95,0,0f8d,0008,1,1,0,0,0000,0f95,0000,0000,0000,0000,0,0f95,0f95,0000,0,000,0f95,0f95
207,207,0,2073736572700000,ff,0,0,0f95,0283,0,0000,0f95,0,0f8d,0008,1,1,0,0,0000,0f95,0000,0000,0000,0000,0,0f95,0f95,0000,0,000,0f95,0f95
208,208,0,2073736572700000,ff,0,0,0f95,0283,0,0000,0f95,0,0f8d,0008,1,1,0,0,0000,0f95,0000,0000,0000,0000,0,0f95,0f95,0000,0,000,0f95,0f95
209,209,0,2073736572700000,ff,0,0,0f95,0283,0,0000,0f95,0,0f8d,0008,1,1,0,0,0000,0f95,0000,0000,0000,0000,0,0f95,0f95,0000,0,000,0f95,0f95
210,210,0,2073736572700000,ff,0,0,0f95,0283,0,0000,0f95,0,0f8d,0008,1,1,0,0,0000,0f95,0000,0000,0000,0000,0,0f95,0f95,0000,0,000,0f95,0f95
211,211,0,2073736572700000,ff,0,0,0f95,0283,0,0000,0f95,0,0f8d,0008,1,1,0,0,0000,0f95,0000,0000,0000,0000,0,0f95,0f95,0000,0,000,0f95,0f95
212,212,0,2073736572700000,ff,0,0,0f95,0283,0,0000,0f95,0,0f8d,0008,1,1,0,0,0000,0f95,0000,0000,0000,0000,0,0f95,0f95,0000,0,000,0f95,0f95
213,213,0,2073736572700000,ff,0,0,0f95,0283,0,0000,0f95,0,0f8d,0008,1,1,0,0,0000,0f95,0000,0000,0000,0000,0,0f95,0f95,0000,0,000,0f95,0f95
214,214,0,2073736572700000,ff,0,0,0f95,0283,0,0000,0f95,0,0f8d,0008,1,1,0,0,0000,0f95,0000,0000,0000,0000,0,0f95,0f95,0000,0,000,0f95,0f95
215,215,0,2073736572700000,ff,0,0,0f95,0283,0,0000,0f95,0,0f8d,0008,1,1,0,0,0000,0f95,0000,0000,0000,0000,0,0f95,0f95,0000,0,000,0f95,0f95
216,216,0,2073736572700000,ff,0,0,0f95,0283,0,0000,0f95,0,0f8d,0008,1,1,0,0,0000,0f95,0000,0000,0000,0000,0,0f95,0f95,0000,0,000,0f95,0f95
217,217,0,2073736572700000,ff,0,0,0f95,0283,0,0000,0f95,0,0f8d,0008,1,1,0,0,0000,0f95,0000,0000,0000,0000,0,0f95,0f95,0000,0,000,0f95,0f95
218,218,0,2073736572700000,ff,0,0,0f95,0283,0,0000,0f95,0,0f8d,0008,1,1,0,0,0000,0f95,0000,0000,0000,0000,0,0f95,0f95,0000,0,000,0f95,0f95
219,219,0,2073736572700000,ff,0,0,0f95,0283,0,0000,0f95,0,0f8d,0008,1,1,0,0,0000,0f95,0000,0000,0000,0000,0,0f95,0f95,0000,0,000,0f95,0f95
220,220,0,2073736572700000,ff,0,0,0f95,0283,0,0000,0f95,0,0f8d,0008,1,1,0,0,0000,0f95,0000,0000,0000,0000,0,0f95,0f95,0000,0,000,0f95,0f95
221,221,0,2073736572700000,ff,0,0,0f95,0283,0,0000,0f95,0,0f8d,0008,1,1,0,0,0000,0f95,0000,0000,0000,0000,0,0f95,0f95,0000,0,000,0f95,0f95
222,222,0,2073736572700000,ff,0,0,0f95,0283,0,0000,0f95,0,0f8d,0008,1,1,0,0,0000,0f95,0000,0000,0000,0000,0,0f95,0f95,0000,0,000,0f95,0f95
223,223,0,2073736572700000,ff,0,0,0f95,0283,0,0000,0f95,0,0f8d,0008,1,1,0,0,0000,0f95,0000,0000,0000,0000,0,0f95,0f95,0000,0,000,0f95,0f95
224,224,0,2073736572700000,ff,0,0,0f95,0283,0,0000,0f95,0,0f8d,0008,1,1,0,0,0000,0f95,0000,0000,0000,0000,0,0f95,0f95,0000,0,000,0f95,0f95
225,225,0,2073736572700000,ff,0,0,0f95,0283,0,0000,0f95,0,0f8d,0008,1,1,0,0,0000,0f95,0000,0000,0000,0000,0,0f95,0f95,0000,0,000,0f95,0f95
226,226,0,2073736572700000,ff,0,0,0f95,0283,0,0000,0f95,0,0f8d,0008,1,1,0,0,0000,0f95,0000,0000,0000,0000,0,0f95,0f95,0000,0,000,0f95,0f95
227,227,0,2073736572700000,ff,0,0,0f95,0283,0,0000,0f95,0,0f8d,0008,1,1,0,0,0000,0f95,0000,0000,0000,0000,0,0f95,0f95,0000,0,000,0f95,0f95
228,228,0,2073736572700000,ff,0,0,0f95,0283,0,0000,0f95,0,0f8d,0008,1,1,0,0,0000,0f95,0000,0000,0000,0000,0,0f95,0f95,0000,0,000,0f95,0f95
229,229,0,2073736572700000,ff,0,0,0f95,0283,0,0000,0f95,0,0f8d,0008,1,1,0,0,0000,0f95,0000,0000,0000,0000,0,0f95,0f95,0000,0,000,0f95,0f95
230,230,0,2073736572700000,ff,0,0,0f95,0283,0,0000,0f95,0,0f8d,0008,1,1,0,0,0000,0f95,0000,0000,0000,0000,0,0f95,0f95,0000,0,000,0f95,0f95
231,231,0,2073736572700000,ff,0,0,0f95,0283,0,0000,0f95,0,0f8d,0008,1,1,0,0,0000,0f95,0000,0000,0000,0000,0,0f95,0f95,0000,0,000,0f95,0f95
232,232,0,2073736572700000,ff,0,0,0f95,0283,0,0000,0f95,0,0f8d,0008,1,1,0,0,0000,0f95,0000,0000,0000,0000,0,0f95,0f95,0000,0,000,0f95,0f95
233,233,0,2073736572700000,ff,0,0,0f95,0283,0,0000,0f95,0,0f8d,0008,1,1,0,0,0000,0f95,0000,0000,0000,0000,0,0f95,0f95,0000,0,000,0f95,0f95
234,234,0,2073736572700000,ff,0,0,0f95,0283,0,0000,0f95,0,0f8d,0008,1,1,0,0,0000,0f95,0000,0000,0000,0000,0,0f95,0f95,0000,0,000,0f95,0f95
235,235,0,2073736572700000,ff,0,0,0f95,0283,0,0000,0f95,0,0f8d,0008,1,1,0,0,0000,0f95,0000,0000,0000,0000,0,0f95,0f95,0000,0,000,0f95,0f95
236,236,0,2073736572700000,ff,0,0,0f95,0283,0,0000,0f95,0,0f8d,0008,1,1,0,0,0000,0f95,0000,0000,0000,0000,0,0f95,0f95,0000,0,000,0f95,0f95
237,237,0,2073736572700000,ff,0,0,0f95,0283,0,0000,0f95,0,0f8d,0008,1,1,0,0,0000,0f95,0000,0000,0000,0000,0,0f95,0f95,0000,0,000,0f95,0f95
238,238,0,2073736572700000,ff,0,0,0f95,0283,0,0000,0f95,0,0f8d,0008,1,1,0,0,0000,0f95,0000,0000,0000,0000,0,0f95,0f95,0000,0,000,0f95,0f95
239,239,0,2073736572700000,ff,0,0,0f95,0283,0,0000,0f95,0,0f8d,0008,1,1,0,0,0000,0f95,0000,0000,0000,0000,0,0f95,0f95,0000,0,000,0f95,0f95
240,240,0,2073736572700000,ff,0,0,0f95,0283,0,0000,0f95,0,0f8d,0008,1,1,0,0,0000,0f95,0000,0000,0000,0000,0,0f95,0f95,0000,0,000,0f95,0f95
241,241,0,2073736572700000,ff,0,0,0f95,0283,0,0000,0f95,0,0f8d,0008,1,1,0,0,0000,0f95,0000,0000,0000,0000,0,0f95,0f95,0000,0,000,0f95,0f95
242,242,0,2073736572700000,ff,0,0,0f95,0283,0,0000,0f95,0,0f8d,0008,1,1,0,0,0000,0f95,0000,0000,0000,0000,0,0f95,0f95,0000,0,000,0f95,0f95
243,243,0,2073736572700000,ff,0,0,0f95,0283,0,0000,0f95,0,0f8d,0008,1,1,0,0,0000,0f95,0000,0000,0000,0000,0,0f95,0f95,0000,0,000,0f95,0f95
244,244,0,2073736572700000,ff,0,0,0f95,0283,0,0000,0f95,0,0f8d,0008,1,1,0,0,0000,0f95,0000,0000,0000,0000,0,0f95,0f95,0000,0,000,0f95,0f95
245,245,0,2073736572700000,ff,0,0,0f95,0283,0,0000,0f95,0,0f8d,0008,1,1,0,0,0000,0f95,0000,0000,0000,0000,0,0f95,0f95,0000,0,000,0f95,0f95
246,246,0,2073736572700000,ff,0,0,0f95,0283,0,0000,0f95,0,0f8d,0008,1,1,0,0,0000,0f95,0000,0000,0000,0000,0,0f95,0f95,0000,0,000,0f95,0f95
247,247,0,2073736572700000,ff,0,0,0f95,0283,0,0000,0f95,0,0f8d,0008,1,1,0,0,0000,0f95,0000,0000,0000,0000,0,0f95,0f95,0000,0,000,0f95,0f95
248,248,0,2073736572700000,ff,0,0,0f95,0283,0,0000,0f95,0,0f8d,0008,1,1,0,0,0000,0f95,0000,0000,0000,0000,0,0f95,0f95,0000,0,000,0f95,0f95
249,249,0,2073736572700000,ff,0,0,0f95,0283,0,0000,0f95,0,0f8d,0008,1,1,0,0,0000,0f95,0000,0000,0000,0000,0,0f95,0f95,0000,0,000,0f95,0f95
250,250,0,2073736572700000,ff,0,0,0f95,0283,0,0000,0f95,0,0f8d,0008,1,1,0,0,0000,0f95,0000,0000,0000,0000,0,0f95,0f95,0000,0,000,0f95,0f95
251,251,0,2073736572700000,ff,0,0,0f95,0283,0,0000,0f95,0,0f8d,0008,1,1,0,0,0000,0f95,0000,0000,0000,0000,0,0f95,0f95,0000,0,000,0f95,0f95
252,252,0,2073736572700000,ff,0,0,0f95,0283,0,0000,0f95,0,0f8d,0008,1,1,0,0,0000,0f95,0000,0000,0000,0000,0,0f95,0f95,0000,0,000,0f95,0f95
253,253,0,2073736572700000,ff,0,0,0f95,0283,0,0000,0f95,0,0f8d,0008,1,1,0,0,0000,0f95,0000,0000,0000,0000,0,0f95,0f95,0000,0,000,0f95,0f95
254,254,0,2073736572700000,ff,0,0,0f95,0283,0,0000,0f95,0,0f8d,0008,1,1,0,0,0000,0f95,0000,0000,0000,0000,0,0f95,0f95,0000,0,000,0f95,0f95
255,255,0,2073736572700000,ff,0,0,0f95,0283,0,0000,0f95,0,0f8d,0008,1,1,0,0,0000,0f95,0000,0000,0000,0000,0,0f95,0f95,0000,0,000,0f95,0f95
256,256,0,2073736572700000,ff,0,0,0f95,0283,0,0000,0f95,0,0f8d,0008,1,1,0,0,0000,0f95,0000,0000,0000,0000,0,0f95,0f95,0000,0,000,0f95,0f95
257,257,0,2073736572700000,ff,0,0,0f95,0283,0,0000,0f95,0,0f8d,0008,1,1,0,0,0000,0f95,0000,0000,0000,0000,0,0f95,0f95,0000,0,000,0f95,0f95
258,258,0,2073736572700000,ff,0,0,0f95,0283,0,0000,0f95,0,0f8d,0008,1,1,0,0,0000,0f95,0000,0000,0000,0000,0,0f95,0f95,0000,0,000,0f95,0f95
259,259,0,2073736572700000,ff,0,0,0f95,0283,0,0000,0f95,0,0f8d,0008,1,1,0,0,0000,0f95,0000,0000,0000,0000,0,0f95,0f95,0000,0,000,0f95,0f95
260,260,0,2073736572700000,ff,0,0,0f95,0283,0,0000,0f95,0,0f8d,0008,1,1,0,0,0000,0f95,0000,0000,0000,0000,0,0f95,0f95,0000,0,000,0f95,0f95
261,261,0,2073736572700000,ff,0,0,0f95,0283,0,0000,0f95,0,0f8d,0008,1,1,0,0,0000,0f95,0000,0000,0000,0000,0,0f95,0f95,0000,0,000,0f95,0f95
262,262,0,2073736572700000,ff,0,0,0f95,0283,0,0000,0f95,0,0f8d,0008,1,1,0,0,0000,0f95,0000,0000,0000,0000,0,0f95,0f95,0000,0,000,0f95,0f95
263,263,0,2073736572700000,ff,0,0,0f95,0283,0,0000,0f95,0,0f8d,0008,1,1,0,0,0000,0f95,0000,0000,0000,0000,0,0f95,0f95,0000,0,000,0f95,0f95
264,264,0,2073736572700000,ff,0,0,0f95,0283,0,0000,0f95,0,0f8d,0008,1,1,0,0,0000,0f95,0000,0000,0000,0000,0,0f95,0f95,0000,0,000,0f95,0f95
265,265,0,2073736572700000,ff,0,0,0f95,0283,0,0000,0f95,0,0f8d,0008,1,1,0,0,0000,0f95,0000,0000,0000,0000,0,0f95,0f95,0000,0,000,0f95,0f95
266,266,0,2073736572700000,ff,0,0,0f95,0283,0,0000,0f95,0,0f8d,0008,1,1,0,0,0000,0f95,0000,0000,0000,0000,0,0f95,0f95,0000,0,000,0f95,0f95
267,267,0,2073736572700000,ff,0,0,0f95,0283,0,0000,0f95,0,0f8d,0008,1,1,0,0,0000,0f95,0000,0000,0000,0000,0,0f95,0f95,0000,0,000,0f95,0f95
268,268,0,2073736572700000,ff,0,0,0f95,0283,0,0000,0f95,0,0f8d,0008,1,1,0,0,0000,0f95,0000,0000,0000,0000,0,0f95,0f95,0000,0,000,0f95,0f95
269,269,0,2073736572700000,ff,0,0,0f95,0283,0,0000,0f95,0,0f8d,0008,1,1,0,0,0000,0f95,0000,0000,0000,0000,0,0f95,0f95,0000,0,000,0f95,0f95
270,270,0,2073736572700000,ff,0,0,0f95,0283,0,0000,0f95,0,0f8d,0008,1,1,0,0,0000,0f95,0000,0000,0000,0000,0,0f95,0f95,0000,0,000,0f95,0f95
271,271,0,2073736572700000,ff,0,0,0f95,0283,0,0000,0f95,0,0f8d,0008,1,1,0,0,0000,0f95,0000,0000,0000,0000,0,0f95,0f95,0000,0,000,0f95,0f95
272,272,0,2073736572700000,ff,0,0,0f95,0283,0,0000,0f95,0,0f8d,0008,1,1,0,0,0000,0f95,0000,0000,0000,0000,0,0f95,0f95,0000,0,000,0f95,0f95
273,273,0,2073736572700000,ff,0,0,0f95,0283,0,0000,0f95,0,0f8d,0008,1,1,0,0,0000,0f95,0000,0000,0000,0000,0,0f95,0f95,0000,0,000,0f95,0f95
274,274,0,2073736572700000,ff,0,0,0f95,0283,0,0000,0f95,0,0f8d,0008,1,1,0,0,0000,0f95,0000,0000,0000,0000,0,0f95,0f95,0000,0,000,0f95,0f95
275,275,0,2073736572700000,ff,0,0,0f95,0283,0,0000,0f95,0,0f8d,0008,1,1,0,0,0000,0f95,0000,0000,0000,0000,0,0f95,0f95,0000,0,000,0f95,0f95
276,276,0,2073736572700000,ff,0,0,0f95,0283,0,0000,0f95,0,0f8d,0008,1,1,0,0,0000,0f95,0000,0000,0000,0000,0,0f95,0f95,0000,0,000,0f95,0f95
277,277,0,2073736572700000,ff,0,0,0f95,0283,0,0000,0f95,0,0f8d,0008,1,1,0,0,0000,0f95,0000,0000,0000,0000,0,0f95,0f95,0000,0,000,0f95,0f95
278,278,0,2073736572700000,ff,0,0,0f95,0283,0,0000,0f95,0,0f8d,0008,1,1,0,0,0000,0f95,0000,0000,0000,0000,0,0f95,0f95,0000,0,000,0f95,0f95
279,279,0,2073736572700000,ff,0,0,0f95,0283,0,0000,0f95,0,0f8d,0008,1,1,0,0,0000,0f95,0000,0000,0000,0000,0,0f95,0f95,0000,0,000,0f95,0f95
280,280,0,2073736572700000,ff,0,0,0f95,0283,0,0000,0f95,0,0f8d,0008,1,1,0,0,0000,0f95,0000,0000,0000,0000,0,0f95,0f95,0000,0,000,0f95,0f95
281,281,0,2073736572700000,ff,0,0,0f95,0283,0,0000,0f95,0,0f8d,0008,1,1,0,0,0000,0f95,0000,0000,0000,0000,0,0f95,0f95,0000,0,000,0f95,0f95
282,282,0,2073736572700000,ff,0,0,0f95,0283,0,0000,0f95,0,0f8d,0008,1,1,0,0,0000,0f95,0000,0000,0000,0000,0,0f95,0f95,0000,0,000,0f95,0f95
283,283,0,2073736572700000,ff,0,0,0f95,0283,0,0000,0f95,0,0f8d,0008,1,1,0,0,0000,0f95,0000,0000,0000,0000,0,0f95,0f95,0000,0,000,0f95,0f95
284,284,0,2073736572700000,ff,0,0,0f95,0283,0,0000,0f95,0,0f8d,0008,1,1,0,0,0000,0f95,0000,0000,0000,0000,0,0f95,0f95,0000,0,000,0f95,0f95
285,285,0,2073736572700000,ff,0,0,0f95,0283,0,0000,0f95,0,0f8d,0008,1,1,0,0,0000,0f95,0000,0000,0000,0000,0,0f95,0f95,0000,0,000,0f95,0f95
286,286,0,2073736572700000,ff,0,0,0f95,0283,0,0000,0f95,0,0f8d,0008,1,1,0,0,0000,0f95,0000,0000,0000,0000,0,0f95,0f95,0000,0,000,0f95,0f95
287,287,0,2073736572700000,ff,0,0,0f95,0283,0,0000,0f95,0,0f8d,0008,1,1,0,0,0000,0f95,0000,0000,0000,0000,0,0f95,0f95,0000,0,000,0f95,0f95
288,288,0,2073736572700000,ff,0,0,0f95,0283,0,0000,0f95,0,0f8d,0008,1,1,0,0,0000,0f95,0000,0000,0000,0000,0,0f95,0f95,0000,0,000,0f95,0f95
289,289,0,2073736572700000,ff,0,0,0f95,0283,0,0000,0f95,0,0f8d,0008,1,1,0,0,0000,0f95,0000,0000,0000,0000,0,0f95,0f95,0000,0,000,0f95,0f95
290,290,0,2073736572700000,ff,0,0,0f95,0283,0,0000,0f95,0,0f8d,0008,1,1,0,0,0000,0f95,0000,0000,0000,0000,0,0f95,0f95,0000,0,000,0f95,0f95
291,291,0,2073736572700000,ff,0,0,0f95,0283,0,0000,0f95,0,0f8d,0008,1,1,0,0,0000,0f95,0000,0000,0000,0000,0,0f95,0f95,0000,0,000,0f95,0f95
292,292,0,2073736572700000,ff,0,0,0f95,0283,0,0000,0f95,0,0f8d,0008,1,1,0,0,0000,0f95,0000,0000,0000,0000,0,0f95,0f95,0000,0,000,0f95,0f95
293,293,0,2073736572700000,ff,0,0,0f95,0283,0,0000,0f95,0,0f8d,0008,1,1,0,0,0000,0f95,0000,0000,0000,0000,0,0f95,0f95,0000,0,000,0f95,0f95
294,294,0,2073736572700000,ff,0,0,0f95,0283,0,0000,0f95,0,0f8d,0008,1,1,0,0,0000,0f95,0000,0000,0000,0000,0,0f95,0f95,0000,0,000,0f95,0f95
295,295,0,2073736572700000,ff,0,0,0f95,0283,0,0000,0f95,0,0f8d,0008,1,1,0,0,0000,0f95,0000,0000,0000,0000,0,0f95,0f95,0000,0,000,0f95,0f95
296,296,0,2073736572700000,ff,0,0,0f95,0283,0,0000,0f95,0,0f8d,0008,1,1,0,0,0000,0f95,0000,0000,0000,0000,0,0f95,0f95,0000,0,000,0f95,0f95
297,297,0,2073736572700000,ff,0,0,0f95,0283,0,0000,0f95,0,0f8d,0008,1,1,0,0,0000,0f95,0000,0000,0000,0000,0,0f95,0f95,0000,0,000,0f95,0f95
298,298,0,2073736572700000,ff,0,0,0f95,0283,0,0000,0f95,0,0f8d,0008,1,1,0,0,0000,0f95,0000,0000,0000,0000,0,0f95,0f95,0000,0,000,0f95,0f95
299,299,0,2073736572700000,ff,0,0,0f95,0283,0,0000,0f95,0,0f8d,0008,1,1,0,0,0000,0f95,0000,0000,0000,0000,0,0f95,0f95,0000,0,000,0f95,0f95
300,300,0,2073736572700000,ff,0,0,0f95,0283,0,0000,0f95,0,0f8d,0008,1,1,0,0,0000,0f95,0000,0000,0000,0000,0,0f95,0f95,0000,0,000,0f95,0f95
301,301,0,2073736572700000,ff,0,0,0f95,0283,0,0000,0f95,0,0f8d,0008,1,1,0,0,0000,0f95,0000,0000,0000,0000,0,0f95,0f95,0000,0,000,0f95,0f95
302,302,0,2073736572700000,ff,0,0,0f95,0283,0,0000,0f95,0,0f8d,0008,1,1,0,0,0000,0f95,0000,0000,0000,0000,0,0f95,0f95,0000,0,000,0f95,0f95
303,303,0,2073736572700000,ff,0,0,0f95,0283,0,0000,0f95,0,0f8d,0008,1,1,0,0,0000,0f95,0000,0000,0000,0000,0,0f95,0f95,0000,0,000,0f95,0f95
304,304,0,2073736572700000,ff,0,0,0f95,0283,0,0000,0f95,0,0f8d,0008,1,1,0,0,0000,0f95,0000,0000,0000,0000,0,0f95,0f95,0000,0,000,0f95,0f95
305,305,0,2073736572700000,ff,0,0,0f95,0283,0,0000,0f95,0,0f8d,0008,1,1,0,0,0000,0f95,0000,0000,0000,0000,0,0f95,0f95,0000,0,000,0f95,0f95
306,306,0,2073736572700000,ff,0,0,0f95,0283,0,0000,0f95,0,0f8d,0008,1,1,0,0,0000,0f95,0000,0000,0000,0000,0,0f95,0f95,0000,0,000,0f95,0f95
307,307,0,2073736572700000,ff,0,0,0f95,0283,0,0000,0f95,0,0f8d,0008,1,1,0,0,0000,0f95,0000,0000,0000,0000,0,0f95,0f95,0000,0,000,0f95,0f95
308,308,0,2073736572700000,ff,0,0,0f95,0283,0,0000,0f95,0,0f8d,0008,1,1,0,0,0000,0f95,0000,0000,0000,0000,0,0f95,0f95,0000,0,000,0f95,0f95
309,309,0,2073736572700000,ff,0,0,0f95,0283,0,0000,0f95,0,0f8d,0008,1,1,0,0,0000,0f95,0000,0000,0000,0000,0,0f95,0f95,0000,0,000,0f95,0f95
310,310,0,2073736572700000,ff,0,0,0f95,0283,0,0000,0f95,0,0f8d,0008,1,1,0,0,0000,0f95,0000,0000,0000,0000,0,0f95,0f95,0000,0,000,0f95,0f95
311,311,0,2073736572700000,ff,0,0,0f95,0283,0,0000,0f95,0,0f8d,0008,1,1,0,0,0000,0f95,0000,0000,0000,0000,0,0f95,0f95,0000,0,000,0f95,0f95
312,312,0,2073736572700000,ff,0,0,0f95,0283,0,0000,0f95,0,0f8d,0008,1,1,0,0,0000,0f95,0000,0000,0000,0000,0,0f95,0f95,0000,0,000,0f95,0f95
313,313,0,2073736572700000,ff,0,0,0f95,0283,0,0000,0f95,0,0f8d,0008,1,1,0,0,0000,0f95,0000,0000,0000,0000,0,0f95,0f95,0000,0,000,0f95,0f95
314,314,0,2073736572700000,ff,0,0,0f95,0283,0,0000,0f95,0,0f8d,0008,1,1,0,0,0000,0f95,0000,0000,0000,0000,0,0f95,0f95,0000,0,000,0f95,0f95
315,315,0,2073736572700000,ff,0,0,0f95,0283,0,0000,0f95,0,0f8d,0008,1,1,0,0,0000,0f95,0000,0000,0000,0000,0,0f95,0f95,0000,0,000,0f95,0f95
316,316,0,2073736572700000,ff,0,0,0f95,0283,0,0000,0f95,0,0f8d,0008,1,1,0,0,0000,0f95,0000,0000,0000,0000,0,0f95,0f95,0000,0,000,0f95,0f95
317,317,0,2073736572700000,ff,0,0,0f95,0283,0,0000,0f95,0,0f8d,0008,1,1,0,0,0000,0f95,0000,0000,0000,0000,0,0f95,0f95,0000,0,000,0f95,0f95
318,318,0,2073736572700000,ff,0,0,0f95,0283,0,0000,0f95,0,0f8d,0008,1,1,0,0,0000,0f95,0000,0000,0000,0000,0,0f95,0f95,0000,0,000,0f95,0f95
319,319,0,2073736572700000,ff,0,0,0f95,0283,0,0000,0f95,0,0f8d,0008,1,1,0,0,0000,0f95,0000,0000,0000,0000,0,0f95,0f95,0000,0,000,0f95,0f95
320,320,0,2073736572700000,ff,0,0,0f95,0283,0,0000,0f95,0,0f8d,0008,1,1,0,0,0000,0f95,0000,0000,0000,0000,0,0f95,0f95,0000,0,000,0f95,0f95
321,321,0,2073736572700000,ff,0,0,0f95,0283,0,0000,0f95,0,0f8d,0008,1,1,0,0,0000,0f95,0000,0000,0000,0000,0,0f95,0f95,0000,0,000,0f95,0f95
322,322,0,2073736572700000,ff,0,0,0f95,0283,0,0000,0f95,0,0f8d,0008,1,1,0,0,0000,0f95,0000,0000,0000,0000,0,0f95,0f95,0000,0,000,0f95,0f95
323,323,0,2073736572700000,ff,0,0,0f95,0283,0,0000,0f95,0,0f8d,0008,1,1,0,0,0000,0f95,0000,0000,0000,0000,0,0f95,0f95,0000,0,000,0f95,0f95
324,324,0,2073736572700000,ff,0,0,0f95,0283,0,0000,0f95,0,0f8d,0008,1,1,0,0,0000,0f95,0000,0000,0000,0000,0,0f95,0f95,0000,0,000,0f95,0f95
325,325,0,2073736572700000,ff,0,0,0f95,0283,0,0000,0f95,0,0f8d,0008,1,1,0,0,0000,0f95,0000,0000,0000,0000,0,0f95,0f95,0000,0,000,0f95,0f95
326,326,0,2073736572700000,ff,0,0,0f95,0283,0,0000,0f95,0,0f8d,0008,1,1,0,0,0000,0f95,0000,0000,0000,0000,0,0f95,0f95,0000,0,000,0f95,0f95
327,327,0,2073736572700000,ff,0,0,0f95,0283,0,0000,0f95,0,0f8d,0008,1,1,0,0,0000,0f95,0000,0000,0000,0000,0,0f95,0f95,0000,0,000,0f95,0f95
328,328,0,2073736572700000,ff,0,0,0f95,0283,0,0000,0f95,0,0f8d,0008,1,1,0,0,0000,0f95,0000,0000,0000,0000,0,0f95,0f95,0000,0,000,0f95,0f95
329,329,0,2073736572700000,ff,0,0,0f95,0283,0,0000,0f95,0,0f8d,0008,1,1,0,0,0000,0f95,0000,0000,0000,0000,0,0f95,0f95,0000,0,000,0f95,0f95
330,330,0,2073736572700000,ff,0,0,0f95,0283,0,0000,0f95,0,0f8d,0008,1,1,0,0,0000,0f95,0000,0000,0000,0000,0,0f95,0f95,0000,0,000,0f95,0f95
331,331,0,2073736572700000,ff,0,0,0f95,0283,0,0000,0f95,0,0f8d,0008,1,1,0,0,0000,0f95,0000,0000,0000,0000,0,0f95,0f95,0000,0,000,0f95,0f95
332,332,0,2073736572700000,ff,0,0,0f95,0283,0,0000,0f95,0,0f8d,0008,1,1,0,0,0000,0f95,0000,0000,0000,0000,0,0f95,0f95,0000,0,000,0f95,0f95
333,333,0,2073736572700000,ff,0,0,0f95,0283,0,0000,0f95,0,0f8d,0008,1,1,0,0,0000,0f95,0000,0000,0000,0000,0,0f95,0f95,0000,0,000,0f95,0f95
334,334,0,2073736572700000,ff,0,0,0f95,0283,0,0000,0f95,0,0f8d,0008,1,1,0,0,0000,0f95,0000,0000,0000,0000,0,0f95,0f95,0000,0,000,0f95,0f95
335,335,0,2073736572700000,ff,0,0,0f95,0283,0,0000,0f95,0,0f8d,0008,1,1,0,0,0000,0f95,0000,0000,0000,0000,0,0f95,0f95,0000,0,000,0f95,0f95
336,336,0,2073736572700000,ff,0,0,0f95,0283,0,0000,0f95,0,0f8d,0008,1,1,0,0,0000,0f95,0000,0000,0000,0000,0,0f95,0f95,0000,0,000,0f95,0f95
337,337,0,2073736572700000,ff,0,0,0f95,0283,0,0000,0f95,0,0f8d,0008,1,1,0,0,0000,0f95,0000,0000,0000,0000,0,0f95,0f95,0000,0,000,0f95,0f95
338,338,0,2073736572700000,ff,0,0,0f95,0283,0,0000,0f95,0,0f8d,0008,1,1,0,0,0000,0f95,0000,0000,0000,0000,0,0f95,0f95,0000,0,000,0f95,0f95
339,339,0,2073736572700000,ff,0,0,0f95,0283,0,0000,0f95,0,0f8d,0008,1,1,0,0,0000,0f95,0000,0000,0000,0000,0,0f95,0f95,0000,0,000,0f95,0f95
340,340,0,2073736572700000,ff,0,0,0f95,0283,0,0000,0f95,0,0f8d,0008,1,1,0,0,0000,0f95,0000,0000,0000,0000,0,0f95,0f95,0000,0,000,0f95,0f95
341,341,0,2073736572700000,ff,0,0,0f95,0283,0,0000,0f95,0,0f8d,0008,1,1,0,0,0000,0f95,0000,0000,0000,0000,0,0f95,0f95,0000,0,000,0f95,0f95
342,342,0,2073736572700000,ff,0,0,0f95,0283,0,0000,0f95,0,0f8d,0008,1,1,0,0,0000,0f95,0000,0000,0000,0000,0,0f95,0f95,0000,0,000,0f95,0f95
343,343,0,2073736572700000,ff,0,0,0f95,0283,0,0000,0f95,0,0f8d,0008,1,1,0,0,0000,0f95,0000,0000,0000,0000,0,0f95,0f95,0000,0,000,0f95,0f95
344,344,0,2073736572700000,ff,0,0,0f95,0283,0,0000,0f95,0,0f8d,0008,1,1,0,0,0000,0f95,0000,0000,0000,0000,0,0f95,0f95,0000,0,000,0f95,0f95
345,345,0,2073736572700000,ff,0,0,0f95,0283,0,0000,0f95,0,0f8d,0008,1,1,0,0,0000,0f95,0000,0000,0000,0000,0,0f95,0f95,0000,0,000,0f95,0f95
346,346,0,2073736572700000,ff,0,0,0f95,0283,0,0000,0f95,0,0f8d,0008,1,1,0,0,0000,0f95,0000,0000,0000,0000,0,0f95,0f95,0000,0,000,0f95,0f95
347,347,0,2073736572700000,ff,0,0,0f95,0283,0,0000,0f95,0,0f8d,0008,1,1,0,0,0000,0f95,0000,0000,0000,0000,0,0f95,0f95,0000,0,000,0f95,0f95
348,348,0,2073736572700000,ff,0,0,0f95,0283,0,0000,0f95,0,0f8d,0008,1,1,0,0,0000,0f95,0000,0000,0000,0000,0,0f95,0f95,0000,0,000,0f95,0f95
349,349,0,2073736572700000,ff,0,0,0f95,0283,0,0000,0f95,0,0f8d,0008,1,1,0,0,0000,0f95,0000,0000,0000,0000,0,0f95,0f95,0000,0,000,0f95,0f95
350,350,0,2073736572700000,ff,0,0,0f95,0283,0,0000,0f95,0,0f8d,0008,1,1,0,0,0000,0f95,0000,0000,0000,0000,0,0f95,0f95,0000,0,000,0f95,0f95
351,351,0,2073736572700000,ff,0,0,0f95,0283,0,0000,0f95,0,0f8d,0008,1,1,0,0,0000,0f95,0000,0000,0000,0000,0,0f95,0f95,0000,0,000,0f95,0f95
352,352,0,2073736572700000,ff,0,0,0f95,0283,0,0000,0f95,0,0f8d,0008,1,1,0,0,0000,0f95,0000,0000,0000,0000,0,0f95,0f95,0000,0,000,0f95,0f95
353,353,0,2073736572700000,ff,0,0,0f95,0283,0,0000,0f95,0,0f8d,0008,1,1,0,0,0000,0f95,0000,0000,0000,0000,0,0f95,0f95,0000,0,000,0f95,0f95
354,354,0,2073736572700000,ff,0,0,0f95,0283,0,0000,0f95,0,0f8d,0008,1,1,0,0,0000,0f95,0000,0000,0000,0000,0,0f95,0f95,0000,0,000,0f95,0f95
355,355,0,2073736572700000,ff,0,0,0f95,0283,0,0000,0f95,0,0f8d,0008,1,1,0,0,0000,0f95,0000,0000,0000,0000,0,0f95,0f95,0000,0,000,0f95,0f95
356,356,0,2073736572700000,ff,0,0,0f95,0283,0,0000,0f95,0,0f8d,0008,1,1,0,0,0000,0f95,0000,0000,0000,0000,0,0f95,0f95,0000,0,000,0f95,0f95
357,357,0,2073736572700000,ff,0,0,0f95,0283,0,0000,0f95,0,0f8d,0008,1,1,0,0,0000,0f95,0000,0000,0000,0000,0,0f95,0f95,0000,0,000,0f95,0f95
358,358,0,2073736572700000,ff,0,0,0f95,0283,0,0000,0f95,0,0f8d,0008,1,1,0,0,0000,0f95,0000,0000,0000,0000,0,0f95,0f95,0000,0,000,0f95,0f95
359,359,0,2073736572700000,ff,0,0,0f95,0283,0,0000,0f95,0,0f8d,0008,1,1,0,0,0000,0f95,0000,0000,0000,0000,0,0f95,0f95,0000,0,000,0f95,0f95
360,360,0,2073736572700000,ff,0,0,0f95,0283,0,0000,0f95,0,0f8d,0008,1,1,0,0,0000,0f95,0000,0000,0000,0000,0,0f95,0f95,0000,0,000,0f95,0f95
361,361,0,2073736572700000,ff,0,0,0f95,0283,0,0000,0f95,0,0f8d,0008,1,1,0,0,0000,0f95,0000,0000,0000,0000,0,0f95,0f95,0000,0,000,0f95,0f95
362,362,0,2073736572700000,ff,0,0,0f95,0283,0,0000,0f95,0,0f8d,0008,1,1,0,0,0000,0f95,0000,0000,0000,0000,0,0f95,0f95,0000,0,000,0f95,0f95
363,363,0,2073736572700000,ff,0,0,0f95,0283,0,0000,0f95,0,0f8d,0008,1,1,0,0,0000,0f95,0000,0000,0000,0000,0,0f95,0f95,0000,0,000,0f95,0f95
364,364,0,2073736572700000,ff,0,0,0f95,0283,0,0000,0f95,0,0f8d,0008,1,1,0,0,0000,0f95,0000,0000,0000,0000,0,0f95,0f95,0000,0,000,0f95,0f95
365,365,0,2073736572700000,ff,0,0,0f95,0283,0,0000,0f95,0,0f8d,0008,1,1,0,0,0000,0f95,0000,0000,0000,0000,0,0f95,0f95,0000,0,000,0f95,0f95
366,366,0,2073736572700000,ff,0,0,0f95,0283,0,0000,0f95,0,0f8d,0008,1,1,0,0,0000,0f95,0000,0000,0000,0000,0,0f95,0f95,0000,0,000,0f95,0f95
367,367,0,2073736572700000,ff,0,0,0f95,0283,0,0000,0f95,0,0f8d,0008,1,1,0,0,0000,0f95,0000,0000,0000,0000,0,0f95,0f95,0000,0,000,0f95,0f95
368,368,0,2073736572700000,ff,0,0,0f95,0283,0,0000,0f95,0,0f8d,0008,1,1,0,0,0000,0f95,0000,0000,0000,0000,0,0f95,0f95,0000,0,000,0f95,0f95
369,369,0,2073736572700000,ff,0,0,0f95,0283,0,0000,0f95,0,0f8d,0008,1,1,0,0,0000,0f95,0000,0000,0000,0000,0,0f95,0f95,0000,0,000,0f95,0f95
370,370,0,2073736572700000,ff,0,0,0f95,0283,0,0000,0f95,0,0f8d,0008,1,1,0,0,0000,0f95,0000,0000,0000,0000,0,0f95,0f95,0000,0,000,0f95,0f95
371,371,0,2073736572700000,ff,0,0,0f95,0283,0,0000,0f95,0,0f8d,0008,1,1,0,0,0000,0f95,0000,0000,0000,0000,0,0f95,0f95,0000,0,000,0f95,0f95
372,372,0,2073736572700000,ff,0,0,0f95,0283,0,0000,0f95,0,0f8d,0008,1,1,0,0,0000,0f95,0000,0000,0000,0000,0,0f95,0f95,0000,0,000,0f95,0f95
373,373,0,2073736572700000,ff,0,0,0f95,0283,0,0000,0f95,0,0f8d,0008,1,1,0,0,0000,0f95,0000,0000,0000,0000,0,0f95,0f95,0000,0,000,0f95,0f95
374,374,0,2073736572700000,ff,0,0,0f95,0283,0,0000,0f95,0,0f8d,0008,1,1,0,0,0000,0f95,0000,0000,0000,0000,0,0f95,0f95,0000,0,000,0f95,0f95
375,375,0,2073736572700000,ff,0,0,0f95,0283,0,0000,0f95,0,0f8d,0008,1,1,0,0,0000,0f95,0000,0000,0000,0000,0,0f95,0f95,0000,0,000,0f95,0f95
376,376,0,2073736572700000,ff,0,0,0f95,0283,0,0000,0f95,0,0f8d,0008,1,1,0,0,0000,0f95,0000,0000,0000,0000,0,0f95,0f95,0000,0,000,0f95,0f95
377,377,0,2073736572700000,ff,0,0,0f95,0283,0,0000,0f95,0,0f8d,0008,1,1,0,0,0000,0f95,0000,0000,0000,0000,0,0f95,0f95,0000,0,000,0f95,0f95
378,378,0,2073736572700000,ff,0,0,0f95,0283,0,0000,0f95,0,0f8d,0008,1,1,0,0,0000,0f95,0000,0000,0000,0000,0,0f95,0f95,0000,0,000,0f95,0f95
379,379,0,2073736572700000,ff,0,0,0f95,0283,0,0000,0f95,0,0f8d,0008,1,1,0,0,0000,0f95,0000,0000,0000,0000,0,0f95,0f95,0000,0,000,0f95,0f95
380,380,0,2073736572700000,ff,0,0,0f95,0283,0,0000,0f95,0,0f8d,0008,1,1,0,0,0000,0f95,0000,0000,0000,0000,0,0f95,0f95,0000,0,000,0f95,0f95
381,381,0,2073736572700000,ff,0,0,0f95,0283,0,0000,0f95,0,0f8d,0008,1,1,0,0,0000,0f95,0000,0000,0000,0000,0,0f95,0f95,0000,0,000,0f95,0f95
382,382,0,2073736572700000,ff,0,0,0f95,0283,0,0000,0f95,0,0f8d,0008,1,1,0,0,0000,0f95,0000,0000,0000,0000,0,0f95,0f95,0000,0,000,0f95,0f95
383,383,0,2073736572700000,ff,0,0,0f95,0283,0,0000,0f95,0,0f8d,0008,1,1,0,0,0000,0f95,0000,0000,0000,0000,0,0f95,0f95,0000,0,000,0f95,0f95
384,384,0,2073736572700000,ff,0,0,0f95,0283,0,0000,0f95,0,0f8d,0008,1,1,0,0,0000,0f95,0000,0000,0000,0000,0,0f95,0f95,0000,0,000,0f95,0f95
385,385,0,2073736572700000,ff,0,0,0f95,0283,0,0000,0f95,0,0f8d,0008,1,1,0,0,0000,0f95,0000,0000,0000,0000,0,0f95,0f95,0000,0,000,0f95,0f95
386,386,0,2073736572700000,ff,0,0,0f95,0283,0,0000,0f95,0,0f8d,0008,1,1,0,0,0000,0f95,0000,0000,0000,0000,0,0f95,0f95,0000,0,000,0f95,0f95
387,387,0,2073736572700000,ff,0,0,0f95,0283,0,0000,0f95,0,0f8d,0008,1,1,0,0,0000,0f95,0000,0000,0000,0000,0,0f95,0f95,0000,0,000,0f95,0f95
388,388,0,2073736572700000,ff,0,0,0f95,0283,0,0000,0f95,0,0f8d,0008,1,1,0,0,0000,0f95,0000,0000,0000,0000,0,0f95,0f95,0000,0,000,0f95,0f95
389,389,0,2073736572700000,ff,0,0,0f95,0283,0,0000,0f95,0,0f8d,0008,1,1,0,0,0000,0f95,0000,0000,0000,0000,0,0f95,0f95,0000,0,000,0f95,0f95
390,390,0,2073736572700000,ff,0,0,0f95,0283,0,0000,0f95,0,0f8d,0008,1,1,0,0,0000,0f95,0000,0000,0000,0000,0,0f95,0f95,0000,0,000,0f95,0f95
391,391,0,2073736572700000,ff,0,0,0f95,0283,0,0000,0f95,0,0f8d,0008,1,1,0,0,0000,0f95,0000,0000,0000,0000,0,0f95,0f95,0000,0,000,0f95,0f95
392,392,0,2073736572700000,ff,0,0,0f95,0283,0,0000,0f95,0,0f8d,0008,1,1,0,0,0000,0f95,0000,0000,0000,0000,0,0f95,0f95,0000,0,000,0f95,0f95
393,393,0,2073736572700000,ff,0,0,0f95,0283,0,0000,0f95,0,0f8d,0008,1,1,0,0,0000,0f95,0000,0000,0000,0000,0,0f95,0f95,0000,0,000,0f95,0f95
394,394,0,2073736572700000,ff,0,0,0f95,0283,0,0000,0f95,0,0f8d,0008,1,1,0,0,0000,0f95,0000,0000,0000,0000,0,0f95,0f95,0000,0,000,0f95,0f95
395,395,0,2073736572700000,ff,0,0,0f95,0283,0,0000,0f95,0,0f8d,0008,1,1,0,0,0000,0f95,0000,0000,0000,0000,0,0f95,0f95,0000,0,000,0f95,0f95
396,396,0,2073736572700000,ff,0,0,0f95,0283,0,0000,0f95,0,0f8d,0008,1,1,0,0,0000,0f95,0000,0000,0000,0000,0,0f95,0f95,0000,0,000,0f95,0f95
397,397,0,2073736572700000,ff,0,0,0f95,0283,0,0000,0f95,0,0f8d,0008,1,1,0,0,0000,0f95,0000,0000,0000,0000,0,0f95,0f95,0000,0,000,0f95,0f95
398,398,0,2073736572700000,ff,0,0,0f95,0283,0,0000,0f95,0,0f8d,0008,1,1,0,0,0000,0f95,0000,0000,0000,0000,0,0f95,0f95,0000,0,000,0f95,0f95
399,399,0,2073736572700000,ff,0,0,0f95,0283,0,0000,0f95,0,0f8d,0008,1,1,0,0,0000,0f95,0000,0000,0000,0000,0,0f95,0f95,0000,0,000,0f95,0f95
400,400,0,2073736572700000,ff,0,0,0f95,0283,0,0000,0f95,0,0f8d,0008,1,1,0,0,0000,0f95,0000,0000,0000,0000,0,0f95,0f95,0000,0,000,0f95,0f95
401,401,0,2073736572700000,ff,0,0,0f95,0283,0,0000,0f95,0,0f8d,0008,1,1,0,0,0000,0f95,0000,0000,0000,0000,0,0f95,0f95,0000,0,000,0f95,0f95
402,402,0,2073736572700000,ff,0,0,0f95,0283,0,0000,0f95,0,0f8d,0008,1,1,0,0,0000,0f95,0000,0000,0000,0000,0,0f95,0f95,0000,0,000,0f95,0f95
403,403,0,2073736572700000,ff,0,0,0f95,0283,0,0000,0f95,0,0f8d,0008,1,1,0,0,0000,0f95,0000,0000,0000,0000,0,0f95,0f95,0000,0,000,0f95,0f95
404,404,0,2073736572700000,ff,0,0,0f95,0283,0,0000,0f95,0,0f8d,0008,1,1,0,0,0000,0f95,0000,0000,0000,0000,0,0f95,0f95,0000,0,000,0f95,0f95
405,405,0,2073736572700000,ff,0,0,0f95,0283,0,0000,0f95,0,0f8d,0008,1,1,0,0,0000,0f95,0000,0000,0000,0000,0,0f95,0f95,0000,0,000,0f95,0f95
406,406,0,2073736572700000,ff,0,0,0f95,0283,0,0000,0f95,0,0f8d,0008,1,1,0,0,0000,0f95,0000,0000,0000,0000,0,0f95,0f95,0000,0,000,0f95,0f95
407,407,0,2073736572700000,ff,0,0,0f95,0283,0,0000,0f95,0,0f8d,0008,1,1,0,0,0000,0f95,0000,0000,0000,0000,0,0f95,0f95,0000,0,000,0f95,0f95
408,408,0,2073736572700000,ff,0,0,0f95,0283,0,0000,0f95,0,0f8d,0008,1,1,0,0,0000,0f95,0000,0000,0000,0000,0,0f95,0f95,0000,0,000,0f95,0f95
409,409,0,2073736572700000,ff,0,0,0f95,0283,0,0000,0f95,0,0f8d,0008,1,1,0,0,0000,0f95,0000,0000,0000,0000,0,0f95,0f95,0000,0,000,0f95,0f95
410,410,0,2073736572700000,ff,0,0,0f95,0283,0,0000,0f95,0,0f8d,0008,1,1,0,0,0000,0f95,0000,0000,0000,0000,0,0f95,0f95,0000,0,000,0f95,0f95
411,411,0,2073736572700000,ff,0,0,0f95,0283,0,0000,0f95,0,0f8d,0008,1,1,0,0,0000,0f95,0000,0000,0000,0000,0,0f95,0f95,0000,0,000,0f95,0f95
412,412,0,2073736572700000,ff,0,0,0f95,0283,0,0000,0f95,0,0f8d,0008,1,1,0,0,0000,0f95,0000,0000,0000,0000,0,0f95,0f95,0000,0,000,0f95,0f95
413,413,0,2073736572700000,ff,0,0,0f95,0283,0,0000,0f95,0,0f8d,0008,1,1,0,0,0000,0f95,0000,0000,0000,0000,0,0f95,0f95,0000,0,000,0f95,0f95
414,414,0,2073736572700000,ff,0,0,0f95,0283,0,0000,0f95,0,0f8d,0008,1,1,0,0,0000,0f95,0000,0000,0000,0000,0,0f95,0f95,0000,0,000,0f95,0f95
415,415,0,2073736572700000,ff,0,0,0f95,0283,0,0000,0f95,0,0f8d,0008,1,1,0,0,0000,0f95,0000,0000,0000,0000,0,0f95,0f95,0000,0,000,0f95,0f95
416,416,0,2073736572700000,ff,0,0,0f95,0283,0,0000,0f95,0,0f8d,0008,1,1,0,0,0000,0f95,0000,0000,0000,0000,0,0f95,0f95,0000,0,000,0f95,0f95
417,417,0,2073736572700000,ff,0,0,0f95,0283,0,0000,0f95,0,0f8d,0008,1,1,0,0,0000,0f95,0000,0000,0000,0000,0,0f95,0f95,0000,0,000,0f95,0f95
418,418,0,2073736572700000,ff,0,0,0f95,0283,0,0000,0f95,0,0f8d,0008,1,1,0,0,0000,0f95,0000,0000,0000,0000,0,0f95,0f95,0000,0,000,0f95,0f95
419,419,0,2073736572700000,ff,0,0,0f95,0283,0,0000,0f95,0,0f8d,0008,1,1,0,0,0000,0f95,0000,0000,0000,0000,0,0f95,0f95,0000,0,000,0f95,0f95
420,420,0,2073736572700000,ff,0,0,0f95,0283,0,0000,0f95,0,0f8d,0008,1,1,0,0,0000,0f95,0000,0000,0000,0000,0,0f95,0f95,0000,0,000,0f95,0f95
421,421,0,2073736572700000,ff,0,0,0f95,0283,0,0000,0f95,0,0f8d,0008,1,1,0,0,0000,0f95,0000,0000,0000,0000,0,0f95,0f95,0000,0,000,0f95,0f95
422,422,0,2073736572700000,ff,0,0,0f95,0283,0,0000,0f95,0,0f8d,0008,1,1,0,0,0000,0f95,0000,0000,0000,0000,0,0f95,0f95,0000,0,000,0f95,0f95
423,423,0,2073736572700000,ff,0,0,0f95,0283,0,0000,0f95,0,0f8d,0008,1,1,0,0,0000,0f95,0000,0000,0000,0000,0,0f95,0f95,0000,0,000,0f95,0f95
424,424,0,2073736572700000,ff,0,0,0f95,0283,0,0000,0f95,0,0f8d,0008,1,1,0,0,0000,0f95,0000,0000,0000,0000,0,0f95,0f95,0000,0,000,0f95,0f95
425,425,0,2073736572700000,ff,0,0,0f95,0283,0,0000,0f95,0,0f8d,0008,1,1,0,0,0000,0f95,0000,0000,0000,0000,0,0f95,0f95,0000,0,000,0f95,0f95
426,426,0,2073736572700000,ff,0,0,0f95,0283,0,0000,0f95,0,0f8d,0008,1,1,0,0,0000,0f95,0000,0000,0000,0000,0,0f95,0f95,0000,0,000,0f95,0f95
427,427,0,2073736572700000,ff,0,0,0f95,0283,0,0000,0f95,0,0f8d,0008,1,1,0,0,0000,0f95,0000,0000,0000,0000,0,0f95,0f95,0000,0,000,0f95,0f95
428,428,0,2073736572700000,ff,0,0,0f95,0283,0,0000,0f95,0,0f8d,0008,1,1,0,0,0000,0f95,0000,0000,0000,0000,0,0f95,0f95,0000,0,000,0f95,0f95
429,429,0,2073736572700000,ff,0,0,0f95,0283,0,0000,0f95,0,0f8d,0008,1,1,0,0,0000,0f95,0000,0000,0000,0000,0,0f95,0f95,0000,0,000,0f95,0f95
430,430,0,2073736572700000,ff,0,0,0f95,0283,0,0000,0f95,0,0f8d,0008,1,1,0,0,0000,0f95,0000,0000,0000,0000,0,0f95,0f95,0000,0,000,0f95,0f95
431,431,0,2073736572700000,ff,0,0,0f95,0283,0,0000,0f95,0,0f8d,0008,1,1,0,0,0000,0f95,0000,0000,0000,0000,0,0f95,0f95,0000,0,000,0f95,0f95
432,432,0,2073736572700000,ff,0,0,0f95,0283,0,0000,0f95,0,0f8d,0008,1,1,0,0,0000,0f95,0000,0000,0000,0000,0,0f95,0f95,0000,0,000,0f95,0f95
433,433,0,2073736572700000,ff,0,0,0f95,0283,0,0000,0f95,0,0f8d,0008,1,1,0,0,0000,0f95,0000,0000,0000,0000,0,0f95,0f95,0000,0,000,0f95,0f95
434,434,0,2073736572700000,ff,0,0,0f95,0283,0,0000,0f95,0,0f8d,0008,1,1,0,0,0000,0f95,0000,0000,0000,0000,0,0f95,0f95,0000,0,000,0f95,0f95
435,435,0,2073736572700000,ff,0,0,0f95,0283,0,0000,0f95,0,0f8d,0008,1,1,0,0,0000,0f95,0000,0000,0000,0000,0,0f95,0f95,0000,0,000,0f95,0f95
436,436,0,2073736572700000,ff,0,0,0f95,0283,0,0000,0f95,0,0f8d,0008,1,1,0,0,0000,0f95,0000,0000,0000,0000,0,0f95,0f95,0000,0,000,0f95,0f95
437,437,0,2073736572700000,ff,0,0,0f95,0283,0,0000,0f95,0,0f8d,0008,1,1,0,0,0000,0f95,0000,0000,0000,0000,0,0f95,0f95,0000,0,000,0f95,0f95
438,438,0,2073736572700000,ff,0,0,0f95,0283,0,0000,0f95,0,0f8d,0008,1,1,0,0,0000,0f95,0000,0000,0000,0000,0,0f95,0f95,0000,0,000,0f95,0f95
439,439,0,2073736572700000,ff,0,0,0f95,0283,0,0000,0f95,0,0f8d,0008,1,1,0,0,0000,0f95,0000,0000,0000,0000,0,0f95,0f95,0000,0,000,0f95,0f95
440,440,0,2073736572700000,ff,0,0,0f95,0283,0,0000,0f95,0,0f8d,0008,1,1,0,0,0000,0f95,0000,0000,0000,0000,0,0f95,0f95,0000,0,000,0f95,0f95
441,441,0,2073736572700000,ff,0,0,0f95,0283,0,0000,0f95,0,0f8d,0008,1,1,0,0,0000,0f95,0000,0000,0000,0000,0,0f95,0f95,0000,0,000,0f95,0f95
442,442,0,2073736572700000,ff,0,0,0f95,0283,0,0000,0f95,0,0f8d,0008,1,1,0,0,0000,0f95,0000,0000,0000,0000,0,0f95,0f95,0000,0,000,0f95,0f95
443,443,0,2073736572700000,ff,0,0,0f95,0283,0,0000,0f95,0,0f8d,0008,1,1,0,0,0000,0f95,0000,0000,0000,0000,0,0f95,0f95,0000,0,000,0f95,0f95
444,444,0,2073736572700000,ff,0,0,0f95,0283,0,0000,0f95,0,0f8d,0008,1,1,0,0,0000,0f95,0000,0000,0000,0000,0,0f95,0f95,0000,0,000,0f95,0f95
445,445,0,2073736572700000,ff,0,0,0f95,0283,0,0000,0f95,0,0f8d,0008,1,1,0,0,0000,0f95,0000,0000,0000,0000,0,0f95,0f95,0000,0,000,0f95,0f95
446,446,0,2073736572700000,ff,0,0,0f95,0283,0,0000,0f95,0,0f8d,0008,1,1,0,0,0000,0f95,0000,0000,0000,0000,0,0f95,0f95,0000,0,000,0f95,0f95
447,447,0,2073736572700000,ff,0,0,0f95,0283,0,0000,0f95,0,0f8d,0008,1,1,0,0,0000,0f95,0000,0000,0000,0000,0,0f95,0f95,0000,0,000,0f95,0f95
448,448,0,2073736572700000,ff,0,0,0f95,0283,0,0000,0f95,0,0f8d,0008,1,1,0,0,0000,0f95,0000,0000,0000,0000,0,0f95,0f95,0000,0,000,0f95,0f95
449,449,0,2073736572700000,ff,0,0,0f95,0283,0,0000,0f95,0,0f8d,0008,1,1,0,0,0000,0f95,0000,0000,0000,0000,0,0f95,0f95,0000,0,000,0f95,0f95
450,450,0,2073736572700000,ff,0,0,0f95,0283,0,0000,0f95,0,0f8d,0008,1,1,0,0,0000,0f95,0000,0000,0000,0000,0,0f95,0f95,0000,0,000,0f95,0f95
451,451,0,2073736572700000,ff,0,0,0f95,0283,0,0000,0f95,0,0f8d,0008,1,1,0,0,0000,0f95,0000,0000,0000,0000,0,0f95,0f95,0000,0,000,0f95,0f95
452,452,0,2073736572700000,ff,0,0,0f95,0283,0,0000,0f95,0,0f8d,0008,1,1,0,0,0000,0f95,0000,0000,0000,0000,0,0f95,0f95,0000,0,000,0f95,0f95
453,453,0,2073736572700000,ff,0,0,0f95,0283,0,0000,0f95,0,0f8d,0008,1,1,0,0,0000,0f95,0000,0000,0000,0000,0,0f95,0f95,0000,0,000,0f95,0f95
454,454,0,2073736572700000,ff,0,0,0f95,0283,0,0000,0f95,0,0f8d,0008,1,1,0,0,0000,0f95,0000,0000,0000,0000,0,0f95,0f95,0000,0,000,0f95,0f95
455,455,0,2073736572700000,ff,0,0,0f95,0283,0,0000,0f95,0,0f8d,0008,1,1,0,0,0000,0f95,0000,0000,0000,0000,0,0f95,0f95,0000,0,000,0f95,0f95
456,456,0,2073736572700000,ff,0,0,0f95,0283,0,0000,0f95,0,0f8d,0008,1,1,0,0,0000,0f95,0000,0000,0000,0000,0,0f95,0f95,0000,0,000,0f95,0f95
457,457,0,2073736572700000,ff,0,0,0f95,0283,0,0000,0f95,0,0f8d,0008,1,1,0,0,0000,0f95,0000,0000,0000,0000,0,0f95,0f95,0000,0,000,0f95,0f95
458,458,0,2073736572700000,ff,0,0,0f95,0283,0,0000,0f95,0,0f8d,0008,1,1,0,0,0000,0f95,0000,0000,0000,0000,0,0f95,0f95,0000,0,000,0f95,0f95
459,459,0,2073736572700000,ff,0,0,0f95,0283,0,0000,0f95,0,0f8d,0008,1,1,0,0,0000,0f95,0000,0000,0000,0000,0,0f95,0f95,0000,0,000,0f95,0f95
460,460,0,2073736572700000,ff,0,0,0f95,0283,0,0000,0f95,0,0f8d,0008,1,1,0,0,0000,0f95,0000,0000,0000,0000,0,0f95,0f95,0000,0,000,0f95,0f95
461,461,0,2073736572700000,ff,0,0,0f95,0283,0,0000,0f95,0,0f8d,0008,1,1,0,0,0000,0f95,0000,0000,0000,0000,0,0f95,0f95,0000,0,000,0f95,0f95
462,462,0,2073736572700000,ff,0,0,0f95,0283,0,0000,0f95,0,0f8d,0008,1,1,0,0,0000,0f95,0000,0000,0000,0000,0,0f95,0f95,0000,0,000,0f95,0f95
463,463,0,2073736572700000,ff,0,0,0f95,0283,0,0000,0f95,0,0f8d,0008,1,1,0,0,0000,0f95,0000,0000,0000,0000,0,0f95,0f95,0000,0,000,0f95,0f95
464,464,0,2073736572700000,ff,0,0,0f95,0283,0,0000,0f95,0,0f8d,0008,1,1,0,0,0000,0f95,0000,0000,0000,0000,0,0f95,0f95,0000,0,000,0f95,0f95
465,465,0,2073736572700000,ff,0,0,0f95,0283,0,0000,0f95,0,0f8d,0008,1,1,0,0,0000,0f95,0000,0000,0000,0000,0,0f95,0f95,0000,0,000,0f95,0f95
466,466,0,2073736572700000,ff,0,0,0f95,0283,0,0000,0f95,0,0f8d,0008,1,1,0,0,0000,0f95,0000,0000,0000,0000,0,0f95,0f95,0000,0,000,0f95,0f95
467,467,0,2073736572700000,ff,0,0,0f95,0283,0,0000,0f95,0,0f8d,0008,1,1,0,0,0000,0f95,0000,0000,0000,0000,0,0f95,0f95,0000,0,000,0f95,0f95
468,468,0,2073736572700000,ff,0,0,0f95,0283,0,0000,0f95,0,0f8d,0008,1,1,0,0,0000,0f95,0000,0000,0000,0000,0,0f95,0f95,0000,0,000,0f95,0f95
469,469,0,2073736572700000,ff,0,0,0f95,0283,0,0000,0f95,0,0f8d,0008,1,1,0,0,0000,0f95,0000,0000,0000,0000,0,0f95,0f95,0000,0,000,0f95,0f95
470,470,0,2073736572700000,ff,0,0,0f95,0283,0,0000,0f95,0,0f8d,0008,1,1,0,0,0000,0f95,0000,0000,0000,0000,0,0f95,0f95,0000,0,000,0f95,0f95
471,471,0,2073736572700000,ff,0,0,0f95,0283,0,0000,0f95,0,0f8d,0008,1,1,0,0,0000,0f95,0000,0000,0000,0000,0,0f95,0f95,0000,0,000,0f95,0f95
472,472,0,2073736572700000,ff,0,0,0f95,0283,0,0000,0f95,0,0f8d,0008,1,1,0,0,0000,0f95,0000,0000,0000,0000,0,0f95,0f95,0000,0,000,0f95,0f95
473,473,0,2073736572700000,ff,0,0,0f95,0283,0,0000,0f95,0,0f8d,0008,1,1,0,0,0000,0f95,0000,0000,0000,0000,0,0f95,0f95,0000,0,000,0f95,0f95
474,474,0,2073736572700000,ff,0,0,0f95,0283,0,0000,0f95,0,0f8d,0008,1,1,0,0,0000,0f95,0000,0000,0000,0000,0,0f95,0f95,0000,0,000,0f95,0f95
475,475,0,2073736572700000,ff,0,0,0f95,0283,0,0000,0f95,0,0f8d,0008,1,1,0,0,0000,0f95,0000,0000,0000,0000,0,0f95,0f95,0000,0,000,0f95,0f95
476,476,0,2073736572700000,ff,0,0,0f95,0283,0,0000,0f95,0,0f8d,0008,1,1,0,0,0000,0f95,0000,0000,0000,0000,0,0f95,0f95,0000,0,000,0f95,0f95
477,477,0,2073736572700000,ff,0,0,0f95,0283,0,0000,0f95,0,0f8d,0008,1,1,0,0,0000,0f95,0000,0000,0000,0000,0,0f95,0f95,0000,0,000,0f95,0f95
478,478,0,2073736572700000,ff,0,0,0f95,0283,0,0000,0f95,0,0f8d,0008,1,1,0,0,0000,0f95,0000,0000,0000,0000,0,0f95,0f95,0000,0,000,0f95,0f95
479,479,0,2073736572700000,ff,0,0,0f95,0283,0,0000,0f95,0,0f8d,0008,1,1,0,0,0000,0f95,0000,0000,0000,0000,0,0f95,0f95,0000,0,000,0f95,0f95
480,480,0,2073736572700000,ff,0,0,0f95,0283,0,0000,0f95,0,0f8d,0008,1,1,0,0,0000,0f95,0000,0000,0000,0000,0,0f95,0f95,0000,0,000,0f95,0f95
481,481,0,2073736572700000,ff,0,0,0f95,0283,0,0000,0f95,0,0f8d,0008,1,1,0,0,0000,0f95,0000,0000,0000,0000,0,0f95,0f95,0000,0,000,0f95,0f95
482,482,0,2073736572700000,ff,0,0,0f95,0283,0,0000,0f95,0,0f8d,0008,1,1,0,0,0000,0f95,0000,0000,0000,0000,0,0f95,0f95,0000,0,000,0f95,0f95
483,483,0,2073736572700000,ff,0,0,0f95,0283,0,0000,0f95,0,0f8d,0008,1,1,0,0,0000,0f95,0000,0000,0000,0000,0,0f95,0f95,0000,0,000,0f95,0f95
484,484,0,2073736572700000,ff,0,0,0f95,0283,0,0000,0f95,0,0f8d,0008,1,1,0,0,0000,0f95,0000,0000,0000,0000,0,0f95,0f95,0000,0,000,0f95,0f95
485,485,0,2073736572700000,ff,0,0,0f95,0283,0,0000,0f95,0,0f8d,0008,1,1,0,0,0000,0f95,0000,0000,0000,0000,0,0f95,0f95,0000,0,000,0f95,0f95
486,486,0,2073736572700000,ff,0,0,0f95,0283,0,0000,0f95,0,0f8d,0008,1,1,0,0,0000,0f95,0000,0000,0000,0000,0,0f95,0f95,0000,0,000,0f95,0f95
487,487,0,2073736572700000,ff,0,0,0f95,0283,0,0000,0f95,0,0f8d,0008,1,1,0,0,0000,0f95,0000,0000,0000,0000,0,0f95,0f95,0000,0,000,0f95,0f95
488,488,0,2073736572700000,ff,0,0,0f95,0283,0,0000,0f95,0,0f8d,0008,1,1,0,0,0000,0f95,0000,0000,0000,0000,0,0f95,0f95,0000,0,000,0f95,0f95
489,489,0,2073736572700000,ff,0,0,0f95,0283,0,0000,0f95,0,0f8d,0008,1,1,0,0,0000,0f95,0000,0000,0000,0000,0,0f95,0f95,0000,0,000,0f95,0f95
490,490,0,2073736572700000,ff,0,0,0f95,0283,0,0000,0f95,0,0f8d,0008,1,1,0,0,0000,0f95,0000,0000,0000,0000,0,0f95,0f95,0000,0,000,0f95,0f95
491,491,0,2073736572700000,ff,0,0,0f95,0283,0,0000,0f95,0,0f8d,0008,1,1,0,0,0000,0f95,0000,0000,0000,0000,0,0f95,0f95,0000,0,000,0f95,0f95
492,492,0,2073736572700000,ff,0,0,0f95,0283,0,0000,0f95,0,0f8d,0008,1,1,0,0,0000,0f95,0000,0000,0000,0000,0,0f95,0f95,0000,0,000,0f95,0f95
493,493,0,2073736572700000,ff,0,0,0f95,0283,0,0000,0f95,0,0f8d,0008,1,1,0,0,0000,0f95,0000,0000,0000,0000,0,0f95,0f95,0000,0,000,0f95,0f95
494,494,0,2073736572700000,ff,0,0,0f95,0283,0,0000,0f95,0,0f8d,0008,1,1,0,0,0000,0f95,0000,0000,0000,0000,0,0f95,0f95,0000,0,000,0f95,0f95
495,495,0,2073736572700000,ff,0,0,0f95,0283,0,0000,0f95,0,0f8d,0008,1,1,0,0,0000,0f95,0000,0000,0000,0000,0,0f95,0f95,0000,0,000,0f95,0f95
496,496,0,2073736572700000,ff,0,0,0f95,0283,0,0000,0f95,0,0f8d,0008,1,1,0,0,0000,0f95,0000,0000,0000,0000,0,0f95,0f95,0000,0,000,0f95,0f95
497,497,0,2073736572700000,ff,0,0,0f95,0283,0,0000,0f95,0,0f8d,0008,1,1,0,0,0000,0f95,0000,0000,0000,0000,0,0f95,0f95,0000,0,000,0f95,0f95
498,498,0,2073736572700000,ff,0,0,0f95,0283,0,0000,0f95,0,0f8d,0008,1,1,0,0,0000,0f95,0000,0000,0000,0000,0,0f95,0f95,0000,0,000,0f95,0f95
499,499,0,2073736572700000,ff,0,0,0f95,0283,0,0000,0f95,0,0f8d,0008,1,1,0,0,0000,0f95,0000,0000,0000,0000,0,0f95,0f95,0000,0,000,0f95,0f95
500,500,0,2073736572700000,ff,0,0,0f95,0283,0,0000,0f95,0,0f8d,0008,1,1,0,0,0000,0f95,0000,0000,0000,0000,0,0f95,0f95,0000,0,000,0f95,0f95
501,501,0,2073736572700000,ff,0,0,0f95,0283,0,0000,0f95,0,0f8d,0008,1,1,0,0,0000,0f95,0000,0000,0000,0000,0,0f95,0f95,0000,0,000,0f95,0f95
502,502,0,2073736572700000,ff,0,0,0f95,0283,0,0000,0f95,0,0f8d,0008,1,1,0,0,0000,0f95,0000,0000,0000,0000,0,0f95,0f95,0000,0,000,0f95,0f95
503,503,0,2073736572700000,ff,0,0,0f95,0283,0,0000,0f95,0,0f8d,0008,1,1,0,0,0000,0f95,0000,0000,0000,0000,0,0f95,0f95,0000,0,000,0f95,0f95
504,504,0,2073736572700000,ff,0,0,0f95,0283,0,0000,0f95,0,0f8d,0008,1,1,0,0,0000,0f95,0000,0000,0000,0000,0,0f95,0f95,0000,0,000,0f95,0f95
505,505,0,2073736572700000,ff,0,0,0f95,0283,0,0000,0f95,0,0f8d,0008,1,1,0,0,0000,0f95,0000,0000,0000,0000,0,0f95,0f95,0000,0,000,0f95,0f95
506,506,0,2073736572700000,ff,0,0,0f95,0283,0,0000,0f95,0,0f8d,0008,1,1,0,0,0000,0f95,0000,0000,0000,0000,0,0f95,0f95,0000,0,000,0f95,0f95
507,507,0,2073736572700000,ff,0,0,0f95,0283,0,0000,0f95,0,0f8d,0008,1,1,0,0,0000,0f95,0000,0000,0000,0000,0,0f95,0f95,0000,0,000,0f95,0f95
508,508,0,2073736572700000,ff,0,0,0f95,0283,0,0000,0f95,0,0f8d,0008,1,1,0,0,0000,0f95,0000,0000,0000,0000,0,0f95,0f95,0000,0,000,0f95,0f95
509,509,0,2073736572700000,ff,0,0,0f95,0283,0,0000,0f95,0,0f8d,0008,1,1,0,0,0000,0f95,0000,0000,0000,0000,0,0f95,0f95,0000,0,000,0f95,0f95
510,510,0,2073736572700000,ff,0,0,0f95,0283,0,0000,0f95,0,0f8d,0008,1,1,0,0,0000,0f95,0000,0000,0000,0000,0,0f95,0f95,0000,0,000,0f95,0f95
511,511,0,2073736572700000,ff,0,0,0f95,0283,0,0000,0f95,0,0f8d,0008,1,1,0,0,0000,0f95,0000,0000,0000,0000,0,0f95,0f95,0000,0,000,0f95,0f95
512,512,0,2073736572700000,ff,0,0,0f95,0283,0,0000,0f95,0,0f8d,0008,1,1,0,0,0000,0f95,0000,0000,0000,0000,0,0f95,0f95,0000,0,000,0f95,0f95
513,513,0,2073736572700000,ff,0,0,0f95,0283,0,0000,0f95,0,0f8d,0008,1,1,0,0,0000,0f95,0000,0000,0000,0000,0,0f95,0f95,0000,0,000,0f95,0f95
514,514,0,2073736572700000,ff,0,0,0f95,0283,0,0000,0f95,0,0f8d,0008,1,1,0,0,0000,0f95,0000,0000,0000,0000,0,0f95,0f95,0000,0,000,0f95,0f95
515,515,0,2073736572700000,ff,0,0,0f95,0283,0,0000,0f95,0,0f8d,0008,1,1,0,0,0000,0f95,0000,0000,0000,0000,0,0f95,0f95,0000,0,000,0f95,0f95
516,516,0,2073736572700000,ff,0,0,0f95,0283,0,0000,0f95,0,0f8d,0008,1,1,0,0,0000,0f95,0000,0000,0000,0000,0,0f95,0f95,0000,0,000,0f95,0f95
517,517,0,2073736572700000,ff,0,0,0f95,0283,0,0000,0f95,0,0f8d,0008,1,1,0,0,0000,0f95,0000,0000,0000,0000,0,0f95,0f95,0000,0,000,0f95,0f95
518,518,0,2073736572700000,ff,0,0,0f95,0283,0,0000,0f95,0,0f8d,0008,1,1,0,0,0000,0f95,0000,0000,0000,0000,0,0f95,0f95,0000,0,000,0f95,0f95
519,519,0,2073736572700000,ff,0,0,0f95,0283,0,0000,0f95,0,0f8d,0008,1,1,0,0,0000,0f95,0000,0000,0000,0000,0,0f95,0f95,0000,0,000,0f95,0f95
520,520,0,2073736572700000,ff,0,0,0f95,0283,0,0000,0f95,0,0f8d,0008,1,1,0,0,0000,0f95,0000,0000,0000,0000,0,0f95,0f95,0000,0,000,0f95,0f95
521,521,0,2073736572700000,ff,0,0,0f95,0283,0,0000,0f95,0,0f8d,0008,1,1,0,0,0000,0f95,0000,0000,0000,0000,0,0f95,0f95,0000,0,000,0f95,0f95
522,522,0,2073736572700000,ff,0,0,0f95,0283,0,0000,0f95,0,0f8d,0008,1,1,0,0,0000,0f95,0000,0000,0000,0000,0,0f95,0f95,0000,0,000,0f95,0f95
523,523,0,2073736572700000,ff,0,0,0f95,0283,0,0000,0f95,0,0f8d,0008,1,1,0,0,0000,0f95,0000,0000,0000,0000,0,0f95,0f95,0000,0,000,0f95,0f95
524,524,0,2073736572700000,ff,0,0,0f95,0283,0,0000,0f95,0,0f8d,0008,1,1,0,0,0000,0f95,0000,0000,0000,0000,0,0f95,0f95,0000,0,000,0f95,0f95
525,525,0,2073736572700000,ff,0,0,0f95,0283,0,0000,0f95,0,0f8d,0008,1,1,0,0,0000,0f95,0000,0000,0000,0000,0,0f95,0f95,0000,0,000,0f95,0f95
526,526,0,2073736572700000,ff,0,0,0f95,0283,0,0000,0f95,0,0f8d,0008,1,1,0,0,0000,0f95,0000,0000,0000,0000,0,0f95,0f95,0000,0,000,0f95,0f95
527,527,0,2073736572700000,ff,0,0,0f95,0283,0,0000,0f95,0,0f8d,0008,1,1,0,0,0000,0f95,0000,0000,0000,0000,0,0f95,0f95,0000,0,000,0f95,0f95
528,528,0,2073736572700000,ff,0,0,0f95,0283,0,0000,0f95,0,0f8d,0008,1,1,0,0,0000,0f95,0000,0000,0000,0000,0,0f95,0f95,0000,0,000,0f95,0f95
529,529,0,2073736572700000,ff,0,0,0f95,0283,0,0000,0f95,0,0f8d,0008,1,1,0,0,0000,0f95,0000,0000,0000,0000,0,0f95,0f95,0000,0,000,0f95,0f95
530,530,0,2073736572700000,ff,0,0,0f95,0283,0,0000,0f95,0,0f8d,0008,1,1,0,0,0000,0f95,0000,0000,0000,0000,0,0f95,0f95,0000,0,000,0f95,0f95
531,531,0,2073736572700000,ff,0,0,0f95,0283,0,0000,0f95,0,0f8d,0008,1,1,0,0,0000,0f95,0000,0000,0000,0000,0,0f95,0f95,0000,0,000,0f95,0f95
532,532,0,2073736572700000,ff,0,0,0f95,0283,0,0000,0f95,0,0f8d,0008,1,1,0,0,0000,0f95,0000,0000,0000,0000,0,0f95,0f95,0000,0,000,0f95,0f95
533,533,0,2073736572700000,ff,0,0,0f95,0283,0,0000,0f95,0,0f8d,0008,1,1,0,0,0000,0f95,0000,0000,0000,0000,0,0f95,0f95,0000,0,000,0f95,0f95
534,534,0,2073736572700000,ff,0,0,0f95,0283,0,0000,0f95,0,0f8d,0008,1,1,0,0,0000,0f95,0000,0000,0000,0000,0,0f95,0f95,0000,0,000,0f95,0f95
535,535,0,2073736572700000,ff,0,0,0f95,0283,0,0000,0f95,0,0f8d,0008,1,1,0,0,0000,0f95,0000,0000,0000,0000,0,0f95,0f95,0000,0,000,0f95,0f95
536,536,0,2073736572700000,ff,0,0,0f95,0283,0,0000,0f95,0,0f8d,0008,1,1,0,0,0000,0f95,0000,0000,0000,0000,0,0f95,0f95,0000,0,000,0f95,0f95
537,537,0,2073736572700000,ff,0,0,0f95,0283,0,0000,0f95,0,0f8d,0008,1,1,0,0,0000,0f95,0000,0000,0000,0000,0,0f95,0f95,0000,0,000,0f95,0f95
538,538,0,2073736572700000,ff,0,0,0f95,0283,0,0000,0f95,0,0f8d,0008,1,1,0,0,0000,0f95,0000,0000,0000,0000,0,0f95,0f95,0000,0,000,0f95,0f95
539,539,0,2073736572700000,ff,0,0,0f95,0283,0,0000,0f95,0,0f8d,0008,1,1,0,0,0000,0f95,0000,0000,0000,0000,0,0f95,0f95,0000,0,000,0f95,0f95
540,540,0,2073736572700000,ff,0,0,0f95,0283,0,0000,0f95,0,0f8d,0008,1,1,0,0,0000,0f95,0000,0000,0000,0000,0,0f95,0f95,0000,0,000,0f95,0f95
541,541,0,2073736572700000,ff,0,0,0f95,0283,0,0000,0f95,0,0f8d,0008,1,1,0,0,0000,0f95,0000,0000,0000,0000,0,0f95,0f95,0000,0,000,0f95,0f95
542,542,0,2073736572700000,ff,0,0,0f95,0283,0,0000,0f95,0,0f8d,0008,1,1,0,0,0000,0f95,0000,0000,0000,0000,0,0f95,0f95,0000,0,000,0f95,0f95
543,543,0,2073736572700000,ff,0,0,0f95,0283,0,0000,0f95,0,0f8d,0008,1,1,0,0,0000,0f95,0000,0000,0000,0000,0,0f95,0f95,0000,0,000,0f95,0f95
544,544,0,2073736572700000,ff,0,0,0f95,0283,0,0000,0f95,0,0f8d,0008,1,1,0,0,0000,0f95,0000,0000,0000,0000,0,0f95,0f95,0000,0,000,0f95,0f95
545,545,0,2073736572700000,ff,0,0,0f95,0283,0,0000,0f95,0,0f8d,0008,1,1,0,0,0000,0f95,0000,0000,0000,0000,0,0f95,0f95,0000,0,000,0f95,0f95
546,546,0,2073736572700000,ff,0,0,0f95,0283,0,0000,0f95,0,0f8d,0008,1,1,0,0,0000,0f95,0000,0000,0000,0000,0,0f95,0f95,0000,0,000,0f95,0f95
547,547,0,2073736572700000,ff,0,0,0f95,0283,0,0000,0f95,0,0f8d,0008,1,1,0,0,0000,0f95,0000,0000,0000,0000,0,0f95,0f95,0000,0,000,0f95,0f95
548,548,0,2073736572700000,ff,0,0,0f95,0283,0,0000,0f95,0,0f8d,0008,1,1,0,0,0000,0f95,0000,0000,0000,0000,0,0f95,0f95,0000,0,000,0f95,0f95
549,549,0,2073736572700000,ff,0,0,0f95,0283,0,0000,0f95,0,0f8d,0008,1,1,0,0,0000,0f95,0000,0000,0000,0000,0,0f95,0f95,0000,0,000,0f95,0f95
550,550,0,2073736572700000,ff,0,0,0f95,0283,0,0000,0f95,0,0f8d,0008,1,1,0,0,0000,0f95,0000,0000,0000,0000,0,0f95,0f95,0000,0,000,0f95,0f95
551,551,0,2073736572700000,ff,0,0,0f95,0283,0,0000,0f95,0,0f8d,0008,1,1,0,0,0000,0f95,0000,0000,0000,0000,0,0f95,0f95,0000,0,000,0f95,0f95
552,552,0,2073736572700000,ff,0,0,0f95,0283,0,0000,0f95,0,0f8d,0008,1,1,0,0,0000,0f95,0000,0000,0000,0000,0,0f95,0f95,0000,0,000,0f95,0f95
553,553,0,2073736572700000,ff,0,0,0f95,0283,0,0000,0f95,0,0f8d,0008,1,1,0,0,0000,0f95,0000,0000,0000,0000,0,0f95,0f95,0000,0,000,0f95,0f95
554,554,0,2073736572700000,ff,0,0,0f95,0283,0,0000,0f95,0,0f8d,0008,1,1,0,0,0000,0f95,0000,0000,0000,0000,0,0f95,0f95,0000,0,000,0f95,0f95
555,555,0,2073736572700000,ff,0,0,0f95,0283,0,0000,0f95,0,0f8d,0008,1,1,0,0,0000,0f95,0000,0000,0000,0000,0,0f95,0f95,0000,0,000,0f95,0f95
556,556,0,2073736572700000,ff,0,0,0f95,0283,0,0000,0f95,0,0f8d,0008,1,1,0,0,0000,0f95,0000,0000,0000,0000,0,0f95,0f95,0000,0,000,0f95,0f95
557,557,0,2073736572700000,ff,0,0,0f95,0283,0,0000,0f95,0,0f8d,0008,1,1,0,0,0000,0f95,0000,0000,0000,0000,0,0f95,0f95,0000,0,000,0f95,0f95
558,558,0,2073736572700000,ff,0,0,0f95,0283,0,0000,0f95,0,0f8d,0008,1,1,0,0,0000,0f95,0000,0000,0000,0000,0,0f95,0f95,0000,0,000,0f95,0f95
559,559,0,2073736572700000,ff,0,0,0f95,0283,0,0000,0f95,0,0f8d,0008,1,1,0,0,0000,0f95,0000,0000,0000,0000,0,0f95,0f95,0000,0,000,0f95,0f95
560,560,0,2073736572700000,ff,0,0,0f95,0283,0,0000,0f95,0,0f8d,0008,1,1,0,0,0000,0f95,0000,0000,0000,0000,0,0f95,0f95,0000,0,000,0f95,0f95
561,561,0,2073736572700000,ff,0,0,0f95,0283,0,0000,0f95,0,0f8d,0008,1,1,0,0,0000,0f95,0000,0000,0000,0000,0,0f95,0f95,0000,0,000,0f95,0f95
562,562,0,2073736572700000,ff,0,0,0f95,0283,0,0000,0f95,0,0f8d,0008,1,1,0,0,0000,0f95,0000,0000,0000,0000,0,0f95,0f95,0000,0,000,0f95,0f95
563,563,0,2073736572700000,ff,0,0,0f95,0283,0,0000,0f95,0,0f8d,0008,1,1,0,0,0000,0f95,0000,0000,0000,0000,0,0f95,0f95,0000,0,000,0f95,0f95
564,564,0,2073736572700000,ff,0,0,0f95,0283,0,0000,0f95,0,0f8d,0008,1,1,0,0,0000,0f95,0000,0000,0000,0000,0,0f95,0f95,0000,0,000,0f95,0f95
565,565,0,2073736572700000,ff,0,0,0f95,0283,0,0000,0f95,0,0f8d,0008,1,1,0,0,0000,0f95,0000,0000,0000,0000,0,0f95,0f95,0000,0,000,0f95,0f95
566,566,0,2073736572700000,ff,0,0,0f95,0283,0,0000,0f95,0,0f8d,0008,1,1,0,0,0000,0f95,0000,0000,0000,0000,0,0f95,0f95,0000,0,000,0f95,0f95
567,567,0,2073736572700000,ff,0,0,0f95,0283,0,0000,0f95,0,0f8d,0008,1,1,0,0,0000,0f95,0000,0000,0000,0000,0,0f95,0f95,0000,0,000,0f95,0f95
568,568,0,2073736572700000,ff,0,0,0f95,0283,0,0000,0f95,0,0f8d,0008,1,1,0,0,0000,0f95,0000,0000,0000,0000,0,0f95,0f95,0000,0,000,0f95,0f95
569,569,0,2073736572700000,ff,0,0,0f95,0283,0,0000,0f95,0,0f8d,0008,1,1,0,0,0000,0f95,0000,0000,0000,0000,0,0f95,0f95,0000,0,000,0f95,0f95
570,570,0,2073736572700000,ff,0,0,0f95,0283,0,0000,0f95,0,0f8d,0008,1,1,0,0,0000,0f95,0000,0000,0000,0000,0,0f95,0f95,0000,0,000,0f95,0f95
571,571,0,2073736572700000,ff,0,0,0f95,0283,0,0000,0f95,0,0f8d,0008,1,1,0,0,0000,0f95,0000,0000,0000,0000,0,0f95,0f95,0000,0,000,0f95,0f95
572,572,0,2073736572700000,ff,0,0,0f95,0283,0,0000,0f95,0,0f8d,0008,1,1,0,0,0000,0f95,0000,0000,0000,0000,0,0f95,0f95,0000,0,000,0f95,0f95
573,573,0,2073736572700000,ff,0,0,0f95,0283,0,0000,0f95,0,0f8d,0008,1,1,0,0,0000,0f95,0000,0000,0000,0000,0,0f95,0f95,0000,0,000,0f95,0f95
574,574,0,2073736572700000,ff,0,0,0f95,0283,0,0000,0f95,0,0f8d,0008,1,1,0,0,0000,0f95,0000,0000,0000,0000,0,0f95,0f95,0000,0,000,0f95,0f95
575,575,0,2073736572700000,ff,0,0,0f95,0283,0,0000,0f95,0,0f8d,0008,1,1,0,0,0000,0f95,0000,0000,0000,0000,0,0f95,0f95,0000,0,000,0f95,0f95
576,576,0,2073736572700000,ff,0,0,0f95,0283,0,0000,0f95,0,0f8d,0008,1,1,0,0,0000,0f95,0000,0000,0000,0000,0,0f95,0f95,0000,0,000,0f95,0f95
577,577,0,2073736572700000,ff,0,0,0f95,0283,0,0000,0f95,0,0f8d,0008,1,1,0,0,0000,0f95,0000,0000,0000,0000,0,0f95,0f95,0000,0,000,0f95,0f95
578,578,0,2073736572700000,ff,0,0,0f95,0283,0,0000,0f95,0,0f8d,0008,1,1,0,0,0000,0f95,0000,0000,0000,0000,0,0f95,0f95,0000,0,000,0f95,0f95
579,579,0,2073736572700000,ff,0,0,0f95,0283,0,0000,0f95,0,0f8d,0008,1,1,0,0,0000,0f95,0000,0000,0000,0000,0,0f95,0f95,0000,0,000,0f95,0f95
580,580,0,2073736572700000,ff,0,0,0f95,0283,0,0000,0f95,0,0f8d,0008,1,1,0,0,0000,0f95,0000,0000,0000,0000,0,0f95,0f95,0000,0,000,0f95,0f95
581,581,0,2073736572700000,ff,0,0,0f95,0283,0,0000,0f95,0,0f8d,0008,1,1,0,0,0000,0f95,0000,0000,0000,0000,0,0f95,0f95,0000,0,000,0f95,0f95
582,582,0,2073736572700000,ff,0,0,0f95,0283,0,0000,0f95,0,0f8d,0008,1,1,0,0,0000,0f95,0000,0000,0000,0000,0,0f95,0f95,0000,0,000,0f95,0f95
583,583,0,2073736572700000,ff,0,0,0f95,0283,0,0000,0f95,0,0f8d,0008,1,1,0,0,0000,0f95,0000,0000,0000,0000,0,0f95,0f95,0000,0,000,0f95,0f95
584,584,0,2073736572700000,ff,0,0,0f95,0283,0,0000,0f95,0,0f8d,0008,1,1,0,0,0000,0f95,0000,0000,0000,0000,0,0f95,0f95,0000,0,000,0f95,0f95
585,585,0,2073736572700000,ff,0,0,0f95,0283,0,0000,0f95,0,0f8d,0008,1,1,0,0,0000,0f95,0000,0000,0000,0000,0,0f95,0f95,0000,0,000,0f95,0f95
586,586,0,2073736572700000,ff,0,0,0f95,0283,0,0000,0f95,0,0f8d,0008,1,1,0,0,0000,0f95,0000,0000,0000,0000,0,0f95,0f95,0000,0,000,0f95,0f95
587,587,0,2073736572700000,ff,0,0,0f95,0283,0,0000,0f95,0,0f8d,0008,1,1,0,0,0000,0f95,0000,0000,0000,0000,0,0f95,0f95,0000,0,000,0f95,0f95
588,588,0,2073736572700000,ff,0,0,0f95,0283,0,0000,0f95,0,0f8d,0008,1,1,0,0,0000,0f95,0000,0000,0000,0000,0,0f95,0f95,0000,0,000,0f95,0f95
589,589,0,2073736572700000,ff,0,0,0f95,0283,0,0000,0f95,0,0f8d,0008,1,1,0,0,0000,0f95,0000,0000,0000,0000,0,0f95,0f95,0000,0,000,0f95,0f95
590,590,0,2073736572700000,ff,0,0,0f95,0283,0,0000,0f95,0,0f8d,0008,1,1,0,0,0000,0f95,0000,0000,0000,0000,0,0f95,0f95,0000,0,000,0f95,0f95
591,591,0,2073736572700000,ff,0,0,0f95,0283,0,0000,0f95,0,0f8d,0008,1,1,0,0,0000,0f95,0000,0000,0000,0000,0,0f95,0f95,0000,0,000,0f95,0f95
592,592,0,2073736572700000,ff,0,0,0f95,0283,0,0000,0f95,0,0f8d,0008,1,1,0,0,0000,0f95,0000,0000,0000,0000,0,0f95,0f95,0000,0,000,0f95,0f95
593,593,0,2073736572700000,ff,0,0,0f95,0283,0,0000,0f95,0,0f8d,0008,1,1,0,0,0000,0f95,0000,0000,0000,0000,0,0f95,0f95,0000,0,000,0f95,0f95
594,594,0,2073736572700000,ff,0,0,0f95,0283,0,0000,0f95,0,0f8d,0008,1,1,0,0,0000,0f95,0000,0000,0000,0000,0,0f95,0f95,0000,0,000,0f95,0f95
595,595,0,2073736572700000,ff,0,0,0f95,0283,0,0000,0f95,0,0f8d,0008,1,1,0,0,0000,0f95,0000,0000,0000,0000,0,0f95,0f95,0000,0,000,0f95,0f95
596,596,0,2073736572700000,ff,0,0,0f95,0283,0,0000,0f95,0,0f8d,0008,1,1,0,0,0000,0f95,0000,0000,0000,0000,0,0f95,0f95,0000,0,000,0f95,0f95
597,597,0,2073736572700000,ff,0,0,0f95,0283,0,0000,0f95,0,0f8d,0008,1,1,0,0,0000,0f95,0000,0000,0000,0000,0,0f95,0f95,0000,0,000,0f95,0f95
598,598,0,2073736572700000,ff,0,0,0f95,0283,0,0000,0f95,0,0f8d,0008,1,1,0,0,0000,0f95,0000,0000,0000,0000,0,0f95,0f95,0000,0,000,0f95,0f95
599,599,0,2073736572700000,ff,0,0,0f95,0283,0,0000,0f95,0,0f8d,0008,1,1,0,0,0000,0f95,0000,0000,0000,0000,0,0f95,0f95,0000,0,000,0f95,0f95
600,600,0,2073736572700000,ff,0,0,0f95,0283,0,0000,0f95,0,0f8d,0008,1,1,0,0,0000,0f95,0000,0000,0000,0000,0,0f95,0f95,0000,0,000,0f95,0f95
601,601,0,2073736572700000,ff,0,0,0f95,0283,0,0000,0f95,0,0f8d,0008,1,1,0,0,0000,0f95,0000,0000,0000,0000,0,0f95,0f95,0000,0,000,0f95,0f95
602,602,0,2073736572700000,ff,0,0,0f95,0283,0,0000,0f95,0,0f8d,0008,1,1,0,0,0000,0f95,0000,0000,0000,0000,0,0f95,0f95,0000,0,000,0f95,0f95
603,603,0,2073736572700000,ff,0,0,0f95,0283,0,0000,0f95,0,0f8d,0008,1,1,0,0,0000,0f95,0000,0000,0000,0000,0,0f95,0f95,0000,0,000,0f95,0f95
604,604,0,2073736572700000,ff,0,0,0f95,0283,0,0000,0f95,0,0f8d,0008,1,1,0,0,0000,0f95,0000,0000,0000,0000,0,0f95,0f95,0000,0,000,0f95,0f95
605,605,0,2073736572700000,ff,0,0,0f95,0283,0,0000,0f95,0,0f8d,0008,1,1,0,0,0000,0f95,0000,0000,0000,0000,0,0f95,0f95,0000,0,000,0f95,0f95
606,606,0,2073736572700000,ff,0,0,0f95,0283,0,0000,0f95,0,0f8d,0008,1,1,0,0,0000,0f95,0000,0000,0000,0000,0,0f95,0f95,0000,0,000,0f95,0f95
607,607,0,2073736572700000,ff,0,0,0f95,0283,0,0000,0f95,0,0f8d,0008,1,1,0,0,0000,0f95,0000,0000,0000,0000,0,0f95,0f95,0000,0,000,0f95,0f95
608,608,0,2073736572700000,ff,0,0,0f95,0283,0,0000,0f95,0,0f8d,0008,1,1,0,0,0000,0f95,0000,0000,0000,0000,0,0f95,0f95,0000,0,000,0f95,0f95
609,609,0,2073736572700000,ff,0,0,0f95,0283,0,0000,0f95,0,0f8d,0008,1,1,0,0,0000,0f95,0000,0000,0000,0000,0,0f95,0f95,0000,0,000,0f95,0f95
610,610,0,2073736572700000,ff,0,0,0f95,0283,0,0000,0f95,0,0f8d,0008,1,1,0,0,0000,0f95,0000,0000,0000,0000,0,0f95,0f95,0000,0,000,0f95,0f95
611,611,0,2073736572700000,ff,0,0,0f95,0283,0,0000,0f95,0,0f8d,0008,1,1,0,0,0000,0f95,0000,0000,0000,0000,0,0f95,0f95,0000,0,000,0f95,0f95
612,612,0,2073736572700000,ff,0,0,0f95,0283,0,0000,0f95,0,0f8d,0008,1,1,0,0,0000,0f95,0000,0000,0000,0000,0,0f95,0f95,0000,0,000,0f95,0f95
613,613,0,2073736572700000,ff,0,0,0f95,0283,0,0000,0f95,0,0f8d,0008,1,1,0,0,0000,0f95,0000,0000,0000,0000,0,0f95,0f95,0000,0,000,0f95,0f95
614,614,0,2073736572700000,ff,0,0,0f95,0283,0,0000,0f95,0,0f8d,0008,1,1,0,0,0000,0f95,0000,0000,0000,0000,0,0f95,0f95,0000,0,000,0f95,0f95
615,615,0,2073736572700000,ff,0,0,0f95,0283,0,0000,0f95,0,0f8d,0008,1,1,0,0,0000,0f95,0000,0000,0000,0000,0,0f95,0f95,0000,0,000,0f95,0f95
616,616,0,2073736572700000,ff,0,0,0f95,0283,0,0000,0f95,0,0f8d,0008,1,1,0,0,0000,0f95,0000,0000,0000,0000,0,0f95,0f95,0000,0,000,0f95,0f95
617,617,0,2073736572700000,ff,0,0,0f95,0283,0,0000,0f95,0,0f8d,0008,1,1,0,0,0000,0f95,0000,0000,0000,0000,0,0f95,0f95,0000,0,000,0f95,0f95
618,618,0,2073736572700000,ff,0,0,0f95,0283,0,0000,0f95,0,0f8d,0008,1,1,0,0,0000,0f95,0000,0000,0000,0000,0,0f95,0f95,0000,0,000,0f95,0f95
619,619,0,2073736572700000,ff,0,0,0f95,0283,0,0000,0f95,0,0f8d,0008,1,1,0,0,0000,0f95,0000,0000,0000,0000,0,0f95,0f95,0000,0,000,0f95,0f95
620,620,0,2073736572700000,ff,0,0,0f95,0283,0,0000,0f95,0,0f8d,0008,1,1,0,0,0000,0f95,0000,0000,0000,0000,0,0f95,0f95,0000,0,000,0f95,0f95
621,621,0,2073736572700000,ff,0,0,0f95,0283,0,0000,0f95,0,0f8d,0008,1,1,0,0,0000,0f95,0000,0000,0000,0000,0,0f95,0f95,0000,0,000,0f95,0f95
622,622,0,2073736572700000,ff,0,0,0f95,0283,0,0000,0f95,0,0f8d,0008,1,1,0,0,0000,0f95,0000,0000,0000,0000,0,0f95,0f95,0000,0,000,0f95,0f95
623,623,0,2073736572700000,ff,0,0,0f95,0283,0,0000,0f95,0,0f8d,0008,1,1,0,0,0000,0f95,0000,0000,0000,0000,0,0f95,0f95,0000,0,000,0f95,0f95
624,624,0,2073736572700000,ff,0,0,0f95,0283,0,0000,0f95,0,0f8d,0008,1,1,0,0,0000,0f95,0000,0000,0000,0000,0,0f95,0f95,0000,0,000,0f95,0f95
625,625,0,2073736572700000,ff,0,0,0f95,0283,0,0000,0f95,0,0f8d,0008,1,1,0,0,0000,0f95,0000,0000,0000,0000,0,0f95,0f95,0000,0,000,0f95,0f95
626,626,0,2073736572700000,ff,0,0,0f95,0283,0,0000,0f95,0,0f8d,0008,1,1,0,0,0000,0f95,0000,0000,0000,0000,0,0f95,0f95,0000,0,000,0f95,0f95
627,627,0,2073736572700000,ff,0,0,0f95,0283,0,0000,0f95,0,0f8d,0008,1,1,0,0,0000,0f95,0000,0000,0000,0000,0,0f95,0f95,0000,0,000,0f95,0f95
628,628,0,2073736572700000,ff,0,0,0f95,0283,0,0000,0f95,0,0f8d,0008,1,1,0,0,0000,0f95,0000,0000,0000,0000,0,0f95,0f95,0000,0,000,0f95,0f95
629,629,0,2073736572700000,ff,0,0,0f95,0283,0,0000,0f95,0,0f8d,0008,1,1,0,0,0000,0f95,0000,0000,0000,0000,0,0f95,0f95,0000,0,000,0f95,0f95
630,630,0,2073736572700000,ff,0,0,0f95,0283,0,0000,0f95,0,0f8d,0008,1,1,0,0,0000,0f95,0000,0000,0000,0000,0,0f95,0f95,0000,0,000,0f95,0f95
631,631,0,2073736572700000,ff,0,0,0f95,0283,0,0000,0f95,0,0f8d,0008,1,1,0,0,0000,0f95,0000,0000,0000,0000,0,0f95,0f95,0000,0,000,0f95,0f95
632,632,0,2073736572700000,ff,0,0,0f95,0283,0,0000,0f95,0,0f8d,0008,1,1,0,0,0000,0f95,0000,0000,0000,0000,0,0f95,0f95,0000,0,000,0f95,0f95
633,633,0,2073736572700000,ff,0,0,0f95,0283,0,0000,0f95,0,0f8d,0008,1,1,0,0,0000,0f95,0000,0000,0000,0000,0,0f95,0f95,0000,0,000,0f95,0f95
634,634,0,2073736572700000,ff,0,0,0f95,0283,0,0000,0f95,0,0f8d,0008,1,1,0,0,0000,0f95,0000,0000,0000,0000,0,0f95,0f95,0000,0,000,0f95,0f95
635,635,0,2073736572700000,ff,0,0,0f95,0283,0,0000,0f95,0,0f8d,0008,1,1,0,0,0000,0f95,0000,0000,0000,0000,0,0f95,0f95,0000,0,000,0f95,0f95
636,636,0,2073736572700000,ff,0,0,0f95,0283,0,0000,0f95,0,0f8d,0008,1,1,0,0,0000,0f95,0000,0000,0000,0000,0,0f95,0f95,0000,0,000,0f95,0f95
637,637,0,2073736572700000,ff,0,0,0f95,0283,0,0000,0f95,0,0f8d,0008,1,1,0,0,0000,0f95,0000,0000,0000,0000,0,0f95,0f95,0000,0,000,0f95,0f95
638,638,0,2073736572700000,ff,0,0,0f95,0283,0,0000,0f95,0,0f8d,0008,1,1,0,0,0000,0f95,0000,0000,0000,0000,0,0f95,0f95,0000,0,000,0f95,0f95
639,639,0,2073736572700000,ff,0,0,0f95,0283,0,0000,0f95,0,0f8d,0008,1,1,0,0,0000,0f95,0000,0000,0000,0000,0,0f95,0f95,0000,0,000,0f95,0f95
640,640,0,2073736572700000,ff,0,0,0f95,0283,0,0000,0f95,0,0f8d,0008,1,1,0,0,0000,0f95,0000,0000,0000,0000,0,0f95,0f95,0000,0,000,0f95,0f95
641,641,0,2073736572700000,ff,0,0,0f95,0283,0,0000,0f95,0,0f8d,0008,1,1,0,0,0000,0f95,0000,0000,0000,0000,0,0f95,0f95,0000,0,000,0f95,0f95
642,642,0,2073736572700000,ff,0,0,0f95,0283,0,0000,0f95,0,0f8d,0008,1,1,0,0,0000,0f95,0000,0000,0000,0000,0,0f95,0f95,0000,0,000,0f95,0f95
643,643,0,2073736572700000,ff,0,0,0f95,0283,0,0000,0f95,0,0f8d,0008,1,1,0,0,0000,0f95,0000,0000,0000,0000,0,0f95,0f95,0000,0,000,0f95,0f95
644,644,0,2073736572700000,ff,0,0,0f95,0283,0,0000,0f95,0,0f8d,0008,1,1,0,0,0000,0f95,0000,0000,0000,0000,0,0f95,0f95,0000,0,000,0f95,0f95
645,645,0,2073736572700000,ff,0,0,0f95,0283,0,0000,0f95,0,0f8d,0008,1,1,0,0,0000,0f95,0000,0000,0000,0000,0,0f95,0f95,0000,0,000,0f95,0f95
646,646,0,2073736572700000,ff,0,0,0f95,0283,0,0000,0f95,0,0f8d,0008,1,1,0,0,0000,0f95,0000,0000,0000,0000,0,0f95,0f95,0000,0,000,0f95,0f95
647,647,0,2073736572700000,ff,0,0,0f95,0283,0,0000,0f95,0,0f8d,0008,1,1,0,0,0000,0f95,0000,0000,0000,0000,0,0f95,0f95,0000,0,000,0f95,0f95
648,648,0,2073736572700000,ff,0,0,0f95,0283,0,0000,0f95,0,0f8d,0008,1,1,0,0,0000,0f95,0000,0000,0000,0000,0,0f95,0f95,0000,0,000,0f95,0f95
649,649,0,2073736572700000,ff,0,0,0f95,0283,0,0000,0f95,0,0f8d,0008,1,1,0,0,0000,0f95,0000,0000,0000,0000,0,0f95,0f95,0000,0,000,0f95,0f95
650,650,0,2073736572700000,ff,0,0,0f95,0283,0,0000,0f95,0,0f8d,0008,1,1,0,0,0000,0f95,0000,0000,0000,0000,0,0f95,0f95,0000,0,000,0f95,0f95
651,651,0,2073736572700000,ff,0,0,0f95,0283,0,0000,0f95,0,0f8d,0008,1,1,0,0,0000,0f95,0000,0000,0000,0000,0,0f95,0f95,0000,0,000,0f95,0f95
652,652,0,2073736572700000,ff,0,0,0f95,0283,0,0000,0f95,0,0f8d,0008,1,1,0,0,0000,0f95,0000,0000,0000,0000,0,0f95,0f95,0000,0,000,0f95,0f95
653,653,0,2073736572700000,ff,0,0,0f95,0283,0,0000,0f95,0,0f8d,0008,1,1,0,0,0000,0f95,0000,0000,0000,0000,0,0f95,0f95,0000,0,000,0f95,0f95
654,654,0,2073736572700000,ff,0,0,0f95,0283,0,0000,0f95,0,0f8d,0008,1,1,0,0,0000,0f95,0000,0000,0000,0000,0,0f95,0f95,0000,0,000,0f95,0f95
655,655,0,2073736572700000,ff,0,0,0f95,0283,0,0000,0f95,0,0f8d,0008,1,1,0,0,0000,0f95,0000,0000,0000,0000,0,0f95,0f95,0000,0,000,0f95,0f95
656,656,0,2073736572700000,ff,0,0,0f95,0283,0,0000,0f95,0,0f8d,0008,1,1,0,0,0000,0f95,0000,0000,0000,0000,0,0f95,0f95,0000,0,000,0f95,0f95
657,657,0,2073736572700000,ff,0,0,0f95,0283,0,0000,0f95,0,0f8d,0008,1,1,0,0,0000,0f95,0000,0000,0000,0000,0,0f95,0f95,0000,0,000,0f95,0f95
658,658,0,2073736572700000,ff,0,0,0f95,0283,0,0000,0f95,0,0f8d,0008,1,1,0,0,0000,0f95,0000,0000,0000,0000,0,0f95,0f95,0000,0,000,0f95,0f95
659,659,0,2073736572700000,ff,0,0,0f95,0283,0,0000,0f95,0,0f8d,0008,1,1,0,0,0000,0f95,0000,0000,0000,0000,0,0f95,0f95,0000,0,000,0f95,0f95
660,660,0,2073736572700000,ff,0,0,0f95,0283,0,0000,0f95,0,0f8d,0008,1,1,0,0,0000,0f95,0000,0000,0000,0000,0,0f95,0f95,0000,0,000,0f95,0f95
661,661,0,2073736572700000,ff,0,0,0f95,0283,0,0000,0f95,0,0f8d,0008,1,1,0,0,0000,0f95,0000,0000,0000,0000,0,0f95,0f95,0000,0,000,0f95,0f95
662,662,0,2073736572700000,ff,0,0,0f95,0283,0,0000,0f95,0,0f8d,0008,1,1,0,0,0000,0f95,0000,0000,0000,0000,0,0f95,0f95,0000,0,000,0f95,0f95
663,663,0,2073736572700000,ff,0,0,0f95,0283,0,0000,0f95,0,0f8d,0008,1,1,0,0,0000,0f95,0000,0000,0000,0000,0,0f95,0f95,0000,0,000,0f95,0f95
664,664,0,2073736572700000,ff,0,0,0f95,0283,0,0000,0f95,0,0f8d,0008,1,1,0,0,0000,0f95,0000,0000,0000,0000,0,0f95,0f95,0000,0,000,0f95,0f95
665,665,0,2073736572700000,ff,0,0,0f95,0283,0,0000,0f95,0,0f8d,0008,1,1,0,0,0000,0f95,0000,0000,0000,0000,0,0f95,0f95,0000,0,000,0f95,0f95
666,666,0,2073736572700000,ff,0,0,0f95,0283,0,0000,0f95,0,0f8d,0008,1,1,0,0,0000,0f95,0000,0000,0000,0000,0,0f95,0f95,0000,0,000,0f95,0f95
667,667,0,2073736572700000,ff,0,0,0f95,0283,0,0000,0f95,0,0f8d,0008,1,1,0,0,0000,0f95,0000,0000,0000,0000,0,0f95,0f95,0000,0,000,0f95,0f95
668,668,0,2073736572700000,ff,0,0,0f95,0283,0,0000,0f95,0,0f8d,0008,1,1,0,0,0000,0f95,0000,0000,0000,0000,0,0f95,0f95,0000,0,000,0f95,0f95
669,669,0,2073736572700000,ff,0,0,0f95,0283,0,0000,0f95,0,0f8d,0008,1,1,0,0,0000,0f95,0000,0000,0000,0000,0,0f95,0f95,0000,0,000,0f95,0f95
670,670,0,2073736572700000,ff,0,0,0f95,0283,0,0000,0f95,0,0f8d,0008,1,1,0,0,0000,0f95,0000,0000,0000,0000,0,0f95,0f95,0000,0,000,0f95,0f95
671,671,0,2073736572700000,ff,0,0,0f95,0283,0,0000,0f95,0,0f8d,0008,1,1,0,0,0000,0f95,0000,0000,0000,0000,0,0f95,0f95,0000,0,000,0f95,0f95
672,672,0,2073736572700000,ff,0,0,0f95,0283,0,0000,0f95,0,0f8d,0008,1,1,0,0,0000,0f95,0000,0000,0000,0000,0,0f95,0f95,0000,0,000,0f95,0f95
673,673,0,2073736572700000,ff,0,0,0f95,0283,0,0000,0f95,0,0f8d,0008,1,1,0,0,0000,0f95,0000,0000,0000,0000,0,0f95,0f95,0000,0,000,0f95,0f95
674,674,0,2073736572700000,ff,0,0,0f95,0283,0,0000,0f95,0,0f8d,0008,1,1,0,0,0000,0f95,0000,0000,0000,0000,0,0f95,0f95,0000,0,000,0f95,0f95
675,675,0,2073736572700000,ff,0,0,0f95,0283,0,0000,0f95,0,0f8d,0008,1,1,0,0,0000,0f95,0000,0000,0000,0000,0,0f95,0f95,0000,0,000,0f95,0f95
676,676,0,2073736572700000,ff,0,0,0f95,0283,0,0000,0f95,0,0f8d,0008,1,1,0,0,0000,0f95,0000,0000,0000,0000,0,0f95,0f95,0000,0,000,0f95,0f95
677,677,0,2073736572700000,ff,0,0,0f95,0283,0,0000,0f95,0,0f8d,0008,1,1,0,0,0000,0f95,0000,0000,0000,0000,0,0f95,0f95,0000,0,000,0f95,0f95
678,678,0,2073736572700000,ff,0,0,0f95,0283,0,0000,0f95,0,0f8d,0008,1,1,0,0,0000,0f95,0000,0000,0000,0000,0,0f95,0f95,0000,0,000,0f95,0f95
679,679,0,2073736572700000,ff,0,0,0f95,0283,0,0000,0f95,0,0f8d,0008,1,1,0,0,0000,0f95,0000,0000,0000,0000,0,0f95,0f95,0000,0,000,0f95,0f95
680,680,0,2073736572700000,ff,0,0,0f95,0283,0,0000,0f95,0,0f8d,0008,1,1,0,0,0000,0f95,0000,0000,0000,0000,0,0f95,0f95,0000,0,000,0f95,0f95
681,681,0,2073736572700000,ff,0,0,0f95,0283,0,0000,0f95,0,0f8d,0008,1,1,0,0,0000,0f95,0000,0000,0000,0000,0,0f95,0f95,0000,0,000,0f95,0f95
682,682,0,2073736572700000,ff,0,0,0f95,0283,0,0000,0f95,0,0f8d,0008,1,1,0,0,0000,0f95,0000,0000,0000,0000,0,0f95,0f95,0000,0,000,0f95,0f95
683,683,0,2073736572700000,ff,0,0,0f95,0283,0,0000,0f95,0,0f8d,0008,1,1,0,0,0000,0f95,0000,0000,0000,0000,0,0f95,0f95,0000,0,000,0f95,0f95
684,684,0,2073736572700000,ff,0,0,0f95,0283,0,0000,0f95,0,0f8d,0008,1,1,0,0,0000,0f95,0000,0000,0000,0000,0,0f95,0f95,0000,0,000,0f95,0f95
685,685,0,2073736572700000,ff,0,0,0f95,0283,0,0000,0f95,0,0f8d,0008,1,1,0,0,0000,0f95,0000,0000,0000,0000,0,0f95,0f95,0000,0,000,0f95,0f95
686,686,0,2073736572700000,ff,0,0,0f95,0283,0,0000,0f95,0,0f8d,0008,1,1,0,0,0000,0f95,0000,0000,0000,0000,0,0f95,0f95,0000,0,000,0f95,0f95
687,687,0,2073736572700000,ff,0,0,0f95,0283,0,0000,0f95,0,0f8d,0008,1,1,0,0,0000,0f95,0000,0000,0000,0000,0,0f95,0f95,0000,0,000,0f95,0f95
688,688,0,2073736572700000,ff,0,0,0f95,0283,0,0000,0f95,0,0f8d,0008,1,1,0,0,0000,0f95,0000,0000,0000,0000,0,0f95,0f95,0000,0,000,0f95,0f95
689,689,0,2073736572700000,ff,0,0,0f95,0283,0,0000,0f95,0,0f8d,0008,1,1,0,0,0000,0f95,0000,0000,0000,0000,0,0f95,0f95,0000,0,000,0f95,0f95
690,690,0,2073736572700000,ff,0,0,0f95,0283,0,0000,0f95,0,0f8d,0008,1,1,0,0,0000,0f95,0000,0000,0000,0000,0,0f95,0f95,0000,0,000,0f95,0f95
691,691,0,2073736572700000,ff,0,0,0f95,0283,0,0000,0f95,0,0f8d,0008,1,1,0,0,0000,0f95,0000,0000,0000,0000,0,0f95,0f95,0000,0,000,0f95,0f95
692,692,0,2073736572700000,ff,0,0,0f95,0283,0,0000,0f95,0,0f8d,0008,1,1,0,0,0000,0f95,0000,0000,0000,0000,0,0f95,0f95,0000,0,000,0f95,0f95
693,693,0,2073736572700000,ff,0,0,0f95,0283,0,0000,0f95,0,0f8d,0008,1,1,0,0,0000,0f95,0000,0000,0000,0000,0,0f95,0f95,0000,0,000,0f95,0f95
694,694,0,2073736572700000,ff,0,0,0f95,0283,0,0000,0f95,0,0f8d,0008,1,1,0,0,0000,0f95,0000,0000,0000,0000,0,0f95,0f95,0000,0,000,0f95,0f95
695,695,0,2073736572700000,ff,0,0,0f95,0283,0,0000,0f95,0,0f8d,0008,1,1,0,0,0000,0f95,0000,0000,0000,0000,0,0f95,0f95,0000,0,000,0f95,0f95
696,696,0,2073736572700000,ff,0,0,0f95,0283,0,0000,0f95,0,0f8d,0008,1,1,0,0,0000,0f95,0000,0000,0000,0000,0,0f95,0f95,0000,0,000,0f95,0f95
697,697,0,2073736572700000,ff,0,0,0f95,0283,0,0000,0f95,0,0f8d,0008,1,1,0,0,0000,0f95,0000,0000,0000,0000,0,0f95,0f95,0000,0,000,0f95,0f95
698,698,0,2073736572700000,ff,0,0,0f95,0283,0,0000,0f95,0,0f8d,0008,1,1,0,0,0000,0f95,0000,0000,0000,0000,0,0f95,0f95,0000,0,000,0f95,0f95
699,699,0,2073736572700000,ff,0,0,0f95,0283,0,0000,0f95,0,0f8d,0008,1,1,0,0,0000,0f95,0000,0000,0000,0000,0,0f95,0f95,0000,0,000,0f95,0f95
700,700,0,2073736572700000,ff,0,0,0f95,0283,0,0000,0f95,0,0f8d,0008,1,1,0,0,0000,0f95,0000,0000,0000,0000,0,0f95,0f95,0000,0,000,0f95,0f95
701,701,0,2073736572700000,ff,0,0,0f95,0283,0,0000,0f95,0,0f8d,0008,1,1,0,0,0000,0f95,0000,0000,0000,0000,0,0f95,0f95,0000,0,000,0f95,0f95
702,702,0,2073736572700000,ff,0,0,0f95,0283,0,0000,0f95,0,0f8d,0008,1,1,0,0,0000,0f95,0000,0000,0000,0000,0,0f95,0f95,0000,0,000,0f95,0f95
703,703,0,2073736572700000,ff,0,0,0f95,0283,0,0000,0f95,0,0f8d,0008,1,1,0,0,0000,0f95,0000,0000,0000,0000,0,0f95,0f95,0000,0,000,0f95,0f95
704,704,0,2073736572700000,ff,0,0,0f95,0283,0,0000,0f95,0,0f8d,0008,1,1,0,0,0000,0f95,0000,0000,0000,0000,0,0f95,0f95,0000,0,000,0f95,0f95
705,705,0,2073736572700000,ff,0,0,0f95,0283,0,0000,0f95,0,0f8d,0008,1,1,0,0,0000,0f95,0000,0000,0000,0000,0,0f95,0f95,0000,0,000,0f95,0f95
706,706,0,2073736572700000,ff,0,0,0f95,0283,0,0000,0f95,0,0f8d,0008,1,1,0,0,0000,0f95,0000,0000,0000,0000,0,0f95,0f95,0000,0,000,0f95,0f95
707,707,0,2073736572700000,ff,0,0,0f95,0283,0,0000,0f95,0,0f8d,0008,1,1,0,0,0000,0f95,0000,0000,0000,0000,0,0f95,0f95,0000,0,000,0f95,0f95
708,708,0,2073736572700000,ff,0,0,0f95,0283,0,0000,0f95,0,0f8d,0008,1,1,0,0,0000,0f95,0000,0000,0000,0000,0,0f95,0f95,0000,0,000,0f95,0f95
709,709,0,2073736572700000,ff,0,0,0f95,0283,0,0000,0f95,0,0f8d,0008,1,1,0,0,0000,0f95,0000,0000,0000,0000,0,0f95,0f95,0000,0,000,0f95,0f95
710,710,0,2073736572700000,ff,0,0,0f95,0283,0,0000,0f95,0,0f8d,0008,1,1,0,0,0000,0f95,0000,0000,0000,0000,0,0f95,0f95,0000,0,000,0f95,0f95
711,711,0,2073736572700000,ff,0,0,0f95,0283,0,0000,0f95,0,0f8d,0008,1,1,0,0,0000,0f95,0000,0000,0000,0000,0,0f95,0f95,0000,0,000,0f95,0f95
712,712,0,2073736572700000,ff,0,0,0f95,0283,0,0000,0f95,0,0f8d,0008,1,1,0,0,0000,0f95,0000,0000,0000,0000,0,0f95,0f95,0000,0,000,0f95,0f95
713,713,0,2073736572700000,ff,0,0,0f95,0283,0,0000,0f95,0,0f8d,0008,1,1,0,0,0000,0f95,0000,0000,0000,0000,0,0f95,0f95,0000,0,000,0f95,0f95
714,714,0,2073736572700000,ff,0,0,0f95,0283,0,0000,0f95,0,0f8d,0008,1,1,0,0,0000,0f95,0000,0000,0000,0000,0,0f95,0f95,0000,0,000,0f95,0f95
715,715,0,2073736572700000,ff,0,0,0f95,0283,0,0000,0f95,0,0f8d,0008,1,1,0,0,0000,0f95,0000,0000,0000,0000,0,0f95,0f95,0000,0,000,0f95,0f95
716,716,0,2073736572700000,ff,0,0,0f95,0283,0,0000,0f95,0,0f8d,0008,1,1,0,0,0000,0f95,0000,0000,0000,0000,0,0f95,0f95,0000,0,000,0f95,0f95
717,717,0,2073736572700000,ff,0,0,0f95,0283,0,0000,0f95,0,0f8d,0008,1,1,0,0,0000,0f95,0000,0000,0000,0000,0,0f95,0f95,0000,0,000,0f95,0f95
718,718,0,2073736572700000,ff,0,0,0f95,0283,0,0000,0f95,0,0f8d,0008,1,1,0,0,0000,0f95,0000,0000,0000,0000,0,0f95,0f95,0000,0,000,0f95,0f95
719,719,0,2073736572700000,ff,0,0,0f95,0283,0,0000,0f95,0,0f8d,0008,1,1,0,0,0000,0f95,0000,0000,0000,0000,0,0f95,0f95,0000,0,000,0f95,0f95
720,720,0,2073736572700000,ff,0,0,0f95,0283,0,0000,0f95,0,0f8d,0008,1,1,0,0,0000,0f95,0000,0000,0000,0000,0,0f95,0f95,0000,0,000,0f95,0f95
721,721,0,2073736572700000,ff,0,0,0f95,0283,0,0000,0f95,0,0f8d,0008,1,1,0,0,0000,0f95,0000,0000,0000,0000,0,0f95,0f95,0000,0,000,0f95,0f95
722,722,0,2073736572700000,ff,0,0,0f95,0283,0,0000,0f95,0,0f8d,0008,1,1,0,0,0000,0f95,0000,0000,0000,0000,0,0f95,0f95,0000,0,000,0f95,0f95
723,723,0,2073736572700000,ff,0,0,0f95,0283,0,0000,0f95,0,0f8d,0008,1,1,0,0,0000,0f95,0000,0000,0000,0000,0,0f95,0f95,0000,0,000,0f95,0f95
724,724,0,2073736572700000,ff,0,0,0f95,0283,0,0000,0f95,0,0f8d,0008,1,1,0,0,0000,0f95,0000,0000,0000,0000,0,0f95,0f95,0000,0,000,0f95,0f95
725,725,0,2073736572700000,ff,0,0,0f95,0283,0,0000,0f95,0,0f8d,0008,1,1,0,0,0000,0f95,0000,0000,0000,0000,0,0f95,0f95,0000,0,000,0f95,0f95
726,726,0,2073736572700000,ff,0,0,0f95,0283,0,0000,0f95,0,0f8d,0008,1,1,0,0,0000,0f95,0000,0000,0000,0000,0,0f95,0f95,0000,0,000,0f95,0f95
727,727,0,2073736572700000,ff,0,0,0f95,0283,0,0000,0f95,0,0f8d,0008,1,1,0,0,0000,0f95,0000,0000,0000,0000,0,0f95,0f95,0000,0,000,0f95,0f95
728,728,0,2073736572700000,ff,0,0,0f95,0283,0,0000,0f95,0,0f8d,0008,1,1,0,0,0000,0f95,0000,0000,0000,0000,0,0f95,0f95,0000,0,000,0f95,0f95
729,729,0,2073736572700000,ff,0,0,0f95,0283,0,0000,0f95,0,0f8d,0008,1,1,0,0,0000,0f95,0000,0000,0000,0000,0,0f95,0f95,0000,0,000,0f95,0f95
730,730,0,2073736572700000,ff,0,0,0f95,0283,0,0000,0f95,0,0f8d,0008,1,1,0,0,0000,0f95,0000,0000,0000,0000,0,0f95,0f95,0000,0,000,0f95,0f95
731,731,0,2073736572700000,ff,0,0,0f95,0283,0,0000,0f95,0,0f8d,0008,1,1,0,0,0000,0f95,0000,0000,0000,0000,0,0f95,0f95,0000,0,000,0f95,0f95
732,732,0,2073736572700000,ff,0,0,0f95,0283,0,0000,0f95,0,0f8d,0008,1,1,0,0,0000,0f95,0000,0000,0000,0000,0,0f95,0f95,0000,0,000,0f95,0f95
733,733,0,2073736572700000,ff,0,0,0f95,0283,0,0000,0f95,0,0f8d,0008,1,1,0,0,0000,0f95,0000,0000,0000,0000,0,0f95,0f95,0000,0,000,0f95,0f95
734,734,0,2073736572700000,ff,0,0,0f95,0283,0,0000,0f95,0,0f8d,0008,1,1,0,0,0000,0f95,0000,0000,0000,0000,0,0f95,0f95,0000,0,000,0f95,0f95
735,735,0,2073736572700000,ff,0,0,0f95,0283,0,0000,0f95,0,0f8d,0008,1,1,0,0,0000,0f95,0000,0000,0000,0000,0,0f95,0f95,0000,0,000,0f95,0f95
736,736,0,2073736572700000,ff,0,0,0f95,0283,0,0000,0f95,0,0f8d,0008,1,1,0,0,0000,0f95,0000,0000,0000,0000,0,0f95,0f95,0000,0,000,0f95,0f95
737,737,0,2073736572700000,ff,0,0,0f95,0283,0,0000,0f95,0,0f8d,0008,1,1,0,0,0000,0f95,0000,0000,0000,0000,0,0f95,0f95,0000,0,000,0f95,0f95
738,738,0,2073736572700000,ff,0,0,0f95,0283,0,0000,0f95,0,0f8d,0008,1,1,0,0,0000,0f95,0000,0000,0000,0000,0,0f95,0f95,0000,0,000,0f95,0f95
739,739,0,2073736572700000,ff,0,0,0f95,0283,0,0000,0f95,0,0f8d,0008,1,1,0,0,0000,0f95,0000,0000,0000,0000,0,0f95,0f95,0000,0,000,0f95,0f95
740,740,0,2073736572700000,ff,0,0,0f95,0283,0,0000,0f95,0,0f8d,0008,1,1,0,0,0000,0f95,0000,0000,0000,0000,0,0f95,0f95,0000,0,000,0f95,0f95
741,741,0,2073736572700000,ff,0,0,0f95,0283,0,0000,0f95,0,0f8d,0008,1,1,0,0,0000,0f95,0000,0000,0000,0000,0,0f95,0f95,0000,0,000,0f95,0f95
742,742,0,2073736572700000,ff,0,0,0f95,0283,0,0000,0f95,0,0f8d,0008,1,1,0,0,0000,0f95,0000,0000,0000,0000,0,0f95,0f95,0000,0,000,0f95,0f95
743,743,0,2073736572700000,ff,0,0,0f95,0283,0,0000,0f95,0,0f8d,0008,1,1,0,0,0000,0f95,0000,0000,0000,0000,0,0f95,0f95,0000,0,000,0f95,0f95
744,744,0,2073736572700000,ff,0,0,0f95,0283,0,0000,0f95,0,0f8d,0008,1,1,0,0,0000,0f95,0000,0000,0000,0000,0,0f95,0f95,0000,0,000,0f95,0f95
745,745,0,2073736572700000,ff,0,0,0f95,0283,0,0000,0f95,0,0f8d,0008,1,1,0,0,0000,0f95,0000,0000,0000,0000,0,0f95,0f95,0000,0,000,0f95,0f95
746,746,0,2073736572700000,ff,0,0,0f95,0283,0,0000,0f95,0,0f8d,0008,1,1,0,0,0000,0f95,0000,0000,0000,0000,0,0f95,0f95,0000,0,000,0f95,0f95
747,747,0,2073736572700000,ff,0,0,0f95,0283,0,0000,0f95,0,0f8d,0008,1,1,0,0,0000,0f95,0000,0000,0000,0000,0,0f95,0f95,0000,0,000,0f95,0f95
748,748,0,2073736572700000,ff,0,0,0f95,0283,0,0000,0f95,0,0f8d,0008,1,1,0,0,0000,0f95,0000,0000,0000,0000,0,0f95,0f95,0000,0,000,0f95,0f95
749,749,0,2073736572700000,ff,0,0,0f95,0283,0,0000,0f95,0,0f8d,0008,1,1,0,0,0000,0f95,0000,0000,0000,0000,0,0f95,0f95,0000,0,000,0f95,0f95
750,750,0,2073736572700000,ff,0,0,0f95,0283,0,0000,0f95,0,0f8d,0008,1,1,0,0,0000,0f95,0000,0000,0000,0000,0,0f95,0f95,0000,0,000,0f95,0f95
751,751,0,2073736572700000,ff,0,0,0f95,0283,0,0000,0f95,0,0f8d,0008,1,1,0,0,0000,0f95,0000,0000,0000,0000,0,0f95,0f95,0000,0,000,0f95,0f95
752,752,0,2073736572700000,ff,0,0,0f95,0283,0,0000,0f95,0,0f8d,0008,1,1,0,0,0000,0f95,0000,0000,0000,0000,0,0f95,0f95,0000,0,000,0f95,0f95
753,753,0,2073736572700000,ff,0,0,0f95,0283,0,0000,0f95,0,0f8d,0008,1,1,0,0,0000,0f95,0000,0000,0000,0000,0,0f95,0f95,0000,0,000,0f95,0f95
754,754,0,2073736572700000,ff,0,0,0f95,0283,0,0000,0f95,0,0f8d,0008,1,1,0,0,0000,0f95,0000,0000,0000,0000,0,0f95,0f95,0000,0,000,0f95,0f95
755,755,0,2073736572700000,ff,0,0,0f95,0283,0,0000,0f95,0,0f8d,0008,1,1,0,0,0000,0f95,0000,0000,0000,0000,0,0f95,0f95,0000,0,000,0f95,0f95
756,756,0,2073736572700000,ff,0,0,0f95,0283,0,0000,0f95,0,0f8d,0008,1,1,0,0,0000,0f95,0000,0000,0000,0000,0,0f95,0f95,0000,0,000,0f95,0f95
757,757,0,2073736572700000,ff,0,0,0f95,0283,0,0000,0f95,0,0f8d,0008,1,1,0,0,0000,0f95,0000,0000,0000,0000,0,0f95,0f95,0000,0,000,0f95,0f95
758,758,0,2073736572700000,ff,0,0,0f95,0283,0,0000,0f95,0,0f8d,0008,1,1,0,0,0000,0f95,0000,0000,0000,0000,0,0f95,0f95,0000,0,000,0f95,0f95
759,759,0,2073736572700000,ff,0,0,0f95,0283,0,0000,0f95,0,0f8d,0008,1,1,0,0,0000,0f95,0000,0000,0000,0000,0,0f95,0f95,0000,0,000,0f95,0f95
760,760,0,2073736572700000,ff,0,0,0f95,0283,0,0000,0f95,0,0f8d,0008,1,1,0,0,0000,0f95,0000,0000,0000,0000,0,0f95,0f95,0000,0,000,0f95,0f95
761,761,0,2073736572700000,ff,0,0,0f95,0283,0,0000,0f95,0,0f8d,0008,1,1,0,0,0000,0f95,0000,0000,0000,0000,0,0f95,0f95,0000,0,000,0f95,0f95
762,762,0,2073736572700000,ff,0,0,0f95,0283,0,0000,0f95,0,0f8d,0008,1,1,0,0,0000,0f95,0000,0000,0000,0000,0,0f95,0f95,0000,0,000,0f95,0f95
763,763,0,2073736572700000,ff,0,0,0f95,0283,0,0000,0f95,0,0f8d,0008,1,1,0,0,0000,0f95,0000,0000,0000,0000,0,0f95,0f95,0000,0,000,0f95,0f95
764,764,0,2073736572700000,ff,0,0,0f95,0283,0,0000,0f95,0,0f8d,0008,1,1,0,0,0000,0f95,0000,0000,0000,0000,0,0f95,0f95,0000,0,000,0f95,0f95
765,765,0,2073736572700000,ff,0,0,0f95,0283,0,0000,0f95,0,0f8d,0008,1,1,0,0,0000,0f95,0000,0000,0000,0000,0,0f95,0f95,0000,0,000,0f95,0f95
766,766,0,2073736572700000,ff,0,0,0f95,0283,0,0000,0f95,0,0f8d,0008,1,1,0,0,0000,0f95,0000,0000,0000,0000,0,0f95,0f95,0000,0,000,0f95,0f95
767,767,0,2073736572700000,ff,0,0,0f95,0283,0,0000,0f95,0,0f8d,0008,1,1,0,0,0000,0f95,0000,0000,0000,0000,0,0f95,0f95,0000,0,000,0f95,0f95
768,768,0,2073736572700000,ff,0,0,0f95,0283,0,0000,0f95,0,0f8d,0008,1,1,0,0,0000,0f95,0000,0000,0000,0000,0,0f95,0f95,0000,0,000,0f95,0f95
769,769,0,2073736572700000,ff,0,0,0f95,0283,0,0000,0f95,0,0f8d,0008,1,1,0,0,0000,0f95,0000,0000,0000,0000,0,0f95,0f95,0000,0,000,0f95,0f95
770,770,0,2073736572700000,ff,0,0,0f95,0283,0,0000,0f95,0,0f8d,0008,1,1,0,0,0000,0f95,0000,0000,0000,0000,0,0f95,0f95,0000,0,000,0f95,0f95
771,771,0,2073736572700000,ff,0,0,0f95,0283,0,0000,0f95,0,0f8d,0008,1,1,0,0,0000,0f95,0000,0000,0000,0000,0,0f95,0f95,0000,0,000,0f95,0f95
772,772,0,2073736572700000,ff,0,0,0f95,0283,0,0000,0f95,0,0f8d,0008,1,1,0,0,0000,0f95,0000,0000,0000,0000,0,0f95,0f95,0000,0,000,0f95,0f95
773,773,0,2073736572700000,ff,0,0,0f95,0283,0,0000,0f95,0,0f8d,0008,1,1,0,0,0000,0f95,0000,0000,0000,0000,0,0f95,0f95,0000,0,000,0f95,0f95
774,774,0,2073736572700000,ff,0,0,0f95,0283,0,0000,0f95,0,0f8d,0008,1,1,0,0,0000,0f95,0000,0000,0000,0000,0,0f95,0f95,0000,0,000,0f95,0f95
775,775,0,2073736572700000,ff,0,0,0f95,0283,0,0000,0f95,0,0f8d,0008,1,1,0,0,0000,0f95,0000,0000,0000,0000,0,0f95,0f95,0000,0,000,0f95,0f95
776,776,0,2073736572700000,ff,0,0,0f95,0283,0,0000,0f95,0,0f8d,0008,1,1,0,0,0000,0f95,0000,0000,0000,0000,0,0f95,0f95,0000,0,000,0f95,0f95
777,777,0,2073736572700000,ff,0,0,0f95,0283,0,0000,0f95,0,0f8d,0008,1,1,0,0,0000,0f95,0000,0000,0000,0000,0,0f95,0f95,0000,0,000,0f95,0f95
778,778,0,2073736572700000,ff,0,0,0f95,0283,0,0000,0f95,0,0f8d,0008,1,1,0,0,0000,0f95,0000,0000,0000,0000,0,0f95,0f95,0000,0,000,0f95,0f95
779,779,0,2073736572700000,ff,0,0,0f95,0283,0,0000,0f95,0,0f8d,0008,1,1,0,0,0000,0f95,0000,0000,0000,0000,0,0f95,0f95,0000,0,000,0f95,0f95
780,780,0,2073736572700000,ff,0,0,0f95,0283,0,0000,0f95,0,0f8d,0008,1,1,0,0,0000,0f95,0000,0000,0000,0000,0,0f95,0f95,0000,0,000,0f95,0f95
781,781,0,2073736572700000,ff,0,0,0f95,0283,0,0000,0f95,0,0f8d,0008,1,1,0,0,0000,0f95,0000,0000,0000,0000,0,0f95,0f95,0000,0,000,0f95,0f95
782,782,0,2073736572700000,ff,0,0,0f95,0283,0,0000,0f95,0,0f8d,0008,1,1,0,0,0000,0f95,0000,0000,0000,0000,0,0f95,0f95,0000,0,000,0f95,0f95
783,783,0,2073736572700000,ff,0,0,0f95,0283,0,0000,0f95,0,0f8d,0008,1,1,0,0,0000,0f95,0000,0000,0000,0000,0,0f95,0f95,0000,0,000,0f95,0f95
784,784,0,2073736572700000,ff,0,0,0f95,0283,0,0000,0f95,0,0f8d,0008,1,1,0,0,0000,0f95,0000,0000,0000,0000,0,0f95,0f95,0000,0,000,0f95,0f95
785,785,0,2073736572700000,ff,0,0,0f95,0283,0,0000,0f95,0,0f8d,0008,1,1,0,0,0000,0f95,0000,0000,0000,0000,0,0f95,0f95,0000,0,000,0f95,0f95
786,786,0,2073736572700000,ff,0,0,0f95,0283,0,0000,0f95,0,0f8d,0008,1,1,0,0,0000,0f95,0000,0000,0000,0000,0,0f95,0f95,0000,0,000,0f95,0f95
787,787,0,2073736572700000,ff,0,0,0f95,0283,0,0000,0f95,0,0f8d,0008,1,1,0,0,0000,0f95,0000,0000,0000,0000,0,0f95,0f95,0000,0,000,0f95,0f95
788,788,0,2073736572700000,ff,0,0,0f95,0283,0,0000,0f95,0,0f8d,0008,1,1,0,0,0000,0f95,0000,0000,0000,0000,0,0f95,0f95,0000,0,000,0f95,0f95
789,789,0,2073736572700000,ff,0,0,0f95,0283,0,0000,0f95,0,0f8d,0008,1,1,0,0,0000,0f95,0000,0000,0000,0000,0,0f95,0f95,0000,0,000,0f95,0f95
790,790,0,2073736572700000,ff,0,0,0f95,0283,0,0000,0f95,0,0f8d,0008,1,1,0,0,0000,0f95,0000,0000,0000,0000,0,0f95,0f95,0000,0,000,0f95,0f95
791,791,0,2073736572700000,ff,0,0,0f95,0283,0,0000,0f95,0,0f8d,0008,1,1,0,0,0000,0f95,0000,0000,0000,0000,0,0f95,0f95,0000,0,000,0f95,0f95
792,792,0,2073736572700000,ff,0,0,0f95,0283,0,0000,0f95,0,0f8d,0008,1,1,0,0,0000,0f95,0000,0000,0000,0000,0,0f95,0f95,0000,0,000,0f95,0f95
793,793,0,2073736572700000,ff,0,0,0f95,0283,0,0000,0f95,0,0f8d,0008,1,1,0,0,0000,0f95,0000,0000,0000,0000,0,0f95,0f95,0000,0,000,0f95,0f95
794,794,0,2073736572700000,ff,0,0,0f95,0283,0,0000,0f95,0,0f8d,0008,1,1,0,0,0000,0f95,0000,0000,0000,0000,0,0f95,0f95,0000,0,000,0f95,0f95
795,795,0,2073736572700000,ff,0,0,0f95,0283,0,0000,0f95,0,0f8d,0008,1,1,0,0,0000,0f95,0000,0000,0000,0000,0,0f95,0f95,0000,0,000,0f95,0f95
796,796,0,2073736572700000,ff,0,0,0f95,0283,0,0000,0f95,0,0f8d,0008,1,1,0,0,0000,0f95,0000,0000,0000,0000,0,0f95,0f95,0000,0,000,0f95,0f95
797,797,0,2073736572700000,ff,0,0,0f95,0283,0,0000,0f95,0,0f8d,0008,1,1,0,0,0000,0f95,0000,0000,0000,0000,0,0f95,0f95,0000,0,000,0f95,0f95
798,798,0,2073736572700000,ff,0,0,0f95,0283,0,0000,0f95,0,0f8d,0008,1,1,0,0,0000,0f95,0000,0000,0000,0000,0,0f95,0f95,0000,0,000,0f95,0f95
799,799,0,2073736572700000,ff,0,0,0f95,0283,0,0000,0f95,0,0f8d,0008,1,1,0,0,0000,0f95,0000,0000,0000,0000,0,0f95,0f95,0000,0,000,0f95,0f95
800,800,0,2073736572700000,ff,0,0,0f95,0283,0,0000,0f95,0,0f8d,0008,1,1,0,0,0000,0f95,0000,0000,0000,0000,0,0f95,0f95,0000,0,000,0f95,0f95
801,801,0,2073736572700000,ff,0,0,0f95,0283,0,0000,0f95,0,0f8d,0008,1,1,0,0,0000,0f95,0000,0000,0000,0000,0,0f95,0f95,0000,0,000,0f95,0f95
802,802,0,2073736572700000,ff,0,0,0f95,0283,0,0000,0f95,0,0f8d,0008,1,1,0,0,0000,0f95,0000,0000,0000,0000,0,0f95,0f95,0000,0,000,0f95,0f95
803,803,0,2073736572700000,ff,0,0,0f95,0283,0,0000,0f95,0,0f8d,0008,1,1,0,0,0000,0f95,0000,0000,0000,0000,0,0f95,0f95,0000,0,000,0f95,0f95
804,804,0,2073736572700000,ff,0,0,0f95,0283,0,0000,0f95,0,0f8d,0008,1,1,0,0,0000,0f95,0000,0000,0000,0000,0,0f95,0f95,0000,0,000,0f95,0f95
805,805,0,2073736572700000,ff,0,0,0f95,0283,0,0000,0f95,0,0f8d,0008,1,1,0,0,0000,0f95,0000,0000,0000,0000,0,0f95,0f95,0000,0,000,0f95,0f95
806,806,0,2073736572700000,ff,0,0,0f95,0283,0,0000,0f95,0,0f8d,0008,1,1,0,0,0000,0f95,0000,0000,0000,0000,0,0f95,0f95,0000,0,000,0f95,0f95
807,807,0,2073736572700000,ff,0,0,0f95,0283,0,0000,0f95,0,0f8d,0008,1,1,0,0,0000,0f95,0000,0000,0000,0000,0,0f95,0f95,0000,0,000,0f95,0f95
808,808,0,2073736572700000,ff,0,0,0f95,0283,0,0000,0f95,0,0f8d,0008,1,1,0,0,0000,0f95,0000,0000,0000,0000,0,0f95,0f95,0000,0,000,0f95,0f95
809,809,0,2073736572700000,ff,0,0,0f95,0283,0,0000,0f95,0,0f8d,0008,1,1,0,0,0000,0f95,0000,0000,0000,0000,0,0f95,0f95,0000,0,000,0f95,0f95
810,810,0,2073736572700000,ff,0,0,0f95,0283,0,0000,0f95,0,0f8d,0008,1,1,0,0,0000,0f95,0000,0000,0000,0000,0,0f95,0f95,0000,0,000,0f95,0f95
811,811,0,2073736572700000,ff,0,0,0f95,0283,0,0000,0f95,0,0f8d,0008,1,1,0,0,0000,0f95,0000,0000,0000,0000,0,0f95,0f95,0000,0,000,0f95,0f95
812,812,0,2073736572700000,ff,0,0,0f95,0283,0,0000,0f95,0,0f8d,0008,1,1,0,0,0000,0f95,0000,0000,0000,0000,0,0f95,0f95,0000,0,000,0f95,0f95
813,813,0,2073736572700000,ff,0,0,0f95,0283,0,0000,0f95,0,0f8d,0008,1,1,0,0,0000,0f95,0000,0000,0000,0000,0,0f95,0f95,0000,0,000,0f95,0f95
814,814,0,2073736572700000,ff,0,0,0f95,0283,0,0000,0f95,0,0f8d,0008,1,1,0,0,0000,0f95,0000,0000,0000,0000,0,0f95,0f95,0000,0,000,0f95,0f95
815,815,0,2073736572700000,ff,0,0,0f95,0283,0,0000,0f95,0,0f8d,0008,1,1,0,0,0000,0f95,0000,0000,0000,0000,0,0f95,0f95,0000,0,000,0f95,0f95
816,816,0,2073736572700000,ff,0,0,0f95,0283,0,0000,0f95,0,0f8d,0008,1,1,0,0,0000,0f95,0000,0000,0000,0000,0,0f95,0f95,0000,0,000,0f95,0f95
817,817,0,2073736572700000,ff,0,0,0f95,0283,0,0000,0f95,0,0f8d,0008,1,1,0,0,0000,0f95,0000,0000,0000,0000,0,0f95,0f95,0000,0,000,0f95,0f95
818,818,0,2073736572700000,ff,0,0,0f95,0283,0,0000,0f95,0,0f8d,0008,1,1,0,0,0000,0f95,0000,0000,0000,0000,0,0f95,0f95,0000,0,000,0f95,0f95
819,819,0,2073736572700000,ff,0,0,0f95,0283,0,0000,0f95,0,0f8d,0008,1,1,0,0,0000,0f95,0000,0000,0000,0000,0,0f95,0f95,0000,0,000,0f95,0f95
820,820,0,2073736572700000,ff,0,0,0f95,0283,0,0000,0f95,0,0f8d,0008,1,1,0,0,0000,0f95,0000,0000,0000,0000,0,0f95,0f95,0000,0,000,0f95,0f95
821,821,0,2073736572700000,ff,0,0,0f95,0283,0,0000,0f95,0,0f8d,0008,1,1,0,0,0000,0f95,0000,0000,0000,0000,0,0f95,0f95,0000,0,000,0f95,0f95
822,822,0,2073736572700000,ff,0,0,0f95,0283,0,0000,0f95,0,0f8d,0008,1,1,0,0,0000,0f95,0000,0000,0000,0000,0,0f95,0f95,0000,0,000,0f95,0f95
823,823,0,2073736572700000,ff,0,0,0f95,0283,0,0000,0f95,0,0f8d,0008,1,1,0,0,0000,0f95,0000,0000,0000,0000,0,0f95,0f95,0000,0,000,0f95,0f95
824,824,0,2073736572700000,ff,0,0,0f95,0283,0,0000,0f95,0,0f8d,0008,1,1,0,0,0000,0f95,0000,0000,0000,0000,0,0f95,0f95,0000,0,000,0f95,0f95
825,825,0,2073736572700000,ff,0,0,0f95,0283,0,0000,0f95,0,0f8d,0008,1,1,0,0,0000,0f95,0000,0000,0000,0000,0,0f95,0f95,0000,0,000,0f95,0f95
826,826,0,2073736572700000,ff,0,0,0f95,0283,0,0000,0f95,0,0f8d,0008,1,1,0,0,0000,0f95,0000,0000,0000,0000,0,0f95,0f95,0000,0,000,0f95,0f95
827,827,0,2073736572700000,ff,0,0,0f95,0283,0,0000,0f95,0,0f8d,0008,1,1,0,0,0000,0f95,0000,0000,0000,0000,0,0f95,0f95,0000,0,000,0f95,0f95
828,828,0,2073736572700000,ff,0,0,0f95,0283,0,0000,0f95,0,0f8d,0008,1,1,0,0,0000,0f95,0000,0000,0000,0000,0,0f95,0f95,0000,0,000,0f95,0f95
829,829,0,2073736572700000,ff,0,0,0f95,0283,0,0000,0f95,0,0f8d,0008,1,1,0,0,0000,0f95,0000,0000,0000,0000,0,0f95,0f95,0000,0,000,0f95,0f95
830,830,0,2073736572700000,ff,0,0,0f95,0283,0,0000,0f95,0,0f8d,0008,1,1,0,0,0000,0f95,0000,0000,0000,0000,0,0f95,0f95,0000,0,000,0f95,0f95
831,831,0,2073736572700000,ff,0,0,0f95,0283,0,0000,0f95,0,0f8d,0008,1,1,0,0,0000,0f95,0000,0000,0000,0000,0,0f95,0f95,0000,0,000,0f95,0f95
832,832,0,2073736572700000,ff,0,0,0f95,0283,0,0000,0f95,0,0f8d,0008,1,1,0,0,0000,0f95,0000,0000,0000,0000,0,0f95,0f95,0000,0,000,0f95,0f95
833,833,0,2073736572700000,ff,0,0,0f95,0283,0,0000,0f95,0,0f8d,0008,1,1,0,0,0000,0f95,0000,0000,0000,0000,0,0f95,0f95,0000,0,000,0f95,0f95
834,834,0,2073736572700000,ff,0,0,0f95,0283,0,0000,0f95,0,0f8d,0008,1,1,0,0,0000,0f95,0000,0000,0000,0000,0,0f95,0f95,0000,0,000,0f95,0f95
835,835,0,2073736572700000,ff,0,0,0f95,0283,0,0000,0f95,0,0f8d,0008,1,1,0,0,0000,0f95,0000,0000,0000,0000,0,0f95,0f95,0000,0,000,0f95,0f95
836,836,0,2073736572700000,ff,0,0,0f95,0283,0,0000,0f95,0,0f8d,0008,1,1,0,0,0000,0f95,0000,0000,0000,0000,0,0f95,0f95,0000,0,000,0f95,0f95
837,837,0,2073736572700000,ff,0,0,0f95,0283,0,0000,0f95,0,0f8d,0008,1,1,0,0,0000,0f95,0000,0000,0000,0000,0,0f95,0f95,0000,0,000,0f95,0f95
838,838,0,2073736572700000,ff,0,0,0f95,0283,0,0000,0f95,0,0f8d,0008,1,1,0,0,0000,0f95,0000,0000,0000,0000,0,0f95,0f95,0000,0,000,0f95,0f95
839,839,0,2073736572700000,ff,0,0,0f95,0283,0,0000,0f95,0,0f8d,0008,1,1,0,0,0000,0f95,0000,0000,0000,0000,0,0f95,0f95,0000,0,000,0f95,0f95
840,840,0,2073736572700000,ff,0,0,0f95,0283,0,0000,0f95,0,0f8d,0008,1,1,0,0,0000,0f95,0000,0000,0000,0000,0,0f95,0f95,0000,0,000,0f95,0f95
841,841,0,2073736572700000,ff,0,0,0f95,0283,0,0000,0f95,0,0f8d,0008,1,1,0,0,0000,0f95,0000,0000,0000,0000,0,0f95,0f95,0000,0,000,0f95,0f95
842,842,0,2073736572700000,ff,0,0,0f95,0283,0,0000,0f95,0,0f8d,0008,1,1,0,0,0000,0f95,0000,0000,0000,0000,0,0f95,0f95,0000,0,000,0f95,0f95
843,843,0,2073736572700000,ff,0,0,0f95,0283,0,0000,0f95,0,0f8d,0008,1,1,0,0,0000,0f95,0000,0000,0000,0000,0,0f95,0f95,0000,0,000,0f95,0f95
844,844,0,2073736572700000,ff,0,0,0f95,0283,0,0000,0f95,0,0f8d,0008,1,1,0,0,0000,0f95,0000,0000,0000,0000,0,0f95,0f95,0000,0,000,0f95,0f95
845,845,0,2073736572700000,ff,0,0,0f95,0283,0,0000,0f95,0,0f8d,0008,1,1,0,0,0000,0f95,0000,0000,0000,0000,0,0f95,0f95,0000,0,000,0f95,0f95
846,846,0,2073736572700000,ff,0,0,0f95,0283,0,0000,0f95,0,0f8d,0008,1,1,0,0,0000,0f95,0000,0000,0000,0000,0,0f95,0f95,0000,0,000,0f95,0f95
847,847,0,2073736572700000,ff,0,0,0f95,0283,0,0000,0f95,0,0f8d,0008,1,1,0,0,0000,0f95,0000,0000,0000,0000,0,0f95,0f95,0000,0,000,0f95,0f95
848,848,0,2073736572700000,ff,0,0,0f95,0283,0,0000,0f95,0,0f8d,0008,1,1,0,0,0000,0f95,0000,0000,0000,0000,0,0f95,0f95,0000,0,000,0f95,0f95
849,849,0,2073736572700000,ff,0,0,0f95,0283,0,0000,0f95,0,0f8d,0008,1,1,0,0,0000,0f95,0000,0000,0000,0000,0,0f95,0f95,0000,0,000,0f95,0f95
850,850,0,2073736572700000,ff,0,0,0f95,0283,0,0000,0f95,0,0f8d,0008,1,1,0,0,0000,0f95,0000,0000,0000,0000,0,0f95,0f95,0000,0,000,0f95,0f95
851,851,0,2073736572700000,ff,0,0,0f95,0283,0,0000,0f95,0,0f8d,0008,1,1,0,0,0000,0f95,0000,0000,0000,0000,0,0f95,0f95,0000,0,000,0f95,0f95
852,852,0,2073736572700000,ff,0,0,0f95,0283,0,0000,0f95,0,0f8d,0008,1,1,0,0,0000,0f95,0000,0000,0000,0000,0,0f95,0f95,0000,0,000,0f95,0f95
853,853,0,2073736572700000,ff,0,0,0f95,0283,0,0000,0f95,0,0f8d,0008,1,1,0,0,0000,0f95,0000,0000,0000,0000,0,0f95,0f95,0000,0,000,0f95,0f95
854,854,0,2073736572700000,ff,0,0,0f95,0283,0,0000,0f95,0,0f8d,0008,1,1,0,0,0000,0f95,0000,0000,0000,0000,0,0f95,0f95,0000,0,000,0f95,0f95
855,855,0,2073736572700000,ff,0,0,0f95,0283,0,0000,0f95,0,0f8d,0008,1,1,0,0,0000,0f95,0000,0000,0000,0000,0,0f95,0f95,0000,0,000,0f95,0f95
856,856,0,2073736572700000,ff,0,0,0f95,0283,0,0000,0f95,0,0f8d,0008,1,1,0,0,0000,0f95,0000,0000,0000,0000,0,0f95,0f95,0000,0,000,0f95,0f95
857,857,0,2073736572700000,ff,0,0,0f95,0283,0,0000,0f95,0,0f8d,0008,1,1,0,0,0000,0f95,0000,0000,0000,0000,0,0f95,0f95,0000,0,000,0f95,0f95
858,858,0,2073736572700000,ff,0,0,0f95,0283,0,0000,0f95,0,0f8d,0008,1,1,0,0,0000,0f95,0000,0000,0000,0000,0,0f95,0f95,0000,0,000,0f95,0f95
859,859,0,2073736572700000,ff,0,0,0f95,0283,0,0000,0f95,0,0f8d,0008,1,1,0,0,0000,0f95,0000,0000,0000,0000,0,0f95,0f95,0000,0,000,0f95,0f95
860,860,0,2073736572700000,ff,0,0,0f95,0283,0,0000,0f95,0,0f8d,0008,1,1,0,0,0000,0f95,0000,0000,0000,0000,0,0f95,0f95,0000,0,000,0f95,0f95
861,861,0,2073736572700000,ff,0,0,0f95,0283,0,0000,0f95,0,0f8d,0008,1,1,0,0,0000,0f95,0000,0000,0000,0000,0,0f95,0f95,0000,0,000,0f95,0f95
862,862,0,2073736572700000,ff,0,0,0f95,0283,0,0000,0f95,0,0f8d,0008,1,1,0,0,0000,0f95,0000,0000,0000,0000,0,0f95,0f95,0000,0,000,0f95,0f95
863,863,0,2073736572700000,ff,0,0,0f95,0283,0,0000,0f95,0,0f8d,0008,1,1,0,0,0000,0f95,0000,0000,0000,0000,0,0f95,0f95,0000,0,000,0f95,0f95
864,864,0,2073736572700000,ff,0,0,0f95,0283,0,0000,0f95,0,0f8d,0008,1,1,0,0,0000,0f95,0000,0000,0000,0000,0,0f95,0f95,0000,0,000,0f95,0f95
865,865,0,2073736572700000,ff,0,0,0f95,0283,0,0000,0f95,0,0f8d,0008,1,1,0,0,0000,0f95,0000,0000,0000,0000,0,0f95,0f95,0000,0,000,0f95,0f95
866,866,0,2073736572700000,ff,0,0,0f95,0283,0,0000,0f95,0,0f8d,0008,1,1,0,0,0000,0f95,0000,0000,0000,0000,0,0f95,0f95,0000,0,000,0f95,0f95
867,867,0,2073736572700000,ff,0,0,0f95,0283,0,0000,0f95,0,0f8d,0008,1,1,0,0,0000,0f95,0000,0000,0000,0000,0,0f95,0f95,0000,0,000,0f95,0f95
868,868,0,2073736572700000,ff,0,0,0f95,0283,0,0000,0f95,0,0f8d,0008,1,1,0,0,0000,0f95,0000,0000,0000,0000,0,0f95,0f95,0000,0,000,0f95,0f95
869,869,0,2073736572700000,ff,0,0,0f95,0283,0,0000,0f95,0,0f8d,0008,1,1,0,0,0000,0f95,0000,0000,0000,0000,0,0f95,0f95,0000,0,000,0f95,0f95
870,870,0,2073736572700000,ff,0,0,0f95,0283,0,0000,0f95,0,0f8d,0008,1,1,0,0,0000,0f95,0000,0000,0000,0000,0,0f95,0f95,0000,0,000,0f95,0f95
871,871,0,2073736572700000,ff,0,0,0f95,0283,0,0000,0f95,0,0f8d,0008,1,1,0,0,0000,0f95,0000,0000,0000,0000,0,0f95,0f95,0000,0,000,0f95,0f95
872,872,0,2073736572700000,ff,0,0,0f95,0283,0,0000,0f95,0,0f8d,0008,1,1,0,0,0000,0f95,0000,0000,0000,0000,0,0f95,0f95,0000,0,000,0f95,0f95
873,873,0,2073736572700000,ff,0,0,0f95,0283,0,0000,0f95,0,0f8d,0008,1,1,0,0,0000,0f95,0000,0000,0000,0000,0,0f95,0f95,0000,0,000,0f95,0f95
874,874,0,2073736572700000,ff,0,0,0f95,0283,0,0000,0f95,0,0f8d,0008,1,1,0,0,0000,0f95,0000,0000,0000,0000,0,0f95,0f95,0000,0,000,0f95,0f95
875,875,0,2073736572700000,ff,0,0,0f95,0283,0,0000,0f95,0,0f8d,0008,1,1,0,0,0000,0f95,0000,0000,0000,0000,0,0f95,0f95,0000,0,000,0f95,0f95
876,876,0,2073736572700000,ff,0,0,0f95,0283,0,0000,0f95,0,0f8d,0008,1,1,0,0,0000,0f95,0000,0000,0000,0000,0,0f95,0f95,0000,0,000,0f95,0f95
877,877,0,2073736572700000,ff,0,0,0f95,0283,0,0000,0f95,0,0f8d,0008,1,1,0,0,0000,0f95,0000,0000,0000,0000,0,0f95,0f95,0000,0,000,0f95,0f95
878,878,0,2073736572700000,ff,0,0,0f95,0283,0,0000,0f95,0,0f8d,0008,1,1,0,0,0000,0f95,0000,0000,0000,0000,0,0f95,0f95,0000,0,000,0f95,0f95
879,879,0,2073736572700000,ff,0,0,0f95,0283,0,0000,0f95,0,0f8d,0008,1,1,0,0,0000,0f95,0000,0000,0000,0000,0,0f95,0f95,0000,0,000,0f95,0f95
880,880,0,2073736572700000,ff,0,0,0f95,0283,0,0000,0f95,0,0f8d,0008,1,1,0,0,0000,0f95,0000,0000,0000,0000,0,0f95,0f95,0000,0,000,0f95,0f95
881,881,0,2073736572700000,ff,0,0,0f95,0283,0,0000,0f95,0,0f8d,0008,1,1,0,0,0000,0f95,0000,0000,0000,0000,0,0f95,0f95,0000,0,000,0f95,0f95
882,882,0,2073736572700000,ff,0,0,0f95,0283,0,0000,0f95,0,0f8d,0008,1,1,0,0,0000,0f95,0000,0000,0000,0000,0,0f95,0f95,0000,0,000,0f95,0f95
883,883,0,2073736572700000,ff,0,0,0f95,0283,0,0000,0f95,0,0f8d,0008,1,1,0,0,0000,0f95,0000,0000,0000,0000,0,0f95,0f95,0000,0,000,0f95,0f95
884,884,0,2073736572700000,ff,0,0,0f95,0283,0,0000,0f95,0,0f8d,0008,1,1,0,0,0000,0f95,0000,0000,0000,0000,0,0f95,0f95,0000,0,000,0f95,0f95
885,885,0,2073736572700000,ff,0,0,0f95,0283,0,0000,0f95,0,0f8d,0008,1,1,0,0,0000,0f95,0000,0000,0000,0000,0,0f95,0f95,0000,0,000,0f95,0f95
886,886,0,2073736572700000,ff,0,0,0f95,0283,0,0000,0f95,0,0f8d,0008,1,1,0,0,0000,0f95,0000,0000,0000,0000,0,0f95,0f95,0000,0,000,0f95,0f95
887,887,0,2073736572700000,ff,0,0,0f95,0283,0,0000,0f95,0,0f8d,0008,1,1,0,0,0000,0f95,0000,0000,0000,0000,0,0f95,0f95,0000,0,000,0f95,0f95
888,888,0,2073736572700000,ff,0,0,0f95,0283,0,0000,0f95,0,0f8d,0008,1,1,0,0,0000,0f95,0000,0000,0000,0000,0,0f95,0f95,0000,0,000,0f95,0f95
889,889,0,2073736572700000,ff,0,0,0f95,0283,0,0000,0f95,0,0f8d,0008,1,1,0,0,0000,0f95,0000,0000,0000,0000,0,0f95,0f95,0000,0,000,0f95,0f95
890,890,0,2073736572700000,ff,0,0,0f95,0283,0,0000,0f95,0,0f8d,0008,1,1,0,0,0000,0f95,0000,0000,0000,0000,0,0f95,0f95,0000,0,000,0f95,0f95
891,891,0,2073736572700000,ff,0,0,0f95,0283,0,0000,0f95,0,0f8d,0008,1,1,0,0,0000,0f95,0000,0000,0000,0000,0,0f95,0f95,0000,0,000,0f95,0f95
892,892,0,2073736572700000,ff,0,0,0f95,0283,0,0000,0f95,0,0f8d,0008,1,1,0,0,0000,0f95,0000,0000,0000,0000,0,0f95,0f95,0000,0,000,0f95,0f95
893,893,0,2073736572700000,ff,0,0,0f95,0283,0,0000,0f95,0,0f8d,0008,1,1,0,0,0000,0f95,0000,0000,0000,0000,0,0f95,0f95,0000,0,000,0f95,0f95
894,894,0,2073736572700000,ff,0,0,0f95,0283,0,0000,0f95,0,0f8d,0008,1,1,0,0,0000,0f95,0000,0000,0000,0000,0,0f95,0f95,0000,0,000,0f95,0f95
895,895,0,2073736572700000,ff,0,0,0f95,0283,0,0000,0f95,0,0f8d,0008,1,1,0,0,0000,0f95,0000,0000,0000,0000,0,0f95,0f95,0000,0,000,0f95,0f95
896,896,0,2073736572700000,ff,0,0,0f95,0283,0,0000,0f95,0,0f8d,0008,1,1,0,0,0000,0f95,0000,0000,0000,0000,0,0f95,0f95,0000,0,000,0f95,0f95
897,897,0,2073736572700000,ff,0,0,0f95,0283,0,0000,0f95,0,0f8d,0008,1,1,0,0,0000,0f95,0000,0000,0000,0000,0,0f95,0f95,0000,0,000,0f95,0f95
898,898,0,2073736572700000,ff,0,0,0f95,0283,0,0000,0f95,0,0f8d,0008,1,1,0,0,0000,0f95,0000,0000,0000,0000,0,0f95,0f95,0000,0,000,0f95,0f95
899,899,0,2073736572700000,ff,0,0,0f95,0283,0,0000,0f95,0,0f8d,0008,1,1,0,0,0000,0f95,0000,0000,0000,0000,0,0f95,0f95,0000,0,000,0f95,0f95
900,900,0,2073736572700000,ff,0,0,0f95,0283,0,0000,0f95,0,0f8d,0008,1,1,0,0,0000,0f95,0000,0000,0000,0000,0,0f95,0f95,0000,0,000,0f95,0f95
901,901,0,2073736572700000,ff,0,0,0f95,0283,0,0000,0f95,0,0f8d,0008,1,1,0,0,0000,0f95,0000,0000,0000,0000,0,0f95,0f95,0000,0,000,0f95,0f95
902,902,0,2073736572700000,ff,0,0,0f95,0283,0,0000,0f95,0,0f8d,0008,1,1,0,0,0000,0f95,0000,0000,0000,0000,0,0f95,0f95,0000,0,000,0f95,0f95
903,903,0,2073736572700000,ff,0,0,0f95,0283,0,0000,0f95,0,0f8d,0008,1,1,0,0,0000,0f95,0000,0000,0000,0000,0,0f95,0f95,0000,0,000,0f95,0f95
904,904,0,2073736572700000,ff,0,0,0f95,0283,0,0000,0f95,0,0f8d,0008,1,1,0,0,0000,0f95,0000,0000,0000,0000,0,0f95,0f95,0000,0,000,0f95,0f95
905,905,0,2073736572700000,ff,0,0,0f95,0283,0,0000,0f95,0,0f8d,0008,1,1,0,0,0000,0f95,0000,0000,0000,0000,0,0f95,0f95,0000,0,000,0f95,0f95
906,906,0,2073736572700000,ff,0,0,0f95,0283,0,0000,0f95,0,0f8d,0008,1,1,0,0,0000,0f95,0000,0000,0000,0000,0,0f95,0f95,0000,0,000,0f95,0f95
907,907,0,2073736572700000,ff,0,0,0f95,0283,0,0000,0f95,0,0f8d,0008,1,1,0,0,0000,0f95,0000,0000,0000,0000,0,0f95,0f95,0000,0,000,0f95,0f95
908,908,0,2073736572700000,ff,0,0,0f95,0283,0,0000,0f95,0,0f8d,0008,1,1,0,0,0000,0f95,0000,0000,0000,0000,0,0f95,0f95,0000,0,000,0f95,0f95
909,909,0,2073736572700000,ff,0,0,0f95,0283,0,0000,0f95,0,0f8d,0008,1,1,0,0,0000,0f95,0000,0000,0000,0000,0,0f95,0f95,0000,0,000,0f95,0f95
910,910,0,2073736572700000,ff,0,0,0f95,0283,0,0000,0f95,0,0f8d,0008,1,1,0,0,0000,0f95,0000,0000,0000,0000,0,0f95,0f95,0000,0,000,0f95,0f95
911,911,0,2073736572700000,ff,0,0,0f95,0283,0,0000,0f95,0,0f8d,0008,1,1,0,0,0000,0f95,0000,0000,0000,0000,0,0f95,0f95,0000,0,000,0f95,0f95
912,912,0,2073736572700000,ff,0,0,0f95,0283,0,0000,0f95,0,0f8d,0008,1,1,0,0,0000,0f95,0000,0000,0000,0000,0,0f95,0f95,0000,0,000,0f95,0f95
913,913,0,2073736572700000,ff,0,0,0f95,0283,0,0000,0f95,0,0f8d,0008,1,1,0,0,0000,0f95,0000,0000,0000,0000,0,0f95,0f95,0000,0,000,0f95,0f95
914,914,0,2073736572700000,ff,0,0,0f95,0283,0,0000,0f95,0,0f8d,0008,1,1,0,0,0000,0f95,0000,0000,0000,0000,0,0f95,0f95,0000,0,000,0f95,0f95
915,915,0,2073736572700000,ff,0,0,0f95,0283,0,0000,0f95,0,0f8d,0008,1,1,0,0,0000,0f95,0000,0000,0000,0000,0,0f95,0f95,0000,0,000,0f95,0f95
916,916,0,2073736572700000,ff,0,0,0f95,0283,0,0000,0f95,0,0f8d,0008,1,1,0,0,0000,0f95,0000,0000,0000,0000,0,0f95,0f95,0000,0,000,0f95,0f95
917,917,0,2073736572700000,ff,0,0,0f95,0283,0,0000,0f95,0,0f8d,0008,1,1,0,0,0000,0f95,0000,0000,0000,0000,0,0f95,0f95,0000,0,000,0f95,0f95
918,918,0,2073736572700000,ff,0,0,0f95,0283,0,0000,0f95,0,0f8d,0008,1,1,0,0,0000,0f95,0000,0000,0000,0000,0,0f95,0f95,0000,0,000,0f95,0f95
919,919,0,2073736572700000,ff,0,0,0f95,0283,0,0000,0f95,0,0f8d,0008,1,1,0,0,0000,0f95,0000,0000,0000,0000,0,0f95,0f95,0000,0,000,0f95,0f95
920,920,0,2073736572700000,ff,0,0,0f95,0283,0,0000,0f95,0,0f8d,0008,1,1,0,0,0000,0f95,0000,0000,0000,0000,0,0f95,0f95,0000,0,000,0f95,0f95
921,921,0,2073736572700000,ff,0,0,0f95,0283,0,0000,0f95,0,0f8d,0008,1,1,0,0,0000,0f95,0000,0000,0000,0000,0,0f95,0f95,0000,0,000,0f95,0f95
922,922,0,2073736572700000,ff,0,0,0f95,0283,0,0000,0f95,0,0f8d,0008,1,1,0,0,0000,0f95,0000,0000,0000,0000,0,0f95,0f95,0000,0,000,0f95,0f95
923,923,0,2073736572700000,ff,0,0,0f95,0283,0,0000,0f95,0,0f8d,0008,1,1,0,0,0000,0f95,0000,0000,0000,0000,0,0f95,0f95,0000,0,000,0f95,0f95
924,924,0,2073736572700000,ff,0,0,0f95,0283,0,0000,0f95,0,0f8d,0008,1,1,0,0,0000,0f95,0000,0000,0000,0000,0,0f95,0f95,0000,0,000,0f95,0f95
925,925,0,2073736572700000,ff,0,0,0f95,0283,0,0000,0f95,0,0f8d,0008,1,1,0,0,0000,0f95,0000,0000,0000,0000,0,0f95,0f95,0000,0,000,0f95,0f95
926,926,0,2073736572700000,ff,0,0,0f95,0283,0,0000,0f95,0,0f8d,0008,1,1,0,0,0000,0f95,0000,0000,0000,0000,0,0f95,0f95,0000,0,000,0f95,0f95
927,927,0,2073736572700000,ff,0,0,0f95,0283,0,0000,0f95,0,0f8d,0008,1,1,0,0,0000,0f95,0000,0000,0000,0000,0,0f95,0f95,0000,0,000,0f95,0f95
928,928,0,2073736572700000,ff,0,0,0f95,0283,0,0000,0f95,0,0f8d,0008,1,1,0,0,0000,0f95,0000,0000,0000,0000,0,0f95,0f95,0000,0,000,0f95,0f95
929,929,0,2073736572700000,ff,0,0,0f95,0283,0,0000,0f95,0,0f8d,0008,1,1,0,0,0000,0f95,0000,0000,0000,0000,0,0f95,0f95,0000,0,000,0f95,0f95
930,930,0,2073736572700000,ff,0,0,0f95,0283,0,0000,0f95,0,0f8d,0008,1,1,0,0,0000,0f95,0000,0000,0000,0000,0,0f95,0f95,0000,0,000,0f95,0f95
931,931,0,2073736572700000,ff,0,0,0f95,0283,0,0000,0f95,0,0f8d,0008,1,1,0,0,0000,0f95,0000,0000,0000,0000,0,0f95,0f95,0000,0,000,0f95,0f95
932,932,0,2073736572700000,ff,0,0,0f95,0283,0,0000,0f95,0,0f8d,0008,1,1,0,0,0000,0f95,0000,0000,0000,0000,0,0f95,0f95,0000,0,000,0f95,0f95
933,933,0,2073736572700000,ff,0,0,0f95,0283,0,0000,0f95,0,0f8d,0008,1,1,0,0,0000,0f95,0000,0000,0000,0000,0,0f95,0f95,0000,0,000,0f95,0f95
934,934,0,2073736572700000,ff,0,0,0f95,0283,0,0000,0f95,0,0f8d,0008,1,1,0,0,0000,0f95,0000,0000,0000,0000,0,0f95,0f95,0000,0,000,0f95,0f95
935,935,0,2073736572700000,ff,0,0,0f95,0283,0,0000,0f95,0,0f8d,0008,1,1,0,0,0000,0f95,0000,0000,0000,0000,0,0f95,0f95,0000,0,000,0f95,0f95
936,936,0,2073736572700000,ff,0,0,0f95,0283,0,0000,0f95,0,0f8d,0008,1,1,0,0,0000,0f95,0000,0000,0000,0000,0,0f95,0f95,0000,0,000,0f95,0f95
937,937,0,2073736572700000,ff,0,0,0f95,0283,0,0000,0f95,0,0f8d,0008,1,1,0,0,0000,0f95,0000,0000,0000,0000,0,0f95,0f95,0000,0,000,0f95,0f95
938,938,0,2073736572700000,ff,0,0,0f95,0283,0,0000,0f95,0,0f8d,0008,1,1,0,0,0000,0f95,0000,0000,0000,0000,0,0f95,0f95,0000,0,000,0f95,0f95
939,939,0,2073736572700000,ff,0,0,0f95,0283,0,0000,0f95,0,0f8d,0008,1,1,0,0,0000,0f95,0000,0000,0000,0000,0,0f95,0f95,0000,0,000,0f95,0f95
940,940,0,2073736572700000,ff,0,0,0f95,0283,0,0000,0f95,0,0f8d,0008,1,1,0,0,0000,0f95,0000,0000,0000,0000,0,0f95,0f95,0000,0,000,0f95,0f95
941,941,0,2073736572700000,ff,0,0,0f95,0283,0,0000,0f95,0,0f8d,0008,1,1,0,0,0000,0f95,0000,0000,0000,0000,0,0f95,0f95,0000,0,000,0f95,0f95
942,942,0,2073736572700000,ff,0,0,0f95,0283,0,0000,0f95,0,0f8d,0008,1,1,0,0,0000,0f95,0000,0000,0000,0000,0,0f95,0f95,0000,0,000,0f95,0f95
943,943,0,2073736572700000,ff,0,0,0f95,0283,0,0000,0f95,0,0f8d,0008,1,1,0,0,0000,0f95,0000,0000,0000,0000,0,0f95,0f95,0000,0,000,0f95,0f95
944,944,0,2073736572700000,ff,0,0,0f95,0283,0,0000,0f95,0,0f8d,0008,1,1,0,0,0000,0f95,0000,0000,0000,0000,0,0f95,0f95,0000,0,000,0f95,0f95
945,945,0,2073736572700000,ff,0,0,0f95,0283,0,0000,0f95,0,0f8d,0008,1,1,0,0,0000,0f95,0000,0000,0000,0000,0,0f95,0f95,0000,0,000,0f95,0f95
946,946,0,2073736572700000,ff,0,0,0f95,0283,0,0000,0f95,0,0f8d,0008,1,1,0,0,0000,0f95,0000,0000,0000,0000,0,0f95,0f95,0000,0,000,0f95,0f95
947,947,0,2073736572700000,ff,0,0,0f95,0283,0,0000,0f95,0,0f8d,0008,1,1,0,0,0000,0f95,0000,0000,0000,0000,0,0f95,0f95,0000,0,000,0f95,0f95
948,948,0,2073736572700000,ff,0,0,0f95,0283,0,0000,0f95,0,0f8d,0008,1,1,0,0,0000,0f95,0000,0000,0000,0000,0,0f95,0f95,0000,0,000,0f95,0f95
949,949,0,2073736572700000,ff,0,0,0f95,0283,0,0000,0f95,0,0f8d,0008,1,1,0,0,0000,0f95,0000,0000,0000,0000,0,0f95,0f95,0000,0,000,0f95,0f95
950,950,0,2073736572700000,ff,0,0,0f95,0283,0,0000,0f95,0,0f8d,0008,1,1,0,0,0000,0f95,0000,0000,0000,0000,0,0f95,0f95,0000,0,000,0f95,0f95
951,951,0,2073736572700000,ff,0,0,0f95,0283,0,0000,0f95,0,0f8d,0008,1,1,0,0,0000,0f95,0000,0000,0000,0000,0,0f95,0f95,0000,0,000,0f95,0f95
952,952,0,2073736572700000,ff,0,0,0f95,0283,0,0000,0f95,0,0f8d,0008,1,1,0,0,0000,0f95,0000,0000,0000,0000,0,0f95,0f95,0000,0,000,0f95,0f95
953,953,0,2073736572700000,ff,0,0,0f95,0283,0,0000,0f95,0,0f8d,0008,1,1,0,0,0000,0f95,0000,0000,0000,0000,0,0f95,0f95,0000,0,000,0f95,0f95
954,954,0,2073736572700000,ff,0,0,0f95,0283,0,0000,0f95,0,0f8d,0008,1,1,0,0,0000,0f95,0000,0000,0000,0000,0,0f95,0f95,0000,0,000,0f95,0f95
955,955,0,2073736572700000,ff,0,0,0f95,0283,0,0000,0f95,0,0f8d,0008,1,1,0,0,0000,0f95,0000,0000,0000,0000,0,0f95,0f95,0000,0,000,0f95,0f95
956,956,0,2073736572700000,ff,0,0,0f95,0283,0,0000,0f95,0,0f8d,0008,1,1,0,0,0000,0f95,0000,0000,0000,0000,0,0f95,0f95,0000,0,000,0f95,0f95
957,957,0,2073736572700000,ff,0,0,0f95,0283,0,0000,0f95,0,0f8d,0008,1,1,0,0,0000,0f95,0000,0000,0000,0000,0,0f95,0f95,0000,0,000,0f95,0f95
958,958,0,2073736572700000,ff,0,0,0f95,0283,0,0000,0f95,0,0f8d,0008,1,1,0,0,0000,0f95,0000,0000,0000,0000,0,0f95,0f95,0000,0,000,0f95,0f95
959,959,0,2073736572700000,ff,0,0,0f95,0283,0,0000,0f95,0,0f8d,0008,1,1,0,0,0000,0f95,0000,0000,0000,0000,0,0f95,0f95,0000,0,000,0f95,0f95
960,960,0,2073736572700000,ff,0,0,0f95,0283,0,0000,0f95,0,0f8d,0008,1,1,0,0,0000,0f95,0000,0000,0000,0000,0,0f95,0f95,0000,0,000,0f95,0f95
961,961,0,2073736572700000,ff,0,0,0f95,0283,0,0000,0f95,0,0f8d,0008,1,1,0,0,0000,0f95,0000,0000,0000,0000,0,0f95,0f95,0000,0,000,0f95,0f95
962,962,0,2073736572700000,ff,0,0,0f95,0283,0,0000,0f95,0,0f8d,0008,1,1,0,0,0000,0f95,0000,0000,0000,0000,0,0f95,0f95,0000,0,000,0f95,0f95
963,963,0,2073736572700000,ff,0,0,0f95,0283,0,0000,0f95,0,0f8d,0008,1,1,0,0,0000,0f95,0000,0000,0000,0000,0,0f95,0f95,0000,0,000,0f95,0f95
964,964,0,2073736572700000,ff,0,0,0f95,0283,0,0000,0f95,0,0f8d,0008,1,1,0,0,0000,0f95,0000,0000,0000,0000,0,0f95,0f95,0000,0,000,0f95,0f95
965,965,0,2073736572700000,ff,0,0,0f95,0283,0,0000,0f95,0,0f8d,0008,1,1,0,0,0000,0f95,0000,0000,0000,0000,0,0f95,0f95,0000,0,000,0f95,0f95
966,966,0,2073736572700000,ff,0,0,0f95,0283,0,0000,0f95,0,0f8d,0008,1,1,0,0,0000,0f95,0000,0000,0000,0000,0,0f95,0f95,0000,0,000,0f95,0f95
967,967,0,2073736572700000,ff,0,0,0f95,0283,0,0000,0f95,0,0f8d,0008,1,1,0,0,0000,0f95,0000,0000,0000,0000,0,0f95,0f95,0000,0,000,0f95,0f95
968,968,0,2073736572700000,ff,0,0,0f95,0283,0,0000,0f95,0,0f8d,0008,1,1,0,0,0000,0f95,0000,0000,0000,0000,0,0f95,0f95,0000,0,000,0f95,0f95
969,969,0,2073736572700000,ff,0,0,0f95,0283,0,0000,0f95,0,0f8d,0008,1,1,0,0,0000,0f95,0000,0000,0000,0000,0,0f95,0f95,0000,0,000,0f95,0f95
970,970,0,2073736572700000,ff,0,0,0f95,0283,0,0000,0f95,0,0f8d,0008,1,1,0,0,0000,0f95,0000,0000,0000,0000,0,0f95,0f95,0000,0,000,0f95,0f95
971,971,0,2073736572700000,ff,0,0,0f95,0283,0,0000,0f95,0,0f8d,0008,1,1,0,0,0000,0f95,0000,0000,0000,0000,0,0f95,0f95,0000,0,000,0f95,0f95
972,972,0,2073736572700000,ff,0,0,0f95,0283,0,0000,0f95,0,0f8d,0008,1,1,0,0,0000,0f95,0000,0000,0000,0000,0,0f95,0f95,0000,0,000,0f95,0f95
973,973,0,2073736572700000,ff,0,0,0f95,0283,0,0000,0f95,0,0f8d,0008,1,1,0,0,0000,0f95,0000,0000,0000,0000,0,0f95,0f95,0000,0,000,0f95,0f95
974,974,0,2073736572700000,ff,0,0,0f95,0283,0,0000,0f95,0,0f8d,0008,1,1,0,0,0000,0f95,0000,0000,0000,0000,0,0f95,0f95,0000,0,000,0f95,0f95
975,975,0,2073736572700000,ff,0,0,0f95,0283,0,0000,0f95,0,0f8d,0008,1,1,0,0,0000,0f95,0000,0000,0000,0000,0,0f95,0f95,0000,0,000,0f95,0f95
976,976,0,2073736572700000,ff,0,0,0f95,0283,0,0000,0f95,0,0f8d,0008,1,1,0,0,0000,0f95,0000,0000,0000,0000,0,0f95,0f95,0000,0,000,0f95,0f95
977,977,0,2073736572700000,ff,0,0,0f95,0283,0,0000,0f95,0,0f8d,0008,1,1,0,0,0000,0f95,0000,0000,0000,0000,0,0f95,0f95,0000,0,000,0f95,0f95
978,978,0,2073736572700000,ff,0,0,0f95,0283,0,0000,0f95,0,0f8d,0008,1,1,0,0,0000,0f95,0000,0000,0000,0000,0,0f95,0f95,0000,0,000,0f95,0f95
979,979,0,2073736572700000,ff,0,0,0f95,0283,0,0000,0f95,0,0f8d,0008,1,1,0,0,0000,0f95,0000,0000,0000,0000,0,0f95,0f95,0000,0,000,0f95,0f95
980,980,0,2073736572700000,ff,0,0,0f95,0283,0,0000,0f95,0,0f8d,0008,1,1,0,0,0000,0f95,0000,0000,0000,0000,0,0f95,0f95,0000,0,000,0f95,0f95
981,981,0,2073736572700000,ff,0,0,0f95,0283,0,0000,0f95,0,0f8d,0008,1,1,0,0,0000,0f95,0000,0000,0000,0000,0,0f95,0f95,0000,0,000,0f95,0f95
982,982,0,2073736572700000,ff,0,0,0f95,0283,0,0000,0f95,0,0f8d,0008,1,1,0,0,0000,0f95,0000,0000,0000,0000,0,0f95,0f95,0000,0,000,0f95,0f95
983,983,0,2073736572700000,ff,0,0,0f95,0283,0,0000,0f95,0,0f8d,0008,1,1,0,0,0000,0f95,0000,0000,0000,0000,0,0f95,0f95,0000,0,000,0f95,0f95
984,984,0,2073736572700000,ff,0,0,0f95,0283,0,0000,0f95,0,0f8d,0008,1,1,0,0,0000,0f95,0000,0000,0000,0000,0,0f95,0f95,0000,0,000,0f95,0f95
985,985,0,2073736572700000,ff,0,0,0f95,0283,0,0000,0f95,0,0f8d,0008,1,1,0,0,0000,0f95,0000,0000,0000,0000,0,0f95,0f95,0000,0,000,0f95,0f95
986,986,0,2073736572700000,ff,0,0,0f95,0283,0,0000,0f95,0,0f8d,0008,1,1,0,0,0000,0f95,0000,0000,0000,0000,0,0f95,0f95,0000,0,000,0f95,0f95
987,987,0,2073736572700000,ff,0,0,0f95,0283,0,0000,0f95,0,0f8d,0008,1,1,0,0,0000,0f95,0000,0000,0000,0000,0,0f95,0f95,0000,0,000,0f95,0f95
988,988,0,2073736572700000,ff,0,0,0f95,0283,0,0000,0f95,0,0f8d,0008,1,1,0,0,0000,0f95,0000,0000,0000,0000,0,0f95,0f95,0000,0,000,0f95,0f95
989,989,0,2073736572700000,ff,0,0,0f95,0283,0,0000,0f95,0,0f8d,0008,1,1,0,0,0000,0f95,0000,0000,0000,0000,0,0f95,0f95,0000,0,000,0f95,0f95
990,990,0,2073736572700000,ff,0,0,0f95,0283,0,0000,0f95,0,0f8d,0008,1,1,0,0,0000,0f95,0000,0000,0000,0000,0,0f95,0f95,0000,0,000,0f95,0f95
991,991,0,2073736572700000,ff,0,0,0f95,0283,0,0000,0f95,0,0f8d,0008,1,1,0,0,0000,0f95,0000,0000,0000,0000,0,0f95,0f95,0000,0,000,0f95,0f95
992,992,0,2073736572700000,ff,0,0,0f95,0283,0,0000,0f95,0,0f8d,0008,1,1,0,0,0000,0f95,0000,0000,0000,0000,0,0f95,0f95,0000,0,000,0f95,0f95
993,993,0,2073736572700000,ff,0,0,0f95,0283,0,0000,0f95,0,0f8d,0008,1,1,0,0,0000,0f95,0000,0000,0000,0000,0,0f95,0f95,0000,0,000,0f95,0f95
994,994,0,2073736572700000,ff,0,0,0f95,0283,0,0000,0f95,0,0f8d,0008,1,1,0,0,0000,0f95,0000,0000,0000,0000,0,0f95,0f95,0000,0,000,0f95,0f95
995,995,0,2073736572700000,ff,0,0,0f95,0283,0,0000,0f95,0,0f8d,0008,1,1,0,0,0000,0f95,0000,0000,0000,0000,0,0f95,0f95,0000,0,000,0f95,0f95
996,996,0,2073736572700000,ff,0,0,0f95,0283,0,0000,0f95,0,0f8d,0008,1,1,0,0,0000,0f95,0000,0000,0000,0000,0,0f95,0f95,0000,0,000,0f95,0f95
997,997,0,2073736572700000,ff,0,0,0f95,0283,0,0000,0f95,0,0f8d,0008,1,1,0,0,0000,0f95,0000,0000,0000,0000,0,0f95,0f95,0000,0,000,0f95,0f95
998,998,0,2073736572700000,ff,0,0,0f95,0283,0,0000,0f95,0,0f8d,0008,1,1,0,0,0000,0f95,0000,0000,0000,0000,0,0f95,0f95,0000,0,000,0f95,0f95
999,999,0,2073736572700000,ff,0,0,0f95,0283,0,0000,0f95,0,0f8d,0008,1,1,0,0,0000,0f95,0000,0000,0000,0000,0,0f95,0f95,0000,0,000,0f95,0f95
1000,1000,0,2073736572700000,ff,0,0,0f95,0283,0,0000,0f95,0,0f8d,0008,1,1,0,0,0000,0f95,0000,0000,0000,0000,0,0f95,0f95,0000,0,000,0f95,0f95
1001,1001,0,2073736572700000,ff,0,0,0f95,0283,0,0000,0f95,0,0f8d,0008,1,1,0,0,0000,0f95,0000,0000,0000,0000,0,0f95,0f95,0000,0,000,0f95,0f95
1002,1002,0,2073736572700000,ff,0,0,0f95,0283,0,0000,0f95,0,0f8d,0008,1,1,0,0,0000,0f95,0000,0000,0000,0000,0,0f95,0f95,0000,0,000,0f95,0f95
1003,1003,0,2073736572700000,ff,0,0,0f95,0283,0,0000,0f95,0,0f8d,0008,1,1,0,0,0000,0f95,0000,0000,0000,0000,0,0f95,0f95,0000,0,000,0f95,0f95
1004,1004,0,2073736572700000,ff,0,0,0f95,0283,0,0000,0f95,0,0f8d,0008,1,1,0,0,0000,0f95,0000,0000,0000,0000,0,0f95,0f95,0000,0,000,0f95,0f95
1005,1005,0,2073736572700000,ff,0,0,0f95,0283,0,0000,0f95,0,0f8d,0008,1,1,0,0,0000,0f95,0000,0000,0000,0000,0,0f95,0f95,0000,0,000,0f95,0f95
1006,1006,0,2073736572700000,ff,0,0,0f95,0283,0,0000,0f95,0,0f8d,0008,1,1,0,0,0000,0f95,0000,0000,0000,0000,0,0f95,0f95,0000,0,000,0f95,0f95
1007,1007,0,2073736572700000,ff,0,0,0f95,0283,0,0000,0f95,0,0f8d,0008,1,1,0,0,0000,0f95,0000,0000,0000,0000,0,0f95,0f95,0000,0,000,0f95,0f95
1008,1008,0,2073736572700000,ff,0,0,0f95,0283,0,0000,0f95,0,0f8d,0008,1,1,0,0,0000,0f95,0000,0000,0000,0000,0,0f95,0f95,0000,0,000,0f95,0f95
1009,1009,0,2073736572700000,ff,0,0,0f95,0283,0,0000,0f95,0,0f8d,0008,1,1,0,0,0000,0f95,0000,0000,0000,0000,0,0f95,0f95,0000,0,000,0f95,0f95
1010,1010,0,2073736572700000,ff,0,0,0f95,0283,0,0000,0f95,0,0f8d,0008,1,1,0,0,0000,0f95,0000,0000,0000,0000,0,0f95,0f95,0000,0,000,0f95,0f95
1011,1011,0,2073736572700000,ff,0,0,0f95,0283,0,0000,0f95,0,0f8d,0008,1,1,0,0,0000,0f95,0000,0000,0000,0000,0,0f95,0f95,0000,0,000,0f95,0f95
1012,1012,0,2073736572700000,ff,0,0,0f95,0283,0,0000,0f95,0,0f8d,0008,1,1,0,0,0000,0f95,0000,0000,0000,0000,0,0f95,0f95,0000,0,000,0f95,0f95
1013,1013,0,2073736572700000,ff,0,0,0f95,0283,0,0000,0f95,0,0f8d,0008,1,1,0,0,0000,0f95,0000,0000,0000,0000,0,0f95,0f95,0000,0,000,0f95,0f95
1014,1014,0,2073736572700000,ff,0,0,0f95,0283,0,0000,0f95,0,0f8d,0008,1,1,0,0,0000,0f95,0000,0000,0000,0000,0,0f95,0f95,0000,0,000,0f95,0f95
1015,1015,0,2073736572700000,ff,0,0,0f95,0283,0,0000,0f95,0,0f8d,0008,1,1,0,0,0000,0f95,0000,0000,0000,0000,0,0f95,0f95,0000,0,000,0f95,0f95
1016,1016,0,2073736572700000,ff,0,0,0f95,0283,0,0000,0f95,0,0f8d,0008,1,1,0,0,0000,0f95,0000,0000,0000,0000,0,0f95,0f95,0000,0,000,0f95,0f95
1017,1017,0,2073736572700000,ff,0,0,0f95,0283,0,0000,0f95,0,0f8d,0008,1,1,0,0,0000,0f95,0000,0000,0000,0000,0,0f95,0f95,0000,0,000,0f95,0f95
1018,1018,0,2073736572700000,ff,0,0,0f95,0283,0,0000,0f95,0,0f8d,0008,1,1,0,0,0000,0f95,0000,0000,0000,0000,0,0f95,0f95,0000,0,000,0f95,0f95
1019,1019,0,2073736572700000,ff,0,0,0f95,0283,0,0000,0f95,0,0f8d,0008,1,1,0,0,0000,0f95,0000,0000,0000,0000,0,0f95,0f95,0000,0,000,0f95,0f95
1020,1020,0,2073736572700000,ff,0,0,0f95,0283,0,0000,0f95,0,0f8d,0008,1,1,0,0,0000,0f95,0000,0000,0000,0000,0,0f95,0f95,0000,0,000,0f95,0f95
1021,1021,0,2073736572700000,ff,0,0,0f95,0283,0,0000,0f95,0,0f8d,0008,1,1,0,0,0000,0f95,0000,0000,0000,0000,0,0f95,0f95,0000,0,000,0f95,0f95
1022,1022,0,2073736572700000,ff,0,0,0f95,0283,0,0000,0f95,0,0f8d,0008,1,1,0,0,0000,0f95,0000,0000,0000,0000,0,0f95,0f95,0000,0,000,0f95,0f95
1023,1023,0,2073736572700000,ff,0,0,0f95,0283,0,0000,0f95,0,0f8d,0008,1,1,0,0,0000,0f95,0000,0000,0000,0000,0,0f95,0f95,0000,0,000,0f95,0f95
1024,1024,1,2073736572700000,ff,0,0,0f95,0283,0,0000,0f95,0,0f8d,0008,1,1,0,0,0000,0f95,0000,0000,0000,0000,0,0f95,0f95,0000,0,000,0f95,0f95
1025,1025,0,2073736572700000,ff,0,0,0f95,0283,0,0000,0f95,0,0f8d,0008,1,1,0,0,0000,0f95,0000,0000,0000,0000,0,0f95,0f95,0000,0,000,0f95,0f95
1026,1026,0,2073736572700000,ff,0,0,0f95,0283,0,0000,0f95,0,0f8d,0008,1,1,0,0,0000,0f95,0000,0000,0000,0000,0,0f95,0f95,0000,0,000,0f95,0f95
1027,1027,0,2073736572700000,ff,0,0,0f95,0283,0,0000,0f95,0,0f8d,0008,1,1,0,0,0000,0f95,0000,0000,0000,0000,0,0f95,0f95,0000,0,000,0f95,0f95
1028,1028,0,2073736572700000,ff,0,0,0f95,0283,0,0000,0f95,0,0f8d,0008,1,1,0,0,0000,0f95,0000,0000,0000,0000,0,0f95,0f95,0000,0,000,0f95,0f95
1029,1029,0,2073736572700000,ff,0,0,0f95,0283,0,0000,0f95,0,0f8d,0008,1,1,0,0,0000,0f95,0000,0000,0000,0000,0,0f95,0f95,0000,0,000,0f95,0f95
1030,1030,0,2073736572700000,ff,0,0,0f95,0283,0,0000,0f95,0,0f8d,0008,1,1,0,0,0000,0f95,0000,0000,0000,0000,0,0f95,0f95,0000,0,000,0f95,0f95
1031,1031,0,2073736572700000,ff,0,0,0f95,0283,0,0000,0f95,0,0f8d,0008,1,1,0,0,0000,0f95,0000,0000,0000,0000,0,0f95,0f95,0000,0,000,0f95,0f95
1032,1032,0,2073736572700000,ff,0,0,0f95,0283,0,0000,0f95,0,0f8d,0008,1,1,0,0,0000,0f95,0000,0000,0000,0000,0,0f95,0f95,0000,0,000,0f95,0f95
1033,1033,0,2073736572700000,ff,0,0,0f95,0283,0,0000,0f95,0,0f8d,0008,1,1,0,0,0000,0f95,0000,0000,0000,0000,0,0f95,0f95,0000,0,000,0f95,0f95
1034,1034,0,2073736572700000,ff,0,0,0f95,0283,0,0000,0f95,0,0f8d,0008,1,1,0,0,0000,0f95,0000,0000,0000,0000,0,0f95,0f95,0000,0,000,0f95,0f95
1035,1035,0,2073736572700000,ff,0,0,0f95,0283,0,0000,0f95,0,0f8d,0008,1,1,0,0,0000,0f95,0000,0000,0000,0000,0,0f95,0f95,0000,0,000,0f95,0f95
1036,1036,0,2073736572700000,ff,0,0,0f95,0283,0,0000,0f95,0,0f8d,0008,1,1,0,0,0000,0f95,0000,0000,0000,0000,0,0f95,0f95,0000,0,000,0f95,0f95
1037,1037,0,2073736572700000,ff,0,0,0f95,0283,0,0000,0f95,0,0f8d,0008,1,1,0,0,0000,0f95,0000,0000,0000,0000,0,0f95,0f95,0000,0,000,0f95,0f95
1038,1038,0,2073736572700000,ff,0,0,0f95,0283,0,0000,0f95,0,0f8d,0008,1,1,0,0,0000,0f95,0000,0000,0000,0000,0,0f95,0f95,0000,0,000,0f95,0f95
1039,1039,0,2073736572700000,ff,0,0,0f95,0283,0,0000,0f95,0,0f8d,0008,1,1,0,0,0000,0f95,0000,0000,0000,0000,0,0f95,0f95,0000,0,000,0f95,0f95
1040,1040,0,2073736572700000,ff,0,0,0f95,0283,0,0000,0f95,0,0f8d,0008,1,1,0,0,0000,0f95,0000,0000,0000,0000,0,0f95,0f95,0000,0,000,0f95,0f95
1041,1041,0,2073736572700000,ff,0,0,0f95,0283,0,0000,0f95,0,0f8d,0008,1,1,0,0,0000,0f95,0000,0000,0000,0000,0,0f95,0f95,0000,0,000,0f95,0f95
1042,1042,0,2073736572700000,ff,0,0,0f95,0283,0,0000,0f95,0,0f8d,0008,1,1,0,0,0000,0f95,0000,0000,0000,0000,0,0f95,0f95,0000,0,000,0f95,0f95
1043,1043,0,2073736572700000,ff,0,0,0f95,0283,0,0000,0f95,0,0f8d,0008,1,1,0,0,0000,0f95,0000,0000,0000,0000,0,0f95,0f95,0000,0,000,0f95,0f95
1044,1044,0,2073736572700000,ff,0,0,0f95,0283,0,0000,0f95,0,0f8d,0008,1,1,0,0,0000,0f95,0000,0000,0000,0000,0,0f95,0f95,0000,0,000,0f95,0f95
1045,1045,0,2073736572700000,ff,0,0,0f95,0283,0,0000,0f95,0,0f8d,0008,1,1,0,0,0000,0f95,0000,0000,0000,0000,0,0f95,0f95,0000,0,000,0f95,0f95
1046,1046,0,2073736572700000,ff,0,0,0f95,0283,0,0000,0f95,0,0f8d,0008,1,1,0,0,0000,0f95,0000,0000,0000,0000,0,0f95,0f95,0000,0,000,0f95,0f95
1047,1047,0,2073736572700000,ff,0,0,0f95,0283,0,0000,0f95,0,0f8d,0008,1,1,0,0,0000,0f95,0000,0000,0000,0000,0,0f95,0f95,0000,0,000,0f95,0f95
1048,1048,0,2073736572700000,ff,0,0,0f95,0283,0,0000,0f95,0,0f8d,0008,1,1,0,0,0000,0f95,0000,0000,0000,0000,0,0f95,0f95,0000,0,000,0f95,0f95
1049,1049,0,2073736572700000,ff,0,0,0f95,0283,0,0000,0f95,0,0f8d,0008,1,1,0,0,0000,0f95,0000,0000,0000,0000,0,0f95,0f95,0000,0,000,0f95,0f95
1050,1050,0,2073736572700000,ff,0,0,0f95,0283,0,0000,0f95,0,0f8d,0008,1,1,0,0,0000,0f95,0000,0000,0000,0000,0,0f95,0f95,0000,0,000,0f95,0f95
1051,1051,0,2073736572700000,ff,0,0,0f95,0283,0,0000,0f95,0,0f8d,0008,1,1,0,0,0000,0f95,0000,0000,0000,0000,0,0f95,0f95,0000,0,000,0f95,0f95
1052,1052,0,2073736572700000,ff,0,0,0f95,0283,0,0000,0f95,0,0f8d,0008,1,1,0,0,0000,0f95,0000,0000,0000,0000,0,0f95,0f95,0000,0,000,0f95,0f95
1053,1053,0,2073736572700000,ff,0,0,0f95,0283,0,0000,0f95,0,0f8d,0008,1,1,0,0,0000,0f95,0000,0000,0000,0000,0,0f95,0f95,0000,0,000,0f95,0f95
1054,1054,0,2073736572700000,ff,0,0,0f95,0283,0,0000,0f95,0,0f8d,0008,1,1,0,0,0000,0f95,0000,0000,0000,0000,0,0f95,0f95,0000,0,000,0f95,0f95
1055,1055,0,2073736572700000,ff,0,0,0f95,0283,0,0000,0f95,0,0f8d,0008,1,1,0,0,0000,0f95,0000,0000,0000,0000,0,0f95,0f95,0000,0,000,0f95,0f95
1056,1056,0,2073736572700000,ff,0,0,0f95,0283,0,0000,0f95,0,0f8d,0008,1,1,0,0,0000,0f95,0000,0000,0000,0000,0,0f95,0f95,0000,0,000,0f95,0f95
1057,1057,0,2073736572700000,ff,0,0,0f95,0283,0,0000,0f95,0,0f8d,0008,1,1,0,0,0000,0f95,0000,0000,0000,0000,0,0f95,0f95,0000,0,000,0f95,0f95
1058,1058,0,2073736572700000,ff,0,0,0f95,0283,0,0000,0f95,0,0f8d,0008,1,1,0,0,0000,0f95,0000,0000,0000,0000,0,0f95,0f95,0000,0,000,0f95,0f95
1059,1059,0,2073736572700000,ff,0,0,0f95,0283,0,0000,0f95,0,0f8d,0008,1,1,0,0,0000,0f95,0000,0000,0000,0000,0,0f95,0f95,0000,0,000,0f95,0f95
1060,1060,0,2073736572700000,ff,0,0,0f95,0283,0,0000,0f95,0,0f8d,0008,1,1,0,0,0000,0f95,0000,0000,0000,0000,0,0f95,0f95,0000,0,000,0f95,0f95
1061,1061,0,2073736572700000,ff,0,0,0f95,0283,0,0000,0f95,0,0f8d,0008,1,1,0,0,0000,0f95,0000,0000,0000,0000,0,0f95,0f95,0000,0,000,0f95,0f95
1062,1062,0,2073736572700000,ff,0,0,0f95,0283,0,0000,0f95,0,0f8d,0008,1,1,0,0,0000,0f95,0000,0000,0000,0000,0,0f95,0f95,0000,0,000,0f95,0f95
1063,1063,0,2073736572700000,ff,0,0,0f95,0283,0,0000,0f95,0,0f8d,0008,1,1,0,0,0000,0f95,0000,0000,0000,0000,0,0f95,0f95,0000,0,000,0f95,0f95
1064,1064,0,2073736572700000,ff,0,0,0f95,0283,0,0000,0f95,0,0f8d,0008,1,1,0,0,0000,0f95,0000,0000,0000,0000,0,0f95,0f95,0000,0,000,0f95,0f95
1065,1065,0,2073736572700000,ff,0,0,0f95,0283,0,0000,0f95,0,0f8d,0008,1,1,0,0,0000,0f95,0000,0000,0000,0000,0,0f95,0f95,0000,0,000,0f95,0f95
1066,1066,0,2073736572700000,ff,0,0,0f95,0283,0,0000,0f95,0,0f8d,0008,1,1,0,0,0000,0f95,0000,0000,0000,0000,0,0f95,0f95,0000,0,000,0f95,0f95
1067,1067,0,2073736572700000,ff,0,0,0f95,0283,0,0000,0f95,0,0f8d,0008,1,1,0,0,0000,0f95,0000,0000,0000,0000,0,0f95,0f95,0000,0,000,0f95,0f95
1068,1068,0,2073736572700000,ff,0,0,0f95,0283,0,0000,0f95,0,0f8d,0008,1,1,0,0,0000,0f95,0000,0000,0000,0000,0,0f95,0f95,0000,0,000,0f95,0f95
1069,1069,0,2073736572700000,ff,0,0,0f95,0283,0,0000,0f95,0,0f8d,0008,1,1,0,0,0000,0f95,0000,0000,0000,0000,0,0f95,0f95,0000,0,000,0f95,0f95
1070,1070,0,2073736572700000,ff,0,0,0f95,0283,0,0000,0f95,0,0f8d,0008,1,1,0,0,0000,0f95,0000,0000,0000,0000,0,0f95,0f95,0000,0,000,0f95,0f95
1071,1071,0,2073736572700000,ff,0,0,0f95,0283,0,0000,0f95,0,0f8d,0008,1,1,0,0,0000,0f95,0000,0000,0000,0000,0,0f95,0f95,0000,0,000,0f95,0f95
1072,1072,0,2073736572700000,ff,0,0,0f95,0283,0,0000,0f95,0,0f8d,0008,1,1,0,0,0000,0f95,0000,0000,0000,0000,0,0f95,0f95,0000,0,000,0f95,0f95
1073,1073,0,2073736572700000,ff,0,0,0f95,0283,0,0000,0f95,0,0f8d,0008,1,1,0,0,0000,0f95,0000,0000,0000,0000,0,0f95,0f95,0000,0,000,0f95,0f95
1074,1074,0,2073736572700000,ff,0,0,0f95,0283,0,0000,0f95,0,0f8d,0008,1,1,0,0,0000,0f95,0000,0000,0000,0000,0,0f95,0f95,0000,0,000,0f95,0f95
1075,1075,0,2073736572700000,ff,0,0,0f95,0283,0,0000,0f95,0,0f8d,0008,1,1,0,0,0000,0f95,0000,0000,0000,0000,0,0f95,0f95,0000,0,000,0f95,0f95
1076,1076,0,2073736572700000,ff,0,0,0f95,0283,0,0000,0f95,0,0f8d,0008,1,1,0,0,0000,0f95,0000,0000,0000,0000,0,0f95,0f95,0000,0,000,0f95,0f95
1077,1077,0,2073736572700000,ff,0,0,0f95,0283,0,0000,0f95,0,0f8d,0008,1,1,0,0,0000,0f95,0000,0000,0000,0000,0,0f95,0f95,0000,0,000,0f95,0f95
1078,1078,0,2073736572700000,ff,0,0,0f95,0283,0,0000,0f95,0,0f8d,0008,1,1,0,0,0000,0f95,0000,0000,0000,0000,0,0f95,0f95,0000,0,000,0f95,0f95
1079,1079,0,2073736572700000,ff,0,0,0f95,0283,0,0000,0f95,0,0f8d,0008,1,1,0,0,0000,0f95,0000,0000,0000,0000,0,0f95,0f95,0000,0,000,0f95,0f95
1080,1080,0,2073736572700000,ff,0,0,0f95,0283,0,0000,0f95,0,0f8d,0008,1,1,0,0,0000,0f95,0000,0000,0000,0000,0,0f95,0f95,0000,0,000,0f95,0f95
1081,1081,0,2073736572700000,ff,0,0,0f95,0283,0,0000,0f95,0,0f8d,0008,1,1,0,0,0000,0f95,0000,0000,0000,0000,0,0f95,0f95,0000,0,000,0f95,0f95
1082,1082,0,2073736572700000,ff,0,0,0f95,0283,0,0000,0f95,0,0f8d,0008,1,1,0,0,0000,0f95,0000,0000,0000,0000,0,0f95,0f95,0000,0,000,0f95,0f95
1083,1083,0,2073736572700000,ff,0,0,0f95,0283,0,0000,0f95,0,0f8d,0008,1,1,0,0,0000,0f95,0000,0000,0000,0000,0,0f95,0f95,0000,0,000,0f95,0f95
1084,1084,0,2073736572700000,ff,0,0,0f95,0283,0,0000,0f95,0,0f8d,0008,1,1,0,0,0000,0f95,0000,0000,0000,0000,0,0f95,0f95,0000,0,000,0f95,0f95
1085,1085,0,2073736572700000,ff,0,0,0f95,0283,0,0000,0f95,0,0f8d,0008,1,1,0,0,0000,0f95,0000,0000,0000,0000,0,0f95,0f95,0000,0,000,0f95,0f95
1086,1086,0,2073736572700000,ff,0,0,0f95,0283,0,0000,0f95,0,0f8d,0008,1,1,0,0,0000,0f95,0000,0000,0000,0000,0,0f95,0f95,0000,0,000,0f95,0f95
1087,1087,0,2073736572700000,ff,0,0,0f95,0283,0,0000,0f95,0,0f8d,0008,1,1,0,0,0000,0f95,0000,0000,0000,0000,0,0f95,0f95,0000,0,000,0f95,0f95
1088,1088,0,2073736572700000,ff,0,0,0f95,0283,0,0000,0f95,0,0f8d,0008,1,1,0,0,0000,0f95,0000,0000,0000,0000,0,0f95,0f95,0000,0,000,0f95,0f95
1089,1089,0,2073736572700000,ff,0,0,0f95,0283,0,0000,0f95,0,0f8d,0008,1,1,0,0,0000,0f95,0000,0000,0000,0000,0,0f95,0f95,0000,0,000,0f95,0f95
1090,1090,0,2073736572700000,ff,0,0,0f95,0283,0,0000,0f95,0,0f8d,0008,1,1,0,0,0000,0f95,0000,0000,0000,0000,0,0f95,0f95,0000,0,000,0f95,0f95
1091,1091,0,2073736572700000,ff,0,0,0f95,0283,0,0000,0f95,0,0f8d,0008,1,1,0,0,0000,0f95,0000,0000,0000,0000,0,0f95,0f95,0000,0,000,0f95,0f95
1092,1092,0,2073736572700000,ff,0,0,0f95,0283,0,0000,0f95,0,0f8d,0008,1,1,0,0,0000,0f95,0000,0000,0000,0000,0,0f95,0f95,0000,0,000,0f95,0f95
1093,1093,0,2073736572700000,ff,0,0,0f95,0283,0,0000,0f95,0,0f8d,0008,1,1,0,0,0000,0f95,0000,0000,0000,0000,0,0f95,0f95,0000,0,000,0f95,0f95
1094,1094,0,2073736572700000,ff,0,0,0f95,0283,0,0000,0f95,0,0f8d,0008,1,1,0,0,0000,0f95,0000,0000,0000,0000,0,0f95,0f95,0000,0,000,0f95,0f95
1095,1095,0,2073736572700000,ff,0,0,0f95,0283,0,0000,0f95,0,0f8d,0008,1,1,0,0,0000,0f95,0000,0000,0000,0000,0,0f95,0f95,0000,0,000,0f95,0f95
1096,1096,0,2073736572700000,ff,0,0,0f95,0283,0,0000,0f95,0,0f8d,0008,1,1,0,0,0000,0f95,0000,0000,0000,0000,0,0f95,0f95,0000,0,000,0f95,0f95
1097,1097,0,2073736572700000,ff,0,0,0f95,0283,0,0000,0f95,0,0f8d,0008,1,1,0,0,0000,0f95,0000,0000,0000,0000,0,0f95,0f95,0000,0,000,0f95,0f95
1098,1098,0,2073736572700000,ff,0,0,0f95,0283,0,0000,0f95,0,0f8d,0008,1,1,0,0,0000,0f95,0000,0000,0000,0000,0,0f95,0f95,0000,0,000,0f95,0f95
1099,1099,0,2073736572700000,ff,0,0,0f95,0283,0,0000,0f95,0,0f8d,0008,1,1,0,0,0000,0f95,0000,0000,0000,0000,0,0f95,0f95,0000,0,000,0f95,0f95
1100,1100,0,2073736572700000,ff,0,0,0f95,0283,0,0000,0f95,0,0f8d,0008,1,1,0,0,0000,0f95,0000,0000,0000,0000,0,0f95,0f95,0000,0,000,0f95,0f95
1101,1101,0,2073736572700000,ff,0,0,0f95,0283,0,0000,0f95,0,0f8d,0008,1,1,0,0,0000,0f95,0000,0000,0000,0000,0,0f95,0f95,0000,0,000,0f95,0f95
1102,1102,0,2073736572700000,ff,0,0,0f95,0283,0,0000,0f95,0,0f8d,0008,1,1,0,0,0000,0f95,0000,0000,0000,0000,0,0f95,0f95,0000,0,000,0f95,0f95
1103,1103,0,2073736572700000,ff,0,0,0f95,0283,0,0000,0f95,0,0f8d,0008,1,1,0,0,0000,0f95,0000,0000,0000,0000,0,0f95,0f95,0000,0,000,0f95,0f95
1104,1104,0,2073736572700000,ff,0,0,0f95,0283,0,0000,0f95,0,0f8d,0008,1,1,0,0,0000,0f95,0000,0000,0000,0000,0,0f95,0f95,0000,0,000,0f95,0f95
1105,1105,0,2073736572700000,ff,0,0,0f95,0283,0,0000,0f95,0,0f8d,0008,1,1,0,0,0000,0f95,0000,0000,0000,0000,0,0f95,0f95,0000,0,000,0f95,0f95
1106,1106,0,2073736572700000,ff,0,0,0f95,0283,0,0000,0f95,0,0f8d,0008,1,1,0,0,0000,0f95,0000,0000,0000,0000,0,0f95,0f95,0000,0,000,0f95,0f95
1107,1107,0,2073736572700000,ff,0,0,0f95,0283,0,0000,0f95,0,0f8d,0008,1,1,0,0,0000,0f95,0000,0000,0000,0000,0,0f95,0f95,0000,0,000,0f95,0f95
1108,1108,0,2073736572700000,ff,0,0,0f95,0283,0,0000,0f95,0,0f8d,0008,1,1,0,0,0000,0f95,0000,0000,0000,0000,0,0f95,0f95,0000,0,000,0f95,0f95
1109,1109,0,2073736572700000,ff,0,0,0f95,0283,0,0000,0f95,0,0f8d,0008,1,1,0,0,0000,0f95,0000,0000,0000,0000,0,0f95,0f95,0000,0,000,0f95,0f95
1110,1110,0,2073736572700000,ff,0,0,0f95,0283,0,0000,0f95,0,0f8d,0008,1,1,0,0,0000,0f95,0000,0000,0000,0000,0,0f95,0f95,0000,0,000,0f95,0f95
1111,1111,0,2073736572700000,ff,0,0,0f95,0283,0,0000,0f95,0,0f8d,0008,1,1,0,0,0000,0f95,0000,0000,0000,0000,0,0f95,0f95,0000,0,000,0f95,0f95
1112,1112,0,2073736572700000,ff,0,0,0f95,0283,0,0000,0f95,0,0f8d,0008,1,1,0,0,0000,0f95,0000,0000,0000,0000,0,0f95,0f95,0000,0,000,0f95,0f95
1113,1113,0,2073736572700000,ff,0,0,0f95,0283,0,0000,0f95,0,0f8d,0008,1,1,0,0,0000,0f95,0000,0000,0000,0000,0,0f95,0f95,0000,0,000,0f95,0f95
1114,1114,0,2073736572700000,ff,0,0,0f95,0283,0,0000,0f95,0,0f8d,0008,1,1,0,0,0000,0f95,0000,0000,0000,0000,0,0f95,0f95,0000,0,000,0f95,0f95
1115,1115,0,2073736572700000,ff,0,0,0f95,0283,0,0000,0f95,0,0f8d,0008,1,1,0,0,0000,0f95,0000,0000,0000,0000,0,0f95,0f95,0000,0,000,0f95,0f95
1116,1116,0,2073736572700000,ff,0,0,0f95,0283,0,0000,0f95,0,0f8d,0008,1,1,0,0,0000,0f95,0000,0000,0000,0000,0,0f95,0f95,0000,0,000,0f95,0f95
1117,1117,0,2073736572700000,ff,0,0,0f95,0283,0,0000,0f95,0,0f8d,0008,1,1,0,0,0000,0f95,0000,0000,0000,0000,0,0f95,0f95,0000,0,000,0f95,0f95
1118,1118,0,2073736572700000,ff,0,0,0f95,0283,0,0000,0f95,0,0f8d,0008,1,1,0,0,0000,0f95,0000,0000,0000,0000,0,0f95,0f95,0000,0,000,0f95,0f95
1119,1119,0,2073736572700000,ff,0,0,0f95,0283,0,0000,0f95,0,0f8d,0008,1,1,0,0,0000,0f95,0000,0000,0000,0000,0,0f95,0f95,0000,0,000,0f95,0f95
1120,1120,0,2073736572700000,ff,0,0,0f95,0283,0,0000,0f95,0,0f8d,0008,1,1,0,0,0000,0f95,0000,0000,0000,0000,0,0f95,0f95,0000,0,000,0f95,0f95
1121,1121,0,2073736572700000,ff,0,0,0f95,0283,0,0000,0f95,0,0f8d,0008,1,1,0,0,0000,0f95,0000,0000,0000,0000,0,0f95,0f95,0000,0,000,0f95,0f95
1122,1122,0,2073736572700000,ff,0,0,0f95,0283,0,0000,0f95,0,0f8d,0008,1,1,0,0,0000,0f95,0000,0000,0000,0000,0,0f95,0f95,0000,0,000,0f95,0f95
1123,1123,0,2073736572700000,ff,0,0,0f95,0283,0,0000,0f95,0,0f8d,0008,1,1,0,0,0000,0f95,0000,0000,0000,0000,0,0f95,0f95,0000,0,000,0f95,0f95
1124,1124,0,2073736572700000,ff,0,0,0f95,0283,0,0000,0f95,0,0f8d,0008,1,1,0,0,0000,0f95,0000,0000,0000,0000,0,0f95,0f95,0000,0,000,0f95,0f95
1125,1125,0,2073736572700000,ff,0,0,0f95,0283,0,0000,0f95,0,0f8d,0008,1,1,0,0,0000,0f95,0000,0000,0000,0000,0,0f95,0f95,0000,0,000,0f95,0f95
1126,1126,0,2073736572700000,ff,0,0,0f95,0283,0,0000,0f95,0,0f8d,0008,1,1,0,0,0000,0f95,0000,0000,0000,0000,0,0f95,0f95,0000,0,000,0f95,0f95
1127,1127,0,2073736572700000,ff,0,0,0f95,0283,0,0000,0f95,0,0f8d,0008,1,1,0,0,0000,0f95,0000,0000,0000,0000,0,0f95,0f95,0000,0,000,0f95,0f95
1128,1128,0,2073736572700000,ff,0,0,0f95,0283,0,0000,0f95,0,0f8d,0008,1,1,0,0,0000,0f95,0000,0000,0000,0000,0,0f95,0f95,0000,0,000,0f95,0f95
1129,1129,0,2073736572700000,ff,0,0,0f95,0283,0,0000,0f95,0,0f8d,0008,1,1,0,0,0000,0f95,0000,0000,0000,0000,0,0f95,0f95,0000,0,000,0f95,0f95
1130,1130,0,2073736572700000,ff,0,0,0f95,0283,0,0000,0f95,0,0f8d,0008,1,1,0,0,0000,0f95,0000,0000,0000,0000,0,0f95,0f95,0000,0,000,0f95,0f95
1131,1131,0,2073736572700000,ff,0,0,0f95,0283,0,0000,0f95,0,0f8d,0008,1,1,0,0,0000,0f95,0000,0000,0000,0000,0,0f95,0f95,0000,0,000,0f95,0f95
1132,1132,0,2073736572700000,ff,0,0,0f95,0283,0,0000,0f95,0,0f8d,0008,1,1,0,0,0000,0f95,0000,0000,0000,0000,0,0f95,0f95,0000,0,000,0f95,0f95
1133,1133,0,2073736572700000,ff,0,0,0f95,0283,0,0000,0f95,0,0f8d,0008,1,1,0,0,0000,0f95,0000,0000,0000,0000,0,0f95,0f95,0000,0,000,0f95,0f95
1134,1134,0,2073736572700000,ff,0,0,0f95,0283,0,0000,0f95,0,0f8d,0008,1,1,0,0,0000,0f95,0000,0000,0000,0000,0,0f95,0f95,0000,0,000,0f95,0f95
1135,1135,0,2073736572700000,ff,0,0,0f95,0283,0,0000,0f95,0,0f8d,0008,1,1,0,0,0000,0f95,0000,0000,0000,0000,0,0f95,0f95,0000,0,000,0f95,0f95
1136,1136,0,2073736572700000,ff,0,0,0f95,0283,0,0000,0f95,0,0f8d,0008,1,1,0,0,0000,0f95,0000,0000,0000,0000,0,0f95,0f95,0000,0,000,0f95,0f95
1137,1137,0,2073736572700000,ff,0,0,0f95,0283,0,0000,0f95,0,0f8d,0008,1,1,0,0,0000,0f95,0000,0000,0000,0000,0,0f95,0f95,0000,0,000,0f95,0f95
1138,1138,0,2073736572700000,ff,0,0,0f95,0283,0,0000,0f95,0,0f8d,0008,1,1,0,0,0000,0f95,0000,0000,0000,0000,0,0f95,0f95,0000,0,000,0f95,0f95
1139,1139,0,2073736572700000,ff,0,0,0f95,0283,0,0000,0f95,0,0f8d,0008,1,1,0,0,0000,0f95,0000,0000,0000,0000,0,0f95,0f95,0000,0,000,0f95,0f95
1140,1140,0,2073736572700000,ff,0,0,0f95,0283,0,0000,0f95,0,0f8d,0008,1,1,0,0,0000,0f95,0000,0000,0000,0000,0,0f95,0f95,0000,0,000,0f95,0f95
1141,1141,0,2073736572700000,ff,0,0,0f95,0283,0,0000,0f95,0,0f8d,0008,1,1,0,0,0000,0f95,0000,0000,0000,0000,0,0f95,0f95,0000,0,000,0f95,0f95
1142,1142,0,2073736572700000,ff,0,0,0f95,0283,0,0000,0f95,0,0f8d,0008,1,1,0,0,0000,0f95,0000,0000,0000,0000,0,0f95,0f95,0000,0,000,0f95,0f95
1143,1143,0,2073736572700000,ff,0,0,0f95,0283,0,0000,0f95,0,0f8d,0008,1,1,0,0,0000,0f95,0000,0000,0000,0000,0,0f95,0f95,0000,0,000,0f95,0f95
1144,1144,0,2073736572700000,ff,0,0,0f95,0283,0,0000,0f95,0,0f8d,0008,1,1,0,0,0000,0f95,0000,0000,0000,0000,0,0f95,0f95,0000,0,000,0f95,0f95
1145,1145,0,2073736572700000,ff,0,0,0f95,0283,0,0000,0f95,0,0f8d,0008,1,1,0,0,0000,0f95,0000,0000,0000,0000,0,0f95,0f95,0000,0,000,0f95,0f95
1146,1146,0,2073736572700000,ff,0,0,0f95,0283,0,0000,0f95,0,0f8d,0008,1,1,0,0,0000,0f95,0000,0000,0000,0000,0,0f95,0f95,0000,0,000,0f95,0f95
1147,1147,0,2073736572700000,ff,0,0,0f95,0283,0,0000,0f95,0,0f8d,0008,1,1,0,0,0000,0f95,0000,0000,0000,0000,0,0f95,0f95,0000,0,000,0f95,0f95
1148,1148,0,2073736572700000,ff,0,0,0f95,0283,0,0000,0f95,0,0f8d,0008,1,1,0,0,0000,0f95,0000,0000,0000,0000,0,0f95,0f95,0000,0,000,0f95,0f95
1149,1149,0,2073736572700000,ff,0,0,0f95,0283,0,0000,0f95,0,0f8d,0008,1,1,0,0,0000,0f95,0000,0000,0000,0000,0,0f95,0f95,0000,0,000,0f95,0f95
1150,1150,0,2073736572700000,ff,0,0,0f95,0283,0,0000,0f95,0,0f8d,0008,1,1,0,0,0000,0f95,0000,0000,0000,0000,0,0f95,0f95,0000,0,000,0f95,0f95
1151,1151,0,2073736572700000,ff,0,0,0f95,0283,0,0000,0f95,0,0f8d,0008,1,1,0,0,0000,0f95,0000,0000,0000,0000,0,0f95,0f95,0000,0,000,0f95,0f95
1152,1152,0,2073736572700000,ff,0,0,0f95,0283,0,0000,0f95,0,0f8d,0008,1,1,0,0,0000,0f95,0000,0000,0000,0000,0,0f95,0f95,0000,0,000,0f95,0f95
1153,1153,0,2073736572700000,ff,0,0,0f95,0283,0,0000,0f95,0,0f8d,0008,1,1,0,0,0000,0f95,0000,0000,0000,0000,0,0f95,0f95,0000,0,000,0f95,0f95
1154,1154,0,2073736572700000,ff,0,0,0f95,0283,0,0000,0f95,0,0f8d,0008,1,1,0,0,0000,0f95,0000,0000,0000,0000,0,0f95,0f95,0000,0,000,0f95,0f95
1155,1155,0,2073736572700000,ff,0,0,0f95,0283,0,0000,0f95,0,0f8d,0008,1,1,0,0,0000,0f95,0000,0000,0000,0000,0,0f95,0f95,0000,0,000,0f95,0f95
1156,1156,0,2073736572700000,ff,0,0,0f95,0283,0,0000,0f95,0,0f8d,0008,1,1,0,0,0000,0f95,0000,0000,0000,0000,0,0f95,0f95,0000,0,000,0f95,0f95
1157,1157,0,2073736572700000,ff,0,0,0f95,0283,0,0000,0f95,0,0f8d,0008,1,1,0,0,0000,0f95,0000,0000,0000,0000,0,0f95,0f95,0000,0,000,0f95,0f95
1158,1158,0,2073736572700000,ff,0,0,0f95,0283,0,0000,0f95,0,0f8d,0008,1,1,0,0,0000,0f95,0000,0000,0000,0000,0,0f95,0f95,0000,0,000,0f95,0f95
1159,1159,0,2073736572700000,ff,0,0,0f95,0283,0,0000,0f95,0,0f8d,0008,1,1,0,0,0000,0f95,0000,0000,0000,0000,0,0f95,0f95,0000,0,000,0f95,0f95
1160,1160,0,2073736572700000,ff,0,0,0f95,0283,0,0000,0f95,0,0f8d,0008,1,1,0,0,0000,0f95,0000,0000,0000,0000,0,0f95,0f95,0000,0,000,0f95,0f95
1161,1161,0,2073736572700000,ff,0,0,0f95,0283,0,0000,0f95,0,0f8d,0008,1,1,0,0,0000,0f95,0000,0000,0000,0000,0,0f95,0f95,0000,0,000,0f95,0f95
1162,1162,0,2073736572700000,ff,0,0,0f95,0283,0,0000,0f95,0,0f8d,0008,1,1,0,0,0000,0f95,0000,0000,0000,0000,0,0f95,0f95,0000,0,000,0f95,0f95
1163,1163,0,2073736572700000,ff,0,0,0f95,0283,0,0000,0f95,0,0f8d,0008,1,1,0,0,0000,0f95,0000,0000,0000,0000,0,0f95,0f95,0000,0,000,0f95,0f95
1164,1164,0,2073736572700000,ff,0,0,0f95,0283,0,0000,0f95,0,0f8d,0008,1,1,0,0,0000,0f95,0000,0000,0000,0000,0,0f95,0f95,0000,0,000,0f95,0f95
1165,1165,0,2073736572700000,ff,0,0,0f95,0283,0,0000,0f95,0,0f8d,0008,1,1,0,0,0000,0f95,0000,0000,0000,0000,0,0f95,0f95,0000,0,000,0f95,0f95
1166,1166,0,2073736572700000,ff,0,0,0f95,0283,0,0000,0f95,0,0f8d,0008,1,1,0,0,0000,0f95,0000,0000,0000,0000,0,0f95,0f95,0000,0,000,0f95,0f95
1167,1167,0,2073736572700000,ff,0,0,0f95,0283,0,0000,0f95,0,0f8d,0008,1,1,0,0,0000,0f95,0000,0000,0000,0000,0,0f95,0f95,0000,0,000,0f95,0f95
1168,1168,0,2073736572700000,ff,0,0,0f95,0283,0,0000,0f95,0,0f8d,0008,1,1,0,0,0000,0f95,0000,0000,0000,0000,0,0f95,0f95,0000,0,000,0f95,0f95
1169,1169,0,2073736572700000,ff,0,0,0f95,0283,0,0000,0f95,0,0f8d,0008,1,1,0,0,0000,0f95,0000,0000,0000,0000,0,0f95,0f95,0000,0,000,0f95,0f95
1170,1170,0,2073736572700000,ff,0,0,0f95,0283,0,0000,0f95,0,0f8d,0008,1,1,0,0,0000,0f95,0000,0000,0000,0000,0,0f95,0f95,0000,0,000,0f95,0f95
1171,1171,0,2073736572700000,ff,0,0,0f95,0283,0,0000,0f95,0,0f8d,0008,1,1,0,0,0000,0f95,0000,0000,0000,0000,0,0f95,0f95,0000,0,000,0f95,0f95
1172,1172,0,2073736572700000,ff,0,0,0f95,0283,0,0000,0f95,0,0f8d,0008,1,1,0,0,0000,0f95,0000,0000,0000,0000,0,0f95,0f95,0000,0,000,0f95,0f95
1173,1173,0,2073736572700000,ff,0,0,0f95,0283,0,0000,0f95,0,0f8d,0008,1,1,0,0,0000,0f95,0000,0000,0000,0000,0,0f95,0f95,0000,0,000,0f95,0f95
1174,1174,0,2073736572700000,ff,0,0,0f95,0283,0,0000,0f95,0,0f8d,0008,1,1,0,0,0000,0f95,0000,0000,0000,0000,0,0f95,0f95,0000,0,000,0f95,0f95
1175,1175,0,2073736572700000,ff,0,0,0f95,0283,0,0000,0f95,0,0f8d,0008,1,1,0,0,0000,0f95,0000,0000,0000,0000,0,0f95,0f95,0000,0,000,0f95,0f95
1176,1176,0,2073736572700000,ff,0,0,0f95,0283,0,0000,0f95,0,0f8d,0008,1,1,0,0,0000,0f95,0000,0000,0000,0000,0,0f95,0f95,0000,0,000,0f95,0f95
1177,1177,0,2073736572700000,ff,0,0,0f95,0283,0,0000,0f95,0,0f8d,0008,1,1,0,0,0000,0f95,0000,0000,0000,0000,0,0f95,0f95,0000,0,000,0f95,0f95
1178,1178,0,2073736572700000,ff,0,0,0f95,0283,0,0000,0f95,0,0f8d,0008,1,1,0,0,0000,0f95,0000,0000,0000,0000,0,0f95,0f95,0000,0,000,0f95,0f95
1179,1179,0,2073736572700000,ff,0,0,0f95,0283,0,0000,0f95,0,0f8d,0008,1,1,0,0,0000,0f95,0000,0000,0000,0000,0,0f95,0f95,0000,0,000,0f95,0f95
1180,1180,0,2073736572700000,ff,0,0,0f95,0283,0,0000,0f95,0,0f8d,0008,1,1,0,0,0000,0f95,0000,0000,0000,0000,0,0f95,0f95,0000,0,000,0f95,0f95
1181,1181,0,2073736572700000,ff,0,0,0f95,0283,0,0000,0f95,0,0f8d,0008,1,1,0,0,0000,0f95,0000,0000,0000,0000,0,0f95,0f95,0000,0,000,0f95,0f95
1182,1182,0,2073736572700000,ff,0,0,0f95,0283,0,0000,0f95,0,0f8d,0008,1,1,0,0,0000,0f95,0000,0000,0000,0000,0,0f95,0f95,0000,0,000,0f95,0f95
1183,1183,0,2073736572700000,ff,0,0,0f95,0283,0,0000,0f95,0,0f8d,0008,1,1,0,0,0000,0f95,0000,0000,0000,0000,0,0f95,0f95,0000,0,000,0f95,0f95
1184,1184,0,2073736572700000,ff,0,0,0f95,0283,0,0000,0f95,0,0f8d,0008,1,1,0,0,0000,0f95,0000,0000,0000,0000,0,0f95,0f95,0000,0,000,0f95,0f95
1185,1185,0,2073736572700000,ff,0,0,0f95,0283,0,0000,0f95,0,0f8d,0008,1,1,0,0,0000,0f95,0000,0000,0000,0000,0,0f95,0f95,0000,0,000,0f95,0f95
1186,1186,0,2073736572700000,ff,0,0,0f95,0283,0,0000,0f95,0,0f8d,0008,1,1,0,0,0000,0f95,0000,0000,0000,0000,0,0f95,0f95,0000,0,000,0f95,0f95
1187,1187,0,2073736572700000,ff,0,0,0f95,0283,0,0000,0f95,0,0f8d,0008,1,1,0,0,0000,0f95,0000,0000,0000,0000,0,0f95,0f95,0000,0,000,0f95,0f95
1188,1188,0,2073736572700000,ff,0,0,0f95,0283,0,0000,0f95,0,0f8d,0008,1,1,0,0,0000,0f95,0000,0000,0000,0000,0,0f95,0f95,0000,0,000,0f95,0f95
1189,1189,0,2073736572700000,ff,0,0,0f95,0283,0,0000,0f95,0,0f8d,0008,1,1,0,0,0000,0f95,0000,0000,0000,0000,0,0f95,0f95,0000,0,000,0f95,0f95
1190,1190,0,2073736572700000,ff,0,0,0f95,0283,0,0000,0f95,0,0f8d,0008,1,1,0,0,0000,0f95,0000,0000,0000,0000,0,0f95,0f95,0000,0,000,0f95,0f95
1191,1191,0,2073736572700000,ff,0,0,0f95,0283,0,0000,0f95,0,0f8d,0008,1,1,0,0,0000,0f95,0000,0000,0000,0000,0,0f95,0f95,0000,0,000,0f95,0f95
1192,1192,0,2073736572700000,ff,0,0,0f95,0283,0,0000,0f95,0,0f8d,0008,1,1,0,0,0000,0f95,0000,0000,0000,0000,0,0f95,0f95,0000,0,000,0f95,0f95
1193,1193,0,2073736572700000,ff,0,0,0f95,0283,0,0000,0f95,0,0f8d,0008,1,1,0,0,0000,0f95,0000,0000,0000,0000,0,0f95,0f95,0000,0,000,0f95,0f95
1194,1194,0,2073736572700000,ff,0,0,0f95,0283,0,0000,0f95,0,0f8d,0008,1,1,0,0,0000,0f95,0000,0000,0000,0000,0,0f95,0f95,0000,0,000,0f95,0f95
1195,1195,0,2073736572700000,ff,0,0,0f95,0283,0,0000,0f95,0,0f8d,0008,1,1,0,0,0000,0f95,0000,0000,0000,0000,0,0f95,0f95,0000,0,000,0f95,0f95
1196,1196,0,2073736572700000,ff,0,0,0f95,0283,0,0000,0f95,0,0f8d,0008,1,1,0,0,0000,0f95,0000,0000,0000,0000,0,0f95,0f95,0000,0,000,0f95,0f95
1197,1197,0,2073736572700000,ff,0,0,0f95,0283,0,0000,0f95,0,0f8d,0008,1,1,0,0,0000,0f95,0000,0000,0000,0000,0,0f95,0f95,0000,0,000,0f95,0f95
1198,1198,0,2073736572700000,ff,0,0,0f95,0283,0,0000,0f95,0,0f8d,0008,1,1,0,0,0000,0f95,0000,0000,0000,0000,0,0f95,0f95,0000,0,000,0f95,0f95
1199,1199,0,2073736572700000,ff,0,0,0f95,0283,0,0000,0f95,0,0f8d,0008,1,1,0,0,0000,0f95,0000,0000,0000,0000,0,0f95,0f95,0000,0,000,0f95,0f95
1200,1200,0,2073736572700000,ff,0,0,0f95,0283,0,0000,0f95,0,0f8d,0008,1,1,0,0,0000,0f95,0000,0000,0000,0000,0,0f95,0f95,0000,0,000,0f95,0f95
1201,1201,0,2073736572700000,ff,0,0,0f95,0283,0,0000,0f95,0,0f8d,0008,1,1,0,0,0000,0f95,0000,0000,0000,0000,0,0f95,0f95,0000,0,000,0f95,0f95
1202,1202,0,2073736572700000,ff,0,0,0f95,0283,0,0000,0f95,0,0f8d,0008,1,1,0,0,0000,0f95,0000,0000,0000,0000,0,0f95,0f95,0000,0,000,0f95,0f95
1203,1203,0,2073736572700000,ff,0,0,0f95,0283,0,0000,0f95,0,0f8d,0008,1,1,0,0,0000,0f95,0000,0000,0000,0000,0,0f95,0f95,0000,0,000,0f95,0f95
1204,1204,0,2073736572700000,ff,0,0,0f95,0283,0,0000,0f95,0,0f8d,0008,1,1,0,0,0000,0f95,0000,0000,0000,0000,0,0f95,0f95,0000,0,000,0f95,0f95
1205,1205,0,2073736572700000,ff,0,0,0f95,0283,0,0000,0f95,0,0f8d,0008,1,1,0,0,0000,0f95,0000,0000,0000,0000,0,0f95,0f95,0000,0,000,0f95,0f95
1206,1206,0,2073736572700000,ff,0,0,0f95,0283,0,0000,0f95,0,0f8d,0008,1,1,0,0,0000,0f95,0000,0000,0000,0000,0,0f95,0f95,0000,0,000,0f95,0f95
1207,1207,0,2073736572700000,ff,0,0,0f95,0283,0,0000,0f95,0,0f8d,0008,1,1,0,0,0000,0f95,0000,0000,0000,0000,0,0f95,0f95,0000,0,000,0f95,0f95
1208,1208,0,2073736572700000,ff,0,0,0f95,0283,0,0000,0f95,0,0f8d,0008,1,1,0,0,0000,0f95,0000,0000,0000,0000,0,0f95,0f95,0000,0,000,0f95,0f95
1209,1209,0,2073736572700000,ff,0,0,0f95,0283,0,0000,0f95,0,0f8d,0008,1,1,0,0,0000,0f95,0000,0000,0000,0000,0,0f95,0f95,0000,0,000,0f95,0f95
1210,1210,0,2073736572700000,ff,0,0,0f95,0283,0,0000,0f95,0,0f8d,0008,1,1,0,0,0000,0f95,0000,0000,0000,0000,0,0f95,0f95,0000,0,000,0f95,0f95
1211,1211,0,2073736572700000,ff,0,0,0f95,0283,0,0000,0f95,0,0f8d,0008,1,1,0,0,0000,0f95,0000,0000,0000,0000,0,0f95,0f95,0000,0,000,0f95,0f95
1212,1212,0,2073736572700000,ff,0,0,0f95,0283,0,0000,0f95,0,0f8d,0008,1,1,0,0,0000,0f95,0000,0000,0000,0000,0,0f95,0f95,0000,0,000,0f95,0f95
1213,1213,0,2073736572700000,ff,0,0,0f95,0283,0,0000,0f95,0,0f8d,0008,1,1,0,0,0000,0f95,0000,0000,0000,0000,0,0f95,0f95,0000,0,000,0f95,0f95
1214,1214,0,2073736572700000,ff,0,0,0f95,0283,0,0000,0f95,0,0f8d,0008,1,1,0,0,0000,0f95,0000,0000,0000,0000,0,0f95,0f95,0000,0,000,0f95,0f95
1215,1215,0,2073736572700000,ff,0,0,0f95,0283,0,0000,0f95,0,0f8d,0008,1,1,0,0,0000,0f95,0000,0000,0000,0000,0,0f95,0f95,0000,0,000,0f95,0f95
1216,1216,0,2073736572700000,ff,0,0,0f95,0283,0,0000,0f95,0,0f8d,0008,1,1,0,0,0000,0f95,0000,0000,0000,0000,0,0f95,0f95,0000,0,000,0f95,0f95
1217,1217,0,2073736572700000,ff,0,0,0f95,0283,0,0000,0f95,0,0f8d,0008,1,1,0,0,0000,0f95,0000,0000,0000,0000,0,0f95,0f95,0000,0,000,0f95,0f95
1218,1218,0,2073736572700000,ff,0,0,0f95,0283,0,0000,0f95,0,0f8d,0008,1,1,0,0,0000,0f95,0000,0000,0000,0000,0,0f95,0f95,0000,0,000,0f95,0f95
1219,1219,0,2073736572700000,ff,0,0,0f95,0283,0,0000,0f95,0,0f8d,0008,1,1,0,0,0000,0f95,0000,0000,0000,0000,0,0f95,0f95,0000,0,000,0f95,0f95
1220,1220,0,2073736572700000,ff,0,0,0f95,0283,0,0000,0f95,0,0f8d,0008,1,1,0,0,0000,0f95,0000,0000,0000,0000,0,0f95,0f95,0000,0,000,0f95,0f95
1221,1221,0,2073736572700000,ff,0,0,0f95,0283,0,0000,0f95,0,0f8d,0008,1,1,0,0,0000,0f95,0000,0000,0000,0000,0,0f95,0f95,0000,0,000,0f95,0f95
1222,1222,0,2073736572700000,ff,0,0,0f95,0283,0,0000,0f95,0,0f8d,0008,1,1,0,0,0000,0f95,0000,0000,0000,0000,0,0f95,0f95,0000,0,000,0f95,0f95
1223,1223,0,2073736572700000,ff,0,0,0f95,0283,0,0000,0f95,0,0f8d,0008,1,1,0,0,0000,0f95,0000,0000,0000,0000,0,0f95,0f95,0000,0,000,0f95,0f95
1224,1224,0,2073736572700000,ff,0,0,0f95,0283,0,0000,0f95,0,0f8d,0008,1,1,0,0,0000,0f95,0000,0000,0000,0000,0,0f95,0f95,0000,0,000,0f95,0f95
1225,1225,0,2073736572700000,ff,0,0,0f95,0283,0,0000,0f95,0,0f8d,0008,1,1,0,0,0000,0f95,0000,0000,0000,0000,0,0f95,0f95,0000,0,000,0f95,0f95
1226,1226,0,2073736572700000,ff,0,0,0f95,0283,0,0000,0f95,0,0f8d,0008,1,1,0,0,0000,0f95,0000,0000,0000,0000,0,0f95,0f95,0000,0,000,0f95,0f95
1227,1227,0,2073736572700000,ff,0,0,0f95,0283,0,0000,0f95,0,0f8d,0008,1,1,0,0,0000,0f95,0000,0000,0000,0000,0,0f95,0f95,0000,0,000,0f95,0f95
1228,1228,0,2073736572700000,ff,0,0,0f95,0283,0,0000,0f95,0,0f8d,0008,1,1,0,0,0000,0f95,0000,0000,0000,0000,0,0f95,0f95,0000,0,000,0f95,0f95
1229,1229,0,2073736572700000,ff,0,0,0f95,0283,0,0000,0f95,0,0f8d,0008,1,1,0,0,0000,0f95,0000,0000,0000,0000,0,0f95,0f95,0000,0,000,0f95,0f95
1230,1230,0,2073736572700000,ff,0,0,0f95,0283,0,0000,0f95,0,0f8d,0008,1,1,0,0,0000,0f95,0000,0000,0000,0000,0,0f95,0f95,0000,0,000,0f95,0f95
1231,1231,0,2073736572700000,ff,0,0,0f95,0283,0,0000,0f95,0,0f8d,0008,1,1,0,0,0000,0f95,0000,0000,0000,0000,0,0f95,0f95,0000,0,000,0f95,0f95
1232,1232,0,2073736572700000,ff,0,0,0f95,0283,0,0000,0f95,0,0f8d,0008,1,1,0,0,0000,0f95,0000,0000,0000,0000,0,0f95,0f95,0000,0,000,0f95,0f95
1233,1233,0,2073736572700000,ff,0,0,0f95,0283,0,0000,0f95,0,0f8d,0008,1,1,0,0,0000,0f95,0000,0000,0000,0000,0,0f95,0f95,0000,0,000,0f95,0f95
1234,1234,0,2073736572700000,ff,0,0,0f95,0283,0,0000,0f95,0,0f8d,0008,1,1,0,0,0000,0f95,0000,0000,0000,0000,0,0f95,0f95,0000,0,000,0f95,0f95
1235,1235,0,2073736572700000,ff,0,0,0f95,0283,0,0000,0f95,0,0f8d,0008,1,1,0,0,0000,0f95,0000,0000,0000,0000,0,0f95,0f95,0000,0,000,0f95,0f95
1236,1236,0,2073736572700000,ff,0,0,0f95,0283,0,0000,0f95,0,0f8d,0008,1,1,0,0,0000,0f95,0000,0000,0000,0000,0,0f95,0f95,0000,0,000,0f95,0f95
1237,1237,0,2073736572700000,ff,0,0,0f95,0283,0,0000,0f95,0,0f8d,0008,1,1,0,0,0000,0f95,0000,0000,0000,0000,0,0f95,0f95,0000,0,000,0f95,0f95
1238,1238,0,2073736572700000,ff,0,0,0f95,0283,0,0000,0f95,0,0f8d,0008,1,1,0,0,0000,0f95,0000,0000,0000,0000,0,0f95,0f95,0000,0,000,0f95,0f95
1239,1239,0,2073736572700000,ff,0,0,0f95,0283,0,0000,0f95,0,0f8d,0008,1,1,0,0,0000,0f95,0000,0000,0000,0000,0,0f95,0f95,0000,0,000,0f95,0f95
1240,1240,0,2073736572700000,ff,0,0,0f95,0283,0,0000,0f95,0,0f8d,0008,1,1,0,0,0000,0f95,0000,0000,0000,0000,0,0f95,0f95,0000,0,000,0f95,0f95
1241,1241,0,2073736572700000,ff,0,0,0f95,0283,0,0000,0f95,0,0f8d,0008,1,1,0,0,0000,0f95,0000,0000,0000,0000,0,0f95,0f95,0000,0,000,0f95,0f95
1242,1242,0,2073736572700000,ff,0,0,0f95,0283,0,0000,0f95,0,0f8d,0008,1,1,0,0,0000,0f95,0000,0000,0000,0000,0,0f95,0f95,0000,0,000,0f95,0f95
1243,1243,0,2073736572700000,ff,0,0,0f95,0283,0,0000,0f95,0,0f8d,0008,1,1,0,0,0000,0f95,0000,0000,0000,0000,0,0f95,0f95,0000,0,000,0f95,0f95
1244,1244,0,2073736572700000,ff,0,0,0f95,0283,0,0000,0f95,0,0f8d,0008,1,1,0,0,0000,0f95,0000,0000,0000,0000,0,0f95,0f95,0000,0,000,0f95,0f95
1245,1245,0,2073736572700000,ff,0,0,0f95,0283,0,0000,0f95,0,0f8d,0008,1,1,0,0,0000,0f95,0000,0000,0000,0000,0,0f95,0f95,0000,0,000,0f95,0f95
1246,1246,0,2073736572700000,ff,0,0,0f95,0283,0,0000,0f95,0,0f8d,0008,1,1,0,0,0000,0f95,0000,0000,0000,0000,0,0f95,0f95,0000,0,000,0f95,0f95
1247,1247,0,2073736572700000,ff,0,0,0f95,0283,0,0000,0f95,0,0f8d,0008,1,1,0,0,0000,0f95,0000,0000,0000,0000,0,0f95,0f95,0000,0,000,0f95,0f95
1248,1248,0,2073736572700000,ff,0,0,0f95,0283,0,0000,0f95,0,0f8d,0008,1,1,0,0,0000,0f95,0000,0000,0000,0000,0,0f95,0f95,0000,0,000,0f95,0f95
1249,1249,0,2073736572700000,ff,0,0,0f95,0283,0,0000,0f95,0,0f8d,0008,1,1,0,0,0000,0f95,0000,0000,0000,0000,0,0f95,0f95,0000,0,000,0f95,0f95
1250,1250,0,2073736572700000,ff,0,0,0f95,0283,0,0000,0f95,0,0f8d,0008,1,1,0,0,0000,0f95,0000,0000,0000,0000,0,0f95,0f95,0000,0,000,0f95,0f95
1251,1251,0,2073736572700000,ff,0,0,0f95,0283,0,0000,0f95,0,0f8d,0008,1,1,0,0,0000,0f95,0000,0000,0000,0000,0,0f95,0f95,0000,0,000,0f95,0f95
1252,1252,0,2073736572700000,ff,0,0,0f95,0283,0,0000,0f95,0,0f8d,0008,1,1,0,0,0000,0f95,0000,0000,0000,0000,0,0f95,0f95,0000,0,000,0f95,0f95
1253,1253,0,2073736572700000,ff,0,0,0f95,0283,0,0000,0f95,0,0f8d,0008,1,1,0,0,0000,0f95,0000,0000,0000,0000,0,0f95,0f95,0000,0,000,0f95,0f95
1254,1254,0,2073736572700000,ff,0,0,0f95,0283,0,0000,0f95,0,0f8d,0008,1,1,0,0,0000,0f95,0000,0000,0000,0000,0,0f95,0f95,0000,0,000,0f95,0f95
1255,1255,0,2073736572700000,ff,0,0,0f95,0283,0,0000,0f95,0,0f8d,0008,1,1,0,0,0000,0f95,0000,0000,0000,0000,0,0f95,0f95,0000,0,000,0f95,0f95
1256,1256,0,2073736572700000,ff,0,0,0f95,0283,0,0000,0f95,0,0f8d,0008,1,1,0,0,0000,0f95,0000,0000,0000,0000,0,0f95,0f95,0000,0,000,0f95,0f95
1257,1257,0,2073736572700000,ff,0,0,0f95,0283,0,0000,0f95,0,0f8d,0008,1,1,0,0,0000,0f95,0000,0000,0000,0000,0,0f95,0f95,0000,0,000,0f95,0f95
1258,1258,0,2073736572700000,ff,0,0,0f95,0283,0,0000,0f95,0,0f8d,0008,1,1,0,0,0000,0f95,0000,0000,0000,0000,0,0f95,0f95,0000,0,000,0f95,0f95
1259,1259,0,2073736572700000,ff,0,0,0f95,0283,0,0000,0f95,0,0f8d,0008,1,1,0,0,0000,0f95,0000,0000,0000,0000,0,0f95,0f95,0000,0,000,0f95,0f95
1260,1260,0,2073736572700000,ff,0,0,0f95,0283,0,0000,0f95,0,0f8d,0008,1,1,0,0,0000,0f95,0000,0000,0000,0000,0,0f95,0f95,0000,0,000,0f95,0f95
1261,1261,0,2073736572700000,ff,0,0,0f95,0283,0,0000,0f95,0,0f8d,0008,1,1,0,0,0000,0f95,0000,0000,0000,0000,0,0f95,0f95,0000,0,000,0f95,0f95
1262,1262,0,2073736572700000,ff,0,0,0f95,0283,0,0000,0f95,0,0f8d,0008,1,1,0,0,0000,0f95,0000,0000,0000,0000,0,0f95,0f95,0000,0,000,0f95,0f95
1263,1263,0,2073736572700000,ff,0,0,0f95,0283,0,0000,0f95,0,0f8d,0008,1,1,0,0,0000,0f95,0000,0000,0000,0000,0,0f95,0f95,0000,0,000,0f95,0f95
1264,1264,0,2073736572700000,ff,0,0,0f95,0283,0,0000,0f95,0,0f8d,0008,1,1,0,0,0000,0f95,0000,0000,0000,0000,0,0f95,0f95,0000,0,000,0f95,0f95
1265,1265,0,2073736572700000,ff,0,0,0f95,0283,0,0000,0f95,0,0f8d,0008,1,1,0,0,0000,0f95,0000,0000,0000,0000,0,0f95,0f95,0000,0,000,0f95,0f95
1266,1266,0,2073736572700000,ff,0,0,0f95,0283,0,0000,0f95,0,0f8d,0008,1,1,0,0,0000,0f95,0000,0000,0000,0000,0,0f95,0f95,0000,0,000,0f95,0f95
1267,1267,0,2073736572700000,ff,0,0,0f95,0283,0,0000,0f95,0,0f8d,0008,1,1,0,0,0000,0f95,0000,0000,0000,0000,0,0f95,0f95,0000,0,000,0f95,0f95
1268,1268,0,2073736572700000,ff,0,0,0f95,0283,0,0000,0f95,0,0f8d,0008,1,1,0,0,0000,0f95,0000,0000,0000,0000,0,0f95,0f95,0000,0,000,0f95,0f95
1269,1269,0,2073736572700000,ff,0,0,0f95,0283,0,0000,0f95,0,0f8d,0008,1,1,0,0,0000,0f95,0000,0000,0000,0000,0,0f95,0f95,0000,0,000,0f95,0f95
1270,1270,0,2073736572700000,ff,0,0,0f95,0283,0,0000,0f95,0,0f8d,0008,1,1,0,0,0000,0f95,0000,0000,0000,0000,0,0f95,0f95,0000,0,000,0f95,0f95
1271,1271,0,2073736572700000,ff,0,0,0f95,0283,0,0000,0f95,0,0f8d,0008,1,1,0,0,0000,0f95,0000,0000,0000,0000,0,0f95,0f95,0000,0,000,0f95,0f95
1272,1272,0,2073736572700000,ff,0,0,0f95,0283,0,0000,0f95,0,0f8d,0008,1,1,0,0,0000,0f95,0000,0000,0000,0000,0,0f95,0f95,0000,0,000,0f95,0f95
1273,1273,0,2073736572700000,ff,0,0,0f95,0283,0,0000,0f95,0,0f8d,0008,1,1,0,0,0000,0f95,0000,0000,0000,0000,0,0f95,0f95,0000,0,000,0f95,0f95
1274,1274,0,2073736572700000,ff,0,0,0f95,0283,0,0000,0f95,0,0f8d,0008,1,1,0,0,0000,0f95,0000,0000,0000,0000,0,0f95,0f95,0000,0,000,0f95,0f95
1275,1275,0,2073736572700000,ff,0,0,0f95,0283,0,0000,0f95,0,0f8d,0008,1,1,0,0,0000,0f95,0000,0000,0000,0000,0,0f95,0f95,0000,0,000,0f95,0f95
1276,1276,0,2073736572700000,ff,0,0,0f95,0283,0,0000,0f95,0,0f8d,0008,1,1,0,0,0000,0f95,0000,0000,0000,0000,0,0f95,0f95,0000,0,000,0f95,0f95
1277,1277,0,2073736572700000,ff,0,0,0f95,0283,0,0000,0f95,0,0f8d,0008,1,1,0,0,0000,0f95,0000,0000,0000,0000,0,0f95,0f95,0000,0,000,0f95,0f95
1278,1278,0,2073736572700000,ff,0,0,0f95,0283,0,0000,0f95,0,0f8d,0008,1,1,0,0,0000,0f95,0000,0000,0000,0000,0,0f95,0f95,0000,0,000,0f95,0f95
1279,1279,0,2073736572700000,ff,0,0,0f95,0283,0,0000,0f95,0,0f8d,0008,1,1,0,0,0000,0f95,0000,0000,0000,0000,0,0f95,0f95,0000,0,000,0f95,0f95
1280,1280,0,2073736572700000,ff,0,0,0f95,0283,0,0000,0f95,0,0f8d,0008,1,1,0,0,0000,0f95,0000,0000,0000,0000,0,0f95,0f95,0000,0,000,0f95,0f95
1281,1281,0,2073736572700000,ff,0,0,0f95,0283,0,0000,0f95,0,0f8d,0008,1,1,0,0,0000,0f95,0000,0000,0000,0000,0,0f95,0f95,0000,0,000,0f95,0f95
1282,1282,0,2073736572700000,ff,0,0,0f95,0283,0,0000,0f95,0,0f8d,0008,1,1,0,0,0000,0f95,0000,0000,0000,0000,0,0f95,0f95,0000,0,000,0f95,0f95
1283,1283,0,2073736572700000,ff,0,0,0f95,0283,0,0000,0f95,0,0f8d,0008,1,1,0,0,0000,0f95,0000,0000,0000,0000,0,0f95,0f95,0000,0,000,0f95,0f95
1284,1284,0,2073736572700000,ff,0,0,0f95,0283,0,0000,0f95,0,0f8d,0008,1,1,0,0,0000,0f95,0000,0000,0000,0000,0,0f95,0f95,0000,0,000,0f95,0f95
1285,1285,0,2073736572700000,ff,0,0,0f95,0283,0,0000,0f95,0,0f8d,0008,1,1,0,0,0000,0f95,0000,0000,0000,0000,0,0f95,0f95,0000,0,000,0f95,0f95
1286,1286,0,2073736572700000,ff,0,0,0f95,0283,0,0000,0f95,0,0f8d,0008,1,1,0,0,0000,0f95,0000,0000,0000,0000,0,0f95,0f95,0000,0,000,0f95,0f95
1287,1287,0,2073736572700000,ff,0,0,0f95,0283,0,0000,0f95,0,0f8d,0008,1,1,0,0,0000,0f95,0000,0000,0000,0000,0,0f95,0f95,0000,0,000,0f95,0f95
1288,1288,0,2073736572700000,ff,0,0,0f95,0283,0,0000,0f95,0,0f8d,0008,1,1,0,0,0000,0f95,0000,0000,0000,0000,0,0f95,0f95,0000,0,000,0f95,0f95
1289,1289,0,2073736572700000,ff,0,0,0f95,0283,0,0000,0f95,0,0f8d,0008,1,1,0,0,0000,0f95,0000,0000,0000,0000,0,0f95,0f95,0000,0,000,0f95,0f95
1290,1290,0,2073736572700000,ff,0,0,0f95,0283,0,0000,0f95,0,0f8d,0008,1,1,0,0,0000,0f95,0000,0000,0000,0000,0,0f95,0f95,0000,0,000,0f95,0f95
1291,1291,0,2073736572700000,ff,0,0,0f95,0283,0,0000,0f95,0,0f8d,0008,1,1,0,0,0000,0f95,0000,0000,0000,0000,0,0f95,0f95,0000,0,000,0f95,0f95
1292,1292,0,2073736572700000,ff,0,0,0f95,0283,0,0000,0f95,0,0f8d,0008,1,1,0,0,0000,0f95,0000,0000,0000,0000,0,0f95,0f95,0000,0,000,0f95,0f95
1293,1293,0,2073736572700000,ff,0,0,0f95,0283,0,0000,0f95,0,0f8d,0008,1,1,0,0,0000,0f95,0000,0000,0000,0000,0,0f95,0f95,0000,0,000,0f95,0f95
1294,1294,0,2073736572700000,ff,0,0,0f95,0283,0,0000,0f95,0,0f8d,0008,1,1,0,0,0000,0f95,0000,0000,0000,0000,0,0f95,0f95,0000,0,000,0f95,0f95
1295,1295,0,2073736572700000,ff,0,0,0f95,0283,0,0000,0f95,0,0f8d,0008,1,1,0,0,0000,0f95,0000,0000,0000,0000,0,0f95,0f95,0000,0,000,0f95,0f95
1296,1296,0,2073736572700000,ff,0,0,0f95,0283,0,0000,0f95,0,0f8d,0008,1,1,0,0,0000,0f95,0000,0000,0000,0000,0,0f95,0f95,0000,0,000,0f95,0f95
1297,1297,0,2073736572700000,ff,0,0,0f95,0283,0,0000,0f95,0,0f8d,0008,1,1,0,0,0000,0f95,0000,0000,0000,0000,0,0f95,0f95,0000,0,000,0f95,0f95
1298,1298,0,2073736572700000,ff,0,0,0f95,0283,0,0000,0f95,0,0f8d,0008,1,1,0,0,0000,0f95,0000,0000,0000,0000,0,0f95,0f95,0000,0,000,0f95,0f95
1299,1299,0,2073736572700000,ff,0,0,0f95,0283,0,0000,0f95,0,0f8d,0008,1,1,0,0,0000,0f95,0000,0000,0000,0000,0,0f95,0f95,0000,0,000,0f95,0f95
1300,1300,0,2073736572700000,ff,0,0,0f95,0283,0,0000,0f95,0,0f8d,0008,1,1,0,0,0000,0f95,0000,0000,0000,0000,0,0f95,0f95,0000,0,000,0f95,0f95
1301,1301,0,2073736572700000,ff,0,0,0f95,0283,0,0000,0f95,0,0f8d,0008,1,1,0,0,0000,0f95,0000,0000,0000,0000,0,0f95,0f95,0000,0,000,0f95,0f95
1302,1302,0,2073736572700000,ff,0,0,0f95,0283,0,0000,0f95,0,0f8d,0008,1,1,0,0,0000,0f95,0000,0000,0000,0000,0,0f95,0f95,0000,0,000,0f95,0f95
1303,1303,0,2073736572700000,ff,0,0,0f95,0283,0,0000,0f95,0,0f8d,0008,1,1,0,0,0000,0f95,0000,0000,0000,0000,0,0f95,0f95,0000,0,000,0f95,0f95
1304,1304,0,2073736572700000,ff,0,0,0f95,0283,0,0000,0f95,0,0f8d,0008,1,1,0,0,0000,0f95,0000,0000,0000,0000,0,0f95,0f95,0000,0,000,0f95,0f95
1305,1305,0,2073736572700000,ff,0,0,0f95,0283,0,0000,0f95,0,0f8d,0008,1,1,0,0,0000,0f95,0000,0000,0000,0000,0,0f95,0f95,0000,0,000,0f95,0f95
1306,1306,0,2073736572700000,ff,0,0,0f95,0283,0,0000,0f95,0,0f8d,0008,1,1,0,0,0000,0f95,0000,0000,0000,0000,0,0f95,0f95,0000,0,000,0f95,0f95
1307,1307,0,2073736572700000,ff,0,0,0f95,0283,0,0000,0f95,0,0f8d,0008,1,1,0,0,0000,0f95,0000,0000,0000,0000,0,0f95,0f95,0000,0,000,0f95,0f95
1308,1308,0,2073736572700000,ff,0,0,0f95,0283,0,0000,0f95,0,0f8d,0008,1,1,0,0,0000,0f95,0000,0000,0000,0000,0,0f95,0f95,0000,0,000,0f95,0f95
1309,1309,0,2073736572700000,ff,0,0,0f95,0283,0,0000,0f95,0,0f8d,0008,1,1,0,0,0000,0f95,0000,0000,0000,0000,0,0f95,0f95,0000,0,000,0f95,0f95
1310,1310,0,2073736572700000,ff,0,0,0f95,0283,0,0000,0f95,0,0f8d,0008,1,1,0,0,0000,0f95,0000,0000,0000,0000,0,0f95,0f95,0000,0,000,0f95,0f95
1311,1311,0,2073736572700000,ff,0,0,0f95,0283,0,0000,0f95,0,0f8d,0008,1,1,0,0,0000,0f95,0000,0000,0000,0000,0,0f95,0f95,0000,0,000,0f95,0f95
1312,1312,0,2073736572700000,ff,0,0,0f95,0283,0,0000,0f95,0,0f8d,0008,1,1,0,0,0000,0f95,0000,0000,0000,0000,0,0f95,0f95,0000,0,000,0f95,0f95
1313,1313,0,2073736572700000,ff,0,0,0f95,0283,0,0000,0f95,0,0f8d,0008,1,1,0,0,0000,0f95,0000,0000,0000,0000,0,0f95,0f95,0000,0,000,0f95,0f95
1314,1314,0,2073736572700000,ff,0,0,0f95,0283,0,0000,0f95,0,0f8d,0008,1,1,0,0,0000,0f95,0000,0000,0000,0000,0,0f95,0f95,0000,0,000,0f95,0f95
1315,1315,0,2073736572700000,ff,0,0,0f95,0283,0,0000,0f95,0,0f8d,0008,1,1,0,0,0000,0f95,0000,0000,0000,0000,0,0f95,0f95,0000,0,000,0f95,0f95
1316,1316,0,2073736572700000,ff,0,0,0f95,0283,0,0000,0f95,0,0f8d,0008,1,1,0,0,0000,0f95,0000,0000,0000,0000,0,0f95,0f95,0000,0,000,0f95,0f95
1317,1317,0,2073736572700000,ff,0,0,0f95,0283,0,0000,0f95,0,0f8d,0008,1,1,0,0,0000,0f95,0000,0000,0000,0000,0,0f95,0f95,0000,0,000,0f95,0f95
1318,1318,0,2073736572700000,ff,0,0,0f95,0283,0,0000,0f95,0,0f8d,0008,1,1,0,0,0000,0f95,0000,0000,0000,0000,0,0f95,0f95,0000,0,000,0f95,0f95
1319,1319,0,2073736572700000,ff,0,0,0f95,0283,0,0000,0f95,0,0f8d,0008,1,1,0,0,0000,0f95,0000,0000,0000,0000,0,0f95,0f95,0000,0,000,0f95,0f95
1320,1320,0,2073736572700000,ff,0,0,0f95,0283,0,0000,0f95,0,0f8d,0008,1,1,0,0,0000,0f95,0000,0000,0000,0000,0,0f95,0f95,0000,0,000,0f95,0f95
1321,1321,0,2073736572700000,ff,0,0,0f95,0283,0,0000,0f95,0,0f8d,0008,1,1,0,0,0000,0f95,0000,0000,0000,0000,0,0f95,0f95,0000,0,000,0f95,0f95
1322,1322,0,2073736572700000,ff,0,0,0f95,0283,0,0000,0f95,0,0f8d,0008,1,1,0,0,0000,0f95,0000,0000,0000,0000,0,0f95,0f95,0000,0,000,0f95,0f95
1323,1323,0,2073736572700000,ff,0,0,0f95,0283,0,0000,0f95,0,0f8d,0008,1,1,0,0,0000,0f95,0000,0000,0000,0000,0,0f95,0f95,0000,0,000,0f95,0f95
1324,1324,0,2073736572700000,ff,0,0,0f95,0283,0,0000,0f95,0,0f8d,0008,1,1,0,0,0000,0f95,0000,0000,0000,0000,0,0f95,0f95,0000,0,000,0f95,0f95
1325,1325,0,2073736572700000,ff,0,0,0f95,0283,0,0000,0f95,0,0f8d,0008,1,1,0,0,0000,0f95,0000,0000,0000,0000,0,0f95,0f95,0000,0,000,0f95,0f95
1326,1326,0,2073736572700000,ff,0,0,0f95,0283,0,0000,0f95,0,0f8d,0008,1,1,0,0,0000,0f95,0000,0000,0000,0000,0,0f95,0f95,0000,0,000,0f95,0f95
1327,1327,0,2073736572700000,ff,0,0,0f95,0283,0,0000,0f95,0,0f8d,0008,1,1,0,0,0000,0f95,0000,0000,0000,0000,0,0f95,0f95,0000,0,000,0f95,0f95
1328,1328,0,2073736572700000,ff,0,0,0f95,0283,0,0000,0f95,0,0f8d,0008,1,1,0,0,0000,0f95,0000,0000,0000,0000,0,0f95,0f95,0000,0,000,0f95,0f95
1329,1329,0,2073736572700000,ff,0,0,0f95,0283,0,0000,0f95,0,0f8d,0008,1,1,0,0,0000,0f95,0000,0000,0000,0000,0,0f95,0f95,0000,0,000,0f95,0f95
1330,1330,0,2073736572700000,ff,0,0,0f95,0283,0,0000,0f95,0,0f8d,0008,1,1,0,0,0000,0f95,0000,0000,0000,0000,0,0f95,0f95,0000,0,000,0f95,0f95
1331,1331,0,2073736572700000,ff,0,0,0f95,0283,0,0000,0f95,0,0f8d,0008,1,1,0,0,0000,0f95,0000,0000,0000,0000,0,0f95,0f95,0000,0,000,0f95,0f95
1332,1332,0,2073736572700000,ff,0,0,0f95,0283,0,0000,0f95,0,0f8d,0008,1,1,0,0,0000,0f95,0000,0000,0000,0000,0,0f95,0f95,0000,0,000,0f95,0f95
1333,1333,0,2073736572700000,ff,0,0,0f95,0283,0,0000,0f95,0,0f8d,0008,1,1,0,0,0000,0f95,0000,0000,0000,0000,0,0f95,0f95,0000,0,000,0f95,0f95
1334,1334,0,2073736572700000,ff,0,0,0f95,0283,0,0000,0f95,0,0f8d,0008,1,1,0,0,0000,0f95,0000,0000,0000,0000,0,0f95,0f95,0000,0,000,0f95,0f95
1335,1335,0,2073736572700000,ff,0,0,0f95,0283,0,0000,0f95,0,0f8d,0008,1,1,0,0,0000,0f95,0000,0000,0000,0000,0,0f95,0f95,0000,0,000,0f95,0f95
1336,1336,0,2073736572700000,ff,0,0,0f95,0283,0,0000,0f95,0,0f8d,0008,1,1,0,0,0000,0f95,0000,0000,0000,0000,0,0f95,0f95,0000,0,000,0f95,0f95
1337,1337,0,2073736572700000,ff,0,0,0f95,0283,0,0000,0f95,0,0f8d,0008,1,1,0,0,0000,0f95,0000,0000,0000,0000,0,0f95,0f95,0000,0,000,0f95,0f95
1338,1338,0,2073736572700000,ff,0,0,0f95,0283,0,0000,0f95,0,0f8d,0008,1,1,0,0,0000,0f95,0000,0000,0000,0000,0,0f95,0f95,0000,0,000,0f95,0f95
1339,1339,0,2073736572700000,ff,0,0,0f95,0283,0,0000,0f95,0,0f8d,0008,1,1,0,0,0000,0f95,0000,0000,0000,0000,0,0f95,0f95,0000,0,000,0f95,0f95
1340,1340,0,2073736572700000,ff,0,0,0f95,0283,0,0000,0f95,0,0f8d,0008,1,1,0,0,0000,0f95,0000,0000,0000,0000,0,0f95,0f95,0000,0,000,0f95,0f95
1341,1341,0,2073736572700000,ff,0,0,0f95,0283,0,0000,0f95,0,0f8d,0008,1,1,0,0,0000,0f95,0000,0000,0000,0000,0,0f95,0f95,0000,0,000,0f95,0f95
1342,1342,0,2073736572700000,ff,0,0,0f95,0283,0,0000,0f95,0,0f8d,0008,1,1,0,0,0000,0f95,0000,0000,0000,0000,0,0f95,0f95,0000,0,000,0f95,0f95
1343,1343,0,2073736572700000,ff,0,0,0f95,0283,0,0000,0f95,0,0f8d,0008,1,1,0,0,0000,0f95,0000,0000,0000,0000,0,0f95,0f95,0000,0,000,0f95,0f95
1344,1344,0,2073736572700000,ff,0,0,0f95,0283,0,0000,0f95,0,0f8d,0008,1,1,0,0,0000,0f95,0000,0000,0000,0000,0,0f95,0f95,0000,0,000,0f95,0f95
1345,1345,0,2073736572700000,ff,0,0,0f95,0283,0,0000,0f95,0,0f8d,0008,1,1,0,0,0000,0f95,0000,0000,0000,0000,0,0f95,0f95,0000,0,000,0f95,0f95
1346,1346,0,2073736572700000,ff,0,0,0f95,0283,0,0000,0f95,0,0f8d,0008,1,1,0,0,0000,0f95,0000,0000,0000,0000,0,0f95,0f95,0000,0,000,0f95,0f95
1347,1347,0,2073736572700000,ff,0,0,0f95,0283,0,0000,0f95,0,0f8d,0008,1,1,0,0,0000,0f95,0000,0000,0000,0000,0,0f95,0f95,0000,0,000,0f95,0f95
1348,1348,0,2073736572700000,ff,0,0,0f95,0283,0,0000,0f95,0,0f8d,0008,1,1,0,0,0000,0f95,0000,0000,0000,0000,0,0f95,0f95,0000,0,000,0f95,0f95
1349,1349,0,2073736572700000,ff,0,0,0f95,0283,0,0000,0f95,0,0f8d,0008,1,1,0,0,0000,0f95,0000,0000,0000,0000,0,0f95,0f95,0000,0,000,0f95,0f95
1350,1350,0,2073736572700000,ff,0,0,0f95,0283,0,0000,0f95,0,0f8d,0008,1,1,0,0,0000,0f95,0000,0000,0000,0000,0,0f95,0f95,0000,0,000,0f95,0f95
1351,1351,0,2073736572700000,ff,0,0,0f95,0283,0,0000,0f95,0,0f8d,0008,1,1,0,0,0000,0f95,0000,0000,0000,0000,0,0f95,0f95,0000,0,000,0f95,0f95
1352,1352,0,2073736572700000,ff,0,0,0f95,0283,0,0000,0f95,0,0f8d,0008,1,1,0,0,0000,0f95,0000,0000,0000,0000,0,0f95,0f95,0000,0,000,0f95,0f95
1353,1353,0,2073736572700000,ff,0,0,0f95,0283,0,0000,0f95,0,0f8d,0008,1,1,0,0,0000,0f95,0000,0000,0000,0000,0,0f95,0f95,0000,0,000,0f95,0f95
1354,1354,0,2073736572700000,ff,0,0,0f95,0283,0,0000,0f95,0,0f8d,0008,1,1,0,0,0000,0f95,0000,0000,0000,0000,0,0f95,0f95,0000,0,000,0f95,0f95
1355,1355,0,2073736572700000,ff,0,0,0f95,0283,0,0000,0f95,0,0f8d,0008,1,1,0,0,0000,0f95,0000,0000,0000,0000,0,0f95,0f95,0000,0,000,0f95,0f95
1356,1356,0,2073736572700000,ff,0,0,0f95,0283,0,0000,0f95,0,0f8d,0008,1,1,0,0,0000,0f95,0000,0000,0000,0000,0,0f95,0f95,0000,0,000,0f95,0f95
1357,1357,0,2073736572700000,ff,0,0,0f95,0283,0,0000,0f95,0,0f8d,0008,1,1,0,0,0000,0f95,0000,0000,0000,0000,0,0f95,0f95,0000,0,000,0f95,0f95
1358,1358,0,2073736572700000,ff,0,0,0f95,0283,0,0000,0f95,0,0f8d,0008,1,1,0,0,0000,0f95,0000,0000,0000,0000,0,0f95,0f95,0000,0,000,0f95,0f95
1359,1359,0,2073736572700000,ff,0,0,0f95,0283,0,0000,0f95,0,0f8d,0008,1,1,0,0,0000,0f95,0000,0000,0000,0000,0,0f95,0f95,0000,0,000,0f95,0f95
1360,1360,0,2073736572700000,ff,0,0,0f95,0283,0,0000,0f95,0,0f8d,0008,1,1,0,0,0000,0f95,0000,0000,0000,0000,0,0f95,0f95,0000,0,000,0f95,0f95
1361,1361,0,2073736572700000,ff,0,0,0f95,0283,0,0000,0f95,0,0f8d,0008,1,1,0,0,0000,0f95,0000,0000,0000,0000,0,0f95,0f95,0000,0,000,0f95,0f95
1362,1362,0,2073736572700000,ff,0,0,0f95,0283,0,0000,0f95,0,0f8d,0008,1,1,0,0,0000,0f95,0000,0000,0000,0000,0,0f95,0f95,0000,0,000,0f95,0f95
1363,1363,0,2073736572700000,ff,0,0,0f95,0283,0,0000,0f95,0,0f8d,0008,1,1,0,0,0000,0f95,0000,0000,0000,0000,0,0f95,0f95,0000,0,000,0f95,0f95
1364,1364,0,2073736572700000,ff,0,0,0f95,0283,0,0000,0f95,0,0f8d,0008,1,1,0,0,0000,0f95,0000,0000,0000,0000,0,0f95,0f95,0000,0,000,0f95,0f95
1365,1365,0,2073736572700000,ff,0,0,0f95,0283,0,0000,0f95,0,0f8d,0008,1,1,0,0,0000,0f95,0000,0000,0000,0000,0,0f95,0f95,0000,0,000,0f95,0f95
1366,1366,0,2073736572700000,ff,0,0,0f95,0283,0,0000,0f95,0,0f8d,0008,1,1,0,0,0000,0f95,0000,0000,0000,0000,0,0f95,0f95,0000,0,000,0f95,0f95
1367,1367,0,2073736572700000,ff,0,0,0f95,0283,0,0000,0f95,0,0f8d,0008,1,1,0,0,0000,0f95,0000,0000,0000,0000,0,0f95,0f95,0000,0,000,0f95,0f95
1368,1368,0,2073736572700000,ff,0,0,0f95,0283,0,0000,0f95,0,0f8d,0008,1,1,0,0,0000,0f95,0000,0000,0000,0000,0,0f95,0f95,0000,0,000,0f95,0f95
1369,1369,0,2073736572700000,ff,0,0,0f95,0283,0,0000,0f95,0,0f8d,0008,1,1,0,0,0000,0f95,0000,0000,0000,0000,0,0f95,0f95,0000,0,000,0f95,0f95
1370,1370,0,2073736572700000,ff,0,0,0f95,0283,0,0000,0f95,0,0f8d,0008,1,1,0,0,0000,0f95,0000,0000,0000,0000,0,0f95,0f95,0000,0,000,0f95,0f95
1371,1371,0,2073736572700000,ff,0,0,0f95,0283,0,0000,0f95,0,0f8d,0008,1,1,0,0,0000,0f95,0000,0000,0000,0000,0,0f95,0f95,0000,0,000,0f95,0f95
1372,1372,0,2073736572700000,ff,0,0,0f95,0283,0,0000,0f95,0,0f8d,0008,1,1,0,0,0000,0f95,0000,0000,0000,0000,0,0f95,0f95,0000,0,000,0f95,0f95
1373,1373,0,2073736572700000,ff,0,0,0f95,0283,0,0000,0f95,0,0f8d,0008,1,1,0,0,0000,0f95,0000,0000,0000,0000,0,0f95,0f95,0000,0,000,0f95,0f95
1374,1374,0,2073736572700000,ff,0,0,0f95,0283,0,0000,0f95,0,0f8d,0008,1,1,0,0,0000,0f95,0000,0000,0000,0000,0,0f95,0f95,0000,0,000,0f95,0f95
1375,1375,0,2073736572700000,ff,0,0,0f95,0283,0,0000,0f95,0,0f8d,0008,1,1,0,0,0000,0f95,0000,0000,0000,0000,0,0f95,0f95,0000,0,000,0f95,0f95
1376,1376,0,2073736572700000,ff,0,0,0f95,0283,0,0000,0f95,0,0f8d,0008,1,1,0,0,0000,0f95,0000,0000,0000,0000,0,0f95,0f95,0000,0,000,0f95,0f95
1377,1377,0,2073736572700000,ff,0,0,0f95,0283,0,0000,0f95,0,0f8d,0008,1,1,0,0,0000,0f95,0000,0000,0000,0000,0,0f95,0f95,0000,0,000,0f95,0f95
1378,1378,0,2073736572700000,ff,0,0,0f95,0283,0,0000,0f95,0,0f8d,0008,1,1,0,0,0000,0f95,0000,0000,0000,0000,0,0f95,0f95,0000,0,000,0f95,0f95
1379,1379,0,2073736572700000,ff,0,0,0f95,0283,0,0000,0f95,0,0f8d,0008,1,1,0,0,0000,0f95,0000,0000,0000,0000,0,0f95,0f95,0000,0,000,0f95,0f95
1380,1380,0,2073736572700000,ff,0,0,0f95,0283,0,0000,0f95,0,0f8d,0008,1,1,0,0,0000,0f95,0000,0000,0000,0000,0,0f95,0f95,0000,0,000,0f95,0f95
1381,1381,0,2073736572700000,ff,0,0,0f95,0283,0,0000,0f95,0,0f8d,0008,1,1,0,0,0000,0f95,0000,0000,0000,0000,0,0f95,0f95,0000,0,000,0f95,0f95
1382,1382,0,2073736572700000,ff,0,0,0f95,0283,0,0000,0f95,0,0f8d,0008,1,1,0,0,0000,0f95,0000,0000,0000,0000,0,0f95,0f95,0000,0,000,0f95,0f95
1383,1383,0,2073736572700000,ff,0,0,0f95,0283,0,0000,0f95,0,0f8d,0008,1,1,0,0,0000,0f95,0000,0000,0000,0000,0,0f95,0f95,0000,0,000,0f95,0f95
1384,1384,0,2073736572700000,ff,0,0,0f95,0283,0,0000,0f95,0,0f8d,0008,1,1,0,0,0000,0f95,0000,0000,0000,0000,0,0f95,0f95,0000,0,000,0f95,0f95
1385,1385,0,2073736572700000,ff,0,0,0f95,0283,0,0000,0f95,0,0f8d,0008,1,1,0,0,0000,0f95,0000,0000,0000,0000,0,0f95,0f95,0000,0,000,0f95,0f95
1386,1386,0,2073736572700000,ff,0,0,0f95,0283,0,0000,0f95,0,0f8d,0008,1,1,0,0,0000,0f95,0000,0000,0000,0000,0,0f95,0f95,0000,0,000,0f95,0f95
1387,1387,0,2073736572700000,ff,0,0,0f95,0283,0,0000,0f95,0,0f8d,0008,1,1,0,0,0000,0f95,0000,0000,0000,0000,0,0f95,0f95,0000,0,000,0f95,0f95
1388,1388,0,2073736572700000,ff,0,0,0f95,0283,0,0000,0f95,0,0f8d,0008,1,1,0,0,0000,0f95,0000,0000,0000,0000,0,0f95,0f95,0000,0,000,0f95,0f95
1389,1389,0,2073736572700000,ff,0,0,0f95,0283,0,0000,0f95,0,0f8d,0008,1,1,0,0,0000,0f95,0000,0000,0000,0000,0,0f95,0f95,0000,0,000,0f95,0f95
1390,1390,0,2073736572700000,ff,0,0,0f95,0283,0,0000,0f95,0,0f8d,0008,1,1,0,0,0000,0f95,0000,0000,0000,0000,0,0f95,0f95,0000,0,000,0f95,0f95
1391,1391,0,2073736572700000,ff,0,0,0f95,0283,0,0000,0f95,0,0f8d,0008,1,1,0,0,0000,0f95,0000,0000,0000,0000,0,0f95,0f95,0000,0,000,0f95,0f95
1392,1392,0,2073736572700000,ff,0,0,0f95,0283,0,0000,0f95,0,0f8d,0008,1,1,0,0,0000,0f95,0000,0000,0000,0000,0,0f95,0f95,0000,0,000,0f95,0f95
1393,1393,0,2073736572700000,ff,0,0,0f95,0283,0,0000,0f95,0,0f8d,0008,1,1,0,0,0000,0f95,0000,0000,0000,0000,0,0f95,0f95,0000,0,000,0f95,0f95
1394,1394,0,2073736572700000,ff,0,0,0f95,0283,0,0000,0f95,0,0f8d,0008,1,1,0,0,0000,0f95,0000,0000,0000,0000,0,0f95,0f95,0000,0,000,0f95,0f95
1395,1395,0,2073736572700000,ff,0,0,0f95,0283,0,0000,0f95,0,0f8d,0008,1,1,0,0,0000,0f95,0000,0000,0000,0000,0,0f95,0f95,0000,0,000,0f95,0f95
1396,1396,0,2073736572700000,ff,0,0,0f95,0283,0,0000,0f95,0,0f8d,0008,1,1,0,0,0000,0f95,0000,0000,0000,0000,0,0f95,0f95,0000,0,000,0f95,0f95
1397,1397,0,2073736572700000,ff,0,0,0f95,0283,0,0000,0f95,0,0f8d,0008,1,1,0,0,0000,0f95,0000,0000,0000,0000,0,0f95,0f95,0000,0,000,0f95,0f95
1398,1398,0,2073736572700000,ff,0,0,0f95,0283,0,0000,0f95,0,0f8d,0008,1,1,0,0,0000,0f95,0000,0000,0000,0000,0,0f95,0f95,0000,0,000,0f95,0f95
1399,1399,0,2073736572700000,ff,0,0,0f95,0283,0,0000,0f95,0,0f8d,0008,1,1,0,0,0000,0f95,0000,0000,0000,0000,0,0f95,0f95,0000,0,000,0f95,0f95
1400,1400,0,2073736572700000,ff,0,0,0f95,0283,0,0000,0f95,0,0f8d,0008,1,1,0,0,0000,0f95,0000,0000,0000,0000,0,0f95,0f95,0000,0,000,0f95,0f95
1401,1401,0,2073736572700000,ff,0,0,0f95,0283,0,0000,0f95,0,0f8d,0008,1,1,0,0,0000,0f95,0000,0000,0000,0000,0,0f95,0f95,0000,0,000,0f95,0f95
1402,1402,0,2073736572700000,ff,0,0,0f95,0283,0,0000,0f95,0,0f8d,0008,1,1,0,0,0000,0f95,0000,0000,0000,0000,0,0f95,0f95,0000,0,000,0f95,0f95
1403,1403,0,2073736572700000,ff,0,0,0f95,0283,0,0000,0f95,0,0f8d,0008,1,1,0,0,0000,0f95,0000,0000,0000,0000,0,0f95,0f95,0000,0,000,0f95,0f95
1404,1404,0,2073736572700000,ff,0,0,0f95,0283,0,0000,0f95,0,0f8d,0008,1,1,0,0,0000,0f95,0000,0000,0000,0000,0,0f95,0f95,0000,0,000,0f95,0f95
1405,1405,0,2073736572700000,ff,0,0,0f95,0283,0,0000,0f95,0,0f8d,0008,1,1,0,0,0000,0f95,0000,0000,0000,0000,0,0f95,0f95,0000,0,000,0f95,0f95
1406,1406,0,2073736572700000,ff,0,0,0f95,0283,0,0000,0f95,0,0f8d,0008,1,1,0,0,0000,0f95,0000,0000,0000,0000,0,0f95,0f95,0000,0,000,0f95,0f95
1407,1407,0,2073736572700000,ff,0,0,0f95,0283,0,0000,0f95,0,0f8d,0008,1,1,0,0,0000,0f95,0000,0000,0000,0000,0,0f95,0f95,0000,0,000,0f95,0f95
1408,1408,0,2073736572700000,ff,0,0,0f95,0283,0,0000,0f95,0,0f8d,0008,1,1,0,0,0000,0f95,0000,0000,0000,0000,0,0f95,0f95,0000,0,000,0f95,0f95
1409,1409,0,2073736572700000,ff,0,0,0f95,0283,0,0000,0f95,0,0f8d,0008,1,1,0,0,0000,0f95,0000,0000,0000,0000,0,0f95,0f95,0000,0,000,0f95,0f95
1410,1410,0,2073736572700000,ff,0,0,0f95,0283,0,0000,0f95,0,0f8d,0008,1,1,0,0,0000,0f95,0000,0000,0000,0000,0,0f95,0f95,0000,0,000,0f95,0f95
1411,1411,0,2073736572700000,ff,0,0,0f95,0283,0,0000,0f95,0,0f8d,0008,1,1,0,0,0000,0f95,0000,0000,0000,0000,0,0f95,0f95,0000,0,000,0f95,0f95
1412,1412,0,2073736572700000,ff,0,0,0f95,0283,0,0000,0f95,0,0f8d,0008,1,1,0,0,0000,0f95,0000,0000,0000,0000,0,0f95,0f95,0000,0,000,0f95,0f95
1413,1413,0,2073736572700000,ff,0,0,0f95,0283,0,0000,0f95,0,0f8d,0008,1,1,0,0,0000,0f95,0000,0000,0000,0000,0,0f95,0f95,0000,0,000,0f95,0f95
1414,1414,0,2073736572700000,ff,0,0,0f95,0283,0,0000,0f95,0,0f8d,0008,1,1,0,0,0000,0f95,0000,0000,0000,0000,0,0f95,0f95,0000,0,000,0f95,0f95
1415,1415,0,2073736572700000,ff,0,0,0f95,0283,0,0000,0f95,0,0f8d,0008,1,1,0,0,0000,0f95,0000,0000,0000,0000,0,0f95,0f95,0000,0,000,0f95,0f95
1416,1416,0,2073736572700000,ff,0,0,0f95,0283,0,0000,0f95,0,0f8d,0008,1,1,0,0,0000,0f95,0000,0000,0000,0000,0,0f95,0f95,0000,0,000,0f95,0f95
1417,1417,0,2073736572700000,ff,0,0,0f95,0283,0,0000,0f95,0,0f8d,0008,1,1,0,0,0000,0f95,0000,0000,0000,0000,0,0f95,0f95,0000,0,000,0f95,0f95
1418,1418,0,2073736572700000,ff,0,0,0f95,0283,0,0000,0f95,0,0f8d,0008,1,1,0,0,0000,0f95,0000,0000,0000,0000,0,0f95,0f95,0000,0,000,0f95,0f95
1419,1419,0,2073736572700000,ff,0,0,0f95,0283,0,0000,0f95,0,0f8d,0008,1,1,0,0,0000,0f95,0000,0000,0000,0000,0,0f95,0f95,0000,0,000,0f95,0f95
1420,1420,0,2073736572700000,ff,0,0,0f95,0283,0,0000,0f95,0,0f8d,0008,1,1,0,0,0000,0f95,0000,0000,0000,0000,0,0f95,0f95,0000,0,000,0f95,0f95
1421,1421,0,2073736572700000,ff,0,0,0f95,0283,0,0000,0f95,0,0f8d,0008,1,1,0,0,0000,0f95,0000,0000,0000,0000,0,0f95,0f95,0000,0,000,0f95,0f95
1422,1422,0,2073736572700000,ff,0,0,0f95,0283,0,0000,0f95,0,0f8d,0008,1,1,0,0,0000,0f95,0000,0000,0000,0000,0,0f95,0f95,0000,0,000,0f95,0f95
1423,1423,0,2073736572700000,ff,0,0,0f95,0283,0,0000,0f95,0,0f8d,0008,1,1,0,0,0000,0f95,0000,0000,0000,0000,0,0f95,0f95,0000,0,000,0f95,0f95
1424,1424,0,2073736572700000,ff,0,0,0f95,0283,0,0000,0f95,0,0f8d,0008,1,1,0,0,0000,0f95,0000,0000,0000,0000,0,0f95,0f95,0000,0,000,0f95,0f95
1425,1425,0,2073736572700000,ff,0,0,0f95,0283,0,0000,0f95,0,0f8d,0008,1,1,0,0,0000,0f95,0000,0000,0000,0000,0,0f95,0f95,0000,0,000,0f95,0f95
1426,1426,0,2073736572700000,ff,0,0,0f95,0283,0,0000,0f95,0,0f8d,0008,1,1,0,0,0000,0f95,0000,0000,0000,0000,0,0f95,0f95,0000,0,000,0f95,0f95
1427,1427,0,2073736572700000,ff,0,0,0f95,0283,0,0000,0f95,0,0f8d,0008,1,1,0,0,0000,0f95,0000,0000,0000,0000,0,0f95,0f95,0000,0,000,0f95,0f95
1428,1428,0,2073736572700000,ff,0,0,0f95,0283,0,0000,0f95,0,0f8d,0008,1,1,0,0,0000,0f95,0000,0000,0000,0000,0,0f95,0f95,0000,0,000,0f95,0f95
1429,1429,0,2073736572700000,ff,0,0,0f95,0283,0,0000,0f95,0,0f8d,0008,1,1,0,0,0000,0f95,0000,0000,0000,0000,0,0f95,0f95,0000,0,000,0f95,0f95
1430,1430,0,2073736572700000,ff,0,0,0f95,0283,0,0000,0f95,0,0f8d,0008,1,1,0,0,0000,0f95,0000,0000,0000,0000,0,0f95,0f95,0000,0,000,0f95,0f95
1431,1431,0,2073736572700000,ff,0,0,0f95,0283,0,0000,0f95,0,0f8d,0008,1,1,0,0,0000,0f95,0000,0000,0000,0000,0,0f95,0f95,0000,0,000,0f95,0f95
1432,1432,0,2073736572700000,ff,0,0,0f95,0283,0,0000,0f95,0,0f8d,0008,1,1,0,0,0000,0f95,0000,0000,0000,0000,0,0f95,0f95,0000,0,000,0f95,0f95
1433,1433,0,2073736572700000,ff,0,0,0f95,0283,0,0000,0f95,0,0f8d,0008,1,1,0,0,0000,0f95,0000,0000,0000,0000,0,0f95,0f95,0000,0,000,0f95,0f95
1434,1434,0,2073736572700000,ff,0,0,0f95,0283,0,0000,0f95,0,0f8d,0008,1,1,0,0,0000,0f95,0000,0000,0000,0000,0,0f95,0f95,0000,0,000,0f95,0f95
1435,1435,0,2073736572700000,ff,0,0,0f95,0283,0,0000,0f95,0,0f8d,0008,1,1,0,0,0000,0f95,0000,0000,0000,0000,0,0f95,0f95,0000,0,000,0f95,0f95
1436,1436,0,2073736572700000,ff,0,0,0f95,0283,0,0000,0f95,0,0f8d,0008,1,1,0,0,0000,0f95,0000,0000,0000,0000,0,0f95,0f95,0000,0,000,0f95,0f95
1437,1437,0,2073736572700000,ff,0,0,0f95,0283,0,0000,0f95,0,0f8d,0008,1,1,0,0,0000,0f95,0000,0000,0000,0000,0,0f95,0f95,0000,0,000,0f95,0f95
1438,1438,0,2073736572700000,ff,0,0,0f95,0283,0,0000,0f95,0,0f8d,0008,1,1,0,0,0000,0f95,0000,0000,0000,0000,0,0f95,0f95,0000,0,000,0f95,0f95
1439,1439,0,2073736572700000,ff,0,0,0f95,0283,0,0000,0f95,0,0f8d,0008,1,1,0,0,0000,0f95,0000,0000,0000,0000,0,0f95,0f95,0000,0,000,0f95,0f95
1440,1440,0,2073736572700000,ff,0,0,0f95,0283,0,0000,0f95,0,0f8d,0008,1,1,0,0,0000,0f95,0000,0000,0000,0000,0,0f95,0f95,0000,0,000,0f95,0f95
1441,1441,0,2073736572700000,ff,0,0,0f95,0283,0,0000,0f95,0,0f8d,0008,1,1,0,0,0000,0f95,0000,0000,0000,0000,0,0f95,0f95,0000,0,000,0f95,0f95
1442,1442,0,2073736572700000,ff,0,0,0f95,0283,0,0000,0f95,0,0f8d,0008,1,1,0,0,0000,0f95,0000,0000,0000,0000,0,0f95,0f95,0000,0,000,0f95,0f95
1443,1443,0,2073736572700000,ff,0,0,0f95,0283,0,0000,0f95,0,0f8d,0008,1,1,0,0,0000,0f95,0000,0000,0000,0000,0,0f95,0f95,0000,0,000,0f95,0f95
1444,1444,0,2073736572700000,ff,0,0,0f95,0283,0,0000,0f95,0,0f8d,0008,1,1,0,0,0000,0f95,0000,0000,0000,0000,0,0f95,0f95,0000,0,000,0f95,0f95
1445,1445,0,2073736572700000,ff,0,0,0f95,0283,0,0000,0f95,0,0f8d,0008,1,1,0,0,0000,0f95,0000,0000,0000,0000,0,0f95,0f95,0000,0,000,0f95,0f95
1446,1446,0,2073736572700000,ff,0,0,0f95,0283,0,0000,0f95,0,0f8d,0008,1,1,0,0,0000,0f95,0000,0000,0000,0000,0,0f95,0f95,0000,0,000,0f95,0f95
1447,1447,0,2073736572700000,ff,0,0,0f95,0283,0,0000,0f95,0,0f8d,0008,1,1,0,0,0000,0f95,0000,0000,0000,0000,0,0f95,0f95,0000,0,000,0f95,0f95
1448,1448,0,2073736572700000,ff,0,0,0f95,0283,0,0000,0f95,0,0f8d,0008,1,1,0,0,0000,0f95,0000,0000,0000,0000,0,0f95,0f95,0000,0,000,0f95,0f95
1449,1449,0,2073736572700000,ff,0,0,0f95,0283,0,0000,0f95,0,0f8d,0008,1,1,0,0,0000,0f95,0000,0000,0000,0000,0,0f95,0f95,0000,0,000,0f95,0f95
1450,1450,0,2073736572700000,ff,0,0,0f95,0283,0,0000,0f95,0,0f8d,0008,1,1,0,0,0000,0f95,0000,0000,0000,0000,0,0f95,0f95,0000,0,000,0f95,0f95
1451,1451,0,2073736572700000,ff,0,0,0f95,0283,0,0000,0f95,0,0f8d,0008,1,1,0,0,0000,0f95,0000,0000,0000,0000,0,0f95,0f95,0000,0,000,0f95,0f95
1452,1452,0,2073736572700000,ff,0,0,0f95,0283,0,0000,0f95,0,0f8d,0008,1,1,0,0,0000,0f95,0000,0000,0000,0000,0,0f95,0f95,0000,0,000,0f95,0f95
1453,1453,0,2073736572700000,ff,0,0,0f95,0283,0,0000,0f95,0,0f8d,0008,1,1,0,0,0000,0f95,0000,0000,0000,0000,0,0f95,0f95,0000,0,000,0f95,0f95
1454,1454,0,2073736572700000,ff,0,0,0f95,0283,0,0000,0f95,0,0f8d,0008,1,1,0,0,0000,0f95,0000,0000,0000,0000,0,0f95,0f95,0000,0,000,0f95,0f95
1455,1455,0,2073736572700000,ff,0,0,0f95,0283,0,0000,0f95,0,0f8d,0008,1,1,0,0,0000,0f95,0000,0000,0000,0000,0,0f95,0f95,0000,0,000,0f95,0f95
1456,1456,0,2073736572700000,ff,0,0,0f95,0283,0,0000,0f95,0,0f8d,0008,1,1,0,0,0000,0f95,0000,0000,0000,0000,0,0f95,0f95,0000,0,000,0f95,0f95
1457,1457,0,2073736572700000,ff,0,0,0f95,0283,0,0000,0f95,0,0f8d,0008,1,1,0,0,0000,0f95,0000,0000,0000,0000,0,0f95,0f95,0000,0,000,0f95,0f95
1458,1458,0,2073736572700000,ff,0,0,0f95,0283,0,0000,0f95,0,0f8d,0008,1,1,0,0,0000,0f95,0000,0000,0000,0000,0,0f95,0f95,0000,0,000,0f95,0f95
1459,1459,0,2073736572700000,ff,0,0,0f95,0283,0,0000,0f95,0,0f8d,0008,1,1,0,0,0000,0f95,0000,0000,0000,0000,0,0f95,0f95,0000,0,000,0f95,0f95
1460,1460,0,2073736572700000,ff,0,0,0f95,0283,0,0000,0f95,0,0f8d,0008,1,1,0,0,0000,0f95,0000,0000,0000,0000,0,0f95,0f95,0000,0,000,0f95,0f95
1461,1461,0,2073736572700000,ff,0,0,0f95,0283,0,0000,0f95,0,0f8d,0008,1,1,0,0,0000,0f95,0000,0000,0000,0000,0,0f95,0f95,0000,0,000,0f95,0f95
1462,1462,0,2073736572700000,ff,0,0,0f95,0283,0,0000,0f95,0,0f8d,0008,1,1,0,0,0000,0f95,0000,0000,0000,0000,0,0f95,0f95,0000,0,000,0f95,0f95
1463,1463,0,2073736572700000,ff,0,0,0f95,0283,0,0000,0f95,0,0f8d,0008,1,1,0,0,0000,0f95,0000,0000,0000,0000,0,0f95,0f95,0000,0,000,0f95,0f95
1464,1464,0,2073736572700000,ff,0,0,0f95,0283,0,0000,0f95,0,0f8d,0008,1,1,0,0,0000,0f95,0000,0000,0000,0000,0,0f95,0f95,0000,0,000,0f95,0f95
1465,1465,0,2073736572700000,ff,0,0,0f95,0283,0,0000,0f95,0,0f8d,0008,1,1,0,0,0000,0f95,0000,0000,0000,0000,0,0f95,0f95,0000,0,000,0f95,0f95
1466,1466,0,2073736572700000,ff,0,0,0f95,0283,0,0000,0f95,0,0f8d,0008,1,1,0,0,0000,0f95,0000,0000,0000,0000,0,0f95,0f95,0000,0,000,0f95,0f95
1467,1467,0,2073736572700000,ff,0,0,0f95,0283,0,0000,0f95,0,0f8d,0008,1,1,0,0,0000,0f95,0000,0000,0000,0000,0,0f95,0f95,0000,0,000,0f95,0f95
1468,1468,0,2073736572700000,ff,0,0,0f95,0283,0,0000,0f95,0,0f8d,0008,1,1,0,0,0000,0f95,0000,0000,0000,0000,0,0f95,0f95,0000,0,000,0f95,0f95
1469,1469,0,2073736572700000,ff,0,0,0f95,0283,0,0000,0f95,0,0f8d,0008,1,1,0,0,0000,0f95,0000,0000,0000,0000,0,0f95,0f95,0000,0,000,0f95,0f95
1470,1470,0,2073736572700000,ff,0,0,0f95,0283,0,0000,0f95,0,0f8d,0008,1,1,0,0,0000,0f95,0000,0000,0000,0000,0,0f95,0f95,0000,0,000,0f95,0f95
1471,1471,0,2073736572700000,ff,0,0,0f95,0283,0,0000,0f95,0,0f8d,0008,1,1,0,0,0000,0f95,0000,0000,0000,0000,0,0f95,0f95,0000,0,000,0f95,0f95
1472,1472,0,2073736572700000,ff,0,0,0f95,0283,0,0000,0f95,0,0f8d,0008,1,1,0,0,0000,0f95,0000,0000,0000,0000,0,0f95,0f95,0000,0,000,0f95,0f95
1473,1473,0,2073736572700000,ff,0,0,0f95,0283,0,0000,0f95,0,0f8d,0008,1,1,0,0,0000,0f95,0000,0000,0000,0000,0,0f95,0f95,0000,0,000,0f95,0f95
1474,1474,0,2073736572700000,ff,0,0,0f95,0283,0,0000,0f95,0,0f8d,0008,1,1,0,0,0000,0f95,0000,0000,0000,0000,0,0f95,0f95,0000,0,000,0f95,0f95
1475,1475,0,2073736572700000,ff,0,0,0f95,0283,0,0000,0f95,0,0f8d,0008,1,1,0,0,0000,0f95,0000,0000,0000,0000,0,0f95,0f95,0000,0,000,0f95,0f95
1476,1476,0,2073736572700000,ff,0,0,0f95,0283,0,0000,0f95,0,0f8d,0008,1,1,0,0,0000,0f95,0000,0000,0000,0000,0,0f95,0f95,0000,0,000,0f95,0f95
1477,1477,0,2073736572700000,ff,0,0,0f95,0283,0,0000,0f95,0,0f8d,0008,1,1,0,0,0000,0f95,0000,0000,0000,0000,0,0f95,0f95,0000,0,000,0f95,0f95
1478,1478,0,2073736572700000,ff,0,0,0f95,0283,0,0000,0f95,0,0f8d,0008,1,1,0,0,0000,0f95,0000,0000,0000,0000,0,0f95,0f95,0000,0,000,0f95,0f95
1479,1479,0,2073736572700000,ff,0,0,0f95,0283,0,0000,0f95,0,0f8d,0008,1,1,0,0,0000,0f95,0000,0000,0000,0000,0,0f95,0f95,0000,0,000,0f95,0f95
1480,1480,0,2073736572700000,ff,0,0,0f95,0283,0,0000,0f95,0,0f8d,0008,1,1,0,0,0000,0f95,0000,0000,0000,0000,0,0f95,0f95,0000,0,000,0f95,0f95
1481,1481,0,2073736572700000,ff,0,0,0f95,0283,0,0000,0f95,0,0f8d,0008,1,1,0,0,0000,0f95,0000,0000,0000,0000,0,0f95,0f95,0000,0,000,0f95,0f95
1482,1482,0,2073736572700000,ff,0,0,0f95,0283,0,0000,0f95,0,0f8d,0008,1,1,0,0,0000,0f95,0000,0000,0000,0000,0,0f95,0f95,0000,0,000,0f95,0f95
1483,1483,0,2073736572700000,ff,0,0,0f95,0283,0,0000,0f95,0,0f8d,0008,1,1,0,0,0000,0f95,0000,0000,0000,0000,0,0f95,0f95,0000,0,000,0f95,0f95
1484,1484,0,2073736572700000,ff,0,0,0f95,0283,0,0000,0f95,0,0f8d,0008,1,1,0,0,0000,0f95,0000,0000,0000,0000,0,0f95,0f95,0000,0,000,0f95,0f95
1485,1485,0,2073736572700000,ff,0,0,0f95,0283,0,0000,0f95,0,0f8d,0008,1,1,0,0,0000,0f95,0000,0000,0000,0000,0,0f95,0f95,0000,0,000,0f95,0f95
1486,1486,0,2073736572700000,ff,0,0,0f95,0283,0,0000,0f95,0,0f8d,0008,1,1,0,0,0000,0f95,0000,0000,0000,0000,0,0f95,0f95,0000,0,000,0f95,0f95
1487,1487,0,2073736572700000,ff,0,0,0f95,0283,0,0000,0f95,0,0f8d,0008,1,1,0,0,0000,0f95,0000,0000,0000,0000,0,0f95,0f95,0000,0,000,0f95,0f95
1488,1488,0,2073736572700000,ff,0,0,0f95,0283,0,0000,0f95,0,0f8d,0008,1,1,0,0,0000,0f95,0000,0000,0000,0000,0,0f95,0f95,0000,0,000,0f95,0f95
1489,1489,0,2073736572700000,ff,0,0,0f95,0283,0,0000,0f95,0,0f8d,0008,1,1,0,0,0000,0f95,0000,0000,0000,0000,0,0f95,0f95,0000,0,000,0f95,0f95
1490,1490,0,2073736572700000,ff,0,0,0f95,0283,0,0000,0f95,0,0f8d,0008,1,1,0,0,0000,0f95,0000,0000,0000,0000,0,0f95,0f95,0000,0,000,0f95,0f95
1491,1491,0,2073736572700000,ff,0,0,0f95,0283,0,0000,0f95,0,0f8d,0008,1,1,0,0,0000,0f95,0000,0000,0000,0000,0,0f95,0f95,0000,0,000,0f95,0f95
1492,1492,0,2073736572700000,ff,0,0,0f95,0283,0,0000,0f95,0,0f8d,0008,1,1,0,0,0000,0f95,0000,0000,0000,0000,0,0f95,0f95,0000,0,000,0f95,0f95
1493,1493,0,2073736572700000,ff,0,0,0f95,0283,0,0000,0f95,0,0f8d,0008,1,1,0,0,0000,0f95,0000,0000,0000,0000,0,0f95,0f95,0000,0,000,0f95,0f95
1494,1494,0,2073736572700000,ff,0,0,0f95,0283,0,0000,0f95,0,0f8d,0008,1,1,0,0,0000,0f95,0000,0000,0000,0000,0,0f95,0f95,0000,0,000,0f95,0f95
1495,1495,0,2073736572700000,ff,0,0,0f95,0283,0,0000,0f95,0,0f8d,0008,1,1,0,0,0000,0f95,0000,0000,0000,0000,0,0f95,0f95,0000,0,000,0f95,0f95
1496,1496,0,2073736572700000,ff,0,0,0f95,0283,0,0000,0f95,0,0f8d,0008,1,1,0,0,0000,0f95,0000,0000,0000,0000,0,0f95,0f95,0000,0,000,0f95,0f95
1497,1497,0,2073736572700000,ff,0,0,0f95,0283,0,0000,0f95,0,0f8d,0008,1,1,0,0,0000,0f95,0000,0000,0000,0000,0,0f95,0f95,0000,0,000,0f95,0f95
1498,1498,0,2073736572700000,ff,0,0,0f95,0283,0,0000,0f95,0,0f8d,0008,1,1,0,0,0000,0f95,0000,0000,0000,0000,0,0f95,0f95,0000,0,000,0f95,0f95
1499,1499,0,2073736572700000,ff,0,0,0f95,0283,0,0000,0f95,0,0f8d,0008,1,1,0,0,0000,0f95,0000,0000,0000,0000,0,0f95,0f95,0000,0,000,0f95,0f95
1500,1500,0,2073736572700000,ff,0,0,0f95,0283,0,0000,0f95,0,0f8d,0008,1,1,0,0,0000,0f95,0000,0000,0000,0000,0,0f95,0f95,0000,0,000,0f95,0f95
1501,1501,0,2073736572700000,ff,0,0,0f95,0283,0,0000,0f95,0,0f8d,0008,1,1,0,0,0000,0f95,0000,0000,0000,0000,0,0f95,0f95,0000,0,000,0f95,0f95
1502,1502,0,2073736572700000,ff,0,0,0f95,0283,0,0000,0f95,0,0f8d,0008,1,1,0,0,0000,0f95,0000,0000,0000,0000,0,0f95,0f95,0000,0,000,0f95,0f95
1503,1503,0,2073736572700000,ff,0,0,0f95,0283,0,0000,0f95,0,0f8d,0008,1,1,0,0,0000,0f95,0000,0000,0000,0000,0,0f95,0f95,0000,0,000,0f95,0f95
1504,1504,0,2073736572700000,ff,0,0,0f95,0283,0,0000,0f95,0,0f8d,0008,1,1,0,0,0000,0f95,0000,0000,0000,0000,0,0f95,0f95,0000,0,000,0f95,0f95
1505,1505,0,2073736572700000,ff,0,0,0f95,0283,0,0000,0f95,0,0f8d,0008,1,1,0,0,0000,0f95,0000,0000,0000,0000,0,0f95,0f95,0000,0,000,0f95,0f95
1506,1506,0,2073736572700000,ff,0,0,0f95,0283,0,0000,0f95,0,0f8d,0008,1,1,0,0,0000,0f95,0000,0000,0000,0000,0,0f95,0f95,0000,0,000,0f95,0f95
1507,1507,0,2073736572700000,ff,0,0,0f95,0283,0,0000,0f95,0,0f8d,0008,1,1,0,0,0000,0f95,0000,0000,0000,0000,0,0f95,0f95,0000,0,000,0f95,0f95
1508,1508,0,2073736572700000,ff,0,0,0f95,0283,0,0000,0f95,0,0f8d,0008,1,1,0,0,0000,0f95,0000,0000,0000,0000,0,0f95,0f95,0000,0,000,0f95,0f95
1509,1509,0,2073736572700000,ff,0,0,0f95,0283,0,0000,0f95,0,0f8d,0008,1,1,0,0,0000,0f95,0000,0000,0000,0000,0,0f95,0f95,0000,0,000,0f95,0f95
1510,1510,0,2073736572700000,ff,0,0,0f95,0283,0,0000,0f95,0,0f8d,0008,1,1,0,0,0000,0f95,0000,0000,0000,0000,0,0f95,0f95,0000,0,000,0f95,0f95
1511,1511,0,2073736572700000,ff,0,0,0f95,0283,0,0000,0f95,0,0f8d,0008,1,1,0,0,0000,0f95,0000,0000,0000,0000,0,0f95,0f95,0000,0,000,0f95,0f95
1512,1512,0,2073736572700000,ff,0,0,0f95,0283,0,0000,0f95,0,0f8d,0008,1,1,0,0,0000,0f95,0000,0000,0000,0000,0,0f95,0f95,0000,0,000,0f95,0f95
1513,1513,0,2073736572700000,ff,0,0,0f95,0283,0,0000,0f95,0,0f8d,0008,1,1,0,0,0000,0f95,0000,0000,0000,0000,0,0f95,0f95,0000,0,000,0f95,0f95
1514,1514,0,2073736572700000,ff,0,0,0f95,0283,0,0000,0f95,0,0f8d,0008,1,1,0,0,0000,0f95,0000,0000,0000,0000,0,0f95,0f95,0000,0,000,0f95,0f95
1515,1515,0,2073736572700000,ff,0,0,0f95,0283,0,0000,0f95,0,0f8d,0008,1,1,0,0,0000,0f95,0000,0000,0000,0000,0,0f95,0f95,0000,0,000,0f95,0f95
1516,1516,0,2073736572700000,ff,0,0,0f95,0283,0,0000,0f95,0,0f8d,0008,1,1,0,0,0000,0f95,0000,0000,0000,0000,0,0f95,0f95,0000,0,000,0f95,0f95
1517,1517,0,2073736572700000,ff,0,0,0f95,0283,0,0000,0f95,0,0f8d,0008,1,1,0,0,0000,0f95,0000,0000,0000,0000,0,0f95,0f95,0000,0,000,0f95,0f95
1518,1518,0,2073736572700000,ff,0,0,0f95,0283,0,0000,0f95,0,0f8d,0008,1,1,0,0,0000,0f95,0000,0000,0000,0000,0,0f95,0f95,0000,0,000,0f95,0f95
1519,1519,0,2073736572700000,ff,0,0,0f95,0283,0,0000,0f95,0,0f8d,0008,1,1,0,0,0000,0f95,0000,0000,0000,0000,0,0f95,0f95,0000,0,000,0f95,0f95
1520,1520,0,2073736572700000,ff,0,0,0f95,0283,0,0000,0f95,0,0f8d,0008,1,1,0,0,0000,0f95,0000,0000,0000,0000,0,0f95,0f95,0000,0,000,0f95,0f95
1521,1521,0,2073736572700000,ff,0,0,0f95,0283,0,0000,0f95,0,0f8d,0008,1,1,0,0,0000,0f95,0000,0000,0000,0000,0,0f95,0f95,0000,0,000,0f95,0f95
1522,1522,0,2073736572700000,ff,0,0,0f95,0283,0,0000,0f95,0,0f8d,0008,1,1,0,0,0000,0f95,0000,0000,0000,0000,0,0f95,0f95,0000,0,000,0f95,0f95
1523,1523,0,2073736572700000,ff,0,0,0f95,0283,0,0000,0f95,0,0f8d,0008,1,1,0,0,0000,0f95,0000,0000,0000,0000,0,0f95,0f95,0000,0,000,0f95,0f95
1524,1524,0,2073736572700000,ff,0,0,0f95,0283,0,0000,0f95,0,0f8d,0008,1,1,0,0,0000,0f95,0000,0000,0000,0000,0,0f95,0f95,0000,0,000,0f95,0f95
1525,1525,0,2073736572700000,ff,0,0,0f95,0283,0,0000,0f95,0,0f8d,0008,1,1,0,0,0000,0f95,0000,0000,0000,0000,0,0f95,0f95,0000,0,000,0f95,0f95
1526,1526,0,2073736572700000,ff,0,0,0f95,0283,0,0000,0f95,0,0f8d,0008,1,1,0,0,0000,0f95,0000,0000,0000,0000,0,0f95,0f95,0000,0,000,0f95,0f95
1527,1527,0,2073736572700000,ff,0,0,0f95,0283,0,0000,0f95,0,0f8d,0008,1,1,0,0,0000,0f95,0000,0000,0000,0000,0,0f95,0f95,0000,0,000,0f95,0f95
1528,1528,0,2073736572700000,ff,0,0,0f95,0283,0,0000,0f95,0,0f8d,0008,1,1,0,0,0000,0f95,0000,0000,0000,0000,0,0f95,0f95,0000,0,000,0f95,0f95
1529,1529,0,2073736572700000,ff,0,0,0f95,0283,0,0000,0f95,0,0f8d,0008,1,1,0,0,0000,0f95,0000,0000,0000,0000,0,0f95,0f95,0000,0,000,0f95,0f95
1530,1530,0,2073736572700000,ff,0,0,0f95,0283,0,0000,0f95,0,0f8d,0008,1,1,0,0,0000,0f95,0000,0000,0000,0000,0,0f95,0f95,0000,0,000,0f95,0f95
1531,1531,0,2073736572700000,ff,0,0,0f95,0283,0,0000,0f95,0,0f8d,0008,1,1,0,0,0000,0f95,0000,0000,0000,0000,0,0f95,0f95,0000,0,000,0f95,0f95
1532,1532,0,2073736572700000,ff,0,0,0f95,0283,0,0000,0f95,0,0f8d,0008,1,1,0,0,0000,0f95,0000,0000,0000,0000,0,0f95,0f95,0000,0,000,0f95,0f95
1533,1533,0,2073736572700000,ff,0,0,0f95,0283,0,0000,0f95,0,0f8d,0008,1,1,0,0,0000,0f95,0000,0000,0000,0000,0,0f95,0f95,0000,0,000,0f95,0f95
1534,1534,0,2073736572700000,ff,0,0,0f95,0283,0,0000,0f95,0,0f8d,0008,1,1,0,0,0000,0f95,0000,0000,0000,0000,0,0f95,0f95,0000,0,000,0f95,0f95
1535,1535,0,2073736572700000,ff,0,0,0f95,0283,0,0000,0f95,0,0f8d,0008,1,1,0,0,0000,0f95,0000,0000,0000,0000,0,0f95,0f95,0000,0,000,0f95,0f95
1536,1536,0,2073736572700000,ff,0,0,0f95,0283,0,0000,0f95,0,0f8d,0008,1,1,0,0,0000,0f95,0000,0000,0000,0000,0,0f95,0f95,0000,0,000,0f95,0f95
1537,1537,0,2073736572700000,ff,0,0,0f95,0283,0,0000,0f95,0,0f8d,0008,1,1,0,0,0000,0f95,0000,0000,0000,0000,0,0f95,0f95,0000,0,000,0f95,0f95
1538,1538,0,2073736572700000,ff,0,0,0f95,0283,0,0000,0f95,0,0f8d,0008,1,1,0,0,0000,0f95,0000,0000,0000,0000,0,0f95,0f95,0000,0,000,0f95,0f95
1539,1539,0,2073736572700000,ff,0,0,0f95,0283,0,0000,0f95,0,0f8d,0008,1,1,0,0,0000,0f95,0000,0000,0000,0000,0,0f95,0f95,0000,0,000,0f95,0f95
1540,1540,0,2073736572700000,ff,0,0,0f95,0283,0,0000,0f95,0,0f8d,0008,1,1,0,0,0000,0f95,0000,0000,0000,0000,0,0f95,0f95,0000,0,000,0f95,0f95
1541,1541,0,2073736572700000,ff,0,0,0f95,0283,0,0000,0f95,0,0f8d,0008,1,1,0,0,0000,0f95,0000,0000,0000,0000,0,0f95,0f95,0000,0,000,0f95,0f95
1542,1542,0,2073736572700000,ff,0,0,0f95,0283,0,0000,0f95,0,0f8d,0008,1,1,0,0,0000,0f95,0000,0000,0000,0000,0,0f95,0f95,0000,0,000,0f95,0f95
1543,1543,0,2073736572700000,ff,0,0,0f95,0283,0,0000,0f95,0,0f8d,0008,1,1,0,0,0000,0f95,0000,0000,0000,0000,0,0f95,0f95,0000,0,000,0f95,0f95
1544,1544,0,2073736572700000,ff,0,0,0f95,0283,0,0000,0f95,0,0f8d,0008,1,1,0,0,0000,0f95,0000,0000,0000,0000,0,0f95,0f95,0000,0,000,0f95,0f95
1545,1545,0,2073736572700000,ff,0,0,0f95,0283,0,0000,0f95,0,0f8d,0008,1,1,0,0,0000,0f95,0000,0000,0000,0000,0,0f95,0f95,0000,0,000,0f95,0f95
1546,1546,0,2073736572700000,ff,0,0,0f95,0283,0,0000,0f95,0,0f8d,0008,1,1,0,0,0000,0f95,0000,0000,0000,0000,0,0f95,0f95,0000,0,000,0f95,0f95
1547,1547,0,2073736572700000,ff,0,0,0f95,0283,0,0000,0f95,0,0f8d,0008,1,1,0,0,0000,0f95,0000,0000,0000,0000,0,0f95,0f95,0000,0,000,0f95,0f95
1548,1548,0,2073736572700000,ff,0,0,0f95,0283,0,0000,0f95,0,0f8d,0008,1,1,0,0,0000,0f95,0000,0000,0000,0000,0,0f95,0f95,0000,0,000,0f95,0f95
1549,1549,0,2073736572700000,ff,0,0,0f95,0283,0,0000,0f95,0,0f8d,0008,1,1,0,0,0000,0f95,0000,0000,0000,0000,0,0f95,0f95,0000,0,000,0f95,0f95
1550,1550,0,2073736572700000,ff,0,0,0f95,0283,0,0000,0f95,0,0f8d,0008,1,1,0,0,0000,0f95,0000,0000,0000,0000,0,0f95,0f95,0000,0,000,0f95,0f95
1551,1551,0,2073736572700000,ff,0,0,0f95,0283,0,0000,0f95,0,0f8d,0008,1,1,0,0,0000,0f95,0000,0000,0000,0000,0,0f95,0f95,0000,0,000,0f95,0f95
1552,1552,0,2073736572700000,ff,0,0,0f95,0283,0,0000,0f95,0,0f8d,0008,1,1,0,0,0000,0f95,0000,0000,0000,0000,0,0f95,0f95,0000,0,000,0f95,0f95
1553,1553,0,2073736572700000,ff,0,0,0f95,0283,0,0000,0f95,0,0f8d,0008,1,1,0,0,0000,0f95,0000,0000,0000,0000,0,0f95,0f95,0000,0,000,0f95,0f95
1554,1554,0,2073736572700000,ff,0,0,0f95,0283,0,0000,0f95,0,0f8d,0008,1,1,0,0,0000,0f95,0000,0000,0000,0000,0,0f95,0f95,0000,0,000,0f95,0f95
1555,1555,0,2073736572700000,ff,0,0,0f95,0283,0,0000,0f95,0,0f8d,0008,1,1,0,0,0000,0f95,0000,0000,0000,0000,0,0f95,0f95,0000,0,000,0f95,0f95
1556,1556,0,2073736572700000,ff,0,0,0f95,0283,0,0000,0f95,0,0f8d,0008,1,1,0,0,0000,0f95,0000,0000,0000,0000,0,0f95,0f95,0000,0,000,0f95,0f95
1557,1557,0,2073736572700000,ff,0,0,0f95,0283,0,0000,0f95,0,0f8d,0008,1,1,0,0,0000,0f95,0000,0000,0000,0000,0,0f95,0f95,0000,0,000,0f95,0f95
1558,1558,0,2073736572700000,ff,0,0,0f95,0283,0,0000,0f95,0,0f8d,0008,1,1,0,0,0000,0f95,0000,0000,0000,0000,0,0f95,0f95,0000,0,000,0f95,0f95
1559,1559,0,2073736572700000,ff,0,0,0f95,0283,0,0000,0f95,0,0f8d,0008,1,1,0,0,0000,0f95,0000,0000,0000,0000,0,0f95,0f95,0000,0,000,0f95,0f95
1560,1560,0,2073736572700000,ff,0,0,0f95,0283,0,0000,0f95,0,0f8d,0008,1,1,0,0,0000,0f95,0000,0000,0000,0000,0,0f95,0f95,0000,0,000,0f95,0f95
1561,1561,0,2073736572700000,ff,0,0,0f95,0283,0,0000,0f95,0,0f8d,0008,1,1,0,0,0000,0f95,0000,0000,0000,0000,0,0f95,0f95,0000,0,000,0f95,0f95
1562,1562,0,2073736572700000,ff,0,0,0f95,0283,0,0000,0f95,0,0f8d,0008,1,1,0,0,0000,0f95,0000,0000,0000,0000,0,0f95,0f95,0000,0,000,0f95,0f95
1563,1563,0,2073736572700000,ff,0,0,0f95,0283,0,0000,0f95,0,0f8d,0008,1,1,0,0,0000,0f95,0000,0000,0000,0000,0,0f95,0f95,0000,0,000,0f95,0f95
1564,1564,0,2073736572700000,ff,0,0,0f95,0283,0,0000,0f95,0,0f8d,0008,1,1,0,0,0000,0f95,0000,0000,0000,0000,0,0f95,0f95,0000,0,000,0f95,0f95
1565,1565,0,2073736572700000,ff,0,0,0f95,0283,0,0000,0f95,0,0f8d,0008,1,1,0,0,0000,0f95,0000,0000,0000,0000,0,0f95,0f95,0000,0,000,0f95,0f95
1566,1566,0,2073736572700000,ff,0,0,0f95,0283,0,0000,0f95,0,0f8d,0008,1,1,0,0,0000,0f95,0000,0000,0000,0000,0,0f95,0f95,0000,0,000,0f95,0f95
1567,1567,0,2073736572700000,ff,0,0,0f95,0283,0,0000,0f95,0,0f8d,0008,1,1,0,0,0000,0f95,0000,0000,0000,0000,0,0f95,0f95,0000,0,000,0f95,0f95
1568,1568,0,2073736572700000,ff,0,0,0f95,0283,0,0000,0f95,0,0f8d,0008,1,1,0,0,0000,0f95,0000,0000,0000,0000,0,0f95,0f95,0000,0,000,0f95,0f95
1569,1569,0,2073736572700000,ff,0,0,0f95,0283,0,0000,0f95,0,0f8d,0008,1,1,0,0,0000,0f95,0000,0000,0000,0000,0,0f95,0f95,0000,0,000,0f95,0f95
1570,1570,0,2073736572700000,ff,0,0,0f95,0283,0,0000,0f95,0,0f8d,0008,1,1,0,0,0000,0f95,0000,0000,0000,0000,0,0f95,0f95,0000,0,000,0f95,0f95
1571,1571,0,2073736572700000,ff,0,0,0f95,0283,0,0000,0f95,0,0f8d,0008,1,1,0,0,0000,0f95,0000,0000,0000,0000,0,0f95,0f95,0000,0,000,0f95,0f95
1572,1572,0,2073736572700000,ff,0,0,0f95,0283,0,0000,0f95,0,0f8d,0008,1,1,0,0,0000,0f95,0000,0000,0000,0000,0,0f95,0f95,0000,0,000,0f95,0f95
1573,1573,0,2073736572700000,ff,0,0,0f95,0283,0,0000,0f95,0,0f8d,0008,1,1,0,0,0000,0f95,0000,0000,0000,0000,0,0f95,0f95,0000,0,000,0f95,0f95
1574,1574,0,2073736572700000,ff,0,0,0f95,0283,0,0000,0f95,0,0f8d,0008,1,1,0,0,0000,0f95,0000,0000,0000,0000,0,0f95,0f95,0000,0,000,0f95,0f95
1575,1575,0,2073736572700000,ff,0,0,0f95,0283,0,0000,0f95,0,0f8d,0008,1,1,0,0,0000,0f95,0000,0000,0000,0000,0,0f95,0f95,0000,0,000,0f95,0f95
1576,1576,0,2073736572700000,ff,0,0,0f95,0283,0,0000,0f95,0,0f8d,0008,1,1,0,0,0000,0f95,0000,0000,0000,0000,0,0f95,0f95,0000,0,000,0f95,0f95
1577,1577,0,2073736572700000,ff,0,0,0f95,0283,0,0000,0f95,0,0f8d,0008,1,1,0,0,0000,0f95,0000,0000,0000,0000,0,0f95,0f95,0000,0,000,0f95,0f95
1578,1578,0,2073736572700000,ff,0,0,0f95,0283,0,0000,0f95,0,0f8d,0008,1,1,0,0,0000,0f95,0000,0000,0000,0000,0,0f95,0f95,0000,0,000,0f95,0f95
1579,1579,0,2073736572700000,ff,0,0,0f95,0283,0,0000,0f95,0,0f8d,0008,1,1,0,0,0000,0f95,0000,0000,0000,0000,0,0f95,0f95,0000,0,000,0f95,0f95
1580,1580,0,2073736572700000,ff,0,0,0f95,0283,0,0000,0f95,0,0f8d,0008,1,1,0,0,0000,0f95,0000,0000,0000,0000,0,0f95,0f95,0000,0,000,0f95,0f95
1581,1581,0,2073736572700000,ff,0,0,0f95,0283,0,0000,0f95,0,0f8d,0008,1,1,0,0,0000,0f95,0000,0000,0000,0000,0,0f95,0f95,0000,0,000,0f95,0f95
1582,1582,0,2073736572700000,ff,0,0,0f95,0283,0,0000,0f95,0,0f8d,0008,1,1,0,0,0000,0f95,0000,0000,0000,0000,0,0f95,0f95,0000,0,000,0f95,0f95
1583,1583,0,2073736572700000,ff,0,0,0f95,0283,0,0000,0f95,0,0f8d,0008,1,1,0,0,0000,0f95,0000,0000,0000,0000,0,0f95,0f95,0000,0,000,0f95,0f95
1584,1584,0,2073736572700000,ff,0,0,0f95,0283,0,0000,0f95,0,0f8d,0008,1,1,0,0,0000,0f95,0000,0000,0000,0000,0,0f95,0f95,0000,0,000,0f95,0f95
1585,1585,0,2073736572700000,ff,0,0,0f95,0283,0,0000,0f95,0,0f8d,0008,1,1,0,0,0000,0f95,0000,0000,0000,0000,0,0f95,0f95,0000,0,000,0f95,0f95
1586,1586,0,2073736572700000,ff,0,0,0f95,0283,0,0000,0f95,0,0f8d,0008,1,1,0,0,0000,0f95,0000,0000,0000,0000,0,0f95,0f95,0000,0,000,0f95,0f95
1587,1587,0,2073736572700000,ff,0,0,0f95,0283,0,0000,0f95,0,0f8d,0008,1,1,0,0,0000,0f95,0000,0000,0000,0000,0,0f95,0f95,0000,0,000,0f95,0f95
1588,1588,0,2073736572700000,ff,0,0,0f95,0283,0,0000,0f95,0,0f8d,0008,1,1,0,0,0000,0f95,0000,0000,0000,0000,0,0f95,0f95,0000,0,000,0f95,0f95
1589,1589,0,2073736572700000,ff,0,0,0f95,0283,0,0000,0f95,0,0f8d,0008,1,1,0,0,0000,0f95,0000,0000,0000,0000,0,0f95,0f95,0000,0,000,0f95,0f95
1590,1590,0,2073736572700000,ff,0,0,0f95,0283,0,0000,0f95,0,0f8d,0008,1,1,0,0,0000,0f95,0000,0000,0000,0000,0,0f95,0f95,0000,0,000,0f95,0f95
1591,1591,0,2073736572700000,ff,0,0,0f95,0283,0,0000,0f95,0,0f8d,0008,1,1,0,0,0000,0f95,0000,0000,0000,0000,0,0f95,0f95,0000,0,000,0f95,0f95
1592,1592,0,2073736572700000,ff,0,0,0f95,0283,0,0000,0f95,0,0f8d,0008,1,1,0,0,0000,0f95,0000,0000,0000,0000,0,0f95,0f95,0000,0,000,0f95,0f95
1593,1593,0,2073736572700000,ff,0,0,0f95,0283,0,0000,0f95,0,0f8d,0008,1,1,0,0,0000,0f95,0000,0000,0000,0000,0,0f95,0f95,0000,0,000,0f95,0f95
1594,1594,0,2073736572700000,ff,0,0,0f95,0283,0,0000,0f95,0,0f8d,0008,1,1,0,0,0000,0f95,0000,0000,0000,0000,0,0f95,0f95,0000,0,000,0f95,0f95
1595,1595,0,2073736572700000,ff,0,0,0f95,0283,0,0000,0f95,0,0f8d,0008,1,1,0,0,0000,0f95,0000,0000,0000,0000,0,0f95,0f95,0000,0,000,0f95,0f95
1596,1596,0,2073736572700000,ff,0,0,0f95,0283,0,0000,0f95,0,0f8d,0008,1,1,0,0,0000,0f95,0000,0000,0000,0000,0,0f95,0f95,0000,0,000,0f95,0f95
1597,1597,0,2073736572700000,ff,0,0,0f95,0283,0,0000,0f95,0,0f8d,0008,1,1,0,0,0000,0f95,0000,0000,0000,0000,0,0f95,0f95,0000,0,000,0f95,0f95
1598,1598,0,2073736572700000,ff,0,0,0f95,0283,0,0000,0f95,0,0f8d,0008,1,1,0,0,0000,0f95,0000,0000,0000,0000,0,0f95,0f95,0000,0,000,0f95,0f95
1599,1599,0,2073736572700000,ff,0,0,0f95,0283,0,0000,0f95,0,0f8d,0008,1,1,0,0,0000,0f95,0000,0000,0000,0000,0,0f95,0f95,0000,0,000,0f95,0f95
1600,1600,0,2073736572700000,ff,0,0,0f95,0283,0,0000,0f95,0,0f8d,0008,1,1,0,0,0000,0f95,0000,0000,0000,0000,0,0f95,0f95,0000,0,000,0f95,0f95
1601,1601,0,2073736572700000,ff,0,0,0f95,0283,0,0000,0f95,0,0f8d,0008,1,1,0,0,0000,0f95,0000,0000,0000,0000,0,0f95,0f95,0000,0,000,0f95,0f95
1602,1602,0,2073736572700000,ff,0,0,0f95,0283,0,0000,0f95,0,0f8d,0008,1,1,0,0,0000,0f95,0000,0000,0000,0000,0,0f95,0f95,0000,0,000,0f95,0f95
1603,1603,0,2073736572700000,ff,0,0,0f95,0283,0,0000,0f95,0,0f8d,0008,1,1,0,0,0000,0f95,0000,0000,0000,0000,0,0f95,0f95,0000,0,000,0f95,0f95
1604,1604,0,2073736572700000,ff,0,0,0f95,0283,0,0000,0f95,0,0f8d,0008,1,1,0,0,0000,0f95,0000,0000,0000,0000,0,0f95,0f95,0000,0,000,0f95,0f95
1605,1605,0,2073736572700000,ff,0,0,0f95,0283,0,0000,0f95,0,0f8d,0008,1,1,0,0,0000,0f95,0000,0000,0000,0000,0,0f95,0f95,0000,0,000,0f95,0f95
1606,1606,0,2073736572700000,ff,0,0,0f95,0283,0,0000,0f95,0,0f8d,0008,1,1,0,0,0000,0f95,0000,0000,0000,0000,0,0f95,0f95,0000,0,000,0f95,0f95
1607,1607,0,2073736572700000,ff,0,0,0f95,0283,0,0000,0f95,0,0f8d,0008,1,1,0,0,0000,0f95,0000,0000,0000,0000,0,0f95,0f95,0000,0,000,0f95,0f95
1608,1608,0,2073736572700000,ff,0,0,0f95,0283,0,0000,0f95,0,0f8d,0008,1,1,0,0,0000,0f95,0000,0000,0000,0000,0,0f95,0f95,0000,0,000,0f95,0f95
1609,1609,0,2073736572700000,ff,0,0,0f95,0283,0,0000,0f95,0,0f8d,0008,1,1,0,0,0000,0f95,0000,0000,0000,0000,0,0f95,0f95,0000,0,000,0f95,0f95
1610,1610,0,2073736572700000,ff,0,0,0f95,0283,0,0000,0f95,0,0f8d,0008,1,1,0,0,0000,0f95,0000,0000,0000,0000,0,0f95,0f95,0000,0,000,0f95,0f95
1611,1611,0,2073736572700000,ff,0,0,0f95,0283,0,0000,0f95,0,0f8d,0008,1,1,0,0,0000,0f95,0000,0000,0000,0000,0,0f95,0f95,0000,0,000,0f95,0f95
1612,1612,0,2073736572700000,ff,0,0,0f95,0283,0,0000,0f95,0,0f8d,0008,1,1,0,0,0000,0f95,0000,0000,0000,0000,0,0f95,0f95,0000,0,000,0f95,0f95
1613,1613,0,2073736572700000,ff,0,0,0f95,0283,0,0000,0f95,0,0f8d,0008,1,1,0,0,0000,0f95,0000,0000,0000,0000,0,0f95,0f95,0000,0,000,0f95,0f95
1614,1614,0,2073736572700000,ff,0,0,0f95,0283,0,0000,0f95,0,0f8d,0008,1,1,0,0,0000,0f95,0000,0000,0000,0000,0,0f95,0f95,0000,0,000,0f95,0f95
1615,1615,0,2073736572700000,ff,0,0,0f95,0283,0,0000,0f95,0,0f8d,0008,1,1,0,0,0000,0f95,0000,0000,0000,0000,0,0f95,0f95,0000,0,000,0f95,0f95
1616,1616,0,2073736572700000,ff,0,0,0f95,0283,0,0000,0f95,0,0f8d,0008,1,1,0,0,0000,0f95,0000,0000,0000,0000,0,0f95,0f95,0000,0,000,0f95,0f95
1617,1617,0,2073736572700000,ff,0,0,0f95,0283,0,0000,0f95,0,0f8d,0008,1,1,0,0,0000,0f95,0000,0000,0000,0000,0,0f95,0f95,0000,0,000,0f95,0f95
1618,1618,0,2073736572700000,ff,0,0,0f95,0283,0,0000,0f95,0,0f8d,0008,1,1,0,0,0000,0f95,0000,0000,0000,0000,0,0f95,0f95,0000,0,000,0f95,0f95
1619,1619,0,2073736572700000,ff,0,0,0f95,0283,0,0000,0f95,0,0f8d,0008,1,1,0,0,0000,0f95,0000,0000,0000,0000,0,0f95,0f95,0000,0,000,0f95,0f95
1620,1620,0,2073736572700000,ff,0,0,0f95,0283,0,0000,0f95,0,0f8d,0008,1,1,0,0,0000,0f95,0000,0000,0000,0000,0,0f95,0f95,0000,0,000,0f95,0f95
1621,1621,0,2073736572700000,ff,0,0,0f95,0283,0,0000,0f95,0,0f8d,0008,1,1,0,0,0000,0f95,0000,0000,0000,0000,0,0f95,0f95,0000,0,000,0f95,0f95
1622,1622,0,2073736572700000,ff,0,0,0f95,0283,0,0000,0f95,0,0f8d,0008,1,1,0,0,0000,0f95,0000,0000,0000,0000,0,0f95,0f95,0000,0,000,0f95,0f95
1623,1623,0,2073736572700000,ff,0,0,0f95,0283,0,0000,0f95,0,0f8d,0008,1,1,0,0,0000,0f95,0000,0000,0000,0000,0,0f95,0f95,0000,0,000,0f95,0f95
1624,1624,0,2073736572700000,ff,0,0,0f95,0283,0,0000,0f95,0,0f8d,0008,1,1,0,0,0000,0f95,0000,0000,0000,0000,0,0f95,0f95,0000,0,000,0f95,0f95
1625,1625,0,2073736572700000,ff,0,0,0f95,0283,0,0000,0f95,0,0f8d,0008,1,1,0,0,0000,0f95,0000,0000,0000,0000,0,0f95,0f95,0000,0,000,0f95,0f95
1626,1626,0,2073736572700000,ff,0,0,0f95,0283,0,0000,0f95,0,0f8d,0008,1,1,0,0,0000,0f95,0000,0000,0000,0000,0,0f95,0f95,0000,0,000,0f95,0f95
1627,1627,0,2073736572700000,ff,0,0,0f95,0283,0,0000,0f95,0,0f8d,0008,1,1,0,0,0000,0f95,0000,0000,0000,0000,0,0f95,0f95,0000,0,000,0f95,0f95
1628,1628,0,2073736572700000,ff,0,0,0f95,0283,0,0000,0f95,0,0f8d,0008,1,1,0,0,0000,0f95,0000,0000,0000,0000,0,0f95,0f95,0000,0,000,0f95,0f95
1629,1629,0,2073736572700000,ff,0,0,0f95,0283,0,0000,0f95,0,0f8d,0008,1,1,0,0,0000,0f95,0000,0000,0000,0000,0,0f95,0f95,0000,0,000,0f95,0f95
1630,1630,0,2073736572700000,ff,0,0,0f95,0283,0,0000,0f95,0,0f8d,0008,1,1,0,0,0000,0f95,0000,0000,0000,0000,0,0f95,0f95,0000,0,000,0f95,0f95
1631,1631,0,2073736572700000,ff,0,0,0f95,0283,0,0000,0f95,0,0f8d,0008,1,1,0,0,0000,0f95,0000,0000,0000,0000,0,0f95,0f95,0000,0,000,0f95,0f95
1632,1632,0,2073736572700000,ff,0,0,0f95,0283,0,0000,0f95,0,0f8d,0008,1,1,0,0,0000,0f95,0000,0000,0000,0000,0,0f95,0f95,0000,0,000,0f95,0f95
1633,1633,0,2073736572700000,ff,0,0,0f95,0283,0,0000,0f95,0,0f8d,0008,1,1,0,0,0000,0f95,0000,0000,0000,0000,0,0f95,0f95,0000,0,000,0f95,0f95
1634,1634,0,2073736572700000,ff,0,0,0f95,0283,0,0000,0f95,0,0f8d,0008,1,1,0,0,0000,0f95,0000,0000,0000,0000,0,0f95,0f95,0000,0,000,0f95,0f95
1635,1635,0,2073736572700000,ff,0,0,0f95,0283,0,0000,0f95,0,0f8d,0008,1,1,0,0,0000,0f95,0000,0000,0000,0000,0,0f95,0f95,0000,0,000,0f95,0f95
1636,1636,0,2073736572700000,ff,0,0,0f95,0283,0,0000,0f95,0,0f8d,0008,1,1,0,0,0000,0f95,0000,0000,0000,0000,0,0f95,0f95,0000,0,000,0f95,0f95
1637,1637,0,2073736572700000,ff,0,0,0f95,0283,0,0000,0f95,0,0f8d,0008,1,1,0,0,0000,0f95,0000,0000,0000,0000,0,0f95,0f95,0000,0,000,0f95,0f95
1638,1638,0,2073736572700000,ff,0,0,0f95,0283,0,0000,0f95,0,0f8d,0008,1,1,0,0,0000,0f95,0000,0000,0000,0000,0,0f95,0f95,0000,0,000,0f95,0f95
1639,1639,0,2073736572700000,ff,0,0,0f95,0283,0,0000,0f95,0,0f8d,0008,1,1,0,0,0000,0f95,0000,0000,0000,0000,0,0f95,0f95,0000,0,000,0f95,0f95
1640,1640,0,2073736572700000,ff,0,0,0f95,0283,0,0000,0f95,0,0f8d,0008,1,1,0,0,0000,0f95,0000,0000,0000,0000,0,0f95,0f95,0000,0,000,0f95,0f95
1641,1641,0,2073736572700000,ff,0,0,0f95,0283,0,0000,0f95,0,0f8d,0008,1,1,0,0,0000,0f95,0000,0000,0000,0000,0,0f95,0f95,0000,0,000,0f95,0f95
1642,1642,0,2073736572700000,ff,0,0,0f95,0283,0,0000,0f95,0,0f8d,0008,1,1,0,0,0000,0f95,0000,0000,0000,0000,0,0f95,0f95,0000,0,000,0f95,0f95
1643,1643,0,2073736572700000,ff,0,0,0f95,0283,0,0000,0f95,0,0f8d,0008,1,1,0,0,0000,0f95,0000,0000,0000,0000,0,0f95,0f95,0000,0,000,0f95,0f95
1644,1644,0,2073736572700000,ff,0,0,0f95,0283,0,0000,0f95,0,0f8d,0008,1,1,0,0,0000,0f95,0000,0000,0000,0000,0,0f95,0f95,0000,0,000,0f95,0f95
1645,1645,0,2073736572700000,ff,0,0,0f95,0283,0,0000,0f95,0,0f8d,0008,1,1,0,0,0000,0f95,0000,0000,0000,0000,0,0f95,0f95,0000,0,000,0f95,0f95
1646,1646,0,2073736572700000,ff,0,0,0f95,0283,0,0000,0f95,0,0f8d,0008,1,1,0,0,0000,0f95,0000,0000,0000,0000,0,0f95,0f95,0000,0,000,0f95,0f95
1647,1647,0,2073736572700000,ff,0,0,0f95,0283,0,0000,0f95,0,0f8d,0008,1,1,0,0,0000,0f95,0000,0000,0000,0000,0,0f95,0f95,0000,0,000,0f95,0f95
1648,1648,0,2073736572700000,ff,0,0,0f95,0283,0,0000,0f95,0,0f8d,0008,1,1,0,0,0000,0f95,0000,0000,0000,0000,0,0f95,0f95,0000,0,000,0f95,0f95
1649,1649,0,2073736572700000,ff,0,0,0f95,0283,0,0000,0f95,0,0f8d,0008,1,1,0,0,0000,0f95,0000,0000,0000,0000,0,0f95,0f95,0000,0,000,0f95,0f95
1650,1650,0,2073736572700000,ff,0,0,0f95,0283,0,0000,0f95,0,0f8d,0008,1,1,0,0,0000,0f95,0000,0000,0000,0000,0,0f95,0f95,0000,0,000,0f95,0f95
1651,1651,0,2073736572700000,ff,0,0,0f95,0283,0,0000,0f95,0,0f8d,0008,1,1,0,0,0000,0f95,0000,0000,0000,0000,0,0f95,0f95,0000,0,000,0f95,0f95
1652,1652,0,2073736572700000,ff,0,0,0f95,0283,0,0000,0f95,0,0f8d,0008,1,1,0,0,0000,0f95,0000,0000,0000,0000,0,0f95,0f95,0000,0,000,0f95,0f95
1653,1653,0,2073736572700000,ff,0,0,0f95,0283,0,0000,0f95,0,0f8d,0008,1,1,0,0,0000,0f95,0000,0000,0000,0000,0,0f95,0f95,0000,0,000,0f95,0f95
1654,1654,0,2073736572700000,ff,0,0,0f95,0283,0,0000,0f95,0,0f8d,0008,1,1,0,0,0000,0f95,0000,0000,0000,0000,0,0f95,0f95,0000,0,000,0f95,0f95
1655,1655,0,2073736572700000,ff,0,0,0f95,0283,0,0000,0f95,0,0f8d,0008,1,1,0,0,0000,0f95,0000,0000,0000,0000,0,0f95,0f95,0000,0,000,0f95,0f95
1656,1656,0,2073736572700000,ff,0,0,0f95,0283,0,0000,0f95,0,0f8d,0008,1,1,0,0,0000,0f95,0000,0000,0000,0000,0,0f95,0f95,0000,0,000,0f95,0f95
1657,1657,0,2073736572700000,ff,0,0,0f95,0283,0,0000,0f95,0,0f8d,0008,1,1,0,0,0000,0f95,0000,0000,0000,0000,0,0f95,0f95,0000,0,000,0f95,0f95
1658,1658,0,2073736572700000,ff,0,0,0f95,0283,0,0000,0f95,0,0f8d,0008,1,1,0,0,0000,0f95,0000,0000,0000,0000,0,0f95,0f95,0000,0,000,0f95,0f95
1659,1659,0,2073736572700000,ff,0,0,0f95,0283,0,0000,0f95,0,0f8d,0008,1,1,0,0,0000,0f95,0000,0000,0000,0000,0,0f95,0f95,0000,0,000,0f95,0f95
1660,1660,0,2073736572700000,ff,0,0,0f95,0283,0,0000,0f95,0,0f8d,0008,1,1,0,0,0000,0f95,0000,0000,0000,0000,0,0f95,0f95,0000,0,000,0f95,0f95
1661,1661,0,2073736572700000,ff,0,0,0f95,0283,0,0000,0f95,0,0f8d,0008,1,1,0,0,0000,0f95,0000,0000,0000,0000,0,0f95,0f95,0000,0,000,0f95,0f95
1662,1662,0,2073736572700000,ff,0,0,0f95,0283,0,0000,0f95,0,0f8d,0008,1,1,0,0,0000,0f95,0000,0000,0000,0000,0,0f95,0f95,0000,0,000,0f95,0f95
1663,1663,0,2073736572700000,ff,0,0,0f95,0283,0,0000,0f95,0,0f8d,0008,1,1,0,0,0000,0f95,0000,0000,0000,0000,0,0f95,0f95,0000,0,000,0f95,0f95
1664,1664,0,2073736572700000,ff,0,0,0f95,0283,0,0000,0f95,0,0f8d,0008,1,1,0,0,0000,0f95,0000,0000,0000,0000,0,0f95,0f95,0000,0,000,0f95,0f95
1665,1665,0,2073736572700000,ff,0,0,0f95,0283,0,0000,0f95,0,0f8d,0008,1,1,0,0,0000,0f95,0000,0000,0000,0000,0,0f95,0f95,0000,0,000,0f95,0f95
1666,1666,0,2073736572700000,ff,0,0,0f95,0283,0,0000,0f95,0,0f8d,0008,1,1,0,0,0000,0f95,0000,0000,0000,0000,0,0f95,0f95,0000,0,000,0f95,0f95
1667,1667,0,2073736572700000,ff,0,0,0f95,0283,0,0000,0f95,0,0f8d,0008,1,1,0,0,0000,0f95,0000,0000,0000,0000,0,0f95,0f95,0000,0,000,0f95,0f95
1668,1668,0,2073736572700000,ff,0,0,0f95,0283,0,0000,0f95,0,0f8d,0008,1,1,0,0,0000,0f95,0000,0000,0000,0000,0,0f95,0f95,0000,0,000,0f95,0f95
1669,1669,0,2073736572700000,ff,0,0,0f95,0283,0,0000,0f95,0,0f8d,0008,1,1,0,0,0000,0f95,0000,0000,0000,0000,0,0f95,0f95,0000,0,000,0f95,0f95
1670,1670,0,2073736572700000,ff,0,0,0f95,0283,0,0000,0f95,0,0f8d,0008,1,1,0,0,0000,0f95,0000,0000,0000,0000,0,0f95,0f95,0000,0,000,0f95,0f95
1671,1671,0,2073736572700000,ff,0,0,0f95,0283,0,0000,0f95,0,0f8d,0008,1,1,0,0,0000,0f95,0000,0000,0000,0000,0,0f95,0f95,0000,0,000,0f95,0f95
1672,1672,0,2073736572700000,ff,0,0,0f95,0283,0,0000,0f95,0,0f8d,0008,1,1,0,0,0000,0f95,0000,0000,0000,0000,0,0f95,0f95,0000,0,000,0f95,0f95
1673,1673,0,2073736572700000,ff,0,0,0f95,0283,0,0000,0f95,0,0f8d,0008,1,1,0,0,0000,0f95,0000,0000,0000,0000,0,0f95,0f95,0000,0,000,0f95,0f95
1674,1674,0,2073736572700000,ff,0,0,0f95,0283,0,0000,0f95,0,0f8d,0008,1,1,0,0,0000,0f95,0000,0000,0000,0000,0,0f95,0f95,0000,0,000,0f95,0f95
1675,1675,0,2073736572700000,ff,0,0,0f95,0283,0,0000,0f95,0,0f8d,0008,1,1,0,0,0000,0f95,0000,0000,0000,0000,0,0f95,0f95,0000,0,000,0f95,0f95
1676,1676,0,2073736572700000,ff,0,0,0f95,0283,0,0000,0f95,0,0f8d,0008,1,1,0,0,0000,0f95,0000,0000,0000,0000,0,0f95,0f95,0000,0,000,0f95,0f95
1677,1677,0,2073736572700000,ff,0,0,0f95,0283,0,0000,0f95,0,0f8d,0008,1,1,0,0,0000,0f95,0000,0000,0000,0000,0,0f95,0f95,0000,0,000,0f95,0f95
1678,1678,0,2073736572700000,ff,0,0,0f95,0283,0,0000,0f95,0,0f8d,0008,1,1,0,0,0000,0f95,0000,0000,0000,0000,0,0f95,0f95,0000,0,000,0f95,0f95
1679,1679,0,2073736572700000,ff,0,0,0f95,0283,0,0000,0f95,0,0f8d,0008,1,1,0,0,0000,0f95,0000,0000,0000,0000,0,0f95,0f95,0000,0,000,0f95,0f95
1680,1680,0,2073736572700000,ff,0,0,0f95,0283,0,0000,0f95,0,0f8d,0008,1,1,0,0,0000,0f95,0000,0000,0000,0000,0,0f95,0f95,0000,0,000,0f95,0f95
1681,1681,0,2073736572700000,ff,0,0,0f95,0283,0,0000,0f95,0,0f8d,0008,1,1,0,0,0000,0f95,0000,0000,0000,0000,0,0f95,0f95,0000,0,000,0f95,0f95
1682,1682,0,2073736572700000,ff,0,0,0f95,0283,0,0000,0f95,0,0f8d,0008,1,1,0,0,0000,0f95,0000,0000,0000,0000,0,0f95,0f95,0000,0,000,0f95,0f95
1683,1683,0,2073736572700000,ff,0,0,0f95,0283,0,0000,0f95,0,0f8d,0008,1,1,0,0,0000,0f95,0000,0000,0000,0000,0,0f95,0f95,0000,0,000,0f95,0f95
1684,1684,0,2073736572700000,ff,0,0,0f95,0283,0,0000,0f95,0,0f8d,0008,1,1,0,0,0000,0f95,0000,0000,0000,0000,0,0f95,0f95,0000,0,000,0f95,0f95
1685,1685,0,2073736572700000,ff,0,0,0f95,0283,0,0000,0f95,0,0f8d,0008,1,1,0,0,0000,0f95,0000,0000,0000,0000,0,0f95,0f95,0000,0,000,0f95,0f95
1686,1686,0,2073736572700000,ff,0,0,0f95,0283,0,0000,0f95,0,0f8d,0008,1,1,0,0,0000,0f95,0000,0000,0000,0000,0,0f95,0f95,0000,0,000,0f95,0f95
1687,1687,0,2073736572700000,ff,0,0,0f95,0283,0,0000,0f95,0,0f8d,0008,1,1,0,0,0000,0f95,0000,0000,0000,0000,0,0f95,0f95,0000,0,000,0f95,0f95
1688,1688,0,2073736572700000,ff,0,0,0f95,0283,0,0000,0f95,0,0f8d,0008,1,1,0,0,0000,0f95,0000,0000,0000,0000,0,0f95,0f95,0000,0,000,0f95,0f95
1689,1689,0,2073736572700000,ff,0,0,0f95,0283,0,0000,0f95,0,0f8d,0008,1,1,0,0,0000,0f95,0000,0000,0000,0000,0,0f95,0f95,0000,0,000,0f95,0f95
1690,1690,0,2073736572700000,ff,0,0,0f95,0283,0,0000,0f95,0,0f8d,0008,1,1,0,0,0000,0f95,0000,0000,0000,0000,0,0f95,0f95,0000,0,000,0f95,0f95
1691,1691,0,2073736572700000,ff,0,0,0f95,0283,0,0000,0f95,0,0f8d,0008,1,1,0,0,0000,0f95,0000,0000,0000,0000,0,0f95,0f95,0000,0,000,0f95,0f95
1692,1692,0,2073736572700000,ff,0,0,0f95,0283,0,0000,0f95,0,0f8d,0008,1,1,0,0,0000,0f95,0000,0000,0000,0000,0,0f95,0f95,0000,0,000,0f95,0f95
1693,1693,0,2073736572700000,ff,0,0,0f95,0283,0,0000,0f95,0,0f8d,0008,1,1,0,0,0000,0f95,0000,0000,0000,0000,0,0f95,0f95,0000,0,000,0f95,0f95
1694,1694,0,2073736572700000,ff,0,0,0f95,0283,0,0000,0f95,0,0f8d,0008,1,1,0,0,0000,0f95,0000,0000,0000,0000,0,0f95,0f95,0000,0,000,0f95,0f95
1695,1695,0,2073736572700000,ff,0,0,0f95,0283,0,0000,0f95,0,0f8d,0008,1,1,0,0,0000,0f95,0000,0000,0000,0000,0,0f95,0f95,0000,0,000,0f95,0f95
1696,1696,0,2073736572700000,ff,0,0,0f95,0283,0,0000,0f95,0,0f8d,0008,1,1,0,0,0000,0f95,0000,0000,0000,0000,0,0f95,0f95,0000,0,000,0f95,0f95
1697,1697,0,2073736572700000,ff,0,0,0f95,0283,0,0000,0f95,0,0f8d,0008,1,1,0,0,0000,0f95,0000,0000,0000,0000,0,0f95,0f95,0000,0,000,0f95,0f95
1698,1698,0,2073736572700000,ff,0,0,0f95,0283,0,0000,0f95,0,0f8d,0008,1,1,0,0,0000,0f95,0000,0000,0000,0000,0,0f95,0f95,0000,0,000,0f95,0f95
1699,1699,0,2073736572700000,ff,0,0,0f95,0283,0,0000,0f95,0,0f8d,0008,1,1,0,0,0000,0f95,0000,0000,0000,0000,0,0f95,0f95,0000,0,000,0f95,0f95
1700,1700,0,2073736572700000,ff,0,0,0f95,0283,0,0000,0f95,0,0f8d,0008,1,1,0,0,0000,0f95,0000,0000,0000,0000,0,0f95,0f95,0000,0,000,0f95,0f95
1701,1701,0,2073736572700000,ff,0,0,0f95,0283,0,0000,0f95,0,0f8d,0008,1,1,0,0,0000,0f95,0000,0000,0000,0000,0,0f95,0f95,0000,0,000,0f95,0f95
1702,1702,0,2073736572700000,ff,0,0,0f95,0283,0,0000,0f95,0,0f8d,0008,1,1,0,0,0000,0f95,0000,0000,0000,0000,0,0f95,0f95,0000,0,000,0f95,0f95
1703,1703,0,2073736572700000,ff,0,0,0f95,0283,0,0000,0f95,0,0f8d,0008,1,1,0,0,0000,0f95,0000,0000,0000,0000,0,0f95,0f95,0000,0,000,0f95,0f95
1704,1704,0,2073736572700000,ff,0,0,0f95,0283,0,0000,0f95,0,0f8d,0008,1,1,0,0,0000,0f95,0000,0000,0000,0000,0,0f95,0f95,0000,0,000,0f95,0f95
1705,1705,0,2073736572700000,ff,0,0,0f95,0283,0,0000,0f95,0,0f8d,0008,1,1,0,0,0000,0f95,0000,0000,0000,0000,0,0f95,0f95,0000,0,000,0f95,0f95
1706,1706,0,2073736572700000,ff,0,0,0f95,0283,0,0000,0f95,0,0f8d,0008,1,1,0,0,0000,0f95,0000,0000,0000,0000,0,0f95,0f95,0000,0,000,0f95,0f95
1707,1707,0,2073736572700000,ff,0,0,0f95,0283,0,0000,0f95,0,0f8d,0008,1,1,0,0,0000,0f95,0000,0000,0000,0000,0,0f95,0f95,0000,0,000,0f95,0f95
1708,1708,0,2073736572700000,ff,0,0,0f95,0283,0,0000,0f95,0,0f8d,0008,1,1,0,0,0000,0f95,0000,0000,0000,0000,0,0f95,0f95,0000,0,000,0f95,0f95
1709,1709,0,2073736572700000,ff,0,0,0f95,0283,0,0000,0f95,0,0f8d,0008,1,1,0,0,0000,0f95,0000,0000,0000,0000,0,0f95,0f95,0000,0,000,0f95,0f95
1710,1710,0,2073736572700000,ff,0,0,0f95,0283,0,0000,0f95,0,0f8d,0008,1,1,0,0,0000,0f95,0000,0000,0000,0000,0,0f95,0f95,0000,0,000,0f95,0f95
1711,1711,0,2073736572700000,ff,0,0,0f95,0283,0,0000,0f95,0,0f8d,0008,1,1,0,0,0000,0f95,0000,0000,0000,0000,0,0f95,0f95,0000,0,000,0f95,0f95
1712,1712,0,2073736572700000,ff,0,0,0f95,0283,0,0000,0f95,0,0f8d,0008,1,1,0,0,0000,0f95,0000,0000,0000,0000,0,0f95,0f95,0000,0,000,0f95,0f95
1713,1713,0,2073736572700000,ff,0,0,0f95,0283,0,0000,0f95,0,0f8d,0008,1,1,0,0,0000,0f95,0000,0000,0000,0000,0,0f95,0f95,0000,0,000,0f95,0f95
1714,1714,0,2073736572700000,ff,0,0,0f95,0283,0,0000,0f95,0,0f8d,0008,1,1,0,0,0000,0f95,0000,0000,0000,0000,0,0f95,0f95,0000,0,000,0f95,0f95
1715,1715,0,2073736572700000,ff,0,0,0f95,0283,0,0000,0f95,0,0f8d,0008,1,1,0,0,0000,0f95,0000,0000,0000,0000,0,0f95,0f95,0000,0,000,0f95,0f95
1716,1716,0,2073736572700000,ff,0,0,0f95,0283,0,0000,0f95,0,0f8d,0008,1,1,0,0,0000,0f95,0000,0000,0000,0000,0,0f95,0f95,0000,0,000,0f95,0f95
1717,1717,0,2073736572700000,ff,0,0,0f95,0283,0,0000,0f95,0,0f8d,0008,1,1,0,0,0000,0f95,0000,0000,0000,0000,0,0f95,0f95,0000,0,000,0f95,0f95
1718,1718,0,2073736572700000,ff,0,0,0f95,0283,0,0000,0f95,0,0f8d,0008,1,1,0,0,0000,0f95,0000,0000,0000,0000,0,0f95,0f95,0000,0,000,0f95,0f95
1719,1719,0,2073736572700000,ff,0,0,0f95,0283,0,0000,0f95,0,0f8d,0008,1,1,0,0,0000,0f95,0000,0000,0000,0000,0,0f95,0f95,0000,0,000,0f95,0f95
1720,1720,0,2073736572700000,ff,0,0,0f95,0283,0,0000,0f95,0,0f8d,0008,1,1,0,0,0000,0f95,0000,0000,0000,0000,0,0f95,0f95,0000,0,000,0f95,0f95
1721,1721,0,2073736572700000,ff,0,0,0f95,0283,0,0000,0f95,0,0f8d,0008,1,1,0,0,0000,0f95,0000,0000,0000,0000,0,0f95,0f95,0000,0,000,0f95,0f95
1722,1722,0,2073736572700000,ff,0,0,0f95,0283,0,0000,0f95,0,0f8d,0008,1,1,0,0,0000,0f95,0000,0000,0000,0000,0,0f95,0f95,0000,0,000,0f95,0f95
1723,1723,0,2073736572700000,ff,0,0,0f95,0283,0,0000,0f95,0,0f8d,0008,1,1,0,0,0000,0f95,0000,0000,0000,0000,0,0f95,0f95,0000,0,000,0f95,0f95
1724,1724,0,2073736572700000,ff,0,0,0f95,0283,0,0000,0f95,0,0f8d,0008,1,1,0,0,0000,0f95,0000,0000,0000,0000,0,0f95,0f95,0000,0,000,0f95,0f95
1725,1725,0,2073736572700000,ff,0,0,0f95,0283,0,0000,0f95,0,0f8d,0008,1,1,0,0,0000,0f95,0000,0000,0000,0000,0,0f95,0f95,0000,0,000,0f95,0f95
1726,1726,0,2073736572700000,ff,0,0,0f95,0283,0,0000,0f95,0,0f8d,0008,1,1,0,0,0000,0f95,0000,0000,0000,0000,0,0f95,0f95,0000,0,000,0f95,0f95
1727,1727,0,2073736572700000,ff,0,0,0f95,0283,0,0000,0f95,0,0f8d,0008,1,1,0,0,0000,0f95,0000,0000,0000,0000,0,0f95,0f95,0000,0,000,0f95,0f95
1728,1728,0,2073736572700000,ff,0,0,0f95,0283,0,0000,0f95,0,0f8d,0008,1,1,0,0,0000,0f95,0000,0000,0000,0000,0,0f95,0f95,0000,0,000,0f95,0f95
1729,1729,0,2073736572700000,ff,0,0,0f95,0283,0,0000,0f95,0,0f8d,0008,1,1,0,0,0000,0f95,0000,0000,0000,0000,0,0f95,0f95,0000,0,000,0f95,0f95
1730,1730,0,2073736572700000,ff,0,0,0f95,0283,0,0000,0f95,0,0f8d,0008,1,1,0,0,0000,0f95,0000,0000,0000,0000,0,0f95,0f95,0000,0,000,0f95,0f95
1731,1731,0,2073736572700000,ff,0,0,0f95,0283,0,0000,0f95,0,0f8d,0008,1,1,0,0,0000,0f95,0000,0000,0000,0000,0,0f95,0f95,0000,0,000,0f95,0f95
1732,1732,0,2073736572700000,ff,0,0,0f95,0283,0,0000,0f95,0,0f8d,0008,1,1,0,0,0000,0f95,0000,0000,0000,0000,0,0f95,0f95,0000,0,000,0f95,0f95
1733,1733,0,2073736572700000,ff,0,0,0f95,0283,0,0000,0f95,0,0f8d,0008,1,1,0,0,0000,0f95,0000,0000,0000,0000,0,0f95,0f95,0000,0,000,0f95,0f95
1734,1734,0,2073736572700000,ff,0,0,0f95,0283,0,0000,0f95,0,0f8d,0008,1,1,0,0,0000,0f95,0000,0000,0000,0000,0,0f95,0f95,0000,0,000,0f95,0f95
1735,1735,0,2073736572700000,ff,0,0,0f95,0283,0,0000,0f95,0,0f8d,0008,1,1,0,0,0000,0f95,0000,0000,0000,0000,0,0f95,0f95,0000,0,000,0f95,0f95
1736,1736,0,2073736572700000,ff,0,0,0f95,0283,0,0000,0f95,0,0f8d,0008,1,1,0,0,0000,0f95,0000,0000,0000,0000,0,0f95,0f95,0000,0,000,0f95,0f95
1737,1737,0,2073736572700000,ff,0,0,0f95,0283,0,0000,0f95,0,0f8d,0008,1,1,0,0,0000,0f95,0000,0000,0000,0000,0,0f95,0f95,0000,0,000,0f95,0f95
1738,1738,0,2073736572700000,ff,0,0,0f95,0283,0,0000,0f95,0,0f8d,0008,1,1,0,0,0000,0f95,0000,0000,0000,0000,0,0f95,0f95,0000,0,000,0f95,0f95
1739,1739,0,2073736572700000,ff,0,0,0f95,0283,0,0000,0f95,0,0f8d,0008,1,1,0,0,0000,0f95,0000,0000,0000,0000,0,0f95,0f95,0000,0,000,0f95,0f95
1740,1740,0,2073736572700000,ff,0,0,0f95,0283,0,0000,0f95,0,0f8d,0008,1,1,0,0,0000,0f95,0000,0000,0000,0000,0,0f95,0f95,0000,0,000,0f95,0f95
1741,1741,0,2073736572700000,ff,0,0,0f95,0283,0,0000,0f95,0,0f8d,0008,1,1,0,0,0000,0f95,0000,0000,0000,0000,0,0f95,0f95,0000,0,000,0f95,0f95
1742,1742,0,2073736572700000,ff,0,0,0f95,0283,0,0000,0f95,0,0f8d,0008,1,1,0,0,0000,0f95,0000,0000,0000,0000,0,0f95,0f95,0000,0,000,0f95,0f95
1743,1743,0,2073736572700000,ff,0,0,0f95,0283,0,0000,0f95,0,0f8d,0008,1,1,0,0,0000,0f95,0000,0000,0000,0000,0,0f95,0f95,0000,0,000,0f95,0f95
1744,1744,0,2073736572700000,ff,0,0,0f95,0283,0,0000,0f95,0,0f8d,0008,1,1,0,0,0000,0f95,0000,0000,0000,0000,0,0f95,0f95,0000,0,000,0f95,0f95
1745,1745,0,2073736572700000,ff,0,0,0f95,0283,0,0000,0f95,0,0f8d,0008,1,1,0,0,0000,0f95,0000,0000,0000,0000,0,0f95,0f95,0000,0,000,0f95,0f95
1746,1746,0,2073736572700000,ff,0,0,0f95,0283,0,0000,0f95,0,0f8d,0008,1,1,0,0,0000,0f95,0000,0000,0000,0000,0,0f95,0f95,0000,0,000,0f95,0f95
1747,1747,0,2073736572700000,ff,0,0,0f95,0283,0,0000,0f95,0,0f8d,0008,1,1,0,0,0000,0f95,0000,0000,0000,0000,0,0f95,0f95,0000,0,000,0f95,0f95
1748,1748,0,2073736572700000,ff,0,0,0f95,0283,0,0000,0f95,0,0f8d,0008,1,1,0,0,0000,0f95,0000,0000,0000,0000,0,0f95,0f95,0000,0,000,0f95,0f95
1749,1749,0,2073736572700000,ff,0,0,0f95,0283,0,0000,0f95,0,0f8d,0008,1,1,0,0,0000,0f95,0000,0000,0000,0000,0,0f95,0f95,0000,0,000,0f95,0f95
1750,1750,0,2073736572700000,ff,0,0,0f95,0283,0,0000,0f95,0,0f8d,0008,1,1,0,0,0000,0f95,0000,0000,0000,0000,0,0f95,0f95,0000,0,000,0f95,0f95
1751,1751,0,2073736572700000,ff,0,0,0f95,0283,0,0000,0f95,0,0f8d,0008,1,1,0,0,0000,0f95,0000,0000,0000,0000,0,0f95,0f95,0000,0,000,0f95,0f95
1752,1752,0,2073736572700000,ff,0,0,0f95,0283,0,0000,0f95,0,0f8d,0008,1,1,0,0,0000,0f95,0000,0000,0000,0000,0,0f95,0f95,0000,0,000,0f95,0f95
1753,1753,0,2073736572700000,ff,0,0,0f95,0283,0,0000,0f95,0,0f8d,0008,1,1,0,0,0000,0f95,0000,0000,0000,0000,0,0f95,0f95,0000,0,000,0f95,0f95
1754,1754,0,2073736572700000,ff,0,0,0f95,0283,0,0000,0f95,0,0f8d,0008,1,1,0,0,0000,0f95,0000,0000,0000,0000,0,0f95,0f95,0000,0,000,0f95,0f95
1755,1755,0,2073736572700000,ff,0,0,0f95,0283,0,0000,0f95,0,0f8d,0008,1,1,0,0,0000,0f95,0000,0000,0000,0000,0,0f95,0f95,0000,0,000,0f95,0f95
1756,1756,0,2073736572700000,ff,0,0,0f95,0283,0,0000,0f95,0,0f8d,0008,1,1,0,0,0000,0f95,0000,0000,0000,0000,0,0f95,0f95,0000,0,000,0f95,0f95
1757,1757,0,2073736572700000,ff,0,0,0f95,0283,0,0000,0f95,0,0f8d,0008,1,1,0,0,0000,0f95,0000,0000,0000,0000,0,0f95,0f95,0000,0,000,0f95,0f95
1758,1758,0,2073736572700000,ff,0,0,0f95,0283,0,0000,0f95,0,0f8d,0008,1,1,0,0,0000,0f95,0000,0000,0000,0000,0,0f95,0f95,0000,0,000,0f95,0f95
1759,1759,0,2073736572700000,ff,0,0,0f95,0283,0,0000,0f95,0,0f8d,0008,1,1,0,0,0000,0f95,0000,0000,0000,0000,0,0f95,0f95,0000,0,000,0f95,0f95
1760,1760,0,2073736572700000,ff,0,0,0f95,0283,0,0000,0f95,0,0f8d,0008,1,1,0,0,0000,0f95,0000,0000,0000,0000,0,0f95,0f95,0000,0,000,0f95,0f95
1761,1761,0,2073736572700000,ff,0,0,0f95,0283,0,0000,0f95,0,0f8d,0008,1,1,0,0,0000,0f95,0000,0000,0000,0000,0,0f95,0f95,0000,0,000,0f95,0f95
1762,1762,0,2073736572700000,ff,0,0,0f95,0283,0,0000,0f95,0,0f8d,0008,1,1,0,0,0000,0f95,0000,0000,0000,0000,0,0f95,0f95,0000,0,000,0f95,0f95
1763,1763,0,2073736572700000,ff,0,0,0f95,0283,0,0000,0f95,0,0f8d,0008,1,1,0,0,0000,0f95,0000,0000,0000,0000,0,0f95,0f95,0000,0,000,0f95,0f95
1764,1764,0,2073736572700000,ff,0,0,0f95,0283,0,0000,0f95,0,0f8d,0008,1,1,0,0,0000,0f95,0000,0000,0000,0000,0,0f95,0f95,0000,0,000,0f95,0f95
1765,1765,0,2073736572700000,ff,0,0,0f95,0283,0,0000,0f95,0,0f8d,0008,1,1,0,0,0000,0f95,0000,0000,0000,0000,0,0f95,0f95,0000,0,000,0f95,0f95
1766,1766,0,2073736572700000,ff,0,0,0f95,0283,0,0000,0f95,0,0f8d,0008,1,1,0,0,0000,0f95,0000,0000,0000,0000,0,0f95,0f95,0000,0,000,0f95,0f95
1767,1767,0,2073736572700000,ff,0,0,0f95,0283,0,0000,0f95,0,0f8d,0008,1,1,0,0,0000,0f95,0000,0000,0000,0000,0,0f95,0f95,0000,0,000,0f95,0f95
1768,1768,0,2073736572700000,ff,0,0,0f95,0283,0,0000,0f95,0,0f8d,0008,1,1,0,0,0000,0f95,0000,0000,0000,0000,0,0f95,0f95,0000,0,000,0f95,0f95
1769,1769,0,2073736572700000,ff,0,0,0f95,0283,0,0000,0f95,0,0f8d,0008,1,1,0,0,0000,0f95,0000,0000,0000,0000,0,0f95,0f95,0000,0,000,0f95,0f95
1770,1770,0,2073736572700000,ff,0,0,0f95,0283,0,0000,0f95,0,0f8d,0008,1,1,0,0,0000,0f95,0000,0000,0000,0000,0,0f95,0f95,0000,0,000,0f95,0f95
1771,1771,0,2073736572700000,ff,0,0,0f95,0283,0,0000,0f95,0,0f8d,0008,1,1,0,0,0000,0f95,0000,0000,0000,0000,0,0f95,0f95,0000,0,000,0f95,0f95
1772,1772,0,2073736572700000,ff,0,0,0f95,0283,0,0000,0f95,0,0f8d,0008,1,1,0,0,0000,0f95,0000,0000,0000,0000,0,0f95,0f95,0000,0,000,0f95,0f95
1773,1773,0,2073736572700000,ff,0,0,0f95,0283,0,0000,0f95,0,0f8d,0008,1,1,0,0,0000,0f95,0000,0000,0000,0000,0,0f95,0f95,0000,0,000,0f95,0f95
1774,1774,0,2073736572700000,ff,0,0,0f95,0283,0,0000,0f95,0,0f8d,0008,1,1,0,0,0000,0f95,0000,0000,0000,0000,0,0f95,0f95,0000,0,000,0f95,0f95
1775,1775,0,2073736572700000,ff,0,0,0f95,0283,0,0000,0f95,0,0f8d,0008,1,1,0,0,0000,0f95,0000,0000,0000,0000,0,0f95,0f95,0000,0,000,0f95,0f95
1776,1776,0,2073736572700000,ff,0,0,0f95,0283,0,0000,0f95,0,0f8d,0008,1,1,0,0,0000,0f95,0000,0000,0000,0000,0,0f95,0f95,0000,0,000,0f95,0f95
1777,1777,0,2073736572700000,ff,0,0,0f95,0283,0,0000,0f95,0,0f8d,0008,1,1,0,0,0000,0f95,0000,0000,0000,0000,0,0f95,0f95,0000,0,000,0f95,0f95
1778,1778,0,2073736572700000,ff,0,0,0f95,0283,0,0000,0f95,0,0f8d,0008,1,1,0,0,0000,0f95,0000,0000,0000,0000,0,0f95,0f95,0000,0,000,0f95,0f95
1779,1779,0,2073736572700000,ff,0,0,0f95,0283,0,0000,0f95,0,0f8d,0008,1,1,0,0,0000,0f95,0000,0000,0000,0000,0,0f95,0f95,0000,0,000,0f95,0f95
1780,1780,0,2073736572700000,ff,0,0,0f95,0283,0,0000,0f95,0,0f8d,0008,1,1,0,0,0000,0f95,0000,0000,0000,0000,0,0f95,0f95,0000,0,000,0f95,0f95
1781,1781,0,2073736572700000,ff,0,0,0f95,0283,0,0000,0f95,0,0f8d,0008,1,1,0,0,0000,0f95,0000,0000,0000,0000,0,0f95,0f95,0000,0,000,0f95,0f95
1782,1782,0,2073736572700000,ff,0,0,0f95,0283,0,0000,0f95,0,0f8d,0008,1,1,0,0,0000,0f95,0000,0000,0000,0000,0,0f95,0f95,0000,0,000,0f95,0f95
1783,1783,0,2073736572700000,ff,0,0,0f95,0283,0,0000,0f95,0,0f8d,0008,1,1,0,0,0000,0f95,0000,0000,0000,0000,0,0f95,0f95,0000,0,000,0f95,0f95
1784,1784,0,2073736572700000,ff,0,0,0f95,0283,0,0000,0f95,0,0f8d,0008,1,1,0,0,0000,0f95,0000,0000,0000,0000,0,0f95,0f95,0000,0,000,0f95,0f95
1785,1785,0,2073736572700000,ff,0,0,0f95,0283,0,0000,0f95,0,0f8d,0008,1,1,0,0,0000,0f95,0000,0000,0000,0000,0,0f95,0f95,0000,0,000,0f95,0f95
1786,1786,0,2073736572700000,ff,0,0,0f95,0283,0,0000,0f95,0,0f8d,0008,1,1,0,0,0000,0f95,0000,0000,0000,0000,0,0f95,0f95,0000,0,000,0f95,0f95
1787,1787,0,2073736572700000,ff,0,0,0f95,0283,0,0000,0f95,0,0f8d,0008,1,1,0,0,0000,0f95,0000,0000,0000,0000,0,0f95,0f95,0000,0,000,0f95,0f95
1788,1788,0,2073736572700000,ff,0,0,0f95,0283,0,0000,0f95,0,0f8d,0008,1,1,0,0,0000,0f95,0000,0000,0000,0000,0,0f95,0f95,0000,0,000,0f95,0f95
1789,1789,0,2073736572700000,ff,0,0,0f95,0283,0,0000,0f95,0,0f8d,0008,1,1,0,0,0000,0f95,0000,0000,0000,0000,0,0f95,0f95,0000,0,000,0f95,0f95
1790,1790,0,2073736572700000,ff,0,0,0f95,0283,0,0000,0f95,0,0f8d,0008,1,1,0,0,0000,0f95,0000,0000,0000,0000,0,0f95,0f95,0000,0,000,0f95,0f95
1791,1791,0,2073736572700000,ff,0,0,0f95,0283,0,0000,0f95,0,0f8d,0008,1,1,0,0,0000,0f95,0000,0000,0000,0000,0,0f95,0f95,0000,0,000,0f95,0f95
1792,1792,0,2073736572700000,ff,0,0,0f95,0283,0,0000,0f95,0,0f8d,0008,1,1,0,0,0000,0f95,0000,0000,0000,0000,0,0f95,0f95,0000,0,000,0f95,0f95
1793,1793,0,2073736572700000,ff,0,0,0f95,0283,0,0000,0f95,0,0f8d,0008,1,1,0,0,0000,0f95,0000,0000,0000,0000,0,0f95,0f95,0000,0,000,0f95,0f95
1794,1794,0,2073736572700000,ff,0,0,0f95,0283,0,0000,0f95,0,0f8d,0008,1,1,0,0,0000,0f95,0000,0000,0000,0000,0,0f95,0f95,0000,0,000,0f95,0f95
1795,1795,0,2073736572700000,ff,0,0,0f95,0283,0,0000,0f95,0,0f8d,0008,1,1,0,0,0000,0f95,0000,0000,0000,0000,0,0f95,0f95,0000,0,000,0f95,0f95
1796,1796,0,2073736572700000,ff,0,0,0f95,0283,0,0000,0f95,0,0f8d,0008,1,1,0,0,0000,0f95,0000,0000,0000,0000,0,0f95,0f95,0000,0,000,0f95,0f95
1797,1797,0,2073736572700000,ff,0,0,0f95,0283,0,0000,0f95,0,0f8d,0008,1,1,0,0,0000,0f95,0000,0000,0000,0000,0,0f95,0f95,0000,0,000,0f95,0f95
1798,1798,0,2073736572700000,ff,0,0,0f95,0283,0,0000,0f95,0,0f8d,0008,1,1,0,0,0000,0f95,0000,0000,0000,0000,0,0f95,0f95,0000,0,000,0f95,0f95
1799,1799,0,2073736572700000,ff,0,0,0f95,0283,0,0000,0f95,0,0f8d,0008,1,1,0,0,0000,0f95,0000,0000,0000,0000,0,0f95,0f95,0000,0,000,0f95,0f95
1800,1800,0,2073736572700000,ff,0,0,0f95,0283,0,0000,0f95,0,0f8d,0008,1,1,0,0,0000,0f95,0000,0000,0000,0000,0,0f95,0f95,0000,0,000,0f95,0f95
1801,1801,0,2073736572700000,ff,0,0,0f95,0283,0,0000,0f95,0,0f8d,0008,1,1,0,0,0000,0f95,0000,0000,0000,0000,0,0f95,0f95,0000,0,000,0f95,0f95
1802,1802,0,2073736572700000,ff,0,0,0f95,0283,0,0000,0f95,0,0f8d,0008,1,1,0,0,0000,0f95,0000,0000,0000,0000,0,0f95,0f95,0000,0,000,0f95,0f95
1803,1803,0,2073736572700000,ff,0,0,0f95,0283,0,0000,0f95,0,0f8d,0008,1,1,0,0,0000,0f95,0000,0000,0000,0000,0,0f95,0f95,0000,0,000,0f95,0f95
1804,1804,0,2073736572700000,ff,0,0,0f95,0283,0,0000,0f95,0,0f8d,0008,1,1,0,0,0000,0f95,0000,0000,0000,0000,0,0f95,0f95,0000,0,000,0f95,0f95
1805,1805,0,2073736572700000,ff,0,0,0f95,0283,0,0000,0f95,0,0f8d,0008,1,1,0,0,0000,0f95,0000,0000,0000,0000,0,0f95,0f95,0000,0,000,0f95,0f95
1806,1806,0,2073736572700000,ff,0,0,0f95,0283,0,0000,0f95,0,0f8d,0008,1,1,0,0,0000,0f95,0000,0000,0000,0000,0,0f95,0f95,0000,0,000,0f95,0f95
1807,1807,0,2073736572700000,ff,0,0,0f95,0283,0,0000,0f95,0,0f8d,0008,1,1,0,0,0000,0f95,0000,0000,0000,0000,0,0f95,0f95,0000,0,000,0f95,0f95
1808,1808,0,2073736572700000,ff,0,0,0f95,0283,0,0000,0f95,0,0f8d,0008,1,1,0,0,0000,0f95,0000,0000,0000,0000,0,0f95,0f95,0000,0,000,0f95,0f95
1809,1809,0,2073736572700000,ff,0,0,0f95,0283,0,0000,0f95,0,0f8d,0008,1,1,0,0,0000,0f95,0000,0000,0000,0000,0,0f95,0f95,0000,0,000,0f95,0f95
1810,1810,0,2073736572700000,ff,0,0,0f95,0283,0,0000,0f95,0,0f8d,0008,1,1,0,0,0000,0f95,0000,0000,0000,0000,0,0f95,0f95,0000,0,000,0f95,0f95
1811,1811,0,2073736572700000,ff,0,0,0f95,0283,0,0000,0f95,0,0f8d,0008,1,1,0,0,0000,0f95,0000,0000,0000,0000,0,0f95,0f95,0000,0,000,0f95,0f95
1812,1812,0,2073736572700000,ff,0,0,0f95,0283,0,0000,0f95,0,0f8d,0008,1,1,0,0,0000,0f95,0000,0000,0000,0000,0,0f95,0f95,0000,0,000,0f95,0f95
1813,1813,0,2073736572700000,ff,0,0,0f95,0283,0,0000,0f95,0,0f8d,0008,1,1,0,0,0000,0f95,0000,0000,0000,0000,0,0f95,0f95,0000,0,000,0f95,0f95
1814,1814,0,2073736572700000,ff,0,0,0f95,0283,0,0000,0f95,0,0f8d,0008,1,1,0,0,0000,0f95,0000,0000,0000,0000,0,0f95,0f95,0000,0,000,0f95,0f95
1815,1815,0,2073736572700000,ff,0,0,0f95,0283,0,0000,0f95,0,0f8d,0008,1,1,0,0,0000,0f95,0000,0000,0000,0000,0,0f95,0f95,0000,0,000,0f95,0f95
1816,1816,0,2073736572700000,ff,0,0,0f95,0283,0,0000,0f95,0,0f8d,0008,1,1,0,0,0000,0f95,0000,0000,0000,0000,0,0f95,0f95,0000,0,000,0f95,0f95
1817,1817,0,2073736572700000,ff,0,0,0f95,0283,0,0000,0f95,0,0f8d,0008,1,1,0,0,0000,0f95,0000,0000,0000,0000,0,0f95,0f95,0000,0,000,0f95,0f95
1818,1818,0,2073736572700000,ff,0,0,0f95,0283,0,0000,0f95,0,0f8d,0008,1,1,0,0,0000,0f95,0000,0000,0000,0000,0,0f95,0f95,0000,0,000,0f95,0f95
1819,1819,0,2073736572700000,ff,0,0,0f95,0283,0,0000,0f95,0,0f8d,0008,1,1,0,0,0000,0f95,0000,0000,0000,0000,0,0f95,0f95,0000,0,000,0f95,0f95
1820,1820,0,2073736572700000,ff,0,0,0f95,0283,0,0000,0f95,0,0f8d,0008,1,1,0,0,0000,0f95,0000,0000,0000,0000,0,0f95,0f95,0000,0,000,0f95,0f95
1821,1821,0,2073736572700000,ff,0,0,0f95,0283,0,0000,0f95,0,0f8d,0008,1,1,0,0,0000,0f95,0000,0000,0000,0000,0,0f95,0f95,0000,0,000,0f95,0f95
1822,1822,0,2073736572700000,ff,0,0,0f95,0283,0,0000,0f95,0,0f8d,0008,1,1,0,0,0000,0f95,0000,0000,0000,0000,0,0f95,0f95,0000,0,000,0f95,0f95
1823,1823,0,2073736572700000,ff,0,0,0f95,0283,0,0000,0f95,0,0f8d,0008,1,1,0,0,0000,0f95,0000,0000,0000,0000,0,0f95,0f95,0000,0,000,0f95,0f95
1824,1824,0,2073736572700000,ff,0,0,0f95,0283,0,0000,0f95,0,0f8d,0008,1,1,0,0,0000,0f95,0000,0000,0000,0000,0,0f95,0f95,0000,0,000,0f95,0f95
1825,1825,0,2073736572700000,ff,0,0,0f95,0283,0,0000,0f95,0,0f8d,0008,1,1,0,0,0000,0f95,0000,0000,0000,0000,0,0f95,0f95,0000,0,000,0f95,0f95
1826,1826,0,2073736572700000,ff,0,0,0f95,0283,0,0000,0f95,0,0f8d,0008,1,1,0,0,0000,0f95,0000,0000,0000,0000,0,0f95,0f95,0000,0,000,0f95,0f95
1827,1827,0,2073736572700000,ff,0,0,0f95,0283,0,0000,0f95,0,0f8d,0008,1,1,0,0,0000,0f95,0000,0000,0000,0000,0,0f95,0f95,0000,0,000,0f95,0f95
1828,1828,0,2073736572700000,ff,0,0,0f95,0283,0,0000,0f95,0,0f8d,0008,1,1,0,0,0000,0f95,0000,0000,0000,0000,0,0f95,0f95,0000,0,000,0f95,0f95
1829,1829,0,2073736572700000,ff,0,0,0f95,0283,0,0000,0f95,0,0f8d,0008,1,1,0,0,0000,0f95,0000,0000,0000,0000,0,0f95,0f95,0000,0,000,0f95,0f95
1830,1830,0,2073736572700000,ff,0,0,0f95,0283,0,0000,0f95,0,0f8d,0008,1,1,0,0,0000,0f95,0000,0000,0000,0000,0,0f95,0f95,0000,0,000,0f95,0f95
1831,1831,0,2073736572700000,ff,0,0,0f95,0283,0,0000,0f95,0,0f8d,0008,1,1,0,0,0000,0f95,0000,0000,0000,0000,0,0f95,0f95,0000,0,000,0f95,0f95
1832,1832,0,2073736572700000,ff,0,0,0f95,0283,0,0000,0f95,0,0f8d,0008,1,1,0,0,0000,0f95,0000,0000,0000,0000,0,0f95,0f95,0000,0,000,0f95,0f95
1833,1833,0,2073736572700000,ff,0,0,0f95,0283,0,0000,0f95,0,0f8d,0008,1,1,0,0,0000,0f95,0000,0000,0000,0000,0,0f95,0f95,0000,0,000,0f95,0f95
1834,1834,0,2073736572700000,ff,0,0,0f95,0283,0,0000,0f95,0,0f8d,0008,1,1,0,0,0000,0f95,0000,0000,0000,0000,0,0f95,0f95,0000,0,000,0f95,0f95
1835,1835,0,2073736572700000,ff,0,0,0f95,0283,0,0000,0f95,0,0f8d,0008,1,1,0,0,0000,0f95,0000,0000,0000,0000,0,0f95,0f95,0000,0,000,0f95,0f95
1836,1836,0,2073736572700000,ff,0,0,0f95,0283,0,0000,0f95,0,0f8d,0008,1,1,0,0,0000,0f95,0000,0000,0000,0000,0,0f95,0f95,0000,0,000,0f95,0f95
1837,1837,0,2073736572700000,ff,0,0,0f95,0283,0,0000,0f95,0,0f8d,0008,1,1,0,0,0000,0f95,0000,0000,0000,0000,0,0f95,0f95,0000,0,000,0f95,0f95
1838,1838,0,2073736572700000,ff,0,0,0f95,0283,0,0000,0f95,0,0f8d,0008,1,1,0,0,0000,0f95,0000,0000,0000,0000,0,0f95,0f95,0000,0,000,0f95,0f95
1839,1839,0,2073736572700000,ff,0,0,0f95,0283,0,0000,0f95,0,0f8d,0008,1,1,0,0,0000,0f95,0000,0000,0000,0000,0,0f95,0f95,0000,0,000,0f95,0f95
1840,1840,0,2073736572700000,ff,0,0,0f95,0283,0,0000,0f95,0,0f8d,0008,1,1,0,0,0000,0f95,0000,0000,0000,0000,0,0f95,0f95,0000,0,000,0f95,0f95
1841,1841,0,2073736572700000,ff,0,0,0f95,0283,0,0000,0f95,0,0f8d,0008,1,1,0,0,0000,0f95,0000,0000,0000,0000,0,0f95,0f95,0000,0,000,0f95,0f95
1842,1842,0,2073736572700000,ff,0,0,0f95,0283,0,0000,0f95,0,0f8d,0008,1,1,0,0,0000,0f95,0000,0000,0000,0000,0,0f95,0f95,0000,0,000,0f95,0f95
1843,1843,0,2073736572700000,ff,0,0,0f95,0283,0,0000,0f95,0,0f8d,0008,1,1,0,0,0000,0f95,0000,0000,0000,0000,0,0f95,0f95,0000,0,000,0f95,0f95
1844,1844,0,2073736572700000,ff,0,0,0f95,0283,0,0000,0f95,0,0f8d,0008,1,1,0,0,0000,0f95,0000,0000,0000,0000,0,0f95,0f95,0000,0,000,0f95,0f95
1845,1845,0,2073736572700000,ff,0,0,0f95,0283,0,0000,0f95,0,0f8d,0008,1,1,0,0,0000,0f95,0000,0000,0000,0000,0,0f95,0f95,0000,0,000,0f95,0f95
1846,1846,0,2073736572700000,ff,0,0,0f95,0283,0,0000,0f95,0,0f8d,0008,1,1,0,0,0000,0f95,0000,0000,0000,0000,0,0f95,0f95,0000,0,000,0f95,0f95
1847,1847,0,2073736572700000,ff,0,0,0f95,0283,0,0000,0f95,0,0f8d,0008,1,1,0,0,0000,0f95,0000,0000,0000,0000,0,0f95,0f95,0000,0,000,0f95,0f95
1848,1848,0,2073736572700000,ff,0,0,0f95,0283,0,0000,0f95,0,0f8d,0008,1,1,0,0,0000,0f95,0000,0000,0000,0000,0,0f95,0f95,0000,0,000,0f95,0f95
1849,1849,0,2073736572700000,ff,0,0,0f95,0283,0,0000,0f95,0,0f8d,0008,1,1,0,0,0000,0f95,0000,0000,0000,0000,0,0f95,0f95,0000,0,000,0f95,0f95
1850,1850,0,2073736572700000,ff,0,0,0f95,0283,0,0000,0f95,0,0f8d,0008,1,1,0,0,0000,0f95,0000,0000,0000,0000,0,0f95,0f95,0000,0,000,0f95,0f95
1851,1851,0,2073736572700000,ff,0,0,0f95,0283,0,0000,0f95,0,0f8d,0008,1,1,0,0,0000,0f95,0000,0000,0000,0000,0,0f95,0f95,0000,0,000,0f95,0f95
1852,1852,0,2073736572700000,ff,0,0,0f95,0283,0,0000,0f95,0,0f8d,0008,1,1,0,0,0000,0f95,0000,0000,0000,0000,0,0f95,0f95,0000,0,000,0f95,0f95
1853,1853,0,2073736572700000,ff,0,0,0f95,0283,0,0000,0f95,0,0f8d,0008,1,1,0,0,0000,0f95,0000,0000,0000,0000,0,0f95,0f95,0000,0,000,0f95,0f95
1854,1854,0,2073736572700000,ff,0,0,0f95,0283,0,0000,0f95,0,0f8d,0008,1,1,0,0,0000,0f95,0000,0000,0000,0000,0,0f95,0f95,0000,0,000,0f95,0f95
1855,1855,0,2073736572700000,ff,0,0,0f95,0283,0,0000,0f95,0,0f8d,0008,1,1,0,0,0000,0f95,0000,0000,0000,0000,0,0f95,0f95,0000,0,000,0f95,0f95
1856,1856,0,2073736572700000,ff,0,0,0f95,0283,0,0000,0f95,0,0f8d,0008,1,1,0,0,0000,0f95,0000,0000,0000,0000,0,0f95,0f95,0000,0,000,0f95,0f95
1857,1857,0,2073736572700000,ff,0,0,0f95,0283,0,0000,0f95,0,0f8d,0008,1,1,0,0,0000,0f95,0000,0000,0000,0000,0,0f95,0f95,0000,0,000,0f95,0f95
1858,1858,0,2073736572700000,ff,0,0,0f95,0283,0,0000,0f95,0,0f8d,0008,1,1,0,0,0000,0f95,0000,0000,0000,0000,0,0f95,0f95,0000,0,000,0f95,0f95
1859,1859,0,2073736572700000,ff,0,0,0f95,0283,0,0000,0f95,0,0f8d,0008,1,1,0,0,0000,0f95,0000,0000,0000,0000,0,0f95,0f95,0000,0,000,0f95,0f95
1860,1860,0,2073736572700000,ff,0,0,0f95,0283,0,0000,0f95,0,0f8d,0008,1,1,0,0,0000,0f95,0000,0000,0000,0000,0,0f95,0f95,0000,0,000,0f95,0f95
1861,1861,0,2073736572700000,ff,0,0,0f95,0283,0,0000,0f95,0,0f8d,0008,1,1,0,0,0000,0f95,0000,0000,0000,0000,0,0f95,0f95,0000,0,000,0f95,0f95
1862,1862,0,2073736572700000,ff,0,0,0f95,0283,0,0000,0f95,0,0f8d,0008,1,1,0,0,0000,0f95,0000,0000,0000,0000,0,0f95,0f95,0000,0,000,0f95,0f95
1863,1863,0,2073736572700000,ff,0,0,0f95,0283,0,0000,0f95,0,0f8d,0008,1,1,0,0,0000,0f95,0000,0000,0000,0000,0,0f95,0f95,0000,0,000,0f95,0f95
1864,1864,0,2073736572700000,ff,0,0,0f95,0283,0,0000,0f95,0,0f8d,0008,1,1,0,0,0000,0f95,0000,0000,0000,0000,0,0f95,0f95,0000,0,000,0f95,0f95
1865,1865,0,2073736572700000,ff,0,0,0f95,0283,0,0000,0f95,0,0f8d,0008,1,1,0,0,0000,0f95,0000,0000,0000,0000,0,0f95,0f95,0000,0,000,0f95,0f95
1866,1866,0,2073736572700000,ff,0,0,0f95,0283,0,0000,0f95,0,0f8d,0008,1,1,0,0,0000,0f95,0000,0000,0000,0000,0,0f95,0f95,0000,0,000,0f95,0f95
1867,1867,0,2073736572700000,ff,0,0,0f95,0283,0,0000,0f95,0,0f8d,0008,1,1,0,0,0000,0f95,0000,0000,0000,0000,0,0f95,0f95,0000,0,000,0f95,0f95
1868,1868,0,2073736572700000,ff,0,0,0f95,0283,0,0000,0f95,0,0f8d,0008,1,1,0,0,0000,0f95,0000,0000,0000,0000,0,0f95,0f95,0000,0,000,0f95,0f95
1869,1869,0,2073736572700000,ff,0,0,0f95,0283,0,0000,0f95,0,0f8d,0008,1,1,0,0,0000,0f95,0000,0000,0000,0000,0,0f95,0f95,0000,0,000,0f95,0f95
1870,1870,0,2073736572700000,ff,0,0,0f95,0283,0,0000,0f95,0,0f8d,0008,1,1,0,0,0000,0f95,0000,0000,0000,0000,0,0f95,0f95,0000,0,000,0f95,0f95
1871,1871,0,2073736572700000,ff,0,0,0f95,0283,0,0000,0f95,0,0f8d,0008,1,1,0,0,0000,0f95,0000,0000,0000,0000,0,0f95,0f95,0000,0,000,0f95,0f95
1872,1872,0,2073736572700000,ff,0,0,0f95,0283,0,0000,0f95,0,0f8d,0008,1,1,0,0,0000,0f95,0000,0000,0000,0000,0,0f95,0f95,0000,0,000,0f95,0f95
1873,1873,0,2073736572700000,ff,0,0,0f95,0283,0,0000,0f95,0,0f8d,0008,1,1,0,0,0000,0f95,0000,0000,0000,0000,0,0f95,0f95,0000,0,000,0f95,0f95
1874,1874,0,2073736572700000,ff,0,0,0f95,0283,0,0000,0f95,0,0f8d,0008,1,1,0,0,0000,0f95,0000,0000,0000,0000,0,0f95,0f95,0000,0,000,0f95,0f95
1875,1875,0,2073736572700000,ff,0,0,0f95,0283,0,0000,0f95,0,0f8d,0008,1,1,0,0,0000,0f95,0000,0000,0000,0000,0,0f95,0f95,0000,0,000,0f95,0f95
1876,1876,0,2073736572700000,ff,0,0,0f95,0283,0,0000,0f95,0,0f8d,0008,1,1,0,0,0000,0f95,0000,0000,0000,0000,0,0f95,0f95,0000,0,000,0f95,0f95
1877,1877,0,2073736572700000,ff,0,0,0f95,0283,0,0000,0f95,0,0f8d,0008,1,1,0,0,0000,0f95,0000,0000,0000,0000,0,0f95,0f95,0000,0,000,0f95,0f95
1878,1878,0,2073736572700000,ff,0,0,0f95,0283,0,0000,0f95,0,0f8d,0008,1,1,0,0,0000,0f95,0000,0000,0000,0000,0,0f95,0f95,0000,0,000,0f95,0f95
1879,1879,0,2073736572700000,ff,0,0,0f95,0283,0,0000,0f95,0,0f8d,0008,1,1,0,0,0000,0f95,0000,0000,0000,0000,0,0f95,0f95,0000,0,000,0f95,0f95
1880,1880,0,2073736572700000,ff,0,0,0f95,0283,0,0000,0f95,0,0f8d,0008,1,1,0,0,0000,0f95,0000,0000,0000,0000,0,0f95,0f95,0000,0,000,0f95,0f95
1881,1881,0,2073736572700000,ff,0,0,0f95,0283,0,0000,0f95,0,0f8d,0008,1,1,0,0,0000,0f95,0000,0000,0000,0000,0,0f95,0f95,0000,0,000,0f95,0f95
1882,1882,0,2073736572700000,ff,0,0,0f95,0283,0,0000,0f95,0,0f8d,0008,1,1,0,0,0000,0f95,0000,0000,0000,0000,0,0f95,0f95,0000,0,000,0f95,0f95
1883,1883,0,2073736572700000,ff,0,0,0f95,0283,0,0000,0f95,0,0f8d,0008,1,1,0,0,0000,0f95,0000,0000,0000,0000,0,0f95,0f95,0000,0,000,0f95,0f95
1884,1884,0,2073736572700000,ff,0,0,0f95,0283,0,0000,0f95,0,0f8d,0008,1,1,0,0,0000,0f95,0000,0000,0000,0000,0,0f95,0f95,0000,0,000,0f95,0f95
1885,1885,0,2073736572700000,ff,0,0,0f95,0283,0,0000,0f95,0,0f8d,0008,1,1,0,0,0000,0f95,0000,0000,0000,0000,0,0f95,0f95,0000,0,000,0f95,0f95
1886,1886,0,2073736572700000,ff,0,0,0f95,0283,0,0000,0f95,0,0f8d,0008,1,1,0,0,0000,0f95,0000,0000,0000,0000,0,0f95,0f95,0000,0,000,0f95,0f95
1887,1887,0,2073736572700000,ff,0,0,0f95,0283,0,0000,0f95,0,0f8d,0008,1,1,0,0,0000,0f95,0000,0000,0000,0000,0,0f95,0f95,0000,0,000,0f95,0f95
1888,1888,0,2073736572700000,ff,0,0,0f95,0283,0,0000,0f95,0,0f8d,0008,1,1,0,0,0000,0f95,0000,0000,0000,0000,0,0f95,0f95,0000,0,000,0f95,0f95
1889,1889,0,2073736572700000,ff,0,0,0f95,0283,0,0000,0f95,0,0f8d,0008,1,1,0,0,0000,0f95,0000,0000,0000,0000,0,0f95,0f95,0000,0,000,0f95,0f95
1890,1890,0,2073736572700000,ff,0,0,0f95,0283,0,0000,0f95,0,0f8d,0008,1,1,0,0,0000,0f95,0000,0000,0000,0000,0,0f95,0f95,0000,0,000,0f95,0f95
1891,1891,0,2073736572700000,ff,0,0,0f95,0283,0,0000,0f95,0,0f8d,0008,1,1,0,0,0000,0f95,0000,0000,0000,0000,0,0f95,0f95,0000,0,000,0f95,0f95
1892,1892,0,2073736572700000,ff,0,0,0f95,0283,0,0000,0f95,0,0f8d,0008,1,1,0,0,0000,0f95,0000,0000,0000,0000,0,0f95,0f95,0000,0,000,0f95,0f95
1893,1893,0,2073736572700000,ff,0,0,0f95,0283,0,0000,0f95,0,0f8d,0008,1,1,0,0,0000,0f95,0000,0000,0000,0000,0,0f95,0f95,0000,0,000,0f95,0f95
1894,1894,0,2073736572700000,ff,0,0,0f95,0283,0,0000,0f95,0,0f8d,0008,1,1,0,0,0000,0f95,0000,0000,0000,0000,0,0f95,0f95,0000,0,000,0f95,0f95
1895,1895,0,2073736572700000,ff,0,0,0f95,0283,0,0000,0f95,0,0f8d,0008,1,1,0,0,0000,0f95,0000,0000,0000,0000,0,0f95,0f95,0000,0,000,0f95,0f95
1896,1896,0,2073736572700000,ff,0,0,0f95,0283,0,0000,0f95,0,0f8d,0008,1,1,0,0,0000,0f95,0000,0000,0000,0000,0,0f95,0f95,0000,0,000,0f95,0f95
1897,1897,0,2073736572700000,ff,0,0,0f95,0283,0,0000,0f95,0,0f8d,0008,1,1,0,0,0000,0f95,0000,0000,0000,0000,0,0f95,0f95,0000,0,000,0f95,0f95
1898,1898,0,2073736572700000,ff,0,0,0f95,0283,0,0000,0f95,0,0f8d,0008,1,1,0,0,0000,0f95,0000,0000,0000,0000,0,0f95,0f95,0000,0,000,0f95,0f95
1899,1899,0,2073736572700000,ff,0,0,0f95,0283,0,0000,0f95,0,0f8d,0008,1,1,0,0,0000,0f95,0000,0000,0000,0000,0,0f95,0f95,0000,0,000,0f95,0f95
1900,1900,0,2073736572700000,ff,0,0,0f95,0283,0,0000,0f95,0,0f8d,0008,1,1,0,0,0000,0f95,0000,0000,0000,0000,0,0f95,0f95,0000,0,000,0f95,0f95
1901,1901,0,2073736572700000,ff,0,0,0f95,0283,0,0000,0f95,0,0f8d,0008,1,1,0,0,0000,0f95,0000,0000,0000,0000,0,0f95,0f95,0000,0,000,0f95,0f95
1902,1902,0,2073736572700000,ff,0,0,0f95,0283,0,0000,0f95,0,0f8d,0008,1,1,0,0,0000,0f95,0000,0000,0000,0000,0,0f95,0f95,0000,0,000,0f95,0f95
1903,1903,0,2073736572700000,ff,0,0,0f95,0283,0,0000,0f95,0,0f8d,0008,1,1,0,0,0000,0f95,0000,0000,0000,0000,0,0f95,0f95,0000,0,000,0f95,0f95
1904,1904,0,2073736572700000,ff,0,0,0f95,0283,0,0000,0f95,0,0f8d,0008,1,1,0,0,0000,0f95,0000,0000,0000,0000,0,0f95,0f95,0000,0,000,0f95,0f95
1905,1905,0,2073736572700000,ff,0,0,0f95,0283,0,0000,0f95,0,0f8d,0008,1,1,0,0,0000,0f95,0000,0000,0000,0000,0,0f95,0f95,0000,0,000,0f95,0f95
1906,1906,0,2073736572700000,ff,0,0,0f95,0283,0,0000,0f95,0,0f8d,0008,1,1,0,0,0000,0f95,0000,0000,0000,0000,0,0f95,0f95,0000,0,000,0f95,0f95
1907,1907,0,2073736572700000,ff,0,0,0f95,0283,0,0000,0f95,0,0f8d,0008,1,1,0,0,0000,0f95,0000,0000,0000,0000,0,0f95,0f95,0000,0,000,0f95,0f95
1908,1908,0,2073736572700000,ff,0,0,0f95,0283,0,0000,0f95,0,0f8d,0008,1,1,0,0,0000,0f95,0000,0000,0000,0000,0,0f95,0f95,0000,0,000,0f95,0f95
1909,1909,0,2073736572700000,ff,0,0,0f95,0283,0,0000,0f95,0,0f8d,0008,1,1,0,0,0000,0f95,0000,0000,0000,0000,0,0f95,0f95,0000,0,000,0f95,0f95
1910,1910,0,2073736572700000,ff,0,0,0f95,0283,0,0000,0f95,0,0f8d,0008,1,1,0,0,0000,0f95,0000,0000,0000,0000,0,0f95,0f95,0000,0,000,0f95,0f95
1911,1911,0,2073736572700000,ff,0,0,0f95,0283,0,0000,0f95,0,0f8d,0008,1,1,0,0,0000,0f95,0000,0000,0000,0000,0,0f95,0f95,0000,0,000,0f95,0f95
1912,1912,0,2073736572700000,ff,0,0,0f95,0283,0,0000,0f95,0,0f8d,0008,1,1,0,0,0000,0f95,0000,0000,0000,0000,0,0f95,0f95,0000,0,000,0f95,0f95
1913,1913,0,2073736572700000,ff,0,0,0f95,0283,0,0000,0f95,0,0f8d,0008,1,1,0,0,0000,0f95,0000,0000,0000,0000,0,0f95,0f95,0000,0,000,0f95,0f95
1914,1914,0,2073736572700000,ff,0,0,0f95,0283,0,0000,0f95,0,0f8d,0008,1,1,0,0,0000,0f95,0000,0000,0000,0000,0,0f95,0f95,0000,0,000,0f95,0f95
1915,1915,0,2073736572700000,ff,0,0,0f95,0283,0,0000,0f95,0,0f8d,0008,1,1,0,0,0000,0f95,0000,0000,0000,0000,0,0f95,0f95,0000,0,000,0f95,0f95
1916,1916,0,2073736572700000,ff,0,0,0f95,0283,0,0000,0f95,0,0f8d,0008,1,1,0,0,0000,0f95,0000,0000,0000,0000,0,0f95,0f95,0000,0,000,0f95,0f95
1917,1917,0,2073736572700000,ff,0,0,0f95,0283,0,0000,0f95,0,0f8d,0008,1,1,0,0,0000,0f95,0000,0000,0000,0000,0,0f95,0f95,0000,0,000,0f95,0f95
1918,1918,0,2073736572700000,ff,0,0,0f95,0283,0,0000,0f95,0,0f8d,0008,1,1,0,0,0000,0f95,0000,0000,0000,0000,0,0f95,0f95,0000,0,000,0f95,0f95
1919,1919,0,2073736572700000,ff,0,0,0f95,0283,0,0000,0f95,0,0f8d,0008,1,1,0,0,0000,0f95,0000,0000,0000,0000,0,0f95,0f95,0000,0,000,0f95,0f95
1920,1920,0,2073736572700000,ff,0,0,0f95,0283,0,0000,0f95,0,0f8d,0008,1,1,0,0,0000,0f95,0000,0000,0000,0000,0,0f95,0f95,0000,0,000,0f95,0f95
1921,1921,0,2073736572700000,ff,0,0,0f95,0283,0,0000,0f95,0,0f8d,0008,1,1,0,0,0000,0f95,0000,0000,0000,0000,0,0f95,0f95,0000,0,000,0f95,0f95
1922,1922,0,2073736572700000,ff,0,0,0f95,0283,0,0000,0f95,0,0f8d,0008,1,1,0,0,0000,0f95,0000,0000,0000,0000,0,0f95,0f95,0000,0,000,0f95,0f95
1923,1923,0,2073736572700000,ff,0,0,0f95,0283,0,0000,0f95,0,0f8d,0008,1,1,0,0,0000,0f95,0000,0000,0000,0000,0,0f95,0f95,0000,0,000,0f95,0f95
1924,1924,0,2073736572700000,ff,0,0,0f95,0283,0,0000,0f95,0,0f8d,0008,1,1,0,0,0000,0f95,0000,0000,0000,0000,0,0f95,0f95,0000,0,000,0f95,0f95
1925,1925,0,2073736572700000,ff,0,0,0f95,0283,0,0000,0f95,0,0f8d,0008,1,1,0,0,0000,0f95,0000,0000,0000,0000,0,0f95,0f95,0000,0,000,0f95,0f95
1926,1926,0,2073736572700000,ff,0,0,0f95,0283,0,0000,0f95,0,0f8d,0008,1,1,0,0,0000,0f95,0000,0000,0000,0000,0,0f95,0f95,0000,0,000,0f95,0f95
1927,1927,0,2073736572700000,ff,0,0,0f95,0283,0,0000,0f95,0,0f8d,0008,1,1,0,0,0000,0f95,0000,0000,0000,0000,0,0f95,0f95,0000,0,000,0f95,0f95
1928,1928,0,2073736572700000,ff,0,0,0f95,0283,0,0000,0f95,0,0f8d,0008,1,1,0,0,0000,0f95,0000,0000,0000,0000,0,0f95,0f95,0000,0,000,0f95,0f95
1929,1929,0,2073736572700000,ff,0,0,0f95,0283,0,0000,0f95,0,0f8d,0008,1,1,0,0,0000,0f95,0000,0000,0000,0000,0,0f95,0f95,0000,0,000,0f95,0f95
1930,1930,0,2073736572700000,ff,0,0,0f95,0283,0,0000,0f95,0,0f8d,0008,1,1,0,0,0000,0f95,0000,0000,0000,0000,0,0f95,0f95,0000,0,000,0f95,0f95
1931,1931,0,2073736572700000,ff,0,0,0f95,0283,0,0000,0f95,0,0f8d,0008,1,1,0,0,0000,0f95,0000,0000,0000,0000,0,0f95,0f95,0000,0,000,0f95,0f95
1932,1932,0,2073736572700000,ff,0,0,0f95,0283,0,0000,0f95,0,0f8d,0008,1,1,0,0,0000,0f95,0000,0000,0000,0000,0,0f95,0f95,0000,0,000,0f95,0f95
1933,1933,0,2073736572700000,ff,0,0,0f95,0283,0,0000,0f95,0,0f8d,0008,1,1,0,0,0000,0f95,0000,0000,0000,0000,0,0f95,0f95,0000,0,000,0f95,0f95
1934,1934,0,2073736572700000,ff,0,0,0f95,0283,0,0000,0f95,0,0f8d,0008,1,1,0,0,0000,0f95,0000,0000,0000,0000,0,0f95,0f95,0000,0,000,0f95,0f95
1935,1935,0,2073736572700000,ff,0,0,0f95,0283,0,0000,0f95,0,0f8d,0008,1,1,0,0,0000,0f95,0000,0000,0000,0000,0,0f95,0f95,0000,0,000,0f95,0f95
1936,1936,0,2073736572700000,ff,0,0,0f95,0283,0,0000,0f95,0,0f8d,0008,1,1,0,0,0000,0f95,0000,0000,0000,0000,0,0f95,0f95,0000,0,000,0f95,0f95
1937,1937,0,2073736572700000,ff,0,0,0f95,0283,0,0000,0f95,0,0f8d,0008,1,1,0,0,0000,0f95,0000,0000,0000,0000,0,0f95,0f95,0000,0,000,0f95,0f95
1938,1938,0,2073736572700000,ff,0,0,0f95,0283,0,0000,0f95,0,0f8d,0008,1,1,0,0,0000,0f95,0000,0000,0000,0000,0,0f95,0f95,0000,0,000,0f95,0f95
1939,1939,0,2073736572700000,ff,0,0,0f95,0283,0,0000,0f95,0,0f8d,0008,1,1,0,0,0000,0f95,0000,0000,0000,0000,0,0f95,0f95,0000,0,000,0f95,0f95
1940,1940,0,2073736572700000,ff,0,0,0f95,0283,0,0000,0f95,0,0f8d,0008,1,1,0,0,0000,0f95,0000,0000,0000,0000,0,0f95,0f95,0000,0,000,0f95,0f95
1941,1941,0,2073736572700000,ff,0,0,0f95,0283,0,0000,0f95,0,0f8d,0008,1,1,0,0,0000,0f95,0000,0000,0000,0000,0,0f95,0f95,0000,0,000,0f95,0f95
1942,1942,0,2073736572700000,ff,0,0,0f95,0283,0,0000,0f95,0,0f8d,0008,1,1,0,0,0000,0f95,0000,0000,0000,0000,0,0f95,0f95,0000,0,000,0f95,0f95
1943,1943,0,2073736572700000,ff,0,0,0f95,0283,0,0000,0f95,0,0f8d,0008,1,1,0,0,0000,0f95,0000,0000,0000,0000,0,0f95,0f95,0000,0,000,0f95,0f95
1944,1944,0,2073736572700000,ff,0,0,0f95,0283,0,0000,0f95,0,0f8d,0008,1,1,0,0,0000,0f95,0000,0000,0000,0000,0,0f95,0f95,0000,0,000,0f95,0f95
1945,1945,0,2073736572700000,ff,0,0,0f95,0283,0,0000,0f95,0,0f8d,0008,1,1,0,0,0000,0f95,0000,0000,0000,0000,0,0f95,0f95,0000,0,000,0f95,0f95
1946,1946,0,2073736572700000,ff,0,0,0f95,0283,0,0000,0f95,0,0f8d,0008,1,1,0,0,0000,0f95,0000,0000,0000,0000,0,0f95,0f95,0000,0,000,0f95,0f95
1947,1947,0,2073736572700000,ff,0,0,0f95,0283,0,0000,0f95,0,0f8d,0008,1,1,0,0,0000,0f95,0000,0000,0000,0000,0,0f95,0f95,0000,0,000,0f95,0f95
1948,1948,0,2073736572700000,ff,0,0,0f95,0283,0,0000,0f95,0,0f8d,0008,1,1,0,0,0000,0f95,0000,0000,0000,0000,0,0f95,0f95,0000,0,000,0f95,0f95
1949,1949,0,2073736572700000,ff,0,0,0f95,0283,0,0000,0f95,0,0f8d,0008,1,1,0,0,0000,0f95,0000,0000,0000,0000,0,0f95,0f95,0000,0,000,0f95,0f95
1950,1950,0,2073736572700000,ff,0,0,0f95,0283,0,0000,0f95,0,0f8d,0008,1,1,0,0,0000,0f95,0000,0000,0000,0000,0,0f95,0f95,0000,0,000,0f95,0f95
1951,1951,0,2073736572700000,ff,0,0,0f95,0283,0,0000,0f95,0,0f8d,0008,1,1,0,0,0000,0f95,0000,0000,0000,0000,0,0f95,0f95,0000,0,000,0f95,0f95
1952,1952,0,2073736572700000,ff,0,0,0f95,0283,0,0000,0f95,0,0f8d,0008,1,1,0,0,0000,0f95,0000,0000,0000,0000,0,0f95,0f95,0000,0,000,0f95,0f95
1953,1953,0,2073736572700000,ff,0,0,0f95,0283,0,0000,0f95,0,0f8d,0008,1,1,0,0,0000,0f95,0000,0000,0000,0000,0,0f95,0f95,0000,0,000,0f95,0f95
1954,1954,0,2073736572700000,ff,0,0,0f95,0283,0,0000,0f95,0,0f8d,0008,1,1,0,0,0000,0f95,0000,0000,0000,0000,0,0f95,0f95,0000,0,000,0f95,0f95
1955,1955,0,2073736572700000,ff,0,0,0f95,0283,0,0000,0f95,0,0f8d,0008,1,1,0,0,0000,0f95,0000,0000,0000,0000,0,0f95,0f95,0000,0,000,0f95,0f95
1956,1956,0,2073736572700000,ff,0,0,0f95,0283,0,0000,0f95,0,0f8d,0008,1,1,0,0,0000,0f95,0000,0000,0000,0000,0,0f95,0f95,0000,0,000,0f95,0f95
1957,1957,0,2073736572700000,ff,0,0,0f95,0283,0,0000,0f95,0,0f8d,0008,1,1,0,0,0000,0f95,0000,0000,0000,0000,0,0f95,0f95,0000,0,000,0f95,0f95
1958,1958,0,2073736572700000,ff,0,0,0f95,0283,0,0000,0f95,0,0f8d,0008,1,1,0,0,0000,0f95,0000,0000,0000,0000,0,0f95,0f95,0000,0,000,0f95,0f95
1959,1959,0,2073736572700000,ff,0,0,0f95,0283,0,0000,0f95,0,0f8d,0008,1,1,0,0,0000,0f95,0000,0000,0000,0000,0,0f95,0f95,0000,0,000,0f95,0f95
1960,1960,0,2073736572700000,ff,0,0,0f95,0283,0,0000,0f95,0,0f8d,0008,1,1,0,0,0000,0f95,0000,0000,0000,0000,0,0f95,0f95,0000,0,000,0f95,0f95
1961,1961,0,2073736572700000,ff,0,0,0f95,0283,0,0000,0f95,0,0f8d,0008,1,1,0,0,0000,0f95,0000,0000,0000,0000,0,0f95,0f95,0000,0,000,0f95,0f95
1962,1962,0,2073736572700000,ff,0,0,0f95,0283,0,0000,0f95,0,0f8d,0008,1,1,0,0,0000,0f95,0000,0000,0000,0000,0,0f95,0f95,0000,0,000,0f95,0f95
1963,1963,0,2073736572700000,ff,0,0,0f95,0283,0,0000,0f95,0,0f8d,0008,1,1,0,0,0000,0f95,0000,0000,0000,0000,0,0f95,0f95,0000,0,000,0f95,0f95
1964,1964,0,2073736572700000,ff,0,0,0f95,0283,0,0000,0f95,0,0f8d,0008,1,1,0,0,0000,0f95,0000,0000,0000,0000,0,0f95,0f95,0000,0,000,0f95,0f95
1965,1965,0,2073736572700000,ff,0,0,0f95,0283,0,0000,0f95,0,0f8d,0008,1,1,0,0,0000,0f95,0000,0000,0000,0000,0,0f95,0f95,0000,0,000,0f95,0f95
1966,1966,0,2073736572700000,ff,0,0,0f95,0283,0,0000,0f95,0,0f8d,0008,1,1,0,0,0000,0f95,0000,0000,0000,0000,0,0f95,0f95,0000,0,000,0f95,0f95
1967,1967,0,2073736572700000,ff,0,0,0f95,0283,0,0000,0f95,0,0f8d,0008,1,1,0,0,0000,0f95,0000,0000,0000,0000,0,0f95,0f95,0000,0,000,0f95,0f95
1968,1968,0,2073736572700000,ff,0,0,0f95,0283,0,0000,0f95,0,0f8d,0008,1,1,0,0,0000,0f95,0000,0000,0000,0000,0,0f95,0f95,0000,0,000,0f95,0f95
1969,1969,0,2073736572700000,ff,0,0,0f95,0283,0,0000,0f95,0,0f8d,0008,1,1,0,0,0000,0f95,0000,0000,0000,0000,0,0f95,0f95,0000,0,000,0f95,0f95
1970,1970,0,2073736572700000,ff,0,0,0f95,0283,0,0000,0f95,0,0f8d,0008,1,1,0,0,0000,0f95,0000,0000,0000,0000,0,0f95,0f95,0000,0,000,0f95,0f95
1971,1971,0,2073736572700000,ff,0,0,0f95,0283,0,0000,0f95,0,0f8d,0008,1,1,0,0,0000,0f95,0000,0000,0000,0000,0,0f95,0f95,0000,0,000,0f95,0f95
1972,1972,0,2073736572700000,ff,0,0,0f95,0283,0,0000,0f95,0,0f8d,0008,1,1,0,0,0000,0f95,0000,0000,0000,0000,0,0f95,0f95,0000,0,000,0f95,0f95
1973,1973,0,2073736572700000,ff,0,0,0f95,0283,0,0000,0f95,0,0f8d,0008,1,1,0,0,0000,0f95,0000,0000,0000,0000,0,0f95,0f95,0000,0,000,0f95,0f95
1974,1974,0,2073736572700000,ff,0,0,0f95,0283,0,0000,0f95,0,0f8d,0008,1,1,0,0,0000,0f95,0000,0000,0000,0000,0,0f95,0f95,0000,0,000,0f95,0f95
1975,1975,0,2073736572700000,ff,0,0,0f95,0283,0,0000,0f95,0,0f8d,0008,1,1,0,0,0000,0f95,0000,0000,0000,0000,0,0f95,0f95,0000,0,000,0f95,0f95
1976,1976,0,2073736572700000,ff,0,0,0f95,0283,0,0000,0f95,0,0f8d,0008,1,1,0,0,0000,0f95,0000,0000,0000,0000,0,0f95,0f95,0000,0,000,0f95,0f95
1977,1977,0,2073736572700000,ff,0,0,0f95,0283,0,0000,0f95,0,0f8d,0008,1,1,0,0,0000,0f95,0000,0000,0000,0000,0,0f95,0f95,0000,0,000,0f95,0f95
1978,1978,0,2073736572700000,ff,0,0,0f95,0283,0,0000,0f95,0,0f8d,0008,1,1,0,0,0000,0f95,0000,0000,0000,0000,0,0f95,0f95,0000,0,000,0f95,0f95
1979,1979,0,2073736572700000,ff,0,0,0f95,0283,0,0000,0f95,0,0f8d,0008,1,1,0,0,0000,0f95,0000,0000,0000,0000,0,0f95,0f95,0000,0,000,0f95,0f95
1980,1980,0,2073736572700000,ff,0,0,0f95,0283,0,0000,0f95,0,0f8d,0008,1,1,0,0,0000,0f95,0000,0000,0000,0000,0,0f95,0f95,0000,0,000,0f95,0f95
1981,1981,0,2073736572700000,ff,0,0,0f95,0283,0,0000,0f95,0,0f8d,0008,1,1,0,0,0000,0f95,0000,0000,0000,0000,0,0f95,0f95,0000,0,000,0f95,0f95
1982,1982,0,2073736572700000,ff,0,0,0f95,0283,0,0000,0f95,0,0f8d,0008,1,1,0,0,0000,0f95,0000,0000,0000,0000,0,0f95,0f95,0000,0,000,0f95,0f95
1983,1983,0,2073736572700000,ff,0,0,0f95,0283,0,0000,0f95,0,0f8d,0008,1,1,0,0,0000,0f95,0000,0000,0000,0000,0,0f95,0f95,0000,0,000,0f95,0f95
1984,1984,0,2073736572700000,ff,0,0,0f95,0283,0,0000,0f95,0,0f8d,0008,1,1,0,0,0000,0f95,0000,0000,0000,0000,0,0f95,0f95,0000,0,000,0f95,0f95
1985,1985,0,2073736572700000,ff,0,0,0f95,0283,0,0000,0f95,0,0f8d,0008,1,1,0,0,0000,0f95,0000,0000,0000,0000,0,0f95,0f95,0000,0,000,0f95,0f95
1986,1986,0,2073736572700000,ff,0,0,0f95,0283,0,0000,0f95,0,0f8d,0008,1,1,0,0,0000,0f95,0000,0000,0000,0000,0,0f95,0f95,0000,0,000,0f95,0f95
1987,1987,0,2073736572700000,ff,0,0,0f95,0283,0,0000,0f95,0,0f8d,0008,1,1,0,0,0000,0f95,0000,0000,0000,0000,0,0f95,0f95,0000,0,000,0f95,0f95
1988,1988,0,2073736572700000,ff,0,0,0f95,0283,0,0000,0f95,0,0f8d,0008,1,1,0,0,0000,0f95,0000,0000,0000,0000,0,0f95,0f95,0000,0,000,0f95,0f95
1989,1989,0,2073736572700000,ff,0,0,0f95,0283,0,0000,0f95,0,0f8d,0008,1,1,0,0,0000,0f95,0000,0000,0000,0000,0,0f95,0f95,0000,0,000,0f95,0f95
1990,1990,0,2073736572700000,ff,0,0,0f95,0283,0,0000,0f95,0,0f8d,0008,1,1,0,0,0000,0f95,0000,0000,0000,0000,0,0f95,0f95,0000,0,000,0f95,0f95
1991,1991,0,2073736572700000,ff,0,0,0f95,0283,0,0000,0f95,0,0f8d,0008,1,1,0,0,0000,0f95,0000,0000,0000,0000,0,0f95,0f95,0000,0,000,0f95,0f95
1992,1992,0,2073736572700000,ff,0,0,0f95,0283,0,0000,0f95,0,0f8d,0008,1,1,0,0,0000,0f95,0000,0000,0000,0000,0,0f95,0f95,0000,0,000,0f95,0f95
1993,1993,0,2073736572700000,ff,0,0,0f95,0283,0,0000,0f95,0,0f8d,0008,1,1,0,0,0000,0f95,0000,0000,0000,0000,0,0f95,0f95,0000,0,000,0f95,0f95
1994,1994,0,2073736572700000,ff,0,0,0f95,0283,0,0000,0f95,0,0f8d,0008,1,1,0,0,0000,0f95,0000,0000,0000,0000,0,0f95,0f95,0000,0,000,0f95,0f95
1995,1995,0,2073736572700000,ff,0,0,0f95,0283,0,0000,0f95,0,0f8d,0008,1,1,0,0,0000,0f95,0000,0000,0000,0000,0,0f95,0f95,0000,0,000,0f95,0f95
1996,1996,0,2073736572700000,ff,0,0,0f95,0283,0,0000,0f95,0,0f8d,0008,1,1,0,0,0000,0f95,0000,0000,0000,0000,0,0f95,0f95,0000,0,000,0f95,0f95
1997,1997,0,2073736572700000,ff,0,0,0f95,0283,0,0000,0f95,0,0f8d,0008,1,1,0,0,0000,0f95,0000,0000,0000,0000,0,0f95,0f95,0000,0,000,0f95,0f95
1998,1998,0,2073736572700000,ff,0,0,0f95,0283,0,0000,0f95,0,0f8d,0008,1,1,0,0,0000,0f95,0000,0000,0000,0000,0,0f95,0f95,0000,0,000,0f95,0f95
1999,1999,0,2073736572700000,ff,0,0,0f95,0283,0,0000,0f95,0,0f8d,0008,1,1,0,0,0000,0f95,0000,0000,0000,0000,0,0f95,0f95,0000,0,000,0f95,0f95
2000,2000,0,2073736572700000,ff,0,0,0f95,0283,0,0000,0f95,0,0f8d,0008,1,1,0,0,0000,0f95,0000,0000,0000,0000,0,0f95,0f95,0000,0,000,0f95,0f95
2001,2001,0,2073736572700000,ff,0,0,0f95,0283,0,0000,0f95,0,0f8d,0008,1,1,0,0,0000,0f95,0000,0000,0000,0000,0,0f95,0f95,0000,0,000,0f95,0f95
2002,2002,0,2073736572700000,ff,0,0,0f95,0283,0,0000,0f95,0,0f8d,0008,1,1,0,0,0000,0f95,0000,0000,0000,0000,0,0f95,0f95,0000,0,000,0f95,0f95
2003,2003,0,2073736572700000,ff,0,0,0f95,0283,0,0000,0f95,0,0f8d,0008,1,1,0,0,0000,0f95,0000,0000,0000,0000,0,0f95,0f95,0000,0,000,0f95,0f95
2004,2004,0,2073736572700000,ff,0,0,0f95,0283,0,0000,0f95,0,0f8d,0008,1,1,0,0,0000,0f95,0000,0000,0000,0000,0,0f95,0f95,0000,0,000,0f95,0f95
2005,2005,0,2073736572700000,ff,0,0,0f95,0283,0,0000,0f95,0,0f8d,0008,1,1,0,0,0000,0f95,0000,0000,0000,0000,0,0f95,0f95,0000,0,000,0f95,0f95
2006,2006,0,2073736572700000,ff,0,0,0f95,0283,0,0000,0f95,0,0f8d,0008,1,1,0,0,0000,0f95,0000,0000,0000,0000,0,0f95,0f95,0000,0,000,0f95,0f95
2007,2007,0,2073736572700000,ff,0,0,0f95,0283,0,0000,0f95,0,0f8d,0008,1,1,0,0,0000,0f95,0000,0000,0000,0000,0,0f95,0f95,0000,0,000,0f95,0f95
2008,2008,0,2073736572700000,ff,0,0,0f95,0283,0,0000,0f95,0,0f8d,0008,1,1,0,0,0000,0f95,0000,0000,0000,0000,0,0f95,0f95,0000,0,000,0f95,0f95
2009,2009,0,2073736572700000,ff,0,0,0f95,0283,0,0000,0f95,0,0f8d,0008,1,1,0,0,0000,0f95,0000,0000,0000,0000,0,0f95,0f95,0000,0,000,0f95,0f95
2010,2010,0,2073736572700000,ff,0,0,0f95,0283,0,0000,0f95,0,0f8d,0008,1,1,0,0,0000,0f95,0000,0000,0000,0000,0,0f95,0f95,0000,0,000,0f95,0f95
2011,2011,0,2073736572700000,ff,0,0,0f95,0283,0,0000,0f95,0,0f8d,0008,1,1,0,0,0000,0f95,0000,0000,0000,0000,0,0f95,0f95,0000,0,000,0f95,0f95
2012,2012,0,2073736572700000,ff,0,0,0f95,0283,0,0000,0f95,0,0f8d,0008,1,1,0,0,0000,0f95,0000,0000,0000,0000,0,0f95,0f95,0000,0,000,0f95,0f95
2013,2013,0,2073736572700000,ff,0,0,0f95,0283,0,0000,0f95,0,0f8d,0008,1,1,0,0,0000,0f95,0000,0000,0000,0000,0,0f95,0f95,0000,0,000,0f95,0f95
2014,2014,0,2073736572700000,ff,0,0,0f95,0283,0,0000,0f95,0,0f8d,0008,1,1,0,0,0000,0f95,0000,0000,0000,0000,0,0f95,0f95,0000,0,000,0f95,0f95
2015,2015,0,2073736572700000,ff,0,0,0f95,0283,0,0000,0f95,0,0f8d,0008,1,1,0,0,0000,0f95,0000,0000,0000,0000,0,0f95,0f95,0000,0,000,0f95,0f95
2016,2016,0,2073736572700000,ff,0,0,0f95,0283,0,0000,0f95,0,0f8d,0008,1,1,0,0,0000,0f95,0000,0000,0000,0000,0,0f95,0f95,0000,0,000,0f95,0f95
2017,2017,0,2073736572700000,ff,0,0,0f95,0283,0,0000,0f95,0,0f8d,0008,1,1,0,0,0000,0f95,0000,0000,0000,0000,0,0f95,0f95,0000,0,000,0f95,0f95
2018,2018,0,2073736572700000,ff,0,0,0f95,0283,0,0000,0f95,0,0f8d,0008,1,1,0,0,0000,0f95,0000,0000,0000,0000,0,0f95,0f95,0000,0,000,0f95,0f95
2019,2019,0,2073736572700000,ff,0,0,0f95,0283,0,0000,0f95,0,0f8d,0008,1,1,0,0,0000,0f95,0000,0000,0000,0000,0,0f95,0f95,0000,0,000,0f95,0f95
2020,2020,0,2073736572700000,ff,0,0,0f95,0283,0,0000,0f95,0,0f8d,0008,1,1,0,0,0000,0f95,0000,0000,0000,0000,0,0f95,0f95,0000,0,000,0f95,0f95
2021,2021,0,2073736572700000,ff,0,0,0f95,0283,0,0000,0f95,0,0f8d,0008,1,1,0,0,0000,0f95,0000,0000,0000,0000,0,0f95,0f95,0000,0,000,0f95,0f95
2022,2022,0,2073736572700000,ff,0,0,0f95,0283,0,0000,0f95,0,0f8d,0008,1,1,0,0,0000,0f95,0000,0000,0000,0000,0,0f95,0f95,0000,0,000,0f95,0f95
2023,2023,0,2073736572700000,ff,0,0,0f95,0283,0,0000,0f95,0,0f8d,0008,1,1,0,0,0000,0f95,0000,0000,0000,0000,0,0f95,0f95,0000,0,000,0f95,0f95
2024,2024,0,2073736572700000,ff,0,0,0f95,0283,0,0000,0f95,0,0f8d,0008,1,1,0,0,0000,0f95,0000,0000,0000,0000,0,0f95,0f95,0000,0,000,0f95,0f95
2025,2025,0,2073736572700000,ff,0,0,0f95,0283,0,0000,0f95,0,0f8d,0008,1,1,0,0,0000,0f95,0000,0000,0000,0000,0,0f95,0f95,0000,0,000,0f95,0f95
2026,2026,0,2073736572700000,ff,0,0,0f95,0283,0,0000,0f95,0,0f8d,0008,1,1,0,0,0000,0f95,0000,0000,0000,0000,0,0f95,0f95,0000,0,000,0f95,0f95
2027,2027,0,2073736572700000,ff,0,0,0f95,0283,0,0000,0f95,0,0f8d,0008,1,1,0,0,0000,0f95,0000,0000,0000,0000,0,0f95,0f95,0000,0,000,0f95,0f95
2028,2028,0,2073736572700000,ff,0,0,0f95,0283,0,0000,0f95,0,0f8d,0008,1,1,0,0,0000,0f95,0000,0000,0000,0000,0,0f95,0f95,0000,0,000,0f95,0f95
2029,2029,0,2073736572700000,ff,0,0,0f95,0283,0,0000,0f95,0,0f8d,0008,1,1,0,0,0000,0f95,0000,0000,0000,0000,0,0f95,0f95,0000,0,000,0f95,0f95
2030,2030,0,2073736572700000,ff,0,0,0f95,0283,0,0000,0f95,0,0f8d,0008,1,1,0,0,0000,0f95,0000,0000,0000,0000,0,0f95,0f95,0000,0,000,0f95,0f95
2031,2031,0,2073736572700000,ff,0,0,0f95,0283,0,0000,0f95,0,0f8d,0008,1,1,0,0,0000,0f95,0000,0000,0000,0000,0,0f95,0f95,0000,0,000,0f95,0f95
2032,2032,0,2073736572700000,ff,0,0,0f95,0283,0,0000,0f95,0,0f8d,0008,1,1,0,0,0000,0f95,0000,0000,0000,0000,0,0f95,0f95,0000,0,000,0f95,0f95
2033,2033,0,2073736572700000,ff,0,0,0f95,0283,0,0000,0f95,0,0f8d,0008,1,1,0,0,0000,0f95,0000,0000,0000,0000,0,0f95,0f95,0000,0,000,0f95,0f95
2034,2034,0,2073736572700000,ff,0,0,0f95,0283,0,0000,0f95,0,0f8d,0008,1,1,0,0,0000,0f95,0000,0000,0000,0000,0,0f95,0f95,0000,0,000,0f95,0f95
2035,2035,0,2073736572700000,ff,0,0,0f95,0283,0,0000,0f95,0,0f8d,0008,1,1,0,0,0000,0f95,0000,0000,0000,0000,0,0f95,0f95,0000,0,000,0f95,0f95
2036,2036,0,2073736572700000,ff,0,0,0f95,0283,0,0000,0f95,0,0f8d,0008,1,1,0,0,0000,0f95,0000,0000,0000,0000,0,0f95,0f95,0000,0,000,0f95,0f95
2037,2037,0,2073736572700000,ff,0,0,0f95,0283,0,0000,0f95,0,0f8d,0008,1,1,0,0,0000,0f95,0000,0000,0000,0000,0,0f95,0f95,0000,0,000,0f95,0f95
2038,2038,0,2073736572700000,ff,0,0,0f95,0283,0,0000,0f95,0,0f8d,0008,1,1,0,0,0000,0f95,0000,0000,0000,0000,0,0f95,0f95,0000,0,000,0f95,0f95
2039,2039,0,2073736572700000,ff,0,0,0f95,0283,0,0000,0f95,0,0f8d,0008,1,1,0,0,0000,0f95,0000,0000,0000,0000,0,0f95,0f95,0000,0,000,0f95,0f95
2040,2040,0,2073736572700000,ff,0,0,0f95,0283,0,0000,0f95,0,0f8d,0008,1,1,0,0,0000,0f95,0000,0000,0000,0000,0,0f95,0f95,0000,0,000,0f95,0f95
2041,2041,0,2073736572700000,ff,0,0,0f95,0283,0,0000,0f95,0,0f8d,0008,1,1,0,0,0000,0f95,0000,0000,0000,0000,0,0f95,0f95,0000,0,000,0f95,0f95
2042,2042,0,2073736572700000,ff,0,0,0f95,0283,0,0000,0f95,0,0f8d,0008,1,1,0,0,0000,0f95,0000,0000,0000,0000,0,0f95,0f95,0000,0,000,0f95,0f95
2043,2043,0,2073736572700000,ff,0,0,0f95,0283,0,0000,0f95,0,0f8d,0008,1,1,0,0,0000,0f95,0000,0000,0000,0000,0,0f95,0f95,0000,0,000,0f95,0f95
2044,2044,0,2073736572700000,ff,0,0,0f95,0283,0,0000,0f95,0,0f8d,0008,1,1,0,0,0000,0f95,0000,0000,0000,0000,0,0f95,0f95,0000,0,000,0f95,0f95
2045,2045,0,2073736572700000,ff,0,0,0f95,0283,0,0000,0f95,0,0f8d,0008,1,1,0,0,0000,0f95,0000,0000,0000,0000,0,0f95,0f95,0000,0,000,0f95,0f95
2046,2046,0,2073736572700000,ff,0,0,0f95,0283,0,0000,0f95,0,0f8d,0008,1,1,0,0,0000,0f95,0000,0000,0000,0000,0,0f95,0f95,0000,0,000,0f95,0f95
2047,2047,0,2073736572700000,ff,0,0,0f95,0283,0,0000,0f95,0,0f8d,0008,1,1,0,0,0000,0f95,0000,0000,0000,0000,0,0f95,0f95,0000,0,000,0f95,0f95
