Sample in Buffer,Sample in Window,TRIGGER,dbg_rx_tdata[63:0],dbg_rx_tkeep[7:0],dbg_rx_tvalid,dbg_rx_tlast,dbg_up_frames[15:0],dbg_up_bytes[15:0],dbg_up_ovf,dbg_up_stall[15:0],dbg_pk_frames[15:0],dbg_pk_ovf,dbg_prev_wr[15:0],dbg_prev_drop[15:0],dbg_ch_up,dbg_lane_up,dbg_hard_err,dbg_soft_err,dbg_pk_ovf_cnt[15:0],dbg_pfwd_rd[15:0],dbg_hard_err_cnt[15:0],dbg_soft_err_cnt[15:0],dbg_ch_up_evt[15:0],dbg_pfwd_stuck_cnt[15:0],dbg_pfwd_stuck,dbg_mem_u_wr[15:0],dbg_mem_u_rd[15:0],dbg_mem_u_drop[15:0],dbg_mem_rden,dbg_mem_ost_s[8:0],dbg_mem2_u_wr[15:0],dbg_mem2_u_rd[15:0]
Radix - UNSIGNED,UNSIGNED,UNSIGNED,HEX,HEX,HEX,HEX,HEX,HEX,HEX,HEX,HEX,HEX,HEX,HEX,HEX,HEX,HEX,HEX,HEX,HEX,HEX,HEX,HEX,HEX,HEX,HEX,HEX,HEX,HEX,HEX,HEX,HEX
0,0,0,7200000000000000,80,0,0,944d,8980,0,0000,944d,0,93eb,0062,1,1,0,0,0000,944d,0000,0000,0000,0000,0,944d,944d,0000,0,000,944d,944d
1,1,0,7200000000000000,80,0,0,944d,8980,0,0000,944d,0,93eb,0062,1,1,0,0,0000,944d,0000,0000,0000,0000,0,944d,944d,0000,0,000,944d,944d
2,2,0,7200000000000000,80,0,0,944d,8980,0,0000,944d,0,93eb,0062,1,1,0,0,0000,944d,0000,0000,0000,0000,0,944d,944d,0000,0,000,944d,944d
3,3,0,7200000000000000,80,0,0,944d,8980,0,0000,944d,0,93eb,0062,1,1,0,0,0000,944d,0000,0000,0000,0000,0,944d,944d,0000,0,000,944d,944d
4,4,0,7200000000000000,80,0,0,944d,8980,0,0000,944d,0,93eb,0062,1,1,0,0,0000,944d,0000,0000,0000,0000,0,944d,944d,0000,0,000,944d,944d
5,5,0,7200000000000000,80,0,0,944d,8980,0,0000,944d,0,93eb,0062,1,1,0,0,0000,944d,0000,0000,0000,0000,0,944d,944d,0000,0,000,944d,944d
6,6,0,7200000000000000,80,0,0,944d,8980,0,0000,944d,0,93eb,0062,1,1,0,0,0000,944d,0000,0000,0000,0000,0,944d,944d,0000,0,000,944d,944d
7,7,0,7200000000000000,80,0,0,944d,8980,0,0000,944d,0,93eb,0062,1,1,0,0,0000,944d,0000,0000,0000,0000,0,944d,944d,0000,0,000,944d,944d
8,8,0,7200000000000000,80,0,0,944d,8980,0,0000,944d,0,93eb,0062,1,1,0,0,0000,944d,0000,0000,0000,0000,0,944d,944d,0000,0,000,944d,944d
9,9,0,7200000000000000,80,0,0,944d,8980,0,0000,944d,0,93eb,0062,1,1,0,0,0000,944d,0000,0000,0000,0000,0,944d,944d,0000,0,000,944d,944d
10,10,0,7200000000000000,80,0,0,944d,8980,0,0000,944d,0,93eb,0062,1,1,0,0,0000,944d,0000,0000,0000,0000,0,944d,944d,0000,0,000,944d,944d
11,11,0,7200000000000000,80,0,0,944d,8980,0,0000,944d,0,93eb,0062,1,1,0,0,0000,944d,0000,0000,0000,0000,0,944d,944d,0000,0,000,944d,944d
12,12,0,7200000000000000,80,0,0,944d,8980,0,0000,944d,0,93eb,0062,1,1,0,0,0000,944d,0000,0000,0000,0000,0,944d,944d,0000,0,000,944d,944d
13,13,0,7200000000000000,80,0,0,944d,8980,0,0000,944d,0,93eb,0062,1,1,0,0,0000,944d,0000,0000,0000,0000,0,944d,944d,0000,0,000,944d,944d
14,14,0,7200000000000000,80,0,0,944d,8980,0,0000,944d,0,93eb,0062,1,1,0,0,0000,944d,0000,0000,0000,0000,0,944d,944d,0000,0,000,944d,944d
15,15,0,7200000000000000,80,0,0,944d,8980,0,0000,944d,0,93eb,0062,1,1,0,0,0000,944d,0000,0000,0000,0000,0,944d,944d,0000,0,000,944d,944d
16,16,0,7200000000000000,80,0,0,944d,8980,0,0000,944d,0,93eb,0062,1,1,0,0,0000,944d,0000,0000,0000,0000,0,944d,944d,0000,0,000,944d,944d
17,17,0,7200000000000000,80,0,0,944d,8980,0,0000,944d,0,93eb,0062,1,1,0,0,0000,944d,0000,0000,0000,0000,0,944d,944d,0000,0,000,944d,944d
18,18,0,7200000000000000,80,0,0,944d,8980,0,0000,944d,0,93eb,0062,1,1,0,0,0000,944d,0000,0000,0000,0000,0,944d,944d,0000,0,000,944d,944d
19,19,0,7200000000000000,80,0,0,944d,8980,0,0000,944d,0,93eb,0062,1,1,0,0,0000,944d,0000,0000,0000,0000,0,944d,944d,0000,0,000,944d,944d
20,20,0,7200000000000000,80,0,0,944d,8980,0,0000,944d,0,93eb,0062,1,1,0,0,0000,944d,0000,0000,0000,0000,0,944d,944d,0000,0,000,944d,944d
21,21,0,7200000000000000,80,0,0,944d,8980,0,0000,944d,0,93eb,0062,1,1,0,0,0000,944d,0000,0000,0000,0000,0,944d,944d,0000,0,000,944d,944d
22,22,0,7200000000000000,80,0,0,944d,8980,0,0000,944d,0,93eb,0062,1,1,0,0,0000,944d,0000,0000,0000,0000,0,944d,944d,0000,0,000,944d,944d
23,23,0,7200000000000000,80,0,0,944d,8980,0,0000,944d,0,93eb,0062,1,1,0,0,0000,944d,0000,0000,0000,0000,0,944d,944d,0000,0,000,944d,944d
24,24,0,7200000000000000,80,0,0,944d,8980,0,0000,944d,0,93eb,0062,1,1,0,0,0000,944d,0000,0000,0000,0000,0,944d,944d,0000,0,000,944d,944d
25,25,0,7200000000000000,80,0,0,944d,8980,0,0000,944d,0,93eb,0062,1,1,0,0,0000,944d,0000,0000,0000,0000,0,944d,944d,0000,0,000,944d,944d
26,26,0,7200000000000000,80,0,0,944d,8980,0,0000,944d,0,93eb,0062,1,1,0,0,0000,944d,0000,0000,0000,0000,0,944d,944d,0000,0,000,944d,944d
27,27,0,7200000000000000,80,0,0,944d,8980,0,0000,944d,0,93eb,0062,1,1,0,0,0000,944d,0000,0000,0000,0000,0,944d,944d,0000,0,000,944d,944d
28,28,0,7200000000000000,80,0,0,944d,8980,0,0000,944d,0,93eb,0062,1,1,0,0,0000,944d,0000,0000,0000,0000,0,944d,944d,0000,0,000,944d,944d
29,29,0,7200000000000000,80,0,0,944d,8980,0,0000,944d,0,93eb,0062,1,1,0,0,0000,944d,0000,0000,0000,0000,0,944d,944d,0000,0,000,944d,944d
30,30,0,7200000000000000,80,0,0,944d,8980,0,0000,944d,0,93eb,0062,1,1,0,0,0000,944d,0000,0000,0000,0000,0,944d,944d,0000,0,000,944d,944d
31,31,0,7200000000000000,80,0,0,944d,8980,0,0000,944d,0,93eb,0062,1,1,0,0,0000,944d,0000,0000,0000,0000,0,944d,944d,0000,0,000,944d,944d
32,32,0,7200000000000000,80,0,0,944d,8980,0,0000,944d,0,93eb,0062,1,1,0,0,0000,944d,0000,0000,0000,0000,0,944d,944d,0000,0,000,944d,944d
33,33,0,7200000000000000,80,0,0,944d,8980,0,0000,944d,0,93eb,0062,1,1,0,0,0000,944d,0000,0000,0000,0000,0,944d,944d,0000,0,000,944d,944d
34,34,0,7200000000000000,80,0,0,944d,8980,0,0000,944d,0,93eb,0062,1,1,0,0,0000,944d,0000,0000,0000,0000,0,944d,944d,0000,0,000,944d,944d
35,35,0,7200000000000000,80,0,0,944d,8980,0,0000,944d,0,93eb,0062,1,1,0,0,0000,944d,0000,0000,0000,0000,0,944d,944d,0000,0,000,944d,944d
36,36,0,7200000000000000,80,0,0,944d,8980,0,0000,944d,0,93eb,0062,1,1,0,0,0000,944d,0000,0000,0000,0000,0,944d,944d,0000,0,000,944d,944d
37,37,0,7200000000000000,80,0,0,944d,8980,0,0000,944d,0,93eb,0062,1,1,0,0,0000,944d,0000,0000,0000,0000,0,944d,944d,0000,0,000,944d,944d
38,38,0,7200000000000000,80,0,0,944d,8980,0,0000,944d,0,93eb,0062,1,1,0,0,0000,944d,0000,0000,0000,0000,0,944d,944d,0000,0,000,944d,944d
39,39,0,7200000000000000,80,0,0,944d,8980,0,0000,944d,0,93eb,0062,1,1,0,0,0000,944d,0000,0000,0000,0000,0,944d,944d,0000,0,000,944d,944d
40,40,0,7200000000000000,80,0,0,944d,8980,0,0000,944d,0,93eb,0062,1,1,0,0,0000,944d,0000,0000,0000,0000,0,944d,944d,0000,0,000,944d,944d
41,41,0,7200000000000000,80,0,0,944d,8980,0,0000,944d,0,93eb,0062,1,1,0,0,0000,944d,0000,0000,0000,0000,0,944d,944d,0000,0,000,944d,944d
42,42,0,7200000000000000,80,0,0,944d,8980,0,0000,944d,0,93eb,0062,1,1,0,0,0000,944d,0000,0000,0000,0000,0,944d,944d,0000,0,000,944d,944d
43,43,0,7200000000000000,80,0,0,944d,8980,0,0000,944d,0,93eb,0062,1,1,0,0,0000,944d,0000,0000,0000,0000,0,944d,944d,0000,0,000,944d,944d
44,44,0,7200000000000000,80,0,0,944d,8980,0,0000,944d,0,93eb,0062,1,1,0,0,0000,944d,0000,0000,0000,0000,0,944d,944d,0000,0,000,944d,944d
45,45,0,7200000000000000,80,0,0,944d,8980,0,0000,944d,0,93eb,0062,1,1,0,0,0000,944d,0000,0000,0000,0000,0,944d,944d,0000,0,000,944d,944d
46,46,0,7200000000000000,80,0,0,944d,8980,0,0000,944d,0,93eb,0062,1,1,0,0,0000,944d,0000,0000,0000,0000,0,944d,944d,0000,0,000,944d,944d
47,47,0,7200000000000000,80,0,0,944d,8980,0,0000,944d,0,93eb,0062,1,1,0,0,0000,944d,0000,0000,0000,0000,0,944d,944d,0000,0,000,944d,944d
48,48,0,7200000000000000,80,0,0,944d,8980,0,0000,944d,0,93eb,0062,1,1,0,0,0000,944d,0000,0000,0000,0000,0,944d,944d,0000,0,000,944d,944d
49,49,0,7200000000000000,80,0,0,944d,8980,0,0000,944d,0,93eb,0062,1,1,0,0,0000,944d,0000,0000,0000,0000,0,944d,944d,0000,0,000,944d,944d
50,50,0,7200000000000000,80,0,0,944d,8980,0,0000,944d,0,93eb,0062,1,1,0,0,0000,944d,0000,0000,0000,0000,0,944d,944d,0000,0,000,944d,944d
51,51,0,7200000000000000,80,0,0,944d,8980,0,0000,944d,0,93eb,0062,1,1,0,0,0000,944d,0000,0000,0000,0000,0,944d,944d,0000,0,000,944d,944d
52,52,0,7200000000000000,80,0,0,944d,8980,0,0000,944d,0,93eb,0062,1,1,0,0,0000,944d,0000,0000,0000,0000,0,944d,944d,0000,0,000,944d,944d
53,53,0,7200000000000000,80,0,0,944d,8980,0,0000,944d,0,93eb,0062,1,1,0,0,0000,944d,0000,0000,0000,0000,0,944d,944d,0000,0,000,944d,944d
54,54,0,7200000000000000,80,0,0,944d,8980,0,0000,944d,0,93eb,0062,1,1,0,0,0000,944d,0000,0000,0000,0000,0,944d,944d,0000,0,000,944d,944d
55,55,0,7200000000000000,80,0,0,944d,8980,0,0000,944d,0,93eb,0062,1,1,0,0,0000,944d,0000,0000,0000,0000,0,944d,944d,0000,0,000,944d,944d
56,56,0,7200000000000000,80,0,0,944d,8980,0,0000,944d,0,93eb,0062,1,1,0,0,0000,944d,0000,0000,0000,0000,0,944d,944d,0000,0,000,944d,944d
57,57,0,7200000000000000,80,0,0,944d,8980,0,0000,944d,0,93eb,0062,1,1,0,0,0000,944d,0000,0000,0000,0000,0,944d,944d,0000,0,000,944d,944d
58,58,0,7200000000000000,80,0,0,944d,8980,0,0000,944d,0,93eb,0062,1,1,0,0,0000,944d,0000,0000,0000,0000,0,944d,944d,0000,0,000,944d,944d
59,59,0,7200000000000000,80,0,0,944d,8980,0,0000,944d,0,93eb,0062,1,1,0,0,0000,944d,0000,0000,0000,0000,0,944d,944d,0000,0,000,944d,944d
60,60,0,7200000000000000,80,0,0,944d,8980,0,0000,944d,0,93eb,0062,1,1,0,0,0000,944d,0000,0000,0000,0000,0,944d,944d,0000,0,000,944d,944d
61,61,0,7200000000000000,80,0,0,944d,8980,0,0000,944d,0,93eb,0062,1,1,0,0,0000,944d,0000,0000,0000,0000,0,944d,944d,0000,0,000,944d,944d
62,62,0,7200000000000000,80,0,0,944d,8980,0,0000,944d,0,93eb,0062,1,1,0,0,0000,944d,0000,0000,0000,0000,0,944d,944d,0000,0,000,944d,944d
63,63,0,7200000000000000,80,0,0,944d,8980,0,0000,944d,0,93eb,0062,1,1,0,0,0000,944d,0000,0000,0000,0000,0,944d,944d,0000,0,000,944d,944d
64,64,0,7200000000000000,80,0,0,944d,8980,0,0000,944d,0,93eb,0062,1,1,0,0,0000,944d,0000,0000,0000,0000,0,944d,944d,0000,0,000,944d,944d
65,65,0,7200000000000000,80,0,0,944d,8980,0,0000,944d,0,93eb,0062,1,1,0,0,0000,944d,0000,0000,0000,0000,0,944d,944d,0000,0,000,944d,944d
66,66,0,7200000000000000,80,0,0,944d,8980,0,0000,944d,0,93eb,0062,1,1,0,0,0000,944d,0000,0000,0000,0000,0,944d,944d,0000,0,000,944d,944d
67,67,0,7200000000000000,80,0,0,944d,8980,0,0000,944d,0,93eb,0062,1,1,0,0,0000,944d,0000,0000,0000,0000,0,944d,944d,0000,0,000,944d,944d
68,68,0,7200000000000000,80,0,0,944d,8980,0,0000,944d,0,93eb,0062,1,1,0,0,0000,944d,0000,0000,0000,0000,0,944d,944d,0000,0,000,944d,944d
69,69,0,7200000000000000,80,0,0,944d,8980,0,0000,944d,0,93eb,0062,1,1,0,0,0000,944d,0000,0000,0000,0000,0,944d,944d,0000,0,000,944d,944d
70,70,0,7200000000000000,80,0,0,944d,8980,0,0000,944d,0,93eb,0062,1,1,0,0,0000,944d,0000,0000,0000,0000,0,944d,944d,0000,0,000,944d,944d
71,71,0,7200000000000000,80,0,0,944d,8980,0,0000,944d,0,93eb,0062,1,1,0,0,0000,944d,0000,0000,0000,0000,0,944d,944d,0000,0,000,944d,944d
72,72,0,7200000000000000,80,0,0,944d,8980,0,0000,944d,0,93eb,0062,1,1,0,0,0000,944d,0000,0000,0000,0000,0,944d,944d,0000,0,000,944d,944d
73,73,0,7200000000000000,80,0,0,944d,8980,0,0000,944d,0,93eb,0062,1,1,0,0,0000,944d,0000,0000,0000,0000,0,944d,944d,0000,0,000,944d,944d
74,74,0,7200000000000000,80,0,0,944d,8980,0,0000,944d,0,93eb,0062,1,1,0,0,0000,944d,0000,0000,0000,0000,0,944d,944d,0000,0,000,944d,944d
75,75,0,7200000000000000,80,0,0,944d,8980,0,0000,944d,0,93eb,0062,1,1,0,0,0000,944d,0000,0000,0000,0000,0,944d,944d,0000,0,000,944d,944d
76,76,0,7200000000000000,80,0,0,944d,8980,0,0000,944d,0,93eb,0062,1,1,0,0,0000,944d,0000,0000,0000,0000,0,944d,944d,0000,0,000,944d,944d
77,77,0,7200000000000000,80,0,0,944d,8980,0,0000,944d,0,93eb,0062,1,1,0,0,0000,944d,0000,0000,0000,0000,0,944d,944d,0000,0,000,944d,944d
78,78,0,7200000000000000,80,0,0,944d,8980,0,0000,944d,0,93eb,0062,1,1,0,0,0000,944d,0000,0000,0000,0000,0,944d,944d,0000,0,000,944d,944d
79,79,0,7200000000000000,80,0,0,944d,8980,0,0000,944d,0,93eb,0062,1,1,0,0,0000,944d,0000,0000,0000,0000,0,944d,944d,0000,0,000,944d,944d
80,80,0,7200000000000000,80,0,0,944d,8980,0,0000,944d,0,93eb,0062,1,1,0,0,0000,944d,0000,0000,0000,0000,0,944d,944d,0000,0,000,944d,944d
81,81,0,7200000000000000,80,0,0,944d,8980,0,0000,944d,0,93eb,0062,1,1,0,0,0000,944d,0000,0000,0000,0000,0,944d,944d,0000,0,000,944d,944d
82,82,0,7200000000000000,80,0,0,944d,8980,0,0000,944d,0,93eb,0062,1,1,0,0,0000,944d,0000,0000,0000,0000,0,944d,944d,0000,0,000,944d,944d
83,83,0,7200000000000000,80,0,0,944d,8980,0,0000,944d,0,93eb,0062,1,1,0,0,0000,944d,0000,0000,0000,0000,0,944d,944d,0000,0,000,944d,944d
84,84,0,7200000000000000,80,0,0,944d,8980,0,0000,944d,0,93eb,0062,1,1,0,0,0000,944d,0000,0000,0000,0000,0,944d,944d,0000,0,000,944d,944d
85,85,0,7200000000000000,80,0,0,944d,8980,0,0000,944d,0,93eb,0062,1,1,0,0,0000,944d,0000,0000,0000,0000,0,944d,944d,0000,0,000,944d,944d
86,86,0,7200000000000000,80,0,0,944d,8980,0,0000,944d,0,93eb,0062,1,1,0,0,0000,944d,0000,0000,0000,0000,0,944d,944d,0000,0,000,944d,944d
87,87,0,7200000000000000,80,0,0,944d,8980,0,0000,944d,0,93eb,0062,1,1,0,0,0000,944d,0000,0000,0000,0000,0,944d,944d,0000,0,000,944d,944d
88,88,0,7200000000000000,80,0,0,944d,8980,0,0000,944d,0,93eb,0062,1,1,0,0,0000,944d,0000,0000,0000,0000,0,944d,944d,0000,0,000,944d,944d
89,89,0,7200000000000000,80,0,0,944d,8980,0,0000,944d,0,93eb,0062,1,1,0,0,0000,944d,0000,0000,0000,0000,0,944d,944d,0000,0,000,944d,944d
90,90,0,7200000000000000,80,0,0,944d,8980,0,0000,944d,0,93eb,0062,1,1,0,0,0000,944d,0000,0000,0000,0000,0,944d,944d,0000,0,000,944d,944d
91,91,0,7200000000000000,80,0,0,944d,8980,0,0000,944d,0,93eb,0062,1,1,0,0,0000,944d,0000,0000,0000,0000,0,944d,944d,0000,0,000,944d,944d
92,92,0,7200000000000000,80,0,0,944d,8980,0,0000,944d,0,93eb,0062,1,1,0,0,0000,944d,0000,0000,0000,0000,0,944d,944d,0000,0,000,944d,944d
93,93,0,7200000000000000,80,0,0,944d,8980,0,0000,944d,0,93eb,0062,1,1,0,0,0000,944d,0000,0000,0000,0000,0,944d,944d,0000,0,000,944d,944d
94,94,0,7200000000000000,80,0,0,944d,8980,0,0000,944d,0,93eb,0062,1,1,0,0,0000,944d,0000,0000,0000,0000,0,944d,944d,0000,0,000,944d,944d
95,95,0,7200000000000000,80,0,0,944d,8980,0,0000,944d,0,93eb,0062,1,1,0,0,0000,944d,0000,0000,0000,0000,0,944d,944d,0000,0,000,944d,944d
96,96,0,7200000000000000,80,0,0,944d,8980,0,0000,944d,0,93eb,0062,1,1,0,0,0000,944d,0000,0000,0000,0000,0,944d,944d,0000,0,000,944d,944d
97,97,0,7200000000000000,80,0,0,944d,8980,0,0000,944d,0,93eb,0062,1,1,0,0,0000,944d,0000,0000,0000,0000,0,944d,944d,0000,0,000,944d,944d
98,98,0,7200000000000000,80,0,0,944d,8980,0,0000,944d,0,93eb,0062,1,1,0,0,0000,944d,0000,0000,0000,0000,0,944d,944d,0000,0,000,944d,944d
99,99,0,7200000000000000,80,0,0,944d,8980,0,0000,944d,0,93eb,0062,1,1,0,0,0000,944d,0000,0000,0000,0000,0,944d,944d,0000,0,000,944d,944d
100,100,0,7200000000000000,80,0,0,944d,8980,0,0000,944d,0,93eb,0062,1,1,0,0,0000,944d,0000,0000,0000,0000,0,944d,944d,0000,0,000,944d,944d
101,101,0,7200000000000000,80,0,0,944d,8980,0,0000,944d,0,93eb,0062,1,1,0,0,0000,944d,0000,0000,0000,0000,0,944d,944d,0000,0,000,944d,944d
102,102,0,7200000000000000,80,0,0,944d,8980,0,0000,944d,0,93eb,0062,1,1,0,0,0000,944d,0000,0000,0000,0000,0,944d,944d,0000,0,000,944d,944d
103,103,0,7200000000000000,80,0,0,944d,8980,0,0000,944d,0,93eb,0062,1,1,0,0,0000,944d,0000,0000,0000,0000,0,944d,944d,0000,0,000,944d,944d
104,104,0,7200000000000000,80,0,0,944d,8980,0,0000,944d,0,93eb,0062,1,1,0,0,0000,944d,0000,0000,0000,0000,0,944d,944d,0000,0,000,944d,944d
105,105,0,7200000000000000,80,0,0,944d,8980,0,0000,944d,0,93eb,0062,1,1,0,0,0000,944d,0000,0000,0000,0000,0,944d,944d,0000,0,000,944d,944d
106,106,0,7200000000000000,80,0,0,944d,8980,0,0000,944d,0,93eb,0062,1,1,0,0,0000,944d,0000,0000,0000,0000,0,944d,944d,0000,0,000,944d,944d
107,107,0,7200000000000000,80,0,0,944d,8980,0,0000,944d,0,93eb,0062,1,1,0,0,0000,944d,0000,0000,0000,0000,0,944d,944d,0000,0,000,944d,944d
108,108,0,7200000000000000,80,0,0,944d,8980,0,0000,944d,0,93eb,0062,1,1,0,0,0000,944d,0000,0000,0000,0000,0,944d,944d,0000,0,000,944d,944d
109,109,0,7200000000000000,80,0,0,944d,8980,0,0000,944d,0,93eb,0062,1,1,0,0,0000,944d,0000,0000,0000,0000,0,944d,944d,0000,0,000,944d,944d
110,110,0,7200000000000000,80,0,0,944d,8980,0,0000,944d,0,93eb,0062,1,1,0,0,0000,944d,0000,0000,0000,0000,0,944d,944d,0000,0,000,944d,944d
111,111,0,7200000000000000,80,0,0,944d,8980,0,0000,944d,0,93eb,0062,1,1,0,0,0000,944d,0000,0000,0000,0000,0,944d,944d,0000,0,000,944d,944d
112,112,0,7200000000000000,80,0,0,944d,8980,0,0000,944d,0,93eb,0062,1,1,0,0,0000,944d,0000,0000,0000,0000,0,944d,944d,0000,0,000,944d,944d
113,113,0,7200000000000000,80,0,0,944d,8980,0,0000,944d,0,93eb,0062,1,1,0,0,0000,944d,0000,0000,0000,0000,0,944d,944d,0000,0,000,944d,944d
114,114,0,7200000000000000,80,0,0,944d,8980,0,0000,944d,0,93eb,0062,1,1,0,0,0000,944d,0000,0000,0000,0000,0,944d,944d,0000,0,000,944d,944d
115,115,0,7200000000000000,80,0,0,944d,8980,0,0000,944d,0,93eb,0062,1,1,0,0,0000,944d,0000,0000,0000,0000,0,944d,944d,0000,0,000,944d,944d
116,116,0,7200000000000000,80,0,0,944d,8980,0,0000,944d,0,93eb,0062,1,1,0,0,0000,944d,0000,0000,0000,0000,0,944d,944d,0000,0,000,944d,944d
117,117,0,7200000000000000,80,0,0,944d,8980,0,0000,944d,0,93eb,0062,1,1,0,0,0000,944d,0000,0000,0000,0000,0,944d,944d,0000,0,000,944d,944d
118,118,0,7200000000000000,80,0,0,944d,8980,0,0000,944d,0,93eb,0062,1,1,0,0,0000,944d,0000,0000,0000,0000,0,944d,944d,0000,0,000,944d,944d
119,119,0,7200000000000000,80,0,0,944d,8980,0,0000,944d,0,93eb,0062,1,1,0,0,0000,944d,0000,0000,0000,0000,0,944d,944d,0000,0,000,944d,944d
120,120,0,7200000000000000,80,0,0,944d,8980,0,0000,944d,0,93eb,0062,1,1,0,0,0000,944d,0000,0000,0000,0000,0,944d,944d,0000,0,000,944d,944d
121,121,0,7200000000000000,80,0,0,944d,8980,0,0000,944d,0,93eb,0062,1,1,0,0,0000,944d,0000,0000,0000,0000,0,944d,944d,0000,0,000,944d,944d
122,122,0,7200000000000000,80,0,0,944d,8980,0,0000,944d,0,93eb,0062,1,1,0,0,0000,944d,0000,0000,0000,0000,0,944d,944d,0000,0,000,944d,944d
123,123,0,7200000000000000,80,0,0,944d,8980,0,0000,944d,0,93eb,0062,1,1,0,0,0000,944d,0000,0000,0000,0000,0,944d,944d,0000,0,000,944d,944d
124,124,0,7200000000000000,80,0,0,944d,8980,0,0000,944d,0,93eb,0062,1,1,0,0,0000,944d,0000,0000,0000,0000,0,944d,944d,0000,0,000,944d,944d
125,125,0,7200000000000000,80,0,0,944d,8980,0,0000,944d,0,93eb,0062,1,1,0,0,0000,944d,0000,0000,0000,0000,0,944d,944d,0000,0,000,944d,944d
126,126,0,7200000000000000,80,0,0,944d,8980,0,0000,944d,0,93eb,0062,1,1,0,0,0000,944d,0000,0000,0000,0000,0,944d,944d,0000,0,000,944d,944d
127,127,0,7200000000000000,80,0,0,944d,8980,0,0000,944d,0,93eb,0062,1,1,0,0,0000,944d,0000,0000,0000,0000,0,944d,944d,0000,0,000,944d,944d
128,128,0,7200000000000000,80,0,0,944d,8980,0,0000,944d,0,93eb,0062,1,1,0,0,0000,944d,0000,0000,0000,0000,0,944d,944d,0000,0,000,944d,944d
129,129,0,7200000000000000,80,0,0,944d,8980,0,0000,944d,0,93eb,0062,1,1,0,0,0000,944d,0000,0000,0000,0000,0,944d,944d,0000,0,000,944d,944d
130,130,0,7200000000000000,80,0,0,944d,8980,0,0000,944d,0,93eb,0062,1,1,0,0,0000,944d,0000,0000,0000,0000,0,944d,944d,0000,0,000,944d,944d
131,131,0,7200000000000000,80,0,0,944d,8980,0,0000,944d,0,93eb,0062,1,1,0,0,0000,944d,0000,0000,0000,0000,0,944d,944d,0000,0,000,944d,944d
132,132,0,7200000000000000,80,0,0,944d,8980,0,0000,944d,0,93eb,0062,1,1,0,0,0000,944d,0000,0000,0000,0000,0,944d,944d,0000,0,000,944d,944d
133,133,0,7200000000000000,80,0,0,944d,8980,0,0000,944d,0,93eb,0062,1,1,0,0,0000,944d,0000,0000,0000,0000,0,944d,944d,0000,0,000,944d,944d
134,134,0,7200000000000000,80,0,0,944d,8980,0,0000,944d,0,93eb,0062,1,1,0,0,0000,944d,0000,0000,0000,0000,0,944d,944d,0000,0,000,944d,944d
135,135,0,7200000000000000,80,0,0,944d,8980,0,0000,944d,0,93eb,0062,1,1,0,0,0000,944d,0000,0000,0000,0000,0,944d,944d,0000,0,000,944d,944d
136,136,0,7200000000000000,80,0,0,944d,8980,0,0000,944d,0,93eb,0062,1,1,0,0,0000,944d,0000,0000,0000,0000,0,944d,944d,0000,0,000,944d,944d
137,137,0,7200000000000000,80,0,0,944d,8980,0,0000,944d,0,93eb,0062,1,1,0,0,0000,944d,0000,0000,0000,0000,0,944d,944d,0000,0,000,944d,944d
138,138,0,7200000000000000,80,0,0,944d,8980,0,0000,944d,0,93eb,0062,1,1,0,0,0000,944d,0000,0000,0000,0000,0,944d,944d,0000,0,000,944d,944d
139,139,0,7200000000000000,80,0,0,944d,8980,0,0000,944d,0,93eb,0062,1,1,0,0,0000,944d,0000,0000,0000,0000,0,944d,944d,0000,0,000,944d,944d
140,140,0,7200000000000000,80,0,0,944d,8980,0,0000,944d,0,93eb,0062,1,1,0,0,0000,944d,0000,0000,0000,0000,0,944d,944d,0000,0,000,944d,944d
141,141,0,7200000000000000,80,0,0,944d,8980,0,0000,944d,0,93eb,0062,1,1,0,0,0000,944d,0000,0000,0000,0000,0,944d,944d,0000,0,000,944d,944d
142,142,0,7200000000000000,80,0,0,944d,8980,0,0000,944d,0,93eb,0062,1,1,0,0,0000,944d,0000,0000,0000,0000,0,944d,944d,0000,0,000,944d,944d
143,143,0,7200000000000000,80,0,0,944d,8980,0,0000,944d,0,93eb,0062,1,1,0,0,0000,944d,0000,0000,0000,0000,0,944d,944d,0000,0,000,944d,944d
144,144,0,7200000000000000,80,0,0,944d,8980,0,0000,944d,0,93eb,0062,1,1,0,0,0000,944d,0000,0000,0000,0000,0,944d,944d,0000,0,000,944d,944d
145,145,0,7200000000000000,80,0,0,944d,8980,0,0000,944d,0,93eb,0062,1,1,0,0,0000,944d,0000,0000,0000,0000,0,944d,944d,0000,0,000,944d,944d
146,146,0,7200000000000000,80,0,0,944d,8980,0,0000,944d,0,93eb,0062,1,1,0,0,0000,944d,0000,0000,0000,0000,0,944d,944d,0000,0,000,944d,944d
147,147,0,7200000000000000,80,0,0,944d,8980,0,0000,944d,0,93eb,0062,1,1,0,0,0000,944d,0000,0000,0000,0000,0,944d,944d,0000,0,000,944d,944d
148,148,0,7200000000000000,80,0,0,944d,8980,0,0000,944d,0,93eb,0062,1,1,0,0,0000,944d,0000,0000,0000,0000,0,944d,944d,0000,0,000,944d,944d
149,149,0,7200000000000000,80,0,0,944d,8980,0,0000,944d,0,93eb,0062,1,1,0,0,0000,944d,0000,0000,0000,0000,0,944d,944d,0000,0,000,944d,944d
150,150,0,7200000000000000,80,0,0,944d,8980,0,0000,944d,0,93eb,0062,1,1,0,0,0000,944d,0000,0000,0000,0000,0,944d,944d,0000,0,000,944d,944d
151,151,0,7200000000000000,80,0,0,944d,8980,0,0000,944d,0,93eb,0062,1,1,0,0,0000,944d,0000,0000,0000,0000,0,944d,944d,0000,0,000,944d,944d
152,152,0,7200000000000000,80,0,0,944d,8980,0,0000,944d,0,93eb,0062,1,1,0,0,0000,944d,0000,0000,0000,0000,0,944d,944d,0000,0,000,944d,944d
153,153,0,7200000000000000,80,0,0,944d,8980,0,0000,944d,0,93eb,0062,1,1,0,0,0000,944d,0000,0000,0000,0000,0,944d,944d,0000,0,000,944d,944d
154,154,0,7200000000000000,80,0,0,944d,8980,0,0000,944d,0,93eb,0062,1,1,0,0,0000,944d,0000,0000,0000,0000,0,944d,944d,0000,0,000,944d,944d
155,155,0,7200000000000000,80,0,0,944d,8980,0,0000,944d,0,93eb,0062,1,1,0,0,0000,944d,0000,0000,0000,0000,0,944d,944d,0000,0,000,944d,944d
156,156,0,7200000000000000,80,0,0,944d,8980,0,0000,944d,0,93eb,0062,1,1,0,0,0000,944d,0000,0000,0000,0000,0,944d,944d,0000,0,000,944d,944d
157,157,0,7200000000000000,80,0,0,944d,8980,0,0000,944d,0,93eb,0062,1,1,0,0,0000,944d,0000,0000,0000,0000,0,944d,944d,0000,0,000,944d,944d
158,158,0,7200000000000000,80,0,0,944d,8980,0,0000,944d,0,93eb,0062,1,1,0,0,0000,944d,0000,0000,0000,0000,0,944d,944d,0000,0,000,944d,944d
159,159,0,7200000000000000,80,0,0,944d,8980,0,0000,944d,0,93eb,0062,1,1,0,0,0000,944d,0000,0000,0000,0000,0,944d,944d,0000,0,000,944d,944d
160,160,0,7200000000000000,80,0,0,944d,8980,0,0000,944d,0,93eb,0062,1,1,0,0,0000,944d,0000,0000,0000,0000,0,944d,944d,0000,0,000,944d,944d
161,161,0,7200000000000000,80,0,0,944d,8980,0,0000,944d,0,93eb,0062,1,1,0,0,0000,944d,0000,0000,0000,0000,0,944d,944d,0000,0,000,944d,944d
162,162,0,7200000000000000,80,0,0,944d,8980,0,0000,944d,0,93eb,0062,1,1,0,0,0000,944d,0000,0000,0000,0000,0,944d,944d,0000,0,000,944d,944d
163,163,0,7200000000000000,80,0,0,944d,8980,0,0000,944d,0,93eb,0062,1,1,0,0,0000,944d,0000,0000,0000,0000,0,944d,944d,0000,0,000,944d,944d
164,164,0,7200000000000000,80,0,0,944d,8980,0,0000,944d,0,93eb,0062,1,1,0,0,0000,944d,0000,0000,0000,0000,0,944d,944d,0000,0,000,944d,944d
165,165,0,7200000000000000,80,0,0,944d,8980,0,0000,944d,0,93eb,0062,1,1,0,0,0000,944d,0000,0000,0000,0000,0,944d,944d,0000,0,000,944d,944d
166,166,0,7200000000000000,80,0,0,944d,8980,0,0000,944d,0,93eb,0062,1,1,0,0,0000,944d,0000,0000,0000,0000,0,944d,944d,0000,0,000,944d,944d
167,167,0,7200000000000000,80,0,0,944d,8980,0,0000,944d,0,93eb,0062,1,1,0,0,0000,944d,0000,0000,0000,0000,0,944d,944d,0000,0,000,944d,944d
168,168,0,7200000000000000,80,0,0,944d,8980,0,0000,944d,0,93eb,0062,1,1,0,0,0000,944d,0000,0000,0000,0000,0,944d,944d,0000,0,000,944d,944d
169,169,0,7200000000000000,80,0,0,944d,8980,0,0000,944d,0,93eb,0062,1,1,0,0,0000,944d,0000,0000,0000,0000,0,944d,944d,0000,0,000,944d,944d
170,170,0,7200000000000000,80,0,0,944d,8980,0,0000,944d,0,93eb,0062,1,1,0,0,0000,944d,0000,0000,0000,0000,0,944d,944d,0000,0,000,944d,944d
171,171,0,7200000000000000,80,0,0,944d,8980,0,0000,944d,0,93eb,0062,1,1,0,0,0000,944d,0000,0000,0000,0000,0,944d,944d,0000,0,000,944d,944d
172,172,0,7200000000000000,80,0,0,944d,8980,0,0000,944d,0,93eb,0062,1,1,0,0,0000,944d,0000,0000,0000,0000,0,944d,944d,0000,0,000,944d,944d
173,173,0,7200000000000000,80,0,0,944d,8980,0,0000,944d,0,93eb,0062,1,1,0,0,0000,944d,0000,0000,0000,0000,0,944d,944d,0000,0,000,944d,944d
174,174,0,7200000000000000,80,0,0,944d,8980,0,0000,944d,0,93eb,0062,1,1,0,0,0000,944d,0000,0000,0000,0000,0,944d,944d,0000,0,000,944d,944d
175,175,0,7200000000000000,80,0,0,944d,8980,0,0000,944d,0,93eb,0062,1,1,0,0,0000,944d,0000,0000,0000,0000,0,944d,944d,0000,0,000,944d,944d
176,176,0,7200000000000000,80,0,0,944d,8980,0,0000,944d,0,93eb,0062,1,1,0,0,0000,944d,0000,0000,0000,0000,0,944d,944d,0000,0,000,944d,944d
177,177,0,7200000000000000,80,0,0,944d,8980,0,0000,944d,0,93eb,0062,1,1,0,0,0000,944d,0000,0000,0000,0000,0,944d,944d,0000,0,000,944d,944d
178,178,0,7200000000000000,80,0,0,944d,8980,0,0000,944d,0,93eb,0062,1,1,0,0,0000,944d,0000,0000,0000,0000,0,944d,944d,0000,0,000,944d,944d
179,179,0,7200000000000000,80,0,0,944d,8980,0,0000,944d,0,93eb,0062,1,1,0,0,0000,944d,0000,0000,0000,0000,0,944d,944d,0000,0,000,944d,944d
180,180,0,7200000000000000,80,0,0,944d,8980,0,0000,944d,0,93eb,0062,1,1,0,0,0000,944d,0000,0000,0000,0000,0,944d,944d,0000,0,000,944d,944d
181,181,0,7200000000000000,80,0,0,944d,8980,0,0000,944d,0,93eb,0062,1,1,0,0,0000,944d,0000,0000,0000,0000,0,944d,944d,0000,0,000,944d,944d
182,182,0,7200000000000000,80,0,0,944d,8980,0,0000,944d,0,93eb,0062,1,1,0,0,0000,944d,0000,0000,0000,0000,0,944d,944d,0000,0,000,944d,944d
183,183,0,7200000000000000,80,0,0,944d,8980,0,0000,944d,0,93eb,0062,1,1,0,0,0000,944d,0000,0000,0000,0000,0,944d,944d,0000,0,000,944d,944d
184,184,0,7200000000000000,80,0,0,944d,8980,0,0000,944d,0,93eb,0062,1,1,0,0,0000,944d,0000,0000,0000,0000,0,944d,944d,0000,0,000,944d,944d
185,185,0,7200000000000000,80,0,0,944d,8980,0,0000,944d,0,93eb,0062,1,1,0,0,0000,944d,0000,0000,0000,0000,0,944d,944d,0000,0,000,944d,944d
186,186,0,7200000000000000,80,0,0,944d,8980,0,0000,944d,0,93eb,0062,1,1,0,0,0000,944d,0000,0000,0000,0000,0,944d,944d,0000,0,000,944d,944d
187,187,0,7200000000000000,80,0,0,944d,8980,0,0000,944d,0,93eb,0062,1,1,0,0,0000,944d,0000,0000,0000,0000,0,944d,944d,0000,0,000,944d,944d
188,188,0,7200000000000000,80,0,0,944d,8980,0,0000,944d,0,93eb,0062,1,1,0,0,0000,944d,0000,0000,0000,0000,0,944d,944d,0000,0,000,944d,944d
189,189,0,7200000000000000,80,0,0,944d,8980,0,0000,944d,0,93eb,0062,1,1,0,0,0000,944d,0000,0000,0000,0000,0,944d,944d,0000,0,000,944d,944d
190,190,0,7200000000000000,80,0,0,944d,8980,0,0000,944d,0,93eb,0062,1,1,0,0,0000,944d,0000,0000,0000,0000,0,944d,944d,0000,0,000,944d,944d
191,191,0,7200000000000000,80,0,0,944d,8980,0,0000,944d,0,93eb,0062,1,1,0,0,0000,944d,0000,0000,0000,0000,0,944d,944d,0000,0,000,944d,944d
192,192,0,7200000000000000,80,0,0,944d,8980,0,0000,944d,0,93eb,0062,1,1,0,0,0000,944d,0000,0000,0000,0000,0,944d,944d,0000,0,000,944d,944d
193,193,0,7200000000000000,80,0,0,944d,8980,0,0000,944d,0,93eb,0062,1,1,0,0,0000,944d,0000,0000,0000,0000,0,944d,944d,0000,0,000,944d,944d
194,194,0,7200000000000000,80,0,0,944d,8980,0,0000,944d,0,93eb,0062,1,1,0,0,0000,944d,0000,0000,0000,0000,0,944d,944d,0000,0,000,944d,944d
195,195,0,7200000000000000,80,0,0,944d,8980,0,0000,944d,0,93eb,0062,1,1,0,0,0000,944d,0000,0000,0000,0000,0,944d,944d,0000,0,000,944d,944d
196,196,0,7200000000000000,80,0,0,944d,8980,0,0000,944d,0,93eb,0062,1,1,0,0,0000,944d,0000,0000,0000,0000,0,944d,944d,0000,0,000,944d,944d
197,197,0,7200000000000000,80,0,0,944d,8980,0,0000,944d,0,93eb,0062,1,1,0,0,0000,944d,0000,0000,0000,0000,0,944d,944d,0000,0,000,944d,944d
198,198,0,7200000000000000,80,0,0,944d,8980,0,0000,944d,0,93eb,0062,1,1,0,0,0000,944d,0000,0000,0000,0000,0,944d,944d,0000,0,000,944d,944d
199,199,0,7200000000000000,80,0,0,944d,8980,0,0000,944d,0,93eb,0062,1,1,0,0,0000,944d,0000,0000,0000,0000,0,944d,944d,0000,0,000,944d,944d
200,200,0,7200000000000000,80,0,0,944d,8980,0,0000,944d,0,93eb,0062,1,1,0,0,0000,944d,0000,0000,0000,0000,0,944d,944d,0000,0,000,944d,944d
201,201,0,7200000000000000,80,0,0,944d,8980,0,0000,944d,0,93eb,0062,1,1,0,0,0000,944d,0000,0000,0000,0000,0,944d,944d,0000,0,000,944d,944d
202,202,0,7200000000000000,80,0,0,944d,8980,0,0000,944d,0,93eb,0062,1,1,0,0,0000,944d,0000,0000,0000,0000,0,944d,944d,0000,0,000,944d,944d
203,203,0,7200000000000000,80,0,0,944d,8980,0,0000,944d,0,93eb,0062,1,1,0,0,0000,944d,0000,0000,0000,0000,0,944d,944d,0000,0,000,944d,944d
204,204,0,7200000000000000,80,0,0,944d,8980,0,0000,944d,0,93eb,0062,1,1,0,0,0000,944d,0000,0000,0000,0000,0,944d,944d,0000,0,000,944d,944d
205,205,0,7200000000000000,80,0,0,944d,8980,0,0000,944d,0,93eb,0062,1,1,0,0,0000,944d,0000,0000,0000,0000,0,944d,944d,0000,0,000,944d,944d
206,206,0,7200000000000000,80,0,0,944d,8980,0,0000,944d,0,93eb,0062,1,1,0,0,0000,944d,0000,0000,0000,0000,0,944d,944d,0000,0,000,944d,944d
207,207,0,7200000000000000,80,0,0,944d,8980,0,0000,944d,0,93eb,0062,1,1,0,0,0000,944d,0000,0000,0000,0000,0,944d,944d,0000,0,000,944d,944d
208,208,0,7200000000000000,80,0,0,944d,8980,0,0000,944d,0,93eb,0062,1,1,0,0,0000,944d,0000,0000,0000,0000,0,944d,944d,0000,0,000,944d,944d
209,209,0,7200000000000000,80,0,0,944d,8980,0,0000,944d,0,93eb,0062,1,1,0,0,0000,944d,0000,0000,0000,0000,0,944d,944d,0000,0,000,944d,944d
210,210,0,7200000000000000,80,0,0,944d,8980,0,0000,944d,0,93eb,0062,1,1,0,0,0000,944d,0000,0000,0000,0000,0,944d,944d,0000,0,000,944d,944d
211,211,0,7200000000000000,80,0,0,944d,8980,0,0000,944d,0,93eb,0062,1,1,0,0,0000,944d,0000,0000,0000,0000,0,944d,944d,0000,0,000,944d,944d
212,212,0,7200000000000000,80,0,0,944d,8980,0,0000,944d,0,93eb,0062,1,1,0,0,0000,944d,0000,0000,0000,0000,0,944d,944d,0000,0,000,944d,944d
213,213,0,7200000000000000,80,0,0,944d,8980,0,0000,944d,0,93eb,0062,1,1,0,0,0000,944d,0000,0000,0000,0000,0,944d,944d,0000,0,000,944d,944d
214,214,0,7200000000000000,80,0,0,944d,8980,0,0000,944d,0,93eb,0062,1,1,0,0,0000,944d,0000,0000,0000,0000,0,944d,944d,0000,0,000,944d,944d
215,215,0,7200000000000000,80,0,0,944d,8980,0,0000,944d,0,93eb,0062,1,1,0,0,0000,944d,0000,0000,0000,0000,0,944d,944d,0000,0,000,944d,944d
216,216,0,7200000000000000,80,0,0,944d,8980,0,0000,944d,0,93eb,0062,1,1,0,0,0000,944d,0000,0000,0000,0000,0,944d,944d,0000,0,000,944d,944d
217,217,0,7200000000000000,80,0,0,944d,8980,0,0000,944d,0,93eb,0062,1,1,0,0,0000,944d,0000,0000,0000,0000,0,944d,944d,0000,0,000,944d,944d
218,218,0,7200000000000000,80,0,0,944d,8980,0,0000,944d,0,93eb,0062,1,1,0,0,0000,944d,0000,0000,0000,0000,0,944d,944d,0000,0,000,944d,944d
219,219,0,7200000000000000,80,0,0,944d,8980,0,0000,944d,0,93eb,0062,1,1,0,0,0000,944d,0000,0000,0000,0000,0,944d,944d,0000,0,000,944d,944d
220,220,0,7200000000000000,80,0,0,944d,8980,0,0000,944d,0,93eb,0062,1,1,0,0,0000,944d,0000,0000,0000,0000,0,944d,944d,0000,0,000,944d,944d
221,221,0,7200000000000000,80,0,0,944d,8980,0,0000,944d,0,93eb,0062,1,1,0,0,0000,944d,0000,0000,0000,0000,0,944d,944d,0000,0,000,944d,944d
222,222,0,7200000000000000,80,0,0,944d,8980,0,0000,944d,0,93eb,0062,1,1,0,0,0000,944d,0000,0000,0000,0000,0,944d,944d,0000,0,000,944d,944d
223,223,0,7200000000000000,80,0,0,944d,8980,0,0000,944d,0,93eb,0062,1,1,0,0,0000,944d,0000,0000,0000,0000,0,944d,944d,0000,0,000,944d,944d
224,224,0,7200000000000000,80,0,0,944d,8980,0,0000,944d,0,93eb,0062,1,1,0,0,0000,944d,0000,0000,0000,0000,0,944d,944d,0000,0,000,944d,944d
225,225,0,7200000000000000,80,0,0,944d,8980,0,0000,944d,0,93eb,0062,1,1,0,0,0000,944d,0000,0000,0000,0000,0,944d,944d,0000,0,000,944d,944d
226,226,0,7200000000000000,80,0,0,944d,8980,0,0000,944d,0,93eb,0062,1,1,0,0,0000,944d,0000,0000,0000,0000,0,944d,944d,0000,0,000,944d,944d
227,227,0,7200000000000000,80,0,0,944d,8980,0,0000,944d,0,93eb,0062,1,1,0,0,0000,944d,0000,0000,0000,0000,0,944d,944d,0000,0,000,944d,944d
228,228,0,7200000000000000,80,0,0,944d,8980,0,0000,944d,0,93eb,0062,1,1,0,0,0000,944d,0000,0000,0000,0000,0,944d,944d,0000,0,000,944d,944d
229,229,0,7200000000000000,80,0,0,944d,8980,0,0000,944d,0,93eb,0062,1,1,0,0,0000,944d,0000,0000,0000,0000,0,944d,944d,0000,0,000,944d,944d
230,230,0,7200000000000000,80,0,0,944d,8980,0,0000,944d,0,93eb,0062,1,1,0,0,0000,944d,0000,0000,0000,0000,0,944d,944d,0000,0,000,944d,944d
231,231,0,7200000000000000,80,0,0,944d,8980,0,0000,944d,0,93eb,0062,1,1,0,0,0000,944d,0000,0000,0000,0000,0,944d,944d,0000,0,000,944d,944d
232,232,0,7200000000000000,80,0,0,944d,8980,0,0000,944d,0,93eb,0062,1,1,0,0,0000,944d,0000,0000,0000,0000,0,944d,944d,0000,0,000,944d,944d
233,233,0,7200000000000000,80,0,0,944d,8980,0,0000,944d,0,93eb,0062,1,1,0,0,0000,944d,0000,0000,0000,0000,0,944d,944d,0000,0,000,944d,944d
234,234,0,7200000000000000,80,0,0,944d,8980,0,0000,944d,0,93eb,0062,1,1,0,0,0000,944d,0000,0000,0000,0000,0,944d,944d,0000,0,000,944d,944d
235,235,0,7200000000000000,80,0,0,944d,8980,0,0000,944d,0,93eb,0062,1,1,0,0,0000,944d,0000,0000,0000,0000,0,944d,944d,0000,0,000,944d,944d
236,236,0,7200000000000000,80,0,0,944d,8980,0,0000,944d,0,93eb,0062,1,1,0,0,0000,944d,0000,0000,0000,0000,0,944d,944d,0000,0,000,944d,944d
237,237,0,7200000000000000,80,0,0,944d,8980,0,0000,944d,0,93eb,0062,1,1,0,0,0000,944d,0000,0000,0000,0000,0,944d,944d,0000,0,000,944d,944d
238,238,0,7200000000000000,80,0,0,944d,8980,0,0000,944d,0,93eb,0062,1,1,0,0,0000,944d,0000,0000,0000,0000,0,944d,944d,0000,0,000,944d,944d
239,239,0,7200000000000000,80,0,0,944d,8980,0,0000,944d,0,93eb,0062,1,1,0,0,0000,944d,0000,0000,0000,0000,0,944d,944d,0000,0,000,944d,944d
240,240,0,7200000000000000,80,0,0,944d,8980,0,0000,944d,0,93eb,0062,1,1,0,0,0000,944d,0000,0000,0000,0000,0,944d,944d,0000,0,000,944d,944d
241,241,0,7200000000000000,80,0,0,944d,8980,0,0000,944d,0,93eb,0062,1,1,0,0,0000,944d,0000,0000,0000,0000,0,944d,944d,0000,0,000,944d,944d
242,242,0,7200000000000000,80,0,0,944d,8980,0,0000,944d,0,93eb,0062,1,1,0,0,0000,944d,0000,0000,0000,0000,0,944d,944d,0000,0,000,944d,944d
243,243,0,7200000000000000,80,0,0,944d,8980,0,0000,944d,0,93eb,0062,1,1,0,0,0000,944d,0000,0000,0000,0000,0,944d,944d,0000,0,000,944d,944d
244,244,0,7200000000000000,80,0,0,944d,8980,0,0000,944d,0,93eb,0062,1,1,0,0,0000,944d,0000,0000,0000,0000,0,944d,944d,0000,0,000,944d,944d
245,245,0,7200000000000000,80,0,0,944d,8980,0,0000,944d,0,93eb,0062,1,1,0,0,0000,944d,0000,0000,0000,0000,0,944d,944d,0000,0,000,944d,944d
246,246,0,7200000000000000,80,0,0,944d,8980,0,0000,944d,0,93eb,0062,1,1,0,0,0000,944d,0000,0000,0000,0000,0,944d,944d,0000,0,000,944d,944d
247,247,0,7200000000000000,80,0,0,944d,8980,0,0000,944d,0,93eb,0062,1,1,0,0,0000,944d,0000,0000,0000,0000,0,944d,944d,0000,0,000,944d,944d
248,248,0,7200000000000000,80,0,0,944d,8980,0,0000,944d,0,93eb,0062,1,1,0,0,0000,944d,0000,0000,0000,0000,0,944d,944d,0000,0,000,944d,944d
249,249,0,7200000000000000,80,0,0,944d,8980,0,0000,944d,0,93eb,0062,1,1,0,0,0000,944d,0000,0000,0000,0000,0,944d,944d,0000,0,000,944d,944d
250,250,0,7200000000000000,80,0,0,944d,8980,0,0000,944d,0,93eb,0062,1,1,0,0,0000,944d,0000,0000,0000,0000,0,944d,944d,0000,0,000,944d,944d
251,251,0,7200000000000000,80,0,0,944d,8980,0,0000,944d,0,93eb,0062,1,1,0,0,0000,944d,0000,0000,0000,0000,0,944d,944d,0000,0,000,944d,944d
252,252,0,7200000000000000,80,0,0,944d,8980,0,0000,944d,0,93eb,0062,1,1,0,0,0000,944d,0000,0000,0000,0000,0,944d,944d,0000,0,000,944d,944d
253,253,0,7200000000000000,80,0,0,944d,8980,0,0000,944d,0,93eb,0062,1,1,0,0,0000,944d,0000,0000,0000,0000,0,944d,944d,0000,0,000,944d,944d
254,254,0,7200000000000000,80,0,0,944d,8980,0,0000,944d,0,93eb,0062,1,1,0,0,0000,944d,0000,0000,0000,0000,0,944d,944d,0000,0,000,944d,944d
255,255,0,7200000000000000,80,0,0,944d,8980,0,0000,944d,0,93eb,0062,1,1,0,0,0000,944d,0000,0000,0000,0000,0,944d,944d,0000,0,000,944d,944d
256,256,0,7200000000000000,80,0,0,944d,8980,0,0000,944d,0,93eb,0062,1,1,0,0,0000,944d,0000,0000,0000,0000,0,944d,944d,0000,0,000,944d,944d
257,257,0,7200000000000000,80,0,0,944d,8980,0,0000,944d,0,93eb,0062,1,1,0,0,0000,944d,0000,0000,0000,0000,0,944d,944d,0000,0,000,944d,944d
258,258,0,7200000000000000,80,0,0,944d,8980,0,0000,944d,0,93eb,0062,1,1,0,0,0000,944d,0000,0000,0000,0000,0,944d,944d,0000,0,000,944d,944d
259,259,0,7200000000000000,80,0,0,944d,8980,0,0000,944d,0,93eb,0062,1,1,0,0,0000,944d,0000,0000,0000,0000,0,944d,944d,0000,0,000,944d,944d
260,260,0,7200000000000000,80,0,0,944d,8980,0,0000,944d,0,93eb,0062,1,1,0,0,0000,944d,0000,0000,0000,0000,0,944d,944d,0000,0,000,944d,944d
261,261,0,7200000000000000,80,0,0,944d,8980,0,0000,944d,0,93eb,0062,1,1,0,0,0000,944d,0000,0000,0000,0000,0,944d,944d,0000,0,000,944d,944d
262,262,0,7200000000000000,80,0,0,944d,8980,0,0000,944d,0,93eb,0062,1,1,0,0,0000,944d,0000,0000,0000,0000,0,944d,944d,0000,0,000,944d,944d
263,263,0,7200000000000000,80,0,0,944d,8980,0,0000,944d,0,93eb,0062,1,1,0,0,0000,944d,0000,0000,0000,0000,0,944d,944d,0000,0,000,944d,944d
264,264,0,7200000000000000,80,0,0,944d,8980,0,0000,944d,0,93eb,0062,1,1,0,0,0000,944d,0000,0000,0000,0000,0,944d,944d,0000,0,000,944d,944d
265,265,0,7200000000000000,80,0,0,944d,8980,0,0000,944d,0,93eb,0062,1,1,0,0,0000,944d,0000,0000,0000,0000,0,944d,944d,0000,0,000,944d,944d
266,266,0,7200000000000000,80,0,0,944d,8980,0,0000,944d,0,93eb,0062,1,1,0,0,0000,944d,0000,0000,0000,0000,0,944d,944d,0000,0,000,944d,944d
267,267,0,7200000000000000,80,0,0,944d,8980,0,0000,944d,0,93eb,0062,1,1,0,0,0000,944d,0000,0000,0000,0000,0,944d,944d,0000,0,000,944d,944d
268,268,0,7200000000000000,80,0,0,944d,8980,0,0000,944d,0,93eb,0062,1,1,0,0,0000,944d,0000,0000,0000,0000,0,944d,944d,0000,0,000,944d,944d
269,269,0,7200000000000000,80,0,0,944d,8980,0,0000,944d,0,93eb,0062,1,1,0,0,0000,944d,0000,0000,0000,0000,0,944d,944d,0000,0,000,944d,944d
270,270,0,7200000000000000,80,0,0,944d,8980,0,0000,944d,0,93eb,0062,1,1,0,0,0000,944d,0000,0000,0000,0000,0,944d,944d,0000,0,000,944d,944d
271,271,0,7200000000000000,80,0,0,944d,8980,0,0000,944d,0,93eb,0062,1,1,0,0,0000,944d,0000,0000,0000,0000,0,944d,944d,0000,0,000,944d,944d
272,272,0,7200000000000000,80,0,0,944d,8980,0,0000,944d,0,93eb,0062,1,1,0,0,0000,944d,0000,0000,0000,0000,0,944d,944d,0000,0,000,944d,944d
273,273,0,7200000000000000,80,0,0,944d,8980,0,0000,944d,0,93eb,0062,1,1,0,0,0000,944d,0000,0000,0000,0000,0,944d,944d,0000,0,000,944d,944d
274,274,0,7200000000000000,80,0,0,944d,8980,0,0000,944d,0,93eb,0062,1,1,0,0,0000,944d,0000,0000,0000,0000,0,944d,944d,0000,0,000,944d,944d
275,275,0,7200000000000000,80,0,0,944d,8980,0,0000,944d,0,93eb,0062,1,1,0,0,0000,944d,0000,0000,0000,0000,0,944d,944d,0000,0,000,944d,944d
276,276,0,7200000000000000,80,0,0,944d,8980,0,0000,944d,0,93eb,0062,1,1,0,0,0000,944d,0000,0000,0000,0000,0,944d,944d,0000,0,000,944d,944d
277,277,0,7200000000000000,80,0,0,944d,8980,0,0000,944d,0,93eb,0062,1,1,0,0,0000,944d,0000,0000,0000,0000,0,944d,944d,0000,0,000,944d,944d
278,278,0,7200000000000000,80,0,0,944d,8980,0,0000,944d,0,93eb,0062,1,1,0,0,0000,944d,0000,0000,0000,0000,0,944d,944d,0000,0,000,944d,944d
279,279,0,7200000000000000,80,0,0,944d,8980,0,0000,944d,0,93eb,0062,1,1,0,0,0000,944d,0000,0000,0000,0000,0,944d,944d,0000,0,000,944d,944d
280,280,0,7200000000000000,80,0,0,944d,8980,0,0000,944d,0,93eb,0062,1,1,0,0,0000,944d,0000,0000,0000,0000,0,944d,944d,0000,0,000,944d,944d
281,281,0,7200000000000000,80,0,0,944d,8980,0,0000,944d,0,93eb,0062,1,1,0,0,0000,944d,0000,0000,0000,0000,0,944d,944d,0000,0,000,944d,944d
282,282,0,7200000000000000,80,0,0,944d,8980,0,0000,944d,0,93eb,0062,1,1,0,0,0000,944d,0000,0000,0000,0000,0,944d,944d,0000,0,000,944d,944d
283,283,0,7200000000000000,80,0,0,944d,8980,0,0000,944d,0,93eb,0062,1,1,0,0,0000,944d,0000,0000,0000,0000,0,944d,944d,0000,0,000,944d,944d
284,284,0,7200000000000000,80,0,0,944d,8980,0,0000,944d,0,93eb,0062,1,1,0,0,0000,944d,0000,0000,0000,0000,0,944d,944d,0000,0,000,944d,944d
285,285,0,7200000000000000,80,0,0,944d,8980,0,0000,944d,0,93eb,0062,1,1,0,0,0000,944d,0000,0000,0000,0000,0,944d,944d,0000,0,000,944d,944d
286,286,0,7200000000000000,80,0,0,944d,8980,0,0000,944d,0,93eb,0062,1,1,0,0,0000,944d,0000,0000,0000,0000,0,944d,944d,0000,0,000,944d,944d
287,287,0,7200000000000000,80,0,0,944d,8980,0,0000,944d,0,93eb,0062,1,1,0,0,0000,944d,0000,0000,0000,0000,0,944d,944d,0000,0,000,944d,944d
288,288,0,7200000000000000,80,0,0,944d,8980,0,0000,944d,0,93eb,0062,1,1,0,0,0000,944d,0000,0000,0000,0000,0,944d,944d,0000,0,000,944d,944d
289,289,0,7200000000000000,80,0,0,944d,8980,0,0000,944d,0,93eb,0062,1,1,0,0,0000,944d,0000,0000,0000,0000,0,944d,944d,0000,0,000,944d,944d
290,290,0,7200000000000000,80,0,0,944d,8980,0,0000,944d,0,93eb,0062,1,1,0,0,0000,944d,0000,0000,0000,0000,0,944d,944d,0000,0,000,944d,944d
291,291,0,7200000000000000,80,0,0,944d,8980,0,0000,944d,0,93eb,0062,1,1,0,0,0000,944d,0000,0000,0000,0000,0,944d,944d,0000,0,000,944d,944d
292,292,0,7200000000000000,80,0,0,944d,8980,0,0000,944d,0,93eb,0062,1,1,0,0,0000,944d,0000,0000,0000,0000,0,944d,944d,0000,0,000,944d,944d
293,293,0,7200000000000000,80,0,0,944d,8980,0,0000,944d,0,93eb,0062,1,1,0,0,0000,944d,0000,0000,0000,0000,0,944d,944d,0000,0,000,944d,944d
294,294,0,7200000000000000,80,0,0,944d,8980,0,0000,944d,0,93eb,0062,1,1,0,0,0000,944d,0000,0000,0000,0000,0,944d,944d,0000,0,000,944d,944d
295,295,0,7200000000000000,80,0,0,944d,8980,0,0000,944d,0,93eb,0062,1,1,0,0,0000,944d,0000,0000,0000,0000,0,944d,944d,0000,0,000,944d,944d
296,296,0,7200000000000000,80,0,0,944d,8980,0,0000,944d,0,93eb,0062,1,1,0,0,0000,944d,0000,0000,0000,0000,0,944d,944d,0000,0,000,944d,944d
297,297,0,7200000000000000,80,0,0,944d,8980,0,0000,944d,0,93eb,0062,1,1,0,0,0000,944d,0000,0000,0000,0000,0,944d,944d,0000,0,000,944d,944d
298,298,0,7200000000000000,80,0,0,944d,8980,0,0000,944d,0,93eb,0062,1,1,0,0,0000,944d,0000,0000,0000,0000,0,944d,944d,0000,0,000,944d,944d
299,299,0,7200000000000000,80,0,0,944d,8980,0,0000,944d,0,93eb,0062,1,1,0,0,0000,944d,0000,0000,0000,0000,0,944d,944d,0000,0,000,944d,944d
300,300,0,7200000000000000,80,0,0,944d,8980,0,0000,944d,0,93eb,0062,1,1,0,0,0000,944d,0000,0000,0000,0000,0,944d,944d,0000,0,000,944d,944d
301,301,0,7200000000000000,80,0,0,944d,8980,0,0000,944d,0,93eb,0062,1,1,0,0,0000,944d,0000,0000,0000,0000,0,944d,944d,0000,0,000,944d,944d
302,302,0,7200000000000000,80,0,0,944d,8980,0,0000,944d,0,93eb,0062,1,1,0,0,0000,944d,0000,0000,0000,0000,0,944d,944d,0000,0,000,944d,944d
303,303,0,7200000000000000,80,0,0,944d,8980,0,0000,944d,0,93eb,0062,1,1,0,0,0000,944d,0000,0000,0000,0000,0,944d,944d,0000,0,000,944d,944d
304,304,0,7200000000000000,80,0,0,944d,8980,0,0000,944d,0,93eb,0062,1,1,0,0,0000,944d,0000,0000,0000,0000,0,944d,944d,0000,0,000,944d,944d
305,305,0,7200000000000000,80,0,0,944d,8980,0,0000,944d,0,93eb,0062,1,1,0,0,0000,944d,0000,0000,0000,0000,0,944d,944d,0000,0,000,944d,944d
306,306,0,7200000000000000,80,0,0,944d,8980,0,0000,944d,0,93eb,0062,1,1,0,0,0000,944d,0000,0000,0000,0000,0,944d,944d,0000,0,000,944d,944d
307,307,0,7200000000000000,80,0,0,944d,8980,0,0000,944d,0,93eb,0062,1,1,0,0,0000,944d,0000,0000,0000,0000,0,944d,944d,0000,0,000,944d,944d
308,308,0,7200000000000000,80,0,0,944d,8980,0,0000,944d,0,93eb,0062,1,1,0,0,0000,944d,0000,0000,0000,0000,0,944d,944d,0000,0,000,944d,944d
309,309,0,7200000000000000,80,0,0,944d,8980,0,0000,944d,0,93eb,0062,1,1,0,0,0000,944d,0000,0000,0000,0000,0,944d,944d,0000,0,000,944d,944d
310,310,0,7200000000000000,80,0,0,944d,8980,0,0000,944d,0,93eb,0062,1,1,0,0,0000,944d,0000,0000,0000,0000,0,944d,944d,0000,0,000,944d,944d
311,311,0,7200000000000000,80,0,0,944d,8980,0,0000,944d,0,93eb,0062,1,1,0,0,0000,944d,0000,0000,0000,0000,0,944d,944d,0000,0,000,944d,944d
312,312,0,7200000000000000,80,0,0,944d,8980,0,0000,944d,0,93eb,0062,1,1,0,0,0000,944d,0000,0000,0000,0000,0,944d,944d,0000,0,000,944d,944d
313,313,0,7200000000000000,80,0,0,944d,8980,0,0000,944d,0,93eb,0062,1,1,0,0,0000,944d,0000,0000,0000,0000,0,944d,944d,0000,0,000,944d,944d
314,314,0,7200000000000000,80,0,0,944d,8980,0,0000,944d,0,93eb,0062,1,1,0,0,0000,944d,0000,0000,0000,0000,0,944d,944d,0000,0,000,944d,944d
315,315,0,7200000000000000,80,0,0,944d,8980,0,0000,944d,0,93eb,0062,1,1,0,0,0000,944d,0000,0000,0000,0000,0,944d,944d,0000,0,000,944d,944d
316,316,0,7200000000000000,80,0,0,944d,8980,0,0000,944d,0,93eb,0062,1,1,0,0,0000,944d,0000,0000,0000,0000,0,944d,944d,0000,0,000,944d,944d
317,317,0,7200000000000000,80,0,0,944d,8980,0,0000,944d,0,93eb,0062,1,1,0,0,0000,944d,0000,0000,0000,0000,0,944d,944d,0000,0,000,944d,944d
318,318,0,7200000000000000,80,0,0,944d,8980,0,0000,944d,0,93eb,0062,1,1,0,0,0000,944d,0000,0000,0000,0000,0,944d,944d,0000,0,000,944d,944d
319,319,0,7200000000000000,80,0,0,944d,8980,0,0000,944d,0,93eb,0062,1,1,0,0,0000,944d,0000,0000,0000,0000,0,944d,944d,0000,0,000,944d,944d
320,320,0,7200000000000000,80,0,0,944d,8980,0,0000,944d,0,93eb,0062,1,1,0,0,0000,944d,0000,0000,0000,0000,0,944d,944d,0000,0,000,944d,944d
321,321,0,7200000000000000,80,0,0,944d,8980,0,0000,944d,0,93eb,0062,1,1,0,0,0000,944d,0000,0000,0000,0000,0,944d,944d,0000,0,000,944d,944d
322,322,0,7200000000000000,80,0,0,944d,8980,0,0000,944d,0,93eb,0062,1,1,0,0,0000,944d,0000,0000,0000,0000,0,944d,944d,0000,0,000,944d,944d
323,323,0,7200000000000000,80,0,0,944d,8980,0,0000,944d,0,93eb,0062,1,1,0,0,0000,944d,0000,0000,0000,0000,0,944d,944d,0000,0,000,944d,944d
324,324,0,7200000000000000,80,0,0,944d,8980,0,0000,944d,0,93eb,0062,1,1,0,0,0000,944d,0000,0000,0000,0000,0,944d,944d,0000,0,000,944d,944d
325,325,0,7200000000000000,80,0,0,944d,8980,0,0000,944d,0,93eb,0062,1,1,0,0,0000,944d,0000,0000,0000,0000,0,944d,944d,0000,0,000,944d,944d
326,326,0,7200000000000000,80,0,0,944d,8980,0,0000,944d,0,93eb,0062,1,1,0,0,0000,944d,0000,0000,0000,0000,0,944d,944d,0000,0,000,944d,944d
327,327,0,7200000000000000,80,0,0,944d,8980,0,0000,944d,0,93eb,0062,1,1,0,0,0000,944d,0000,0000,0000,0000,0,944d,944d,0000,0,000,944d,944d
328,328,0,7200000000000000,80,0,0,944d,8980,0,0000,944d,0,93eb,0062,1,1,0,0,0000,944d,0000,0000,0000,0000,0,944d,944d,0000,0,000,944d,944d
329,329,0,7200000000000000,80,0,0,944d,8980,0,0000,944d,0,93eb,0062,1,1,0,0,0000,944d,0000,0000,0000,0000,0,944d,944d,0000,0,000,944d,944d
330,330,0,7200000000000000,80,0,0,944d,8980,0,0000,944d,0,93eb,0062,1,1,0,0,0000,944d,0000,0000,0000,0000,0,944d,944d,0000,0,000,944d,944d
331,331,0,7200000000000000,80,0,0,944d,8980,0,0000,944d,0,93eb,0062,1,1,0,0,0000,944d,0000,0000,0000,0000,0,944d,944d,0000,0,000,944d,944d
332,332,0,7200000000000000,80,0,0,944d,8980,0,0000,944d,0,93eb,0062,1,1,0,0,0000,944d,0000,0000,0000,0000,0,944d,944d,0000,0,000,944d,944d
333,333,0,7200000000000000,80,0,0,944d,8980,0,0000,944d,0,93eb,0062,1,1,0,0,0000,944d,0000,0000,0000,0000,0,944d,944d,0000,0,000,944d,944d
334,334,0,7200000000000000,80,0,0,944d,8980,0,0000,944d,0,93eb,0062,1,1,0,0,0000,944d,0000,0000,0000,0000,0,944d,944d,0000,0,000,944d,944d
335,335,0,7200000000000000,80,0,0,944d,8980,0,0000,944d,0,93eb,0062,1,1,0,0,0000,944d,0000,0000,0000,0000,0,944d,944d,0000,0,000,944d,944d
336,336,0,7200000000000000,80,0,0,944d,8980,0,0000,944d,0,93eb,0062,1,1,0,0,0000,944d,0000,0000,0000,0000,0,944d,944d,0000,0,000,944d,944d
337,337,0,7200000000000000,80,0,0,944d,8980,0,0000,944d,0,93eb,0062,1,1,0,0,0000,944d,0000,0000,0000,0000,0,944d,944d,0000,0,000,944d,944d
338,338,0,7200000000000000,80,0,0,944d,8980,0,0000,944d,0,93eb,0062,1,1,0,0,0000,944d,0000,0000,0000,0000,0,944d,944d,0000,0,000,944d,944d
339,339,0,7200000000000000,80,0,0,944d,8980,0,0000,944d,0,93eb,0062,1,1,0,0,0000,944d,0000,0000,0000,0000,0,944d,944d,0000,0,000,944d,944d
340,340,0,7200000000000000,80,0,0,944d,8980,0,0000,944d,0,93eb,0062,1,1,0,0,0000,944d,0000,0000,0000,0000,0,944d,944d,0000,0,000,944d,944d
341,341,0,7200000000000000,80,0,0,944d,8980,0,0000,944d,0,93eb,0062,1,1,0,0,0000,944d,0000,0000,0000,0000,0,944d,944d,0000,0,000,944d,944d
342,342,0,7200000000000000,80,0,0,944d,8980,0,0000,944d,0,93eb,0062,1,1,0,0,0000,944d,0000,0000,0000,0000,0,944d,944d,0000,0,000,944d,944d
343,343,0,7200000000000000,80,0,0,944d,8980,0,0000,944d,0,93eb,0062,1,1,0,0,0000,944d,0000,0000,0000,0000,0,944d,944d,0000,0,000,944d,944d
344,344,0,7200000000000000,80,0,0,944d,8980,0,0000,944d,0,93eb,0062,1,1,0,0,0000,944d,0000,0000,0000,0000,0,944d,944d,0000,0,000,944d,944d
345,345,0,7200000000000000,80,0,0,944d,8980,0,0000,944d,0,93eb,0062,1,1,0,0,0000,944d,0000,0000,0000,0000,0,944d,944d,0000,0,000,944d,944d
346,346,0,7200000000000000,80,0,0,944d,8980,0,0000,944d,0,93eb,0062,1,1,0,0,0000,944d,0000,0000,0000,0000,0,944d,944d,0000,0,000,944d,944d
347,347,0,7200000000000000,80,0,0,944d,8980,0,0000,944d,0,93eb,0062,1,1,0,0,0000,944d,0000,0000,0000,0000,0,944d,944d,0000,0,000,944d,944d
348,348,0,7200000000000000,80,0,0,944d,8980,0,0000,944d,0,93eb,0062,1,1,0,0,0000,944d,0000,0000,0000,0000,0,944d,944d,0000,0,000,944d,944d
349,349,0,7200000000000000,80,0,0,944d,8980,0,0000,944d,0,93eb,0062,1,1,0,0,0000,944d,0000,0000,0000,0000,0,944d,944d,0000,0,000,944d,944d
350,350,0,7200000000000000,80,0,0,944d,8980,0,0000,944d,0,93eb,0062,1,1,0,0,0000,944d,0000,0000,0000,0000,0,944d,944d,0000,0,000,944d,944d
351,351,0,7200000000000000,80,0,0,944d,8980,0,0000,944d,0,93eb,0062,1,1,0,0,0000,944d,0000,0000,0000,0000,0,944d,944d,0000,0,000,944d,944d
352,352,0,7200000000000000,80,0,0,944d,8980,0,0000,944d,0,93eb,0062,1,1,0,0,0000,944d,0000,0000,0000,0000,0,944d,944d,0000,0,000,944d,944d
353,353,0,7200000000000000,80,0,0,944d,8980,0,0000,944d,0,93eb,0062,1,1,0,0,0000,944d,0000,0000,0000,0000,0,944d,944d,0000,0,000,944d,944d
354,354,0,7200000000000000,80,0,0,944d,8980,0,0000,944d,0,93eb,0062,1,1,0,0,0000,944d,0000,0000,0000,0000,0,944d,944d,0000,0,000,944d,944d
355,355,0,7200000000000000,80,0,0,944d,8980,0,0000,944d,0,93eb,0062,1,1,0,0,0000,944d,0000,0000,0000,0000,0,944d,944d,0000,0,000,944d,944d
356,356,0,7200000000000000,80,0,0,944d,8980,0,0000,944d,0,93eb,0062,1,1,0,0,0000,944d,0000,0000,0000,0000,0,944d,944d,0000,0,000,944d,944d
357,357,0,7200000000000000,80,0,0,944d,8980,0,0000,944d,0,93eb,0062,1,1,0,0,0000,944d,0000,0000,0000,0000,0,944d,944d,0000,0,000,944d,944d
358,358,0,7200000000000000,80,0,0,944d,8980,0,0000,944d,0,93eb,0062,1,1,0,0,0000,944d,0000,0000,0000,0000,0,944d,944d,0000,0,000,944d,944d
359,359,0,7200000000000000,80,0,0,944d,8980,0,0000,944d,0,93eb,0062,1,1,0,0,0000,944d,0000,0000,0000,0000,0,944d,944d,0000,0,000,944d,944d
360,360,0,7200000000000000,80,0,0,944d,8980,0,0000,944d,0,93eb,0062,1,1,0,0,0000,944d,0000,0000,0000,0000,0,944d,944d,0000,0,000,944d,944d
361,361,0,7200000000000000,80,0,0,944d,8980,0,0000,944d,0,93eb,0062,1,1,0,0,0000,944d,0000,0000,0000,0000,0,944d,944d,0000,0,000,944d,944d
362,362,0,7200000000000000,80,0,0,944d,8980,0,0000,944d,0,93eb,0062,1,1,0,0,0000,944d,0000,0000,0000,0000,0,944d,944d,0000,0,000,944d,944d
363,363,0,7200000000000000,80,0,0,944d,8980,0,0000,944d,0,93eb,0062,1,1,0,0,0000,944d,0000,0000,0000,0000,0,944d,944d,0000,0,000,944d,944d
364,364,0,7200000000000000,80,0,0,944d,8980,0,0000,944d,0,93eb,0062,1,1,0,0,0000,944d,0000,0000,0000,0000,0,944d,944d,0000,0,000,944d,944d
365,365,0,7200000000000000,80,0,0,944d,8980,0,0000,944d,0,93eb,0062,1,1,0,0,0000,944d,0000,0000,0000,0000,0,944d,944d,0000,0,000,944d,944d
366,366,0,7200000000000000,80,0,0,944d,8980,0,0000,944d,0,93eb,0062,1,1,0,0,0000,944d,0000,0000,0000,0000,0,944d,944d,0000,0,000,944d,944d
367,367,0,7200000000000000,80,0,0,944d,8980,0,0000,944d,0,93eb,0062,1,1,0,0,0000,944d,0000,0000,0000,0000,0,944d,944d,0000,0,000,944d,944d
368,368,0,7200000000000000,80,0,0,944d,8980,0,0000,944d,0,93eb,0062,1,1,0,0,0000,944d,0000,0000,0000,0000,0,944d,944d,0000,0,000,944d,944d
369,369,0,7200000000000000,80,0,0,944d,8980,0,0000,944d,0,93eb,0062,1,1,0,0,0000,944d,0000,0000,0000,0000,0,944d,944d,0000,0,000,944d,944d
370,370,0,7200000000000000,80,0,0,944d,8980,0,0000,944d,0,93eb,0062,1,1,0,0,0000,944d,0000,0000,0000,0000,0,944d,944d,0000,0,000,944d,944d
371,371,0,7200000000000000,80,0,0,944d,8980,0,0000,944d,0,93eb,0062,1,1,0,0,0000,944d,0000,0000,0000,0000,0,944d,944d,0000,0,000,944d,944d
372,372,0,7200000000000000,80,0,0,944d,8980,0,0000,944d,0,93eb,0062,1,1,0,0,0000,944d,0000,0000,0000,0000,0,944d,944d,0000,0,000,944d,944d
373,373,0,7200000000000000,80,0,0,944d,8980,0,0000,944d,0,93eb,0062,1,1,0,0,0000,944d,0000,0000,0000,0000,0,944d,944d,0000,0,000,944d,944d
374,374,0,7200000000000000,80,0,0,944d,8980,0,0000,944d,0,93eb,0062,1,1,0,0,0000,944d,0000,0000,0000,0000,0,944d,944d,0000,0,000,944d,944d
375,375,0,7200000000000000,80,0,0,944d,8980,0,0000,944d,0,93eb,0062,1,1,0,0,0000,944d,0000,0000,0000,0000,0,944d,944d,0000,0,000,944d,944d
376,376,0,7200000000000000,80,0,0,944d,8980,0,0000,944d,0,93eb,0062,1,1,0,0,0000,944d,0000,0000,0000,0000,0,944d,944d,0000,0,000,944d,944d
377,377,0,7200000000000000,80,0,0,944d,8980,0,0000,944d,0,93eb,0062,1,1,0,0,0000,944d,0000,0000,0000,0000,0,944d,944d,0000,0,000,944d,944d
378,378,0,7200000000000000,80,0,0,944d,8980,0,0000,944d,0,93eb,0062,1,1,0,0,0000,944d,0000,0000,0000,0000,0,944d,944d,0000,0,000,944d,944d
379,379,0,7200000000000000,80,0,0,944d,8980,0,0000,944d,0,93eb,0062,1,1,0,0,0000,944d,0000,0000,0000,0000,0,944d,944d,0000,0,000,944d,944d
380,380,0,7200000000000000,80,0,0,944d,8980,0,0000,944d,0,93eb,0062,1,1,0,0,0000,944d,0000,0000,0000,0000,0,944d,944d,0000,0,000,944d,944d
381,381,0,7200000000000000,80,0,0,944d,8980,0,0000,944d,0,93eb,0062,1,1,0,0,0000,944d,0000,0000,0000,0000,0,944d,944d,0000,0,000,944d,944d
382,382,0,7200000000000000,80,0,0,944d,8980,0,0000,944d,0,93eb,0062,1,1,0,0,0000,944d,0000,0000,0000,0000,0,944d,944d,0000,0,000,944d,944d
383,383,0,7200000000000000,80,0,0,944d,8980,0,0000,944d,0,93eb,0062,1,1,0,0,0000,944d,0000,0000,0000,0000,0,944d,944d,0000,0,000,944d,944d
384,384,0,7200000000000000,80,0,0,944d,8980,0,0000,944d,0,93eb,0062,1,1,0,0,0000,944d,0000,0000,0000,0000,0,944d,944d,0000,0,000,944d,944d
385,385,0,7200000000000000,80,0,0,944d,8980,0,0000,944d,0,93eb,0062,1,1,0,0,0000,944d,0000,0000,0000,0000,0,944d,944d,0000,0,000,944d,944d
386,386,0,7200000000000000,80,0,0,944d,8980,0,0000,944d,0,93eb,0062,1,1,0,0,0000,944d,0000,0000,0000,0000,0,944d,944d,0000,0,000,944d,944d
387,387,0,7200000000000000,80,0,0,944d,8980,0,0000,944d,0,93eb,0062,1,1,0,0,0000,944d,0000,0000,0000,0000,0,944d,944d,0000,0,000,944d,944d
388,388,0,7200000000000000,80,0,0,944d,8980,0,0000,944d,0,93eb,0062,1,1,0,0,0000,944d,0000,0000,0000,0000,0,944d,944d,0000,0,000,944d,944d
389,389,0,7200000000000000,80,0,0,944d,8980,0,0000,944d,0,93eb,0062,1,1,0,0,0000,944d,0000,0000,0000,0000,0,944d,944d,0000,0,000,944d,944d
390,390,0,7200000000000000,80,0,0,944d,8980,0,0000,944d,0,93eb,0062,1,1,0,0,0000,944d,0000,0000,0000,0000,0,944d,944d,0000,0,000,944d,944d
391,391,0,7200000000000000,80,0,0,944d,8980,0,0000,944d,0,93eb,0062,1,1,0,0,0000,944d,0000,0000,0000,0000,0,944d,944d,0000,0,000,944d,944d
392,392,0,7200000000000000,80,0,0,944d,8980,0,0000,944d,0,93eb,0062,1,1,0,0,0000,944d,0000,0000,0000,0000,0,944d,944d,0000,0,000,944d,944d
393,393,0,7200000000000000,80,0,0,944d,8980,0,0000,944d,0,93eb,0062,1,1,0,0,0000,944d,0000,0000,0000,0000,0,944d,944d,0000,0,000,944d,944d
394,394,0,7200000000000000,80,0,0,944d,8980,0,0000,944d,0,93eb,0062,1,1,0,0,0000,944d,0000,0000,0000,0000,0,944d,944d,0000,0,000,944d,944d
395,395,0,7200000000000000,80,0,0,944d,8980,0,0000,944d,0,93eb,0062,1,1,0,0,0000,944d,0000,0000,0000,0000,0,944d,944d,0000,0,000,944d,944d
396,396,0,7200000000000000,80,0,0,944d,8980,0,0000,944d,0,93eb,0062,1,1,0,0,0000,944d,0000,0000,0000,0000,0,944d,944d,0000,0,000,944d,944d
397,397,0,7200000000000000,80,0,0,944d,8980,0,0000,944d,0,93eb,0062,1,1,0,0,0000,944d,0000,0000,0000,0000,0,944d,944d,0000,0,000,944d,944d
398,398,0,7200000000000000,80,0,0,944d,8980,0,0000,944d,0,93eb,0062,1,1,0,0,0000,944d,0000,0000,0000,0000,0,944d,944d,0000,0,000,944d,944d
399,399,0,7200000000000000,80,0,0,944d,8980,0,0000,944d,0,93eb,0062,1,1,0,0,0000,944d,0000,0000,0000,0000,0,944d,944d,0000,0,000,944d,944d
400,400,0,7200000000000000,80,0,0,944d,8980,0,0000,944d,0,93eb,0062,1,1,0,0,0000,944d,0000,0000,0000,0000,0,944d,944d,0000,0,000,944d,944d
401,401,0,7200000000000000,80,0,0,944d,8980,0,0000,944d,0,93eb,0062,1,1,0,0,0000,944d,0000,0000,0000,0000,0,944d,944d,0000,0,000,944d,944d
402,402,0,7200000000000000,80,0,0,944d,8980,0,0000,944d,0,93eb,0062,1,1,0,0,0000,944d,0000,0000,0000,0000,0,944d,944d,0000,0,000,944d,944d
403,403,0,7200000000000000,80,0,0,944d,8980,0,0000,944d,0,93eb,0062,1,1,0,0,0000,944d,0000,0000,0000,0000,0,944d,944d,0000,0,000,944d,944d
404,404,0,7200000000000000,80,0,0,944d,8980,0,0000,944d,0,93eb,0062,1,1,0,0,0000,944d,0000,0000,0000,0000,0,944d,944d,0000,0,000,944d,944d
405,405,0,7200000000000000,80,0,0,944d,8980,0,0000,944d,0,93eb,0062,1,1,0,0,0000,944d,0000,0000,0000,0000,0,944d,944d,0000,0,000,944d,944d
406,406,0,7200000000000000,80,0,0,944d,8980,0,0000,944d,0,93eb,0062,1,1,0,0,0000,944d,0000,0000,0000,0000,0,944d,944d,0000,0,000,944d,944d
407,407,0,7200000000000000,80,0,0,944d,8980,0,0000,944d,0,93eb,0062,1,1,0,0,0000,944d,0000,0000,0000,0000,0,944d,944d,0000,0,000,944d,944d
408,408,0,7200000000000000,80,0,0,944d,8980,0,0000,944d,0,93eb,0062,1,1,0,0,0000,944d,0000,0000,0000,0000,0,944d,944d,0000,0,000,944d,944d
409,409,0,7200000000000000,80,0,0,944d,8980,0,0000,944d,0,93eb,0062,1,1,0,0,0000,944d,0000,0000,0000,0000,0,944d,944d,0000,0,000,944d,944d
410,410,0,7200000000000000,80,0,0,944d,8980,0,0000,944d,0,93eb,0062,1,1,0,0,0000,944d,0000,0000,0000,0000,0,944d,944d,0000,0,000,944d,944d
411,411,0,7200000000000000,80,0,0,944d,8980,0,0000,944d,0,93eb,0062,1,1,0,0,0000,944d,0000,0000,0000,0000,0,944d,944d,0000,0,000,944d,944d
412,412,0,7200000000000000,80,0,0,944d,8980,0,0000,944d,0,93eb,0062,1,1,0,0,0000,944d,0000,0000,0000,0000,0,944d,944d,0000,0,000,944d,944d
413,413,0,7200000000000000,80,0,0,944d,8980,0,0000,944d,0,93eb,0062,1,1,0,0,0000,944d,0000,0000,0000,0000,0,944d,944d,0000,0,000,944d,944d
414,414,0,7200000000000000,80,0,0,944d,8980,0,0000,944d,0,93eb,0062,1,1,0,0,0000,944d,0000,0000,0000,0000,0,944d,944d,0000,0,000,944d,944d
415,415,0,7200000000000000,80,0,0,944d,8980,0,0000,944d,0,93eb,0062,1,1,0,0,0000,944d,0000,0000,0000,0000,0,944d,944d,0000,0,000,944d,944d
416,416,0,7200000000000000,80,0,0,944d,8980,0,0000,944d,0,93eb,0062,1,1,0,0,0000,944d,0000,0000,0000,0000,0,944d,944d,0000,0,000,944d,944d
417,417,0,7200000000000000,80,0,0,944d,8980,0,0000,944d,0,93eb,0062,1,1,0,0,0000,944d,0000,0000,0000,0000,0,944d,944d,0000,0,000,944d,944d
418,418,0,7200000000000000,80,0,0,944d,8980,0,0000,944d,0,93eb,0062,1,1,0,0,0000,944d,0000,0000,0000,0000,0,944d,944d,0000,0,000,944d,944d
419,419,0,7200000000000000,80,0,0,944d,8980,0,0000,944d,0,93eb,0062,1,1,0,0,0000,944d,0000,0000,0000,0000,0,944d,944d,0000,0,000,944d,944d
420,420,0,7200000000000000,80,0,0,944d,8980,0,0000,944d,0,93eb,0062,1,1,0,0,0000,944d,0000,0000,0000,0000,0,944d,944d,0000,0,000,944d,944d
421,421,0,7200000000000000,80,0,0,944d,8980,0,0000,944d,0,93eb,0062,1,1,0,0,0000,944d,0000,0000,0000,0000,0,944d,944d,0000,0,000,944d,944d
422,422,0,7200000000000000,80,0,0,944d,8980,0,0000,944d,0,93eb,0062,1,1,0,0,0000,944d,0000,0000,0000,0000,0,944d,944d,0000,0,000,944d,944d
423,423,0,7200000000000000,80,0,0,944d,8980,0,0000,944d,0,93eb,0062,1,1,0,0,0000,944d,0000,0000,0000,0000,0,944d,944d,0000,0,000,944d,944d
424,424,0,7200000000000000,80,0,0,944d,8980,0,0000,944d,0,93eb,0062,1,1,0,0,0000,944d,0000,0000,0000,0000,0,944d,944d,0000,0,000,944d,944d
425,425,0,7200000000000000,80,0,0,944d,8980,0,0000,944d,0,93eb,0062,1,1,0,0,0000,944d,0000,0000,0000,0000,0,944d,944d,0000,0,000,944d,944d
426,426,0,7200000000000000,80,0,0,944d,8980,0,0000,944d,0,93eb,0062,1,1,0,0,0000,944d,0000,0000,0000,0000,0,944d,944d,0000,0,000,944d,944d
427,427,0,7200000000000000,80,0,0,944d,8980,0,0000,944d,0,93eb,0062,1,1,0,0,0000,944d,0000,0000,0000,0000,0,944d,944d,0000,0,000,944d,944d
428,428,0,7200000000000000,80,0,0,944d,8980,0,0000,944d,0,93eb,0062,1,1,0,0,0000,944d,0000,0000,0000,0000,0,944d,944d,0000,0,000,944d,944d
429,429,0,7200000000000000,80,0,0,944d,8980,0,0000,944d,0,93eb,0062,1,1,0,0,0000,944d,0000,0000,0000,0000,0,944d,944d,0000,0,000,944d,944d
430,430,0,7200000000000000,80,0,0,944d,8980,0,0000,944d,0,93eb,0062,1,1,0,0,0000,944d,0000,0000,0000,0000,0,944d,944d,0000,0,000,944d,944d
431,431,0,7200000000000000,80,0,0,944d,8980,0,0000,944d,0,93eb,0062,1,1,0,0,0000,944d,0000,0000,0000,0000,0,944d,944d,0000,0,000,944d,944d
432,432,0,7200000000000000,80,0,0,944d,8980,0,0000,944d,0,93eb,0062,1,1,0,0,0000,944d,0000,0000,0000,0000,0,944d,944d,0000,0,000,944d,944d
433,433,0,7200000000000000,80,0,0,944d,8980,0,0000,944d,0,93eb,0062,1,1,0,0,0000,944d,0000,0000,0000,0000,0,944d,944d,0000,0,000,944d,944d
434,434,0,7200000000000000,80,0,0,944d,8980,0,0000,944d,0,93eb,0062,1,1,0,0,0000,944d,0000,0000,0000,0000,0,944d,944d,0000,0,000,944d,944d
435,435,0,7200000000000000,80,0,0,944d,8980,0,0000,944d,0,93eb,0062,1,1,0,0,0000,944d,0000,0000,0000,0000,0,944d,944d,0000,0,000,944d,944d
436,436,0,7200000000000000,80,0,0,944d,8980,0,0000,944d,0,93eb,0062,1,1,0,0,0000,944d,0000,0000,0000,0000,0,944d,944d,0000,0,000,944d,944d
437,437,0,7200000000000000,80,0,0,944d,8980,0,0000,944d,0,93eb,0062,1,1,0,0,0000,944d,0000,0000,0000,0000,0,944d,944d,0000,0,000,944d,944d
438,438,0,7200000000000000,80,0,0,944d,8980,0,0000,944d,0,93eb,0062,1,1,0,0,0000,944d,0000,0000,0000,0000,0,944d,944d,0000,0,000,944d,944d
439,439,0,7200000000000000,80,0,0,944d,8980,0,0000,944d,0,93eb,0062,1,1,0,0,0000,944d,0000,0000,0000,0000,0,944d,944d,0000,0,000,944d,944d
440,440,0,7200000000000000,80,0,0,944d,8980,0,0000,944d,0,93eb,0062,1,1,0,0,0000,944d,0000,0000,0000,0000,0,944d,944d,0000,0,000,944d,944d
441,441,0,7200000000000000,80,0,0,944d,8980,0,0000,944d,0,93eb,0062,1,1,0,0,0000,944d,0000,0000,0000,0000,0,944d,944d,0000,0,000,944d,944d
442,442,0,7200000000000000,80,0,0,944d,8980,0,0000,944d,0,93eb,0062,1,1,0,0,0000,944d,0000,0000,0000,0000,0,944d,944d,0000,0,000,944d,944d
443,443,0,7200000000000000,80,0,0,944d,8980,0,0000,944d,0,93eb,0062,1,1,0,0,0000,944d,0000,0000,0000,0000,0,944d,944d,0000,0,000,944d,944d
444,444,0,7200000000000000,80,0,0,944d,8980,0,0000,944d,0,93eb,0062,1,1,0,0,0000,944d,0000,0000,0000,0000,0,944d,944d,0000,0,000,944d,944d
445,445,0,7200000000000000,80,0,0,944d,8980,0,0000,944d,0,93eb,0062,1,1,0,0,0000,944d,0000,0000,0000,0000,0,944d,944d,0000,0,000,944d,944d
446,446,0,7200000000000000,80,0,0,944d,8980,0,0000,944d,0,93eb,0062,1,1,0,0,0000,944d,0000,0000,0000,0000,0,944d,944d,0000,0,000,944d,944d
447,447,0,7200000000000000,80,0,0,944d,8980,0,0000,944d,0,93eb,0062,1,1,0,0,0000,944d,0000,0000,0000,0000,0,944d,944d,0000,0,000,944d,944d
448,448,0,7200000000000000,80,0,0,944d,8980,0,0000,944d,0,93eb,0062,1,1,0,0,0000,944d,0000,0000,0000,0000,0,944d,944d,0000,0,000,944d,944d
449,449,0,7200000000000000,80,0,0,944d,8980,0,0000,944d,0,93eb,0062,1,1,0,0,0000,944d,0000,0000,0000,0000,0,944d,944d,0000,0,000,944d,944d
450,450,0,7200000000000000,80,0,0,944d,8980,0,0000,944d,0,93eb,0062,1,1,0,0,0000,944d,0000,0000,0000,0000,0,944d,944d,0000,0,000,944d,944d
451,451,0,7200000000000000,80,0,0,944d,8980,0,0000,944d,0,93eb,0062,1,1,0,0,0000,944d,0000,0000,0000,0000,0,944d,944d,0000,0,000,944d,944d
452,452,0,7200000000000000,80,0,0,944d,8980,0,0000,944d,0,93eb,0062,1,1,0,0,0000,944d,0000,0000,0000,0000,0,944d,944d,0000,0,000,944d,944d
453,453,0,7200000000000000,80,0,0,944d,8980,0,0000,944d,0,93eb,0062,1,1,0,0,0000,944d,0000,0000,0000,0000,0,944d,944d,0000,0,000,944d,944d
454,454,0,7200000000000000,80,0,0,944d,8980,0,0000,944d,0,93eb,0062,1,1,0,0,0000,944d,0000,0000,0000,0000,0,944d,944d,0000,0,000,944d,944d
455,455,0,7200000000000000,80,0,0,944d,8980,0,0000,944d,0,93eb,0062,1,1,0,0,0000,944d,0000,0000,0000,0000,0,944d,944d,0000,0,000,944d,944d
456,456,0,7200000000000000,80,0,0,944d,8980,0,0000,944d,0,93eb,0062,1,1,0,0,0000,944d,0000,0000,0000,0000,0,944d,944d,0000,0,000,944d,944d
457,457,0,7200000000000000,80,0,0,944d,8980,0,0000,944d,0,93eb,0062,1,1,0,0,0000,944d,0000,0000,0000,0000,0,944d,944d,0000,0,000,944d,944d
458,458,0,7200000000000000,80,0,0,944d,8980,0,0000,944d,0,93eb,0062,1,1,0,0,0000,944d,0000,0000,0000,0000,0,944d,944d,0000,0,000,944d,944d
459,459,0,7200000000000000,80,0,0,944d,8980,0,0000,944d,0,93eb,0062,1,1,0,0,0000,944d,0000,0000,0000,0000,0,944d,944d,0000,0,000,944d,944d
460,460,0,7200000000000000,80,0,0,944d,8980,0,0000,944d,0,93eb,0062,1,1,0,0,0000,944d,0000,0000,0000,0000,0,944d,944d,0000,0,000,944d,944d
461,461,0,7200000000000000,80,0,0,944d,8980,0,0000,944d,0,93eb,0062,1,1,0,0,0000,944d,0000,0000,0000,0000,0,944d,944d,0000,0,000,944d,944d
462,462,0,7200000000000000,80,0,0,944d,8980,0,0000,944d,0,93eb,0062,1,1,0,0,0000,944d,0000,0000,0000,0000,0,944d,944d,0000,0,000,944d,944d
463,463,0,7200000000000000,80,0,0,944d,8980,0,0000,944d,0,93eb,0062,1,1,0,0,0000,944d,0000,0000,0000,0000,0,944d,944d,0000,0,000,944d,944d
464,464,0,7200000000000000,80,0,0,944d,8980,0,0000,944d,0,93eb,0062,1,1,0,0,0000,944d,0000,0000,0000,0000,0,944d,944d,0000,0,000,944d,944d
465,465,0,7200000000000000,80,0,0,944d,8980,0,0000,944d,0,93eb,0062,1,1,0,0,0000,944d,0000,0000,0000,0000,0,944d,944d,0000,0,000,944d,944d
466,466,0,7200000000000000,80,0,0,944d,8980,0,0000,944d,0,93eb,0062,1,1,0,0,0000,944d,0000,0000,0000,0000,0,944d,944d,0000,0,000,944d,944d
467,467,0,7200000000000000,80,0,0,944d,8980,0,0000,944d,0,93eb,0062,1,1,0,0,0000,944d,0000,0000,0000,0000,0,944d,944d,0000,0,000,944d,944d
468,468,0,7200000000000000,80,0,0,944d,8980,0,0000,944d,0,93eb,0062,1,1,0,0,0000,944d,0000,0000,0000,0000,0,944d,944d,0000,0,000,944d,944d
469,469,0,7200000000000000,80,0,0,944d,8980,0,0000,944d,0,93eb,0062,1,1,0,0,0000,944d,0000,0000,0000,0000,0,944d,944d,0000,0,000,944d,944d
470,470,0,7200000000000000,80,0,0,944d,8980,0,0000,944d,0,93eb,0062,1,1,0,0,0000,944d,0000,0000,0000,0000,0,944d,944d,0000,0,000,944d,944d
471,471,0,7200000000000000,80,0,0,944d,8980,0,0000,944d,0,93eb,0062,1,1,0,0,0000,944d,0000,0000,0000,0000,0,944d,944d,0000,0,000,944d,944d
472,472,0,7200000000000000,80,0,0,944d,8980,0,0000,944d,0,93eb,0062,1,1,0,0,0000,944d,0000,0000,0000,0000,0,944d,944d,0000,0,000,944d,944d
473,473,0,7200000000000000,80,0,0,944d,8980,0,0000,944d,0,93eb,0062,1,1,0,0,0000,944d,0000,0000,0000,0000,0,944d,944d,0000,0,000,944d,944d
474,474,0,7200000000000000,80,0,0,944d,8980,0,0000,944d,0,93eb,0062,1,1,0,0,0000,944d,0000,0000,0000,0000,0,944d,944d,0000,0,000,944d,944d
475,475,0,7200000000000000,80,0,0,944d,8980,0,0000,944d,0,93eb,0062,1,1,0,0,0000,944d,0000,0000,0000,0000,0,944d,944d,0000,0,000,944d,944d
476,476,0,7200000000000000,80,0,0,944d,8980,0,0000,944d,0,93eb,0062,1,1,0,0,0000,944d,0000,0000,0000,0000,0,944d,944d,0000,0,000,944d,944d
477,477,0,7200000000000000,80,0,0,944d,8980,0,0000,944d,0,93eb,0062,1,1,0,0,0000,944d,0000,0000,0000,0000,0,944d,944d,0000,0,000,944d,944d
478,478,0,7200000000000000,80,0,0,944d,8980,0,0000,944d,0,93eb,0062,1,1,0,0,0000,944d,0000,0000,0000,0000,0,944d,944d,0000,0,000,944d,944d
479,479,0,7200000000000000,80,0,0,944d,8980,0,0000,944d,0,93eb,0062,1,1,0,0,0000,944d,0000,0000,0000,0000,0,944d,944d,0000,0,000,944d,944d
480,480,0,7200000000000000,80,0,0,944d,8980,0,0000,944d,0,93eb,0062,1,1,0,0,0000,944d,0000,0000,0000,0000,0,944d,944d,0000,0,000,944d,944d
481,481,0,7200000000000000,80,0,0,944d,8980,0,0000,944d,0,93eb,0062,1,1,0,0,0000,944d,0000,0000,0000,0000,0,944d,944d,0000,0,000,944d,944d
482,482,0,7200000000000000,80,0,0,944d,8980,0,0000,944d,0,93eb,0062,1,1,0,0,0000,944d,0000,0000,0000,0000,0,944d,944d,0000,0,000,944d,944d
483,483,0,7200000000000000,80,0,0,944d,8980,0,0000,944d,0,93eb,0062,1,1,0,0,0000,944d,0000,0000,0000,0000,0,944d,944d,0000,0,000,944d,944d
484,484,0,7200000000000000,80,0,0,944d,8980,0,0000,944d,0,93eb,0062,1,1,0,0,0000,944d,0000,0000,0000,0000,0,944d,944d,0000,0,000,944d,944d
485,485,0,7200000000000000,80,0,0,944d,8980,0,0000,944d,0,93eb,0062,1,1,0,0,0000,944d,0000,0000,0000,0000,0,944d,944d,0000,0,000,944d,944d
486,486,0,7200000000000000,80,0,0,944d,8980,0,0000,944d,0,93eb,0062,1,1,0,0,0000,944d,0000,0000,0000,0000,0,944d,944d,0000,0,000,944d,944d
487,487,0,7200000000000000,80,0,0,944d,8980,0,0000,944d,0,93eb,0062,1,1,0,0,0000,944d,0000,0000,0000,0000,0,944d,944d,0000,0,000,944d,944d
488,488,0,7200000000000000,80,0,0,944d,8980,0,0000,944d,0,93eb,0062,1,1,0,0,0000,944d,0000,0000,0000,0000,0,944d,944d,0000,0,000,944d,944d
489,489,0,7200000000000000,80,0,0,944d,8980,0,0000,944d,0,93eb,0062,1,1,0,0,0000,944d,0000,0000,0000,0000,0,944d,944d,0000,0,000,944d,944d
490,490,0,7200000000000000,80,0,0,944d,8980,0,0000,944d,0,93eb,0062,1,1,0,0,0000,944d,0000,0000,0000,0000,0,944d,944d,0000,0,000,944d,944d
491,491,0,7200000000000000,80,0,0,944d,8980,0,0000,944d,0,93eb,0062,1,1,0,0,0000,944d,0000,0000,0000,0000,0,944d,944d,0000,0,000,944d,944d
492,492,0,7200000000000000,80,0,0,944d,8980,0,0000,944d,0,93eb,0062,1,1,0,0,0000,944d,0000,0000,0000,0000,0,944d,944d,0000,0,000,944d,944d
493,493,0,7200000000000000,80,0,0,944d,8980,0,0000,944d,0,93eb,0062,1,1,0,0,0000,944d,0000,0000,0000,0000,0,944d,944d,0000,0,000,944d,944d
494,494,0,7200000000000000,80,0,0,944d,8980,0,0000,944d,0,93eb,0062,1,1,0,0,0000,944d,0000,0000,0000,0000,0,944d,944d,0000,0,000,944d,944d
495,495,0,7200000000000000,80,0,0,944d,8980,0,0000,944d,0,93eb,0062,1,1,0,0,0000,944d,0000,0000,0000,0000,0,944d,944d,0000,0,000,944d,944d
496,496,0,7200000000000000,80,0,0,944d,8980,0,0000,944d,0,93eb,0062,1,1,0,0,0000,944d,0000,0000,0000,0000,0,944d,944d,0000,0,000,944d,944d
497,497,0,7200000000000000,80,0,0,944d,8980,0,0000,944d,0,93eb,0062,1,1,0,0,0000,944d,0000,0000,0000,0000,0,944d,944d,0000,0,000,944d,944d
498,498,0,7200000000000000,80,0,0,944d,8980,0,0000,944d,0,93eb,0062,1,1,0,0,0000,944d,0000,0000,0000,0000,0,944d,944d,0000,0,000,944d,944d
499,499,0,7200000000000000,80,0,0,944d,8980,0,0000,944d,0,93eb,0062,1,1,0,0,0000,944d,0000,0000,0000,0000,0,944d,944d,0000,0,000,944d,944d
500,500,0,7200000000000000,80,0,0,944d,8980,0,0000,944d,0,93eb,0062,1,1,0,0,0000,944d,0000,0000,0000,0000,0,944d,944d,0000,0,000,944d,944d
501,501,0,7200000000000000,80,0,0,944d,8980,0,0000,944d,0,93eb,0062,1,1,0,0,0000,944d,0000,0000,0000,0000,0,944d,944d,0000,0,000,944d,944d
502,502,0,7200000000000000,80,0,0,944d,8980,0,0000,944d,0,93eb,0062,1,1,0,0,0000,944d,0000,0000,0000,0000,0,944d,944d,0000,0,000,944d,944d
503,503,0,7200000000000000,80,0,0,944d,8980,0,0000,944d,0,93eb,0062,1,1,0,0,0000,944d,0000,0000,0000,0000,0,944d,944d,0000,0,000,944d,944d
504,504,0,7200000000000000,80,0,0,944d,8980,0,0000,944d,0,93eb,0062,1,1,0,0,0000,944d,0000,0000,0000,0000,0,944d,944d,0000,0,000,944d,944d
505,505,0,7200000000000000,80,0,0,944d,8980,0,0000,944d,0,93eb,0062,1,1,0,0,0000,944d,0000,0000,0000,0000,0,944d,944d,0000,0,000,944d,944d
506,506,0,7200000000000000,80,0,0,944d,8980,0,0000,944d,0,93eb,0062,1,1,0,0,0000,944d,0000,0000,0000,0000,0,944d,944d,0000,0,000,944d,944d
507,507,0,7200000000000000,80,0,0,944d,8980,0,0000,944d,0,93eb,0062,1,1,0,0,0000,944d,0000,0000,0000,0000,0,944d,944d,0000,0,000,944d,944d
508,508,0,7200000000000000,80,0,0,944d,8980,0,0000,944d,0,93eb,0062,1,1,0,0,0000,944d,0000,0000,0000,0000,0,944d,944d,0000,0,000,944d,944d
509,509,0,7200000000000000,80,0,0,944d,8980,0,0000,944d,0,93eb,0062,1,1,0,0,0000,944d,0000,0000,0000,0000,0,944d,944d,0000,0,000,944d,944d
510,510,0,7200000000000000,80,0,0,944d,8980,0,0000,944d,0,93eb,0062,1,1,0,0,0000,944d,0000,0000,0000,0000,0,944d,944d,0000,0,000,944d,944d
511,511,0,7200000000000000,80,0,0,944d,8980,0,0000,944d,0,93eb,0062,1,1,0,0,0000,944d,0000,0000,0000,0000,0,944d,944d,0000,0,000,944d,944d
512,512,0,7200000000000000,80,0,0,944d,8980,0,0000,944d,0,93eb,0062,1,1,0,0,0000,944d,0000,0000,0000,0000,0,944d,944d,0000,0,000,944d,944d
513,513,0,7200000000000000,80,0,0,944d,8980,0,0000,944d,0,93eb,0062,1,1,0,0,0000,944d,0000,0000,0000,0000,0,944d,944d,0000,0,000,944d,944d
514,514,0,7200000000000000,80,0,0,944d,8980,0,0000,944d,0,93eb,0062,1,1,0,0,0000,944d,0000,0000,0000,0000,0,944d,944d,0000,0,000,944d,944d
515,515,0,7200000000000000,80,0,0,944d,8980,0,0000,944d,0,93eb,0062,1,1,0,0,0000,944d,0000,0000,0000,0000,0,944d,944d,0000,0,000,944d,944d
516,516,0,7200000000000000,80,0,0,944d,8980,0,0000,944d,0,93eb,0062,1,1,0,0,0000,944d,0000,0000,0000,0000,0,944d,944d,0000,0,000,944d,944d
517,517,0,7200000000000000,80,0,0,944d,8980,0,0000,944d,0,93eb,0062,1,1,0,0,0000,944d,0000,0000,0000,0000,0,944d,944d,0000,0,000,944d,944d
518,518,0,7200000000000000,80,0,0,944d,8980,0,0000,944d,0,93eb,0062,1,1,0,0,0000,944d,0000,0000,0000,0000,0,944d,944d,0000,0,000,944d,944d
519,519,0,7200000000000000,80,0,0,944d,8980,0,0000,944d,0,93eb,0062,1,1,0,0,0000,944d,0000,0000,0000,0000,0,944d,944d,0000,0,000,944d,944d
520,520,0,7200000000000000,80,0,0,944d,8980,0,0000,944d,0,93eb,0062,1,1,0,0,0000,944d,0000,0000,0000,0000,0,944d,944d,0000,0,000,944d,944d
521,521,0,7200000000000000,80,0,0,944d,8980,0,0000,944d,0,93eb,0062,1,1,0,0,0000,944d,0000,0000,0000,0000,0,944d,944d,0000,0,000,944d,944d
522,522,0,7200000000000000,80,0,0,944d,8980,0,0000,944d,0,93eb,0062,1,1,0,0,0000,944d,0000,0000,0000,0000,0,944d,944d,0000,0,000,944d,944d
523,523,0,7200000000000000,80,0,0,944d,8980,0,0000,944d,0,93eb,0062,1,1,0,0,0000,944d,0000,0000,0000,0000,0,944d,944d,0000,0,000,944d,944d
524,524,0,7200000000000000,80,0,0,944d,8980,0,0000,944d,0,93eb,0062,1,1,0,0,0000,944d,0000,0000,0000,0000,0,944d,944d,0000,0,000,944d,944d
525,525,0,7200000000000000,80,0,0,944d,8980,0,0000,944d,0,93eb,0062,1,1,0,0,0000,944d,0000,0000,0000,0000,0,944d,944d,0000,0,000,944d,944d
526,526,0,7200000000000000,80,0,0,944d,8980,0,0000,944d,0,93eb,0062,1,1,0,0,0000,944d,0000,0000,0000,0000,0,944d,944d,0000,0,000,944d,944d
527,527,0,7200000000000000,80,0,0,944d,8980,0,0000,944d,0,93eb,0062,1,1,0,0,0000,944d,0000,0000,0000,0000,0,944d,944d,0000,0,000,944d,944d
528,528,0,7200000000000000,80,0,0,944d,8980,0,0000,944d,0,93eb,0062,1,1,0,0,0000,944d,0000,0000,0000,0000,0,944d,944d,0000,0,000,944d,944d
529,529,0,7200000000000000,80,0,0,944d,8980,0,0000,944d,0,93eb,0062,1,1,0,0,0000,944d,0000,0000,0000,0000,0,944d,944d,0000,0,000,944d,944d
530,530,0,7200000000000000,80,0,0,944d,8980,0,0000,944d,0,93eb,0062,1,1,0,0,0000,944d,0000,0000,0000,0000,0,944d,944d,0000,0,000,944d,944d
531,531,0,7200000000000000,80,0,0,944d,8980,0,0000,944d,0,93eb,0062,1,1,0,0,0000,944d,0000,0000,0000,0000,0,944d,944d,0000,0,000,944d,944d
532,532,0,7200000000000000,80,0,0,944d,8980,0,0000,944d,0,93eb,0062,1,1,0,0,0000,944d,0000,0000,0000,0000,0,944d,944d,0000,0,000,944d,944d
533,533,0,7200000000000000,80,0,0,944d,8980,0,0000,944d,0,93eb,0062,1,1,0,0,0000,944d,0000,0000,0000,0000,0,944d,944d,0000,0,000,944d,944d
534,534,0,7200000000000000,80,0,0,944d,8980,0,0000,944d,0,93eb,0062,1,1,0,0,0000,944d,0000,0000,0000,0000,0,944d,944d,0000,0,000,944d,944d
535,535,0,7200000000000000,80,0,0,944d,8980,0,0000,944d,0,93eb,0062,1,1,0,0,0000,944d,0000,0000,0000,0000,0,944d,944d,0000,0,000,944d,944d
536,536,0,7200000000000000,80,0,0,944d,8980,0,0000,944d,0,93eb,0062,1,1,0,0,0000,944d,0000,0000,0000,0000,0,944d,944d,0000,0,000,944d,944d
537,537,0,7200000000000000,80,0,0,944d,8980,0,0000,944d,0,93eb,0062,1,1,0,0,0000,944d,0000,0000,0000,0000,0,944d,944d,0000,0,000,944d,944d
538,538,0,7200000000000000,80,0,0,944d,8980,0,0000,944d,0,93eb,0062,1,1,0,0,0000,944d,0000,0000,0000,0000,0,944d,944d,0000,0,000,944d,944d
539,539,0,7200000000000000,80,0,0,944d,8980,0,0000,944d,0,93eb,0062,1,1,0,0,0000,944d,0000,0000,0000,0000,0,944d,944d,0000,0,000,944d,944d
540,540,0,7200000000000000,80,0,0,944d,8980,0,0000,944d,0,93eb,0062,1,1,0,0,0000,944d,0000,0000,0000,0000,0,944d,944d,0000,0,000,944d,944d
541,541,0,7200000000000000,80,0,0,944d,8980,0,0000,944d,0,93eb,0062,1,1,0,0,0000,944d,0000,0000,0000,0000,0,944d,944d,0000,0,000,944d,944d
542,542,0,7200000000000000,80,0,0,944d,8980,0,0000,944d,0,93eb,0062,1,1,0,0,0000,944d,0000,0000,0000,0000,0,944d,944d,0000,0,000,944d,944d
543,543,0,7200000000000000,80,0,0,944d,8980,0,0000,944d,0,93eb,0062,1,1,0,0,0000,944d,0000,0000,0000,0000,0,944d,944d,0000,0,000,944d,944d
544,544,0,7200000000000000,80,0,0,944d,8980,0,0000,944d,0,93eb,0062,1,1,0,0,0000,944d,0000,0000,0000,0000,0,944d,944d,0000,0,000,944d,944d
545,545,0,7200000000000000,80,0,0,944d,8980,0,0000,944d,0,93eb,0062,1,1,0,0,0000,944d,0000,0000,0000,0000,0,944d,944d,0000,0,000,944d,944d
546,546,0,7200000000000000,80,0,0,944d,8980,0,0000,944d,0,93eb,0062,1,1,0,0,0000,944d,0000,0000,0000,0000,0,944d,944d,0000,0,000,944d,944d
547,547,0,7200000000000000,80,0,0,944d,8980,0,0000,944d,0,93eb,0062,1,1,0,0,0000,944d,0000,0000,0000,0000,0,944d,944d,0000,0,000,944d,944d
548,548,0,7200000000000000,80,0,0,944d,8980,0,0000,944d,0,93eb,0062,1,1,0,0,0000,944d,0000,0000,0000,0000,0,944d,944d,0000,0,000,944d,944d
549,549,0,7200000000000000,80,0,0,944d,8980,0,0000,944d,0,93eb,0062,1,1,0,0,0000,944d,0000,0000,0000,0000,0,944d,944d,0000,0,000,944d,944d
550,550,0,7200000000000000,80,0,0,944d,8980,0,0000,944d,0,93eb,0062,1,1,0,0,0000,944d,0000,0000,0000,0000,0,944d,944d,0000,0,000,944d,944d
551,551,0,7200000000000000,80,0,0,944d,8980,0,0000,944d,0,93eb,0062,1,1,0,0,0000,944d,0000,0000,0000,0000,0,944d,944d,0000,0,000,944d,944d
552,552,0,7200000000000000,80,0,0,944d,8980,0,0000,944d,0,93eb,0062,1,1,0,0,0000,944d,0000,0000,0000,0000,0,944d,944d,0000,0,000,944d,944d
553,553,0,7200000000000000,80,0,0,944d,8980,0,0000,944d,0,93eb,0062,1,1,0,0,0000,944d,0000,0000,0000,0000,0,944d,944d,0000,0,000,944d,944d
554,554,0,7200000000000000,80,0,0,944d,8980,0,0000,944d,0,93eb,0062,1,1,0,0,0000,944d,0000,0000,0000,0000,0,944d,944d,0000,0,000,944d,944d
555,555,0,7200000000000000,80,0,0,944d,8980,0,0000,944d,0,93eb,0062,1,1,0,0,0000,944d,0000,0000,0000,0000,0,944d,944d,0000,0,000,944d,944d
556,556,0,7200000000000000,80,0,0,944d,8980,0,0000,944d,0,93eb,0062,1,1,0,0,0000,944d,0000,0000,0000,0000,0,944d,944d,0000,0,000,944d,944d
557,557,0,7200000000000000,80,0,0,944d,8980,0,0000,944d,0,93eb,0062,1,1,0,0,0000,944d,0000,0000,0000,0000,0,944d,944d,0000,0,000,944d,944d
558,558,0,7200000000000000,80,0,0,944d,8980,0,0000,944d,0,93eb,0062,1,1,0,0,0000,944d,0000,0000,0000,0000,0,944d,944d,0000,0,000,944d,944d
559,559,0,7200000000000000,80,0,0,944d,8980,0,0000,944d,0,93eb,0062,1,1,0,0,0000,944d,0000,0000,0000,0000,0,944d,944d,0000,0,000,944d,944d
560,560,0,7200000000000000,80,0,0,944d,8980,0,0000,944d,0,93eb,0062,1,1,0,0,0000,944d,0000,0000,0000,0000,0,944d,944d,0000,0,000,944d,944d
561,561,0,7200000000000000,80,0,0,944d,8980,0,0000,944d,0,93eb,0062,1,1,0,0,0000,944d,0000,0000,0000,0000,0,944d,944d,0000,0,000,944d,944d
562,562,0,7200000000000000,80,0,0,944d,8980,0,0000,944d,0,93eb,0062,1,1,0,0,0000,944d,0000,0000,0000,0000,0,944d,944d,0000,0,000,944d,944d
563,563,0,7200000000000000,80,0,0,944d,8980,0,0000,944d,0,93eb,0062,1,1,0,0,0000,944d,0000,0000,0000,0000,0,944d,944d,0000,0,000,944d,944d
564,564,0,7200000000000000,80,0,0,944d,8980,0,0000,944d,0,93eb,0062,1,1,0,0,0000,944d,0000,0000,0000,0000,0,944d,944d,0000,0,000,944d,944d
565,565,0,7200000000000000,80,0,0,944d,8980,0,0000,944d,0,93eb,0062,1,1,0,0,0000,944d,0000,0000,0000,0000,0,944d,944d,0000,0,000,944d,944d
566,566,0,7200000000000000,80,0,0,944d,8980,0,0000,944d,0,93eb,0062,1,1,0,0,0000,944d,0000,0000,0000,0000,0,944d,944d,0000,0,000,944d,944d
567,567,0,7200000000000000,80,0,0,944d,8980,0,0000,944d,0,93eb,0062,1,1,0,0,0000,944d,0000,0000,0000,0000,0,944d,944d,0000,0,000,944d,944d
568,568,0,7200000000000000,80,0,0,944d,8980,0,0000,944d,0,93eb,0062,1,1,0,0,0000,944d,0000,0000,0000,0000,0,944d,944d,0000,0,000,944d,944d
569,569,0,7200000000000000,80,0,0,944d,8980,0,0000,944d,0,93eb,0062,1,1,0,0,0000,944d,0000,0000,0000,0000,0,944d,944d,0000,0,000,944d,944d
570,570,0,7200000000000000,80,0,0,944d,8980,0,0000,944d,0,93eb,0062,1,1,0,0,0000,944d,0000,0000,0000,0000,0,944d,944d,0000,0,000,944d,944d
571,571,0,7200000000000000,80,0,0,944d,8980,0,0000,944d,0,93eb,0062,1,1,0,0,0000,944d,0000,0000,0000,0000,0,944d,944d,0000,0,000,944d,944d
572,572,0,7200000000000000,80,0,0,944d,8980,0,0000,944d,0,93eb,0062,1,1,0,0,0000,944d,0000,0000,0000,0000,0,944d,944d,0000,0,000,944d,944d
573,573,0,7200000000000000,80,0,0,944d,8980,0,0000,944d,0,93eb,0062,1,1,0,0,0000,944d,0000,0000,0000,0000,0,944d,944d,0000,0,000,944d,944d
574,574,0,7200000000000000,80,0,0,944d,8980,0,0000,944d,0,93eb,0062,1,1,0,0,0000,944d,0000,0000,0000,0000,0,944d,944d,0000,0,000,944d,944d
575,575,0,7200000000000000,80,0,0,944d,8980,0,0000,944d,0,93eb,0062,1,1,0,0,0000,944d,0000,0000,0000,0000,0,944d,944d,0000,0,000,944d,944d
576,576,0,7200000000000000,80,0,0,944d,8980,0,0000,944d,0,93eb,0062,1,1,0,0,0000,944d,0000,0000,0000,0000,0,944d,944d,0000,0,000,944d,944d
577,577,0,7200000000000000,80,0,0,944d,8980,0,0000,944d,0,93eb,0062,1,1,0,0,0000,944d,0000,0000,0000,0000,0,944d,944d,0000,0,000,944d,944d
578,578,0,7200000000000000,80,0,0,944d,8980,0,0000,944d,0,93eb,0062,1,1,0,0,0000,944d,0000,0000,0000,0000,0,944d,944d,0000,0,000,944d,944d
579,579,0,7200000000000000,80,0,0,944d,8980,0,0000,944d,0,93eb,0062,1,1,0,0,0000,944d,0000,0000,0000,0000,0,944d,944d,0000,0,000,944d,944d
580,580,0,7200000000000000,80,0,0,944d,8980,0,0000,944d,0,93eb,0062,1,1,0,0,0000,944d,0000,0000,0000,0000,0,944d,944d,0000,0,000,944d,944d
581,581,0,7200000000000000,80,0,0,944d,8980,0,0000,944d,0,93eb,0062,1,1,0,0,0000,944d,0000,0000,0000,0000,0,944d,944d,0000,0,000,944d,944d
582,582,0,7200000000000000,80,0,0,944d,8980,0,0000,944d,0,93eb,0062,1,1,0,0,0000,944d,0000,0000,0000,0000,0,944d,944d,0000,0,000,944d,944d
583,583,0,7200000000000000,80,0,0,944d,8980,0,0000,944d,0,93eb,0062,1,1,0,0,0000,944d,0000,0000,0000,0000,0,944d,944d,0000,0,000,944d,944d
584,584,0,7200000000000000,80,0,0,944d,8980,0,0000,944d,0,93eb,0062,1,1,0,0,0000,944d,0000,0000,0000,0000,0,944d,944d,0000,0,000,944d,944d
585,585,0,7200000000000000,80,0,0,944d,8980,0,0000,944d,0,93eb,0062,1,1,0,0,0000,944d,0000,0000,0000,0000,0,944d,944d,0000,0,000,944d,944d
586,586,0,7200000000000000,80,0,0,944d,8980,0,0000,944d,0,93eb,0062,1,1,0,0,0000,944d,0000,0000,0000,0000,0,944d,944d,0000,0,000,944d,944d
587,587,0,7200000000000000,80,0,0,944d,8980,0,0000,944d,0,93eb,0062,1,1,0,0,0000,944d,0000,0000,0000,0000,0,944d,944d,0000,0,000,944d,944d
588,588,0,7200000000000000,80,0,0,944d,8980,0,0000,944d,0,93eb,0062,1,1,0,0,0000,944d,0000,0000,0000,0000,0,944d,944d,0000,0,000,944d,944d
589,589,0,7200000000000000,80,0,0,944d,8980,0,0000,944d,0,93eb,0062,1,1,0,0,0000,944d,0000,0000,0000,0000,0,944d,944d,0000,0,000,944d,944d
590,590,0,7200000000000000,80,0,0,944d,8980,0,0000,944d,0,93eb,0062,1,1,0,0,0000,944d,0000,0000,0000,0000,0,944d,944d,0000,0,000,944d,944d
591,591,0,7200000000000000,80,0,0,944d,8980,0,0000,944d,0,93eb,0062,1,1,0,0,0000,944d,0000,0000,0000,0000,0,944d,944d,0000,0,000,944d,944d
592,592,0,7200000000000000,80,0,0,944d,8980,0,0000,944d,0,93eb,0062,1,1,0,0,0000,944d,0000,0000,0000,0000,0,944d,944d,0000,0,000,944d,944d
593,593,0,7200000000000000,80,0,0,944d,8980,0,0000,944d,0,93eb,0062,1,1,0,0,0000,944d,0000,0000,0000,0000,0,944d,944d,0000,0,000,944d,944d
594,594,0,7200000000000000,80,0,0,944d,8980,0,0000,944d,0,93eb,0062,1,1,0,0,0000,944d,0000,0000,0000,0000,0,944d,944d,0000,0,000,944d,944d
595,595,0,7200000000000000,80,0,0,944d,8980,0,0000,944d,0,93eb,0062,1,1,0,0,0000,944d,0000,0000,0000,0000,0,944d,944d,0000,0,000,944d,944d
596,596,0,7200000000000000,80,0,0,944d,8980,0,0000,944d,0,93eb,0062,1,1,0,0,0000,944d,0000,0000,0000,0000,0,944d,944d,0000,0,000,944d,944d
597,597,0,7200000000000000,80,0,0,944d,8980,0,0000,944d,0,93eb,0062,1,1,0,0,0000,944d,0000,0000,0000,0000,0,944d,944d,0000,0,000,944d,944d
598,598,0,7200000000000000,80,0,0,944d,8980,0,0000,944d,0,93eb,0062,1,1,0,0,0000,944d,0000,0000,0000,0000,0,944d,944d,0000,0,000,944d,944d
599,599,0,7200000000000000,80,0,0,944d,8980,0,0000,944d,0,93eb,0062,1,1,0,0,0000,944d,0000,0000,0000,0000,0,944d,944d,0000,0,000,944d,944d
600,600,0,7200000000000000,80,0,0,944d,8980,0,0000,944d,0,93eb,0062,1,1,0,0,0000,944d,0000,0000,0000,0000,0,944d,944d,0000,0,000,944d,944d
601,601,0,7200000000000000,80,0,0,944d,8980,0,0000,944d,0,93eb,0062,1,1,0,0,0000,944d,0000,0000,0000,0000,0,944d,944d,0000,0,000,944d,944d
602,602,0,7200000000000000,80,0,0,944d,8980,0,0000,944d,0,93eb,0062,1,1,0,0,0000,944d,0000,0000,0000,0000,0,944d,944d,0000,0,000,944d,944d
603,603,0,7200000000000000,80,0,0,944d,8980,0,0000,944d,0,93eb,0062,1,1,0,0,0000,944d,0000,0000,0000,0000,0,944d,944d,0000,0,000,944d,944d
604,604,0,7200000000000000,80,0,0,944d,8980,0,0000,944d,0,93eb,0062,1,1,0,0,0000,944d,0000,0000,0000,0000,0,944d,944d,0000,0,000,944d,944d
605,605,0,7200000000000000,80,0,0,944d,8980,0,0000,944d,0,93eb,0062,1,1,0,0,0000,944d,0000,0000,0000,0000,0,944d,944d,0000,0,000,944d,944d
606,606,0,7200000000000000,80,0,0,944d,8980,0,0000,944d,0,93eb,0062,1,1,0,0,0000,944d,0000,0000,0000,0000,0,944d,944d,0000,0,000,944d,944d
607,607,0,7200000000000000,80,0,0,944d,8980,0,0000,944d,0,93eb,0062,1,1,0,0,0000,944d,0000,0000,0000,0000,0,944d,944d,0000,0,000,944d,944d
608,608,0,7200000000000000,80,0,0,944d,8980,0,0000,944d,0,93eb,0062,1,1,0,0,0000,944d,0000,0000,0000,0000,0,944d,944d,0000,0,000,944d,944d
609,609,0,7200000000000000,80,0,0,944d,8980,0,0000,944d,0,93eb,0062,1,1,0,0,0000,944d,0000,0000,0000,0000,0,944d,944d,0000,0,000,944d,944d
610,610,0,7200000000000000,80,0,0,944d,8980,0,0000,944d,0,93eb,0062,1,1,0,0,0000,944d,0000,0000,0000,0000,0,944d,944d,0000,0,000,944d,944d
611,611,0,7200000000000000,80,0,0,944d,8980,0,0000,944d,0,93eb,0062,1,1,0,0,0000,944d,0000,0000,0000,0000,0,944d,944d,0000,0,000,944d,944d
612,612,0,7200000000000000,80,0,0,944d,8980,0,0000,944d,0,93eb,0062,1,1,0,0,0000,944d,0000,0000,0000,0000,0,944d,944d,0000,0,000,944d,944d
613,613,0,7200000000000000,80,0,0,944d,8980,0,0000,944d,0,93eb,0062,1,1,0,0,0000,944d,0000,0000,0000,0000,0,944d,944d,0000,0,000,944d,944d
614,614,0,7200000000000000,80,0,0,944d,8980,0,0000,944d,0,93eb,0062,1,1,0,0,0000,944d,0000,0000,0000,0000,0,944d,944d,0000,0,000,944d,944d
615,615,0,7200000000000000,80,0,0,944d,8980,0,0000,944d,0,93eb,0062,1,1,0,0,0000,944d,0000,0000,0000,0000,0,944d,944d,0000,0,000,944d,944d
616,616,0,7200000000000000,80,0,0,944d,8980,0,0000,944d,0,93eb,0062,1,1,0,0,0000,944d,0000,0000,0000,0000,0,944d,944d,0000,0,000,944d,944d
617,617,0,7200000000000000,80,0,0,944d,8980,0,0000,944d,0,93eb,0062,1,1,0,0,0000,944d,0000,0000,0000,0000,0,944d,944d,0000,0,000,944d,944d
618,618,0,7200000000000000,80,0,0,944d,8980,0,0000,944d,0,93eb,0062,1,1,0,0,0000,944d,0000,0000,0000,0000,0,944d,944d,0000,0,000,944d,944d
619,619,0,7200000000000000,80,0,0,944d,8980,0,0000,944d,0,93eb,0062,1,1,0,0,0000,944d,0000,0000,0000,0000,0,944d,944d,0000,0,000,944d,944d
620,620,0,7200000000000000,80,0,0,944d,8980,0,0000,944d,0,93eb,0062,1,1,0,0,0000,944d,0000,0000,0000,0000,0,944d,944d,0000,0,000,944d,944d
621,621,0,7200000000000000,80,0,0,944d,8980,0,0000,944d,0,93eb,0062,1,1,0,0,0000,944d,0000,0000,0000,0000,0,944d,944d,0000,0,000,944d,944d
622,622,0,7200000000000000,80,0,0,944d,8980,0,0000,944d,0,93eb,0062,1,1,0,0,0000,944d,0000,0000,0000,0000,0,944d,944d,0000,0,000,944d,944d
623,623,0,7200000000000000,80,0,0,944d,8980,0,0000,944d,0,93eb,0062,1,1,0,0,0000,944d,0000,0000,0000,0000,0,944d,944d,0000,0,000,944d,944d
624,624,0,7200000000000000,80,0,0,944d,8980,0,0000,944d,0,93eb,0062,1,1,0,0,0000,944d,0000,0000,0000,0000,0,944d,944d,0000,0,000,944d,944d
625,625,0,7200000000000000,80,0,0,944d,8980,0,0000,944d,0,93eb,0062,1,1,0,0,0000,944d,0000,0000,0000,0000,0,944d,944d,0000,0,000,944d,944d
626,626,0,7200000000000000,80,0,0,944d,8980,0,0000,944d,0,93eb,0062,1,1,0,0,0000,944d,0000,0000,0000,0000,0,944d,944d,0000,0,000,944d,944d
627,627,0,7200000000000000,80,0,0,944d,8980,0,0000,944d,0,93eb,0062,1,1,0,0,0000,944d,0000,0000,0000,0000,0,944d,944d,0000,0,000,944d,944d
628,628,0,7200000000000000,80,0,0,944d,8980,0,0000,944d,0,93eb,0062,1,1,0,0,0000,944d,0000,0000,0000,0000,0,944d,944d,0000,0,000,944d,944d
629,629,0,7200000000000000,80,0,0,944d,8980,0,0000,944d,0,93eb,0062,1,1,0,0,0000,944d,0000,0000,0000,0000,0,944d,944d,0000,0,000,944d,944d
630,630,0,7200000000000000,80,0,0,944d,8980,0,0000,944d,0,93eb,0062,1,1,0,0,0000,944d,0000,0000,0000,0000,0,944d,944d,0000,0,000,944d,944d
631,631,0,7200000000000000,80,0,0,944d,8980,0,0000,944d,0,93eb,0062,1,1,0,0,0000,944d,0000,0000,0000,0000,0,944d,944d,0000,0,000,944d,944d
632,632,0,7200000000000000,80,0,0,944d,8980,0,0000,944d,0,93eb,0062,1,1,0,0,0000,944d,0000,0000,0000,0000,0,944d,944d,0000,0,000,944d,944d
633,633,0,7200000000000000,80,0,0,944d,8980,0,0000,944d,0,93eb,0062,1,1,0,0,0000,944d,0000,0000,0000,0000,0,944d,944d,0000,0,000,944d,944d
634,634,0,7200000000000000,80,0,0,944d,8980,0,0000,944d,0,93eb,0062,1,1,0,0,0000,944d,0000,0000,0000,0000,0,944d,944d,0000,0,000,944d,944d
635,635,0,7200000000000000,80,0,0,944d,8980,0,0000,944d,0,93eb,0062,1,1,0,0,0000,944d,0000,0000,0000,0000,0,944d,944d,0000,0,000,944d,944d
636,636,0,7200000000000000,80,0,0,944d,8980,0,0000,944d,0,93eb,0062,1,1,0,0,0000,944d,0000,0000,0000,0000,0,944d,944d,0000,0,000,944d,944d
637,637,0,7200000000000000,80,0,0,944d,8980,0,0000,944d,0,93eb,0062,1,1,0,0,0000,944d,0000,0000,0000,0000,0,944d,944d,0000,0,000,944d,944d
638,638,0,7200000000000000,80,0,0,944d,8980,0,0000,944d,0,93eb,0062,1,1,0,0,0000,944d,0000,0000,0000,0000,0,944d,944d,0000,0,000,944d,944d
639,639,0,7200000000000000,80,0,0,944d,8980,0,0000,944d,0,93eb,0062,1,1,0,0,0000,944d,0000,0000,0000,0000,0,944d,944d,0000,0,000,944d,944d
640,640,0,7200000000000000,80,0,0,944d,8980,0,0000,944d,0,93eb,0062,1,1,0,0,0000,944d,0000,0000,0000,0000,0,944d,944d,0000,0,000,944d,944d
641,641,0,7200000000000000,80,0,0,944d,8980,0,0000,944d,0,93eb,0062,1,1,0,0,0000,944d,0000,0000,0000,0000,0,944d,944d,0000,0,000,944d,944d
642,642,0,7200000000000000,80,0,0,944d,8980,0,0000,944d,0,93eb,0062,1,1,0,0,0000,944d,0000,0000,0000,0000,0,944d,944d,0000,0,000,944d,944d
643,643,0,7200000000000000,80,0,0,944d,8980,0,0000,944d,0,93eb,0062,1,1,0,0,0000,944d,0000,0000,0000,0000,0,944d,944d,0000,0,000,944d,944d
644,644,0,7200000000000000,80,0,0,944d,8980,0,0000,944d,0,93eb,0062,1,1,0,0,0000,944d,0000,0000,0000,0000,0,944d,944d,0000,0,000,944d,944d
645,645,0,7200000000000000,80,0,0,944d,8980,0,0000,944d,0,93eb,0062,1,1,0,0,0000,944d,0000,0000,0000,0000,0,944d,944d,0000,0,000,944d,944d
646,646,0,7200000000000000,80,0,0,944d,8980,0,0000,944d,0,93eb,0062,1,1,0,0,0000,944d,0000,0000,0000,0000,0,944d,944d,0000,0,000,944d,944d
647,647,0,7200000000000000,80,0,0,944d,8980,0,0000,944d,0,93eb,0062,1,1,0,0,0000,944d,0000,0000,0000,0000,0,944d,944d,0000,0,000,944d,944d
648,648,0,7200000000000000,80,0,0,944d,8980,0,0000,944d,0,93eb,0062,1,1,0,0,0000,944d,0000,0000,0000,0000,0,944d,944d,0000,0,000,944d,944d
649,649,0,7200000000000000,80,0,0,944d,8980,0,0000,944d,0,93eb,0062,1,1,0,0,0000,944d,0000,0000,0000,0000,0,944d,944d,0000,0,000,944d,944d
650,650,0,7200000000000000,80,0,0,944d,8980,0,0000,944d,0,93eb,0062,1,1,0,0,0000,944d,0000,0000,0000,0000,0,944d,944d,0000,0,000,944d,944d
651,651,0,7200000000000000,80,0,0,944d,8980,0,0000,944d,0,93eb,0062,1,1,0,0,0000,944d,0000,0000,0000,0000,0,944d,944d,0000,0,000,944d,944d
652,652,0,7200000000000000,80,0,0,944d,8980,0,0000,944d,0,93eb,0062,1,1,0,0,0000,944d,0000,0000,0000,0000,0,944d,944d,0000,0,000,944d,944d
653,653,0,7200000000000000,80,0,0,944d,8980,0,0000,944d,0,93eb,0062,1,1,0,0,0000,944d,0000,0000,0000,0000,0,944d,944d,0000,0,000,944d,944d
654,654,0,7200000000000000,80,0,0,944d,8980,0,0000,944d,0,93eb,0062,1,1,0,0,0000,944d,0000,0000,0000,0000,0,944d,944d,0000,0,000,944d,944d
655,655,0,7200000000000000,80,0,0,944d,8980,0,0000,944d,0,93eb,0062,1,1,0,0,0000,944d,0000,0000,0000,0000,0,944d,944d,0000,0,000,944d,944d
656,656,0,7200000000000000,80,0,0,944d,8980,0,0000,944d,0,93eb,0062,1,1,0,0,0000,944d,0000,0000,0000,0000,0,944d,944d,0000,0,000,944d,944d
657,657,0,7200000000000000,80,0,0,944d,8980,0,0000,944d,0,93eb,0062,1,1,0,0,0000,944d,0000,0000,0000,0000,0,944d,944d,0000,0,000,944d,944d
658,658,0,7200000000000000,80,0,0,944d,8980,0,0000,944d,0,93eb,0062,1,1,0,0,0000,944d,0000,0000,0000,0000,0,944d,944d,0000,0,000,944d,944d
659,659,0,7200000000000000,80,0,0,944d,8980,0,0000,944d,0,93eb,0062,1,1,0,0,0000,944d,0000,0000,0000,0000,0,944d,944d,0000,0,000,944d,944d
660,660,0,7200000000000000,80,0,0,944d,8980,0,0000,944d,0,93eb,0062,1,1,0,0,0000,944d,0000,0000,0000,0000,0,944d,944d,0000,0,000,944d,944d
661,661,0,7200000000000000,80,0,0,944d,8980,0,0000,944d,0,93eb,0062,1,1,0,0,0000,944d,0000,0000,0000,0000,0,944d,944d,0000,0,000,944d,944d
662,662,0,7200000000000000,80,0,0,944d,8980,0,0000,944d,0,93eb,0062,1,1,0,0,0000,944d,0000,0000,0000,0000,0,944d,944d,0000,0,000,944d,944d
663,663,0,7200000000000000,80,0,0,944d,8980,0,0000,944d,0,93eb,0062,1,1,0,0,0000,944d,0000,0000,0000,0000,0,944d,944d,0000,0,000,944d,944d
664,664,0,7200000000000000,80,0,0,944d,8980,0,0000,944d,0,93eb,0062,1,1,0,0,0000,944d,0000,0000,0000,0000,0,944d,944d,0000,0,000,944d,944d
665,665,0,7200000000000000,80,0,0,944d,8980,0,0000,944d,0,93eb,0062,1,1,0,0,0000,944d,0000,0000,0000,0000,0,944d,944d,0000,0,000,944d,944d
666,666,0,7200000000000000,80,0,0,944d,8980,0,0000,944d,0,93eb,0062,1,1,0,0,0000,944d,0000,0000,0000,0000,0,944d,944d,0000,0,000,944d,944d
667,667,0,7200000000000000,80,0,0,944d,8980,0,0000,944d,0,93eb,0062,1,1,0,0,0000,944d,0000,0000,0000,0000,0,944d,944d,0000,0,000,944d,944d
668,668,0,7200000000000000,80,0,0,944d,8980,0,0000,944d,0,93eb,0062,1,1,0,0,0000,944d,0000,0000,0000,0000,0,944d,944d,0000,0,000,944d,944d
669,669,0,7200000000000000,80,0,0,944d,8980,0,0000,944d,0,93eb,0062,1,1,0,0,0000,944d,0000,0000,0000,0000,0,944d,944d,0000,0,000,944d,944d
670,670,0,7200000000000000,80,0,0,944d,8980,0,0000,944d,0,93eb,0062,1,1,0,0,0000,944d,0000,0000,0000,0000,0,944d,944d,0000,0,000,944d,944d
671,671,0,7200000000000000,80,0,0,944d,8980,0,0000,944d,0,93eb,0062,1,1,0,0,0000,944d,0000,0000,0000,0000,0,944d,944d,0000,0,000,944d,944d
672,672,0,7200000000000000,80,0,0,944d,8980,0,0000,944d,0,93eb,0062,1,1,0,0,0000,944d,0000,0000,0000,0000,0,944d,944d,0000,0,000,944d,944d
673,673,0,7200000000000000,80,0,0,944d,8980,0,0000,944d,0,93eb,0062,1,1,0,0,0000,944d,0000,0000,0000,0000,0,944d,944d,0000,0,000,944d,944d
674,674,0,7200000000000000,80,0,0,944d,8980,0,0000,944d,0,93eb,0062,1,1,0,0,0000,944d,0000,0000,0000,0000,0,944d,944d,0000,0,000,944d,944d
675,675,0,7200000000000000,80,0,0,944d,8980,0,0000,944d,0,93eb,0062,1,1,0,0,0000,944d,0000,0000,0000,0000,0,944d,944d,0000,0,000,944d,944d
676,676,0,7200000000000000,80,0,0,944d,8980,0,0000,944d,0,93eb,0062,1,1,0,0,0000,944d,0000,0000,0000,0000,0,944d,944d,0000,0,000,944d,944d
677,677,0,7200000000000000,80,0,0,944d,8980,0,0000,944d,0,93eb,0062,1,1,0,0,0000,944d,0000,0000,0000,0000,0,944d,944d,0000,0,000,944d,944d
678,678,0,7200000000000000,80,0,0,944d,8980,0,0000,944d,0,93eb,0062,1,1,0,0,0000,944d,0000,0000,0000,0000,0,944d,944d,0000,0,000,944d,944d
679,679,0,7200000000000000,80,0,0,944d,8980,0,0000,944d,0,93eb,0062,1,1,0,0,0000,944d,0000,0000,0000,0000,0,944d,944d,0000,0,000,944d,944d
680,680,0,7200000000000000,80,0,0,944d,8980,0,0000,944d,0,93eb,0062,1,1,0,0,0000,944d,0000,0000,0000,0000,0,944d,944d,0000,0,000,944d,944d
681,681,0,7200000000000000,80,0,0,944d,8980,0,0000,944d,0,93eb,0062,1,1,0,0,0000,944d,0000,0000,0000,0000,0,944d,944d,0000,0,000,944d,944d
682,682,0,7200000000000000,80,0,0,944d,8980,0,0000,944d,0,93eb,0062,1,1,0,0,0000,944d,0000,0000,0000,0000,0,944d,944d,0000,0,000,944d,944d
683,683,0,7200000000000000,80,0,0,944d,8980,0,0000,944d,0,93eb,0062,1,1,0,0,0000,944d,0000,0000,0000,0000,0,944d,944d,0000,0,000,944d,944d
684,684,0,7200000000000000,80,0,0,944d,8980,0,0000,944d,0,93eb,0062,1,1,0,0,0000,944d,0000,0000,0000,0000,0,944d,944d,0000,0,000,944d,944d
685,685,0,7200000000000000,80,0,0,944d,8980,0,0000,944d,0,93eb,0062,1,1,0,0,0000,944d,0000,0000,0000,0000,0,944d,944d,0000,0,000,944d,944d
686,686,0,7200000000000000,80,0,0,944d,8980,0,0000,944d,0,93eb,0062,1,1,0,0,0000,944d,0000,0000,0000,0000,0,944d,944d,0000,0,000,944d,944d
687,687,0,7200000000000000,80,0,0,944d,8980,0,0000,944d,0,93eb,0062,1,1,0,0,0000,944d,0000,0000,0000,0000,0,944d,944d,0000,0,000,944d,944d
688,688,0,7200000000000000,80,0,0,944d,8980,0,0000,944d,0,93eb,0062,1,1,0,0,0000,944d,0000,0000,0000,0000,0,944d,944d,0000,0,000,944d,944d
689,689,0,7200000000000000,80,0,0,944d,8980,0,0000,944d,0,93eb,0062,1,1,0,0,0000,944d,0000,0000,0000,0000,0,944d,944d,0000,0,000,944d,944d
690,690,0,7200000000000000,80,0,0,944d,8980,0,0000,944d,0,93eb,0062,1,1,0,0,0000,944d,0000,0000,0000,0000,0,944d,944d,0000,0,000,944d,944d
691,691,0,7200000000000000,80,0,0,944d,8980,0,0000,944d,0,93eb,0062,1,1,0,0,0000,944d,0000,0000,0000,0000,0,944d,944d,0000,0,000,944d,944d
692,692,0,7200000000000000,80,0,0,944d,8980,0,0000,944d,0,93eb,0062,1,1,0,0,0000,944d,0000,0000,0000,0000,0,944d,944d,0000,0,000,944d,944d
693,693,0,7200000000000000,80,0,0,944d,8980,0,0000,944d,0,93eb,0062,1,1,0,0,0000,944d,0000,0000,0000,0000,0,944d,944d,0000,0,000,944d,944d
694,694,0,7200000000000000,80,0,0,944d,8980,0,0000,944d,0,93eb,0062,1,1,0,0,0000,944d,0000,0000,0000,0000,0,944d,944d,0000,0,000,944d,944d
695,695,0,7200000000000000,80,0,0,944d,8980,0,0000,944d,0,93eb,0062,1,1,0,0,0000,944d,0000,0000,0000,0000,0,944d,944d,0000,0,000,944d,944d
696,696,0,7200000000000000,80,0,0,944d,8980,0,0000,944d,0,93eb,0062,1,1,0,0,0000,944d,0000,0000,0000,0000,0,944d,944d,0000,0,000,944d,944d
697,697,0,7200000000000000,80,0,0,944d,8980,0,0000,944d,0,93eb,0062,1,1,0,0,0000,944d,0000,0000,0000,0000,0,944d,944d,0000,0,000,944d,944d
698,698,0,7200000000000000,80,0,0,944d,8980,0,0000,944d,0,93eb,0062,1,1,0,0,0000,944d,0000,0000,0000,0000,0,944d,944d,0000,0,000,944d,944d
699,699,0,7200000000000000,80,0,0,944d,8980,0,0000,944d,0,93eb,0062,1,1,0,0,0000,944d,0000,0000,0000,0000,0,944d,944d,0000,0,000,944d,944d
700,700,0,7200000000000000,80,0,0,944d,8980,0,0000,944d,0,93eb,0062,1,1,0,0,0000,944d,0000,0000,0000,0000,0,944d,944d,0000,0,000,944d,944d
701,701,0,7200000000000000,80,0,0,944d,8980,0,0000,944d,0,93eb,0062,1,1,0,0,0000,944d,0000,0000,0000,0000,0,944d,944d,0000,0,000,944d,944d
702,702,0,7200000000000000,80,0,0,944d,8980,0,0000,944d,0,93eb,0062,1,1,0,0,0000,944d,0000,0000,0000,0000,0,944d,944d,0000,0,000,944d,944d
703,703,0,7200000000000000,80,0,0,944d,8980,0,0000,944d,0,93eb,0062,1,1,0,0,0000,944d,0000,0000,0000,0000,0,944d,944d,0000,0,000,944d,944d
704,704,0,7200000000000000,80,0,0,944d,8980,0,0000,944d,0,93eb,0062,1,1,0,0,0000,944d,0000,0000,0000,0000,0,944d,944d,0000,0,000,944d,944d
705,705,0,7200000000000000,80,0,0,944d,8980,0,0000,944d,0,93eb,0062,1,1,0,0,0000,944d,0000,0000,0000,0000,0,944d,944d,0000,0,000,944d,944d
706,706,0,7200000000000000,80,0,0,944d,8980,0,0000,944d,0,93eb,0062,1,1,0,0,0000,944d,0000,0000,0000,0000,0,944d,944d,0000,0,000,944d,944d
707,707,0,7200000000000000,80,0,0,944d,8980,0,0000,944d,0,93eb,0062,1,1,0,0,0000,944d,0000,0000,0000,0000,0,944d,944d,0000,0,000,944d,944d
708,708,0,7200000000000000,80,0,0,944d,8980,0,0000,944d,0,93eb,0062,1,1,0,0,0000,944d,0000,0000,0000,0000,0,944d,944d,0000,0,000,944d,944d
709,709,0,7200000000000000,80,0,0,944d,8980,0,0000,944d,0,93eb,0062,1,1,0,0,0000,944d,0000,0000,0000,0000,0,944d,944d,0000,0,000,944d,944d
710,710,0,7200000000000000,80,0,0,944d,8980,0,0000,944d,0,93eb,0062,1,1,0,0,0000,944d,0000,0000,0000,0000,0,944d,944d,0000,0,000,944d,944d
711,711,0,7200000000000000,80,0,0,944d,8980,0,0000,944d,0,93eb,0062,1,1,0,0,0000,944d,0000,0000,0000,0000,0,944d,944d,0000,0,000,944d,944d
712,712,0,7200000000000000,80,0,0,944d,8980,0,0000,944d,0,93eb,0062,1,1,0,0,0000,944d,0000,0000,0000,0000,0,944d,944d,0000,0,000,944d,944d
713,713,0,7200000000000000,80,0,0,944d,8980,0,0000,944d,0,93eb,0062,1,1,0,0,0000,944d,0000,0000,0000,0000,0,944d,944d,0000,0,000,944d,944d
714,714,0,7200000000000000,80,0,0,944d,8980,0,0000,944d,0,93eb,0062,1,1,0,0,0000,944d,0000,0000,0000,0000,0,944d,944d,0000,0,000,944d,944d
715,715,0,7200000000000000,80,0,0,944d,8980,0,0000,944d,0,93eb,0062,1,1,0,0,0000,944d,0000,0000,0000,0000,0,944d,944d,0000,0,000,944d,944d
716,716,0,7200000000000000,80,0,0,944d,8980,0,0000,944d,0,93eb,0062,1,1,0,0,0000,944d,0000,0000,0000,0000,0,944d,944d,0000,0,000,944d,944d
717,717,0,7200000000000000,80,0,0,944d,8980,0,0000,944d,0,93eb,0062,1,1,0,0,0000,944d,0000,0000,0000,0000,0,944d,944d,0000,0,000,944d,944d
718,718,0,7200000000000000,80,0,0,944d,8980,0,0000,944d,0,93eb,0062,1,1,0,0,0000,944d,0000,0000,0000,0000,0,944d,944d,0000,0,000,944d,944d
719,719,0,7200000000000000,80,0,0,944d,8980,0,0000,944d,0,93eb,0062,1,1,0,0,0000,944d,0000,0000,0000,0000,0,944d,944d,0000,0,000,944d,944d
720,720,0,7200000000000000,80,0,0,944d,8980,0,0000,944d,0,93eb,0062,1,1,0,0,0000,944d,0000,0000,0000,0000,0,944d,944d,0000,0,000,944d,944d
721,721,0,7200000000000000,80,0,0,944d,8980,0,0000,944d,0,93eb,0062,1,1,0,0,0000,944d,0000,0000,0000,0000,0,944d,944d,0000,0,000,944d,944d
722,722,0,7200000000000000,80,0,0,944d,8980,0,0000,944d,0,93eb,0062,1,1,0,0,0000,944d,0000,0000,0000,0000,0,944d,944d,0000,0,000,944d,944d
723,723,0,7200000000000000,80,0,0,944d,8980,0,0000,944d,0,93eb,0062,1,1,0,0,0000,944d,0000,0000,0000,0000,0,944d,944d,0000,0,000,944d,944d
724,724,0,7200000000000000,80,0,0,944d,8980,0,0000,944d,0,93eb,0062,1,1,0,0,0000,944d,0000,0000,0000,0000,0,944d,944d,0000,0,000,944d,944d
725,725,0,7200000000000000,80,0,0,944d,8980,0,0000,944d,0,93eb,0062,1,1,0,0,0000,944d,0000,0000,0000,0000,0,944d,944d,0000,0,000,944d,944d
726,726,0,7200000000000000,80,0,0,944d,8980,0,0000,944d,0,93eb,0062,1,1,0,0,0000,944d,0000,0000,0000,0000,0,944d,944d,0000,0,000,944d,944d
727,727,0,7200000000000000,80,0,0,944d,8980,0,0000,944d,0,93eb,0062,1,1,0,0,0000,944d,0000,0000,0000,0000,0,944d,944d,0000,0,000,944d,944d
728,728,0,7200000000000000,80,0,0,944d,8980,0,0000,944d,0,93eb,0062,1,1,0,0,0000,944d,0000,0000,0000,0000,0,944d,944d,0000,0,000,944d,944d
729,729,0,7200000000000000,80,0,0,944d,8980,0,0000,944d,0,93eb,0062,1,1,0,0,0000,944d,0000,0000,0000,0000,0,944d,944d,0000,0,000,944d,944d
730,730,0,7200000000000000,80,0,0,944d,8980,0,0000,944d,0,93eb,0062,1,1,0,0,0000,944d,0000,0000,0000,0000,0,944d,944d,0000,0,000,944d,944d
731,731,0,7200000000000000,80,0,0,944d,8980,0,0000,944d,0,93eb,0062,1,1,0,0,0000,944d,0000,0000,0000,0000,0,944d,944d,0000,0,000,944d,944d
732,732,0,7200000000000000,80,0,0,944d,8980,0,0000,944d,0,93eb,0062,1,1,0,0,0000,944d,0000,0000,0000,0000,0,944d,944d,0000,0,000,944d,944d
733,733,0,7200000000000000,80,0,0,944d,8980,0,0000,944d,0,93eb,0062,1,1,0,0,0000,944d,0000,0000,0000,0000,0,944d,944d,0000,0,000,944d,944d
734,734,0,7200000000000000,80,0,0,944d,8980,0,0000,944d,0,93eb,0062,1,1,0,0,0000,944d,0000,0000,0000,0000,0,944d,944d,0000,0,000,944d,944d
735,735,0,7200000000000000,80,0,0,944d,8980,0,0000,944d,0,93eb,0062,1,1,0,0,0000,944d,0000,0000,0000,0000,0,944d,944d,0000,0,000,944d,944d
736,736,0,7200000000000000,80,0,0,944d,8980,0,0000,944d,0,93eb,0062,1,1,0,0,0000,944d,0000,0000,0000,0000,0,944d,944d,0000,0,000,944d,944d
737,737,0,7200000000000000,80,0,0,944d,8980,0,0000,944d,0,93eb,0062,1,1,0,0,0000,944d,0000,0000,0000,0000,0,944d,944d,0000,0,000,944d,944d
738,738,0,7200000000000000,80,0,0,944d,8980,0,0000,944d,0,93eb,0062,1,1,0,0,0000,944d,0000,0000,0000,0000,0,944d,944d,0000,0,000,944d,944d
739,739,0,7200000000000000,80,0,0,944d,8980,0,0000,944d,0,93eb,0062,1,1,0,0,0000,944d,0000,0000,0000,0000,0,944d,944d,0000,0,000,944d,944d
740,740,0,7200000000000000,80,0,0,944d,8980,0,0000,944d,0,93eb,0062,1,1,0,0,0000,944d,0000,0000,0000,0000,0,944d,944d,0000,0,000,944d,944d
741,741,0,7200000000000000,80,0,0,944d,8980,0,0000,944d,0,93eb,0062,1,1,0,0,0000,944d,0000,0000,0000,0000,0,944d,944d,0000,0,000,944d,944d
742,742,0,7200000000000000,80,0,0,944d,8980,0,0000,944d,0,93eb,0062,1,1,0,0,0000,944d,0000,0000,0000,0000,0,944d,944d,0000,0,000,944d,944d
743,743,0,7200000000000000,80,0,0,944d,8980,0,0000,944d,0,93eb,0062,1,1,0,0,0000,944d,0000,0000,0000,0000,0,944d,944d,0000,0,000,944d,944d
744,744,0,7200000000000000,80,0,0,944d,8980,0,0000,944d,0,93eb,0062,1,1,0,0,0000,944d,0000,0000,0000,0000,0,944d,944d,0000,0,000,944d,944d
745,745,0,7200000000000000,80,0,0,944d,8980,0,0000,944d,0,93eb,0062,1,1,0,0,0000,944d,0000,0000,0000,0000,0,944d,944d,0000,0,000,944d,944d
746,746,0,7200000000000000,80,0,0,944d,8980,0,0000,944d,0,93eb,0062,1,1,0,0,0000,944d,0000,0000,0000,0000,0,944d,944d,0000,0,000,944d,944d
747,747,0,7200000000000000,80,0,0,944d,8980,0,0000,944d,0,93eb,0062,1,1,0,0,0000,944d,0000,0000,0000,0000,0,944d,944d,0000,0,000,944d,944d
748,748,0,7200000000000000,80,0,0,944d,8980,0,0000,944d,0,93eb,0062,1,1,0,0,0000,944d,0000,0000,0000,0000,0,944d,944d,0000,0,000,944d,944d
749,749,0,7200000000000000,80,0,0,944d,8980,0,0000,944d,0,93eb,0062,1,1,0,0,0000,944d,0000,0000,0000,0000,0,944d,944d,0000,0,000,944d,944d
750,750,0,7200000000000000,80,0,0,944d,8980,0,0000,944d,0,93eb,0062,1,1,0,0,0000,944d,0000,0000,0000,0000,0,944d,944d,0000,0,000,944d,944d
751,751,0,7200000000000000,80,0,0,944d,8980,0,0000,944d,0,93eb,0062,1,1,0,0,0000,944d,0000,0000,0000,0000,0,944d,944d,0000,0,000,944d,944d
752,752,0,7200000000000000,80,0,0,944d,8980,0,0000,944d,0,93eb,0062,1,1,0,0,0000,944d,0000,0000,0000,0000,0,944d,944d,0000,0,000,944d,944d
753,753,0,7200000000000000,80,0,0,944d,8980,0,0000,944d,0,93eb,0062,1,1,0,0,0000,944d,0000,0000,0000,0000,0,944d,944d,0000,0,000,944d,944d
754,754,0,7200000000000000,80,0,0,944d,8980,0,0000,944d,0,93eb,0062,1,1,0,0,0000,944d,0000,0000,0000,0000,0,944d,944d,0000,0,000,944d,944d
755,755,0,7200000000000000,80,0,0,944d,8980,0,0000,944d,0,93eb,0062,1,1,0,0,0000,944d,0000,0000,0000,0000,0,944d,944d,0000,0,000,944d,944d
756,756,0,7200000000000000,80,0,0,944d,8980,0,0000,944d,0,93eb,0062,1,1,0,0,0000,944d,0000,0000,0000,0000,0,944d,944d,0000,0,000,944d,944d
757,757,0,7200000000000000,80,0,0,944d,8980,0,0000,944d,0,93eb,0062,1,1,0,0,0000,944d,0000,0000,0000,0000,0,944d,944d,0000,0,000,944d,944d
758,758,0,7200000000000000,80,0,0,944d,8980,0,0000,944d,0,93eb,0062,1,1,0,0,0000,944d,0000,0000,0000,0000,0,944d,944d,0000,0,000,944d,944d
759,759,0,7200000000000000,80,0,0,944d,8980,0,0000,944d,0,93eb,0062,1,1,0,0,0000,944d,0000,0000,0000,0000,0,944d,944d,0000,0,000,944d,944d
760,760,0,7200000000000000,80,0,0,944d,8980,0,0000,944d,0,93eb,0062,1,1,0,0,0000,944d,0000,0000,0000,0000,0,944d,944d,0000,0,000,944d,944d
761,761,0,7200000000000000,80,0,0,944d,8980,0,0000,944d,0,93eb,0062,1,1,0,0,0000,944d,0000,0000,0000,0000,0,944d,944d,0000,0,000,944d,944d
762,762,0,7200000000000000,80,0,0,944d,8980,0,0000,944d,0,93eb,0062,1,1,0,0,0000,944d,0000,0000,0000,0000,0,944d,944d,0000,0,000,944d,944d
763,763,0,7200000000000000,80,0,0,944d,8980,0,0000,944d,0,93eb,0062,1,1,0,0,0000,944d,0000,0000,0000,0000,0,944d,944d,0000,0,000,944d,944d
764,764,0,7200000000000000,80,0,0,944d,8980,0,0000,944d,0,93eb,0062,1,1,0,0,0000,944d,0000,0000,0000,0000,0,944d,944d,0000,0,000,944d,944d
765,765,0,7200000000000000,80,0,0,944d,8980,0,0000,944d,0,93eb,0062,1,1,0,0,0000,944d,0000,0000,0000,0000,0,944d,944d,0000,0,000,944d,944d
766,766,0,7200000000000000,80,0,0,944d,8980,0,0000,944d,0,93eb,0062,1,1,0,0,0000,944d,0000,0000,0000,0000,0,944d,944d,0000,0,000,944d,944d
767,767,0,7200000000000000,80,0,0,944d,8980,0,0000,944d,0,93eb,0062,1,1,0,0,0000,944d,0000,0000,0000,0000,0,944d,944d,0000,0,000,944d,944d
768,768,0,7200000000000000,80,0,0,944d,8980,0,0000,944d,0,93eb,0062,1,1,0,0,0000,944d,0000,0000,0000,0000,0,944d,944d,0000,0,000,944d,944d
769,769,0,7200000000000000,80,0,0,944d,8980,0,0000,944d,0,93eb,0062,1,1,0,0,0000,944d,0000,0000,0000,0000,0,944d,944d,0000,0,000,944d,944d
770,770,0,7200000000000000,80,0,0,944d,8980,0,0000,944d,0,93eb,0062,1,1,0,0,0000,944d,0000,0000,0000,0000,0,944d,944d,0000,0,000,944d,944d
771,771,0,7200000000000000,80,0,0,944d,8980,0,0000,944d,0,93eb,0062,1,1,0,0,0000,944d,0000,0000,0000,0000,0,944d,944d,0000,0,000,944d,944d
772,772,0,7200000000000000,80,0,0,944d,8980,0,0000,944d,0,93eb,0062,1,1,0,0,0000,944d,0000,0000,0000,0000,0,944d,944d,0000,0,000,944d,944d
773,773,0,7200000000000000,80,0,0,944d,8980,0,0000,944d,0,93eb,0062,1,1,0,0,0000,944d,0000,0000,0000,0000,0,944d,944d,0000,0,000,944d,944d
774,774,0,7200000000000000,80,0,0,944d,8980,0,0000,944d,0,93eb,0062,1,1,0,0,0000,944d,0000,0000,0000,0000,0,944d,944d,0000,0,000,944d,944d
775,775,0,7200000000000000,80,0,0,944d,8980,0,0000,944d,0,93eb,0062,1,1,0,0,0000,944d,0000,0000,0000,0000,0,944d,944d,0000,0,000,944d,944d
776,776,0,7200000000000000,80,0,0,944d,8980,0,0000,944d,0,93eb,0062,1,1,0,0,0000,944d,0000,0000,0000,0000,0,944d,944d,0000,0,000,944d,944d
777,777,0,7200000000000000,80,0,0,944d,8980,0,0000,944d,0,93eb,0062,1,1,0,0,0000,944d,0000,0000,0000,0000,0,944d,944d,0000,0,000,944d,944d
778,778,0,7200000000000000,80,0,0,944d,8980,0,0000,944d,0,93eb,0062,1,1,0,0,0000,944d,0000,0000,0000,0000,0,944d,944d,0000,0,000,944d,944d
779,779,0,7200000000000000,80,0,0,944d,8980,0,0000,944d,0,93eb,0062,1,1,0,0,0000,944d,0000,0000,0000,0000,0,944d,944d,0000,0,000,944d,944d
780,780,0,7200000000000000,80,0,0,944d,8980,0,0000,944d,0,93eb,0062,1,1,0,0,0000,944d,0000,0000,0000,0000,0,944d,944d,0000,0,000,944d,944d
781,781,0,7200000000000000,80,0,0,944d,8980,0,0000,944d,0,93eb,0062,1,1,0,0,0000,944d,0000,0000,0000,0000,0,944d,944d,0000,0,000,944d,944d
782,782,0,7200000000000000,80,0,0,944d,8980,0,0000,944d,0,93eb,0062,1,1,0,0,0000,944d,0000,0000,0000,0000,0,944d,944d,0000,0,000,944d,944d
783,783,0,7200000000000000,80,0,0,944d,8980,0,0000,944d,0,93eb,0062,1,1,0,0,0000,944d,0000,0000,0000,0000,0,944d,944d,0000,0,000,944d,944d
784,784,0,7200000000000000,80,0,0,944d,8980,0,0000,944d,0,93eb,0062,1,1,0,0,0000,944d,0000,0000,0000,0000,0,944d,944d,0000,0,000,944d,944d
785,785,0,7200000000000000,80,0,0,944d,8980,0,0000,944d,0,93eb,0062,1,1,0,0,0000,944d,0000,0000,0000,0000,0,944d,944d,0000,0,000,944d,944d
786,786,0,7200000000000000,80,0,0,944d,8980,0,0000,944d,0,93eb,0062,1,1,0,0,0000,944d,0000,0000,0000,0000,0,944d,944d,0000,0,000,944d,944d
787,787,0,7200000000000000,80,0,0,944d,8980,0,0000,944d,0,93eb,0062,1,1,0,0,0000,944d,0000,0000,0000,0000,0,944d,944d,0000,0,000,944d,944d
788,788,0,7200000000000000,80,0,0,944d,8980,0,0000,944d,0,93eb,0062,1,1,0,0,0000,944d,0000,0000,0000,0000,0,944d,944d,0000,0,000,944d,944d
789,789,0,7200000000000000,80,0,0,944d,8980,0,0000,944d,0,93eb,0062,1,1,0,0,0000,944d,0000,0000,0000,0000,0,944d,944d,0000,0,000,944d,944d
790,790,0,7200000000000000,80,0,0,944d,8980,0,0000,944d,0,93eb,0062,1,1,0,0,0000,944d,0000,0000,0000,0000,0,944d,944d,0000,0,000,944d,944d
791,791,0,7200000000000000,80,0,0,944d,8980,0,0000,944d,0,93eb,0062,1,1,0,0,0000,944d,0000,0000,0000,0000,0,944d,944d,0000,0,000,944d,944d
792,792,0,7200000000000000,80,0,0,944d,8980,0,0000,944d,0,93eb,0062,1,1,0,0,0000,944d,0000,0000,0000,0000,0,944d,944d,0000,0,000,944d,944d
793,793,0,7200000000000000,80,0,0,944d,8980,0,0000,944d,0,93eb,0062,1,1,0,0,0000,944d,0000,0000,0000,0000,0,944d,944d,0000,0,000,944d,944d
794,794,0,7200000000000000,80,0,0,944d,8980,0,0000,944d,0,93eb,0062,1,1,0,0,0000,944d,0000,0000,0000,0000,0,944d,944d,0000,0,000,944d,944d
795,795,0,7200000000000000,80,0,0,944d,8980,0,0000,944d,0,93eb,0062,1,1,0,0,0000,944d,0000,0000,0000,0000,0,944d,944d,0000,0,000,944d,944d
796,796,0,7200000000000000,80,0,0,944d,8980,0,0000,944d,0,93eb,0062,1,1,0,0,0000,944d,0000,0000,0000,0000,0,944d,944d,0000,0,000,944d,944d
797,797,0,7200000000000000,80,0,0,944d,8980,0,0000,944d,0,93eb,0062,1,1,0,0,0000,944d,0000,0000,0000,0000,0,944d,944d,0000,0,000,944d,944d
798,798,0,7200000000000000,80,0,0,944d,8980,0,0000,944d,0,93eb,0062,1,1,0,0,0000,944d,0000,0000,0000,0000,0,944d,944d,0000,0,000,944d,944d
799,799,0,7200000000000000,80,0,0,944d,8980,0,0000,944d,0,93eb,0062,1,1,0,0,0000,944d,0000,0000,0000,0000,0,944d,944d,0000,0,000,944d,944d
800,800,0,7200000000000000,80,0,0,944d,8980,0,0000,944d,0,93eb,0062,1,1,0,0,0000,944d,0000,0000,0000,0000,0,944d,944d,0000,0,000,944d,944d
801,801,0,7200000000000000,80,0,0,944d,8980,0,0000,944d,0,93eb,0062,1,1,0,0,0000,944d,0000,0000,0000,0000,0,944d,944d,0000,0,000,944d,944d
802,802,0,7200000000000000,80,0,0,944d,8980,0,0000,944d,0,93eb,0062,1,1,0,0,0000,944d,0000,0000,0000,0000,0,944d,944d,0000,0,000,944d,944d
803,803,0,7200000000000000,80,0,0,944d,8980,0,0000,944d,0,93eb,0062,1,1,0,0,0000,944d,0000,0000,0000,0000,0,944d,944d,0000,0,000,944d,944d
804,804,0,7200000000000000,80,0,0,944d,8980,0,0000,944d,0,93eb,0062,1,1,0,0,0000,944d,0000,0000,0000,0000,0,944d,944d,0000,0,000,944d,944d
805,805,0,7200000000000000,80,0,0,944d,8980,0,0000,944d,0,93eb,0062,1,1,0,0,0000,944d,0000,0000,0000,0000,0,944d,944d,0000,0,000,944d,944d
806,806,0,7200000000000000,80,0,0,944d,8980,0,0000,944d,0,93eb,0062,1,1,0,0,0000,944d,0000,0000,0000,0000,0,944d,944d,0000,0,000,944d,944d
807,807,0,7200000000000000,80,0,0,944d,8980,0,0000,944d,0,93eb,0062,1,1,0,0,0000,944d,0000,0000,0000,0000,0,944d,944d,0000,0,000,944d,944d
808,808,0,7200000000000000,80,0,0,944d,8980,0,0000,944d,0,93eb,0062,1,1,0,0,0000,944d,0000,0000,0000,0000,0,944d,944d,0000,0,000,944d,944d
809,809,0,7200000000000000,80,0,0,944d,8980,0,0000,944d,0,93eb,0062,1,1,0,0,0000,944d,0000,0000,0000,0000,0,944d,944d,0000,0,000,944d,944d
810,810,0,7200000000000000,80,0,0,944d,8980,0,0000,944d,0,93eb,0062,1,1,0,0,0000,944d,0000,0000,0000,0000,0,944d,944d,0000,0,000,944d,944d
811,811,0,7200000000000000,80,0,0,944d,8980,0,0000,944d,0,93eb,0062,1,1,0,0,0000,944d,0000,0000,0000,0000,0,944d,944d,0000,0,000,944d,944d
812,812,0,7200000000000000,80,0,0,944d,8980,0,0000,944d,0,93eb,0062,1,1,0,0,0000,944d,0000,0000,0000,0000,0,944d,944d,0000,0,000,944d,944d
813,813,0,7200000000000000,80,0,0,944d,8980,0,0000,944d,0,93eb,0062,1,1,0,0,0000,944d,0000,0000,0000,0000,0,944d,944d,0000,0,000,944d,944d
814,814,0,7200000000000000,80,0,0,944d,8980,0,0000,944d,0,93eb,0062,1,1,0,0,0000,944d,0000,0000,0000,0000,0,944d,944d,0000,0,000,944d,944d
815,815,0,7200000000000000,80,0,0,944d,8980,0,0000,944d,0,93eb,0062,1,1,0,0,0000,944d,0000,0000,0000,0000,0,944d,944d,0000,0,000,944d,944d
816,816,0,7200000000000000,80,0,0,944d,8980,0,0000,944d,0,93eb,0062,1,1,0,0,0000,944d,0000,0000,0000,0000,0,944d,944d,0000,0,000,944d,944d
817,817,0,7200000000000000,80,0,0,944d,8980,0,0000,944d,0,93eb,0062,1,1,0,0,0000,944d,0000,0000,0000,0000,0,944d,944d,0000,0,000,944d,944d
818,818,0,7200000000000000,80,0,0,944d,8980,0,0000,944d,0,93eb,0062,1,1,0,0,0000,944d,0000,0000,0000,0000,0,944d,944d,0000,0,000,944d,944d
819,819,0,7200000000000000,80,0,0,944d,8980,0,0000,944d,0,93eb,0062,1,1,0,0,0000,944d,0000,0000,0000,0000,0,944d,944d,0000,0,000,944d,944d
820,820,0,7200000000000000,80,0,0,944d,8980,0,0000,944d,0,93eb,0062,1,1,0,0,0000,944d,0000,0000,0000,0000,0,944d,944d,0000,0,000,944d,944d
821,821,0,7200000000000000,80,0,0,944d,8980,0,0000,944d,0,93eb,0062,1,1,0,0,0000,944d,0000,0000,0000,0000,0,944d,944d,0000,0,000,944d,944d
822,822,0,7200000000000000,80,0,0,944d,8980,0,0000,944d,0,93eb,0062,1,1,0,0,0000,944d,0000,0000,0000,0000,0,944d,944d,0000,0,000,944d,944d
823,823,0,7200000000000000,80,0,0,944d,8980,0,0000,944d,0,93eb,0062,1,1,0,0,0000,944d,0000,0000,0000,0000,0,944d,944d,0000,0,000,944d,944d
824,824,0,7200000000000000,80,0,0,944d,8980,0,0000,944d,0,93eb,0062,1,1,0,0,0000,944d,0000,0000,0000,0000,0,944d,944d,0000,0,000,944d,944d
825,825,0,7200000000000000,80,0,0,944d,8980,0,0000,944d,0,93eb,0062,1,1,0,0,0000,944d,0000,0000,0000,0000,0,944d,944d,0000,0,000,944d,944d
826,826,0,7200000000000000,80,0,0,944d,8980,0,0000,944d,0,93eb,0062,1,1,0,0,0000,944d,0000,0000,0000,0000,0,944d,944d,0000,0,000,944d,944d
827,827,0,7200000000000000,80,0,0,944d,8980,0,0000,944d,0,93eb,0062,1,1,0,0,0000,944d,0000,0000,0000,0000,0,944d,944d,0000,0,000,944d,944d
828,828,0,7200000000000000,80,0,0,944d,8980,0,0000,944d,0,93eb,0062,1,1,0,0,0000,944d,0000,0000,0000,0000,0,944d,944d,0000,0,000,944d,944d
829,829,0,7200000000000000,80,0,0,944d,8980,0,0000,944d,0,93eb,0062,1,1,0,0,0000,944d,0000,0000,0000,0000,0,944d,944d,0000,0,000,944d,944d
830,830,0,7200000000000000,80,0,0,944d,8980,0,0000,944d,0,93eb,0062,1,1,0,0,0000,944d,0000,0000,0000,0000,0,944d,944d,0000,0,000,944d,944d
831,831,0,7200000000000000,80,0,0,944d,8980,0,0000,944d,0,93eb,0062,1,1,0,0,0000,944d,0000,0000,0000,0000,0,944d,944d,0000,0,000,944d,944d
832,832,0,7200000000000000,80,0,0,944d,8980,0,0000,944d,0,93eb,0062,1,1,0,0,0000,944d,0000,0000,0000,0000,0,944d,944d,0000,0,000,944d,944d
833,833,0,7200000000000000,80,0,0,944d,8980,0,0000,944d,0,93eb,0062,1,1,0,0,0000,944d,0000,0000,0000,0000,0,944d,944d,0000,0,000,944d,944d
834,834,0,7200000000000000,80,0,0,944d,8980,0,0000,944d,0,93eb,0062,1,1,0,0,0000,944d,0000,0000,0000,0000,0,944d,944d,0000,0,000,944d,944d
835,835,0,7200000000000000,80,0,0,944d,8980,0,0000,944d,0,93eb,0062,1,1,0,0,0000,944d,0000,0000,0000,0000,0,944d,944d,0000,0,000,944d,944d
836,836,0,7200000000000000,80,0,0,944d,8980,0,0000,944d,0,93eb,0062,1,1,0,0,0000,944d,0000,0000,0000,0000,0,944d,944d,0000,0,000,944d,944d
837,837,0,7200000000000000,80,0,0,944d,8980,0,0000,944d,0,93eb,0062,1,1,0,0,0000,944d,0000,0000,0000,0000,0,944d,944d,0000,0,000,944d,944d
838,838,0,7200000000000000,80,0,0,944d,8980,0,0000,944d,0,93eb,0062,1,1,0,0,0000,944d,0000,0000,0000,0000,0,944d,944d,0000,0,000,944d,944d
839,839,0,7200000000000000,80,0,0,944d,8980,0,0000,944d,0,93eb,0062,1,1,0,0,0000,944d,0000,0000,0000,0000,0,944d,944d,0000,0,000,944d,944d
840,840,0,7200000000000000,80,0,0,944d,8980,0,0000,944d,0,93eb,0062,1,1,0,0,0000,944d,0000,0000,0000,0000,0,944d,944d,0000,0,000,944d,944d
841,841,0,7200000000000000,80,0,0,944d,8980,0,0000,944d,0,93eb,0062,1,1,0,0,0000,944d,0000,0000,0000,0000,0,944d,944d,0000,0,000,944d,944d
842,842,0,7200000000000000,80,0,0,944d,8980,0,0000,944d,0,93eb,0062,1,1,0,0,0000,944d,0000,0000,0000,0000,0,944d,944d,0000,0,000,944d,944d
843,843,0,7200000000000000,80,0,0,944d,8980,0,0000,944d,0,93eb,0062,1,1,0,0,0000,944d,0000,0000,0000,0000,0,944d,944d,0000,0,000,944d,944d
844,844,0,7200000000000000,80,0,0,944d,8980,0,0000,944d,0,93eb,0062,1,1,0,0,0000,944d,0000,0000,0000,0000,0,944d,944d,0000,0,000,944d,944d
845,845,0,7200000000000000,80,0,0,944d,8980,0,0000,944d,0,93eb,0062,1,1,0,0,0000,944d,0000,0000,0000,0000,0,944d,944d,0000,0,000,944d,944d
846,846,0,7200000000000000,80,0,0,944d,8980,0,0000,944d,0,93eb,0062,1,1,0,0,0000,944d,0000,0000,0000,0000,0,944d,944d,0000,0,000,944d,944d
847,847,0,7200000000000000,80,0,0,944d,8980,0,0000,944d,0,93eb,0062,1,1,0,0,0000,944d,0000,0000,0000,0000,0,944d,944d,0000,0,000,944d,944d
848,848,0,7200000000000000,80,0,0,944d,8980,0,0000,944d,0,93eb,0062,1,1,0,0,0000,944d,0000,0000,0000,0000,0,944d,944d,0000,0,000,944d,944d
849,849,0,7200000000000000,80,0,0,944d,8980,0,0000,944d,0,93eb,0062,1,1,0,0,0000,944d,0000,0000,0000,0000,0,944d,944d,0000,0,000,944d,944d
850,850,0,7200000000000000,80,0,0,944d,8980,0,0000,944d,0,93eb,0062,1,1,0,0,0000,944d,0000,0000,0000,0000,0,944d,944d,0000,0,000,944d,944d
851,851,0,7200000000000000,80,0,0,944d,8980,0,0000,944d,0,93eb,0062,1,1,0,0,0000,944d,0000,0000,0000,0000,0,944d,944d,0000,0,000,944d,944d
852,852,0,7200000000000000,80,0,0,944d,8980,0,0000,944d,0,93eb,0062,1,1,0,0,0000,944d,0000,0000,0000,0000,0,944d,944d,0000,0,000,944d,944d
853,853,0,7200000000000000,80,0,0,944d,8980,0,0000,944d,0,93eb,0062,1,1,0,0,0000,944d,0000,0000,0000,0000,0,944d,944d,0000,0,000,944d,944d
854,854,0,7200000000000000,80,0,0,944d,8980,0,0000,944d,0,93eb,0062,1,1,0,0,0000,944d,0000,0000,0000,0000,0,944d,944d,0000,0,000,944d,944d
855,855,0,7200000000000000,80,0,0,944d,8980,0,0000,944d,0,93eb,0062,1,1,0,0,0000,944d,0000,0000,0000,0000,0,944d,944d,0000,0,000,944d,944d
856,856,0,7200000000000000,80,0,0,944d,8980,0,0000,944d,0,93eb,0062,1,1,0,0,0000,944d,0000,0000,0000,0000,0,944d,944d,0000,0,000,944d,944d
857,857,0,7200000000000000,80,0,0,944d,8980,0,0000,944d,0,93eb,0062,1,1,0,0,0000,944d,0000,0000,0000,0000,0,944d,944d,0000,0,000,944d,944d
858,858,0,7200000000000000,80,0,0,944d,8980,0,0000,944d,0,93eb,0062,1,1,0,0,0000,944d,0000,0000,0000,0000,0,944d,944d,0000,0,000,944d,944d
859,859,0,7200000000000000,80,0,0,944d,8980,0,0000,944d,0,93eb,0062,1,1,0,0,0000,944d,0000,0000,0000,0000,0,944d,944d,0000,0,000,944d,944d
860,860,0,7200000000000000,80,0,0,944d,8980,0,0000,944d,0,93eb,0062,1,1,0,0,0000,944d,0000,0000,0000,0000,0,944d,944d,0000,0,000,944d,944d
861,861,0,7200000000000000,80,0,0,944d,8980,0,0000,944d,0,93eb,0062,1,1,0,0,0000,944d,0000,0000,0000,0000,0,944d,944d,0000,0,000,944d,944d
862,862,0,7200000000000000,80,0,0,944d,8980,0,0000,944d,0,93eb,0062,1,1,0,0,0000,944d,0000,0000,0000,0000,0,944d,944d,0000,0,000,944d,944d
863,863,0,7200000000000000,80,0,0,944d,8980,0,0000,944d,0,93eb,0062,1,1,0,0,0000,944d,0000,0000,0000,0000,0,944d,944d,0000,0,000,944d,944d
864,864,0,7200000000000000,80,0,0,944d,8980,0,0000,944d,0,93eb,0062,1,1,0,0,0000,944d,0000,0000,0000,0000,0,944d,944d,0000,0,000,944d,944d
865,865,0,7200000000000000,80,0,0,944d,8980,0,0000,944d,0,93eb,0062,1,1,0,0,0000,944d,0000,0000,0000,0000,0,944d,944d,0000,0,000,944d,944d
866,866,0,7200000000000000,80,0,0,944d,8980,0,0000,944d,0,93eb,0062,1,1,0,0,0000,944d,0000,0000,0000,0000,0,944d,944d,0000,0,000,944d,944d
867,867,0,7200000000000000,80,0,0,944d,8980,0,0000,944d,0,93eb,0062,1,1,0,0,0000,944d,0000,0000,0000,0000,0,944d,944d,0000,0,000,944d,944d
868,868,0,7200000000000000,80,0,0,944d,8980,0,0000,944d,0,93eb,0062,1,1,0,0,0000,944d,0000,0000,0000,0000,0,944d,944d,0000,0,000,944d,944d
869,869,0,7200000000000000,80,0,0,944d,8980,0,0000,944d,0,93eb,0062,1,1,0,0,0000,944d,0000,0000,0000,0000,0,944d,944d,0000,0,000,944d,944d
870,870,0,7200000000000000,80,0,0,944d,8980,0,0000,944d,0,93eb,0062,1,1,0,0,0000,944d,0000,0000,0000,0000,0,944d,944d,0000,0,000,944d,944d
871,871,0,7200000000000000,80,0,0,944d,8980,0,0000,944d,0,93eb,0062,1,1,0,0,0000,944d,0000,0000,0000,0000,0,944d,944d,0000,0,000,944d,944d
872,872,0,7200000000000000,80,0,0,944d,8980,0,0000,944d,0,93eb,0062,1,1,0,0,0000,944d,0000,0000,0000,0000,0,944d,944d,0000,0,000,944d,944d
873,873,0,7200000000000000,80,0,0,944d,8980,0,0000,944d,0,93eb,0062,1,1,0,0,0000,944d,0000,0000,0000,0000,0,944d,944d,0000,0,000,944d,944d
874,874,0,7200000000000000,80,0,0,944d,8980,0,0000,944d,0,93eb,0062,1,1,0,0,0000,944d,0000,0000,0000,0000,0,944d,944d,0000,0,000,944d,944d
875,875,0,7200000000000000,80,0,0,944d,8980,0,0000,944d,0,93eb,0062,1,1,0,0,0000,944d,0000,0000,0000,0000,0,944d,944d,0000,0,000,944d,944d
876,876,0,7200000000000000,80,0,0,944d,8980,0,0000,944d,0,93eb,0062,1,1,0,0,0000,944d,0000,0000,0000,0000,0,944d,944d,0000,0,000,944d,944d
877,877,0,7200000000000000,80,0,0,944d,8980,0,0000,944d,0,93eb,0062,1,1,0,0,0000,944d,0000,0000,0000,0000,0,944d,944d,0000,0,000,944d,944d
878,878,0,7200000000000000,80,0,0,944d,8980,0,0000,944d,0,93eb,0062,1,1,0,0,0000,944d,0000,0000,0000,0000,0,944d,944d,0000,0,000,944d,944d
879,879,0,7200000000000000,80,0,0,944d,8980,0,0000,944d,0,93eb,0062,1,1,0,0,0000,944d,0000,0000,0000,0000,0,944d,944d,0000,0,000,944d,944d
880,880,0,7200000000000000,80,0,0,944d,8980,0,0000,944d,0,93eb,0062,1,1,0,0,0000,944d,0000,0000,0000,0000,0,944d,944d,0000,0,000,944d,944d
881,881,0,7200000000000000,80,0,0,944d,8980,0,0000,944d,0,93eb,0062,1,1,0,0,0000,944d,0000,0000,0000,0000,0,944d,944d,0000,0,000,944d,944d
882,882,0,7200000000000000,80,0,0,944d,8980,0,0000,944d,0,93eb,0062,1,1,0,0,0000,944d,0000,0000,0000,0000,0,944d,944d,0000,0,000,944d,944d
883,883,0,7200000000000000,80,0,0,944d,8980,0,0000,944d,0,93eb,0062,1,1,0,0,0000,944d,0000,0000,0000,0000,0,944d,944d,0000,0,000,944d,944d
884,884,0,7200000000000000,80,0,0,944d,8980,0,0000,944d,0,93eb,0062,1,1,0,0,0000,944d,0000,0000,0000,0000,0,944d,944d,0000,0,000,944d,944d
885,885,0,7200000000000000,80,0,0,944d,8980,0,0000,944d,0,93eb,0062,1,1,0,0,0000,944d,0000,0000,0000,0000,0,944d,944d,0000,0,000,944d,944d
886,886,0,7200000000000000,80,0,0,944d,8980,0,0000,944d,0,93eb,0062,1,1,0,0,0000,944d,0000,0000,0000,0000,0,944d,944d,0000,0,000,944d,944d
887,887,0,7200000000000000,80,0,0,944d,8980,0,0000,944d,0,93eb,0062,1,1,0,0,0000,944d,0000,0000,0000,0000,0,944d,944d,0000,0,000,944d,944d
888,888,0,7200000000000000,80,0,0,944d,8980,0,0000,944d,0,93eb,0062,1,1,0,0,0000,944d,0000,0000,0000,0000,0,944d,944d,0000,0,000,944d,944d
889,889,0,7200000000000000,80,0,0,944d,8980,0,0000,944d,0,93eb,0062,1,1,0,0,0000,944d,0000,0000,0000,0000,0,944d,944d,0000,0,000,944d,944d
890,890,0,7200000000000000,80,0,0,944d,8980,0,0000,944d,0,93eb,0062,1,1,0,0,0000,944d,0000,0000,0000,0000,0,944d,944d,0000,0,000,944d,944d
891,891,0,7200000000000000,80,0,0,944d,8980,0,0000,944d,0,93eb,0062,1,1,0,0,0000,944d,0000,0000,0000,0000,0,944d,944d,0000,0,000,944d,944d
892,892,0,7200000000000000,80,0,0,944d,8980,0,0000,944d,0,93eb,0062,1,1,0,0,0000,944d,0000,0000,0000,0000,0,944d,944d,0000,0,000,944d,944d
893,893,0,7200000000000000,80,0,0,944d,8980,0,0000,944d,0,93eb,0062,1,1,0,0,0000,944d,0000,0000,0000,0000,0,944d,944d,0000,0,000,944d,944d
894,894,0,7200000000000000,80,0,0,944d,8980,0,0000,944d,0,93eb,0062,1,1,0,0,0000,944d,0000,0000,0000,0000,0,944d,944d,0000,0,000,944d,944d
895,895,0,7200000000000000,80,0,0,944d,8980,0,0000,944d,0,93eb,0062,1,1,0,0,0000,944d,0000,0000,0000,0000,0,944d,944d,0000,0,000,944d,944d
896,896,0,7200000000000000,80,0,0,944d,8980,0,0000,944d,0,93eb,0062,1,1,0,0,0000,944d,0000,0000,0000,0000,0,944d,944d,0000,0,000,944d,944d
897,897,0,7200000000000000,80,0,0,944d,8980,0,0000,944d,0,93eb,0062,1,1,0,0,0000,944d,0000,0000,0000,0000,0,944d,944d,0000,0,000,944d,944d
898,898,0,7200000000000000,80,0,0,944d,8980,0,0000,944d,0,93eb,0062,1,1,0,0,0000,944d,0000,0000,0000,0000,0,944d,944d,0000,0,000,944d,944d
899,899,0,7200000000000000,80,0,0,944d,8980,0,0000,944d,0,93eb,0062,1,1,0,0,0000,944d,0000,0000,0000,0000,0,944d,944d,0000,0,000,944d,944d
900,900,0,7200000000000000,80,0,0,944d,8980,0,0000,944d,0,93eb,0062,1,1,0,0,0000,944d,0000,0000,0000,0000,0,944d,944d,0000,0,000,944d,944d
901,901,0,7200000000000000,80,0,0,944d,8980,0,0000,944d,0,93eb,0062,1,1,0,0,0000,944d,0000,0000,0000,0000,0,944d,944d,0000,0,000,944d,944d
902,902,0,7200000000000000,80,0,0,944d,8980,0,0000,944d,0,93eb,0062,1,1,0,0,0000,944d,0000,0000,0000,0000,0,944d,944d,0000,0,000,944d,944d
903,903,0,7200000000000000,80,0,0,944d,8980,0,0000,944d,0,93eb,0062,1,1,0,0,0000,944d,0000,0000,0000,0000,0,944d,944d,0000,0,000,944d,944d
904,904,0,7200000000000000,80,0,0,944d,8980,0,0000,944d,0,93eb,0062,1,1,0,0,0000,944d,0000,0000,0000,0000,0,944d,944d,0000,0,000,944d,944d
905,905,0,7200000000000000,80,0,0,944d,8980,0,0000,944d,0,93eb,0062,1,1,0,0,0000,944d,0000,0000,0000,0000,0,944d,944d,0000,0,000,944d,944d
906,906,0,7200000000000000,80,0,0,944d,8980,0,0000,944d,0,93eb,0062,1,1,0,0,0000,944d,0000,0000,0000,0000,0,944d,944d,0000,0,000,944d,944d
907,907,0,7200000000000000,80,0,0,944d,8980,0,0000,944d,0,93eb,0062,1,1,0,0,0000,944d,0000,0000,0000,0000,0,944d,944d,0000,0,000,944d,944d
908,908,0,7200000000000000,80,0,0,944d,8980,0,0000,944d,0,93eb,0062,1,1,0,0,0000,944d,0000,0000,0000,0000,0,944d,944d,0000,0,000,944d,944d
909,909,0,7200000000000000,80,0,0,944d,8980,0,0000,944d,0,93eb,0062,1,1,0,0,0000,944d,0000,0000,0000,0000,0,944d,944d,0000,0,000,944d,944d
910,910,0,7200000000000000,80,0,0,944d,8980,0,0000,944d,0,93eb,0062,1,1,0,0,0000,944d,0000,0000,0000,0000,0,944d,944d,0000,0,000,944d,944d
911,911,0,7200000000000000,80,0,0,944d,8980,0,0000,944d,0,93eb,0062,1,1,0,0,0000,944d,0000,0000,0000,0000,0,944d,944d,0000,0,000,944d,944d
912,912,0,7200000000000000,80,0,0,944d,8980,0,0000,944d,0,93eb,0062,1,1,0,0,0000,944d,0000,0000,0000,0000,0,944d,944d,0000,0,000,944d,944d
913,913,0,7200000000000000,80,0,0,944d,8980,0,0000,944d,0,93eb,0062,1,1,0,0,0000,944d,0000,0000,0000,0000,0,944d,944d,0000,0,000,944d,944d
914,914,0,7200000000000000,80,0,0,944d,8980,0,0000,944d,0,93eb,0062,1,1,0,0,0000,944d,0000,0000,0000,0000,0,944d,944d,0000,0,000,944d,944d
915,915,0,7200000000000000,80,0,0,944d,8980,0,0000,944d,0,93eb,0062,1,1,0,0,0000,944d,0000,0000,0000,0000,0,944d,944d,0000,0,000,944d,944d
916,916,0,7200000000000000,80,0,0,944d,8980,0,0000,944d,0,93eb,0062,1,1,0,0,0000,944d,0000,0000,0000,0000,0,944d,944d,0000,0,000,944d,944d
917,917,0,7200000000000000,80,0,0,944d,8980,0,0000,944d,0,93eb,0062,1,1,0,0,0000,944d,0000,0000,0000,0000,0,944d,944d,0000,0,000,944d,944d
918,918,0,7200000000000000,80,0,0,944d,8980,0,0000,944d,0,93eb,0062,1,1,0,0,0000,944d,0000,0000,0000,0000,0,944d,944d,0000,0,000,944d,944d
919,919,0,7200000000000000,80,0,0,944d,8980,0,0000,944d,0,93eb,0062,1,1,0,0,0000,944d,0000,0000,0000,0000,0,944d,944d,0000,0,000,944d,944d
920,920,0,7200000000000000,80,0,0,944d,8980,0,0000,944d,0,93eb,0062,1,1,0,0,0000,944d,0000,0000,0000,0000,0,944d,944d,0000,0,000,944d,944d
921,921,0,7200000000000000,80,0,0,944d,8980,0,0000,944d,0,93eb,0062,1,1,0,0,0000,944d,0000,0000,0000,0000,0,944d,944d,0000,0,000,944d,944d
922,922,0,7200000000000000,80,0,0,944d,8980,0,0000,944d,0,93eb,0062,1,1,0,0,0000,944d,0000,0000,0000,0000,0,944d,944d,0000,0,000,944d,944d
923,923,0,7200000000000000,80,0,0,944d,8980,0,0000,944d,0,93eb,0062,1,1,0,0,0000,944d,0000,0000,0000,0000,0,944d,944d,0000,0,000,944d,944d
924,924,0,7200000000000000,80,0,0,944d,8980,0,0000,944d,0,93eb,0062,1,1,0,0,0000,944d,0000,0000,0000,0000,0,944d,944d,0000,0,000,944d,944d
925,925,0,7200000000000000,80,0,0,944d,8980,0,0000,944d,0,93eb,0062,1,1,0,0,0000,944d,0000,0000,0000,0000,0,944d,944d,0000,0,000,944d,944d
926,926,0,7200000000000000,80,0,0,944d,8980,0,0000,944d,0,93eb,0062,1,1,0,0,0000,944d,0000,0000,0000,0000,0,944d,944d,0000,0,000,944d,944d
927,927,0,7200000000000000,80,0,0,944d,8980,0,0000,944d,0,93eb,0062,1,1,0,0,0000,944d,0000,0000,0000,0000,0,944d,944d,0000,0,000,944d,944d
928,928,0,7200000000000000,80,0,0,944d,8980,0,0000,944d,0,93eb,0062,1,1,0,0,0000,944d,0000,0000,0000,0000,0,944d,944d,0000,0,000,944d,944d
929,929,0,7200000000000000,80,0,0,944d,8980,0,0000,944d,0,93eb,0062,1,1,0,0,0000,944d,0000,0000,0000,0000,0,944d,944d,0000,0,000,944d,944d
930,930,0,7200000000000000,80,0,0,944d,8980,0,0000,944d,0,93eb,0062,1,1,0,0,0000,944d,0000,0000,0000,0000,0,944d,944d,0000,0,000,944d,944d
931,931,0,7200000000000000,80,0,0,944d,8980,0,0000,944d,0,93eb,0062,1,1,0,0,0000,944d,0000,0000,0000,0000,0,944d,944d,0000,0,000,944d,944d
932,932,0,7200000000000000,80,0,0,944d,8980,0,0000,944d,0,93eb,0062,1,1,0,0,0000,944d,0000,0000,0000,0000,0,944d,944d,0000,0,000,944d,944d
933,933,0,7200000000000000,80,0,0,944d,8980,0,0000,944d,0,93eb,0062,1,1,0,0,0000,944d,0000,0000,0000,0000,0,944d,944d,0000,0,000,944d,944d
934,934,0,7200000000000000,80,0,0,944d,8980,0,0000,944d,0,93eb,0062,1,1,0,0,0000,944d,0000,0000,0000,0000,0,944d,944d,0000,0,000,944d,944d
935,935,0,7200000000000000,80,0,0,944d,8980,0,0000,944d,0,93eb,0062,1,1,0,0,0000,944d,0000,0000,0000,0000,0,944d,944d,0000,0,000,944d,944d
936,936,0,7200000000000000,80,0,0,944d,8980,0,0000,944d,0,93eb,0062,1,1,0,0,0000,944d,0000,0000,0000,0000,0,944d,944d,0000,0,000,944d,944d
937,937,0,7200000000000000,80,0,0,944d,8980,0,0000,944d,0,93eb,0062,1,1,0,0,0000,944d,0000,0000,0000,0000,0,944d,944d,0000,0,000,944d,944d
938,938,0,7200000000000000,80,0,0,944d,8980,0,0000,944d,0,93eb,0062,1,1,0,0,0000,944d,0000,0000,0000,0000,0,944d,944d,0000,0,000,944d,944d
939,939,0,7200000000000000,80,0,0,944d,8980,0,0000,944d,0,93eb,0062,1,1,0,0,0000,944d,0000,0000,0000,0000,0,944d,944d,0000,0,000,944d,944d
940,940,0,7200000000000000,80,0,0,944d,8980,0,0000,944d,0,93eb,0062,1,1,0,0,0000,944d,0000,0000,0000,0000,0,944d,944d,0000,0,000,944d,944d
941,941,0,7200000000000000,80,0,0,944d,8980,0,0000,944d,0,93eb,0062,1,1,0,0,0000,944d,0000,0000,0000,0000,0,944d,944d,0000,0,000,944d,944d
942,942,0,7200000000000000,80,0,0,944d,8980,0,0000,944d,0,93eb,0062,1,1,0,0,0000,944d,0000,0000,0000,0000,0,944d,944d,0000,0,000,944d,944d
943,943,0,7200000000000000,80,0,0,944d,8980,0,0000,944d,0,93eb,0062,1,1,0,0,0000,944d,0000,0000,0000,0000,0,944d,944d,0000,0,000,944d,944d
944,944,0,7200000000000000,80,0,0,944d,8980,0,0000,944d,0,93eb,0062,1,1,0,0,0000,944d,0000,0000,0000,0000,0,944d,944d,0000,0,000,944d,944d
945,945,0,7200000000000000,80,0,0,944d,8980,0,0000,944d,0,93eb,0062,1,1,0,0,0000,944d,0000,0000,0000,0000,0,944d,944d,0000,0,000,944d,944d
946,946,0,7200000000000000,80,0,0,944d,8980,0,0000,944d,0,93eb,0062,1,1,0,0,0000,944d,0000,0000,0000,0000,0,944d,944d,0000,0,000,944d,944d
947,947,0,7200000000000000,80,0,0,944d,8980,0,0000,944d,0,93eb,0062,1,1,0,0,0000,944d,0000,0000,0000,0000,0,944d,944d,0000,0,000,944d,944d
948,948,0,7200000000000000,80,0,0,944d,8980,0,0000,944d,0,93eb,0062,1,1,0,0,0000,944d,0000,0000,0000,0000,0,944d,944d,0000,0,000,944d,944d
949,949,0,7200000000000000,80,0,0,944d,8980,0,0000,944d,0,93eb,0062,1,1,0,0,0000,944d,0000,0000,0000,0000,0,944d,944d,0000,0,000,944d,944d
950,950,0,7200000000000000,80,0,0,944d,8980,0,0000,944d,0,93eb,0062,1,1,0,0,0000,944d,0000,0000,0000,0000,0,944d,944d,0000,0,000,944d,944d
951,951,0,7200000000000000,80,0,0,944d,8980,0,0000,944d,0,93eb,0062,1,1,0,0,0000,944d,0000,0000,0000,0000,0,944d,944d,0000,0,000,944d,944d
952,952,0,7200000000000000,80,0,0,944d,8980,0,0000,944d,0,93eb,0062,1,1,0,0,0000,944d,0000,0000,0000,0000,0,944d,944d,0000,0,000,944d,944d
953,953,0,7200000000000000,80,0,0,944d,8980,0,0000,944d,0,93eb,0062,1,1,0,0,0000,944d,0000,0000,0000,0000,0,944d,944d,0000,0,000,944d,944d
954,954,0,7200000000000000,80,0,0,944d,8980,0,0000,944d,0,93eb,0062,1,1,0,0,0000,944d,0000,0000,0000,0000,0,944d,944d,0000,0,000,944d,944d
955,955,0,7200000000000000,80,0,0,944d,8980,0,0000,944d,0,93eb,0062,1,1,0,0,0000,944d,0000,0000,0000,0000,0,944d,944d,0000,0,000,944d,944d
956,956,0,7200000000000000,80,0,0,944d,8980,0,0000,944d,0,93eb,0062,1,1,0,0,0000,944d,0000,0000,0000,0000,0,944d,944d,0000,0,000,944d,944d
957,957,0,7200000000000000,80,0,0,944d,8980,0,0000,944d,0,93eb,0062,1,1,0,0,0000,944d,0000,0000,0000,0000,0,944d,944d,0000,0,000,944d,944d
958,958,0,7200000000000000,80,0,0,944d,8980,0,0000,944d,0,93eb,0062,1,1,0,0,0000,944d,0000,0000,0000,0000,0,944d,944d,0000,0,000,944d,944d
959,959,0,7200000000000000,80,0,0,944d,8980,0,0000,944d,0,93eb,0062,1,1,0,0,0000,944d,0000,0000,0000,0000,0,944d,944d,0000,0,000,944d,944d
960,960,0,7200000000000000,80,0,0,944d,8980,0,0000,944d,0,93eb,0062,1,1,0,0,0000,944d,0000,0000,0000,0000,0,944d,944d,0000,0,000,944d,944d
961,961,0,7200000000000000,80,0,0,944d,8980,0,0000,944d,0,93eb,0062,1,1,0,0,0000,944d,0000,0000,0000,0000,0,944d,944d,0000,0,000,944d,944d
962,962,0,7200000000000000,80,0,0,944d,8980,0,0000,944d,0,93eb,0062,1,1,0,0,0000,944d,0000,0000,0000,0000,0,944d,944d,0000,0,000,944d,944d
963,963,0,7200000000000000,80,0,0,944d,8980,0,0000,944d,0,93eb,0062,1,1,0,0,0000,944d,0000,0000,0000,0000,0,944d,944d,0000,0,000,944d,944d
964,964,0,7200000000000000,80,0,0,944d,8980,0,0000,944d,0,93eb,0062,1,1,0,0,0000,944d,0000,0000,0000,0000,0,944d,944d,0000,0,000,944d,944d
965,965,0,7200000000000000,80,0,0,944d,8980,0,0000,944d,0,93eb,0062,1,1,0,0,0000,944d,0000,0000,0000,0000,0,944d,944d,0000,0,000,944d,944d
966,966,0,7200000000000000,80,0,0,944d,8980,0,0000,944d,0,93eb,0062,1,1,0,0,0000,944d,0000,0000,0000,0000,0,944d,944d,0000,0,000,944d,944d
967,967,0,7200000000000000,80,0,0,944d,8980,0,0000,944d,0,93eb,0062,1,1,0,0,0000,944d,0000,0000,0000,0000,0,944d,944d,0000,0,000,944d,944d
968,968,0,7200000000000000,80,0,0,944d,8980,0,0000,944d,0,93eb,0062,1,1,0,0,0000,944d,0000,0000,0000,0000,0,944d,944d,0000,0,000,944d,944d
969,969,0,7200000000000000,80,0,0,944d,8980,0,0000,944d,0,93eb,0062,1,1,0,0,0000,944d,0000,0000,0000,0000,0,944d,944d,0000,0,000,944d,944d
970,970,0,7200000000000000,80,0,0,944d,8980,0,0000,944d,0,93eb,0062,1,1,0,0,0000,944d,0000,0000,0000,0000,0,944d,944d,0000,0,000,944d,944d
971,971,0,7200000000000000,80,0,0,944d,8980,0,0000,944d,0,93eb,0062,1,1,0,0,0000,944d,0000,0000,0000,0000,0,944d,944d,0000,0,000,944d,944d
972,972,0,7200000000000000,80,0,0,944d,8980,0,0000,944d,0,93eb,0062,1,1,0,0,0000,944d,0000,0000,0000,0000,0,944d,944d,0000,0,000,944d,944d
973,973,0,7200000000000000,80,0,0,944d,8980,0,0000,944d,0,93eb,0062,1,1,0,0,0000,944d,0000,0000,0000,0000,0,944d,944d,0000,0,000,944d,944d
974,974,0,7200000000000000,80,0,0,944d,8980,0,0000,944d,0,93eb,0062,1,1,0,0,0000,944d,0000,0000,0000,0000,0,944d,944d,0000,0,000,944d,944d
975,975,0,7200000000000000,80,0,0,944d,8980,0,0000,944d,0,93eb,0062,1,1,0,0,0000,944d,0000,0000,0000,0000,0,944d,944d,0000,0,000,944d,944d
976,976,0,7200000000000000,80,0,0,944d,8980,0,0000,944d,0,93eb,0062,1,1,0,0,0000,944d,0000,0000,0000,0000,0,944d,944d,0000,0,000,944d,944d
977,977,0,7200000000000000,80,0,0,944d,8980,0,0000,944d,0,93eb,0062,1,1,0,0,0000,944d,0000,0000,0000,0000,0,944d,944d,0000,0,000,944d,944d
978,978,0,7200000000000000,80,0,0,944d,8980,0,0000,944d,0,93eb,0062,1,1,0,0,0000,944d,0000,0000,0000,0000,0,944d,944d,0000,0,000,944d,944d
979,979,0,7200000000000000,80,0,0,944d,8980,0,0000,944d,0,93eb,0062,1,1,0,0,0000,944d,0000,0000,0000,0000,0,944d,944d,0000,0,000,944d,944d
980,980,0,7200000000000000,80,0,0,944d,8980,0,0000,944d,0,93eb,0062,1,1,0,0,0000,944d,0000,0000,0000,0000,0,944d,944d,0000,0,000,944d,944d
981,981,0,7200000000000000,80,0,0,944d,8980,0,0000,944d,0,93eb,0062,1,1,0,0,0000,944d,0000,0000,0000,0000,0,944d,944d,0000,0,000,944d,944d
982,982,0,7200000000000000,80,0,0,944d,8980,0,0000,944d,0,93eb,0062,1,1,0,0,0000,944d,0000,0000,0000,0000,0,944d,944d,0000,0,000,944d,944d
983,983,0,7200000000000000,80,0,0,944d,8980,0,0000,944d,0,93eb,0062,1,1,0,0,0000,944d,0000,0000,0000,0000,0,944d,944d,0000,0,000,944d,944d
984,984,0,7200000000000000,80,0,0,944d,8980,0,0000,944d,0,93eb,0062,1,1,0,0,0000,944d,0000,0000,0000,0000,0,944d,944d,0000,0,000,944d,944d
985,985,0,7200000000000000,80,0,0,944d,8980,0,0000,944d,0,93eb,0062,1,1,0,0,0000,944d,0000,0000,0000,0000,0,944d,944d,0000,0,000,944d,944d
986,986,0,7200000000000000,80,0,0,944d,8980,0,0000,944d,0,93eb,0062,1,1,0,0,0000,944d,0000,0000,0000,0000,0,944d,944d,0000,0,000,944d,944d
987,987,0,7200000000000000,80,0,0,944d,8980,0,0000,944d,0,93eb,0062,1,1,0,0,0000,944d,0000,0000,0000,0000,0,944d,944d,0000,0,000,944d,944d
988,988,0,7200000000000000,80,0,0,944d,8980,0,0000,944d,0,93eb,0062,1,1,0,0,0000,944d,0000,0000,0000,0000,0,944d,944d,0000,0,000,944d,944d
989,989,0,7200000000000000,80,0,0,944d,8980,0,0000,944d,0,93eb,0062,1,1,0,0,0000,944d,0000,0000,0000,0000,0,944d,944d,0000,0,000,944d,944d
990,990,0,7200000000000000,80,0,0,944d,8980,0,0000,944d,0,93eb,0062,1,1,0,0,0000,944d,0000,0000,0000,0000,0,944d,944d,0000,0,000,944d,944d
991,991,0,7200000000000000,80,0,0,944d,8980,0,0000,944d,0,93eb,0062,1,1,0,0,0000,944d,0000,0000,0000,0000,0,944d,944d,0000,0,000,944d,944d
992,992,0,7200000000000000,80,0,0,944d,8980,0,0000,944d,0,93eb,0062,1,1,0,0,0000,944d,0000,0000,0000,0000,0,944d,944d,0000,0,000,944d,944d
993,993,0,7200000000000000,80,0,0,944d,8980,0,0000,944d,0,93eb,0062,1,1,0,0,0000,944d,0000,0000,0000,0000,0,944d,944d,0000,0,000,944d,944d
994,994,0,7200000000000000,80,0,0,944d,8980,0,0000,944d,0,93eb,0062,1,1,0,0,0000,944d,0000,0000,0000,0000,0,944d,944d,0000,0,000,944d,944d
995,995,0,7200000000000000,80,0,0,944d,8980,0,0000,944d,0,93eb,0062,1,1,0,0,0000,944d,0000,0000,0000,0000,0,944d,944d,0000,0,000,944d,944d
996,996,0,7200000000000000,80,0,0,944d,8980,0,0000,944d,0,93eb,0062,1,1,0,0,0000,944d,0000,0000,0000,0000,0,944d,944d,0000,0,000,944d,944d
997,997,0,7200000000000000,80,0,0,944d,8980,0,0000,944d,0,93eb,0062,1,1,0,0,0000,944d,0000,0000,0000,0000,0,944d,944d,0000,0,000,944d,944d
998,998,0,7200000000000000,80,0,0,944d,8980,0,0000,944d,0,93eb,0062,1,1,0,0,0000,944d,0000,0000,0000,0000,0,944d,944d,0000,0,000,944d,944d
999,999,0,7200000000000000,80,0,0,944d,8980,0,0000,944d,0,93eb,0062,1,1,0,0,0000,944d,0000,0000,0000,0000,0,944d,944d,0000,0,000,944d,944d
1000,1000,0,7200000000000000,80,0,0,944d,8980,0,0000,944d,0,93eb,0062,1,1,0,0,0000,944d,0000,0000,0000,0000,0,944d,944d,0000,0,000,944d,944d
1001,1001,0,7200000000000000,80,0,0,944d,8980,0,0000,944d,0,93eb,0062,1,1,0,0,0000,944d,0000,0000,0000,0000,0,944d,944d,0000,0,000,944d,944d
1002,1002,0,7200000000000000,80,0,0,944d,8980,0,0000,944d,0,93eb,0062,1,1,0,0,0000,944d,0000,0000,0000,0000,0,944d,944d,0000,0,000,944d,944d
1003,1003,0,7200000000000000,80,0,0,944d,8980,0,0000,944d,0,93eb,0062,1,1,0,0,0000,944d,0000,0000,0000,0000,0,944d,944d,0000,0,000,944d,944d
1004,1004,0,7200000000000000,80,0,0,944d,8980,0,0000,944d,0,93eb,0062,1,1,0,0,0000,944d,0000,0000,0000,0000,0,944d,944d,0000,0,000,944d,944d
1005,1005,0,7200000000000000,80,0,0,944d,8980,0,0000,944d,0,93eb,0062,1,1,0,0,0000,944d,0000,0000,0000,0000,0,944d,944d,0000,0,000,944d,944d
1006,1006,0,7200000000000000,80,0,0,944d,8980,0,0000,944d,0,93eb,0062,1,1,0,0,0000,944d,0000,0000,0000,0000,0,944d,944d,0000,0,000,944d,944d
1007,1007,0,7200000000000000,80,0,0,944d,8980,0,0000,944d,0,93eb,0062,1,1,0,0,0000,944d,0000,0000,0000,0000,0,944d,944d,0000,0,000,944d,944d
1008,1008,0,7200000000000000,80,0,0,944d,8980,0,0000,944d,0,93eb,0062,1,1,0,0,0000,944d,0000,0000,0000,0000,0,944d,944d,0000,0,000,944d,944d
1009,1009,0,7200000000000000,80,0,0,944d,8980,0,0000,944d,0,93eb,0062,1,1,0,0,0000,944d,0000,0000,0000,0000,0,944d,944d,0000,0,000,944d,944d
1010,1010,0,7200000000000000,80,0,0,944d,8980,0,0000,944d,0,93eb,0062,1,1,0,0,0000,944d,0000,0000,0000,0000,0,944d,944d,0000,0,000,944d,944d
1011,1011,0,7200000000000000,80,0,0,944d,8980,0,0000,944d,0,93eb,0062,1,1,0,0,0000,944d,0000,0000,0000,0000,0,944d,944d,0000,0,000,944d,944d
1012,1012,0,7200000000000000,80,0,0,944d,8980,0,0000,944d,0,93eb,0062,1,1,0,0,0000,944d,0000,0000,0000,0000,0,944d,944d,0000,0,000,944d,944d
1013,1013,0,7200000000000000,80,0,0,944d,8980,0,0000,944d,0,93eb,0062,1,1,0,0,0000,944d,0000,0000,0000,0000,0,944d,944d,0000,0,000,944d,944d
1014,1014,0,7200000000000000,80,0,0,944d,8980,0,0000,944d,0,93eb,0062,1,1,0,0,0000,944d,0000,0000,0000,0000,0,944d,944d,0000,0,000,944d,944d
1015,1015,0,7200000000000000,80,0,0,944d,8980,0,0000,944d,0,93eb,0062,1,1,0,0,0000,944d,0000,0000,0000,0000,0,944d,944d,0000,0,000,944d,944d
1016,1016,0,7200000000000000,80,0,0,944d,8980,0,0000,944d,0,93eb,0062,1,1,0,0,0000,944d,0000,0000,0000,0000,0,944d,944d,0000,0,000,944d,944d
1017,1017,0,7200000000000000,80,0,0,944d,8980,0,0000,944d,0,93eb,0062,1,1,0,0,0000,944d,0000,0000,0000,0000,0,944d,944d,0000,0,000,944d,944d
1018,1018,0,7200000000000000,80,0,0,944d,8980,0,0000,944d,0,93eb,0062,1,1,0,0,0000,944d,0000,0000,0000,0000,0,944d,944d,0000,0,000,944d,944d
1019,1019,0,7200000000000000,80,0,0,944d,8980,0,0000,944d,0,93eb,0062,1,1,0,0,0000,944d,0000,0000,0000,0000,0,944d,944d,0000,0,000,944d,944d
1020,1020,0,7200000000000000,80,0,0,944d,8980,0,0000,944d,0,93eb,0062,1,1,0,0,0000,944d,0000,0000,0000,0000,0,944d,944d,0000,0,000,944d,944d
1021,1021,0,7200000000000000,80,0,0,944d,8980,0,0000,944d,0,93eb,0062,1,1,0,0,0000,944d,0000,0000,0000,0000,0,944d,944d,0000,0,000,944d,944d
1022,1022,0,7200000000000000,80,0,0,944d,8980,0,0000,944d,0,93eb,0062,1,1,0,0,0000,944d,0000,0000,0000,0000,0,944d,944d,0000,0,000,944d,944d
1023,1023,0,7200000000000000,80,0,0,944d,8980,0,0000,944d,0,93eb,0062,1,1,0,0,0000,944d,0000,0000,0000,0000,0,944d,944d,0000,0,000,944d,944d
1024,1024,1,7200000000000000,80,0,0,944d,8980,0,0000,944d,0,93eb,0062,1,1,0,0,0000,944d,0000,0000,0000,0000,0,944d,944d,0000,0,000,944d,944d
1025,1025,0,7200000000000000,80,0,0,944d,8980,0,0000,944d,0,93eb,0062,1,1,0,0,0000,944d,0000,0000,0000,0000,0,944d,944d,0000,0,000,944d,944d
1026,1026,0,7200000000000000,80,0,0,944d,8980,0,0000,944d,0,93eb,0062,1,1,0,0,0000,944d,0000,0000,0000,0000,0,944d,944d,0000,0,000,944d,944d
1027,1027,0,7200000000000000,80,0,0,944d,8980,0,0000,944d,0,93eb,0062,1,1,0,0,0000,944d,0000,0000,0000,0000,0,944d,944d,0000,0,000,944d,944d
1028,1028,0,7200000000000000,80,0,0,944d,8980,0,0000,944d,0,93eb,0062,1,1,0,0,0000,944d,0000,0000,0000,0000,0,944d,944d,0000,0,000,944d,944d
1029,1029,0,7200000000000000,80,0,0,944d,8980,0,0000,944d,0,93eb,0062,1,1,0,0,0000,944d,0000,0000,0000,0000,0,944d,944d,0000,0,000,944d,944d
1030,1030,0,7200000000000000,80,0,0,944d,8980,0,0000,944d,0,93eb,0062,1,1,0,0,0000,944d,0000,0000,0000,0000,0,944d,944d,0000,0,000,944d,944d
1031,1031,0,7200000000000000,80,0,0,944d,8980,0,0000,944d,0,93eb,0062,1,1,0,0,0000,944d,0000,0000,0000,0000,0,944d,944d,0000,0,000,944d,944d
1032,1032,0,7200000000000000,80,0,0,944d,8980,0,0000,944d,0,93eb,0062,1,1,0,0,0000,944d,0000,0000,0000,0000,0,944d,944d,0000,0,000,944d,944d
1033,1033,0,7200000000000000,80,0,0,944d,8980,0,0000,944d,0,93eb,0062,1,1,0,0,0000,944d,0000,0000,0000,0000,0,944d,944d,0000,0,000,944d,944d
1034,1034,0,7200000000000000,80,0,0,944d,8980,0,0000,944d,0,93eb,0062,1,1,0,0,0000,944d,0000,0000,0000,0000,0,944d,944d,0000,0,000,944d,944d
1035,1035,0,7200000000000000,80,0,0,944d,8980,0,0000,944d,0,93eb,0062,1,1,0,0,0000,944d,0000,0000,0000,0000,0,944d,944d,0000,0,000,944d,944d
1036,1036,0,7200000000000000,80,0,0,944d,8980,0,0000,944d,0,93eb,0062,1,1,0,0,0000,944d,0000,0000,0000,0000,0,944d,944d,0000,0,000,944d,944d
1037,1037,0,7200000000000000,80,0,0,944d,8980,0,0000,944d,0,93eb,0062,1,1,0,0,0000,944d,0000,0000,0000,0000,0,944d,944d,0000,0,000,944d,944d
1038,1038,0,7200000000000000,80,0,0,944d,8980,0,0000,944d,0,93eb,0062,1,1,0,0,0000,944d,0000,0000,0000,0000,0,944d,944d,0000,0,000,944d,944d
1039,1039,0,7200000000000000,80,0,0,944d,8980,0,0000,944d,0,93eb,0062,1,1,0,0,0000,944d,0000,0000,0000,0000,0,944d,944d,0000,0,000,944d,944d
1040,1040,0,7200000000000000,80,0,0,944d,8980,0,0000,944d,0,93eb,0062,1,1,0,0,0000,944d,0000,0000,0000,0000,0,944d,944d,0000,0,000,944d,944d
1041,1041,0,7200000000000000,80,0,0,944d,8980,0,0000,944d,0,93eb,0062,1,1,0,0,0000,944d,0000,0000,0000,0000,0,944d,944d,0000,0,000,944d,944d
1042,1042,0,7200000000000000,80,0,0,944d,8980,0,0000,944d,0,93eb,0062,1,1,0,0,0000,944d,0000,0000,0000,0000,0,944d,944d,0000,0,000,944d,944d
1043,1043,0,7200000000000000,80,0,0,944d,8980,0,0000,944d,0,93eb,0062,1,1,0,0,0000,944d,0000,0000,0000,0000,0,944d,944d,0000,0,000,944d,944d
1044,1044,0,7200000000000000,80,0,0,944d,8980,0,0000,944d,0,93eb,0062,1,1,0,0,0000,944d,0000,0000,0000,0000,0,944d,944d,0000,0,000,944d,944d
1045,1045,0,7200000000000000,80,0,0,944d,8980,0,0000,944d,0,93eb,0062,1,1,0,0,0000,944d,0000,0000,0000,0000,0,944d,944d,0000,0,000,944d,944d
1046,1046,0,7200000000000000,80,0,0,944d,8980,0,0000,944d,0,93eb,0062,1,1,0,0,0000,944d,0000,0000,0000,0000,0,944d,944d,0000,0,000,944d,944d
1047,1047,0,7200000000000000,80,0,0,944d,8980,0,0000,944d,0,93eb,0062,1,1,0,0,0000,944d,0000,0000,0000,0000,0,944d,944d,0000,0,000,944d,944d
1048,1048,0,7200000000000000,80,0,0,944d,8980,0,0000,944d,0,93eb,0062,1,1,0,0,0000,944d,0000,0000,0000,0000,0,944d,944d,0000,0,000,944d,944d
1049,1049,0,7200000000000000,80,0,0,944d,8980,0,0000,944d,0,93eb,0062,1,1,0,0,0000,944d,0000,0000,0000,0000,0,944d,944d,0000,0,000,944d,944d
1050,1050,0,7200000000000000,80,0,0,944d,8980,0,0000,944d,0,93eb,0062,1,1,0,0,0000,944d,0000,0000,0000,0000,0,944d,944d,0000,0,000,944d,944d
1051,1051,0,7200000000000000,80,0,0,944d,8980,0,0000,944d,0,93eb,0062,1,1,0,0,0000,944d,0000,0000,0000,0000,0,944d,944d,0000,0,000,944d,944d
1052,1052,0,7200000000000000,80,0,0,944d,8980,0,0000,944d,0,93eb,0062,1,1,0,0,0000,944d,0000,0000,0000,0000,0,944d,944d,0000,0,000,944d,944d
1053,1053,0,7200000000000000,80,0,0,944d,8980,0,0000,944d,0,93eb,0062,1,1,0,0,0000,944d,0000,0000,0000,0000,0,944d,944d,0000,0,000,944d,944d
1054,1054,0,7200000000000000,80,0,0,944d,8980,0,0000,944d,0,93eb,0062,1,1,0,0,0000,944d,0000,0000,0000,0000,0,944d,944d,0000,0,000,944d,944d
1055,1055,0,7200000000000000,80,0,0,944d,8980,0,0000,944d,0,93eb,0062,1,1,0,0,0000,944d,0000,0000,0000,0000,0,944d,944d,0000,0,000,944d,944d
1056,1056,0,7200000000000000,80,0,0,944d,8980,0,0000,944d,0,93eb,0062,1,1,0,0,0000,944d,0000,0000,0000,0000,0,944d,944d,0000,0,000,944d,944d
1057,1057,0,7200000000000000,80,0,0,944d,8980,0,0000,944d,0,93eb,0062,1,1,0,0,0000,944d,0000,0000,0000,0000,0,944d,944d,0000,0,000,944d,944d
1058,1058,0,7200000000000000,80,0,0,944d,8980,0,0000,944d,0,93eb,0062,1,1,0,0,0000,944d,0000,0000,0000,0000,0,944d,944d,0000,0,000,944d,944d
1059,1059,0,7200000000000000,80,0,0,944d,8980,0,0000,944d,0,93eb,0062,1,1,0,0,0000,944d,0000,0000,0000,0000,0,944d,944d,0000,0,000,944d,944d
1060,1060,0,7200000000000000,80,0,0,944d,8980,0,0000,944d,0,93eb,0062,1,1,0,0,0000,944d,0000,0000,0000,0000,0,944d,944d,0000,0,000,944d,944d
1061,1061,0,7200000000000000,80,0,0,944d,8980,0,0000,944d,0,93eb,0062,1,1,0,0,0000,944d,0000,0000,0000,0000,0,944d,944d,0000,0,000,944d,944d
1062,1062,0,7200000000000000,80,0,0,944d,8980,0,0000,944d,0,93eb,0062,1,1,0,0,0000,944d,0000,0000,0000,0000,0,944d,944d,0000,0,000,944d,944d
1063,1063,0,7200000000000000,80,0,0,944d,8980,0,0000,944d,0,93eb,0062,1,1,0,0,0000,944d,0000,0000,0000,0000,0,944d,944d,0000,0,000,944d,944d
1064,1064,0,7200000000000000,80,0,0,944d,8980,0,0000,944d,0,93eb,0062,1,1,0,0,0000,944d,0000,0000,0000,0000,0,944d,944d,0000,0,000,944d,944d
1065,1065,0,7200000000000000,80,0,0,944d,8980,0,0000,944d,0,93eb,0062,1,1,0,0,0000,944d,0000,0000,0000,0000,0,944d,944d,0000,0,000,944d,944d
1066,1066,0,7200000000000000,80,0,0,944d,8980,0,0000,944d,0,93eb,0062,1,1,0,0,0000,944d,0000,0000,0000,0000,0,944d,944d,0000,0,000,944d,944d
1067,1067,0,7200000000000000,80,0,0,944d,8980,0,0000,944d,0,93eb,0062,1,1,0,0,0000,944d,0000,0000,0000,0000,0,944d,944d,0000,0,000,944d,944d
1068,1068,0,7200000000000000,80,0,0,944d,8980,0,0000,944d,0,93eb,0062,1,1,0,0,0000,944d,0000,0000,0000,0000,0,944d,944d,0000,0,000,944d,944d
1069,1069,0,7200000000000000,80,0,0,944d,8980,0,0000,944d,0,93eb,0062,1,1,0,0,0000,944d,0000,0000,0000,0000,0,944d,944d,0000,0,000,944d,944d
1070,1070,0,7200000000000000,80,0,0,944d,8980,0,0000,944d,0,93eb,0062,1,1,0,0,0000,944d,0000,0000,0000,0000,0,944d,944d,0000,0,000,944d,944d
1071,1071,0,7200000000000000,80,0,0,944d,8980,0,0000,944d,0,93eb,0062,1,1,0,0,0000,944d,0000,0000,0000,0000,0,944d,944d,0000,0,000,944d,944d
1072,1072,0,7200000000000000,80,0,0,944d,8980,0,0000,944d,0,93eb,0062,1,1,0,0,0000,944d,0000,0000,0000,0000,0,944d,944d,0000,0,000,944d,944d
1073,1073,0,7200000000000000,80,0,0,944d,8980,0,0000,944d,0,93eb,0062,1,1,0,0,0000,944d,0000,0000,0000,0000,0,944d,944d,0000,0,000,944d,944d
1074,1074,0,7200000000000000,80,0,0,944d,8980,0,0000,944d,0,93eb,0062,1,1,0,0,0000,944d,0000,0000,0000,0000,0,944d,944d,0000,0,000,944d,944d
1075,1075,0,7200000000000000,80,0,0,944d,8980,0,0000,944d,0,93eb,0062,1,1,0,0,0000,944d,0000,0000,0000,0000,0,944d,944d,0000,0,000,944d,944d
1076,1076,0,7200000000000000,80,0,0,944d,8980,0,0000,944d,0,93eb,0062,1,1,0,0,0000,944d,0000,0000,0000,0000,0,944d,944d,0000,0,000,944d,944d
1077,1077,0,7200000000000000,80,0,0,944d,8980,0,0000,944d,0,93eb,0062,1,1,0,0,0000,944d,0000,0000,0000,0000,0,944d,944d,0000,0,000,944d,944d
1078,1078,0,7200000000000000,80,0,0,944d,8980,0,0000,944d,0,93eb,0062,1,1,0,0,0000,944d,0000,0000,0000,0000,0,944d,944d,0000,0,000,944d,944d
1079,1079,0,7200000000000000,80,0,0,944d,8980,0,0000,944d,0,93eb,0062,1,1,0,0,0000,944d,0000,0000,0000,0000,0,944d,944d,0000,0,000,944d,944d
1080,1080,0,7200000000000000,80,0,0,944d,8980,0,0000,944d,0,93eb,0062,1,1,0,0,0000,944d,0000,0000,0000,0000,0,944d,944d,0000,0,000,944d,944d
1081,1081,0,7200000000000000,80,0,0,944d,8980,0,0000,944d,0,93eb,0062,1,1,0,0,0000,944d,0000,0000,0000,0000,0,944d,944d,0000,0,000,944d,944d
1082,1082,0,7200000000000000,80,0,0,944d,8980,0,0000,944d,0,93eb,0062,1,1,0,0,0000,944d,0000,0000,0000,0000,0,944d,944d,0000,0,000,944d,944d
1083,1083,0,7200000000000000,80,0,0,944d,8980,0,0000,944d,0,93eb,0062,1,1,0,0,0000,944d,0000,0000,0000,0000,0,944d,944d,0000,0,000,944d,944d
1084,1084,0,7200000000000000,80,0,0,944d,8980,0,0000,944d,0,93eb,0062,1,1,0,0,0000,944d,0000,0000,0000,0000,0,944d,944d,0000,0,000,944d,944d
1085,1085,0,7200000000000000,80,0,0,944d,8980,0,0000,944d,0,93eb,0062,1,1,0,0,0000,944d,0000,0000,0000,0000,0,944d,944d,0000,0,000,944d,944d
1086,1086,0,7200000000000000,80,0,0,944d,8980,0,0000,944d,0,93eb,0062,1,1,0,0,0000,944d,0000,0000,0000,0000,0,944d,944d,0000,0,000,944d,944d
1087,1087,0,7200000000000000,80,0,0,944d,8980,0,0000,944d,0,93eb,0062,1,1,0,0,0000,944d,0000,0000,0000,0000,0,944d,944d,0000,0,000,944d,944d
1088,1088,0,7200000000000000,80,0,0,944d,8980,0,0000,944d,0,93eb,0062,1,1,0,0,0000,944d,0000,0000,0000,0000,0,944d,944d,0000,0,000,944d,944d
1089,1089,0,7200000000000000,80,0,0,944d,8980,0,0000,944d,0,93eb,0062,1,1,0,0,0000,944d,0000,0000,0000,0000,0,944d,944d,0000,0,000,944d,944d
1090,1090,0,7200000000000000,80,0,0,944d,8980,0,0000,944d,0,93eb,0062,1,1,0,0,0000,944d,0000,0000,0000,0000,0,944d,944d,0000,0,000,944d,944d
1091,1091,0,7200000000000000,80,0,0,944d,8980,0,0000,944d,0,93eb,0062,1,1,0,0,0000,944d,0000,0000,0000,0000,0,944d,944d,0000,0,000,944d,944d
1092,1092,0,7200000000000000,80,0,0,944d,8980,0,0000,944d,0,93eb,0062,1,1,0,0,0000,944d,0000,0000,0000,0000,0,944d,944d,0000,0,000,944d,944d
1093,1093,0,7200000000000000,80,0,0,944d,8980,0,0000,944d,0,93eb,0062,1,1,0,0,0000,944d,0000,0000,0000,0000,0,944d,944d,0000,0,000,944d,944d
1094,1094,0,7200000000000000,80,0,0,944d,8980,0,0000,944d,0,93eb,0062,1,1,0,0,0000,944d,0000,0000,0000,0000,0,944d,944d,0000,0,000,944d,944d
1095,1095,0,7200000000000000,80,0,0,944d,8980,0,0000,944d,0,93eb,0062,1,1,0,0,0000,944d,0000,0000,0000,0000,0,944d,944d,0000,0,000,944d,944d
1096,1096,0,7200000000000000,80,0,0,944d,8980,0,0000,944d,0,93eb,0062,1,1,0,0,0000,944d,0000,0000,0000,0000,0,944d,944d,0000,0,000,944d,944d
1097,1097,0,7200000000000000,80,0,0,944d,8980,0,0000,944d,0,93eb,0062,1,1,0,0,0000,944d,0000,0000,0000,0000,0,944d,944d,0000,0,000,944d,944d
1098,1098,0,7200000000000000,80,0,0,944d,8980,0,0000,944d,0,93eb,0062,1,1,0,0,0000,944d,0000,0000,0000,0000,0,944d,944d,0000,0,000,944d,944d
1099,1099,0,7200000000000000,80,0,0,944d,8980,0,0000,944d,0,93eb,0062,1,1,0,0,0000,944d,0000,0000,0000,0000,0,944d,944d,0000,0,000,944d,944d
1100,1100,0,7200000000000000,80,0,0,944d,8980,0,0000,944d,0,93eb,0062,1,1,0,0,0000,944d,0000,0000,0000,0000,0,944d,944d,0000,0,000,944d,944d
1101,1101,0,7200000000000000,80,0,0,944d,8980,0,0000,944d,0,93eb,0062,1,1,0,0,0000,944d,0000,0000,0000,0000,0,944d,944d,0000,0,000,944d,944d
1102,1102,0,7200000000000000,80,0,0,944d,8980,0,0000,944d,0,93eb,0062,1,1,0,0,0000,944d,0000,0000,0000,0000,0,944d,944d,0000,0,000,944d,944d
1103,1103,0,7200000000000000,80,0,0,944d,8980,0,0000,944d,0,93eb,0062,1,1,0,0,0000,944d,0000,0000,0000,0000,0,944d,944d,0000,0,000,944d,944d
1104,1104,0,7200000000000000,80,0,0,944d,8980,0,0000,944d,0,93eb,0062,1,1,0,0,0000,944d,0000,0000,0000,0000,0,944d,944d,0000,0,000,944d,944d
1105,1105,0,7200000000000000,80,0,0,944d,8980,0,0000,944d,0,93eb,0062,1,1,0,0,0000,944d,0000,0000,0000,0000,0,944d,944d,0000,0,000,944d,944d
1106,1106,0,7200000000000000,80,0,0,944d,8980,0,0000,944d,0,93eb,0062,1,1,0,0,0000,944d,0000,0000,0000,0000,0,944d,944d,0000,0,000,944d,944d
1107,1107,0,7200000000000000,80,0,0,944d,8980,0,0000,944d,0,93eb,0062,1,1,0,0,0000,944d,0000,0000,0000,0000,0,944d,944d,0000,0,000,944d,944d
1108,1108,0,7200000000000000,80,0,0,944d,8980,0,0000,944d,0,93eb,0062,1,1,0,0,0000,944d,0000,0000,0000,0000,0,944d,944d,0000,0,000,944d,944d
1109,1109,0,7200000000000000,80,0,0,944d,8980,0,0000,944d,0,93eb,0062,1,1,0,0,0000,944d,0000,0000,0000,0000,0,944d,944d,0000,0,000,944d,944d
1110,1110,0,7200000000000000,80,0,0,944d,8980,0,0000,944d,0,93eb,0062,1,1,0,0,0000,944d,0000,0000,0000,0000,0,944d,944d,0000,0,000,944d,944d
1111,1111,0,7200000000000000,80,0,0,944d,8980,0,0000,944d,0,93eb,0062,1,1,0,0,0000,944d,0000,0000,0000,0000,0,944d,944d,0000,0,000,944d,944d
1112,1112,0,7200000000000000,80,0,0,944d,8980,0,0000,944d,0,93eb,0062,1,1,0,0,0000,944d,0000,0000,0000,0000,0,944d,944d,0000,0,000,944d,944d
1113,1113,0,7200000000000000,80,0,0,944d,8980,0,0000,944d,0,93eb,0062,1,1,0,0,0000,944d,0000,0000,0000,0000,0,944d,944d,0000,0,000,944d,944d
1114,1114,0,7200000000000000,80,0,0,944d,8980,0,0000,944d,0,93eb,0062,1,1,0,0,0000,944d,0000,0000,0000,0000,0,944d,944d,0000,0,000,944d,944d
1115,1115,0,7200000000000000,80,0,0,944d,8980,0,0000,944d,0,93eb,0062,1,1,0,0,0000,944d,0000,0000,0000,0000,0,944d,944d,0000,0,000,944d,944d
1116,1116,0,7200000000000000,80,0,0,944d,8980,0,0000,944d,0,93eb,0062,1,1,0,0,0000,944d,0000,0000,0000,0000,0,944d,944d,0000,0,000,944d,944d
1117,1117,0,7200000000000000,80,0,0,944d,8980,0,0000,944d,0,93eb,0062,1,1,0,0,0000,944d,0000,0000,0000,0000,0,944d,944d,0000,0,000,944d,944d
1118,1118,0,7200000000000000,80,0,0,944d,8980,0,0000,944d,0,93eb,0062,1,1,0,0,0000,944d,0000,0000,0000,0000,0,944d,944d,0000,0,000,944d,944d
1119,1119,0,7200000000000000,80,0,0,944d,8980,0,0000,944d,0,93eb,0062,1,1,0,0,0000,944d,0000,0000,0000,0000,0,944d,944d,0000,0,000,944d,944d
1120,1120,0,7200000000000000,80,0,0,944d,8980,0,0000,944d,0,93eb,0062,1,1,0,0,0000,944d,0000,0000,0000,0000,0,944d,944d,0000,0,000,944d,944d
1121,1121,0,7200000000000000,80,0,0,944d,8980,0,0000,944d,0,93eb,0062,1,1,0,0,0000,944d,0000,0000,0000,0000,0,944d,944d,0000,0,000,944d,944d
1122,1122,0,7200000000000000,80,0,0,944d,8980,0,0000,944d,0,93eb,0062,1,1,0,0,0000,944d,0000,0000,0000,0000,0,944d,944d,0000,0,000,944d,944d
1123,1123,0,7200000000000000,80,0,0,944d,8980,0,0000,944d,0,93eb,0062,1,1,0,0,0000,944d,0000,0000,0000,0000,0,944d,944d,0000,0,000,944d,944d
1124,1124,0,7200000000000000,80,0,0,944d,8980,0,0000,944d,0,93eb,0062,1,1,0,0,0000,944d,0000,0000,0000,0000,0,944d,944d,0000,0,000,944d,944d
1125,1125,0,7200000000000000,80,0,0,944d,8980,0,0000,944d,0,93eb,0062,1,1,0,0,0000,944d,0000,0000,0000,0000,0,944d,944d,0000,0,000,944d,944d
1126,1126,0,7200000000000000,80,0,0,944d,8980,0,0000,944d,0,93eb,0062,1,1,0,0,0000,944d,0000,0000,0000,0000,0,944d,944d,0000,0,000,944d,944d
1127,1127,0,7200000000000000,80,0,0,944d,8980,0,0000,944d,0,93eb,0062,1,1,0,0,0000,944d,0000,0000,0000,0000,0,944d,944d,0000,0,000,944d,944d
1128,1128,0,7200000000000000,80,0,0,944d,8980,0,0000,944d,0,93eb,0062,1,1,0,0,0000,944d,0000,0000,0000,0000,0,944d,944d,0000,0,000,944d,944d
1129,1129,0,7200000000000000,80,0,0,944d,8980,0,0000,944d,0,93eb,0062,1,1,0,0,0000,944d,0000,0000,0000,0000,0,944d,944d,0000,0,000,944d,944d
1130,1130,0,7200000000000000,80,0,0,944d,8980,0,0000,944d,0,93eb,0062,1,1,0,0,0000,944d,0000,0000,0000,0000,0,944d,944d,0000,0,000,944d,944d
1131,1131,0,7200000000000000,80,0,0,944d,8980,0,0000,944d,0,93eb,0062,1,1,0,0,0000,944d,0000,0000,0000,0000,0,944d,944d,0000,0,000,944d,944d
1132,1132,0,7200000000000000,80,0,0,944d,8980,0,0000,944d,0,93eb,0062,1,1,0,0,0000,944d,0000,0000,0000,0000,0,944d,944d,0000,0,000,944d,944d
1133,1133,0,7200000000000000,80,0,0,944d,8980,0,0000,944d,0,93eb,0062,1,1,0,0,0000,944d,0000,0000,0000,0000,0,944d,944d,0000,0,000,944d,944d
1134,1134,0,7200000000000000,80,0,0,944d,8980,0,0000,944d,0,93eb,0062,1,1,0,0,0000,944d,0000,0000,0000,0000,0,944d,944d,0000,0,000,944d,944d
1135,1135,0,7200000000000000,80,0,0,944d,8980,0,0000,944d,0,93eb,0062,1,1,0,0,0000,944d,0000,0000,0000,0000,0,944d,944d,0000,0,000,944d,944d
1136,1136,0,7200000000000000,80,0,0,944d,8980,0,0000,944d,0,93eb,0062,1,1,0,0,0000,944d,0000,0000,0000,0000,0,944d,944d,0000,0,000,944d,944d
1137,1137,0,7200000000000000,80,0,0,944d,8980,0,0000,944d,0,93eb,0062,1,1,0,0,0000,944d,0000,0000,0000,0000,0,944d,944d,0000,0,000,944d,944d
1138,1138,0,7200000000000000,80,0,0,944d,8980,0,0000,944d,0,93eb,0062,1,1,0,0,0000,944d,0000,0000,0000,0000,0,944d,944d,0000,0,000,944d,944d
1139,1139,0,7200000000000000,80,0,0,944d,8980,0,0000,944d,0,93eb,0062,1,1,0,0,0000,944d,0000,0000,0000,0000,0,944d,944d,0000,0,000,944d,944d
1140,1140,0,7200000000000000,80,0,0,944d,8980,0,0000,944d,0,93eb,0062,1,1,0,0,0000,944d,0000,0000,0000,0000,0,944d,944d,0000,0,000,944d,944d
1141,1141,0,7200000000000000,80,0,0,944d,8980,0,0000,944d,0,93eb,0062,1,1,0,0,0000,944d,0000,0000,0000,0000,0,944d,944d,0000,0,000,944d,944d
1142,1142,0,7200000000000000,80,0,0,944d,8980,0,0000,944d,0,93eb,0062,1,1,0,0,0000,944d,0000,0000,0000,0000,0,944d,944d,0000,0,000,944d,944d
1143,1143,0,7200000000000000,80,0,0,944d,8980,0,0000,944d,0,93eb,0062,1,1,0,0,0000,944d,0000,0000,0000,0000,0,944d,944d,0000,0,000,944d,944d
1144,1144,0,7200000000000000,80,0,0,944d,8980,0,0000,944d,0,93eb,0062,1,1,0,0,0000,944d,0000,0000,0000,0000,0,944d,944d,0000,0,000,944d,944d
1145,1145,0,7200000000000000,80,0,0,944d,8980,0,0000,944d,0,93eb,0062,1,1,0,0,0000,944d,0000,0000,0000,0000,0,944d,944d,0000,0,000,944d,944d
1146,1146,0,7200000000000000,80,0,0,944d,8980,0,0000,944d,0,93eb,0062,1,1,0,0,0000,944d,0000,0000,0000,0000,0,944d,944d,0000,0,000,944d,944d
1147,1147,0,7200000000000000,80,0,0,944d,8980,0,0000,944d,0,93eb,0062,1,1,0,0,0000,944d,0000,0000,0000,0000,0,944d,944d,0000,0,000,944d,944d
1148,1148,0,7200000000000000,80,0,0,944d,8980,0,0000,944d,0,93eb,0062,1,1,0,0,0000,944d,0000,0000,0000,0000,0,944d,944d,0000,0,000,944d,944d
1149,1149,0,7200000000000000,80,0,0,944d,8980,0,0000,944d,0,93eb,0062,1,1,0,0,0000,944d,0000,0000,0000,0000,0,944d,944d,0000,0,000,944d,944d
1150,1150,0,7200000000000000,80,0,0,944d,8980,0,0000,944d,0,93eb,0062,1,1,0,0,0000,944d,0000,0000,0000,0000,0,944d,944d,0000,0,000,944d,944d
1151,1151,0,7200000000000000,80,0,0,944d,8980,0,0000,944d,0,93eb,0062,1,1,0,0,0000,944d,0000,0000,0000,0000,0,944d,944d,0000,0,000,944d,944d
1152,1152,0,7200000000000000,80,0,0,944d,8980,0,0000,944d,0,93eb,0062,1,1,0,0,0000,944d,0000,0000,0000,0000,0,944d,944d,0000,0,000,944d,944d
1153,1153,0,7200000000000000,80,0,0,944d,8980,0,0000,944d,0,93eb,0062,1,1,0,0,0000,944d,0000,0000,0000,0000,0,944d,944d,0000,0,000,944d,944d
1154,1154,0,7200000000000000,80,0,0,944d,8980,0,0000,944d,0,93eb,0062,1,1,0,0,0000,944d,0000,0000,0000,0000,0,944d,944d,0000,0,000,944d,944d
1155,1155,0,7200000000000000,80,0,0,944d,8980,0,0000,944d,0,93eb,0062,1,1,0,0,0000,944d,0000,0000,0000,0000,0,944d,944d,0000,0,000,944d,944d
1156,1156,0,7200000000000000,80,0,0,944d,8980,0,0000,944d,0,93eb,0062,1,1,0,0,0000,944d,0000,0000,0000,0000,0,944d,944d,0000,0,000,944d,944d
1157,1157,0,7200000000000000,80,0,0,944d,8980,0,0000,944d,0,93eb,0062,1,1,0,0,0000,944d,0000,0000,0000,0000,0,944d,944d,0000,0,000,944d,944d
1158,1158,0,7200000000000000,80,0,0,944d,8980,0,0000,944d,0,93eb,0062,1,1,0,0,0000,944d,0000,0000,0000,0000,0,944d,944d,0000,0,000,944d,944d
1159,1159,0,7200000000000000,80,0,0,944d,8980,0,0000,944d,0,93eb,0062,1,1,0,0,0000,944d,0000,0000,0000,0000,0,944d,944d,0000,0,000,944d,944d
1160,1160,0,7200000000000000,80,0,0,944d,8980,0,0000,944d,0,93eb,0062,1,1,0,0,0000,944d,0000,0000,0000,0000,0,944d,944d,0000,0,000,944d,944d
1161,1161,0,7200000000000000,80,0,0,944d,8980,0,0000,944d,0,93eb,0062,1,1,0,0,0000,944d,0000,0000,0000,0000,0,944d,944d,0000,0,000,944d,944d
1162,1162,0,7200000000000000,80,0,0,944d,8980,0,0000,944d,0,93eb,0062,1,1,0,0,0000,944d,0000,0000,0000,0000,0,944d,944d,0000,0,000,944d,944d
1163,1163,0,7200000000000000,80,0,0,944d,8980,0,0000,944d,0,93eb,0062,1,1,0,0,0000,944d,0000,0000,0000,0000,0,944d,944d,0000,0,000,944d,944d
1164,1164,0,7200000000000000,80,0,0,944d,8980,0,0000,944d,0,93eb,0062,1,1,0,0,0000,944d,0000,0000,0000,0000,0,944d,944d,0000,0,000,944d,944d
1165,1165,0,7200000000000000,80,0,0,944d,8980,0,0000,944d,0,93eb,0062,1,1,0,0,0000,944d,0000,0000,0000,0000,0,944d,944d,0000,0,000,944d,944d
1166,1166,0,7200000000000000,80,0,0,944d,8980,0,0000,944d,0,93eb,0062,1,1,0,0,0000,944d,0000,0000,0000,0000,0,944d,944d,0000,0,000,944d,944d
1167,1167,0,7200000000000000,80,0,0,944d,8980,0,0000,944d,0,93eb,0062,1,1,0,0,0000,944d,0000,0000,0000,0000,0,944d,944d,0000,0,000,944d,944d
1168,1168,0,7200000000000000,80,0,0,944d,8980,0,0000,944d,0,93eb,0062,1,1,0,0,0000,944d,0000,0000,0000,0000,0,944d,944d,0000,0,000,944d,944d
1169,1169,0,7200000000000000,80,0,0,944d,8980,0,0000,944d,0,93eb,0062,1,1,0,0,0000,944d,0000,0000,0000,0000,0,944d,944d,0000,0,000,944d,944d
1170,1170,0,7200000000000000,80,0,0,944d,8980,0,0000,944d,0,93eb,0062,1,1,0,0,0000,944d,0000,0000,0000,0000,0,944d,944d,0000,0,000,944d,944d
1171,1171,0,7200000000000000,80,0,0,944d,8980,0,0000,944d,0,93eb,0062,1,1,0,0,0000,944d,0000,0000,0000,0000,0,944d,944d,0000,0,000,944d,944d
1172,1172,0,7200000000000000,80,0,0,944d,8980,0,0000,944d,0,93eb,0062,1,1,0,0,0000,944d,0000,0000,0000,0000,0,944d,944d,0000,0,000,944d,944d
1173,1173,0,7200000000000000,80,0,0,944d,8980,0,0000,944d,0,93eb,0062,1,1,0,0,0000,944d,0000,0000,0000,0000,0,944d,944d,0000,0,000,944d,944d
1174,1174,0,7200000000000000,80,0,0,944d,8980,0,0000,944d,0,93eb,0062,1,1,0,0,0000,944d,0000,0000,0000,0000,0,944d,944d,0000,0,000,944d,944d
1175,1175,0,7200000000000000,80,0,0,944d,8980,0,0000,944d,0,93eb,0062,1,1,0,0,0000,944d,0000,0000,0000,0000,0,944d,944d,0000,0,000,944d,944d
1176,1176,0,7200000000000000,80,0,0,944d,8980,0,0000,944d,0,93eb,0062,1,1,0,0,0000,944d,0000,0000,0000,0000,0,944d,944d,0000,0,000,944d,944d
1177,1177,0,7200000000000000,80,0,0,944d,8980,0,0000,944d,0,93eb,0062,1,1,0,0,0000,944d,0000,0000,0000,0000,0,944d,944d,0000,0,000,944d,944d
1178,1178,0,7200000000000000,80,0,0,944d,8980,0,0000,944d,0,93eb,0062,1,1,0,0,0000,944d,0000,0000,0000,0000,0,944d,944d,0000,0,000,944d,944d
1179,1179,0,7200000000000000,80,0,0,944d,8980,0,0000,944d,0,93eb,0062,1,1,0,0,0000,944d,0000,0000,0000,0000,0,944d,944d,0000,0,000,944d,944d
1180,1180,0,7200000000000000,80,0,0,944d,8980,0,0000,944d,0,93eb,0062,1,1,0,0,0000,944d,0000,0000,0000,0000,0,944d,944d,0000,0,000,944d,944d
1181,1181,0,7200000000000000,80,0,0,944d,8980,0,0000,944d,0,93eb,0062,1,1,0,0,0000,944d,0000,0000,0000,0000,0,944d,944d,0000,0,000,944d,944d
1182,1182,0,7200000000000000,80,0,0,944d,8980,0,0000,944d,0,93eb,0062,1,1,0,0,0000,944d,0000,0000,0000,0000,0,944d,944d,0000,0,000,944d,944d
1183,1183,0,7200000000000000,80,0,0,944d,8980,0,0000,944d,0,93eb,0062,1,1,0,0,0000,944d,0000,0000,0000,0000,0,944d,944d,0000,0,000,944d,944d
1184,1184,0,7200000000000000,80,0,0,944d,8980,0,0000,944d,0,93eb,0062,1,1,0,0,0000,944d,0000,0000,0000,0000,0,944d,944d,0000,0,000,944d,944d
1185,1185,0,7200000000000000,80,0,0,944d,8980,0,0000,944d,0,93eb,0062,1,1,0,0,0000,944d,0000,0000,0000,0000,0,944d,944d,0000,0,000,944d,944d
1186,1186,0,7200000000000000,80,0,0,944d,8980,0,0000,944d,0,93eb,0062,1,1,0,0,0000,944d,0000,0000,0000,0000,0,944d,944d,0000,0,000,944d,944d
1187,1187,0,7200000000000000,80,0,0,944d,8980,0,0000,944d,0,93eb,0062,1,1,0,0,0000,944d,0000,0000,0000,0000,0,944d,944d,0000,0,000,944d,944d
1188,1188,0,7200000000000000,80,0,0,944d,8980,0,0000,944d,0,93eb,0062,1,1,0,0,0000,944d,0000,0000,0000,0000,0,944d,944d,0000,0,000,944d,944d
1189,1189,0,7200000000000000,80,0,0,944d,8980,0,0000,944d,0,93eb,0062,1,1,0,0,0000,944d,0000,0000,0000,0000,0,944d,944d,0000,0,000,944d,944d
1190,1190,0,7200000000000000,80,0,0,944d,8980,0,0000,944d,0,93eb,0062,1,1,0,0,0000,944d,0000,0000,0000,0000,0,944d,944d,0000,0,000,944d,944d
1191,1191,0,7200000000000000,80,0,0,944d,8980,0,0000,944d,0,93eb,0062,1,1,0,0,0000,944d,0000,0000,0000,0000,0,944d,944d,0000,0,000,944d,944d
1192,1192,0,7200000000000000,80,0,0,944d,8980,0,0000,944d,0,93eb,0062,1,1,0,0,0000,944d,0000,0000,0000,0000,0,944d,944d,0000,0,000,944d,944d
1193,1193,0,7200000000000000,80,0,0,944d,8980,0,0000,944d,0,93eb,0062,1,1,0,0,0000,944d,0000,0000,0000,0000,0,944d,944d,0000,0,000,944d,944d
1194,1194,0,7200000000000000,80,0,0,944d,8980,0,0000,944d,0,93eb,0062,1,1,0,0,0000,944d,0000,0000,0000,0000,0,944d,944d,0000,0,000,944d,944d
1195,1195,0,7200000000000000,80,0,0,944d,8980,0,0000,944d,0,93eb,0062,1,1,0,0,0000,944d,0000,0000,0000,0000,0,944d,944d,0000,0,000,944d,944d
1196,1196,0,7200000000000000,80,0,0,944d,8980,0,0000,944d,0,93eb,0062,1,1,0,0,0000,944d,0000,0000,0000,0000,0,944d,944d,0000,0,000,944d,944d
1197,1197,0,7200000000000000,80,0,0,944d,8980,0,0000,944d,0,93eb,0062,1,1,0,0,0000,944d,0000,0000,0000,0000,0,944d,944d,0000,0,000,944d,944d
1198,1198,0,7200000000000000,80,0,0,944d,8980,0,0000,944d,0,93eb,0062,1,1,0,0,0000,944d,0000,0000,0000,0000,0,944d,944d,0000,0,000,944d,944d
1199,1199,0,7200000000000000,80,0,0,944d,8980,0,0000,944d,0,93eb,0062,1,1,0,0,0000,944d,0000,0000,0000,0000,0,944d,944d,0000,0,000,944d,944d
1200,1200,0,7200000000000000,80,0,0,944d,8980,0,0000,944d,0,93eb,0062,1,1,0,0,0000,944d,0000,0000,0000,0000,0,944d,944d,0000,0,000,944d,944d
1201,1201,0,7200000000000000,80,0,0,944d,8980,0,0000,944d,0,93eb,0062,1,1,0,0,0000,944d,0000,0000,0000,0000,0,944d,944d,0000,0,000,944d,944d
1202,1202,0,7200000000000000,80,0,0,944d,8980,0,0000,944d,0,93eb,0062,1,1,0,0,0000,944d,0000,0000,0000,0000,0,944d,944d,0000,0,000,944d,944d
1203,1203,0,7200000000000000,80,0,0,944d,8980,0,0000,944d,0,93eb,0062,1,1,0,0,0000,944d,0000,0000,0000,0000,0,944d,944d,0000,0,000,944d,944d
1204,1204,0,7200000000000000,80,0,0,944d,8980,0,0000,944d,0,93eb,0062,1,1,0,0,0000,944d,0000,0000,0000,0000,0,944d,944d,0000,0,000,944d,944d
1205,1205,0,7200000000000000,80,0,0,944d,8980,0,0000,944d,0,93eb,0062,1,1,0,0,0000,944d,0000,0000,0000,0000,0,944d,944d,0000,0,000,944d,944d
1206,1206,0,7200000000000000,80,0,0,944d,8980,0,0000,944d,0,93eb,0062,1,1,0,0,0000,944d,0000,0000,0000,0000,0,944d,944d,0000,0,000,944d,944d
1207,1207,0,7200000000000000,80,0,0,944d,8980,0,0000,944d,0,93eb,0062,1,1,0,0,0000,944d,0000,0000,0000,0000,0,944d,944d,0000,0,000,944d,944d
1208,1208,0,7200000000000000,80,0,0,944d,8980,0,0000,944d,0,93eb,0062,1,1,0,0,0000,944d,0000,0000,0000,0000,0,944d,944d,0000,0,000,944d,944d
1209,1209,0,7200000000000000,80,0,0,944d,8980,0,0000,944d,0,93eb,0062,1,1,0,0,0000,944d,0000,0000,0000,0000,0,944d,944d,0000,0,000,944d,944d
1210,1210,0,7200000000000000,80,0,0,944d,8980,0,0000,944d,0,93eb,0062,1,1,0,0,0000,944d,0000,0000,0000,0000,0,944d,944d,0000,0,000,944d,944d
1211,1211,0,7200000000000000,80,0,0,944d,8980,0,0000,944d,0,93eb,0062,1,1,0,0,0000,944d,0000,0000,0000,0000,0,944d,944d,0000,0,000,944d,944d
1212,1212,0,7200000000000000,80,0,0,944d,8980,0,0000,944d,0,93eb,0062,1,1,0,0,0000,944d,0000,0000,0000,0000,0,944d,944d,0000,0,000,944d,944d
1213,1213,0,7200000000000000,80,0,0,944d,8980,0,0000,944d,0,93eb,0062,1,1,0,0,0000,944d,0000,0000,0000,0000,0,944d,944d,0000,0,000,944d,944d
1214,1214,0,7200000000000000,80,0,0,944d,8980,0,0000,944d,0,93eb,0062,1,1,0,0,0000,944d,0000,0000,0000,0000,0,944d,944d,0000,0,000,944d,944d
1215,1215,0,7200000000000000,80,0,0,944d,8980,0,0000,944d,0,93eb,0062,1,1,0,0,0000,944d,0000,0000,0000,0000,0,944d,944d,0000,0,000,944d,944d
1216,1216,0,7200000000000000,80,0,0,944d,8980,0,0000,944d,0,93eb,0062,1,1,0,0,0000,944d,0000,0000,0000,0000,0,944d,944d,0000,0,000,944d,944d
1217,1217,0,7200000000000000,80,0,0,944d,8980,0,0000,944d,0,93eb,0062,1,1,0,0,0000,944d,0000,0000,0000,0000,0,944d,944d,0000,0,000,944d,944d
1218,1218,0,7200000000000000,80,0,0,944d,8980,0,0000,944d,0,93eb,0062,1,1,0,0,0000,944d,0000,0000,0000,0000,0,944d,944d,0000,0,000,944d,944d
1219,1219,0,7200000000000000,80,0,0,944d,8980,0,0000,944d,0,93eb,0062,1,1,0,0,0000,944d,0000,0000,0000,0000,0,944d,944d,0000,0,000,944d,944d
1220,1220,0,7200000000000000,80,0,0,944d,8980,0,0000,944d,0,93eb,0062,1,1,0,0,0000,944d,0000,0000,0000,0000,0,944d,944d,0000,0,000,944d,944d
1221,1221,0,7200000000000000,80,0,0,944d,8980,0,0000,944d,0,93eb,0062,1,1,0,0,0000,944d,0000,0000,0000,0000,0,944d,944d,0000,0,000,944d,944d
1222,1222,0,7200000000000000,80,0,0,944d,8980,0,0000,944d,0,93eb,0062,1,1,0,0,0000,944d,0000,0000,0000,0000,0,944d,944d,0000,0,000,944d,944d
1223,1223,0,7200000000000000,80,0,0,944d,8980,0,0000,944d,0,93eb,0062,1,1,0,0,0000,944d,0000,0000,0000,0000,0,944d,944d,0000,0,000,944d,944d
1224,1224,0,7200000000000000,80,0,0,944d,8980,0,0000,944d,0,93eb,0062,1,1,0,0,0000,944d,0000,0000,0000,0000,0,944d,944d,0000,0,000,944d,944d
1225,1225,0,7200000000000000,80,0,0,944d,8980,0,0000,944d,0,93eb,0062,1,1,0,0,0000,944d,0000,0000,0000,0000,0,944d,944d,0000,0,000,944d,944d
1226,1226,0,7200000000000000,80,0,0,944d,8980,0,0000,944d,0,93eb,0062,1,1,0,0,0000,944d,0000,0000,0000,0000,0,944d,944d,0000,0,000,944d,944d
1227,1227,0,7200000000000000,80,0,0,944d,8980,0,0000,944d,0,93eb,0062,1,1,0,0,0000,944d,0000,0000,0000,0000,0,944d,944d,0000,0,000,944d,944d
1228,1228,0,7200000000000000,80,0,0,944d,8980,0,0000,944d,0,93eb,0062,1,1,0,0,0000,944d,0000,0000,0000,0000,0,944d,944d,0000,0,000,944d,944d
1229,1229,0,7200000000000000,80,0,0,944d,8980,0,0000,944d,0,93eb,0062,1,1,0,0,0000,944d,0000,0000,0000,0000,0,944d,944d,0000,0,000,944d,944d
1230,1230,0,7200000000000000,80,0,0,944d,8980,0,0000,944d,0,93eb,0062,1,1,0,0,0000,944d,0000,0000,0000,0000,0,944d,944d,0000,0,000,944d,944d
1231,1231,0,7200000000000000,80,0,0,944d,8980,0,0000,944d,0,93eb,0062,1,1,0,0,0000,944d,0000,0000,0000,0000,0,944d,944d,0000,0,000,944d,944d
1232,1232,0,7200000000000000,80,0,0,944d,8980,0,0000,944d,0,93eb,0062,1,1,0,0,0000,944d,0000,0000,0000,0000,0,944d,944d,0000,0,000,944d,944d
1233,1233,0,7200000000000000,80,0,0,944d,8980,0,0000,944d,0,93eb,0062,1,1,0,0,0000,944d,0000,0000,0000,0000,0,944d,944d,0000,0,000,944d,944d
1234,1234,0,7200000000000000,80,0,0,944d,8980,0,0000,944d,0,93eb,0062,1,1,0,0,0000,944d,0000,0000,0000,0000,0,944d,944d,0000,0,000,944d,944d
1235,1235,0,7200000000000000,80,0,0,944d,8980,0,0000,944d,0,93eb,0062,1,1,0,0,0000,944d,0000,0000,0000,0000,0,944d,944d,0000,0,000,944d,944d
1236,1236,0,7200000000000000,80,0,0,944d,8980,0,0000,944d,0,93eb,0062,1,1,0,0,0000,944d,0000,0000,0000,0000,0,944d,944d,0000,0,000,944d,944d
1237,1237,0,7200000000000000,80,0,0,944d,8980,0,0000,944d,0,93eb,0062,1,1,0,0,0000,944d,0000,0000,0000,0000,0,944d,944d,0000,0,000,944d,944d
1238,1238,0,7200000000000000,80,0,0,944d,8980,0,0000,944d,0,93eb,0062,1,1,0,0,0000,944d,0000,0000,0000,0000,0,944d,944d,0000,0,000,944d,944d
1239,1239,0,7200000000000000,80,0,0,944d,8980,0,0000,944d,0,93eb,0062,1,1,0,0,0000,944d,0000,0000,0000,0000,0,944d,944d,0000,0,000,944d,944d
1240,1240,0,7200000000000000,80,0,0,944d,8980,0,0000,944d,0,93eb,0062,1,1,0,0,0000,944d,0000,0000,0000,0000,0,944d,944d,0000,0,000,944d,944d
1241,1241,0,7200000000000000,80,0,0,944d,8980,0,0000,944d,0,93eb,0062,1,1,0,0,0000,944d,0000,0000,0000,0000,0,944d,944d,0000,0,000,944d,944d
1242,1242,0,7200000000000000,80,0,0,944d,8980,0,0000,944d,0,93eb,0062,1,1,0,0,0000,944d,0000,0000,0000,0000,0,944d,944d,0000,0,000,944d,944d
1243,1243,0,7200000000000000,80,0,0,944d,8980,0,0000,944d,0,93eb,0062,1,1,0,0,0000,944d,0000,0000,0000,0000,0,944d,944d,0000,0,000,944d,944d
1244,1244,0,7200000000000000,80,0,0,944d,8980,0,0000,944d,0,93eb,0062,1,1,0,0,0000,944d,0000,0000,0000,0000,0,944d,944d,0000,0,000,944d,944d
1245,1245,0,7200000000000000,80,0,0,944d,8980,0,0000,944d,0,93eb,0062,1,1,0,0,0000,944d,0000,0000,0000,0000,0,944d,944d,0000,0,000,944d,944d
1246,1246,0,7200000000000000,80,0,0,944d,8980,0,0000,944d,0,93eb,0062,1,1,0,0,0000,944d,0000,0000,0000,0000,0,944d,944d,0000,0,000,944d,944d
1247,1247,0,7200000000000000,80,0,0,944d,8980,0,0000,944d,0,93eb,0062,1,1,0,0,0000,944d,0000,0000,0000,0000,0,944d,944d,0000,0,000,944d,944d
1248,1248,0,7200000000000000,80,0,0,944d,8980,0,0000,944d,0,93eb,0062,1,1,0,0,0000,944d,0000,0000,0000,0000,0,944d,944d,0000,0,000,944d,944d
1249,1249,0,7200000000000000,80,0,0,944d,8980,0,0000,944d,0,93eb,0062,1,1,0,0,0000,944d,0000,0000,0000,0000,0,944d,944d,0000,0,000,944d,944d
1250,1250,0,7200000000000000,80,0,0,944d,8980,0,0000,944d,0,93eb,0062,1,1,0,0,0000,944d,0000,0000,0000,0000,0,944d,944d,0000,0,000,944d,944d
1251,1251,0,7200000000000000,80,0,0,944d,8980,0,0000,944d,0,93eb,0062,1,1,0,0,0000,944d,0000,0000,0000,0000,0,944d,944d,0000,0,000,944d,944d
1252,1252,0,7200000000000000,80,0,0,944d,8980,0,0000,944d,0,93eb,0062,1,1,0,0,0000,944d,0000,0000,0000,0000,0,944d,944d,0000,0,000,944d,944d
1253,1253,0,7200000000000000,80,0,0,944d,8980,0,0000,944d,0,93eb,0062,1,1,0,0,0000,944d,0000,0000,0000,0000,0,944d,944d,0000,0,000,944d,944d
1254,1254,0,7200000000000000,80,0,0,944d,8980,0,0000,944d,0,93eb,0062,1,1,0,0,0000,944d,0000,0000,0000,0000,0,944d,944d,0000,0,000,944d,944d
1255,1255,0,7200000000000000,80,0,0,944d,8980,0,0000,944d,0,93eb,0062,1,1,0,0,0000,944d,0000,0000,0000,0000,0,944d,944d,0000,0,000,944d,944d
1256,1256,0,7200000000000000,80,0,0,944d,8980,0,0000,944d,0,93eb,0062,1,1,0,0,0000,944d,0000,0000,0000,0000,0,944d,944d,0000,0,000,944d,944d
1257,1257,0,7200000000000000,80,0,0,944d,8980,0,0000,944d,0,93eb,0062,1,1,0,0,0000,944d,0000,0000,0000,0000,0,944d,944d,0000,0,000,944d,944d
1258,1258,0,7200000000000000,80,0,0,944d,8980,0,0000,944d,0,93eb,0062,1,1,0,0,0000,944d,0000,0000,0000,0000,0,944d,944d,0000,0,000,944d,944d
1259,1259,0,7200000000000000,80,0,0,944d,8980,0,0000,944d,0,93eb,0062,1,1,0,0,0000,944d,0000,0000,0000,0000,0,944d,944d,0000,0,000,944d,944d
1260,1260,0,7200000000000000,80,0,0,944d,8980,0,0000,944d,0,93eb,0062,1,1,0,0,0000,944d,0000,0000,0000,0000,0,944d,944d,0000,0,000,944d,944d
1261,1261,0,7200000000000000,80,0,0,944d,8980,0,0000,944d,0,93eb,0062,1,1,0,0,0000,944d,0000,0000,0000,0000,0,944d,944d,0000,0,000,944d,944d
1262,1262,0,7200000000000000,80,0,0,944d,8980,0,0000,944d,0,93eb,0062,1,1,0,0,0000,944d,0000,0000,0000,0000,0,944d,944d,0000,0,000,944d,944d
1263,1263,0,7200000000000000,80,0,0,944d,8980,0,0000,944d,0,93eb,0062,1,1,0,0,0000,944d,0000,0000,0000,0000,0,944d,944d,0000,0,000,944d,944d
1264,1264,0,7200000000000000,80,0,0,944d,8980,0,0000,944d,0,93eb,0062,1,1,0,0,0000,944d,0000,0000,0000,0000,0,944d,944d,0000,0,000,944d,944d
1265,1265,0,7200000000000000,80,0,0,944d,8980,0,0000,944d,0,93eb,0062,1,1,0,0,0000,944d,0000,0000,0000,0000,0,944d,944d,0000,0,000,944d,944d
1266,1266,0,7200000000000000,80,0,0,944d,8980,0,0000,944d,0,93eb,0062,1,1,0,0,0000,944d,0000,0000,0000,0000,0,944d,944d,0000,0,000,944d,944d
1267,1267,0,7200000000000000,80,0,0,944d,8980,0,0000,944d,0,93eb,0062,1,1,0,0,0000,944d,0000,0000,0000,0000,0,944d,944d,0000,0,000,944d,944d
1268,1268,0,7200000000000000,80,0,0,944d,8980,0,0000,944d,0,93eb,0062,1,1,0,0,0000,944d,0000,0000,0000,0000,0,944d,944d,0000,0,000,944d,944d
1269,1269,0,7200000000000000,80,0,0,944d,8980,0,0000,944d,0,93eb,0062,1,1,0,0,0000,944d,0000,0000,0000,0000,0,944d,944d,0000,0,000,944d,944d
1270,1270,0,7200000000000000,80,0,0,944d,8980,0,0000,944d,0,93eb,0062,1,1,0,0,0000,944d,0000,0000,0000,0000,0,944d,944d,0000,0,000,944d,944d
1271,1271,0,7200000000000000,80,0,0,944d,8980,0,0000,944d,0,93eb,0062,1,1,0,0,0000,944d,0000,0000,0000,0000,0,944d,944d,0000,0,000,944d,944d
1272,1272,0,7200000000000000,80,0,0,944d,8980,0,0000,944d,0,93eb,0062,1,1,0,0,0000,944d,0000,0000,0000,0000,0,944d,944d,0000,0,000,944d,944d
1273,1273,0,7200000000000000,80,0,0,944d,8980,0,0000,944d,0,93eb,0062,1,1,0,0,0000,944d,0000,0000,0000,0000,0,944d,944d,0000,0,000,944d,944d
1274,1274,0,7200000000000000,80,0,0,944d,8980,0,0000,944d,0,93eb,0062,1,1,0,0,0000,944d,0000,0000,0000,0000,0,944d,944d,0000,0,000,944d,944d
1275,1275,0,7200000000000000,80,0,0,944d,8980,0,0000,944d,0,93eb,0062,1,1,0,0,0000,944d,0000,0000,0000,0000,0,944d,944d,0000,0,000,944d,944d
1276,1276,0,7200000000000000,80,0,0,944d,8980,0,0000,944d,0,93eb,0062,1,1,0,0,0000,944d,0000,0000,0000,0000,0,944d,944d,0000,0,000,944d,944d
1277,1277,0,7200000000000000,80,0,0,944d,8980,0,0000,944d,0,93eb,0062,1,1,0,0,0000,944d,0000,0000,0000,0000,0,944d,944d,0000,0,000,944d,944d
1278,1278,0,7200000000000000,80,0,0,944d,8980,0,0000,944d,0,93eb,0062,1,1,0,0,0000,944d,0000,0000,0000,0000,0,944d,944d,0000,0,000,944d,944d
1279,1279,0,7200000000000000,80,0,0,944d,8980,0,0000,944d,0,93eb,0062,1,1,0,0,0000,944d,0000,0000,0000,0000,0,944d,944d,0000,0,000,944d,944d
1280,1280,0,7200000000000000,80,0,0,944d,8980,0,0000,944d,0,93eb,0062,1,1,0,0,0000,944d,0000,0000,0000,0000,0,944d,944d,0000,0,000,944d,944d
1281,1281,0,7200000000000000,80,0,0,944d,8980,0,0000,944d,0,93eb,0062,1,1,0,0,0000,944d,0000,0000,0000,0000,0,944d,944d,0000,0,000,944d,944d
1282,1282,0,7200000000000000,80,0,0,944d,8980,0,0000,944d,0,93eb,0062,1,1,0,0,0000,944d,0000,0000,0000,0000,0,944d,944d,0000,0,000,944d,944d
1283,1283,0,7200000000000000,80,0,0,944d,8980,0,0000,944d,0,93eb,0062,1,1,0,0,0000,944d,0000,0000,0000,0000,0,944d,944d,0000,0,000,944d,944d
1284,1284,0,7200000000000000,80,0,0,944d,8980,0,0000,944d,0,93eb,0062,1,1,0,0,0000,944d,0000,0000,0000,0000,0,944d,944d,0000,0,000,944d,944d
1285,1285,0,7200000000000000,80,0,0,944d,8980,0,0000,944d,0,93eb,0062,1,1,0,0,0000,944d,0000,0000,0000,0000,0,944d,944d,0000,0,000,944d,944d
1286,1286,0,7200000000000000,80,0,0,944d,8980,0,0000,944d,0,93eb,0062,1,1,0,0,0000,944d,0000,0000,0000,0000,0,944d,944d,0000,0,000,944d,944d
1287,1287,0,7200000000000000,80,0,0,944d,8980,0,0000,944d,0,93eb,0062,1,1,0,0,0000,944d,0000,0000,0000,0000,0,944d,944d,0000,0,000,944d,944d
1288,1288,0,7200000000000000,80,0,0,944d,8980,0,0000,944d,0,93eb,0062,1,1,0,0,0000,944d,0000,0000,0000,0000,0,944d,944d,0000,0,000,944d,944d
1289,1289,0,7200000000000000,80,0,0,944d,8980,0,0000,944d,0,93eb,0062,1,1,0,0,0000,944d,0000,0000,0000,0000,0,944d,944d,0000,0,000,944d,944d
1290,1290,0,7200000000000000,80,0,0,944d,8980,0,0000,944d,0,93eb,0062,1,1,0,0,0000,944d,0000,0000,0000,0000,0,944d,944d,0000,0,000,944d,944d
1291,1291,0,7200000000000000,80,0,0,944d,8980,0,0000,944d,0,93eb,0062,1,1,0,0,0000,944d,0000,0000,0000,0000,0,944d,944d,0000,0,000,944d,944d
1292,1292,0,7200000000000000,80,0,0,944d,8980,0,0000,944d,0,93eb,0062,1,1,0,0,0000,944d,0000,0000,0000,0000,0,944d,944d,0000,0,000,944d,944d
1293,1293,0,7200000000000000,80,0,0,944d,8980,0,0000,944d,0,93eb,0062,1,1,0,0,0000,944d,0000,0000,0000,0000,0,944d,944d,0000,0,000,944d,944d
1294,1294,0,7200000000000000,80,0,0,944d,8980,0,0000,944d,0,93eb,0062,1,1,0,0,0000,944d,0000,0000,0000,0000,0,944d,944d,0000,0,000,944d,944d
1295,1295,0,7200000000000000,80,0,0,944d,8980,0,0000,944d,0,93eb,0062,1,1,0,0,0000,944d,0000,0000,0000,0000,0,944d,944d,0000,0,000,944d,944d
1296,1296,0,7200000000000000,80,0,0,944d,8980,0,0000,944d,0,93eb,0062,1,1,0,0,0000,944d,0000,0000,0000,0000,0,944d,944d,0000,0,000,944d,944d
1297,1297,0,7200000000000000,80,0,0,944d,8980,0,0000,944d,0,93eb,0062,1,1,0,0,0000,944d,0000,0000,0000,0000,0,944d,944d,0000,0,000,944d,944d
1298,1298,0,7200000000000000,80,0,0,944d,8980,0,0000,944d,0,93eb,0062,1,1,0,0,0000,944d,0000,0000,0000,0000,0,944d,944d,0000,0,000,944d,944d
1299,1299,0,7200000000000000,80,0,0,944d,8980,0,0000,944d,0,93eb,0062,1,1,0,0,0000,944d,0000,0000,0000,0000,0,944d,944d,0000,0,000,944d,944d
1300,1300,0,7200000000000000,80,0,0,944d,8980,0,0000,944d,0,93eb,0062,1,1,0,0,0000,944d,0000,0000,0000,0000,0,944d,944d,0000,0,000,944d,944d
1301,1301,0,7200000000000000,80,0,0,944d,8980,0,0000,944d,0,93eb,0062,1,1,0,0,0000,944d,0000,0000,0000,0000,0,944d,944d,0000,0,000,944d,944d
1302,1302,0,7200000000000000,80,0,0,944d,8980,0,0000,944d,0,93eb,0062,1,1,0,0,0000,944d,0000,0000,0000,0000,0,944d,944d,0000,0,000,944d,944d
1303,1303,0,7200000000000000,80,0,0,944d,8980,0,0000,944d,0,93eb,0062,1,1,0,0,0000,944d,0000,0000,0000,0000,0,944d,944d,0000,0,000,944d,944d
1304,1304,0,7200000000000000,80,0,0,944d,8980,0,0000,944d,0,93eb,0062,1,1,0,0,0000,944d,0000,0000,0000,0000,0,944d,944d,0000,0,000,944d,944d
1305,1305,0,7200000000000000,80,0,0,944d,8980,0,0000,944d,0,93eb,0062,1,1,0,0,0000,944d,0000,0000,0000,0000,0,944d,944d,0000,0,000,944d,944d
1306,1306,0,7200000000000000,80,0,0,944d,8980,0,0000,944d,0,93eb,0062,1,1,0,0,0000,944d,0000,0000,0000,0000,0,944d,944d,0000,0,000,944d,944d
1307,1307,0,7200000000000000,80,0,0,944d,8980,0,0000,944d,0,93eb,0062,1,1,0,0,0000,944d,0000,0000,0000,0000,0,944d,944d,0000,0,000,944d,944d
1308,1308,0,7200000000000000,80,0,0,944d,8980,0,0000,944d,0,93eb,0062,1,1,0,0,0000,944d,0000,0000,0000,0000,0,944d,944d,0000,0,000,944d,944d
1309,1309,0,7200000000000000,80,0,0,944d,8980,0,0000,944d,0,93eb,0062,1,1,0,0,0000,944d,0000,0000,0000,0000,0,944d,944d,0000,0,000,944d,944d
1310,1310,0,7200000000000000,80,0,0,944d,8980,0,0000,944d,0,93eb,0062,1,1,0,0,0000,944d,0000,0000,0000,0000,0,944d,944d,0000,0,000,944d,944d
1311,1311,0,7200000000000000,80,0,0,944d,8980,0,0000,944d,0,93eb,0062,1,1,0,0,0000,944d,0000,0000,0000,0000,0,944d,944d,0000,0,000,944d,944d
1312,1312,0,7200000000000000,80,0,0,944d,8980,0,0000,944d,0,93eb,0062,1,1,0,0,0000,944d,0000,0000,0000,0000,0,944d,944d,0000,0,000,944d,944d
1313,1313,0,7200000000000000,80,0,0,944d,8980,0,0000,944d,0,93eb,0062,1,1,0,0,0000,944d,0000,0000,0000,0000,0,944d,944d,0000,0,000,944d,944d
1314,1314,0,7200000000000000,80,0,0,944d,8980,0,0000,944d,0,93eb,0062,1,1,0,0,0000,944d,0000,0000,0000,0000,0,944d,944d,0000,0,000,944d,944d
1315,1315,0,7200000000000000,80,0,0,944d,8980,0,0000,944d,0,93eb,0062,1,1,0,0,0000,944d,0000,0000,0000,0000,0,944d,944d,0000,0,000,944d,944d
1316,1316,0,7200000000000000,80,0,0,944d,8980,0,0000,944d,0,93eb,0062,1,1,0,0,0000,944d,0000,0000,0000,0000,0,944d,944d,0000,0,000,944d,944d
1317,1317,0,7200000000000000,80,0,0,944d,8980,0,0000,944d,0,93eb,0062,1,1,0,0,0000,944d,0000,0000,0000,0000,0,944d,944d,0000,0,000,944d,944d
1318,1318,0,7200000000000000,80,0,0,944d,8980,0,0000,944d,0,93eb,0062,1,1,0,0,0000,944d,0000,0000,0000,0000,0,944d,944d,0000,0,000,944d,944d
1319,1319,0,7200000000000000,80,0,0,944d,8980,0,0000,944d,0,93eb,0062,1,1,0,0,0000,944d,0000,0000,0000,0000,0,944d,944d,0000,0,000,944d,944d
1320,1320,0,7200000000000000,80,0,0,944d,8980,0,0000,944d,0,93eb,0062,1,1,0,0,0000,944d,0000,0000,0000,0000,0,944d,944d,0000,0,000,944d,944d
1321,1321,0,7200000000000000,80,0,0,944d,8980,0,0000,944d,0,93eb,0062,1,1,0,0,0000,944d,0000,0000,0000,0000,0,944d,944d,0000,0,000,944d,944d
1322,1322,0,7200000000000000,80,0,0,944d,8980,0,0000,944d,0,93eb,0062,1,1,0,0,0000,944d,0000,0000,0000,0000,0,944d,944d,0000,0,000,944d,944d
1323,1323,0,7200000000000000,80,0,0,944d,8980,0,0000,944d,0,93eb,0062,1,1,0,0,0000,944d,0000,0000,0000,0000,0,944d,944d,0000,0,000,944d,944d
1324,1324,0,7200000000000000,80,0,0,944d,8980,0,0000,944d,0,93eb,0062,1,1,0,0,0000,944d,0000,0000,0000,0000,0,944d,944d,0000,0,000,944d,944d
1325,1325,0,7200000000000000,80,0,0,944d,8980,0,0000,944d,0,93eb,0062,1,1,0,0,0000,944d,0000,0000,0000,0000,0,944d,944d,0000,0,000,944d,944d
1326,1326,0,7200000000000000,80,0,0,944d,8980,0,0000,944d,0,93eb,0062,1,1,0,0,0000,944d,0000,0000,0000,0000,0,944d,944d,0000,0,000,944d,944d
1327,1327,0,7200000000000000,80,0,0,944d,8980,0,0000,944d,0,93eb,0062,1,1,0,0,0000,944d,0000,0000,0000,0000,0,944d,944d,0000,0,000,944d,944d
1328,1328,0,7200000000000000,80,0,0,944d,8980,0,0000,944d,0,93eb,0062,1,1,0,0,0000,944d,0000,0000,0000,0000,0,944d,944d,0000,0,000,944d,944d
1329,1329,0,7200000000000000,80,0,0,944d,8980,0,0000,944d,0,93eb,0062,1,1,0,0,0000,944d,0000,0000,0000,0000,0,944d,944d,0000,0,000,944d,944d
1330,1330,0,7200000000000000,80,0,0,944d,8980,0,0000,944d,0,93eb,0062,1,1,0,0,0000,944d,0000,0000,0000,0000,0,944d,944d,0000,0,000,944d,944d
1331,1331,0,7200000000000000,80,0,0,944d,8980,0,0000,944d,0,93eb,0062,1,1,0,0,0000,944d,0000,0000,0000,0000,0,944d,944d,0000,0,000,944d,944d
1332,1332,0,7200000000000000,80,0,0,944d,8980,0,0000,944d,0,93eb,0062,1,1,0,0,0000,944d,0000,0000,0000,0000,0,944d,944d,0000,0,000,944d,944d
1333,1333,0,7200000000000000,80,0,0,944d,8980,0,0000,944d,0,93eb,0062,1,1,0,0,0000,944d,0000,0000,0000,0000,0,944d,944d,0000,0,000,944d,944d
1334,1334,0,7200000000000000,80,0,0,944d,8980,0,0000,944d,0,93eb,0062,1,1,0,0,0000,944d,0000,0000,0000,0000,0,944d,944d,0000,0,000,944d,944d
1335,1335,0,7200000000000000,80,0,0,944d,8980,0,0000,944d,0,93eb,0062,1,1,0,0,0000,944d,0000,0000,0000,0000,0,944d,944d,0000,0,000,944d,944d
1336,1336,0,7200000000000000,80,0,0,944d,8980,0,0000,944d,0,93eb,0062,1,1,0,0,0000,944d,0000,0000,0000,0000,0,944d,944d,0000,0,000,944d,944d
1337,1337,0,7200000000000000,80,0,0,944d,8980,0,0000,944d,0,93eb,0062,1,1,0,0,0000,944d,0000,0000,0000,0000,0,944d,944d,0000,0,000,944d,944d
1338,1338,0,7200000000000000,80,0,0,944d,8980,0,0000,944d,0,93eb,0062,1,1,0,0,0000,944d,0000,0000,0000,0000,0,944d,944d,0000,0,000,944d,944d
1339,1339,0,7200000000000000,80,0,0,944d,8980,0,0000,944d,0,93eb,0062,1,1,0,0,0000,944d,0000,0000,0000,0000,0,944d,944d,0000,0,000,944d,944d
1340,1340,0,7200000000000000,80,0,0,944d,8980,0,0000,944d,0,93eb,0062,1,1,0,0,0000,944d,0000,0000,0000,0000,0,944d,944d,0000,0,000,944d,944d
1341,1341,0,7200000000000000,80,0,0,944d,8980,0,0000,944d,0,93eb,0062,1,1,0,0,0000,944d,0000,0000,0000,0000,0,944d,944d,0000,0,000,944d,944d
1342,1342,0,7200000000000000,80,0,0,944d,8980,0,0000,944d,0,93eb,0062,1,1,0,0,0000,944d,0000,0000,0000,0000,0,944d,944d,0000,0,000,944d,944d
1343,1343,0,7200000000000000,80,0,0,944d,8980,0,0000,944d,0,93eb,0062,1,1,0,0,0000,944d,0000,0000,0000,0000,0,944d,944d,0000,0,000,944d,944d
1344,1344,0,7200000000000000,80,0,0,944d,8980,0,0000,944d,0,93eb,0062,1,1,0,0,0000,944d,0000,0000,0000,0000,0,944d,944d,0000,0,000,944d,944d
1345,1345,0,7200000000000000,80,0,0,944d,8980,0,0000,944d,0,93eb,0062,1,1,0,0,0000,944d,0000,0000,0000,0000,0,944d,944d,0000,0,000,944d,944d
1346,1346,0,7200000000000000,80,0,0,944d,8980,0,0000,944d,0,93eb,0062,1,1,0,0,0000,944d,0000,0000,0000,0000,0,944d,944d,0000,0,000,944d,944d
1347,1347,0,7200000000000000,80,0,0,944d,8980,0,0000,944d,0,93eb,0062,1,1,0,0,0000,944d,0000,0000,0000,0000,0,944d,944d,0000,0,000,944d,944d
1348,1348,0,7200000000000000,80,0,0,944d,8980,0,0000,944d,0,93eb,0062,1,1,0,0,0000,944d,0000,0000,0000,0000,0,944d,944d,0000,0,000,944d,944d
1349,1349,0,7200000000000000,80,0,0,944d,8980,0,0000,944d,0,93eb,0062,1,1,0,0,0000,944d,0000,0000,0000,0000,0,944d,944d,0000,0,000,944d,944d
1350,1350,0,7200000000000000,80,0,0,944d,8980,0,0000,944d,0,93eb,0062,1,1,0,0,0000,944d,0000,0000,0000,0000,0,944d,944d,0000,0,000,944d,944d
1351,1351,0,7200000000000000,80,0,0,944d,8980,0,0000,944d,0,93eb,0062,1,1,0,0,0000,944d,0000,0000,0000,0000,0,944d,944d,0000,0,000,944d,944d
1352,1352,0,7200000000000000,80,0,0,944d,8980,0,0000,944d,0,93eb,0062,1,1,0,0,0000,944d,0000,0000,0000,0000,0,944d,944d,0000,0,000,944d,944d
1353,1353,0,7200000000000000,80,0,0,944d,8980,0,0000,944d,0,93eb,0062,1,1,0,0,0000,944d,0000,0000,0000,0000,0,944d,944d,0000,0,000,944d,944d
1354,1354,0,7200000000000000,80,0,0,944d,8980,0,0000,944d,0,93eb,0062,1,1,0,0,0000,944d,0000,0000,0000,0000,0,944d,944d,0000,0,000,944d,944d
1355,1355,0,7200000000000000,80,0,0,944d,8980,0,0000,944d,0,93eb,0062,1,1,0,0,0000,944d,0000,0000,0000,0000,0,944d,944d,0000,0,000,944d,944d
1356,1356,0,7200000000000000,80,0,0,944d,8980,0,0000,944d,0,93eb,0062,1,1,0,0,0000,944d,0000,0000,0000,0000,0,944d,944d,0000,0,000,944d,944d
1357,1357,0,7200000000000000,80,0,0,944d,8980,0,0000,944d,0,93eb,0062,1,1,0,0,0000,944d,0000,0000,0000,0000,0,944d,944d,0000,0,000,944d,944d
1358,1358,0,7200000000000000,80,0,0,944d,8980,0,0000,944d,0,93eb,0062,1,1,0,0,0000,944d,0000,0000,0000,0000,0,944d,944d,0000,0,000,944d,944d
1359,1359,0,7200000000000000,80,0,0,944d,8980,0,0000,944d,0,93eb,0062,1,1,0,0,0000,944d,0000,0000,0000,0000,0,944d,944d,0000,0,000,944d,944d
1360,1360,0,7200000000000000,80,0,0,944d,8980,0,0000,944d,0,93eb,0062,1,1,0,0,0000,944d,0000,0000,0000,0000,0,944d,944d,0000,0,000,944d,944d
1361,1361,0,7200000000000000,80,0,0,944d,8980,0,0000,944d,0,93eb,0062,1,1,0,0,0000,944d,0000,0000,0000,0000,0,944d,944d,0000,0,000,944d,944d
1362,1362,0,7200000000000000,80,0,0,944d,8980,0,0000,944d,0,93eb,0062,1,1,0,0,0000,944d,0000,0000,0000,0000,0,944d,944d,0000,0,000,944d,944d
1363,1363,0,7200000000000000,80,0,0,944d,8980,0,0000,944d,0,93eb,0062,1,1,0,0,0000,944d,0000,0000,0000,0000,0,944d,944d,0000,0,000,944d,944d
1364,1364,0,7200000000000000,80,0,0,944d,8980,0,0000,944d,0,93eb,0062,1,1,0,0,0000,944d,0000,0000,0000,0000,0,944d,944d,0000,0,000,944d,944d
1365,1365,0,7200000000000000,80,0,0,944d,8980,0,0000,944d,0,93eb,0062,1,1,0,0,0000,944d,0000,0000,0000,0000,0,944d,944d,0000,0,000,944d,944d
1366,1366,0,7200000000000000,80,0,0,944d,8980,0,0000,944d,0,93eb,0062,1,1,0,0,0000,944d,0000,0000,0000,0000,0,944d,944d,0000,0,000,944d,944d
1367,1367,0,7200000000000000,80,0,0,944d,8980,0,0000,944d,0,93eb,0062,1,1,0,0,0000,944d,0000,0000,0000,0000,0,944d,944d,0000,0,000,944d,944d
1368,1368,0,7200000000000000,80,0,0,944d,8980,0,0000,944d,0,93eb,0062,1,1,0,0,0000,944d,0000,0000,0000,0000,0,944d,944d,0000,0,000,944d,944d
1369,1369,0,7200000000000000,80,0,0,944d,8980,0,0000,944d,0,93eb,0062,1,1,0,0,0000,944d,0000,0000,0000,0000,0,944d,944d,0000,0,000,944d,944d
1370,1370,0,7200000000000000,80,0,0,944d,8980,0,0000,944d,0,93eb,0062,1,1,0,0,0000,944d,0000,0000,0000,0000,0,944d,944d,0000,0,000,944d,944d
1371,1371,0,7200000000000000,80,0,0,944d,8980,0,0000,944d,0,93eb,0062,1,1,0,0,0000,944d,0000,0000,0000,0000,0,944d,944d,0000,0,000,944d,944d
1372,1372,0,7200000000000000,80,0,0,944d,8980,0,0000,944d,0,93eb,0062,1,1,0,0,0000,944d,0000,0000,0000,0000,0,944d,944d,0000,0,000,944d,944d
1373,1373,0,7200000000000000,80,0,0,944d,8980,0,0000,944d,0,93eb,0062,1,1,0,0,0000,944d,0000,0000,0000,0000,0,944d,944d,0000,0,000,944d,944d
1374,1374,0,7200000000000000,80,0,0,944d,8980,0,0000,944d,0,93eb,0062,1,1,0,0,0000,944d,0000,0000,0000,0000,0,944d,944d,0000,0,000,944d,944d
1375,1375,0,7200000000000000,80,0,0,944d,8980,0,0000,944d,0,93eb,0062,1,1,0,0,0000,944d,0000,0000,0000,0000,0,944d,944d,0000,0,000,944d,944d
1376,1376,0,7200000000000000,80,0,0,944d,8980,0,0000,944d,0,93eb,0062,1,1,0,0,0000,944d,0000,0000,0000,0000,0,944d,944d,0000,0,000,944d,944d
1377,1377,0,7200000000000000,80,0,0,944d,8980,0,0000,944d,0,93eb,0062,1,1,0,0,0000,944d,0000,0000,0000,0000,0,944d,944d,0000,0,000,944d,944d
1378,1378,0,7200000000000000,80,0,0,944d,8980,0,0000,944d,0,93eb,0062,1,1,0,0,0000,944d,0000,0000,0000,0000,0,944d,944d,0000,0,000,944d,944d
1379,1379,0,7200000000000000,80,0,0,944d,8980,0,0000,944d,0,93eb,0062,1,1,0,0,0000,944d,0000,0000,0000,0000,0,944d,944d,0000,0,000,944d,944d
1380,1380,0,7200000000000000,80,0,0,944d,8980,0,0000,944d,0,93eb,0062,1,1,0,0,0000,944d,0000,0000,0000,0000,0,944d,944d,0000,0,000,944d,944d
1381,1381,0,7200000000000000,80,0,0,944d,8980,0,0000,944d,0,93eb,0062,1,1,0,0,0000,944d,0000,0000,0000,0000,0,944d,944d,0000,0,000,944d,944d
1382,1382,0,7200000000000000,80,0,0,944d,8980,0,0000,944d,0,93eb,0062,1,1,0,0,0000,944d,0000,0000,0000,0000,0,944d,944d,0000,0,000,944d,944d
1383,1383,0,7200000000000000,80,0,0,944d,8980,0,0000,944d,0,93eb,0062,1,1,0,0,0000,944d,0000,0000,0000,0000,0,944d,944d,0000,0,000,944d,944d
1384,1384,0,7200000000000000,80,0,0,944d,8980,0,0000,944d,0,93eb,0062,1,1,0,0,0000,944d,0000,0000,0000,0000,0,944d,944d,0000,0,000,944d,944d
1385,1385,0,7200000000000000,80,0,0,944d,8980,0,0000,944d,0,93eb,0062,1,1,0,0,0000,944d,0000,0000,0000,0000,0,944d,944d,0000,0,000,944d,944d
1386,1386,0,7200000000000000,80,0,0,944d,8980,0,0000,944d,0,93eb,0062,1,1,0,0,0000,944d,0000,0000,0000,0000,0,944d,944d,0000,0,000,944d,944d
1387,1387,0,7200000000000000,80,0,0,944d,8980,0,0000,944d,0,93eb,0062,1,1,0,0,0000,944d,0000,0000,0000,0000,0,944d,944d,0000,0,000,944d,944d
1388,1388,0,7200000000000000,80,0,0,944d,8980,0,0000,944d,0,93eb,0062,1,1,0,0,0000,944d,0000,0000,0000,0000,0,944d,944d,0000,0,000,944d,944d
1389,1389,0,7200000000000000,80,0,0,944d,8980,0,0000,944d,0,93eb,0062,1,1,0,0,0000,944d,0000,0000,0000,0000,0,944d,944d,0000,0,000,944d,944d
1390,1390,0,7200000000000000,80,0,0,944d,8980,0,0000,944d,0,93eb,0062,1,1,0,0,0000,944d,0000,0000,0000,0000,0,944d,944d,0000,0,000,944d,944d
1391,1391,0,7200000000000000,80,0,0,944d,8980,0,0000,944d,0,93eb,0062,1,1,0,0,0000,944d,0000,0000,0000,0000,0,944d,944d,0000,0,000,944d,944d
1392,1392,0,7200000000000000,80,0,0,944d,8980,0,0000,944d,0,93eb,0062,1,1,0,0,0000,944d,0000,0000,0000,0000,0,944d,944d,0000,0,000,944d,944d
1393,1393,0,7200000000000000,80,0,0,944d,8980,0,0000,944d,0,93eb,0062,1,1,0,0,0000,944d,0000,0000,0000,0000,0,944d,944d,0000,0,000,944d,944d
1394,1394,0,7200000000000000,80,0,0,944d,8980,0,0000,944d,0,93eb,0062,1,1,0,0,0000,944d,0000,0000,0000,0000,0,944d,944d,0000,0,000,944d,944d
1395,1395,0,7200000000000000,80,0,0,944d,8980,0,0000,944d,0,93eb,0062,1,1,0,0,0000,944d,0000,0000,0000,0000,0,944d,944d,0000,0,000,944d,944d
1396,1396,0,7200000000000000,80,0,0,944d,8980,0,0000,944d,0,93eb,0062,1,1,0,0,0000,944d,0000,0000,0000,0000,0,944d,944d,0000,0,000,944d,944d
1397,1397,0,7200000000000000,80,0,0,944d,8980,0,0000,944d,0,93eb,0062,1,1,0,0,0000,944d,0000,0000,0000,0000,0,944d,944d,0000,0,000,944d,944d
1398,1398,0,7200000000000000,80,0,0,944d,8980,0,0000,944d,0,93eb,0062,1,1,0,0,0000,944d,0000,0000,0000,0000,0,944d,944d,0000,0,000,944d,944d
1399,1399,0,7200000000000000,80,0,0,944d,8980,0,0000,944d,0,93eb,0062,1,1,0,0,0000,944d,0000,0000,0000,0000,0,944d,944d,0000,0,000,944d,944d
1400,1400,0,7200000000000000,80,0,0,944d,8980,0,0000,944d,0,93eb,0062,1,1,0,0,0000,944d,0000,0000,0000,0000,0,944d,944d,0000,0,000,944d,944d
1401,1401,0,7200000000000000,80,0,0,944d,8980,0,0000,944d,0,93eb,0062,1,1,0,0,0000,944d,0000,0000,0000,0000,0,944d,944d,0000,0,000,944d,944d
1402,1402,0,7200000000000000,80,0,0,944d,8980,0,0000,944d,0,93eb,0062,1,1,0,0,0000,944d,0000,0000,0000,0000,0,944d,944d,0000,0,000,944d,944d
1403,1403,0,7200000000000000,80,0,0,944d,8980,0,0000,944d,0,93eb,0062,1,1,0,0,0000,944d,0000,0000,0000,0000,0,944d,944d,0000,0,000,944d,944d
1404,1404,0,7200000000000000,80,0,0,944d,8980,0,0000,944d,0,93eb,0062,1,1,0,0,0000,944d,0000,0000,0000,0000,0,944d,944d,0000,0,000,944d,944d
1405,1405,0,7200000000000000,80,0,0,944d,8980,0,0000,944d,0,93eb,0062,1,1,0,0,0000,944d,0000,0000,0000,0000,0,944d,944d,0000,0,000,944d,944d
1406,1406,0,7200000000000000,80,0,0,944d,8980,0,0000,944d,0,93eb,0062,1,1,0,0,0000,944d,0000,0000,0000,0000,0,944d,944d,0000,0,000,944d,944d
1407,1407,0,7200000000000000,80,0,0,944d,8980,0,0000,944d,0,93eb,0062,1,1,0,0,0000,944d,0000,0000,0000,0000,0,944d,944d,0000,0,000,944d,944d
1408,1408,0,7200000000000000,80,0,0,944d,8980,0,0000,944d,0,93eb,0062,1,1,0,0,0000,944d,0000,0000,0000,0000,0,944d,944d,0000,0,000,944d,944d
1409,1409,0,7200000000000000,80,0,0,944d,8980,0,0000,944d,0,93eb,0062,1,1,0,0,0000,944d,0000,0000,0000,0000,0,944d,944d,0000,0,000,944d,944d
1410,1410,0,7200000000000000,80,0,0,944d,8980,0,0000,944d,0,93eb,0062,1,1,0,0,0000,944d,0000,0000,0000,0000,0,944d,944d,0000,0,000,944d,944d
1411,1411,0,7200000000000000,80,0,0,944d,8980,0,0000,944d,0,93eb,0062,1,1,0,0,0000,944d,0000,0000,0000,0000,0,944d,944d,0000,0,000,944d,944d
1412,1412,0,7200000000000000,80,0,0,944d,8980,0,0000,944d,0,93eb,0062,1,1,0,0,0000,944d,0000,0000,0000,0000,0,944d,944d,0000,0,000,944d,944d
1413,1413,0,7200000000000000,80,0,0,944d,8980,0,0000,944d,0,93eb,0062,1,1,0,0,0000,944d,0000,0000,0000,0000,0,944d,944d,0000,0,000,944d,944d
1414,1414,0,7200000000000000,80,0,0,944d,8980,0,0000,944d,0,93eb,0062,1,1,0,0,0000,944d,0000,0000,0000,0000,0,944d,944d,0000,0,000,944d,944d
1415,1415,0,7200000000000000,80,0,0,944d,8980,0,0000,944d,0,93eb,0062,1,1,0,0,0000,944d,0000,0000,0000,0000,0,944d,944d,0000,0,000,944d,944d
1416,1416,0,7200000000000000,80,0,0,944d,8980,0,0000,944d,0,93eb,0062,1,1,0,0,0000,944d,0000,0000,0000,0000,0,944d,944d,0000,0,000,944d,944d
1417,1417,0,7200000000000000,80,0,0,944d,8980,0,0000,944d,0,93eb,0062,1,1,0,0,0000,944d,0000,0000,0000,0000,0,944d,944d,0000,0,000,944d,944d
1418,1418,0,7200000000000000,80,0,0,944d,8980,0,0000,944d,0,93eb,0062,1,1,0,0,0000,944d,0000,0000,0000,0000,0,944d,944d,0000,0,000,944d,944d
1419,1419,0,7200000000000000,80,0,0,944d,8980,0,0000,944d,0,93eb,0062,1,1,0,0,0000,944d,0000,0000,0000,0000,0,944d,944d,0000,0,000,944d,944d
1420,1420,0,7200000000000000,80,0,0,944d,8980,0,0000,944d,0,93eb,0062,1,1,0,0,0000,944d,0000,0000,0000,0000,0,944d,944d,0000,0,000,944d,944d
1421,1421,0,7200000000000000,80,0,0,944d,8980,0,0000,944d,0,93eb,0062,1,1,0,0,0000,944d,0000,0000,0000,0000,0,944d,944d,0000,0,000,944d,944d
1422,1422,0,7200000000000000,80,0,0,944d,8980,0,0000,944d,0,93eb,0062,1,1,0,0,0000,944d,0000,0000,0000,0000,0,944d,944d,0000,0,000,944d,944d
1423,1423,0,7200000000000000,80,0,0,944d,8980,0,0000,944d,0,93eb,0062,1,1,0,0,0000,944d,0000,0000,0000,0000,0,944d,944d,0000,0,000,944d,944d
1424,1424,0,7200000000000000,80,0,0,944d,8980,0,0000,944d,0,93eb,0062,1,1,0,0,0000,944d,0000,0000,0000,0000,0,944d,944d,0000,0,000,944d,944d
1425,1425,0,7200000000000000,80,0,0,944d,8980,0,0000,944d,0,93eb,0062,1,1,0,0,0000,944d,0000,0000,0000,0000,0,944d,944d,0000,0,000,944d,944d
1426,1426,0,7200000000000000,80,0,0,944d,8980,0,0000,944d,0,93eb,0062,1,1,0,0,0000,944d,0000,0000,0000,0000,0,944d,944d,0000,0,000,944d,944d
1427,1427,0,7200000000000000,80,0,0,944d,8980,0,0000,944d,0,93eb,0062,1,1,0,0,0000,944d,0000,0000,0000,0000,0,944d,944d,0000,0,000,944d,944d
1428,1428,0,7200000000000000,80,0,0,944d,8980,0,0000,944d,0,93eb,0062,1,1,0,0,0000,944d,0000,0000,0000,0000,0,944d,944d,0000,0,000,944d,944d
1429,1429,0,7200000000000000,80,0,0,944d,8980,0,0000,944d,0,93eb,0062,1,1,0,0,0000,944d,0000,0000,0000,0000,0,944d,944d,0000,0,000,944d,944d
1430,1430,0,7200000000000000,80,0,0,944d,8980,0,0000,944d,0,93eb,0062,1,1,0,0,0000,944d,0000,0000,0000,0000,0,944d,944d,0000,0,000,944d,944d
1431,1431,0,7200000000000000,80,0,0,944d,8980,0,0000,944d,0,93eb,0062,1,1,0,0,0000,944d,0000,0000,0000,0000,0,944d,944d,0000,0,000,944d,944d
1432,1432,0,7200000000000000,80,0,0,944d,8980,0,0000,944d,0,93eb,0062,1,1,0,0,0000,944d,0000,0000,0000,0000,0,944d,944d,0000,0,000,944d,944d
1433,1433,0,7200000000000000,80,0,0,944d,8980,0,0000,944d,0,93eb,0062,1,1,0,0,0000,944d,0000,0000,0000,0000,0,944d,944d,0000,0,000,944d,944d
1434,1434,0,7200000000000000,80,0,0,944d,8980,0,0000,944d,0,93eb,0062,1,1,0,0,0000,944d,0000,0000,0000,0000,0,944d,944d,0000,0,000,944d,944d
1435,1435,0,7200000000000000,80,0,0,944d,8980,0,0000,944d,0,93eb,0062,1,1,0,0,0000,944d,0000,0000,0000,0000,0,944d,944d,0000,0,000,944d,944d
1436,1436,0,7200000000000000,80,0,0,944d,8980,0,0000,944d,0,93eb,0062,1,1,0,0,0000,944d,0000,0000,0000,0000,0,944d,944d,0000,0,000,944d,944d
1437,1437,0,7200000000000000,80,0,0,944d,8980,0,0000,944d,0,93eb,0062,1,1,0,0,0000,944d,0000,0000,0000,0000,0,944d,944d,0000,0,000,944d,944d
1438,1438,0,7200000000000000,80,0,0,944d,8980,0,0000,944d,0,93eb,0062,1,1,0,0,0000,944d,0000,0000,0000,0000,0,944d,944d,0000,0,000,944d,944d
1439,1439,0,7200000000000000,80,0,0,944d,8980,0,0000,944d,0,93eb,0062,1,1,0,0,0000,944d,0000,0000,0000,0000,0,944d,944d,0000,0,000,944d,944d
1440,1440,0,7200000000000000,80,0,0,944d,8980,0,0000,944d,0,93eb,0062,1,1,0,0,0000,944d,0000,0000,0000,0000,0,944d,944d,0000,0,000,944d,944d
1441,1441,0,7200000000000000,80,0,0,944d,8980,0,0000,944d,0,93eb,0062,1,1,0,0,0000,944d,0000,0000,0000,0000,0,944d,944d,0000,0,000,944d,944d
1442,1442,0,7200000000000000,80,0,0,944d,8980,0,0000,944d,0,93eb,0062,1,1,0,0,0000,944d,0000,0000,0000,0000,0,944d,944d,0000,0,000,944d,944d
1443,1443,0,7200000000000000,80,0,0,944d,8980,0,0000,944d,0,93eb,0062,1,1,0,0,0000,944d,0000,0000,0000,0000,0,944d,944d,0000,0,000,944d,944d
1444,1444,0,7200000000000000,80,0,0,944d,8980,0,0000,944d,0,93eb,0062,1,1,0,0,0000,944d,0000,0000,0000,0000,0,944d,944d,0000,0,000,944d,944d
1445,1445,0,7200000000000000,80,0,0,944d,8980,0,0000,944d,0,93eb,0062,1,1,0,0,0000,944d,0000,0000,0000,0000,0,944d,944d,0000,0,000,944d,944d
1446,1446,0,7200000000000000,80,0,0,944d,8980,0,0000,944d,0,93eb,0062,1,1,0,0,0000,944d,0000,0000,0000,0000,0,944d,944d,0000,0,000,944d,944d
1447,1447,0,7200000000000000,80,0,0,944d,8980,0,0000,944d,0,93eb,0062,1,1,0,0,0000,944d,0000,0000,0000,0000,0,944d,944d,0000,0,000,944d,944d
1448,1448,0,7200000000000000,80,0,0,944d,8980,0,0000,944d,0,93eb,0062,1,1,0,0,0000,944d,0000,0000,0000,0000,0,944d,944d,0000,0,000,944d,944d
1449,1449,0,7200000000000000,80,0,0,944d,8980,0,0000,944d,0,93eb,0062,1,1,0,0,0000,944d,0000,0000,0000,0000,0,944d,944d,0000,0,000,944d,944d
1450,1450,0,7200000000000000,80,0,0,944d,8980,0,0000,944d,0,93eb,0062,1,1,0,0,0000,944d,0000,0000,0000,0000,0,944d,944d,0000,0,000,944d,944d
1451,1451,0,7200000000000000,80,0,0,944d,8980,0,0000,944d,0,93eb,0062,1,1,0,0,0000,944d,0000,0000,0000,0000,0,944d,944d,0000,0,000,944d,944d
1452,1452,0,7200000000000000,80,0,0,944d,8980,0,0000,944d,0,93eb,0062,1,1,0,0,0000,944d,0000,0000,0000,0000,0,944d,944d,0000,0,000,944d,944d
1453,1453,0,7200000000000000,80,0,0,944d,8980,0,0000,944d,0,93eb,0062,1,1,0,0,0000,944d,0000,0000,0000,0000,0,944d,944d,0000,0,000,944d,944d
1454,1454,0,7200000000000000,80,0,0,944d,8980,0,0000,944d,0,93eb,0062,1,1,0,0,0000,944d,0000,0000,0000,0000,0,944d,944d,0000,0,000,944d,944d
1455,1455,0,7200000000000000,80,0,0,944d,8980,0,0000,944d,0,93eb,0062,1,1,0,0,0000,944d,0000,0000,0000,0000,0,944d,944d,0000,0,000,944d,944d
1456,1456,0,7200000000000000,80,0,0,944d,8980,0,0000,944d,0,93eb,0062,1,1,0,0,0000,944d,0000,0000,0000,0000,0,944d,944d,0000,0,000,944d,944d
1457,1457,0,7200000000000000,80,0,0,944d,8980,0,0000,944d,0,93eb,0062,1,1,0,0,0000,944d,0000,0000,0000,0000,0,944d,944d,0000,0,000,944d,944d
1458,1458,0,7200000000000000,80,0,0,944d,8980,0,0000,944d,0,93eb,0062,1,1,0,0,0000,944d,0000,0000,0000,0000,0,944d,944d,0000,0,000,944d,944d
1459,1459,0,7200000000000000,80,0,0,944d,8980,0,0000,944d,0,93eb,0062,1,1,0,0,0000,944d,0000,0000,0000,0000,0,944d,944d,0000,0,000,944d,944d
1460,1460,0,7200000000000000,80,0,0,944d,8980,0,0000,944d,0,93eb,0062,1,1,0,0,0000,944d,0000,0000,0000,0000,0,944d,944d,0000,0,000,944d,944d
1461,1461,0,7200000000000000,80,0,0,944d,8980,0,0000,944d,0,93eb,0062,1,1,0,0,0000,944d,0000,0000,0000,0000,0,944d,944d,0000,0,000,944d,944d
1462,1462,0,7200000000000000,80,0,0,944d,8980,0,0000,944d,0,93eb,0062,1,1,0,0,0000,944d,0000,0000,0000,0000,0,944d,944d,0000,0,000,944d,944d
1463,1463,0,7200000000000000,80,0,0,944d,8980,0,0000,944d,0,93eb,0062,1,1,0,0,0000,944d,0000,0000,0000,0000,0,944d,944d,0000,0,000,944d,944d
1464,1464,0,7200000000000000,80,0,0,944d,8980,0,0000,944d,0,93eb,0062,1,1,0,0,0000,944d,0000,0000,0000,0000,0,944d,944d,0000,0,000,944d,944d
1465,1465,0,7200000000000000,80,0,0,944d,8980,0,0000,944d,0,93eb,0062,1,1,0,0,0000,944d,0000,0000,0000,0000,0,944d,944d,0000,0,000,944d,944d
1466,1466,0,7200000000000000,80,0,0,944d,8980,0,0000,944d,0,93eb,0062,1,1,0,0,0000,944d,0000,0000,0000,0000,0,944d,944d,0000,0,000,944d,944d
1467,1467,0,7200000000000000,80,0,0,944d,8980,0,0000,944d,0,93eb,0062,1,1,0,0,0000,944d,0000,0000,0000,0000,0,944d,944d,0000,0,000,944d,944d
1468,1468,0,7200000000000000,80,0,0,944d,8980,0,0000,944d,0,93eb,0062,1,1,0,0,0000,944d,0000,0000,0000,0000,0,944d,944d,0000,0,000,944d,944d
1469,1469,0,7200000000000000,80,0,0,944d,8980,0,0000,944d,0,93eb,0062,1,1,0,0,0000,944d,0000,0000,0000,0000,0,944d,944d,0000,0,000,944d,944d
1470,1470,0,7200000000000000,80,0,0,944d,8980,0,0000,944d,0,93eb,0062,1,1,0,0,0000,944d,0000,0000,0000,0000,0,944d,944d,0000,0,000,944d,944d
1471,1471,0,7200000000000000,80,0,0,944d,8980,0,0000,944d,0,93eb,0062,1,1,0,0,0000,944d,0000,0000,0000,0000,0,944d,944d,0000,0,000,944d,944d
1472,1472,0,7200000000000000,80,0,0,944d,8980,0,0000,944d,0,93eb,0062,1,1,0,0,0000,944d,0000,0000,0000,0000,0,944d,944d,0000,0,000,944d,944d
1473,1473,0,7200000000000000,80,0,0,944d,8980,0,0000,944d,0,93eb,0062,1,1,0,0,0000,944d,0000,0000,0000,0000,0,944d,944d,0000,0,000,944d,944d
1474,1474,0,7200000000000000,80,0,0,944d,8980,0,0000,944d,0,93eb,0062,1,1,0,0,0000,944d,0000,0000,0000,0000,0,944d,944d,0000,0,000,944d,944d
1475,1475,0,7200000000000000,80,0,0,944d,8980,0,0000,944d,0,93eb,0062,1,1,0,0,0000,944d,0000,0000,0000,0000,0,944d,944d,0000,0,000,944d,944d
1476,1476,0,7200000000000000,80,0,0,944d,8980,0,0000,944d,0,93eb,0062,1,1,0,0,0000,944d,0000,0000,0000,0000,0,944d,944d,0000,0,000,944d,944d
1477,1477,0,7200000000000000,80,0,0,944d,8980,0,0000,944d,0,93eb,0062,1,1,0,0,0000,944d,0000,0000,0000,0000,0,944d,944d,0000,0,000,944d,944d
1478,1478,0,7200000000000000,80,0,0,944d,8980,0,0000,944d,0,93eb,0062,1,1,0,0,0000,944d,0000,0000,0000,0000,0,944d,944d,0000,0,000,944d,944d
1479,1479,0,7200000000000000,80,0,0,944d,8980,0,0000,944d,0,93eb,0062,1,1,0,0,0000,944d,0000,0000,0000,0000,0,944d,944d,0000,0,000,944d,944d
1480,1480,0,7200000000000000,80,0,0,944d,8980,0,0000,944d,0,93eb,0062,1,1,0,0,0000,944d,0000,0000,0000,0000,0,944d,944d,0000,0,000,944d,944d
1481,1481,0,7200000000000000,80,0,0,944d,8980,0,0000,944d,0,93eb,0062,1,1,0,0,0000,944d,0000,0000,0000,0000,0,944d,944d,0000,0,000,944d,944d
1482,1482,0,7200000000000000,80,0,0,944d,8980,0,0000,944d,0,93eb,0062,1,1,0,0,0000,944d,0000,0000,0000,0000,0,944d,944d,0000,0,000,944d,944d
1483,1483,0,7200000000000000,80,0,0,944d,8980,0,0000,944d,0,93eb,0062,1,1,0,0,0000,944d,0000,0000,0000,0000,0,944d,944d,0000,0,000,944d,944d
1484,1484,0,7200000000000000,80,0,0,944d,8980,0,0000,944d,0,93eb,0062,1,1,0,0,0000,944d,0000,0000,0000,0000,0,944d,944d,0000,0,000,944d,944d
1485,1485,0,7200000000000000,80,0,0,944d,8980,0,0000,944d,0,93eb,0062,1,1,0,0,0000,944d,0000,0000,0000,0000,0,944d,944d,0000,0,000,944d,944d
1486,1486,0,7200000000000000,80,0,0,944d,8980,0,0000,944d,0,93eb,0062,1,1,0,0,0000,944d,0000,0000,0000,0000,0,944d,944d,0000,0,000,944d,944d
1487,1487,0,7200000000000000,80,0,0,944d,8980,0,0000,944d,0,93eb,0062,1,1,0,0,0000,944d,0000,0000,0000,0000,0,944d,944d,0000,0,000,944d,944d
1488,1488,0,7200000000000000,80,0,0,944d,8980,0,0000,944d,0,93eb,0062,1,1,0,0,0000,944d,0000,0000,0000,0000,0,944d,944d,0000,0,000,944d,944d
1489,1489,0,7200000000000000,80,0,0,944d,8980,0,0000,944d,0,93eb,0062,1,1,0,0,0000,944d,0000,0000,0000,0000,0,944d,944d,0000,0,000,944d,944d
1490,1490,0,7200000000000000,80,0,0,944d,8980,0,0000,944d,0,93eb,0062,1,1,0,0,0000,944d,0000,0000,0000,0000,0,944d,944d,0000,0,000,944d,944d
1491,1491,0,7200000000000000,80,0,0,944d,8980,0,0000,944d,0,93eb,0062,1,1,0,0,0000,944d,0000,0000,0000,0000,0,944d,944d,0000,0,000,944d,944d
1492,1492,0,7200000000000000,80,0,0,944d,8980,0,0000,944d,0,93eb,0062,1,1,0,0,0000,944d,0000,0000,0000,0000,0,944d,944d,0000,0,000,944d,944d
1493,1493,0,7200000000000000,80,0,0,944d,8980,0,0000,944d,0,93eb,0062,1,1,0,0,0000,944d,0000,0000,0000,0000,0,944d,944d,0000,0,000,944d,944d
1494,1494,0,7200000000000000,80,0,0,944d,8980,0,0000,944d,0,93eb,0062,1,1,0,0,0000,944d,0000,0000,0000,0000,0,944d,944d,0000,0,000,944d,944d
1495,1495,0,7200000000000000,80,0,0,944d,8980,0,0000,944d,0,93eb,0062,1,1,0,0,0000,944d,0000,0000,0000,0000,0,944d,944d,0000,0,000,944d,944d
1496,1496,0,7200000000000000,80,0,0,944d,8980,0,0000,944d,0,93eb,0062,1,1,0,0,0000,944d,0000,0000,0000,0000,0,944d,944d,0000,0,000,944d,944d
1497,1497,0,7200000000000000,80,0,0,944d,8980,0,0000,944d,0,93eb,0062,1,1,0,0,0000,944d,0000,0000,0000,0000,0,944d,944d,0000,0,000,944d,944d
1498,1498,0,7200000000000000,80,0,0,944d,8980,0,0000,944d,0,93eb,0062,1,1,0,0,0000,944d,0000,0000,0000,0000,0,944d,944d,0000,0,000,944d,944d
1499,1499,0,7200000000000000,80,0,0,944d,8980,0,0000,944d,0,93eb,0062,1,1,0,0,0000,944d,0000,0000,0000,0000,0,944d,944d,0000,0,000,944d,944d
1500,1500,0,7200000000000000,80,0,0,944d,8980,0,0000,944d,0,93eb,0062,1,1,0,0,0000,944d,0000,0000,0000,0000,0,944d,944d,0000,0,000,944d,944d
1501,1501,0,7200000000000000,80,0,0,944d,8980,0,0000,944d,0,93eb,0062,1,1,0,0,0000,944d,0000,0000,0000,0000,0,944d,944d,0000,0,000,944d,944d
1502,1502,0,7200000000000000,80,0,0,944d,8980,0,0000,944d,0,93eb,0062,1,1,0,0,0000,944d,0000,0000,0000,0000,0,944d,944d,0000,0,000,944d,944d
1503,1503,0,7200000000000000,80,0,0,944d,8980,0,0000,944d,0,93eb,0062,1,1,0,0,0000,944d,0000,0000,0000,0000,0,944d,944d,0000,0,000,944d,944d
1504,1504,0,7200000000000000,80,0,0,944d,8980,0,0000,944d,0,93eb,0062,1,1,0,0,0000,944d,0000,0000,0000,0000,0,944d,944d,0000,0,000,944d,944d
1505,1505,0,7200000000000000,80,0,0,944d,8980,0,0000,944d,0,93eb,0062,1,1,0,0,0000,944d,0000,0000,0000,0000,0,944d,944d,0000,0,000,944d,944d
1506,1506,0,7200000000000000,80,0,0,944d,8980,0,0000,944d,0,93eb,0062,1,1,0,0,0000,944d,0000,0000,0000,0000,0,944d,944d,0000,0,000,944d,944d
1507,1507,0,7200000000000000,80,0,0,944d,8980,0,0000,944d,0,93eb,0062,1,1,0,0,0000,944d,0000,0000,0000,0000,0,944d,944d,0000,0,000,944d,944d
1508,1508,0,7200000000000000,80,0,0,944d,8980,0,0000,944d,0,93eb,0062,1,1,0,0,0000,944d,0000,0000,0000,0000,0,944d,944d,0000,0,000,944d,944d
1509,1509,0,7200000000000000,80,0,0,944d,8980,0,0000,944d,0,93eb,0062,1,1,0,0,0000,944d,0000,0000,0000,0000,0,944d,944d,0000,0,000,944d,944d
1510,1510,0,7200000000000000,80,0,0,944d,8980,0,0000,944d,0,93eb,0062,1,1,0,0,0000,944d,0000,0000,0000,0000,0,944d,944d,0000,0,000,944d,944d
1511,1511,0,7200000000000000,80,0,0,944d,8980,0,0000,944d,0,93eb,0062,1,1,0,0,0000,944d,0000,0000,0000,0000,0,944d,944d,0000,0,000,944d,944d
1512,1512,0,7200000000000000,80,0,0,944d,8980,0,0000,944d,0,93eb,0062,1,1,0,0,0000,944d,0000,0000,0000,0000,0,944d,944d,0000,0,000,944d,944d
1513,1513,0,7200000000000000,80,0,0,944d,8980,0,0000,944d,0,93eb,0062,1,1,0,0,0000,944d,0000,0000,0000,0000,0,944d,944d,0000,0,000,944d,944d
1514,1514,0,7200000000000000,80,0,0,944d,8980,0,0000,944d,0,93eb,0062,1,1,0,0,0000,944d,0000,0000,0000,0000,0,944d,944d,0000,0,000,944d,944d
1515,1515,0,7200000000000000,80,0,0,944d,8980,0,0000,944d,0,93eb,0062,1,1,0,0,0000,944d,0000,0000,0000,0000,0,944d,944d,0000,0,000,944d,944d
1516,1516,0,7200000000000000,80,0,0,944d,8980,0,0000,944d,0,93eb,0062,1,1,0,0,0000,944d,0000,0000,0000,0000,0,944d,944d,0000,0,000,944d,944d
1517,1517,0,7200000000000000,80,0,0,944d,8980,0,0000,944d,0,93eb,0062,1,1,0,0,0000,944d,0000,0000,0000,0000,0,944d,944d,0000,0,000,944d,944d
1518,1518,0,7200000000000000,80,0,0,944d,8980,0,0000,944d,0,93eb,0062,1,1,0,0,0000,944d,0000,0000,0000,0000,0,944d,944d,0000,0,000,944d,944d
1519,1519,0,7200000000000000,80,0,0,944d,8980,0,0000,944d,0,93eb,0062,1,1,0,0,0000,944d,0000,0000,0000,0000,0,944d,944d,0000,0,000,944d,944d
1520,1520,0,7200000000000000,80,0,0,944d,8980,0,0000,944d,0,93eb,0062,1,1,0,0,0000,944d,0000,0000,0000,0000,0,944d,944d,0000,0,000,944d,944d
1521,1521,0,7200000000000000,80,0,0,944d,8980,0,0000,944d,0,93eb,0062,1,1,0,0,0000,944d,0000,0000,0000,0000,0,944d,944d,0000,0,000,944d,944d
1522,1522,0,7200000000000000,80,0,0,944d,8980,0,0000,944d,0,93eb,0062,1,1,0,0,0000,944d,0000,0000,0000,0000,0,944d,944d,0000,0,000,944d,944d
1523,1523,0,7200000000000000,80,0,0,944d,8980,0,0000,944d,0,93eb,0062,1,1,0,0,0000,944d,0000,0000,0000,0000,0,944d,944d,0000,0,000,944d,944d
1524,1524,0,7200000000000000,80,0,0,944d,8980,0,0000,944d,0,93eb,0062,1,1,0,0,0000,944d,0000,0000,0000,0000,0,944d,944d,0000,0,000,944d,944d
1525,1525,0,7200000000000000,80,0,0,944d,8980,0,0000,944d,0,93eb,0062,1,1,0,0,0000,944d,0000,0000,0000,0000,0,944d,944d,0000,0,000,944d,944d
1526,1526,0,7200000000000000,80,0,0,944d,8980,0,0000,944d,0,93eb,0062,1,1,0,0,0000,944d,0000,0000,0000,0000,0,944d,944d,0000,0,000,944d,944d
1527,1527,0,7200000000000000,80,0,0,944d,8980,0,0000,944d,0,93eb,0062,1,1,0,0,0000,944d,0000,0000,0000,0000,0,944d,944d,0000,0,000,944d,944d
1528,1528,0,7200000000000000,80,0,0,944d,8980,0,0000,944d,0,93eb,0062,1,1,0,0,0000,944d,0000,0000,0000,0000,0,944d,944d,0000,0,000,944d,944d
1529,1529,0,7200000000000000,80,0,0,944d,8980,0,0000,944d,0,93eb,0062,1,1,0,0,0000,944d,0000,0000,0000,0000,0,944d,944d,0000,0,000,944d,944d
1530,1530,0,7200000000000000,80,0,0,944d,8980,0,0000,944d,0,93eb,0062,1,1,0,0,0000,944d,0000,0000,0000,0000,0,944d,944d,0000,0,000,944d,944d
1531,1531,0,7200000000000000,80,0,0,944d,8980,0,0000,944d,0,93eb,0062,1,1,0,0,0000,944d,0000,0000,0000,0000,0,944d,944d,0000,0,000,944d,944d
1532,1532,0,7200000000000000,80,0,0,944d,8980,0,0000,944d,0,93eb,0062,1,1,0,0,0000,944d,0000,0000,0000,0000,0,944d,944d,0000,0,000,944d,944d
1533,1533,0,7200000000000000,80,0,0,944d,8980,0,0000,944d,0,93eb,0062,1,1,0,0,0000,944d,0000,0000,0000,0000,0,944d,944d,0000,0,000,944d,944d
1534,1534,0,7200000000000000,80,0,0,944d,8980,0,0000,944d,0,93eb,0062,1,1,0,0,0000,944d,0000,0000,0000,0000,0,944d,944d,0000,0,000,944d,944d
1535,1535,0,7200000000000000,80,0,0,944d,8980,0,0000,944d,0,93eb,0062,1,1,0,0,0000,944d,0000,0000,0000,0000,0,944d,944d,0000,0,000,944d,944d
1536,1536,0,7200000000000000,80,0,0,944d,8980,0,0000,944d,0,93eb,0062,1,1,0,0,0000,944d,0000,0000,0000,0000,0,944d,944d,0000,0,000,944d,944d
1537,1537,0,7200000000000000,80,0,0,944d,8980,0,0000,944d,0,93eb,0062,1,1,0,0,0000,944d,0000,0000,0000,0000,0,944d,944d,0000,0,000,944d,944d
1538,1538,0,7200000000000000,80,0,0,944d,8980,0,0000,944d,0,93eb,0062,1,1,0,0,0000,944d,0000,0000,0000,0000,0,944d,944d,0000,0,000,944d,944d
1539,1539,0,7200000000000000,80,0,0,944d,8980,0,0000,944d,0,93eb,0062,1,1,0,0,0000,944d,0000,0000,0000,0000,0,944d,944d,0000,0,000,944d,944d
1540,1540,0,7200000000000000,80,0,0,944d,8980,0,0000,944d,0,93eb,0062,1,1,0,0,0000,944d,0000,0000,0000,0000,0,944d,944d,0000,0,000,944d,944d
1541,1541,0,7200000000000000,80,0,0,944d,8980,0,0000,944d,0,93eb,0062,1,1,0,0,0000,944d,0000,0000,0000,0000,0,944d,944d,0000,0,000,944d,944d
1542,1542,0,7200000000000000,80,0,0,944d,8980,0,0000,944d,0,93eb,0062,1,1,0,0,0000,944d,0000,0000,0000,0000,0,944d,944d,0000,0,000,944d,944d
1543,1543,0,7200000000000000,80,0,0,944d,8980,0,0000,944d,0,93eb,0062,1,1,0,0,0000,944d,0000,0000,0000,0000,0,944d,944d,0000,0,000,944d,944d
1544,1544,0,7200000000000000,80,0,0,944d,8980,0,0000,944d,0,93eb,0062,1,1,0,0,0000,944d,0000,0000,0000,0000,0,944d,944d,0000,0,000,944d,944d
1545,1545,0,7200000000000000,80,0,0,944d,8980,0,0000,944d,0,93eb,0062,1,1,0,0,0000,944d,0000,0000,0000,0000,0,944d,944d,0000,0,000,944d,944d
1546,1546,0,7200000000000000,80,0,0,944d,8980,0,0000,944d,0,93eb,0062,1,1,0,0,0000,944d,0000,0000,0000,0000,0,944d,944d,0000,0,000,944d,944d
1547,1547,0,7200000000000000,80,0,0,944d,8980,0,0000,944d,0,93eb,0062,1,1,0,0,0000,944d,0000,0000,0000,0000,0,944d,944d,0000,0,000,944d,944d
1548,1548,0,7200000000000000,80,0,0,944d,8980,0,0000,944d,0,93eb,0062,1,1,0,0,0000,944d,0000,0000,0000,0000,0,944d,944d,0000,0,000,944d,944d
1549,1549,0,7200000000000000,80,0,0,944d,8980,0,0000,944d,0,93eb,0062,1,1,0,0,0000,944d,0000,0000,0000,0000,0,944d,944d,0000,0,000,944d,944d
1550,1550,0,7200000000000000,80,0,0,944d,8980,0,0000,944d,0,93eb,0062,1,1,0,0,0000,944d,0000,0000,0000,0000,0,944d,944d,0000,0,000,944d,944d
1551,1551,0,7200000000000000,80,0,0,944d,8980,0,0000,944d,0,93eb,0062,1,1,0,0,0000,944d,0000,0000,0000,0000,0,944d,944d,0000,0,000,944d,944d
1552,1552,0,7200000000000000,80,0,0,944d,8980,0,0000,944d,0,93eb,0062,1,1,0,0,0000,944d,0000,0000,0000,0000,0,944d,944d,0000,0,000,944d,944d
1553,1553,0,7200000000000000,80,0,0,944d,8980,0,0000,944d,0,93eb,0062,1,1,0,0,0000,944d,0000,0000,0000,0000,0,944d,944d,0000,0,000,944d,944d
1554,1554,0,7200000000000000,80,0,0,944d,8980,0,0000,944d,0,93eb,0062,1,1,0,0,0000,944d,0000,0000,0000,0000,0,944d,944d,0000,0,000,944d,944d
1555,1555,0,7200000000000000,80,0,0,944d,8980,0,0000,944d,0,93eb,0062,1,1,0,0,0000,944d,0000,0000,0000,0000,0,944d,944d,0000,0,000,944d,944d
1556,1556,0,7200000000000000,80,0,0,944d,8980,0,0000,944d,0,93eb,0062,1,1,0,0,0000,944d,0000,0000,0000,0000,0,944d,944d,0000,0,000,944d,944d
1557,1557,0,7200000000000000,80,0,0,944d,8980,0,0000,944d,0,93eb,0062,1,1,0,0,0000,944d,0000,0000,0000,0000,0,944d,944d,0000,0,000,944d,944d
1558,1558,0,7200000000000000,80,0,0,944d,8980,0,0000,944d,0,93eb,0062,1,1,0,0,0000,944d,0000,0000,0000,0000,0,944d,944d,0000,0,000,944d,944d
1559,1559,0,7200000000000000,80,0,0,944d,8980,0,0000,944d,0,93eb,0062,1,1,0,0,0000,944d,0000,0000,0000,0000,0,944d,944d,0000,0,000,944d,944d
1560,1560,0,7200000000000000,80,0,0,944d,8980,0,0000,944d,0,93eb,0062,1,1,0,0,0000,944d,0000,0000,0000,0000,0,944d,944d,0000,0,000,944d,944d
1561,1561,0,7200000000000000,80,0,0,944d,8980,0,0000,944d,0,93eb,0062,1,1,0,0,0000,944d,0000,0000,0000,0000,0,944d,944d,0000,0,000,944d,944d
1562,1562,0,7200000000000000,80,0,0,944d,8980,0,0000,944d,0,93eb,0062,1,1,0,0,0000,944d,0000,0000,0000,0000,0,944d,944d,0000,0,000,944d,944d
1563,1563,0,7200000000000000,80,0,0,944d,8980,0,0000,944d,0,93eb,0062,1,1,0,0,0000,944d,0000,0000,0000,0000,0,944d,944d,0000,0,000,944d,944d
1564,1564,0,7200000000000000,80,0,0,944d,8980,0,0000,944d,0,93eb,0062,1,1,0,0,0000,944d,0000,0000,0000,0000,0,944d,944d,0000,0,000,944d,944d
1565,1565,0,7200000000000000,80,0,0,944d,8980,0,0000,944d,0,93eb,0062,1,1,0,0,0000,944d,0000,0000,0000,0000,0,944d,944d,0000,0,000,944d,944d
1566,1566,0,7200000000000000,80,0,0,944d,8980,0,0000,944d,0,93eb,0062,1,1,0,0,0000,944d,0000,0000,0000,0000,0,944d,944d,0000,0,000,944d,944d
1567,1567,0,7200000000000000,80,0,0,944d,8980,0,0000,944d,0,93eb,0062,1,1,0,0,0000,944d,0000,0000,0000,0000,0,944d,944d,0000,0,000,944d,944d
1568,1568,0,7200000000000000,80,0,0,944d,8980,0,0000,944d,0,93eb,0062,1,1,0,0,0000,944d,0000,0000,0000,0000,0,944d,944d,0000,0,000,944d,944d
1569,1569,0,7200000000000000,80,0,0,944d,8980,0,0000,944d,0,93eb,0062,1,1,0,0,0000,944d,0000,0000,0000,0000,0,944d,944d,0000,0,000,944d,944d
1570,1570,0,7200000000000000,80,0,0,944d,8980,0,0000,944d,0,93eb,0062,1,1,0,0,0000,944d,0000,0000,0000,0000,0,944d,944d,0000,0,000,944d,944d
1571,1571,0,7200000000000000,80,0,0,944d,8980,0,0000,944d,0,93eb,0062,1,1,0,0,0000,944d,0000,0000,0000,0000,0,944d,944d,0000,0,000,944d,944d
1572,1572,0,7200000000000000,80,0,0,944d,8980,0,0000,944d,0,93eb,0062,1,1,0,0,0000,944d,0000,0000,0000,0000,0,944d,944d,0000,0,000,944d,944d
1573,1573,0,7200000000000000,80,0,0,944d,8980,0,0000,944d,0,93eb,0062,1,1,0,0,0000,944d,0000,0000,0000,0000,0,944d,944d,0000,0,000,944d,944d
1574,1574,0,7200000000000000,80,0,0,944d,8980,0,0000,944d,0,93eb,0062,1,1,0,0,0000,944d,0000,0000,0000,0000,0,944d,944d,0000,0,000,944d,944d
1575,1575,0,7200000000000000,80,0,0,944d,8980,0,0000,944d,0,93eb,0062,1,1,0,0,0000,944d,0000,0000,0000,0000,0,944d,944d,0000,0,000,944d,944d
1576,1576,0,7200000000000000,80,0,0,944d,8980,0,0000,944d,0,93eb,0062,1,1,0,0,0000,944d,0000,0000,0000,0000,0,944d,944d,0000,0,000,944d,944d
1577,1577,0,7200000000000000,80,0,0,944d,8980,0,0000,944d,0,93eb,0062,1,1,0,0,0000,944d,0000,0000,0000,0000,0,944d,944d,0000,0,000,944d,944d
1578,1578,0,7200000000000000,80,0,0,944d,8980,0,0000,944d,0,93eb,0062,1,1,0,0,0000,944d,0000,0000,0000,0000,0,944d,944d,0000,0,000,944d,944d
1579,1579,0,7200000000000000,80,0,0,944d,8980,0,0000,944d,0,93eb,0062,1,1,0,0,0000,944d,0000,0000,0000,0000,0,944d,944d,0000,0,000,944d,944d
1580,1580,0,7200000000000000,80,0,0,944d,8980,0,0000,944d,0,93eb,0062,1,1,0,0,0000,944d,0000,0000,0000,0000,0,944d,944d,0000,0,000,944d,944d
1581,1581,0,7200000000000000,80,0,0,944d,8980,0,0000,944d,0,93eb,0062,1,1,0,0,0000,944d,0000,0000,0000,0000,0,944d,944d,0000,0,000,944d,944d
1582,1582,0,7200000000000000,80,0,0,944d,8980,0,0000,944d,0,93eb,0062,1,1,0,0,0000,944d,0000,0000,0000,0000,0,944d,944d,0000,0,000,944d,944d
1583,1583,0,7200000000000000,80,0,0,944d,8980,0,0000,944d,0,93eb,0062,1,1,0,0,0000,944d,0000,0000,0000,0000,0,944d,944d,0000,0,000,944d,944d
1584,1584,0,7200000000000000,80,0,0,944d,8980,0,0000,944d,0,93eb,0062,1,1,0,0,0000,944d,0000,0000,0000,0000,0,944d,944d,0000,0,000,944d,944d
1585,1585,0,7200000000000000,80,0,0,944d,8980,0,0000,944d,0,93eb,0062,1,1,0,0,0000,944d,0000,0000,0000,0000,0,944d,944d,0000,0,000,944d,944d
1586,1586,0,7200000000000000,80,0,0,944d,8980,0,0000,944d,0,93eb,0062,1,1,0,0,0000,944d,0000,0000,0000,0000,0,944d,944d,0000,0,000,944d,944d
1587,1587,0,7200000000000000,80,0,0,944d,8980,0,0000,944d,0,93eb,0062,1,1,0,0,0000,944d,0000,0000,0000,0000,0,944d,944d,0000,0,000,944d,944d
1588,1588,0,7200000000000000,80,0,0,944d,8980,0,0000,944d,0,93eb,0062,1,1,0,0,0000,944d,0000,0000,0000,0000,0,944d,944d,0000,0,000,944d,944d
1589,1589,0,7200000000000000,80,0,0,944d,8980,0,0000,944d,0,93eb,0062,1,1,0,0,0000,944d,0000,0000,0000,0000,0,944d,944d,0000,0,000,944d,944d
1590,1590,0,7200000000000000,80,0,0,944d,8980,0,0000,944d,0,93eb,0062,1,1,0,0,0000,944d,0000,0000,0000,0000,0,944d,944d,0000,0,000,944d,944d
1591,1591,0,7200000000000000,80,0,0,944d,8980,0,0000,944d,0,93eb,0062,1,1,0,0,0000,944d,0000,0000,0000,0000,0,944d,944d,0000,0,000,944d,944d
1592,1592,0,7200000000000000,80,0,0,944d,8980,0,0000,944d,0,93eb,0062,1,1,0,0,0000,944d,0000,0000,0000,0000,0,944d,944d,0000,0,000,944d,944d
1593,1593,0,7200000000000000,80,0,0,944d,8980,0,0000,944d,0,93eb,0062,1,1,0,0,0000,944d,0000,0000,0000,0000,0,944d,944d,0000,0,000,944d,944d
1594,1594,0,7200000000000000,80,0,0,944d,8980,0,0000,944d,0,93eb,0062,1,1,0,0,0000,944d,0000,0000,0000,0000,0,944d,944d,0000,0,000,944d,944d
1595,1595,0,7200000000000000,80,0,0,944d,8980,0,0000,944d,0,93eb,0062,1,1,0,0,0000,944d,0000,0000,0000,0000,0,944d,944d,0000,0,000,944d,944d
1596,1596,0,7200000000000000,80,0,0,944d,8980,0,0000,944d,0,93eb,0062,1,1,0,0,0000,944d,0000,0000,0000,0000,0,944d,944d,0000,0,000,944d,944d
1597,1597,0,7200000000000000,80,0,0,944d,8980,0,0000,944d,0,93eb,0062,1,1,0,0,0000,944d,0000,0000,0000,0000,0,944d,944d,0000,0,000,944d,944d
1598,1598,0,7200000000000000,80,0,0,944d,8980,0,0000,944d,0,93eb,0062,1,1,0,0,0000,944d,0000,0000,0000,0000,0,944d,944d,0000,0,000,944d,944d
1599,1599,0,7200000000000000,80,0,0,944d,8980,0,0000,944d,0,93eb,0062,1,1,0,0,0000,944d,0000,0000,0000,0000,0,944d,944d,0000,0,000,944d,944d
1600,1600,0,7200000000000000,80,0,0,944d,8980,0,0000,944d,0,93eb,0062,1,1,0,0,0000,944d,0000,0000,0000,0000,0,944d,944d,0000,0,000,944d,944d
1601,1601,0,7200000000000000,80,0,0,944d,8980,0,0000,944d,0,93eb,0062,1,1,0,0,0000,944d,0000,0000,0000,0000,0,944d,944d,0000,0,000,944d,944d
1602,1602,0,7200000000000000,80,0,0,944d,8980,0,0000,944d,0,93eb,0062,1,1,0,0,0000,944d,0000,0000,0000,0000,0,944d,944d,0000,0,000,944d,944d
1603,1603,0,7200000000000000,80,0,0,944d,8980,0,0000,944d,0,93eb,0062,1,1,0,0,0000,944d,0000,0000,0000,0000,0,944d,944d,0000,0,000,944d,944d
1604,1604,0,7200000000000000,80,0,0,944d,8980,0,0000,944d,0,93eb,0062,1,1,0,0,0000,944d,0000,0000,0000,0000,0,944d,944d,0000,0,000,944d,944d
1605,1605,0,7200000000000000,80,0,0,944d,8980,0,0000,944d,0,93eb,0062,1,1,0,0,0000,944d,0000,0000,0000,0000,0,944d,944d,0000,0,000,944d,944d
1606,1606,0,7200000000000000,80,0,0,944d,8980,0,0000,944d,0,93eb,0062,1,1,0,0,0000,944d,0000,0000,0000,0000,0,944d,944d,0000,0,000,944d,944d
1607,1607,0,7200000000000000,80,0,0,944d,8980,0,0000,944d,0,93eb,0062,1,1,0,0,0000,944d,0000,0000,0000,0000,0,944d,944d,0000,0,000,944d,944d
1608,1608,0,7200000000000000,80,0,0,944d,8980,0,0000,944d,0,93eb,0062,1,1,0,0,0000,944d,0000,0000,0000,0000,0,944d,944d,0000,0,000,944d,944d
1609,1609,0,7200000000000000,80,0,0,944d,8980,0,0000,944d,0,93eb,0062,1,1,0,0,0000,944d,0000,0000,0000,0000,0,944d,944d,0000,0,000,944d,944d
1610,1610,0,7200000000000000,80,0,0,944d,8980,0,0000,944d,0,93eb,0062,1,1,0,0,0000,944d,0000,0000,0000,0000,0,944d,944d,0000,0,000,944d,944d
1611,1611,0,7200000000000000,80,0,0,944d,8980,0,0000,944d,0,93eb,0062,1,1,0,0,0000,944d,0000,0000,0000,0000,0,944d,944d,0000,0,000,944d,944d
1612,1612,0,7200000000000000,80,0,0,944d,8980,0,0000,944d,0,93eb,0062,1,1,0,0,0000,944d,0000,0000,0000,0000,0,944d,944d,0000,0,000,944d,944d
1613,1613,0,7200000000000000,80,0,0,944d,8980,0,0000,944d,0,93eb,0062,1,1,0,0,0000,944d,0000,0000,0000,0000,0,944d,944d,0000,0,000,944d,944d
1614,1614,0,7200000000000000,80,0,0,944d,8980,0,0000,944d,0,93eb,0062,1,1,0,0,0000,944d,0000,0000,0000,0000,0,944d,944d,0000,0,000,944d,944d
1615,1615,0,7200000000000000,80,0,0,944d,8980,0,0000,944d,0,93eb,0062,1,1,0,0,0000,944d,0000,0000,0000,0000,0,944d,944d,0000,0,000,944d,944d
1616,1616,0,7200000000000000,80,0,0,944d,8980,0,0000,944d,0,93eb,0062,1,1,0,0,0000,944d,0000,0000,0000,0000,0,944d,944d,0000,0,000,944d,944d
1617,1617,0,7200000000000000,80,0,0,944d,8980,0,0000,944d,0,93eb,0062,1,1,0,0,0000,944d,0000,0000,0000,0000,0,944d,944d,0000,0,000,944d,944d
1618,1618,0,7200000000000000,80,0,0,944d,8980,0,0000,944d,0,93eb,0062,1,1,0,0,0000,944d,0000,0000,0000,0000,0,944d,944d,0000,0,000,944d,944d
1619,1619,0,7200000000000000,80,0,0,944d,8980,0,0000,944d,0,93eb,0062,1,1,0,0,0000,944d,0000,0000,0000,0000,0,944d,944d,0000,0,000,944d,944d
1620,1620,0,7200000000000000,80,0,0,944d,8980,0,0000,944d,0,93eb,0062,1,1,0,0,0000,944d,0000,0000,0000,0000,0,944d,944d,0000,0,000,944d,944d
1621,1621,0,7200000000000000,80,0,0,944d,8980,0,0000,944d,0,93eb,0062,1,1,0,0,0000,944d,0000,0000,0000,0000,0,944d,944d,0000,0,000,944d,944d
1622,1622,0,7200000000000000,80,0,0,944d,8980,0,0000,944d,0,93eb,0062,1,1,0,0,0000,944d,0000,0000,0000,0000,0,944d,944d,0000,0,000,944d,944d
1623,1623,0,7200000000000000,80,0,0,944d,8980,0,0000,944d,0,93eb,0062,1,1,0,0,0000,944d,0000,0000,0000,0000,0,944d,944d,0000,0,000,944d,944d
1624,1624,0,7200000000000000,80,0,0,944d,8980,0,0000,944d,0,93eb,0062,1,1,0,0,0000,944d,0000,0000,0000,0000,0,944d,944d,0000,0,000,944d,944d
1625,1625,0,7200000000000000,80,0,0,944d,8980,0,0000,944d,0,93eb,0062,1,1,0,0,0000,944d,0000,0000,0000,0000,0,944d,944d,0000,0,000,944d,944d
1626,1626,0,7200000000000000,80,0,0,944d,8980,0,0000,944d,0,93eb,0062,1,1,0,0,0000,944d,0000,0000,0000,0000,0,944d,944d,0000,0,000,944d,944d
1627,1627,0,7200000000000000,80,0,0,944d,8980,0,0000,944d,0,93eb,0062,1,1,0,0,0000,944d,0000,0000,0000,0000,0,944d,944d,0000,0,000,944d,944d
1628,1628,0,7200000000000000,80,0,0,944d,8980,0,0000,944d,0,93eb,0062,1,1,0,0,0000,944d,0000,0000,0000,0000,0,944d,944d,0000,0,000,944d,944d
1629,1629,0,7200000000000000,80,0,0,944d,8980,0,0000,944d,0,93eb,0062,1,1,0,0,0000,944d,0000,0000,0000,0000,0,944d,944d,0000,0,000,944d,944d
1630,1630,0,7200000000000000,80,0,0,944d,8980,0,0000,944d,0,93eb,0062,1,1,0,0,0000,944d,0000,0000,0000,0000,0,944d,944d,0000,0,000,944d,944d
1631,1631,0,7200000000000000,80,0,0,944d,8980,0,0000,944d,0,93eb,0062,1,1,0,0,0000,944d,0000,0000,0000,0000,0,944d,944d,0000,0,000,944d,944d
1632,1632,0,7200000000000000,80,0,0,944d,8980,0,0000,944d,0,93eb,0062,1,1,0,0,0000,944d,0000,0000,0000,0000,0,944d,944d,0000,0,000,944d,944d
1633,1633,0,7200000000000000,80,0,0,944d,8980,0,0000,944d,0,93eb,0062,1,1,0,0,0000,944d,0000,0000,0000,0000,0,944d,944d,0000,0,000,944d,944d
1634,1634,0,7200000000000000,80,0,0,944d,8980,0,0000,944d,0,93eb,0062,1,1,0,0,0000,944d,0000,0000,0000,0000,0,944d,944d,0000,0,000,944d,944d
1635,1635,0,7200000000000000,80,0,0,944d,8980,0,0000,944d,0,93eb,0062,1,1,0,0,0000,944d,0000,0000,0000,0000,0,944d,944d,0000,0,000,944d,944d
1636,1636,0,7200000000000000,80,0,0,944d,8980,0,0000,944d,0,93eb,0062,1,1,0,0,0000,944d,0000,0000,0000,0000,0,944d,944d,0000,0,000,944d,944d
1637,1637,0,7200000000000000,80,0,0,944d,8980,0,0000,944d,0,93eb,0062,1,1,0,0,0000,944d,0000,0000,0000,0000,0,944d,944d,0000,0,000,944d,944d
1638,1638,0,7200000000000000,80,0,0,944d,8980,0,0000,944d,0,93eb,0062,1,1,0,0,0000,944d,0000,0000,0000,0000,0,944d,944d,0000,0,000,944d,944d
1639,1639,0,7200000000000000,80,0,0,944d,8980,0,0000,944d,0,93eb,0062,1,1,0,0,0000,944d,0000,0000,0000,0000,0,944d,944d,0000,0,000,944d,944d
1640,1640,0,7200000000000000,80,0,0,944d,8980,0,0000,944d,0,93eb,0062,1,1,0,0,0000,944d,0000,0000,0000,0000,0,944d,944d,0000,0,000,944d,944d
1641,1641,0,7200000000000000,80,0,0,944d,8980,0,0000,944d,0,93eb,0062,1,1,0,0,0000,944d,0000,0000,0000,0000,0,944d,944d,0000,0,000,944d,944d
1642,1642,0,7200000000000000,80,0,0,944d,8980,0,0000,944d,0,93eb,0062,1,1,0,0,0000,944d,0000,0000,0000,0000,0,944d,944d,0000,0,000,944d,944d
1643,1643,0,7200000000000000,80,0,0,944d,8980,0,0000,944d,0,93eb,0062,1,1,0,0,0000,944d,0000,0000,0000,0000,0,944d,944d,0000,0,000,944d,944d
1644,1644,0,7200000000000000,80,0,0,944d,8980,0,0000,944d,0,93eb,0062,1,1,0,0,0000,944d,0000,0000,0000,0000,0,944d,944d,0000,0,000,944d,944d
1645,1645,0,7200000000000000,80,0,0,944d,8980,0,0000,944d,0,93eb,0062,1,1,0,0,0000,944d,0000,0000,0000,0000,0,944d,944d,0000,0,000,944d,944d
1646,1646,0,7200000000000000,80,0,0,944d,8980,0,0000,944d,0,93eb,0062,1,1,0,0,0000,944d,0000,0000,0000,0000,0,944d,944d,0000,0,000,944d,944d
1647,1647,0,7200000000000000,80,0,0,944d,8980,0,0000,944d,0,93eb,0062,1,1,0,0,0000,944d,0000,0000,0000,0000,0,944d,944d,0000,0,000,944d,944d
1648,1648,0,7200000000000000,80,0,0,944d,8980,0,0000,944d,0,93eb,0062,1,1,0,0,0000,944d,0000,0000,0000,0000,0,944d,944d,0000,0,000,944d,944d
1649,1649,0,7200000000000000,80,0,0,944d,8980,0,0000,944d,0,93eb,0062,1,1,0,0,0000,944d,0000,0000,0000,0000,0,944d,944d,0000,0,000,944d,944d
1650,1650,0,7200000000000000,80,0,0,944d,8980,0,0000,944d,0,93eb,0062,1,1,0,0,0000,944d,0000,0000,0000,0000,0,944d,944d,0000,0,000,944d,944d
1651,1651,0,7200000000000000,80,0,0,944d,8980,0,0000,944d,0,93eb,0062,1,1,0,0,0000,944d,0000,0000,0000,0000,0,944d,944d,0000,0,000,944d,944d
1652,1652,0,7200000000000000,80,0,0,944d,8980,0,0000,944d,0,93eb,0062,1,1,0,0,0000,944d,0000,0000,0000,0000,0,944d,944d,0000,0,000,944d,944d
1653,1653,0,7200000000000000,80,0,0,944d,8980,0,0000,944d,0,93eb,0062,1,1,0,0,0000,944d,0000,0000,0000,0000,0,944d,944d,0000,0,000,944d,944d
1654,1654,0,7200000000000000,80,0,0,944d,8980,0,0000,944d,0,93eb,0062,1,1,0,0,0000,944d,0000,0000,0000,0000,0,944d,944d,0000,0,000,944d,944d
1655,1655,0,7200000000000000,80,0,0,944d,8980,0,0000,944d,0,93eb,0062,1,1,0,0,0000,944d,0000,0000,0000,0000,0,944d,944d,0000,0,000,944d,944d
1656,1656,0,7200000000000000,80,0,0,944d,8980,0,0000,944d,0,93eb,0062,1,1,0,0,0000,944d,0000,0000,0000,0000,0,944d,944d,0000,0,000,944d,944d
1657,1657,0,7200000000000000,80,0,0,944d,8980,0,0000,944d,0,93eb,0062,1,1,0,0,0000,944d,0000,0000,0000,0000,0,944d,944d,0000,0,000,944d,944d
1658,1658,0,7200000000000000,80,0,0,944d,8980,0,0000,944d,0,93eb,0062,1,1,0,0,0000,944d,0000,0000,0000,0000,0,944d,944d,0000,0,000,944d,944d
1659,1659,0,7200000000000000,80,0,0,944d,8980,0,0000,944d,0,93eb,0062,1,1,0,0,0000,944d,0000,0000,0000,0000,0,944d,944d,0000,0,000,944d,944d
1660,1660,0,7200000000000000,80,0,0,944d,8980,0,0000,944d,0,93eb,0062,1,1,0,0,0000,944d,0000,0000,0000,0000,0,944d,944d,0000,0,000,944d,944d
1661,1661,0,7200000000000000,80,0,0,944d,8980,0,0000,944d,0,93eb,0062,1,1,0,0,0000,944d,0000,0000,0000,0000,0,944d,944d,0000,0,000,944d,944d
1662,1662,0,7200000000000000,80,0,0,944d,8980,0,0000,944d,0,93eb,0062,1,1,0,0,0000,944d,0000,0000,0000,0000,0,944d,944d,0000,0,000,944d,944d
1663,1663,0,7200000000000000,80,0,0,944d,8980,0,0000,944d,0,93eb,0062,1,1,0,0,0000,944d,0000,0000,0000,0000,0,944d,944d,0000,0,000,944d,944d
1664,1664,0,7200000000000000,80,0,0,944d,8980,0,0000,944d,0,93eb,0062,1,1,0,0,0000,944d,0000,0000,0000,0000,0,944d,944d,0000,0,000,944d,944d
1665,1665,0,7200000000000000,80,0,0,944d,8980,0,0000,944d,0,93eb,0062,1,1,0,0,0000,944d,0000,0000,0000,0000,0,944d,944d,0000,0,000,944d,944d
1666,1666,0,7200000000000000,80,0,0,944d,8980,0,0000,944d,0,93eb,0062,1,1,0,0,0000,944d,0000,0000,0000,0000,0,944d,944d,0000,0,000,944d,944d
1667,1667,0,7200000000000000,80,0,0,944d,8980,0,0000,944d,0,93eb,0062,1,1,0,0,0000,944d,0000,0000,0000,0000,0,944d,944d,0000,0,000,944d,944d
1668,1668,0,7200000000000000,80,0,0,944d,8980,0,0000,944d,0,93eb,0062,1,1,0,0,0000,944d,0000,0000,0000,0000,0,944d,944d,0000,0,000,944d,944d
1669,1669,0,7200000000000000,80,0,0,944d,8980,0,0000,944d,0,93eb,0062,1,1,0,0,0000,944d,0000,0000,0000,0000,0,944d,944d,0000,0,000,944d,944d
1670,1670,0,7200000000000000,80,0,0,944d,8980,0,0000,944d,0,93eb,0062,1,1,0,0,0000,944d,0000,0000,0000,0000,0,944d,944d,0000,0,000,944d,944d
1671,1671,0,7200000000000000,80,0,0,944d,8980,0,0000,944d,0,93eb,0062,1,1,0,0,0000,944d,0000,0000,0000,0000,0,944d,944d,0000,0,000,944d,944d
1672,1672,0,7200000000000000,80,0,0,944d,8980,0,0000,944d,0,93eb,0062,1,1,0,0,0000,944d,0000,0000,0000,0000,0,944d,944d,0000,0,000,944d,944d
1673,1673,0,7200000000000000,80,0,0,944d,8980,0,0000,944d,0,93eb,0062,1,1,0,0,0000,944d,0000,0000,0000,0000,0,944d,944d,0000,0,000,944d,944d
1674,1674,0,7200000000000000,80,0,0,944d,8980,0,0000,944d,0,93eb,0062,1,1,0,0,0000,944d,0000,0000,0000,0000,0,944d,944d,0000,0,000,944d,944d
1675,1675,0,7200000000000000,80,0,0,944d,8980,0,0000,944d,0,93eb,0062,1,1,0,0,0000,944d,0000,0000,0000,0000,0,944d,944d,0000,0,000,944d,944d
1676,1676,0,7200000000000000,80,0,0,944d,8980,0,0000,944d,0,93eb,0062,1,1,0,0,0000,944d,0000,0000,0000,0000,0,944d,944d,0000,0,000,944d,944d
1677,1677,0,7200000000000000,80,0,0,944d,8980,0,0000,944d,0,93eb,0062,1,1,0,0,0000,944d,0000,0000,0000,0000,0,944d,944d,0000,0,000,944d,944d
1678,1678,0,7200000000000000,80,0,0,944d,8980,0,0000,944d,0,93eb,0062,1,1,0,0,0000,944d,0000,0000,0000,0000,0,944d,944d,0000,0,000,944d,944d
1679,1679,0,7200000000000000,80,0,0,944d,8980,0,0000,944d,0,93eb,0062,1,1,0,0,0000,944d,0000,0000,0000,0000,0,944d,944d,0000,0,000,944d,944d
1680,1680,0,7200000000000000,80,0,0,944d,8980,0,0000,944d,0,93eb,0062,1,1,0,0,0000,944d,0000,0000,0000,0000,0,944d,944d,0000,0,000,944d,944d
1681,1681,0,7200000000000000,80,0,0,944d,8980,0,0000,944d,0,93eb,0062,1,1,0,0,0000,944d,0000,0000,0000,0000,0,944d,944d,0000,0,000,944d,944d
1682,1682,0,7200000000000000,80,0,0,944d,8980,0,0000,944d,0,93eb,0062,1,1,0,0,0000,944d,0000,0000,0000,0000,0,944d,944d,0000,0,000,944d,944d
1683,1683,0,7200000000000000,80,0,0,944d,8980,0,0000,944d,0,93eb,0062,1,1,0,0,0000,944d,0000,0000,0000,0000,0,944d,944d,0000,0,000,944d,944d
1684,1684,0,7200000000000000,80,0,0,944d,8980,0,0000,944d,0,93eb,0062,1,1,0,0,0000,944d,0000,0000,0000,0000,0,944d,944d,0000,0,000,944d,944d
1685,1685,0,7200000000000000,80,0,0,944d,8980,0,0000,944d,0,93eb,0062,1,1,0,0,0000,944d,0000,0000,0000,0000,0,944d,944d,0000,0,000,944d,944d
1686,1686,0,7200000000000000,80,0,0,944d,8980,0,0000,944d,0,93eb,0062,1,1,0,0,0000,944d,0000,0000,0000,0000,0,944d,944d,0000,0,000,944d,944d
1687,1687,0,7200000000000000,80,0,0,944d,8980,0,0000,944d,0,93eb,0062,1,1,0,0,0000,944d,0000,0000,0000,0000,0,944d,944d,0000,0,000,944d,944d
1688,1688,0,7200000000000000,80,0,0,944d,8980,0,0000,944d,0,93eb,0062,1,1,0,0,0000,944d,0000,0000,0000,0000,0,944d,944d,0000,0,000,944d,944d
1689,1689,0,7200000000000000,80,0,0,944d,8980,0,0000,944d,0,93eb,0062,1,1,0,0,0000,944d,0000,0000,0000,0000,0,944d,944d,0000,0,000,944d,944d
1690,1690,0,7200000000000000,80,0,0,944d,8980,0,0000,944d,0,93eb,0062,1,1,0,0,0000,944d,0000,0000,0000,0000,0,944d,944d,0000,0,000,944d,944d
1691,1691,0,7200000000000000,80,0,0,944d,8980,0,0000,944d,0,93eb,0062,1,1,0,0,0000,944d,0000,0000,0000,0000,0,944d,944d,0000,0,000,944d,944d
1692,1692,0,7200000000000000,80,0,0,944d,8980,0,0000,944d,0,93eb,0062,1,1,0,0,0000,944d,0000,0000,0000,0000,0,944d,944d,0000,0,000,944d,944d
1693,1693,0,7200000000000000,80,0,0,944d,8980,0,0000,944d,0,93eb,0062,1,1,0,0,0000,944d,0000,0000,0000,0000,0,944d,944d,0000,0,000,944d,944d
1694,1694,0,7200000000000000,80,0,0,944d,8980,0,0000,944d,0,93eb,0062,1,1,0,0,0000,944d,0000,0000,0000,0000,0,944d,944d,0000,0,000,944d,944d
1695,1695,0,7200000000000000,80,0,0,944d,8980,0,0000,944d,0,93eb,0062,1,1,0,0,0000,944d,0000,0000,0000,0000,0,944d,944d,0000,0,000,944d,944d
1696,1696,0,7200000000000000,80,0,0,944d,8980,0,0000,944d,0,93eb,0062,1,1,0,0,0000,944d,0000,0000,0000,0000,0,944d,944d,0000,0,000,944d,944d
1697,1697,0,7200000000000000,80,0,0,944d,8980,0,0000,944d,0,93eb,0062,1,1,0,0,0000,944d,0000,0000,0000,0000,0,944d,944d,0000,0,000,944d,944d
1698,1698,0,7200000000000000,80,0,0,944d,8980,0,0000,944d,0,93eb,0062,1,1,0,0,0000,944d,0000,0000,0000,0000,0,944d,944d,0000,0,000,944d,944d
1699,1699,0,7200000000000000,80,0,0,944d,8980,0,0000,944d,0,93eb,0062,1,1,0,0,0000,944d,0000,0000,0000,0000,0,944d,944d,0000,0,000,944d,944d
1700,1700,0,7200000000000000,80,0,0,944d,8980,0,0000,944d,0,93eb,0062,1,1,0,0,0000,944d,0000,0000,0000,0000,0,944d,944d,0000,0,000,944d,944d
1701,1701,0,7200000000000000,80,0,0,944d,8980,0,0000,944d,0,93eb,0062,1,1,0,0,0000,944d,0000,0000,0000,0000,0,944d,944d,0000,0,000,944d,944d
1702,1702,0,7200000000000000,80,0,0,944d,8980,0,0000,944d,0,93eb,0062,1,1,0,0,0000,944d,0000,0000,0000,0000,0,944d,944d,0000,0,000,944d,944d
1703,1703,0,7200000000000000,80,0,0,944d,8980,0,0000,944d,0,93eb,0062,1,1,0,0,0000,944d,0000,0000,0000,0000,0,944d,944d,0000,0,000,944d,944d
1704,1704,0,7200000000000000,80,0,0,944d,8980,0,0000,944d,0,93eb,0062,1,1,0,0,0000,944d,0000,0000,0000,0000,0,944d,944d,0000,0,000,944d,944d
1705,1705,0,7200000000000000,80,0,0,944d,8980,0,0000,944d,0,93eb,0062,1,1,0,0,0000,944d,0000,0000,0000,0000,0,944d,944d,0000,0,000,944d,944d
1706,1706,0,7200000000000000,80,0,0,944d,8980,0,0000,944d,0,93eb,0062,1,1,0,0,0000,944d,0000,0000,0000,0000,0,944d,944d,0000,0,000,944d,944d
1707,1707,0,7200000000000000,80,0,0,944d,8980,0,0000,944d,0,93eb,0062,1,1,0,0,0000,944d,0000,0000,0000,0000,0,944d,944d,0000,0,000,944d,944d
1708,1708,0,7200000000000000,80,0,0,944d,8980,0,0000,944d,0,93eb,0062,1,1,0,0,0000,944d,0000,0000,0000,0000,0,944d,944d,0000,0,000,944d,944d
1709,1709,0,7200000000000000,80,0,0,944d,8980,0,0000,944d,0,93eb,0062,1,1,0,0,0000,944d,0000,0000,0000,0000,0,944d,944d,0000,0,000,944d,944d
1710,1710,0,7200000000000000,80,0,0,944d,8980,0,0000,944d,0,93eb,0062,1,1,0,0,0000,944d,0000,0000,0000,0000,0,944d,944d,0000,0,000,944d,944d
1711,1711,0,7200000000000000,80,0,0,944d,8980,0,0000,944d,0,93eb,0062,1,1,0,0,0000,944d,0000,0000,0000,0000,0,944d,944d,0000,0,000,944d,944d
1712,1712,0,7200000000000000,80,0,0,944d,8980,0,0000,944d,0,93eb,0062,1,1,0,0,0000,944d,0000,0000,0000,0000,0,944d,944d,0000,0,000,944d,944d
1713,1713,0,7200000000000000,80,0,0,944d,8980,0,0000,944d,0,93eb,0062,1,1,0,0,0000,944d,0000,0000,0000,0000,0,944d,944d,0000,0,000,944d,944d
1714,1714,0,7200000000000000,80,0,0,944d,8980,0,0000,944d,0,93eb,0062,1,1,0,0,0000,944d,0000,0000,0000,0000,0,944d,944d,0000,0,000,944d,944d
1715,1715,0,7200000000000000,80,0,0,944d,8980,0,0000,944d,0,93eb,0062,1,1,0,0,0000,944d,0000,0000,0000,0000,0,944d,944d,0000,0,000,944d,944d
1716,1716,0,7200000000000000,80,0,0,944d,8980,0,0000,944d,0,93eb,0062,1,1,0,0,0000,944d,0000,0000,0000,0000,0,944d,944d,0000,0,000,944d,944d
1717,1717,0,7200000000000000,80,0,0,944d,8980,0,0000,944d,0,93eb,0062,1,1,0,0,0000,944d,0000,0000,0000,0000,0,944d,944d,0000,0,000,944d,944d
1718,1718,0,7200000000000000,80,0,0,944d,8980,0,0000,944d,0,93eb,0062,1,1,0,0,0000,944d,0000,0000,0000,0000,0,944d,944d,0000,0,000,944d,944d
1719,1719,0,7200000000000000,80,0,0,944d,8980,0,0000,944d,0,93eb,0062,1,1,0,0,0000,944d,0000,0000,0000,0000,0,944d,944d,0000,0,000,944d,944d
1720,1720,0,7200000000000000,80,0,0,944d,8980,0,0000,944d,0,93eb,0062,1,1,0,0,0000,944d,0000,0000,0000,0000,0,944d,944d,0000,0,000,944d,944d
1721,1721,0,7200000000000000,80,0,0,944d,8980,0,0000,944d,0,93eb,0062,1,1,0,0,0000,944d,0000,0000,0000,0000,0,944d,944d,0000,0,000,944d,944d
1722,1722,0,7200000000000000,80,0,0,944d,8980,0,0000,944d,0,93eb,0062,1,1,0,0,0000,944d,0000,0000,0000,0000,0,944d,944d,0000,0,000,944d,944d
1723,1723,0,7200000000000000,80,0,0,944d,8980,0,0000,944d,0,93eb,0062,1,1,0,0,0000,944d,0000,0000,0000,0000,0,944d,944d,0000,0,000,944d,944d
1724,1724,0,7200000000000000,80,0,0,944d,8980,0,0000,944d,0,93eb,0062,1,1,0,0,0000,944d,0000,0000,0000,0000,0,944d,944d,0000,0,000,944d,944d
1725,1725,0,7200000000000000,80,0,0,944d,8980,0,0000,944d,0,93eb,0062,1,1,0,0,0000,944d,0000,0000,0000,0000,0,944d,944d,0000,0,000,944d,944d
1726,1726,0,7200000000000000,80,0,0,944d,8980,0,0000,944d,0,93eb,0062,1,1,0,0,0000,944d,0000,0000,0000,0000,0,944d,944d,0000,0,000,944d,944d
1727,1727,0,7200000000000000,80,0,0,944d,8980,0,0000,944d,0,93eb,0062,1,1,0,0,0000,944d,0000,0000,0000,0000,0,944d,944d,0000,0,000,944d,944d
1728,1728,0,7200000000000000,80,0,0,944d,8980,0,0000,944d,0,93eb,0062,1,1,0,0,0000,944d,0000,0000,0000,0000,0,944d,944d,0000,0,000,944d,944d
1729,1729,0,7200000000000000,80,0,0,944d,8980,0,0000,944d,0,93eb,0062,1,1,0,0,0000,944d,0000,0000,0000,0000,0,944d,944d,0000,0,000,944d,944d
1730,1730,0,7200000000000000,80,0,0,944d,8980,0,0000,944d,0,93eb,0062,1,1,0,0,0000,944d,0000,0000,0000,0000,0,944d,944d,0000,0,000,944d,944d
1731,1731,0,7200000000000000,80,0,0,944d,8980,0,0000,944d,0,93eb,0062,1,1,0,0,0000,944d,0000,0000,0000,0000,0,944d,944d,0000,0,000,944d,944d
1732,1732,0,7200000000000000,80,0,0,944d,8980,0,0000,944d,0,93eb,0062,1,1,0,0,0000,944d,0000,0000,0000,0000,0,944d,944d,0000,0,000,944d,944d
1733,1733,0,7200000000000000,80,0,0,944d,8980,0,0000,944d,0,93eb,0062,1,1,0,0,0000,944d,0000,0000,0000,0000,0,944d,944d,0000,0,000,944d,944d
1734,1734,0,7200000000000000,80,0,0,944d,8980,0,0000,944d,0,93eb,0062,1,1,0,0,0000,944d,0000,0000,0000,0000,0,944d,944d,0000,0,000,944d,944d
1735,1735,0,7200000000000000,80,0,0,944d,8980,0,0000,944d,0,93eb,0062,1,1,0,0,0000,944d,0000,0000,0000,0000,0,944d,944d,0000,0,000,944d,944d
1736,1736,0,7200000000000000,80,0,0,944d,8980,0,0000,944d,0,93eb,0062,1,1,0,0,0000,944d,0000,0000,0000,0000,0,944d,944d,0000,0,000,944d,944d
1737,1737,0,7200000000000000,80,0,0,944d,8980,0,0000,944d,0,93eb,0062,1,1,0,0,0000,944d,0000,0000,0000,0000,0,944d,944d,0000,0,000,944d,944d
1738,1738,0,7200000000000000,80,0,0,944d,8980,0,0000,944d,0,93eb,0062,1,1,0,0,0000,944d,0000,0000,0000,0000,0,944d,944d,0000,0,000,944d,944d
1739,1739,0,7200000000000000,80,0,0,944d,8980,0,0000,944d,0,93eb,0062,1,1,0,0,0000,944d,0000,0000,0000,0000,0,944d,944d,0000,0,000,944d,944d
1740,1740,0,7200000000000000,80,0,0,944d,8980,0,0000,944d,0,93eb,0062,1,1,0,0,0000,944d,0000,0000,0000,0000,0,944d,944d,0000,0,000,944d,944d
1741,1741,0,7200000000000000,80,0,0,944d,8980,0,0000,944d,0,93eb,0062,1,1,0,0,0000,944d,0000,0000,0000,0000,0,944d,944d,0000,0,000,944d,944d
1742,1742,0,7200000000000000,80,0,0,944d,8980,0,0000,944d,0,93eb,0062,1,1,0,0,0000,944d,0000,0000,0000,0000,0,944d,944d,0000,0,000,944d,944d
1743,1743,0,7200000000000000,80,0,0,944d,8980,0,0000,944d,0,93eb,0062,1,1,0,0,0000,944d,0000,0000,0000,0000,0,944d,944d,0000,0,000,944d,944d
1744,1744,0,7200000000000000,80,0,0,944d,8980,0,0000,944d,0,93eb,0062,1,1,0,0,0000,944d,0000,0000,0000,0000,0,944d,944d,0000,0,000,944d,944d
1745,1745,0,7200000000000000,80,0,0,944d,8980,0,0000,944d,0,93eb,0062,1,1,0,0,0000,944d,0000,0000,0000,0000,0,944d,944d,0000,0,000,944d,944d
1746,1746,0,7200000000000000,80,0,0,944d,8980,0,0000,944d,0,93eb,0062,1,1,0,0,0000,944d,0000,0000,0000,0000,0,944d,944d,0000,0,000,944d,944d
1747,1747,0,7200000000000000,80,0,0,944d,8980,0,0000,944d,0,93eb,0062,1,1,0,0,0000,944d,0000,0000,0000,0000,0,944d,944d,0000,0,000,944d,944d
1748,1748,0,7200000000000000,80,0,0,944d,8980,0,0000,944d,0,93eb,0062,1,1,0,0,0000,944d,0000,0000,0000,0000,0,944d,944d,0000,0,000,944d,944d
1749,1749,0,7200000000000000,80,0,0,944d,8980,0,0000,944d,0,93eb,0062,1,1,0,0,0000,944d,0000,0000,0000,0000,0,944d,944d,0000,0,000,944d,944d
1750,1750,0,7200000000000000,80,0,0,944d,8980,0,0000,944d,0,93eb,0062,1,1,0,0,0000,944d,0000,0000,0000,0000,0,944d,944d,0000,0,000,944d,944d
1751,1751,0,7200000000000000,80,0,0,944d,8980,0,0000,944d,0,93eb,0062,1,1,0,0,0000,944d,0000,0000,0000,0000,0,944d,944d,0000,0,000,944d,944d
1752,1752,0,7200000000000000,80,0,0,944d,8980,0,0000,944d,0,93eb,0062,1,1,0,0,0000,944d,0000,0000,0000,0000,0,944d,944d,0000,0,000,944d,944d
1753,1753,0,7200000000000000,80,0,0,944d,8980,0,0000,944d,0,93eb,0062,1,1,0,0,0000,944d,0000,0000,0000,0000,0,944d,944d,0000,0,000,944d,944d
1754,1754,0,7200000000000000,80,0,0,944d,8980,0,0000,944d,0,93eb,0062,1,1,0,0,0000,944d,0000,0000,0000,0000,0,944d,944d,0000,0,000,944d,944d
1755,1755,0,7200000000000000,80,0,0,944d,8980,0,0000,944d,0,93eb,0062,1,1,0,0,0000,944d,0000,0000,0000,0000,0,944d,944d,0000,0,000,944d,944d
1756,1756,0,7200000000000000,80,0,0,944d,8980,0,0000,944d,0,93eb,0062,1,1,0,0,0000,944d,0000,0000,0000,0000,0,944d,944d,0000,0,000,944d,944d
1757,1757,0,7200000000000000,80,0,0,944d,8980,0,0000,944d,0,93eb,0062,1,1,0,0,0000,944d,0000,0000,0000,0000,0,944d,944d,0000,0,000,944d,944d
1758,1758,0,7200000000000000,80,0,0,944d,8980,0,0000,944d,0,93eb,0062,1,1,0,0,0000,944d,0000,0000,0000,0000,0,944d,944d,0000,0,000,944d,944d
1759,1759,0,7200000000000000,80,0,0,944d,8980,0,0000,944d,0,93eb,0062,1,1,0,0,0000,944d,0000,0000,0000,0000,0,944d,944d,0000,0,000,944d,944d
1760,1760,0,7200000000000000,80,0,0,944d,8980,0,0000,944d,0,93eb,0062,1,1,0,0,0000,944d,0000,0000,0000,0000,0,944d,944d,0000,0,000,944d,944d
1761,1761,0,7200000000000000,80,0,0,944d,8980,0,0000,944d,0,93eb,0062,1,1,0,0,0000,944d,0000,0000,0000,0000,0,944d,944d,0000,0,000,944d,944d
1762,1762,0,7200000000000000,80,0,0,944d,8980,0,0000,944d,0,93eb,0062,1,1,0,0,0000,944d,0000,0000,0000,0000,0,944d,944d,0000,0,000,944d,944d
1763,1763,0,7200000000000000,80,0,0,944d,8980,0,0000,944d,0,93eb,0062,1,1,0,0,0000,944d,0000,0000,0000,0000,0,944d,944d,0000,0,000,944d,944d
1764,1764,0,7200000000000000,80,0,0,944d,8980,0,0000,944d,0,93eb,0062,1,1,0,0,0000,944d,0000,0000,0000,0000,0,944d,944d,0000,0,000,944d,944d
1765,1765,0,7200000000000000,80,0,0,944d,8980,0,0000,944d,0,93eb,0062,1,1,0,0,0000,944d,0000,0000,0000,0000,0,944d,944d,0000,0,000,944d,944d
1766,1766,0,7200000000000000,80,0,0,944d,8980,0,0000,944d,0,93eb,0062,1,1,0,0,0000,944d,0000,0000,0000,0000,0,944d,944d,0000,0,000,944d,944d
1767,1767,0,7200000000000000,80,0,0,944d,8980,0,0000,944d,0,93eb,0062,1,1,0,0,0000,944d,0000,0000,0000,0000,0,944d,944d,0000,0,000,944d,944d
1768,1768,0,7200000000000000,80,0,0,944d,8980,0,0000,944d,0,93eb,0062,1,1,0,0,0000,944d,0000,0000,0000,0000,0,944d,944d,0000,0,000,944d,944d
1769,1769,0,7200000000000000,80,0,0,944d,8980,0,0000,944d,0,93eb,0062,1,1,0,0,0000,944d,0000,0000,0000,0000,0,944d,944d,0000,0,000,944d,944d
1770,1770,0,7200000000000000,80,0,0,944d,8980,0,0000,944d,0,93eb,0062,1,1,0,0,0000,944d,0000,0000,0000,0000,0,944d,944d,0000,0,000,944d,944d
1771,1771,0,7200000000000000,80,0,0,944d,8980,0,0000,944d,0,93eb,0062,1,1,0,0,0000,944d,0000,0000,0000,0000,0,944d,944d,0000,0,000,944d,944d
1772,1772,0,7200000000000000,80,0,0,944d,8980,0,0000,944d,0,93eb,0062,1,1,0,0,0000,944d,0000,0000,0000,0000,0,944d,944d,0000,0,000,944d,944d
1773,1773,0,7200000000000000,80,0,0,944d,8980,0,0000,944d,0,93eb,0062,1,1,0,0,0000,944d,0000,0000,0000,0000,0,944d,944d,0000,0,000,944d,944d
1774,1774,0,7200000000000000,80,0,0,944d,8980,0,0000,944d,0,93eb,0062,1,1,0,0,0000,944d,0000,0000,0000,0000,0,944d,944d,0000,0,000,944d,944d
1775,1775,0,7200000000000000,80,0,0,944d,8980,0,0000,944d,0,93eb,0062,1,1,0,0,0000,944d,0000,0000,0000,0000,0,944d,944d,0000,0,000,944d,944d
1776,1776,0,7200000000000000,80,0,0,944d,8980,0,0000,944d,0,93eb,0062,1,1,0,0,0000,944d,0000,0000,0000,0000,0,944d,944d,0000,0,000,944d,944d
1777,1777,0,7200000000000000,80,0,0,944d,8980,0,0000,944d,0,93eb,0062,1,1,0,0,0000,944d,0000,0000,0000,0000,0,944d,944d,0000,0,000,944d,944d
1778,1778,0,7200000000000000,80,0,0,944d,8980,0,0000,944d,0,93eb,0062,1,1,0,0,0000,944d,0000,0000,0000,0000,0,944d,944d,0000,0,000,944d,944d
1779,1779,0,7200000000000000,80,0,0,944d,8980,0,0000,944d,0,93eb,0062,1,1,0,0,0000,944d,0000,0000,0000,0000,0,944d,944d,0000,0,000,944d,944d
1780,1780,0,7200000000000000,80,0,0,944d,8980,0,0000,944d,0,93eb,0062,1,1,0,0,0000,944d,0000,0000,0000,0000,0,944d,944d,0000,0,000,944d,944d
1781,1781,0,7200000000000000,80,0,0,944d,8980,0,0000,944d,0,93eb,0062,1,1,0,0,0000,944d,0000,0000,0000,0000,0,944d,944d,0000,0,000,944d,944d
1782,1782,0,7200000000000000,80,0,0,944d,8980,0,0000,944d,0,93eb,0062,1,1,0,0,0000,944d,0000,0000,0000,0000,0,944d,944d,0000,0,000,944d,944d
1783,1783,0,7200000000000000,80,0,0,944d,8980,0,0000,944d,0,93eb,0062,1,1,0,0,0000,944d,0000,0000,0000,0000,0,944d,944d,0000,0,000,944d,944d
1784,1784,0,7200000000000000,80,0,0,944d,8980,0,0000,944d,0,93eb,0062,1,1,0,0,0000,944d,0000,0000,0000,0000,0,944d,944d,0000,0,000,944d,944d
1785,1785,0,7200000000000000,80,0,0,944d,8980,0,0000,944d,0,93eb,0062,1,1,0,0,0000,944d,0000,0000,0000,0000,0,944d,944d,0000,0,000,944d,944d
1786,1786,0,7200000000000000,80,0,0,944d,8980,0,0000,944d,0,93eb,0062,1,1,0,0,0000,944d,0000,0000,0000,0000,0,944d,944d,0000,0,000,944d,944d
1787,1787,0,7200000000000000,80,0,0,944d,8980,0,0000,944d,0,93eb,0062,1,1,0,0,0000,944d,0000,0000,0000,0000,0,944d,944d,0000,0,000,944d,944d
1788,1788,0,7200000000000000,80,0,0,944d,8980,0,0000,944d,0,93eb,0062,1,1,0,0,0000,944d,0000,0000,0000,0000,0,944d,944d,0000,0,000,944d,944d
1789,1789,0,7200000000000000,80,0,0,944d,8980,0,0000,944d,0,93eb,0062,1,1,0,0,0000,944d,0000,0000,0000,0000,0,944d,944d,0000,0,000,944d,944d
1790,1790,0,7200000000000000,80,0,0,944d,8980,0,0000,944d,0,93eb,0062,1,1,0,0,0000,944d,0000,0000,0000,0000,0,944d,944d,0000,0,000,944d,944d
1791,1791,0,7200000000000000,80,0,0,944d,8980,0,0000,944d,0,93eb,0062,1,1,0,0,0000,944d,0000,0000,0000,0000,0,944d,944d,0000,0,000,944d,944d
1792,1792,0,7200000000000000,80,0,0,944d,8980,0,0000,944d,0,93eb,0062,1,1,0,0,0000,944d,0000,0000,0000,0000,0,944d,944d,0000,0,000,944d,944d
1793,1793,0,7200000000000000,80,0,0,944d,8980,0,0000,944d,0,93eb,0062,1,1,0,0,0000,944d,0000,0000,0000,0000,0,944d,944d,0000,0,000,944d,944d
1794,1794,0,7200000000000000,80,0,0,944d,8980,0,0000,944d,0,93eb,0062,1,1,0,0,0000,944d,0000,0000,0000,0000,0,944d,944d,0000,0,000,944d,944d
1795,1795,0,7200000000000000,80,0,0,944d,8980,0,0000,944d,0,93eb,0062,1,1,0,0,0000,944d,0000,0000,0000,0000,0,944d,944d,0000,0,000,944d,944d
1796,1796,0,7200000000000000,80,0,0,944d,8980,0,0000,944d,0,93eb,0062,1,1,0,0,0000,944d,0000,0000,0000,0000,0,944d,944d,0000,0,000,944d,944d
1797,1797,0,7200000000000000,80,0,0,944d,8980,0,0000,944d,0,93eb,0062,1,1,0,0,0000,944d,0000,0000,0000,0000,0,944d,944d,0000,0,000,944d,944d
1798,1798,0,7200000000000000,80,0,0,944d,8980,0,0000,944d,0,93eb,0062,1,1,0,0,0000,944d,0000,0000,0000,0000,0,944d,944d,0000,0,000,944d,944d
1799,1799,0,7200000000000000,80,0,0,944d,8980,0,0000,944d,0,93eb,0062,1,1,0,0,0000,944d,0000,0000,0000,0000,0,944d,944d,0000,0,000,944d,944d
1800,1800,0,7200000000000000,80,0,0,944d,8980,0,0000,944d,0,93eb,0062,1,1,0,0,0000,944d,0000,0000,0000,0000,0,944d,944d,0000,0,000,944d,944d
1801,1801,0,7200000000000000,80,0,0,944d,8980,0,0000,944d,0,93eb,0062,1,1,0,0,0000,944d,0000,0000,0000,0000,0,944d,944d,0000,0,000,944d,944d
1802,1802,0,7200000000000000,80,0,0,944d,8980,0,0000,944d,0,93eb,0062,1,1,0,0,0000,944d,0000,0000,0000,0000,0,944d,944d,0000,0,000,944d,944d
1803,1803,0,7200000000000000,80,0,0,944d,8980,0,0000,944d,0,93eb,0062,1,1,0,0,0000,944d,0000,0000,0000,0000,0,944d,944d,0000,0,000,944d,944d
1804,1804,0,7200000000000000,80,0,0,944d,8980,0,0000,944d,0,93eb,0062,1,1,0,0,0000,944d,0000,0000,0000,0000,0,944d,944d,0000,0,000,944d,944d
1805,1805,0,7200000000000000,80,0,0,944d,8980,0,0000,944d,0,93eb,0062,1,1,0,0,0000,944d,0000,0000,0000,0000,0,944d,944d,0000,0,000,944d,944d
1806,1806,0,7200000000000000,80,0,0,944d,8980,0,0000,944d,0,93eb,0062,1,1,0,0,0000,944d,0000,0000,0000,0000,0,944d,944d,0000,0,000,944d,944d
1807,1807,0,7200000000000000,80,0,0,944d,8980,0,0000,944d,0,93eb,0062,1,1,0,0,0000,944d,0000,0000,0000,0000,0,944d,944d,0000,0,000,944d,944d
1808,1808,0,7200000000000000,80,0,0,944d,8980,0,0000,944d,0,93eb,0062,1,1,0,0,0000,944d,0000,0000,0000,0000,0,944d,944d,0000,0,000,944d,944d
1809,1809,0,7200000000000000,80,0,0,944d,8980,0,0000,944d,0,93eb,0062,1,1,0,0,0000,944d,0000,0000,0000,0000,0,944d,944d,0000,0,000,944d,944d
1810,1810,0,7200000000000000,80,0,0,944d,8980,0,0000,944d,0,93eb,0062,1,1,0,0,0000,944d,0000,0000,0000,0000,0,944d,944d,0000,0,000,944d,944d
1811,1811,0,7200000000000000,80,0,0,944d,8980,0,0000,944d,0,93eb,0062,1,1,0,0,0000,944d,0000,0000,0000,0000,0,944d,944d,0000,0,000,944d,944d
1812,1812,0,7200000000000000,80,0,0,944d,8980,0,0000,944d,0,93eb,0062,1,1,0,0,0000,944d,0000,0000,0000,0000,0,944d,944d,0000,0,000,944d,944d
1813,1813,0,7200000000000000,80,0,0,944d,8980,0,0000,944d,0,93eb,0062,1,1,0,0,0000,944d,0000,0000,0000,0000,0,944d,944d,0000,0,000,944d,944d
1814,1814,0,7200000000000000,80,0,0,944d,8980,0,0000,944d,0,93eb,0062,1,1,0,0,0000,944d,0000,0000,0000,0000,0,944d,944d,0000,0,000,944d,944d
1815,1815,0,7200000000000000,80,0,0,944d,8980,0,0000,944d,0,93eb,0062,1,1,0,0,0000,944d,0000,0000,0000,0000,0,944d,944d,0000,0,000,944d,944d
1816,1816,0,7200000000000000,80,0,0,944d,8980,0,0000,944d,0,93eb,0062,1,1,0,0,0000,944d,0000,0000,0000,0000,0,944d,944d,0000,0,000,944d,944d
1817,1817,0,7200000000000000,80,0,0,944d,8980,0,0000,944d,0,93eb,0062,1,1,0,0,0000,944d,0000,0000,0000,0000,0,944d,944d,0000,0,000,944d,944d
1818,1818,0,7200000000000000,80,0,0,944d,8980,0,0000,944d,0,93eb,0062,1,1,0,0,0000,944d,0000,0000,0000,0000,0,944d,944d,0000,0,000,944d,944d
1819,1819,0,7200000000000000,80,0,0,944d,8980,0,0000,944d,0,93eb,0062,1,1,0,0,0000,944d,0000,0000,0000,0000,0,944d,944d,0000,0,000,944d,944d
1820,1820,0,7200000000000000,80,0,0,944d,8980,0,0000,944d,0,93eb,0062,1,1,0,0,0000,944d,0000,0000,0000,0000,0,944d,944d,0000,0,000,944d,944d
1821,1821,0,7200000000000000,80,0,0,944d,8980,0,0000,944d,0,93eb,0062,1,1,0,0,0000,944d,0000,0000,0000,0000,0,944d,944d,0000,0,000,944d,944d
1822,1822,0,7200000000000000,80,0,0,944d,8980,0,0000,944d,0,93eb,0062,1,1,0,0,0000,944d,0000,0000,0000,0000,0,944d,944d,0000,0,000,944d,944d
1823,1823,0,7200000000000000,80,0,0,944d,8980,0,0000,944d,0,93eb,0062,1,1,0,0,0000,944d,0000,0000,0000,0000,0,944d,944d,0000,0,000,944d,944d
1824,1824,0,7200000000000000,80,0,0,944d,8980,0,0000,944d,0,93eb,0062,1,1,0,0,0000,944d,0000,0000,0000,0000,0,944d,944d,0000,0,000,944d,944d
1825,1825,0,7200000000000000,80,0,0,944d,8980,0,0000,944d,0,93eb,0062,1,1,0,0,0000,944d,0000,0000,0000,0000,0,944d,944d,0000,0,000,944d,944d
1826,1826,0,7200000000000000,80,0,0,944d,8980,0,0000,944d,0,93eb,0062,1,1,0,0,0000,944d,0000,0000,0000,0000,0,944d,944d,0000,0,000,944d,944d
1827,1827,0,7200000000000000,80,0,0,944d,8980,0,0000,944d,0,93eb,0062,1,1,0,0,0000,944d,0000,0000,0000,0000,0,944d,944d,0000,0,000,944d,944d
1828,1828,0,7200000000000000,80,0,0,944d,8980,0,0000,944d,0,93eb,0062,1,1,0,0,0000,944d,0000,0000,0000,0000,0,944d,944d,0000,0,000,944d,944d
1829,1829,0,7200000000000000,80,0,0,944d,8980,0,0000,944d,0,93eb,0062,1,1,0,0,0000,944d,0000,0000,0000,0000,0,944d,944d,0000,0,000,944d,944d
1830,1830,0,7200000000000000,80,0,0,944d,8980,0,0000,944d,0,93eb,0062,1,1,0,0,0000,944d,0000,0000,0000,0000,0,944d,944d,0000,0,000,944d,944d
1831,1831,0,7200000000000000,80,0,0,944d,8980,0,0000,944d,0,93eb,0062,1,1,0,0,0000,944d,0000,0000,0000,0000,0,944d,944d,0000,0,000,944d,944d
1832,1832,0,7200000000000000,80,0,0,944d,8980,0,0000,944d,0,93eb,0062,1,1,0,0,0000,944d,0000,0000,0000,0000,0,944d,944d,0000,0,000,944d,944d
1833,1833,0,7200000000000000,80,0,0,944d,8980,0,0000,944d,0,93eb,0062,1,1,0,0,0000,944d,0000,0000,0000,0000,0,944d,944d,0000,0,000,944d,944d
1834,1834,0,7200000000000000,80,0,0,944d,8980,0,0000,944d,0,93eb,0062,1,1,0,0,0000,944d,0000,0000,0000,0000,0,944d,944d,0000,0,000,944d,944d
1835,1835,0,7200000000000000,80,0,0,944d,8980,0,0000,944d,0,93eb,0062,1,1,0,0,0000,944d,0000,0000,0000,0000,0,944d,944d,0000,0,000,944d,944d
1836,1836,0,7200000000000000,80,0,0,944d,8980,0,0000,944d,0,93eb,0062,1,1,0,0,0000,944d,0000,0000,0000,0000,0,944d,944d,0000,0,000,944d,944d
1837,1837,0,7200000000000000,80,0,0,944d,8980,0,0000,944d,0,93eb,0062,1,1,0,0,0000,944d,0000,0000,0000,0000,0,944d,944d,0000,0,000,944d,944d
1838,1838,0,7200000000000000,80,0,0,944d,8980,0,0000,944d,0,93eb,0062,1,1,0,0,0000,944d,0000,0000,0000,0000,0,944d,944d,0000,0,000,944d,944d
1839,1839,0,7200000000000000,80,0,0,944d,8980,0,0000,944d,0,93eb,0062,1,1,0,0,0000,944d,0000,0000,0000,0000,0,944d,944d,0000,0,000,944d,944d
1840,1840,0,7200000000000000,80,0,0,944d,8980,0,0000,944d,0,93eb,0062,1,1,0,0,0000,944d,0000,0000,0000,0000,0,944d,944d,0000,0,000,944d,944d
1841,1841,0,7200000000000000,80,0,0,944d,8980,0,0000,944d,0,93eb,0062,1,1,0,0,0000,944d,0000,0000,0000,0000,0,944d,944d,0000,0,000,944d,944d
1842,1842,0,7200000000000000,80,0,0,944d,8980,0,0000,944d,0,93eb,0062,1,1,0,0,0000,944d,0000,0000,0000,0000,0,944d,944d,0000,0,000,944d,944d
1843,1843,0,7200000000000000,80,0,0,944d,8980,0,0000,944d,0,93eb,0062,1,1,0,0,0000,944d,0000,0000,0000,0000,0,944d,944d,0000,0,000,944d,944d
1844,1844,0,7200000000000000,80,0,0,944d,8980,0,0000,944d,0,93eb,0062,1,1,0,0,0000,944d,0000,0000,0000,0000,0,944d,944d,0000,0,000,944d,944d
1845,1845,0,7200000000000000,80,0,0,944d,8980,0,0000,944d,0,93eb,0062,1,1,0,0,0000,944d,0000,0000,0000,0000,0,944d,944d,0000,0,000,944d,944d
1846,1846,0,7200000000000000,80,0,0,944d,8980,0,0000,944d,0,93eb,0062,1,1,0,0,0000,944d,0000,0000,0000,0000,0,944d,944d,0000,0,000,944d,944d
1847,1847,0,7200000000000000,80,0,0,944d,8980,0,0000,944d,0,93eb,0062,1,1,0,0,0000,944d,0000,0000,0000,0000,0,944d,944d,0000,0,000,944d,944d
1848,1848,0,7200000000000000,80,0,0,944d,8980,0,0000,944d,0,93eb,0062,1,1,0,0,0000,944d,0000,0000,0000,0000,0,944d,944d,0000,0,000,944d,944d
1849,1849,0,7200000000000000,80,0,0,944d,8980,0,0000,944d,0,93eb,0062,1,1,0,0,0000,944d,0000,0000,0000,0000,0,944d,944d,0000,0,000,944d,944d
1850,1850,0,7200000000000000,80,0,0,944d,8980,0,0000,944d,0,93eb,0062,1,1,0,0,0000,944d,0000,0000,0000,0000,0,944d,944d,0000,0,000,944d,944d
1851,1851,0,7200000000000000,80,0,0,944d,8980,0,0000,944d,0,93eb,0062,1,1,0,0,0000,944d,0000,0000,0000,0000,0,944d,944d,0000,0,000,944d,944d
1852,1852,0,7200000000000000,80,0,0,944d,8980,0,0000,944d,0,93eb,0062,1,1,0,0,0000,944d,0000,0000,0000,0000,0,944d,944d,0000,0,000,944d,944d
1853,1853,0,7200000000000000,80,0,0,944d,8980,0,0000,944d,0,93eb,0062,1,1,0,0,0000,944d,0000,0000,0000,0000,0,944d,944d,0000,0,000,944d,944d
1854,1854,0,7200000000000000,80,0,0,944d,8980,0,0000,944d,0,93eb,0062,1,1,0,0,0000,944d,0000,0000,0000,0000,0,944d,944d,0000,0,000,944d,944d
1855,1855,0,7200000000000000,80,0,0,944d,8980,0,0000,944d,0,93eb,0062,1,1,0,0,0000,944d,0000,0000,0000,0000,0,944d,944d,0000,0,000,944d,944d
1856,1856,0,7200000000000000,80,0,0,944d,8980,0,0000,944d,0,93eb,0062,1,1,0,0,0000,944d,0000,0000,0000,0000,0,944d,944d,0000,0,000,944d,944d
1857,1857,0,7200000000000000,80,0,0,944d,8980,0,0000,944d,0,93eb,0062,1,1,0,0,0000,944d,0000,0000,0000,0000,0,944d,944d,0000,0,000,944d,944d
1858,1858,0,7200000000000000,80,0,0,944d,8980,0,0000,944d,0,93eb,0062,1,1,0,0,0000,944d,0000,0000,0000,0000,0,944d,944d,0000,0,000,944d,944d
1859,1859,0,7200000000000000,80,0,0,944d,8980,0,0000,944d,0,93eb,0062,1,1,0,0,0000,944d,0000,0000,0000,0000,0,944d,944d,0000,0,000,944d,944d
1860,1860,0,7200000000000000,80,0,0,944d,8980,0,0000,944d,0,93eb,0062,1,1,0,0,0000,944d,0000,0000,0000,0000,0,944d,944d,0000,0,000,944d,944d
1861,1861,0,7200000000000000,80,0,0,944d,8980,0,0000,944d,0,93eb,0062,1,1,0,0,0000,944d,0000,0000,0000,0000,0,944d,944d,0000,0,000,944d,944d
1862,1862,0,7200000000000000,80,0,0,944d,8980,0,0000,944d,0,93eb,0062,1,1,0,0,0000,944d,0000,0000,0000,0000,0,944d,944d,0000,0,000,944d,944d
1863,1863,0,7200000000000000,80,0,0,944d,8980,0,0000,944d,0,93eb,0062,1,1,0,0,0000,944d,0000,0000,0000,0000,0,944d,944d,0000,0,000,944d,944d
1864,1864,0,7200000000000000,80,0,0,944d,8980,0,0000,944d,0,93eb,0062,1,1,0,0,0000,944d,0000,0000,0000,0000,0,944d,944d,0000,0,000,944d,944d
1865,1865,0,7200000000000000,80,0,0,944d,8980,0,0000,944d,0,93eb,0062,1,1,0,0,0000,944d,0000,0000,0000,0000,0,944d,944d,0000,0,000,944d,944d
1866,1866,0,7200000000000000,80,0,0,944d,8980,0,0000,944d,0,93eb,0062,1,1,0,0,0000,944d,0000,0000,0000,0000,0,944d,944d,0000,0,000,944d,944d
1867,1867,0,7200000000000000,80,0,0,944d,8980,0,0000,944d,0,93eb,0062,1,1,0,0,0000,944d,0000,0000,0000,0000,0,944d,944d,0000,0,000,944d,944d
1868,1868,0,7200000000000000,80,0,0,944d,8980,0,0000,944d,0,93eb,0062,1,1,0,0,0000,944d,0000,0000,0000,0000,0,944d,944d,0000,0,000,944d,944d
1869,1869,0,7200000000000000,80,0,0,944d,8980,0,0000,944d,0,93eb,0062,1,1,0,0,0000,944d,0000,0000,0000,0000,0,944d,944d,0000,0,000,944d,944d
1870,1870,0,7200000000000000,80,0,0,944d,8980,0,0000,944d,0,93eb,0062,1,1,0,0,0000,944d,0000,0000,0000,0000,0,944d,944d,0000,0,000,944d,944d
1871,1871,0,7200000000000000,80,0,0,944d,8980,0,0000,944d,0,93eb,0062,1,1,0,0,0000,944d,0000,0000,0000,0000,0,944d,944d,0000,0,000,944d,944d
1872,1872,0,7200000000000000,80,0,0,944d,8980,0,0000,944d,0,93eb,0062,1,1,0,0,0000,944d,0000,0000,0000,0000,0,944d,944d,0000,0,000,944d,944d
1873,1873,0,7200000000000000,80,0,0,944d,8980,0,0000,944d,0,93eb,0062,1,1,0,0,0000,944d,0000,0000,0000,0000,0,944d,944d,0000,0,000,944d,944d
1874,1874,0,7200000000000000,80,0,0,944d,8980,0,0000,944d,0,93eb,0062,1,1,0,0,0000,944d,0000,0000,0000,0000,0,944d,944d,0000,0,000,944d,944d
1875,1875,0,7200000000000000,80,0,0,944d,8980,0,0000,944d,0,93eb,0062,1,1,0,0,0000,944d,0000,0000,0000,0000,0,944d,944d,0000,0,000,944d,944d
1876,1876,0,7200000000000000,80,0,0,944d,8980,0,0000,944d,0,93eb,0062,1,1,0,0,0000,944d,0000,0000,0000,0000,0,944d,944d,0000,0,000,944d,944d
1877,1877,0,7200000000000000,80,0,0,944d,8980,0,0000,944d,0,93eb,0062,1,1,0,0,0000,944d,0000,0000,0000,0000,0,944d,944d,0000,0,000,944d,944d
1878,1878,0,7200000000000000,80,0,0,944d,8980,0,0000,944d,0,93eb,0062,1,1,0,0,0000,944d,0000,0000,0000,0000,0,944d,944d,0000,0,000,944d,944d
1879,1879,0,7200000000000000,80,0,0,944d,8980,0,0000,944d,0,93eb,0062,1,1,0,0,0000,944d,0000,0000,0000,0000,0,944d,944d,0000,0,000,944d,944d
1880,1880,0,7200000000000000,80,0,0,944d,8980,0,0000,944d,0,93eb,0062,1,1,0,0,0000,944d,0000,0000,0000,0000,0,944d,944d,0000,0,000,944d,944d
1881,1881,0,7200000000000000,80,0,0,944d,8980,0,0000,944d,0,93eb,0062,1,1,0,0,0000,944d,0000,0000,0000,0000,0,944d,944d,0000,0,000,944d,944d
1882,1882,0,7200000000000000,80,0,0,944d,8980,0,0000,944d,0,93eb,0062,1,1,0,0,0000,944d,0000,0000,0000,0000,0,944d,944d,0000,0,000,944d,944d
1883,1883,0,7200000000000000,80,0,0,944d,8980,0,0000,944d,0,93eb,0062,1,1,0,0,0000,944d,0000,0000,0000,0000,0,944d,944d,0000,0,000,944d,944d
1884,1884,0,7200000000000000,80,0,0,944d,8980,0,0000,944d,0,93eb,0062,1,1,0,0,0000,944d,0000,0000,0000,0000,0,944d,944d,0000,0,000,944d,944d
1885,1885,0,7200000000000000,80,0,0,944d,8980,0,0000,944d,0,93eb,0062,1,1,0,0,0000,944d,0000,0000,0000,0000,0,944d,944d,0000,0,000,944d,944d
1886,1886,0,7200000000000000,80,0,0,944d,8980,0,0000,944d,0,93eb,0062,1,1,0,0,0000,944d,0000,0000,0000,0000,0,944d,944d,0000,0,000,944d,944d
1887,1887,0,7200000000000000,80,0,0,944d,8980,0,0000,944d,0,93eb,0062,1,1,0,0,0000,944d,0000,0000,0000,0000,0,944d,944d,0000,0,000,944d,944d
1888,1888,0,7200000000000000,80,0,0,944d,8980,0,0000,944d,0,93eb,0062,1,1,0,0,0000,944d,0000,0000,0000,0000,0,944d,944d,0000,0,000,944d,944d
1889,1889,0,7200000000000000,80,0,0,944d,8980,0,0000,944d,0,93eb,0062,1,1,0,0,0000,944d,0000,0000,0000,0000,0,944d,944d,0000,0,000,944d,944d
1890,1890,0,7200000000000000,80,0,0,944d,8980,0,0000,944d,0,93eb,0062,1,1,0,0,0000,944d,0000,0000,0000,0000,0,944d,944d,0000,0,000,944d,944d
1891,1891,0,7200000000000000,80,0,0,944d,8980,0,0000,944d,0,93eb,0062,1,1,0,0,0000,944d,0000,0000,0000,0000,0,944d,944d,0000,0,000,944d,944d
1892,1892,0,7200000000000000,80,0,0,944d,8980,0,0000,944d,0,93eb,0062,1,1,0,0,0000,944d,0000,0000,0000,0000,0,944d,944d,0000,0,000,944d,944d
1893,1893,0,7200000000000000,80,0,0,944d,8980,0,0000,944d,0,93eb,0062,1,1,0,0,0000,944d,0000,0000,0000,0000,0,944d,944d,0000,0,000,944d,944d
1894,1894,0,7200000000000000,80,0,0,944d,8980,0,0000,944d,0,93eb,0062,1,1,0,0,0000,944d,0000,0000,0000,0000,0,944d,944d,0000,0,000,944d,944d
1895,1895,0,7200000000000000,80,0,0,944d,8980,0,0000,944d,0,93eb,0062,1,1,0,0,0000,944d,0000,0000,0000,0000,0,944d,944d,0000,0,000,944d,944d
1896,1896,0,7200000000000000,80,0,0,944d,8980,0,0000,944d,0,93eb,0062,1,1,0,0,0000,944d,0000,0000,0000,0000,0,944d,944d,0000,0,000,944d,944d
1897,1897,0,7200000000000000,80,0,0,944d,8980,0,0000,944d,0,93eb,0062,1,1,0,0,0000,944d,0000,0000,0000,0000,0,944d,944d,0000,0,000,944d,944d
1898,1898,0,7200000000000000,80,0,0,944d,8980,0,0000,944d,0,93eb,0062,1,1,0,0,0000,944d,0000,0000,0000,0000,0,944d,944d,0000,0,000,944d,944d
1899,1899,0,7200000000000000,80,0,0,944d,8980,0,0000,944d,0,93eb,0062,1,1,0,0,0000,944d,0000,0000,0000,0000,0,944d,944d,0000,0,000,944d,944d
1900,1900,0,7200000000000000,80,0,0,944d,8980,0,0000,944d,0,93eb,0062,1,1,0,0,0000,944d,0000,0000,0000,0000,0,944d,944d,0000,0,000,944d,944d
1901,1901,0,7200000000000000,80,0,0,944d,8980,0,0000,944d,0,93eb,0062,1,1,0,0,0000,944d,0000,0000,0000,0000,0,944d,944d,0000,0,000,944d,944d
1902,1902,0,7200000000000000,80,0,0,944d,8980,0,0000,944d,0,93eb,0062,1,1,0,0,0000,944d,0000,0000,0000,0000,0,944d,944d,0000,0,000,944d,944d
1903,1903,0,7200000000000000,80,0,0,944d,8980,0,0000,944d,0,93eb,0062,1,1,0,0,0000,944d,0000,0000,0000,0000,0,944d,944d,0000,0,000,944d,944d
1904,1904,0,7200000000000000,80,0,0,944d,8980,0,0000,944d,0,93eb,0062,1,1,0,0,0000,944d,0000,0000,0000,0000,0,944d,944d,0000,0,000,944d,944d
1905,1905,0,7200000000000000,80,0,0,944d,8980,0,0000,944d,0,93eb,0062,1,1,0,0,0000,944d,0000,0000,0000,0000,0,944d,944d,0000,0,000,944d,944d
1906,1906,0,7200000000000000,80,0,0,944d,8980,0,0000,944d,0,93eb,0062,1,1,0,0,0000,944d,0000,0000,0000,0000,0,944d,944d,0000,0,000,944d,944d
1907,1907,0,7200000000000000,80,0,0,944d,8980,0,0000,944d,0,93eb,0062,1,1,0,0,0000,944d,0000,0000,0000,0000,0,944d,944d,0000,0,000,944d,944d
1908,1908,0,7200000000000000,80,0,0,944d,8980,0,0000,944d,0,93eb,0062,1,1,0,0,0000,944d,0000,0000,0000,0000,0,944d,944d,0000,0,000,944d,944d
1909,1909,0,7200000000000000,80,0,0,944d,8980,0,0000,944d,0,93eb,0062,1,1,0,0,0000,944d,0000,0000,0000,0000,0,944d,944d,0000,0,000,944d,944d
1910,1910,0,7200000000000000,80,0,0,944d,8980,0,0000,944d,0,93eb,0062,1,1,0,0,0000,944d,0000,0000,0000,0000,0,944d,944d,0000,0,000,944d,944d
1911,1911,0,7200000000000000,80,0,0,944d,8980,0,0000,944d,0,93eb,0062,1,1,0,0,0000,944d,0000,0000,0000,0000,0,944d,944d,0000,0,000,944d,944d
1912,1912,0,7200000000000000,80,0,0,944d,8980,0,0000,944d,0,93eb,0062,1,1,0,0,0000,944d,0000,0000,0000,0000,0,944d,944d,0000,0,000,944d,944d
1913,1913,0,7200000000000000,80,0,0,944d,8980,0,0000,944d,0,93eb,0062,1,1,0,0,0000,944d,0000,0000,0000,0000,0,944d,944d,0000,0,000,944d,944d
1914,1914,0,7200000000000000,80,0,0,944d,8980,0,0000,944d,0,93eb,0062,1,1,0,0,0000,944d,0000,0000,0000,0000,0,944d,944d,0000,0,000,944d,944d
1915,1915,0,7200000000000000,80,0,0,944d,8980,0,0000,944d,0,93eb,0062,1,1,0,0,0000,944d,0000,0000,0000,0000,0,944d,944d,0000,0,000,944d,944d
1916,1916,0,7200000000000000,80,0,0,944d,8980,0,0000,944d,0,93eb,0062,1,1,0,0,0000,944d,0000,0000,0000,0000,0,944d,944d,0000,0,000,944d,944d
1917,1917,0,7200000000000000,80,0,0,944d,8980,0,0000,944d,0,93eb,0062,1,1,0,0,0000,944d,0000,0000,0000,0000,0,944d,944d,0000,0,000,944d,944d
1918,1918,0,7200000000000000,80,0,0,944d,8980,0,0000,944d,0,93eb,0062,1,1,0,0,0000,944d,0000,0000,0000,0000,0,944d,944d,0000,0,000,944d,944d
1919,1919,0,7200000000000000,80,0,0,944d,8980,0,0000,944d,0,93eb,0062,1,1,0,0,0000,944d,0000,0000,0000,0000,0,944d,944d,0000,0,000,944d,944d
1920,1920,0,7200000000000000,80,0,0,944d,8980,0,0000,944d,0,93eb,0062,1,1,0,0,0000,944d,0000,0000,0000,0000,0,944d,944d,0000,0,000,944d,944d
1921,1921,0,7200000000000000,80,0,0,944d,8980,0,0000,944d,0,93eb,0062,1,1,0,0,0000,944d,0000,0000,0000,0000,0,944d,944d,0000,0,000,944d,944d
1922,1922,0,7200000000000000,80,0,0,944d,8980,0,0000,944d,0,93eb,0062,1,1,0,0,0000,944d,0000,0000,0000,0000,0,944d,944d,0000,0,000,944d,944d
1923,1923,0,7200000000000000,80,0,0,944d,8980,0,0000,944d,0,93eb,0062,1,1,0,0,0000,944d,0000,0000,0000,0000,0,944d,944d,0000,0,000,944d,944d
1924,1924,0,7200000000000000,80,0,0,944d,8980,0,0000,944d,0,93eb,0062,1,1,0,0,0000,944d,0000,0000,0000,0000,0,944d,944d,0000,0,000,944d,944d
1925,1925,0,7200000000000000,80,0,0,944d,8980,0,0000,944d,0,93eb,0062,1,1,0,0,0000,944d,0000,0000,0000,0000,0,944d,944d,0000,0,000,944d,944d
1926,1926,0,7200000000000000,80,0,0,944d,8980,0,0000,944d,0,93eb,0062,1,1,0,0,0000,944d,0000,0000,0000,0000,0,944d,944d,0000,0,000,944d,944d
1927,1927,0,7200000000000000,80,0,0,944d,8980,0,0000,944d,0,93eb,0062,1,1,0,0,0000,944d,0000,0000,0000,0000,0,944d,944d,0000,0,000,944d,944d
1928,1928,0,7200000000000000,80,0,0,944d,8980,0,0000,944d,0,93eb,0062,1,1,0,0,0000,944d,0000,0000,0000,0000,0,944d,944d,0000,0,000,944d,944d
1929,1929,0,7200000000000000,80,0,0,944d,8980,0,0000,944d,0,93eb,0062,1,1,0,0,0000,944d,0000,0000,0000,0000,0,944d,944d,0000,0,000,944d,944d
1930,1930,0,7200000000000000,80,0,0,944d,8980,0,0000,944d,0,93eb,0062,1,1,0,0,0000,944d,0000,0000,0000,0000,0,944d,944d,0000,0,000,944d,944d
1931,1931,0,7200000000000000,80,0,0,944d,8980,0,0000,944d,0,93eb,0062,1,1,0,0,0000,944d,0000,0000,0000,0000,0,944d,944d,0000,0,000,944d,944d
1932,1932,0,7200000000000000,80,0,0,944d,8980,0,0000,944d,0,93eb,0062,1,1,0,0,0000,944d,0000,0000,0000,0000,0,944d,944d,0000,0,000,944d,944d
1933,1933,0,7200000000000000,80,0,0,944d,8980,0,0000,944d,0,93eb,0062,1,1,0,0,0000,944d,0000,0000,0000,0000,0,944d,944d,0000,0,000,944d,944d
1934,1934,0,7200000000000000,80,0,0,944d,8980,0,0000,944d,0,93eb,0062,1,1,0,0,0000,944d,0000,0000,0000,0000,0,944d,944d,0000,0,000,944d,944d
1935,1935,0,7200000000000000,80,0,0,944d,8980,0,0000,944d,0,93eb,0062,1,1,0,0,0000,944d,0000,0000,0000,0000,0,944d,944d,0000,0,000,944d,944d
1936,1936,0,7200000000000000,80,0,0,944d,8980,0,0000,944d,0,93eb,0062,1,1,0,0,0000,944d,0000,0000,0000,0000,0,944d,944d,0000,0,000,944d,944d
1937,1937,0,7200000000000000,80,0,0,944d,8980,0,0000,944d,0,93eb,0062,1,1,0,0,0000,944d,0000,0000,0000,0000,0,944d,944d,0000,0,000,944d,944d
1938,1938,0,7200000000000000,80,0,0,944d,8980,0,0000,944d,0,93eb,0062,1,1,0,0,0000,944d,0000,0000,0000,0000,0,944d,944d,0000,0,000,944d,944d
1939,1939,0,7200000000000000,80,0,0,944d,8980,0,0000,944d,0,93eb,0062,1,1,0,0,0000,944d,0000,0000,0000,0000,0,944d,944d,0000,0,000,944d,944d
1940,1940,0,7200000000000000,80,0,0,944d,8980,0,0000,944d,0,93eb,0062,1,1,0,0,0000,944d,0000,0000,0000,0000,0,944d,944d,0000,0,000,944d,944d
1941,1941,0,7200000000000000,80,0,0,944d,8980,0,0000,944d,0,93eb,0062,1,1,0,0,0000,944d,0000,0000,0000,0000,0,944d,944d,0000,0,000,944d,944d
1942,1942,0,7200000000000000,80,0,0,944d,8980,0,0000,944d,0,93eb,0062,1,1,0,0,0000,944d,0000,0000,0000,0000,0,944d,944d,0000,0,000,944d,944d
1943,1943,0,7200000000000000,80,0,0,944d,8980,0,0000,944d,0,93eb,0062,1,1,0,0,0000,944d,0000,0000,0000,0000,0,944d,944d,0000,0,000,944d,944d
1944,1944,0,7200000000000000,80,0,0,944d,8980,0,0000,944d,0,93eb,0062,1,1,0,0,0000,944d,0000,0000,0000,0000,0,944d,944d,0000,0,000,944d,944d
1945,1945,0,7200000000000000,80,0,0,944d,8980,0,0000,944d,0,93eb,0062,1,1,0,0,0000,944d,0000,0000,0000,0000,0,944d,944d,0000,0,000,944d,944d
1946,1946,0,7200000000000000,80,0,0,944d,8980,0,0000,944d,0,93eb,0062,1,1,0,0,0000,944d,0000,0000,0000,0000,0,944d,944d,0000,0,000,944d,944d
1947,1947,0,7200000000000000,80,0,0,944d,8980,0,0000,944d,0,93eb,0062,1,1,0,0,0000,944d,0000,0000,0000,0000,0,944d,944d,0000,0,000,944d,944d
1948,1948,0,7200000000000000,80,0,0,944d,8980,0,0000,944d,0,93eb,0062,1,1,0,0,0000,944d,0000,0000,0000,0000,0,944d,944d,0000,0,000,944d,944d
1949,1949,0,7200000000000000,80,0,0,944d,8980,0,0000,944d,0,93eb,0062,1,1,0,0,0000,944d,0000,0000,0000,0000,0,944d,944d,0000,0,000,944d,944d
1950,1950,0,7200000000000000,80,0,0,944d,8980,0,0000,944d,0,93eb,0062,1,1,0,0,0000,944d,0000,0000,0000,0000,0,944d,944d,0000,0,000,944d,944d
1951,1951,0,7200000000000000,80,0,0,944d,8980,0,0000,944d,0,93eb,0062,1,1,0,0,0000,944d,0000,0000,0000,0000,0,944d,944d,0000,0,000,944d,944d
1952,1952,0,7200000000000000,80,0,0,944d,8980,0,0000,944d,0,93eb,0062,1,1,0,0,0000,944d,0000,0000,0000,0000,0,944d,944d,0000,0,000,944d,944d
1953,1953,0,7200000000000000,80,0,0,944d,8980,0,0000,944d,0,93eb,0062,1,1,0,0,0000,944d,0000,0000,0000,0000,0,944d,944d,0000,0,000,944d,944d
1954,1954,0,7200000000000000,80,0,0,944d,8980,0,0000,944d,0,93eb,0062,1,1,0,0,0000,944d,0000,0000,0000,0000,0,944d,944d,0000,0,000,944d,944d
1955,1955,0,7200000000000000,80,0,0,944d,8980,0,0000,944d,0,93eb,0062,1,1,0,0,0000,944d,0000,0000,0000,0000,0,944d,944d,0000,0,000,944d,944d
1956,1956,0,7200000000000000,80,0,0,944d,8980,0,0000,944d,0,93eb,0062,1,1,0,0,0000,944d,0000,0000,0000,0000,0,944d,944d,0000,0,000,944d,944d
1957,1957,0,7200000000000000,80,0,0,944d,8980,0,0000,944d,0,93eb,0062,1,1,0,0,0000,944d,0000,0000,0000,0000,0,944d,944d,0000,0,000,944d,944d
1958,1958,0,7200000000000000,80,0,0,944d,8980,0,0000,944d,0,93eb,0062,1,1,0,0,0000,944d,0000,0000,0000,0000,0,944d,944d,0000,0,000,944d,944d
1959,1959,0,7200000000000000,80,0,0,944d,8980,0,0000,944d,0,93eb,0062,1,1,0,0,0000,944d,0000,0000,0000,0000,0,944d,944d,0000,0,000,944d,944d
1960,1960,0,7200000000000000,80,0,0,944d,8980,0,0000,944d,0,93eb,0062,1,1,0,0,0000,944d,0000,0000,0000,0000,0,944d,944d,0000,0,000,944d,944d
1961,1961,0,7200000000000000,80,0,0,944d,8980,0,0000,944d,0,93eb,0062,1,1,0,0,0000,944d,0000,0000,0000,0000,0,944d,944d,0000,0,000,944d,944d
1962,1962,0,7200000000000000,80,0,0,944d,8980,0,0000,944d,0,93eb,0062,1,1,0,0,0000,944d,0000,0000,0000,0000,0,944d,944d,0000,0,000,944d,944d
1963,1963,0,7200000000000000,80,0,0,944d,8980,0,0000,944d,0,93eb,0062,1,1,0,0,0000,944d,0000,0000,0000,0000,0,944d,944d,0000,0,000,944d,944d
1964,1964,0,7200000000000000,80,0,0,944d,8980,0,0000,944d,0,93eb,0062,1,1,0,0,0000,944d,0000,0000,0000,0000,0,944d,944d,0000,0,000,944d,944d
1965,1965,0,7200000000000000,80,0,0,944d,8980,0,0000,944d,0,93eb,0062,1,1,0,0,0000,944d,0000,0000,0000,0000,0,944d,944d,0000,0,000,944d,944d
1966,1966,0,7200000000000000,80,0,0,944d,8980,0,0000,944d,0,93eb,0062,1,1,0,0,0000,944d,0000,0000,0000,0000,0,944d,944d,0000,0,000,944d,944d
1967,1967,0,7200000000000000,80,0,0,944d,8980,0,0000,944d,0,93eb,0062,1,1,0,0,0000,944d,0000,0000,0000,0000,0,944d,944d,0000,0,000,944d,944d
1968,1968,0,7200000000000000,80,0,0,944d,8980,0,0000,944d,0,93eb,0062,1,1,0,0,0000,944d,0000,0000,0000,0000,0,944d,944d,0000,0,000,944d,944d
1969,1969,0,7200000000000000,80,0,0,944d,8980,0,0000,944d,0,93eb,0062,1,1,0,0,0000,944d,0000,0000,0000,0000,0,944d,944d,0000,0,000,944d,944d
1970,1970,0,7200000000000000,80,0,0,944d,8980,0,0000,944d,0,93eb,0062,1,1,0,0,0000,944d,0000,0000,0000,0000,0,944d,944d,0000,0,000,944d,944d
1971,1971,0,7200000000000000,80,0,0,944d,8980,0,0000,944d,0,93eb,0062,1,1,0,0,0000,944d,0000,0000,0000,0000,0,944d,944d,0000,0,000,944d,944d
1972,1972,0,7200000000000000,80,0,0,944d,8980,0,0000,944d,0,93eb,0062,1,1,0,0,0000,944d,0000,0000,0000,0000,0,944d,944d,0000,0,000,944d,944d
1973,1973,0,7200000000000000,80,0,0,944d,8980,0,0000,944d,0,93eb,0062,1,1,0,0,0000,944d,0000,0000,0000,0000,0,944d,944d,0000,0,000,944d,944d
1974,1974,0,7200000000000000,80,0,0,944d,8980,0,0000,944d,0,93eb,0062,1,1,0,0,0000,944d,0000,0000,0000,0000,0,944d,944d,0000,0,000,944d,944d
1975,1975,0,7200000000000000,80,0,0,944d,8980,0,0000,944d,0,93eb,0062,1,1,0,0,0000,944d,0000,0000,0000,0000,0,944d,944d,0000,0,000,944d,944d
1976,1976,0,7200000000000000,80,0,0,944d,8980,0,0000,944d,0,93eb,0062,1,1,0,0,0000,944d,0000,0000,0000,0000,0,944d,944d,0000,0,000,944d,944d
1977,1977,0,7200000000000000,80,0,0,944d,8980,0,0000,944d,0,93eb,0062,1,1,0,0,0000,944d,0000,0000,0000,0000,0,944d,944d,0000,0,000,944d,944d
1978,1978,0,7200000000000000,80,0,0,944d,8980,0,0000,944d,0,93eb,0062,1,1,0,0,0000,944d,0000,0000,0000,0000,0,944d,944d,0000,0,000,944d,944d
1979,1979,0,7200000000000000,80,0,0,944d,8980,0,0000,944d,0,93eb,0062,1,1,0,0,0000,944d,0000,0000,0000,0000,0,944d,944d,0000,0,000,944d,944d
1980,1980,0,7200000000000000,80,0,0,944d,8980,0,0000,944d,0,93eb,0062,1,1,0,0,0000,944d,0000,0000,0000,0000,0,944d,944d,0000,0,000,944d,944d
1981,1981,0,7200000000000000,80,0,0,944d,8980,0,0000,944d,0,93eb,0062,1,1,0,0,0000,944d,0000,0000,0000,0000,0,944d,944d,0000,0,000,944d,944d
1982,1982,0,7200000000000000,80,0,0,944d,8980,0,0000,944d,0,93eb,0062,1,1,0,0,0000,944d,0000,0000,0000,0000,0,944d,944d,0000,0,000,944d,944d
1983,1983,0,7200000000000000,80,0,0,944d,8980,0,0000,944d,0,93eb,0062,1,1,0,0,0000,944d,0000,0000,0000,0000,0,944d,944d,0000,0,000,944d,944d
1984,1984,0,7200000000000000,80,0,0,944d,8980,0,0000,944d,0,93eb,0062,1,1,0,0,0000,944d,0000,0000,0000,0000,0,944d,944d,0000,0,000,944d,944d
1985,1985,0,7200000000000000,80,0,0,944d,8980,0,0000,944d,0,93eb,0062,1,1,0,0,0000,944d,0000,0000,0000,0000,0,944d,944d,0000,0,000,944d,944d
1986,1986,0,7200000000000000,80,0,0,944d,8980,0,0000,944d,0,93eb,0062,1,1,0,0,0000,944d,0000,0000,0000,0000,0,944d,944d,0000,0,000,944d,944d
1987,1987,0,7200000000000000,80,0,0,944d,8980,0,0000,944d,0,93eb,0062,1,1,0,0,0000,944d,0000,0000,0000,0000,0,944d,944d,0000,0,000,944d,944d
1988,1988,0,7200000000000000,80,0,0,944d,8980,0,0000,944d,0,93eb,0062,1,1,0,0,0000,944d,0000,0000,0000,0000,0,944d,944d,0000,0,000,944d,944d
1989,1989,0,7200000000000000,80,0,0,944d,8980,0,0000,944d,0,93eb,0062,1,1,0,0,0000,944d,0000,0000,0000,0000,0,944d,944d,0000,0,000,944d,944d
1990,1990,0,7200000000000000,80,0,0,944d,8980,0,0000,944d,0,93eb,0062,1,1,0,0,0000,944d,0000,0000,0000,0000,0,944d,944d,0000,0,000,944d,944d
1991,1991,0,7200000000000000,80,0,0,944d,8980,0,0000,944d,0,93eb,0062,1,1,0,0,0000,944d,0000,0000,0000,0000,0,944d,944d,0000,0,000,944d,944d
1992,1992,0,7200000000000000,80,0,0,944d,8980,0,0000,944d,0,93eb,0062,1,1,0,0,0000,944d,0000,0000,0000,0000,0,944d,944d,0000,0,000,944d,944d
1993,1993,0,7200000000000000,80,0,0,944d,8980,0,0000,944d,0,93eb,0062,1,1,0,0,0000,944d,0000,0000,0000,0000,0,944d,944d,0000,0,000,944d,944d
1994,1994,0,7200000000000000,80,0,0,944d,8980,0,0000,944d,0,93eb,0062,1,1,0,0,0000,944d,0000,0000,0000,0000,0,944d,944d,0000,0,000,944d,944d
1995,1995,0,7200000000000000,80,0,0,944d,8980,0,0000,944d,0,93eb,0062,1,1,0,0,0000,944d,0000,0000,0000,0000,0,944d,944d,0000,0,000,944d,944d
1996,1996,0,7200000000000000,80,0,0,944d,8980,0,0000,944d,0,93eb,0062,1,1,0,0,0000,944d,0000,0000,0000,0000,0,944d,944d,0000,0,000,944d,944d
1997,1997,0,7200000000000000,80,0,0,944d,8980,0,0000,944d,0,93eb,0062,1,1,0,0,0000,944d,0000,0000,0000,0000,0,944d,944d,0000,0,000,944d,944d
1998,1998,0,7200000000000000,80,0,0,944d,8980,0,0000,944d,0,93eb,0062,1,1,0,0,0000,944d,0000,0000,0000,0000,0,944d,944d,0000,0,000,944d,944d
1999,1999,0,7200000000000000,80,0,0,944d,8980,0,0000,944d,0,93eb,0062,1,1,0,0,0000,944d,0000,0000,0000,0000,0,944d,944d,0000,0,000,944d,944d
2000,2000,0,7200000000000000,80,0,0,944d,8980,0,0000,944d,0,93eb,0062,1,1,0,0,0000,944d,0000,0000,0000,0000,0,944d,944d,0000,0,000,944d,944d
2001,2001,0,7200000000000000,80,0,0,944d,8980,0,0000,944d,0,93eb,0062,1,1,0,0,0000,944d,0000,0000,0000,0000,0,944d,944d,0000,0,000,944d,944d
2002,2002,0,7200000000000000,80,0,0,944d,8980,0,0000,944d,0,93eb,0062,1,1,0,0,0000,944d,0000,0000,0000,0000,0,944d,944d,0000,0,000,944d,944d
2003,2003,0,7200000000000000,80,0,0,944d,8980,0,0000,944d,0,93eb,0062,1,1,0,0,0000,944d,0000,0000,0000,0000,0,944d,944d,0000,0,000,944d,944d
2004,2004,0,7200000000000000,80,0,0,944d,8980,0,0000,944d,0,93eb,0062,1,1,0,0,0000,944d,0000,0000,0000,0000,0,944d,944d,0000,0,000,944d,944d
2005,2005,0,7200000000000000,80,0,0,944d,8980,0,0000,944d,0,93eb,0062,1,1,0,0,0000,944d,0000,0000,0000,0000,0,944d,944d,0000,0,000,944d,944d
2006,2006,0,7200000000000000,80,0,0,944d,8980,0,0000,944d,0,93eb,0062,1,1,0,0,0000,944d,0000,0000,0000,0000,0,944d,944d,0000,0,000,944d,944d
2007,2007,0,7200000000000000,80,0,0,944d,8980,0,0000,944d,0,93eb,0062,1,1,0,0,0000,944d,0000,0000,0000,0000,0,944d,944d,0000,0,000,944d,944d
2008,2008,0,7200000000000000,80,0,0,944d,8980,0,0000,944d,0,93eb,0062,1,1,0,0,0000,944d,0000,0000,0000,0000,0,944d,944d,0000,0,000,944d,944d
2009,2009,0,7200000000000000,80,0,0,944d,8980,0,0000,944d,0,93eb,0062,1,1,0,0,0000,944d,0000,0000,0000,0000,0,944d,944d,0000,0,000,944d,944d
2010,2010,0,7200000000000000,80,0,0,944d,8980,0,0000,944d,0,93eb,0062,1,1,0,0,0000,944d,0000,0000,0000,0000,0,944d,944d,0000,0,000,944d,944d
2011,2011,0,7200000000000000,80,0,0,944d,8980,0,0000,944d,0,93eb,0062,1,1,0,0,0000,944d,0000,0000,0000,0000,0,944d,944d,0000,0,000,944d,944d
2012,2012,0,7200000000000000,80,0,0,944d,8980,0,0000,944d,0,93eb,0062,1,1,0,0,0000,944d,0000,0000,0000,0000,0,944d,944d,0000,0,000,944d,944d
2013,2013,0,7200000000000000,80,0,0,944d,8980,0,0000,944d,0,93eb,0062,1,1,0,0,0000,944d,0000,0000,0000,0000,0,944d,944d,0000,0,000,944d,944d
2014,2014,0,7200000000000000,80,0,0,944d,8980,0,0000,944d,0,93eb,0062,1,1,0,0,0000,944d,0000,0000,0000,0000,0,944d,944d,0000,0,000,944d,944d
2015,2015,0,7200000000000000,80,0,0,944d,8980,0,0000,944d,0,93eb,0062,1,1,0,0,0000,944d,0000,0000,0000,0000,0,944d,944d,0000,0,000,944d,944d
2016,2016,0,7200000000000000,80,0,0,944d,8980,0,0000,944d,0,93eb,0062,1,1,0,0,0000,944d,0000,0000,0000,0000,0,944d,944d,0000,0,000,944d,944d
2017,2017,0,7200000000000000,80,0,0,944d,8980,0,0000,944d,0,93eb,0062,1,1,0,0,0000,944d,0000,0000,0000,0000,0,944d,944d,0000,0,000,944d,944d
2018,2018,0,7200000000000000,80,0,0,944d,8980,0,0000,944d,0,93eb,0062,1,1,0,0,0000,944d,0000,0000,0000,0000,0,944d,944d,0000,0,000,944d,944d
2019,2019,0,7200000000000000,80,0,0,944d,8980,0,0000,944d,0,93eb,0062,1,1,0,0,0000,944d,0000,0000,0000,0000,0,944d,944d,0000,0,000,944d,944d
2020,2020,0,7200000000000000,80,0,0,944d,8980,0,0000,944d,0,93eb,0062,1,1,0,0,0000,944d,0000,0000,0000,0000,0,944d,944d,0000,0,000,944d,944d
2021,2021,0,7200000000000000,80,0,0,944d,8980,0,0000,944d,0,93eb,0062,1,1,0,0,0000,944d,0000,0000,0000,0000,0,944d,944d,0000,0,000,944d,944d
2022,2022,0,7200000000000000,80,0,0,944d,8980,0,0000,944d,0,93eb,0062,1,1,0,0,0000,944d,0000,0000,0000,0000,0,944d,944d,0000,0,000,944d,944d
2023,2023,0,7200000000000000,80,0,0,944d,8980,0,0000,944d,0,93eb,0062,1,1,0,0,0000,944d,0000,0000,0000,0000,0,944d,944d,0000,0,000,944d,944d
2024,2024,0,7200000000000000,80,0,0,944d,8980,0,0000,944d,0,93eb,0062,1,1,0,0,0000,944d,0000,0000,0000,0000,0,944d,944d,0000,0,000,944d,944d
2025,2025,0,7200000000000000,80,0,0,944d,8980,0,0000,944d,0,93eb,0062,1,1,0,0,0000,944d,0000,0000,0000,0000,0,944d,944d,0000,0,000,944d,944d
2026,2026,0,7200000000000000,80,0,0,944d,8980,0,0000,944d,0,93eb,0062,1,1,0,0,0000,944d,0000,0000,0000,0000,0,944d,944d,0000,0,000,944d,944d
2027,2027,0,7200000000000000,80,0,0,944d,8980,0,0000,944d,0,93eb,0062,1,1,0,0,0000,944d,0000,0000,0000,0000,0,944d,944d,0000,0,000,944d,944d
2028,2028,0,7200000000000000,80,0,0,944d,8980,0,0000,944d,0,93eb,0062,1,1,0,0,0000,944d,0000,0000,0000,0000,0,944d,944d,0000,0,000,944d,944d
2029,2029,0,7200000000000000,80,0,0,944d,8980,0,0000,944d,0,93eb,0062,1,1,0,0,0000,944d,0000,0000,0000,0000,0,944d,944d,0000,0,000,944d,944d
2030,2030,0,7200000000000000,80,0,0,944d,8980,0,0000,944d,0,93eb,0062,1,1,0,0,0000,944d,0000,0000,0000,0000,0,944d,944d,0000,0,000,944d,944d
2031,2031,0,7200000000000000,80,0,0,944d,8980,0,0000,944d,0,93eb,0062,1,1,0,0,0000,944d,0000,0000,0000,0000,0,944d,944d,0000,0,000,944d,944d
2032,2032,0,7200000000000000,80,0,0,944d,8980,0,0000,944d,0,93eb,0062,1,1,0,0,0000,944d,0000,0000,0000,0000,0,944d,944d,0000,0,000,944d,944d
2033,2033,0,7200000000000000,80,0,0,944d,8980,0,0000,944d,0,93eb,0062,1,1,0,0,0000,944d,0000,0000,0000,0000,0,944d,944d,0000,0,000,944d,944d
2034,2034,0,7200000000000000,80,0,0,944d,8980,0,0000,944d,0,93eb,0062,1,1,0,0,0000,944d,0000,0000,0000,0000,0,944d,944d,0000,0,000,944d,944d
2035,2035,0,7200000000000000,80,0,0,944d,8980,0,0000,944d,0,93eb,0062,1,1,0,0,0000,944d,0000,0000,0000,0000,0,944d,944d,0000,0,000,944d,944d
2036,2036,0,7200000000000000,80,0,0,944d,8980,0,0000,944d,0,93eb,0062,1,1,0,0,0000,944d,0000,0000,0000,0000,0,944d,944d,0000,0,000,944d,944d
2037,2037,0,7200000000000000,80,0,0,944d,8980,0,0000,944d,0,93eb,0062,1,1,0,0,0000,944d,0000,0000,0000,0000,0,944d,944d,0000,0,000,944d,944d
2038,2038,0,7200000000000000,80,0,0,944d,8980,0,0000,944d,0,93eb,0062,1,1,0,0,0000,944d,0000,0000,0000,0000,0,944d,944d,0000,0,000,944d,944d
2039,2039,0,7200000000000000,80,0,0,944d,8980,0,0000,944d,0,93eb,0062,1,1,0,0,0000,944d,0000,0000,0000,0000,0,944d,944d,0000,0,000,944d,944d
2040,2040,0,7200000000000000,80,0,0,944d,8980,0,0000,944d,0,93eb,0062,1,1,0,0,0000,944d,0000,0000,0000,0000,0,944d,944d,0000,0,000,944d,944d
2041,2041,0,7200000000000000,80,0,0,944d,8980,0,0000,944d,0,93eb,0062,1,1,0,0,0000,944d,0000,0000,0000,0000,0,944d,944d,0000,0,000,944d,944d
2042,2042,0,7200000000000000,80,0,0,944d,8980,0,0000,944d,0,93eb,0062,1,1,0,0,0000,944d,0000,0000,0000,0000,0,944d,944d,0000,0,000,944d,944d
2043,2043,0,7200000000000000,80,0,0,944d,8980,0,0000,944d,0,93eb,0062,1,1,0,0,0000,944d,0000,0000,0000,0000,0,944d,944d,0000,0,000,944d,944d
2044,2044,0,7200000000000000,80,0,0,944d,8980,0,0000,944d,0,93eb,0062,1,1,0,0,0000,944d,0000,0000,0000,0000,0,944d,944d,0000,0,000,944d,944d
2045,2045,0,7200000000000000,80,0,0,944d,8980,0,0000,944d,0,93eb,0062,1,1,0,0,0000,944d,0000,0000,0000,0000,0,944d,944d,0000,0,000,944d,944d
2046,2046,0,7200000000000000,80,0,0,944d,8980,0,0000,944d,0,93eb,0062,1,1,0,0,0000,944d,0000,0000,0000,0000,0,944d,944d,0000,0,000,944d,944d
2047,2047,0,7200000000000000,80,0,0,944d,8980,0,0000,944d,0,93eb,0062,1,1,0,0,0000,944d,0000,0000,0000,0000,0,944d,944d,0000,0,000,944d,944d
