Sample in Buffer,Sample in Window,TRIGGER,dbg_rx_tdata[63:0],dbg_rx_tkeep[7:0],dbg_rx_tvalid,dbg_rx_tlast,dbg_up_frames[15:0],dbg_up_bytes[15:0],dbg_up_ovf,dbg_up_stall[15:0],dbg_pk_frames[15:0],dbg_pk_ovf,dbg_prev_wr[15:0],dbg_prev_drop[15:0],dbg_ch_up,dbg_lane_up,dbg_hard_err,dbg_soft_err,dbg_pk_ovf_cnt[15:0],dbg_pfwd_rd[15:0],dbg_hard_err_cnt[15:0],dbg_soft_err_cnt[15:0],dbg_ch_up_evt[15:0],dbg_pfwd_stuck_cnt[15:0],dbg_pfwd_stuck,dbg_mem_u_wr[15:0],dbg_mem_u_rd[15:0],dbg_mem_u_drop[15:0],dbg_mem_rden,dbg_mem_ost_s[8:0],dbg_mem2_u_wr[15:0],dbg_mem2_u_rd[15:0]
Radix - UNSIGNED,UNSIGNED,UNSIGNED,HEX,HEX,HEX,HEX,HEX,HEX,HEX,HEX,HEX,HEX,HEX,HEX,HEX,HEX,HEX,HEX,HEX,HEX,HEX,HEX,HEX,HEX,HEX,HEX,HEX,HEX,HEX,HEX,HEX,HEX
0,0,0,25ecbc6469680000,fc,0,0,0016,0748,0,0000,0016,0,0016,0000,1,1,0,0,0000,0016,0000,0000,0000,0000,0,0016,0016,0000,0,000,0016,0016
1,1,0,25ecbc6469680000,fc,0,0,0016,0748,0,0000,0016,0,0016,0000,1,1,0,0,0000,0016,0000,0000,0000,0000,0,0016,0016,0000,0,000,0016,0016
2,2,0,25ecbc6469680000,fc,0,0,0016,0748,0,0000,0016,0,0016,0000,1,1,0,0,0000,0016,0000,0000,0000,0000,0,0016,0016,0000,0,000,0016,0016
3,3,0,25ecbc6469680000,fc,0,0,0016,0748,0,0000,0016,0,0016,0000,1,1,0,0,0000,0016,0000,0000,0000,0000,0,0016,0016,0000,0,000,0016,0016
4,4,0,25ecbc6469680000,fc,0,0,0016,0748,0,0000,0016,0,0016,0000,1,1,0,0,0000,0016,0000,0000,0000,0000,0,0016,0016,0000,0,000,0016,0016
5,5,0,25ecbc6469680000,fc,0,0,0016,0748,0,0000,0016,0,0016,0000,1,1,0,0,0000,0016,0000,0000,0000,0000,0,0016,0016,0000,0,000,0016,0016
6,6,0,25ecbc6469680000,fc,0,0,0016,0748,0,0000,0016,0,0016,0000,1,1,0,0,0000,0016,0000,0000,0000,0000,0,0016,0016,0000,0,000,0016,0016
7,7,0,25ecbc6469680000,fc,0,0,0016,0748,0,0000,0016,0,0016,0000,1,1,0,0,0000,0016,0000,0000,0000,0000,0,0016,0016,0000,0,000,0016,0016
8,8,0,25ecbc6469680000,fc,0,0,0016,0748,0,0000,0016,0,0016,0000,1,1,0,0,0000,0016,0000,0000,0000,0000,0,0016,0016,0000,0,000,0016,0016
9,9,0,25ecbc6469680000,fc,0,0,0016,0748,0,0000,0016,0,0016,0000,1,1,0,0,0000,0016,0000,0000,0000,0000,0,0016,0016,0000,0,000,0016,0016
10,10,0,25ecbc6469680000,fc,0,0,0016,0748,0,0000,0016,0,0016,0000,1,1,0,0,0000,0016,0000,0000,0000,0000,0,0016,0016,0000,0,000,0016,0016
11,11,0,25ecbc6469680000,fc,0,0,0016,0748,0,0000,0016,0,0016,0000,1,1,0,0,0000,0016,0000,0000,0000,0000,0,0016,0016,0000,0,000,0016,0016
12,12,0,25ecbc6469680000,fc,0,0,0016,0748,0,0000,0016,0,0016,0000,1,1,0,0,0000,0016,0000,0000,0000,0000,0,0016,0016,0000,0,000,0016,0016
13,13,0,25ecbc6469680000,fc,0,0,0016,0748,0,0000,0016,0,0016,0000,1,1,0,0,0000,0016,0000,0000,0000,0000,0,0016,0016,0000,0,000,0016,0016
14,14,0,25ecbc6469680000,fc,0,0,0016,0748,0,0000,0016,0,0016,0000,1,1,0,0,0000,0016,0000,0000,0000,0000,0,0016,0016,0000,0,000,0016,0016
15,15,0,25ecbc6469680000,fc,0,0,0016,0748,0,0000,0016,0,0016,0000,1,1,0,0,0000,0016,0000,0000,0000,0000,0,0016,0016,0000,0,000,0016,0016
16,16,0,25ecbc6469680000,fc,0,0,0016,0748,0,0000,0016,0,0016,0000,1,1,0,0,0000,0016,0000,0000,0000,0000,0,0016,0016,0000,0,000,0016,0016
17,17,0,25ecbc6469680000,fc,0,0,0016,0748,0,0000,0016,0,0016,0000,1,1,0,0,0000,0016,0000,0000,0000,0000,0,0016,0016,0000,0,000,0016,0016
18,18,0,25ecbc6469680000,fc,0,0,0016,0748,0,0000,0016,0,0016,0000,1,1,0,0,0000,0016,0000,0000,0000,0000,0,0016,0016,0000,0,000,0016,0016
19,19,0,25ecbc6469680000,fc,0,0,0016,0748,0,0000,0016,0,0016,0000,1,1,0,0,0000,0016,0000,0000,0000,0000,0,0016,0016,0000,0,000,0016,0016
20,20,0,25ecbc6469680000,fc,0,0,0016,0748,0,0000,0016,0,0016,0000,1,1,0,0,0000,0016,0000,0000,0000,0000,0,0016,0016,0000,0,000,0016,0016
21,21,0,25ecbc6469680000,fc,0,0,0016,0748,0,0000,0016,0,0016,0000,1,1,0,0,0000,0016,0000,0000,0000,0000,0,0016,0016,0000,0,000,0016,0016
22,22,0,25ecbc6469680000,fc,0,0,0016,0748,0,0000,0016,0,0016,0000,1,1,0,0,0000,0016,0000,0000,0000,0000,0,0016,0016,0000,0,000,0016,0016
23,23,0,25ecbc6469680000,fc,0,0,0016,0748,0,0000,0016,0,0016,0000,1,1,0,0,0000,0016,0000,0000,0000,0000,0,0016,0016,0000,0,000,0016,0016
24,24,0,25ecbc6469680000,fc,0,0,0016,0748,0,0000,0016,0,0016,0000,1,1,0,0,0000,0016,0000,0000,0000,0000,0,0016,0016,0000,0,000,0016,0016
25,25,0,25ecbc6469680000,fc,0,0,0016,0748,0,0000,0016,0,0016,0000,1,1,0,0,0000,0016,0000,0000,0000,0000,0,0016,0016,0000,0,000,0016,0016
26,26,0,25ecbc6469680000,fc,0,0,0016,0748,0,0000,0016,0,0016,0000,1,1,0,0,0000,0016,0000,0000,0000,0000,0,0016,0016,0000,0,000,0016,0016
27,27,0,25ecbc6469680000,fc,0,0,0016,0748,0,0000,0016,0,0016,0000,1,1,0,0,0000,0016,0000,0000,0000,0000,0,0016,0016,0000,0,000,0016,0016
28,28,0,25ecbc6469680000,fc,0,0,0016,0748,0,0000,0016,0,0016,0000,1,1,0,0,0000,0016,0000,0000,0000,0000,0,0016,0016,0000,0,000,0016,0016
29,29,0,25ecbc6469680000,fc,0,0,0016,0748,0,0000,0016,0,0016,0000,1,1,0,0,0000,0016,0000,0000,0000,0000,0,0016,0016,0000,0,000,0016,0016
30,30,0,25ecbc6469680000,fc,0,0,0016,0748,0,0000,0016,0,0016,0000,1,1,0,0,0000,0016,0000,0000,0000,0000,0,0016,0016,0000,0,000,0016,0016
31,31,0,25ecbc6469680000,fc,0,0,0016,0748,0,0000,0016,0,0016,0000,1,1,0,0,0000,0016,0000,0000,0000,0000,0,0016,0016,0000,0,000,0016,0016
32,32,0,25ecbc6469680000,fc,0,0,0016,0748,0,0000,0016,0,0016,0000,1,1,0,0,0000,0016,0000,0000,0000,0000,0,0016,0016,0000,0,000,0016,0016
33,33,0,25ecbc6469680000,fc,0,0,0016,0748,0,0000,0016,0,0016,0000,1,1,0,0,0000,0016,0000,0000,0000,0000,0,0016,0016,0000,0,000,0016,0016
34,34,0,25ecbc6469680000,fc,0,0,0016,0748,0,0000,0016,0,0016,0000,1,1,0,0,0000,0016,0000,0000,0000,0000,0,0016,0016,0000,0,000,0016,0016
35,35,0,25ecbc6469680000,fc,0,0,0016,0748,0,0000,0016,0,0016,0000,1,1,0,0,0000,0016,0000,0000,0000,0000,0,0016,0016,0000,0,000,0016,0016
36,36,0,25ecbc6469680000,fc,0,0,0016,0748,0,0000,0016,0,0016,0000,1,1,0,0,0000,0016,0000,0000,0000,0000,0,0016,0016,0000,0,000,0016,0016
37,37,0,25ecbc6469680000,fc,0,0,0016,0748,0,0000,0016,0,0016,0000,1,1,0,0,0000,0016,0000,0000,0000,0000,0,0016,0016,0000,0,000,0016,0016
38,38,0,25ecbc6469680000,fc,0,0,0016,0748,0,0000,0016,0,0016,0000,1,1,0,0,0000,0016,0000,0000,0000,0000,0,0016,0016,0000,0,000,0016,0016
39,39,0,25ecbc6469680000,fc,0,0,0016,0748,0,0000,0016,0,0016,0000,1,1,0,0,0000,0016,0000,0000,0000,0000,0,0016,0016,0000,0,000,0016,0016
40,40,0,25ecbc6469680000,fc,0,0,0016,0748,0,0000,0016,0,0016,0000,1,1,0,0,0000,0016,0000,0000,0000,0000,0,0016,0016,0000,0,000,0016,0016
41,41,0,25ecbc6469680000,fc,0,0,0016,0748,0,0000,0016,0,0016,0000,1,1,0,0,0000,0016,0000,0000,0000,0000,0,0016,0016,0000,0,000,0016,0016
42,42,0,25ecbc6469680000,fc,0,0,0016,0748,0,0000,0016,0,0016,0000,1,1,0,0,0000,0016,0000,0000,0000,0000,0,0016,0016,0000,0,000,0016,0016
43,43,0,25ecbc6469680000,fc,0,0,0016,0748,0,0000,0016,0,0016,0000,1,1,0,0,0000,0016,0000,0000,0000,0000,0,0016,0016,0000,0,000,0016,0016
44,44,0,25ecbc6469680000,fc,0,0,0016,0748,0,0000,0016,0,0016,0000,1,1,0,0,0000,0016,0000,0000,0000,0000,0,0016,0016,0000,0,000,0016,0016
45,45,0,25ecbc6469680000,fc,0,0,0016,0748,0,0000,0016,0,0016,0000,1,1,0,0,0000,0016,0000,0000,0000,0000,0,0016,0016,0000,0,000,0016,0016
46,46,0,25ecbc6469680000,fc,0,0,0016,0748,0,0000,0016,0,0016,0000,1,1,0,0,0000,0016,0000,0000,0000,0000,0,0016,0016,0000,0,000,0016,0016
47,47,0,25ecbc6469680000,fc,0,0,0016,0748,0,0000,0016,0,0016,0000,1,1,0,0,0000,0016,0000,0000,0000,0000,0,0016,0016,0000,0,000,0016,0016
48,48,0,25ecbc6469680000,fc,0,0,0016,0748,0,0000,0016,0,0016,0000,1,1,0,0,0000,0016,0000,0000,0000,0000,0,0016,0016,0000,0,000,0016,0016
49,49,0,25ecbc6469680000,fc,0,0,0016,0748,0,0000,0016,0,0016,0000,1,1,0,0,0000,0016,0000,0000,0000,0000,0,0016,0016,0000,0,000,0016,0016
50,50,0,25ecbc6469680000,fc,0,0,0016,0748,0,0000,0016,0,0016,0000,1,1,0,0,0000,0016,0000,0000,0000,0000,0,0016,0016,0000,0,000,0016,0016
51,51,0,25ecbc6469680000,fc,0,0,0016,0748,0,0000,0016,0,0016,0000,1,1,0,0,0000,0016,0000,0000,0000,0000,0,0016,0016,0000,0,000,0016,0016
52,52,0,25ecbc6469680000,fc,0,0,0016,0748,0,0000,0016,0,0016,0000,1,1,0,0,0000,0016,0000,0000,0000,0000,0,0016,0016,0000,0,000,0016,0016
53,53,0,25ecbc6469680000,fc,0,0,0016,0748,0,0000,0016,0,0016,0000,1,1,0,0,0000,0016,0000,0000,0000,0000,0,0016,0016,0000,0,000,0016,0016
54,54,0,25ecbc6469680000,fc,0,0,0016,0748,0,0000,0016,0,0016,0000,1,1,0,0,0000,0016,0000,0000,0000,0000,0,0016,0016,0000,0,000,0016,0016
55,55,0,25ecbc6469680000,fc,0,0,0016,0748,0,0000,0016,0,0016,0000,1,1,0,0,0000,0016,0000,0000,0000,0000,0,0016,0016,0000,0,000,0016,0016
56,56,0,25ecbc6469680000,fc,0,0,0016,0748,0,0000,0016,0,0016,0000,1,1,0,0,0000,0016,0000,0000,0000,0000,0,0016,0016,0000,0,000,0016,0016
57,57,0,25ecbc6469680000,fc,0,0,0016,0748,0,0000,0016,0,0016,0000,1,1,0,0,0000,0016,0000,0000,0000,0000,0,0016,0016,0000,0,000,0016,0016
58,58,0,25ecbc6469680000,fc,0,0,0016,0748,0,0000,0016,0,0016,0000,1,1,0,0,0000,0016,0000,0000,0000,0000,0,0016,0016,0000,0,000,0016,0016
59,59,0,25ecbc6469680000,fc,0,0,0016,0748,0,0000,0016,0,0016,0000,1,1,0,0,0000,0016,0000,0000,0000,0000,0,0016,0016,0000,0,000,0016,0016
60,60,0,25ecbc6469680000,fc,0,0,0016,0748,0,0000,0016,0,0016,0000,1,1,0,0,0000,0016,0000,0000,0000,0000,0,0016,0016,0000,0,000,0016,0016
61,61,0,25ecbc6469680000,fc,0,0,0016,0748,0,0000,0016,0,0016,0000,1,1,0,0,0000,0016,0000,0000,0000,0000,0,0016,0016,0000,0,000,0016,0016
62,62,0,25ecbc6469680000,fc,0,0,0016,0748,0,0000,0016,0,0016,0000,1,1,0,0,0000,0016,0000,0000,0000,0000,0,0016,0016,0000,0,000,0016,0016
63,63,0,25ecbc6469680000,fc,0,0,0016,0748,0,0000,0016,0,0016,0000,1,1,0,0,0000,0016,0000,0000,0000,0000,0,0016,0016,0000,0,000,0016,0016
64,64,0,25ecbc6469680000,fc,0,0,0016,0748,0,0000,0016,0,0016,0000,1,1,0,0,0000,0016,0000,0000,0000,0000,0,0016,0016,0000,0,000,0016,0016
65,65,0,25ecbc6469680000,fc,0,0,0016,0748,0,0000,0016,0,0016,0000,1,1,0,0,0000,0016,0000,0000,0000,0000,0,0016,0016,0000,0,000,0016,0016
66,66,0,25ecbc6469680000,fc,0,0,0016,0748,0,0000,0016,0,0016,0000,1,1,0,0,0000,0016,0000,0000,0000,0000,0,0016,0016,0000,0,000,0016,0016
67,67,0,25ecbc6469680000,fc,0,0,0016,0748,0,0000,0016,0,0016,0000,1,1,0,0,0000,0016,0000,0000,0000,0000,0,0016,0016,0000,0,000,0016,0016
68,68,0,25ecbc6469680000,fc,0,0,0016,0748,0,0000,0016,0,0016,0000,1,1,0,0,0000,0016,0000,0000,0000,0000,0,0016,0016,0000,0,000,0016,0016
69,69,0,25ecbc6469680000,fc,0,0,0016,0748,0,0000,0016,0,0016,0000,1,1,0,0,0000,0016,0000,0000,0000,0000,0,0016,0016,0000,0,000,0016,0016
70,70,0,25ecbc6469680000,fc,0,0,0016,0748,0,0000,0016,0,0016,0000,1,1,0,0,0000,0016,0000,0000,0000,0000,0,0016,0016,0000,0,000,0016,0016
71,71,0,25ecbc6469680000,fc,0,0,0016,0748,0,0000,0016,0,0016,0000,1,1,0,0,0000,0016,0000,0000,0000,0000,0,0016,0016,0000,0,000,0016,0016
72,72,0,25ecbc6469680000,fc,0,0,0016,0748,0,0000,0016,0,0016,0000,1,1,0,0,0000,0016,0000,0000,0000,0000,0,0016,0016,0000,0,000,0016,0016
73,73,0,25ecbc6469680000,fc,0,0,0016,0748,0,0000,0016,0,0016,0000,1,1,0,0,0000,0016,0000,0000,0000,0000,0,0016,0016,0000,0,000,0016,0016
74,74,0,25ecbc6469680000,fc,0,0,0016,0748,0,0000,0016,0,0016,0000,1,1,0,0,0000,0016,0000,0000,0000,0000,0,0016,0016,0000,0,000,0016,0016
75,75,0,25ecbc6469680000,fc,0,0,0016,0748,0,0000,0016,0,0016,0000,1,1,0,0,0000,0016,0000,0000,0000,0000,0,0016,0016,0000,0,000,0016,0016
76,76,0,25ecbc6469680000,fc,0,0,0016,0748,0,0000,0016,0,0016,0000,1,1,0,0,0000,0016,0000,0000,0000,0000,0,0016,0016,0000,0,000,0016,0016
77,77,0,25ecbc6469680000,fc,0,0,0016,0748,0,0000,0016,0,0016,0000,1,1,0,0,0000,0016,0000,0000,0000,0000,0,0016,0016,0000,0,000,0016,0016
78,78,0,25ecbc6469680000,fc,0,0,0016,0748,0,0000,0016,0,0016,0000,1,1,0,0,0000,0016,0000,0000,0000,0000,0,0016,0016,0000,0,000,0016,0016
79,79,0,25ecbc6469680000,fc,0,0,0016,0748,0,0000,0016,0,0016,0000,1,1,0,0,0000,0016,0000,0000,0000,0000,0,0016,0016,0000,0,000,0016,0016
80,80,0,25ecbc6469680000,fc,0,0,0016,0748,0,0000,0016,0,0016,0000,1,1,0,0,0000,0016,0000,0000,0000,0000,0,0016,0016,0000,0,000,0016,0016
81,81,0,25ecbc6469680000,fc,0,0,0016,0748,0,0000,0016,0,0016,0000,1,1,0,0,0000,0016,0000,0000,0000,0000,0,0016,0016,0000,0,000,0016,0016
82,82,0,25ecbc6469680000,fc,0,0,0016,0748,0,0000,0016,0,0016,0000,1,1,0,0,0000,0016,0000,0000,0000,0000,0,0016,0016,0000,0,000,0016,0016
83,83,0,25ecbc6469680000,fc,0,0,0016,0748,0,0000,0016,0,0016,0000,1,1,0,0,0000,0016,0000,0000,0000,0000,0,0016,0016,0000,0,000,0016,0016
84,84,0,25ecbc6469680000,fc,0,0,0016,0748,0,0000,0016,0,0016,0000,1,1,0,0,0000,0016,0000,0000,0000,0000,0,0016,0016,0000,0,000,0016,0016
85,85,0,25ecbc6469680000,fc,0,0,0016,0748,0,0000,0016,0,0016,0000,1,1,0,0,0000,0016,0000,0000,0000,0000,0,0016,0016,0000,0,000,0016,0016
86,86,0,25ecbc6469680000,fc,0,0,0016,0748,0,0000,0016,0,0016,0000,1,1,0,0,0000,0016,0000,0000,0000,0000,0,0016,0016,0000,0,000,0016,0016
87,87,0,25ecbc6469680000,fc,0,0,0016,0748,0,0000,0016,0,0016,0000,1,1,0,0,0000,0016,0000,0000,0000,0000,0,0016,0016,0000,0,000,0016,0016
88,88,0,25ecbc6469680000,fc,0,0,0016,0748,0,0000,0016,0,0016,0000,1,1,0,0,0000,0016,0000,0000,0000,0000,0,0016,0016,0000,0,000,0016,0016
89,89,0,25ecbc6469680000,fc,0,0,0016,0748,0,0000,0016,0,0016,0000,1,1,0,0,0000,0016,0000,0000,0000,0000,0,0016,0016,0000,0,000,0016,0016
90,90,0,25ecbc6469680000,fc,0,0,0016,0748,0,0000,0016,0,0016,0000,1,1,0,0,0000,0016,0000,0000,0000,0000,0,0016,0016,0000,0,000,0016,0016
91,91,0,25ecbc6469680000,fc,0,0,0016,0748,0,0000,0016,0,0016,0000,1,1,0,0,0000,0016,0000,0000,0000,0000,0,0016,0016,0000,0,000,0016,0016
92,92,0,25ecbc6469680000,fc,0,0,0016,0748,0,0000,0016,0,0016,0000,1,1,0,0,0000,0016,0000,0000,0000,0000,0,0016,0016,0000,0,000,0016,0016
93,93,0,25ecbc6469680000,fc,0,0,0016,0748,0,0000,0016,0,0016,0000,1,1,0,0,0000,0016,0000,0000,0000,0000,0,0016,0016,0000,0,000,0016,0016
94,94,0,25ecbc6469680000,fc,0,0,0016,0748,0,0000,0016,0,0016,0000,1,1,0,0,0000,0016,0000,0000,0000,0000,0,0016,0016,0000,0,000,0016,0016
95,95,0,25ecbc6469680000,fc,0,0,0016,0748,0,0000,0016,0,0016,0000,1,1,0,0,0000,0016,0000,0000,0000,0000,0,0016,0016,0000,0,000,0016,0016
96,96,0,25ecbc6469680000,fc,0,0,0016,0748,0,0000,0016,0,0016,0000,1,1,0,0,0000,0016,0000,0000,0000,0000,0,0016,0016,0000,0,000,0016,0016
97,97,0,25ecbc6469680000,fc,0,0,0016,0748,0,0000,0016,0,0016,0000,1,1,0,0,0000,0016,0000,0000,0000,0000,0,0016,0016,0000,0,000,0016,0016
98,98,0,25ecbc6469680000,fc,0,0,0016,0748,0,0000,0016,0,0016,0000,1,1,0,0,0000,0016,0000,0000,0000,0000,0,0016,0016,0000,0,000,0016,0016
99,99,0,25ecbc6469680000,fc,0,0,0016,0748,0,0000,0016,0,0016,0000,1,1,0,0,0000,0016,0000,0000,0000,0000,0,0016,0016,0000,0,000,0016,0016
100,100,0,25ecbc6469680000,fc,0,0,0016,0748,0,0000,0016,0,0016,0000,1,1,0,0,0000,0016,0000,0000,0000,0000,0,0016,0016,0000,0,000,0016,0016
101,101,0,25ecbc6469680000,fc,0,0,0016,0748,0,0000,0016,0,0016,0000,1,1,0,0,0000,0016,0000,0000,0000,0000,0,0016,0016,0000,0,000,0016,0016
102,102,0,25ecbc6469680000,fc,0,0,0016,0748,0,0000,0016,0,0016,0000,1,1,0,0,0000,0016,0000,0000,0000,0000,0,0016,0016,0000,0,000,0016,0016
103,103,0,25ecbc6469680000,fc,0,0,0016,0748,0,0000,0016,0,0016,0000,1,1,0,0,0000,0016,0000,0000,0000,0000,0,0016,0016,0000,0,000,0016,0016
104,104,0,25ecbc6469680000,fc,0,0,0016,0748,0,0000,0016,0,0016,0000,1,1,0,0,0000,0016,0000,0000,0000,0000,0,0016,0016,0000,0,000,0016,0016
105,105,0,25ecbc6469680000,fc,0,0,0016,0748,0,0000,0016,0,0016,0000,1,1,0,0,0000,0016,0000,0000,0000,0000,0,0016,0016,0000,0,000,0016,0016
106,106,0,25ecbc6469680000,fc,0,0,0016,0748,0,0000,0016,0,0016,0000,1,1,0,0,0000,0016,0000,0000,0000,0000,0,0016,0016,0000,0,000,0016,0016
107,107,0,25ecbc6469680000,fc,0,0,0016,0748,0,0000,0016,0,0016,0000,1,1,0,0,0000,0016,0000,0000,0000,0000,0,0016,0016,0000,0,000,0016,0016
108,108,0,25ecbc6469680000,fc,0,0,0016,0748,0,0000,0016,0,0016,0000,1,1,0,0,0000,0016,0000,0000,0000,0000,0,0016,0016,0000,0,000,0016,0016
109,109,0,25ecbc6469680000,fc,0,0,0016,0748,0,0000,0016,0,0016,0000,1,1,0,0,0000,0016,0000,0000,0000,0000,0,0016,0016,0000,0,000,0016,0016
110,110,0,25ecbc6469680000,fc,0,0,0016,0748,0,0000,0016,0,0016,0000,1,1,0,0,0000,0016,0000,0000,0000,0000,0,0016,0016,0000,0,000,0016,0016
111,111,0,25ecbc6469680000,fc,0,0,0016,0748,0,0000,0016,0,0016,0000,1,1,0,0,0000,0016,0000,0000,0000,0000,0,0016,0016,0000,0,000,0016,0016
112,112,0,25ecbc6469680000,fc,0,0,0016,0748,0,0000,0016,0,0016,0000,1,1,0,0,0000,0016,0000,0000,0000,0000,0,0016,0016,0000,0,000,0016,0016
113,113,0,25ecbc6469680000,fc,0,0,0016,0748,0,0000,0016,0,0016,0000,1,1,0,0,0000,0016,0000,0000,0000,0000,0,0016,0016,0000,0,000,0016,0016
114,114,0,25ecbc6469680000,fc,0,0,0016,0748,0,0000,0016,0,0016,0000,1,1,0,0,0000,0016,0000,0000,0000,0000,0,0016,0016,0000,0,000,0016,0016
115,115,0,25ecbc6469680000,fc,0,0,0016,0748,0,0000,0016,0,0016,0000,1,1,0,0,0000,0016,0000,0000,0000,0000,0,0016,0016,0000,0,000,0016,0016
116,116,0,25ecbc6469680000,fc,0,0,0016,0748,0,0000,0016,0,0016,0000,1,1,0,0,0000,0016,0000,0000,0000,0000,0,0016,0016,0000,0,000,0016,0016
117,117,0,25ecbc6469680000,fc,0,0,0016,0748,0,0000,0016,0,0016,0000,1,1,0,0,0000,0016,0000,0000,0000,0000,0,0016,0016,0000,0,000,0016,0016
118,118,0,25ecbc6469680000,fc,0,0,0016,0748,0,0000,0016,0,0016,0000,1,1,0,0,0000,0016,0000,0000,0000,0000,0,0016,0016,0000,0,000,0016,0016
119,119,0,25ecbc6469680000,fc,0,0,0016,0748,0,0000,0016,0,0016,0000,1,1,0,0,0000,0016,0000,0000,0000,0000,0,0016,0016,0000,0,000,0016,0016
120,120,0,25ecbc6469680000,fc,0,0,0016,0748,0,0000,0016,0,0016,0000,1,1,0,0,0000,0016,0000,0000,0000,0000,0,0016,0016,0000,0,000,0016,0016
121,121,0,25ecbc6469680000,fc,0,0,0016,0748,0,0000,0016,0,0016,0000,1,1,0,0,0000,0016,0000,0000,0000,0000,0,0016,0016,0000,0,000,0016,0016
122,122,0,25ecbc6469680000,fc,0,0,0016,0748,0,0000,0016,0,0016,0000,1,1,0,0,0000,0016,0000,0000,0000,0000,0,0016,0016,0000,0,000,0016,0016
123,123,0,25ecbc6469680000,fc,0,0,0016,0748,0,0000,0016,0,0016,0000,1,1,0,0,0000,0016,0000,0000,0000,0000,0,0016,0016,0000,0,000,0016,0016
124,124,0,25ecbc6469680000,fc,0,0,0016,0748,0,0000,0016,0,0016,0000,1,1,0,0,0000,0016,0000,0000,0000,0000,0,0016,0016,0000,0,000,0016,0016
125,125,0,25ecbc6469680000,fc,0,0,0016,0748,0,0000,0016,0,0016,0000,1,1,0,0,0000,0016,0000,0000,0000,0000,0,0016,0016,0000,0,000,0016,0016
126,126,0,25ecbc6469680000,fc,0,0,0016,0748,0,0000,0016,0,0016,0000,1,1,0,0,0000,0016,0000,0000,0000,0000,0,0016,0016,0000,0,000,0016,0016
127,127,0,25ecbc6469680000,fc,0,0,0016,0748,0,0000,0016,0,0016,0000,1,1,0,0,0000,0016,0000,0000,0000,0000,0,0016,0016,0000,0,000,0016,0016
128,128,0,25ecbc6469680000,fc,0,0,0016,0748,0,0000,0016,0,0016,0000,1,1,0,0,0000,0016,0000,0000,0000,0000,0,0016,0016,0000,0,000,0016,0016
129,129,0,25ecbc6469680000,fc,0,0,0016,0748,0,0000,0016,0,0016,0000,1,1,0,0,0000,0016,0000,0000,0000,0000,0,0016,0016,0000,0,000,0016,0016
130,130,0,25ecbc6469680000,fc,0,0,0016,0748,0,0000,0016,0,0016,0000,1,1,0,0,0000,0016,0000,0000,0000,0000,0,0016,0016,0000,0,000,0016,0016
131,131,0,25ecbc6469680000,fc,0,0,0016,0748,0,0000,0016,0,0016,0000,1,1,0,0,0000,0016,0000,0000,0000,0000,0,0016,0016,0000,0,000,0016,0016
132,132,0,25ecbc6469680000,fc,0,0,0016,0748,0,0000,0016,0,0016,0000,1,1,0,0,0000,0016,0000,0000,0000,0000,0,0016,0016,0000,0,000,0016,0016
133,133,0,25ecbc6469680000,fc,0,0,0016,0748,0,0000,0016,0,0016,0000,1,1,0,0,0000,0016,0000,0000,0000,0000,0,0016,0016,0000,0,000,0016,0016
134,134,0,25ecbc6469680000,fc,0,0,0016,0748,0,0000,0016,0,0016,0000,1,1,0,0,0000,0016,0000,0000,0000,0000,0,0016,0016,0000,0,000,0016,0016
135,135,0,25ecbc6469680000,fc,0,0,0016,0748,0,0000,0016,0,0016,0000,1,1,0,0,0000,0016,0000,0000,0000,0000,0,0016,0016,0000,0,000,0016,0016
136,136,0,25ecbc6469680000,fc,0,0,0016,0748,0,0000,0016,0,0016,0000,1,1,0,0,0000,0016,0000,0000,0000,0000,0,0016,0016,0000,0,000,0016,0016
137,137,0,25ecbc6469680000,fc,0,0,0016,0748,0,0000,0016,0,0016,0000,1,1,0,0,0000,0016,0000,0000,0000,0000,0,0016,0016,0000,0,000,0016,0016
138,138,0,25ecbc6469680000,fc,0,0,0016,0748,0,0000,0016,0,0016,0000,1,1,0,0,0000,0016,0000,0000,0000,0000,0,0016,0016,0000,0,000,0016,0016
139,139,0,25ecbc6469680000,fc,0,0,0016,0748,0,0000,0016,0,0016,0000,1,1,0,0,0000,0016,0000,0000,0000,0000,0,0016,0016,0000,0,000,0016,0016
140,140,0,25ecbc6469680000,fc,0,0,0016,0748,0,0000,0016,0,0016,0000,1,1,0,0,0000,0016,0000,0000,0000,0000,0,0016,0016,0000,0,000,0016,0016
141,141,0,25ecbc6469680000,fc,0,0,0016,0748,0,0000,0016,0,0016,0000,1,1,0,0,0000,0016,0000,0000,0000,0000,0,0016,0016,0000,0,000,0016,0016
142,142,0,25ecbc6469680000,fc,0,0,0016,0748,0,0000,0016,0,0016,0000,1,1,0,0,0000,0016,0000,0000,0000,0000,0,0016,0016,0000,0,000,0016,0016
143,143,0,25ecbc6469680000,fc,0,0,0016,0748,0,0000,0016,0,0016,0000,1,1,0,0,0000,0016,0000,0000,0000,0000,0,0016,0016,0000,0,000,0016,0016
144,144,0,25ecbc6469680000,fc,0,0,0016,0748,0,0000,0016,0,0016,0000,1,1,0,0,0000,0016,0000,0000,0000,0000,0,0016,0016,0000,0,000,0016,0016
145,145,0,25ecbc6469680000,fc,0,0,0016,0748,0,0000,0016,0,0016,0000,1,1,0,0,0000,0016,0000,0000,0000,0000,0,0016,0016,0000,0,000,0016,0016
146,146,0,25ecbc6469680000,fc,0,0,0016,0748,0,0000,0016,0,0016,0000,1,1,0,0,0000,0016,0000,0000,0000,0000,0,0016,0016,0000,0,000,0016,0016
147,147,0,25ecbc6469680000,fc,0,0,0016,0748,0,0000,0016,0,0016,0000,1,1,0,0,0000,0016,0000,0000,0000,0000,0,0016,0016,0000,0,000,0016,0016
148,148,0,25ecbc6469680000,fc,0,0,0016,0748,0,0000,0016,0,0016,0000,1,1,0,0,0000,0016,0000,0000,0000,0000,0,0016,0016,0000,0,000,0016,0016
149,149,0,25ecbc6469680000,fc,0,0,0016,0748,0,0000,0016,0,0016,0000,1,1,0,0,0000,0016,0000,0000,0000,0000,0,0016,0016,0000,0,000,0016,0016
150,150,0,25ecbc6469680000,fc,0,0,0016,0748,0,0000,0016,0,0016,0000,1,1,0,0,0000,0016,0000,0000,0000,0000,0,0016,0016,0000,0,000,0016,0016
151,151,0,25ecbc6469680000,fc,0,0,0016,0748,0,0000,0016,0,0016,0000,1,1,0,0,0000,0016,0000,0000,0000,0000,0,0016,0016,0000,0,000,0016,0016
152,152,0,25ecbc6469680000,fc,0,0,0016,0748,0,0000,0016,0,0016,0000,1,1,0,0,0000,0016,0000,0000,0000,0000,0,0016,0016,0000,0,000,0016,0016
153,153,0,25ecbc6469680000,fc,0,0,0016,0748,0,0000,0016,0,0016,0000,1,1,0,0,0000,0016,0000,0000,0000,0000,0,0016,0016,0000,0,000,0016,0016
154,154,0,25ecbc6469680000,fc,0,0,0016,0748,0,0000,0016,0,0016,0000,1,1,0,0,0000,0016,0000,0000,0000,0000,0,0016,0016,0000,0,000,0016,0016
155,155,0,25ecbc6469680000,fc,0,0,0016,0748,0,0000,0016,0,0016,0000,1,1,0,0,0000,0016,0000,0000,0000,0000,0,0016,0016,0000,0,000,0016,0016
156,156,0,25ecbc6469680000,fc,0,0,0016,0748,0,0000,0016,0,0016,0000,1,1,0,0,0000,0016,0000,0000,0000,0000,0,0016,0016,0000,0,000,0016,0016
157,157,0,25ecbc6469680000,fc,0,0,0016,0748,0,0000,0016,0,0016,0000,1,1,0,0,0000,0016,0000,0000,0000,0000,0,0016,0016,0000,0,000,0016,0016
158,158,0,25ecbc6469680000,fc,0,0,0016,0748,0,0000,0016,0,0016,0000,1,1,0,0,0000,0016,0000,0000,0000,0000,0,0016,0016,0000,0,000,0016,0016
159,159,0,25ecbc6469680000,fc,0,0,0016,0748,0,0000,0016,0,0016,0000,1,1,0,0,0000,0016,0000,0000,0000,0000,0,0016,0016,0000,0,000,0016,0016
160,160,0,25ecbc6469680000,fc,0,0,0016,0748,0,0000,0016,0,0016,0000,1,1,0,0,0000,0016,0000,0000,0000,0000,0,0016,0016,0000,0,000,0016,0016
161,161,0,25ecbc6469680000,fc,0,0,0016,0748,0,0000,0016,0,0016,0000,1,1,0,0,0000,0016,0000,0000,0000,0000,0,0016,0016,0000,0,000,0016,0016
162,162,0,25ecbc6469680000,fc,0,0,0016,0748,0,0000,0016,0,0016,0000,1,1,0,0,0000,0016,0000,0000,0000,0000,0,0016,0016,0000,0,000,0016,0016
163,163,0,25ecbc6469680000,fc,0,0,0016,0748,0,0000,0016,0,0016,0000,1,1,0,0,0000,0016,0000,0000,0000,0000,0,0016,0016,0000,0,000,0016,0016
164,164,0,25ecbc6469680000,fc,0,0,0016,0748,0,0000,0016,0,0016,0000,1,1,0,0,0000,0016,0000,0000,0000,0000,0,0016,0016,0000,0,000,0016,0016
165,165,0,25ecbc6469680000,fc,0,0,0016,0748,0,0000,0016,0,0016,0000,1,1,0,0,0000,0016,0000,0000,0000,0000,0,0016,0016,0000,0,000,0016,0016
166,166,0,25ecbc6469680000,fc,0,0,0016,0748,0,0000,0016,0,0016,0000,1,1,0,0,0000,0016,0000,0000,0000,0000,0,0016,0016,0000,0,000,0016,0016
167,167,0,25ecbc6469680000,fc,0,0,0016,0748,0,0000,0016,0,0016,0000,1,1,0,0,0000,0016,0000,0000,0000,0000,0,0016,0016,0000,0,000,0016,0016
168,168,0,25ecbc6469680000,fc,0,0,0016,0748,0,0000,0016,0,0016,0000,1,1,0,0,0000,0016,0000,0000,0000,0000,0,0016,0016,0000,0,000,0016,0016
169,169,0,25ecbc6469680000,fc,0,0,0016,0748,0,0000,0016,0,0016,0000,1,1,0,0,0000,0016,0000,0000,0000,0000,0,0016,0016,0000,0,000,0016,0016
170,170,0,25ecbc6469680000,fc,0,0,0016,0748,0,0000,0016,0,0016,0000,1,1,0,0,0000,0016,0000,0000,0000,0000,0,0016,0016,0000,0,000,0016,0016
171,171,0,25ecbc6469680000,fc,0,0,0016,0748,0,0000,0016,0,0016,0000,1,1,0,0,0000,0016,0000,0000,0000,0000,0,0016,0016,0000,0,000,0016,0016
172,172,0,25ecbc6469680000,fc,0,0,0016,0748,0,0000,0016,0,0016,0000,1,1,0,0,0000,0016,0000,0000,0000,0000,0,0016,0016,0000,0,000,0016,0016
173,173,0,25ecbc6469680000,fc,0,0,0016,0748,0,0000,0016,0,0016,0000,1,1,0,0,0000,0016,0000,0000,0000,0000,0,0016,0016,0000,0,000,0016,0016
174,174,0,25ecbc6469680000,fc,0,0,0016,0748,0,0000,0016,0,0016,0000,1,1,0,0,0000,0016,0000,0000,0000,0000,0,0016,0016,0000,0,000,0016,0016
175,175,0,25ecbc6469680000,fc,0,0,0016,0748,0,0000,0016,0,0016,0000,1,1,0,0,0000,0016,0000,0000,0000,0000,0,0016,0016,0000,0,000,0016,0016
176,176,0,25ecbc6469680000,fc,0,0,0016,0748,0,0000,0016,0,0016,0000,1,1,0,0,0000,0016,0000,0000,0000,0000,0,0016,0016,0000,0,000,0016,0016
177,177,0,25ecbc6469680000,fc,0,0,0016,0748,0,0000,0016,0,0016,0000,1,1,0,0,0000,0016,0000,0000,0000,0000,0,0016,0016,0000,0,000,0016,0016
178,178,0,25ecbc6469680000,fc,0,0,0016,0748,0,0000,0016,0,0016,0000,1,1,0,0,0000,0016,0000,0000,0000,0000,0,0016,0016,0000,0,000,0016,0016
179,179,0,25ecbc6469680000,fc,0,0,0016,0748,0,0000,0016,0,0016,0000,1,1,0,0,0000,0016,0000,0000,0000,0000,0,0016,0016,0000,0,000,0016,0016
180,180,0,25ecbc6469680000,fc,0,0,0016,0748,0,0000,0016,0,0016,0000,1,1,0,0,0000,0016,0000,0000,0000,0000,0,0016,0016,0000,0,000,0016,0016
181,181,0,25ecbc6469680000,fc,0,0,0016,0748,0,0000,0016,0,0016,0000,1,1,0,0,0000,0016,0000,0000,0000,0000,0,0016,0016,0000,0,000,0016,0016
182,182,0,25ecbc6469680000,fc,0,0,0016,0748,0,0000,0016,0,0016,0000,1,1,0,0,0000,0016,0000,0000,0000,0000,0,0016,0016,0000,0,000,0016,0016
183,183,0,25ecbc6469680000,fc,0,0,0016,0748,0,0000,0016,0,0016,0000,1,1,0,0,0000,0016,0000,0000,0000,0000,0,0016,0016,0000,0,000,0016,0016
184,184,0,25ecbc6469680000,fc,0,0,0016,0748,0,0000,0016,0,0016,0000,1,1,0,0,0000,0016,0000,0000,0000,0000,0,0016,0016,0000,0,000,0016,0016
185,185,0,25ecbc6469680000,fc,0,0,0016,0748,0,0000,0016,0,0016,0000,1,1,0,0,0000,0016,0000,0000,0000,0000,0,0016,0016,0000,0,000,0016,0016
186,186,0,25ecbc6469680000,fc,0,0,0016,0748,0,0000,0016,0,0016,0000,1,1,0,0,0000,0016,0000,0000,0000,0000,0,0016,0016,0000,0,000,0016,0016
187,187,0,25ecbc6469680000,fc,0,0,0016,0748,0,0000,0016,0,0016,0000,1,1,0,0,0000,0016,0000,0000,0000,0000,0,0016,0016,0000,0,000,0016,0016
188,188,0,25ecbc6469680000,fc,0,0,0016,0748,0,0000,0016,0,0016,0000,1,1,0,0,0000,0016,0000,0000,0000,0000,0,0016,0016,0000,0,000,0016,0016
189,189,0,25ecbc6469680000,fc,0,0,0016,0748,0,0000,0016,0,0016,0000,1,1,0,0,0000,0016,0000,0000,0000,0000,0,0016,0016,0000,0,000,0016,0016
190,190,0,25ecbc6469680000,fc,0,0,0016,0748,0,0000,0016,0,0016,0000,1,1,0,0,0000,0016,0000,0000,0000,0000,0,0016,0016,0000,0,000,0016,0016
191,191,0,25ecbc6469680000,fc,0,0,0016,0748,0,0000,0016,0,0016,0000,1,1,0,0,0000,0016,0000,0000,0000,0000,0,0016,0016,0000,0,000,0016,0016
192,192,0,25ecbc6469680000,fc,0,0,0016,0748,0,0000,0016,0,0016,0000,1,1,0,0,0000,0016,0000,0000,0000,0000,0,0016,0016,0000,0,000,0016,0016
193,193,0,25ecbc6469680000,fc,0,0,0016,0748,0,0000,0016,0,0016,0000,1,1,0,0,0000,0016,0000,0000,0000,0000,0,0016,0016,0000,0,000,0016,0016
194,194,0,25ecbc6469680000,fc,0,0,0016,0748,0,0000,0016,0,0016,0000,1,1,0,0,0000,0016,0000,0000,0000,0000,0,0016,0016,0000,0,000,0016,0016
195,195,0,25ecbc6469680000,fc,0,0,0016,0748,0,0000,0016,0,0016,0000,1,1,0,0,0000,0016,0000,0000,0000,0000,0,0016,0016,0000,0,000,0016,0016
196,196,0,25ecbc6469680000,fc,0,0,0016,0748,0,0000,0016,0,0016,0000,1,1,0,0,0000,0016,0000,0000,0000,0000,0,0016,0016,0000,0,000,0016,0016
197,197,0,25ecbc6469680000,fc,0,0,0016,0748,0,0000,0016,0,0016,0000,1,1,0,0,0000,0016,0000,0000,0000,0000,0,0016,0016,0000,0,000,0016,0016
198,198,0,25ecbc6469680000,fc,0,0,0016,0748,0,0000,0016,0,0016,0000,1,1,0,0,0000,0016,0000,0000,0000,0000,0,0016,0016,0000,0,000,0016,0016
199,199,0,25ecbc6469680000,fc,0,0,0016,0748,0,0000,0016,0,0016,0000,1,1,0,0,0000,0016,0000,0000,0000,0000,0,0016,0016,0000,0,000,0016,0016
200,200,0,25ecbc6469680000,fc,0,0,0016,0748,0,0000,0016,0,0016,0000,1,1,0,0,0000,0016,0000,0000,0000,0000,0,0016,0016,0000,0,000,0016,0016
201,201,0,25ecbc6469680000,fc,0,0,0016,0748,0,0000,0016,0,0016,0000,1,1,0,0,0000,0016,0000,0000,0000,0000,0,0016,0016,0000,0,000,0016,0016
202,202,0,25ecbc6469680000,fc,0,0,0016,0748,0,0000,0016,0,0016,0000,1,1,0,0,0000,0016,0000,0000,0000,0000,0,0016,0016,0000,0,000,0016,0016
203,203,0,25ecbc6469680000,fc,0,0,0016,0748,0,0000,0016,0,0016,0000,1,1,0,0,0000,0016,0000,0000,0000,0000,0,0016,0016,0000,0,000,0016,0016
204,204,0,25ecbc6469680000,fc,0,0,0016,0748,0,0000,0016,0,0016,0000,1,1,0,0,0000,0016,0000,0000,0000,0000,0,0016,0016,0000,0,000,0016,0016
205,205,0,25ecbc6469680000,fc,0,0,0016,0748,0,0000,0016,0,0016,0000,1,1,0,0,0000,0016,0000,0000,0000,0000,0,0016,0016,0000,0,000,0016,0016
206,206,0,25ecbc6469680000,fc,0,0,0016,0748,0,0000,0016,0,0016,0000,1,1,0,0,0000,0016,0000,0000,0000,0000,0,0016,0016,0000,0,000,0016,0016
207,207,0,25ecbc6469680000,fc,0,0,0016,0748,0,0000,0016,0,0016,0000,1,1,0,0,0000,0016,0000,0000,0000,0000,0,0016,0016,0000,0,000,0016,0016
208,208,0,25ecbc6469680000,fc,0,0,0016,0748,0,0000,0016,0,0016,0000,1,1,0,0,0000,0016,0000,0000,0000,0000,0,0016,0016,0000,0,000,0016,0016
209,209,0,25ecbc6469680000,fc,0,0,0016,0748,0,0000,0016,0,0016,0000,1,1,0,0,0000,0016,0000,0000,0000,0000,0,0016,0016,0000,0,000,0016,0016
210,210,0,25ecbc6469680000,fc,0,0,0016,0748,0,0000,0016,0,0016,0000,1,1,0,0,0000,0016,0000,0000,0000,0000,0,0016,0016,0000,0,000,0016,0016
211,211,0,25ecbc6469680000,fc,0,0,0016,0748,0,0000,0016,0,0016,0000,1,1,0,0,0000,0016,0000,0000,0000,0000,0,0016,0016,0000,0,000,0016,0016
212,212,0,25ecbc6469680000,fc,0,0,0016,0748,0,0000,0016,0,0016,0000,1,1,0,0,0000,0016,0000,0000,0000,0000,0,0016,0016,0000,0,000,0016,0016
213,213,0,25ecbc6469680000,fc,0,0,0016,0748,0,0000,0016,0,0016,0000,1,1,0,0,0000,0016,0000,0000,0000,0000,0,0016,0016,0000,0,000,0016,0016
214,214,0,25ecbc6469680000,fc,0,0,0016,0748,0,0000,0016,0,0016,0000,1,1,0,0,0000,0016,0000,0000,0000,0000,0,0016,0016,0000,0,000,0016,0016
215,215,0,25ecbc6469680000,fc,0,0,0016,0748,0,0000,0016,0,0016,0000,1,1,0,0,0000,0016,0000,0000,0000,0000,0,0016,0016,0000,0,000,0016,0016
216,216,0,25ecbc6469680000,fc,0,0,0016,0748,0,0000,0016,0,0016,0000,1,1,0,0,0000,0016,0000,0000,0000,0000,0,0016,0016,0000,0,000,0016,0016
217,217,0,25ecbc6469680000,fc,0,0,0016,0748,0,0000,0016,0,0016,0000,1,1,0,0,0000,0016,0000,0000,0000,0000,0,0016,0016,0000,0,000,0016,0016
218,218,0,25ecbc6469680000,fc,0,0,0016,0748,0,0000,0016,0,0016,0000,1,1,0,0,0000,0016,0000,0000,0000,0000,0,0016,0016,0000,0,000,0016,0016
219,219,0,25ecbc6469680000,fc,0,0,0016,0748,0,0000,0016,0,0016,0000,1,1,0,0,0000,0016,0000,0000,0000,0000,0,0016,0016,0000,0,000,0016,0016
220,220,0,25ecbc6469680000,fc,0,0,0016,0748,0,0000,0016,0,0016,0000,1,1,0,0,0000,0016,0000,0000,0000,0000,0,0016,0016,0000,0,000,0016,0016
221,221,0,25ecbc6469680000,fc,0,0,0016,0748,0,0000,0016,0,0016,0000,1,1,0,0,0000,0016,0000,0000,0000,0000,0,0016,0016,0000,0,000,0016,0016
222,222,0,25ecbc6469680000,fc,0,0,0016,0748,0,0000,0016,0,0016,0000,1,1,0,0,0000,0016,0000,0000,0000,0000,0,0016,0016,0000,0,000,0016,0016
223,223,0,25ecbc6469680000,fc,0,0,0016,0748,0,0000,0016,0,0016,0000,1,1,0,0,0000,0016,0000,0000,0000,0000,0,0016,0016,0000,0,000,0016,0016
224,224,0,25ecbc6469680000,fc,0,0,0016,0748,0,0000,0016,0,0016,0000,1,1,0,0,0000,0016,0000,0000,0000,0000,0,0016,0016,0000,0,000,0016,0016
225,225,0,25ecbc6469680000,fc,0,0,0016,0748,0,0000,0016,0,0016,0000,1,1,0,0,0000,0016,0000,0000,0000,0000,0,0016,0016,0000,0,000,0016,0016
226,226,0,25ecbc6469680000,fc,0,0,0016,0748,0,0000,0016,0,0016,0000,1,1,0,0,0000,0016,0000,0000,0000,0000,0,0016,0016,0000,0,000,0016,0016
227,227,0,25ecbc6469680000,fc,0,0,0016,0748,0,0000,0016,0,0016,0000,1,1,0,0,0000,0016,0000,0000,0000,0000,0,0016,0016,0000,0,000,0016,0016
228,228,0,25ecbc6469680000,fc,0,0,0016,0748,0,0000,0016,0,0016,0000,1,1,0,0,0000,0016,0000,0000,0000,0000,0,0016,0016,0000,0,000,0016,0016
229,229,0,25ecbc6469680000,fc,0,0,0016,0748,0,0000,0016,0,0016,0000,1,1,0,0,0000,0016,0000,0000,0000,0000,0,0016,0016,0000,0,000,0016,0016
230,230,0,25ecbc6469680000,fc,0,0,0016,0748,0,0000,0016,0,0016,0000,1,1,0,0,0000,0016,0000,0000,0000,0000,0,0016,0016,0000,0,000,0016,0016
231,231,0,25ecbc6469680000,fc,0,0,0016,0748,0,0000,0016,0,0016,0000,1,1,0,0,0000,0016,0000,0000,0000,0000,0,0016,0016,0000,0,000,0016,0016
232,232,0,25ecbc6469680000,fc,0,0,0016,0748,0,0000,0016,0,0016,0000,1,1,0,0,0000,0016,0000,0000,0000,0000,0,0016,0016,0000,0,000,0016,0016
233,233,0,25ecbc6469680000,fc,0,0,0016,0748,0,0000,0016,0,0016,0000,1,1,0,0,0000,0016,0000,0000,0000,0000,0,0016,0016,0000,0,000,0016,0016
234,234,0,25ecbc6469680000,fc,0,0,0016,0748,0,0000,0016,0,0016,0000,1,1,0,0,0000,0016,0000,0000,0000,0000,0,0016,0016,0000,0,000,0016,0016
235,235,0,25ecbc6469680000,fc,0,0,0016,0748,0,0000,0016,0,0016,0000,1,1,0,0,0000,0016,0000,0000,0000,0000,0,0016,0016,0000,0,000,0016,0016
236,236,0,25ecbc6469680000,fc,0,0,0016,0748,0,0000,0016,0,0016,0000,1,1,0,0,0000,0016,0000,0000,0000,0000,0,0016,0016,0000,0,000,0016,0016
237,237,0,25ecbc6469680000,fc,0,0,0016,0748,0,0000,0016,0,0016,0000,1,1,0,0,0000,0016,0000,0000,0000,0000,0,0016,0016,0000,0,000,0016,0016
238,238,0,25ecbc6469680000,fc,0,0,0016,0748,0,0000,0016,0,0016,0000,1,1,0,0,0000,0016,0000,0000,0000,0000,0,0016,0016,0000,0,000,0016,0016
239,239,0,25ecbc6469680000,fc,0,0,0016,0748,0,0000,0016,0,0016,0000,1,1,0,0,0000,0016,0000,0000,0000,0000,0,0016,0016,0000,0,000,0016,0016
240,240,0,25ecbc6469680000,fc,0,0,0016,0748,0,0000,0016,0,0016,0000,1,1,0,0,0000,0016,0000,0000,0000,0000,0,0016,0016,0000,0,000,0016,0016
241,241,0,25ecbc6469680000,fc,0,0,0016,0748,0,0000,0016,0,0016,0000,1,1,0,0,0000,0016,0000,0000,0000,0000,0,0016,0016,0000,0,000,0016,0016
242,242,0,25ecbc6469680000,fc,0,0,0016,0748,0,0000,0016,0,0016,0000,1,1,0,0,0000,0016,0000,0000,0000,0000,0,0016,0016,0000,0,000,0016,0016
243,243,0,25ecbc6469680000,fc,0,0,0016,0748,0,0000,0016,0,0016,0000,1,1,0,0,0000,0016,0000,0000,0000,0000,0,0016,0016,0000,0,000,0016,0016
244,244,0,25ecbc6469680000,fc,0,0,0016,0748,0,0000,0016,0,0016,0000,1,1,0,0,0000,0016,0000,0000,0000,0000,0,0016,0016,0000,0,000,0016,0016
245,245,0,25ecbc6469680000,fc,0,0,0016,0748,0,0000,0016,0,0016,0000,1,1,0,0,0000,0016,0000,0000,0000,0000,0,0016,0016,0000,0,000,0016,0016
246,246,0,25ecbc6469680000,fc,0,0,0016,0748,0,0000,0016,0,0016,0000,1,1,0,0,0000,0016,0000,0000,0000,0000,0,0016,0016,0000,0,000,0016,0016
247,247,0,25ecbc6469680000,fc,0,0,0016,0748,0,0000,0016,0,0016,0000,1,1,0,0,0000,0016,0000,0000,0000,0000,0,0016,0016,0000,0,000,0016,0016
248,248,0,25ecbc6469680000,fc,0,0,0016,0748,0,0000,0016,0,0016,0000,1,1,0,0,0000,0016,0000,0000,0000,0000,0,0016,0016,0000,0,000,0016,0016
249,249,0,25ecbc6469680000,fc,0,0,0016,0748,0,0000,0016,0,0016,0000,1,1,0,0,0000,0016,0000,0000,0000,0000,0,0016,0016,0000,0,000,0016,0016
250,250,0,25ecbc6469680000,fc,0,0,0016,0748,0,0000,0016,0,0016,0000,1,1,0,0,0000,0016,0000,0000,0000,0000,0,0016,0016,0000,0,000,0016,0016
251,251,0,25ecbc6469680000,fc,0,0,0016,0748,0,0000,0016,0,0016,0000,1,1,0,0,0000,0016,0000,0000,0000,0000,0,0016,0016,0000,0,000,0016,0016
252,252,0,25ecbc6469680000,fc,0,0,0016,0748,0,0000,0016,0,0016,0000,1,1,0,0,0000,0016,0000,0000,0000,0000,0,0016,0016,0000,0,000,0016,0016
253,253,0,25ecbc6469680000,fc,0,0,0016,0748,0,0000,0016,0,0016,0000,1,1,0,0,0000,0016,0000,0000,0000,0000,0,0016,0016,0000,0,000,0016,0016
254,254,0,25ecbc6469680000,fc,0,0,0016,0748,0,0000,0016,0,0016,0000,1,1,0,0,0000,0016,0000,0000,0000,0000,0,0016,0016,0000,0,000,0016,0016
255,255,0,25ecbc6469680000,fc,0,0,0016,0748,0,0000,0016,0,0016,0000,1,1,0,0,0000,0016,0000,0000,0000,0000,0,0016,0016,0000,0,000,0016,0016
256,256,0,25ecbc6469680000,fc,0,0,0016,0748,0,0000,0016,0,0016,0000,1,1,0,0,0000,0016,0000,0000,0000,0000,0,0016,0016,0000,0,000,0016,0016
257,257,0,25ecbc6469680000,fc,0,0,0016,0748,0,0000,0016,0,0016,0000,1,1,0,0,0000,0016,0000,0000,0000,0000,0,0016,0016,0000,0,000,0016,0016
258,258,0,25ecbc6469680000,fc,0,0,0016,0748,0,0000,0016,0,0016,0000,1,1,0,0,0000,0016,0000,0000,0000,0000,0,0016,0016,0000,0,000,0016,0016
259,259,0,25ecbc6469680000,fc,0,0,0016,0748,0,0000,0016,0,0016,0000,1,1,0,0,0000,0016,0000,0000,0000,0000,0,0016,0016,0000,0,000,0016,0016
260,260,0,25ecbc6469680000,fc,0,0,0016,0748,0,0000,0016,0,0016,0000,1,1,0,0,0000,0016,0000,0000,0000,0000,0,0016,0016,0000,0,000,0016,0016
261,261,0,25ecbc6469680000,fc,0,0,0016,0748,0,0000,0016,0,0016,0000,1,1,0,0,0000,0016,0000,0000,0000,0000,0,0016,0016,0000,0,000,0016,0016
262,262,0,25ecbc6469680000,fc,0,0,0016,0748,0,0000,0016,0,0016,0000,1,1,0,0,0000,0016,0000,0000,0000,0000,0,0016,0016,0000,0,000,0016,0016
263,263,0,25ecbc6469680000,fc,0,0,0016,0748,0,0000,0016,0,0016,0000,1,1,0,0,0000,0016,0000,0000,0000,0000,0,0016,0016,0000,0,000,0016,0016
264,264,0,25ecbc6469680000,fc,0,0,0016,0748,0,0000,0016,0,0016,0000,1,1,0,0,0000,0016,0000,0000,0000,0000,0,0016,0016,0000,0,000,0016,0016
265,265,0,25ecbc6469680000,fc,0,0,0016,0748,0,0000,0016,0,0016,0000,1,1,0,0,0000,0016,0000,0000,0000,0000,0,0016,0016,0000,0,000,0016,0016
266,266,0,25ecbc6469680000,fc,0,0,0016,0748,0,0000,0016,0,0016,0000,1,1,0,0,0000,0016,0000,0000,0000,0000,0,0016,0016,0000,0,000,0016,0016
267,267,0,25ecbc6469680000,fc,0,0,0016,0748,0,0000,0016,0,0016,0000,1,1,0,0,0000,0016,0000,0000,0000,0000,0,0016,0016,0000,0,000,0016,0016
268,268,0,25ecbc6469680000,fc,0,0,0016,0748,0,0000,0016,0,0016,0000,1,1,0,0,0000,0016,0000,0000,0000,0000,0,0016,0016,0000,0,000,0016,0016
269,269,0,25ecbc6469680000,fc,0,0,0016,0748,0,0000,0016,0,0016,0000,1,1,0,0,0000,0016,0000,0000,0000,0000,0,0016,0016,0000,0,000,0016,0016
270,270,0,25ecbc6469680000,fc,0,0,0016,0748,0,0000,0016,0,0016,0000,1,1,0,0,0000,0016,0000,0000,0000,0000,0,0016,0016,0000,0,000,0016,0016
271,271,0,25ecbc6469680000,fc,0,0,0016,0748,0,0000,0016,0,0016,0000,1,1,0,0,0000,0016,0000,0000,0000,0000,0,0016,0016,0000,0,000,0016,0016
272,272,0,25ecbc6469680000,fc,0,0,0016,0748,0,0000,0016,0,0016,0000,1,1,0,0,0000,0016,0000,0000,0000,0000,0,0016,0016,0000,0,000,0016,0016
273,273,0,25ecbc6469680000,fc,0,0,0016,0748,0,0000,0016,0,0016,0000,1,1,0,0,0000,0016,0000,0000,0000,0000,0,0016,0016,0000,0,000,0016,0016
274,274,0,25ecbc6469680000,fc,0,0,0016,0748,0,0000,0016,0,0016,0000,1,1,0,0,0000,0016,0000,0000,0000,0000,0,0016,0016,0000,0,000,0016,0016
275,275,0,25ecbc6469680000,fc,0,0,0016,0748,0,0000,0016,0,0016,0000,1,1,0,0,0000,0016,0000,0000,0000,0000,0,0016,0016,0000,0,000,0016,0016
276,276,0,25ecbc6469680000,fc,0,0,0016,0748,0,0000,0016,0,0016,0000,1,1,0,0,0000,0016,0000,0000,0000,0000,0,0016,0016,0000,0,000,0016,0016
277,277,0,25ecbc6469680000,fc,0,0,0016,0748,0,0000,0016,0,0016,0000,1,1,0,0,0000,0016,0000,0000,0000,0000,0,0016,0016,0000,0,000,0016,0016
278,278,0,25ecbc6469680000,fc,0,0,0016,0748,0,0000,0016,0,0016,0000,1,1,0,0,0000,0016,0000,0000,0000,0000,0,0016,0016,0000,0,000,0016,0016
279,279,0,25ecbc6469680000,fc,0,0,0016,0748,0,0000,0016,0,0016,0000,1,1,0,0,0000,0016,0000,0000,0000,0000,0,0016,0016,0000,0,000,0016,0016
280,280,0,25ecbc6469680000,fc,0,0,0016,0748,0,0000,0016,0,0016,0000,1,1,0,0,0000,0016,0000,0000,0000,0000,0,0016,0016,0000,0,000,0016,0016
281,281,0,25ecbc6469680000,fc,0,0,0016,0748,0,0000,0016,0,0016,0000,1,1,0,0,0000,0016,0000,0000,0000,0000,0,0016,0016,0000,0,000,0016,0016
282,282,0,25ecbc6469680000,fc,0,0,0016,0748,0,0000,0016,0,0016,0000,1,1,0,0,0000,0016,0000,0000,0000,0000,0,0016,0016,0000,0,000,0016,0016
283,283,0,25ecbc6469680000,fc,0,0,0016,0748,0,0000,0016,0,0016,0000,1,1,0,0,0000,0016,0000,0000,0000,0000,0,0016,0016,0000,0,000,0016,0016
284,284,0,25ecbc6469680000,fc,0,0,0016,0748,0,0000,0016,0,0016,0000,1,1,0,0,0000,0016,0000,0000,0000,0000,0,0016,0016,0000,0,000,0016,0016
285,285,0,25ecbc6469680000,fc,0,0,0016,0748,0,0000,0016,0,0016,0000,1,1,0,0,0000,0016,0000,0000,0000,0000,0,0016,0016,0000,0,000,0016,0016
286,286,0,25ecbc6469680000,fc,0,0,0016,0748,0,0000,0016,0,0016,0000,1,1,0,0,0000,0016,0000,0000,0000,0000,0,0016,0016,0000,0,000,0016,0016
287,287,0,25ecbc6469680000,fc,0,0,0016,0748,0,0000,0016,0,0016,0000,1,1,0,0,0000,0016,0000,0000,0000,0000,0,0016,0016,0000,0,000,0016,0016
288,288,0,25ecbc6469680000,fc,0,0,0016,0748,0,0000,0016,0,0016,0000,1,1,0,0,0000,0016,0000,0000,0000,0000,0,0016,0016,0000,0,000,0016,0016
289,289,0,25ecbc6469680000,fc,0,0,0016,0748,0,0000,0016,0,0016,0000,1,1,0,0,0000,0016,0000,0000,0000,0000,0,0016,0016,0000,0,000,0016,0016
290,290,0,25ecbc6469680000,fc,0,0,0016,0748,0,0000,0016,0,0016,0000,1,1,0,0,0000,0016,0000,0000,0000,0000,0,0016,0016,0000,0,000,0016,0016
291,291,0,25ecbc6469680000,fc,0,0,0016,0748,0,0000,0016,0,0016,0000,1,1,0,0,0000,0016,0000,0000,0000,0000,0,0016,0016,0000,0,000,0016,0016
292,292,0,25ecbc6469680000,fc,0,0,0016,0748,0,0000,0016,0,0016,0000,1,1,0,0,0000,0016,0000,0000,0000,0000,0,0016,0016,0000,0,000,0016,0016
293,293,0,25ecbc6469680000,fc,0,0,0016,0748,0,0000,0016,0,0016,0000,1,1,0,0,0000,0016,0000,0000,0000,0000,0,0016,0016,0000,0,000,0016,0016
294,294,0,25ecbc6469680000,fc,0,0,0016,0748,0,0000,0016,0,0016,0000,1,1,0,0,0000,0016,0000,0000,0000,0000,0,0016,0016,0000,0,000,0016,0016
295,295,0,25ecbc6469680000,fc,0,0,0016,0748,0,0000,0016,0,0016,0000,1,1,0,0,0000,0016,0000,0000,0000,0000,0,0016,0016,0000,0,000,0016,0016
296,296,0,25ecbc6469680000,fc,0,0,0016,0748,0,0000,0016,0,0016,0000,1,1,0,0,0000,0016,0000,0000,0000,0000,0,0016,0016,0000,0,000,0016,0016
297,297,0,25ecbc6469680000,fc,0,0,0016,0748,0,0000,0016,0,0016,0000,1,1,0,0,0000,0016,0000,0000,0000,0000,0,0016,0016,0000,0,000,0016,0016
298,298,0,25ecbc6469680000,fc,0,0,0016,0748,0,0000,0016,0,0016,0000,1,1,0,0,0000,0016,0000,0000,0000,0000,0,0016,0016,0000,0,000,0016,0016
299,299,0,25ecbc6469680000,fc,0,0,0016,0748,0,0000,0016,0,0016,0000,1,1,0,0,0000,0016,0000,0000,0000,0000,0,0016,0016,0000,0,000,0016,0016
300,300,0,25ecbc6469680000,fc,0,0,0016,0748,0,0000,0016,0,0016,0000,1,1,0,0,0000,0016,0000,0000,0000,0000,0,0016,0016,0000,0,000,0016,0016
301,301,0,25ecbc6469680000,fc,0,0,0016,0748,0,0000,0016,0,0016,0000,1,1,0,0,0000,0016,0000,0000,0000,0000,0,0016,0016,0000,0,000,0016,0016
302,302,0,25ecbc6469680000,fc,0,0,0016,0748,0,0000,0016,0,0016,0000,1,1,0,0,0000,0016,0000,0000,0000,0000,0,0016,0016,0000,0,000,0016,0016
303,303,0,25ecbc6469680000,fc,0,0,0016,0748,0,0000,0016,0,0016,0000,1,1,0,0,0000,0016,0000,0000,0000,0000,0,0016,0016,0000,0,000,0016,0016
304,304,0,25ecbc6469680000,fc,0,0,0016,0748,0,0000,0016,0,0016,0000,1,1,0,0,0000,0016,0000,0000,0000,0000,0,0016,0016,0000,0,000,0016,0016
305,305,0,25ecbc6469680000,fc,0,0,0016,0748,0,0000,0016,0,0016,0000,1,1,0,0,0000,0016,0000,0000,0000,0000,0,0016,0016,0000,0,000,0016,0016
306,306,0,25ecbc6469680000,fc,0,0,0016,0748,0,0000,0016,0,0016,0000,1,1,0,0,0000,0016,0000,0000,0000,0000,0,0016,0016,0000,0,000,0016,0016
307,307,0,25ecbc6469680000,fc,0,0,0016,0748,0,0000,0016,0,0016,0000,1,1,0,0,0000,0016,0000,0000,0000,0000,0,0016,0016,0000,0,000,0016,0016
308,308,0,25ecbc6469680000,fc,0,0,0016,0748,0,0000,0016,0,0016,0000,1,1,0,0,0000,0016,0000,0000,0000,0000,0,0016,0016,0000,0,000,0016,0016
309,309,0,25ecbc6469680000,fc,0,0,0016,0748,0,0000,0016,0,0016,0000,1,1,0,0,0000,0016,0000,0000,0000,0000,0,0016,0016,0000,0,000,0016,0016
310,310,0,25ecbc6469680000,fc,0,0,0016,0748,0,0000,0016,0,0016,0000,1,1,0,0,0000,0016,0000,0000,0000,0000,0,0016,0016,0000,0,000,0016,0016
311,311,0,25ecbc6469680000,fc,0,0,0016,0748,0,0000,0016,0,0016,0000,1,1,0,0,0000,0016,0000,0000,0000,0000,0,0016,0016,0000,0,000,0016,0016
312,312,0,25ecbc6469680000,fc,0,0,0016,0748,0,0000,0016,0,0016,0000,1,1,0,0,0000,0016,0000,0000,0000,0000,0,0016,0016,0000,0,000,0016,0016
313,313,0,25ecbc6469680000,fc,0,0,0016,0748,0,0000,0016,0,0016,0000,1,1,0,0,0000,0016,0000,0000,0000,0000,0,0016,0016,0000,0,000,0016,0016
314,314,0,25ecbc6469680000,fc,0,0,0016,0748,0,0000,0016,0,0016,0000,1,1,0,0,0000,0016,0000,0000,0000,0000,0,0016,0016,0000,0,000,0016,0016
315,315,0,25ecbc6469680000,fc,0,0,0016,0748,0,0000,0016,0,0016,0000,1,1,0,0,0000,0016,0000,0000,0000,0000,0,0016,0016,0000,0,000,0016,0016
316,316,0,25ecbc6469680000,fc,0,0,0016,0748,0,0000,0016,0,0016,0000,1,1,0,0,0000,0016,0000,0000,0000,0000,0,0016,0016,0000,0,000,0016,0016
317,317,0,25ecbc6469680000,fc,0,0,0016,0748,0,0000,0016,0,0016,0000,1,1,0,0,0000,0016,0000,0000,0000,0000,0,0016,0016,0000,0,000,0016,0016
318,318,0,25ecbc6469680000,fc,0,0,0016,0748,0,0000,0016,0,0016,0000,1,1,0,0,0000,0016,0000,0000,0000,0000,0,0016,0016,0000,0,000,0016,0016
319,319,0,25ecbc6469680000,fc,0,0,0016,0748,0,0000,0016,0,0016,0000,1,1,0,0,0000,0016,0000,0000,0000,0000,0,0016,0016,0000,0,000,0016,0016
320,320,0,25ecbc6469680000,fc,0,0,0016,0748,0,0000,0016,0,0016,0000,1,1,0,0,0000,0016,0000,0000,0000,0000,0,0016,0016,0000,0,000,0016,0016
321,321,0,25ecbc6469680000,fc,0,0,0016,0748,0,0000,0016,0,0016,0000,1,1,0,0,0000,0016,0000,0000,0000,0000,0,0016,0016,0000,0,000,0016,0016
322,322,0,25ecbc6469680000,fc,0,0,0016,0748,0,0000,0016,0,0016,0000,1,1,0,0,0000,0016,0000,0000,0000,0000,0,0016,0016,0000,0,000,0016,0016
323,323,0,25ecbc6469680000,fc,0,0,0016,0748,0,0000,0016,0,0016,0000,1,1,0,0,0000,0016,0000,0000,0000,0000,0,0016,0016,0000,0,000,0016,0016
324,324,0,25ecbc6469680000,fc,0,0,0016,0748,0,0000,0016,0,0016,0000,1,1,0,0,0000,0016,0000,0000,0000,0000,0,0016,0016,0000,0,000,0016,0016
325,325,0,25ecbc6469680000,fc,0,0,0016,0748,0,0000,0016,0,0016,0000,1,1,0,0,0000,0016,0000,0000,0000,0000,0,0016,0016,0000,0,000,0016,0016
326,326,0,25ecbc6469680000,fc,0,0,0016,0748,0,0000,0016,0,0016,0000,1,1,0,0,0000,0016,0000,0000,0000,0000,0,0016,0016,0000,0,000,0016,0016
327,327,0,25ecbc6469680000,fc,0,0,0016,0748,0,0000,0016,0,0016,0000,1,1,0,0,0000,0016,0000,0000,0000,0000,0,0016,0016,0000,0,000,0016,0016
328,328,0,25ecbc6469680000,fc,0,0,0016,0748,0,0000,0016,0,0016,0000,1,1,0,0,0000,0016,0000,0000,0000,0000,0,0016,0016,0000,0,000,0016,0016
329,329,0,25ecbc6469680000,fc,0,0,0016,0748,0,0000,0016,0,0016,0000,1,1,0,0,0000,0016,0000,0000,0000,0000,0,0016,0016,0000,0,000,0016,0016
330,330,0,25ecbc6469680000,fc,0,0,0016,0748,0,0000,0016,0,0016,0000,1,1,0,0,0000,0016,0000,0000,0000,0000,0,0016,0016,0000,0,000,0016,0016
331,331,0,25ecbc6469680000,fc,0,0,0016,0748,0,0000,0016,0,0016,0000,1,1,0,0,0000,0016,0000,0000,0000,0000,0,0016,0016,0000,0,000,0016,0016
332,332,0,25ecbc6469680000,fc,0,0,0016,0748,0,0000,0016,0,0016,0000,1,1,0,0,0000,0016,0000,0000,0000,0000,0,0016,0016,0000,0,000,0016,0016
333,333,0,25ecbc6469680000,fc,0,0,0016,0748,0,0000,0016,0,0016,0000,1,1,0,0,0000,0016,0000,0000,0000,0000,0,0016,0016,0000,0,000,0016,0016
334,334,0,25ecbc6469680000,fc,0,0,0016,0748,0,0000,0016,0,0016,0000,1,1,0,0,0000,0016,0000,0000,0000,0000,0,0016,0016,0000,0,000,0016,0016
335,335,0,25ecbc6469680000,fc,0,0,0016,0748,0,0000,0016,0,0016,0000,1,1,0,0,0000,0016,0000,0000,0000,0000,0,0016,0016,0000,0,000,0016,0016
336,336,0,25ecbc6469680000,fc,0,0,0016,0748,0,0000,0016,0,0016,0000,1,1,0,0,0000,0016,0000,0000,0000,0000,0,0016,0016,0000,0,000,0016,0016
337,337,0,25ecbc6469680000,fc,0,0,0016,0748,0,0000,0016,0,0016,0000,1,1,0,0,0000,0016,0000,0000,0000,0000,0,0016,0016,0000,0,000,0016,0016
338,338,0,25ecbc6469680000,fc,0,0,0016,0748,0,0000,0016,0,0016,0000,1,1,0,0,0000,0016,0000,0000,0000,0000,0,0016,0016,0000,0,000,0016,0016
339,339,0,25ecbc6469680000,fc,0,0,0016,0748,0,0000,0016,0,0016,0000,1,1,0,0,0000,0016,0000,0000,0000,0000,0,0016,0016,0000,0,000,0016,0016
340,340,0,25ecbc6469680000,fc,0,0,0016,0748,0,0000,0016,0,0016,0000,1,1,0,0,0000,0016,0000,0000,0000,0000,0,0016,0016,0000,0,000,0016,0016
341,341,0,25ecbc6469680000,fc,0,0,0016,0748,0,0000,0016,0,0016,0000,1,1,0,0,0000,0016,0000,0000,0000,0000,0,0016,0016,0000,0,000,0016,0016
342,342,0,25ecbc6469680000,fc,0,0,0016,0748,0,0000,0016,0,0016,0000,1,1,0,0,0000,0016,0000,0000,0000,0000,0,0016,0016,0000,0,000,0016,0016
343,343,0,25ecbc6469680000,fc,0,0,0016,0748,0,0000,0016,0,0016,0000,1,1,0,0,0000,0016,0000,0000,0000,0000,0,0016,0016,0000,0,000,0016,0016
344,344,0,25ecbc6469680000,fc,0,0,0016,0748,0,0000,0016,0,0016,0000,1,1,0,0,0000,0016,0000,0000,0000,0000,0,0016,0016,0000,0,000,0016,0016
345,345,0,25ecbc6469680000,fc,0,0,0016,0748,0,0000,0016,0,0016,0000,1,1,0,0,0000,0016,0000,0000,0000,0000,0,0016,0016,0000,0,000,0016,0016
346,346,0,25ecbc6469680000,fc,0,0,0016,0748,0,0000,0016,0,0016,0000,1,1,0,0,0000,0016,0000,0000,0000,0000,0,0016,0016,0000,0,000,0016,0016
347,347,0,25ecbc6469680000,fc,0,0,0016,0748,0,0000,0016,0,0016,0000,1,1,0,0,0000,0016,0000,0000,0000,0000,0,0016,0016,0000,0,000,0016,0016
348,348,0,25ecbc6469680000,fc,0,0,0016,0748,0,0000,0016,0,0016,0000,1,1,0,0,0000,0016,0000,0000,0000,0000,0,0016,0016,0000,0,000,0016,0016
349,349,0,25ecbc6469680000,fc,0,0,0016,0748,0,0000,0016,0,0016,0000,1,1,0,0,0000,0016,0000,0000,0000,0000,0,0016,0016,0000,0,000,0016,0016
350,350,0,25ecbc6469680000,fc,0,0,0016,0748,0,0000,0016,0,0016,0000,1,1,0,0,0000,0016,0000,0000,0000,0000,0,0016,0016,0000,0,000,0016,0016
351,351,0,25ecbc6469680000,fc,0,0,0016,0748,0,0000,0016,0,0016,0000,1,1,0,0,0000,0016,0000,0000,0000,0000,0,0016,0016,0000,0,000,0016,0016
352,352,0,25ecbc6469680000,fc,0,0,0016,0748,0,0000,0016,0,0016,0000,1,1,0,0,0000,0016,0000,0000,0000,0000,0,0016,0016,0000,0,000,0016,0016
353,353,0,25ecbc6469680000,fc,0,0,0016,0748,0,0000,0016,0,0016,0000,1,1,0,0,0000,0016,0000,0000,0000,0000,0,0016,0016,0000,0,000,0016,0016
354,354,0,25ecbc6469680000,fc,0,0,0016,0748,0,0000,0016,0,0016,0000,1,1,0,0,0000,0016,0000,0000,0000,0000,0,0016,0016,0000,0,000,0016,0016
355,355,0,25ecbc6469680000,fc,0,0,0016,0748,0,0000,0016,0,0016,0000,1,1,0,0,0000,0016,0000,0000,0000,0000,0,0016,0016,0000,0,000,0016,0016
356,356,0,25ecbc6469680000,fc,0,0,0016,0748,0,0000,0016,0,0016,0000,1,1,0,0,0000,0016,0000,0000,0000,0000,0,0016,0016,0000,0,000,0016,0016
357,357,0,25ecbc6469680000,fc,0,0,0016,0748,0,0000,0016,0,0016,0000,1,1,0,0,0000,0016,0000,0000,0000,0000,0,0016,0016,0000,0,000,0016,0016
358,358,0,25ecbc6469680000,fc,0,0,0016,0748,0,0000,0016,0,0016,0000,1,1,0,0,0000,0016,0000,0000,0000,0000,0,0016,0016,0000,0,000,0016,0016
359,359,0,25ecbc6469680000,fc,0,0,0016,0748,0,0000,0016,0,0016,0000,1,1,0,0,0000,0016,0000,0000,0000,0000,0,0016,0016,0000,0,000,0016,0016
360,360,0,25ecbc6469680000,fc,0,0,0016,0748,0,0000,0016,0,0016,0000,1,1,0,0,0000,0016,0000,0000,0000,0000,0,0016,0016,0000,0,000,0016,0016
361,361,0,25ecbc6469680000,fc,0,0,0016,0748,0,0000,0016,0,0016,0000,1,1,0,0,0000,0016,0000,0000,0000,0000,0,0016,0016,0000,0,000,0016,0016
362,362,0,25ecbc6469680000,fc,0,0,0016,0748,0,0000,0016,0,0016,0000,1,1,0,0,0000,0016,0000,0000,0000,0000,0,0016,0016,0000,0,000,0016,0016
363,363,0,25ecbc6469680000,fc,0,0,0016,0748,0,0000,0016,0,0016,0000,1,1,0,0,0000,0016,0000,0000,0000,0000,0,0016,0016,0000,0,000,0016,0016
364,364,0,25ecbc6469680000,fc,0,0,0016,0748,0,0000,0016,0,0016,0000,1,1,0,0,0000,0016,0000,0000,0000,0000,0,0016,0016,0000,0,000,0016,0016
365,365,0,25ecbc6469680000,fc,0,0,0016,0748,0,0000,0016,0,0016,0000,1,1,0,0,0000,0016,0000,0000,0000,0000,0,0016,0016,0000,0,000,0016,0016
366,366,0,25ecbc6469680000,fc,0,0,0016,0748,0,0000,0016,0,0016,0000,1,1,0,0,0000,0016,0000,0000,0000,0000,0,0016,0016,0000,0,000,0016,0016
367,367,0,25ecbc6469680000,fc,0,0,0016,0748,0,0000,0016,0,0016,0000,1,1,0,0,0000,0016,0000,0000,0000,0000,0,0016,0016,0000,0,000,0016,0016
368,368,0,25ecbc6469680000,fc,0,0,0016,0748,0,0000,0016,0,0016,0000,1,1,0,0,0000,0016,0000,0000,0000,0000,0,0016,0016,0000,0,000,0016,0016
369,369,0,25ecbc6469680000,fc,0,0,0016,0748,0,0000,0016,0,0016,0000,1,1,0,0,0000,0016,0000,0000,0000,0000,0,0016,0016,0000,0,000,0016,0016
370,370,0,25ecbc6469680000,fc,0,0,0016,0748,0,0000,0016,0,0016,0000,1,1,0,0,0000,0016,0000,0000,0000,0000,0,0016,0016,0000,0,000,0016,0016
371,371,0,25ecbc6469680000,fc,0,0,0016,0748,0,0000,0016,0,0016,0000,1,1,0,0,0000,0016,0000,0000,0000,0000,0,0016,0016,0000,0,000,0016,0016
372,372,0,25ecbc6469680000,fc,0,0,0016,0748,0,0000,0016,0,0016,0000,1,1,0,0,0000,0016,0000,0000,0000,0000,0,0016,0016,0000,0,000,0016,0016
373,373,0,25ecbc6469680000,fc,0,0,0016,0748,0,0000,0016,0,0016,0000,1,1,0,0,0000,0016,0000,0000,0000,0000,0,0016,0016,0000,0,000,0016,0016
374,374,0,25ecbc6469680000,fc,0,0,0016,0748,0,0000,0016,0,0016,0000,1,1,0,0,0000,0016,0000,0000,0000,0000,0,0016,0016,0000,0,000,0016,0016
375,375,0,25ecbc6469680000,fc,0,0,0016,0748,0,0000,0016,0,0016,0000,1,1,0,0,0000,0016,0000,0000,0000,0000,0,0016,0016,0000,0,000,0016,0016
376,376,0,25ecbc6469680000,fc,0,0,0016,0748,0,0000,0016,0,0016,0000,1,1,0,0,0000,0016,0000,0000,0000,0000,0,0016,0016,0000,0,000,0016,0016
377,377,0,25ecbc6469680000,fc,0,0,0016,0748,0,0000,0016,0,0016,0000,1,1,0,0,0000,0016,0000,0000,0000,0000,0,0016,0016,0000,0,000,0016,0016
378,378,0,25ecbc6469680000,fc,0,0,0016,0748,0,0000,0016,0,0016,0000,1,1,0,0,0000,0016,0000,0000,0000,0000,0,0016,0016,0000,0,000,0016,0016
379,379,0,25ecbc6469680000,fc,0,0,0016,0748,0,0000,0016,0,0016,0000,1,1,0,0,0000,0016,0000,0000,0000,0000,0,0016,0016,0000,0,000,0016,0016
380,380,0,25ecbc6469680000,fc,0,0,0016,0748,0,0000,0016,0,0016,0000,1,1,0,0,0000,0016,0000,0000,0000,0000,0,0016,0016,0000,0,000,0016,0016
381,381,0,25ecbc6469680000,fc,0,0,0016,0748,0,0000,0016,0,0016,0000,1,1,0,0,0000,0016,0000,0000,0000,0000,0,0016,0016,0000,0,000,0016,0016
382,382,0,25ecbc6469680000,fc,0,0,0016,0748,0,0000,0016,0,0016,0000,1,1,0,0,0000,0016,0000,0000,0000,0000,0,0016,0016,0000,0,000,0016,0016
383,383,0,25ecbc6469680000,fc,0,0,0016,0748,0,0000,0016,0,0016,0000,1,1,0,0,0000,0016,0000,0000,0000,0000,0,0016,0016,0000,0,000,0016,0016
384,384,0,25ecbc6469680000,fc,0,0,0016,0748,0,0000,0016,0,0016,0000,1,1,0,0,0000,0016,0000,0000,0000,0000,0,0016,0016,0000,0,000,0016,0016
385,385,0,25ecbc6469680000,fc,0,0,0016,0748,0,0000,0016,0,0016,0000,1,1,0,0,0000,0016,0000,0000,0000,0000,0,0016,0016,0000,0,000,0016,0016
386,386,0,25ecbc6469680000,fc,0,0,0016,0748,0,0000,0016,0,0016,0000,1,1,0,0,0000,0016,0000,0000,0000,0000,0,0016,0016,0000,0,000,0016,0016
387,387,0,25ecbc6469680000,fc,0,0,0016,0748,0,0000,0016,0,0016,0000,1,1,0,0,0000,0016,0000,0000,0000,0000,0,0016,0016,0000,0,000,0016,0016
388,388,0,25ecbc6469680000,fc,0,0,0016,0748,0,0000,0016,0,0016,0000,1,1,0,0,0000,0016,0000,0000,0000,0000,0,0016,0016,0000,0,000,0016,0016
389,389,0,25ecbc6469680000,fc,0,0,0016,0748,0,0000,0016,0,0016,0000,1,1,0,0,0000,0016,0000,0000,0000,0000,0,0016,0016,0000,0,000,0016,0016
390,390,0,25ecbc6469680000,fc,0,0,0016,0748,0,0000,0016,0,0016,0000,1,1,0,0,0000,0016,0000,0000,0000,0000,0,0016,0016,0000,0,000,0016,0016
391,391,0,25ecbc6469680000,fc,0,0,0016,0748,0,0000,0016,0,0016,0000,1,1,0,0,0000,0016,0000,0000,0000,0000,0,0016,0016,0000,0,000,0016,0016
392,392,0,25ecbc6469680000,fc,0,0,0016,0748,0,0000,0016,0,0016,0000,1,1,0,0,0000,0016,0000,0000,0000,0000,0,0016,0016,0000,0,000,0016,0016
393,393,0,25ecbc6469680000,fc,0,0,0016,0748,0,0000,0016,0,0016,0000,1,1,0,0,0000,0016,0000,0000,0000,0000,0,0016,0016,0000,0,000,0016,0016
394,394,0,25ecbc6469680000,fc,0,0,0016,0748,0,0000,0016,0,0016,0000,1,1,0,0,0000,0016,0000,0000,0000,0000,0,0016,0016,0000,0,000,0016,0016
395,395,0,25ecbc6469680000,fc,0,0,0016,0748,0,0000,0016,0,0016,0000,1,1,0,0,0000,0016,0000,0000,0000,0000,0,0016,0016,0000,0,000,0016,0016
396,396,0,25ecbc6469680000,fc,0,0,0016,0748,0,0000,0016,0,0016,0000,1,1,0,0,0000,0016,0000,0000,0000,0000,0,0016,0016,0000,0,000,0016,0016
397,397,0,25ecbc6469680000,fc,0,0,0016,0748,0,0000,0016,0,0016,0000,1,1,0,0,0000,0016,0000,0000,0000,0000,0,0016,0016,0000,0,000,0016,0016
398,398,0,25ecbc6469680000,fc,0,0,0016,0748,0,0000,0016,0,0016,0000,1,1,0,0,0000,0016,0000,0000,0000,0000,0,0016,0016,0000,0,000,0016,0016
399,399,0,25ecbc6469680000,fc,0,0,0016,0748,0,0000,0016,0,0016,0000,1,1,0,0,0000,0016,0000,0000,0000,0000,0,0016,0016,0000,0,000,0016,0016
400,400,0,25ecbc6469680000,fc,0,0,0016,0748,0,0000,0016,0,0016,0000,1,1,0,0,0000,0016,0000,0000,0000,0000,0,0016,0016,0000,0,000,0016,0016
401,401,0,25ecbc6469680000,fc,0,0,0016,0748,0,0000,0016,0,0016,0000,1,1,0,0,0000,0016,0000,0000,0000,0000,0,0016,0016,0000,0,000,0016,0016
402,402,0,25ecbc6469680000,fc,0,0,0016,0748,0,0000,0016,0,0016,0000,1,1,0,0,0000,0016,0000,0000,0000,0000,0,0016,0016,0000,0,000,0016,0016
403,403,0,25ecbc6469680000,fc,0,0,0016,0748,0,0000,0016,0,0016,0000,1,1,0,0,0000,0016,0000,0000,0000,0000,0,0016,0016,0000,0,000,0016,0016
404,404,0,25ecbc6469680000,fc,0,0,0016,0748,0,0000,0016,0,0016,0000,1,1,0,0,0000,0016,0000,0000,0000,0000,0,0016,0016,0000,0,000,0016,0016
405,405,0,25ecbc6469680000,fc,0,0,0016,0748,0,0000,0016,0,0016,0000,1,1,0,0,0000,0016,0000,0000,0000,0000,0,0016,0016,0000,0,000,0016,0016
406,406,0,25ecbc6469680000,fc,0,0,0016,0748,0,0000,0016,0,0016,0000,1,1,0,0,0000,0016,0000,0000,0000,0000,0,0016,0016,0000,0,000,0016,0016
407,407,0,25ecbc6469680000,fc,0,0,0016,0748,0,0000,0016,0,0016,0000,1,1,0,0,0000,0016,0000,0000,0000,0000,0,0016,0016,0000,0,000,0016,0016
408,408,0,25ecbc6469680000,fc,0,0,0016,0748,0,0000,0016,0,0016,0000,1,1,0,0,0000,0016,0000,0000,0000,0000,0,0016,0016,0000,0,000,0016,0016
409,409,0,25ecbc6469680000,fc,0,0,0016,0748,0,0000,0016,0,0016,0000,1,1,0,0,0000,0016,0000,0000,0000,0000,0,0016,0016,0000,0,000,0016,0016
410,410,0,25ecbc6469680000,fc,0,0,0016,0748,0,0000,0016,0,0016,0000,1,1,0,0,0000,0016,0000,0000,0000,0000,0,0016,0016,0000,0,000,0016,0016
411,411,0,25ecbc6469680000,fc,0,0,0016,0748,0,0000,0016,0,0016,0000,1,1,0,0,0000,0016,0000,0000,0000,0000,0,0016,0016,0000,0,000,0016,0016
412,412,0,25ecbc6469680000,fc,0,0,0016,0748,0,0000,0016,0,0016,0000,1,1,0,0,0000,0016,0000,0000,0000,0000,0,0016,0016,0000,0,000,0016,0016
413,413,0,25ecbc6469680000,fc,0,0,0016,0748,0,0000,0016,0,0016,0000,1,1,0,0,0000,0016,0000,0000,0000,0000,0,0016,0016,0000,0,000,0016,0016
414,414,0,25ecbc6469680000,fc,0,0,0016,0748,0,0000,0016,0,0016,0000,1,1,0,0,0000,0016,0000,0000,0000,0000,0,0016,0016,0000,0,000,0016,0016
415,415,0,25ecbc6469680000,fc,0,0,0016,0748,0,0000,0016,0,0016,0000,1,1,0,0,0000,0016,0000,0000,0000,0000,0,0016,0016,0000,0,000,0016,0016
416,416,0,25ecbc6469680000,fc,0,0,0016,0748,0,0000,0016,0,0016,0000,1,1,0,0,0000,0016,0000,0000,0000,0000,0,0016,0016,0000,0,000,0016,0016
417,417,0,25ecbc6469680000,fc,0,0,0016,0748,0,0000,0016,0,0016,0000,1,1,0,0,0000,0016,0000,0000,0000,0000,0,0016,0016,0000,0,000,0016,0016
418,418,0,25ecbc6469680000,fc,0,0,0016,0748,0,0000,0016,0,0016,0000,1,1,0,0,0000,0016,0000,0000,0000,0000,0,0016,0016,0000,0,000,0016,0016
419,419,0,25ecbc6469680000,fc,0,0,0016,0748,0,0000,0016,0,0016,0000,1,1,0,0,0000,0016,0000,0000,0000,0000,0,0016,0016,0000,0,000,0016,0016
420,420,0,25ecbc6469680000,fc,0,0,0016,0748,0,0000,0016,0,0016,0000,1,1,0,0,0000,0016,0000,0000,0000,0000,0,0016,0016,0000,0,000,0016,0016
421,421,0,25ecbc6469680000,fc,0,0,0016,0748,0,0000,0016,0,0016,0000,1,1,0,0,0000,0016,0000,0000,0000,0000,0,0016,0016,0000,0,000,0016,0016
422,422,0,25ecbc6469680000,fc,0,0,0016,0748,0,0000,0016,0,0016,0000,1,1,0,0,0000,0016,0000,0000,0000,0000,0,0016,0016,0000,0,000,0016,0016
423,423,0,25ecbc6469680000,fc,0,0,0016,0748,0,0000,0016,0,0016,0000,1,1,0,0,0000,0016,0000,0000,0000,0000,0,0016,0016,0000,0,000,0016,0016
424,424,0,25ecbc6469680000,fc,0,0,0016,0748,0,0000,0016,0,0016,0000,1,1,0,0,0000,0016,0000,0000,0000,0000,0,0016,0016,0000,0,000,0016,0016
425,425,0,25ecbc6469680000,fc,0,0,0016,0748,0,0000,0016,0,0016,0000,1,1,0,0,0000,0016,0000,0000,0000,0000,0,0016,0016,0000,0,000,0016,0016
426,426,0,25ecbc6469680000,fc,0,0,0016,0748,0,0000,0016,0,0016,0000,1,1,0,0,0000,0016,0000,0000,0000,0000,0,0016,0016,0000,0,000,0016,0016
427,427,0,25ecbc6469680000,fc,0,0,0016,0748,0,0000,0016,0,0016,0000,1,1,0,0,0000,0016,0000,0000,0000,0000,0,0016,0016,0000,0,000,0016,0016
428,428,0,25ecbc6469680000,fc,0,0,0016,0748,0,0000,0016,0,0016,0000,1,1,0,0,0000,0016,0000,0000,0000,0000,0,0016,0016,0000,0,000,0016,0016
429,429,0,25ecbc6469680000,fc,0,0,0016,0748,0,0000,0016,0,0016,0000,1,1,0,0,0000,0016,0000,0000,0000,0000,0,0016,0016,0000,0,000,0016,0016
430,430,0,25ecbc6469680000,fc,0,0,0016,0748,0,0000,0016,0,0016,0000,1,1,0,0,0000,0016,0000,0000,0000,0000,0,0016,0016,0000,0,000,0016,0016
431,431,0,25ecbc6469680000,fc,0,0,0016,0748,0,0000,0016,0,0016,0000,1,1,0,0,0000,0016,0000,0000,0000,0000,0,0016,0016,0000,0,000,0016,0016
432,432,0,25ecbc6469680000,fc,0,0,0016,0748,0,0000,0016,0,0016,0000,1,1,0,0,0000,0016,0000,0000,0000,0000,0,0016,0016,0000,0,000,0016,0016
433,433,0,25ecbc6469680000,fc,0,0,0016,0748,0,0000,0016,0,0016,0000,1,1,0,0,0000,0016,0000,0000,0000,0000,0,0016,0016,0000,0,000,0016,0016
434,434,0,25ecbc6469680000,fc,0,0,0016,0748,0,0000,0016,0,0016,0000,1,1,0,0,0000,0016,0000,0000,0000,0000,0,0016,0016,0000,0,000,0016,0016
435,435,0,25ecbc6469680000,fc,0,0,0016,0748,0,0000,0016,0,0016,0000,1,1,0,0,0000,0016,0000,0000,0000,0000,0,0016,0016,0000,0,000,0016,0016
436,436,0,25ecbc6469680000,fc,0,0,0016,0748,0,0000,0016,0,0016,0000,1,1,0,0,0000,0016,0000,0000,0000,0000,0,0016,0016,0000,0,000,0016,0016
437,437,0,25ecbc6469680000,fc,0,0,0016,0748,0,0000,0016,0,0016,0000,1,1,0,0,0000,0016,0000,0000,0000,0000,0,0016,0016,0000,0,000,0016,0016
438,438,0,25ecbc6469680000,fc,0,0,0016,0748,0,0000,0016,0,0016,0000,1,1,0,0,0000,0016,0000,0000,0000,0000,0,0016,0016,0000,0,000,0016,0016
439,439,0,25ecbc6469680000,fc,0,0,0016,0748,0,0000,0016,0,0016,0000,1,1,0,0,0000,0016,0000,0000,0000,0000,0,0016,0016,0000,0,000,0016,0016
440,440,0,25ecbc6469680000,fc,0,0,0016,0748,0,0000,0016,0,0016,0000,1,1,0,0,0000,0016,0000,0000,0000,0000,0,0016,0016,0000,0,000,0016,0016
441,441,0,25ecbc6469680000,fc,0,0,0016,0748,0,0000,0016,0,0016,0000,1,1,0,0,0000,0016,0000,0000,0000,0000,0,0016,0016,0000,0,000,0016,0016
442,442,0,25ecbc6469680000,fc,0,0,0016,0748,0,0000,0016,0,0016,0000,1,1,0,0,0000,0016,0000,0000,0000,0000,0,0016,0016,0000,0,000,0016,0016
443,443,0,25ecbc6469680000,fc,0,0,0016,0748,0,0000,0016,0,0016,0000,1,1,0,0,0000,0016,0000,0000,0000,0000,0,0016,0016,0000,0,000,0016,0016
444,444,0,25ecbc6469680000,fc,0,0,0016,0748,0,0000,0016,0,0016,0000,1,1,0,0,0000,0016,0000,0000,0000,0000,0,0016,0016,0000,0,000,0016,0016
445,445,0,25ecbc6469680000,fc,0,0,0016,0748,0,0000,0016,0,0016,0000,1,1,0,0,0000,0016,0000,0000,0000,0000,0,0016,0016,0000,0,000,0016,0016
446,446,0,25ecbc6469680000,fc,0,0,0016,0748,0,0000,0016,0,0016,0000,1,1,0,0,0000,0016,0000,0000,0000,0000,0,0016,0016,0000,0,000,0016,0016
447,447,0,25ecbc6469680000,fc,0,0,0016,0748,0,0000,0016,0,0016,0000,1,1,0,0,0000,0016,0000,0000,0000,0000,0,0016,0016,0000,0,000,0016,0016
448,448,0,25ecbc6469680000,fc,0,0,0016,0748,0,0000,0016,0,0016,0000,1,1,0,0,0000,0016,0000,0000,0000,0000,0,0016,0016,0000,0,000,0016,0016
449,449,0,25ecbc6469680000,fc,0,0,0016,0748,0,0000,0016,0,0016,0000,1,1,0,0,0000,0016,0000,0000,0000,0000,0,0016,0016,0000,0,000,0016,0016
450,450,0,25ecbc6469680000,fc,0,0,0016,0748,0,0000,0016,0,0016,0000,1,1,0,0,0000,0016,0000,0000,0000,0000,0,0016,0016,0000,0,000,0016,0016
451,451,0,25ecbc6469680000,fc,0,0,0016,0748,0,0000,0016,0,0016,0000,1,1,0,0,0000,0016,0000,0000,0000,0000,0,0016,0016,0000,0,000,0016,0016
452,452,0,25ecbc6469680000,fc,0,0,0016,0748,0,0000,0016,0,0016,0000,1,1,0,0,0000,0016,0000,0000,0000,0000,0,0016,0016,0000,0,000,0016,0016
453,453,0,25ecbc6469680000,fc,0,0,0016,0748,0,0000,0016,0,0016,0000,1,1,0,0,0000,0016,0000,0000,0000,0000,0,0016,0016,0000,0,000,0016,0016
454,454,0,25ecbc6469680000,fc,0,0,0016,0748,0,0000,0016,0,0016,0000,1,1,0,0,0000,0016,0000,0000,0000,0000,0,0016,0016,0000,0,000,0016,0016
455,455,0,25ecbc6469680000,fc,0,0,0016,0748,0,0000,0016,0,0016,0000,1,1,0,0,0000,0016,0000,0000,0000,0000,0,0016,0016,0000,0,000,0016,0016
456,456,0,25ecbc6469680000,fc,0,0,0016,0748,0,0000,0016,0,0016,0000,1,1,0,0,0000,0016,0000,0000,0000,0000,0,0016,0016,0000,0,000,0016,0016
457,457,0,25ecbc6469680000,fc,0,0,0016,0748,0,0000,0016,0,0016,0000,1,1,0,0,0000,0016,0000,0000,0000,0000,0,0016,0016,0000,0,000,0016,0016
458,458,0,25ecbc6469680000,fc,0,0,0016,0748,0,0000,0016,0,0016,0000,1,1,0,0,0000,0016,0000,0000,0000,0000,0,0016,0016,0000,0,000,0016,0016
459,459,0,25ecbc6469680000,fc,0,0,0016,0748,0,0000,0016,0,0016,0000,1,1,0,0,0000,0016,0000,0000,0000,0000,0,0016,0016,0000,0,000,0016,0016
460,460,0,25ecbc6469680000,fc,0,0,0016,0748,0,0000,0016,0,0016,0000,1,1,0,0,0000,0016,0000,0000,0000,0000,0,0016,0016,0000,0,000,0016,0016
461,461,0,25ecbc6469680000,fc,0,0,0016,0748,0,0000,0016,0,0016,0000,1,1,0,0,0000,0016,0000,0000,0000,0000,0,0016,0016,0000,0,000,0016,0016
462,462,0,25ecbc6469680000,fc,0,0,0016,0748,0,0000,0016,0,0016,0000,1,1,0,0,0000,0016,0000,0000,0000,0000,0,0016,0016,0000,0,000,0016,0016
463,463,0,25ecbc6469680000,fc,0,0,0016,0748,0,0000,0016,0,0016,0000,1,1,0,0,0000,0016,0000,0000,0000,0000,0,0016,0016,0000,0,000,0016,0016
464,464,0,25ecbc6469680000,fc,0,0,0016,0748,0,0000,0016,0,0016,0000,1,1,0,0,0000,0016,0000,0000,0000,0000,0,0016,0016,0000,0,000,0016,0016
465,465,0,25ecbc6469680000,fc,0,0,0016,0748,0,0000,0016,0,0016,0000,1,1,0,0,0000,0016,0000,0000,0000,0000,0,0016,0016,0000,0,000,0016,0016
466,466,0,25ecbc6469680000,fc,0,0,0016,0748,0,0000,0016,0,0016,0000,1,1,0,0,0000,0016,0000,0000,0000,0000,0,0016,0016,0000,0,000,0016,0016
467,467,0,25ecbc6469680000,fc,0,0,0016,0748,0,0000,0016,0,0016,0000,1,1,0,0,0000,0016,0000,0000,0000,0000,0,0016,0016,0000,0,000,0016,0016
468,468,0,25ecbc6469680000,fc,0,0,0016,0748,0,0000,0016,0,0016,0000,1,1,0,0,0000,0016,0000,0000,0000,0000,0,0016,0016,0000,0,000,0016,0016
469,469,0,25ecbc6469680000,fc,0,0,0016,0748,0,0000,0016,0,0016,0000,1,1,0,0,0000,0016,0000,0000,0000,0000,0,0016,0016,0000,0,000,0016,0016
470,470,0,25ecbc6469680000,fc,0,0,0016,0748,0,0000,0016,0,0016,0000,1,1,0,0,0000,0016,0000,0000,0000,0000,0,0016,0016,0000,0,000,0016,0016
471,471,0,25ecbc6469680000,fc,0,0,0016,0748,0,0000,0016,0,0016,0000,1,1,0,0,0000,0016,0000,0000,0000,0000,0,0016,0016,0000,0,000,0016,0016
472,472,0,25ecbc6469680000,fc,0,0,0016,0748,0,0000,0016,0,0016,0000,1,1,0,0,0000,0016,0000,0000,0000,0000,0,0016,0016,0000,0,000,0016,0016
473,473,0,25ecbc6469680000,fc,0,0,0016,0748,0,0000,0016,0,0016,0000,1,1,0,0,0000,0016,0000,0000,0000,0000,0,0016,0016,0000,0,000,0016,0016
474,474,0,25ecbc6469680000,fc,0,0,0016,0748,0,0000,0016,0,0016,0000,1,1,0,0,0000,0016,0000,0000,0000,0000,0,0016,0016,0000,0,000,0016,0016
475,475,0,25ecbc6469680000,fc,0,0,0016,0748,0,0000,0016,0,0016,0000,1,1,0,0,0000,0016,0000,0000,0000,0000,0,0016,0016,0000,0,000,0016,0016
476,476,0,25ecbc6469680000,fc,0,0,0016,0748,0,0000,0016,0,0016,0000,1,1,0,0,0000,0016,0000,0000,0000,0000,0,0016,0016,0000,0,000,0016,0016
477,477,0,25ecbc6469680000,fc,0,0,0016,0748,0,0000,0016,0,0016,0000,1,1,0,0,0000,0016,0000,0000,0000,0000,0,0016,0016,0000,0,000,0016,0016
478,478,0,25ecbc6469680000,fc,0,0,0016,0748,0,0000,0016,0,0016,0000,1,1,0,0,0000,0016,0000,0000,0000,0000,0,0016,0016,0000,0,000,0016,0016
479,479,0,25ecbc6469680000,fc,0,0,0016,0748,0,0000,0016,0,0016,0000,1,1,0,0,0000,0016,0000,0000,0000,0000,0,0016,0016,0000,0,000,0016,0016
480,480,0,25ecbc6469680000,fc,0,0,0016,0748,0,0000,0016,0,0016,0000,1,1,0,0,0000,0016,0000,0000,0000,0000,0,0016,0016,0000,0,000,0016,0016
481,481,0,25ecbc6469680000,fc,0,0,0016,0748,0,0000,0016,0,0016,0000,1,1,0,0,0000,0016,0000,0000,0000,0000,0,0016,0016,0000,0,000,0016,0016
482,482,0,25ecbc6469680000,fc,0,0,0016,0748,0,0000,0016,0,0016,0000,1,1,0,0,0000,0016,0000,0000,0000,0000,0,0016,0016,0000,0,000,0016,0016
483,483,0,25ecbc6469680000,fc,0,0,0016,0748,0,0000,0016,0,0016,0000,1,1,0,0,0000,0016,0000,0000,0000,0000,0,0016,0016,0000,0,000,0016,0016
484,484,0,25ecbc6469680000,fc,0,0,0016,0748,0,0000,0016,0,0016,0000,1,1,0,0,0000,0016,0000,0000,0000,0000,0,0016,0016,0000,0,000,0016,0016
485,485,0,25ecbc6469680000,fc,0,0,0016,0748,0,0000,0016,0,0016,0000,1,1,0,0,0000,0016,0000,0000,0000,0000,0,0016,0016,0000,0,000,0016,0016
486,486,0,25ecbc6469680000,fc,0,0,0016,0748,0,0000,0016,0,0016,0000,1,1,0,0,0000,0016,0000,0000,0000,0000,0,0016,0016,0000,0,000,0016,0016
487,487,0,25ecbc6469680000,fc,0,0,0016,0748,0,0000,0016,0,0016,0000,1,1,0,0,0000,0016,0000,0000,0000,0000,0,0016,0016,0000,0,000,0016,0016
488,488,0,25ecbc6469680000,fc,0,0,0016,0748,0,0000,0016,0,0016,0000,1,1,0,0,0000,0016,0000,0000,0000,0000,0,0016,0016,0000,0,000,0016,0016
489,489,0,25ecbc6469680000,fc,0,0,0016,0748,0,0000,0016,0,0016,0000,1,1,0,0,0000,0016,0000,0000,0000,0000,0,0016,0016,0000,0,000,0016,0016
490,490,0,25ecbc6469680000,fc,0,0,0016,0748,0,0000,0016,0,0016,0000,1,1,0,0,0000,0016,0000,0000,0000,0000,0,0016,0016,0000,0,000,0016,0016
491,491,0,25ecbc6469680000,fc,0,0,0016,0748,0,0000,0016,0,0016,0000,1,1,0,0,0000,0016,0000,0000,0000,0000,0,0016,0016,0000,0,000,0016,0016
492,492,0,25ecbc6469680000,fc,0,0,0016,0748,0,0000,0016,0,0016,0000,1,1,0,0,0000,0016,0000,0000,0000,0000,0,0016,0016,0000,0,000,0016,0016
493,493,0,25ecbc6469680000,fc,0,0,0016,0748,0,0000,0016,0,0016,0000,1,1,0,0,0000,0016,0000,0000,0000,0000,0,0016,0016,0000,0,000,0016,0016
494,494,0,25ecbc6469680000,fc,0,0,0016,0748,0,0000,0016,0,0016,0000,1,1,0,0,0000,0016,0000,0000,0000,0000,0,0016,0016,0000,0,000,0016,0016
495,495,0,25ecbc6469680000,fc,0,0,0016,0748,0,0000,0016,0,0016,0000,1,1,0,0,0000,0016,0000,0000,0000,0000,0,0016,0016,0000,0,000,0016,0016
496,496,0,25ecbc6469680000,fc,0,0,0016,0748,0,0000,0016,0,0016,0000,1,1,0,0,0000,0016,0000,0000,0000,0000,0,0016,0016,0000,0,000,0016,0016
497,497,0,25ecbc6469680000,fc,0,0,0016,0748,0,0000,0016,0,0016,0000,1,1,0,0,0000,0016,0000,0000,0000,0000,0,0016,0016,0000,0,000,0016,0016
498,498,0,25ecbc6469680000,fc,0,0,0016,0748,0,0000,0016,0,0016,0000,1,1,0,0,0000,0016,0000,0000,0000,0000,0,0016,0016,0000,0,000,0016,0016
499,499,0,25ecbc6469680000,fc,0,0,0016,0748,0,0000,0016,0,0016,0000,1,1,0,0,0000,0016,0000,0000,0000,0000,0,0016,0016,0000,0,000,0016,0016
500,500,0,25ecbc6469680000,fc,0,0,0016,0748,0,0000,0016,0,0016,0000,1,1,0,0,0000,0016,0000,0000,0000,0000,0,0016,0016,0000,0,000,0016,0016
501,501,0,25ecbc6469680000,fc,0,0,0016,0748,0,0000,0016,0,0016,0000,1,1,0,0,0000,0016,0000,0000,0000,0000,0,0016,0016,0000,0,000,0016,0016
502,502,0,25ecbc6469680000,fc,0,0,0016,0748,0,0000,0016,0,0016,0000,1,1,0,0,0000,0016,0000,0000,0000,0000,0,0016,0016,0000,0,000,0016,0016
503,503,0,25ecbc6469680000,fc,0,0,0016,0748,0,0000,0016,0,0016,0000,1,1,0,0,0000,0016,0000,0000,0000,0000,0,0016,0016,0000,0,000,0016,0016
504,504,0,25ecbc6469680000,fc,0,0,0016,0748,0,0000,0016,0,0016,0000,1,1,0,0,0000,0016,0000,0000,0000,0000,0,0016,0016,0000,0,000,0016,0016
505,505,0,25ecbc6469680000,fc,0,0,0016,0748,0,0000,0016,0,0016,0000,1,1,0,0,0000,0016,0000,0000,0000,0000,0,0016,0016,0000,0,000,0016,0016
506,506,0,25ecbc6469680000,fc,0,0,0016,0748,0,0000,0016,0,0016,0000,1,1,0,0,0000,0016,0000,0000,0000,0000,0,0016,0016,0000,0,000,0016,0016
507,507,0,25ecbc6469680000,fc,0,0,0016,0748,0,0000,0016,0,0016,0000,1,1,0,0,0000,0016,0000,0000,0000,0000,0,0016,0016,0000,0,000,0016,0016
508,508,0,25ecbc6469680000,fc,0,0,0016,0748,0,0000,0016,0,0016,0000,1,1,0,0,0000,0016,0000,0000,0000,0000,0,0016,0016,0000,0,000,0016,0016
509,509,0,25ecbc6469680000,fc,0,0,0016,0748,0,0000,0016,0,0016,0000,1,1,0,0,0000,0016,0000,0000,0000,0000,0,0016,0016,0000,0,000,0016,0016
510,510,0,25ecbc6469680000,fc,0,0,0016,0748,0,0000,0016,0,0016,0000,1,1,0,0,0000,0016,0000,0000,0000,0000,0,0016,0016,0000,0,000,0016,0016
511,511,0,25ecbc6469680000,fc,0,0,0016,0748,0,0000,0016,0,0016,0000,1,1,0,0,0000,0016,0000,0000,0000,0000,0,0016,0016,0000,0,000,0016,0016
512,512,0,25ecbc6469680000,fc,0,0,0016,0748,0,0000,0016,0,0016,0000,1,1,0,0,0000,0016,0000,0000,0000,0000,0,0016,0016,0000,0,000,0016,0016
513,513,0,25ecbc6469680000,fc,0,0,0016,0748,0,0000,0016,0,0016,0000,1,1,0,0,0000,0016,0000,0000,0000,0000,0,0016,0016,0000,0,000,0016,0016
514,514,0,25ecbc6469680000,fc,0,0,0016,0748,0,0000,0016,0,0016,0000,1,1,0,0,0000,0016,0000,0000,0000,0000,0,0016,0016,0000,0,000,0016,0016
515,515,0,25ecbc6469680000,fc,0,0,0016,0748,0,0000,0016,0,0016,0000,1,1,0,0,0000,0016,0000,0000,0000,0000,0,0016,0016,0000,0,000,0016,0016
516,516,0,25ecbc6469680000,fc,0,0,0016,0748,0,0000,0016,0,0016,0000,1,1,0,0,0000,0016,0000,0000,0000,0000,0,0016,0016,0000,0,000,0016,0016
517,517,0,25ecbc6469680000,fc,0,0,0016,0748,0,0000,0016,0,0016,0000,1,1,0,0,0000,0016,0000,0000,0000,0000,0,0016,0016,0000,0,000,0016,0016
518,518,0,25ecbc6469680000,fc,0,0,0016,0748,0,0000,0016,0,0016,0000,1,1,0,0,0000,0016,0000,0000,0000,0000,0,0016,0016,0000,0,000,0016,0016
519,519,0,25ecbc6469680000,fc,0,0,0016,0748,0,0000,0016,0,0016,0000,1,1,0,0,0000,0016,0000,0000,0000,0000,0,0016,0016,0000,0,000,0016,0016
520,520,0,25ecbc6469680000,fc,0,0,0016,0748,0,0000,0016,0,0016,0000,1,1,0,0,0000,0016,0000,0000,0000,0000,0,0016,0016,0000,0,000,0016,0016
521,521,0,25ecbc6469680000,fc,0,0,0016,0748,0,0000,0016,0,0016,0000,1,1,0,0,0000,0016,0000,0000,0000,0000,0,0016,0016,0000,0,000,0016,0016
522,522,0,25ecbc6469680000,fc,0,0,0016,0748,0,0000,0016,0,0016,0000,1,1,0,0,0000,0016,0000,0000,0000,0000,0,0016,0016,0000,0,000,0016,0016
523,523,0,25ecbc6469680000,fc,0,0,0016,0748,0,0000,0016,0,0016,0000,1,1,0,0,0000,0016,0000,0000,0000,0000,0,0016,0016,0000,0,000,0016,0016
524,524,0,25ecbc6469680000,fc,0,0,0016,0748,0,0000,0016,0,0016,0000,1,1,0,0,0000,0016,0000,0000,0000,0000,0,0016,0016,0000,0,000,0016,0016
525,525,0,25ecbc6469680000,fc,0,0,0016,0748,0,0000,0016,0,0016,0000,1,1,0,0,0000,0016,0000,0000,0000,0000,0,0016,0016,0000,0,000,0016,0016
526,526,0,25ecbc6469680000,fc,0,0,0016,0748,0,0000,0016,0,0016,0000,1,1,0,0,0000,0016,0000,0000,0000,0000,0,0016,0016,0000,0,000,0016,0016
527,527,0,25ecbc6469680000,fc,0,0,0016,0748,0,0000,0016,0,0016,0000,1,1,0,0,0000,0016,0000,0000,0000,0000,0,0016,0016,0000,0,000,0016,0016
528,528,0,25ecbc6469680000,fc,0,0,0016,0748,0,0000,0016,0,0016,0000,1,1,0,0,0000,0016,0000,0000,0000,0000,0,0016,0016,0000,0,000,0016,0016
529,529,0,25ecbc6469680000,fc,0,0,0016,0748,0,0000,0016,0,0016,0000,1,1,0,0,0000,0016,0000,0000,0000,0000,0,0016,0016,0000,0,000,0016,0016
530,530,0,25ecbc6469680000,fc,0,0,0016,0748,0,0000,0016,0,0016,0000,1,1,0,0,0000,0016,0000,0000,0000,0000,0,0016,0016,0000,0,000,0016,0016
531,531,0,25ecbc6469680000,fc,0,0,0016,0748,0,0000,0016,0,0016,0000,1,1,0,0,0000,0016,0000,0000,0000,0000,0,0016,0016,0000,0,000,0016,0016
532,532,0,25ecbc6469680000,fc,0,0,0016,0748,0,0000,0016,0,0016,0000,1,1,0,0,0000,0016,0000,0000,0000,0000,0,0016,0016,0000,0,000,0016,0016
533,533,0,25ecbc6469680000,fc,0,0,0016,0748,0,0000,0016,0,0016,0000,1,1,0,0,0000,0016,0000,0000,0000,0000,0,0016,0016,0000,0,000,0016,0016
534,534,0,25ecbc6469680000,fc,0,0,0016,0748,0,0000,0016,0,0016,0000,1,1,0,0,0000,0016,0000,0000,0000,0000,0,0016,0016,0000,0,000,0016,0016
535,535,0,25ecbc6469680000,fc,0,0,0016,0748,0,0000,0016,0,0016,0000,1,1,0,0,0000,0016,0000,0000,0000,0000,0,0016,0016,0000,0,000,0016,0016
536,536,0,25ecbc6469680000,fc,0,0,0016,0748,0,0000,0016,0,0016,0000,1,1,0,0,0000,0016,0000,0000,0000,0000,0,0016,0016,0000,0,000,0016,0016
537,537,0,25ecbc6469680000,fc,0,0,0016,0748,0,0000,0016,0,0016,0000,1,1,0,0,0000,0016,0000,0000,0000,0000,0,0016,0016,0000,0,000,0016,0016
538,538,0,25ecbc6469680000,fc,0,0,0016,0748,0,0000,0016,0,0016,0000,1,1,0,0,0000,0016,0000,0000,0000,0000,0,0016,0016,0000,0,000,0016,0016
539,539,0,25ecbc6469680000,fc,0,0,0016,0748,0,0000,0016,0,0016,0000,1,1,0,0,0000,0016,0000,0000,0000,0000,0,0016,0016,0000,0,000,0016,0016
540,540,0,25ecbc6469680000,fc,0,0,0016,0748,0,0000,0016,0,0016,0000,1,1,0,0,0000,0016,0000,0000,0000,0000,0,0016,0016,0000,0,000,0016,0016
541,541,0,25ecbc6469680000,fc,0,0,0016,0748,0,0000,0016,0,0016,0000,1,1,0,0,0000,0016,0000,0000,0000,0000,0,0016,0016,0000,0,000,0016,0016
542,542,0,25ecbc6469680000,fc,0,0,0016,0748,0,0000,0016,0,0016,0000,1,1,0,0,0000,0016,0000,0000,0000,0000,0,0016,0016,0000,0,000,0016,0016
543,543,0,25ecbc6469680000,fc,0,0,0016,0748,0,0000,0016,0,0016,0000,1,1,0,0,0000,0016,0000,0000,0000,0000,0,0016,0016,0000,0,000,0016,0016
544,544,0,25ecbc6469680000,fc,0,0,0016,0748,0,0000,0016,0,0016,0000,1,1,0,0,0000,0016,0000,0000,0000,0000,0,0016,0016,0000,0,000,0016,0016
545,545,0,25ecbc6469680000,fc,0,0,0016,0748,0,0000,0016,0,0016,0000,1,1,0,0,0000,0016,0000,0000,0000,0000,0,0016,0016,0000,0,000,0016,0016
546,546,0,25ecbc6469680000,fc,0,0,0016,0748,0,0000,0016,0,0016,0000,1,1,0,0,0000,0016,0000,0000,0000,0000,0,0016,0016,0000,0,000,0016,0016
547,547,0,25ecbc6469680000,fc,0,0,0016,0748,0,0000,0016,0,0016,0000,1,1,0,0,0000,0016,0000,0000,0000,0000,0,0016,0016,0000,0,000,0016,0016
548,548,0,25ecbc6469680000,fc,0,0,0016,0748,0,0000,0016,0,0016,0000,1,1,0,0,0000,0016,0000,0000,0000,0000,0,0016,0016,0000,0,000,0016,0016
549,549,0,25ecbc6469680000,fc,0,0,0016,0748,0,0000,0016,0,0016,0000,1,1,0,0,0000,0016,0000,0000,0000,0000,0,0016,0016,0000,0,000,0016,0016
550,550,0,25ecbc6469680000,fc,0,0,0016,0748,0,0000,0016,0,0016,0000,1,1,0,0,0000,0016,0000,0000,0000,0000,0,0016,0016,0000,0,000,0016,0016
551,551,0,25ecbc6469680000,fc,0,0,0016,0748,0,0000,0016,0,0016,0000,1,1,0,0,0000,0016,0000,0000,0000,0000,0,0016,0016,0000,0,000,0016,0016
552,552,0,25ecbc6469680000,fc,0,0,0016,0748,0,0000,0016,0,0016,0000,1,1,0,0,0000,0016,0000,0000,0000,0000,0,0016,0016,0000,0,000,0016,0016
553,553,0,25ecbc6469680000,fc,0,0,0016,0748,0,0000,0016,0,0016,0000,1,1,0,0,0000,0016,0000,0000,0000,0000,0,0016,0016,0000,0,000,0016,0016
554,554,0,25ecbc6469680000,fc,0,0,0016,0748,0,0000,0016,0,0016,0000,1,1,0,0,0000,0016,0000,0000,0000,0000,0,0016,0016,0000,0,000,0016,0016
555,555,0,25ecbc6469680000,fc,0,0,0016,0748,0,0000,0016,0,0016,0000,1,1,0,0,0000,0016,0000,0000,0000,0000,0,0016,0016,0000,0,000,0016,0016
556,556,0,25ecbc6469680000,fc,0,0,0016,0748,0,0000,0016,0,0016,0000,1,1,0,0,0000,0016,0000,0000,0000,0000,0,0016,0016,0000,0,000,0016,0016
557,557,0,25ecbc6469680000,fc,0,0,0016,0748,0,0000,0016,0,0016,0000,1,1,0,0,0000,0016,0000,0000,0000,0000,0,0016,0016,0000,0,000,0016,0016
558,558,0,25ecbc6469680000,fc,0,0,0016,0748,0,0000,0016,0,0016,0000,1,1,0,0,0000,0016,0000,0000,0000,0000,0,0016,0016,0000,0,000,0016,0016
559,559,0,25ecbc6469680000,fc,0,0,0016,0748,0,0000,0016,0,0016,0000,1,1,0,0,0000,0016,0000,0000,0000,0000,0,0016,0016,0000,0,000,0016,0016
560,560,0,25ecbc6469680000,fc,0,0,0016,0748,0,0000,0016,0,0016,0000,1,1,0,0,0000,0016,0000,0000,0000,0000,0,0016,0016,0000,0,000,0016,0016
561,561,0,25ecbc6469680000,fc,0,0,0016,0748,0,0000,0016,0,0016,0000,1,1,0,0,0000,0016,0000,0000,0000,0000,0,0016,0016,0000,0,000,0016,0016
562,562,0,25ecbc6469680000,fc,0,0,0016,0748,0,0000,0016,0,0016,0000,1,1,0,0,0000,0016,0000,0000,0000,0000,0,0016,0016,0000,0,000,0016,0016
563,563,0,25ecbc6469680000,fc,0,0,0016,0748,0,0000,0016,0,0016,0000,1,1,0,0,0000,0016,0000,0000,0000,0000,0,0016,0016,0000,0,000,0016,0016
564,564,0,25ecbc6469680000,fc,0,0,0016,0748,0,0000,0016,0,0016,0000,1,1,0,0,0000,0016,0000,0000,0000,0000,0,0016,0016,0000,0,000,0016,0016
565,565,0,25ecbc6469680000,fc,0,0,0016,0748,0,0000,0016,0,0016,0000,1,1,0,0,0000,0016,0000,0000,0000,0000,0,0016,0016,0000,0,000,0016,0016
566,566,0,25ecbc6469680000,fc,0,0,0016,0748,0,0000,0016,0,0016,0000,1,1,0,0,0000,0016,0000,0000,0000,0000,0,0016,0016,0000,0,000,0016,0016
567,567,0,25ecbc6469680000,fc,0,0,0016,0748,0,0000,0016,0,0016,0000,1,1,0,0,0000,0016,0000,0000,0000,0000,0,0016,0016,0000,0,000,0016,0016
568,568,0,25ecbc6469680000,fc,0,0,0016,0748,0,0000,0016,0,0016,0000,1,1,0,0,0000,0016,0000,0000,0000,0000,0,0016,0016,0000,0,000,0016,0016
569,569,0,25ecbc6469680000,fc,0,0,0016,0748,0,0000,0016,0,0016,0000,1,1,0,0,0000,0016,0000,0000,0000,0000,0,0016,0016,0000,0,000,0016,0016
570,570,0,25ecbc6469680000,fc,0,0,0016,0748,0,0000,0016,0,0016,0000,1,1,0,0,0000,0016,0000,0000,0000,0000,0,0016,0016,0000,0,000,0016,0016
571,571,0,25ecbc6469680000,fc,0,0,0016,0748,0,0000,0016,0,0016,0000,1,1,0,0,0000,0016,0000,0000,0000,0000,0,0016,0016,0000,0,000,0016,0016
572,572,0,25ecbc6469680000,fc,0,0,0016,0748,0,0000,0016,0,0016,0000,1,1,0,0,0000,0016,0000,0000,0000,0000,0,0016,0016,0000,0,000,0016,0016
573,573,0,25ecbc6469680000,fc,0,0,0016,0748,0,0000,0016,0,0016,0000,1,1,0,0,0000,0016,0000,0000,0000,0000,0,0016,0016,0000,0,000,0016,0016
574,574,0,25ecbc6469680000,fc,0,0,0016,0748,0,0000,0016,0,0016,0000,1,1,0,0,0000,0016,0000,0000,0000,0000,0,0016,0016,0000,0,000,0016,0016
575,575,0,25ecbc6469680000,fc,0,0,0016,0748,0,0000,0016,0,0016,0000,1,1,0,0,0000,0016,0000,0000,0000,0000,0,0016,0016,0000,0,000,0016,0016
576,576,0,25ecbc6469680000,fc,0,0,0016,0748,0,0000,0016,0,0016,0000,1,1,0,0,0000,0016,0000,0000,0000,0000,0,0016,0016,0000,0,000,0016,0016
577,577,0,25ecbc6469680000,fc,0,0,0016,0748,0,0000,0016,0,0016,0000,1,1,0,0,0000,0016,0000,0000,0000,0000,0,0016,0016,0000,0,000,0016,0016
578,578,0,25ecbc6469680000,fc,0,0,0016,0748,0,0000,0016,0,0016,0000,1,1,0,0,0000,0016,0000,0000,0000,0000,0,0016,0016,0000,0,000,0016,0016
579,579,0,25ecbc6469680000,fc,0,0,0016,0748,0,0000,0016,0,0016,0000,1,1,0,0,0000,0016,0000,0000,0000,0000,0,0016,0016,0000,0,000,0016,0016
580,580,0,25ecbc6469680000,fc,0,0,0016,0748,0,0000,0016,0,0016,0000,1,1,0,0,0000,0016,0000,0000,0000,0000,0,0016,0016,0000,0,000,0016,0016
581,581,0,25ecbc6469680000,fc,0,0,0016,0748,0,0000,0016,0,0016,0000,1,1,0,0,0000,0016,0000,0000,0000,0000,0,0016,0016,0000,0,000,0016,0016
582,582,0,25ecbc6469680000,fc,0,0,0016,0748,0,0000,0016,0,0016,0000,1,1,0,0,0000,0016,0000,0000,0000,0000,0,0016,0016,0000,0,000,0016,0016
583,583,0,25ecbc6469680000,fc,0,0,0016,0748,0,0000,0016,0,0016,0000,1,1,0,0,0000,0016,0000,0000,0000,0000,0,0016,0016,0000,0,000,0016,0016
584,584,0,25ecbc6469680000,fc,0,0,0016,0748,0,0000,0016,0,0016,0000,1,1,0,0,0000,0016,0000,0000,0000,0000,0,0016,0016,0000,0,000,0016,0016
585,585,0,25ecbc6469680000,fc,0,0,0016,0748,0,0000,0016,0,0016,0000,1,1,0,0,0000,0016,0000,0000,0000,0000,0,0016,0016,0000,0,000,0016,0016
586,586,0,25ecbc6469680000,fc,0,0,0016,0748,0,0000,0016,0,0016,0000,1,1,0,0,0000,0016,0000,0000,0000,0000,0,0016,0016,0000,0,000,0016,0016
587,587,0,25ecbc6469680000,fc,0,0,0016,0748,0,0000,0016,0,0016,0000,1,1,0,0,0000,0016,0000,0000,0000,0000,0,0016,0016,0000,0,000,0016,0016
588,588,0,25ecbc6469680000,fc,0,0,0016,0748,0,0000,0016,0,0016,0000,1,1,0,0,0000,0016,0000,0000,0000,0000,0,0016,0016,0000,0,000,0016,0016
589,589,0,25ecbc6469680000,fc,0,0,0016,0748,0,0000,0016,0,0016,0000,1,1,0,0,0000,0016,0000,0000,0000,0000,0,0016,0016,0000,0,000,0016,0016
590,590,0,25ecbc6469680000,fc,0,0,0016,0748,0,0000,0016,0,0016,0000,1,1,0,0,0000,0016,0000,0000,0000,0000,0,0016,0016,0000,0,000,0016,0016
591,591,0,25ecbc6469680000,fc,0,0,0016,0748,0,0000,0016,0,0016,0000,1,1,0,0,0000,0016,0000,0000,0000,0000,0,0016,0016,0000,0,000,0016,0016
592,592,0,25ecbc6469680000,fc,0,0,0016,0748,0,0000,0016,0,0016,0000,1,1,0,0,0000,0016,0000,0000,0000,0000,0,0016,0016,0000,0,000,0016,0016
593,593,0,25ecbc6469680000,fc,0,0,0016,0748,0,0000,0016,0,0016,0000,1,1,0,0,0000,0016,0000,0000,0000,0000,0,0016,0016,0000,0,000,0016,0016
594,594,0,25ecbc6469680000,fc,0,0,0016,0748,0,0000,0016,0,0016,0000,1,1,0,0,0000,0016,0000,0000,0000,0000,0,0016,0016,0000,0,000,0016,0016
595,595,0,25ecbc6469680000,fc,0,0,0016,0748,0,0000,0016,0,0016,0000,1,1,0,0,0000,0016,0000,0000,0000,0000,0,0016,0016,0000,0,000,0016,0016
596,596,0,25ecbc6469680000,fc,0,0,0016,0748,0,0000,0016,0,0016,0000,1,1,0,0,0000,0016,0000,0000,0000,0000,0,0016,0016,0000,0,000,0016,0016
597,597,0,25ecbc6469680000,fc,0,0,0016,0748,0,0000,0016,0,0016,0000,1,1,0,0,0000,0016,0000,0000,0000,0000,0,0016,0016,0000,0,000,0016,0016
598,598,0,25ecbc6469680000,fc,0,0,0016,0748,0,0000,0016,0,0016,0000,1,1,0,0,0000,0016,0000,0000,0000,0000,0,0016,0016,0000,0,000,0016,0016
599,599,0,25ecbc6469680000,fc,0,0,0016,0748,0,0000,0016,0,0016,0000,1,1,0,0,0000,0016,0000,0000,0000,0000,0,0016,0016,0000,0,000,0016,0016
600,600,0,25ecbc6469680000,fc,0,0,0016,0748,0,0000,0016,0,0016,0000,1,1,0,0,0000,0016,0000,0000,0000,0000,0,0016,0016,0000,0,000,0016,0016
601,601,0,25ecbc6469680000,fc,0,0,0016,0748,0,0000,0016,0,0016,0000,1,1,0,0,0000,0016,0000,0000,0000,0000,0,0016,0016,0000,0,000,0016,0016
602,602,0,25ecbc6469680000,fc,0,0,0016,0748,0,0000,0016,0,0016,0000,1,1,0,0,0000,0016,0000,0000,0000,0000,0,0016,0016,0000,0,000,0016,0016
603,603,0,25ecbc6469680000,fc,0,0,0016,0748,0,0000,0016,0,0016,0000,1,1,0,0,0000,0016,0000,0000,0000,0000,0,0016,0016,0000,0,000,0016,0016
604,604,0,25ecbc6469680000,fc,0,0,0016,0748,0,0000,0016,0,0016,0000,1,1,0,0,0000,0016,0000,0000,0000,0000,0,0016,0016,0000,0,000,0016,0016
605,605,0,25ecbc6469680000,fc,0,0,0016,0748,0,0000,0016,0,0016,0000,1,1,0,0,0000,0016,0000,0000,0000,0000,0,0016,0016,0000,0,000,0016,0016
606,606,0,25ecbc6469680000,fc,0,0,0016,0748,0,0000,0016,0,0016,0000,1,1,0,0,0000,0016,0000,0000,0000,0000,0,0016,0016,0000,0,000,0016,0016
607,607,0,25ecbc6469680000,fc,0,0,0016,0748,0,0000,0016,0,0016,0000,1,1,0,0,0000,0016,0000,0000,0000,0000,0,0016,0016,0000,0,000,0016,0016
608,608,0,25ecbc6469680000,fc,0,0,0016,0748,0,0000,0016,0,0016,0000,1,1,0,0,0000,0016,0000,0000,0000,0000,0,0016,0016,0000,0,000,0016,0016
609,609,0,25ecbc6469680000,fc,0,0,0016,0748,0,0000,0016,0,0016,0000,1,1,0,0,0000,0016,0000,0000,0000,0000,0,0016,0016,0000,0,000,0016,0016
610,610,0,25ecbc6469680000,fc,0,0,0016,0748,0,0000,0016,0,0016,0000,1,1,0,0,0000,0016,0000,0000,0000,0000,0,0016,0016,0000,0,000,0016,0016
611,611,0,25ecbc6469680000,fc,0,0,0016,0748,0,0000,0016,0,0016,0000,1,1,0,0,0000,0016,0000,0000,0000,0000,0,0016,0016,0000,0,000,0016,0016
612,612,0,25ecbc6469680000,fc,0,0,0016,0748,0,0000,0016,0,0016,0000,1,1,0,0,0000,0016,0000,0000,0000,0000,0,0016,0016,0000,0,000,0016,0016
613,613,0,25ecbc6469680000,fc,0,0,0016,0748,0,0000,0016,0,0016,0000,1,1,0,0,0000,0016,0000,0000,0000,0000,0,0016,0016,0000,0,000,0016,0016
614,614,0,25ecbc6469680000,fc,0,0,0016,0748,0,0000,0016,0,0016,0000,1,1,0,0,0000,0016,0000,0000,0000,0000,0,0016,0016,0000,0,000,0016,0016
615,615,0,25ecbc6469680000,fc,0,0,0016,0748,0,0000,0016,0,0016,0000,1,1,0,0,0000,0016,0000,0000,0000,0000,0,0016,0016,0000,0,000,0016,0016
616,616,0,25ecbc6469680000,fc,0,0,0016,0748,0,0000,0016,0,0016,0000,1,1,0,0,0000,0016,0000,0000,0000,0000,0,0016,0016,0000,0,000,0016,0016
617,617,0,25ecbc6469680000,fc,0,0,0016,0748,0,0000,0016,0,0016,0000,1,1,0,0,0000,0016,0000,0000,0000,0000,0,0016,0016,0000,0,000,0016,0016
618,618,0,25ecbc6469680000,fc,0,0,0016,0748,0,0000,0016,0,0016,0000,1,1,0,0,0000,0016,0000,0000,0000,0000,0,0016,0016,0000,0,000,0016,0016
619,619,0,25ecbc6469680000,fc,0,0,0016,0748,0,0000,0016,0,0016,0000,1,1,0,0,0000,0016,0000,0000,0000,0000,0,0016,0016,0000,0,000,0016,0016
620,620,0,25ecbc6469680000,fc,0,0,0016,0748,0,0000,0016,0,0016,0000,1,1,0,0,0000,0016,0000,0000,0000,0000,0,0016,0016,0000,0,000,0016,0016
621,621,0,25ecbc6469680000,fc,0,0,0016,0748,0,0000,0016,0,0016,0000,1,1,0,0,0000,0016,0000,0000,0000,0000,0,0016,0016,0000,0,000,0016,0016
622,622,0,25ecbc6469680000,fc,0,0,0016,0748,0,0000,0016,0,0016,0000,1,1,0,0,0000,0016,0000,0000,0000,0000,0,0016,0016,0000,0,000,0016,0016
623,623,0,25ecbc6469680000,fc,0,0,0016,0748,0,0000,0016,0,0016,0000,1,1,0,0,0000,0016,0000,0000,0000,0000,0,0016,0016,0000,0,000,0016,0016
624,624,0,25ecbc6469680000,fc,0,0,0016,0748,0,0000,0016,0,0016,0000,1,1,0,0,0000,0016,0000,0000,0000,0000,0,0016,0016,0000,0,000,0016,0016
625,625,0,25ecbc6469680000,fc,0,0,0016,0748,0,0000,0016,0,0016,0000,1,1,0,0,0000,0016,0000,0000,0000,0000,0,0016,0016,0000,0,000,0016,0016
626,626,0,25ecbc6469680000,fc,0,0,0016,0748,0,0000,0016,0,0016,0000,1,1,0,0,0000,0016,0000,0000,0000,0000,0,0016,0016,0000,0,000,0016,0016
627,627,0,25ecbc6469680000,fc,0,0,0016,0748,0,0000,0016,0,0016,0000,1,1,0,0,0000,0016,0000,0000,0000,0000,0,0016,0016,0000,0,000,0016,0016
628,628,0,25ecbc6469680000,fc,0,0,0016,0748,0,0000,0016,0,0016,0000,1,1,0,0,0000,0016,0000,0000,0000,0000,0,0016,0016,0000,0,000,0016,0016
629,629,0,25ecbc6469680000,fc,0,0,0016,0748,0,0000,0016,0,0016,0000,1,1,0,0,0000,0016,0000,0000,0000,0000,0,0016,0016,0000,0,000,0016,0016
630,630,0,25ecbc6469680000,fc,0,0,0016,0748,0,0000,0016,0,0016,0000,1,1,0,0,0000,0016,0000,0000,0000,0000,0,0016,0016,0000,0,000,0016,0016
631,631,0,25ecbc6469680000,fc,0,0,0016,0748,0,0000,0016,0,0016,0000,1,1,0,0,0000,0016,0000,0000,0000,0000,0,0016,0016,0000,0,000,0016,0016
632,632,0,25ecbc6469680000,fc,0,0,0016,0748,0,0000,0016,0,0016,0000,1,1,0,0,0000,0016,0000,0000,0000,0000,0,0016,0016,0000,0,000,0016,0016
633,633,0,25ecbc6469680000,fc,0,0,0016,0748,0,0000,0016,0,0016,0000,1,1,0,0,0000,0016,0000,0000,0000,0000,0,0016,0016,0000,0,000,0016,0016
634,634,0,25ecbc6469680000,fc,0,0,0016,0748,0,0000,0016,0,0016,0000,1,1,0,0,0000,0016,0000,0000,0000,0000,0,0016,0016,0000,0,000,0016,0016
635,635,0,25ecbc6469680000,fc,0,0,0016,0748,0,0000,0016,0,0016,0000,1,1,0,0,0000,0016,0000,0000,0000,0000,0,0016,0016,0000,0,000,0016,0016
636,636,0,25ecbc6469680000,fc,0,0,0016,0748,0,0000,0016,0,0016,0000,1,1,0,0,0000,0016,0000,0000,0000,0000,0,0016,0016,0000,0,000,0016,0016
637,637,0,25ecbc6469680000,fc,0,0,0016,0748,0,0000,0016,0,0016,0000,1,1,0,0,0000,0016,0000,0000,0000,0000,0,0016,0016,0000,0,000,0016,0016
638,638,0,25ecbc6469680000,fc,0,0,0016,0748,0,0000,0016,0,0016,0000,1,1,0,0,0000,0016,0000,0000,0000,0000,0,0016,0016,0000,0,000,0016,0016
639,639,0,25ecbc6469680000,fc,0,0,0016,0748,0,0000,0016,0,0016,0000,1,1,0,0,0000,0016,0000,0000,0000,0000,0,0016,0016,0000,0,000,0016,0016
640,640,0,25ecbc6469680000,fc,0,0,0016,0748,0,0000,0016,0,0016,0000,1,1,0,0,0000,0016,0000,0000,0000,0000,0,0016,0016,0000,0,000,0016,0016
641,641,0,25ecbc6469680000,fc,0,0,0016,0748,0,0000,0016,0,0016,0000,1,1,0,0,0000,0016,0000,0000,0000,0000,0,0016,0016,0000,0,000,0016,0016
642,642,0,25ecbc6469680000,fc,0,0,0016,0748,0,0000,0016,0,0016,0000,1,1,0,0,0000,0016,0000,0000,0000,0000,0,0016,0016,0000,0,000,0016,0016
643,643,0,25ecbc6469680000,fc,0,0,0016,0748,0,0000,0016,0,0016,0000,1,1,0,0,0000,0016,0000,0000,0000,0000,0,0016,0016,0000,0,000,0016,0016
644,644,0,25ecbc6469680000,fc,0,0,0016,0748,0,0000,0016,0,0016,0000,1,1,0,0,0000,0016,0000,0000,0000,0000,0,0016,0016,0000,0,000,0016,0016
645,645,0,25ecbc6469680000,fc,0,0,0016,0748,0,0000,0016,0,0016,0000,1,1,0,0,0000,0016,0000,0000,0000,0000,0,0016,0016,0000,0,000,0016,0016
646,646,0,25ecbc6469680000,fc,0,0,0016,0748,0,0000,0016,0,0016,0000,1,1,0,0,0000,0016,0000,0000,0000,0000,0,0016,0016,0000,0,000,0016,0016
647,647,0,25ecbc6469680000,fc,0,0,0016,0748,0,0000,0016,0,0016,0000,1,1,0,0,0000,0016,0000,0000,0000,0000,0,0016,0016,0000,0,000,0016,0016
648,648,0,25ecbc6469680000,fc,0,0,0016,0748,0,0000,0016,0,0016,0000,1,1,0,0,0000,0016,0000,0000,0000,0000,0,0016,0016,0000,0,000,0016,0016
649,649,0,25ecbc6469680000,fc,0,0,0016,0748,0,0000,0016,0,0016,0000,1,1,0,0,0000,0016,0000,0000,0000,0000,0,0016,0016,0000,0,000,0016,0016
650,650,0,25ecbc6469680000,fc,0,0,0016,0748,0,0000,0016,0,0016,0000,1,1,0,0,0000,0016,0000,0000,0000,0000,0,0016,0016,0000,0,000,0016,0016
651,651,0,25ecbc6469680000,fc,0,0,0016,0748,0,0000,0016,0,0016,0000,1,1,0,0,0000,0016,0000,0000,0000,0000,0,0016,0016,0000,0,000,0016,0016
652,652,0,25ecbc6469680000,fc,0,0,0016,0748,0,0000,0016,0,0016,0000,1,1,0,0,0000,0016,0000,0000,0000,0000,0,0016,0016,0000,0,000,0016,0016
653,653,0,25ecbc6469680000,fc,0,0,0016,0748,0,0000,0016,0,0016,0000,1,1,0,0,0000,0016,0000,0000,0000,0000,0,0016,0016,0000,0,000,0016,0016
654,654,0,25ecbc6469680000,fc,0,0,0016,0748,0,0000,0016,0,0016,0000,1,1,0,0,0000,0016,0000,0000,0000,0000,0,0016,0016,0000,0,000,0016,0016
655,655,0,25ecbc6469680000,fc,0,0,0016,0748,0,0000,0016,0,0016,0000,1,1,0,0,0000,0016,0000,0000,0000,0000,0,0016,0016,0000,0,000,0016,0016
656,656,0,25ecbc6469680000,fc,0,0,0016,0748,0,0000,0016,0,0016,0000,1,1,0,0,0000,0016,0000,0000,0000,0000,0,0016,0016,0000,0,000,0016,0016
657,657,0,25ecbc6469680000,fc,0,0,0016,0748,0,0000,0016,0,0016,0000,1,1,0,0,0000,0016,0000,0000,0000,0000,0,0016,0016,0000,0,000,0016,0016
658,658,0,25ecbc6469680000,fc,0,0,0016,0748,0,0000,0016,0,0016,0000,1,1,0,0,0000,0016,0000,0000,0000,0000,0,0016,0016,0000,0,000,0016,0016
659,659,0,25ecbc6469680000,fc,0,0,0016,0748,0,0000,0016,0,0016,0000,1,1,0,0,0000,0016,0000,0000,0000,0000,0,0016,0016,0000,0,000,0016,0016
660,660,0,25ecbc6469680000,fc,0,0,0016,0748,0,0000,0016,0,0016,0000,1,1,0,0,0000,0016,0000,0000,0000,0000,0,0016,0016,0000,0,000,0016,0016
661,661,0,25ecbc6469680000,fc,0,0,0016,0748,0,0000,0016,0,0016,0000,1,1,0,0,0000,0016,0000,0000,0000,0000,0,0016,0016,0000,0,000,0016,0016
662,662,0,25ecbc6469680000,fc,0,0,0016,0748,0,0000,0016,0,0016,0000,1,1,0,0,0000,0016,0000,0000,0000,0000,0,0016,0016,0000,0,000,0016,0016
663,663,0,25ecbc6469680000,fc,0,0,0016,0748,0,0000,0016,0,0016,0000,1,1,0,0,0000,0016,0000,0000,0000,0000,0,0016,0016,0000,0,000,0016,0016
664,664,0,25ecbc6469680000,fc,0,0,0016,0748,0,0000,0016,0,0016,0000,1,1,0,0,0000,0016,0000,0000,0000,0000,0,0016,0016,0000,0,000,0016,0016
665,665,0,25ecbc6469680000,fc,0,0,0016,0748,0,0000,0016,0,0016,0000,1,1,0,0,0000,0016,0000,0000,0000,0000,0,0016,0016,0000,0,000,0016,0016
666,666,0,25ecbc6469680000,fc,0,0,0016,0748,0,0000,0016,0,0016,0000,1,1,0,0,0000,0016,0000,0000,0000,0000,0,0016,0016,0000,0,000,0016,0016
667,667,0,25ecbc6469680000,fc,0,0,0016,0748,0,0000,0016,0,0016,0000,1,1,0,0,0000,0016,0000,0000,0000,0000,0,0016,0016,0000,0,000,0016,0016
668,668,0,25ecbc6469680000,fc,0,0,0016,0748,0,0000,0016,0,0016,0000,1,1,0,0,0000,0016,0000,0000,0000,0000,0,0016,0016,0000,0,000,0016,0016
669,669,0,25ecbc6469680000,fc,0,0,0016,0748,0,0000,0016,0,0016,0000,1,1,0,0,0000,0016,0000,0000,0000,0000,0,0016,0016,0000,0,000,0016,0016
670,670,0,25ecbc6469680000,fc,0,0,0016,0748,0,0000,0016,0,0016,0000,1,1,0,0,0000,0016,0000,0000,0000,0000,0,0016,0016,0000,0,000,0016,0016
671,671,0,25ecbc6469680000,fc,0,0,0016,0748,0,0000,0016,0,0016,0000,1,1,0,0,0000,0016,0000,0000,0000,0000,0,0016,0016,0000,0,000,0016,0016
672,672,0,25ecbc6469680000,fc,0,0,0016,0748,0,0000,0016,0,0016,0000,1,1,0,0,0000,0016,0000,0000,0000,0000,0,0016,0016,0000,0,000,0016,0016
673,673,0,25ecbc6469680000,fc,0,0,0016,0748,0,0000,0016,0,0016,0000,1,1,0,0,0000,0016,0000,0000,0000,0000,0,0016,0016,0000,0,000,0016,0016
674,674,0,25ecbc6469680000,fc,0,0,0016,0748,0,0000,0016,0,0016,0000,1,1,0,0,0000,0016,0000,0000,0000,0000,0,0016,0016,0000,0,000,0016,0016
675,675,0,25ecbc6469680000,fc,0,0,0016,0748,0,0000,0016,0,0016,0000,1,1,0,0,0000,0016,0000,0000,0000,0000,0,0016,0016,0000,0,000,0016,0016
676,676,0,25ecbc6469680000,fc,0,0,0016,0748,0,0000,0016,0,0016,0000,1,1,0,0,0000,0016,0000,0000,0000,0000,0,0016,0016,0000,0,000,0016,0016
677,677,0,25ecbc6469680000,fc,0,0,0016,0748,0,0000,0016,0,0016,0000,1,1,0,0,0000,0016,0000,0000,0000,0000,0,0016,0016,0000,0,000,0016,0016
678,678,0,25ecbc6469680000,fc,0,0,0016,0748,0,0000,0016,0,0016,0000,1,1,0,0,0000,0016,0000,0000,0000,0000,0,0016,0016,0000,0,000,0016,0016
679,679,0,25ecbc6469680000,fc,0,0,0016,0748,0,0000,0016,0,0016,0000,1,1,0,0,0000,0016,0000,0000,0000,0000,0,0016,0016,0000,0,000,0016,0016
680,680,0,25ecbc6469680000,fc,0,0,0016,0748,0,0000,0016,0,0016,0000,1,1,0,0,0000,0016,0000,0000,0000,0000,0,0016,0016,0000,0,000,0016,0016
681,681,0,25ecbc6469680000,fc,0,0,0016,0748,0,0000,0016,0,0016,0000,1,1,0,0,0000,0016,0000,0000,0000,0000,0,0016,0016,0000,0,000,0016,0016
682,682,0,25ecbc6469680000,fc,0,0,0016,0748,0,0000,0016,0,0016,0000,1,1,0,0,0000,0016,0000,0000,0000,0000,0,0016,0016,0000,0,000,0016,0016
683,683,0,25ecbc6469680000,fc,0,0,0016,0748,0,0000,0016,0,0016,0000,1,1,0,0,0000,0016,0000,0000,0000,0000,0,0016,0016,0000,0,000,0016,0016
684,684,0,25ecbc6469680000,fc,0,0,0016,0748,0,0000,0016,0,0016,0000,1,1,0,0,0000,0016,0000,0000,0000,0000,0,0016,0016,0000,0,000,0016,0016
685,685,0,25ecbc6469680000,fc,0,0,0016,0748,0,0000,0016,0,0016,0000,1,1,0,0,0000,0016,0000,0000,0000,0000,0,0016,0016,0000,0,000,0016,0016
686,686,0,25ecbc6469680000,fc,0,0,0016,0748,0,0000,0016,0,0016,0000,1,1,0,0,0000,0016,0000,0000,0000,0000,0,0016,0016,0000,0,000,0016,0016
687,687,0,25ecbc6469680000,fc,0,0,0016,0748,0,0000,0016,0,0016,0000,1,1,0,0,0000,0016,0000,0000,0000,0000,0,0016,0016,0000,0,000,0016,0016
688,688,0,25ecbc6469680000,fc,0,0,0016,0748,0,0000,0016,0,0016,0000,1,1,0,0,0000,0016,0000,0000,0000,0000,0,0016,0016,0000,0,000,0016,0016
689,689,0,25ecbc6469680000,fc,0,0,0016,0748,0,0000,0016,0,0016,0000,1,1,0,0,0000,0016,0000,0000,0000,0000,0,0016,0016,0000,0,000,0016,0016
690,690,0,25ecbc6469680000,fc,0,0,0016,0748,0,0000,0016,0,0016,0000,1,1,0,0,0000,0016,0000,0000,0000,0000,0,0016,0016,0000,0,000,0016,0016
691,691,0,25ecbc6469680000,fc,0,0,0016,0748,0,0000,0016,0,0016,0000,1,1,0,0,0000,0016,0000,0000,0000,0000,0,0016,0016,0000,0,000,0016,0016
692,692,0,25ecbc6469680000,fc,0,0,0016,0748,0,0000,0016,0,0016,0000,1,1,0,0,0000,0016,0000,0000,0000,0000,0,0016,0016,0000,0,000,0016,0016
693,693,0,25ecbc6469680000,fc,0,0,0016,0748,0,0000,0016,0,0016,0000,1,1,0,0,0000,0016,0000,0000,0000,0000,0,0016,0016,0000,0,000,0016,0016
694,694,0,25ecbc6469680000,fc,0,0,0016,0748,0,0000,0016,0,0016,0000,1,1,0,0,0000,0016,0000,0000,0000,0000,0,0016,0016,0000,0,000,0016,0016
695,695,0,25ecbc6469680000,fc,0,0,0016,0748,0,0000,0016,0,0016,0000,1,1,0,0,0000,0016,0000,0000,0000,0000,0,0016,0016,0000,0,000,0016,0016
696,696,0,25ecbc6469680000,fc,0,0,0016,0748,0,0000,0016,0,0016,0000,1,1,0,0,0000,0016,0000,0000,0000,0000,0,0016,0016,0000,0,000,0016,0016
697,697,0,25ecbc6469680000,fc,0,0,0016,0748,0,0000,0016,0,0016,0000,1,1,0,0,0000,0016,0000,0000,0000,0000,0,0016,0016,0000,0,000,0016,0016
698,698,0,25ecbc6469680000,fc,0,0,0016,0748,0,0000,0016,0,0016,0000,1,1,0,0,0000,0016,0000,0000,0000,0000,0,0016,0016,0000,0,000,0016,0016
699,699,0,25ecbc6469680000,fc,0,0,0016,0748,0,0000,0016,0,0016,0000,1,1,0,0,0000,0016,0000,0000,0000,0000,0,0016,0016,0000,0,000,0016,0016
700,700,0,25ecbc6469680000,fc,0,0,0016,0748,0,0000,0016,0,0016,0000,1,1,0,0,0000,0016,0000,0000,0000,0000,0,0016,0016,0000,0,000,0016,0016
701,701,0,25ecbc6469680000,fc,0,0,0016,0748,0,0000,0016,0,0016,0000,1,1,0,0,0000,0016,0000,0000,0000,0000,0,0016,0016,0000,0,000,0016,0016
702,702,0,25ecbc6469680000,fc,0,0,0016,0748,0,0000,0016,0,0016,0000,1,1,0,0,0000,0016,0000,0000,0000,0000,0,0016,0016,0000,0,000,0016,0016
703,703,0,25ecbc6469680000,fc,0,0,0016,0748,0,0000,0016,0,0016,0000,1,1,0,0,0000,0016,0000,0000,0000,0000,0,0016,0016,0000,0,000,0016,0016
704,704,0,25ecbc6469680000,fc,0,0,0016,0748,0,0000,0016,0,0016,0000,1,1,0,0,0000,0016,0000,0000,0000,0000,0,0016,0016,0000,0,000,0016,0016
705,705,0,25ecbc6469680000,fc,0,0,0016,0748,0,0000,0016,0,0016,0000,1,1,0,0,0000,0016,0000,0000,0000,0000,0,0016,0016,0000,0,000,0016,0016
706,706,0,25ecbc6469680000,fc,0,0,0016,0748,0,0000,0016,0,0016,0000,1,1,0,0,0000,0016,0000,0000,0000,0000,0,0016,0016,0000,0,000,0016,0016
707,707,0,25ecbc6469680000,fc,0,0,0016,0748,0,0000,0016,0,0016,0000,1,1,0,0,0000,0016,0000,0000,0000,0000,0,0016,0016,0000,0,000,0016,0016
708,708,0,25ecbc6469680000,fc,0,0,0016,0748,0,0000,0016,0,0016,0000,1,1,0,0,0000,0016,0000,0000,0000,0000,0,0016,0016,0000,0,000,0016,0016
709,709,0,25ecbc6469680000,fc,0,0,0016,0748,0,0000,0016,0,0016,0000,1,1,0,0,0000,0016,0000,0000,0000,0000,0,0016,0016,0000,0,000,0016,0016
710,710,0,25ecbc6469680000,fc,0,0,0016,0748,0,0000,0016,0,0016,0000,1,1,0,0,0000,0016,0000,0000,0000,0000,0,0016,0016,0000,0,000,0016,0016
711,711,0,25ecbc6469680000,fc,0,0,0016,0748,0,0000,0016,0,0016,0000,1,1,0,0,0000,0016,0000,0000,0000,0000,0,0016,0016,0000,0,000,0016,0016
712,712,0,25ecbc6469680000,fc,0,0,0016,0748,0,0000,0016,0,0016,0000,1,1,0,0,0000,0016,0000,0000,0000,0000,0,0016,0016,0000,0,000,0016,0016
713,713,0,25ecbc6469680000,fc,0,0,0016,0748,0,0000,0016,0,0016,0000,1,1,0,0,0000,0016,0000,0000,0000,0000,0,0016,0016,0000,0,000,0016,0016
714,714,0,25ecbc6469680000,fc,0,0,0016,0748,0,0000,0016,0,0016,0000,1,1,0,0,0000,0016,0000,0000,0000,0000,0,0016,0016,0000,0,000,0016,0016
715,715,0,25ecbc6469680000,fc,0,0,0016,0748,0,0000,0016,0,0016,0000,1,1,0,0,0000,0016,0000,0000,0000,0000,0,0016,0016,0000,0,000,0016,0016
716,716,0,25ecbc6469680000,fc,0,0,0016,0748,0,0000,0016,0,0016,0000,1,1,0,0,0000,0016,0000,0000,0000,0000,0,0016,0016,0000,0,000,0016,0016
717,717,0,25ecbc6469680000,fc,0,0,0016,0748,0,0000,0016,0,0016,0000,1,1,0,0,0000,0016,0000,0000,0000,0000,0,0016,0016,0000,0,000,0016,0016
718,718,0,25ecbc6469680000,fc,0,0,0016,0748,0,0000,0016,0,0016,0000,1,1,0,0,0000,0016,0000,0000,0000,0000,0,0016,0016,0000,0,000,0016,0016
719,719,0,25ecbc6469680000,fc,0,0,0016,0748,0,0000,0016,0,0016,0000,1,1,0,0,0000,0016,0000,0000,0000,0000,0,0016,0016,0000,0,000,0016,0016
720,720,0,25ecbc6469680000,fc,0,0,0016,0748,0,0000,0016,0,0016,0000,1,1,0,0,0000,0016,0000,0000,0000,0000,0,0016,0016,0000,0,000,0016,0016
721,721,0,25ecbc6469680000,fc,0,0,0016,0748,0,0000,0016,0,0016,0000,1,1,0,0,0000,0016,0000,0000,0000,0000,0,0016,0016,0000,0,000,0016,0016
722,722,0,25ecbc6469680000,fc,0,0,0016,0748,0,0000,0016,0,0016,0000,1,1,0,0,0000,0016,0000,0000,0000,0000,0,0016,0016,0000,0,000,0016,0016
723,723,0,25ecbc6469680000,fc,0,0,0016,0748,0,0000,0016,0,0016,0000,1,1,0,0,0000,0016,0000,0000,0000,0000,0,0016,0016,0000,0,000,0016,0016
724,724,0,25ecbc6469680000,fc,0,0,0016,0748,0,0000,0016,0,0016,0000,1,1,0,0,0000,0016,0000,0000,0000,0000,0,0016,0016,0000,0,000,0016,0016
725,725,0,25ecbc6469680000,fc,0,0,0016,0748,0,0000,0016,0,0016,0000,1,1,0,0,0000,0016,0000,0000,0000,0000,0,0016,0016,0000,0,000,0016,0016
726,726,0,25ecbc6469680000,fc,0,0,0016,0748,0,0000,0016,0,0016,0000,1,1,0,0,0000,0016,0000,0000,0000,0000,0,0016,0016,0000,0,000,0016,0016
727,727,0,25ecbc6469680000,fc,0,0,0016,0748,0,0000,0016,0,0016,0000,1,1,0,0,0000,0016,0000,0000,0000,0000,0,0016,0016,0000,0,000,0016,0016
728,728,0,25ecbc6469680000,fc,0,0,0016,0748,0,0000,0016,0,0016,0000,1,1,0,0,0000,0016,0000,0000,0000,0000,0,0016,0016,0000,0,000,0016,0016
729,729,0,25ecbc6469680000,fc,0,0,0016,0748,0,0000,0016,0,0016,0000,1,1,0,0,0000,0016,0000,0000,0000,0000,0,0016,0016,0000,0,000,0016,0016
730,730,0,25ecbc6469680000,fc,0,0,0016,0748,0,0000,0016,0,0016,0000,1,1,0,0,0000,0016,0000,0000,0000,0000,0,0016,0016,0000,0,000,0016,0016
731,731,0,25ecbc6469680000,fc,0,0,0016,0748,0,0000,0016,0,0016,0000,1,1,0,0,0000,0016,0000,0000,0000,0000,0,0016,0016,0000,0,000,0016,0016
732,732,0,25ecbc6469680000,fc,0,0,0016,0748,0,0000,0016,0,0016,0000,1,1,0,0,0000,0016,0000,0000,0000,0000,0,0016,0016,0000,0,000,0016,0016
733,733,0,25ecbc6469680000,fc,0,0,0016,0748,0,0000,0016,0,0016,0000,1,1,0,0,0000,0016,0000,0000,0000,0000,0,0016,0016,0000,0,000,0016,0016
734,734,0,25ecbc6469680000,fc,0,0,0016,0748,0,0000,0016,0,0016,0000,1,1,0,0,0000,0016,0000,0000,0000,0000,0,0016,0016,0000,0,000,0016,0016
735,735,0,25ecbc6469680000,fc,0,0,0016,0748,0,0000,0016,0,0016,0000,1,1,0,0,0000,0016,0000,0000,0000,0000,0,0016,0016,0000,0,000,0016,0016
736,736,0,25ecbc6469680000,fc,0,0,0016,0748,0,0000,0016,0,0016,0000,1,1,0,0,0000,0016,0000,0000,0000,0000,0,0016,0016,0000,0,000,0016,0016
737,737,0,25ecbc6469680000,fc,0,0,0016,0748,0,0000,0016,0,0016,0000,1,1,0,0,0000,0016,0000,0000,0000,0000,0,0016,0016,0000,0,000,0016,0016
738,738,0,25ecbc6469680000,fc,0,0,0016,0748,0,0000,0016,0,0016,0000,1,1,0,0,0000,0016,0000,0000,0000,0000,0,0016,0016,0000,0,000,0016,0016
739,739,0,25ecbc6469680000,fc,0,0,0016,0748,0,0000,0016,0,0016,0000,1,1,0,0,0000,0016,0000,0000,0000,0000,0,0016,0016,0000,0,000,0016,0016
740,740,0,25ecbc6469680000,fc,0,0,0016,0748,0,0000,0016,0,0016,0000,1,1,0,0,0000,0016,0000,0000,0000,0000,0,0016,0016,0000,0,000,0016,0016
741,741,0,25ecbc6469680000,fc,0,0,0016,0748,0,0000,0016,0,0016,0000,1,1,0,0,0000,0016,0000,0000,0000,0000,0,0016,0016,0000,0,000,0016,0016
742,742,0,25ecbc6469680000,fc,0,0,0016,0748,0,0000,0016,0,0016,0000,1,1,0,0,0000,0016,0000,0000,0000,0000,0,0016,0016,0000,0,000,0016,0016
743,743,0,25ecbc6469680000,fc,0,0,0016,0748,0,0000,0016,0,0016,0000,1,1,0,0,0000,0016,0000,0000,0000,0000,0,0016,0016,0000,0,000,0016,0016
744,744,0,25ecbc6469680000,fc,0,0,0016,0748,0,0000,0016,0,0016,0000,1,1,0,0,0000,0016,0000,0000,0000,0000,0,0016,0016,0000,0,000,0016,0016
745,745,0,25ecbc6469680000,fc,0,0,0016,0748,0,0000,0016,0,0016,0000,1,1,0,0,0000,0016,0000,0000,0000,0000,0,0016,0016,0000,0,000,0016,0016
746,746,0,25ecbc6469680000,fc,0,0,0016,0748,0,0000,0016,0,0016,0000,1,1,0,0,0000,0016,0000,0000,0000,0000,0,0016,0016,0000,0,000,0016,0016
747,747,0,25ecbc6469680000,fc,0,0,0016,0748,0,0000,0016,0,0016,0000,1,1,0,0,0000,0016,0000,0000,0000,0000,0,0016,0016,0000,0,000,0016,0016
748,748,0,25ecbc6469680000,fc,0,0,0016,0748,0,0000,0016,0,0016,0000,1,1,0,0,0000,0016,0000,0000,0000,0000,0,0016,0016,0000,0,000,0016,0016
749,749,0,25ecbc6469680000,fc,0,0,0016,0748,0,0000,0016,0,0016,0000,1,1,0,0,0000,0016,0000,0000,0000,0000,0,0016,0016,0000,0,000,0016,0016
750,750,0,25ecbc6469680000,fc,0,0,0016,0748,0,0000,0016,0,0016,0000,1,1,0,0,0000,0016,0000,0000,0000,0000,0,0016,0016,0000,0,000,0016,0016
751,751,0,25ecbc6469680000,fc,0,0,0016,0748,0,0000,0016,0,0016,0000,1,1,0,0,0000,0016,0000,0000,0000,0000,0,0016,0016,0000,0,000,0016,0016
752,752,0,25ecbc6469680000,fc,0,0,0016,0748,0,0000,0016,0,0016,0000,1,1,0,0,0000,0016,0000,0000,0000,0000,0,0016,0016,0000,0,000,0016,0016
753,753,0,25ecbc6469680000,fc,0,0,0016,0748,0,0000,0016,0,0016,0000,1,1,0,0,0000,0016,0000,0000,0000,0000,0,0016,0016,0000,0,000,0016,0016
754,754,0,25ecbc6469680000,fc,0,0,0016,0748,0,0000,0016,0,0016,0000,1,1,0,0,0000,0016,0000,0000,0000,0000,0,0016,0016,0000,0,000,0016,0016
755,755,0,25ecbc6469680000,fc,0,0,0016,0748,0,0000,0016,0,0016,0000,1,1,0,0,0000,0016,0000,0000,0000,0000,0,0016,0016,0000,0,000,0016,0016
756,756,0,25ecbc6469680000,fc,0,0,0016,0748,0,0000,0016,0,0016,0000,1,1,0,0,0000,0016,0000,0000,0000,0000,0,0016,0016,0000,0,000,0016,0016
757,757,0,25ecbc6469680000,fc,0,0,0016,0748,0,0000,0016,0,0016,0000,1,1,0,0,0000,0016,0000,0000,0000,0000,0,0016,0016,0000,0,000,0016,0016
758,758,0,25ecbc6469680000,fc,0,0,0016,0748,0,0000,0016,0,0016,0000,1,1,0,0,0000,0016,0000,0000,0000,0000,0,0016,0016,0000,0,000,0016,0016
759,759,0,25ecbc6469680000,fc,0,0,0016,0748,0,0000,0016,0,0016,0000,1,1,0,0,0000,0016,0000,0000,0000,0000,0,0016,0016,0000,0,000,0016,0016
760,760,0,25ecbc6469680000,fc,0,0,0016,0748,0,0000,0016,0,0016,0000,1,1,0,0,0000,0016,0000,0000,0000,0000,0,0016,0016,0000,0,000,0016,0016
761,761,0,25ecbc6469680000,fc,0,0,0016,0748,0,0000,0016,0,0016,0000,1,1,0,0,0000,0016,0000,0000,0000,0000,0,0016,0016,0000,0,000,0016,0016
762,762,0,25ecbc6469680000,fc,0,0,0016,0748,0,0000,0016,0,0016,0000,1,1,0,0,0000,0016,0000,0000,0000,0000,0,0016,0016,0000,0,000,0016,0016
763,763,0,25ecbc6469680000,fc,0,0,0016,0748,0,0000,0016,0,0016,0000,1,1,0,0,0000,0016,0000,0000,0000,0000,0,0016,0016,0000,0,000,0016,0016
764,764,0,25ecbc6469680000,fc,0,0,0016,0748,0,0000,0016,0,0016,0000,1,1,0,0,0000,0016,0000,0000,0000,0000,0,0016,0016,0000,0,000,0016,0016
765,765,0,25ecbc6469680000,fc,0,0,0016,0748,0,0000,0016,0,0016,0000,1,1,0,0,0000,0016,0000,0000,0000,0000,0,0016,0016,0000,0,000,0016,0016
766,766,0,25ecbc6469680000,fc,0,0,0016,0748,0,0000,0016,0,0016,0000,1,1,0,0,0000,0016,0000,0000,0000,0000,0,0016,0016,0000,0,000,0016,0016
767,767,0,25ecbc6469680000,fc,0,0,0016,0748,0,0000,0016,0,0016,0000,1,1,0,0,0000,0016,0000,0000,0000,0000,0,0016,0016,0000,0,000,0016,0016
768,768,0,25ecbc6469680000,fc,0,0,0016,0748,0,0000,0016,0,0016,0000,1,1,0,0,0000,0016,0000,0000,0000,0000,0,0016,0016,0000,0,000,0016,0016
769,769,0,25ecbc6469680000,fc,0,0,0016,0748,0,0000,0016,0,0016,0000,1,1,0,0,0000,0016,0000,0000,0000,0000,0,0016,0016,0000,0,000,0016,0016
770,770,0,25ecbc6469680000,fc,0,0,0016,0748,0,0000,0016,0,0016,0000,1,1,0,0,0000,0016,0000,0000,0000,0000,0,0016,0016,0000,0,000,0016,0016
771,771,0,25ecbc6469680000,fc,0,0,0016,0748,0,0000,0016,0,0016,0000,1,1,0,0,0000,0016,0000,0000,0000,0000,0,0016,0016,0000,0,000,0016,0016
772,772,0,25ecbc6469680000,fc,0,0,0016,0748,0,0000,0016,0,0016,0000,1,1,0,0,0000,0016,0000,0000,0000,0000,0,0016,0016,0000,0,000,0016,0016
773,773,0,25ecbc6469680000,fc,0,0,0016,0748,0,0000,0016,0,0016,0000,1,1,0,0,0000,0016,0000,0000,0000,0000,0,0016,0016,0000,0,000,0016,0016
774,774,0,25ecbc6469680000,fc,0,0,0016,0748,0,0000,0016,0,0016,0000,1,1,0,0,0000,0016,0000,0000,0000,0000,0,0016,0016,0000,0,000,0016,0016
775,775,0,25ecbc6469680000,fc,0,0,0016,0748,0,0000,0016,0,0016,0000,1,1,0,0,0000,0016,0000,0000,0000,0000,0,0016,0016,0000,0,000,0016,0016
776,776,0,25ecbc6469680000,fc,0,0,0016,0748,0,0000,0016,0,0016,0000,1,1,0,0,0000,0016,0000,0000,0000,0000,0,0016,0016,0000,0,000,0016,0016
777,777,0,25ecbc6469680000,fc,0,0,0016,0748,0,0000,0016,0,0016,0000,1,1,0,0,0000,0016,0000,0000,0000,0000,0,0016,0016,0000,0,000,0016,0016
778,778,0,25ecbc6469680000,fc,0,0,0016,0748,0,0000,0016,0,0016,0000,1,1,0,0,0000,0016,0000,0000,0000,0000,0,0016,0016,0000,0,000,0016,0016
779,779,0,25ecbc6469680000,fc,0,0,0016,0748,0,0000,0016,0,0016,0000,1,1,0,0,0000,0016,0000,0000,0000,0000,0,0016,0016,0000,0,000,0016,0016
780,780,0,25ecbc6469680000,fc,0,0,0016,0748,0,0000,0016,0,0016,0000,1,1,0,0,0000,0016,0000,0000,0000,0000,0,0016,0016,0000,0,000,0016,0016
781,781,0,25ecbc6469680000,fc,0,0,0016,0748,0,0000,0016,0,0016,0000,1,1,0,0,0000,0016,0000,0000,0000,0000,0,0016,0016,0000,0,000,0016,0016
782,782,0,25ecbc6469680000,fc,0,0,0016,0748,0,0000,0016,0,0016,0000,1,1,0,0,0000,0016,0000,0000,0000,0000,0,0016,0016,0000,0,000,0016,0016
783,783,0,25ecbc6469680000,fc,0,0,0016,0748,0,0000,0016,0,0016,0000,1,1,0,0,0000,0016,0000,0000,0000,0000,0,0016,0016,0000,0,000,0016,0016
784,784,0,25ecbc6469680000,fc,0,0,0016,0748,0,0000,0016,0,0016,0000,1,1,0,0,0000,0016,0000,0000,0000,0000,0,0016,0016,0000,0,000,0016,0016
785,785,0,25ecbc6469680000,fc,0,0,0016,0748,0,0000,0016,0,0016,0000,1,1,0,0,0000,0016,0000,0000,0000,0000,0,0016,0016,0000,0,000,0016,0016
786,786,0,25ecbc6469680000,fc,0,0,0016,0748,0,0000,0016,0,0016,0000,1,1,0,0,0000,0016,0000,0000,0000,0000,0,0016,0016,0000,0,000,0016,0016
787,787,0,25ecbc6469680000,fc,0,0,0016,0748,0,0000,0016,0,0016,0000,1,1,0,0,0000,0016,0000,0000,0000,0000,0,0016,0016,0000,0,000,0016,0016
788,788,0,25ecbc6469680000,fc,0,0,0016,0748,0,0000,0016,0,0016,0000,1,1,0,0,0000,0016,0000,0000,0000,0000,0,0016,0016,0000,0,000,0016,0016
789,789,0,25ecbc6469680000,fc,0,0,0016,0748,0,0000,0016,0,0016,0000,1,1,0,0,0000,0016,0000,0000,0000,0000,0,0016,0016,0000,0,000,0016,0016
790,790,0,25ecbc6469680000,fc,0,0,0016,0748,0,0000,0016,0,0016,0000,1,1,0,0,0000,0016,0000,0000,0000,0000,0,0016,0016,0000,0,000,0016,0016
791,791,0,25ecbc6469680000,fc,0,0,0016,0748,0,0000,0016,0,0016,0000,1,1,0,0,0000,0016,0000,0000,0000,0000,0,0016,0016,0000,0,000,0016,0016
792,792,0,25ecbc6469680000,fc,0,0,0016,0748,0,0000,0016,0,0016,0000,1,1,0,0,0000,0016,0000,0000,0000,0000,0,0016,0016,0000,0,000,0016,0016
793,793,0,25ecbc6469680000,fc,0,0,0016,0748,0,0000,0016,0,0016,0000,1,1,0,0,0000,0016,0000,0000,0000,0000,0,0016,0016,0000,0,000,0016,0016
794,794,0,25ecbc6469680000,fc,0,0,0016,0748,0,0000,0016,0,0016,0000,1,1,0,0,0000,0016,0000,0000,0000,0000,0,0016,0016,0000,0,000,0016,0016
795,795,0,25ecbc6469680000,fc,0,0,0016,0748,0,0000,0016,0,0016,0000,1,1,0,0,0000,0016,0000,0000,0000,0000,0,0016,0016,0000,0,000,0016,0016
796,796,0,25ecbc6469680000,fc,0,0,0016,0748,0,0000,0016,0,0016,0000,1,1,0,0,0000,0016,0000,0000,0000,0000,0,0016,0016,0000,0,000,0016,0016
797,797,0,25ecbc6469680000,fc,0,0,0016,0748,0,0000,0016,0,0016,0000,1,1,0,0,0000,0016,0000,0000,0000,0000,0,0016,0016,0000,0,000,0016,0016
798,798,0,25ecbc6469680000,fc,0,0,0016,0748,0,0000,0016,0,0016,0000,1,1,0,0,0000,0016,0000,0000,0000,0000,0,0016,0016,0000,0,000,0016,0016
799,799,0,25ecbc6469680000,fc,0,0,0016,0748,0,0000,0016,0,0016,0000,1,1,0,0,0000,0016,0000,0000,0000,0000,0,0016,0016,0000,0,000,0016,0016
800,800,0,25ecbc6469680000,fc,0,0,0016,0748,0,0000,0016,0,0016,0000,1,1,0,0,0000,0016,0000,0000,0000,0000,0,0016,0016,0000,0,000,0016,0016
801,801,0,25ecbc6469680000,fc,0,0,0016,0748,0,0000,0016,0,0016,0000,1,1,0,0,0000,0016,0000,0000,0000,0000,0,0016,0016,0000,0,000,0016,0016
802,802,0,25ecbc6469680000,fc,0,0,0016,0748,0,0000,0016,0,0016,0000,1,1,0,0,0000,0016,0000,0000,0000,0000,0,0016,0016,0000,0,000,0016,0016
803,803,0,25ecbc6469680000,fc,0,0,0016,0748,0,0000,0016,0,0016,0000,1,1,0,0,0000,0016,0000,0000,0000,0000,0,0016,0016,0000,0,000,0016,0016
804,804,0,25ecbc6469680000,fc,0,0,0016,0748,0,0000,0016,0,0016,0000,1,1,0,0,0000,0016,0000,0000,0000,0000,0,0016,0016,0000,0,000,0016,0016
805,805,0,25ecbc6469680000,fc,0,0,0016,0748,0,0000,0016,0,0016,0000,1,1,0,0,0000,0016,0000,0000,0000,0000,0,0016,0016,0000,0,000,0016,0016
806,806,0,25ecbc6469680000,fc,0,0,0016,0748,0,0000,0016,0,0016,0000,1,1,0,0,0000,0016,0000,0000,0000,0000,0,0016,0016,0000,0,000,0016,0016
807,807,0,25ecbc6469680000,fc,0,0,0016,0748,0,0000,0016,0,0016,0000,1,1,0,0,0000,0016,0000,0000,0000,0000,0,0016,0016,0000,0,000,0016,0016
808,808,0,25ecbc6469680000,fc,0,0,0016,0748,0,0000,0016,0,0016,0000,1,1,0,0,0000,0016,0000,0000,0000,0000,0,0016,0016,0000,0,000,0016,0016
809,809,0,25ecbc6469680000,fc,0,0,0016,0748,0,0000,0016,0,0016,0000,1,1,0,0,0000,0016,0000,0000,0000,0000,0,0016,0016,0000,0,000,0016,0016
810,810,0,25ecbc6469680000,fc,0,0,0016,0748,0,0000,0016,0,0016,0000,1,1,0,0,0000,0016,0000,0000,0000,0000,0,0016,0016,0000,0,000,0016,0016
811,811,0,25ecbc6469680000,fc,0,0,0016,0748,0,0000,0016,0,0016,0000,1,1,0,0,0000,0016,0000,0000,0000,0000,0,0016,0016,0000,0,000,0016,0016
812,812,0,25ecbc6469680000,fc,0,0,0016,0748,0,0000,0016,0,0016,0000,1,1,0,0,0000,0016,0000,0000,0000,0000,0,0016,0016,0000,0,000,0016,0016
813,813,0,25ecbc6469680000,fc,0,0,0016,0748,0,0000,0016,0,0016,0000,1,1,0,0,0000,0016,0000,0000,0000,0000,0,0016,0016,0000,0,000,0016,0016
814,814,0,25ecbc6469680000,fc,0,0,0016,0748,0,0000,0016,0,0016,0000,1,1,0,0,0000,0016,0000,0000,0000,0000,0,0016,0016,0000,0,000,0016,0016
815,815,0,25ecbc6469680000,fc,0,0,0016,0748,0,0000,0016,0,0016,0000,1,1,0,0,0000,0016,0000,0000,0000,0000,0,0016,0016,0000,0,000,0016,0016
816,816,0,25ecbc6469680000,fc,0,0,0016,0748,0,0000,0016,0,0016,0000,1,1,0,0,0000,0016,0000,0000,0000,0000,0,0016,0016,0000,0,000,0016,0016
817,817,0,25ecbc6469680000,fc,0,0,0016,0748,0,0000,0016,0,0016,0000,1,1,0,0,0000,0016,0000,0000,0000,0000,0,0016,0016,0000,0,000,0016,0016
818,818,0,25ecbc6469680000,fc,0,0,0016,0748,0,0000,0016,0,0016,0000,1,1,0,0,0000,0016,0000,0000,0000,0000,0,0016,0016,0000,0,000,0016,0016
819,819,0,25ecbc6469680000,fc,0,0,0016,0748,0,0000,0016,0,0016,0000,1,1,0,0,0000,0016,0000,0000,0000,0000,0,0016,0016,0000,0,000,0016,0016
820,820,0,25ecbc6469680000,fc,0,0,0016,0748,0,0000,0016,0,0016,0000,1,1,0,0,0000,0016,0000,0000,0000,0000,0,0016,0016,0000,0,000,0016,0016
821,821,0,25ecbc6469680000,fc,0,0,0016,0748,0,0000,0016,0,0016,0000,1,1,0,0,0000,0016,0000,0000,0000,0000,0,0016,0016,0000,0,000,0016,0016
822,822,0,25ecbc6469680000,fc,0,0,0016,0748,0,0000,0016,0,0016,0000,1,1,0,0,0000,0016,0000,0000,0000,0000,0,0016,0016,0000,0,000,0016,0016
823,823,0,25ecbc6469680000,fc,0,0,0016,0748,0,0000,0016,0,0016,0000,1,1,0,0,0000,0016,0000,0000,0000,0000,0,0016,0016,0000,0,000,0016,0016
824,824,0,25ecbc6469680000,fc,0,0,0016,0748,0,0000,0016,0,0016,0000,1,1,0,0,0000,0016,0000,0000,0000,0000,0,0016,0016,0000,0,000,0016,0016
825,825,0,25ecbc6469680000,fc,0,0,0016,0748,0,0000,0016,0,0016,0000,1,1,0,0,0000,0016,0000,0000,0000,0000,0,0016,0016,0000,0,000,0016,0016
826,826,0,25ecbc6469680000,fc,0,0,0016,0748,0,0000,0016,0,0016,0000,1,1,0,0,0000,0016,0000,0000,0000,0000,0,0016,0016,0000,0,000,0016,0016
827,827,0,25ecbc6469680000,fc,0,0,0016,0748,0,0000,0016,0,0016,0000,1,1,0,0,0000,0016,0000,0000,0000,0000,0,0016,0016,0000,0,000,0016,0016
828,828,0,25ecbc6469680000,fc,0,0,0016,0748,0,0000,0016,0,0016,0000,1,1,0,0,0000,0016,0000,0000,0000,0000,0,0016,0016,0000,0,000,0016,0016
829,829,0,25ecbc6469680000,fc,0,0,0016,0748,0,0000,0016,0,0016,0000,1,1,0,0,0000,0016,0000,0000,0000,0000,0,0016,0016,0000,0,000,0016,0016
830,830,0,25ecbc6469680000,fc,0,0,0016,0748,0,0000,0016,0,0016,0000,1,1,0,0,0000,0016,0000,0000,0000,0000,0,0016,0016,0000,0,000,0016,0016
831,831,0,25ecbc6469680000,fc,0,0,0016,0748,0,0000,0016,0,0016,0000,1,1,0,0,0000,0016,0000,0000,0000,0000,0,0016,0016,0000,0,000,0016,0016
832,832,0,25ecbc6469680000,fc,0,0,0016,0748,0,0000,0016,0,0016,0000,1,1,0,0,0000,0016,0000,0000,0000,0000,0,0016,0016,0000,0,000,0016,0016
833,833,0,25ecbc6469680000,fc,0,0,0016,0748,0,0000,0016,0,0016,0000,1,1,0,0,0000,0016,0000,0000,0000,0000,0,0016,0016,0000,0,000,0016,0016
834,834,0,25ecbc6469680000,fc,0,0,0016,0748,0,0000,0016,0,0016,0000,1,1,0,0,0000,0016,0000,0000,0000,0000,0,0016,0016,0000,0,000,0016,0016
835,835,0,25ecbc6469680000,fc,0,0,0016,0748,0,0000,0016,0,0016,0000,1,1,0,0,0000,0016,0000,0000,0000,0000,0,0016,0016,0000,0,000,0016,0016
836,836,0,25ecbc6469680000,fc,0,0,0016,0748,0,0000,0016,0,0016,0000,1,1,0,0,0000,0016,0000,0000,0000,0000,0,0016,0016,0000,0,000,0016,0016
837,837,0,25ecbc6469680000,fc,0,0,0016,0748,0,0000,0016,0,0016,0000,1,1,0,0,0000,0016,0000,0000,0000,0000,0,0016,0016,0000,0,000,0016,0016
838,838,0,25ecbc6469680000,fc,0,0,0016,0748,0,0000,0016,0,0016,0000,1,1,0,0,0000,0016,0000,0000,0000,0000,0,0016,0016,0000,0,000,0016,0016
839,839,0,25ecbc6469680000,fc,0,0,0016,0748,0,0000,0016,0,0016,0000,1,1,0,0,0000,0016,0000,0000,0000,0000,0,0016,0016,0000,0,000,0016,0016
840,840,0,25ecbc6469680000,fc,0,0,0016,0748,0,0000,0016,0,0016,0000,1,1,0,0,0000,0016,0000,0000,0000,0000,0,0016,0016,0000,0,000,0016,0016
841,841,0,25ecbc6469680000,fc,0,0,0016,0748,0,0000,0016,0,0016,0000,1,1,0,0,0000,0016,0000,0000,0000,0000,0,0016,0016,0000,0,000,0016,0016
842,842,0,25ecbc6469680000,fc,0,0,0016,0748,0,0000,0016,0,0016,0000,1,1,0,0,0000,0016,0000,0000,0000,0000,0,0016,0016,0000,0,000,0016,0016
843,843,0,25ecbc6469680000,fc,0,0,0016,0748,0,0000,0016,0,0016,0000,1,1,0,0,0000,0016,0000,0000,0000,0000,0,0016,0016,0000,0,000,0016,0016
844,844,0,25ecbc6469680000,fc,0,0,0016,0748,0,0000,0016,0,0016,0000,1,1,0,0,0000,0016,0000,0000,0000,0000,0,0016,0016,0000,0,000,0016,0016
845,845,0,25ecbc6469680000,fc,0,0,0016,0748,0,0000,0016,0,0016,0000,1,1,0,0,0000,0016,0000,0000,0000,0000,0,0016,0016,0000,0,000,0016,0016
846,846,0,25ecbc6469680000,fc,0,0,0016,0748,0,0000,0016,0,0016,0000,1,1,0,0,0000,0016,0000,0000,0000,0000,0,0016,0016,0000,0,000,0016,0016
847,847,0,25ecbc6469680000,fc,0,0,0016,0748,0,0000,0016,0,0016,0000,1,1,0,0,0000,0016,0000,0000,0000,0000,0,0016,0016,0000,0,000,0016,0016
848,848,0,25ecbc6469680000,fc,0,0,0016,0748,0,0000,0016,0,0016,0000,1,1,0,0,0000,0016,0000,0000,0000,0000,0,0016,0016,0000,0,000,0016,0016
849,849,0,25ecbc6469680000,fc,0,0,0016,0748,0,0000,0016,0,0016,0000,1,1,0,0,0000,0016,0000,0000,0000,0000,0,0016,0016,0000,0,000,0016,0016
850,850,0,25ecbc6469680000,fc,0,0,0016,0748,0,0000,0016,0,0016,0000,1,1,0,0,0000,0016,0000,0000,0000,0000,0,0016,0016,0000,0,000,0016,0016
851,851,0,25ecbc6469680000,fc,0,0,0016,0748,0,0000,0016,0,0016,0000,1,1,0,0,0000,0016,0000,0000,0000,0000,0,0016,0016,0000,0,000,0016,0016
852,852,0,25ecbc6469680000,fc,0,0,0016,0748,0,0000,0016,0,0016,0000,1,1,0,0,0000,0016,0000,0000,0000,0000,0,0016,0016,0000,0,000,0016,0016
853,853,0,25ecbc6469680000,fc,0,0,0016,0748,0,0000,0016,0,0016,0000,1,1,0,0,0000,0016,0000,0000,0000,0000,0,0016,0016,0000,0,000,0016,0016
854,854,0,25ecbc6469680000,fc,0,0,0016,0748,0,0000,0016,0,0016,0000,1,1,0,0,0000,0016,0000,0000,0000,0000,0,0016,0016,0000,0,000,0016,0016
855,855,0,25ecbc6469680000,fc,0,0,0016,0748,0,0000,0016,0,0016,0000,1,1,0,0,0000,0016,0000,0000,0000,0000,0,0016,0016,0000,0,000,0016,0016
856,856,0,25ecbc6469680000,fc,0,0,0016,0748,0,0000,0016,0,0016,0000,1,1,0,0,0000,0016,0000,0000,0000,0000,0,0016,0016,0000,0,000,0016,0016
857,857,0,25ecbc6469680000,fc,0,0,0016,0748,0,0000,0016,0,0016,0000,1,1,0,0,0000,0016,0000,0000,0000,0000,0,0016,0016,0000,0,000,0016,0016
858,858,0,25ecbc6469680000,fc,0,0,0016,0748,0,0000,0016,0,0016,0000,1,1,0,0,0000,0016,0000,0000,0000,0000,0,0016,0016,0000,0,000,0016,0016
859,859,0,25ecbc6469680000,fc,0,0,0016,0748,0,0000,0016,0,0016,0000,1,1,0,0,0000,0016,0000,0000,0000,0000,0,0016,0016,0000,0,000,0016,0016
860,860,0,25ecbc6469680000,fc,0,0,0016,0748,0,0000,0016,0,0016,0000,1,1,0,0,0000,0016,0000,0000,0000,0000,0,0016,0016,0000,0,000,0016,0016
861,861,0,25ecbc6469680000,fc,0,0,0016,0748,0,0000,0016,0,0016,0000,1,1,0,0,0000,0016,0000,0000,0000,0000,0,0016,0016,0000,0,000,0016,0016
862,862,0,25ecbc6469680000,fc,0,0,0016,0748,0,0000,0016,0,0016,0000,1,1,0,0,0000,0016,0000,0000,0000,0000,0,0016,0016,0000,0,000,0016,0016
863,863,0,25ecbc6469680000,fc,0,0,0016,0748,0,0000,0016,0,0016,0000,1,1,0,0,0000,0016,0000,0000,0000,0000,0,0016,0016,0000,0,000,0016,0016
864,864,0,25ecbc6469680000,fc,0,0,0016,0748,0,0000,0016,0,0016,0000,1,1,0,0,0000,0016,0000,0000,0000,0000,0,0016,0016,0000,0,000,0016,0016
865,865,0,25ecbc6469680000,fc,0,0,0016,0748,0,0000,0016,0,0016,0000,1,1,0,0,0000,0016,0000,0000,0000,0000,0,0016,0016,0000,0,000,0016,0016
866,866,0,25ecbc6469680000,fc,0,0,0016,0748,0,0000,0016,0,0016,0000,1,1,0,0,0000,0016,0000,0000,0000,0000,0,0016,0016,0000,0,000,0016,0016
867,867,0,25ecbc6469680000,fc,0,0,0016,0748,0,0000,0016,0,0016,0000,1,1,0,0,0000,0016,0000,0000,0000,0000,0,0016,0016,0000,0,000,0016,0016
868,868,0,25ecbc6469680000,fc,0,0,0016,0748,0,0000,0016,0,0016,0000,1,1,0,0,0000,0016,0000,0000,0000,0000,0,0016,0016,0000,0,000,0016,0016
869,869,0,25ecbc6469680000,fc,0,0,0016,0748,0,0000,0016,0,0016,0000,1,1,0,0,0000,0016,0000,0000,0000,0000,0,0016,0016,0000,0,000,0016,0016
870,870,0,25ecbc6469680000,fc,0,0,0016,0748,0,0000,0016,0,0016,0000,1,1,0,0,0000,0016,0000,0000,0000,0000,0,0016,0016,0000,0,000,0016,0016
871,871,0,25ecbc6469680000,fc,0,0,0016,0748,0,0000,0016,0,0016,0000,1,1,0,0,0000,0016,0000,0000,0000,0000,0,0016,0016,0000,0,000,0016,0016
872,872,0,25ecbc6469680000,fc,0,0,0016,0748,0,0000,0016,0,0016,0000,1,1,0,0,0000,0016,0000,0000,0000,0000,0,0016,0016,0000,0,000,0016,0016
873,873,0,25ecbc6469680000,fc,0,0,0016,0748,0,0000,0016,0,0016,0000,1,1,0,0,0000,0016,0000,0000,0000,0000,0,0016,0016,0000,0,000,0016,0016
874,874,0,25ecbc6469680000,fc,0,0,0016,0748,0,0000,0016,0,0016,0000,1,1,0,0,0000,0016,0000,0000,0000,0000,0,0016,0016,0000,0,000,0016,0016
875,875,0,25ecbc6469680000,fc,0,0,0016,0748,0,0000,0016,0,0016,0000,1,1,0,0,0000,0016,0000,0000,0000,0000,0,0016,0016,0000,0,000,0016,0016
876,876,0,25ecbc6469680000,fc,0,0,0016,0748,0,0000,0016,0,0016,0000,1,1,0,0,0000,0016,0000,0000,0000,0000,0,0016,0016,0000,0,000,0016,0016
877,877,0,25ecbc6469680000,fc,0,0,0016,0748,0,0000,0016,0,0016,0000,1,1,0,0,0000,0016,0000,0000,0000,0000,0,0016,0016,0000,0,000,0016,0016
878,878,0,25ecbc6469680000,fc,0,0,0016,0748,0,0000,0016,0,0016,0000,1,1,0,0,0000,0016,0000,0000,0000,0000,0,0016,0016,0000,0,000,0016,0016
879,879,0,25ecbc6469680000,fc,0,0,0016,0748,0,0000,0016,0,0016,0000,1,1,0,0,0000,0016,0000,0000,0000,0000,0,0016,0016,0000,0,000,0016,0016
880,880,0,25ecbc6469680000,fc,0,0,0016,0748,0,0000,0016,0,0016,0000,1,1,0,0,0000,0016,0000,0000,0000,0000,0,0016,0016,0000,0,000,0016,0016
881,881,0,25ecbc6469680000,fc,0,0,0016,0748,0,0000,0016,0,0016,0000,1,1,0,0,0000,0016,0000,0000,0000,0000,0,0016,0016,0000,0,000,0016,0016
882,882,0,25ecbc6469680000,fc,0,0,0016,0748,0,0000,0016,0,0016,0000,1,1,0,0,0000,0016,0000,0000,0000,0000,0,0016,0016,0000,0,000,0016,0016
883,883,0,25ecbc6469680000,fc,0,0,0016,0748,0,0000,0016,0,0016,0000,1,1,0,0,0000,0016,0000,0000,0000,0000,0,0016,0016,0000,0,000,0016,0016
884,884,0,25ecbc6469680000,fc,0,0,0016,0748,0,0000,0016,0,0016,0000,1,1,0,0,0000,0016,0000,0000,0000,0000,0,0016,0016,0000,0,000,0016,0016
885,885,0,25ecbc6469680000,fc,0,0,0016,0748,0,0000,0016,0,0016,0000,1,1,0,0,0000,0016,0000,0000,0000,0000,0,0016,0016,0000,0,000,0016,0016
886,886,0,25ecbc6469680000,fc,0,0,0016,0748,0,0000,0016,0,0016,0000,1,1,0,0,0000,0016,0000,0000,0000,0000,0,0016,0016,0000,0,000,0016,0016
887,887,0,25ecbc6469680000,fc,0,0,0016,0748,0,0000,0016,0,0016,0000,1,1,0,0,0000,0016,0000,0000,0000,0000,0,0016,0016,0000,0,000,0016,0016
888,888,0,25ecbc6469680000,fc,0,0,0016,0748,0,0000,0016,0,0016,0000,1,1,0,0,0000,0016,0000,0000,0000,0000,0,0016,0016,0000,0,000,0016,0016
889,889,0,25ecbc6469680000,fc,0,0,0016,0748,0,0000,0016,0,0016,0000,1,1,0,0,0000,0016,0000,0000,0000,0000,0,0016,0016,0000,0,000,0016,0016
890,890,0,25ecbc6469680000,fc,0,0,0016,0748,0,0000,0016,0,0016,0000,1,1,0,0,0000,0016,0000,0000,0000,0000,0,0016,0016,0000,0,000,0016,0016
891,891,0,25ecbc6469680000,fc,0,0,0016,0748,0,0000,0016,0,0016,0000,1,1,0,0,0000,0016,0000,0000,0000,0000,0,0016,0016,0000,0,000,0016,0016
892,892,0,25ecbc6469680000,fc,0,0,0016,0748,0,0000,0016,0,0016,0000,1,1,0,0,0000,0016,0000,0000,0000,0000,0,0016,0016,0000,0,000,0016,0016
893,893,0,25ecbc6469680000,fc,0,0,0016,0748,0,0000,0016,0,0016,0000,1,1,0,0,0000,0016,0000,0000,0000,0000,0,0016,0016,0000,0,000,0016,0016
894,894,0,25ecbc6469680000,fc,0,0,0016,0748,0,0000,0016,0,0016,0000,1,1,0,0,0000,0016,0000,0000,0000,0000,0,0016,0016,0000,0,000,0016,0016
895,895,0,25ecbc6469680000,fc,0,0,0016,0748,0,0000,0016,0,0016,0000,1,1,0,0,0000,0016,0000,0000,0000,0000,0,0016,0016,0000,0,000,0016,0016
896,896,0,25ecbc6469680000,fc,0,0,0016,0748,0,0000,0016,0,0016,0000,1,1,0,0,0000,0016,0000,0000,0000,0000,0,0016,0016,0000,0,000,0016,0016
897,897,0,25ecbc6469680000,fc,0,0,0016,0748,0,0000,0016,0,0016,0000,1,1,0,0,0000,0016,0000,0000,0000,0000,0,0016,0016,0000,0,000,0016,0016
898,898,0,25ecbc6469680000,fc,0,0,0016,0748,0,0000,0016,0,0016,0000,1,1,0,0,0000,0016,0000,0000,0000,0000,0,0016,0016,0000,0,000,0016,0016
899,899,0,25ecbc6469680000,fc,0,0,0016,0748,0,0000,0016,0,0016,0000,1,1,0,0,0000,0016,0000,0000,0000,0000,0,0016,0016,0000,0,000,0016,0016
900,900,0,25ecbc6469680000,fc,0,0,0016,0748,0,0000,0016,0,0016,0000,1,1,0,0,0000,0016,0000,0000,0000,0000,0,0016,0016,0000,0,000,0016,0016
901,901,0,25ecbc6469680000,fc,0,0,0016,0748,0,0000,0016,0,0016,0000,1,1,0,0,0000,0016,0000,0000,0000,0000,0,0016,0016,0000,0,000,0016,0016
902,902,0,25ecbc6469680000,fc,0,0,0016,0748,0,0000,0016,0,0016,0000,1,1,0,0,0000,0016,0000,0000,0000,0000,0,0016,0016,0000,0,000,0016,0016
903,903,0,25ecbc6469680000,fc,0,0,0016,0748,0,0000,0016,0,0016,0000,1,1,0,0,0000,0016,0000,0000,0000,0000,0,0016,0016,0000,0,000,0016,0016
904,904,0,25ecbc6469680000,fc,0,0,0016,0748,0,0000,0016,0,0016,0000,1,1,0,0,0000,0016,0000,0000,0000,0000,0,0016,0016,0000,0,000,0016,0016
905,905,0,25ecbc6469680000,fc,0,0,0016,0748,0,0000,0016,0,0016,0000,1,1,0,0,0000,0016,0000,0000,0000,0000,0,0016,0016,0000,0,000,0016,0016
906,906,0,25ecbc6469680000,fc,0,0,0016,0748,0,0000,0016,0,0016,0000,1,1,0,0,0000,0016,0000,0000,0000,0000,0,0016,0016,0000,0,000,0016,0016
907,907,0,25ecbc6469680000,fc,0,0,0016,0748,0,0000,0016,0,0016,0000,1,1,0,0,0000,0016,0000,0000,0000,0000,0,0016,0016,0000,0,000,0016,0016
908,908,0,25ecbc6469680000,fc,0,0,0016,0748,0,0000,0016,0,0016,0000,1,1,0,0,0000,0016,0000,0000,0000,0000,0,0016,0016,0000,0,000,0016,0016
909,909,0,25ecbc6469680000,fc,0,0,0016,0748,0,0000,0016,0,0016,0000,1,1,0,0,0000,0016,0000,0000,0000,0000,0,0016,0016,0000,0,000,0016,0016
910,910,0,25ecbc6469680000,fc,0,0,0016,0748,0,0000,0016,0,0016,0000,1,1,0,0,0000,0016,0000,0000,0000,0000,0,0016,0016,0000,0,000,0016,0016
911,911,0,25ecbc6469680000,fc,0,0,0016,0748,0,0000,0016,0,0016,0000,1,1,0,0,0000,0016,0000,0000,0000,0000,0,0016,0016,0000,0,000,0016,0016
912,912,0,25ecbc6469680000,fc,0,0,0016,0748,0,0000,0016,0,0016,0000,1,1,0,0,0000,0016,0000,0000,0000,0000,0,0016,0016,0000,0,000,0016,0016
913,913,0,25ecbc6469680000,fc,0,0,0016,0748,0,0000,0016,0,0016,0000,1,1,0,0,0000,0016,0000,0000,0000,0000,0,0016,0016,0000,0,000,0016,0016
914,914,0,25ecbc6469680000,fc,0,0,0016,0748,0,0000,0016,0,0016,0000,1,1,0,0,0000,0016,0000,0000,0000,0000,0,0016,0016,0000,0,000,0016,0016
915,915,0,25ecbc6469680000,fc,0,0,0016,0748,0,0000,0016,0,0016,0000,1,1,0,0,0000,0016,0000,0000,0000,0000,0,0016,0016,0000,0,000,0016,0016
916,916,0,25ecbc6469680000,fc,0,0,0016,0748,0,0000,0016,0,0016,0000,1,1,0,0,0000,0016,0000,0000,0000,0000,0,0016,0016,0000,0,000,0016,0016
917,917,0,25ecbc6469680000,fc,0,0,0016,0748,0,0000,0016,0,0016,0000,1,1,0,0,0000,0016,0000,0000,0000,0000,0,0016,0016,0000,0,000,0016,0016
918,918,0,25ecbc6469680000,fc,0,0,0016,0748,0,0000,0016,0,0016,0000,1,1,0,0,0000,0016,0000,0000,0000,0000,0,0016,0016,0000,0,000,0016,0016
919,919,0,25ecbc6469680000,fc,0,0,0016,0748,0,0000,0016,0,0016,0000,1,1,0,0,0000,0016,0000,0000,0000,0000,0,0016,0016,0000,0,000,0016,0016
920,920,0,25ecbc6469680000,fc,0,0,0016,0748,0,0000,0016,0,0016,0000,1,1,0,0,0000,0016,0000,0000,0000,0000,0,0016,0016,0000,0,000,0016,0016
921,921,0,25ecbc6469680000,fc,0,0,0016,0748,0,0000,0016,0,0016,0000,1,1,0,0,0000,0016,0000,0000,0000,0000,0,0016,0016,0000,0,000,0016,0016
922,922,0,25ecbc6469680000,fc,0,0,0016,0748,0,0000,0016,0,0016,0000,1,1,0,0,0000,0016,0000,0000,0000,0000,0,0016,0016,0000,0,000,0016,0016
923,923,0,25ecbc6469680000,fc,0,0,0016,0748,0,0000,0016,0,0016,0000,1,1,0,0,0000,0016,0000,0000,0000,0000,0,0016,0016,0000,0,000,0016,0016
924,924,0,25ecbc6469680000,fc,0,0,0016,0748,0,0000,0016,0,0016,0000,1,1,0,0,0000,0016,0000,0000,0000,0000,0,0016,0016,0000,0,000,0016,0016
925,925,0,25ecbc6469680000,fc,0,0,0016,0748,0,0000,0016,0,0016,0000,1,1,0,0,0000,0016,0000,0000,0000,0000,0,0016,0016,0000,0,000,0016,0016
926,926,0,25ecbc6469680000,fc,0,0,0016,0748,0,0000,0016,0,0016,0000,1,1,0,0,0000,0016,0000,0000,0000,0000,0,0016,0016,0000,0,000,0016,0016
927,927,0,25ecbc6469680000,fc,0,0,0016,0748,0,0000,0016,0,0016,0000,1,1,0,0,0000,0016,0000,0000,0000,0000,0,0016,0016,0000,0,000,0016,0016
928,928,0,25ecbc6469680000,fc,0,0,0016,0748,0,0000,0016,0,0016,0000,1,1,0,0,0000,0016,0000,0000,0000,0000,0,0016,0016,0000,0,000,0016,0016
929,929,0,25ecbc6469680000,fc,0,0,0016,0748,0,0000,0016,0,0016,0000,1,1,0,0,0000,0016,0000,0000,0000,0000,0,0016,0016,0000,0,000,0016,0016
930,930,0,25ecbc6469680000,fc,0,0,0016,0748,0,0000,0016,0,0016,0000,1,1,0,0,0000,0016,0000,0000,0000,0000,0,0016,0016,0000,0,000,0016,0016
931,931,0,25ecbc6469680000,fc,0,0,0016,0748,0,0000,0016,0,0016,0000,1,1,0,0,0000,0016,0000,0000,0000,0000,0,0016,0016,0000,0,000,0016,0016
932,932,0,25ecbc6469680000,fc,0,0,0016,0748,0,0000,0016,0,0016,0000,1,1,0,0,0000,0016,0000,0000,0000,0000,0,0016,0016,0000,0,000,0016,0016
933,933,0,25ecbc6469680000,fc,0,0,0016,0748,0,0000,0016,0,0016,0000,1,1,0,0,0000,0016,0000,0000,0000,0000,0,0016,0016,0000,0,000,0016,0016
934,934,0,25ecbc6469680000,fc,0,0,0016,0748,0,0000,0016,0,0016,0000,1,1,0,0,0000,0016,0000,0000,0000,0000,0,0016,0016,0000,0,000,0016,0016
935,935,0,25ecbc6469680000,fc,0,0,0016,0748,0,0000,0016,0,0016,0000,1,1,0,0,0000,0016,0000,0000,0000,0000,0,0016,0016,0000,0,000,0016,0016
936,936,0,25ecbc6469680000,fc,0,0,0016,0748,0,0000,0016,0,0016,0000,1,1,0,0,0000,0016,0000,0000,0000,0000,0,0016,0016,0000,0,000,0016,0016
937,937,0,25ecbc6469680000,fc,0,0,0016,0748,0,0000,0016,0,0016,0000,1,1,0,0,0000,0016,0000,0000,0000,0000,0,0016,0016,0000,0,000,0016,0016
938,938,0,25ecbc6469680000,fc,0,0,0016,0748,0,0000,0016,0,0016,0000,1,1,0,0,0000,0016,0000,0000,0000,0000,0,0016,0016,0000,0,000,0016,0016
939,939,0,25ecbc6469680000,fc,0,0,0016,0748,0,0000,0016,0,0016,0000,1,1,0,0,0000,0016,0000,0000,0000,0000,0,0016,0016,0000,0,000,0016,0016
940,940,0,25ecbc6469680000,fc,0,0,0016,0748,0,0000,0016,0,0016,0000,1,1,0,0,0000,0016,0000,0000,0000,0000,0,0016,0016,0000,0,000,0016,0016
941,941,0,25ecbc6469680000,fc,0,0,0016,0748,0,0000,0016,0,0016,0000,1,1,0,0,0000,0016,0000,0000,0000,0000,0,0016,0016,0000,0,000,0016,0016
942,942,0,25ecbc6469680000,fc,0,0,0016,0748,0,0000,0016,0,0016,0000,1,1,0,0,0000,0016,0000,0000,0000,0000,0,0016,0016,0000,0,000,0016,0016
943,943,0,25ecbc6469680000,fc,0,0,0016,0748,0,0000,0016,0,0016,0000,1,1,0,0,0000,0016,0000,0000,0000,0000,0,0016,0016,0000,0,000,0016,0016
944,944,0,25ecbc6469680000,fc,0,0,0016,0748,0,0000,0016,0,0016,0000,1,1,0,0,0000,0016,0000,0000,0000,0000,0,0016,0016,0000,0,000,0016,0016
945,945,0,25ecbc6469680000,fc,0,0,0016,0748,0,0000,0016,0,0016,0000,1,1,0,0,0000,0016,0000,0000,0000,0000,0,0016,0016,0000,0,000,0016,0016
946,946,0,25ecbc6469680000,fc,0,0,0016,0748,0,0000,0016,0,0016,0000,1,1,0,0,0000,0016,0000,0000,0000,0000,0,0016,0016,0000,0,000,0016,0016
947,947,0,25ecbc6469680000,fc,0,0,0016,0748,0,0000,0016,0,0016,0000,1,1,0,0,0000,0016,0000,0000,0000,0000,0,0016,0016,0000,0,000,0016,0016
948,948,0,25ecbc6469680000,fc,0,0,0016,0748,0,0000,0016,0,0016,0000,1,1,0,0,0000,0016,0000,0000,0000,0000,0,0016,0016,0000,0,000,0016,0016
949,949,0,25ecbc6469680000,fc,0,0,0016,0748,0,0000,0016,0,0016,0000,1,1,0,0,0000,0016,0000,0000,0000,0000,0,0016,0016,0000,0,000,0016,0016
950,950,0,25ecbc6469680000,fc,0,0,0016,0748,0,0000,0016,0,0016,0000,1,1,0,0,0000,0016,0000,0000,0000,0000,0,0016,0016,0000,0,000,0016,0016
951,951,0,25ecbc6469680000,fc,0,0,0016,0748,0,0000,0016,0,0016,0000,1,1,0,0,0000,0016,0000,0000,0000,0000,0,0016,0016,0000,0,000,0016,0016
952,952,0,25ecbc6469680000,fc,0,0,0016,0748,0,0000,0016,0,0016,0000,1,1,0,0,0000,0016,0000,0000,0000,0000,0,0016,0016,0000,0,000,0016,0016
953,953,0,25ecbc6469680000,fc,0,0,0016,0748,0,0000,0016,0,0016,0000,1,1,0,0,0000,0016,0000,0000,0000,0000,0,0016,0016,0000,0,000,0016,0016
954,954,0,25ecbc6469680000,fc,0,0,0016,0748,0,0000,0016,0,0016,0000,1,1,0,0,0000,0016,0000,0000,0000,0000,0,0016,0016,0000,0,000,0016,0016
955,955,0,25ecbc6469680000,fc,0,0,0016,0748,0,0000,0016,0,0016,0000,1,1,0,0,0000,0016,0000,0000,0000,0000,0,0016,0016,0000,0,000,0016,0016
956,956,0,25ecbc6469680000,fc,0,0,0016,0748,0,0000,0016,0,0016,0000,1,1,0,0,0000,0016,0000,0000,0000,0000,0,0016,0016,0000,0,000,0016,0016
957,957,0,25ecbc6469680000,fc,0,0,0016,0748,0,0000,0016,0,0016,0000,1,1,0,0,0000,0016,0000,0000,0000,0000,0,0016,0016,0000,0,000,0016,0016
958,958,0,25ecbc6469680000,fc,0,0,0016,0748,0,0000,0016,0,0016,0000,1,1,0,0,0000,0016,0000,0000,0000,0000,0,0016,0016,0000,0,000,0016,0016
959,959,0,25ecbc6469680000,fc,0,0,0016,0748,0,0000,0016,0,0016,0000,1,1,0,0,0000,0016,0000,0000,0000,0000,0,0016,0016,0000,0,000,0016,0016
960,960,0,25ecbc6469680000,fc,0,0,0016,0748,0,0000,0016,0,0016,0000,1,1,0,0,0000,0016,0000,0000,0000,0000,0,0016,0016,0000,0,000,0016,0016
961,961,0,25ecbc6469680000,fc,0,0,0016,0748,0,0000,0016,0,0016,0000,1,1,0,0,0000,0016,0000,0000,0000,0000,0,0016,0016,0000,0,000,0016,0016
962,962,0,25ecbc6469680000,fc,0,0,0016,0748,0,0000,0016,0,0016,0000,1,1,0,0,0000,0016,0000,0000,0000,0000,0,0016,0016,0000,0,000,0016,0016
963,963,0,25ecbc6469680000,fc,0,0,0016,0748,0,0000,0016,0,0016,0000,1,1,0,0,0000,0016,0000,0000,0000,0000,0,0016,0016,0000,0,000,0016,0016
964,964,0,25ecbc6469680000,fc,0,0,0016,0748,0,0000,0016,0,0016,0000,1,1,0,0,0000,0016,0000,0000,0000,0000,0,0016,0016,0000,0,000,0016,0016
965,965,0,25ecbc6469680000,fc,0,0,0016,0748,0,0000,0016,0,0016,0000,1,1,0,0,0000,0016,0000,0000,0000,0000,0,0016,0016,0000,0,000,0016,0016
966,966,0,25ecbc6469680000,fc,0,0,0016,0748,0,0000,0016,0,0016,0000,1,1,0,0,0000,0016,0000,0000,0000,0000,0,0016,0016,0000,0,000,0016,0016
967,967,0,25ecbc6469680000,fc,0,0,0016,0748,0,0000,0016,0,0016,0000,1,1,0,0,0000,0016,0000,0000,0000,0000,0,0016,0016,0000,0,000,0016,0016
968,968,0,25ecbc6469680000,fc,0,0,0016,0748,0,0000,0016,0,0016,0000,1,1,0,0,0000,0016,0000,0000,0000,0000,0,0016,0016,0000,0,000,0016,0016
969,969,0,25ecbc6469680000,fc,0,0,0016,0748,0,0000,0016,0,0016,0000,1,1,0,0,0000,0016,0000,0000,0000,0000,0,0016,0016,0000,0,000,0016,0016
970,970,0,25ecbc6469680000,fc,0,0,0016,0748,0,0000,0016,0,0016,0000,1,1,0,0,0000,0016,0000,0000,0000,0000,0,0016,0016,0000,0,000,0016,0016
971,971,0,25ecbc6469680000,fc,0,0,0016,0748,0,0000,0016,0,0016,0000,1,1,0,0,0000,0016,0000,0000,0000,0000,0,0016,0016,0000,0,000,0016,0016
972,972,0,25ecbc6469680000,fc,0,0,0016,0748,0,0000,0016,0,0016,0000,1,1,0,0,0000,0016,0000,0000,0000,0000,0,0016,0016,0000,0,000,0016,0016
973,973,0,25ecbc6469680000,fc,0,0,0016,0748,0,0000,0016,0,0016,0000,1,1,0,0,0000,0016,0000,0000,0000,0000,0,0016,0016,0000,0,000,0016,0016
974,974,0,25ecbc6469680000,fc,0,0,0016,0748,0,0000,0016,0,0016,0000,1,1,0,0,0000,0016,0000,0000,0000,0000,0,0016,0016,0000,0,000,0016,0016
975,975,0,25ecbc6469680000,fc,0,0,0016,0748,0,0000,0016,0,0016,0000,1,1,0,0,0000,0016,0000,0000,0000,0000,0,0016,0016,0000,0,000,0016,0016
976,976,0,25ecbc6469680000,fc,0,0,0016,0748,0,0000,0016,0,0016,0000,1,1,0,0,0000,0016,0000,0000,0000,0000,0,0016,0016,0000,0,000,0016,0016
977,977,0,25ecbc6469680000,fc,0,0,0016,0748,0,0000,0016,0,0016,0000,1,1,0,0,0000,0016,0000,0000,0000,0000,0,0016,0016,0000,0,000,0016,0016
978,978,0,25ecbc6469680000,fc,0,0,0016,0748,0,0000,0016,0,0016,0000,1,1,0,0,0000,0016,0000,0000,0000,0000,0,0016,0016,0000,0,000,0016,0016
979,979,0,25ecbc6469680000,fc,0,0,0016,0748,0,0000,0016,0,0016,0000,1,1,0,0,0000,0016,0000,0000,0000,0000,0,0016,0016,0000,0,000,0016,0016
980,980,0,25ecbc6469680000,fc,0,0,0016,0748,0,0000,0016,0,0016,0000,1,1,0,0,0000,0016,0000,0000,0000,0000,0,0016,0016,0000,0,000,0016,0016
981,981,0,25ecbc6469680000,fc,0,0,0016,0748,0,0000,0016,0,0016,0000,1,1,0,0,0000,0016,0000,0000,0000,0000,0,0016,0016,0000,0,000,0016,0016
982,982,0,25ecbc6469680000,fc,0,0,0016,0748,0,0000,0016,0,0016,0000,1,1,0,0,0000,0016,0000,0000,0000,0000,0,0016,0016,0000,0,000,0016,0016
983,983,0,25ecbc6469680000,fc,0,0,0016,0748,0,0000,0016,0,0016,0000,1,1,0,0,0000,0016,0000,0000,0000,0000,0,0016,0016,0000,0,000,0016,0016
984,984,0,25ecbc6469680000,fc,0,0,0016,0748,0,0000,0016,0,0016,0000,1,1,0,0,0000,0016,0000,0000,0000,0000,0,0016,0016,0000,0,000,0016,0016
985,985,0,25ecbc6469680000,fc,0,0,0016,0748,0,0000,0016,0,0016,0000,1,1,0,0,0000,0016,0000,0000,0000,0000,0,0016,0016,0000,0,000,0016,0016
986,986,0,25ecbc6469680000,fc,0,0,0016,0748,0,0000,0016,0,0016,0000,1,1,0,0,0000,0016,0000,0000,0000,0000,0,0016,0016,0000,0,000,0016,0016
987,987,0,25ecbc6469680000,fc,0,0,0016,0748,0,0000,0016,0,0016,0000,1,1,0,0,0000,0016,0000,0000,0000,0000,0,0016,0016,0000,0,000,0016,0016
988,988,0,25ecbc6469680000,fc,0,0,0016,0748,0,0000,0016,0,0016,0000,1,1,0,0,0000,0016,0000,0000,0000,0000,0,0016,0016,0000,0,000,0016,0016
989,989,0,25ecbc6469680000,fc,0,0,0016,0748,0,0000,0016,0,0016,0000,1,1,0,0,0000,0016,0000,0000,0000,0000,0,0016,0016,0000,0,000,0016,0016
990,990,0,25ecbc6469680000,fc,0,0,0016,0748,0,0000,0016,0,0016,0000,1,1,0,0,0000,0016,0000,0000,0000,0000,0,0016,0016,0000,0,000,0016,0016
991,991,0,25ecbc6469680000,fc,0,0,0016,0748,0,0000,0016,0,0016,0000,1,1,0,0,0000,0016,0000,0000,0000,0000,0,0016,0016,0000,0,000,0016,0016
992,992,0,25ecbc6469680000,fc,0,0,0016,0748,0,0000,0016,0,0016,0000,1,1,0,0,0000,0016,0000,0000,0000,0000,0,0016,0016,0000,0,000,0016,0016
993,993,0,25ecbc6469680000,fc,0,0,0016,0748,0,0000,0016,0,0016,0000,1,1,0,0,0000,0016,0000,0000,0000,0000,0,0016,0016,0000,0,000,0016,0016
994,994,0,25ecbc6469680000,fc,0,0,0016,0748,0,0000,0016,0,0016,0000,1,1,0,0,0000,0016,0000,0000,0000,0000,0,0016,0016,0000,0,000,0016,0016
995,995,0,25ecbc6469680000,fc,0,0,0016,0748,0,0000,0016,0,0016,0000,1,1,0,0,0000,0016,0000,0000,0000,0000,0,0016,0016,0000,0,000,0016,0016
996,996,0,25ecbc6469680000,fc,0,0,0016,0748,0,0000,0016,0,0016,0000,1,1,0,0,0000,0016,0000,0000,0000,0000,0,0016,0016,0000,0,000,0016,0016
997,997,0,25ecbc6469680000,fc,0,0,0016,0748,0,0000,0016,0,0016,0000,1,1,0,0,0000,0016,0000,0000,0000,0000,0,0016,0016,0000,0,000,0016,0016
998,998,0,25ecbc6469680000,fc,0,0,0016,0748,0,0000,0016,0,0016,0000,1,1,0,0,0000,0016,0000,0000,0000,0000,0,0016,0016,0000,0,000,0016,0016
999,999,0,25ecbc6469680000,fc,0,0,0016,0748,0,0000,0016,0,0016,0000,1,1,0,0,0000,0016,0000,0000,0000,0000,0,0016,0016,0000,0,000,0016,0016
1000,1000,0,25ecbc6469680000,fc,0,0,0016,0748,0,0000,0016,0,0016,0000,1,1,0,0,0000,0016,0000,0000,0000,0000,0,0016,0016,0000,0,000,0016,0016
1001,1001,0,25ecbc6469680000,fc,0,0,0016,0748,0,0000,0016,0,0016,0000,1,1,0,0,0000,0016,0000,0000,0000,0000,0,0016,0016,0000,0,000,0016,0016
1002,1002,0,25ecbc6469680000,fc,0,0,0016,0748,0,0000,0016,0,0016,0000,1,1,0,0,0000,0016,0000,0000,0000,0000,0,0016,0016,0000,0,000,0016,0016
1003,1003,0,25ecbc6469680000,fc,0,0,0016,0748,0,0000,0016,0,0016,0000,1,1,0,0,0000,0016,0000,0000,0000,0000,0,0016,0016,0000,0,000,0016,0016
1004,1004,0,25ecbc6469680000,fc,0,0,0016,0748,0,0000,0016,0,0016,0000,1,1,0,0,0000,0016,0000,0000,0000,0000,0,0016,0016,0000,0,000,0016,0016
1005,1005,0,25ecbc6469680000,fc,0,0,0016,0748,0,0000,0016,0,0016,0000,1,1,0,0,0000,0016,0000,0000,0000,0000,0,0016,0016,0000,0,000,0016,0016
1006,1006,0,25ecbc6469680000,fc,0,0,0016,0748,0,0000,0016,0,0016,0000,1,1,0,0,0000,0016,0000,0000,0000,0000,0,0016,0016,0000,0,000,0016,0016
1007,1007,0,25ecbc6469680000,fc,0,0,0016,0748,0,0000,0016,0,0016,0000,1,1,0,0,0000,0016,0000,0000,0000,0000,0,0016,0016,0000,0,000,0016,0016
1008,1008,0,25ecbc6469680000,fc,0,0,0016,0748,0,0000,0016,0,0016,0000,1,1,0,0,0000,0016,0000,0000,0000,0000,0,0016,0016,0000,0,000,0016,0016
1009,1009,0,25ecbc6469680000,fc,0,0,0016,0748,0,0000,0016,0,0016,0000,1,1,0,0,0000,0016,0000,0000,0000,0000,0,0016,0016,0000,0,000,0016,0016
1010,1010,0,25ecbc6469680000,fc,0,0,0016,0748,0,0000,0016,0,0016,0000,1,1,0,0,0000,0016,0000,0000,0000,0000,0,0016,0016,0000,0,000,0016,0016
1011,1011,0,25ecbc6469680000,fc,0,0,0016,0748,0,0000,0016,0,0016,0000,1,1,0,0,0000,0016,0000,0000,0000,0000,0,0016,0016,0000,0,000,0016,0016
1012,1012,0,25ecbc6469680000,fc,0,0,0016,0748,0,0000,0016,0,0016,0000,1,1,0,0,0000,0016,0000,0000,0000,0000,0,0016,0016,0000,0,000,0016,0016
1013,1013,0,25ecbc6469680000,fc,0,0,0016,0748,0,0000,0016,0,0016,0000,1,1,0,0,0000,0016,0000,0000,0000,0000,0,0016,0016,0000,0,000,0016,0016
1014,1014,0,25ecbc6469680000,fc,0,0,0016,0748,0,0000,0016,0,0016,0000,1,1,0,0,0000,0016,0000,0000,0000,0000,0,0016,0016,0000,0,000,0016,0016
1015,1015,0,25ecbc6469680000,fc,0,0,0016,0748,0,0000,0016,0,0016,0000,1,1,0,0,0000,0016,0000,0000,0000,0000,0,0016,0016,0000,0,000,0016,0016
1016,1016,0,25ecbc6469680000,fc,0,0,0016,0748,0,0000,0016,0,0016,0000,1,1,0,0,0000,0016,0000,0000,0000,0000,0,0016,0016,0000,0,000,0016,0016
1017,1017,0,25ecbc6469680000,fc,0,0,0016,0748,0,0000,0016,0,0016,0000,1,1,0,0,0000,0016,0000,0000,0000,0000,0,0016,0016,0000,0,000,0016,0016
1018,1018,0,25ecbc6469680000,fc,0,0,0016,0748,0,0000,0016,0,0016,0000,1,1,0,0,0000,0016,0000,0000,0000,0000,0,0016,0016,0000,0,000,0016,0016
1019,1019,0,25ecbc6469680000,fc,0,0,0016,0748,0,0000,0016,0,0016,0000,1,1,0,0,0000,0016,0000,0000,0000,0000,0,0016,0016,0000,0,000,0016,0016
1020,1020,0,25ecbc6469680000,fc,0,0,0016,0748,0,0000,0016,0,0016,0000,1,1,0,0,0000,0016,0000,0000,0000,0000,0,0016,0016,0000,0,000,0016,0016
1021,1021,0,25ecbc6469680000,fc,0,0,0016,0748,0,0000,0016,0,0016,0000,1,1,0,0,0000,0016,0000,0000,0000,0000,0,0016,0016,0000,0,000,0016,0016
1022,1022,0,25ecbc6469680000,fc,0,0,0016,0748,0,0000,0016,0,0016,0000,1,1,0,0,0000,0016,0000,0000,0000,0000,0,0016,0016,0000,0,000,0016,0016
1023,1023,0,25ecbc6469680000,fc,0,0,0016,0748,0,0000,0016,0,0016,0000,1,1,0,0,0000,0016,0000,0000,0000,0000,0,0016,0016,0000,0,000,0016,0016
1024,1024,1,25ecbc6469680000,fc,0,0,0016,0748,0,0000,0016,0,0016,0000,1,1,0,0,0000,0016,0000,0000,0000,0000,0,0016,0016,0000,0,000,0016,0016
1025,1025,0,25ecbc6469680000,fc,0,0,0016,0748,0,0000,0016,0,0016,0000,1,1,0,0,0000,0016,0000,0000,0000,0000,0,0016,0016,0000,0,000,0016,0016
1026,1026,0,25ecbc6469680000,fc,0,0,0016,0748,0,0000,0016,0,0016,0000,1,1,0,0,0000,0016,0000,0000,0000,0000,0,0016,0016,0000,0,000,0016,0016
1027,1027,0,25ecbc6469680000,fc,0,0,0016,0748,0,0000,0016,0,0016,0000,1,1,0,0,0000,0016,0000,0000,0000,0000,0,0016,0016,0000,0,000,0016,0016
1028,1028,0,25ecbc6469680000,fc,0,0,0016,0748,0,0000,0016,0,0016,0000,1,1,0,0,0000,0016,0000,0000,0000,0000,0,0016,0016,0000,0,000,0016,0016
1029,1029,0,25ecbc6469680000,fc,0,0,0016,0748,0,0000,0016,0,0016,0000,1,1,0,0,0000,0016,0000,0000,0000,0000,0,0016,0016,0000,0,000,0016,0016
1030,1030,0,25ecbc6469680000,fc,0,0,0016,0748,0,0000,0016,0,0016,0000,1,1,0,0,0000,0016,0000,0000,0000,0000,0,0016,0016,0000,0,000,0016,0016
1031,1031,0,25ecbc6469680000,fc,0,0,0016,0748,0,0000,0016,0,0016,0000,1,1,0,0,0000,0016,0000,0000,0000,0000,0,0016,0016,0000,0,000,0016,0016
1032,1032,0,25ecbc6469680000,fc,0,0,0016,0748,0,0000,0016,0,0016,0000,1,1,0,0,0000,0016,0000,0000,0000,0000,0,0016,0016,0000,0,000,0016,0016
1033,1033,0,25ecbc6469680000,fc,0,0,0016,0748,0,0000,0016,0,0016,0000,1,1,0,0,0000,0016,0000,0000,0000,0000,0,0016,0016,0000,0,000,0016,0016
1034,1034,0,25ecbc6469680000,fc,0,0,0016,0748,0,0000,0016,0,0016,0000,1,1,0,0,0000,0016,0000,0000,0000,0000,0,0016,0016,0000,0,000,0016,0016
1035,1035,0,25ecbc6469680000,fc,0,0,0016,0748,0,0000,0016,0,0016,0000,1,1,0,0,0000,0016,0000,0000,0000,0000,0,0016,0016,0000,0,000,0016,0016
1036,1036,0,25ecbc6469680000,fc,0,0,0016,0748,0,0000,0016,0,0016,0000,1,1,0,0,0000,0016,0000,0000,0000,0000,0,0016,0016,0000,0,000,0016,0016
1037,1037,0,25ecbc6469680000,fc,0,0,0016,0748,0,0000,0016,0,0016,0000,1,1,0,0,0000,0016,0000,0000,0000,0000,0,0016,0016,0000,0,000,0016,0016
1038,1038,0,25ecbc6469680000,fc,0,0,0016,0748,0,0000,0016,0,0016,0000,1,1,0,0,0000,0016,0000,0000,0000,0000,0,0016,0016,0000,0,000,0016,0016
1039,1039,0,25ecbc6469680000,fc,0,0,0016,0748,0,0000,0016,0,0016,0000,1,1,0,0,0000,0016,0000,0000,0000,0000,0,0016,0016,0000,0,000,0016,0016
1040,1040,0,25ecbc6469680000,fc,0,0,0016,0748,0,0000,0016,0,0016,0000,1,1,0,0,0000,0016,0000,0000,0000,0000,0,0016,0016,0000,0,000,0016,0016
1041,1041,0,25ecbc6469680000,fc,0,0,0016,0748,0,0000,0016,0,0016,0000,1,1,0,0,0000,0016,0000,0000,0000,0000,0,0016,0016,0000,0,000,0016,0016
1042,1042,0,25ecbc6469680000,fc,0,0,0016,0748,0,0000,0016,0,0016,0000,1,1,0,0,0000,0016,0000,0000,0000,0000,0,0016,0016,0000,0,000,0016,0016
1043,1043,0,25ecbc6469680000,fc,0,0,0016,0748,0,0000,0016,0,0016,0000,1,1,0,0,0000,0016,0000,0000,0000,0000,0,0016,0016,0000,0,000,0016,0016
1044,1044,0,25ecbc6469680000,fc,0,0,0016,0748,0,0000,0016,0,0016,0000,1,1,0,0,0000,0016,0000,0000,0000,0000,0,0016,0016,0000,0,000,0016,0016
1045,1045,0,25ecbc6469680000,fc,0,0,0016,0748,0,0000,0016,0,0016,0000,1,1,0,0,0000,0016,0000,0000,0000,0000,0,0016,0016,0000,0,000,0016,0016
1046,1046,0,25ecbc6469680000,fc,0,0,0016,0748,0,0000,0016,0,0016,0000,1,1,0,0,0000,0016,0000,0000,0000,0000,0,0016,0016,0000,0,000,0016,0016
1047,1047,0,25ecbc6469680000,fc,0,0,0016,0748,0,0000,0016,0,0016,0000,1,1,0,0,0000,0016,0000,0000,0000,0000,0,0016,0016,0000,0,000,0016,0016
1048,1048,0,25ecbc6469680000,fc,0,0,0016,0748,0,0000,0016,0,0016,0000,1,1,0,0,0000,0016,0000,0000,0000,0000,0,0016,0016,0000,0,000,0016,0016
1049,1049,0,25ecbc6469680000,fc,0,0,0016,0748,0,0000,0016,0,0016,0000,1,1,0,0,0000,0016,0000,0000,0000,0000,0,0016,0016,0000,0,000,0016,0016
1050,1050,0,25ecbc6469680000,fc,0,0,0016,0748,0,0000,0016,0,0016,0000,1,1,0,0,0000,0016,0000,0000,0000,0000,0,0016,0016,0000,0,000,0016,0016
1051,1051,0,25ecbc6469680000,fc,0,0,0016,0748,0,0000,0016,0,0016,0000,1,1,0,0,0000,0016,0000,0000,0000,0000,0,0016,0016,0000,0,000,0016,0016
1052,1052,0,25ecbc6469680000,fc,0,0,0016,0748,0,0000,0016,0,0016,0000,1,1,0,0,0000,0016,0000,0000,0000,0000,0,0016,0016,0000,0,000,0016,0016
1053,1053,0,25ecbc6469680000,fc,0,0,0016,0748,0,0000,0016,0,0016,0000,1,1,0,0,0000,0016,0000,0000,0000,0000,0,0016,0016,0000,0,000,0016,0016
1054,1054,0,25ecbc6469680000,fc,0,0,0016,0748,0,0000,0016,0,0016,0000,1,1,0,0,0000,0016,0000,0000,0000,0000,0,0016,0016,0000,0,000,0016,0016
1055,1055,0,25ecbc6469680000,fc,0,0,0016,0748,0,0000,0016,0,0016,0000,1,1,0,0,0000,0016,0000,0000,0000,0000,0,0016,0016,0000,0,000,0016,0016
1056,1056,0,25ecbc6469680000,fc,0,0,0016,0748,0,0000,0016,0,0016,0000,1,1,0,0,0000,0016,0000,0000,0000,0000,0,0016,0016,0000,0,000,0016,0016
1057,1057,0,25ecbc6469680000,fc,0,0,0016,0748,0,0000,0016,0,0016,0000,1,1,0,0,0000,0016,0000,0000,0000,0000,0,0016,0016,0000,0,000,0016,0016
1058,1058,0,25ecbc6469680000,fc,0,0,0016,0748,0,0000,0016,0,0016,0000,1,1,0,0,0000,0016,0000,0000,0000,0000,0,0016,0016,0000,0,000,0016,0016
1059,1059,0,25ecbc6469680000,fc,0,0,0016,0748,0,0000,0016,0,0016,0000,1,1,0,0,0000,0016,0000,0000,0000,0000,0,0016,0016,0000,0,000,0016,0016
1060,1060,0,25ecbc6469680000,fc,0,0,0016,0748,0,0000,0016,0,0016,0000,1,1,0,0,0000,0016,0000,0000,0000,0000,0,0016,0016,0000,0,000,0016,0016
1061,1061,0,25ecbc6469680000,fc,0,0,0016,0748,0,0000,0016,0,0016,0000,1,1,0,0,0000,0016,0000,0000,0000,0000,0,0016,0016,0000,0,000,0016,0016
1062,1062,0,25ecbc6469680000,fc,0,0,0016,0748,0,0000,0016,0,0016,0000,1,1,0,0,0000,0016,0000,0000,0000,0000,0,0016,0016,0000,0,000,0016,0016
1063,1063,0,25ecbc6469680000,fc,0,0,0016,0748,0,0000,0016,0,0016,0000,1,1,0,0,0000,0016,0000,0000,0000,0000,0,0016,0016,0000,0,000,0016,0016
1064,1064,0,25ecbc6469680000,fc,0,0,0016,0748,0,0000,0016,0,0016,0000,1,1,0,0,0000,0016,0000,0000,0000,0000,0,0016,0016,0000,0,000,0016,0016
1065,1065,0,25ecbc6469680000,fc,0,0,0016,0748,0,0000,0016,0,0016,0000,1,1,0,0,0000,0016,0000,0000,0000,0000,0,0016,0016,0000,0,000,0016,0016
1066,1066,0,25ecbc6469680000,fc,0,0,0016,0748,0,0000,0016,0,0016,0000,1,1,0,0,0000,0016,0000,0000,0000,0000,0,0016,0016,0000,0,000,0016,0016
1067,1067,0,25ecbc6469680000,fc,0,0,0016,0748,0,0000,0016,0,0016,0000,1,1,0,0,0000,0016,0000,0000,0000,0000,0,0016,0016,0000,0,000,0016,0016
1068,1068,0,25ecbc6469680000,fc,0,0,0016,0748,0,0000,0016,0,0016,0000,1,1,0,0,0000,0016,0000,0000,0000,0000,0,0016,0016,0000,0,000,0016,0016
1069,1069,0,25ecbc6469680000,fc,0,0,0016,0748,0,0000,0016,0,0016,0000,1,1,0,0,0000,0016,0000,0000,0000,0000,0,0016,0016,0000,0,000,0016,0016
1070,1070,0,25ecbc6469680000,fc,0,0,0016,0748,0,0000,0016,0,0016,0000,1,1,0,0,0000,0016,0000,0000,0000,0000,0,0016,0016,0000,0,000,0016,0016
1071,1071,0,25ecbc6469680000,fc,0,0,0016,0748,0,0000,0016,0,0016,0000,1,1,0,0,0000,0016,0000,0000,0000,0000,0,0016,0016,0000,0,000,0016,0016
1072,1072,0,25ecbc6469680000,fc,0,0,0016,0748,0,0000,0016,0,0016,0000,1,1,0,0,0000,0016,0000,0000,0000,0000,0,0016,0016,0000,0,000,0016,0016
1073,1073,0,25ecbc6469680000,fc,0,0,0016,0748,0,0000,0016,0,0016,0000,1,1,0,0,0000,0016,0000,0000,0000,0000,0,0016,0016,0000,0,000,0016,0016
1074,1074,0,25ecbc6469680000,fc,0,0,0016,0748,0,0000,0016,0,0016,0000,1,1,0,0,0000,0016,0000,0000,0000,0000,0,0016,0016,0000,0,000,0016,0016
1075,1075,0,25ecbc6469680000,fc,0,0,0016,0748,0,0000,0016,0,0016,0000,1,1,0,0,0000,0016,0000,0000,0000,0000,0,0016,0016,0000,0,000,0016,0016
1076,1076,0,25ecbc6469680000,fc,0,0,0016,0748,0,0000,0016,0,0016,0000,1,1,0,0,0000,0016,0000,0000,0000,0000,0,0016,0016,0000,0,000,0016,0016
1077,1077,0,25ecbc6469680000,fc,0,0,0016,0748,0,0000,0016,0,0016,0000,1,1,0,0,0000,0016,0000,0000,0000,0000,0,0016,0016,0000,0,000,0016,0016
1078,1078,0,25ecbc6469680000,fc,0,0,0016,0748,0,0000,0016,0,0016,0000,1,1,0,0,0000,0016,0000,0000,0000,0000,0,0016,0016,0000,0,000,0016,0016
1079,1079,0,25ecbc6469680000,fc,0,0,0016,0748,0,0000,0016,0,0016,0000,1,1,0,0,0000,0016,0000,0000,0000,0000,0,0016,0016,0000,0,000,0016,0016
1080,1080,0,25ecbc6469680000,fc,0,0,0016,0748,0,0000,0016,0,0016,0000,1,1,0,0,0000,0016,0000,0000,0000,0000,0,0016,0016,0000,0,000,0016,0016
1081,1081,0,25ecbc6469680000,fc,0,0,0016,0748,0,0000,0016,0,0016,0000,1,1,0,0,0000,0016,0000,0000,0000,0000,0,0016,0016,0000,0,000,0016,0016
1082,1082,0,25ecbc6469680000,fc,0,0,0016,0748,0,0000,0016,0,0016,0000,1,1,0,0,0000,0016,0000,0000,0000,0000,0,0016,0016,0000,0,000,0016,0016
1083,1083,0,25ecbc6469680000,fc,0,0,0016,0748,0,0000,0016,0,0016,0000,1,1,0,0,0000,0016,0000,0000,0000,0000,0,0016,0016,0000,0,000,0016,0016
1084,1084,0,25ecbc6469680000,fc,0,0,0016,0748,0,0000,0016,0,0016,0000,1,1,0,0,0000,0016,0000,0000,0000,0000,0,0016,0016,0000,0,000,0016,0016
1085,1085,0,25ecbc6469680000,fc,0,0,0016,0748,0,0000,0016,0,0016,0000,1,1,0,0,0000,0016,0000,0000,0000,0000,0,0016,0016,0000,0,000,0016,0016
1086,1086,0,25ecbc6469680000,fc,0,0,0016,0748,0,0000,0016,0,0016,0000,1,1,0,0,0000,0016,0000,0000,0000,0000,0,0016,0016,0000,0,000,0016,0016
1087,1087,0,25ecbc6469680000,fc,0,0,0016,0748,0,0000,0016,0,0016,0000,1,1,0,0,0000,0016,0000,0000,0000,0000,0,0016,0016,0000,0,000,0016,0016
1088,1088,0,25ecbc6469680000,fc,0,0,0016,0748,0,0000,0016,0,0016,0000,1,1,0,0,0000,0016,0000,0000,0000,0000,0,0016,0016,0000,0,000,0016,0016
1089,1089,0,25ecbc6469680000,fc,0,0,0016,0748,0,0000,0016,0,0016,0000,1,1,0,0,0000,0016,0000,0000,0000,0000,0,0016,0016,0000,0,000,0016,0016
1090,1090,0,25ecbc6469680000,fc,0,0,0016,0748,0,0000,0016,0,0016,0000,1,1,0,0,0000,0016,0000,0000,0000,0000,0,0016,0016,0000,0,000,0016,0016
1091,1091,0,25ecbc6469680000,fc,0,0,0016,0748,0,0000,0016,0,0016,0000,1,1,0,0,0000,0016,0000,0000,0000,0000,0,0016,0016,0000,0,000,0016,0016
1092,1092,0,25ecbc6469680000,fc,0,0,0016,0748,0,0000,0016,0,0016,0000,1,1,0,0,0000,0016,0000,0000,0000,0000,0,0016,0016,0000,0,000,0016,0016
1093,1093,0,25ecbc6469680000,fc,0,0,0016,0748,0,0000,0016,0,0016,0000,1,1,0,0,0000,0016,0000,0000,0000,0000,0,0016,0016,0000,0,000,0016,0016
1094,1094,0,25ecbc6469680000,fc,0,0,0016,0748,0,0000,0016,0,0016,0000,1,1,0,0,0000,0016,0000,0000,0000,0000,0,0016,0016,0000,0,000,0016,0016
1095,1095,0,25ecbc6469680000,fc,0,0,0016,0748,0,0000,0016,0,0016,0000,1,1,0,0,0000,0016,0000,0000,0000,0000,0,0016,0016,0000,0,000,0016,0016
1096,1096,0,25ecbc6469680000,fc,0,0,0016,0748,0,0000,0016,0,0016,0000,1,1,0,0,0000,0016,0000,0000,0000,0000,0,0016,0016,0000,0,000,0016,0016
1097,1097,0,25ecbc6469680000,fc,0,0,0016,0748,0,0000,0016,0,0016,0000,1,1,0,0,0000,0016,0000,0000,0000,0000,0,0016,0016,0000,0,000,0016,0016
1098,1098,0,25ecbc6469680000,fc,0,0,0016,0748,0,0000,0016,0,0016,0000,1,1,0,0,0000,0016,0000,0000,0000,0000,0,0016,0016,0000,0,000,0016,0016
1099,1099,0,25ecbc6469680000,fc,0,0,0016,0748,0,0000,0016,0,0016,0000,1,1,0,0,0000,0016,0000,0000,0000,0000,0,0016,0016,0000,0,000,0016,0016
1100,1100,0,25ecbc6469680000,fc,0,0,0016,0748,0,0000,0016,0,0016,0000,1,1,0,0,0000,0016,0000,0000,0000,0000,0,0016,0016,0000,0,000,0016,0016
1101,1101,0,25ecbc6469680000,fc,0,0,0016,0748,0,0000,0016,0,0016,0000,1,1,0,0,0000,0016,0000,0000,0000,0000,0,0016,0016,0000,0,000,0016,0016
1102,1102,0,25ecbc6469680000,fc,0,0,0016,0748,0,0000,0016,0,0016,0000,1,1,0,0,0000,0016,0000,0000,0000,0000,0,0016,0016,0000,0,000,0016,0016
1103,1103,0,25ecbc6469680000,fc,0,0,0016,0748,0,0000,0016,0,0016,0000,1,1,0,0,0000,0016,0000,0000,0000,0000,0,0016,0016,0000,0,000,0016,0016
1104,1104,0,25ecbc6469680000,fc,0,0,0016,0748,0,0000,0016,0,0016,0000,1,1,0,0,0000,0016,0000,0000,0000,0000,0,0016,0016,0000,0,000,0016,0016
1105,1105,0,25ecbc6469680000,fc,0,0,0016,0748,0,0000,0016,0,0016,0000,1,1,0,0,0000,0016,0000,0000,0000,0000,0,0016,0016,0000,0,000,0016,0016
1106,1106,0,25ecbc6469680000,fc,0,0,0016,0748,0,0000,0016,0,0016,0000,1,1,0,0,0000,0016,0000,0000,0000,0000,0,0016,0016,0000,0,000,0016,0016
1107,1107,0,25ecbc6469680000,fc,0,0,0016,0748,0,0000,0016,0,0016,0000,1,1,0,0,0000,0016,0000,0000,0000,0000,0,0016,0016,0000,0,000,0016,0016
1108,1108,0,25ecbc6469680000,fc,0,0,0016,0748,0,0000,0016,0,0016,0000,1,1,0,0,0000,0016,0000,0000,0000,0000,0,0016,0016,0000,0,000,0016,0016
1109,1109,0,25ecbc6469680000,fc,0,0,0016,0748,0,0000,0016,0,0016,0000,1,1,0,0,0000,0016,0000,0000,0000,0000,0,0016,0016,0000,0,000,0016,0016
1110,1110,0,25ecbc6469680000,fc,0,0,0016,0748,0,0000,0016,0,0016,0000,1,1,0,0,0000,0016,0000,0000,0000,0000,0,0016,0016,0000,0,000,0016,0016
1111,1111,0,25ecbc6469680000,fc,0,0,0016,0748,0,0000,0016,0,0016,0000,1,1,0,0,0000,0016,0000,0000,0000,0000,0,0016,0016,0000,0,000,0016,0016
1112,1112,0,25ecbc6469680000,fc,0,0,0016,0748,0,0000,0016,0,0016,0000,1,1,0,0,0000,0016,0000,0000,0000,0000,0,0016,0016,0000,0,000,0016,0016
1113,1113,0,25ecbc6469680000,fc,0,0,0016,0748,0,0000,0016,0,0016,0000,1,1,0,0,0000,0016,0000,0000,0000,0000,0,0016,0016,0000,0,000,0016,0016
1114,1114,0,25ecbc6469680000,fc,0,0,0016,0748,0,0000,0016,0,0016,0000,1,1,0,0,0000,0016,0000,0000,0000,0000,0,0016,0016,0000,0,000,0016,0016
1115,1115,0,25ecbc6469680000,fc,0,0,0016,0748,0,0000,0016,0,0016,0000,1,1,0,0,0000,0016,0000,0000,0000,0000,0,0016,0016,0000,0,000,0016,0016
1116,1116,0,25ecbc6469680000,fc,0,0,0016,0748,0,0000,0016,0,0016,0000,1,1,0,0,0000,0016,0000,0000,0000,0000,0,0016,0016,0000,0,000,0016,0016
1117,1117,0,25ecbc6469680000,fc,0,0,0016,0748,0,0000,0016,0,0016,0000,1,1,0,0,0000,0016,0000,0000,0000,0000,0,0016,0016,0000,0,000,0016,0016
1118,1118,0,25ecbc6469680000,fc,0,0,0016,0748,0,0000,0016,0,0016,0000,1,1,0,0,0000,0016,0000,0000,0000,0000,0,0016,0016,0000,0,000,0016,0016
1119,1119,0,25ecbc6469680000,fc,0,0,0016,0748,0,0000,0016,0,0016,0000,1,1,0,0,0000,0016,0000,0000,0000,0000,0,0016,0016,0000,0,000,0016,0016
1120,1120,0,25ecbc6469680000,fc,0,0,0016,0748,0,0000,0016,0,0016,0000,1,1,0,0,0000,0016,0000,0000,0000,0000,0,0016,0016,0000,0,000,0016,0016
1121,1121,0,25ecbc6469680000,fc,0,0,0016,0748,0,0000,0016,0,0016,0000,1,1,0,0,0000,0016,0000,0000,0000,0000,0,0016,0016,0000,0,000,0016,0016
1122,1122,0,25ecbc6469680000,fc,0,0,0016,0748,0,0000,0016,0,0016,0000,1,1,0,0,0000,0016,0000,0000,0000,0000,0,0016,0016,0000,0,000,0016,0016
1123,1123,0,25ecbc6469680000,fc,0,0,0016,0748,0,0000,0016,0,0016,0000,1,1,0,0,0000,0016,0000,0000,0000,0000,0,0016,0016,0000,0,000,0016,0016
1124,1124,0,25ecbc6469680000,fc,0,0,0016,0748,0,0000,0016,0,0016,0000,1,1,0,0,0000,0016,0000,0000,0000,0000,0,0016,0016,0000,0,000,0016,0016
1125,1125,0,25ecbc6469680000,fc,0,0,0016,0748,0,0000,0016,0,0016,0000,1,1,0,0,0000,0016,0000,0000,0000,0000,0,0016,0016,0000,0,000,0016,0016
1126,1126,0,25ecbc6469680000,fc,0,0,0016,0748,0,0000,0016,0,0016,0000,1,1,0,0,0000,0016,0000,0000,0000,0000,0,0016,0016,0000,0,000,0016,0016
1127,1127,0,25ecbc6469680000,fc,0,0,0016,0748,0,0000,0016,0,0016,0000,1,1,0,0,0000,0016,0000,0000,0000,0000,0,0016,0016,0000,0,000,0016,0016
1128,1128,0,25ecbc6469680000,fc,0,0,0016,0748,0,0000,0016,0,0016,0000,1,1,0,0,0000,0016,0000,0000,0000,0000,0,0016,0016,0000,0,000,0016,0016
1129,1129,0,25ecbc6469680000,fc,0,0,0016,0748,0,0000,0016,0,0016,0000,1,1,0,0,0000,0016,0000,0000,0000,0000,0,0016,0016,0000,0,000,0016,0016
1130,1130,0,25ecbc6469680000,fc,0,0,0016,0748,0,0000,0016,0,0016,0000,1,1,0,0,0000,0016,0000,0000,0000,0000,0,0016,0016,0000,0,000,0016,0016
1131,1131,0,25ecbc6469680000,fc,0,0,0016,0748,0,0000,0016,0,0016,0000,1,1,0,0,0000,0016,0000,0000,0000,0000,0,0016,0016,0000,0,000,0016,0016
1132,1132,0,25ecbc6469680000,fc,0,0,0016,0748,0,0000,0016,0,0016,0000,1,1,0,0,0000,0016,0000,0000,0000,0000,0,0016,0016,0000,0,000,0016,0016
1133,1133,0,25ecbc6469680000,fc,0,0,0016,0748,0,0000,0016,0,0016,0000,1,1,0,0,0000,0016,0000,0000,0000,0000,0,0016,0016,0000,0,000,0016,0016
1134,1134,0,25ecbc6469680000,fc,0,0,0016,0748,0,0000,0016,0,0016,0000,1,1,0,0,0000,0016,0000,0000,0000,0000,0,0016,0016,0000,0,000,0016,0016
1135,1135,0,25ecbc6469680000,fc,0,0,0016,0748,0,0000,0016,0,0016,0000,1,1,0,0,0000,0016,0000,0000,0000,0000,0,0016,0016,0000,0,000,0016,0016
1136,1136,0,25ecbc6469680000,fc,0,0,0016,0748,0,0000,0016,0,0016,0000,1,1,0,0,0000,0016,0000,0000,0000,0000,0,0016,0016,0000,0,000,0016,0016
1137,1137,0,25ecbc6469680000,fc,0,0,0016,0748,0,0000,0016,0,0016,0000,1,1,0,0,0000,0016,0000,0000,0000,0000,0,0016,0016,0000,0,000,0016,0016
1138,1138,0,25ecbc6469680000,fc,0,0,0016,0748,0,0000,0016,0,0016,0000,1,1,0,0,0000,0016,0000,0000,0000,0000,0,0016,0016,0000,0,000,0016,0016
1139,1139,0,25ecbc6469680000,fc,0,0,0016,0748,0,0000,0016,0,0016,0000,1,1,0,0,0000,0016,0000,0000,0000,0000,0,0016,0016,0000,0,000,0016,0016
1140,1140,0,25ecbc6469680000,fc,0,0,0016,0748,0,0000,0016,0,0016,0000,1,1,0,0,0000,0016,0000,0000,0000,0000,0,0016,0016,0000,0,000,0016,0016
1141,1141,0,25ecbc6469680000,fc,0,0,0016,0748,0,0000,0016,0,0016,0000,1,1,0,0,0000,0016,0000,0000,0000,0000,0,0016,0016,0000,0,000,0016,0016
1142,1142,0,25ecbc6469680000,fc,0,0,0016,0748,0,0000,0016,0,0016,0000,1,1,0,0,0000,0016,0000,0000,0000,0000,0,0016,0016,0000,0,000,0016,0016
1143,1143,0,25ecbc6469680000,fc,0,0,0016,0748,0,0000,0016,0,0016,0000,1,1,0,0,0000,0016,0000,0000,0000,0000,0,0016,0016,0000,0,000,0016,0016
1144,1144,0,25ecbc6469680000,fc,0,0,0016,0748,0,0000,0016,0,0016,0000,1,1,0,0,0000,0016,0000,0000,0000,0000,0,0016,0016,0000,0,000,0016,0016
1145,1145,0,25ecbc6469680000,fc,0,0,0016,0748,0,0000,0016,0,0016,0000,1,1,0,0,0000,0016,0000,0000,0000,0000,0,0016,0016,0000,0,000,0016,0016
1146,1146,0,25ecbc6469680000,fc,0,0,0016,0748,0,0000,0016,0,0016,0000,1,1,0,0,0000,0016,0000,0000,0000,0000,0,0016,0016,0000,0,000,0016,0016
1147,1147,0,25ecbc6469680000,fc,0,0,0016,0748,0,0000,0016,0,0016,0000,1,1,0,0,0000,0016,0000,0000,0000,0000,0,0016,0016,0000,0,000,0016,0016
1148,1148,0,25ecbc6469680000,fc,0,0,0016,0748,0,0000,0016,0,0016,0000,1,1,0,0,0000,0016,0000,0000,0000,0000,0,0016,0016,0000,0,000,0016,0016
1149,1149,0,25ecbc6469680000,fc,0,0,0016,0748,0,0000,0016,0,0016,0000,1,1,0,0,0000,0016,0000,0000,0000,0000,0,0016,0016,0000,0,000,0016,0016
1150,1150,0,25ecbc6469680000,fc,0,0,0016,0748,0,0000,0016,0,0016,0000,1,1,0,0,0000,0016,0000,0000,0000,0000,0,0016,0016,0000,0,000,0016,0016
1151,1151,0,25ecbc6469680000,fc,0,0,0016,0748,0,0000,0016,0,0016,0000,1,1,0,0,0000,0016,0000,0000,0000,0000,0,0016,0016,0000,0,000,0016,0016
1152,1152,0,25ecbc6469680000,fc,0,0,0016,0748,0,0000,0016,0,0016,0000,1,1,0,0,0000,0016,0000,0000,0000,0000,0,0016,0016,0000,0,000,0016,0016
1153,1153,0,25ecbc6469680000,fc,0,0,0016,0748,0,0000,0016,0,0016,0000,1,1,0,0,0000,0016,0000,0000,0000,0000,0,0016,0016,0000,0,000,0016,0016
1154,1154,0,25ecbc6469680000,fc,0,0,0016,0748,0,0000,0016,0,0016,0000,1,1,0,0,0000,0016,0000,0000,0000,0000,0,0016,0016,0000,0,000,0016,0016
1155,1155,0,25ecbc6469680000,fc,0,0,0016,0748,0,0000,0016,0,0016,0000,1,1,0,0,0000,0016,0000,0000,0000,0000,0,0016,0016,0000,0,000,0016,0016
1156,1156,0,25ecbc6469680000,fc,0,0,0016,0748,0,0000,0016,0,0016,0000,1,1,0,0,0000,0016,0000,0000,0000,0000,0,0016,0016,0000,0,000,0016,0016
1157,1157,0,25ecbc6469680000,fc,0,0,0016,0748,0,0000,0016,0,0016,0000,1,1,0,0,0000,0016,0000,0000,0000,0000,0,0016,0016,0000,0,000,0016,0016
1158,1158,0,25ecbc6469680000,fc,0,0,0016,0748,0,0000,0016,0,0016,0000,1,1,0,0,0000,0016,0000,0000,0000,0000,0,0016,0016,0000,0,000,0016,0016
1159,1159,0,25ecbc6469680000,fc,0,0,0016,0748,0,0000,0016,0,0016,0000,1,1,0,0,0000,0016,0000,0000,0000,0000,0,0016,0016,0000,0,000,0016,0016
1160,1160,0,25ecbc6469680000,fc,0,0,0016,0748,0,0000,0016,0,0016,0000,1,1,0,0,0000,0016,0000,0000,0000,0000,0,0016,0016,0000,0,000,0016,0016
1161,1161,0,25ecbc6469680000,fc,0,0,0016,0748,0,0000,0016,0,0016,0000,1,1,0,0,0000,0016,0000,0000,0000,0000,0,0016,0016,0000,0,000,0016,0016
1162,1162,0,25ecbc6469680000,fc,0,0,0016,0748,0,0000,0016,0,0016,0000,1,1,0,0,0000,0016,0000,0000,0000,0000,0,0016,0016,0000,0,000,0016,0016
1163,1163,0,25ecbc6469680000,fc,0,0,0016,0748,0,0000,0016,0,0016,0000,1,1,0,0,0000,0016,0000,0000,0000,0000,0,0016,0016,0000,0,000,0016,0016
1164,1164,0,25ecbc6469680000,fc,0,0,0016,0748,0,0000,0016,0,0016,0000,1,1,0,0,0000,0016,0000,0000,0000,0000,0,0016,0016,0000,0,000,0016,0016
1165,1165,0,25ecbc6469680000,fc,0,0,0016,0748,0,0000,0016,0,0016,0000,1,1,0,0,0000,0016,0000,0000,0000,0000,0,0016,0016,0000,0,000,0016,0016
1166,1166,0,25ecbc6469680000,fc,0,0,0016,0748,0,0000,0016,0,0016,0000,1,1,0,0,0000,0016,0000,0000,0000,0000,0,0016,0016,0000,0,000,0016,0016
1167,1167,0,25ecbc6469680000,fc,0,0,0016,0748,0,0000,0016,0,0016,0000,1,1,0,0,0000,0016,0000,0000,0000,0000,0,0016,0016,0000,0,000,0016,0016
1168,1168,0,25ecbc6469680000,fc,0,0,0016,0748,0,0000,0016,0,0016,0000,1,1,0,0,0000,0016,0000,0000,0000,0000,0,0016,0016,0000,0,000,0016,0016
1169,1169,0,25ecbc6469680000,fc,0,0,0016,0748,0,0000,0016,0,0016,0000,1,1,0,0,0000,0016,0000,0000,0000,0000,0,0016,0016,0000,0,000,0016,0016
1170,1170,0,25ecbc6469680000,fc,0,0,0016,0748,0,0000,0016,0,0016,0000,1,1,0,0,0000,0016,0000,0000,0000,0000,0,0016,0016,0000,0,000,0016,0016
1171,1171,0,25ecbc6469680000,fc,0,0,0016,0748,0,0000,0016,0,0016,0000,1,1,0,0,0000,0016,0000,0000,0000,0000,0,0016,0016,0000,0,000,0016,0016
1172,1172,0,25ecbc6469680000,fc,0,0,0016,0748,0,0000,0016,0,0016,0000,1,1,0,0,0000,0016,0000,0000,0000,0000,0,0016,0016,0000,0,000,0016,0016
1173,1173,0,25ecbc6469680000,fc,0,0,0016,0748,0,0000,0016,0,0016,0000,1,1,0,0,0000,0016,0000,0000,0000,0000,0,0016,0016,0000,0,000,0016,0016
1174,1174,0,25ecbc6469680000,fc,0,0,0016,0748,0,0000,0016,0,0016,0000,1,1,0,0,0000,0016,0000,0000,0000,0000,0,0016,0016,0000,0,000,0016,0016
1175,1175,0,25ecbc6469680000,fc,0,0,0016,0748,0,0000,0016,0,0016,0000,1,1,0,0,0000,0016,0000,0000,0000,0000,0,0016,0016,0000,0,000,0016,0016
1176,1176,0,25ecbc6469680000,fc,0,0,0016,0748,0,0000,0016,0,0016,0000,1,1,0,0,0000,0016,0000,0000,0000,0000,0,0016,0016,0000,0,000,0016,0016
1177,1177,0,25ecbc6469680000,fc,0,0,0016,0748,0,0000,0016,0,0016,0000,1,1,0,0,0000,0016,0000,0000,0000,0000,0,0016,0016,0000,0,000,0016,0016
1178,1178,0,25ecbc6469680000,fc,0,0,0016,0748,0,0000,0016,0,0016,0000,1,1,0,0,0000,0016,0000,0000,0000,0000,0,0016,0016,0000,0,000,0016,0016
1179,1179,0,25ecbc6469680000,fc,0,0,0016,0748,0,0000,0016,0,0016,0000,1,1,0,0,0000,0016,0000,0000,0000,0000,0,0016,0016,0000,0,000,0016,0016
1180,1180,0,25ecbc6469680000,fc,0,0,0016,0748,0,0000,0016,0,0016,0000,1,1,0,0,0000,0016,0000,0000,0000,0000,0,0016,0016,0000,0,000,0016,0016
1181,1181,0,25ecbc6469680000,fc,0,0,0016,0748,0,0000,0016,0,0016,0000,1,1,0,0,0000,0016,0000,0000,0000,0000,0,0016,0016,0000,0,000,0016,0016
1182,1182,0,25ecbc6469680000,fc,0,0,0016,0748,0,0000,0016,0,0016,0000,1,1,0,0,0000,0016,0000,0000,0000,0000,0,0016,0016,0000,0,000,0016,0016
1183,1183,0,25ecbc6469680000,fc,0,0,0016,0748,0,0000,0016,0,0016,0000,1,1,0,0,0000,0016,0000,0000,0000,0000,0,0016,0016,0000,0,000,0016,0016
1184,1184,0,25ecbc6469680000,fc,0,0,0016,0748,0,0000,0016,0,0016,0000,1,1,0,0,0000,0016,0000,0000,0000,0000,0,0016,0016,0000,0,000,0016,0016
1185,1185,0,25ecbc6469680000,fc,0,0,0016,0748,0,0000,0016,0,0016,0000,1,1,0,0,0000,0016,0000,0000,0000,0000,0,0016,0016,0000,0,000,0016,0016
1186,1186,0,25ecbc6469680000,fc,0,0,0016,0748,0,0000,0016,0,0016,0000,1,1,0,0,0000,0016,0000,0000,0000,0000,0,0016,0016,0000,0,000,0016,0016
1187,1187,0,25ecbc6469680000,fc,0,0,0016,0748,0,0000,0016,0,0016,0000,1,1,0,0,0000,0016,0000,0000,0000,0000,0,0016,0016,0000,0,000,0016,0016
1188,1188,0,25ecbc6469680000,fc,0,0,0016,0748,0,0000,0016,0,0016,0000,1,1,0,0,0000,0016,0000,0000,0000,0000,0,0016,0016,0000,0,000,0016,0016
1189,1189,0,25ecbc6469680000,fc,0,0,0016,0748,0,0000,0016,0,0016,0000,1,1,0,0,0000,0016,0000,0000,0000,0000,0,0016,0016,0000,0,000,0016,0016
1190,1190,0,25ecbc6469680000,fc,0,0,0016,0748,0,0000,0016,0,0016,0000,1,1,0,0,0000,0016,0000,0000,0000,0000,0,0016,0016,0000,0,000,0016,0016
1191,1191,0,25ecbc6469680000,fc,0,0,0016,0748,0,0000,0016,0,0016,0000,1,1,0,0,0000,0016,0000,0000,0000,0000,0,0016,0016,0000,0,000,0016,0016
1192,1192,0,25ecbc6469680000,fc,0,0,0016,0748,0,0000,0016,0,0016,0000,1,1,0,0,0000,0016,0000,0000,0000,0000,0,0016,0016,0000,0,000,0016,0016
1193,1193,0,25ecbc6469680000,fc,0,0,0016,0748,0,0000,0016,0,0016,0000,1,1,0,0,0000,0016,0000,0000,0000,0000,0,0016,0016,0000,0,000,0016,0016
1194,1194,0,25ecbc6469680000,fc,0,0,0016,0748,0,0000,0016,0,0016,0000,1,1,0,0,0000,0016,0000,0000,0000,0000,0,0016,0016,0000,0,000,0016,0016
1195,1195,0,25ecbc6469680000,fc,0,0,0016,0748,0,0000,0016,0,0016,0000,1,1,0,0,0000,0016,0000,0000,0000,0000,0,0016,0016,0000,0,000,0016,0016
1196,1196,0,25ecbc6469680000,fc,0,0,0016,0748,0,0000,0016,0,0016,0000,1,1,0,0,0000,0016,0000,0000,0000,0000,0,0016,0016,0000,0,000,0016,0016
1197,1197,0,25ecbc6469680000,fc,0,0,0016,0748,0,0000,0016,0,0016,0000,1,1,0,0,0000,0016,0000,0000,0000,0000,0,0016,0016,0000,0,000,0016,0016
1198,1198,0,25ecbc6469680000,fc,0,0,0016,0748,0,0000,0016,0,0016,0000,1,1,0,0,0000,0016,0000,0000,0000,0000,0,0016,0016,0000,0,000,0016,0016
1199,1199,0,25ecbc6469680000,fc,0,0,0016,0748,0,0000,0016,0,0016,0000,1,1,0,0,0000,0016,0000,0000,0000,0000,0,0016,0016,0000,0,000,0016,0016
1200,1200,0,25ecbc6469680000,fc,0,0,0016,0748,0,0000,0016,0,0016,0000,1,1,0,0,0000,0016,0000,0000,0000,0000,0,0016,0016,0000,0,000,0016,0016
1201,1201,0,25ecbc6469680000,fc,0,0,0016,0748,0,0000,0016,0,0016,0000,1,1,0,0,0000,0016,0000,0000,0000,0000,0,0016,0016,0000,0,000,0016,0016
1202,1202,0,25ecbc6469680000,fc,0,0,0016,0748,0,0000,0016,0,0016,0000,1,1,0,0,0000,0016,0000,0000,0000,0000,0,0016,0016,0000,0,000,0016,0016
1203,1203,0,25ecbc6469680000,fc,0,0,0016,0748,0,0000,0016,0,0016,0000,1,1,0,0,0000,0016,0000,0000,0000,0000,0,0016,0016,0000,0,000,0016,0016
1204,1204,0,25ecbc6469680000,fc,0,0,0016,0748,0,0000,0016,0,0016,0000,1,1,0,0,0000,0016,0000,0000,0000,0000,0,0016,0016,0000,0,000,0016,0016
1205,1205,0,25ecbc6469680000,fc,0,0,0016,0748,0,0000,0016,0,0016,0000,1,1,0,0,0000,0016,0000,0000,0000,0000,0,0016,0016,0000,0,000,0016,0016
1206,1206,0,25ecbc6469680000,fc,0,0,0016,0748,0,0000,0016,0,0016,0000,1,1,0,0,0000,0016,0000,0000,0000,0000,0,0016,0016,0000,0,000,0016,0016
1207,1207,0,25ecbc6469680000,fc,0,0,0016,0748,0,0000,0016,0,0016,0000,1,1,0,0,0000,0016,0000,0000,0000,0000,0,0016,0016,0000,0,000,0016,0016
1208,1208,0,25ecbc6469680000,fc,0,0,0016,0748,0,0000,0016,0,0016,0000,1,1,0,0,0000,0016,0000,0000,0000,0000,0,0016,0016,0000,0,000,0016,0016
1209,1209,0,25ecbc6469680000,fc,0,0,0016,0748,0,0000,0016,0,0016,0000,1,1,0,0,0000,0016,0000,0000,0000,0000,0,0016,0016,0000,0,000,0016,0016
1210,1210,0,25ecbc6469680000,fc,0,0,0016,0748,0,0000,0016,0,0016,0000,1,1,0,0,0000,0016,0000,0000,0000,0000,0,0016,0016,0000,0,000,0016,0016
1211,1211,0,25ecbc6469680000,fc,0,0,0016,0748,0,0000,0016,0,0016,0000,1,1,0,0,0000,0016,0000,0000,0000,0000,0,0016,0016,0000,0,000,0016,0016
1212,1212,0,25ecbc6469680000,fc,0,0,0016,0748,0,0000,0016,0,0016,0000,1,1,0,0,0000,0016,0000,0000,0000,0000,0,0016,0016,0000,0,000,0016,0016
1213,1213,0,25ecbc6469680000,fc,0,0,0016,0748,0,0000,0016,0,0016,0000,1,1,0,0,0000,0016,0000,0000,0000,0000,0,0016,0016,0000,0,000,0016,0016
1214,1214,0,25ecbc6469680000,fc,0,0,0016,0748,0,0000,0016,0,0016,0000,1,1,0,0,0000,0016,0000,0000,0000,0000,0,0016,0016,0000,0,000,0016,0016
1215,1215,0,25ecbc6469680000,fc,0,0,0016,0748,0,0000,0016,0,0016,0000,1,1,0,0,0000,0016,0000,0000,0000,0000,0,0016,0016,0000,0,000,0016,0016
1216,1216,0,25ecbc6469680000,fc,0,0,0016,0748,0,0000,0016,0,0016,0000,1,1,0,0,0000,0016,0000,0000,0000,0000,0,0016,0016,0000,0,000,0016,0016
1217,1217,0,25ecbc6469680000,fc,0,0,0016,0748,0,0000,0016,0,0016,0000,1,1,0,0,0000,0016,0000,0000,0000,0000,0,0016,0016,0000,0,000,0016,0016
1218,1218,0,25ecbc6469680000,fc,0,0,0016,0748,0,0000,0016,0,0016,0000,1,1,0,0,0000,0016,0000,0000,0000,0000,0,0016,0016,0000,0,000,0016,0016
1219,1219,0,25ecbc6469680000,fc,0,0,0016,0748,0,0000,0016,0,0016,0000,1,1,0,0,0000,0016,0000,0000,0000,0000,0,0016,0016,0000,0,000,0016,0016
1220,1220,0,25ecbc6469680000,fc,0,0,0016,0748,0,0000,0016,0,0016,0000,1,1,0,0,0000,0016,0000,0000,0000,0000,0,0016,0016,0000,0,000,0016,0016
1221,1221,0,25ecbc6469680000,fc,0,0,0016,0748,0,0000,0016,0,0016,0000,1,1,0,0,0000,0016,0000,0000,0000,0000,0,0016,0016,0000,0,000,0016,0016
1222,1222,0,25ecbc6469680000,fc,0,0,0016,0748,0,0000,0016,0,0016,0000,1,1,0,0,0000,0016,0000,0000,0000,0000,0,0016,0016,0000,0,000,0016,0016
1223,1223,0,25ecbc6469680000,fc,0,0,0016,0748,0,0000,0016,0,0016,0000,1,1,0,0,0000,0016,0000,0000,0000,0000,0,0016,0016,0000,0,000,0016,0016
1224,1224,0,25ecbc6469680000,fc,0,0,0016,0748,0,0000,0016,0,0016,0000,1,1,0,0,0000,0016,0000,0000,0000,0000,0,0016,0016,0000,0,000,0016,0016
1225,1225,0,25ecbc6469680000,fc,0,0,0016,0748,0,0000,0016,0,0016,0000,1,1,0,0,0000,0016,0000,0000,0000,0000,0,0016,0016,0000,0,000,0016,0016
1226,1226,0,25ecbc6469680000,fc,0,0,0016,0748,0,0000,0016,0,0016,0000,1,1,0,0,0000,0016,0000,0000,0000,0000,0,0016,0016,0000,0,000,0016,0016
1227,1227,0,25ecbc6469680000,fc,0,0,0016,0748,0,0000,0016,0,0016,0000,1,1,0,0,0000,0016,0000,0000,0000,0000,0,0016,0016,0000,0,000,0016,0016
1228,1228,0,25ecbc6469680000,fc,0,0,0016,0748,0,0000,0016,0,0016,0000,1,1,0,0,0000,0016,0000,0000,0000,0000,0,0016,0016,0000,0,000,0016,0016
1229,1229,0,25ecbc6469680000,fc,0,0,0016,0748,0,0000,0016,0,0016,0000,1,1,0,0,0000,0016,0000,0000,0000,0000,0,0016,0016,0000,0,000,0016,0016
1230,1230,0,25ecbc6469680000,fc,0,0,0016,0748,0,0000,0016,0,0016,0000,1,1,0,0,0000,0016,0000,0000,0000,0000,0,0016,0016,0000,0,000,0016,0016
1231,1231,0,25ecbc6469680000,fc,0,0,0016,0748,0,0000,0016,0,0016,0000,1,1,0,0,0000,0016,0000,0000,0000,0000,0,0016,0016,0000,0,000,0016,0016
1232,1232,0,25ecbc6469680000,fc,0,0,0016,0748,0,0000,0016,0,0016,0000,1,1,0,0,0000,0016,0000,0000,0000,0000,0,0016,0016,0000,0,000,0016,0016
1233,1233,0,25ecbc6469680000,fc,0,0,0016,0748,0,0000,0016,0,0016,0000,1,1,0,0,0000,0016,0000,0000,0000,0000,0,0016,0016,0000,0,000,0016,0016
1234,1234,0,25ecbc6469680000,fc,0,0,0016,0748,0,0000,0016,0,0016,0000,1,1,0,0,0000,0016,0000,0000,0000,0000,0,0016,0016,0000,0,000,0016,0016
1235,1235,0,25ecbc6469680000,fc,0,0,0016,0748,0,0000,0016,0,0016,0000,1,1,0,0,0000,0016,0000,0000,0000,0000,0,0016,0016,0000,0,000,0016,0016
1236,1236,0,25ecbc6469680000,fc,0,0,0016,0748,0,0000,0016,0,0016,0000,1,1,0,0,0000,0016,0000,0000,0000,0000,0,0016,0016,0000,0,000,0016,0016
1237,1237,0,25ecbc6469680000,fc,0,0,0016,0748,0,0000,0016,0,0016,0000,1,1,0,0,0000,0016,0000,0000,0000,0000,0,0016,0016,0000,0,000,0016,0016
1238,1238,0,25ecbc6469680000,fc,0,0,0016,0748,0,0000,0016,0,0016,0000,1,1,0,0,0000,0016,0000,0000,0000,0000,0,0016,0016,0000,0,000,0016,0016
1239,1239,0,25ecbc6469680000,fc,0,0,0016,0748,0,0000,0016,0,0016,0000,1,1,0,0,0000,0016,0000,0000,0000,0000,0,0016,0016,0000,0,000,0016,0016
1240,1240,0,25ecbc6469680000,fc,0,0,0016,0748,0,0000,0016,0,0016,0000,1,1,0,0,0000,0016,0000,0000,0000,0000,0,0016,0016,0000,0,000,0016,0016
1241,1241,0,25ecbc6469680000,fc,0,0,0016,0748,0,0000,0016,0,0016,0000,1,1,0,0,0000,0016,0000,0000,0000,0000,0,0016,0016,0000,0,000,0016,0016
1242,1242,0,25ecbc6469680000,fc,0,0,0016,0748,0,0000,0016,0,0016,0000,1,1,0,0,0000,0016,0000,0000,0000,0000,0,0016,0016,0000,0,000,0016,0016
1243,1243,0,25ecbc6469680000,fc,0,0,0016,0748,0,0000,0016,0,0016,0000,1,1,0,0,0000,0016,0000,0000,0000,0000,0,0016,0016,0000,0,000,0016,0016
1244,1244,0,25ecbc6469680000,fc,0,0,0016,0748,0,0000,0016,0,0016,0000,1,1,0,0,0000,0016,0000,0000,0000,0000,0,0016,0016,0000,0,000,0016,0016
1245,1245,0,25ecbc6469680000,fc,0,0,0016,0748,0,0000,0016,0,0016,0000,1,1,0,0,0000,0016,0000,0000,0000,0000,0,0016,0016,0000,0,000,0016,0016
1246,1246,0,25ecbc6469680000,fc,0,0,0016,0748,0,0000,0016,0,0016,0000,1,1,0,0,0000,0016,0000,0000,0000,0000,0,0016,0016,0000,0,000,0016,0016
1247,1247,0,25ecbc6469680000,fc,0,0,0016,0748,0,0000,0016,0,0016,0000,1,1,0,0,0000,0016,0000,0000,0000,0000,0,0016,0016,0000,0,000,0016,0016
1248,1248,0,25ecbc6469680000,fc,0,0,0016,0748,0,0000,0016,0,0016,0000,1,1,0,0,0000,0016,0000,0000,0000,0000,0,0016,0016,0000,0,000,0016,0016
1249,1249,0,25ecbc6469680000,fc,0,0,0016,0748,0,0000,0016,0,0016,0000,1,1,0,0,0000,0016,0000,0000,0000,0000,0,0016,0016,0000,0,000,0016,0016
1250,1250,0,25ecbc6469680000,fc,0,0,0016,0748,0,0000,0016,0,0016,0000,1,1,0,0,0000,0016,0000,0000,0000,0000,0,0016,0016,0000,0,000,0016,0016
1251,1251,0,25ecbc6469680000,fc,0,0,0016,0748,0,0000,0016,0,0016,0000,1,1,0,0,0000,0016,0000,0000,0000,0000,0,0016,0016,0000,0,000,0016,0016
1252,1252,0,25ecbc6469680000,fc,0,0,0016,0748,0,0000,0016,0,0016,0000,1,1,0,0,0000,0016,0000,0000,0000,0000,0,0016,0016,0000,0,000,0016,0016
1253,1253,0,25ecbc6469680000,fc,0,0,0016,0748,0,0000,0016,0,0016,0000,1,1,0,0,0000,0016,0000,0000,0000,0000,0,0016,0016,0000,0,000,0016,0016
1254,1254,0,25ecbc6469680000,fc,0,0,0016,0748,0,0000,0016,0,0016,0000,1,1,0,0,0000,0016,0000,0000,0000,0000,0,0016,0016,0000,0,000,0016,0016
1255,1255,0,25ecbc6469680000,fc,0,0,0016,0748,0,0000,0016,0,0016,0000,1,1,0,0,0000,0016,0000,0000,0000,0000,0,0016,0016,0000,0,000,0016,0016
1256,1256,0,25ecbc6469680000,fc,0,0,0016,0748,0,0000,0016,0,0016,0000,1,1,0,0,0000,0016,0000,0000,0000,0000,0,0016,0016,0000,0,000,0016,0016
1257,1257,0,25ecbc6469680000,fc,0,0,0016,0748,0,0000,0016,0,0016,0000,1,1,0,0,0000,0016,0000,0000,0000,0000,0,0016,0016,0000,0,000,0016,0016
1258,1258,0,25ecbc6469680000,fc,0,0,0016,0748,0,0000,0016,0,0016,0000,1,1,0,0,0000,0016,0000,0000,0000,0000,0,0016,0016,0000,0,000,0016,0016
1259,1259,0,25ecbc6469680000,fc,0,0,0016,0748,0,0000,0016,0,0016,0000,1,1,0,0,0000,0016,0000,0000,0000,0000,0,0016,0016,0000,0,000,0016,0016
1260,1260,0,25ecbc6469680000,fc,0,0,0016,0748,0,0000,0016,0,0016,0000,1,1,0,0,0000,0016,0000,0000,0000,0000,0,0016,0016,0000,0,000,0016,0016
1261,1261,0,25ecbc6469680000,fc,0,0,0016,0748,0,0000,0016,0,0016,0000,1,1,0,0,0000,0016,0000,0000,0000,0000,0,0016,0016,0000,0,000,0016,0016
1262,1262,0,25ecbc6469680000,fc,0,0,0016,0748,0,0000,0016,0,0016,0000,1,1,0,0,0000,0016,0000,0000,0000,0000,0,0016,0016,0000,0,000,0016,0016
1263,1263,0,25ecbc6469680000,fc,0,0,0016,0748,0,0000,0016,0,0016,0000,1,1,0,0,0000,0016,0000,0000,0000,0000,0,0016,0016,0000,0,000,0016,0016
1264,1264,0,25ecbc6469680000,fc,0,0,0016,0748,0,0000,0016,0,0016,0000,1,1,0,0,0000,0016,0000,0000,0000,0000,0,0016,0016,0000,0,000,0016,0016
1265,1265,0,25ecbc6469680000,fc,0,0,0016,0748,0,0000,0016,0,0016,0000,1,1,0,0,0000,0016,0000,0000,0000,0000,0,0016,0016,0000,0,000,0016,0016
1266,1266,0,25ecbc6469680000,fc,0,0,0016,0748,0,0000,0016,0,0016,0000,1,1,0,0,0000,0016,0000,0000,0000,0000,0,0016,0016,0000,0,000,0016,0016
1267,1267,0,25ecbc6469680000,fc,0,0,0016,0748,0,0000,0016,0,0016,0000,1,1,0,0,0000,0016,0000,0000,0000,0000,0,0016,0016,0000,0,000,0016,0016
1268,1268,0,25ecbc6469680000,fc,0,0,0016,0748,0,0000,0016,0,0016,0000,1,1,0,0,0000,0016,0000,0000,0000,0000,0,0016,0016,0000,0,000,0016,0016
1269,1269,0,25ecbc6469680000,fc,0,0,0016,0748,0,0000,0016,0,0016,0000,1,1,0,0,0000,0016,0000,0000,0000,0000,0,0016,0016,0000,0,000,0016,0016
1270,1270,0,25ecbc6469680000,fc,0,0,0016,0748,0,0000,0016,0,0016,0000,1,1,0,0,0000,0016,0000,0000,0000,0000,0,0016,0016,0000,0,000,0016,0016
1271,1271,0,25ecbc6469680000,fc,0,0,0016,0748,0,0000,0016,0,0016,0000,1,1,0,0,0000,0016,0000,0000,0000,0000,0,0016,0016,0000,0,000,0016,0016
1272,1272,0,25ecbc6469680000,fc,0,0,0016,0748,0,0000,0016,0,0016,0000,1,1,0,0,0000,0016,0000,0000,0000,0000,0,0016,0016,0000,0,000,0016,0016
1273,1273,0,25ecbc6469680000,fc,0,0,0016,0748,0,0000,0016,0,0016,0000,1,1,0,0,0000,0016,0000,0000,0000,0000,0,0016,0016,0000,0,000,0016,0016
1274,1274,0,25ecbc6469680000,fc,0,0,0016,0748,0,0000,0016,0,0016,0000,1,1,0,0,0000,0016,0000,0000,0000,0000,0,0016,0016,0000,0,000,0016,0016
1275,1275,0,25ecbc6469680000,fc,0,0,0016,0748,0,0000,0016,0,0016,0000,1,1,0,0,0000,0016,0000,0000,0000,0000,0,0016,0016,0000,0,000,0016,0016
1276,1276,0,25ecbc6469680000,fc,0,0,0016,0748,0,0000,0016,0,0016,0000,1,1,0,0,0000,0016,0000,0000,0000,0000,0,0016,0016,0000,0,000,0016,0016
1277,1277,0,25ecbc6469680000,fc,0,0,0016,0748,0,0000,0016,0,0016,0000,1,1,0,0,0000,0016,0000,0000,0000,0000,0,0016,0016,0000,0,000,0016,0016
1278,1278,0,25ecbc6469680000,fc,0,0,0016,0748,0,0000,0016,0,0016,0000,1,1,0,0,0000,0016,0000,0000,0000,0000,0,0016,0016,0000,0,000,0016,0016
1279,1279,0,25ecbc6469680000,fc,0,0,0016,0748,0,0000,0016,0,0016,0000,1,1,0,0,0000,0016,0000,0000,0000,0000,0,0016,0016,0000,0,000,0016,0016
1280,1280,0,25ecbc6469680000,fc,0,0,0016,0748,0,0000,0016,0,0016,0000,1,1,0,0,0000,0016,0000,0000,0000,0000,0,0016,0016,0000,0,000,0016,0016
1281,1281,0,25ecbc6469680000,fc,0,0,0016,0748,0,0000,0016,0,0016,0000,1,1,0,0,0000,0016,0000,0000,0000,0000,0,0016,0016,0000,0,000,0016,0016
1282,1282,0,25ecbc6469680000,fc,0,0,0016,0748,0,0000,0016,0,0016,0000,1,1,0,0,0000,0016,0000,0000,0000,0000,0,0016,0016,0000,0,000,0016,0016
1283,1283,0,25ecbc6469680000,fc,0,0,0016,0748,0,0000,0016,0,0016,0000,1,1,0,0,0000,0016,0000,0000,0000,0000,0,0016,0016,0000,0,000,0016,0016
1284,1284,0,25ecbc6469680000,fc,0,0,0016,0748,0,0000,0016,0,0016,0000,1,1,0,0,0000,0016,0000,0000,0000,0000,0,0016,0016,0000,0,000,0016,0016
1285,1285,0,25ecbc6469680000,fc,0,0,0016,0748,0,0000,0016,0,0016,0000,1,1,0,0,0000,0016,0000,0000,0000,0000,0,0016,0016,0000,0,000,0016,0016
1286,1286,0,25ecbc6469680000,fc,0,0,0016,0748,0,0000,0016,0,0016,0000,1,1,0,0,0000,0016,0000,0000,0000,0000,0,0016,0016,0000,0,000,0016,0016
1287,1287,0,25ecbc6469680000,fc,0,0,0016,0748,0,0000,0016,0,0016,0000,1,1,0,0,0000,0016,0000,0000,0000,0000,0,0016,0016,0000,0,000,0016,0016
1288,1288,0,25ecbc6469680000,fc,0,0,0016,0748,0,0000,0016,0,0016,0000,1,1,0,0,0000,0016,0000,0000,0000,0000,0,0016,0016,0000,0,000,0016,0016
1289,1289,0,25ecbc6469680000,fc,0,0,0016,0748,0,0000,0016,0,0016,0000,1,1,0,0,0000,0016,0000,0000,0000,0000,0,0016,0016,0000,0,000,0016,0016
1290,1290,0,25ecbc6469680000,fc,0,0,0016,0748,0,0000,0016,0,0016,0000,1,1,0,0,0000,0016,0000,0000,0000,0000,0,0016,0016,0000,0,000,0016,0016
1291,1291,0,25ecbc6469680000,fc,0,0,0016,0748,0,0000,0016,0,0016,0000,1,1,0,0,0000,0016,0000,0000,0000,0000,0,0016,0016,0000,0,000,0016,0016
1292,1292,0,25ecbc6469680000,fc,0,0,0016,0748,0,0000,0016,0,0016,0000,1,1,0,0,0000,0016,0000,0000,0000,0000,0,0016,0016,0000,0,000,0016,0016
1293,1293,0,25ecbc6469680000,fc,0,0,0016,0748,0,0000,0016,0,0016,0000,1,1,0,0,0000,0016,0000,0000,0000,0000,0,0016,0016,0000,0,000,0016,0016
1294,1294,0,25ecbc6469680000,fc,0,0,0016,0748,0,0000,0016,0,0016,0000,1,1,0,0,0000,0016,0000,0000,0000,0000,0,0016,0016,0000,0,000,0016,0016
1295,1295,0,25ecbc6469680000,fc,0,0,0016,0748,0,0000,0016,0,0016,0000,1,1,0,0,0000,0016,0000,0000,0000,0000,0,0016,0016,0000,0,000,0016,0016
1296,1296,0,25ecbc6469680000,fc,0,0,0016,0748,0,0000,0016,0,0016,0000,1,1,0,0,0000,0016,0000,0000,0000,0000,0,0016,0016,0000,0,000,0016,0016
1297,1297,0,25ecbc6469680000,fc,0,0,0016,0748,0,0000,0016,0,0016,0000,1,1,0,0,0000,0016,0000,0000,0000,0000,0,0016,0016,0000,0,000,0016,0016
1298,1298,0,25ecbc6469680000,fc,0,0,0016,0748,0,0000,0016,0,0016,0000,1,1,0,0,0000,0016,0000,0000,0000,0000,0,0016,0016,0000,0,000,0016,0016
1299,1299,0,25ecbc6469680000,fc,0,0,0016,0748,0,0000,0016,0,0016,0000,1,1,0,0,0000,0016,0000,0000,0000,0000,0,0016,0016,0000,0,000,0016,0016
1300,1300,0,25ecbc6469680000,fc,0,0,0016,0748,0,0000,0016,0,0016,0000,1,1,0,0,0000,0016,0000,0000,0000,0000,0,0016,0016,0000,0,000,0016,0016
1301,1301,0,25ecbc6469680000,fc,0,0,0016,0748,0,0000,0016,0,0016,0000,1,1,0,0,0000,0016,0000,0000,0000,0000,0,0016,0016,0000,0,000,0016,0016
1302,1302,0,25ecbc6469680000,fc,0,0,0016,0748,0,0000,0016,0,0016,0000,1,1,0,0,0000,0016,0000,0000,0000,0000,0,0016,0016,0000,0,000,0016,0016
1303,1303,0,25ecbc6469680000,fc,0,0,0016,0748,0,0000,0016,0,0016,0000,1,1,0,0,0000,0016,0000,0000,0000,0000,0,0016,0016,0000,0,000,0016,0016
1304,1304,0,25ecbc6469680000,fc,0,0,0016,0748,0,0000,0016,0,0016,0000,1,1,0,0,0000,0016,0000,0000,0000,0000,0,0016,0016,0000,0,000,0016,0016
1305,1305,0,25ecbc6469680000,fc,0,0,0016,0748,0,0000,0016,0,0016,0000,1,1,0,0,0000,0016,0000,0000,0000,0000,0,0016,0016,0000,0,000,0016,0016
1306,1306,0,25ecbc6469680000,fc,0,0,0016,0748,0,0000,0016,0,0016,0000,1,1,0,0,0000,0016,0000,0000,0000,0000,0,0016,0016,0000,0,000,0016,0016
1307,1307,0,25ecbc6469680000,fc,0,0,0016,0748,0,0000,0016,0,0016,0000,1,1,0,0,0000,0016,0000,0000,0000,0000,0,0016,0016,0000,0,000,0016,0016
1308,1308,0,25ecbc6469680000,fc,0,0,0016,0748,0,0000,0016,0,0016,0000,1,1,0,0,0000,0016,0000,0000,0000,0000,0,0016,0016,0000,0,000,0016,0016
1309,1309,0,25ecbc6469680000,fc,0,0,0016,0748,0,0000,0016,0,0016,0000,1,1,0,0,0000,0016,0000,0000,0000,0000,0,0016,0016,0000,0,000,0016,0016
1310,1310,0,25ecbc6469680000,fc,0,0,0016,0748,0,0000,0016,0,0016,0000,1,1,0,0,0000,0016,0000,0000,0000,0000,0,0016,0016,0000,0,000,0016,0016
1311,1311,0,25ecbc6469680000,fc,0,0,0016,0748,0,0000,0016,0,0016,0000,1,1,0,0,0000,0016,0000,0000,0000,0000,0,0016,0016,0000,0,000,0016,0016
1312,1312,0,25ecbc6469680000,fc,0,0,0016,0748,0,0000,0016,0,0016,0000,1,1,0,0,0000,0016,0000,0000,0000,0000,0,0016,0016,0000,0,000,0016,0016
1313,1313,0,25ecbc6469680000,fc,0,0,0016,0748,0,0000,0016,0,0016,0000,1,1,0,0,0000,0016,0000,0000,0000,0000,0,0016,0016,0000,0,000,0016,0016
1314,1314,0,25ecbc6469680000,fc,0,0,0016,0748,0,0000,0016,0,0016,0000,1,1,0,0,0000,0016,0000,0000,0000,0000,0,0016,0016,0000,0,000,0016,0016
1315,1315,0,25ecbc6469680000,fc,0,0,0016,0748,0,0000,0016,0,0016,0000,1,1,0,0,0000,0016,0000,0000,0000,0000,0,0016,0016,0000,0,000,0016,0016
1316,1316,0,25ecbc6469680000,fc,0,0,0016,0748,0,0000,0016,0,0016,0000,1,1,0,0,0000,0016,0000,0000,0000,0000,0,0016,0016,0000,0,000,0016,0016
1317,1317,0,25ecbc6469680000,fc,0,0,0016,0748,0,0000,0016,0,0016,0000,1,1,0,0,0000,0016,0000,0000,0000,0000,0,0016,0016,0000,0,000,0016,0016
1318,1318,0,25ecbc6469680000,fc,0,0,0016,0748,0,0000,0016,0,0016,0000,1,1,0,0,0000,0016,0000,0000,0000,0000,0,0016,0016,0000,0,000,0016,0016
1319,1319,0,25ecbc6469680000,fc,0,0,0016,0748,0,0000,0016,0,0016,0000,1,1,0,0,0000,0016,0000,0000,0000,0000,0,0016,0016,0000,0,000,0016,0016
1320,1320,0,25ecbc6469680000,fc,0,0,0016,0748,0,0000,0016,0,0016,0000,1,1,0,0,0000,0016,0000,0000,0000,0000,0,0016,0016,0000,0,000,0016,0016
1321,1321,0,25ecbc6469680000,fc,0,0,0016,0748,0,0000,0016,0,0016,0000,1,1,0,0,0000,0016,0000,0000,0000,0000,0,0016,0016,0000,0,000,0016,0016
1322,1322,0,25ecbc6469680000,fc,0,0,0016,0748,0,0000,0016,0,0016,0000,1,1,0,0,0000,0016,0000,0000,0000,0000,0,0016,0016,0000,0,000,0016,0016
1323,1323,0,25ecbc6469680000,fc,0,0,0016,0748,0,0000,0016,0,0016,0000,1,1,0,0,0000,0016,0000,0000,0000,0000,0,0016,0016,0000,0,000,0016,0016
1324,1324,0,25ecbc6469680000,fc,0,0,0016,0748,0,0000,0016,0,0016,0000,1,1,0,0,0000,0016,0000,0000,0000,0000,0,0016,0016,0000,0,000,0016,0016
1325,1325,0,25ecbc6469680000,fc,0,0,0016,0748,0,0000,0016,0,0016,0000,1,1,0,0,0000,0016,0000,0000,0000,0000,0,0016,0016,0000,0,000,0016,0016
1326,1326,0,25ecbc6469680000,fc,0,0,0016,0748,0,0000,0016,0,0016,0000,1,1,0,0,0000,0016,0000,0000,0000,0000,0,0016,0016,0000,0,000,0016,0016
1327,1327,0,25ecbc6469680000,fc,0,0,0016,0748,0,0000,0016,0,0016,0000,1,1,0,0,0000,0016,0000,0000,0000,0000,0,0016,0016,0000,0,000,0016,0016
1328,1328,0,25ecbc6469680000,fc,0,0,0016,0748,0,0000,0016,0,0016,0000,1,1,0,0,0000,0016,0000,0000,0000,0000,0,0016,0016,0000,0,000,0016,0016
1329,1329,0,25ecbc6469680000,fc,0,0,0016,0748,0,0000,0016,0,0016,0000,1,1,0,0,0000,0016,0000,0000,0000,0000,0,0016,0016,0000,0,000,0016,0016
1330,1330,0,25ecbc6469680000,fc,0,0,0016,0748,0,0000,0016,0,0016,0000,1,1,0,0,0000,0016,0000,0000,0000,0000,0,0016,0016,0000,0,000,0016,0016
1331,1331,0,25ecbc6469680000,fc,0,0,0016,0748,0,0000,0016,0,0016,0000,1,1,0,0,0000,0016,0000,0000,0000,0000,0,0016,0016,0000,0,000,0016,0016
1332,1332,0,25ecbc6469680000,fc,0,0,0016,0748,0,0000,0016,0,0016,0000,1,1,0,0,0000,0016,0000,0000,0000,0000,0,0016,0016,0000,0,000,0016,0016
1333,1333,0,25ecbc6469680000,fc,0,0,0016,0748,0,0000,0016,0,0016,0000,1,1,0,0,0000,0016,0000,0000,0000,0000,0,0016,0016,0000,0,000,0016,0016
1334,1334,0,25ecbc6469680000,fc,0,0,0016,0748,0,0000,0016,0,0016,0000,1,1,0,0,0000,0016,0000,0000,0000,0000,0,0016,0016,0000,0,000,0016,0016
1335,1335,0,25ecbc6469680000,fc,0,0,0016,0748,0,0000,0016,0,0016,0000,1,1,0,0,0000,0016,0000,0000,0000,0000,0,0016,0016,0000,0,000,0016,0016
1336,1336,0,25ecbc6469680000,fc,0,0,0016,0748,0,0000,0016,0,0016,0000,1,1,0,0,0000,0016,0000,0000,0000,0000,0,0016,0016,0000,0,000,0016,0016
1337,1337,0,25ecbc6469680000,fc,0,0,0016,0748,0,0000,0016,0,0016,0000,1,1,0,0,0000,0016,0000,0000,0000,0000,0,0016,0016,0000,0,000,0016,0016
1338,1338,0,25ecbc6469680000,fc,0,0,0016,0748,0,0000,0016,0,0016,0000,1,1,0,0,0000,0016,0000,0000,0000,0000,0,0016,0016,0000,0,000,0016,0016
1339,1339,0,25ecbc6469680000,fc,0,0,0016,0748,0,0000,0016,0,0016,0000,1,1,0,0,0000,0016,0000,0000,0000,0000,0,0016,0016,0000,0,000,0016,0016
1340,1340,0,25ecbc6469680000,fc,0,0,0016,0748,0,0000,0016,0,0016,0000,1,1,0,0,0000,0016,0000,0000,0000,0000,0,0016,0016,0000,0,000,0016,0016
1341,1341,0,25ecbc6469680000,fc,0,0,0016,0748,0,0000,0016,0,0016,0000,1,1,0,0,0000,0016,0000,0000,0000,0000,0,0016,0016,0000,0,000,0016,0016
1342,1342,0,25ecbc6469680000,fc,0,0,0016,0748,0,0000,0016,0,0016,0000,1,1,0,0,0000,0016,0000,0000,0000,0000,0,0016,0016,0000,0,000,0016,0016
1343,1343,0,25ecbc6469680000,fc,0,0,0016,0748,0,0000,0016,0,0016,0000,1,1,0,0,0000,0016,0000,0000,0000,0000,0,0016,0016,0000,0,000,0016,0016
1344,1344,0,25ecbc6469680000,fc,0,0,0016,0748,0,0000,0016,0,0016,0000,1,1,0,0,0000,0016,0000,0000,0000,0000,0,0016,0016,0000,0,000,0016,0016
1345,1345,0,25ecbc6469680000,fc,0,0,0016,0748,0,0000,0016,0,0016,0000,1,1,0,0,0000,0016,0000,0000,0000,0000,0,0016,0016,0000,0,000,0016,0016
1346,1346,0,25ecbc6469680000,fc,0,0,0016,0748,0,0000,0016,0,0016,0000,1,1,0,0,0000,0016,0000,0000,0000,0000,0,0016,0016,0000,0,000,0016,0016
1347,1347,0,25ecbc6469680000,fc,0,0,0016,0748,0,0000,0016,0,0016,0000,1,1,0,0,0000,0016,0000,0000,0000,0000,0,0016,0016,0000,0,000,0016,0016
1348,1348,0,25ecbc6469680000,fc,0,0,0016,0748,0,0000,0016,0,0016,0000,1,1,0,0,0000,0016,0000,0000,0000,0000,0,0016,0016,0000,0,000,0016,0016
1349,1349,0,25ecbc6469680000,fc,0,0,0016,0748,0,0000,0016,0,0016,0000,1,1,0,0,0000,0016,0000,0000,0000,0000,0,0016,0016,0000,0,000,0016,0016
1350,1350,0,25ecbc6469680000,fc,0,0,0016,0748,0,0000,0016,0,0016,0000,1,1,0,0,0000,0016,0000,0000,0000,0000,0,0016,0016,0000,0,000,0016,0016
1351,1351,0,25ecbc6469680000,fc,0,0,0016,0748,0,0000,0016,0,0016,0000,1,1,0,0,0000,0016,0000,0000,0000,0000,0,0016,0016,0000,0,000,0016,0016
1352,1352,0,25ecbc6469680000,fc,0,0,0016,0748,0,0000,0016,0,0016,0000,1,1,0,0,0000,0016,0000,0000,0000,0000,0,0016,0016,0000,0,000,0016,0016
1353,1353,0,25ecbc6469680000,fc,0,0,0016,0748,0,0000,0016,0,0016,0000,1,1,0,0,0000,0016,0000,0000,0000,0000,0,0016,0016,0000,0,000,0016,0016
1354,1354,0,25ecbc6469680000,fc,0,0,0016,0748,0,0000,0016,0,0016,0000,1,1,0,0,0000,0016,0000,0000,0000,0000,0,0016,0016,0000,0,000,0016,0016
1355,1355,0,25ecbc6469680000,fc,0,0,0016,0748,0,0000,0016,0,0016,0000,1,1,0,0,0000,0016,0000,0000,0000,0000,0,0016,0016,0000,0,000,0016,0016
1356,1356,0,25ecbc6469680000,fc,0,0,0016,0748,0,0000,0016,0,0016,0000,1,1,0,0,0000,0016,0000,0000,0000,0000,0,0016,0016,0000,0,000,0016,0016
1357,1357,0,25ecbc6469680000,fc,0,0,0016,0748,0,0000,0016,0,0016,0000,1,1,0,0,0000,0016,0000,0000,0000,0000,0,0016,0016,0000,0,000,0016,0016
1358,1358,0,25ecbc6469680000,fc,0,0,0016,0748,0,0000,0016,0,0016,0000,1,1,0,0,0000,0016,0000,0000,0000,0000,0,0016,0016,0000,0,000,0016,0016
1359,1359,0,25ecbc6469680000,fc,0,0,0016,0748,0,0000,0016,0,0016,0000,1,1,0,0,0000,0016,0000,0000,0000,0000,0,0016,0016,0000,0,000,0016,0016
1360,1360,0,25ecbc6469680000,fc,0,0,0016,0748,0,0000,0016,0,0016,0000,1,1,0,0,0000,0016,0000,0000,0000,0000,0,0016,0016,0000,0,000,0016,0016
1361,1361,0,25ecbc6469680000,fc,0,0,0016,0748,0,0000,0016,0,0016,0000,1,1,0,0,0000,0016,0000,0000,0000,0000,0,0016,0016,0000,0,000,0016,0016
1362,1362,0,25ecbc6469680000,fc,0,0,0016,0748,0,0000,0016,0,0016,0000,1,1,0,0,0000,0016,0000,0000,0000,0000,0,0016,0016,0000,0,000,0016,0016
1363,1363,0,25ecbc6469680000,fc,0,0,0016,0748,0,0000,0016,0,0016,0000,1,1,0,0,0000,0016,0000,0000,0000,0000,0,0016,0016,0000,0,000,0016,0016
1364,1364,0,25ecbc6469680000,fc,0,0,0016,0748,0,0000,0016,0,0016,0000,1,1,0,0,0000,0016,0000,0000,0000,0000,0,0016,0016,0000,0,000,0016,0016
1365,1365,0,25ecbc6469680000,fc,0,0,0016,0748,0,0000,0016,0,0016,0000,1,1,0,0,0000,0016,0000,0000,0000,0000,0,0016,0016,0000,0,000,0016,0016
1366,1366,0,25ecbc6469680000,fc,0,0,0016,0748,0,0000,0016,0,0016,0000,1,1,0,0,0000,0016,0000,0000,0000,0000,0,0016,0016,0000,0,000,0016,0016
1367,1367,0,25ecbc6469680000,fc,0,0,0016,0748,0,0000,0016,0,0016,0000,1,1,0,0,0000,0016,0000,0000,0000,0000,0,0016,0016,0000,0,000,0016,0016
1368,1368,0,25ecbc6469680000,fc,0,0,0016,0748,0,0000,0016,0,0016,0000,1,1,0,0,0000,0016,0000,0000,0000,0000,0,0016,0016,0000,0,000,0016,0016
1369,1369,0,25ecbc6469680000,fc,0,0,0016,0748,0,0000,0016,0,0016,0000,1,1,0,0,0000,0016,0000,0000,0000,0000,0,0016,0016,0000,0,000,0016,0016
1370,1370,0,25ecbc6469680000,fc,0,0,0016,0748,0,0000,0016,0,0016,0000,1,1,0,0,0000,0016,0000,0000,0000,0000,0,0016,0016,0000,0,000,0016,0016
1371,1371,0,25ecbc6469680000,fc,0,0,0016,0748,0,0000,0016,0,0016,0000,1,1,0,0,0000,0016,0000,0000,0000,0000,0,0016,0016,0000,0,000,0016,0016
1372,1372,0,25ecbc6469680000,fc,0,0,0016,0748,0,0000,0016,0,0016,0000,1,1,0,0,0000,0016,0000,0000,0000,0000,0,0016,0016,0000,0,000,0016,0016
1373,1373,0,25ecbc6469680000,fc,0,0,0016,0748,0,0000,0016,0,0016,0000,1,1,0,0,0000,0016,0000,0000,0000,0000,0,0016,0016,0000,0,000,0016,0016
1374,1374,0,25ecbc6469680000,fc,0,0,0016,0748,0,0000,0016,0,0016,0000,1,1,0,0,0000,0016,0000,0000,0000,0000,0,0016,0016,0000,0,000,0016,0016
1375,1375,0,25ecbc6469680000,fc,0,0,0016,0748,0,0000,0016,0,0016,0000,1,1,0,0,0000,0016,0000,0000,0000,0000,0,0016,0016,0000,0,000,0016,0016
1376,1376,0,25ecbc6469680000,fc,0,0,0016,0748,0,0000,0016,0,0016,0000,1,1,0,0,0000,0016,0000,0000,0000,0000,0,0016,0016,0000,0,000,0016,0016
1377,1377,0,25ecbc6469680000,fc,0,0,0016,0748,0,0000,0016,0,0016,0000,1,1,0,0,0000,0016,0000,0000,0000,0000,0,0016,0016,0000,0,000,0016,0016
1378,1378,0,25ecbc6469680000,fc,0,0,0016,0748,0,0000,0016,0,0016,0000,1,1,0,0,0000,0016,0000,0000,0000,0000,0,0016,0016,0000,0,000,0016,0016
1379,1379,0,25ecbc6469680000,fc,0,0,0016,0748,0,0000,0016,0,0016,0000,1,1,0,0,0000,0016,0000,0000,0000,0000,0,0016,0016,0000,0,000,0016,0016
1380,1380,0,25ecbc6469680000,fc,0,0,0016,0748,0,0000,0016,0,0016,0000,1,1,0,0,0000,0016,0000,0000,0000,0000,0,0016,0016,0000,0,000,0016,0016
1381,1381,0,25ecbc6469680000,fc,0,0,0016,0748,0,0000,0016,0,0016,0000,1,1,0,0,0000,0016,0000,0000,0000,0000,0,0016,0016,0000,0,000,0016,0016
1382,1382,0,25ecbc6469680000,fc,0,0,0016,0748,0,0000,0016,0,0016,0000,1,1,0,0,0000,0016,0000,0000,0000,0000,0,0016,0016,0000,0,000,0016,0016
1383,1383,0,25ecbc6469680000,fc,0,0,0016,0748,0,0000,0016,0,0016,0000,1,1,0,0,0000,0016,0000,0000,0000,0000,0,0016,0016,0000,0,000,0016,0016
1384,1384,0,25ecbc6469680000,fc,0,0,0016,0748,0,0000,0016,0,0016,0000,1,1,0,0,0000,0016,0000,0000,0000,0000,0,0016,0016,0000,0,000,0016,0016
1385,1385,0,25ecbc6469680000,fc,0,0,0016,0748,0,0000,0016,0,0016,0000,1,1,0,0,0000,0016,0000,0000,0000,0000,0,0016,0016,0000,0,000,0016,0016
1386,1386,0,25ecbc6469680000,fc,0,0,0016,0748,0,0000,0016,0,0016,0000,1,1,0,0,0000,0016,0000,0000,0000,0000,0,0016,0016,0000,0,000,0016,0016
1387,1387,0,25ecbc6469680000,fc,0,0,0016,0748,0,0000,0016,0,0016,0000,1,1,0,0,0000,0016,0000,0000,0000,0000,0,0016,0016,0000,0,000,0016,0016
1388,1388,0,25ecbc6469680000,fc,0,0,0016,0748,0,0000,0016,0,0016,0000,1,1,0,0,0000,0016,0000,0000,0000,0000,0,0016,0016,0000,0,000,0016,0016
1389,1389,0,25ecbc6469680000,fc,0,0,0016,0748,0,0000,0016,0,0016,0000,1,1,0,0,0000,0016,0000,0000,0000,0000,0,0016,0016,0000,0,000,0016,0016
1390,1390,0,25ecbc6469680000,fc,0,0,0016,0748,0,0000,0016,0,0016,0000,1,1,0,0,0000,0016,0000,0000,0000,0000,0,0016,0016,0000,0,000,0016,0016
1391,1391,0,25ecbc6469680000,fc,0,0,0016,0748,0,0000,0016,0,0016,0000,1,1,0,0,0000,0016,0000,0000,0000,0000,0,0016,0016,0000,0,000,0016,0016
1392,1392,0,25ecbc6469680000,fc,0,0,0016,0748,0,0000,0016,0,0016,0000,1,1,0,0,0000,0016,0000,0000,0000,0000,0,0016,0016,0000,0,000,0016,0016
1393,1393,0,25ecbc6469680000,fc,0,0,0016,0748,0,0000,0016,0,0016,0000,1,1,0,0,0000,0016,0000,0000,0000,0000,0,0016,0016,0000,0,000,0016,0016
1394,1394,0,25ecbc6469680000,fc,0,0,0016,0748,0,0000,0016,0,0016,0000,1,1,0,0,0000,0016,0000,0000,0000,0000,0,0016,0016,0000,0,000,0016,0016
1395,1395,0,25ecbc6469680000,fc,0,0,0016,0748,0,0000,0016,0,0016,0000,1,1,0,0,0000,0016,0000,0000,0000,0000,0,0016,0016,0000,0,000,0016,0016
1396,1396,0,25ecbc6469680000,fc,0,0,0016,0748,0,0000,0016,0,0016,0000,1,1,0,0,0000,0016,0000,0000,0000,0000,0,0016,0016,0000,0,000,0016,0016
1397,1397,0,25ecbc6469680000,fc,0,0,0016,0748,0,0000,0016,0,0016,0000,1,1,0,0,0000,0016,0000,0000,0000,0000,0,0016,0016,0000,0,000,0016,0016
1398,1398,0,25ecbc6469680000,fc,0,0,0016,0748,0,0000,0016,0,0016,0000,1,1,0,0,0000,0016,0000,0000,0000,0000,0,0016,0016,0000,0,000,0016,0016
1399,1399,0,25ecbc6469680000,fc,0,0,0016,0748,0,0000,0016,0,0016,0000,1,1,0,0,0000,0016,0000,0000,0000,0000,0,0016,0016,0000,0,000,0016,0016
1400,1400,0,25ecbc6469680000,fc,0,0,0016,0748,0,0000,0016,0,0016,0000,1,1,0,0,0000,0016,0000,0000,0000,0000,0,0016,0016,0000,0,000,0016,0016
1401,1401,0,25ecbc6469680000,fc,0,0,0016,0748,0,0000,0016,0,0016,0000,1,1,0,0,0000,0016,0000,0000,0000,0000,0,0016,0016,0000,0,000,0016,0016
1402,1402,0,25ecbc6469680000,fc,0,0,0016,0748,0,0000,0016,0,0016,0000,1,1,0,0,0000,0016,0000,0000,0000,0000,0,0016,0016,0000,0,000,0016,0016
1403,1403,0,25ecbc6469680000,fc,0,0,0016,0748,0,0000,0016,0,0016,0000,1,1,0,0,0000,0016,0000,0000,0000,0000,0,0016,0016,0000,0,000,0016,0016
1404,1404,0,25ecbc6469680000,fc,0,0,0016,0748,0,0000,0016,0,0016,0000,1,1,0,0,0000,0016,0000,0000,0000,0000,0,0016,0016,0000,0,000,0016,0016
1405,1405,0,25ecbc6469680000,fc,0,0,0016,0748,0,0000,0016,0,0016,0000,1,1,0,0,0000,0016,0000,0000,0000,0000,0,0016,0016,0000,0,000,0016,0016
1406,1406,0,25ecbc6469680000,fc,0,0,0016,0748,0,0000,0016,0,0016,0000,1,1,0,0,0000,0016,0000,0000,0000,0000,0,0016,0016,0000,0,000,0016,0016
1407,1407,0,25ecbc6469680000,fc,0,0,0016,0748,0,0000,0016,0,0016,0000,1,1,0,0,0000,0016,0000,0000,0000,0000,0,0016,0016,0000,0,000,0016,0016
1408,1408,0,25ecbc6469680000,fc,0,0,0016,0748,0,0000,0016,0,0016,0000,1,1,0,0,0000,0016,0000,0000,0000,0000,0,0016,0016,0000,0,000,0016,0016
1409,1409,0,25ecbc6469680000,fc,0,0,0016,0748,0,0000,0016,0,0016,0000,1,1,0,0,0000,0016,0000,0000,0000,0000,0,0016,0016,0000,0,000,0016,0016
1410,1410,0,25ecbc6469680000,fc,0,0,0016,0748,0,0000,0016,0,0016,0000,1,1,0,0,0000,0016,0000,0000,0000,0000,0,0016,0016,0000,0,000,0016,0016
1411,1411,0,25ecbc6469680000,fc,0,0,0016,0748,0,0000,0016,0,0016,0000,1,1,0,0,0000,0016,0000,0000,0000,0000,0,0016,0016,0000,0,000,0016,0016
1412,1412,0,25ecbc6469680000,fc,0,0,0016,0748,0,0000,0016,0,0016,0000,1,1,0,0,0000,0016,0000,0000,0000,0000,0,0016,0016,0000,0,000,0016,0016
1413,1413,0,25ecbc6469680000,fc,0,0,0016,0748,0,0000,0016,0,0016,0000,1,1,0,0,0000,0016,0000,0000,0000,0000,0,0016,0016,0000,0,000,0016,0016
1414,1414,0,25ecbc6469680000,fc,0,0,0016,0748,0,0000,0016,0,0016,0000,1,1,0,0,0000,0016,0000,0000,0000,0000,0,0016,0016,0000,0,000,0016,0016
1415,1415,0,25ecbc6469680000,fc,0,0,0016,0748,0,0000,0016,0,0016,0000,1,1,0,0,0000,0016,0000,0000,0000,0000,0,0016,0016,0000,0,000,0016,0016
1416,1416,0,25ecbc6469680000,fc,0,0,0016,0748,0,0000,0016,0,0016,0000,1,1,0,0,0000,0016,0000,0000,0000,0000,0,0016,0016,0000,0,000,0016,0016
1417,1417,0,25ecbc6469680000,fc,0,0,0016,0748,0,0000,0016,0,0016,0000,1,1,0,0,0000,0016,0000,0000,0000,0000,0,0016,0016,0000,0,000,0016,0016
1418,1418,0,25ecbc6469680000,fc,0,0,0016,0748,0,0000,0016,0,0016,0000,1,1,0,0,0000,0016,0000,0000,0000,0000,0,0016,0016,0000,0,000,0016,0016
1419,1419,0,25ecbc6469680000,fc,0,0,0016,0748,0,0000,0016,0,0016,0000,1,1,0,0,0000,0016,0000,0000,0000,0000,0,0016,0016,0000,0,000,0016,0016
1420,1420,0,25ecbc6469680000,fc,0,0,0016,0748,0,0000,0016,0,0016,0000,1,1,0,0,0000,0016,0000,0000,0000,0000,0,0016,0016,0000,0,000,0016,0016
1421,1421,0,25ecbc6469680000,fc,0,0,0016,0748,0,0000,0016,0,0016,0000,1,1,0,0,0000,0016,0000,0000,0000,0000,0,0016,0016,0000,0,000,0016,0016
1422,1422,0,25ecbc6469680000,fc,0,0,0016,0748,0,0000,0016,0,0016,0000,1,1,0,0,0000,0016,0000,0000,0000,0000,0,0016,0016,0000,0,000,0016,0016
1423,1423,0,25ecbc6469680000,fc,0,0,0016,0748,0,0000,0016,0,0016,0000,1,1,0,0,0000,0016,0000,0000,0000,0000,0,0016,0016,0000,0,000,0016,0016
1424,1424,0,25ecbc6469680000,fc,0,0,0016,0748,0,0000,0016,0,0016,0000,1,1,0,0,0000,0016,0000,0000,0000,0000,0,0016,0016,0000,0,000,0016,0016
1425,1425,0,25ecbc6469680000,fc,0,0,0016,0748,0,0000,0016,0,0016,0000,1,1,0,0,0000,0016,0000,0000,0000,0000,0,0016,0016,0000,0,000,0016,0016
1426,1426,0,25ecbc6469680000,fc,0,0,0016,0748,0,0000,0016,0,0016,0000,1,1,0,0,0000,0016,0000,0000,0000,0000,0,0016,0016,0000,0,000,0016,0016
1427,1427,0,25ecbc6469680000,fc,0,0,0016,0748,0,0000,0016,0,0016,0000,1,1,0,0,0000,0016,0000,0000,0000,0000,0,0016,0016,0000,0,000,0016,0016
1428,1428,0,25ecbc6469680000,fc,0,0,0016,0748,0,0000,0016,0,0016,0000,1,1,0,0,0000,0016,0000,0000,0000,0000,0,0016,0016,0000,0,000,0016,0016
1429,1429,0,25ecbc6469680000,fc,0,0,0016,0748,0,0000,0016,0,0016,0000,1,1,0,0,0000,0016,0000,0000,0000,0000,0,0016,0016,0000,0,000,0016,0016
1430,1430,0,25ecbc6469680000,fc,0,0,0016,0748,0,0000,0016,0,0016,0000,1,1,0,0,0000,0016,0000,0000,0000,0000,0,0016,0016,0000,0,000,0016,0016
1431,1431,0,25ecbc6469680000,fc,0,0,0016,0748,0,0000,0016,0,0016,0000,1,1,0,0,0000,0016,0000,0000,0000,0000,0,0016,0016,0000,0,000,0016,0016
1432,1432,0,25ecbc6469680000,fc,0,0,0016,0748,0,0000,0016,0,0016,0000,1,1,0,0,0000,0016,0000,0000,0000,0000,0,0016,0016,0000,0,000,0016,0016
1433,1433,0,25ecbc6469680000,fc,0,0,0016,0748,0,0000,0016,0,0016,0000,1,1,0,0,0000,0016,0000,0000,0000,0000,0,0016,0016,0000,0,000,0016,0016
1434,1434,0,25ecbc6469680000,fc,0,0,0016,0748,0,0000,0016,0,0016,0000,1,1,0,0,0000,0016,0000,0000,0000,0000,0,0016,0016,0000,0,000,0016,0016
1435,1435,0,25ecbc6469680000,fc,0,0,0016,0748,0,0000,0016,0,0016,0000,1,1,0,0,0000,0016,0000,0000,0000,0000,0,0016,0016,0000,0,000,0016,0016
1436,1436,0,25ecbc6469680000,fc,0,0,0016,0748,0,0000,0016,0,0016,0000,1,1,0,0,0000,0016,0000,0000,0000,0000,0,0016,0016,0000,0,000,0016,0016
1437,1437,0,25ecbc6469680000,fc,0,0,0016,0748,0,0000,0016,0,0016,0000,1,1,0,0,0000,0016,0000,0000,0000,0000,0,0016,0016,0000,0,000,0016,0016
1438,1438,0,25ecbc6469680000,fc,0,0,0016,0748,0,0000,0016,0,0016,0000,1,1,0,0,0000,0016,0000,0000,0000,0000,0,0016,0016,0000,0,000,0016,0016
1439,1439,0,25ecbc6469680000,fc,0,0,0016,0748,0,0000,0016,0,0016,0000,1,1,0,0,0000,0016,0000,0000,0000,0000,0,0016,0016,0000,0,000,0016,0016
1440,1440,0,25ecbc6469680000,fc,0,0,0016,0748,0,0000,0016,0,0016,0000,1,1,0,0,0000,0016,0000,0000,0000,0000,0,0016,0016,0000,0,000,0016,0016
1441,1441,0,25ecbc6469680000,fc,0,0,0016,0748,0,0000,0016,0,0016,0000,1,1,0,0,0000,0016,0000,0000,0000,0000,0,0016,0016,0000,0,000,0016,0016
1442,1442,0,25ecbc6469680000,fc,0,0,0016,0748,0,0000,0016,0,0016,0000,1,1,0,0,0000,0016,0000,0000,0000,0000,0,0016,0016,0000,0,000,0016,0016
1443,1443,0,25ecbc6469680000,fc,0,0,0016,0748,0,0000,0016,0,0016,0000,1,1,0,0,0000,0016,0000,0000,0000,0000,0,0016,0016,0000,0,000,0016,0016
1444,1444,0,25ecbc6469680000,fc,0,0,0016,0748,0,0000,0016,0,0016,0000,1,1,0,0,0000,0016,0000,0000,0000,0000,0,0016,0016,0000,0,000,0016,0016
1445,1445,0,25ecbc6469680000,fc,0,0,0016,0748,0,0000,0016,0,0016,0000,1,1,0,0,0000,0016,0000,0000,0000,0000,0,0016,0016,0000,0,000,0016,0016
1446,1446,0,25ecbc6469680000,fc,0,0,0016,0748,0,0000,0016,0,0016,0000,1,1,0,0,0000,0016,0000,0000,0000,0000,0,0016,0016,0000,0,000,0016,0016
1447,1447,0,25ecbc6469680000,fc,0,0,0016,0748,0,0000,0016,0,0016,0000,1,1,0,0,0000,0016,0000,0000,0000,0000,0,0016,0016,0000,0,000,0016,0016
1448,1448,0,25ecbc6469680000,fc,0,0,0016,0748,0,0000,0016,0,0016,0000,1,1,0,0,0000,0016,0000,0000,0000,0000,0,0016,0016,0000,0,000,0016,0016
1449,1449,0,25ecbc6469680000,fc,0,0,0016,0748,0,0000,0016,0,0016,0000,1,1,0,0,0000,0016,0000,0000,0000,0000,0,0016,0016,0000,0,000,0016,0016
1450,1450,0,25ecbc6469680000,fc,0,0,0016,0748,0,0000,0016,0,0016,0000,1,1,0,0,0000,0016,0000,0000,0000,0000,0,0016,0016,0000,0,000,0016,0016
1451,1451,0,25ecbc6469680000,fc,0,0,0016,0748,0,0000,0016,0,0016,0000,1,1,0,0,0000,0016,0000,0000,0000,0000,0,0016,0016,0000,0,000,0016,0016
1452,1452,0,25ecbc6469680000,fc,0,0,0016,0748,0,0000,0016,0,0016,0000,1,1,0,0,0000,0016,0000,0000,0000,0000,0,0016,0016,0000,0,000,0016,0016
1453,1453,0,25ecbc6469680000,fc,0,0,0016,0748,0,0000,0016,0,0016,0000,1,1,0,0,0000,0016,0000,0000,0000,0000,0,0016,0016,0000,0,000,0016,0016
1454,1454,0,25ecbc6469680000,fc,0,0,0016,0748,0,0000,0016,0,0016,0000,1,1,0,0,0000,0016,0000,0000,0000,0000,0,0016,0016,0000,0,000,0016,0016
1455,1455,0,25ecbc6469680000,fc,0,0,0016,0748,0,0000,0016,0,0016,0000,1,1,0,0,0000,0016,0000,0000,0000,0000,0,0016,0016,0000,0,000,0016,0016
1456,1456,0,25ecbc6469680000,fc,0,0,0016,0748,0,0000,0016,0,0016,0000,1,1,0,0,0000,0016,0000,0000,0000,0000,0,0016,0016,0000,0,000,0016,0016
1457,1457,0,25ecbc6469680000,fc,0,0,0016,0748,0,0000,0016,0,0016,0000,1,1,0,0,0000,0016,0000,0000,0000,0000,0,0016,0016,0000,0,000,0016,0016
1458,1458,0,25ecbc6469680000,fc,0,0,0016,0748,0,0000,0016,0,0016,0000,1,1,0,0,0000,0016,0000,0000,0000,0000,0,0016,0016,0000,0,000,0016,0016
1459,1459,0,25ecbc6469680000,fc,0,0,0016,0748,0,0000,0016,0,0016,0000,1,1,0,0,0000,0016,0000,0000,0000,0000,0,0016,0016,0000,0,000,0016,0016
1460,1460,0,25ecbc6469680000,fc,0,0,0016,0748,0,0000,0016,0,0016,0000,1,1,0,0,0000,0016,0000,0000,0000,0000,0,0016,0016,0000,0,000,0016,0016
1461,1461,0,25ecbc6469680000,fc,0,0,0016,0748,0,0000,0016,0,0016,0000,1,1,0,0,0000,0016,0000,0000,0000,0000,0,0016,0016,0000,0,000,0016,0016
1462,1462,0,25ecbc6469680000,fc,0,0,0016,0748,0,0000,0016,0,0016,0000,1,1,0,0,0000,0016,0000,0000,0000,0000,0,0016,0016,0000,0,000,0016,0016
1463,1463,0,25ecbc6469680000,fc,0,0,0016,0748,0,0000,0016,0,0016,0000,1,1,0,0,0000,0016,0000,0000,0000,0000,0,0016,0016,0000,0,000,0016,0016
1464,1464,0,25ecbc6469680000,fc,0,0,0016,0748,0,0000,0016,0,0016,0000,1,1,0,0,0000,0016,0000,0000,0000,0000,0,0016,0016,0000,0,000,0016,0016
1465,1465,0,25ecbc6469680000,fc,0,0,0016,0748,0,0000,0016,0,0016,0000,1,1,0,0,0000,0016,0000,0000,0000,0000,0,0016,0016,0000,0,000,0016,0016
1466,1466,0,25ecbc6469680000,fc,0,0,0016,0748,0,0000,0016,0,0016,0000,1,1,0,0,0000,0016,0000,0000,0000,0000,0,0016,0016,0000,0,000,0016,0016
1467,1467,0,25ecbc6469680000,fc,0,0,0016,0748,0,0000,0016,0,0016,0000,1,1,0,0,0000,0016,0000,0000,0000,0000,0,0016,0016,0000,0,000,0016,0016
1468,1468,0,25ecbc6469680000,fc,0,0,0016,0748,0,0000,0016,0,0016,0000,1,1,0,0,0000,0016,0000,0000,0000,0000,0,0016,0016,0000,0,000,0016,0016
1469,1469,0,25ecbc6469680000,fc,0,0,0016,0748,0,0000,0016,0,0016,0000,1,1,0,0,0000,0016,0000,0000,0000,0000,0,0016,0016,0000,0,000,0016,0016
1470,1470,0,25ecbc6469680000,fc,0,0,0016,0748,0,0000,0016,0,0016,0000,1,1,0,0,0000,0016,0000,0000,0000,0000,0,0016,0016,0000,0,000,0016,0016
1471,1471,0,25ecbc6469680000,fc,0,0,0016,0748,0,0000,0016,0,0016,0000,1,1,0,0,0000,0016,0000,0000,0000,0000,0,0016,0016,0000,0,000,0016,0016
1472,1472,0,25ecbc6469680000,fc,0,0,0016,0748,0,0000,0016,0,0016,0000,1,1,0,0,0000,0016,0000,0000,0000,0000,0,0016,0016,0000,0,000,0016,0016
1473,1473,0,25ecbc6469680000,fc,0,0,0016,0748,0,0000,0016,0,0016,0000,1,1,0,0,0000,0016,0000,0000,0000,0000,0,0016,0016,0000,0,000,0016,0016
1474,1474,0,25ecbc6469680000,fc,0,0,0016,0748,0,0000,0016,0,0016,0000,1,1,0,0,0000,0016,0000,0000,0000,0000,0,0016,0016,0000,0,000,0016,0016
1475,1475,0,25ecbc6469680000,fc,0,0,0016,0748,0,0000,0016,0,0016,0000,1,1,0,0,0000,0016,0000,0000,0000,0000,0,0016,0016,0000,0,000,0016,0016
1476,1476,0,25ecbc6469680000,fc,0,0,0016,0748,0,0000,0016,0,0016,0000,1,1,0,0,0000,0016,0000,0000,0000,0000,0,0016,0016,0000,0,000,0016,0016
1477,1477,0,25ecbc6469680000,fc,0,0,0016,0748,0,0000,0016,0,0016,0000,1,1,0,0,0000,0016,0000,0000,0000,0000,0,0016,0016,0000,0,000,0016,0016
1478,1478,0,25ecbc6469680000,fc,0,0,0016,0748,0,0000,0016,0,0016,0000,1,1,0,0,0000,0016,0000,0000,0000,0000,0,0016,0016,0000,0,000,0016,0016
1479,1479,0,25ecbc6469680000,fc,0,0,0016,0748,0,0000,0016,0,0016,0000,1,1,0,0,0000,0016,0000,0000,0000,0000,0,0016,0016,0000,0,000,0016,0016
1480,1480,0,25ecbc6469680000,fc,0,0,0016,0748,0,0000,0016,0,0016,0000,1,1,0,0,0000,0016,0000,0000,0000,0000,0,0016,0016,0000,0,000,0016,0016
1481,1481,0,25ecbc6469680000,fc,0,0,0016,0748,0,0000,0016,0,0016,0000,1,1,0,0,0000,0016,0000,0000,0000,0000,0,0016,0016,0000,0,000,0016,0016
1482,1482,0,25ecbc6469680000,fc,0,0,0016,0748,0,0000,0016,0,0016,0000,1,1,0,0,0000,0016,0000,0000,0000,0000,0,0016,0016,0000,0,000,0016,0016
1483,1483,0,25ecbc6469680000,fc,0,0,0016,0748,0,0000,0016,0,0016,0000,1,1,0,0,0000,0016,0000,0000,0000,0000,0,0016,0016,0000,0,000,0016,0016
1484,1484,0,25ecbc6469680000,fc,0,0,0016,0748,0,0000,0016,0,0016,0000,1,1,0,0,0000,0016,0000,0000,0000,0000,0,0016,0016,0000,0,000,0016,0016
1485,1485,0,25ecbc6469680000,fc,0,0,0016,0748,0,0000,0016,0,0016,0000,1,1,0,0,0000,0016,0000,0000,0000,0000,0,0016,0016,0000,0,000,0016,0016
1486,1486,0,25ecbc6469680000,fc,0,0,0016,0748,0,0000,0016,0,0016,0000,1,1,0,0,0000,0016,0000,0000,0000,0000,0,0016,0016,0000,0,000,0016,0016
1487,1487,0,25ecbc6469680000,fc,0,0,0016,0748,0,0000,0016,0,0016,0000,1,1,0,0,0000,0016,0000,0000,0000,0000,0,0016,0016,0000,0,000,0016,0016
1488,1488,0,25ecbc6469680000,fc,0,0,0016,0748,0,0000,0016,0,0016,0000,1,1,0,0,0000,0016,0000,0000,0000,0000,0,0016,0016,0000,0,000,0016,0016
1489,1489,0,25ecbc6469680000,fc,0,0,0016,0748,0,0000,0016,0,0016,0000,1,1,0,0,0000,0016,0000,0000,0000,0000,0,0016,0016,0000,0,000,0016,0016
1490,1490,0,25ecbc6469680000,fc,0,0,0016,0748,0,0000,0016,0,0016,0000,1,1,0,0,0000,0016,0000,0000,0000,0000,0,0016,0016,0000,0,000,0016,0016
1491,1491,0,25ecbc6469680000,fc,0,0,0016,0748,0,0000,0016,0,0016,0000,1,1,0,0,0000,0016,0000,0000,0000,0000,0,0016,0016,0000,0,000,0016,0016
1492,1492,0,25ecbc6469680000,fc,0,0,0016,0748,0,0000,0016,0,0016,0000,1,1,0,0,0000,0016,0000,0000,0000,0000,0,0016,0016,0000,0,000,0016,0016
1493,1493,0,25ecbc6469680000,fc,0,0,0016,0748,0,0000,0016,0,0016,0000,1,1,0,0,0000,0016,0000,0000,0000,0000,0,0016,0016,0000,0,000,0016,0016
1494,1494,0,25ecbc6469680000,fc,0,0,0016,0748,0,0000,0016,0,0016,0000,1,1,0,0,0000,0016,0000,0000,0000,0000,0,0016,0016,0000,0,000,0016,0016
1495,1495,0,25ecbc6469680000,fc,0,0,0016,0748,0,0000,0016,0,0016,0000,1,1,0,0,0000,0016,0000,0000,0000,0000,0,0016,0016,0000,0,000,0016,0016
1496,1496,0,25ecbc6469680000,fc,0,0,0016,0748,0,0000,0016,0,0016,0000,1,1,0,0,0000,0016,0000,0000,0000,0000,0,0016,0016,0000,0,000,0016,0016
1497,1497,0,25ecbc6469680000,fc,0,0,0016,0748,0,0000,0016,0,0016,0000,1,1,0,0,0000,0016,0000,0000,0000,0000,0,0016,0016,0000,0,000,0016,0016
1498,1498,0,25ecbc6469680000,fc,0,0,0016,0748,0,0000,0016,0,0016,0000,1,1,0,0,0000,0016,0000,0000,0000,0000,0,0016,0016,0000,0,000,0016,0016
1499,1499,0,25ecbc6469680000,fc,0,0,0016,0748,0,0000,0016,0,0016,0000,1,1,0,0,0000,0016,0000,0000,0000,0000,0,0016,0016,0000,0,000,0016,0016
1500,1500,0,25ecbc6469680000,fc,0,0,0016,0748,0,0000,0016,0,0016,0000,1,1,0,0,0000,0016,0000,0000,0000,0000,0,0016,0016,0000,0,000,0016,0016
1501,1501,0,25ecbc6469680000,fc,0,0,0016,0748,0,0000,0016,0,0016,0000,1,1,0,0,0000,0016,0000,0000,0000,0000,0,0016,0016,0000,0,000,0016,0016
1502,1502,0,25ecbc6469680000,fc,0,0,0016,0748,0,0000,0016,0,0016,0000,1,1,0,0,0000,0016,0000,0000,0000,0000,0,0016,0016,0000,0,000,0016,0016
1503,1503,0,25ecbc6469680000,fc,0,0,0016,0748,0,0000,0016,0,0016,0000,1,1,0,0,0000,0016,0000,0000,0000,0000,0,0016,0016,0000,0,000,0016,0016
1504,1504,0,25ecbc6469680000,fc,0,0,0016,0748,0,0000,0016,0,0016,0000,1,1,0,0,0000,0016,0000,0000,0000,0000,0,0016,0016,0000,0,000,0016,0016
1505,1505,0,25ecbc6469680000,fc,0,0,0016,0748,0,0000,0016,0,0016,0000,1,1,0,0,0000,0016,0000,0000,0000,0000,0,0016,0016,0000,0,000,0016,0016
1506,1506,0,25ecbc6469680000,fc,0,0,0016,0748,0,0000,0016,0,0016,0000,1,1,0,0,0000,0016,0000,0000,0000,0000,0,0016,0016,0000,0,000,0016,0016
1507,1507,0,25ecbc6469680000,fc,0,0,0016,0748,0,0000,0016,0,0016,0000,1,1,0,0,0000,0016,0000,0000,0000,0000,0,0016,0016,0000,0,000,0016,0016
1508,1508,0,25ecbc6469680000,fc,0,0,0016,0748,0,0000,0016,0,0016,0000,1,1,0,0,0000,0016,0000,0000,0000,0000,0,0016,0016,0000,0,000,0016,0016
1509,1509,0,25ecbc6469680000,fc,0,0,0016,0748,0,0000,0016,0,0016,0000,1,1,0,0,0000,0016,0000,0000,0000,0000,0,0016,0016,0000,0,000,0016,0016
1510,1510,0,25ecbc6469680000,fc,0,0,0016,0748,0,0000,0016,0,0016,0000,1,1,0,0,0000,0016,0000,0000,0000,0000,0,0016,0016,0000,0,000,0016,0016
1511,1511,0,25ecbc6469680000,fc,0,0,0016,0748,0,0000,0016,0,0016,0000,1,1,0,0,0000,0016,0000,0000,0000,0000,0,0016,0016,0000,0,000,0016,0016
1512,1512,0,25ecbc6469680000,fc,0,0,0016,0748,0,0000,0016,0,0016,0000,1,1,0,0,0000,0016,0000,0000,0000,0000,0,0016,0016,0000,0,000,0016,0016
1513,1513,0,25ecbc6469680000,fc,0,0,0016,0748,0,0000,0016,0,0016,0000,1,1,0,0,0000,0016,0000,0000,0000,0000,0,0016,0016,0000,0,000,0016,0016
1514,1514,0,25ecbc6469680000,fc,0,0,0016,0748,0,0000,0016,0,0016,0000,1,1,0,0,0000,0016,0000,0000,0000,0000,0,0016,0016,0000,0,000,0016,0016
1515,1515,0,25ecbc6469680000,fc,0,0,0016,0748,0,0000,0016,0,0016,0000,1,1,0,0,0000,0016,0000,0000,0000,0000,0,0016,0016,0000,0,000,0016,0016
1516,1516,0,25ecbc6469680000,fc,0,0,0016,0748,0,0000,0016,0,0016,0000,1,1,0,0,0000,0016,0000,0000,0000,0000,0,0016,0016,0000,0,000,0016,0016
1517,1517,0,25ecbc6469680000,fc,0,0,0016,0748,0,0000,0016,0,0016,0000,1,1,0,0,0000,0016,0000,0000,0000,0000,0,0016,0016,0000,0,000,0016,0016
1518,1518,0,25ecbc6469680000,fc,0,0,0016,0748,0,0000,0016,0,0016,0000,1,1,0,0,0000,0016,0000,0000,0000,0000,0,0016,0016,0000,0,000,0016,0016
1519,1519,0,25ecbc6469680000,fc,0,0,0016,0748,0,0000,0016,0,0016,0000,1,1,0,0,0000,0016,0000,0000,0000,0000,0,0016,0016,0000,0,000,0016,0016
1520,1520,0,25ecbc6469680000,fc,0,0,0016,0748,0,0000,0016,0,0016,0000,1,1,0,0,0000,0016,0000,0000,0000,0000,0,0016,0016,0000,0,000,0016,0016
1521,1521,0,25ecbc6469680000,fc,0,0,0016,0748,0,0000,0016,0,0016,0000,1,1,0,0,0000,0016,0000,0000,0000,0000,0,0016,0016,0000,0,000,0016,0016
1522,1522,0,25ecbc6469680000,fc,0,0,0016,0748,0,0000,0016,0,0016,0000,1,1,0,0,0000,0016,0000,0000,0000,0000,0,0016,0016,0000,0,000,0016,0016
1523,1523,0,25ecbc6469680000,fc,0,0,0016,0748,0,0000,0016,0,0016,0000,1,1,0,0,0000,0016,0000,0000,0000,0000,0,0016,0016,0000,0,000,0016,0016
1524,1524,0,25ecbc6469680000,fc,0,0,0016,0748,0,0000,0016,0,0016,0000,1,1,0,0,0000,0016,0000,0000,0000,0000,0,0016,0016,0000,0,000,0016,0016
1525,1525,0,25ecbc6469680000,fc,0,0,0016,0748,0,0000,0016,0,0016,0000,1,1,0,0,0000,0016,0000,0000,0000,0000,0,0016,0016,0000,0,000,0016,0016
1526,1526,0,25ecbc6469680000,fc,0,0,0016,0748,0,0000,0016,0,0016,0000,1,1,0,0,0000,0016,0000,0000,0000,0000,0,0016,0016,0000,0,000,0016,0016
1527,1527,0,25ecbc6469680000,fc,0,0,0016,0748,0,0000,0016,0,0016,0000,1,1,0,0,0000,0016,0000,0000,0000,0000,0,0016,0016,0000,0,000,0016,0016
1528,1528,0,25ecbc6469680000,fc,0,0,0016,0748,0,0000,0016,0,0016,0000,1,1,0,0,0000,0016,0000,0000,0000,0000,0,0016,0016,0000,0,000,0016,0016
1529,1529,0,25ecbc6469680000,fc,0,0,0016,0748,0,0000,0016,0,0016,0000,1,1,0,0,0000,0016,0000,0000,0000,0000,0,0016,0016,0000,0,000,0016,0016
1530,1530,0,25ecbc6469680000,fc,0,0,0016,0748,0,0000,0016,0,0016,0000,1,1,0,0,0000,0016,0000,0000,0000,0000,0,0016,0016,0000,0,000,0016,0016
1531,1531,0,25ecbc6469680000,fc,0,0,0016,0748,0,0000,0016,0,0016,0000,1,1,0,0,0000,0016,0000,0000,0000,0000,0,0016,0016,0000,0,000,0016,0016
1532,1532,0,25ecbc6469680000,fc,0,0,0016,0748,0,0000,0016,0,0016,0000,1,1,0,0,0000,0016,0000,0000,0000,0000,0,0016,0016,0000,0,000,0016,0016
1533,1533,0,25ecbc6469680000,fc,0,0,0016,0748,0,0000,0016,0,0016,0000,1,1,0,0,0000,0016,0000,0000,0000,0000,0,0016,0016,0000,0,000,0016,0016
1534,1534,0,25ecbc6469680000,fc,0,0,0016,0748,0,0000,0016,0,0016,0000,1,1,0,0,0000,0016,0000,0000,0000,0000,0,0016,0016,0000,0,000,0016,0016
1535,1535,0,25ecbc6469680000,fc,0,0,0016,0748,0,0000,0016,0,0016,0000,1,1,0,0,0000,0016,0000,0000,0000,0000,0,0016,0016,0000,0,000,0016,0016
1536,1536,0,25ecbc6469680000,fc,0,0,0016,0748,0,0000,0016,0,0016,0000,1,1,0,0,0000,0016,0000,0000,0000,0000,0,0016,0016,0000,0,000,0016,0016
1537,1537,0,25ecbc6469680000,fc,0,0,0016,0748,0,0000,0016,0,0016,0000,1,1,0,0,0000,0016,0000,0000,0000,0000,0,0016,0016,0000,0,000,0016,0016
1538,1538,0,25ecbc6469680000,fc,0,0,0016,0748,0,0000,0016,0,0016,0000,1,1,0,0,0000,0016,0000,0000,0000,0000,0,0016,0016,0000,0,000,0016,0016
1539,1539,0,25ecbc6469680000,fc,0,0,0016,0748,0,0000,0016,0,0016,0000,1,1,0,0,0000,0016,0000,0000,0000,0000,0,0016,0016,0000,0,000,0016,0016
1540,1540,0,25ecbc6469680000,fc,0,0,0016,0748,0,0000,0016,0,0016,0000,1,1,0,0,0000,0016,0000,0000,0000,0000,0,0016,0016,0000,0,000,0016,0016
1541,1541,0,25ecbc6469680000,fc,0,0,0016,0748,0,0000,0016,0,0016,0000,1,1,0,0,0000,0016,0000,0000,0000,0000,0,0016,0016,0000,0,000,0016,0016
1542,1542,0,25ecbc6469680000,fc,0,0,0016,0748,0,0000,0016,0,0016,0000,1,1,0,0,0000,0016,0000,0000,0000,0000,0,0016,0016,0000,0,000,0016,0016
1543,1543,0,25ecbc6469680000,fc,0,0,0016,0748,0,0000,0016,0,0016,0000,1,1,0,0,0000,0016,0000,0000,0000,0000,0,0016,0016,0000,0,000,0016,0016
1544,1544,0,25ecbc6469680000,fc,0,0,0016,0748,0,0000,0016,0,0016,0000,1,1,0,0,0000,0016,0000,0000,0000,0000,0,0016,0016,0000,0,000,0016,0016
1545,1545,0,25ecbc6469680000,fc,0,0,0016,0748,0,0000,0016,0,0016,0000,1,1,0,0,0000,0016,0000,0000,0000,0000,0,0016,0016,0000,0,000,0016,0016
1546,1546,0,25ecbc6469680000,fc,0,0,0016,0748,0,0000,0016,0,0016,0000,1,1,0,0,0000,0016,0000,0000,0000,0000,0,0016,0016,0000,0,000,0016,0016
1547,1547,0,25ecbc6469680000,fc,0,0,0016,0748,0,0000,0016,0,0016,0000,1,1,0,0,0000,0016,0000,0000,0000,0000,0,0016,0016,0000,0,000,0016,0016
1548,1548,0,25ecbc6469680000,fc,0,0,0016,0748,0,0000,0016,0,0016,0000,1,1,0,0,0000,0016,0000,0000,0000,0000,0,0016,0016,0000,0,000,0016,0016
1549,1549,0,25ecbc6469680000,fc,0,0,0016,0748,0,0000,0016,0,0016,0000,1,1,0,0,0000,0016,0000,0000,0000,0000,0,0016,0016,0000,0,000,0016,0016
1550,1550,0,25ecbc6469680000,fc,0,0,0016,0748,0,0000,0016,0,0016,0000,1,1,0,0,0000,0016,0000,0000,0000,0000,0,0016,0016,0000,0,000,0016,0016
1551,1551,0,25ecbc6469680000,fc,0,0,0016,0748,0,0000,0016,0,0016,0000,1,1,0,0,0000,0016,0000,0000,0000,0000,0,0016,0016,0000,0,000,0016,0016
1552,1552,0,25ecbc6469680000,fc,0,0,0016,0748,0,0000,0016,0,0016,0000,1,1,0,0,0000,0016,0000,0000,0000,0000,0,0016,0016,0000,0,000,0016,0016
1553,1553,0,25ecbc6469680000,fc,0,0,0016,0748,0,0000,0016,0,0016,0000,1,1,0,0,0000,0016,0000,0000,0000,0000,0,0016,0016,0000,0,000,0016,0016
1554,1554,0,25ecbc6469680000,fc,0,0,0016,0748,0,0000,0016,0,0016,0000,1,1,0,0,0000,0016,0000,0000,0000,0000,0,0016,0016,0000,0,000,0016,0016
1555,1555,0,25ecbc6469680000,fc,0,0,0016,0748,0,0000,0016,0,0016,0000,1,1,0,0,0000,0016,0000,0000,0000,0000,0,0016,0016,0000,0,000,0016,0016
1556,1556,0,25ecbc6469680000,fc,0,0,0016,0748,0,0000,0016,0,0016,0000,1,1,0,0,0000,0016,0000,0000,0000,0000,0,0016,0016,0000,0,000,0016,0016
1557,1557,0,25ecbc6469680000,fc,0,0,0016,0748,0,0000,0016,0,0016,0000,1,1,0,0,0000,0016,0000,0000,0000,0000,0,0016,0016,0000,0,000,0016,0016
1558,1558,0,25ecbc6469680000,fc,0,0,0016,0748,0,0000,0016,0,0016,0000,1,1,0,0,0000,0016,0000,0000,0000,0000,0,0016,0016,0000,0,000,0016,0016
1559,1559,0,25ecbc6469680000,fc,0,0,0016,0748,0,0000,0016,0,0016,0000,1,1,0,0,0000,0016,0000,0000,0000,0000,0,0016,0016,0000,0,000,0016,0016
1560,1560,0,25ecbc6469680000,fc,0,0,0016,0748,0,0000,0016,0,0016,0000,1,1,0,0,0000,0016,0000,0000,0000,0000,0,0016,0016,0000,0,000,0016,0016
1561,1561,0,25ecbc6469680000,fc,0,0,0016,0748,0,0000,0016,0,0016,0000,1,1,0,0,0000,0016,0000,0000,0000,0000,0,0016,0016,0000,0,000,0016,0016
1562,1562,0,25ecbc6469680000,fc,0,0,0016,0748,0,0000,0016,0,0016,0000,1,1,0,0,0000,0016,0000,0000,0000,0000,0,0016,0016,0000,0,000,0016,0016
1563,1563,0,25ecbc6469680000,fc,0,0,0016,0748,0,0000,0016,0,0016,0000,1,1,0,0,0000,0016,0000,0000,0000,0000,0,0016,0016,0000,0,000,0016,0016
1564,1564,0,25ecbc6469680000,fc,0,0,0016,0748,0,0000,0016,0,0016,0000,1,1,0,0,0000,0016,0000,0000,0000,0000,0,0016,0016,0000,0,000,0016,0016
1565,1565,0,25ecbc6469680000,fc,0,0,0016,0748,0,0000,0016,0,0016,0000,1,1,0,0,0000,0016,0000,0000,0000,0000,0,0016,0016,0000,0,000,0016,0016
1566,1566,0,25ecbc6469680000,fc,0,0,0016,0748,0,0000,0016,0,0016,0000,1,1,0,0,0000,0016,0000,0000,0000,0000,0,0016,0016,0000,0,000,0016,0016
1567,1567,0,25ecbc6469680000,fc,0,0,0016,0748,0,0000,0016,0,0016,0000,1,1,0,0,0000,0016,0000,0000,0000,0000,0,0016,0016,0000,0,000,0016,0016
1568,1568,0,25ecbc6469680000,fc,0,0,0016,0748,0,0000,0016,0,0016,0000,1,1,0,0,0000,0016,0000,0000,0000,0000,0,0016,0016,0000,0,000,0016,0016
1569,1569,0,25ecbc6469680000,fc,0,0,0016,0748,0,0000,0016,0,0016,0000,1,1,0,0,0000,0016,0000,0000,0000,0000,0,0016,0016,0000,0,000,0016,0016
1570,1570,0,25ecbc6469680000,fc,0,0,0016,0748,0,0000,0016,0,0016,0000,1,1,0,0,0000,0016,0000,0000,0000,0000,0,0016,0016,0000,0,000,0016,0016
1571,1571,0,25ecbc6469680000,fc,0,0,0016,0748,0,0000,0016,0,0016,0000,1,1,0,0,0000,0016,0000,0000,0000,0000,0,0016,0016,0000,0,000,0016,0016
1572,1572,0,25ecbc6469680000,fc,0,0,0016,0748,0,0000,0016,0,0016,0000,1,1,0,0,0000,0016,0000,0000,0000,0000,0,0016,0016,0000,0,000,0016,0016
1573,1573,0,25ecbc6469680000,fc,0,0,0016,0748,0,0000,0016,0,0016,0000,1,1,0,0,0000,0016,0000,0000,0000,0000,0,0016,0016,0000,0,000,0016,0016
1574,1574,0,25ecbc6469680000,fc,0,0,0016,0748,0,0000,0016,0,0016,0000,1,1,0,0,0000,0016,0000,0000,0000,0000,0,0016,0016,0000,0,000,0016,0016
1575,1575,0,25ecbc6469680000,fc,0,0,0016,0748,0,0000,0016,0,0016,0000,1,1,0,0,0000,0016,0000,0000,0000,0000,0,0016,0016,0000,0,000,0016,0016
1576,1576,0,25ecbc6469680000,fc,0,0,0016,0748,0,0000,0016,0,0016,0000,1,1,0,0,0000,0016,0000,0000,0000,0000,0,0016,0016,0000,0,000,0016,0016
1577,1577,0,25ecbc6469680000,fc,0,0,0016,0748,0,0000,0016,0,0016,0000,1,1,0,0,0000,0016,0000,0000,0000,0000,0,0016,0016,0000,0,000,0016,0016
1578,1578,0,25ecbc6469680000,fc,0,0,0016,0748,0,0000,0016,0,0016,0000,1,1,0,0,0000,0016,0000,0000,0000,0000,0,0016,0016,0000,0,000,0016,0016
1579,1579,0,25ecbc6469680000,fc,0,0,0016,0748,0,0000,0016,0,0016,0000,1,1,0,0,0000,0016,0000,0000,0000,0000,0,0016,0016,0000,0,000,0016,0016
1580,1580,0,25ecbc6469680000,fc,0,0,0016,0748,0,0000,0016,0,0016,0000,1,1,0,0,0000,0016,0000,0000,0000,0000,0,0016,0016,0000,0,000,0016,0016
1581,1581,0,25ecbc6469680000,fc,0,0,0016,0748,0,0000,0016,0,0016,0000,1,1,0,0,0000,0016,0000,0000,0000,0000,0,0016,0016,0000,0,000,0016,0016
1582,1582,0,25ecbc6469680000,fc,0,0,0016,0748,0,0000,0016,0,0016,0000,1,1,0,0,0000,0016,0000,0000,0000,0000,0,0016,0016,0000,0,000,0016,0016
1583,1583,0,25ecbc6469680000,fc,0,0,0016,0748,0,0000,0016,0,0016,0000,1,1,0,0,0000,0016,0000,0000,0000,0000,0,0016,0016,0000,0,000,0016,0016
1584,1584,0,25ecbc6469680000,fc,0,0,0016,0748,0,0000,0016,0,0016,0000,1,1,0,0,0000,0016,0000,0000,0000,0000,0,0016,0016,0000,0,000,0016,0016
1585,1585,0,25ecbc6469680000,fc,0,0,0016,0748,0,0000,0016,0,0016,0000,1,1,0,0,0000,0016,0000,0000,0000,0000,0,0016,0016,0000,0,000,0016,0016
1586,1586,0,25ecbc6469680000,fc,0,0,0016,0748,0,0000,0016,0,0016,0000,1,1,0,0,0000,0016,0000,0000,0000,0000,0,0016,0016,0000,0,000,0016,0016
1587,1587,0,25ecbc6469680000,fc,0,0,0016,0748,0,0000,0016,0,0016,0000,1,1,0,0,0000,0016,0000,0000,0000,0000,0,0016,0016,0000,0,000,0016,0016
1588,1588,0,25ecbc6469680000,fc,0,0,0016,0748,0,0000,0016,0,0016,0000,1,1,0,0,0000,0016,0000,0000,0000,0000,0,0016,0016,0000,0,000,0016,0016
1589,1589,0,25ecbc6469680000,fc,0,0,0016,0748,0,0000,0016,0,0016,0000,1,1,0,0,0000,0016,0000,0000,0000,0000,0,0016,0016,0000,0,000,0016,0016
1590,1590,0,25ecbc6469680000,fc,0,0,0016,0748,0,0000,0016,0,0016,0000,1,1,0,0,0000,0016,0000,0000,0000,0000,0,0016,0016,0000,0,000,0016,0016
1591,1591,0,25ecbc6469680000,fc,0,0,0016,0748,0,0000,0016,0,0016,0000,1,1,0,0,0000,0016,0000,0000,0000,0000,0,0016,0016,0000,0,000,0016,0016
1592,1592,0,25ecbc6469680000,fc,0,0,0016,0748,0,0000,0016,0,0016,0000,1,1,0,0,0000,0016,0000,0000,0000,0000,0,0016,0016,0000,0,000,0016,0016
1593,1593,0,25ecbc6469680000,fc,0,0,0016,0748,0,0000,0016,0,0016,0000,1,1,0,0,0000,0016,0000,0000,0000,0000,0,0016,0016,0000,0,000,0016,0016
1594,1594,0,25ecbc6469680000,fc,0,0,0016,0748,0,0000,0016,0,0016,0000,1,1,0,0,0000,0016,0000,0000,0000,0000,0,0016,0016,0000,0,000,0016,0016
1595,1595,0,25ecbc6469680000,fc,0,0,0016,0748,0,0000,0016,0,0016,0000,1,1,0,0,0000,0016,0000,0000,0000,0000,0,0016,0016,0000,0,000,0016,0016
1596,1596,0,25ecbc6469680000,fc,0,0,0016,0748,0,0000,0016,0,0016,0000,1,1,0,0,0000,0016,0000,0000,0000,0000,0,0016,0016,0000,0,000,0016,0016
1597,1597,0,25ecbc6469680000,fc,0,0,0016,0748,0,0000,0016,0,0016,0000,1,1,0,0,0000,0016,0000,0000,0000,0000,0,0016,0016,0000,0,000,0016,0016
1598,1598,0,25ecbc6469680000,fc,0,0,0016,0748,0,0000,0016,0,0016,0000,1,1,0,0,0000,0016,0000,0000,0000,0000,0,0016,0016,0000,0,000,0016,0016
1599,1599,0,25ecbc6469680000,fc,0,0,0016,0748,0,0000,0016,0,0016,0000,1,1,0,0,0000,0016,0000,0000,0000,0000,0,0016,0016,0000,0,000,0016,0016
1600,1600,0,25ecbc6469680000,fc,0,0,0016,0748,0,0000,0016,0,0016,0000,1,1,0,0,0000,0016,0000,0000,0000,0000,0,0016,0016,0000,0,000,0016,0016
1601,1601,0,25ecbc6469680000,fc,0,0,0016,0748,0,0000,0016,0,0016,0000,1,1,0,0,0000,0016,0000,0000,0000,0000,0,0016,0016,0000,0,000,0016,0016
1602,1602,0,25ecbc6469680000,fc,0,0,0016,0748,0,0000,0016,0,0016,0000,1,1,0,0,0000,0016,0000,0000,0000,0000,0,0016,0016,0000,0,000,0016,0016
1603,1603,0,25ecbc6469680000,fc,0,0,0016,0748,0,0000,0016,0,0016,0000,1,1,0,0,0000,0016,0000,0000,0000,0000,0,0016,0016,0000,0,000,0016,0016
1604,1604,0,25ecbc6469680000,fc,0,0,0016,0748,0,0000,0016,0,0016,0000,1,1,0,0,0000,0016,0000,0000,0000,0000,0,0016,0016,0000,0,000,0016,0016
1605,1605,0,25ecbc6469680000,fc,0,0,0016,0748,0,0000,0016,0,0016,0000,1,1,0,0,0000,0016,0000,0000,0000,0000,0,0016,0016,0000,0,000,0016,0016
1606,1606,0,25ecbc6469680000,fc,0,0,0016,0748,0,0000,0016,0,0016,0000,1,1,0,0,0000,0016,0000,0000,0000,0000,0,0016,0016,0000,0,000,0016,0016
1607,1607,0,25ecbc6469680000,fc,0,0,0016,0748,0,0000,0016,0,0016,0000,1,1,0,0,0000,0016,0000,0000,0000,0000,0,0016,0016,0000,0,000,0016,0016
1608,1608,0,25ecbc6469680000,fc,0,0,0016,0748,0,0000,0016,0,0016,0000,1,1,0,0,0000,0016,0000,0000,0000,0000,0,0016,0016,0000,0,000,0016,0016
1609,1609,0,25ecbc6469680000,fc,0,0,0016,0748,0,0000,0016,0,0016,0000,1,1,0,0,0000,0016,0000,0000,0000,0000,0,0016,0016,0000,0,000,0016,0016
1610,1610,0,25ecbc6469680000,fc,0,0,0016,0748,0,0000,0016,0,0016,0000,1,1,0,0,0000,0016,0000,0000,0000,0000,0,0016,0016,0000,0,000,0016,0016
1611,1611,0,25ecbc6469680000,fc,0,0,0016,0748,0,0000,0016,0,0016,0000,1,1,0,0,0000,0016,0000,0000,0000,0000,0,0016,0016,0000,0,000,0016,0016
1612,1612,0,25ecbc6469680000,fc,0,0,0016,0748,0,0000,0016,0,0016,0000,1,1,0,0,0000,0016,0000,0000,0000,0000,0,0016,0016,0000,0,000,0016,0016
1613,1613,0,25ecbc6469680000,fc,0,0,0016,0748,0,0000,0016,0,0016,0000,1,1,0,0,0000,0016,0000,0000,0000,0000,0,0016,0016,0000,0,000,0016,0016
1614,1614,0,25ecbc6469680000,fc,0,0,0016,0748,0,0000,0016,0,0016,0000,1,1,0,0,0000,0016,0000,0000,0000,0000,0,0016,0016,0000,0,000,0016,0016
1615,1615,0,25ecbc6469680000,fc,0,0,0016,0748,0,0000,0016,0,0016,0000,1,1,0,0,0000,0016,0000,0000,0000,0000,0,0016,0016,0000,0,000,0016,0016
1616,1616,0,25ecbc6469680000,fc,0,0,0016,0748,0,0000,0016,0,0016,0000,1,1,0,0,0000,0016,0000,0000,0000,0000,0,0016,0016,0000,0,000,0016,0016
1617,1617,0,25ecbc6469680000,fc,0,0,0016,0748,0,0000,0016,0,0016,0000,1,1,0,0,0000,0016,0000,0000,0000,0000,0,0016,0016,0000,0,000,0016,0016
1618,1618,0,25ecbc6469680000,fc,0,0,0016,0748,0,0000,0016,0,0016,0000,1,1,0,0,0000,0016,0000,0000,0000,0000,0,0016,0016,0000,0,000,0016,0016
1619,1619,0,25ecbc6469680000,fc,0,0,0016,0748,0,0000,0016,0,0016,0000,1,1,0,0,0000,0016,0000,0000,0000,0000,0,0016,0016,0000,0,000,0016,0016
1620,1620,0,25ecbc6469680000,fc,0,0,0016,0748,0,0000,0016,0,0016,0000,1,1,0,0,0000,0016,0000,0000,0000,0000,0,0016,0016,0000,0,000,0016,0016
1621,1621,0,25ecbc6469680000,fc,0,0,0016,0748,0,0000,0016,0,0016,0000,1,1,0,0,0000,0016,0000,0000,0000,0000,0,0016,0016,0000,0,000,0016,0016
1622,1622,0,25ecbc6469680000,fc,0,0,0016,0748,0,0000,0016,0,0016,0000,1,1,0,0,0000,0016,0000,0000,0000,0000,0,0016,0016,0000,0,000,0016,0016
1623,1623,0,25ecbc6469680000,fc,0,0,0016,0748,0,0000,0016,0,0016,0000,1,1,0,0,0000,0016,0000,0000,0000,0000,0,0016,0016,0000,0,000,0016,0016
1624,1624,0,25ecbc6469680000,fc,0,0,0016,0748,0,0000,0016,0,0016,0000,1,1,0,0,0000,0016,0000,0000,0000,0000,0,0016,0016,0000,0,000,0016,0016
1625,1625,0,25ecbc6469680000,fc,0,0,0016,0748,0,0000,0016,0,0016,0000,1,1,0,0,0000,0016,0000,0000,0000,0000,0,0016,0016,0000,0,000,0016,0016
1626,1626,0,25ecbc6469680000,fc,0,0,0016,0748,0,0000,0016,0,0016,0000,1,1,0,0,0000,0016,0000,0000,0000,0000,0,0016,0016,0000,0,000,0016,0016
1627,1627,0,25ecbc6469680000,fc,0,0,0016,0748,0,0000,0016,0,0016,0000,1,1,0,0,0000,0016,0000,0000,0000,0000,0,0016,0016,0000,0,000,0016,0016
1628,1628,0,25ecbc6469680000,fc,0,0,0016,0748,0,0000,0016,0,0016,0000,1,1,0,0,0000,0016,0000,0000,0000,0000,0,0016,0016,0000,0,000,0016,0016
1629,1629,0,25ecbc6469680000,fc,0,0,0016,0748,0,0000,0016,0,0016,0000,1,1,0,0,0000,0016,0000,0000,0000,0000,0,0016,0016,0000,0,000,0016,0016
1630,1630,0,25ecbc6469680000,fc,0,0,0016,0748,0,0000,0016,0,0016,0000,1,1,0,0,0000,0016,0000,0000,0000,0000,0,0016,0016,0000,0,000,0016,0016
1631,1631,0,25ecbc6469680000,fc,0,0,0016,0748,0,0000,0016,0,0016,0000,1,1,0,0,0000,0016,0000,0000,0000,0000,0,0016,0016,0000,0,000,0016,0016
1632,1632,0,25ecbc6469680000,fc,0,0,0016,0748,0,0000,0016,0,0016,0000,1,1,0,0,0000,0016,0000,0000,0000,0000,0,0016,0016,0000,0,000,0016,0016
1633,1633,0,25ecbc6469680000,fc,0,0,0016,0748,0,0000,0016,0,0016,0000,1,1,0,0,0000,0016,0000,0000,0000,0000,0,0016,0016,0000,0,000,0016,0016
1634,1634,0,25ecbc6469680000,fc,0,0,0016,0748,0,0000,0016,0,0016,0000,1,1,0,0,0000,0016,0000,0000,0000,0000,0,0016,0016,0000,0,000,0016,0016
1635,1635,0,25ecbc6469680000,fc,0,0,0016,0748,0,0000,0016,0,0016,0000,1,1,0,0,0000,0016,0000,0000,0000,0000,0,0016,0016,0000,0,000,0016,0016
1636,1636,0,25ecbc6469680000,fc,0,0,0016,0748,0,0000,0016,0,0016,0000,1,1,0,0,0000,0016,0000,0000,0000,0000,0,0016,0016,0000,0,000,0016,0016
1637,1637,0,25ecbc6469680000,fc,0,0,0016,0748,0,0000,0016,0,0016,0000,1,1,0,0,0000,0016,0000,0000,0000,0000,0,0016,0016,0000,0,000,0016,0016
1638,1638,0,25ecbc6469680000,fc,0,0,0016,0748,0,0000,0016,0,0016,0000,1,1,0,0,0000,0016,0000,0000,0000,0000,0,0016,0016,0000,0,000,0016,0016
1639,1639,0,25ecbc6469680000,fc,0,0,0016,0748,0,0000,0016,0,0016,0000,1,1,0,0,0000,0016,0000,0000,0000,0000,0,0016,0016,0000,0,000,0016,0016
1640,1640,0,25ecbc6469680000,fc,0,0,0016,0748,0,0000,0016,0,0016,0000,1,1,0,0,0000,0016,0000,0000,0000,0000,0,0016,0016,0000,0,000,0016,0016
1641,1641,0,25ecbc6469680000,fc,0,0,0016,0748,0,0000,0016,0,0016,0000,1,1,0,0,0000,0016,0000,0000,0000,0000,0,0016,0016,0000,0,000,0016,0016
1642,1642,0,25ecbc6469680000,fc,0,0,0016,0748,0,0000,0016,0,0016,0000,1,1,0,0,0000,0016,0000,0000,0000,0000,0,0016,0016,0000,0,000,0016,0016
1643,1643,0,25ecbc6469680000,fc,0,0,0016,0748,0,0000,0016,0,0016,0000,1,1,0,0,0000,0016,0000,0000,0000,0000,0,0016,0016,0000,0,000,0016,0016
1644,1644,0,25ecbc6469680000,fc,0,0,0016,0748,0,0000,0016,0,0016,0000,1,1,0,0,0000,0016,0000,0000,0000,0000,0,0016,0016,0000,0,000,0016,0016
1645,1645,0,25ecbc6469680000,fc,0,0,0016,0748,0,0000,0016,0,0016,0000,1,1,0,0,0000,0016,0000,0000,0000,0000,0,0016,0016,0000,0,000,0016,0016
1646,1646,0,25ecbc6469680000,fc,0,0,0016,0748,0,0000,0016,0,0016,0000,1,1,0,0,0000,0016,0000,0000,0000,0000,0,0016,0016,0000,0,000,0016,0016
1647,1647,0,25ecbc6469680000,fc,0,0,0016,0748,0,0000,0016,0,0016,0000,1,1,0,0,0000,0016,0000,0000,0000,0000,0,0016,0016,0000,0,000,0016,0016
1648,1648,0,25ecbc6469680000,fc,0,0,0016,0748,0,0000,0016,0,0016,0000,1,1,0,0,0000,0016,0000,0000,0000,0000,0,0016,0016,0000,0,000,0016,0016
1649,1649,0,25ecbc6469680000,fc,0,0,0016,0748,0,0000,0016,0,0016,0000,1,1,0,0,0000,0016,0000,0000,0000,0000,0,0016,0016,0000,0,000,0016,0016
1650,1650,0,25ecbc6469680000,fc,0,0,0016,0748,0,0000,0016,0,0016,0000,1,1,0,0,0000,0016,0000,0000,0000,0000,0,0016,0016,0000,0,000,0016,0016
1651,1651,0,25ecbc6469680000,fc,0,0,0016,0748,0,0000,0016,0,0016,0000,1,1,0,0,0000,0016,0000,0000,0000,0000,0,0016,0016,0000,0,000,0016,0016
1652,1652,0,25ecbc6469680000,fc,0,0,0016,0748,0,0000,0016,0,0016,0000,1,1,0,0,0000,0016,0000,0000,0000,0000,0,0016,0016,0000,0,000,0016,0016
1653,1653,0,25ecbc6469680000,fc,0,0,0016,0748,0,0000,0016,0,0016,0000,1,1,0,0,0000,0016,0000,0000,0000,0000,0,0016,0016,0000,0,000,0016,0016
1654,1654,0,25ecbc6469680000,fc,0,0,0016,0748,0,0000,0016,0,0016,0000,1,1,0,0,0000,0016,0000,0000,0000,0000,0,0016,0016,0000,0,000,0016,0016
1655,1655,0,25ecbc6469680000,fc,0,0,0016,0748,0,0000,0016,0,0016,0000,1,1,0,0,0000,0016,0000,0000,0000,0000,0,0016,0016,0000,0,000,0016,0016
1656,1656,0,25ecbc6469680000,fc,0,0,0016,0748,0,0000,0016,0,0016,0000,1,1,0,0,0000,0016,0000,0000,0000,0000,0,0016,0016,0000,0,000,0016,0016
1657,1657,0,25ecbc6469680000,fc,0,0,0016,0748,0,0000,0016,0,0016,0000,1,1,0,0,0000,0016,0000,0000,0000,0000,0,0016,0016,0000,0,000,0016,0016
1658,1658,0,25ecbc6469680000,fc,0,0,0016,0748,0,0000,0016,0,0016,0000,1,1,0,0,0000,0016,0000,0000,0000,0000,0,0016,0016,0000,0,000,0016,0016
1659,1659,0,25ecbc6469680000,fc,0,0,0016,0748,0,0000,0016,0,0016,0000,1,1,0,0,0000,0016,0000,0000,0000,0000,0,0016,0016,0000,0,000,0016,0016
1660,1660,0,25ecbc6469680000,fc,0,0,0016,0748,0,0000,0016,0,0016,0000,1,1,0,0,0000,0016,0000,0000,0000,0000,0,0016,0016,0000,0,000,0016,0016
1661,1661,0,25ecbc6469680000,fc,0,0,0016,0748,0,0000,0016,0,0016,0000,1,1,0,0,0000,0016,0000,0000,0000,0000,0,0016,0016,0000,0,000,0016,0016
1662,1662,0,25ecbc6469680000,fc,0,0,0016,0748,0,0000,0016,0,0016,0000,1,1,0,0,0000,0016,0000,0000,0000,0000,0,0016,0016,0000,0,000,0016,0016
1663,1663,0,25ecbc6469680000,fc,0,0,0016,0748,0,0000,0016,0,0016,0000,1,1,0,0,0000,0016,0000,0000,0000,0000,0,0016,0016,0000,0,000,0016,0016
1664,1664,0,25ecbc6469680000,fc,0,0,0016,0748,0,0000,0016,0,0016,0000,1,1,0,0,0000,0016,0000,0000,0000,0000,0,0016,0016,0000,0,000,0016,0016
1665,1665,0,25ecbc6469680000,fc,0,0,0016,0748,0,0000,0016,0,0016,0000,1,1,0,0,0000,0016,0000,0000,0000,0000,0,0016,0016,0000,0,000,0016,0016
1666,1666,0,25ecbc6469680000,fc,0,0,0016,0748,0,0000,0016,0,0016,0000,1,1,0,0,0000,0016,0000,0000,0000,0000,0,0016,0016,0000,0,000,0016,0016
1667,1667,0,25ecbc6469680000,fc,0,0,0016,0748,0,0000,0016,0,0016,0000,1,1,0,0,0000,0016,0000,0000,0000,0000,0,0016,0016,0000,0,000,0016,0016
1668,1668,0,25ecbc6469680000,fc,0,0,0016,0748,0,0000,0016,0,0016,0000,1,1,0,0,0000,0016,0000,0000,0000,0000,0,0016,0016,0000,0,000,0016,0016
1669,1669,0,25ecbc6469680000,fc,0,0,0016,0748,0,0000,0016,0,0016,0000,1,1,0,0,0000,0016,0000,0000,0000,0000,0,0016,0016,0000,0,000,0016,0016
1670,1670,0,25ecbc6469680000,fc,0,0,0016,0748,0,0000,0016,0,0016,0000,1,1,0,0,0000,0016,0000,0000,0000,0000,0,0016,0016,0000,0,000,0016,0016
1671,1671,0,25ecbc6469680000,fc,0,0,0016,0748,0,0000,0016,0,0016,0000,1,1,0,0,0000,0016,0000,0000,0000,0000,0,0016,0016,0000,0,000,0016,0016
1672,1672,0,25ecbc6469680000,fc,0,0,0016,0748,0,0000,0016,0,0016,0000,1,1,0,0,0000,0016,0000,0000,0000,0000,0,0016,0016,0000,0,000,0016,0016
1673,1673,0,25ecbc6469680000,fc,0,0,0016,0748,0,0000,0016,0,0016,0000,1,1,0,0,0000,0016,0000,0000,0000,0000,0,0016,0016,0000,0,000,0016,0016
1674,1674,0,25ecbc6469680000,fc,0,0,0016,0748,0,0000,0016,0,0016,0000,1,1,0,0,0000,0016,0000,0000,0000,0000,0,0016,0016,0000,0,000,0016,0016
1675,1675,0,25ecbc6469680000,fc,0,0,0016,0748,0,0000,0016,0,0016,0000,1,1,0,0,0000,0016,0000,0000,0000,0000,0,0016,0016,0000,0,000,0016,0016
1676,1676,0,25ecbc6469680000,fc,0,0,0016,0748,0,0000,0016,0,0016,0000,1,1,0,0,0000,0016,0000,0000,0000,0000,0,0016,0016,0000,0,000,0016,0016
1677,1677,0,25ecbc6469680000,fc,0,0,0016,0748,0,0000,0016,0,0016,0000,1,1,0,0,0000,0016,0000,0000,0000,0000,0,0016,0016,0000,0,000,0016,0016
1678,1678,0,25ecbc6469680000,fc,0,0,0016,0748,0,0000,0016,0,0016,0000,1,1,0,0,0000,0016,0000,0000,0000,0000,0,0016,0016,0000,0,000,0016,0016
1679,1679,0,25ecbc6469680000,fc,0,0,0016,0748,0,0000,0016,0,0016,0000,1,1,0,0,0000,0016,0000,0000,0000,0000,0,0016,0016,0000,0,000,0016,0016
1680,1680,0,25ecbc6469680000,fc,0,0,0016,0748,0,0000,0016,0,0016,0000,1,1,0,0,0000,0016,0000,0000,0000,0000,0,0016,0016,0000,0,000,0016,0016
1681,1681,0,25ecbc6469680000,fc,0,0,0016,0748,0,0000,0016,0,0016,0000,1,1,0,0,0000,0016,0000,0000,0000,0000,0,0016,0016,0000,0,000,0016,0016
1682,1682,0,25ecbc6469680000,fc,0,0,0016,0748,0,0000,0016,0,0016,0000,1,1,0,0,0000,0016,0000,0000,0000,0000,0,0016,0016,0000,0,000,0016,0016
1683,1683,0,25ecbc6469680000,fc,0,0,0016,0748,0,0000,0016,0,0016,0000,1,1,0,0,0000,0016,0000,0000,0000,0000,0,0016,0016,0000,0,000,0016,0016
1684,1684,0,25ecbc6469680000,fc,0,0,0016,0748,0,0000,0016,0,0016,0000,1,1,0,0,0000,0016,0000,0000,0000,0000,0,0016,0016,0000,0,000,0016,0016
1685,1685,0,25ecbc6469680000,fc,0,0,0016,0748,0,0000,0016,0,0016,0000,1,1,0,0,0000,0016,0000,0000,0000,0000,0,0016,0016,0000,0,000,0016,0016
1686,1686,0,25ecbc6469680000,fc,0,0,0016,0748,0,0000,0016,0,0016,0000,1,1,0,0,0000,0016,0000,0000,0000,0000,0,0016,0016,0000,0,000,0016,0016
1687,1687,0,25ecbc6469680000,fc,0,0,0016,0748,0,0000,0016,0,0016,0000,1,1,0,0,0000,0016,0000,0000,0000,0000,0,0016,0016,0000,0,000,0016,0016
1688,1688,0,25ecbc6469680000,fc,0,0,0016,0748,0,0000,0016,0,0016,0000,1,1,0,0,0000,0016,0000,0000,0000,0000,0,0016,0016,0000,0,000,0016,0016
1689,1689,0,25ecbc6469680000,fc,0,0,0016,0748,0,0000,0016,0,0016,0000,1,1,0,0,0000,0016,0000,0000,0000,0000,0,0016,0016,0000,0,000,0016,0016
1690,1690,0,25ecbc6469680000,fc,0,0,0016,0748,0,0000,0016,0,0016,0000,1,1,0,0,0000,0016,0000,0000,0000,0000,0,0016,0016,0000,0,000,0016,0016
1691,1691,0,25ecbc6469680000,fc,0,0,0016,0748,0,0000,0016,0,0016,0000,1,1,0,0,0000,0016,0000,0000,0000,0000,0,0016,0016,0000,0,000,0016,0016
1692,1692,0,25ecbc6469680000,fc,0,0,0016,0748,0,0000,0016,0,0016,0000,1,1,0,0,0000,0016,0000,0000,0000,0000,0,0016,0016,0000,0,000,0016,0016
1693,1693,0,25ecbc6469680000,fc,0,0,0016,0748,0,0000,0016,0,0016,0000,1,1,0,0,0000,0016,0000,0000,0000,0000,0,0016,0016,0000,0,000,0016,0016
1694,1694,0,25ecbc6469680000,fc,0,0,0016,0748,0,0000,0016,0,0016,0000,1,1,0,0,0000,0016,0000,0000,0000,0000,0,0016,0016,0000,0,000,0016,0016
1695,1695,0,25ecbc6469680000,fc,0,0,0016,0748,0,0000,0016,0,0016,0000,1,1,0,0,0000,0016,0000,0000,0000,0000,0,0016,0016,0000,0,000,0016,0016
1696,1696,0,25ecbc6469680000,fc,0,0,0016,0748,0,0000,0016,0,0016,0000,1,1,0,0,0000,0016,0000,0000,0000,0000,0,0016,0016,0000,0,000,0016,0016
1697,1697,0,25ecbc6469680000,fc,0,0,0016,0748,0,0000,0016,0,0016,0000,1,1,0,0,0000,0016,0000,0000,0000,0000,0,0016,0016,0000,0,000,0016,0016
1698,1698,0,25ecbc6469680000,fc,0,0,0016,0748,0,0000,0016,0,0016,0000,1,1,0,0,0000,0016,0000,0000,0000,0000,0,0016,0016,0000,0,000,0016,0016
1699,1699,0,25ecbc6469680000,fc,0,0,0016,0748,0,0000,0016,0,0016,0000,1,1,0,0,0000,0016,0000,0000,0000,0000,0,0016,0016,0000,0,000,0016,0016
1700,1700,0,25ecbc6469680000,fc,0,0,0016,0748,0,0000,0016,0,0016,0000,1,1,0,0,0000,0016,0000,0000,0000,0000,0,0016,0016,0000,0,000,0016,0016
1701,1701,0,25ecbc6469680000,fc,0,0,0016,0748,0,0000,0016,0,0016,0000,1,1,0,0,0000,0016,0000,0000,0000,0000,0,0016,0016,0000,0,000,0016,0016
1702,1702,0,25ecbc6469680000,fc,0,0,0016,0748,0,0000,0016,0,0016,0000,1,1,0,0,0000,0016,0000,0000,0000,0000,0,0016,0016,0000,0,000,0016,0016
1703,1703,0,25ecbc6469680000,fc,0,0,0016,0748,0,0000,0016,0,0016,0000,1,1,0,0,0000,0016,0000,0000,0000,0000,0,0016,0016,0000,0,000,0016,0016
1704,1704,0,25ecbc6469680000,fc,0,0,0016,0748,0,0000,0016,0,0016,0000,1,1,0,0,0000,0016,0000,0000,0000,0000,0,0016,0016,0000,0,000,0016,0016
1705,1705,0,25ecbc6469680000,fc,0,0,0016,0748,0,0000,0016,0,0016,0000,1,1,0,0,0000,0016,0000,0000,0000,0000,0,0016,0016,0000,0,000,0016,0016
1706,1706,0,25ecbc6469680000,fc,0,0,0016,0748,0,0000,0016,0,0016,0000,1,1,0,0,0000,0016,0000,0000,0000,0000,0,0016,0016,0000,0,000,0016,0016
1707,1707,0,25ecbc6469680000,fc,0,0,0016,0748,0,0000,0016,0,0016,0000,1,1,0,0,0000,0016,0000,0000,0000,0000,0,0016,0016,0000,0,000,0016,0016
1708,1708,0,25ecbc6469680000,fc,0,0,0016,0748,0,0000,0016,0,0016,0000,1,1,0,0,0000,0016,0000,0000,0000,0000,0,0016,0016,0000,0,000,0016,0016
1709,1709,0,25ecbc6469680000,fc,0,0,0016,0748,0,0000,0016,0,0016,0000,1,1,0,0,0000,0016,0000,0000,0000,0000,0,0016,0016,0000,0,000,0016,0016
1710,1710,0,25ecbc6469680000,fc,0,0,0016,0748,0,0000,0016,0,0016,0000,1,1,0,0,0000,0016,0000,0000,0000,0000,0,0016,0016,0000,0,000,0016,0016
1711,1711,0,25ecbc6469680000,fc,0,0,0016,0748,0,0000,0016,0,0016,0000,1,1,0,0,0000,0016,0000,0000,0000,0000,0,0016,0016,0000,0,000,0016,0016
1712,1712,0,25ecbc6469680000,fc,0,0,0016,0748,0,0000,0016,0,0016,0000,1,1,0,0,0000,0016,0000,0000,0000,0000,0,0016,0016,0000,0,000,0016,0016
1713,1713,0,25ecbc6469680000,fc,0,0,0016,0748,0,0000,0016,0,0016,0000,1,1,0,0,0000,0016,0000,0000,0000,0000,0,0016,0016,0000,0,000,0016,0016
1714,1714,0,25ecbc6469680000,fc,0,0,0016,0748,0,0000,0016,0,0016,0000,1,1,0,0,0000,0016,0000,0000,0000,0000,0,0016,0016,0000,0,000,0016,0016
1715,1715,0,25ecbc6469680000,fc,0,0,0016,0748,0,0000,0016,0,0016,0000,1,1,0,0,0000,0016,0000,0000,0000,0000,0,0016,0016,0000,0,000,0016,0016
1716,1716,0,25ecbc6469680000,fc,0,0,0016,0748,0,0000,0016,0,0016,0000,1,1,0,0,0000,0016,0000,0000,0000,0000,0,0016,0016,0000,0,000,0016,0016
1717,1717,0,25ecbc6469680000,fc,0,0,0016,0748,0,0000,0016,0,0016,0000,1,1,0,0,0000,0016,0000,0000,0000,0000,0,0016,0016,0000,0,000,0016,0016
1718,1718,0,25ecbc6469680000,fc,0,0,0016,0748,0,0000,0016,0,0016,0000,1,1,0,0,0000,0016,0000,0000,0000,0000,0,0016,0016,0000,0,000,0016,0016
1719,1719,0,25ecbc6469680000,fc,0,0,0016,0748,0,0000,0016,0,0016,0000,1,1,0,0,0000,0016,0000,0000,0000,0000,0,0016,0016,0000,0,000,0016,0016
1720,1720,0,25ecbc6469680000,fc,0,0,0016,0748,0,0000,0016,0,0016,0000,1,1,0,0,0000,0016,0000,0000,0000,0000,0,0016,0016,0000,0,000,0016,0016
1721,1721,0,25ecbc6469680000,fc,0,0,0016,0748,0,0000,0016,0,0016,0000,1,1,0,0,0000,0016,0000,0000,0000,0000,0,0016,0016,0000,0,000,0016,0016
1722,1722,0,25ecbc6469680000,fc,0,0,0016,0748,0,0000,0016,0,0016,0000,1,1,0,0,0000,0016,0000,0000,0000,0000,0,0016,0016,0000,0,000,0016,0016
1723,1723,0,25ecbc6469680000,fc,0,0,0016,0748,0,0000,0016,0,0016,0000,1,1,0,0,0000,0016,0000,0000,0000,0000,0,0016,0016,0000,0,000,0016,0016
1724,1724,0,25ecbc6469680000,fc,0,0,0016,0748,0,0000,0016,0,0016,0000,1,1,0,0,0000,0016,0000,0000,0000,0000,0,0016,0016,0000,0,000,0016,0016
1725,1725,0,25ecbc6469680000,fc,0,0,0016,0748,0,0000,0016,0,0016,0000,1,1,0,0,0000,0016,0000,0000,0000,0000,0,0016,0016,0000,0,000,0016,0016
1726,1726,0,25ecbc6469680000,fc,0,0,0016,0748,0,0000,0016,0,0016,0000,1,1,0,0,0000,0016,0000,0000,0000,0000,0,0016,0016,0000,0,000,0016,0016
1727,1727,0,25ecbc6469680000,fc,0,0,0016,0748,0,0000,0016,0,0016,0000,1,1,0,0,0000,0016,0000,0000,0000,0000,0,0016,0016,0000,0,000,0016,0016
1728,1728,0,25ecbc6469680000,fc,0,0,0016,0748,0,0000,0016,0,0016,0000,1,1,0,0,0000,0016,0000,0000,0000,0000,0,0016,0016,0000,0,000,0016,0016
1729,1729,0,25ecbc6469680000,fc,0,0,0016,0748,0,0000,0016,0,0016,0000,1,1,0,0,0000,0016,0000,0000,0000,0000,0,0016,0016,0000,0,000,0016,0016
1730,1730,0,25ecbc6469680000,fc,0,0,0016,0748,0,0000,0016,0,0016,0000,1,1,0,0,0000,0016,0000,0000,0000,0000,0,0016,0016,0000,0,000,0016,0016
1731,1731,0,25ecbc6469680000,fc,0,0,0016,0748,0,0000,0016,0,0016,0000,1,1,0,0,0000,0016,0000,0000,0000,0000,0,0016,0016,0000,0,000,0016,0016
1732,1732,0,25ecbc6469680000,fc,0,0,0016,0748,0,0000,0016,0,0016,0000,1,1,0,0,0000,0016,0000,0000,0000,0000,0,0016,0016,0000,0,000,0016,0016
1733,1733,0,25ecbc6469680000,fc,0,0,0016,0748,0,0000,0016,0,0016,0000,1,1,0,0,0000,0016,0000,0000,0000,0000,0,0016,0016,0000,0,000,0016,0016
1734,1734,0,25ecbc6469680000,fc,0,0,0016,0748,0,0000,0016,0,0016,0000,1,1,0,0,0000,0016,0000,0000,0000,0000,0,0016,0016,0000,0,000,0016,0016
1735,1735,0,25ecbc6469680000,fc,0,0,0016,0748,0,0000,0016,0,0016,0000,1,1,0,0,0000,0016,0000,0000,0000,0000,0,0016,0016,0000,0,000,0016,0016
1736,1736,0,25ecbc6469680000,fc,0,0,0016,0748,0,0000,0016,0,0016,0000,1,1,0,0,0000,0016,0000,0000,0000,0000,0,0016,0016,0000,0,000,0016,0016
1737,1737,0,25ecbc6469680000,fc,0,0,0016,0748,0,0000,0016,0,0016,0000,1,1,0,0,0000,0016,0000,0000,0000,0000,0,0016,0016,0000,0,000,0016,0016
1738,1738,0,25ecbc6469680000,fc,0,0,0016,0748,0,0000,0016,0,0016,0000,1,1,0,0,0000,0016,0000,0000,0000,0000,0,0016,0016,0000,0,000,0016,0016
1739,1739,0,25ecbc6469680000,fc,0,0,0016,0748,0,0000,0016,0,0016,0000,1,1,0,0,0000,0016,0000,0000,0000,0000,0,0016,0016,0000,0,000,0016,0016
1740,1740,0,25ecbc6469680000,fc,0,0,0016,0748,0,0000,0016,0,0016,0000,1,1,0,0,0000,0016,0000,0000,0000,0000,0,0016,0016,0000,0,000,0016,0016
1741,1741,0,25ecbc6469680000,fc,0,0,0016,0748,0,0000,0016,0,0016,0000,1,1,0,0,0000,0016,0000,0000,0000,0000,0,0016,0016,0000,0,000,0016,0016
1742,1742,0,25ecbc6469680000,fc,0,0,0016,0748,0,0000,0016,0,0016,0000,1,1,0,0,0000,0016,0000,0000,0000,0000,0,0016,0016,0000,0,000,0016,0016
1743,1743,0,25ecbc6469680000,fc,0,0,0016,0748,0,0000,0016,0,0016,0000,1,1,0,0,0000,0016,0000,0000,0000,0000,0,0016,0016,0000,0,000,0016,0016
1744,1744,0,25ecbc6469680000,fc,0,0,0016,0748,0,0000,0016,0,0016,0000,1,1,0,0,0000,0016,0000,0000,0000,0000,0,0016,0016,0000,0,000,0016,0016
1745,1745,0,25ecbc6469680000,fc,0,0,0016,0748,0,0000,0016,0,0016,0000,1,1,0,0,0000,0016,0000,0000,0000,0000,0,0016,0016,0000,0,000,0016,0016
1746,1746,0,25ecbc6469680000,fc,0,0,0016,0748,0,0000,0016,0,0016,0000,1,1,0,0,0000,0016,0000,0000,0000,0000,0,0016,0016,0000,0,000,0016,0016
1747,1747,0,25ecbc6469680000,fc,0,0,0016,0748,0,0000,0016,0,0016,0000,1,1,0,0,0000,0016,0000,0000,0000,0000,0,0016,0016,0000,0,000,0016,0016
1748,1748,0,25ecbc6469680000,fc,0,0,0016,0748,0,0000,0016,0,0016,0000,1,1,0,0,0000,0016,0000,0000,0000,0000,0,0016,0016,0000,0,000,0016,0016
1749,1749,0,25ecbc6469680000,fc,0,0,0016,0748,0,0000,0016,0,0016,0000,1,1,0,0,0000,0016,0000,0000,0000,0000,0,0016,0016,0000,0,000,0016,0016
1750,1750,0,25ecbc6469680000,fc,0,0,0016,0748,0,0000,0016,0,0016,0000,1,1,0,0,0000,0016,0000,0000,0000,0000,0,0016,0016,0000,0,000,0016,0016
1751,1751,0,25ecbc6469680000,fc,0,0,0016,0748,0,0000,0016,0,0016,0000,1,1,0,0,0000,0016,0000,0000,0000,0000,0,0016,0016,0000,0,000,0016,0016
1752,1752,0,25ecbc6469680000,fc,0,0,0016,0748,0,0000,0016,0,0016,0000,1,1,0,0,0000,0016,0000,0000,0000,0000,0,0016,0016,0000,0,000,0016,0016
1753,1753,0,25ecbc6469680000,fc,0,0,0016,0748,0,0000,0016,0,0016,0000,1,1,0,0,0000,0016,0000,0000,0000,0000,0,0016,0016,0000,0,000,0016,0016
1754,1754,0,25ecbc6469680000,fc,0,0,0016,0748,0,0000,0016,0,0016,0000,1,1,0,0,0000,0016,0000,0000,0000,0000,0,0016,0016,0000,0,000,0016,0016
1755,1755,0,25ecbc6469680000,fc,0,0,0016,0748,0,0000,0016,0,0016,0000,1,1,0,0,0000,0016,0000,0000,0000,0000,0,0016,0016,0000,0,000,0016,0016
1756,1756,0,25ecbc6469680000,fc,0,0,0016,0748,0,0000,0016,0,0016,0000,1,1,0,0,0000,0016,0000,0000,0000,0000,0,0016,0016,0000,0,000,0016,0016
1757,1757,0,25ecbc6469680000,fc,0,0,0016,0748,0,0000,0016,0,0016,0000,1,1,0,0,0000,0016,0000,0000,0000,0000,0,0016,0016,0000,0,000,0016,0016
1758,1758,0,25ecbc6469680000,fc,0,0,0016,0748,0,0000,0016,0,0016,0000,1,1,0,0,0000,0016,0000,0000,0000,0000,0,0016,0016,0000,0,000,0016,0016
1759,1759,0,25ecbc6469680000,fc,0,0,0016,0748,0,0000,0016,0,0016,0000,1,1,0,0,0000,0016,0000,0000,0000,0000,0,0016,0016,0000,0,000,0016,0016
1760,1760,0,25ecbc6469680000,fc,0,0,0016,0748,0,0000,0016,0,0016,0000,1,1,0,0,0000,0016,0000,0000,0000,0000,0,0016,0016,0000,0,000,0016,0016
1761,1761,0,25ecbc6469680000,fc,0,0,0016,0748,0,0000,0016,0,0016,0000,1,1,0,0,0000,0016,0000,0000,0000,0000,0,0016,0016,0000,0,000,0016,0016
1762,1762,0,25ecbc6469680000,fc,0,0,0016,0748,0,0000,0016,0,0016,0000,1,1,0,0,0000,0016,0000,0000,0000,0000,0,0016,0016,0000,0,000,0016,0016
1763,1763,0,25ecbc6469680000,fc,0,0,0016,0748,0,0000,0016,0,0016,0000,1,1,0,0,0000,0016,0000,0000,0000,0000,0,0016,0016,0000,0,000,0016,0016
1764,1764,0,25ecbc6469680000,fc,0,0,0016,0748,0,0000,0016,0,0016,0000,1,1,0,0,0000,0016,0000,0000,0000,0000,0,0016,0016,0000,0,000,0016,0016
1765,1765,0,25ecbc6469680000,fc,0,0,0016,0748,0,0000,0016,0,0016,0000,1,1,0,0,0000,0016,0000,0000,0000,0000,0,0016,0016,0000,0,000,0016,0016
1766,1766,0,25ecbc6469680000,fc,0,0,0016,0748,0,0000,0016,0,0016,0000,1,1,0,0,0000,0016,0000,0000,0000,0000,0,0016,0016,0000,0,000,0016,0016
1767,1767,0,25ecbc6469680000,fc,0,0,0016,0748,0,0000,0016,0,0016,0000,1,1,0,0,0000,0016,0000,0000,0000,0000,0,0016,0016,0000,0,000,0016,0016
1768,1768,0,25ecbc6469680000,fc,0,0,0016,0748,0,0000,0016,0,0016,0000,1,1,0,0,0000,0016,0000,0000,0000,0000,0,0016,0016,0000,0,000,0016,0016
1769,1769,0,25ecbc6469680000,fc,0,0,0016,0748,0,0000,0016,0,0016,0000,1,1,0,0,0000,0016,0000,0000,0000,0000,0,0016,0016,0000,0,000,0016,0016
1770,1770,0,25ecbc6469680000,fc,0,0,0016,0748,0,0000,0016,0,0016,0000,1,1,0,0,0000,0016,0000,0000,0000,0000,0,0016,0016,0000,0,000,0016,0016
1771,1771,0,25ecbc6469680000,fc,0,0,0016,0748,0,0000,0016,0,0016,0000,1,1,0,0,0000,0016,0000,0000,0000,0000,0,0016,0016,0000,0,000,0016,0016
1772,1772,0,25ecbc6469680000,fc,0,0,0016,0748,0,0000,0016,0,0016,0000,1,1,0,0,0000,0016,0000,0000,0000,0000,0,0016,0016,0000,0,000,0016,0016
1773,1773,0,25ecbc6469680000,fc,0,0,0016,0748,0,0000,0016,0,0016,0000,1,1,0,0,0000,0016,0000,0000,0000,0000,0,0016,0016,0000,0,000,0016,0016
1774,1774,0,25ecbc6469680000,fc,0,0,0016,0748,0,0000,0016,0,0016,0000,1,1,0,0,0000,0016,0000,0000,0000,0000,0,0016,0016,0000,0,000,0016,0016
1775,1775,0,25ecbc6469680000,fc,0,0,0016,0748,0,0000,0016,0,0016,0000,1,1,0,0,0000,0016,0000,0000,0000,0000,0,0016,0016,0000,0,000,0016,0016
1776,1776,0,25ecbc6469680000,fc,0,0,0016,0748,0,0000,0016,0,0016,0000,1,1,0,0,0000,0016,0000,0000,0000,0000,0,0016,0016,0000,0,000,0016,0016
1777,1777,0,25ecbc6469680000,fc,0,0,0016,0748,0,0000,0016,0,0016,0000,1,1,0,0,0000,0016,0000,0000,0000,0000,0,0016,0016,0000,0,000,0016,0016
1778,1778,0,25ecbc6469680000,fc,0,0,0016,0748,0,0000,0016,0,0016,0000,1,1,0,0,0000,0016,0000,0000,0000,0000,0,0016,0016,0000,0,000,0016,0016
1779,1779,0,25ecbc6469680000,fc,0,0,0016,0748,0,0000,0016,0,0016,0000,1,1,0,0,0000,0016,0000,0000,0000,0000,0,0016,0016,0000,0,000,0016,0016
1780,1780,0,25ecbc6469680000,fc,0,0,0016,0748,0,0000,0016,0,0016,0000,1,1,0,0,0000,0016,0000,0000,0000,0000,0,0016,0016,0000,0,000,0016,0016
1781,1781,0,25ecbc6469680000,fc,0,0,0016,0748,0,0000,0016,0,0016,0000,1,1,0,0,0000,0016,0000,0000,0000,0000,0,0016,0016,0000,0,000,0016,0016
1782,1782,0,25ecbc6469680000,fc,0,0,0016,0748,0,0000,0016,0,0016,0000,1,1,0,0,0000,0016,0000,0000,0000,0000,0,0016,0016,0000,0,000,0016,0016
1783,1783,0,25ecbc6469680000,fc,0,0,0016,0748,0,0000,0016,0,0016,0000,1,1,0,0,0000,0016,0000,0000,0000,0000,0,0016,0016,0000,0,000,0016,0016
1784,1784,0,25ecbc6469680000,fc,0,0,0016,0748,0,0000,0016,0,0016,0000,1,1,0,0,0000,0016,0000,0000,0000,0000,0,0016,0016,0000,0,000,0016,0016
1785,1785,0,25ecbc6469680000,fc,0,0,0016,0748,0,0000,0016,0,0016,0000,1,1,0,0,0000,0016,0000,0000,0000,0000,0,0016,0016,0000,0,000,0016,0016
1786,1786,0,25ecbc6469680000,fc,0,0,0016,0748,0,0000,0016,0,0016,0000,1,1,0,0,0000,0016,0000,0000,0000,0000,0,0016,0016,0000,0,000,0016,0016
1787,1787,0,25ecbc6469680000,fc,0,0,0016,0748,0,0000,0016,0,0016,0000,1,1,0,0,0000,0016,0000,0000,0000,0000,0,0016,0016,0000,0,000,0016,0016
1788,1788,0,25ecbc6469680000,fc,0,0,0016,0748,0,0000,0016,0,0016,0000,1,1,0,0,0000,0016,0000,0000,0000,0000,0,0016,0016,0000,0,000,0016,0016
1789,1789,0,25ecbc6469680000,fc,0,0,0016,0748,0,0000,0016,0,0016,0000,1,1,0,0,0000,0016,0000,0000,0000,0000,0,0016,0016,0000,0,000,0016,0016
1790,1790,0,25ecbc6469680000,fc,0,0,0016,0748,0,0000,0016,0,0016,0000,1,1,0,0,0000,0016,0000,0000,0000,0000,0,0016,0016,0000,0,000,0016,0016
1791,1791,0,25ecbc6469680000,fc,0,0,0016,0748,0,0000,0016,0,0016,0000,1,1,0,0,0000,0016,0000,0000,0000,0000,0,0016,0016,0000,0,000,0016,0016
1792,1792,0,25ecbc6469680000,fc,0,0,0016,0748,0,0000,0016,0,0016,0000,1,1,0,0,0000,0016,0000,0000,0000,0000,0,0016,0016,0000,0,000,0016,0016
1793,1793,0,25ecbc6469680000,fc,0,0,0016,0748,0,0000,0016,0,0016,0000,1,1,0,0,0000,0016,0000,0000,0000,0000,0,0016,0016,0000,0,000,0016,0016
1794,1794,0,25ecbc6469680000,fc,0,0,0016,0748,0,0000,0016,0,0016,0000,1,1,0,0,0000,0016,0000,0000,0000,0000,0,0016,0016,0000,0,000,0016,0016
1795,1795,0,25ecbc6469680000,fc,0,0,0016,0748,0,0000,0016,0,0016,0000,1,1,0,0,0000,0016,0000,0000,0000,0000,0,0016,0016,0000,0,000,0016,0016
1796,1796,0,25ecbc6469680000,fc,0,0,0016,0748,0,0000,0016,0,0016,0000,1,1,0,0,0000,0016,0000,0000,0000,0000,0,0016,0016,0000,0,000,0016,0016
1797,1797,0,25ecbc6469680000,fc,0,0,0016,0748,0,0000,0016,0,0016,0000,1,1,0,0,0000,0016,0000,0000,0000,0000,0,0016,0016,0000,0,000,0016,0016
1798,1798,0,25ecbc6469680000,fc,0,0,0016,0748,0,0000,0016,0,0016,0000,1,1,0,0,0000,0016,0000,0000,0000,0000,0,0016,0016,0000,0,000,0016,0016
1799,1799,0,25ecbc6469680000,fc,0,0,0016,0748,0,0000,0016,0,0016,0000,1,1,0,0,0000,0016,0000,0000,0000,0000,0,0016,0016,0000,0,000,0016,0016
1800,1800,0,25ecbc6469680000,fc,0,0,0016,0748,0,0000,0016,0,0016,0000,1,1,0,0,0000,0016,0000,0000,0000,0000,0,0016,0016,0000,0,000,0016,0016
1801,1801,0,25ecbc6469680000,fc,0,0,0016,0748,0,0000,0016,0,0016,0000,1,1,0,0,0000,0016,0000,0000,0000,0000,0,0016,0016,0000,0,000,0016,0016
1802,1802,0,25ecbc6469680000,fc,0,0,0016,0748,0,0000,0016,0,0016,0000,1,1,0,0,0000,0016,0000,0000,0000,0000,0,0016,0016,0000,0,000,0016,0016
1803,1803,0,25ecbc6469680000,fc,0,0,0016,0748,0,0000,0016,0,0016,0000,1,1,0,0,0000,0016,0000,0000,0000,0000,0,0016,0016,0000,0,000,0016,0016
1804,1804,0,25ecbc6469680000,fc,0,0,0016,0748,0,0000,0016,0,0016,0000,1,1,0,0,0000,0016,0000,0000,0000,0000,0,0016,0016,0000,0,000,0016,0016
1805,1805,0,25ecbc6469680000,fc,0,0,0016,0748,0,0000,0016,0,0016,0000,1,1,0,0,0000,0016,0000,0000,0000,0000,0,0016,0016,0000,0,000,0016,0016
1806,1806,0,25ecbc6469680000,fc,0,0,0016,0748,0,0000,0016,0,0016,0000,1,1,0,0,0000,0016,0000,0000,0000,0000,0,0016,0016,0000,0,000,0016,0016
1807,1807,0,25ecbc6469680000,fc,0,0,0016,0748,0,0000,0016,0,0016,0000,1,1,0,0,0000,0016,0000,0000,0000,0000,0,0016,0016,0000,0,000,0016,0016
1808,1808,0,25ecbc6469680000,fc,0,0,0016,0748,0,0000,0016,0,0016,0000,1,1,0,0,0000,0016,0000,0000,0000,0000,0,0016,0016,0000,0,000,0016,0016
1809,1809,0,25ecbc6469680000,fc,0,0,0016,0748,0,0000,0016,0,0016,0000,1,1,0,0,0000,0016,0000,0000,0000,0000,0,0016,0016,0000,0,000,0016,0016
1810,1810,0,25ecbc6469680000,fc,0,0,0016,0748,0,0000,0016,0,0016,0000,1,1,0,0,0000,0016,0000,0000,0000,0000,0,0016,0016,0000,0,000,0016,0016
1811,1811,0,25ecbc6469680000,fc,0,0,0016,0748,0,0000,0016,0,0016,0000,1,1,0,0,0000,0016,0000,0000,0000,0000,0,0016,0016,0000,0,000,0016,0016
1812,1812,0,25ecbc6469680000,fc,0,0,0016,0748,0,0000,0016,0,0016,0000,1,1,0,0,0000,0016,0000,0000,0000,0000,0,0016,0016,0000,0,000,0016,0016
1813,1813,0,25ecbc6469680000,fc,0,0,0016,0748,0,0000,0016,0,0016,0000,1,1,0,0,0000,0016,0000,0000,0000,0000,0,0016,0016,0000,0,000,0016,0016
1814,1814,0,25ecbc6469680000,fc,0,0,0016,0748,0,0000,0016,0,0016,0000,1,1,0,0,0000,0016,0000,0000,0000,0000,0,0016,0016,0000,0,000,0016,0016
1815,1815,0,25ecbc6469680000,fc,0,0,0016,0748,0,0000,0016,0,0016,0000,1,1,0,0,0000,0016,0000,0000,0000,0000,0,0016,0016,0000,0,000,0016,0016
1816,1816,0,25ecbc6469680000,fc,0,0,0016,0748,0,0000,0016,0,0016,0000,1,1,0,0,0000,0016,0000,0000,0000,0000,0,0016,0016,0000,0,000,0016,0016
1817,1817,0,25ecbc6469680000,fc,0,0,0016,0748,0,0000,0016,0,0016,0000,1,1,0,0,0000,0016,0000,0000,0000,0000,0,0016,0016,0000,0,000,0016,0016
1818,1818,0,25ecbc6469680000,fc,0,0,0016,0748,0,0000,0016,0,0016,0000,1,1,0,0,0000,0016,0000,0000,0000,0000,0,0016,0016,0000,0,000,0016,0016
1819,1819,0,25ecbc6469680000,fc,0,0,0016,0748,0,0000,0016,0,0016,0000,1,1,0,0,0000,0016,0000,0000,0000,0000,0,0016,0016,0000,0,000,0016,0016
1820,1820,0,25ecbc6469680000,fc,0,0,0016,0748,0,0000,0016,0,0016,0000,1,1,0,0,0000,0016,0000,0000,0000,0000,0,0016,0016,0000,0,000,0016,0016
1821,1821,0,25ecbc6469680000,fc,0,0,0016,0748,0,0000,0016,0,0016,0000,1,1,0,0,0000,0016,0000,0000,0000,0000,0,0016,0016,0000,0,000,0016,0016
1822,1822,0,25ecbc6469680000,fc,0,0,0016,0748,0,0000,0016,0,0016,0000,1,1,0,0,0000,0016,0000,0000,0000,0000,0,0016,0016,0000,0,000,0016,0016
1823,1823,0,25ecbc6469680000,fc,0,0,0016,0748,0,0000,0016,0,0016,0000,1,1,0,0,0000,0016,0000,0000,0000,0000,0,0016,0016,0000,0,000,0016,0016
1824,1824,0,25ecbc6469680000,fc,0,0,0016,0748,0,0000,0016,0,0016,0000,1,1,0,0,0000,0016,0000,0000,0000,0000,0,0016,0016,0000,0,000,0016,0016
1825,1825,0,25ecbc6469680000,fc,0,0,0016,0748,0,0000,0016,0,0016,0000,1,1,0,0,0000,0016,0000,0000,0000,0000,0,0016,0016,0000,0,000,0016,0016
1826,1826,0,25ecbc6469680000,fc,0,0,0016,0748,0,0000,0016,0,0016,0000,1,1,0,0,0000,0016,0000,0000,0000,0000,0,0016,0016,0000,0,000,0016,0016
1827,1827,0,25ecbc6469680000,fc,0,0,0016,0748,0,0000,0016,0,0016,0000,1,1,0,0,0000,0016,0000,0000,0000,0000,0,0016,0016,0000,0,000,0016,0016
1828,1828,0,25ecbc6469680000,fc,0,0,0016,0748,0,0000,0016,0,0016,0000,1,1,0,0,0000,0016,0000,0000,0000,0000,0,0016,0016,0000,0,000,0016,0016
1829,1829,0,25ecbc6469680000,fc,0,0,0016,0748,0,0000,0016,0,0016,0000,1,1,0,0,0000,0016,0000,0000,0000,0000,0,0016,0016,0000,0,000,0016,0016
1830,1830,0,25ecbc6469680000,fc,0,0,0016,0748,0,0000,0016,0,0016,0000,1,1,0,0,0000,0016,0000,0000,0000,0000,0,0016,0016,0000,0,000,0016,0016
1831,1831,0,25ecbc6469680000,fc,0,0,0016,0748,0,0000,0016,0,0016,0000,1,1,0,0,0000,0016,0000,0000,0000,0000,0,0016,0016,0000,0,000,0016,0016
1832,1832,0,25ecbc6469680000,fc,0,0,0016,0748,0,0000,0016,0,0016,0000,1,1,0,0,0000,0016,0000,0000,0000,0000,0,0016,0016,0000,0,000,0016,0016
1833,1833,0,25ecbc6469680000,fc,0,0,0016,0748,0,0000,0016,0,0016,0000,1,1,0,0,0000,0016,0000,0000,0000,0000,0,0016,0016,0000,0,000,0016,0016
1834,1834,0,25ecbc6469680000,fc,0,0,0016,0748,0,0000,0016,0,0016,0000,1,1,0,0,0000,0016,0000,0000,0000,0000,0,0016,0016,0000,0,000,0016,0016
1835,1835,0,25ecbc6469680000,fc,0,0,0016,0748,0,0000,0016,0,0016,0000,1,1,0,0,0000,0016,0000,0000,0000,0000,0,0016,0016,0000,0,000,0016,0016
1836,1836,0,25ecbc6469680000,fc,0,0,0016,0748,0,0000,0016,0,0016,0000,1,1,0,0,0000,0016,0000,0000,0000,0000,0,0016,0016,0000,0,000,0016,0016
1837,1837,0,25ecbc6469680000,fc,0,0,0016,0748,0,0000,0016,0,0016,0000,1,1,0,0,0000,0016,0000,0000,0000,0000,0,0016,0016,0000,0,000,0016,0016
1838,1838,0,25ecbc6469680000,fc,0,0,0016,0748,0,0000,0016,0,0016,0000,1,1,0,0,0000,0016,0000,0000,0000,0000,0,0016,0016,0000,0,000,0016,0016
1839,1839,0,25ecbc6469680000,fc,0,0,0016,0748,0,0000,0016,0,0016,0000,1,1,0,0,0000,0016,0000,0000,0000,0000,0,0016,0016,0000,0,000,0016,0016
1840,1840,0,25ecbc6469680000,fc,0,0,0016,0748,0,0000,0016,0,0016,0000,1,1,0,0,0000,0016,0000,0000,0000,0000,0,0016,0016,0000,0,000,0016,0016
1841,1841,0,25ecbc6469680000,fc,0,0,0016,0748,0,0000,0016,0,0016,0000,1,1,0,0,0000,0016,0000,0000,0000,0000,0,0016,0016,0000,0,000,0016,0016
1842,1842,0,25ecbc6469680000,fc,0,0,0016,0748,0,0000,0016,0,0016,0000,1,1,0,0,0000,0016,0000,0000,0000,0000,0,0016,0016,0000,0,000,0016,0016
1843,1843,0,25ecbc6469680000,fc,0,0,0016,0748,0,0000,0016,0,0016,0000,1,1,0,0,0000,0016,0000,0000,0000,0000,0,0016,0016,0000,0,000,0016,0016
1844,1844,0,25ecbc6469680000,fc,0,0,0016,0748,0,0000,0016,0,0016,0000,1,1,0,0,0000,0016,0000,0000,0000,0000,0,0016,0016,0000,0,000,0016,0016
1845,1845,0,25ecbc6469680000,fc,0,0,0016,0748,0,0000,0016,0,0016,0000,1,1,0,0,0000,0016,0000,0000,0000,0000,0,0016,0016,0000,0,000,0016,0016
1846,1846,0,25ecbc6469680000,fc,0,0,0016,0748,0,0000,0016,0,0016,0000,1,1,0,0,0000,0016,0000,0000,0000,0000,0,0016,0016,0000,0,000,0016,0016
1847,1847,0,25ecbc6469680000,fc,0,0,0016,0748,0,0000,0016,0,0016,0000,1,1,0,0,0000,0016,0000,0000,0000,0000,0,0016,0016,0000,0,000,0016,0016
1848,1848,0,25ecbc6469680000,fc,0,0,0016,0748,0,0000,0016,0,0016,0000,1,1,0,0,0000,0016,0000,0000,0000,0000,0,0016,0016,0000,0,000,0016,0016
1849,1849,0,25ecbc6469680000,fc,0,0,0016,0748,0,0000,0016,0,0016,0000,1,1,0,0,0000,0016,0000,0000,0000,0000,0,0016,0016,0000,0,000,0016,0016
1850,1850,0,25ecbc6469680000,fc,0,0,0016,0748,0,0000,0016,0,0016,0000,1,1,0,0,0000,0016,0000,0000,0000,0000,0,0016,0016,0000,0,000,0016,0016
1851,1851,0,25ecbc6469680000,fc,0,0,0016,0748,0,0000,0016,0,0016,0000,1,1,0,0,0000,0016,0000,0000,0000,0000,0,0016,0016,0000,0,000,0016,0016
1852,1852,0,25ecbc6469680000,fc,0,0,0016,0748,0,0000,0016,0,0016,0000,1,1,0,0,0000,0016,0000,0000,0000,0000,0,0016,0016,0000,0,000,0016,0016
1853,1853,0,25ecbc6469680000,fc,0,0,0016,0748,0,0000,0016,0,0016,0000,1,1,0,0,0000,0016,0000,0000,0000,0000,0,0016,0016,0000,0,000,0016,0016
1854,1854,0,25ecbc6469680000,fc,0,0,0016,0748,0,0000,0016,0,0016,0000,1,1,0,0,0000,0016,0000,0000,0000,0000,0,0016,0016,0000,0,000,0016,0016
1855,1855,0,25ecbc6469680000,fc,0,0,0016,0748,0,0000,0016,0,0016,0000,1,1,0,0,0000,0016,0000,0000,0000,0000,0,0016,0016,0000,0,000,0016,0016
1856,1856,0,25ecbc6469680000,fc,0,0,0016,0748,0,0000,0016,0,0016,0000,1,1,0,0,0000,0016,0000,0000,0000,0000,0,0016,0016,0000,0,000,0016,0016
1857,1857,0,25ecbc6469680000,fc,0,0,0016,0748,0,0000,0016,0,0016,0000,1,1,0,0,0000,0016,0000,0000,0000,0000,0,0016,0016,0000,0,000,0016,0016
1858,1858,0,25ecbc6469680000,fc,0,0,0016,0748,0,0000,0016,0,0016,0000,1,1,0,0,0000,0016,0000,0000,0000,0000,0,0016,0016,0000,0,000,0016,0016
1859,1859,0,25ecbc6469680000,fc,0,0,0016,0748,0,0000,0016,0,0016,0000,1,1,0,0,0000,0016,0000,0000,0000,0000,0,0016,0016,0000,0,000,0016,0016
1860,1860,0,25ecbc6469680000,fc,0,0,0016,0748,0,0000,0016,0,0016,0000,1,1,0,0,0000,0016,0000,0000,0000,0000,0,0016,0016,0000,0,000,0016,0016
1861,1861,0,25ecbc6469680000,fc,0,0,0016,0748,0,0000,0016,0,0016,0000,1,1,0,0,0000,0016,0000,0000,0000,0000,0,0016,0016,0000,0,000,0016,0016
1862,1862,0,25ecbc6469680000,fc,0,0,0016,0748,0,0000,0016,0,0016,0000,1,1,0,0,0000,0016,0000,0000,0000,0000,0,0016,0016,0000,0,000,0016,0016
1863,1863,0,25ecbc6469680000,fc,0,0,0016,0748,0,0000,0016,0,0016,0000,1,1,0,0,0000,0016,0000,0000,0000,0000,0,0016,0016,0000,0,000,0016,0016
1864,1864,0,25ecbc6469680000,fc,0,0,0016,0748,0,0000,0016,0,0016,0000,1,1,0,0,0000,0016,0000,0000,0000,0000,0,0016,0016,0000,0,000,0016,0016
1865,1865,0,25ecbc6469680000,fc,0,0,0016,0748,0,0000,0016,0,0016,0000,1,1,0,0,0000,0016,0000,0000,0000,0000,0,0016,0016,0000,0,000,0016,0016
1866,1866,0,25ecbc6469680000,fc,0,0,0016,0748,0,0000,0016,0,0016,0000,1,1,0,0,0000,0016,0000,0000,0000,0000,0,0016,0016,0000,0,000,0016,0016
1867,1867,0,25ecbc6469680000,fc,0,0,0016,0748,0,0000,0016,0,0016,0000,1,1,0,0,0000,0016,0000,0000,0000,0000,0,0016,0016,0000,0,000,0016,0016
1868,1868,0,25ecbc6469680000,fc,0,0,0016,0748,0,0000,0016,0,0016,0000,1,1,0,0,0000,0016,0000,0000,0000,0000,0,0016,0016,0000,0,000,0016,0016
1869,1869,0,25ecbc6469680000,fc,0,0,0016,0748,0,0000,0016,0,0016,0000,1,1,0,0,0000,0016,0000,0000,0000,0000,0,0016,0016,0000,0,000,0016,0016
1870,1870,0,25ecbc6469680000,fc,0,0,0016,0748,0,0000,0016,0,0016,0000,1,1,0,0,0000,0016,0000,0000,0000,0000,0,0016,0016,0000,0,000,0016,0016
1871,1871,0,25ecbc6469680000,fc,0,0,0016,0748,0,0000,0016,0,0016,0000,1,1,0,0,0000,0016,0000,0000,0000,0000,0,0016,0016,0000,0,000,0016,0016
1872,1872,0,25ecbc6469680000,fc,0,0,0016,0748,0,0000,0016,0,0016,0000,1,1,0,0,0000,0016,0000,0000,0000,0000,0,0016,0016,0000,0,000,0016,0016
1873,1873,0,25ecbc6469680000,fc,0,0,0016,0748,0,0000,0016,0,0016,0000,1,1,0,0,0000,0016,0000,0000,0000,0000,0,0016,0016,0000,0,000,0016,0016
1874,1874,0,25ecbc6469680000,fc,0,0,0016,0748,0,0000,0016,0,0016,0000,1,1,0,0,0000,0016,0000,0000,0000,0000,0,0016,0016,0000,0,000,0016,0016
1875,1875,0,25ecbc6469680000,fc,0,0,0016,0748,0,0000,0016,0,0016,0000,1,1,0,0,0000,0016,0000,0000,0000,0000,0,0016,0016,0000,0,000,0016,0016
1876,1876,0,25ecbc6469680000,fc,0,0,0016,0748,0,0000,0016,0,0016,0000,1,1,0,0,0000,0016,0000,0000,0000,0000,0,0016,0016,0000,0,000,0016,0016
1877,1877,0,25ecbc6469680000,fc,0,0,0016,0748,0,0000,0016,0,0016,0000,1,1,0,0,0000,0016,0000,0000,0000,0000,0,0016,0016,0000,0,000,0016,0016
1878,1878,0,25ecbc6469680000,fc,0,0,0016,0748,0,0000,0016,0,0016,0000,1,1,0,0,0000,0016,0000,0000,0000,0000,0,0016,0016,0000,0,000,0016,0016
1879,1879,0,25ecbc6469680000,fc,0,0,0016,0748,0,0000,0016,0,0016,0000,1,1,0,0,0000,0016,0000,0000,0000,0000,0,0016,0016,0000,0,000,0016,0016
1880,1880,0,25ecbc6469680000,fc,0,0,0016,0748,0,0000,0016,0,0016,0000,1,1,0,0,0000,0016,0000,0000,0000,0000,0,0016,0016,0000,0,000,0016,0016
1881,1881,0,25ecbc6469680000,fc,0,0,0016,0748,0,0000,0016,0,0016,0000,1,1,0,0,0000,0016,0000,0000,0000,0000,0,0016,0016,0000,0,000,0016,0016
1882,1882,0,25ecbc6469680000,fc,0,0,0016,0748,0,0000,0016,0,0016,0000,1,1,0,0,0000,0016,0000,0000,0000,0000,0,0016,0016,0000,0,000,0016,0016
1883,1883,0,25ecbc6469680000,fc,0,0,0016,0748,0,0000,0016,0,0016,0000,1,1,0,0,0000,0016,0000,0000,0000,0000,0,0016,0016,0000,0,000,0016,0016
1884,1884,0,25ecbc6469680000,fc,0,0,0016,0748,0,0000,0016,0,0016,0000,1,1,0,0,0000,0016,0000,0000,0000,0000,0,0016,0016,0000,0,000,0016,0016
1885,1885,0,25ecbc6469680000,fc,0,0,0016,0748,0,0000,0016,0,0016,0000,1,1,0,0,0000,0016,0000,0000,0000,0000,0,0016,0016,0000,0,000,0016,0016
1886,1886,0,25ecbc6469680000,fc,0,0,0016,0748,0,0000,0016,0,0016,0000,1,1,0,0,0000,0016,0000,0000,0000,0000,0,0016,0016,0000,0,000,0016,0016
1887,1887,0,25ecbc6469680000,fc,0,0,0016,0748,0,0000,0016,0,0016,0000,1,1,0,0,0000,0016,0000,0000,0000,0000,0,0016,0016,0000,0,000,0016,0016
1888,1888,0,25ecbc6469680000,fc,0,0,0016,0748,0,0000,0016,0,0016,0000,1,1,0,0,0000,0016,0000,0000,0000,0000,0,0016,0016,0000,0,000,0016,0016
1889,1889,0,25ecbc6469680000,fc,0,0,0016,0748,0,0000,0016,0,0016,0000,1,1,0,0,0000,0016,0000,0000,0000,0000,0,0016,0016,0000,0,000,0016,0016
1890,1890,0,25ecbc6469680000,fc,0,0,0016,0748,0,0000,0016,0,0016,0000,1,1,0,0,0000,0016,0000,0000,0000,0000,0,0016,0016,0000,0,000,0016,0016
1891,1891,0,25ecbc6469680000,fc,0,0,0016,0748,0,0000,0016,0,0016,0000,1,1,0,0,0000,0016,0000,0000,0000,0000,0,0016,0016,0000,0,000,0016,0016
1892,1892,0,25ecbc6469680000,fc,0,0,0016,0748,0,0000,0016,0,0016,0000,1,1,0,0,0000,0016,0000,0000,0000,0000,0,0016,0016,0000,0,000,0016,0016
1893,1893,0,25ecbc6469680000,fc,0,0,0016,0748,0,0000,0016,0,0016,0000,1,1,0,0,0000,0016,0000,0000,0000,0000,0,0016,0016,0000,0,000,0016,0016
1894,1894,0,25ecbc6469680000,fc,0,0,0016,0748,0,0000,0016,0,0016,0000,1,1,0,0,0000,0016,0000,0000,0000,0000,0,0016,0016,0000,0,000,0016,0016
1895,1895,0,25ecbc6469680000,fc,0,0,0016,0748,0,0000,0016,0,0016,0000,1,1,0,0,0000,0016,0000,0000,0000,0000,0,0016,0016,0000,0,000,0016,0016
1896,1896,0,25ecbc6469680000,fc,0,0,0016,0748,0,0000,0016,0,0016,0000,1,1,0,0,0000,0016,0000,0000,0000,0000,0,0016,0016,0000,0,000,0016,0016
1897,1897,0,25ecbc6469680000,fc,0,0,0016,0748,0,0000,0016,0,0016,0000,1,1,0,0,0000,0016,0000,0000,0000,0000,0,0016,0016,0000,0,000,0016,0016
1898,1898,0,25ecbc6469680000,fc,0,0,0016,0748,0,0000,0016,0,0016,0000,1,1,0,0,0000,0016,0000,0000,0000,0000,0,0016,0016,0000,0,000,0016,0016
1899,1899,0,25ecbc6469680000,fc,0,0,0016,0748,0,0000,0016,0,0016,0000,1,1,0,0,0000,0016,0000,0000,0000,0000,0,0016,0016,0000,0,000,0016,0016
1900,1900,0,25ecbc6469680000,fc,0,0,0016,0748,0,0000,0016,0,0016,0000,1,1,0,0,0000,0016,0000,0000,0000,0000,0,0016,0016,0000,0,000,0016,0016
1901,1901,0,25ecbc6469680000,fc,0,0,0016,0748,0,0000,0016,0,0016,0000,1,1,0,0,0000,0016,0000,0000,0000,0000,0,0016,0016,0000,0,000,0016,0016
1902,1902,0,25ecbc6469680000,fc,0,0,0016,0748,0,0000,0016,0,0016,0000,1,1,0,0,0000,0016,0000,0000,0000,0000,0,0016,0016,0000,0,000,0016,0016
1903,1903,0,25ecbc6469680000,fc,0,0,0016,0748,0,0000,0016,0,0016,0000,1,1,0,0,0000,0016,0000,0000,0000,0000,0,0016,0016,0000,0,000,0016,0016
1904,1904,0,25ecbc6469680000,fc,0,0,0016,0748,0,0000,0016,0,0016,0000,1,1,0,0,0000,0016,0000,0000,0000,0000,0,0016,0016,0000,0,000,0016,0016
1905,1905,0,25ecbc6469680000,fc,0,0,0016,0748,0,0000,0016,0,0016,0000,1,1,0,0,0000,0016,0000,0000,0000,0000,0,0016,0016,0000,0,000,0016,0016
1906,1906,0,25ecbc6469680000,fc,0,0,0016,0748,0,0000,0016,0,0016,0000,1,1,0,0,0000,0016,0000,0000,0000,0000,0,0016,0016,0000,0,000,0016,0016
1907,1907,0,25ecbc6469680000,fc,0,0,0016,0748,0,0000,0016,0,0016,0000,1,1,0,0,0000,0016,0000,0000,0000,0000,0,0016,0016,0000,0,000,0016,0016
1908,1908,0,25ecbc6469680000,fc,0,0,0016,0748,0,0000,0016,0,0016,0000,1,1,0,0,0000,0016,0000,0000,0000,0000,0,0016,0016,0000,0,000,0016,0016
1909,1909,0,25ecbc6469680000,fc,0,0,0016,0748,0,0000,0016,0,0016,0000,1,1,0,0,0000,0016,0000,0000,0000,0000,0,0016,0016,0000,0,000,0016,0016
1910,1910,0,25ecbc6469680000,fc,0,0,0016,0748,0,0000,0016,0,0016,0000,1,1,0,0,0000,0016,0000,0000,0000,0000,0,0016,0016,0000,0,000,0016,0016
1911,1911,0,25ecbc6469680000,fc,0,0,0016,0748,0,0000,0016,0,0016,0000,1,1,0,0,0000,0016,0000,0000,0000,0000,0,0016,0016,0000,0,000,0016,0016
1912,1912,0,25ecbc6469680000,fc,0,0,0016,0748,0,0000,0016,0,0016,0000,1,1,0,0,0000,0016,0000,0000,0000,0000,0,0016,0016,0000,0,000,0016,0016
1913,1913,0,25ecbc6469680000,fc,0,0,0016,0748,0,0000,0016,0,0016,0000,1,1,0,0,0000,0016,0000,0000,0000,0000,0,0016,0016,0000,0,000,0016,0016
1914,1914,0,25ecbc6469680000,fc,0,0,0016,0748,0,0000,0016,0,0016,0000,1,1,0,0,0000,0016,0000,0000,0000,0000,0,0016,0016,0000,0,000,0016,0016
1915,1915,0,25ecbc6469680000,fc,0,0,0016,0748,0,0000,0016,0,0016,0000,1,1,0,0,0000,0016,0000,0000,0000,0000,0,0016,0016,0000,0,000,0016,0016
1916,1916,0,25ecbc6469680000,fc,0,0,0016,0748,0,0000,0016,0,0016,0000,1,1,0,0,0000,0016,0000,0000,0000,0000,0,0016,0016,0000,0,000,0016,0016
1917,1917,0,25ecbc6469680000,fc,0,0,0016,0748,0,0000,0016,0,0016,0000,1,1,0,0,0000,0016,0000,0000,0000,0000,0,0016,0016,0000,0,000,0016,0016
1918,1918,0,25ecbc6469680000,fc,0,0,0016,0748,0,0000,0016,0,0016,0000,1,1,0,0,0000,0016,0000,0000,0000,0000,0,0016,0016,0000,0,000,0016,0016
1919,1919,0,25ecbc6469680000,fc,0,0,0016,0748,0,0000,0016,0,0016,0000,1,1,0,0,0000,0016,0000,0000,0000,0000,0,0016,0016,0000,0,000,0016,0016
1920,1920,0,25ecbc6469680000,fc,0,0,0016,0748,0,0000,0016,0,0016,0000,1,1,0,0,0000,0016,0000,0000,0000,0000,0,0016,0016,0000,0,000,0016,0016
1921,1921,0,25ecbc6469680000,fc,0,0,0016,0748,0,0000,0016,0,0016,0000,1,1,0,0,0000,0016,0000,0000,0000,0000,0,0016,0016,0000,0,000,0016,0016
1922,1922,0,25ecbc6469680000,fc,0,0,0016,0748,0,0000,0016,0,0016,0000,1,1,0,0,0000,0016,0000,0000,0000,0000,0,0016,0016,0000,0,000,0016,0016
1923,1923,0,25ecbc6469680000,fc,0,0,0016,0748,0,0000,0016,0,0016,0000,1,1,0,0,0000,0016,0000,0000,0000,0000,0,0016,0016,0000,0,000,0016,0016
1924,1924,0,25ecbc6469680000,fc,0,0,0016,0748,0,0000,0016,0,0016,0000,1,1,0,0,0000,0016,0000,0000,0000,0000,0,0016,0016,0000,0,000,0016,0016
1925,1925,0,25ecbc6469680000,fc,0,0,0016,0748,0,0000,0016,0,0016,0000,1,1,0,0,0000,0016,0000,0000,0000,0000,0,0016,0016,0000,0,000,0016,0016
1926,1926,0,25ecbc6469680000,fc,0,0,0016,0748,0,0000,0016,0,0016,0000,1,1,0,0,0000,0016,0000,0000,0000,0000,0,0016,0016,0000,0,000,0016,0016
1927,1927,0,25ecbc6469680000,fc,0,0,0016,0748,0,0000,0016,0,0016,0000,1,1,0,0,0000,0016,0000,0000,0000,0000,0,0016,0016,0000,0,000,0016,0016
1928,1928,0,25ecbc6469680000,fc,0,0,0016,0748,0,0000,0016,0,0016,0000,1,1,0,0,0000,0016,0000,0000,0000,0000,0,0016,0016,0000,0,000,0016,0016
1929,1929,0,25ecbc6469680000,fc,0,0,0016,0748,0,0000,0016,0,0016,0000,1,1,0,0,0000,0016,0000,0000,0000,0000,0,0016,0016,0000,0,000,0016,0016
1930,1930,0,25ecbc6469680000,fc,0,0,0016,0748,0,0000,0016,0,0016,0000,1,1,0,0,0000,0016,0000,0000,0000,0000,0,0016,0016,0000,0,000,0016,0016
1931,1931,0,25ecbc6469680000,fc,0,0,0016,0748,0,0000,0016,0,0016,0000,1,1,0,0,0000,0016,0000,0000,0000,0000,0,0016,0016,0000,0,000,0016,0016
1932,1932,0,25ecbc6469680000,fc,0,0,0016,0748,0,0000,0016,0,0016,0000,1,1,0,0,0000,0016,0000,0000,0000,0000,0,0016,0016,0000,0,000,0016,0016
1933,1933,0,25ecbc6469680000,fc,0,0,0016,0748,0,0000,0016,0,0016,0000,1,1,0,0,0000,0016,0000,0000,0000,0000,0,0016,0016,0000,0,000,0016,0016
1934,1934,0,25ecbc6469680000,fc,0,0,0016,0748,0,0000,0016,0,0016,0000,1,1,0,0,0000,0016,0000,0000,0000,0000,0,0016,0016,0000,0,000,0016,0016
1935,1935,0,25ecbc6469680000,fc,0,0,0016,0748,0,0000,0016,0,0016,0000,1,1,0,0,0000,0016,0000,0000,0000,0000,0,0016,0016,0000,0,000,0016,0016
1936,1936,0,25ecbc6469680000,fc,0,0,0016,0748,0,0000,0016,0,0016,0000,1,1,0,0,0000,0016,0000,0000,0000,0000,0,0016,0016,0000,0,000,0016,0016
1937,1937,0,25ecbc6469680000,fc,0,0,0016,0748,0,0000,0016,0,0016,0000,1,1,0,0,0000,0016,0000,0000,0000,0000,0,0016,0016,0000,0,000,0016,0016
1938,1938,0,25ecbc6469680000,fc,0,0,0016,0748,0,0000,0016,0,0016,0000,1,1,0,0,0000,0016,0000,0000,0000,0000,0,0016,0016,0000,0,000,0016,0016
1939,1939,0,25ecbc6469680000,fc,0,0,0016,0748,0,0000,0016,0,0016,0000,1,1,0,0,0000,0016,0000,0000,0000,0000,0,0016,0016,0000,0,000,0016,0016
1940,1940,0,25ecbc6469680000,fc,0,0,0016,0748,0,0000,0016,0,0016,0000,1,1,0,0,0000,0016,0000,0000,0000,0000,0,0016,0016,0000,0,000,0016,0016
1941,1941,0,25ecbc6469680000,fc,0,0,0016,0748,0,0000,0016,0,0016,0000,1,1,0,0,0000,0016,0000,0000,0000,0000,0,0016,0016,0000,0,000,0016,0016
1942,1942,0,25ecbc6469680000,fc,0,0,0016,0748,0,0000,0016,0,0016,0000,1,1,0,0,0000,0016,0000,0000,0000,0000,0,0016,0016,0000,0,000,0016,0016
1943,1943,0,25ecbc6469680000,fc,0,0,0016,0748,0,0000,0016,0,0016,0000,1,1,0,0,0000,0016,0000,0000,0000,0000,0,0016,0016,0000,0,000,0016,0016
1944,1944,0,25ecbc6469680000,fc,0,0,0016,0748,0,0000,0016,0,0016,0000,1,1,0,0,0000,0016,0000,0000,0000,0000,0,0016,0016,0000,0,000,0016,0016
1945,1945,0,25ecbc6469680000,fc,0,0,0016,0748,0,0000,0016,0,0016,0000,1,1,0,0,0000,0016,0000,0000,0000,0000,0,0016,0016,0000,0,000,0016,0016
1946,1946,0,25ecbc6469680000,fc,0,0,0016,0748,0,0000,0016,0,0016,0000,1,1,0,0,0000,0016,0000,0000,0000,0000,0,0016,0016,0000,0,000,0016,0016
1947,1947,0,25ecbc6469680000,fc,0,0,0016,0748,0,0000,0016,0,0016,0000,1,1,0,0,0000,0016,0000,0000,0000,0000,0,0016,0016,0000,0,000,0016,0016
1948,1948,0,25ecbc6469680000,fc,0,0,0016,0748,0,0000,0016,0,0016,0000,1,1,0,0,0000,0016,0000,0000,0000,0000,0,0016,0016,0000,0,000,0016,0016
1949,1949,0,25ecbc6469680000,fc,0,0,0016,0748,0,0000,0016,0,0016,0000,1,1,0,0,0000,0016,0000,0000,0000,0000,0,0016,0016,0000,0,000,0016,0016
1950,1950,0,25ecbc6469680000,fc,0,0,0016,0748,0,0000,0016,0,0016,0000,1,1,0,0,0000,0016,0000,0000,0000,0000,0,0016,0016,0000,0,000,0016,0016
1951,1951,0,25ecbc6469680000,fc,0,0,0016,0748,0,0000,0016,0,0016,0000,1,1,0,0,0000,0016,0000,0000,0000,0000,0,0016,0016,0000,0,000,0016,0016
1952,1952,0,25ecbc6469680000,fc,0,0,0016,0748,0,0000,0016,0,0016,0000,1,1,0,0,0000,0016,0000,0000,0000,0000,0,0016,0016,0000,0,000,0016,0016
1953,1953,0,25ecbc6469680000,fc,0,0,0016,0748,0,0000,0016,0,0016,0000,1,1,0,0,0000,0016,0000,0000,0000,0000,0,0016,0016,0000,0,000,0016,0016
1954,1954,0,25ecbc6469680000,fc,0,0,0016,0748,0,0000,0016,0,0016,0000,1,1,0,0,0000,0016,0000,0000,0000,0000,0,0016,0016,0000,0,000,0016,0016
1955,1955,0,25ecbc6469680000,fc,0,0,0016,0748,0,0000,0016,0,0016,0000,1,1,0,0,0000,0016,0000,0000,0000,0000,0,0016,0016,0000,0,000,0016,0016
1956,1956,0,25ecbc6469680000,fc,0,0,0016,0748,0,0000,0016,0,0016,0000,1,1,0,0,0000,0016,0000,0000,0000,0000,0,0016,0016,0000,0,000,0016,0016
1957,1957,0,25ecbc6469680000,fc,0,0,0016,0748,0,0000,0016,0,0016,0000,1,1,0,0,0000,0016,0000,0000,0000,0000,0,0016,0016,0000,0,000,0016,0016
1958,1958,0,25ecbc6469680000,fc,0,0,0016,0748,0,0000,0016,0,0016,0000,1,1,0,0,0000,0016,0000,0000,0000,0000,0,0016,0016,0000,0,000,0016,0016
1959,1959,0,25ecbc6469680000,fc,0,0,0016,0748,0,0000,0016,0,0016,0000,1,1,0,0,0000,0016,0000,0000,0000,0000,0,0016,0016,0000,0,000,0016,0016
1960,1960,0,25ecbc6469680000,fc,0,0,0016,0748,0,0000,0016,0,0016,0000,1,1,0,0,0000,0016,0000,0000,0000,0000,0,0016,0016,0000,0,000,0016,0016
1961,1961,0,25ecbc6469680000,fc,0,0,0016,0748,0,0000,0016,0,0016,0000,1,1,0,0,0000,0016,0000,0000,0000,0000,0,0016,0016,0000,0,000,0016,0016
1962,1962,0,25ecbc6469680000,fc,0,0,0016,0748,0,0000,0016,0,0016,0000,1,1,0,0,0000,0016,0000,0000,0000,0000,0,0016,0016,0000,0,000,0016,0016
1963,1963,0,25ecbc6469680000,fc,0,0,0016,0748,0,0000,0016,0,0016,0000,1,1,0,0,0000,0016,0000,0000,0000,0000,0,0016,0016,0000,0,000,0016,0016
1964,1964,0,25ecbc6469680000,fc,0,0,0016,0748,0,0000,0016,0,0016,0000,1,1,0,0,0000,0016,0000,0000,0000,0000,0,0016,0016,0000,0,000,0016,0016
1965,1965,0,25ecbc6469680000,fc,0,0,0016,0748,0,0000,0016,0,0016,0000,1,1,0,0,0000,0016,0000,0000,0000,0000,0,0016,0016,0000,0,000,0016,0016
1966,1966,0,25ecbc6469680000,fc,0,0,0016,0748,0,0000,0016,0,0016,0000,1,1,0,0,0000,0016,0000,0000,0000,0000,0,0016,0016,0000,0,000,0016,0016
1967,1967,0,25ecbc6469680000,fc,0,0,0016,0748,0,0000,0016,0,0016,0000,1,1,0,0,0000,0016,0000,0000,0000,0000,0,0016,0016,0000,0,000,0016,0016
1968,1968,0,25ecbc6469680000,fc,0,0,0016,0748,0,0000,0016,0,0016,0000,1,1,0,0,0000,0016,0000,0000,0000,0000,0,0016,0016,0000,0,000,0016,0016
1969,1969,0,25ecbc6469680000,fc,0,0,0016,0748,0,0000,0016,0,0016,0000,1,1,0,0,0000,0016,0000,0000,0000,0000,0,0016,0016,0000,0,000,0016,0016
1970,1970,0,25ecbc6469680000,fc,0,0,0016,0748,0,0000,0016,0,0016,0000,1,1,0,0,0000,0016,0000,0000,0000,0000,0,0016,0016,0000,0,000,0016,0016
1971,1971,0,25ecbc6469680000,fc,0,0,0016,0748,0,0000,0016,0,0016,0000,1,1,0,0,0000,0016,0000,0000,0000,0000,0,0016,0016,0000,0,000,0016,0016
1972,1972,0,25ecbc6469680000,fc,0,0,0016,0748,0,0000,0016,0,0016,0000,1,1,0,0,0000,0016,0000,0000,0000,0000,0,0016,0016,0000,0,000,0016,0016
1973,1973,0,25ecbc6469680000,fc,0,0,0016,0748,0,0000,0016,0,0016,0000,1,1,0,0,0000,0016,0000,0000,0000,0000,0,0016,0016,0000,0,000,0016,0016
1974,1974,0,25ecbc6469680000,fc,0,0,0016,0748,0,0000,0016,0,0016,0000,1,1,0,0,0000,0016,0000,0000,0000,0000,0,0016,0016,0000,0,000,0016,0016
1975,1975,0,25ecbc6469680000,fc,0,0,0016,0748,0,0000,0016,0,0016,0000,1,1,0,0,0000,0016,0000,0000,0000,0000,0,0016,0016,0000,0,000,0016,0016
1976,1976,0,25ecbc6469680000,fc,0,0,0016,0748,0,0000,0016,0,0016,0000,1,1,0,0,0000,0016,0000,0000,0000,0000,0,0016,0016,0000,0,000,0016,0016
1977,1977,0,25ecbc6469680000,fc,0,0,0016,0748,0,0000,0016,0,0016,0000,1,1,0,0,0000,0016,0000,0000,0000,0000,0,0016,0016,0000,0,000,0016,0016
1978,1978,0,25ecbc6469680000,fc,0,0,0016,0748,0,0000,0016,0,0016,0000,1,1,0,0,0000,0016,0000,0000,0000,0000,0,0016,0016,0000,0,000,0016,0016
1979,1979,0,25ecbc6469680000,fc,0,0,0016,0748,0,0000,0016,0,0016,0000,1,1,0,0,0000,0016,0000,0000,0000,0000,0,0016,0016,0000,0,000,0016,0016
1980,1980,0,25ecbc6469680000,fc,0,0,0016,0748,0,0000,0016,0,0016,0000,1,1,0,0,0000,0016,0000,0000,0000,0000,0,0016,0016,0000,0,000,0016,0016
1981,1981,0,25ecbc6469680000,fc,0,0,0016,0748,0,0000,0016,0,0016,0000,1,1,0,0,0000,0016,0000,0000,0000,0000,0,0016,0016,0000,0,000,0016,0016
1982,1982,0,25ecbc6469680000,fc,0,0,0016,0748,0,0000,0016,0,0016,0000,1,1,0,0,0000,0016,0000,0000,0000,0000,0,0016,0016,0000,0,000,0016,0016
1983,1983,0,25ecbc6469680000,fc,0,0,0016,0748,0,0000,0016,0,0016,0000,1,1,0,0,0000,0016,0000,0000,0000,0000,0,0016,0016,0000,0,000,0016,0016
1984,1984,0,25ecbc6469680000,fc,0,0,0016,0748,0,0000,0016,0,0016,0000,1,1,0,0,0000,0016,0000,0000,0000,0000,0,0016,0016,0000,0,000,0016,0016
1985,1985,0,25ecbc6469680000,fc,0,0,0016,0748,0,0000,0016,0,0016,0000,1,1,0,0,0000,0016,0000,0000,0000,0000,0,0016,0016,0000,0,000,0016,0016
1986,1986,0,25ecbc6469680000,fc,0,0,0016,0748,0,0000,0016,0,0016,0000,1,1,0,0,0000,0016,0000,0000,0000,0000,0,0016,0016,0000,0,000,0016,0016
1987,1987,0,25ecbc6469680000,fc,0,0,0016,0748,0,0000,0016,0,0016,0000,1,1,0,0,0000,0016,0000,0000,0000,0000,0,0016,0016,0000,0,000,0016,0016
1988,1988,0,25ecbc6469680000,fc,0,0,0016,0748,0,0000,0016,0,0016,0000,1,1,0,0,0000,0016,0000,0000,0000,0000,0,0016,0016,0000,0,000,0016,0016
1989,1989,0,25ecbc6469680000,fc,0,0,0016,0748,0,0000,0016,0,0016,0000,1,1,0,0,0000,0016,0000,0000,0000,0000,0,0016,0016,0000,0,000,0016,0016
1990,1990,0,25ecbc6469680000,fc,0,0,0016,0748,0,0000,0016,0,0016,0000,1,1,0,0,0000,0016,0000,0000,0000,0000,0,0016,0016,0000,0,000,0016,0016
1991,1991,0,25ecbc6469680000,fc,0,0,0016,0748,0,0000,0016,0,0016,0000,1,1,0,0,0000,0016,0000,0000,0000,0000,0,0016,0016,0000,0,000,0016,0016
1992,1992,0,25ecbc6469680000,fc,0,0,0016,0748,0,0000,0016,0,0016,0000,1,1,0,0,0000,0016,0000,0000,0000,0000,0,0016,0016,0000,0,000,0016,0016
1993,1993,0,25ecbc6469680000,fc,0,0,0016,0748,0,0000,0016,0,0016,0000,1,1,0,0,0000,0016,0000,0000,0000,0000,0,0016,0016,0000,0,000,0016,0016
1994,1994,0,25ecbc6469680000,fc,0,0,0016,0748,0,0000,0016,0,0016,0000,1,1,0,0,0000,0016,0000,0000,0000,0000,0,0016,0016,0000,0,000,0016,0016
1995,1995,0,25ecbc6469680000,fc,0,0,0016,0748,0,0000,0016,0,0016,0000,1,1,0,0,0000,0016,0000,0000,0000,0000,0,0016,0016,0000,0,000,0016,0016
1996,1996,0,25ecbc6469680000,fc,0,0,0016,0748,0,0000,0016,0,0016,0000,1,1,0,0,0000,0016,0000,0000,0000,0000,0,0016,0016,0000,0,000,0016,0016
1997,1997,0,25ecbc6469680000,fc,0,0,0016,0748,0,0000,0016,0,0016,0000,1,1,0,0,0000,0016,0000,0000,0000,0000,0,0016,0016,0000,0,000,0016,0016
1998,1998,0,25ecbc6469680000,fc,0,0,0016,0748,0,0000,0016,0,0016,0000,1,1,0,0,0000,0016,0000,0000,0000,0000,0,0016,0016,0000,0,000,0016,0016
1999,1999,0,25ecbc6469680000,fc,0,0,0016,0748,0,0000,0016,0,0016,0000,1,1,0,0,0000,0016,0000,0000,0000,0000,0,0016,0016,0000,0,000,0016,0016
2000,2000,0,25ecbc6469680000,fc,0,0,0016,0748,0,0000,0016,0,0016,0000,1,1,0,0,0000,0016,0000,0000,0000,0000,0,0016,0016,0000,0,000,0016,0016
2001,2001,0,25ecbc6469680000,fc,0,0,0016,0748,0,0000,0016,0,0016,0000,1,1,0,0,0000,0016,0000,0000,0000,0000,0,0016,0016,0000,0,000,0016,0016
2002,2002,0,25ecbc6469680000,fc,0,0,0016,0748,0,0000,0016,0,0016,0000,1,1,0,0,0000,0016,0000,0000,0000,0000,0,0016,0016,0000,0,000,0016,0016
2003,2003,0,25ecbc6469680000,fc,0,0,0016,0748,0,0000,0016,0,0016,0000,1,1,0,0,0000,0016,0000,0000,0000,0000,0,0016,0016,0000,0,000,0016,0016
2004,2004,0,25ecbc6469680000,fc,0,0,0016,0748,0,0000,0016,0,0016,0000,1,1,0,0,0000,0016,0000,0000,0000,0000,0,0016,0016,0000,0,000,0016,0016
2005,2005,0,25ecbc6469680000,fc,0,0,0016,0748,0,0000,0016,0,0016,0000,1,1,0,0,0000,0016,0000,0000,0000,0000,0,0016,0016,0000,0,000,0016,0016
2006,2006,0,25ecbc6469680000,fc,0,0,0016,0748,0,0000,0016,0,0016,0000,1,1,0,0,0000,0016,0000,0000,0000,0000,0,0016,0016,0000,0,000,0016,0016
2007,2007,0,25ecbc6469680000,fc,0,0,0016,0748,0,0000,0016,0,0016,0000,1,1,0,0,0000,0016,0000,0000,0000,0000,0,0016,0016,0000,0,000,0016,0016
2008,2008,0,25ecbc6469680000,fc,0,0,0016,0748,0,0000,0016,0,0016,0000,1,1,0,0,0000,0016,0000,0000,0000,0000,0,0016,0016,0000,0,000,0016,0016
2009,2009,0,25ecbc6469680000,fc,0,0,0016,0748,0,0000,0016,0,0016,0000,1,1,0,0,0000,0016,0000,0000,0000,0000,0,0016,0016,0000,0,000,0016,0016
2010,2010,0,25ecbc6469680000,fc,0,0,0016,0748,0,0000,0016,0,0016,0000,1,1,0,0,0000,0016,0000,0000,0000,0000,0,0016,0016,0000,0,000,0016,0016
2011,2011,0,25ecbc6469680000,fc,0,0,0016,0748,0,0000,0016,0,0016,0000,1,1,0,0,0000,0016,0000,0000,0000,0000,0,0016,0016,0000,0,000,0016,0016
2012,2012,0,25ecbc6469680000,fc,0,0,0016,0748,0,0000,0016,0,0016,0000,1,1,0,0,0000,0016,0000,0000,0000,0000,0,0016,0016,0000,0,000,0016,0016
2013,2013,0,25ecbc6469680000,fc,0,0,0016,0748,0,0000,0016,0,0016,0000,1,1,0,0,0000,0016,0000,0000,0000,0000,0,0016,0016,0000,0,000,0016,0016
2014,2014,0,25ecbc6469680000,fc,0,0,0016,0748,0,0000,0016,0,0016,0000,1,1,0,0,0000,0016,0000,0000,0000,0000,0,0016,0016,0000,0,000,0016,0016
2015,2015,0,25ecbc6469680000,fc,0,0,0016,0748,0,0000,0016,0,0016,0000,1,1,0,0,0000,0016,0000,0000,0000,0000,0,0016,0016,0000,0,000,0016,0016
2016,2016,0,25ecbc6469680000,fc,0,0,0016,0748,0,0000,0016,0,0016,0000,1,1,0,0,0000,0016,0000,0000,0000,0000,0,0016,0016,0000,0,000,0016,0016
2017,2017,0,25ecbc6469680000,fc,0,0,0016,0748,0,0000,0016,0,0016,0000,1,1,0,0,0000,0016,0000,0000,0000,0000,0,0016,0016,0000,0,000,0016,0016
2018,2018,0,25ecbc6469680000,fc,0,0,0016,0748,0,0000,0016,0,0016,0000,1,1,0,0,0000,0016,0000,0000,0000,0000,0,0016,0016,0000,0,000,0016,0016
2019,2019,0,25ecbc6469680000,fc,0,0,0016,0748,0,0000,0016,0,0016,0000,1,1,0,0,0000,0016,0000,0000,0000,0000,0,0016,0016,0000,0,000,0016,0016
2020,2020,0,25ecbc6469680000,fc,0,0,0016,0748,0,0000,0016,0,0016,0000,1,1,0,0,0000,0016,0000,0000,0000,0000,0,0016,0016,0000,0,000,0016,0016
2021,2021,0,25ecbc6469680000,fc,0,0,0016,0748,0,0000,0016,0,0016,0000,1,1,0,0,0000,0016,0000,0000,0000,0000,0,0016,0016,0000,0,000,0016,0016
2022,2022,0,25ecbc6469680000,fc,0,0,0016,0748,0,0000,0016,0,0016,0000,1,1,0,0,0000,0016,0000,0000,0000,0000,0,0016,0016,0000,0,000,0016,0016
2023,2023,0,25ecbc6469680000,fc,0,0,0016,0748,0,0000,0016,0,0016,0000,1,1,0,0,0000,0016,0000,0000,0000,0000,0,0016,0016,0000,0,000,0016,0016
2024,2024,0,25ecbc6469680000,fc,0,0,0016,0748,0,0000,0016,0,0016,0000,1,1,0,0,0000,0016,0000,0000,0000,0000,0,0016,0016,0000,0,000,0016,0016
2025,2025,0,25ecbc6469680000,fc,0,0,0016,0748,0,0000,0016,0,0016,0000,1,1,0,0,0000,0016,0000,0000,0000,0000,0,0016,0016,0000,0,000,0016,0016
2026,2026,0,25ecbc6469680000,fc,0,0,0016,0748,0,0000,0016,0,0016,0000,1,1,0,0,0000,0016,0000,0000,0000,0000,0,0016,0016,0000,0,000,0016,0016
2027,2027,0,25ecbc6469680000,fc,0,0,0016,0748,0,0000,0016,0,0016,0000,1,1,0,0,0000,0016,0000,0000,0000,0000,0,0016,0016,0000,0,000,0016,0016
2028,2028,0,25ecbc6469680000,fc,0,0,0016,0748,0,0000,0016,0,0016,0000,1,1,0,0,0000,0016,0000,0000,0000,0000,0,0016,0016,0000,0,000,0016,0016
2029,2029,0,25ecbc6469680000,fc,0,0,0016,0748,0,0000,0016,0,0016,0000,1,1,0,0,0000,0016,0000,0000,0000,0000,0,0016,0016,0000,0,000,0016,0016
2030,2030,0,25ecbc6469680000,fc,0,0,0016,0748,0,0000,0016,0,0016,0000,1,1,0,0,0000,0016,0000,0000,0000,0000,0,0016,0016,0000,0,000,0016,0016
2031,2031,0,25ecbc6469680000,fc,0,0,0016,0748,0,0000,0016,0,0016,0000,1,1,0,0,0000,0016,0000,0000,0000,0000,0,0016,0016,0000,0,000,0016,0016
2032,2032,0,25ecbc6469680000,fc,0,0,0016,0748,0,0000,0016,0,0016,0000,1,1,0,0,0000,0016,0000,0000,0000,0000,0,0016,0016,0000,0,000,0016,0016
2033,2033,0,25ecbc6469680000,fc,0,0,0016,0748,0,0000,0016,0,0016,0000,1,1,0,0,0000,0016,0000,0000,0000,0000,0,0016,0016,0000,0,000,0016,0016
2034,2034,0,25ecbc6469680000,fc,0,0,0016,0748,0,0000,0016,0,0016,0000,1,1,0,0,0000,0016,0000,0000,0000,0000,0,0016,0016,0000,0,000,0016,0016
2035,2035,0,25ecbc6469680000,fc,0,0,0016,0748,0,0000,0016,0,0016,0000,1,1,0,0,0000,0016,0000,0000,0000,0000,0,0016,0016,0000,0,000,0016,0016
2036,2036,0,25ecbc6469680000,fc,0,0,0016,0748,0,0000,0016,0,0016,0000,1,1,0,0,0000,0016,0000,0000,0000,0000,0,0016,0016,0000,0,000,0016,0016
2037,2037,0,25ecbc6469680000,fc,0,0,0016,0748,0,0000,0016,0,0016,0000,1,1,0,0,0000,0016,0000,0000,0000,0000,0,0016,0016,0000,0,000,0016,0016
2038,2038,0,25ecbc6469680000,fc,0,0,0016,0748,0,0000,0016,0,0016,0000,1,1,0,0,0000,0016,0000,0000,0000,0000,0,0016,0016,0000,0,000,0016,0016
2039,2039,0,25ecbc6469680000,fc,0,0,0016,0748,0,0000,0016,0,0016,0000,1,1,0,0,0000,0016,0000,0000,0000,0000,0,0016,0016,0000,0,000,0016,0016
2040,2040,0,25ecbc6469680000,fc,0,0,0016,0748,0,0000,0016,0,0016,0000,1,1,0,0,0000,0016,0000,0000,0000,0000,0,0016,0016,0000,0,000,0016,0016
2041,2041,0,25ecbc6469680000,fc,0,0,0016,0748,0,0000,0016,0,0016,0000,1,1,0,0,0000,0016,0000,0000,0000,0000,0,0016,0016,0000,0,000,0016,0016
2042,2042,0,25ecbc6469680000,fc,0,0,0016,0748,0,0000,0016,0,0016,0000,1,1,0,0,0000,0016,0000,0000,0000,0000,0,0016,0016,0000,0,000,0016,0016
2043,2043,0,25ecbc6469680000,fc,0,0,0016,0748,0,0000,0016,0,0016,0000,1,1,0,0,0000,0016,0000,0000,0000,0000,0,0016,0016,0000,0,000,0016,0016
2044,2044,0,25ecbc6469680000,fc,0,0,0016,0748,0,0000,0016,0,0016,0000,1,1,0,0,0000,0016,0000,0000,0000,0000,0,0016,0016,0000,0,000,0016,0016
2045,2045,0,25ecbc6469680000,fc,0,0,0016,0748,0,0000,0016,0,0016,0000,1,1,0,0,0000,0016,0000,0000,0000,0000,0,0016,0016,0000,0,000,0016,0016
2046,2046,0,25ecbc6469680000,fc,0,0,0016,0748,0,0000,0016,0,0016,0000,1,1,0,0,0000,0016,0000,0000,0000,0000,0,0016,0016,0000,0,000,0016,0016
2047,2047,0,25ecbc6469680000,fc,0,0,0016,0748,0,0000,0016,0,0016,0000,1,1,0,0,0000,0016,0000,0000,0000,0000,0,0016,0016,0000,0,000,0016,0016
