#-----------------------------------------------------------
# Vivado v2023.1 (64-bit)
# SW Build 3865809 on Sun May  7 15:05:29 MDT 2023
# IP Build 3864474 on Sun May  7 20:36:21 MDT 2023
# SharedData Build 3865790 on Sun May 07 13:33:03 MDT 2023
# Start of session at: Wed Oct  7 23:58:42 2026
# Process ID: 3496
# Current directory: D:/FPGA/prj/project_10/prj_loop
# Command line: vivado.exe -mode batch -source scripts\build_debug.tcl -notrace -log build_w5_fix5.log -journal build_w5_fix5.jou
# Log file: D:/FPGA/prj/project_10/prj_loop/build_w5_fix5.log
# Journal file: D:/FPGA/prj/project_10/prj_loop\build_w5_fix5.jou
# Running On: Xuegulin, OS: Windows, CPU Frequency: 2419 MHz, CPU Physical cores: 16, Host memory: 16890 MB
#-----------------------------------------------------------
source {scripts\build_debug.tcl} -notrace
Scanning sources...
Finished scanning sources
INFO: [IP_Flow 19-234] Refreshing IP repositories
INFO: [IP_Flow 19-1704] No user IP repositories specified
INFO: [IP_Flow 19-2313] Loaded Vivado IP repository 'D:/Xilinx/Vivado/2023.1/data/ip'.
WARNING: [filemgmt 56-443] The ECC Algorithm string is empty. Setting the Memory Map to default ECC value to ECC_NONE.
WARNING: [filemgmt 56-443] The ECC Algorithm string is empty. Setting the Memory Map to default ECC value to ECC_NONE.
open_project: Time (s): cpu = 00:00:06 ; elapsed = 00:00:07 . Memory (MB): peak = 1543.883 ; gain = 235.859
WARNING: [filemgmt 56-443] The ECC Algorithm string is empty. Setting the Memory Map to default ECC value to ECC_NONE.
WARNING: [filemgmt 56-443] The ECC Algorithm string is empty. Setting the Memory Map to default ECC value to ECC_NONE.
INFO: [IP_Flow 19-1686] Generating 'Instantiation Template' target for IP 'ddr4_0'...
INFO: [IP_Flow 19-1686] Generating 'Synthesis' target for IP 'ddr4_0'...
INFO: [Device 21-403] Loading part xcku060-ffva1156-2-i
INFO: [IP_Flow 19-1686] Generating 'Simulation' target for IP 'ddr4_0'...
INFO: [IP_Flow 19-1686] Generating 'Implementation' target for IP 'ddr4_0'...
INFO: [IP_Flow 19-1686] Generating 'Change Log' target for IP 'ddr4_0'...
WARNING: [filemgmt 56-443] The ECC Algorithm string is empty. Setting the Memory Map to default ECC value to ECC_NONE.
WARNING: [filemgmt 56-443] The ECC Algorithm string is empty. Setting the Memory Map to default ECC value to ECC_NONE.
WARNING: [filemgmt 56-443] The ECC Algorithm string is empty. Setting the Memory Map to default ECC value to ECC_NONE.
WARNING: [filemgmt 56-443] The ECC Algorithm string is empty. Setting the Memory Map to default ECC value to ECC_NONE.
Exporting to file d:/FPGA/prj/project_10/prj_loop/vivado/prj_loop.gen/sources_1/ip/ddr4_0/bd_0/hw_handoff/ddr4_0_microblaze_mcs.hwh
Generated Hardware Definition File d:/FPGA/prj/project_10/prj_loop/vivado/prj_loop.gen/sources_1/ip/ddr4_0/bd_0/synth/ddr4_0_microblaze_mcs.hwdef
generate_target: Time (s): cpu = 00:00:08 ; elapsed = 00:00:10 . Memory (MB): peak = 2378.645 ; gain = 834.762
[Wed Oct  7 23:59:05 2026] Launched ddr4_0_synth_1...
Run output will be captured here: D:/FPGA/prj/project_10/prj_loop/vivado/prj_loop.runs/ddr4_0_synth_1/runme.log
[Wed Oct  7 23:59:05 2026] Launched synth_1...
Run output will be captured here: D:/FPGA/prj/project_10/prj_loop/vivado/prj_loop.runs/synth_1/runme.log
[Wed Oct  7 23:59:05 2026] Waiting for synth_1 to finish...

*** Running vivado
    with args -log aurora_mem_bridge.vds -m64 -product Vivado -mode batch -messageDb vivado.pb -notrace -source aurora_mem_bridge.tcl



****** Vivado v2023.1 (64-bit)
  **** SW Build 3865809 on Sun May  7 15:05:29 MDT 2023
  **** IP Build 3864474 on Sun May  7 20:36:21 MDT 2023
  **** SharedData Build 3865790 on Sun May 07 13:33:03 MDT 2023
    ** Copyright 1986-2022 Xilinx, Inc. All Rights Reserved.
    ** Copyright 2022-2023 Advanced Micro Devices, Inc. All Rights Reserved.

source aurora_mem_bridge.tcl -notrace
Command: read_checkpoint -auto_incremental -incremental D:/FPGA/prj/project_10/prj_loop/vivado/prj_loop.srcs/utils_1/imports/synth_1/aurora_mem_bridge.dcp
INFO: [Vivado 12-5825] Read reference checkpoint from D:/FPGA/prj/project_10/prj_loop/vivado/prj_loop.srcs/utils_1/imports/synth_1/aurora_mem_bridge.dcp for incremental synthesis
INFO: [Vivado 12-7989] Please ensure there are no constraint changes
Command: synth_design -top aurora_mem_bridge -part xcku060-ffva1156-2-i
Starting synth_design
Attempting to get a license for feature 'Synthesis' and/or device 'xcku060'
INFO: [Common 17-349] Got license for feature 'Synthesis' and/or device 'xcku060'
INFO: [Device 21-403] Loading part xcku060-ffva1156-2-i
INFO: [Synth 8-7079] Multithreading enabled for synth_design using a maximum of 2 processes.
INFO: [Synth 8-7078] Launching helper process for spawning children vivado processes
INFO: [Synth 8-7075] Helper process launched with PID 36528
INFO: [Synth 8-11241] undeclared symbol 'power_down_i', assumed default net type 'wire' [D:/FPGA/prj/project_9/shared_logic/aurora_64b66b_0_support_ext.v:231]
INFO: [Synth 8-11241] undeclared symbol 'gt_to_common_qpllreset_i', assumed default net type 'wire' [D:/FPGA/prj/project_9/shared_logic/aurora_64b66b_0_support_ext.v:276]
INFO: [Synth 8-11241] undeclared symbol 'tx_lock', assumed default net type 'wire' [D:/FPGA/prj/project_9/shared_logic/aurora_64b66b_0_support_ext.v:370]
---------------------------------------------------------------------------------
Starting RTL Elaboration : Time (s): cpu = 00:00:03 ; elapsed = 00:00:03 . Memory (MB): peak = 2695.508 ; gain = 407.871
---------------------------------------------------------------------------------
INFO: [Synth 8-6157] synthesizing module 'aurora_mem_bridge' [D:/FPGA/prj/project_10/rtl/aurora_mem_bridge.v:43]
INFO: [Synth 8-6157] synthesizing module 'IBUFDS' [D:/Xilinx/Vivado/2023.1/scripts/rt/data/unisim_comp.v:71783]
INFO: [Synth 8-6155] done synthesizing module 'IBUFDS' (0#1) [D:/Xilinx/Vivado/2023.1/scripts/rt/data/unisim_comp.v:71783]
INFO: [Synth 8-6157] synthesizing module 'BUFG' [D:/Xilinx/Vivado/2023.1/scripts/rt/data/unisim_comp.v:1519]
INFO: [Synth 8-6155] done synthesizing module 'BUFG' (0#1) [D:/Xilinx/Vivado/2023.1/scripts/rt/data/unisim_comp.v:1519]
INFO: [Synth 8-6157] synthesizing module 'aurora_64b66b_0_support_ext' [D:/FPGA/prj/project_9/shared_logic/aurora_64b66b_0_support_ext.v:67]
INFO: [Synth 8-6157] synthesizing module 'aurora_64b66b_0_gt_common_wrapper' [D:/FPGA/prj/project_9/shared_logic/aurora_64b66b_0_gt_common_wrapper.v:6]
INFO: [Synth 8-6157] synthesizing module 'aurora_64b66b_0_gt_gthe3_common_wrapper' [D:/FPGA/prj/project_9/shared_logic/aurora_64b66b_0_gt_gthe3_common_wrapper.v:4]
INFO: [Synth 8-6157] synthesizing module 'gtwizard_ultrascale_v1_7_16_gthe3_common' [D:/FPGA/prj/project_9/shared_logic/gtwizard_ultrascale_v1_7_gthe3_common.v:55]
	Parameter GTHE3_COMMON_BIAS_CFG0 bound to: 16'b0000000000000000 
	Parameter GTHE3_COMMON_BIAS_CFG1 bound to: 16'b0000000000000000 
	Parameter GTHE3_COMMON_BIAS_CFG2 bound to: 16'b0000000000000000 
	Parameter GTHE3_COMMON_BIAS_CFG3 bound to: 16'b0000000001000000 
	Parameter GTHE3_COMMON_BIAS_CFG4 bound to: 16'b0000000000000000 
	Parameter GTHE3_COMMON_BIAS_CFG_RSVD bound to: 10'b0000000000 
	Parameter GTHE3_COMMON_COMMON_CFG0 bound to: 16'b0000000000000000 
	Parameter GTHE3_COMMON_COMMON_CFG1 bound to: 16'b0000000000000000 
	Parameter GTHE3_COMMON_POR_CFG bound to: 16'b0000000000000100 
	Parameter GTHE3_COMMON_QPLL0_CFG0 bound to: 16'b0011001000011100 
	Parameter GTHE3_COMMON_QPLL0_CFG1 bound to: 16'b0001000000011000 
	Parameter GTHE3_COMMON_QPLL0_CFG1_G3 bound to: 16'b0001000000011000 
	Parameter GTHE3_COMMON_QPLL0_CFG2 bound to: 16'b0000000001001000 
	Parameter GTHE3_COMMON_QPLL0_CFG2_G3 bound to: 16'b0000000001001000 
	Parameter GTHE3_COMMON_QPLL0_CFG3 bound to: 16'b0000000100100000 
	Parameter GTHE3_COMMON_QPLL0_CFG4 bound to: 16'b0000000000001001 
	Parameter GTHE3_COMMON_QPLL0_CP bound to: 10'b0000011111 
	Parameter GTHE3_COMMON_QPLL0_CP_G3 bound to: 10'b1111111111 
	Parameter GTHE3_COMMON_QPLL0_FBDIV bound to: 66 - type: integer 
	Parameter GTHE3_COMMON_QPLL0_FBDIV_G3 bound to: 80 - type: integer 
	Parameter GTHE3_COMMON_QPLL0_INIT_CFG0 bound to: 16'b0000001010110010 
	Parameter GTHE3_COMMON_QPLL0_INIT_CFG1 bound to: 8'b00000000 
	Parameter GTHE3_COMMON_QPLL0_LOCK_CFG bound to: 16'b0010000111101000 
	Parameter GTHE3_COMMON_QPLL0_LOCK_CFG_G3 bound to: 16'b0010000111101000 
	Parameter GTHE3_COMMON_QPLL0_LPF bound to: 10'b1111111100 
	Parameter GTHE3_COMMON_QPLL0_LPF_G3 bound to: 10'b0000010101 
	Parameter GTHE3_COMMON_QPLL0_REFCLK_DIV bound to: 1 - type: integer 
	Parameter GTHE3_COMMON_QPLL0_SDM_CFG0 bound to: 16'b0000000000000000 
	Parameter GTHE3_COMMON_QPLL0_SDM_CFG1 bound to: 16'b0000000000000000 
	Parameter GTHE3_COMMON_QPLL0_SDM_CFG2 bound to: 16'b0000000000000000 
	Parameter GTHE3_COMMON_QPLL1_CFG0 bound to: 16'b0011001000011100 
	Parameter GTHE3_COMMON_QPLL1_CFG1 bound to: 16'b0001000000011000 
	Parameter GTHE3_COMMON_QPLL1_CFG1_G3 bound to: 16'b0001000000011000 
	Parameter GTHE3_COMMON_QPLL1_CFG2 bound to: 16'b0000000001000000 
	Parameter GTHE3_COMMON_QPLL1_CFG2_G3 bound to: 16'b0000000001000000 
	Parameter GTHE3_COMMON_QPLL1_CFG3 bound to: 16'b0000000100100000 
	Parameter GTHE3_COMMON_QPLL1_CFG4 bound to: 16'b0000000000001001 
	Parameter GTHE3_COMMON_QPLL1_CP bound to: 10'b0001111111 
	Parameter GTHE3_COMMON_QPLL1_CP_G3 bound to: 10'b1111111111 
	Parameter GTHE3_COMMON_QPLL1_FBDIV bound to: 64 - type: integer 
	Parameter GTHE3_COMMON_QPLL1_FBDIV_G3 bound to: 80 - type: integer 
	Parameter GTHE3_COMMON_QPLL1_INIT_CFG0 bound to: 16'b0000001010110010 
	Parameter GTHE3_COMMON_QPLL1_INIT_CFG1 bound to: 8'b00000000 
	Parameter GTHE3_COMMON_QPLL1_LOCK_CFG bound to: 16'b0010000111101000 
	Parameter GTHE3_COMMON_QPLL1_LOCK_CFG_G3 bound to: 16'b0010000111101000 
	Parameter GTHE3_COMMON_QPLL1_LPF bound to: 10'b1111111100 
	Parameter GTHE3_COMMON_QPLL1_LPF_G3 bound to: 10'b0000010101 
	Parameter GTHE3_COMMON_QPLL1_REFCLK_DIV bound to: 1 - type: integer 
	Parameter GTHE3_COMMON_QPLL1_SDM_CFG0 bound to: 16'b0000000000000000 
	Parameter GTHE3_COMMON_QPLL1_SDM_CFG1 bound to: 16'b0000000000000000 
	Parameter GTHE3_COMMON_QPLL1_SDM_CFG2 bound to: 16'b0000000000000000 
	Parameter GTHE3_COMMON_RSVD_ATTR0 bound to: 16'b0000000000000000 
	Parameter GTHE3_COMMON_RSVD_ATTR1 bound to: 16'b0000000000000000 
	Parameter GTHE3_COMMON_RSVD_ATTR2 bound to: 16'b0000000000000000 
	Parameter GTHE3_COMMON_RSVD_ATTR3 bound to: 16'b0000000000000000 
	Parameter GTHE3_COMMON_RXRECCLKOUT0_SEL bound to: 2'b00 
	Parameter GTHE3_COMMON_RXRECCLKOUT1_SEL bound to: 2'b00 
	Parameter GTHE3_COMMON_SARC_EN bound to: 1'b1 
	Parameter GTHE3_COMMON_SARC_SEL bound to: 1'b0 
	Parameter GTHE3_COMMON_SDM0DATA1_0 bound to: 16'b0000000000000000 
	Parameter GTHE3_COMMON_SDM0DATA1_1 bound to: 9'b000000000 
	Parameter GTHE3_COMMON_SDM0INITSEED0_0 bound to: 16'b0000000000000000 
	Parameter GTHE3_COMMON_SDM0INITSEED0_1 bound to: 9'b000000000 
	Parameter GTHE3_COMMON_SDM0_DATA_PIN_SEL bound to: 1'b0 
	Parameter GTHE3_COMMON_SDM0_WIDTH_PIN_SEL bound to: 1'b0 
	Parameter GTHE3_COMMON_SDM1DATA1_0 bound to: 16'b0000000000000000 
	Parameter GTHE3_COMMON_SDM1DATA1_1 bound to: 9'b000000000 
	Parameter GTHE3_COMMON_SDM1INITSEED0_0 bound to: 16'b0000000000000000 
	Parameter GTHE3_COMMON_SDM1INITSEED0_1 bound to: 9'b000000000 
	Parameter GTHE3_COMMON_SDM1_DATA_PIN_SEL bound to: 1'b0 
	Parameter GTHE3_COMMON_SDM1_WIDTH_PIN_SEL bound to: 1'b0 
	Parameter GTHE3_COMMON_SIM_RESET_SPEEDUP bound to: TRUE - type: string 
	Parameter GTHE3_COMMON_SIM_VERSION bound to: 2 - type: integer 
	Parameter GTHE3_COMMON_BGBYPASSB_VAL bound to: 1'b1 
	Parameter GTHE3_COMMON_BGMONITORENB_VAL bound to: 1'b1 
	Parameter GTHE3_COMMON_BGPDB_VAL bound to: 1'b1 
	Parameter GTHE3_COMMON_BGRCALOVRD_VAL bound to: 5'b11111 
	Parameter GTHE3_COMMON_BGRCALOVRDENB_VAL bound to: 1'b1 
	Parameter GTHE3_COMMON_DRPADDR_VAL bound to: 9'b000000000 
	Parameter GTHE3_COMMON_DRPCLK_VAL bound to: 1'b0 
	Parameter GTHE3_COMMON_DRPDI_VAL bound to: 16'b0000000000000000 
	Parameter GTHE3_COMMON_DRPEN_VAL bound to: 1'b0 
	Parameter GTHE3_COMMON_DRPWE_VAL bound to: 1'b0 
	Parameter GTHE3_COMMON_GTGREFCLK0_VAL bound to: 1'b0 
	Parameter GTHE3_COMMON_GTGREFCLK1_VAL bound to: 1'b0 
	Parameter GTHE3_COMMON_GTNORTHREFCLK00_VAL bound to: 1'b0 
	Parameter GTHE3_COMMON_GTNORTHREFCLK01_VAL bound to: 1'b0 
	Parameter GTHE3_COMMON_GTNORTHREFCLK10_VAL bound to: 1'b0 
	Parameter GTHE3_COMMON_GTNORTHREFCLK11_VAL bound to: 1'b0 
	Parameter GTHE3_COMMON_GTREFCLK00_VAL bound to: 1'b0 
	Parameter GTHE3_COMMON_GTREFCLK01_VAL bound to: 1'b0 
	Parameter GTHE3_COMMON_GTREFCLK10_VAL bound to: 1'b0 
	Parameter GTHE3_COMMON_GTREFCLK11_VAL bound to: 1'b0 
	Parameter GTHE3_COMMON_GTSOUTHREFCLK00_VAL bound to: 1'b0 
	Parameter GTHE3_COMMON_GTSOUTHREFCLK01_VAL bound to: 1'b0 
	Parameter GTHE3_COMMON_GTSOUTHREFCLK10_VAL bound to: 1'b0 
	Parameter GTHE3_COMMON_GTSOUTHREFCLK11_VAL bound to: 1'b0 
	Parameter GTHE3_COMMON_PMARSVD0_VAL bound to: 8'b00000000 
	Parameter GTHE3_COMMON_PMARSVD1_VAL bound to: 8'b00000000 
	Parameter GTHE3_COMMON_QPLL0CLKRSVD0_VAL bound to: 1'b0 
	Parameter GTHE3_COMMON_QPLL0CLKRSVD1_VAL bound to: 1'b0 
	Parameter GTHE3_COMMON_QPLL0LOCKDETCLK_VAL bound to: 1'b0 
	Parameter GTHE3_COMMON_QPLL0LOCKEN_VAL bound to: 1'b0 
	Parameter GTHE3_COMMON_QPLL0PD_VAL bound to: 1'b1 
	Parameter GTHE3_COMMON_QPLL0REFCLKSEL_VAL bound to: 3'b001 
	Parameter GTHE3_COMMON_QPLL0RESET_VAL bound to: 1'b1 
	Parameter GTHE3_COMMON_QPLL1CLKRSVD0_VAL bound to: 1'b0 
	Parameter GTHE3_COMMON_QPLL1CLKRSVD1_VAL bound to: 1'b0 
	Parameter GTHE3_COMMON_QPLL1LOCKDETCLK_VAL bound to: 1'b0 
	Parameter GTHE3_COMMON_QPLL1LOCKEN_VAL bound to: 1'b1 
	Parameter GTHE3_COMMON_QPLL1PD_VAL bound to: 1'b0 
	Parameter GTHE3_COMMON_QPLL1REFCLKSEL_VAL bound to: 3'b001 
	Parameter GTHE3_COMMON_QPLL1RESET_VAL bound to: 1'b0 
	Parameter GTHE3_COMMON_QPLLRSVD1_VAL bound to: 8'b00000000 
	Parameter GTHE3_COMMON_QPLLRSVD2_VAL bound to: 5'b00000 
	Parameter GTHE3_COMMON_QPLLRSVD3_VAL bound to: 5'b00000 
	Parameter GTHE3_COMMON_QPLLRSVD4_VAL bound to: 8'b00000000 
	Parameter GTHE3_COMMON_RCALENB_VAL bound to: 1'b1 
	Parameter GTHE3_COMMON_BGBYPASSB_TIE_EN bound to: 1'b1 
	Parameter GTHE3_COMMON_BGMONITORENB_TIE_EN bound to: 1'b1 
	Parameter GTHE3_COMMON_BGPDB_TIE_EN bound to: 1'b1 
	Parameter GTHE3_COMMON_BGRCALOVRD_TIE_EN bound to: 1'b1 
	Parameter GTHE3_COMMON_BGRCALOVRDENB_TIE_EN bound to: 1'b1 
	Parameter GTHE3_COMMON_DRPADDR_TIE_EN bound to: 1'b0 
	Parameter GTHE3_COMMON_DRPCLK_TIE_EN bound to: 1'b0 
	Parameter GTHE3_COMMON_DRPDI_TIE_EN bound to: 1'b0 
	Parameter GTHE3_COMMON_DRPEN_TIE_EN bound to: 1'b0 
	Parameter GTHE3_COMMON_DRPWE_TIE_EN bound to: 1'b0 
	Parameter GTHE3_COMMON_GTGREFCLK0_TIE_EN bound to: 1'b0 
	Parameter GTHE3_COMMON_GTGREFCLK1_TIE_EN bound to: 1'b0 
	Parameter GTHE3_COMMON_GTNORTHREFCLK00_TIE_EN bound to: 1'b0 
	Parameter GTHE3_COMMON_GTNORTHREFCLK01_TIE_EN bound to: 1'b0 
	Parameter GTHE3_COMMON_GTNORTHREFCLK10_TIE_EN bound to: 1'b0 
	Parameter GTHE3_COMMON_GTNORTHREFCLK11_TIE_EN bound to: 1'b0 
	Parameter GTHE3_COMMON_GTREFCLK00_TIE_EN bound to: 1'b0 
	Parameter GTHE3_COMMON_GTREFCLK01_TIE_EN bound to: 1'b0 
	Parameter GTHE3_COMMON_GTREFCLK10_TIE_EN bound to: 1'b0 
	Parameter GTHE3_COMMON_GTREFCLK11_TIE_EN bound to: 1'b0 
	Parameter GTHE3_COMMON_GTSOUTHREFCLK00_TIE_EN bound to: 1'b0 
	Parameter GTHE3_COMMON_GTSOUTHREFCLK01_TIE_EN bound to: 1'b0 
	Parameter GTHE3_COMMON_GTSOUTHREFCLK10_TIE_EN bound to: 1'b0 
	Parameter GTHE3_COMMON_GTSOUTHREFCLK11_TIE_EN bound to: 1'b0 
	Parameter GTHE3_COMMON_PMARSVD0_TIE_EN bound to: 1'b1 
	Parameter GTHE3_COMMON_PMARSVD1_TIE_EN bound to: 1'b1 
	Parameter GTHE3_COMMON_QPLL0CLKRSVD0_TIE_EN bound to: 1'b0 
	Parameter GTHE3_COMMON_QPLL0CLKRSVD1_TIE_EN bound to: 1'b0 
	Parameter GTHE3_COMMON_QPLL0LOCKDETCLK_TIE_EN bound to: 1'b0 
	Parameter GTHE3_COMMON_QPLL0LOCKEN_TIE_EN bound to: 1'b0 
	Parameter GTHE3_COMMON_QPLL0PD_TIE_EN bound to: 1'b0 
	Parameter GTHE3_COMMON_QPLL0REFCLKSEL_TIE_EN bound to: 1'b0 
	Parameter GTHE3_COMMON_QPLL0RESET_TIE_EN bound to: 1'b0 
	Parameter GTHE3_COMMON_QPLL1CLKRSVD0_TIE_EN bound to: 1'b0 
	Parameter GTHE3_COMMON_QPLL1CLKRSVD1_TIE_EN bound to: 1'b0 
	Parameter GTHE3_COMMON_QPLL1LOCKDETCLK_TIE_EN bound to: 1'b0 
	Parameter GTHE3_COMMON_QPLL1LOCKEN_TIE_EN bound to: 1'b0 
	Parameter GTHE3_COMMON_QPLL1PD_TIE_EN bound to: 1'b0 
	Parameter GTHE3_COMMON_QPLL1REFCLKSEL_TIE_EN bound to: 1'b0 
	Parameter GTHE3_COMMON_QPLL1RESET_TIE_EN bound to: 1'b0 
	Parameter GTHE3_COMMON_QPLLRSVD1_TIE_EN bound to: 1'b0 
	Parameter GTHE3_COMMON_QPLLRSVD2_TIE_EN bound to: 1'b0 
	Parameter GTHE3_COMMON_QPLLRSVD3_TIE_EN bound to: 1'b0 
	Parameter GTHE3_COMMON_QPLLRSVD4_TIE_EN bound to: 1'b0 
	Parameter GTHE3_COMMON_RCALENB_TIE_EN bound to: 1'b1 
INFO: [Synth 8-6157] synthesizing module 'GTHE3_COMMON' [D:/Xilinx/Vivado/2023.1/scripts/rt/data/unisim_comp.v:43378]
	Parameter BIAS_CFG0 bound to: 16'b0000000000000000 
	Parameter BIAS_CFG1 bound to: 16'b0000000000000000 
	Parameter BIAS_CFG2 bound to: 16'b0000000000000000 
	Parameter BIAS_CFG3 bound to: 16'b0000000001000000 
	Parameter BIAS_CFG4 bound to: 16'b0000000000000000 
	Parameter BIAS_CFG_RSVD bound to: 10'b0000000000 
	Parameter COMMON_CFG0 bound to: 16'b0000000000000000 
	Parameter COMMON_CFG1 bound to: 16'b0000000000000000 
	Parameter POR_CFG bound to: 16'b0000000000000100 
	Parameter QPLL0_CFG0 bound to: 16'b0011001000011100 
	Parameter QPLL0_CFG1 bound to: 16'b0001000000011000 
	Parameter QPLL0_CFG1_G3 bound to: 16'b0001000000011000 
	Parameter QPLL0_CFG2 bound to: 16'b0000000001001000 
	Parameter QPLL0_CFG2_G3 bound to: 16'b0000000001001000 
	Parameter QPLL0_CFG3 bound to: 16'b0000000100100000 
	Parameter QPLL0_CFG4 bound to: 16'b0000000000001001 
	Parameter QPLL0_CP bound to: 10'b0000011111 
	Parameter QPLL0_CP_G3 bound to: 10'b1111111111 
	Parameter QPLL0_FBDIV bound to: 66 - type: integer 
	Parameter QPLL0_FBDIV_G3 bound to: 80 - type: integer 
	Parameter QPLL0_INIT_CFG0 bound to: 16'b0000001010110010 
	Parameter QPLL0_INIT_CFG1 bound to: 8'b00000000 
	Parameter QPLL0_LOCK_CFG bound to: 16'b0010000111101000 
	Parameter QPLL0_LOCK_CFG_G3 bound to: 16'b0010000111101000 
	Parameter QPLL0_LPF bound to: 10'b1111111100 
	Parameter QPLL0_LPF_G3 bound to: 10'b0000010101 
	Parameter QPLL0_REFCLK_DIV bound to: 1 - type: integer 
	Parameter QPLL0_SDM_CFG0 bound to: 16'b0000000000000000 
	Parameter QPLL0_SDM_CFG1 bound to: 16'b0000000000000000 
	Parameter QPLL0_SDM_CFG2 bound to: 16'b0000000000000000 
	Parameter QPLL1_CFG0 bound to: 16'b0011001000011100 
	Parameter QPLL1_CFG1 bound to: 16'b0001000000011000 
	Parameter QPLL1_CFG1_G3 bound to: 16'b0001000000011000 
	Parameter QPLL1_CFG2 bound to: 16'b0000000001000000 
	Parameter QPLL1_CFG2_G3 bound to: 16'b0000000001000000 
	Parameter QPLL1_CFG3 bound to: 16'b0000000100100000 
	Parameter QPLL1_CFG4 bound to: 16'b0000000000001001 
	Parameter QPLL1_CP bound to: 10'b0001111111 
	Parameter QPLL1_CP_G3 bound to: 10'b1111111111 
	Parameter QPLL1_FBDIV bound to: 64 - type: integer 
	Parameter QPLL1_FBDIV_G3 bound to: 80 - type: integer 
	Parameter QPLL1_INIT_CFG0 bound to: 16'b0000001010110010 
	Parameter QPLL1_INIT_CFG1 bound to: 8'b00000000 
	Parameter QPLL1_LOCK_CFG bound to: 16'b0010000111101000 
	Parameter QPLL1_LOCK_CFG_G3 bound to: 16'b0010000111101000 
	Parameter QPLL1_LPF bound to: 10'b1111111100 
	Parameter QPLL1_LPF_G3 bound to: 10'b0000010101 
	Parameter QPLL1_REFCLK_DIV bound to: 1 - type: integer 
	Parameter QPLL1_SDM_CFG0 bound to: 16'b0000000000000000 
	Parameter QPLL1_SDM_CFG1 bound to: 16'b0000000000000000 
	Parameter QPLL1_SDM_CFG2 bound to: 16'b0000000000000000 
	Parameter RSVD_ATTR0 bound to: 16'b0000000000000000 
	Parameter RSVD_ATTR1 bound to: 16'b0000000000000000 
	Parameter RSVD_ATTR2 bound to: 16'b0000000000000000 
	Parameter RSVD_ATTR3 bound to: 16'b0000000000000000 
	Parameter RXRECCLKOUT0_SEL bound to: 2'b00 
	Parameter RXRECCLKOUT1_SEL bound to: 2'b00 
	Parameter SARC_EN bound to: 1'b1 
	Parameter SARC_SEL bound to: 1'b0 
	Parameter SDM0DATA1_0 bound to: 16'b0000000000000000 
	Parameter SDM0DATA1_1 bound to: 9'b000000000 
	Parameter SDM0INITSEED0_0 bound to: 16'b0000000000000000 
	Parameter SDM0INITSEED0_1 bound to: 9'b000000000 
	Parameter SDM0_DATA_PIN_SEL bound to: 1'b0 
	Parameter SDM0_WIDTH_PIN_SEL bound to: 1'b0 
	Parameter SDM1DATA1_0 bound to: 16'b0000000000000000 
	Parameter SDM1DATA1_1 bound to: 9'b000000000 
	Parameter SDM1INITSEED0_0 bound to: 16'b0000000000000000 
	Parameter SDM1INITSEED0_1 bound to: 9'b000000000 
	Parameter SDM1_DATA_PIN_SEL bound to: 1'b0 
	Parameter SDM1_WIDTH_PIN_SEL bound to: 1'b0 
	Parameter SIM_RESET_SPEEDUP bound to: TRUE - type: string 
	Parameter SIM_VERSION bound to: 2 - type: integer 
INFO: [Synth 8-6155] done synthesizing module 'GTHE3_COMMON' (0#1) [D:/Xilinx/Vivado/2023.1/scripts/rt/data/unisim_comp.v:43378]
INFO: [Synth 8-6155] done synthesizing module 'gtwizard_ultrascale_v1_7_16_gthe3_common' (0#1) [D:/FPGA/prj/project_9/shared_logic/gtwizard_ultrascale_v1_7_gthe3_common.v:55]
INFO: [Synth 8-6155] done synthesizing module 'aurora_64b66b_0_gt_gthe3_common_wrapper' (0#1) [D:/FPGA/prj/project_9/shared_logic/aurora_64b66b_0_gt_gthe3_common_wrapper.v:4]
INFO: [Synth 8-6155] done synthesizing module 'aurora_64b66b_0_gt_common_wrapper' (0#1) [D:/FPGA/prj/project_9/shared_logic/aurora_64b66b_0_gt_common_wrapper.v:6]
INFO: [Synth 8-6157] synthesizing module 'IBUFDS_GTE3' [D:/Xilinx/Vivado/2023.1/scripts/rt/data/unisim_comp.v:71941]
INFO: [Synth 8-6155] done synthesizing module 'IBUFDS_GTE3' (0#1) [D:/Xilinx/Vivado/2023.1/scripts/rt/data/unisim_comp.v:71941]
INFO: [Synth 8-6157] synthesizing module 'aurora_64b66b_0_CLOCK_MODULE' [D:/FPGA/prj/project_9/shared_logic/aurora_64b66b_0_clock_module.v:67]
INFO: [Synth 8-6157] synthesizing module 'aurora_64b66b_0_ultrascale_tx_userclk' [D:/FPGA/prj/project_9/shared_logic/aurora_64b66b_0_ultrascale_tx_userclk.v:60]
INFO: [Synth 8-6157] synthesizing module 'BUFG_GT' [D:/Xilinx/Vivado/2023.1/scripts/rt/data/unisim_comp.v:1695]
INFO: [Synth 8-6155] done synthesizing module 'BUFG_GT' (0#1) [D:/Xilinx/Vivado/2023.1/scripts/rt/data/unisim_comp.v:1695]
INFO: [Synth 8-6155] done synthesizing module 'aurora_64b66b_0_ultrascale_tx_userclk' (0#1) [D:/FPGA/prj/project_9/shared_logic/aurora_64b66b_0_ultrascale_tx_userclk.v:60]
INFO: [Synth 8-6155] done synthesizing module 'aurora_64b66b_0_CLOCK_MODULE' (0#1) [D:/FPGA/prj/project_9/shared_logic/aurora_64b66b_0_clock_module.v:67]
INFO: [Synth 8-6157] synthesizing module 'aurora_64b66b_0_SUPPORT_RESET_LOGIC' [D:/FPGA/prj/project_9/shared_logic/aurora_64b66b_0_support_reset_logic.v:61]
INFO: [Synth 8-6157] synthesizing module 'aurora_64b66b_0_rst_sync_shared' [D:/FPGA/prj/project_9/shared_logic/aurora_64b66b_0_support_reset_logic.v:139]
	Parameter c_mtbf_stages bound to: 5'b00101 
INFO: [Synth 8-6155] done synthesizing module 'aurora_64b66b_0_rst_sync_shared' (0#1) [D:/FPGA/prj/project_9/shared_logic/aurora_64b66b_0_support_reset_logic.v:139]
INFO: [Synth 8-6155] done synthesizing module 'aurora_64b66b_0_SUPPORT_RESET_LOGIC' (0#1) [D:/FPGA/prj/project_9/shared_logic/aurora_64b66b_0_support_reset_logic.v:61]
INFO: [Synth 8-6157] synthesizing module 'aurora_64b66b_0' [D:/FPGA/prj/project_10/prj_loop/vivado/prj_loop.runs/synth_1/.Xil/Vivado-21268-Xuegulin/realtime/aurora_64b66b_0_stub.v:6]
INFO: [Synth 8-6155] done synthesizing module 'aurora_64b66b_0' (0#1) [D:/FPGA/prj/project_10/prj_loop/vivado/prj_loop.runs/synth_1/.Xil/Vivado-21268-Xuegulin/realtime/aurora_64b66b_0_stub.v:6]
WARNING: [Synth 8-7071] port 'gt_powergood' of module 'aurora_64b66b_0' is unconnected for instance 'aurora_64b66b_0_i' [D:/FPGA/prj/project_9/shared_logic/aurora_64b66b_0_support_ext.v:404]
WARNING: [Synth 8-7023] instance 'aurora_64b66b_0_i' of module 'aurora_64b66b_0' has 55 connections declared, but only 54 given [D:/FPGA/prj/project_9/shared_logic/aurora_64b66b_0_support_ext.v:404]
INFO: [Synth 8-6155] done synthesizing module 'aurora_64b66b_0_support_ext' (0#1) [D:/FPGA/prj/project_9/shared_logic/aurora_64b66b_0_support_ext.v:67]
INFO: [Synth 8-6157] synthesizing module 'axis_word_unpack' [D:/FPGA/prj/project_9/rtl/axis_word_unpack.v:30]
INFO: [Synth 8-6155] done synthesizing module 'axis_word_unpack' (0#1) [D:/FPGA/prj/project_9/rtl/axis_word_unpack.v:30]
INFO: [Synth 8-6157] synthesizing module 'axis_word_pack' [D:/FPGA/prj/project_9/rtl/axis_word_pack.v:34]
INFO: [Synth 8-6155] done synthesizing module 'axis_word_pack' (0#1) [D:/FPGA/prj/project_9/rtl/axis_word_pack.v:34]
WARNING: [Synth 8-689] width (16) of port connection 'o_overflow' does not match port width (1) of module 'axis_word_pack' [D:/FPGA/prj/project_10/rtl/aurora_mem_bridge.v:405]
INFO: [Synth 8-6157] synthesizing module 'aurora_64b66b_1_support_shared' [D:/FPGA/prj/project_9/shared_logic/aurora_64b66b_1_support_shared.v:10]
INFO: [Synth 8-6157] synthesizing module 'aurora_64b66b_1' [D:/FPGA/prj/project_10/prj_loop/vivado/prj_loop.runs/synth_1/.Xil/Vivado-21268-Xuegulin/realtime/aurora_64b66b_1_stub.v:6]
INFO: [Synth 8-6155] done synthesizing module 'aurora_64b66b_1' (0#1) [D:/FPGA/prj/project_10/prj_loop/vivado/prj_loop.runs/synth_1/.Xil/Vivado-21268-Xuegulin/realtime/aurora_64b66b_1_stub.v:6]
WARNING: [Synth 8-7071] port 'gt_powergood' of module 'aurora_64b66b_1' is unconnected for instance 'aurora_64b66b_1_i' [D:/FPGA/prj/project_9/shared_logic/aurora_64b66b_1_support_shared.v:95]
WARNING: [Synth 8-7023] instance 'aurora_64b66b_1_i' of module 'aurora_64b66b_1' has 55 connections declared, but only 54 given [D:/FPGA/prj/project_9/shared_logic/aurora_64b66b_1_support_shared.v:95]
INFO: [Synth 8-6155] done synthesizing module 'aurora_64b66b_1_support_shared' (0#1) [D:/FPGA/prj/project_9/shared_logic/aurora_64b66b_1_support_shared.v:10]
INFO: [Synth 8-6157] synthesizing module 'gmii_to_rgmii' [D:/FPGA/prj/project_9/rtl/gmii_to_rgmii/gmii_to_rgmii.v:23]
INFO: [Synth 8-6157] synthesizing module 'rgmii_rx' [D:/FPGA/prj/project_9/rtl/rgmii_rx_fix2.v:7]
INFO: [Synth 8-6157] synthesizing module 'IDELAYE3' [D:/Xilinx/Vivado/2023.1/scripts/rt/data/unisim_comp.v:73963]
	Parameter CASCADE bound to: NONE - type: string 
	Parameter DELAY_FORMAT bound to: TIME - type: string 
	Parameter DELAY_SRC bound to: IDATAIN - type: string 
	Parameter DELAY_TYPE bound to: FIXED - type: string 
	Parameter DELAY_VALUE bound to: 1250 - type: integer 
	Parameter IS_CLK_INVERTED bound to: 1'b0 
	Parameter IS_RST_INVERTED bound to: 1'b0 
	Parameter REFCLK_FREQUENCY bound to: 200.000000 - type: double 
	Parameter SIM_DEVICE bound to: ULTRASCALE - type: string 
	Parameter UPDATE_MODE bound to: ASYNC - type: string 
INFO: [Synth 8-6155] done synthesizing module 'IDELAYE3' (0#1) [D:/Xilinx/Vivado/2023.1/scripts/rt/data/unisim_comp.v:73963]
INFO: [Synth 8-6157] synthesizing module 'IDDRE1' [D:/Xilinx/Vivado/2023.1/scripts/rt/data/unisim_comp.v:73794]
	Parameter DDR_CLK_EDGE bound to: SAME_EDGE_PIPELINED - type: string 
	Parameter IS_CB_INVERTED bound to: 1'b1 
	Parameter IS_C_INVERTED bound to: 1'b0 
INFO: [Synth 8-6155] done synthesizing module 'IDDRE1' (0#1) [D:/Xilinx/Vivado/2023.1/scripts/rt/data/unisim_comp.v:73794]
INFO: [Synth 8-6157] synthesizing module 'BUFIO' [D:/Xilinx/Vivado/2023.1/scripts/rt/data/unisim_comp.v:1791]
INFO: [Synth 8-6155] done synthesizing module 'BUFIO' (0#1) [D:/Xilinx/Vivado/2023.1/scripts/rt/data/unisim_comp.v:1791]
INFO: [Synth 8-6157] synthesizing module 'MMCME3_ADV' [D:/Xilinx/Vivado/2023.1/scripts/rt/data/unisim_comp.v:80502]
	Parameter BANDWIDTH bound to: OPTIMIZED - type: string 
	Parameter CLKFBOUT_MULT_F bound to: 8.000000 - type: double 
	Parameter CLKFBOUT_PHASE bound to: 0.000000 - type: double 
	Parameter CLKIN1_PERIOD bound to: 8.000000 - type: double 
	Parameter CLKOUT0_DIVIDE_F bound to: 5.000000 - type: double 
	Parameter CLKOUT0_DUTY_CYCLE bound to: 0.500000 - type: double 
	Parameter CLKOUT0_PHASE bound to: 0.000000 - type: double 
	Parameter DIVCLK_DIVIDE bound to: 1 - type: integer 
	Parameter REF_JITTER1 bound to: 0.010000 - type: double 
	Parameter STARTUP_WAIT bound to: FALSE - type: string 
INFO: [Synth 8-6155] done synthesizing module 'MMCME3_ADV' (0#1) [D:/Xilinx/Vivado/2023.1/scripts/rt/data/unisim_comp.v:80502]
WARNING: [Synth 8-7071] port 'CDDCDONE' of module 'MMCME3_ADV' is unconnected for instance 'u_mmcm_200m' [D:/FPGA/prj/project_9/rtl/rgmii_rx_fix2.v:48]
WARNING: [Synth 8-7023] instance 'u_mmcm_200m' of module 'MMCME3_ADV' has 35 connections declared, but only 34 given [D:/FPGA/prj/project_9/rtl/rgmii_rx_fix2.v:48]
WARNING: [Synth 8-4446] all outputs are unconnected for this instance and logic may be removed [D:/FPGA/prj/project_9/rtl/rgmii_rx_fix2.v:70]
INFO: [Synth 8-6157] synthesizing module 'IDELAYCTRL' [D:/Xilinx/Vivado/2023.1/scripts/rt/data/unisim_comp.v:73864]
	Parameter SIM_DEVICE bound to: ULTRASCALE - type: string 
INFO: [Synth 8-6155] done synthesizing module 'IDELAYCTRL' (0#1) [D:/Xilinx/Vivado/2023.1/scripts/rt/data/unisim_comp.v:73864]
INFO: [Synth 8-6155] done synthesizing module 'rgmii_rx' (0#1) [D:/FPGA/prj/project_9/rtl/rgmii_rx_fix2.v:7]
INFO: [Synth 8-6157] synthesizing module 'rgmii_tx' [D:/FPGA/prj/project_9/rtl/gmii_to_rgmii/rgmii_tx.v:23]
INFO: [Synth 8-6157] synthesizing module 'ODDRE1' [D:/Xilinx/Vivado/2023.1/scripts/rt/data/unisim_comp.v:94816]
	Parameter IS_C_INVERTED bound to: 1'b0 
	Parameter IS_D1_INVERTED bound to: 1'b0 
	Parameter IS_D2_INVERTED bound to: 1'b0 
	Parameter SIM_DEVICE bound to: ULTRASCALE - type: string 
	Parameter SRVAL bound to: 1'b0 
INFO: [Synth 8-6155] done synthesizing module 'ODDRE1' (0#1) [D:/Xilinx/Vivado/2023.1/scripts/rt/data/unisim_comp.v:94816]
INFO: [Synth 8-6155] done synthesizing module 'rgmii_tx' (0#1) [D:/FPGA/prj/project_9/rtl/gmii_to_rgmii/rgmii_tx.v:23]
INFO: [Synth 8-6155] done synthesizing module 'gmii_to_rgmii' (0#1) [D:/FPGA/prj/project_9/rtl/gmii_to_rgmii/gmii_to_rgmii.v:23]
INFO: [Synth 8-6157] synthesizing module 'arp' [D:/FPGA/prj/project_9/rtl/arp/arp.v:23]
	Parameter BOARD_MAC bound to: 48'b000000000001000100100010001100110100010001010101 
	Parameter BOARD_IP bound to: -1062731510 - type: integer 
	Parameter DES_MAC bound to: 48'b111111111111111111111111111111111111111111111111 
	Parameter DES_IP bound to: -1062731418 - type: integer 
INFO: [Synth 8-6157] synthesizing module 'arp_rx' [D:/FPGA/prj/project_9/rtl/arp/arp_rx.v:23]
	Parameter BOARD_MAC bound to: 48'b000000000001000100100010001100110100010001010101 
	Parameter BOARD_IP bound to: -1062731510 - type: integer 
INFO: [Synth 8-6155] done synthesizing module 'arp_rx' (0#1) [D:/FPGA/prj/project_9/rtl/arp/arp_rx.v:23]
INFO: [Synth 8-6157] synthesizing module 'arp_tx' [D:/FPGA/prj/project_9/rtl/arp/arp_tx.v:23]
	Parameter BOARD_MAC bound to: 48'b000000000001000100100010001100110100010001010101 
	Parameter BOARD_IP bound to: -1062731510 - type: integer 
	Parameter DES_MAC bound to: 48'b111111111111111111111111111111111111111111111111 
	Parameter DES_IP bound to: -1062731418 - type: integer 
INFO: [Synth 8-6155] done synthesizing module 'arp_tx' (0#1) [D:/FPGA/prj/project_9/rtl/arp/arp_tx.v:23]
INFO: [Synth 8-6157] synthesizing module 'crc32_d8' [D:/FPGA/prj/project_9/rtl/arp/crc32_d8.v:22]
INFO: [Synth 8-6155] done synthesizing module 'crc32_d8' (0#1) [D:/FPGA/prj/project_9/rtl/arp/crc32_d8.v:22]
INFO: [Synth 8-6155] done synthesizing module 'arp' (0#1) [D:/FPGA/prj/project_9/rtl/arp/arp.v:23]
INFO: [Synth 8-6157] synthesizing module 'icmp' [D:/FPGA/prj/project_9/rtl/icmp/icmp.v:23]
	Parameter BOARD_MAC bound to: 48'b000000000001000100100010001100110100010001010101 
	Parameter BOARD_IP bound to: -1062731510 - type: integer 
	Parameter DES_MAC bound to: 48'b111111111111111111111111111111111111111111111111 
	Parameter DES_IP bound to: -1062731418 - type: integer 
INFO: [Synth 8-6157] synthesizing module 'icmp_rx' [D:/FPGA/prj/project_9/rtl/icmp/icmp_rx.v:23]
	Parameter BOARD_MAC bound to: 48'b000000000001000100100010001100110100010001010101 
	Parameter BOARD_IP bound to: -1062731510 - type: integer 
INFO: [Synth 8-6155] done synthesizing module 'icmp_rx' (0#1) [D:/FPGA/prj/project_9/rtl/icmp/icmp_rx.v:23]
INFO: [Synth 8-6157] synthesizing module 'icmp_tx' [D:/FPGA/prj/project_9/rtl/icmp/icmp_tx.v:23]
	Parameter BOARD_MAC bound to: 48'b000000000001000100100010001100110100010001010101 
	Parameter BOARD_IP bound to: -1062731510 - type: integer 
	Parameter DES_MAC bound to: 48'b111111111111111111111111111111111111111111111111 
	Parameter DES_IP bound to: -1062731418 - type: integer 
INFO: [Synth 8-6155] done synthesizing module 'icmp_tx' (0#1) [D:/FPGA/prj/project_9/rtl/icmp/icmp_tx.v:23]
INFO: [Synth 8-6155] done synthesizing module 'icmp' (0#1) [D:/FPGA/prj/project_9/rtl/icmp/icmp.v:23]
INFO: [Synth 8-6157] synthesizing module 'udp' [D:/FPGA/prj/project_9/rtl/udp/udp.v:23]
	Parameter BOARD_MAC bound to: 48'b000000000001000100100010001100110100010001010101 
	Parameter BOARD_IP bound to: -1062731510 - type: integer 
	Parameter DES_MAC bound to: 48'b111111111111111111111111111111111111111111111111 
	Parameter DES_IP bound to: -1062731418 - type: integer 
INFO: [Synth 8-6157] synthesizing module 'udp_rx' [D:/FPGA/prj/project_9/rtl/udp/udp_rx.v:23]
	Parameter BOARD_MAC bound to: 48'b000000000001000100100010001100110100010001010101 
	Parameter BOARD_IP bound to: -1062731510 - type: integer 
INFO: [Synth 8-6155] done synthesizing module 'udp_rx' (0#1) [D:/FPGA/prj/project_9/rtl/udp/udp_rx.v:23]
INFO: [Synth 8-6157] synthesizing module 'udp_tx' [D:/FPGA/prj/project_10/prj_loop/rtl_patch/udp_tx.v:23]
	Parameter BOARD_MAC bound to: 48'b000000000001000100100010001100110100010001010101 
	Parameter BOARD_IP bound to: -1062731510 - type: integer 
	Parameter DES_MAC bound to: 48'b111111111111111111111111111111111111111111111111 
	Parameter DES_IP bound to: -1062731418 - type: integer 
INFO: [Synth 8-6155] done synthesizing module 'udp_tx' (0#1) [D:/FPGA/prj/project_10/prj_loop/rtl_patch/udp_tx.v:23]
INFO: [Synth 8-6155] done synthesizing module 'udp' (0#1) [D:/FPGA/prj/project_9/rtl/udp/udp.v:23]
INFO: [Synth 8-6157] synthesizing module 'async_fifo_2048x8b' [D:/FPGA/prj/project_10/prj_loop/vivado/prj_loop.runs/synth_1/.Xil/Vivado-21268-Xuegulin/realtime/async_fifo_2048x8b_stub.v:6]
INFO: [Synth 8-6155] done synthesizing module 'async_fifo_2048x8b' (0#1) [D:/FPGA/prj/project_10/prj_loop/vivado/prj_loop.runs/synth_1/.Xil/Vivado-21268-Xuegulin/realtime/async_fifo_2048x8b_stub.v:6]
INFO: [Synth 8-6157] synthesizing module 'eth_ctrl' [D:/FPGA/prj/project_9/rtl/eth_ctrl.v:23]
INFO: [Synth 8-6155] done synthesizing module 'eth_ctrl' (0#1) [D:/FPGA/prj/project_9/rtl/eth_ctrl.v:23]
INFO: [Synth 8-6157] synthesizing module 'cmd_channel' [D:/FPGA/prj/project_10/prj_loop/rtl_patch/cmd_channel.v:57]
INFO: [Synth 8-226] default block is never used [D:/FPGA/prj/project_10/prj_loop/rtl_patch/cmd_channel.v:420]
INFO: [Synth 8-6155] done synthesizing module 'cmd_channel' (0#1) [D:/FPGA/prj/project_10/prj_loop/rtl_patch/cmd_channel.v:57]
INFO: [Synth 8-6157] synthesizing module 'frame_fifo_pump' [D:/FPGA/prj/project_9/rtl/frame_fifo_pump.v:11]
INFO: [Synth 8-6155] done synthesizing module 'frame_fifo_pump' (0#1) [D:/FPGA/prj/project_9/rtl/frame_fifo_pump.v:11]
INFO: [Synth 8-6157] synthesizing module 'frame_mem_if' [D:/FPGA/prj/project_10/rtl/frame_mem_if.v:30]
	Parameter SLOT_BASE bound to: 1048576 - type: integer 
	Parameter MAX_LEN bound to: 16'b0000011000000010 
INFO: [Synth 8-6157] synthesizing module 'async_fifo' [D:/FPGA/prj/project_10/rtl/async_fifo.v:18]
	Parameter DW bound to: 8 - type: integer 
	Parameter AW bound to: 12 - type: integer 
INFO: [Synth 8-6155] done synthesizing module 'async_fifo' (0#1) [D:/FPGA/prj/project_10/rtl/async_fifo.v:18]
INFO: [Synth 8-6157] synthesizing module 'async_fifo__parameterized0' [D:/FPGA/prj/project_10/rtl/async_fifo.v:18]
	Parameter DW bound to: 16 - type: integer 
	Parameter AW bound to: 3 - type: integer 
INFO: [Synth 8-6155] done synthesizing module 'async_fifo__parameterized0' (0#1) [D:/FPGA/prj/project_10/rtl/async_fifo.v:18]
INFO: [Synth 8-6157] synthesizing module 'async_fifo__parameterized1' [D:/FPGA/prj/project_10/rtl/async_fifo.v:18]
	Parameter DW bound to: 9 - type: integer 
	Parameter AW bound to: 2 - type: integer 
INFO: [Synth 8-6155] done synthesizing module 'async_fifo__parameterized1' (0#1) [D:/FPGA/prj/project_10/rtl/async_fifo.v:18]
INFO: [Synth 8-6157] synthesizing module 'async_fifo__parameterized2' [D:/FPGA/prj/project_10/rtl/async_fifo.v:18]
	Parameter DW bound to: 25 - type: integer 
	Parameter AW bound to: 2 - type: integer 
INFO: [Synth 8-6155] done synthesizing module 'async_fifo__parameterized2' (0#1) [D:/FPGA/prj/project_10/rtl/async_fifo.v:18]
INFO: [Synth 8-226] default block is never used [D:/FPGA/prj/project_10/rtl/frame_mem_if.v:310]
INFO: [Synth 8-6157] synthesizing module 'axi4_master_bridge' [D:/FPGA/prj/project_10/rtl/axi4_master_bridge.v:54]
	Parameter SLOT_BASE bound to: 1048576 - type: integer 
	Parameter MAX_LEN bound to: 16'b0000011000000010 
INFO: [Synth 8-6155] done synthesizing module 'axi4_master_bridge' (0#1) [D:/FPGA/prj/project_10/rtl/axi4_master_bridge.v:54]
INFO: [Synth 8-6155] done synthesizing module 'frame_mem_if' (0#1) [D:/FPGA/prj/project_10/rtl/frame_mem_if.v:30]
INFO: [Synth 8-6157] synthesizing module 'frame_mem_if__parameterized0' [D:/FPGA/prj/project_10/rtl/frame_mem_if.v:30]
	Parameter SLOT_BASE bound to: 2097152 - type: integer 
	Parameter MAX_LEN bound to: 16'b0000011000000010 
INFO: [Synth 8-226] default block is never used [D:/FPGA/prj/project_10/rtl/frame_mem_if.v:310]
INFO: [Synth 8-6157] synthesizing module 'axi4_master_bridge__parameterized0' [D:/FPGA/prj/project_10/rtl/axi4_master_bridge.v:54]
	Parameter SLOT_BASE bound to: 2097152 - type: integer 
	Parameter MAX_LEN bound to: 16'b0000011000000010 
INFO: [Synth 8-6155] done synthesizing module 'axi4_master_bridge__parameterized0' (0#1) [D:/FPGA/prj/project_10/rtl/axi4_master_bridge.v:54]
INFO: [Synth 8-6155] done synthesizing module 'frame_mem_if__parameterized0' (0#1) [D:/FPGA/prj/project_10/rtl/frame_mem_if.v:30]
INFO: [Synth 8-6157] synthesizing module 'axi_arb_2to1' [D:/FPGA/prj/project_10/rtl/axi_arb_2to1.v:27]
INFO: [Synth 8-6155] done synthesizing module 'axi_arb_2to1' (0#1) [D:/FPGA/prj/project_10/rtl/axi_arb_2to1.v:27]
INFO: [Synth 8-6157] synthesizing module 'ddr4_0' [D:/FPGA/prj/project_10/prj_loop/vivado/prj_loop.runs/synth_1/.Xil/Vivado-21268-Xuegulin/realtime/ddr4_0_stub.v:6]
INFO: [Synth 8-6155] done synthesizing module 'ddr4_0' (0#1) [D:/FPGA/prj/project_10/prj_loop/vivado/prj_loop.runs/synth_1/.Xil/Vivado-21268-Xuegulin/realtime/ddr4_0_stub.v:6]
WARNING: [Synth 8-7071] port 'o_hs_busy' of module 'frame_fifo_pump' is unconnected for instance 'u_pump_rev' [D:/FPGA/prj/project_10/rtl/aurora_mem_bridge.v:1017]
WARNING: [Synth 8-7023] instance 'u_pump_rev' of module 'frame_fifo_pump' has 12 connections declared, but only 11 given [D:/FPGA/prj/project_10/rtl/aurora_mem_bridge.v:1017]
INFO: [Synth 8-6155] done synthesizing module 'aurora_mem_bridge' (0#1) [D:/FPGA/prj/project_10/rtl/aurora_mem_bridge.v:43]
WARNING: [Synth 8-6014] Unused sequential element stg6_reg was removed.  [D:/FPGA/prj/project_9/shared_logic/aurora_64b66b_0_support_reset_logic.v:196]
WARNING: [Synth 8-6014] Unused sequential element stg7_reg was removed.  [D:/FPGA/prj/project_9/shared_logic/aurora_64b66b_0_support_reset_logic.v:197]
WARNING: [Synth 8-6014] Unused sequential element stg8_reg was removed.  [D:/FPGA/prj/project_9/shared_logic/aurora_64b66b_0_support_reset_logic.v:198]
WARNING: [Synth 8-6014] Unused sequential element stg9_reg was removed.  [D:/FPGA/prj/project_9/shared_logic/aurora_64b66b_0_support_reset_logic.v:199]
WARNING: [Synth 8-6014] Unused sequential element stg10_reg was removed.  [D:/FPGA/prj/project_9/shared_logic/aurora_64b66b_0_support_reset_logic.v:200]
WARNING: [Synth 8-6014] Unused sequential element stg11_reg was removed.  [D:/FPGA/prj/project_9/shared_logic/aurora_64b66b_0_support_reset_logic.v:201]
WARNING: [Synth 8-6014] Unused sequential element stg12_reg was removed.  [D:/FPGA/prj/project_9/shared_logic/aurora_64b66b_0_support_reset_logic.v:202]
WARNING: [Synth 8-6014] Unused sequential element stg13_reg was removed.  [D:/FPGA/prj/project_9/shared_logic/aurora_64b66b_0_support_reset_logic.v:203]
WARNING: [Synth 8-6014] Unused sequential element stg14_reg was removed.  [D:/FPGA/prj/project_9/shared_logic/aurora_64b66b_0_support_reset_logic.v:204]
WARNING: [Synth 8-6014] Unused sequential element stg15_reg was removed.  [D:/FPGA/prj/project_9/shared_logic/aurora_64b66b_0_support_reset_logic.v:205]
WARNING: [Synth 8-6014] Unused sequential element stg16_reg was removed.  [D:/FPGA/prj/project_9/shared_logic/aurora_64b66b_0_support_reset_logic.v:206]
WARNING: [Synth 8-6014] Unused sequential element stg17_reg was removed.  [D:/FPGA/prj/project_9/shared_logic/aurora_64b66b_0_support_reset_logic.v:207]
WARNING: [Synth 8-6014] Unused sequential element stg18_reg was removed.  [D:/FPGA/prj/project_9/shared_logic/aurora_64b66b_0_support_reset_logic.v:208]
WARNING: [Synth 8-6014] Unused sequential element stg19_reg was removed.  [D:/FPGA/prj/project_9/shared_logic/aurora_64b66b_0_support_reset_logic.v:209]
WARNING: [Synth 8-6014] Unused sequential element stg20_reg was removed.  [D:/FPGA/prj/project_9/shared_logic/aurora_64b66b_0_support_reset_logic.v:210]
WARNING: [Synth 8-6014] Unused sequential element stg21_reg was removed.  [D:/FPGA/prj/project_9/shared_logic/aurora_64b66b_0_support_reset_logic.v:211]
WARNING: [Synth 8-6014] Unused sequential element stg22_reg was removed.  [D:/FPGA/prj/project_9/shared_logic/aurora_64b66b_0_support_reset_logic.v:212]
WARNING: [Synth 8-6014] Unused sequential element stg23_reg was removed.  [D:/FPGA/prj/project_9/shared_logic/aurora_64b66b_0_support_reset_logic.v:213]
WARNING: [Synth 8-6014] Unused sequential element stg24_reg was removed.  [D:/FPGA/prj/project_9/shared_logic/aurora_64b66b_0_support_reset_logic.v:214]
WARNING: [Synth 8-6014] Unused sequential element stg25_reg was removed.  [D:/FPGA/prj/project_9/shared_logic/aurora_64b66b_0_support_reset_logic.v:215]
WARNING: [Synth 8-6014] Unused sequential element stg26_reg was removed.  [D:/FPGA/prj/project_9/shared_logic/aurora_64b66b_0_support_reset_logic.v:216]
WARNING: [Synth 8-6014] Unused sequential element stg27_reg was removed.  [D:/FPGA/prj/project_9/shared_logic/aurora_64b66b_0_support_reset_logic.v:217]
WARNING: [Synth 8-6014] Unused sequential element stg28_reg was removed.  [D:/FPGA/prj/project_9/shared_logic/aurora_64b66b_0_support_reset_logic.v:218]
WARNING: [Synth 8-6014] Unused sequential element stg29_reg was removed.  [D:/FPGA/prj/project_9/shared_logic/aurora_64b66b_0_support_reset_logic.v:219]
WARNING: [Synth 8-6014] Unused sequential element stg30_reg was removed.  [D:/FPGA/prj/project_9/shared_logic/aurora_64b66b_0_support_reset_logic.v:220]
WARNING: [Synth 8-6014] Unused sequential element stg31_reg was removed.  [D:/FPGA/prj/project_9/shared_logic/aurora_64b66b_0_support_reset_logic.v:221]
INFO: [Synth 8-3936] Found unconnected internal register 'dly_gt_rst_r_reg' and it is trimmed from '20' to '19' bits. [D:/FPGA/prj/project_9/shared_logic/aurora_64b66b_0_support_reset_logic.v:132]
WARNING: [Synth 8-6014] Unused sequential element en_reg was removed.  [D:/FPGA/prj/project_9/rtl/axis_word_pack.v:102]
WARNING: [Synth 8-6014] Unused sequential element en_word_reg was removed.  [D:/FPGA/prj/project_9/rtl/axis_word_pack.v:102]
WARNING: [Synth 8-6014] Unused sequential element en_keep_reg was removed.  [D:/FPGA/prj/project_9/rtl/axis_word_pack.v:102]
WARNING: [Synth 8-6014] Unused sequential element en_last_reg was removed.  [D:/FPGA/prj/project_9/rtl/axis_word_pack.v:102]
WARNING: [Synth 8-6014] Unused sequential element icmp_code_reg was removed.  [D:/FPGA/prj/project_9/rtl/icmp/icmp_rx.v:166]
WARNING: [Synth 8-6014] Unused sequential element icmp_checksum_reg was removed.  [D:/FPGA/prj/project_9/rtl/icmp/icmp_rx.v:167]
WARNING: [Synth 8-6014] Unused sequential element rec_en_cnt_reg was removed.  [D:/FPGA/prj/project_9/rtl/icmp/icmp_rx.v:177]
WARNING: [Synth 8-7137] Register ip_head_reg[6] in module icmp_tx has both Set and reset with same priority. This may cause simulation mismatches. Consider rewriting code  [D:/FPGA/prj/project_9/rtl/icmp/icmp_tx.v:217]
WARNING: [Synth 8-7137] Register ip_head_reg[5] in module icmp_tx has both Set and reset with same priority. This may cause simulation mismatches. Consider rewriting code  [D:/FPGA/prj/project_9/rtl/icmp/icmp_tx.v:217]
WARNING: [Synth 8-7137] Register ip_head_reg[4] in module icmp_tx has both Set and reset with same priority. This may cause simulation mismatches. Consider rewriting code  [D:/FPGA/prj/project_9/rtl/icmp/icmp_tx.v:217]
WARNING: [Synth 8-7137] Register ip_head_reg[3] in module icmp_tx has both Set and reset with same priority. This may cause simulation mismatches. Consider rewriting code  [D:/FPGA/prj/project_9/rtl/icmp/icmp_tx.v:217]
WARNING: [Synth 8-7137] Register ip_head_reg[2] in module icmp_tx has both Set and reset with same priority. This may cause simulation mismatches. Consider rewriting code  [D:/FPGA/prj/project_9/rtl/icmp/icmp_tx.v:217]
WARNING: [Synth 8-7137] Register ip_head_reg[0] in module icmp_tx has both Set and reset with same priority. This may cause simulation mismatches. Consider rewriting code  [D:/FPGA/prj/project_9/rtl/icmp/icmp_tx.v:217]
WARNING: [Synth 8-6014] Unused sequential element ip_head_byte_num_reg was removed.  [D:/FPGA/prj/project_9/rtl/udp/udp_rx.v:145]
WARNING: [Synth 8-7137] Register ip_head_reg[6] in module udp_tx has both Set and reset with same priority. This may cause simulation mismatches. Consider rewriting code  [D:/FPGA/prj/project_10/prj_loop/rtl_patch/udp_tx.v:229]
WARNING: [Synth 8-7137] Register ip_head_reg[5] in module udp_tx has both Set and reset with same priority. This may cause simulation mismatches. Consider rewriting code  [D:/FPGA/prj/project_10/prj_loop/rtl_patch/udp_tx.v:229]
WARNING: [Synth 8-7137] Register ip_head_reg[4] in module udp_tx has both Set and reset with same priority. This may cause simulation mismatches. Consider rewriting code  [D:/FPGA/prj/project_10/prj_loop/rtl_patch/udp_tx.v:229]
WARNING: [Synth 8-7137] Register ip_head_reg[3] in module udp_tx has both Set and reset with same priority. This may cause simulation mismatches. Consider rewriting code  [D:/FPGA/prj/project_10/prj_loop/rtl_patch/udp_tx.v:229]
WARNING: [Synth 8-7137] Register ip_head_reg[2] in module udp_tx has both Set and reset with same priority. This may cause simulation mismatches. Consider rewriting code  [D:/FPGA/prj/project_10/prj_loop/rtl_patch/udp_tx.v:229]
WARNING: [Synth 8-7137] Register ip_head_reg[0] in module udp_tx has both Set and reset with same priority. This may cause simulation mismatches. Consider rewriting code  [D:/FPGA/prj/project_10/prj_loop/rtl_patch/udp_tx.v:229]
WARNING: [Synth 8-6014] Unused sequential element cmd_claim_reg was removed.  [D:/FPGA/prj/project_10/prj_loop/rtl_patch/cmd_channel.v:406]
WARNING: [Synth 8-6014] Unused sequential element ucmd_reg was removed.  [D:/FPGA/prj/project_10/prj_loop/rtl_patch/cmd_channel.v:820]
WARNING: [Synth 8-6014] Unused sequential element u_op_reg was removed.  [D:/FPGA/prj/project_10/prj_loop/rtl_patch/cmd_channel.v:821]
WARNING: [Synth 8-6014] Unused sequential element u_a0_reg was removed.  [D:/FPGA/prj/project_10/prj_loop/rtl_patch/cmd_channel.v:822]
WARNING: [Synth 8-6014] Unused sequential element pre2_eff_reg was removed.  [D:/FPGA/prj/project_10/rtl/axi4_master_bridge.v:430]
WARNING: [Synth 8-6014] Unused sequential element pre2_in_rng_reg was removed.  [D:/FPGA/prj/project_10/rtl/axi4_master_bridge.v:459]
WARNING: [Synth 8-6014] Unused sequential element pre2_eff_reg was removed.  [D:/FPGA/prj/project_10/rtl/axi4_master_bridge.v:430]
WARNING: [Synth 8-6014] Unused sequential element pre2_in_rng_reg was removed.  [D:/FPGA/prj/project_10/rtl/axi4_master_bridge.v:459]
INFO: [Synth 8-6071] Mark debug on the nets applies keep_hierarchy on instance 'u_aurora'. This will prevent further optimization [D:/FPGA/prj/project_10/rtl/aurora_mem_bridge.v:317]
INFO: [Synth 8-6071] Mark debug on the nets applies keep_hierarchy on instance 'u_pack'. This will prevent further optimization [D:/FPGA/prj/project_10/rtl/aurora_mem_bridge.v:982]
INFO: [Synth 8-6071] Mark debug on the nets applies keep_hierarchy on instance 'u_unpack'. This will prevent further optimization [D:/FPGA/prj/project_10/rtl/aurora_mem_bridge.v:999]
INFO: [Synth 8-6071] Mark debug on the nets applies keep_hierarchy on instance 'u_pump_rev'. This will prevent further optimization [D:/FPGA/prj/project_10/rtl/aurora_mem_bridge.v:1017]
INFO: [Synth 8-6071] Mark debug on the nets applies keep_hierarchy on instance 'u_mem'. This will prevent further optimization [D:/FPGA/prj/project_10/rtl/aurora_mem_bridge.v:635]
INFO: [Synth 8-6071] Mark debug on the nets applies keep_hierarchy on instance 'u_cmd'. This will prevent further optimization [D:/FPGA/prj/project_10/rtl/aurora_mem_bridge.v:587]
INFO: [Synth 8-6071] Mark debug on the nets applies keep_hierarchy on instance 'u_pump_fwd'. This will prevent further optimization [D:/FPGA/prj/project_10/rtl/aurora_mem_bridge.v:617]
INFO: [Synth 8-6071] Mark debug on the nets applies keep_hierarchy on instance 'u_eth_ctrl'. This will prevent further optimization [D:/FPGA/prj/project_10/rtl/aurora_mem_bridge.v:544]
INFO: [Synth 8-6071] Mark debug on the nets applies keep_hierarchy on instance 'u_gmii_to_rgmii'. This will prevent further optimization [D:/FPGA/prj/project_10/rtl/aurora_mem_bridge.v:442]
INFO: [Synth 8-6071] Mark debug on the nets applies keep_hierarchy on instance 'u_arp'. This will prevent further optimization [D:/FPGA/prj/project_10/rtl/aurora_mem_bridge.v:463]
INFO: [Synth 8-6071] Mark debug on the nets applies keep_hierarchy on instance 'u_udp'. This will prevent further optimization [D:/FPGA/prj/project_10/rtl/aurora_mem_bridge.v:509]
INFO: [Synth 8-6071] Mark debug on the nets applies keep_hierarchy on instance 'u_icmp'. This will prevent further optimization [D:/FPGA/prj/project_10/rtl/aurora_mem_bridge.v:485]
INFO: [Synth 8-6071] Mark debug on the nets applies keep_hierarchy on instance 'u_aurora_b'. This will prevent further optimization [D:/FPGA/prj/project_10/rtl/aurora_mem_bridge.v:408]
INFO: [Synth 8-6071] Mark debug on the nets applies keep_hierarchy on instance 'u_pack_b'. This will prevent further optimization [D:/FPGA/prj/project_10/rtl/aurora_mem_bridge.v:394]
INFO: [Synth 8-6071] Mark debug on the nets applies keep_hierarchy on instance 'u_unpack_b'. This will prevent further optimization [D:/FPGA/prj/project_10/rtl/aurora_mem_bridge.v:379]
INFO: [Synth 8-6071] Mark debug on the nets applies keep_hierarchy on instance 'u_ddr4'. This will prevent further optimization [D:/FPGA/prj/project_10/rtl/aurora_mem_bridge.v:939]
INFO: [Synth 8-6071] Mark debug on the nets applies keep_hierarchy on instance 'u_mem2'. This will prevent further optimization [D:/FPGA/prj/project_10/rtl/aurora_mem_bridge.v:772]
WARNING: [Synth 8-3917] design aurora_mem_bridge has port sfp_tx_disable driven by constant 0
WARNING: [Synth 8-3917] design aurora_mem_bridge has port sfp_rs0 driven by constant 1
WARNING: [Synth 8-3917] design aurora_mem_bridge has port sfp_rs1 driven by constant 1
WARNING: [Synth 8-3917] design aurora_mem_bridge has port sfpb_tx_disable driven by constant 0
WARNING: [Synth 8-3917] design aurora_mem_bridge has port sfpb_rs0 driven by constant 1
WARNING: [Synth 8-3917] design aurora_mem_bridge has port sfpb_rs1 driven by constant 1
WARNING: [Synth 8-7129] Port m_axi_rresp[1] in module axi4_master_bridge__parameterized0 is either unconnected or has no load
WARNING: [Synth 8-7129] Port m_axi_rresp[0] in module axi4_master_bridge__parameterized0 is either unconnected or has no load
WARNING: [Synth 8-7129] Port m_axi_rlast in module axi4_master_bridge__parameterized0 is either unconnected or has no load
WARNING: [Synth 8-7129] Port m_axi_bid[3] in module axi4_master_bridge__parameterized0 is either unconnected or has no load
WARNING: [Synth 8-7129] Port m_axi_bid[2] in module axi4_master_bridge__parameterized0 is either unconnected or has no load
WARNING: [Synth 8-7129] Port m_axi_bid[1] in module axi4_master_bridge__parameterized0 is either unconnected or has no load
WARNING: [Synth 8-7129] Port m_axi_bid[0] in module axi4_master_bridge__parameterized0 is either unconnected or has no load
WARNING: [Synth 8-7129] Port m_axi_rid[3] in module axi4_master_bridge__parameterized0 is either unconnected or has no load
WARNING: [Synth 8-7129] Port m_axi_rid[2] in module axi4_master_bridge__parameterized0 is either unconnected or has no load
WARNING: [Synth 8-7129] Port m_axi_rid[1] in module axi4_master_bridge__parameterized0 is either unconnected or has no load
WARNING: [Synth 8-7129] Port m_axi_rid[0] in module axi4_master_bridge__parameterized0 is either unconnected or has no load
WARNING: [Synth 8-7129] Port m_axi_rresp[1] in module axi4_master_bridge is either unconnected or has no load
WARNING: [Synth 8-7129] Port m_axi_rresp[0] in module axi4_master_bridge is either unconnected or has no load
WARNING: [Synth 8-7129] Port m_axi_rlast in module axi4_master_bridge is either unconnected or has no load
WARNING: [Synth 8-7129] Port m_axi_bid[3] in module axi4_master_bridge is either unconnected or has no load
WARNING: [Synth 8-7129] Port m_axi_bid[2] in module axi4_master_bridge is either unconnected or has no load
WARNING: [Synth 8-7129] Port m_axi_bid[1] in module axi4_master_bridge is either unconnected or has no load
WARNING: [Synth 8-7129] Port m_axi_bid[0] in module axi4_master_bridge is either unconnected or has no load
WARNING: [Synth 8-7129] Port m_axi_rid[3] in module axi4_master_bridge is either unconnected or has no load
WARNING: [Synth 8-7129] Port m_axi_rid[2] in module axi4_master_bridge is either unconnected or has no load
WARNING: [Synth 8-7129] Port m_axi_rid[1] in module axi4_master_bridge is either unconnected or has no load
WARNING: [Synth 8-7129] Port m_axi_rid[0] in module axi4_master_bridge is either unconnected or has no load
WARNING: [Synth 8-7129] Port arp_tx_done in module eth_ctrl is either unconnected or has no load
WARNING: [Synth 8-7129] Port crc_data[31] in module udp_tx is either unconnected or has no load
WARNING: [Synth 8-7129] Port crc_data[30] in module udp_tx is either unconnected or has no load
WARNING: [Synth 8-7129] Port crc_data[29] in module udp_tx is either unconnected or has no load
WARNING: [Synth 8-7129] Port crc_data[28] in module udp_tx is either unconnected or has no load
WARNING: [Synth 8-7129] Port crc_data[27] in module udp_tx is either unconnected or has no load
WARNING: [Synth 8-7129] Port crc_data[26] in module udp_tx is either unconnected or has no load
WARNING: [Synth 8-7129] Port crc_data[25] in module udp_tx is either unconnected or has no load
WARNING: [Synth 8-7129] Port crc_data[24] in module udp_tx is either unconnected or has no load
WARNING: [Synth 8-7129] Port crc_data[31] in module icmp_tx is either unconnected or has no load
WARNING: [Synth 8-7129] Port crc_data[30] in module icmp_tx is either unconnected or has no load
WARNING: [Synth 8-7129] Port crc_data[29] in module icmp_tx is either unconnected or has no load
WARNING: [Synth 8-7129] Port crc_data[28] in module icmp_tx is either unconnected or has no load
WARNING: [Synth 8-7129] Port crc_data[27] in module icmp_tx is either unconnected or has no load
WARNING: [Synth 8-7129] Port crc_data[26] in module icmp_tx is either unconnected or has no load
WARNING: [Synth 8-7129] Port crc_data[25] in module icmp_tx is either unconnected or has no load
WARNING: [Synth 8-7129] Port crc_data[24] in module icmp_tx is either unconnected or has no load
WARNING: [Synth 8-7129] Port crc_data[31] in module arp_tx is either unconnected or has no load
WARNING: [Synth 8-7129] Port crc_data[30] in module arp_tx is either unconnected or has no load
WARNING: [Synth 8-7129] Port crc_data[29] in module arp_tx is either unconnected or has no load
WARNING: [Synth 8-7129] Port crc_data[28] in module arp_tx is either unconnected or has no load
WARNING: [Synth 8-7129] Port crc_data[27] in module arp_tx is either unconnected or has no load
WARNING: [Synth 8-7129] Port crc_data[26] in module arp_tx is either unconnected or has no load
WARNING: [Synth 8-7129] Port crc_data[25] in module arp_tx is either unconnected or has no load
WARNING: [Synth 8-7129] Port crc_data[24] in module arp_tx is either unconnected or has no load
WARNING: [Synth 8-7129] Port GTHE3_COMMON_BGBYPASSB[0] in module gtwizard_ultrascale_v1_7_16_gthe3_common is either unconnected or has no load
WARNING: [Synth 8-7129] Port GTHE3_COMMON_BGMONITORENB[0] in module gtwizard_ultrascale_v1_7_16_gthe3_common is either unconnected or has no load
WARNING: [Synth 8-7129] Port GTHE3_COMMON_BGPDB[0] in module gtwizard_ultrascale_v1_7_16_gthe3_common is either unconnected or has no load
WARNING: [Synth 8-7129] Port GTHE3_COMMON_BGRCALOVRD[4] in module gtwizard_ultrascale_v1_7_16_gthe3_common is either unconnected or has no load
WARNING: [Synth 8-7129] Port GTHE3_COMMON_BGRCALOVRD[3] in module gtwizard_ultrascale_v1_7_16_gthe3_common is either unconnected or has no load
WARNING: [Synth 8-7129] Port GTHE3_COMMON_BGRCALOVRD[2] in module gtwizard_ultrascale_v1_7_16_gthe3_common is either unconnected or has no load
WARNING: [Synth 8-7129] Port GTHE3_COMMON_BGRCALOVRD[1] in module gtwizard_ultrascale_v1_7_16_gthe3_common is either unconnected or has no load
WARNING: [Synth 8-7129] Port GTHE3_COMMON_BGRCALOVRD[0] in module gtwizard_ultrascale_v1_7_16_gthe3_common is either unconnected or has no load
WARNING: [Synth 8-7129] Port GTHE3_COMMON_BGRCALOVRDENB[0] in module gtwizard_ultrascale_v1_7_16_gthe3_common is either unconnected or has no load
WARNING: [Synth 8-7129] Port GTHE3_COMMON_PMARSVD0[7] in module gtwizard_ultrascale_v1_7_16_gthe3_common is either unconnected or has no load
WARNING: [Synth 8-7129] Port GTHE3_COMMON_PMARSVD0[6] in module gtwizard_ultrascale_v1_7_16_gthe3_common is either unconnected or has no load
WARNING: [Synth 8-7129] Port GTHE3_COMMON_PMARSVD0[5] in module gtwizard_ultrascale_v1_7_16_gthe3_common is either unconnected or has no load
WARNING: [Synth 8-7129] Port GTHE3_COMMON_PMARSVD0[4] in module gtwizard_ultrascale_v1_7_16_gthe3_common is either unconnected or has no load
WARNING: [Synth 8-7129] Port GTHE3_COMMON_PMARSVD0[3] in module gtwizard_ultrascale_v1_7_16_gthe3_common is either unconnected or has no load
WARNING: [Synth 8-7129] Port GTHE3_COMMON_PMARSVD0[2] in module gtwizard_ultrascale_v1_7_16_gthe3_common is either unconnected or has no load
WARNING: [Synth 8-7129] Port GTHE3_COMMON_PMARSVD0[1] in module gtwizard_ultrascale_v1_7_16_gthe3_common is either unconnected or has no load
WARNING: [Synth 8-7129] Port GTHE3_COMMON_PMARSVD0[0] in module gtwizard_ultrascale_v1_7_16_gthe3_common is either unconnected or has no load
WARNING: [Synth 8-7129] Port GTHE3_COMMON_PMARSVD1[7] in module gtwizard_ultrascale_v1_7_16_gthe3_common is either unconnected or has no load
WARNING: [Synth 8-7129] Port GTHE3_COMMON_PMARSVD1[6] in module gtwizard_ultrascale_v1_7_16_gthe3_common is either unconnected or has no load
WARNING: [Synth 8-7129] Port GTHE3_COMMON_PMARSVD1[5] in module gtwizard_ultrascale_v1_7_16_gthe3_common is either unconnected or has no load
WARNING: [Synth 8-7129] Port GTHE3_COMMON_PMARSVD1[4] in module gtwizard_ultrascale_v1_7_16_gthe3_common is either unconnected or has no load
WARNING: [Synth 8-7129] Port GTHE3_COMMON_PMARSVD1[3] in module gtwizard_ultrascale_v1_7_16_gthe3_common is either unconnected or has no load
WARNING: [Synth 8-7129] Port GTHE3_COMMON_PMARSVD1[2] in module gtwizard_ultrascale_v1_7_16_gthe3_common is either unconnected or has no load
WARNING: [Synth 8-7129] Port GTHE3_COMMON_PMARSVD1[1] in module gtwizard_ultrascale_v1_7_16_gthe3_common is either unconnected or has no load
WARNING: [Synth 8-7129] Port GTHE3_COMMON_PMARSVD1[0] in module gtwizard_ultrascale_v1_7_16_gthe3_common is either unconnected or has no load
WARNING: [Synth 8-7129] Port GTHE3_COMMON_RCALENB[0] in module gtwizard_ultrascale_v1_7_16_gthe3_common is either unconnected or has no load
---------------------------------------------------------------------------------
Finished RTL Elaboration : Time (s): cpu = 00:00:08 ; elapsed = 00:00:09 . Memory (MB): peak = 3063.082 ; gain = 775.445
---------------------------------------------------------------------------------
---------------------------------------------------------------------------------
Start Handling Custom Attributes
---------------------------------------------------------------------------------
---------------------------------------------------------------------------------
Finished Handling Custom Attributes : Time (s): cpu = 00:00:09 ; elapsed = 00:00:10 . Memory (MB): peak = 3079.434 ; gain = 791.797
---------------------------------------------------------------------------------
---------------------------------------------------------------------------------
Finished RTL Optimization Phase 1 : Time (s): cpu = 00:00:09 ; elapsed = 00:00:10 . Memory (MB): peak = 3079.434 ; gain = 791.797
---------------------------------------------------------------------------------
Netlist sorting complete. Time (s): cpu = 00:00:00 ; elapsed = 00:00:00.283 . Memory (MB): peak = 3091.480 ; gain = 0.000
INFO: [Netlist 29-17] Analyzing 21 Unisim elements for replacement
INFO: [Netlist 29-28] Unisim Transformation completed in 0 CPU seconds
INFO: [Project 1-570] Preparing netlist for logic optimization

Processing XDC Constraints
Initializing timing engine
Parsing XDC File [d:/FPGA/prj/project_10/prj_loop/vivado/prj_loop.gen/sources_1/ip/async_fifo_2048x8b/async_fifo_2048x8b/async_fifo_2048x8b_in_context.xdc] for cell 'u_async_fifo_2048x8b'
Finished Parsing XDC File [d:/FPGA/prj/project_10/prj_loop/vivado/prj_loop.gen/sources_1/ip/async_fifo_2048x8b/async_fifo_2048x8b/async_fifo_2048x8b_in_context.xdc] for cell 'u_async_fifo_2048x8b'
Parsing XDC File [d:/FPGA/prj/project_10/prj_loop/vivado/prj_loop.gen/sources_1/ip/ddr4_0/ddr4_0/ddr4_0_in_context.xdc] for cell 'u_ddr4'
Finished Parsing XDC File [d:/FPGA/prj/project_10/prj_loop/vivado/prj_loop.gen/sources_1/ip/ddr4_0/ddr4_0/ddr4_0_in_context.xdc] for cell 'u_ddr4'
Parsing XDC File [d:/FPGA/prj/project_10/prj_loop/vivado/prj_loop.gen/sources_1/ip/aurora_64b66b_1/aurora_64b66b_1/aurora_64b66b_1_in_context.xdc] for cell 'u_aurora_b/aurora_64b66b_1_i'
Finished Parsing XDC File [d:/FPGA/prj/project_10/prj_loop/vivado/prj_loop.gen/sources_1/ip/aurora_64b66b_1/aurora_64b66b_1/aurora_64b66b_1_in_context.xdc] for cell 'u_aurora_b/aurora_64b66b_1_i'
Parsing XDC File [d:/FPGA/prj/project_10/prj_loop/vivado/prj_loop.gen/sources_1/ip/aurora_64b66b_0/aurora_64b66b_0/aurora_64b66b_0_in_context.xdc] for cell 'u_aurora/aurora_64b66b_0_i'
Finished Parsing XDC File [d:/FPGA/prj/project_10/prj_loop/vivado/prj_loop.gen/sources_1/ip/aurora_64b66b_0/aurora_64b66b_0/aurora_64b66b_0_in_context.xdc] for cell 'u_aurora/aurora_64b66b_0_i'
Parsing XDC File [D:/FPGA/prj/project_10/prj_loop/xdc/aurora_mem_bridge.xdc]
INFO: [Timing 38-2] Deriving generated clocks [D:/FPGA/prj/project_10/prj_loop/xdc/aurora_mem_bridge.xdc:92]
Finished Parsing XDC File [D:/FPGA/prj/project_10/prj_loop/xdc/aurora_mem_bridge.xdc]
INFO: [Project 1-236] Implementation specific constraints were found while reading constraint file [D:/FPGA/prj/project_10/prj_loop/xdc/aurora_mem_bridge.xdc]. These constraints will be ignored for synthesis but will be used in implementation. Impacted constraints are listed in the file [.Xil/aurora_mem_bridge_propImpl.xdc].
Resolution: To avoid this warning, move constraints listed in [.Xil/aurora_mem_bridge_propImpl.xdc] to another XDC file and exclude this new file from synthesis with the used_in_synthesis property (File Properties dialog in GUI) and re-run elaboration/synthesis.
Completed Processing XDC Constraints

Netlist sorting complete. Time (s): cpu = 00:00:00 ; elapsed = 00:00:00.004 . Memory (MB): peak = 3206.379 ; gain = 0.000
INFO: [Project 1-111] Unisim Transformation Summary:
  A total of 15 instances were transformed.
  BUFG => BUFGCE: 3 instances
  BUFIO => BUFGCE: 1 instance 
  IBUFDS => IBUFDS (DIFFINBUF, IBUFCTRL): 1 instance 
  IDDRE1 => ISERDESE3 (inverted pins: CLK_B): 5 instances
  ODDRE1 => OSERDESE3: 5 instances

Constraint Validation Runtime : Time (s): cpu = 00:00:01 ; elapsed = 00:00:00.119 . Memory (MB): peak = 3206.379 ; gain = 0.000
WARNING: [Timing 38-316] Clock period '10.000' specified during out-of-context synthesis of instance 'u_async_fifo_2048x8b' at clock pin 'rd_clk' is different from the actual clock period '8.000', this can lead to different synthesis results.
---------------------------------------------------------------------------------
Finished Constraint Validation : Time (s): cpu = 00:00:17 ; elapsed = 00:00:18 . Memory (MB): peak = 3206.379 ; gain = 918.742
---------------------------------------------------------------------------------
---------------------------------------------------------------------------------
Start Loading Part and Timing Information
---------------------------------------------------------------------------------
Loading part: xcku060-ffva1156-2-i
INFO: [Synth 8-6742] Reading net delay rules and data
---------------------------------------------------------------------------------
Finished Loading Part and Timing Information : Time (s): cpu = 00:00:17 ; elapsed = 00:00:18 . Memory (MB): peak = 3206.379 ; gain = 918.742
---------------------------------------------------------------------------------
---------------------------------------------------------------------------------
Start Applying 'set_property' XDC Constraints
---------------------------------------------------------------------------------
Applied set_property IO_BUFFER_TYPE = NONE for c0_ddr4_act_n. (constraint file  d:/FPGA/prj/project_10/prj_loop/vivado/prj_loop.gen/sources_1/ip/ddr4_0/ddr4_0/ddr4_0_in_context.xdc, line 1).
Applied set_property CLOCK_BUFFER_TYPE = NONE for c0_ddr4_act_n. (constraint file  d:/FPGA/prj/project_10/prj_loop/vivado/prj_loop.gen/sources_1/ip/ddr4_0/ddr4_0/ddr4_0_in_context.xdc, line 2).
Applied set_property IO_BUFFER_TYPE = NONE for c0_ddr4_adr[0]. (constraint file  d:/FPGA/prj/project_10/prj_loop/vivado/prj_loop.gen/sources_1/ip/ddr4_0/ddr4_0/ddr4_0_in_context.xdc, line 3).
Applied set_property CLOCK_BUFFER_TYPE = NONE for c0_ddr4_adr[0]. (constraint file  d:/FPGA/prj/project_10/prj_loop/vivado/prj_loop.gen/sources_1/ip/ddr4_0/ddr4_0/ddr4_0_in_context.xdc, line 4).
Applied set_property IO_BUFFER_TYPE = NONE for c0_ddr4_adr[10]. (constraint file  d:/FPGA/prj/project_10/prj_loop/vivado/prj_loop.gen/sources_1/ip/ddr4_0/ddr4_0/ddr4_0_in_context.xdc, line 5).
Applied set_property CLOCK_BUFFER_TYPE = NONE for c0_ddr4_adr[10]. (constraint file  d:/FPGA/prj/project_10/prj_loop/vivado/prj_loop.gen/sources_1/ip/ddr4_0/ddr4_0/ddr4_0_in_context.xdc, line 6).
Applied set_property IO_BUFFER_TYPE = NONE for c0_ddr4_adr[11]. (constraint file  d:/FPGA/prj/project_10/prj_loop/vivado/prj_loop.gen/sources_1/ip/ddr4_0/ddr4_0/ddr4_0_in_context.xdc, line 7).
Applied set_property CLOCK_BUFFER_TYPE = NONE for c0_ddr4_adr[11]. (constraint file  d:/FPGA/prj/project_10/prj_loop/vivado/prj_loop.gen/sources_1/ip/ddr4_0/ddr4_0/ddr4_0_in_context.xdc, line 8).
Applied set_property IO_BUFFER_TYPE = NONE for c0_ddr4_adr[12]. (constraint file  d:/FPGA/prj/project_10/prj_loop/vivado/prj_loop.gen/sources_1/ip/ddr4_0/ddr4_0/ddr4_0_in_context.xdc, line 9).
Applied set_property CLOCK_BUFFER_TYPE = NONE for c0_ddr4_adr[12]. (constraint file  d:/FPGA/prj/project_10/prj_loop/vivado/prj_loop.gen/sources_1/ip/ddr4_0/ddr4_0/ddr4_0_in_context.xdc, line 10).
Applied set_property IO_BUFFER_TYPE = NONE for c0_ddr4_adr[13]. (constraint file  d:/FPGA/prj/project_10/prj_loop/vivado/prj_loop.gen/sources_1/ip/ddr4_0/ddr4_0/ddr4_0_in_context.xdc, line 11).
Applied set_property CLOCK_BUFFER_TYPE = NONE for c0_ddr4_adr[13]. (constraint file  d:/FPGA/prj/project_10/prj_loop/vivado/prj_loop.gen/sources_1/ip/ddr4_0/ddr4_0/ddr4_0_in_context.xdc, line 12).
Applied set_property IO_BUFFER_TYPE = NONE for c0_ddr4_adr[14]. (constraint file  d:/FPGA/prj/project_10/prj_loop/vivado/prj_loop.gen/sources_1/ip/ddr4_0/ddr4_0/ddr4_0_in_context.xdc, line 13).
Applied set_property CLOCK_BUFFER_TYPE = NONE for c0_ddr4_adr[14]. (constraint file  d:/FPGA/prj/project_10/prj_loop/vivado/prj_loop.gen/sources_1/ip/ddr4_0/ddr4_0/ddr4_0_in_context.xdc, line 14).
Applied set_property IO_BUFFER_TYPE = NONE for c0_ddr4_adr[15]. (constraint file  d:/FPGA/prj/project_10/prj_loop/vivado/prj_loop.gen/sources_1/ip/ddr4_0/ddr4_0/ddr4_0_in_context.xdc, line 15).
Applied set_property CLOCK_BUFFER_TYPE = NONE for c0_ddr4_adr[15]. (constraint file  d:/FPGA/prj/project_10/prj_loop/vivado/prj_loop.gen/sources_1/ip/ddr4_0/ddr4_0/ddr4_0_in_context.xdc, line 16).
Applied set_property IO_BUFFER_TYPE = NONE for c0_ddr4_adr[16]. (constraint file  d:/FPGA/prj/project_10/prj_loop/vivado/prj_loop.gen/sources_1/ip/ddr4_0/ddr4_0/ddr4_0_in_context.xdc, line 17).
Applied set_property CLOCK_BUFFER_TYPE = NONE for c0_ddr4_adr[16]. (constraint file  d:/FPGA/prj/project_10/prj_loop/vivado/prj_loop.gen/sources_1/ip/ddr4_0/ddr4_0/ddr4_0_in_context.xdc, line 18).
Applied set_property IO_BUFFER_TYPE = NONE for c0_ddr4_adr[1]. (constraint file  d:/FPGA/prj/project_10/prj_loop/vivado/prj_loop.gen/sources_1/ip/ddr4_0/ddr4_0/ddr4_0_in_context.xdc, line 19).
Applied set_property CLOCK_BUFFER_TYPE = NONE for c0_ddr4_adr[1]. (constraint file  d:/FPGA/prj/project_10/prj_loop/vivado/prj_loop.gen/sources_1/ip/ddr4_0/ddr4_0/ddr4_0_in_context.xdc, line 20).
Applied set_property IO_BUFFER_TYPE = NONE for c0_ddr4_adr[2]. (constraint file  d:/FPGA/prj/project_10/prj_loop/vivado/prj_loop.gen/sources_1/ip/ddr4_0/ddr4_0/ddr4_0_in_context.xdc, line 21).
Applied set_property CLOCK_BUFFER_TYPE = NONE for c0_ddr4_adr[2]. (constraint file  d:/FPGA/prj/project_10/prj_loop/vivado/prj_loop.gen/sources_1/ip/ddr4_0/ddr4_0/ddr4_0_in_context.xdc, line 22).
Applied set_property IO_BUFFER_TYPE = NONE for c0_ddr4_adr[3]. (constraint file  d:/FPGA/prj/project_10/prj_loop/vivado/prj_loop.gen/sources_1/ip/ddr4_0/ddr4_0/ddr4_0_in_context.xdc, line 23).
Applied set_property CLOCK_BUFFER_TYPE = NONE for c0_ddr4_adr[3]. (constraint file  d:/FPGA/prj/project_10/prj_loop/vivado/prj_loop.gen/sources_1/ip/ddr4_0/ddr4_0/ddr4_0_in_context.xdc, line 24).
Applied set_property IO_BUFFER_TYPE = NONE for c0_ddr4_adr[4]. (constraint file  d:/FPGA/prj/project_10/prj_loop/vivado/prj_loop.gen/sources_1/ip/ddr4_0/ddr4_0/ddr4_0_in_context.xdc, line 25).
Applied set_property CLOCK_BUFFER_TYPE = NONE for c0_ddr4_adr[4]. (constraint file  d:/FPGA/prj/project_10/prj_loop/vivado/prj_loop.gen/sources_1/ip/ddr4_0/ddr4_0/ddr4_0_in_context.xdc, line 26).
Applied set_property IO_BUFFER_TYPE = NONE for c0_ddr4_adr[5]. (constraint file  d:/FPGA/prj/project_10/prj_loop/vivado/prj_loop.gen/sources_1/ip/ddr4_0/ddr4_0/ddr4_0_in_context.xdc, line 27).
Applied set_property CLOCK_BUFFER_TYPE = NONE for c0_ddr4_adr[5]. (constraint file  d:/FPGA/prj/project_10/prj_loop/vivado/prj_loop.gen/sources_1/ip/ddr4_0/ddr4_0/ddr4_0_in_context.xdc, line 28).
Applied set_property IO_BUFFER_TYPE = NONE for c0_ddr4_adr[6]. (constraint file  d:/FPGA/prj/project_10/prj_loop/vivado/prj_loop.gen/sources_1/ip/ddr4_0/ddr4_0/ddr4_0_in_context.xdc, line 29).
Applied set_property CLOCK_BUFFER_TYPE = NONE for c0_ddr4_adr[6]. (constraint file  d:/FPGA/prj/project_10/prj_loop/vivado/prj_loop.gen/sources_1/ip/ddr4_0/ddr4_0/ddr4_0_in_context.xdc, line 30).
Applied set_property IO_BUFFER_TYPE = NONE for c0_ddr4_adr[7]. (constraint file  d:/FPGA/prj/project_10/prj_loop/vivado/prj_loop.gen/sources_1/ip/ddr4_0/ddr4_0/ddr4_0_in_context.xdc, line 31).
Applied set_property CLOCK_BUFFER_TYPE = NONE for c0_ddr4_adr[7]. (constraint file  d:/FPGA/prj/project_10/prj_loop/vivado/prj_loop.gen/sources_1/ip/ddr4_0/ddr4_0/ddr4_0_in_context.xdc, line 32).
Applied set_property IO_BUFFER_TYPE = NONE for c0_ddr4_adr[8]. (constraint file  d:/FPGA/prj/project_10/prj_loop/vivado/prj_loop.gen/sources_1/ip/ddr4_0/ddr4_0/ddr4_0_in_context.xdc, line 33).
Applied set_property CLOCK_BUFFER_TYPE = NONE for c0_ddr4_adr[8]. (constraint file  d:/FPGA/prj/project_10/prj_loop/vivado/prj_loop.gen/sources_1/ip/ddr4_0/ddr4_0/ddr4_0_in_context.xdc, line 34).
Applied set_property IO_BUFFER_TYPE = NONE for c0_ddr4_adr[9]. (constraint file  d:/FPGA/prj/project_10/prj_loop/vivado/prj_loop.gen/sources_1/ip/ddr4_0/ddr4_0/ddr4_0_in_context.xdc, line 35).
Applied set_property CLOCK_BUFFER_TYPE = NONE for c0_ddr4_adr[9]. (constraint file  d:/FPGA/prj/project_10/prj_loop/vivado/prj_loop.gen/sources_1/ip/ddr4_0/ddr4_0/ddr4_0_in_context.xdc, line 36).
Applied set_property IO_BUFFER_TYPE = NONE for c0_ddr4_ba[0]. (constraint file  d:/FPGA/prj/project_10/prj_loop/vivado/prj_loop.gen/sources_1/ip/ddr4_0/ddr4_0/ddr4_0_in_context.xdc, line 37).
Applied set_property CLOCK_BUFFER_TYPE = NONE for c0_ddr4_ba[0]. (constraint file  d:/FPGA/prj/project_10/prj_loop/vivado/prj_loop.gen/sources_1/ip/ddr4_0/ddr4_0/ddr4_0_in_context.xdc, line 38).
Applied set_property IO_BUFFER_TYPE = NONE for c0_ddr4_ba[1]. (constraint file  d:/FPGA/prj/project_10/prj_loop/vivado/prj_loop.gen/sources_1/ip/ddr4_0/ddr4_0/ddr4_0_in_context.xdc, line 39).
Applied set_property CLOCK_BUFFER_TYPE = NONE for c0_ddr4_ba[1]. (constraint file  d:/FPGA/prj/project_10/prj_loop/vivado/prj_loop.gen/sources_1/ip/ddr4_0/ddr4_0/ddr4_0_in_context.xdc, line 40).
Applied set_property IO_BUFFER_TYPE = NONE for c0_ddr4_bg[0]. (constraint file  d:/FPGA/prj/project_10/prj_loop/vivado/prj_loop.gen/sources_1/ip/ddr4_0/ddr4_0/ddr4_0_in_context.xdc, line 41).
Applied set_property CLOCK_BUFFER_TYPE = NONE for c0_ddr4_bg[0]. (constraint file  d:/FPGA/prj/project_10/prj_loop/vivado/prj_loop.gen/sources_1/ip/ddr4_0/ddr4_0/ddr4_0_in_context.xdc, line 42).
Applied set_property IO_BUFFER_TYPE = NONE for c0_ddr4_ck_c[0]. (constraint file  d:/FPGA/prj/project_10/prj_loop/vivado/prj_loop.gen/sources_1/ip/ddr4_0/ddr4_0/ddr4_0_in_context.xdc, line 43).
Applied set_property CLOCK_BUFFER_TYPE = NONE for c0_ddr4_ck_c[0]. (constraint file  d:/FPGA/prj/project_10/prj_loop/vivado/prj_loop.gen/sources_1/ip/ddr4_0/ddr4_0/ddr4_0_in_context.xdc, line 44).
Applied set_property IO_BUFFER_TYPE = NONE for c0_ddr4_ck_t[0]. (constraint file  d:/FPGA/prj/project_10/prj_loop/vivado/prj_loop.gen/sources_1/ip/ddr4_0/ddr4_0/ddr4_0_in_context.xdc, line 45).
Applied set_property CLOCK_BUFFER_TYPE = NONE for c0_ddr4_ck_t[0]. (constraint file  d:/FPGA/prj/project_10/prj_loop/vivado/prj_loop.gen/sources_1/ip/ddr4_0/ddr4_0/ddr4_0_in_context.xdc, line 46).
Applied set_property IO_BUFFER_TYPE = NONE for c0_ddr4_cke[0]. (constraint file  d:/FPGA/prj/project_10/prj_loop/vivado/prj_loop.gen/sources_1/ip/ddr4_0/ddr4_0/ddr4_0_in_context.xdc, line 47).
Applied set_property CLOCK_BUFFER_TYPE = NONE for c0_ddr4_cke[0]. (constraint file  d:/FPGA/prj/project_10/prj_loop/vivado/prj_loop.gen/sources_1/ip/ddr4_0/ddr4_0/ddr4_0_in_context.xdc, line 48).
Applied set_property IO_BUFFER_TYPE = NONE for c0_ddr4_cs_n[0]. (constraint file  d:/FPGA/prj/project_10/prj_loop/vivado/prj_loop.gen/sources_1/ip/ddr4_0/ddr4_0/ddr4_0_in_context.xdc, line 49).
Applied set_property CLOCK_BUFFER_TYPE = NONE for c0_ddr4_cs_n[0]. (constraint file  d:/FPGA/prj/project_10/prj_loop/vivado/prj_loop.gen/sources_1/ip/ddr4_0/ddr4_0/ddr4_0_in_context.xdc, line 50).
Applied set_property IO_BUFFER_TYPE = NONE for c0_ddr4_dm_dbi_n[0]. (constraint file  d:/FPGA/prj/project_10/prj_loop/vivado/prj_loop.gen/sources_1/ip/ddr4_0/ddr4_0/ddr4_0_in_context.xdc, line 51).
Applied set_property CLOCK_BUFFER_TYPE = NONE for c0_ddr4_dm_dbi_n[0]. (constraint file  d:/FPGA/prj/project_10/prj_loop/vivado/prj_loop.gen/sources_1/ip/ddr4_0/ddr4_0/ddr4_0_in_context.xdc, line 52).
Applied set_property IO_BUFFER_TYPE = NONE for c0_ddr4_dm_dbi_n[1]. (constraint file  d:/FPGA/prj/project_10/prj_loop/vivado/prj_loop.gen/sources_1/ip/ddr4_0/ddr4_0/ddr4_0_in_context.xdc, line 53).
Applied set_property CLOCK_BUFFER_TYPE = NONE for c0_ddr4_dm_dbi_n[1]. (constraint file  d:/FPGA/prj/project_10/prj_loop/vivado/prj_loop.gen/sources_1/ip/ddr4_0/ddr4_0/ddr4_0_in_context.xdc, line 54).
Applied set_property IO_BUFFER_TYPE = NONE for c0_ddr4_dm_dbi_n[2]. (constraint file  d:/FPGA/prj/project_10/prj_loop/vivado/prj_loop.gen/sources_1/ip/ddr4_0/ddr4_0/ddr4_0_in_context.xdc, line 55).
Applied set_property CLOCK_BUFFER_TYPE = NONE for c0_ddr4_dm_dbi_n[2]. (constraint file  d:/FPGA/prj/project_10/prj_loop/vivado/prj_loop.gen/sources_1/ip/ddr4_0/ddr4_0/ddr4_0_in_context.xdc, line 56).
Applied set_property IO_BUFFER_TYPE = NONE for c0_ddr4_dm_dbi_n[3]. (constraint file  d:/FPGA/prj/project_10/prj_loop/vivado/prj_loop.gen/sources_1/ip/ddr4_0/ddr4_0/ddr4_0_in_context.xdc, line 57).
Applied set_property CLOCK_BUFFER_TYPE = NONE for c0_ddr4_dm_dbi_n[3]. (constraint file  d:/FPGA/prj/project_10/prj_loop/vivado/prj_loop.gen/sources_1/ip/ddr4_0/ddr4_0/ddr4_0_in_context.xdc, line 58).
Applied set_property IO_BUFFER_TYPE = NONE for c0_ddr4_dm_dbi_n[4]. (constraint file  d:/FPGA/prj/project_10/prj_loop/vivado/prj_loop.gen/sources_1/ip/ddr4_0/ddr4_0/ddr4_0_in_context.xdc, line 59).
Applied set_property CLOCK_BUFFER_TYPE = NONE for c0_ddr4_dm_dbi_n[4]. (constraint file  d:/FPGA/prj/project_10/prj_loop/vivado/prj_loop.gen/sources_1/ip/ddr4_0/ddr4_0/ddr4_0_in_context.xdc, line 60).
Applied set_property IO_BUFFER_TYPE = NONE for c0_ddr4_dm_dbi_n[5]. (constraint file  d:/FPGA/prj/project_10/prj_loop/vivado/prj_loop.gen/sources_1/ip/ddr4_0/ddr4_0/ddr4_0_in_context.xdc, line 61).
Applied set_property CLOCK_BUFFER_TYPE = NONE for c0_ddr4_dm_dbi_n[5]. (constraint file  d:/FPGA/prj/project_10/prj_loop/vivado/prj_loop.gen/sources_1/ip/ddr4_0/ddr4_0/ddr4_0_in_context.xdc, line 62).
Applied set_property IO_BUFFER_TYPE = NONE for c0_ddr4_dm_dbi_n[6]. (constraint file  d:/FPGA/prj/project_10/prj_loop/vivado/prj_loop.gen/sources_1/ip/ddr4_0/ddr4_0/ddr4_0_in_context.xdc, line 63).
Applied set_property CLOCK_BUFFER_TYPE = NONE for c0_ddr4_dm_dbi_n[6]. (constraint file  d:/FPGA/prj/project_10/prj_loop/vivado/prj_loop.gen/sources_1/ip/ddr4_0/ddr4_0/ddr4_0_in_context.xdc, line 64).
Applied set_property IO_BUFFER_TYPE = NONE for c0_ddr4_dm_dbi_n[7]. (constraint file  d:/FPGA/prj/project_10/prj_loop/vivado/prj_loop.gen/sources_1/ip/ddr4_0/ddr4_0/ddr4_0_in_context.xdc, line 65).
Applied set_property CLOCK_BUFFER_TYPE = NONE for c0_ddr4_dm_dbi_n[7]. (constraint file  d:/FPGA/prj/project_10/prj_loop/vivado/prj_loop.gen/sources_1/ip/ddr4_0/ddr4_0/ddr4_0_in_context.xdc, line 66).
Applied set_property IO_BUFFER_TYPE = NONE for c0_ddr4_dq[0]. (constraint file  d:/FPGA/prj/project_10/prj_loop/vivado/prj_loop.gen/sources_1/ip/ddr4_0/ddr4_0/ddr4_0_in_context.xdc, line 67).
Applied set_property CLOCK_BUFFER_TYPE = NONE for c0_ddr4_dq[0]. (constraint file  d:/FPGA/prj/project_10/prj_loop/vivado/prj_loop.gen/sources_1/ip/ddr4_0/ddr4_0/ddr4_0_in_context.xdc, line 68).
Applied set_property IO_BUFFER_TYPE = NONE for c0_ddr4_dq[10]. (constraint file  d:/FPGA/prj/project_10/prj_loop/vivado/prj_loop.gen/sources_1/ip/ddr4_0/ddr4_0/ddr4_0_in_context.xdc, line 69).
Applied set_property CLOCK_BUFFER_TYPE = NONE for c0_ddr4_dq[10]. (constraint file  d:/FPGA/prj/project_10/prj_loop/vivado/prj_loop.gen/sources_1/ip/ddr4_0/ddr4_0/ddr4_0_in_context.xdc, line 70).
Applied set_property IO_BUFFER_TYPE = NONE for c0_ddr4_dq[11]. (constraint file  d:/FPGA/prj/project_10/prj_loop/vivado/prj_loop.gen/sources_1/ip/ddr4_0/ddr4_0/ddr4_0_in_context.xdc, line 71).
Applied set_property CLOCK_BUFFER_TYPE = NONE for c0_ddr4_dq[11]. (constraint file  d:/FPGA/prj/project_10/prj_loop/vivado/prj_loop.gen/sources_1/ip/ddr4_0/ddr4_0/ddr4_0_in_context.xdc, line 72).
Applied set_property IO_BUFFER_TYPE = NONE for c0_ddr4_dq[12]. (constraint file  d:/FPGA/prj/project_10/prj_loop/vivado/prj_loop.gen/sources_1/ip/ddr4_0/ddr4_0/ddr4_0_in_context.xdc, line 73).
Applied set_property CLOCK_BUFFER_TYPE = NONE for c0_ddr4_dq[12]. (constraint file  d:/FPGA/prj/project_10/prj_loop/vivado/prj_loop.gen/sources_1/ip/ddr4_0/ddr4_0/ddr4_0_in_context.xdc, line 74).
Applied set_property IO_BUFFER_TYPE = NONE for c0_ddr4_dq[13]. (constraint file  d:/FPGA/prj/project_10/prj_loop/vivado/prj_loop.gen/sources_1/ip/ddr4_0/ddr4_0/ddr4_0_in_context.xdc, line 75).
Applied set_property CLOCK_BUFFER_TYPE = NONE for c0_ddr4_dq[13]. (constraint file  d:/FPGA/prj/project_10/prj_loop/vivado/prj_loop.gen/sources_1/ip/ddr4_0/ddr4_0/ddr4_0_in_context.xdc, line 76).
Applied set_property IO_BUFFER_TYPE = NONE for c0_ddr4_dq[14]. (constraint file  d:/FPGA/prj/project_10/prj_loop/vivado/prj_loop.gen/sources_1/ip/ddr4_0/ddr4_0/ddr4_0_in_context.xdc, line 77).
Applied set_property CLOCK_BUFFER_TYPE = NONE for c0_ddr4_dq[14]. (constraint file  d:/FPGA/prj/project_10/prj_loop/vivado/prj_loop.gen/sources_1/ip/ddr4_0/ddr4_0/ddr4_0_in_context.xdc, line 78).
Applied set_property IO_BUFFER_TYPE = NONE for c0_ddr4_dq[15]. (constraint file  d:/FPGA/prj/project_10/prj_loop/vivado/prj_loop.gen/sources_1/ip/ddr4_0/ddr4_0/ddr4_0_in_context.xdc, line 79).
Applied set_property CLOCK_BUFFER_TYPE = NONE for c0_ddr4_dq[15]. (constraint file  d:/FPGA/prj/project_10/prj_loop/vivado/prj_loop.gen/sources_1/ip/ddr4_0/ddr4_0/ddr4_0_in_context.xdc, line 80).
Applied set_property IO_BUFFER_TYPE = NONE for c0_ddr4_dq[16]. (constraint file  d:/FPGA/prj/project_10/prj_loop/vivado/prj_loop.gen/sources_1/ip/ddr4_0/ddr4_0/ddr4_0_in_context.xdc, line 81).
Applied set_property CLOCK_BUFFER_TYPE = NONE for c0_ddr4_dq[16]. (constraint file  d:/FPGA/prj/project_10/prj_loop/vivado/prj_loop.gen/sources_1/ip/ddr4_0/ddr4_0/ddr4_0_in_context.xdc, line 82).
Applied set_property IO_BUFFER_TYPE = NONE for c0_ddr4_dq[17]. (constraint file  d:/FPGA/prj/project_10/prj_loop/vivado/prj_loop.gen/sources_1/ip/ddr4_0/ddr4_0/ddr4_0_in_context.xdc, line 83).
Applied set_property CLOCK_BUFFER_TYPE = NONE for c0_ddr4_dq[17]. (constraint file  d:/FPGA/prj/project_10/prj_loop/vivado/prj_loop.gen/sources_1/ip/ddr4_0/ddr4_0/ddr4_0_in_context.xdc, line 84).
Applied set_property IO_BUFFER_TYPE = NONE for c0_ddr4_dq[18]. (constraint file  d:/FPGA/prj/project_10/prj_loop/vivado/prj_loop.gen/sources_1/ip/ddr4_0/ddr4_0/ddr4_0_in_context.xdc, line 85).
Applied set_property CLOCK_BUFFER_TYPE = NONE for c0_ddr4_dq[18]. (constraint file  d:/FPGA/prj/project_10/prj_loop/vivado/prj_loop.gen/sources_1/ip/ddr4_0/ddr4_0/ddr4_0_in_context.xdc, line 86).
Applied set_property IO_BUFFER_TYPE = NONE for c0_ddr4_dq[19]. (constraint file  d:/FPGA/prj/project_10/prj_loop/vivado/prj_loop.gen/sources_1/ip/ddr4_0/ddr4_0/ddr4_0_in_context.xdc, line 87).
Applied set_property CLOCK_BUFFER_TYPE = NONE for c0_ddr4_dq[19]. (constraint file  d:/FPGA/prj/project_10/prj_loop/vivado/prj_loop.gen/sources_1/ip/ddr4_0/ddr4_0/ddr4_0_in_context.xdc, line 88).
Applied set_property IO_BUFFER_TYPE = NONE for c0_ddr4_dq[1]. (constraint file  d:/FPGA/prj/project_10/prj_loop/vivado/prj_loop.gen/sources_1/ip/ddr4_0/ddr4_0/ddr4_0_in_context.xdc, line 89).
Applied set_property CLOCK_BUFFER_TYPE = NONE for c0_ddr4_dq[1]. (constraint file  d:/FPGA/prj/project_10/prj_loop/vivado/prj_loop.gen/sources_1/ip/ddr4_0/ddr4_0/ddr4_0_in_context.xdc, line 90).
Applied set_property IO_BUFFER_TYPE = NONE for c0_ddr4_dq[20]. (constraint file  d:/FPGA/prj/project_10/prj_loop/vivado/prj_loop.gen/sources_1/ip/ddr4_0/ddr4_0/ddr4_0_in_context.xdc, line 91).
Applied set_property CLOCK_BUFFER_TYPE = NONE for c0_ddr4_dq[20]. (constraint file  d:/FPGA/prj/project_10/prj_loop/vivado/prj_loop.gen/sources_1/ip/ddr4_0/ddr4_0/ddr4_0_in_context.xdc, line 92).
Applied set_property IO_BUFFER_TYPE = NONE for c0_ddr4_dq[21]. (constraint file  d:/FPGA/prj/project_10/prj_loop/vivado/prj_loop.gen/sources_1/ip/ddr4_0/ddr4_0/ddr4_0_in_context.xdc, line 93).
Applied set_property CLOCK_BUFFER_TYPE = NONE for c0_ddr4_dq[21]. (constraint file  d:/FPGA/prj/project_10/prj_loop/vivado/prj_loop.gen/sources_1/ip/ddr4_0/ddr4_0/ddr4_0_in_context.xdc, line 94).
Applied set_property IO_BUFFER_TYPE = NONE for c0_ddr4_dq[22]. (constraint file  d:/FPGA/prj/project_10/prj_loop/vivado/prj_loop.gen/sources_1/ip/ddr4_0/ddr4_0/ddr4_0_in_context.xdc, line 95).
Applied set_property CLOCK_BUFFER_TYPE = NONE for c0_ddr4_dq[22]. (constraint file  d:/FPGA/prj/project_10/prj_loop/vivado/prj_loop.gen/sources_1/ip/ddr4_0/ddr4_0/ddr4_0_in_context.xdc, line 96).
Applied set_property IO_BUFFER_TYPE = NONE for c0_ddr4_dq[23]. (constraint file  d:/FPGA/prj/project_10/prj_loop/vivado/prj_loop.gen/sources_1/ip/ddr4_0/ddr4_0/ddr4_0_in_context.xdc, line 97).
Applied set_property CLOCK_BUFFER_TYPE = NONE for c0_ddr4_dq[23]. (constraint file  d:/FPGA/prj/project_10/prj_loop/vivado/prj_loop.gen/sources_1/ip/ddr4_0/ddr4_0/ddr4_0_in_context.xdc, line 98).
Applied set_property IO_BUFFER_TYPE = NONE for c0_ddr4_dq[24]. (constraint file  d:/FPGA/prj/project_10/prj_loop/vivado/prj_loop.gen/sources_1/ip/ddr4_0/ddr4_0/ddr4_0_in_context.xdc, line 99).
Applied set_property CLOCK_BUFFER_TYPE = NONE for c0_ddr4_dq[24]. (constraint file  d:/FPGA/prj/project_10/prj_loop/vivado/prj_loop.gen/sources_1/ip/ddr4_0/ddr4_0/ddr4_0_in_context.xdc, line 100).
Applied set_property IO_BUFFER_TYPE = NONE for c0_ddr4_dq[25]. (constraint file  d:/FPGA/prj/project_10/prj_loop/vivado/prj_loop.gen/sources_1/ip/ddr4_0/ddr4_0/ddr4_0_in_context.xdc, line 101).
Applied set_property CLOCK_BUFFER_TYPE = NONE for c0_ddr4_dq[25]. (constraint file  d:/FPGA/prj/project_10/prj_loop/vivado/prj_loop.gen/sources_1/ip/ddr4_0/ddr4_0/ddr4_0_in_context.xdc, line 102).
Applied set_property IO_BUFFER_TYPE = NONE for c0_ddr4_dq[26]. (constraint file  d:/FPGA/prj/project_10/prj_loop/vivado/prj_loop.gen/sources_1/ip/ddr4_0/ddr4_0/ddr4_0_in_context.xdc, line 103).
Applied set_property CLOCK_BUFFER_TYPE = NONE for c0_ddr4_dq[26]. (constraint file  d:/FPGA/prj/project_10/prj_loop/vivado/prj_loop.gen/sources_1/ip/ddr4_0/ddr4_0/ddr4_0_in_context.xdc, line 104).
Applied set_property IO_BUFFER_TYPE = NONE for c0_ddr4_dq[27]. (constraint file  d:/FPGA/prj/project_10/prj_loop/vivado/prj_loop.gen/sources_1/ip/ddr4_0/ddr4_0/ddr4_0_in_context.xdc, line 105).
Applied set_property CLOCK_BUFFER_TYPE = NONE for c0_ddr4_dq[27]. (constraint file  d:/FPGA/prj/project_10/prj_loop/vivado/prj_loop.gen/sources_1/ip/ddr4_0/ddr4_0/ddr4_0_in_context.xdc, line 106).
Applied set_property IO_BUFFER_TYPE = NONE for c0_ddr4_dq[28]. (constraint file  d:/FPGA/prj/project_10/prj_loop/vivado/prj_loop.gen/sources_1/ip/ddr4_0/ddr4_0/ddr4_0_in_context.xdc, line 107).
Applied set_property CLOCK_BUFFER_TYPE = NONE for c0_ddr4_dq[28]. (constraint file  d:/FPGA/prj/project_10/prj_loop/vivado/prj_loop.gen/sources_1/ip/ddr4_0/ddr4_0/ddr4_0_in_context.xdc, line 108).
Applied set_property IO_BUFFER_TYPE = NONE for c0_ddr4_dq[29]. (constraint file  d:/FPGA/prj/project_10/prj_loop/vivado/prj_loop.gen/sources_1/ip/ddr4_0/ddr4_0/ddr4_0_in_context.xdc, line 109).
Applied set_property CLOCK_BUFFER_TYPE = NONE for c0_ddr4_dq[29]. (constraint file  d:/FPGA/prj/project_10/prj_loop/vivado/prj_loop.gen/sources_1/ip/ddr4_0/ddr4_0/ddr4_0_in_context.xdc, line 110).
Applied set_property IO_BUFFER_TYPE = NONE for c0_ddr4_dq[2]. (constraint file  d:/FPGA/prj/project_10/prj_loop/vivado/prj_loop.gen/sources_1/ip/ddr4_0/ddr4_0/ddr4_0_in_context.xdc, line 111).
Applied set_property CLOCK_BUFFER_TYPE = NONE for c0_ddr4_dq[2]. (constraint file  d:/FPGA/prj/project_10/prj_loop/vivado/prj_loop.gen/sources_1/ip/ddr4_0/ddr4_0/ddr4_0_in_context.xdc, line 112).
Applied set_property IO_BUFFER_TYPE = NONE for c0_ddr4_dq[30]. (constraint file  d:/FPGA/prj/project_10/prj_loop/vivado/prj_loop.gen/sources_1/ip/ddr4_0/ddr4_0/ddr4_0_in_context.xdc, line 113).
Applied set_property CLOCK_BUFFER_TYPE = NONE for c0_ddr4_dq[30]. (constraint file  d:/FPGA/prj/project_10/prj_loop/vivado/prj_loop.gen/sources_1/ip/ddr4_0/ddr4_0/ddr4_0_in_context.xdc, line 114).
Applied set_property IO_BUFFER_TYPE = NONE for c0_ddr4_dq[31]. (constraint file  d:/FPGA/prj/project_10/prj_loop/vivado/prj_loop.gen/sources_1/ip/ddr4_0/ddr4_0/ddr4_0_in_context.xdc, line 115).
Applied set_property CLOCK_BUFFER_TYPE = NONE for c0_ddr4_dq[31]. (constraint file  d:/FPGA/prj/project_10/prj_loop/vivado/prj_loop.gen/sources_1/ip/ddr4_0/ddr4_0/ddr4_0_in_context.xdc, line 116).
Applied set_property IO_BUFFER_TYPE = NONE for c0_ddr4_dq[32]. (constraint file  d:/FPGA/prj/project_10/prj_loop/vivado/prj_loop.gen/sources_1/ip/ddr4_0/ddr4_0/ddr4_0_in_context.xdc, line 117).
Applied set_property CLOCK_BUFFER_TYPE = NONE for c0_ddr4_dq[32]. (constraint file  d:/FPGA/prj/project_10/prj_loop/vivado/prj_loop.gen/sources_1/ip/ddr4_0/ddr4_0/ddr4_0_in_context.xdc, line 118).
Applied set_property IO_BUFFER_TYPE = NONE for c0_ddr4_dq[33]. (constraint file  d:/FPGA/prj/project_10/prj_loop/vivado/prj_loop.gen/sources_1/ip/ddr4_0/ddr4_0/ddr4_0_in_context.xdc, line 119).
Applied set_property CLOCK_BUFFER_TYPE = NONE for c0_ddr4_dq[33]. (constraint file  d:/FPGA/prj/project_10/prj_loop/vivado/prj_loop.gen/sources_1/ip/ddr4_0/ddr4_0/ddr4_0_in_context.xdc, line 120).
Applied set_property IO_BUFFER_TYPE = NONE for c0_ddr4_dq[34]. (constraint file  d:/FPGA/prj/project_10/prj_loop/vivado/prj_loop.gen/sources_1/ip/ddr4_0/ddr4_0/ddr4_0_in_context.xdc, line 121).
Applied set_property CLOCK_BUFFER_TYPE = NONE for c0_ddr4_dq[34]. (constraint file  d:/FPGA/prj/project_10/prj_loop/vivado/prj_loop.gen/sources_1/ip/ddr4_0/ddr4_0/ddr4_0_in_context.xdc, line 122).
Applied set_property IO_BUFFER_TYPE = NONE for c0_ddr4_dq[35]. (constraint file  d:/FPGA/prj/project_10/prj_loop/vivado/prj_loop.gen/sources_1/ip/ddr4_0/ddr4_0/ddr4_0_in_context.xdc, line 123).
Applied set_property CLOCK_BUFFER_TYPE = NONE for c0_ddr4_dq[35]. (constraint file  d:/FPGA/prj/project_10/prj_loop/vivado/prj_loop.gen/sources_1/ip/ddr4_0/ddr4_0/ddr4_0_in_context.xdc, line 124).
Applied set_property IO_BUFFER_TYPE = NONE for c0_ddr4_dq[36]. (constraint file  d:/FPGA/prj/project_10/prj_loop/vivado/prj_loop.gen/sources_1/ip/ddr4_0/ddr4_0/ddr4_0_in_context.xdc, line 125).
Applied set_property CLOCK_BUFFER_TYPE = NONE for c0_ddr4_dq[36]. (constraint file  d:/FPGA/prj/project_10/prj_loop/vivado/prj_loop.gen/sources_1/ip/ddr4_0/ddr4_0/ddr4_0_in_context.xdc, line 126).
Applied set_property IO_BUFFER_TYPE = NONE for c0_ddr4_dq[37]. (constraint file  d:/FPGA/prj/project_10/prj_loop/vivado/prj_loop.gen/sources_1/ip/ddr4_0/ddr4_0/ddr4_0_in_context.xdc, line 127).
Applied set_property CLOCK_BUFFER_TYPE = NONE for c0_ddr4_dq[37]. (constraint file  d:/FPGA/prj/project_10/prj_loop/vivado/prj_loop.gen/sources_1/ip/ddr4_0/ddr4_0/ddr4_0_in_context.xdc, line 128).
Applied set_property IO_BUFFER_TYPE = NONE for c0_ddr4_dq[38]. (constraint file  d:/FPGA/prj/project_10/prj_loop/vivado/prj_loop.gen/sources_1/ip/ddr4_0/ddr4_0/ddr4_0_in_context.xdc, line 129).
Applied set_property CLOCK_BUFFER_TYPE = NONE for c0_ddr4_dq[38]. (constraint file  d:/FPGA/prj/project_10/prj_loop/vivado/prj_loop.gen/sources_1/ip/ddr4_0/ddr4_0/ddr4_0_in_context.xdc, line 130).
Applied set_property IO_BUFFER_TYPE = NONE for c0_ddr4_dq[39]. (constraint file  d:/FPGA/prj/project_10/prj_loop/vivado/prj_loop.gen/sources_1/ip/ddr4_0/ddr4_0/ddr4_0_in_context.xdc, line 131).
Applied set_property CLOCK_BUFFER_TYPE = NONE for c0_ddr4_dq[39]. (constraint file  d:/FPGA/prj/project_10/prj_loop/vivado/prj_loop.gen/sources_1/ip/ddr4_0/ddr4_0/ddr4_0_in_context.xdc, line 132).
Applied set_property IO_BUFFER_TYPE = NONE for c0_ddr4_dq[3]. (constraint file  d:/FPGA/prj/project_10/prj_loop/vivado/prj_loop.gen/sources_1/ip/ddr4_0/ddr4_0/ddr4_0_in_context.xdc, line 133).
Applied set_property CLOCK_BUFFER_TYPE = NONE for c0_ddr4_dq[3]. (constraint file  d:/FPGA/prj/project_10/prj_loop/vivado/prj_loop.gen/sources_1/ip/ddr4_0/ddr4_0/ddr4_0_in_context.xdc, line 134).
Applied set_property IO_BUFFER_TYPE = NONE for c0_ddr4_dq[40]. (constraint file  d:/FPGA/prj/project_10/prj_loop/vivado/prj_loop.gen/sources_1/ip/ddr4_0/ddr4_0/ddr4_0_in_context.xdc, line 135).
Applied set_property CLOCK_BUFFER_TYPE = NONE for c0_ddr4_dq[40]. (constraint file  d:/FPGA/prj/project_10/prj_loop/vivado/prj_loop.gen/sources_1/ip/ddr4_0/ddr4_0/ddr4_0_in_context.xdc, line 136).
Applied set_property IO_BUFFER_TYPE = NONE for c0_ddr4_dq[41]. (constraint file  d:/FPGA/prj/project_10/prj_loop/vivado/prj_loop.gen/sources_1/ip/ddr4_0/ddr4_0/ddr4_0_in_context.xdc, line 137).
Applied set_property CLOCK_BUFFER_TYPE = NONE for c0_ddr4_dq[41]. (constraint file  d:/FPGA/prj/project_10/prj_loop/vivado/prj_loop.gen/sources_1/ip/ddr4_0/ddr4_0/ddr4_0_in_context.xdc, line 138).
Applied set_property IO_BUFFER_TYPE = NONE for c0_ddr4_dq[42]. (constraint file  d:/FPGA/prj/project_10/prj_loop/vivado/prj_loop.gen/sources_1/ip/ddr4_0/ddr4_0/ddr4_0_in_context.xdc, line 139).
Applied set_property CLOCK_BUFFER_TYPE = NONE for c0_ddr4_dq[42]. (constraint file  d:/FPGA/prj/project_10/prj_loop/vivado/prj_loop.gen/sources_1/ip/ddr4_0/ddr4_0/ddr4_0_in_context.xdc, line 140).
Applied set_property IO_BUFFER_TYPE = NONE for c0_ddr4_dq[43]. (constraint file  d:/FPGA/prj/project_10/prj_loop/vivado/prj_loop.gen/sources_1/ip/ddr4_0/ddr4_0/ddr4_0_in_context.xdc, line 141).
Applied set_property CLOCK_BUFFER_TYPE = NONE for c0_ddr4_dq[43]. (constraint file  d:/FPGA/prj/project_10/prj_loop/vivado/prj_loop.gen/sources_1/ip/ddr4_0/ddr4_0/ddr4_0_in_context.xdc, line 142).
Applied set_property IO_BUFFER_TYPE = NONE for c0_ddr4_dq[44]. (constraint file  d:/FPGA/prj/project_10/prj_loop/vivado/prj_loop.gen/sources_1/ip/ddr4_0/ddr4_0/ddr4_0_in_context.xdc, line 143).
Applied set_property CLOCK_BUFFER_TYPE = NONE for c0_ddr4_dq[44]. (constraint file  d:/FPGA/prj/project_10/prj_loop/vivado/prj_loop.gen/sources_1/ip/ddr4_0/ddr4_0/ddr4_0_in_context.xdc, line 144).
Applied set_property IO_BUFFER_TYPE = NONE for c0_ddr4_dq[45]. (constraint file  d:/FPGA/prj/project_10/prj_loop/vivado/prj_loop.gen/sources_1/ip/ddr4_0/ddr4_0/ddr4_0_in_context.xdc, line 145).
Applied set_property CLOCK_BUFFER_TYPE = NONE for c0_ddr4_dq[45]. (constraint file  d:/FPGA/prj/project_10/prj_loop/vivado/prj_loop.gen/sources_1/ip/ddr4_0/ddr4_0/ddr4_0_in_context.xdc, line 146).
Applied set_property IO_BUFFER_TYPE = NONE for c0_ddr4_dq[46]. (constraint file  d:/FPGA/prj/project_10/prj_loop/vivado/prj_loop.gen/sources_1/ip/ddr4_0/ddr4_0/ddr4_0_in_context.xdc, line 147).
Applied set_property CLOCK_BUFFER_TYPE = NONE for c0_ddr4_dq[46]. (constraint file  d:/FPGA/prj/project_10/prj_loop/vivado/prj_loop.gen/sources_1/ip/ddr4_0/ddr4_0/ddr4_0_in_context.xdc, line 148).
Applied set_property IO_BUFFER_TYPE = NONE for c0_ddr4_dq[47]. (constraint file  d:/FPGA/prj/project_10/prj_loop/vivado/prj_loop.gen/sources_1/ip/ddr4_0/ddr4_0/ddr4_0_in_context.xdc, line 149).
Applied set_property CLOCK_BUFFER_TYPE = NONE for c0_ddr4_dq[47]. (constraint file  d:/FPGA/prj/project_10/prj_loop/vivado/prj_loop.gen/sources_1/ip/ddr4_0/ddr4_0/ddr4_0_in_context.xdc, line 150).
Applied set_property IO_BUFFER_TYPE = NONE for c0_ddr4_dq[48]. (constraint file  d:/FPGA/prj/project_10/prj_loop/vivado/prj_loop.gen/sources_1/ip/ddr4_0/ddr4_0/ddr4_0_in_context.xdc, line 151).
Applied set_property CLOCK_BUFFER_TYPE = NONE for c0_ddr4_dq[48]. (constraint file  d:/FPGA/prj/project_10/prj_loop/vivado/prj_loop.gen/sources_1/ip/ddr4_0/ddr4_0/ddr4_0_in_context.xdc, line 152).
Applied set_property IO_BUFFER_TYPE = NONE for c0_ddr4_dq[49]. (constraint file  d:/FPGA/prj/project_10/prj_loop/vivado/prj_loop.gen/sources_1/ip/ddr4_0/ddr4_0/ddr4_0_in_context.xdc, line 153).
Applied set_property CLOCK_BUFFER_TYPE = NONE for c0_ddr4_dq[49]. (constraint file  d:/FPGA/prj/project_10/prj_loop/vivado/prj_loop.gen/sources_1/ip/ddr4_0/ddr4_0/ddr4_0_in_context.xdc, line 154).
Applied set_property IO_BUFFER_TYPE = NONE for c0_ddr4_dq[4]. (constraint file  d:/FPGA/prj/project_10/prj_loop/vivado/prj_loop.gen/sources_1/ip/ddr4_0/ddr4_0/ddr4_0_in_context.xdc, line 155).
Applied set_property CLOCK_BUFFER_TYPE = NONE for c0_ddr4_dq[4]. (constraint file  d:/FPGA/prj/project_10/prj_loop/vivado/prj_loop.gen/sources_1/ip/ddr4_0/ddr4_0/ddr4_0_in_context.xdc, line 156).
Applied set_property IO_BUFFER_TYPE = NONE for c0_ddr4_dq[50]. (constraint file  d:/FPGA/prj/project_10/prj_loop/vivado/prj_loop.gen/sources_1/ip/ddr4_0/ddr4_0/ddr4_0_in_context.xdc, line 157).
Applied set_property CLOCK_BUFFER_TYPE = NONE for c0_ddr4_dq[50]. (constraint file  d:/FPGA/prj/project_10/prj_loop/vivado/prj_loop.gen/sources_1/ip/ddr4_0/ddr4_0/ddr4_0_in_context.xdc, line 158).
Applied set_property IO_BUFFER_TYPE = NONE for c0_ddr4_dq[51]. (constraint file  d:/FPGA/prj/project_10/prj_loop/vivado/prj_loop.gen/sources_1/ip/ddr4_0/ddr4_0/ddr4_0_in_context.xdc, line 159).
Applied set_property CLOCK_BUFFER_TYPE = NONE for c0_ddr4_dq[51]. (constraint file  d:/FPGA/prj/project_10/prj_loop/vivado/prj_loop.gen/sources_1/ip/ddr4_0/ddr4_0/ddr4_0_in_context.xdc, line 160).
Applied set_property IO_BUFFER_TYPE = NONE for c0_ddr4_dq[52]. (constraint file  d:/FPGA/prj/project_10/prj_loop/vivado/prj_loop.gen/sources_1/ip/ddr4_0/ddr4_0/ddr4_0_in_context.xdc, line 161).
Applied set_property CLOCK_BUFFER_TYPE = NONE for c0_ddr4_dq[52]. (constraint file  d:/FPGA/prj/project_10/prj_loop/vivado/prj_loop.gen/sources_1/ip/ddr4_0/ddr4_0/ddr4_0_in_context.xdc, line 162).
Applied set_property IO_BUFFER_TYPE = NONE for c0_ddr4_dq[53]. (constraint file  d:/FPGA/prj/project_10/prj_loop/vivado/prj_loop.gen/sources_1/ip/ddr4_0/ddr4_0/ddr4_0_in_context.xdc, line 163).
Applied set_property CLOCK_BUFFER_TYPE = NONE for c0_ddr4_dq[53]. (constraint file  d:/FPGA/prj/project_10/prj_loop/vivado/prj_loop.gen/sources_1/ip/ddr4_0/ddr4_0/ddr4_0_in_context.xdc, line 164).
Applied set_property IO_BUFFER_TYPE = NONE for c0_ddr4_dq[54]. (constraint file  d:/FPGA/prj/project_10/prj_loop/vivado/prj_loop.gen/sources_1/ip/ddr4_0/ddr4_0/ddr4_0_in_context.xdc, line 165).
Applied set_property CLOCK_BUFFER_TYPE = NONE for c0_ddr4_dq[54]. (constraint file  d:/FPGA/prj/project_10/prj_loop/vivado/prj_loop.gen/sources_1/ip/ddr4_0/ddr4_0/ddr4_0_in_context.xdc, line 166).
Applied set_property IO_BUFFER_TYPE = NONE for c0_ddr4_dq[55]. (constraint file  d:/FPGA/prj/project_10/prj_loop/vivado/prj_loop.gen/sources_1/ip/ddr4_0/ddr4_0/ddr4_0_in_context.xdc, line 167).
Applied set_property CLOCK_BUFFER_TYPE = NONE for c0_ddr4_dq[55]. (constraint file  d:/FPGA/prj/project_10/prj_loop/vivado/prj_loop.gen/sources_1/ip/ddr4_0/ddr4_0/ddr4_0_in_context.xdc, line 168).
Applied set_property IO_BUFFER_TYPE = NONE for c0_ddr4_dq[56]. (constraint file  d:/FPGA/prj/project_10/prj_loop/vivado/prj_loop.gen/sources_1/ip/ddr4_0/ddr4_0/ddr4_0_in_context.xdc, line 169).
Applied set_property CLOCK_BUFFER_TYPE = NONE for c0_ddr4_dq[56]. (constraint file  d:/FPGA/prj/project_10/prj_loop/vivado/prj_loop.gen/sources_1/ip/ddr4_0/ddr4_0/ddr4_0_in_context.xdc, line 170).
Applied set_property IO_BUFFER_TYPE = NONE for c0_ddr4_dq[57]. (constraint file  d:/FPGA/prj/project_10/prj_loop/vivado/prj_loop.gen/sources_1/ip/ddr4_0/ddr4_0/ddr4_0_in_context.xdc, line 171).
Applied set_property CLOCK_BUFFER_TYPE = NONE for c0_ddr4_dq[57]. (constraint file  d:/FPGA/prj/project_10/prj_loop/vivado/prj_loop.gen/sources_1/ip/ddr4_0/ddr4_0/ddr4_0_in_context.xdc, line 172).
Applied set_property IO_BUFFER_TYPE = NONE for c0_ddr4_dq[58]. (constraint file  d:/FPGA/prj/project_10/prj_loop/vivado/prj_loop.gen/sources_1/ip/ddr4_0/ddr4_0/ddr4_0_in_context.xdc, line 173).
Applied set_property CLOCK_BUFFER_TYPE = NONE for c0_ddr4_dq[58]. (constraint file  d:/FPGA/prj/project_10/prj_loop/vivado/prj_loop.gen/sources_1/ip/ddr4_0/ddr4_0/ddr4_0_in_context.xdc, line 174).
Applied set_property IO_BUFFER_TYPE = NONE for c0_ddr4_dq[59]. (constraint file  d:/FPGA/prj/project_10/prj_loop/vivado/prj_loop.gen/sources_1/ip/ddr4_0/ddr4_0/ddr4_0_in_context.xdc, line 175).
Applied set_property CLOCK_BUFFER_TYPE = NONE for c0_ddr4_dq[59]. (constraint file  d:/FPGA/prj/project_10/prj_loop/vivado/prj_loop.gen/sources_1/ip/ddr4_0/ddr4_0/ddr4_0_in_context.xdc, line 176).
Applied set_property IO_BUFFER_TYPE = NONE for c0_ddr4_dq[5]. (constraint file  d:/FPGA/prj/project_10/prj_loop/vivado/prj_loop.gen/sources_1/ip/ddr4_0/ddr4_0/ddr4_0_in_context.xdc, line 177).
Applied set_property CLOCK_BUFFER_TYPE = NONE for c0_ddr4_dq[5]. (constraint file  d:/FPGA/prj/project_10/prj_loop/vivado/prj_loop.gen/sources_1/ip/ddr4_0/ddr4_0/ddr4_0_in_context.xdc, line 178).
Applied set_property IO_BUFFER_TYPE = NONE for c0_ddr4_dq[60]. (constraint file  d:/FPGA/prj/project_10/prj_loop/vivado/prj_loop.gen/sources_1/ip/ddr4_0/ddr4_0/ddr4_0_in_context.xdc, line 179).
Applied set_property CLOCK_BUFFER_TYPE = NONE for c0_ddr4_dq[60]. (constraint file  d:/FPGA/prj/project_10/prj_loop/vivado/prj_loop.gen/sources_1/ip/ddr4_0/ddr4_0/ddr4_0_in_context.xdc, line 180).
Applied set_property IO_BUFFER_TYPE = NONE for c0_ddr4_dq[61]. (constraint file  d:/FPGA/prj/project_10/prj_loop/vivado/prj_loop.gen/sources_1/ip/ddr4_0/ddr4_0/ddr4_0_in_context.xdc, line 181).
Applied set_property CLOCK_BUFFER_TYPE = NONE for c0_ddr4_dq[61]. (constraint file  d:/FPGA/prj/project_10/prj_loop/vivado/prj_loop.gen/sources_1/ip/ddr4_0/ddr4_0/ddr4_0_in_context.xdc, line 182).
Applied set_property IO_BUFFER_TYPE = NONE for c0_ddr4_dq[62]. (constraint file  d:/FPGA/prj/project_10/prj_loop/vivado/prj_loop.gen/sources_1/ip/ddr4_0/ddr4_0/ddr4_0_in_context.xdc, line 183).
Applied set_property CLOCK_BUFFER_TYPE = NONE for c0_ddr4_dq[62]. (constraint file  d:/FPGA/prj/project_10/prj_loop/vivado/prj_loop.gen/sources_1/ip/ddr4_0/ddr4_0/ddr4_0_in_context.xdc, line 184).
Applied set_property IO_BUFFER_TYPE = NONE for c0_ddr4_dq[63]. (constraint file  d:/FPGA/prj/project_10/prj_loop/vivado/prj_loop.gen/sources_1/ip/ddr4_0/ddr4_0/ddr4_0_in_context.xdc, line 185).
Applied set_property CLOCK_BUFFER_TYPE = NONE for c0_ddr4_dq[63]. (constraint file  d:/FPGA/prj/project_10/prj_loop/vivado/prj_loop.gen/sources_1/ip/ddr4_0/ddr4_0/ddr4_0_in_context.xdc, line 186).
Applied set_property IO_BUFFER_TYPE = NONE for c0_ddr4_dq[6]. (constraint file  d:/FPGA/prj/project_10/prj_loop/vivado/prj_loop.gen/sources_1/ip/ddr4_0/ddr4_0/ddr4_0_in_context.xdc, line 187).
Applied set_property CLOCK_BUFFER_TYPE = NONE for c0_ddr4_dq[6]. (constraint file  d:/FPGA/prj/project_10/prj_loop/vivado/prj_loop.gen/sources_1/ip/ddr4_0/ddr4_0/ddr4_0_in_context.xdc, line 188).
Applied set_property IO_BUFFER_TYPE = NONE for c0_ddr4_dq[7]. (constraint file  d:/FPGA/prj/project_10/prj_loop/vivado/prj_loop.gen/sources_1/ip/ddr4_0/ddr4_0/ddr4_0_in_context.xdc, line 189).
Applied set_property CLOCK_BUFFER_TYPE = NONE for c0_ddr4_dq[7]. (constraint file  d:/FPGA/prj/project_10/prj_loop/vivado/prj_loop.gen/sources_1/ip/ddr4_0/ddr4_0/ddr4_0_in_context.xdc, line 190).
Applied set_property IO_BUFFER_TYPE = NONE for c0_ddr4_dq[8]. (constraint file  d:/FPGA/prj/project_10/prj_loop/vivado/prj_loop.gen/sources_1/ip/ddr4_0/ddr4_0/ddr4_0_in_context.xdc, line 191).
Applied set_property CLOCK_BUFFER_TYPE = NONE for c0_ddr4_dq[8]. (constraint file  d:/FPGA/prj/project_10/prj_loop/vivado/prj_loop.gen/sources_1/ip/ddr4_0/ddr4_0/ddr4_0_in_context.xdc, line 192).
Applied set_property IO_BUFFER_TYPE = NONE for c0_ddr4_dq[9]. (constraint file  d:/FPGA/prj/project_10/prj_loop/vivado/prj_loop.gen/sources_1/ip/ddr4_0/ddr4_0/ddr4_0_in_context.xdc, line 193).
Applied set_property CLOCK_BUFFER_TYPE = NONE for c0_ddr4_dq[9]. (constraint file  d:/FPGA/prj/project_10/prj_loop/vivado/prj_loop.gen/sources_1/ip/ddr4_0/ddr4_0/ddr4_0_in_context.xdc, line 194).
Applied set_property IO_BUFFER_TYPE = NONE for c0_ddr4_dqs_c[0]. (constraint file  d:/FPGA/prj/project_10/prj_loop/vivado/prj_loop.gen/sources_1/ip/ddr4_0/ddr4_0/ddr4_0_in_context.xdc, line 195).
Applied set_property CLOCK_BUFFER_TYPE = NONE for c0_ddr4_dqs_c[0]. (constraint file  d:/FPGA/prj/project_10/prj_loop/vivado/prj_loop.gen/sources_1/ip/ddr4_0/ddr4_0/ddr4_0_in_context.xdc, line 196).
Applied set_property IO_BUFFER_TYPE = NONE for c0_ddr4_dqs_c[1]. (constraint file  d:/FPGA/prj/project_10/prj_loop/vivado/prj_loop.gen/sources_1/ip/ddr4_0/ddr4_0/ddr4_0_in_context.xdc, line 197).
Applied set_property CLOCK_BUFFER_TYPE = NONE for c0_ddr4_dqs_c[1]. (constraint file  d:/FPGA/prj/project_10/prj_loop/vivado/prj_loop.gen/sources_1/ip/ddr4_0/ddr4_0/ddr4_0_in_context.xdc, line 198).
Applied set_property IO_BUFFER_TYPE = NONE for c0_ddr4_dqs_c[2]. (constraint file  d:/FPGA/prj/project_10/prj_loop/vivado/prj_loop.gen/sources_1/ip/ddr4_0/ddr4_0/ddr4_0_in_context.xdc, line 199).
Applied set_property CLOCK_BUFFER_TYPE = NONE for c0_ddr4_dqs_c[2]. (constraint file  d:/FPGA/prj/project_10/prj_loop/vivado/prj_loop.gen/sources_1/ip/ddr4_0/ddr4_0/ddr4_0_in_context.xdc, line 200).
Applied set_property IO_BUFFER_TYPE = NONE for c0_ddr4_dqs_c[3]. (constraint file  d:/FPGA/prj/project_10/prj_loop/vivado/prj_loop.gen/sources_1/ip/ddr4_0/ddr4_0/ddr4_0_in_context.xdc, line 201).
Applied set_property CLOCK_BUFFER_TYPE = NONE for c0_ddr4_dqs_c[3]. (constraint file  d:/FPGA/prj/project_10/prj_loop/vivado/prj_loop.gen/sources_1/ip/ddr4_0/ddr4_0/ddr4_0_in_context.xdc, line 202).
Applied set_property IO_BUFFER_TYPE = NONE for c0_ddr4_dqs_c[4]. (constraint file  d:/FPGA/prj/project_10/prj_loop/vivado/prj_loop.gen/sources_1/ip/ddr4_0/ddr4_0/ddr4_0_in_context.xdc, line 203).
Applied set_property CLOCK_BUFFER_TYPE = NONE for c0_ddr4_dqs_c[4]. (constraint file  d:/FPGA/prj/project_10/prj_loop/vivado/prj_loop.gen/sources_1/ip/ddr4_0/ddr4_0/ddr4_0_in_context.xdc, line 204).
Applied set_property IO_BUFFER_TYPE = NONE for c0_ddr4_dqs_c[5]. (constraint file  d:/FPGA/prj/project_10/prj_loop/vivado/prj_loop.gen/sources_1/ip/ddr4_0/ddr4_0/ddr4_0_in_context.xdc, line 205).
Applied set_property CLOCK_BUFFER_TYPE = NONE for c0_ddr4_dqs_c[5]. (constraint file  d:/FPGA/prj/project_10/prj_loop/vivado/prj_loop.gen/sources_1/ip/ddr4_0/ddr4_0/ddr4_0_in_context.xdc, line 206).
Applied set_property IO_BUFFER_TYPE = NONE for c0_ddr4_dqs_c[6]. (constraint file  d:/FPGA/prj/project_10/prj_loop/vivado/prj_loop.gen/sources_1/ip/ddr4_0/ddr4_0/ddr4_0_in_context.xdc, line 207).
Applied set_property CLOCK_BUFFER_TYPE = NONE for c0_ddr4_dqs_c[6]. (constraint file  d:/FPGA/prj/project_10/prj_loop/vivado/prj_loop.gen/sources_1/ip/ddr4_0/ddr4_0/ddr4_0_in_context.xdc, line 208).
Applied set_property IO_BUFFER_TYPE = NONE for c0_ddr4_dqs_c[7]. (constraint file  d:/FPGA/prj/project_10/prj_loop/vivado/prj_loop.gen/sources_1/ip/ddr4_0/ddr4_0/ddr4_0_in_context.xdc, line 209).
Applied set_property CLOCK_BUFFER_TYPE = NONE for c0_ddr4_dqs_c[7]. (constraint file  d:/FPGA/prj/project_10/prj_loop/vivado/prj_loop.gen/sources_1/ip/ddr4_0/ddr4_0/ddr4_0_in_context.xdc, line 210).
Applied set_property IO_BUFFER_TYPE = NONE for c0_ddr4_dqs_t[0]. (constraint file  d:/FPGA/prj/project_10/prj_loop/vivado/prj_loop.gen/sources_1/ip/ddr4_0/ddr4_0/ddr4_0_in_context.xdc, line 211).
Applied set_property CLOCK_BUFFER_TYPE = NONE for c0_ddr4_dqs_t[0]. (constraint file  d:/FPGA/prj/project_10/prj_loop/vivado/prj_loop.gen/sources_1/ip/ddr4_0/ddr4_0/ddr4_0_in_context.xdc, line 212).
Applied set_property IO_BUFFER_TYPE = NONE for c0_ddr4_dqs_t[1]. (constraint file  d:/FPGA/prj/project_10/prj_loop/vivado/prj_loop.gen/sources_1/ip/ddr4_0/ddr4_0/ddr4_0_in_context.xdc, line 213).
Applied set_property CLOCK_BUFFER_TYPE = NONE for c0_ddr4_dqs_t[1]. (constraint file  d:/FPGA/prj/project_10/prj_loop/vivado/prj_loop.gen/sources_1/ip/ddr4_0/ddr4_0/ddr4_0_in_context.xdc, line 214).
Applied set_property IO_BUFFER_TYPE = NONE for c0_ddr4_dqs_t[2]. (constraint file  d:/FPGA/prj/project_10/prj_loop/vivado/prj_loop.gen/sources_1/ip/ddr4_0/ddr4_0/ddr4_0_in_context.xdc, line 215).
Applied set_property CLOCK_BUFFER_TYPE = NONE for c0_ddr4_dqs_t[2]. (constraint file  d:/FPGA/prj/project_10/prj_loop/vivado/prj_loop.gen/sources_1/ip/ddr4_0/ddr4_0/ddr4_0_in_context.xdc, line 216).
Applied set_property IO_BUFFER_TYPE = NONE for c0_ddr4_dqs_t[3]. (constraint file  d:/FPGA/prj/project_10/prj_loop/vivado/prj_loop.gen/sources_1/ip/ddr4_0/ddr4_0/ddr4_0_in_context.xdc, line 217).
Applied set_property CLOCK_BUFFER_TYPE = NONE for c0_ddr4_dqs_t[3]. (constraint file  d:/FPGA/prj/project_10/prj_loop/vivado/prj_loop.gen/sources_1/ip/ddr4_0/ddr4_0/ddr4_0_in_context.xdc, line 218).
Applied set_property IO_BUFFER_TYPE = NONE for c0_ddr4_dqs_t[4]. (constraint file  d:/FPGA/prj/project_10/prj_loop/vivado/prj_loop.gen/sources_1/ip/ddr4_0/ddr4_0/ddr4_0_in_context.xdc, line 219).
Applied set_property CLOCK_BUFFER_TYPE = NONE for c0_ddr4_dqs_t[4]. (constraint file  d:/FPGA/prj/project_10/prj_loop/vivado/prj_loop.gen/sources_1/ip/ddr4_0/ddr4_0/ddr4_0_in_context.xdc, line 220).
Applied set_property IO_BUFFER_TYPE = NONE for c0_ddr4_dqs_t[5]. (constraint file  d:/FPGA/prj/project_10/prj_loop/vivado/prj_loop.gen/sources_1/ip/ddr4_0/ddr4_0/ddr4_0_in_context.xdc, line 221).
Applied set_property CLOCK_BUFFER_TYPE = NONE for c0_ddr4_dqs_t[5]. (constraint file  d:/FPGA/prj/project_10/prj_loop/vivado/prj_loop.gen/sources_1/ip/ddr4_0/ddr4_0/ddr4_0_in_context.xdc, line 222).
Applied set_property IO_BUFFER_TYPE = NONE for c0_ddr4_dqs_t[6]. (constraint file  d:/FPGA/prj/project_10/prj_loop/vivado/prj_loop.gen/sources_1/ip/ddr4_0/ddr4_0/ddr4_0_in_context.xdc, line 223).
Applied set_property CLOCK_BUFFER_TYPE = NONE for c0_ddr4_dqs_t[6]. (constraint file  d:/FPGA/prj/project_10/prj_loop/vivado/prj_loop.gen/sources_1/ip/ddr4_0/ddr4_0/ddr4_0_in_context.xdc, line 224).
Applied set_property IO_BUFFER_TYPE = NONE for c0_ddr4_dqs_t[7]. (constraint file  d:/FPGA/prj/project_10/prj_loop/vivado/prj_loop.gen/sources_1/ip/ddr4_0/ddr4_0/ddr4_0_in_context.xdc, line 225).
Applied set_property CLOCK_BUFFER_TYPE = NONE for c0_ddr4_dqs_t[7]. (constraint file  d:/FPGA/prj/project_10/prj_loop/vivado/prj_loop.gen/sources_1/ip/ddr4_0/ddr4_0/ddr4_0_in_context.xdc, line 226).
Applied set_property IO_BUFFER_TYPE = NONE for c0_ddr4_odt[0]. (constraint file  d:/FPGA/prj/project_10/prj_loop/vivado/prj_loop.gen/sources_1/ip/ddr4_0/ddr4_0/ddr4_0_in_context.xdc, line 227).
Applied set_property CLOCK_BUFFER_TYPE = NONE for c0_ddr4_odt[0]. (constraint file  d:/FPGA/prj/project_10/prj_loop/vivado/prj_loop.gen/sources_1/ip/ddr4_0/ddr4_0/ddr4_0_in_context.xdc, line 228).
Applied set_property IO_BUFFER_TYPE = NONE for c0_ddr4_reset_n. (constraint file  d:/FPGA/prj/project_10/prj_loop/vivado/prj_loop.gen/sources_1/ip/ddr4_0/ddr4_0/ddr4_0_in_context.xdc, line 229).
Applied set_property CLOCK_BUFFER_TYPE = NONE for c0_ddr4_reset_n. (constraint file  d:/FPGA/prj/project_10/prj_loop/vivado/prj_loop.gen/sources_1/ip/ddr4_0/ddr4_0/ddr4_0_in_context.xdc, line 230).
Applied set_property IO_BUFFER_TYPE = NONE for sfpb_rx_n. (constraint file  d:/FPGA/prj/project_10/prj_loop/vivado/prj_loop.gen/sources_1/ip/aurora_64b66b_1/aurora_64b66b_1/aurora_64b66b_1_in_context.xdc, line 2).
Applied set_property CLOCK_BUFFER_TYPE = NONE for sfpb_rx_n. (constraint file  d:/FPGA/prj/project_10/prj_loop/vivado/prj_loop.gen/sources_1/ip/aurora_64b66b_1/aurora_64b66b_1/aurora_64b66b_1_in_context.xdc, line 3).
Applied set_property IO_BUFFER_TYPE = NONE for sfpb_rx_p. (constraint file  d:/FPGA/prj/project_10/prj_loop/vivado/prj_loop.gen/sources_1/ip/aurora_64b66b_1/aurora_64b66b_1/aurora_64b66b_1_in_context.xdc, line 4).
Applied set_property CLOCK_BUFFER_TYPE = NONE for sfpb_rx_p. (constraint file  d:/FPGA/prj/project_10/prj_loop/vivado/prj_loop.gen/sources_1/ip/aurora_64b66b_1/aurora_64b66b_1/aurora_64b66b_1_in_context.xdc, line 5).
Applied set_property IO_BUFFER_TYPE = NONE for sfpb_tx_n. (constraint file  d:/FPGA/prj/project_10/prj_loop/vivado/prj_loop.gen/sources_1/ip/aurora_64b66b_1/aurora_64b66b_1/aurora_64b66b_1_in_context.xdc, line 6).
Applied set_property CLOCK_BUFFER_TYPE = NONE for sfpb_tx_n. (constraint file  d:/FPGA/prj/project_10/prj_loop/vivado/prj_loop.gen/sources_1/ip/aurora_64b66b_1/aurora_64b66b_1/aurora_64b66b_1_in_context.xdc, line 7).
Applied set_property IO_BUFFER_TYPE = NONE for sfpb_tx_p. (constraint file  d:/FPGA/prj/project_10/prj_loop/vivado/prj_loop.gen/sources_1/ip/aurora_64b66b_1/aurora_64b66b_1/aurora_64b66b_1_in_context.xdc, line 8).
Applied set_property CLOCK_BUFFER_TYPE = NONE for sfpb_tx_p. (constraint file  d:/FPGA/prj/project_10/prj_loop/vivado/prj_loop.gen/sources_1/ip/aurora_64b66b_1/aurora_64b66b_1/aurora_64b66b_1_in_context.xdc, line 9).
Applied set_property IO_BUFFER_TYPE = NONE for sfp_rx_n. (constraint file  d:/FPGA/prj/project_10/prj_loop/vivado/prj_loop.gen/sources_1/ip/aurora_64b66b_0/aurora_64b66b_0/aurora_64b66b_0_in_context.xdc, line 2).
Applied set_property CLOCK_BUFFER_TYPE = NONE for sfp_rx_n. (constraint file  d:/FPGA/prj/project_10/prj_loop/vivado/prj_loop.gen/sources_1/ip/aurora_64b66b_0/aurora_64b66b_0/aurora_64b66b_0_in_context.xdc, line 3).
Applied set_property IO_BUFFER_TYPE = NONE for sfp_rx_p. (constraint file  d:/FPGA/prj/project_10/prj_loop/vivado/prj_loop.gen/sources_1/ip/aurora_64b66b_0/aurora_64b66b_0/aurora_64b66b_0_in_context.xdc, line 4).
Applied set_property CLOCK_BUFFER_TYPE = NONE for sfp_rx_p. (constraint file  d:/FPGA/prj/project_10/prj_loop/vivado/prj_loop.gen/sources_1/ip/aurora_64b66b_0/aurora_64b66b_0/aurora_64b66b_0_in_context.xdc, line 5).
Applied set_property IO_BUFFER_TYPE = NONE for sfp_tx_n. (constraint file  d:/FPGA/prj/project_10/prj_loop/vivado/prj_loop.gen/sources_1/ip/aurora_64b66b_0/aurora_64b66b_0/aurora_64b66b_0_in_context.xdc, line 6).
Applied set_property CLOCK_BUFFER_TYPE = NONE for sfp_tx_n. (constraint file  d:/FPGA/prj/project_10/prj_loop/vivado/prj_loop.gen/sources_1/ip/aurora_64b66b_0/aurora_64b66b_0/aurora_64b66b_0_in_context.xdc, line 7).
Applied set_property IO_BUFFER_TYPE = NONE for sfp_tx_p. (constraint file  d:/FPGA/prj/project_10/prj_loop/vivado/prj_loop.gen/sources_1/ip/aurora_64b66b_0/aurora_64b66b_0/aurora_64b66b_0_in_context.xdc, line 8).
Applied set_property CLOCK_BUFFER_TYPE = NONE for sfp_tx_p. (constraint file  d:/FPGA/prj/project_10/prj_loop/vivado/prj_loop.gen/sources_1/ip/aurora_64b66b_0/aurora_64b66b_0/aurora_64b66b_0_in_context.xdc, line 9).
Applied set_property KEEP_HIERARCHY = SOFT for u_async_fifo_2048x8b. (constraint file  auto generated constraint).
Applied set_property KEEP_HIERARCHY = SOFT for u_ddr4. (constraint file  auto generated constraint).
Applied set_property KEEP_HIERARCHY = SOFT for u_aurora_b/aurora_64b66b_1_i. (constraint file  auto generated constraint).
Applied set_property KEEP_HIERARCHY = SOFT for u_aurora/aurora_64b66b_0_i. (constraint file  auto generated constraint).
---------------------------------------------------------------------------------
Finished applying 'set_property' XDC Constraints : Time (s): cpu = 00:00:17 ; elapsed = 00:00:19 . Memory (MB): peak = 3206.379 ; gain = 918.742
---------------------------------------------------------------------------------
---------------------------------------------------------------------------------
Start Preparing Guide Design
---------------------------------------------------------------------------------
---------------------------------------------------------------------------------
Finished Doing Graph Differ : Time (s): cpu = 00:00:19 ; elapsed = 00:00:21 . Memory (MB): peak = 3206.379 ; gain = 918.742
---------------------------------------------------------------------------------
aurora_mem_bridge__GC0frame_mem_if__parameterized0__GC0axi4_master_bridge__parameterized0__GB1axi4_master_bridge__parameterized0__GB0frame_mem_if__GC0axi4_master_bridge__GB1axi4_master_bridge__GB0---------------------------------------------------------------------------------
Finished Preparing Guide Design : Time (s): cpu = 00:00:20 ; elapsed = 00:00:22 . Memory (MB): peak = 3206.379 ; gain = 918.742
---------------------------------------------------------------------------------
---------------------------------------------------------------------------------
Finished RTL Optimization Phase 2 : Time (s): cpu = 00:00:21 ; elapsed = 00:00:23 . Memory (MB): peak = 3206.379 ; gain = 918.742
---------------------------------------------------------------------------------
---------------------------------------------------------------------------------
Start Mimic Skeleton from Reference
---------------------------------------------------------------------------------
---------------------------------------------------------------------------------
Finished Mimic Skeleton from Reference : Time (s): cpu = 00:00:22 ; elapsed = 00:00:24 . Memory (MB): peak = 3206.379 ; gain = 918.742
---------------------------------------------------------------------------------


Incremental Synthesis Report Summary:

1. Incremental synthesis run: yes

   Stitch points used : changed


2. Change Summary

Report Incremental Modules: 
+-+----------------+------------+----------+----------+
| |Changed Modules |Replication |Instances |Changed % |
+-+----------------+------------+----------+----------+
+-+----------------+------------+----------+----------+


   Full Design Size (number of cells) : 152335
   Resynthesis Design Size (number of cells) : 1
   Resynth % : 0.0007,  Reuse % : 99.9993

3. Reference Checkpoint Information

+---------------------------------------------------------------------------------------------------------------------+
| DCP Location:  | D:/FPGA/prj/project_10/prj_loop/vivado/prj_loop.srcs/utils_1/imports/synth_1/aurora_mem_bridge.dcp |
+---------------------------------------------------------------------------------------------------------------------+


+--------------------------------+------------------------------+
|         DCP Information        |             Value            |
+--------------------------------+------------------------------+
| Vivado Version                 |                    v2023.1 |
| DCP State                      |                              |
+--------------------------------+------------------------------+



Report RTL Partitions: 
+------+------------------------------------------------+------------+----------+
|      |RTL Partition                                   |Replication |Instances |
+------+------------------------------------------------+------------+----------+
|1     |axi4_master_bridge__GB0_#REUSE#                 |           1|         0|
|2     |axi4_master_bridge__GB1_#REUSE#                 |           1|         0|
|3     |frame_mem_if__GC0_#REUSE#                       |           1|         0|
|4     |axi4_master_bridge__parameterized0__GB0_#REUSE# |           1|         0|
|5     |axi4_master_bridge__parameterized0__GB1_#REUSE# |           1|         0|
|6     |frame_mem_if__parameterized0__GC0_#REUSE#       |           1|         0|
|7     |aurora_mem_bridge__GC0_#REUSE#                  |           1|         0|
+------+------------------------------------------------+------------+----------+
---------------------------------------------------------------------------------
Start RTL Component Statistics 
---------------------------------------------------------------------------------
Detailed RTL Component Info : 
---------------------------------------------------------------------------------
Finished RTL Component Statistics 
---------------------------------------------------------------------------------
---------------------------------------------------------------------------------
Start Part Resource Summary
---------------------------------------------------------------------------------
Part Resources:
DSPs: 2760 (col length:120)
BRAMs: 2160 (col length: RAMB18 120 RAMB36 60)
---------------------------------------------------------------------------------
Finished Part Resource Summary
---------------------------------------------------------------------------------
---------------------------------------------------------------------------------
Start Cross Boundary and Area Optimization
---------------------------------------------------------------------------------
WARNING: [Synth 8-7080] Parallel synthesis criteria is not met
WARNING: [Synth 8-7077] IncrSyn: subsequent runs will still be incremental as the reference run was parallel and that data is reused
WARNING: [Synth 8-3917] design aurora_mem_bridge has port sfp_tx_disable driven by constant 0
WARNING: [Synth 8-3917] design aurora_mem_bridge has port sfp_rs0 driven by constant 1
WARNING: [Synth 8-3917] design aurora_mem_bridge has port sfp_rs1 driven by constant 1
WARNING: [Synth 8-3917] design aurora_mem_bridge has port sfpb_tx_disable driven by constant 0
WARNING: [Synth 8-3917] design aurora_mem_bridge has port sfpb_rs0 driven by constant 1
WARNING: [Synth 8-3917] design aurora_mem_bridge has port sfpb_rs1 driven by constant 1
WARNING: [Synth 8-7129] Port m_axi_rresp[1] in module frame_mem_if__parameterized0 is either unconnected or has no load
WARNING: [Synth 8-7129] Port m_axi_rresp[0] in module frame_mem_if__parameterized0 is either unconnected or has no load
WARNING: [Synth 8-7129] Port m_axi_rlast in module frame_mem_if__parameterized0 is either unconnected or has no load
WARNING: [Synth 8-7129] Port m_axi_bid[3] in module frame_mem_if__parameterized0 is either unconnected or has no load
WARNING: [Synth 8-7129] Port m_axi_bid[2] in module frame_mem_if__parameterized0 is either unconnected or has no load
WARNING: [Synth 8-7129] Port m_axi_bid[1] in module frame_mem_if__parameterized0 is either unconnected or has no load
WARNING: [Synth 8-7129] Port m_axi_bid[0] in module frame_mem_if__parameterized0 is either unconnected or has no load
WARNING: [Synth 8-7129] Port m_axi_rid[3] in module frame_mem_if__parameterized0 is either unconnected or has no load
WARNING: [Synth 8-7129] Port m_axi_rid[2] in module frame_mem_if__parameterized0 is either unconnected or has no load
WARNING: [Synth 8-7129] Port m_axi_rid[1] in module frame_mem_if__parameterized0 is either unconnected or has no load
WARNING: [Synth 8-7129] Port m_axi_rid[0] in module frame_mem_if__parameterized0 is either unconnected or has no load
WARNING: [Synth 8-7129] Port m_axi_rresp[1] in module frame_mem_if is either unconnected or has no load
WARNING: [Synth 8-7129] Port m_axi_rresp[0] in module frame_mem_if is either unconnected or has no load
WARNING: [Synth 8-7129] Port m_axi_rlast in module frame_mem_if is either unconnected or has no load
WARNING: [Synth 8-7129] Port m_axi_bid[3] in module frame_mem_if is either unconnected or has no load
WARNING: [Synth 8-7129] Port m_axi_bid[2] in module frame_mem_if is either unconnected or has no load
WARNING: [Synth 8-7129] Port m_axi_bid[1] in module frame_mem_if is either unconnected or has no load
WARNING: [Synth 8-7129] Port m_axi_bid[0] in module frame_mem_if is either unconnected or has no load
WARNING: [Synth 8-7129] Port m_axi_rid[3] in module frame_mem_if is either unconnected or has no load
WARNING: [Synth 8-7129] Port m_axi_rid[2] in module frame_mem_if is either unconnected or has no load
WARNING: [Synth 8-7129] Port m_axi_rid[1] in module frame_mem_if is either unconnected or has no load
WARNING: [Synth 8-7129] Port m_axi_rid[0] in module frame_mem_if is either unconnected or has no load
---------------------------------------------------------------------------------
Finished Cross Boundary and Area Optimization : Time (s): cpu = 00:00:24 ; elapsed = 00:00:26 . Memory (MB): peak = 3206.379 ; gain = 918.742
---------------------------------------------------------------------------------
---------------------------------------------------------------------------------
Start Stitch Unchanged AreaOpt Partitions
---------------------------------------------------------------------------------
---------------------------------------------------------------------------------
Finished Stitch Unchanged AreaOpt Partitions : Time (s): cpu = 00:00:25 ; elapsed = 00:00:27 . Memory (MB): peak = 3206.379 ; gain = 918.742
---------------------------------------------------------------------------------
---------------------------------------------------------------------------------
Start Applying XDC Timing Constraints
---------------------------------------------------------------------------------
---------------------------------------------------------------------------------
Finished Applying XDC Timing Constraints : Time (s): cpu = 00:00:31 ; elapsed = 00:00:34 . Memory (MB): peak = 3206.379 ; gain = 918.742
---------------------------------------------------------------------------------
---------------------------------------------------------------------------------
Start Timing Optimization
---------------------------------------------------------------------------------
---------------------------------------------------------------------------------
Finished Timing Optimization : Time (s): cpu = 00:00:32 ; elapsed = 00:00:35 . Memory (MB): peak = 3206.379 ; gain = 918.742
---------------------------------------------------------------------------------
---------------------------------------------------------------------------------
Start Technology Mapping
---------------------------------------------------------------------------------
WARNING: [Synth 8-7080] Parallel synthesis criteria is not met
WARNING: [Synth 8-7077] IncrSyn: subsequent runs will still be incremental as the reference run was parallel and that data is reused
---------------------------------------------------------------------------------
Finished Technology Mapping : Time (s): cpu = 00:00:32 ; elapsed = 00:00:35 . Memory (MB): peak = 3206.379 ; gain = 918.742
---------------------------------------------------------------------------------
---------------------------------------------------------------------------------
Start Stitch Unchanged Partitions
---------------------------------------------------------------------------------
---------------------------------------------------------------------------------
Finished Stitch Unchanged Partitions : Time (s): cpu = 00:00:32 ; elapsed = 00:00:35 . Memory (MB): peak = 3206.379 ; gain = 918.742
---------------------------------------------------------------------------------
---------------------------------------------------------------------------------
Start IO Insertion
---------------------------------------------------------------------------------
---------------------------------------------------------------------------------
Start Flattening Before IO Insertion
---------------------------------------------------------------------------------
---------------------------------------------------------------------------------
Finished Flattening Before IO Insertion
---------------------------------------------------------------------------------
---------------------------------------------------------------------------------
Start Final Netlist Cleanup
---------------------------------------------------------------------------------
INFO: [Synth 8-7052] The timing for the instance u_mem/u_rd_bytes/ram_reg_bram_0 (implemented as a Block RAM) might be sub-optimal as no optional output register could be merged into the ram block. Providing additional output register may help in improving timing.
INFO: [Synth 8-7052] The timing for the instance u_mem2/u_rd_bytes/ram_reg_bram_0 (implemented as a Block RAM) might be sub-optimal as no optional output register could be merged into the ram block. Providing additional output register may help in improving timing.
INFO: [Synth 8-7052] The timing for the instance u_pump_fwd/ram_reg_bram_0 (implemented as a Block RAM) might be sub-optimal as no optional output register could be merged into the ram block. Providing additional output register may help in improving timing.
INFO: [Synth 8-7052] The timing for the instance u_pump_rev/ram_reg_bram_0 (implemented as a Block RAM) might be sub-optimal as no optional output register could be merged into the ram block. Providing additional output register may help in improving timing.
---------------------------------------------------------------------------------
Finished Final Netlist Cleanup
---------------------------------------------------------------------------------
---------------------------------------------------------------------------------
Finished IO Insertion : Time (s): cpu = 00:00:38 ; elapsed = 00:00:42 . Memory (MB): peak = 3206.379 ; gain = 918.742
---------------------------------------------------------------------------------
---------------------------------------------------------------------------------
Start Renaming Generated Instances
---------------------------------------------------------------------------------
---------------------------------------------------------------------------------
Finished Renaming Generated Instances : Time (s): cpu = 00:00:38 ; elapsed = 00:00:42 . Memory (MB): peak = 3206.379 ; gain = 918.742
---------------------------------------------------------------------------------
---------------------------------------------------------------------------------
Start Rebuilding User Hierarchy
---------------------------------------------------------------------------------
---------------------------------------------------------------------------------
Finished Rebuilding User Hierarchy : Time (s): cpu = 00:00:39 ; elapsed = 00:00:43 . Memory (MB): peak = 3206.379 ; gain = 918.742
---------------------------------------------------------------------------------
---------------------------------------------------------------------------------
Start Renaming Generated Ports
---------------------------------------------------------------------------------
---------------------------------------------------------------------------------
Finished Renaming Generated Ports : Time (s): cpu = 00:00:39 ; elapsed = 00:00:43 . Memory (MB): peak = 3206.379 ; gain = 918.742
---------------------------------------------------------------------------------
---------------------------------------------------------------------------------
Start Handling Custom Attributes
---------------------------------------------------------------------------------
---------------------------------------------------------------------------------
Finished Handling Custom Attributes : Time (s): cpu = 00:00:41 ; elapsed = 00:00:45 . Memory (MB): peak = 3206.379 ; gain = 918.742
---------------------------------------------------------------------------------
---------------------------------------------------------------------------------
Start Renaming Generated Nets
---------------------------------------------------------------------------------
---------------------------------------------------------------------------------
Finished Renaming Generated Nets : Time (s): cpu = 00:00:41 ; elapsed = 00:00:45 . Memory (MB): peak = 3206.379 ; gain = 918.742
---------------------------------------------------------------------------------
---------------------------------------------------------------------------------
Start ROM, RAM, DSP, Shift Register and Retiming Reporting
---------------------------------------------------------------------------------

Static Shift Register Report:
+-------------------------------+--------------------------------------------+--------+-------+--------------+--------------------+-------------------+--------+---------+
|Module Name                    | RTL Name                                   | Length | Width | Reset Signal | Pull out first Reg | Pull out last Reg | SRL16E | SRLC32E | 
+-------------------------------+--------------------------------------------+--------+-------+--------------+--------------------+-------------------+--------+---------+
|aurora_64b66b_0_support_ext    | support_reset_logic_i/dly_gt_rst_r_reg[18] | 19     | 1     | NO           | NO                 | YES               | 0      | 1       | 
|aurora_64b66b_1_support_shared | support_reset_logic_i/dly_gt_rst_r_reg[18] | 19     | 1     | NO           | NO                 | YES               | 0      | 1       | 
|gmii_to_rgmii                  | u_rgmii_rx/lock_sr_reg[3]                  | 4      | 1     | NO           | NO                 | YES               | 1      | 0       | 
|aurora_mem_bridge              | rst_sync_reg[2]                            | 3      | 1     | NO           | NO                 | YES               | 1      | 0       | 
|aurora_mem_bridge              | pma_init_stage_reg[127]                    | 128    | 1     | NO           | NO                 | YES               | 0      | 4       | 
+-------------------------------+--------------------------------------------+--------+-------+--------------+--------------------+-------------------+--------+---------+

---------------------------------------------------------------------------------
Finished ROM, RAM, DSP, Shift Register and Retiming Reporting
---------------------------------------------------------------------------------
---------------------------------------------------------------------------------
Start Writing Synthesis Report
---------------------------------------------------------------------------------

Report BlackBoxes: 
+------+-------------------+----------+
|      |BlackBox name      |Instances |
+------+-------------------+----------+
|1     |aurora_64b66b_0    |         1|
|2     |aurora_64b66b_1    |         1|
|3     |async_fifo_2048x8b |         1|
|4     |ddr4_0             |         1|
+------+-------------------+----------+

Report Cell Usage: 
+------+-------------------+------+
|      |Cell               |Count |
+------+-------------------+------+
|1     |async_fifo_2048x8b |     1|
|2     |aurora_64b66b      |     2|
|4     |ddr4               |     1|
|5     |BUFG               |     3|
|6     |BUFG_GT            |     4|
|7     |BUFIO              |     1|
|8     |CARRY8             |   199|
|9     |GTHE3_COMMON       |     1|
|10    |IBUFDS_GTE3        |     1|
|11    |IDDRE1             |     5|
|12    |IDELAYCTRL         |     1|
|13    |IDELAYE3           |     5|
|14    |LUT1               |   230|
|15    |LUT2               |  1075|
|16    |LUT3               |  2113|
|17    |LUT4               |  1362|
|18    |LUT5               |  1514|
|19    |LUT6               |  9457|
|20    |MMCME3_ADV         |     1|
|21    |MUXF7              |  1354|
|22    |MUXF8              |   177|
|23    |ODDRE1             |     5|
|24    |RAM16X1D           |     2|
|25    |RAM256X1D          |     4|
|26    |RAM32M16           |    19|
|27    |RAM32X1D           |     4|
|28    |RAM64M8            |   144|
|29    |RAM64X1D           |   144|
|30    |RAMB18E2           |     2|
|31    |RAMB36E2           |     4|
|32    |SRL16E             |     2|
|33    |SRLC32E            |     6|
|34    |FDCE               | 19296|
|35    |FDPE               |   301|
|36    |FDRE               |  1077|
|37    |FDSE               |    28|
|38    |IBUF               |     8|
|39    |IBUFDS             |     1|
|40    |OBUF               |    15|
+------+-------------------+------+
---------------------------------------------------------------------------------
Finished Writing Synthesis Report : Time (s): cpu = 00:00:41 ; elapsed = 00:00:45 . Memory (MB): peak = 3206.379 ; gain = 918.742
---------------------------------------------------------------------------------
Synthesis finished with 0 errors, 0 critical warnings and 32 warnings.
Synthesis Optimization Runtime : Time (s): cpu = 00:00:28 ; elapsed = 00:00:41 . Memory (MB): peak = 3206.379 ; gain = 791.797
Synthesis Optimization Complete : Time (s): cpu = 00:00:41 ; elapsed = 00:00:45 . Memory (MB): peak = 3206.379 ; gain = 918.742
INFO: [Project 1-571] Translating synthesized netlist
Netlist sorting complete. Time (s): cpu = 00:00:00 ; elapsed = 00:00:00.217 . Memory (MB): peak = 3206.379 ; gain = 0.000
INFO: [Netlist 29-17] Analyzing 2076 Unisim elements for replacement
INFO: [Netlist 29-28] Unisim Transformation completed in 0 CPU seconds
INFO: [Project 1-570] Preparing netlist for logic optimization
INFO: [Opt 31-138] Pushed 0 inverter(s) to 0 load pin(s).
INFO: [Opt 31-326] The CLKFBOUT to CLKFBIN net for instance u_gmii_to_rgmii/u_rgmii_rx/u_mmcm_200m with COMPENSATION=INTERNAL is optimized away to aid design routability
Netlist sorting complete. Time (s): cpu = 00:00:00 ; elapsed = 00:00:00.007 . Memory (MB): peak = 3210.008 ; gain = 0.000
INFO: [Project 1-111] Unisim Transformation Summary:
  A total of 340 instances were transformed.
  BUFG => BUFGCE: 3 instances
  BUFIO => BUFGCE: 1 instance 
  IBUF => IBUF (IBUFCTRL, INBUF): 8 instances
  IBUFDS => IBUFDS (DIFFINBUF, IBUFCTRL): 1 instance 
  IDDRE1 => ISERDESE3 (inverted pins: CLK_B): 5 instances
  ODDRE1 => OSERDESE3: 5 instances
  RAM16X1D => RAM32X1D (RAMD32(x2)): 2 instances
  RAM256X1D => RAM256X1D (MUXF7(x4), MUXF8(x2), RAMD64E(x8)): 4 instances
  RAM32M16 => RAM32M16 (RAMD32(x14), RAMS32(x2)): 19 instances
  RAM32X1D => RAM32X1D (RAMD32(x2)): 4 instances
  RAM64M8 => RAM64M8 (RAMD64E(x8)): 144 instances
  RAM64X1D => RAM64X1D (RAMD64E(x2)): 144 instances

Synth Design complete | Checksum: 1ecf7e2a
INFO: [Common 17-83] Releasing license: Synthesis
154 Infos, 176 Warnings, 0 Critical Warnings and 0 Errors encountered.
synth_design completed successfully
synth_design: Time (s): cpu = 00:00:48 ; elapsed = 00:00:53 . Memory (MB): peak = 3210.008 ; gain = 1675.363
INFO: [Common 17-1381] The checkpoint 'D:/FPGA/prj/project_10/prj_loop/vivado/prj_loop.runs/synth_1/aurora_mem_bridge.dcp' has been generated.
INFO: [runtcl-4] Executing : report_utilization -file aurora_mem_bridge_utilization_synth.rpt -pb aurora_mem_bridge_utilization_synth.pb
INFO: [Common 17-206] Exiting Vivado at Thu Oct  8 00:00:32 2026...
[Thu Oct  8 00:00:35 2026] synth_1 finished
wait_on_runs: Time (s): cpu = 00:00:00 ; elapsed = 00:01:30 . Memory (MB): peak = 2378.645 ; gain = 0.000
SYNTH_STATUS: synth_design Complete!
Design is defaulting to impl run constrset: constrs_1
Design is defaulting to synth run part: xcku060-ffva1156-2-i
INFO: [Project 1-454] Reading design checkpoint 'd:/FPGA/prj/project_10/prj_loop/vivado/prj_loop.gen/sources_1/ip/async_fifo_2048x8b/async_fifo_2048x8b.dcp' for cell 'u_async_fifo_2048x8b'
INFO: [Project 1-454] Reading design checkpoint 'd:/FPGA/prj/project_10/prj_loop/vivado/prj_loop.gen/sources_1/ip/ddr4_0/ddr4_0.dcp' for cell 'u_ddr4'
INFO: [Project 1-454] Reading design checkpoint 'd:/FPGA/prj/project_10/prj_loop/vivado/prj_loop.gen/sources_1/ip/aurora_64b66b_0/aurora_64b66b_0.dcp' for cell 'u_aurora/aurora_64b66b_0_i'
INFO: [Project 1-454] Reading design checkpoint 'd:/FPGA/prj/project_10/prj_loop/vivado/prj_loop.gen/sources_1/ip/aurora_64b66b_1/aurora_64b66b_1.dcp' for cell 'u_aurora_b/aurora_64b66b_1_i'
Netlist sorting complete. Time (s): cpu = 00:00:01 ; elapsed = 00:00:00.729 . Memory (MB): peak = 2550.957 ; gain = 0.000
INFO: [Netlist 29-17] Analyzing 2898 Unisim elements for replacement
INFO: [Netlist 29-28] Unisim Transformation completed in 0 CPU seconds
INFO: [Project 1-479] Netlist was created with Vivado 2023.1
INFO: [Project 1-570] Preparing netlist for logic optimization
INFO: [Chipscope 16-324] Core: u_ddr4 UUID: be77b94c-6b62-5435-9417-a480a194404e 
Parsing XDC File [d:/FPGA/prj/project_10/prj_loop/vivado/prj_loop.gen/sources_1/ip/async_fifo_2048x8b/async_fifo_2048x8b.xdc] for cell 'u_async_fifo_2048x8b/U0'
Finished Parsing XDC File [d:/FPGA/prj/project_10/prj_loop/vivado/prj_loop.gen/sources_1/ip/async_fifo_2048x8b/async_fifo_2048x8b.xdc] for cell 'u_async_fifo_2048x8b/U0'
Parsing XDC File [d:/FPGA/prj/project_10/prj_loop/vivado/prj_loop.gen/sources_1/ip/ddr4_0/bd_0/ip/ip_0/bd_9054_microblaze_I_0.xdc] for cell 'u_ddr4/inst/u_ddr4_mem_intfc/u_ddr_cal_riu/mcs0/inst/microblaze_I/U0'
Finished Parsing XDC File [d:/FPGA/prj/project_10/prj_loop/vivado/prj_loop.gen/sources_1/ip/ddr4_0/bd_0/ip/ip_0/bd_9054_microblaze_I_0.xdc] for cell 'u_ddr4/inst/u_ddr4_mem_intfc/u_ddr_cal_riu/mcs0/inst/microblaze_I/U0'
Parsing XDC File [d:/FPGA/prj/project_10/prj_loop/vivado/prj_loop.gen/sources_1/ip/ddr4_0/bd_0/ip/ip_1/bd_9054_rst_0_0_board.xdc] for cell 'u_ddr4/inst/u_ddr4_mem_intfc/u_ddr_cal_riu/mcs0/inst/rst_0/U0'
Finished Parsing XDC File [d:/FPGA/prj/project_10/prj_loop/vivado/prj_loop.gen/sources_1/ip/ddr4_0/bd_0/ip/ip_1/bd_9054_rst_0_0_board.xdc] for cell 'u_ddr4/inst/u_ddr4_mem_intfc/u_ddr_cal_riu/mcs0/inst/rst_0/U0'
Parsing XDC File [d:/FPGA/prj/project_10/prj_loop/vivado/prj_loop.gen/sources_1/ip/ddr4_0/bd_0/ip/ip_1/bd_9054_rst_0_0.xdc] for cell 'u_ddr4/inst/u_ddr4_mem_intfc/u_ddr_cal_riu/mcs0/inst/rst_0/U0'
Finished Parsing XDC File [d:/FPGA/prj/project_10/prj_loop/vivado/prj_loop.gen/sources_1/ip/ddr4_0/bd_0/ip/ip_1/bd_9054_rst_0_0.xdc] for cell 'u_ddr4/inst/u_ddr4_mem_intfc/u_ddr_cal_riu/mcs0/inst/rst_0/U0'
Parsing XDC File [d:/FPGA/prj/project_10/prj_loop/vivado/prj_loop.gen/sources_1/ip/ddr4_0/bd_0/ip/ip_2/bd_9054_ilmb_0.xdc] for cell 'u_ddr4/inst/u_ddr4_mem_intfc/u_ddr_cal_riu/mcs0/inst/ilmb/U0'
Finished Parsing XDC File [d:/FPGA/prj/project_10/prj_loop/vivado/prj_loop.gen/sources_1/ip/ddr4_0/bd_0/ip/ip_2/bd_9054_ilmb_0.xdc] for cell 'u_ddr4/inst/u_ddr4_mem_intfc/u_ddr_cal_riu/mcs0/inst/ilmb/U0'
Parsing XDC File [d:/FPGA/prj/project_10/prj_loop/vivado/prj_loop.gen/sources_1/ip/ddr4_0/bd_0/ip/ip_3/bd_9054_dlmb_0.xdc] for cell 'u_ddr4/inst/u_ddr4_mem_intfc/u_ddr_cal_riu/mcs0/inst/dlmb/U0'
Finished Parsing XDC File [d:/FPGA/prj/project_10/prj_loop/vivado/prj_loop.gen/sources_1/ip/ddr4_0/bd_0/ip/ip_3/bd_9054_dlmb_0.xdc] for cell 'u_ddr4/inst/u_ddr4_mem_intfc/u_ddr_cal_riu/mcs0/inst/dlmb/U0'
Parsing XDC File [d:/FPGA/prj/project_10/prj_loop/vivado/prj_loop.gen/sources_1/ip/ddr4_0/bd_0/ip/ip_10/bd_9054_iomodule_0_0_board.xdc] for cell 'u_ddr4/inst/u_ddr4_mem_intfc/u_ddr_cal_riu/mcs0/inst/iomodule_0/U0'
Finished Parsing XDC File [d:/FPGA/prj/project_10/prj_loop/vivado/prj_loop.gen/sources_1/ip/ddr4_0/bd_0/ip/ip_10/bd_9054_iomodule_0_0_board.xdc] for cell 'u_ddr4/inst/u_ddr4_mem_intfc/u_ddr_cal_riu/mcs0/inst/iomodule_0/U0'
Parsing XDC File [d:/FPGA/prj/project_10/prj_loop/vivado/prj_loop.gen/sources_1/ip/ddr4_0/ip_0/ddr4_0_microblaze_mcs_board.xdc] for cell 'u_ddr4/inst/u_ddr4_mem_intfc/u_ddr_cal_riu/mcs0/inst'
Finished Parsing XDC File [d:/FPGA/prj/project_10/prj_loop/vivado/prj_loop.gen/sources_1/ip/ddr4_0/ip_0/ddr4_0_microblaze_mcs_board.xdc] for cell 'u_ddr4/inst/u_ddr4_mem_intfc/u_ddr_cal_riu/mcs0/inst'
Parsing XDC File [d:/FPGA/prj/project_10/prj_loop/vivado/prj_loop.gen/sources_1/ip/ddr4_0/par/ddr4_0.xdc] for cell 'u_ddr4/inst'
Finished Parsing XDC File [d:/FPGA/prj/project_10/prj_loop/vivado/prj_loop.gen/sources_1/ip/ddr4_0/par/ddr4_0.xdc] for cell 'u_ddr4/inst'
Parsing XDC File [d:/FPGA/prj/project_10/prj_loop/vivado/prj_loop.gen/sources_1/ip/aurora_64b66b_1/ip_1/aurora_64b66b_1_fifo_gen_master.xdc] for cell 'u_aurora_b/aurora_64b66b_1_i/inst/aurora_64b66b_1_wrapper_i/cbcc_gtx0_i/master_fifo.data_fifo/U0'
Finished Parsing XDC File [d:/FPGA/prj/project_10/prj_loop/vivado/prj_loop.gen/sources_1/ip/aurora_64b66b_1/ip_1/aurora_64b66b_1_fifo_gen_master.xdc] for cell 'u_aurora_b/aurora_64b66b_1_i/inst/aurora_64b66b_1_wrapper_i/cbcc_gtx0_i/master_fifo.data_fifo/U0'
Parsing XDC File [d:/FPGA/prj/project_10/prj_loop/vivado/prj_loop.gen/sources_1/ip/aurora_64b66b_1/ip_0/synth/aurora_64b66b_1_gt.xdc] for cell 'u_aurora_b/aurora_64b66b_1_i/inst/aurora_64b66b_1_wrapper_i/aurora_64b66b_1_multi_gt_i/aurora_64b66b_1_gt_i/inst'
Finished Parsing XDC File [d:/FPGA/prj/project_10/prj_loop/vivado/prj_loop.gen/sources_1/ip/aurora_64b66b_1/ip_0/synth/aurora_64b66b_1_gt.xdc] for cell 'u_aurora_b/aurora_64b66b_1_i/inst/aurora_64b66b_1_wrapper_i/aurora_64b66b_1_multi_gt_i/aurora_64b66b_1_gt_i/inst'
Parsing XDC File [d:/FPGA/prj/project_10/prj_loop/vivado/prj_loop.gen/sources_1/ip/aurora_64b66b_1/aurora_64b66b_1.xdc] for cell 'u_aurora_b/aurora_64b66b_1_i/inst'
WARNING: [Vivado_Tcl 4-921] Waiver ID 'CDC-10' -to list should not be empty. [d:/FPGA/prj/project_10/prj_loop/vivado/prj_loop.gen/sources_1/ip/aurora_64b66b_1/aurora_64b66b_1.xdc:125]
WARNING: [Vivado_Tcl 4-921] Waiver ID 'CDC-11' -to list should not be empty. [d:/FPGA/prj/project_10/prj_loop/vivado/prj_loop.gen/sources_1/ip/aurora_64b66b_1/aurora_64b66b_1.xdc:126]
Finished Parsing XDC File [d:/FPGA/prj/project_10/prj_loop/vivado/prj_loop.gen/sources_1/ip/aurora_64b66b_1/aurora_64b66b_1.xdc] for cell 'u_aurora_b/aurora_64b66b_1_i/inst'
Parsing XDC File [d:/FPGA/prj/project_10/prj_loop/vivado/prj_loop.gen/sources_1/ip/aurora_64b66b_0/ip_1/aurora_64b66b_0_fifo_gen_master.xdc] for cell 'u_aurora/aurora_64b66b_0_i/inst/aurora_64b66b_0_wrapper_i/cbcc_gtx0_i/master_fifo.data_fifo/U0'
Finished Parsing XDC File [d:/FPGA/prj/project_10/prj_loop/vivado/prj_loop.gen/sources_1/ip/aurora_64b66b_0/ip_1/aurora_64b66b_0_fifo_gen_master.xdc] for cell 'u_aurora/aurora_64b66b_0_i/inst/aurora_64b66b_0_wrapper_i/cbcc_gtx0_i/master_fifo.data_fifo/U0'
Parsing XDC File [d:/FPGA/prj/project_10/prj_loop/vivado/prj_loop.gen/sources_1/ip/aurora_64b66b_0/ip_0/synth/aurora_64b66b_0_gt.xdc] for cell 'u_aurora/aurora_64b66b_0_i/inst/aurora_64b66b_0_wrapper_i/aurora_64b66b_0_multi_gt_i/aurora_64b66b_0_gt_i/inst'
Finished Parsing XDC File [d:/FPGA/prj/project_10/prj_loop/vivado/prj_loop.gen/sources_1/ip/aurora_64b66b_0/ip_0/synth/aurora_64b66b_0_gt.xdc] for cell 'u_aurora/aurora_64b66b_0_i/inst/aurora_64b66b_0_wrapper_i/aurora_64b66b_0_multi_gt_i/aurora_64b66b_0_gt_i/inst'
Parsing XDC File [d:/FPGA/prj/project_10/prj_loop/vivado/prj_loop.gen/sources_1/ip/aurora_64b66b_0/aurora_64b66b_0.xdc] for cell 'u_aurora/aurora_64b66b_0_i/inst'
WARNING: [Vivado_Tcl 4-921] Waiver ID 'CDC-10' -to list should not be empty. [d:/FPGA/prj/project_10/prj_loop/vivado/prj_loop.gen/sources_1/ip/aurora_64b66b_0/aurora_64b66b_0.xdc:125]
WARNING: [Vivado_Tcl 4-921] Waiver ID 'CDC-11' -to list should not be empty. [d:/FPGA/prj/project_10/prj_loop/vivado/prj_loop.gen/sources_1/ip/aurora_64b66b_0/aurora_64b66b_0.xdc:126]
Finished Parsing XDC File [d:/FPGA/prj/project_10/prj_loop/vivado/prj_loop.gen/sources_1/ip/aurora_64b66b_0/aurora_64b66b_0.xdc] for cell 'u_aurora/aurora_64b66b_0_i/inst'
Parsing XDC File [D:/FPGA/prj/project_10/prj_loop/xdc/aurora_mem_bridge.xdc]
INFO: [Timing 38-35] Done setting XDC timing constraints. [D:/FPGA/prj/project_10/prj_loop/xdc/aurora_mem_bridge.xdc:92]
INFO: [Timing 38-2] Deriving generated clocks [D:/FPGA/prj/project_10/prj_loop/xdc/aurora_mem_bridge.xdc:92]
get_clocks: Time (s): cpu = 00:00:06 ; elapsed = 00:00:05 . Memory (MB): peak = 3062.816 ; gain = 336.277
Finished Parsing XDC File [D:/FPGA/prj/project_10/prj_loop/xdc/aurora_mem_bridge.xdc]
Parsing XDC File [d:/FPGA/prj/project_10/prj_loop/vivado/prj_loop.gen/sources_1/ip/async_fifo_2048x8b/async_fifo_2048x8b_clocks.xdc] for cell 'u_async_fifo_2048x8b/U0'
Finished Parsing XDC File [d:/FPGA/prj/project_10/prj_loop/vivado/prj_loop.gen/sources_1/ip/async_fifo_2048x8b/async_fifo_2048x8b_clocks.xdc] for cell 'u_async_fifo_2048x8b/U0'
Parsing XDC File [d:/FPGA/prj/project_10/prj_loop/vivado/prj_loop.gen/sources_1/ip/ddr4_0/ddr4_0_board.xdc] for cell 'u_ddr4/inst'
Finished Parsing XDC File [d:/FPGA/prj/project_10/prj_loop/vivado/prj_loop.gen/sources_1/ip/ddr4_0/ddr4_0_board.xdc] for cell 'u_ddr4/inst'
Parsing XDC File [d:/FPGA/prj/project_10/prj_loop/vivado/prj_loop.gen/sources_1/ip/aurora_64b66b_1/ip_1/aurora_64b66b_1_fifo_gen_master_clocks.xdc] for cell 'u_aurora_b/aurora_64b66b_1_i/inst/aurora_64b66b_1_wrapper_i/cbcc_gtx0_i/master_fifo.data_fifo/U0'
Finished Parsing XDC File [d:/FPGA/prj/project_10/prj_loop/vivado/prj_loop.gen/sources_1/ip/aurora_64b66b_1/ip_1/aurora_64b66b_1_fifo_gen_master_clocks.xdc] for cell 'u_aurora_b/aurora_64b66b_1_i/inst/aurora_64b66b_1_wrapper_i/cbcc_gtx0_i/master_fifo.data_fifo/U0'
Parsing XDC File [d:/FPGA/prj/project_10/prj_loop/vivado/prj_loop.gen/sources_1/ip/aurora_64b66b_1/aurora_64b66b_1_clocks.xdc] for cell 'u_aurora_b/aurora_64b66b_1_i/inst'
Finished Parsing XDC File [d:/FPGA/prj/project_10/prj_loop/vivado/prj_loop.gen/sources_1/ip/aurora_64b66b_1/aurora_64b66b_1_clocks.xdc] for cell 'u_aurora_b/aurora_64b66b_1_i/inst'
Parsing XDC File [d:/FPGA/prj/project_10/prj_loop/vivado/prj_loop.gen/sources_1/ip/aurora_64b66b_0/ip_1/aurora_64b66b_0_fifo_gen_master_clocks.xdc] for cell 'u_aurora/aurora_64b66b_0_i/inst/aurora_64b66b_0_wrapper_i/cbcc_gtx0_i/master_fifo.data_fifo/U0'
Finished Parsing XDC File [d:/FPGA/prj/project_10/prj_loop/vivado/prj_loop.gen/sources_1/ip/aurora_64b66b_0/ip_1/aurora_64b66b_0_fifo_gen_master_clocks.xdc] for cell 'u_aurora/aurora_64b66b_0_i/inst/aurora_64b66b_0_wrapper_i/cbcc_gtx0_i/master_fifo.data_fifo/U0'
Parsing XDC File [d:/FPGA/prj/project_10/prj_loop/vivado/prj_loop.gen/sources_1/ip/aurora_64b66b_0/aurora_64b66b_0_clocks.xdc] for cell 'u_aurora/aurora_64b66b_0_i/inst'
Finished Parsing XDC File [d:/FPGA/prj/project_10/prj_loop/vivado/prj_loop.gen/sources_1/ip/aurora_64b66b_0/aurora_64b66b_0_clocks.xdc] for cell 'u_aurora/aurora_64b66b_0_i/inst'
WARNING: [XPM_CDC_GRAY: TCL-1000] The source and destination clocks are the same. 
     Instance: u_async_fifo_2048x8b/U0/inst_fifo_gen/gconvfifo.rf/grf.rf/gntv_or_sync_fifo.gcx.clkx/rd_pntr_cdc_inst 
  This will add unnecessary latency to the design. Please check the design for the following: 
 1) Manually instantiated XPM_CDC modules: Xilinx recommends that you remove these modules. 
 2) Xilinx IP that contains XPM_CDC modules: Verify the connections to the IP to determine whether you can safely ignore this message.
 [D:/Xilinx/Vivado/2023.1/data/ip/xpm/xpm_cdc/tcl/xpm_cdc_gray.tcl:16]
WARNING: [XPM_CDC_GRAY: TCL-1000] The source and destination clocks are the same. 
     Instance: u_async_fifo_2048x8b/U0/inst_fifo_gen/gconvfifo.rf/grf.rf/gntv_or_sync_fifo.gcx.clkx/wr_pntr_cdc_inst 
  This will add unnecessary latency to the design. Please check the design for the following: 
 1) Manually instantiated XPM_CDC modules: Xilinx recommends that you remove these modules. 
 2) Xilinx IP that contains XPM_CDC modules: Verify the connections to the IP to determine whether you can safely ignore this message.
 [D:/Xilinx/Vivado/2023.1/data/ip/xpm/xpm_cdc/tcl/xpm_cdc_gray.tcl:16]
INFO: [Project 1-1714] 6 XPM XDC files have been applied to the design.
INFO: [Opt 31-138] Pushed 0 inverter(s) to 0 load pin(s).
INFO: [Opt 31-441] Inserted BUFG_GT_SYNC u_aurora/aurora_64b66b_0_i/inst/aurora_64b66b_0_wrapper_i/aurora_64b66b_0_multi_gt_i/aurora_64b66b_0_gt_i/inst/gen_gtwizard_gthe3_top.aurora_64b66b_0_gt_gtwizard_gthe3_inst/gen_gtwizard_gthe3.gen_channel_container[26].gen_enabled_channel.gthe3_channel_wrapper_inst/channel_inst/BUFG_GT_SYNC_1 for BUFG_GT u_aurora/clock_module_i/ultrascale_tx_userclk_1/gen_gtwiz_userclk_tx_main.bufg_gt_usrclk2_inst
INFO: [Opt 31-441] Inserted BUFG_GT_SYNC u_aurora_b/aurora_64b66b_1_i/inst/aurora_64b66b_1_wrapper_i/aurora_64b66b_1_multi_gt_i/aurora_64b66b_1_gt_i/inst/gen_gtwizard_gthe3_top.aurora_64b66b_1_gt_gtwizard_gthe3_inst/gen_gtwizard_gthe3.gen_channel_container[26].gen_enabled_channel.gthe3_channel_wrapper_inst/channel_inst/BUFG_GT_SYNC_1 for BUFG_GT u_aurora_b/clock_module_i/ultrascale_tx_userclk_1/gen_gtwiz_userclk_tx_main.bufg_gt_usrclk2_inst
INFO: [Opt 31-422] The CLOCK_DOMAINS attribute on the BRAM cell u_async_fifo_2048x8b/U0/inst_fifo_gen/gconvfifo.rf/grf.rf/gntv_or_sync_fifo.mem/gbm.gbmg.gbmga.ngecc.bmg/inst_blk_mem_gen/gnbram.gnativebmg.native_blk_mem_gen/valid.cstr/ramloop[0].ram.r/prim_noinit.ram/DEVICE_8SERIES.NO_BMM_INFO.SDP.SIMPLE_PRIM18.ram has been changed from INDEPENDENT to COMMON to match the clocking topology used for the BRAM.
Generating merged BMM file for the design top 'ddr4_0'...
INFO: [Memdata 28-144] Successfully populated the BRAM INIT strings from the following elf files: d:/FPGA/prj/project_10/prj_loop/vivado/prj_loop.gen/sources_1/ip/ddr4_0/sw/calibration_0/Debug/calibration_ddr.elf 
INFO: [Project 1-1687] 8 scoped IP constraints or related sub-commands were skipped due to synthesis logic optimizations usually triggered by constant connectivity or unconnected output pins. To review the skipped constraints and messages, run the command 'set_param netlist.IPMsgFiltering false' before opening the design.
Netlist sorting complete. Time (s): cpu = 00:00:00 ; elapsed = 00:00:00.016 . Memory (MB): peak = 3062.816 ; gain = 0.000
INFO: [Project 1-111] Unisim Transformation Summary:
  A total of 645 instances were transformed.
  DSP48E1 => DSP48E2 (DSP_ALU, DSP_A_B_DATA, DSP_C_DATA, DSP_MULTIPLIER, DSP_M_DATA, DSP_OUTPUT, DSP_PREADD, DSP_PREADD_DATA): 3 instances
  IBUF => IBUF (IBUFCTRL, INBUF): 8 instances
  IBUFDS => IBUFDS (DIFFINBUF, IBUFCTRL): 1 instance 
  IOBUFDS => IOBUFDS (DIFFINBUF, IBUFCTRL, INV, OBUFT(x2)): 8 instances
  IOBUFE3 => IOBUFE3 (IBUFCTRL, INBUF, OBUFT_DCIEN): 72 instances
  LUT6_2 => LUT6_2 (LUT5, LUT6): 31 instances
  OBUFDS => OBUFDS_DUAL_BUF (INV, OBUF(x2)): 1 instance 
  RAM16X1D => RAM32X1D (RAMD32(x2)): 2 instances
  RAM256X1D => RAM256X1D (MUXF7(x4), MUXF8(x2), RAMD64E(x8)): 4 instances
  RAM32M => RAM32M (RAMD32(x6), RAMS32(x2)): 204 instances
  RAM32M16 => RAM32M16 (RAMD32(x14), RAMS32(x2)): 19 instances
  RAM32X1D => RAM32X1D (RAMD32(x2)): 4 instances
  RAM64M8 => RAM64M8 (RAMD64E(x8)): 144 instances
  RAM64X1D => RAM64X1D (RAMD64E(x2)): 144 instances

open_run: Time (s): cpu = 00:00:20 ; elapsed = 00:00:21 . Memory (MB): peak = 3062.816 ; gain = 684.172
ILA0_CLK_NET: user_clk
ILA1_CLK_NET: u_pump_fwd/wr_clk
ILA2_CLK_NET: user_clk_b
ILA3_CLK_NET: ui_clk
INFO: [Timing 38-480] Writing timing data to binary archive.
Writing XDEF routing.
Writing XDEF routing logical nets.
Writing XDEF routing special nets.
Write XDEF Complete: Time (s): cpu = 00:00:01 ; elapsed = 00:00:00.222 . Memory (MB): peak = 3062.816 ; gain = 0.000
INFO: [Common 17-1381] The checkpoint 'D:/FPGA/prj/project_10/prj_loop/scripts/pre_impl_debug.dcp' has been generated.
write_checkpoint: Time (s): cpu = 00:00:09 ; elapsed = 00:00:07 . Memory (MB): peak = 3062.816 ; gain = 0.000
Command: open_checkpoint D:/FPGA/prj/project_10/prj_loop/scripts/pre_impl_debug.dcp

Starting open_checkpoint Task

Time (s): cpu = 00:00:00 ; elapsed = 00:00:00.036 . Memory (MB): peak = 3062.816 ; gain = 0.000
Netlist sorting complete. Time (s): cpu = 00:00:00 ; elapsed = 00:00:00.765 . Memory (MB): peak = 3062.816 ; gain = 0.000
INFO: [Netlist 29-17] Analyzing 2898 Unisim elements for replacement
INFO: [Netlist 29-28] Unisim Transformation completed in 1 CPU seconds
INFO: [Project 1-479] Netlist was created with Vivado 2023.1
INFO: [Project 1-570] Preparing netlist for logic optimization
INFO: [Timing 38-478] Restoring timing data from binary archive.
INFO: [Timing 38-479] Binary timing data restore complete.
INFO: [Project 1-856] Restoring constraints from binary archive.
INFO: [Project 1-853] Binary constraint restore complete.
Reading XDEF placement.
Reading placer database...
Reading XDEF routing.
Read XDEF Files: Time (s): cpu = 00:00:00 ; elapsed = 00:00:00.229 . Memory (MB): peak = 3062.816 ; gain = 0.000
Restored from archive | CPU: 0.000000 secs | Memory: 0.000000 MB |
Finished XDEF File Restore: Time (s): cpu = 00:00:00 ; elapsed = 00:00:00.229 . Memory (MB): peak = 3062.816 ; gain = 0.000
INFO: [IP_Flow 19-234] Refreshing IP repositories
INFO: [IP_Flow 19-1704] No user IP repositories specified
INFO: [IP_Flow 19-2313] Loaded Vivado IP repository 'D:/Xilinx/Vivado/2023.1/data/ip'.
Netlist sorting complete. Time (s): cpu = 00:00:00 ; elapsed = 00:00:00.013 . Memory (MB): peak = 3125.195 ; gain = 0.000
INFO: [Project 1-111] Unisim Transformation Summary:
  A total of 645 instances were transformed.
  DSP48E1 => DSP48E2 (DSP_ALU, DSP_A_B_DATA, DSP_C_DATA, DSP_MULTIPLIER, DSP_M_DATA, DSP_OUTPUT, DSP_PREADD, DSP_PREADD_DATA): 3 instances
  IBUF => IBUF (IBUFCTRL, INBUF): 8 instances
  IBUFDS => IBUFDS (DIFFINBUF, IBUFCTRL): 1 instance 
  IOBUFDS => IOBUFDS (DIFFINBUF, IBUFCTRL, INV, OBUFT(x2)): 8 instances
  IOBUFE3 => IOBUFE3 (IBUFCTRL, INBUF, OBUFT_DCIEN): 72 instances
  LUT6_2 => LUT6_2 (LUT5, LUT6): 31 instances
  OBUFDS => OBUFDS_DUAL_BUF (INV, OBUF(x2)): 1 instance 
  RAM16X1D => RAM32X1D (RAMD32(x2)): 2 instances
  RAM256X1D => RAM256X1D (MUXF7(x4), MUXF8(x2), RAMD64E(x8)): 4 instances
  RAM32M => RAM32M (RAMD32(x6), RAMS32(x2)): 204 instances
  RAM32M16 => RAM32M16 (RAMD32(x14), RAMS32(x2)): 19 instances
  RAM32X1D => RAM32X1D (RAMD32(x2)): 4 instances
  RAM64M8 => RAM64M8 (RAMD64E(x8)): 144 instances
  RAM64X1D => RAM64X1D (RAMD64E(x2)): 144 instances

INFO: [Project 1-604] Checkpoint was created with Vivado v2023.1 (64-bit) build 3865809
open_checkpoint: Time (s): cpu = 00:00:11 ; elapsed = 00:00:12 . Memory (MB): peak = 3129.203 ; gain = 66.387
INFO: [Chipscope 16-329] Generating Script for core instance : dbg_hub 
INFO: [IP_Flow 19-3806] Processing IP xilinx.com:ip:xsdbm:3.0 for cell dbg_hub_CV.
INFO: [Chipscope 16-329] Generating Script for core instance : u_ila_0 
INFO: [IP_Flow 19-3806] Processing IP xilinx.com:ip:ila:6.2 for cell u_ila_0_CV.
INFO: [Chipscope 16-329] Generating Script for core instance : u_ila_1 
INFO: [IP_Flow 19-3806] Processing IP xilinx.com:ip:ila:6.2 for cell u_ila_1_CV.
INFO: [Chipscope 16-329] Generating Script for core instance : u_ila_2 
INFO: [IP_Flow 19-3806] Processing IP xilinx.com:ip:ila:6.2 for cell u_ila_2_CV.
INFO: [Chipscope 16-329] Generating Script for core instance : u_ila_3 
INFO: [IP_Flow 19-3806] Processing IP xilinx.com:ip:ila:6.2 for cell u_ila_3_CV.
INFO: [Chipscope 16-78] labtools_xsdbm_v3 netlist file is 'd:/FPGA/prj/project_10/prj_loop/.Xil/Vivado-3496-Xuegulin/dbg_hub_CV.0/out/dcp/dbg_hub_0.edf'.
INFO: [Chipscope 16-78] labtools_ila_v6 netlist file is 'd:/FPGA/prj/project_10/prj_loop/.Xil/Vivado-3496-Xuegulin/u_ila_0_CV.0/out/dcp/u_ila_0_1.edf'.
INFO: [Chipscope 16-78] labtools_ila_v6 netlist file is 'd:/FPGA/prj/project_10/prj_loop/.Xil/Vivado-3496-Xuegulin/u_ila_1_CV.0/out/dcp/u_ila_1_2.edf'.
INFO: [Chipscope 16-78] labtools_ila_v6 netlist file is 'd:/FPGA/prj/project_10/prj_loop/.Xil/Vivado-3496-Xuegulin/u_ila_2_CV.0/out/dcp/u_ila_2_3.edf'.
INFO: [Chipscope 16-78] labtools_ila_v6 netlist file is 'd:/FPGA/prj/project_10/prj_loop/.Xil/Vivado-3496-Xuegulin/u_ila_3_CV.0/out/dcp/u_ila_3_4.edf'.
implement_debug_core: Time (s): cpu = 00:00:15 ; elapsed = 00:02:41 . Memory (MB): peak = 3495.809 ; gain = 366.605
Command: opt_design
Attempting to get a license for feature 'Implementation' and/or device 'xcku060'
INFO: [Common 17-349] Got license for feature 'Implementation' and/or device 'xcku060'
Running DRC as a precondition to command opt_design

Starting DRC Task
INFO: [DRC 23-27] Running DRC with 2 threads
INFO: [Project 1-461] DRC finished with 0 Errors
INFO: [Project 1-462] Please refer to the DRC report (report_drc) for more information.

Time (s): cpu = 00:00:02 ; elapsed = 00:00:01 . Memory (MB): peak = 3495.809 ; gain = 0.000

Starting Cache Timing Information Task
Ending Cache Timing Information Task | Checksum: 169e87bdf

Time (s): cpu = 00:00:00 ; elapsed = 00:00:00.024 . Memory (MB): peak = 3495.809 ; gain = 0.000

Starting Logic Optimization Task

Phase 1 Generate And Synthesize MIG Cores
ERROR: [IP_Flow 19-3805] Failed to generate and synthesize debug IP xilinx.com:ip:ddr4_phy:2.2. 
 ERROR: [Common 17-69] Command failed: Vivado Synthesis failed
ERROR: [Mig 66-119] Phy core regeneration & stitching failed. Please check vivado.log and debug_core_synth.log files in the directory: C:/Users/15266/AppData/Local/Temp/3496 to debug the problem.
Phase 1 Generate And Synthesize MIG Cores | Checksum: 169e87bdf

Time (s): cpu = 00:00:06 ; elapsed = 00:00:32 . Memory (MB): peak = 3851.578 ; gain = 22.477
INFO: [Common 17-83] Releasing license: Implementation
79 Infos, 22 Warnings, 0 Critical Warnings and 3 Errors encountered.
opt_design failed
ERROR: [Opt 31-306] MIG/Advanced IO Wizard Cores generation Failed.
INFO: [Common 17-206] Exiting Vivado at Thu Oct  8 00:04:33 2026...
