#-----------------------------------------------------------
# Vivado v2023.1 (64-bit)
# SW Build 3865809 on Sun May  7 15:05:29 MDT 2023
# IP Build 3864474 on Sun May  7 20:36:21 MDT 2023
# SharedData Build 3865790 on Sun May 07 13:33:03 MDT 2023
# Start of session at: Wed Oct  7 20:45:42 2026
# Process ID: 19240
# Current directory: D:/FPGA/prj/project_10/prj_loop
# Command line: vivado.exe -mode batch -source scripts\build_w5_impl.tcl -notrace -log build_w5_impl.log -journal build_w5_impl.jou
# Log file: D:/FPGA/prj/project_10/prj_loop/build_w5_impl.log
# Journal file: D:/FPGA/prj/project_10/prj_loop\build_w5_impl.jou
# Running On: Xuegulin, OS: Windows, CPU Frequency: 2419 MHz, CPU Physical cores: 16, Host memory: 16890 MB
#-----------------------------------------------------------
source {scripts\build_w5_impl.tcl} -notrace
Scanning sources...
Finished scanning sources
INFO: [IP_Flow 19-234] Refreshing IP repositories
INFO: [IP_Flow 19-1704] No user IP repositories specified
INFO: [IP_Flow 19-2313] Loaded Vivado IP repository 'D:/Xilinx/Vivado/2023.1/data/ip'.
WARNING: [filemgmt 56-443] The ECC Algorithm string is empty. Setting the Memory Map to default ECC value to ECC_NONE.
WARNING: [filemgmt 56-443] The ECC Algorithm string is empty. Setting the Memory Map to default ECC value to ECC_NONE.
open_project: Time (s): cpu = 00:00:08 ; elapsed = 00:00:08 . Memory (MB): peak = 1543.645 ; gain = 235.051
SYNTH_REUSE: synth_1 progress = 100%
Design is defaulting to impl run constrset: constrs_1
Design is defaulting to synth run part: xcku060-ffva1156-2-i
INFO: [Device 21-403] Loading part xcku060-ffva1156-2-i
INFO: [Project 1-454] Reading design checkpoint 'd:/FPGA/prj/project_10/prj_loop/vivado/prj_loop.gen/sources_1/ip/async_fifo_2048x8b/async_fifo_2048x8b.dcp' for cell 'u_async_fifo_2048x8b'
INFO: [Project 1-454] Reading design checkpoint 'd:/FPGA/prj/project_10/prj_loop/vivado/prj_loop.gen/sources_1/ip/ddr4_0/ddr4_0.dcp' for cell 'u_ddr4'
INFO: [Project 1-454] Reading design checkpoint 'd:/FPGA/prj/project_10/prj_loop/vivado/prj_loop.gen/sources_1/ip/aurora_64b66b_0/aurora_64b66b_0.dcp' for cell 'u_aurora/aurora_64b66b_0_i'
INFO: [Project 1-454] Reading design checkpoint 'd:/FPGA/prj/project_10/prj_loop/vivado/prj_loop.gen/sources_1/ip/aurora_64b66b_1/aurora_64b66b_1.dcp' for cell 'u_aurora_b/aurora_64b66b_1_i'
Netlist sorting complete. Time (s): cpu = 00:00:00 ; elapsed = 00:00:00.870 . Memory (MB): peak = 2474.141 ; gain = 0.000
INFO: [Netlist 29-17] Analyzing 3670 Unisim elements for replacement
INFO: [Netlist 29-28] Unisim Transformation completed in 1 CPU seconds
INFO: [Project 1-479] Netlist was created with Vivado 2023.1
INFO: [Project 1-570] Preparing netlist for logic optimization
INFO: [Chipscope 16-324] Core: u_ddr4 UUID: be77b94c-6b62-5435-9417-a480a194404e 
Parsing XDC File [d:/FPGA/prj/project_10/prj_loop/vivado/prj_loop.gen/sources_1/ip/async_fifo_2048x8b/async_fifo_2048x8b.xdc] for cell 'u_async_fifo_2048x8b/U0'
Finished Parsing XDC File [d:/FPGA/prj/project_10/prj_loop/vivado/prj_loop.gen/sources_1/ip/async_fifo_2048x8b/async_fifo_2048x8b.xdc] for cell 'u_async_fifo_2048x8b/U0'
Parsing XDC File [d:/FPGA/prj/project_10/prj_loop/vivado/prj_loop.gen/sources_1/ip/ddr4_0/bd_0/ip/ip_0/bd_9054_microblaze_I_0.xdc] for cell 'u_ddr4/inst/u_ddr4_mem_intfc/u_ddr_cal_riu/mcs0/inst/microblaze_I/U0'
Finished Parsing XDC File [d:/FPGA/prj/project_10/prj_loop/vivado/prj_loop.gen/sources_1/ip/ddr4_0/bd_0/ip/ip_0/bd_9054_microblaze_I_0.xdc] for cell 'u_ddr4/inst/u_ddr4_mem_intfc/u_ddr_cal_riu/mcs0/inst/microblaze_I/U0'
Parsing XDC File [d:/FPGA/prj/project_10/prj_loop/vivado/prj_loop.gen/sources_1/ip/ddr4_0/bd_0/ip/ip_1/bd_9054_rst_0_0_board.xdc] for cell 'u_ddr4/inst/u_ddr4_mem_intfc/u_ddr_cal_riu/mcs0/inst/rst_0/U0'
Finished Parsing XDC File [d:/FPGA/prj/project_10/prj_loop/vivado/prj_loop.gen/sources_1/ip/ddr4_0/bd_0/ip/ip_1/bd_9054_rst_0_0_board.xdc] for cell 'u_ddr4/inst/u_ddr4_mem_intfc/u_ddr_cal_riu/mcs0/inst/rst_0/U0'
Parsing XDC File [d:/FPGA/prj/project_10/prj_loop/vivado/prj_loop.gen/sources_1/ip/ddr4_0/bd_0/ip/ip_1/bd_9054_rst_0_0.xdc] for cell 'u_ddr4/inst/u_ddr4_mem_intfc/u_ddr_cal_riu/mcs0/inst/rst_0/U0'
Finished Parsing XDC File [d:/FPGA/prj/project_10/prj_loop/vivado/prj_loop.gen/sources_1/ip/ddr4_0/bd_0/ip/ip_1/bd_9054_rst_0_0.xdc] for cell 'u_ddr4/inst/u_ddr4_mem_intfc/u_ddr_cal_riu/mcs0/inst/rst_0/U0'
Parsing XDC File [d:/FPGA/prj/project_10/prj_loop/vivado/prj_loop.gen/sources_1/ip/ddr4_0/bd_0/ip/ip_2/bd_9054_ilmb_0.xdc] for cell 'u_ddr4/inst/u_ddr4_mem_intfc/u_ddr_cal_riu/mcs0/inst/ilmb/U0'
Finished Parsing XDC File [d:/FPGA/prj/project_10/prj_loop/vivado/prj_loop.gen/sources_1/ip/ddr4_0/bd_0/ip/ip_2/bd_9054_ilmb_0.xdc] for cell 'u_ddr4/inst/u_ddr4_mem_intfc/u_ddr_cal_riu/mcs0/inst/ilmb/U0'
Parsing XDC File [d:/FPGA/prj/project_10/prj_loop/vivado/prj_loop.gen/sources_1/ip/ddr4_0/bd_0/ip/ip_3/bd_9054_dlmb_0.xdc] for cell 'u_ddr4/inst/u_ddr4_mem_intfc/u_ddr_cal_riu/mcs0/inst/dlmb/U0'
Finished Parsing XDC File [d:/FPGA/prj/project_10/prj_loop/vivado/prj_loop.gen/sources_1/ip/ddr4_0/bd_0/ip/ip_3/bd_9054_dlmb_0.xdc] for cell 'u_ddr4/inst/u_ddr4_mem_intfc/u_ddr_cal_riu/mcs0/inst/dlmb/U0'
Parsing XDC File [d:/FPGA/prj/project_10/prj_loop/vivado/prj_loop.gen/sources_1/ip/ddr4_0/bd_0/ip/ip_10/bd_9054_iomodule_0_0_board.xdc] for cell 'u_ddr4/inst/u_ddr4_mem_intfc/u_ddr_cal_riu/mcs0/inst/iomodule_0/U0'
Finished Parsing XDC File [d:/FPGA/prj/project_10/prj_loop/vivado/prj_loop.gen/sources_1/ip/ddr4_0/bd_0/ip/ip_10/bd_9054_iomodule_0_0_board.xdc] for cell 'u_ddr4/inst/u_ddr4_mem_intfc/u_ddr_cal_riu/mcs0/inst/iomodule_0/U0'
Parsing XDC File [d:/FPGA/prj/project_10/prj_loop/vivado/prj_loop.gen/sources_1/ip/ddr4_0/ip_0/ddr4_0_microblaze_mcs_board.xdc] for cell 'u_ddr4/inst/u_ddr4_mem_intfc/u_ddr_cal_riu/mcs0/inst'
Finished Parsing XDC File [d:/FPGA/prj/project_10/prj_loop/vivado/prj_loop.gen/sources_1/ip/ddr4_0/ip_0/ddr4_0_microblaze_mcs_board.xdc] for cell 'u_ddr4/inst/u_ddr4_mem_intfc/u_ddr_cal_riu/mcs0/inst'
Parsing XDC File [d:/FPGA/prj/project_10/prj_loop/vivado/prj_loop.gen/sources_1/ip/ddr4_0/par/ddr4_0.xdc] for cell 'u_ddr4/inst'
Finished Parsing XDC File [d:/FPGA/prj/project_10/prj_loop/vivado/prj_loop.gen/sources_1/ip/ddr4_0/par/ddr4_0.xdc] for cell 'u_ddr4/inst'
Parsing XDC File [d:/FPGA/prj/project_10/prj_loop/vivado/prj_loop.gen/sources_1/ip/aurora_64b66b_1/ip_1/aurora_64b66b_1_fifo_gen_master.xdc] for cell 'u_aurora_b/aurora_64b66b_1_i/inst/aurora_64b66b_1_wrapper_i/cbcc_gtx0_i/master_fifo.data_fifo/U0'
Finished Parsing XDC File [d:/FPGA/prj/project_10/prj_loop/vivado/prj_loop.gen/sources_1/ip/aurora_64b66b_1/ip_1/aurora_64b66b_1_fifo_gen_master.xdc] for cell 'u_aurora_b/aurora_64b66b_1_i/inst/aurora_64b66b_1_wrapper_i/cbcc_gtx0_i/master_fifo.data_fifo/U0'
Parsing XDC File [d:/FPGA/prj/project_10/prj_loop/vivado/prj_loop.gen/sources_1/ip/aurora_64b66b_1/ip_0/synth/aurora_64b66b_1_gt.xdc] for cell 'u_aurora_b/aurora_64b66b_1_i/inst/aurora_64b66b_1_wrapper_i/aurora_64b66b_1_multi_gt_i/aurora_64b66b_1_gt_i/inst'
Finished Parsing XDC File [d:/FPGA/prj/project_10/prj_loop/vivado/prj_loop.gen/sources_1/ip/aurora_64b66b_1/ip_0/synth/aurora_64b66b_1_gt.xdc] for cell 'u_aurora_b/aurora_64b66b_1_i/inst/aurora_64b66b_1_wrapper_i/aurora_64b66b_1_multi_gt_i/aurora_64b66b_1_gt_i/inst'
Parsing XDC File [d:/FPGA/prj/project_10/prj_loop/vivado/prj_loop.gen/sources_1/ip/aurora_64b66b_1/aurora_64b66b_1.xdc] for cell 'u_aurora_b/aurora_64b66b_1_i/inst'
WARNING: [Vivado_Tcl 4-921] Waiver ID 'CDC-10' -to list should not be empty. [d:/FPGA/prj/project_10/prj_loop/vivado/prj_loop.gen/sources_1/ip/aurora_64b66b_1/aurora_64b66b_1.xdc:125]
WARNING: [Vivado_Tcl 4-921] Waiver ID 'CDC-11' -to list should not be empty. [d:/FPGA/prj/project_10/prj_loop/vivado/prj_loop.gen/sources_1/ip/aurora_64b66b_1/aurora_64b66b_1.xdc:126]
Finished Parsing XDC File [d:/FPGA/prj/project_10/prj_loop/vivado/prj_loop.gen/sources_1/ip/aurora_64b66b_1/aurora_64b66b_1.xdc] for cell 'u_aurora_b/aurora_64b66b_1_i/inst'
Parsing XDC File [d:/FPGA/prj/project_10/prj_loop/vivado/prj_loop.gen/sources_1/ip/aurora_64b66b_0/ip_1/aurora_64b66b_0_fifo_gen_master.xdc] for cell 'u_aurora/aurora_64b66b_0_i/inst/aurora_64b66b_0_wrapper_i/cbcc_gtx0_i/master_fifo.data_fifo/U0'
Finished Parsing XDC File [d:/FPGA/prj/project_10/prj_loop/vivado/prj_loop.gen/sources_1/ip/aurora_64b66b_0/ip_1/aurora_64b66b_0_fifo_gen_master.xdc] for cell 'u_aurora/aurora_64b66b_0_i/inst/aurora_64b66b_0_wrapper_i/cbcc_gtx0_i/master_fifo.data_fifo/U0'
Parsing XDC File [d:/FPGA/prj/project_10/prj_loop/vivado/prj_loop.gen/sources_1/ip/aurora_64b66b_0/ip_0/synth/aurora_64b66b_0_gt.xdc] for cell 'u_aurora/aurora_64b66b_0_i/inst/aurora_64b66b_0_wrapper_i/aurora_64b66b_0_multi_gt_i/aurora_64b66b_0_gt_i/inst'
Finished Parsing XDC File [d:/FPGA/prj/project_10/prj_loop/vivado/prj_loop.gen/sources_1/ip/aurora_64b66b_0/ip_0/synth/aurora_64b66b_0_gt.xdc] for cell 'u_aurora/aurora_64b66b_0_i/inst/aurora_64b66b_0_wrapper_i/aurora_64b66b_0_multi_gt_i/aurora_64b66b_0_gt_i/inst'
Parsing XDC File [d:/FPGA/prj/project_10/prj_loop/vivado/prj_loop.gen/sources_1/ip/aurora_64b66b_0/aurora_64b66b_0.xdc] for cell 'u_aurora/aurora_64b66b_0_i/inst'
WARNING: [Vivado_Tcl 4-921] Waiver ID 'CDC-10' -to list should not be empty. [d:/FPGA/prj/project_10/prj_loop/vivado/prj_loop.gen/sources_1/ip/aurora_64b66b_0/aurora_64b66b_0.xdc:125]
WARNING: [Vivado_Tcl 4-921] Waiver ID 'CDC-11' -to list should not be empty. [d:/FPGA/prj/project_10/prj_loop/vivado/prj_loop.gen/sources_1/ip/aurora_64b66b_0/aurora_64b66b_0.xdc:126]
Finished Parsing XDC File [d:/FPGA/prj/project_10/prj_loop/vivado/prj_loop.gen/sources_1/ip/aurora_64b66b_0/aurora_64b66b_0.xdc] for cell 'u_aurora/aurora_64b66b_0_i/inst'
Parsing XDC File [D:/FPGA/prj/project_10/prj_loop/xdc/aurora_mem_bridge.xdc]
INFO: [Timing 38-35] Done setting XDC timing constraints. [D:/FPGA/prj/project_10/prj_loop/xdc/aurora_mem_bridge.xdc:92]
INFO: [Timing 38-2] Deriving generated clocks [D:/FPGA/prj/project_10/prj_loop/xdc/aurora_mem_bridge.xdc:92]
Finished Parsing XDC File [D:/FPGA/prj/project_10/prj_loop/xdc/aurora_mem_bridge.xdc]
Parsing XDC File [d:/FPGA/prj/project_10/prj_loop/vivado/prj_loop.gen/sources_1/ip/async_fifo_2048x8b/async_fifo_2048x8b_clocks.xdc] for cell 'u_async_fifo_2048x8b/U0'
Finished Parsing XDC File [d:/FPGA/prj/project_10/prj_loop/vivado/prj_loop.gen/sources_1/ip/async_fifo_2048x8b/async_fifo_2048x8b_clocks.xdc] for cell 'u_async_fifo_2048x8b/U0'
Parsing XDC File [d:/FPGA/prj/project_10/prj_loop/vivado/prj_loop.gen/sources_1/ip/ddr4_0/ddr4_0_board.xdc] for cell 'u_ddr4/inst'
Finished Parsing XDC File [d:/FPGA/prj/project_10/prj_loop/vivado/prj_loop.gen/sources_1/ip/ddr4_0/ddr4_0_board.xdc] for cell 'u_ddr4/inst'
Parsing XDC File [d:/FPGA/prj/project_10/prj_loop/vivado/prj_loop.gen/sources_1/ip/aurora_64b66b_1/ip_1/aurora_64b66b_1_fifo_gen_master_clocks.xdc] for cell 'u_aurora_b/aurora_64b66b_1_i/inst/aurora_64b66b_1_wrapper_i/cbcc_gtx0_i/master_fifo.data_fifo/U0'
Finished Parsing XDC File [d:/FPGA/prj/project_10/prj_loop/vivado/prj_loop.gen/sources_1/ip/aurora_64b66b_1/ip_1/aurora_64b66b_1_fifo_gen_master_clocks.xdc] for cell 'u_aurora_b/aurora_64b66b_1_i/inst/aurora_64b66b_1_wrapper_i/cbcc_gtx0_i/master_fifo.data_fifo/U0'
Parsing XDC File [d:/FPGA/prj/project_10/prj_loop/vivado/prj_loop.gen/sources_1/ip/aurora_64b66b_1/aurora_64b66b_1_clocks.xdc] for cell 'u_aurora_b/aurora_64b66b_1_i/inst'
Finished Parsing XDC File [d:/FPGA/prj/project_10/prj_loop/vivado/prj_loop.gen/sources_1/ip/aurora_64b66b_1/aurora_64b66b_1_clocks.xdc] for cell 'u_aurora_b/aurora_64b66b_1_i/inst'
Parsing XDC File [d:/FPGA/prj/project_10/prj_loop/vivado/prj_loop.gen/sources_1/ip/aurora_64b66b_0/ip_1/aurora_64b66b_0_fifo_gen_master_clocks.xdc] for cell 'u_aurora/aurora_64b66b_0_i/inst/aurora_64b66b_0_wrapper_i/cbcc_gtx0_i/master_fifo.data_fifo/U0'
Finished Parsing XDC File [d:/FPGA/prj/project_10/prj_loop/vivado/prj_loop.gen/sources_1/ip/aurora_64b66b_0/ip_1/aurora_64b66b_0_fifo_gen_master_clocks.xdc] for cell 'u_aurora/aurora_64b66b_0_i/inst/aurora_64b66b_0_wrapper_i/cbcc_gtx0_i/master_fifo.data_fifo/U0'
Parsing XDC File [d:/FPGA/prj/project_10/prj_loop/vivado/prj_loop.gen/sources_1/ip/aurora_64b66b_0/aurora_64b66b_0_clocks.xdc] for cell 'u_aurora/aurora_64b66b_0_i/inst'
Finished Parsing XDC File [d:/FPGA/prj/project_10/prj_loop/vivado/prj_loop.gen/sources_1/ip/aurora_64b66b_0/aurora_64b66b_0_clocks.xdc] for cell 'u_aurora/aurora_64b66b_0_i/inst'
WARNING: [XPM_CDC_GRAY: TCL-1000] The source and destination clocks are the same. 
     Instance: u_async_fifo_2048x8b/U0/inst_fifo_gen/gconvfifo.rf/grf.rf/gntv_or_sync_fifo.gcx.clkx/rd_pntr_cdc_inst 
  This will add unnecessary latency to the design. Please check the design for the following: 
 1) Manually instantiated XPM_CDC modules: Xilinx recommends that you remove these modules. 
 2) Xilinx IP that contains XPM_CDC modules: Verify the connections to the IP to determine whether you can safely ignore this message.
 [D:/Xilinx/Vivado/2023.1/data/ip/xpm/xpm_cdc/tcl/xpm_cdc_gray.tcl:16]
WARNING: [XPM_CDC_GRAY: TCL-1000] The source and destination clocks are the same. 
     Instance: u_async_fifo_2048x8b/U0/inst_fifo_gen/gconvfifo.rf/grf.rf/gntv_or_sync_fifo.gcx.clkx/wr_pntr_cdc_inst 
  This will add unnecessary latency to the design. Please check the design for the following: 
 1) Manually instantiated XPM_CDC modules: Xilinx recommends that you remove these modules. 
 2) Xilinx IP that contains XPM_CDC modules: Verify the connections to the IP to determine whether you can safely ignore this message.
 [D:/Xilinx/Vivado/2023.1/data/ip/xpm/xpm_cdc/tcl/xpm_cdc_gray.tcl:16]
INFO: [Project 1-1714] 6 XPM XDC files have been applied to the design.
INFO: [Opt 31-138] Pushed 0 inverter(s) to 0 load pin(s).
INFO: [Opt 31-441] Inserted BUFG_GT_SYNC u_aurora/aurora_64b66b_0_i/inst/aurora_64b66b_0_wrapper_i/aurora_64b66b_0_multi_gt_i/aurora_64b66b_0_gt_i/inst/gen_gtwizard_gthe3_top.aurora_64b66b_0_gt_gtwizard_gthe3_inst/gen_gtwizard_gthe3.gen_channel_container[26].gen_enabled_channel.gthe3_channel_wrapper_inst/channel_inst/BUFG_GT_SYNC_1 for BUFG_GT u_aurora/clock_module_i/ultrascale_tx_userclk_1/gen_gtwiz_userclk_tx_main.bufg_gt_usrclk2_inst
INFO: [Opt 31-441] Inserted BUFG_GT_SYNC u_aurora_b/aurora_64b66b_1_i/inst/aurora_64b66b_1_wrapper_i/aurora_64b66b_1_multi_gt_i/aurora_64b66b_1_gt_i/inst/gen_gtwizard_gthe3_top.aurora_64b66b_1_gt_gtwizard_gthe3_inst/gen_gtwizard_gthe3.gen_channel_container[26].gen_enabled_channel.gthe3_channel_wrapper_inst/channel_inst/BUFG_GT_SYNC_1 for BUFG_GT u_aurora_b/clock_module_i/ultrascale_tx_userclk_1/gen_gtwiz_userclk_tx_main.bufg_gt_usrclk2_inst
INFO: [Opt 31-422] The CLOCK_DOMAINS attribute on the BRAM cell u_async_fifo_2048x8b/U0/inst_fifo_gen/gconvfifo.rf/grf.rf/gntv_or_sync_fifo.mem/gbm.gbmg.gbmga.ngecc.bmg/inst_blk_mem_gen/gnbram.gnativebmg.native_blk_mem_gen/valid.cstr/ramloop[0].ram.r/prim_noinit.ram/DEVICE_8SERIES.NO_BMM_INFO.SDP.SIMPLE_PRIM18.ram has been changed from INDEPENDENT to COMMON to match the clocking topology used for the BRAM.
Generating merged BMM file for the design top 'ddr4_0'...
INFO: [Memdata 28-144] Successfully populated the BRAM INIT strings from the following elf files: d:/FPGA/prj/project_10/prj_loop/vivado/prj_loop.gen/sources_1/ip/ddr4_0/sw/calibration_0/Debug/calibration_ddr.elf 
INFO: [Project 1-1687] 8 scoped IP constraints or related sub-commands were skipped due to synthesis logic optimizations usually triggered by constant connectivity or unconnected output pins. To review the skipped constraints and messages, run the command 'set_param netlist.IPMsgFiltering false' before opening the design.
Netlist sorting complete. Time (s): cpu = 00:00:00 ; elapsed = 00:00:00.024 . Memory (MB): peak = 2989.594 ; gain = 0.000
INFO: [Project 1-111] Unisim Transformation Summary:
  A total of 645 instances were transformed.
  DSP48E1 => DSP48E2 (DSP_ALU, DSP_A_B_DATA, DSP_C_DATA, DSP_MULTIPLIER, DSP_M_DATA, DSP_OUTPUT, DSP_PREADD, DSP_PREADD_DATA): 3 instances
  IBUF => IBUF (IBUFCTRL, INBUF): 8 instances
  IBUFDS => IBUFDS (DIFFINBUF, IBUFCTRL): 1 instance 
  IOBUFDS => IOBUFDS (DIFFINBUF, IBUFCTRL, INV, OBUFT(x2)): 8 instances
  IOBUFE3 => IOBUFE3 (IBUFCTRL, INBUF, OBUFT_DCIEN): 72 instances
  LUT6_2 => LUT6_2 (LUT5, LUT6): 31 instances
  OBUFDS => OBUFDS_DUAL_BUF (INV, OBUF(x2)): 1 instance 
  RAM16X1D => RAM32X1D (RAMD32(x2)): 2 instances
  RAM256X1D => RAM256X1D (MUXF7(x4), MUXF8(x2), RAMD64E(x8)): 4 instances
  RAM32M => RAM32M (RAMD32(x6), RAMS32(x2)): 204 instances
  RAM32M16 => RAM32M16 (RAMD32(x14), RAMS32(x2)): 19 instances
  RAM32X1D => RAM32X1D (RAMD32(x2)): 4 instances
  RAM64M8 => RAM64M8 (RAMD64E(x8)): 144 instances
  RAM64X1D => RAM64X1D (RAMD64E(x2)): 144 instances

open_run: Time (s): cpu = 00:00:27 ; elapsed = 00:00:30 . Memory (MB): peak = 2989.594 ; gain = 1445.949
ILA0_CLK_NET: user_clk
ILA1_CLK_NET: u_pump_fwd/wr_clk
ILA2_CLK_NET: user_clk_b
ILA3_CLK_NET: ui_clk
INFO: [Timing 38-480] Writing timing data to binary archive.
Writing XDEF routing.
Writing XDEF routing logical nets.
Writing XDEF routing special nets.
Write XDEF Complete: Time (s): cpu = 00:00:01 ; elapsed = 00:00:00.246 . Memory (MB): peak = 2989.594 ; gain = 0.000
INFO: [Common 17-1381] The checkpoint 'D:/FPGA/prj/project_10/prj_loop/scripts/pre_impl_debug.dcp' has been generated.
write_checkpoint: Time (s): cpu = 00:00:12 ; elapsed = 00:00:09 . Memory (MB): peak = 2989.594 ; gain = 0.000
Command: open_checkpoint D:/FPGA/prj/project_10/prj_loop/scripts/pre_impl_debug.dcp

Starting open_checkpoint Task

Time (s): cpu = 00:00:00 ; elapsed = 00:00:00.045 . Memory (MB): peak = 2989.594 ; gain = 0.000
Netlist sorting complete. Time (s): cpu = 00:00:01 ; elapsed = 00:00:00.840 . Memory (MB): peak = 2989.594 ; gain = 0.000
INFO: [Netlist 29-17] Analyzing 3670 Unisim elements for replacement
INFO: [Netlist 29-28] Unisim Transformation completed in 0 CPU seconds
INFO: [Project 1-479] Netlist was created with Vivado 2023.1
INFO: [Project 1-570] Preparing netlist for logic optimization
INFO: [Timing 38-478] Restoring timing data from binary archive.
INFO: [Timing 38-479] Binary timing data restore complete.
INFO: [Project 1-856] Restoring constraints from binary archive.
INFO: [Project 1-853] Binary constraint restore complete.
Reading XDEF placement.
Reading placer database...
Reading XDEF routing.
Read XDEF Files: Time (s): cpu = 00:00:01 ; elapsed = 00:00:00.270 . Memory (MB): peak = 2989.594 ; gain = 0.000
Restored from archive | CPU: 1.000000 secs | Memory: 0.000000 MB |
Finished XDEF File Restore: Time (s): cpu = 00:00:01 ; elapsed = 00:00:00.271 . Memory (MB): peak = 2989.594 ; gain = 0.000
INFO: [IP_Flow 19-234] Refreshing IP repositories
INFO: [IP_Flow 19-1704] No user IP repositories specified
INFO: [IP_Flow 19-2313] Loaded Vivado IP repository 'D:/Xilinx/Vivado/2023.1/data/ip'.
Netlist sorting complete. Time (s): cpu = 00:00:00 ; elapsed = 00:00:00.013 . Memory (MB): peak = 3057.195 ; gain = 0.000
INFO: [Project 1-111] Unisim Transformation Summary:
  A total of 645 instances were transformed.
  DSP48E1 => DSP48E2 (DSP_ALU, DSP_A_B_DATA, DSP_C_DATA, DSP_MULTIPLIER, DSP_M_DATA, DSP_OUTPUT, DSP_PREADD, DSP_PREADD_DATA): 3 instances
  IBUF => IBUF (IBUFCTRL, INBUF): 8 instances
  IBUFDS => IBUFDS (DIFFINBUF, IBUFCTRL): 1 instance 
  IOBUFDS => IOBUFDS (DIFFINBUF, IBUFCTRL, INV, OBUFT(x2)): 8 instances
  IOBUFE3 => IOBUFE3 (IBUFCTRL, INBUF, OBUFT_DCIEN): 72 instances
  LUT6_2 => LUT6_2 (LUT5, LUT6): 31 instances
  OBUFDS => OBUFDS_DUAL_BUF (INV, OBUF(x2)): 1 instance 
  RAM16X1D => RAM32X1D (RAMD32(x2)): 2 instances
  RAM256X1D => RAM256X1D (MUXF7(x4), MUXF8(x2), RAMD64E(x8)): 4 instances
  RAM32M => RAM32M (RAMD32(x6), RAMS32(x2)): 204 instances
  RAM32M16 => RAM32M16 (RAMD32(x14), RAMS32(x2)): 19 instances
  RAM32X1D => RAM32X1D (RAMD32(x2)): 4 instances
  RAM64M8 => RAM64M8 (RAMD64E(x8)): 144 instances
  RAM64X1D => RAM64X1D (RAMD64E(x2)): 144 instances

INFO: [Project 1-604] Checkpoint was created with Vivado v2023.1 (64-bit) build 3865809
open_checkpoint: Time (s): cpu = 00:00:12 ; elapsed = 00:00:13 . Memory (MB): peak = 3061.246 ; gain = 71.652
INFO: [Chipscope 16-329] Generating Script for core instance : dbg_hub 
INFO: [IP_Flow 19-3806] Processing IP xilinx.com:ip:xsdbm:3.0 for cell dbg_hub_CV.
INFO: [Chipscope 16-329] Generating Script for core instance : u_ila_0 
INFO: [IP_Flow 19-3806] Processing IP xilinx.com:ip:ila:6.2 for cell u_ila_0_CV.
INFO: [Chipscope 16-329] Generating Script for core instance : u_ila_1 
INFO: [IP_Flow 19-3806] Processing IP xilinx.com:ip:ila:6.2 for cell u_ila_1_CV.
INFO: [Chipscope 16-329] Generating Script for core instance : u_ila_2 
INFO: [IP_Flow 19-3806] Processing IP xilinx.com:ip:ila:6.2 for cell u_ila_2_CV.
INFO: [Chipscope 16-329] Generating Script for core instance : u_ila_3 
INFO: [IP_Flow 19-3806] Processing IP xilinx.com:ip:ila:6.2 for cell u_ila_3_CV.
INFO: [Chipscope 16-78] labtools_xsdbm_v3 netlist file is 'd:/FPGA/prj/project_10/prj_loop/.Xil/Vivado-19240-Xuegulin/dbg_hub_CV.0/out/dcp/dbg_hub_0.edf'.
INFO: [Chipscope 16-78] labtools_ila_v6 netlist file is 'd:/FPGA/prj/project_10/prj_loop/.Xil/Vivado-19240-Xuegulin/u_ila_0_CV.0/out/dcp/u_ila_0_1.edf'.
INFO: [Chipscope 16-78] labtools_ila_v6 netlist file is 'd:/FPGA/prj/project_10/prj_loop/.Xil/Vivado-19240-Xuegulin/u_ila_1_CV.0/out/dcp/u_ila_1_2.edf'.
INFO: [Chipscope 16-78] labtools_ila_v6 netlist file is 'd:/FPGA/prj/project_10/prj_loop/.Xil/Vivado-19240-Xuegulin/u_ila_2_CV.0/out/dcp/u_ila_2_3.edf'.
INFO: [Chipscope 16-78] labtools_ila_v6 netlist file is 'd:/FPGA/prj/project_10/prj_loop/.Xil/Vivado-19240-Xuegulin/u_ila_3_CV.0/out/dcp/u_ila_3_4.edf'.
implement_debug_core: Time (s): cpu = 00:00:18 ; elapsed = 00:02:42 . Memory (MB): peak = 3415.125 ; gain = 353.879
Command: opt_design
Attempting to get a license for feature 'Implementation' and/or device 'xcku060'
INFO: [Common 17-349] Got license for feature 'Implementation' and/or device 'xcku060'
Running DRC as a precondition to command opt_design

Starting DRC Task
INFO: [DRC 23-27] Running DRC with 2 threads
INFO: [Project 1-461] DRC finished with 0 Errors
INFO: [Project 1-462] Please refer to the DRC report (report_drc) for more information.

Time (s): cpu = 00:00:03 ; elapsed = 00:00:02 . Memory (MB): peak = 3415.125 ; gain = 0.000

Starting Cache Timing Information Task
Ending Cache Timing Information Task | Checksum: 17a8c9af1

Time (s): cpu = 00:00:00 ; elapsed = 00:00:00.065 . Memory (MB): peak = 3415.125 ; gain = 0.000

Starting Logic Optimization Task

Phase 1 Generate And Synthesize MIG Cores
INFO: [IP_Flow 19-5647] Added synthesis output to IP cache for IP ddr4_0_phy, cache-ID = 8c5a445bed51b3aa
read_xdc: Time (s): cpu = 00:00:08 ; elapsed = 00:00:06 . Memory (MB): peak = 3773.434 ; gain = 8.500
Netlist sorting complete. Time (s): cpu = 00:00:00 ; elapsed = 00:00:00.040 . Memory (MB): peak = 3774.488 ; gain = 0.000
Phase 1 Generate And Synthesize MIG Cores | Checksum: 1b9765db9

Time (s): cpu = 00:00:23 ; elapsed = 00:01:21 . Memory (MB): peak = 3774.488 ; gain = 32.477

Phase 2 Retarget
INFO: [Opt 31-1566] Pulled 22 inverters resulting in an inversion of 400 pins
INFO: [Opt 31-138] Pushed 47 inverter(s) to 3428 load pin(s).
INFO: [Opt 31-49] Retargeted 0 cell(s).
Phase 2 Retarget | Checksum: 15ba7a66b

Time (s): cpu = 00:00:29 ; elapsed = 00:01:26 . Memory (MB): peak = 3874.512 ; gain = 132.500
INFO: [Opt 31-389] Phase Retarget created 877 cells and removed 5915 cells
INFO: [Opt 31-1021] In phase Retarget, 157 netlist objects are constrained preventing optimization. Please run opt_design with -debug_log to get more detail. 

Phase 3 Constant propagation
INFO: [Opt 31-138] Pushed 0 inverter(s) to 0 load pin(s).
Phase 3 Constant propagation | Checksum: a5ced34c

Time (s): cpu = 00:00:30 ; elapsed = 00:01:27 . Memory (MB): peak = 3874.512 ; gain = 132.500
INFO: [Opt 31-389] Phase Constant propagation created 310 cells and removed 1106 cells
INFO: [Opt 31-1021] In phase Constant propagation, 120 netlist objects are constrained preventing optimization. Please run opt_design with -debug_log to get more detail. 

Phase 4 Sweep
Phase 4 Sweep | Checksum: 1165374ce

Time (s): cpu = 00:00:33 ; elapsed = 00:01:30 . Memory (MB): peak = 3874.512 ; gain = 132.500
INFO: [Opt 31-389] Phase Sweep created 0 cells and removed 1722 cells
INFO: [Opt 31-1021] In phase Sweep, 4440 netlist objects are constrained preventing optimization. Please run opt_design with -debug_log to get more detail. 

Phase 5 BUFG optimization
INFO: [Opt 31-1077] Phase BUFG optimization inserted 0 global clock buffer(s) for CLOCK_LOW_FANOUT.
Phase 5 BUFG optimization | Checksum: eece9e9c

Time (s): cpu = 00:00:34 ; elapsed = 00:01:31 . Memory (MB): peak = 3874.512 ; gain = 132.500
INFO: [Opt 31-662] Phase BUFG optimization created 1 cells of which 1 are BUFGs and removed 3 cells.

Phase 6 Shift Register Optimization
INFO: [Opt 31-1064] SRL Remap converted 0 SRLs to 0 registers and converted 0 registers of register chains to 0 SRLs
Phase 6 Shift Register Optimization | Checksum: 1b4de2fc4

Time (s): cpu = 00:00:38 ; elapsed = 00:01:35 . Memory (MB): peak = 3874.512 ; gain = 132.500
INFO: [Opt 31-389] Phase Shift Register Optimization created 0 cells and removed 0 cells

Phase 7 Post Processing Netlist
INFO: [Opt 31-1566] Pulled 1 inverters resulting in an inversion of 1 pins
Phase 7 Post Processing Netlist | Checksum: 1f741adf4

Time (s): cpu = 00:00:39 ; elapsed = 00:01:35 . Memory (MB): peak = 3874.512 ; gain = 132.500
INFO: [Opt 31-389] Phase Post Processing Netlist created 0 cells and removed 1 cells
INFO: [Opt 31-1021] In phase Post Processing Netlist, 182 netlist objects are constrained preventing optimization. Please run opt_design with -debug_log to get more detail. 
Opt_design Change Summary
=========================


-------------------------------------------------------------------------------------------------------------------------
|  Phase                        |  #Cells created  |  #Cells Removed  |  #Constrained objects preventing optimizations  |
-------------------------------------------------------------------------------------------------------------------------
|  Retarget                     |             877  |            5915  |                                            157  |
|  Constant propagation         |             310  |            1106  |                                            120  |
|  Sweep                        |               0  |            1722  |                                           4440  |
|  BUFG optimization            |               1  |               3  |                                              0  |
|  Shift Register Optimization  |               0  |               0  |                                              0  |
|  Post Processing Netlist      |               0  |               1  |                                            182  |
-------------------------------------------------------------------------------------------------------------------------



Starting Connectivity Check Task

Time (s): cpu = 00:00:00 ; elapsed = 00:00:00.145 . Memory (MB): peak = 3874.512 ; gain = 0.000
Ending Logic Optimization Task | Checksum: 10f5f4bbd

Time (s): cpu = 00:00:39 ; elapsed = 00:01:35 . Memory (MB): peak = 3874.512 ; gain = 132.500

Starting Power Optimization Task
INFO: [Pwropt 34-132] Skipping clock gating for clocks with a period < 2.00 ns.
INFO: [Power 33-23] Power model is not available for xiphy_riu_or
INFO: [Power 33-23] Power model is not available for genVref.u_hpio_vref
INFO: [Pwropt 34-9] Applying IDT optimizations ...
INFO: [Pwropt 34-10] Applying ODC optimizations ...
INFO: [Timing 38-35] Done setting XDC timing constraints.
Running Vector-less Activity Propagation...

Finished Running Vector-less Activity Propagation


Starting PowerOpt Patch Enables Task
INFO: [Pwropt 34-162] WRITE_MODE attribute of 44 BRAM(s) out of a total of 76 has been updated to save power. Run report_power_opt to get a complete listing of the BRAMs updated.
INFO: [Pwropt 34-201] Structural ODC has moved 0 WE to EN ports
Number of BRAM Ports augmented: 45 newly gated: 0 Total Ports: 152
Ending PowerOpt Patch Enables Task | Checksum: 1121c2c9a

Time (s): cpu = 00:00:01 ; elapsed = 00:00:00.741 . Memory (MB): peak = 5871.684 ; gain = 0.000
Ending Power Optimization Task | Checksum: 1121c2c9a

Time (s): cpu = 00:00:57 ; elapsed = 00:00:42 . Memory (MB): peak = 5871.684 ; gain = 1997.172

Starting Final Cleanup Task

Starting Logic Optimization Task
INFO: [Timing 38-35] Done setting XDC timing constraints.
Ending Logic Optimization Task | Checksum: c155d76e

Time (s): cpu = 00:00:08 ; elapsed = 00:00:06 . Memory (MB): peak = 5871.684 ; gain = 0.000
Ending Final Cleanup Task | Checksum: c155d76e

Time (s): cpu = 00:00:10 ; elapsed = 00:00:08 . Memory (MB): peak = 5871.684 ; gain = 0.000

Starting Netlist Obfuscation Task
Netlist sorting complete. Time (s): cpu = 00:00:00 ; elapsed = 00:00:00.020 . Memory (MB): peak = 5871.684 ; gain = 0.000
Ending Netlist Obfuscation Task | Checksum: c155d76e

Time (s): cpu = 00:00:00 ; elapsed = 00:00:00.033 . Memory (MB): peak = 5871.684 ; gain = 0.000
INFO: [Common 17-83] Releasing license: Implementation
106 Infos, 96 Warnings, 0 Critical Warnings and 0 Errors encountered.
opt_design completed successfully
opt_design: Time (s): cpu = 00:01:51 ; elapsed = 00:02:30 . Memory (MB): peak = 5871.684 ; gain = 2456.559
Command: place_design -directive ExtraTimingOpt
Attempting to get a license for feature 'Implementation' and/or device 'xcku060'
INFO: [Common 17-349] Got license for feature 'Implementation' and/or device 'xcku060'
INFO: [DRC 23-27] Running DRC with 2 threads
INFO: [Vivado_Tcl 4-198] DRC finished with 0 Errors
INFO: [Vivado_Tcl 4-199] Please refer to the DRC report (report_drc) for more information.
Running DRC as a precondition to command place_design
INFO: [DRC 23-27] Running DRC with 2 threads
INFO: [Vivado_Tcl 4-198] DRC finished with 0 Errors
INFO: [Vivado_Tcl 4-199] Please refer to the DRC report (report_drc) for more information.

Starting Placer Task
INFO: [Place 46-5] The placer was invoked with the 'ExtraTimingOpt' directive.
INFO: [Place 30-611] Multithreading enabled for place_design using a maximum of 2 CPUs

Phase 1 Placer Initialization

Phase 1.1 Placer Initialization Netlist Sorting
Netlist sorting complete. Time (s): cpu = 00:00:00 ; elapsed = 00:00:00.027 . Memory (MB): peak = 5871.684 ; gain = 0.000
Phase 1.1 Placer Initialization Netlist Sorting | Checksum: 98e7332b

Time (s): cpu = 00:00:00 ; elapsed = 00:00:00.073 . Memory (MB): peak = 5871.684 ; gain = 0.000
Netlist sorting complete. Time (s): cpu = 00:00:00 ; elapsed = 00:00:00.015 . Memory (MB): peak = 5871.684 ; gain = 0.000

Phase 1.2 IO Placement/ Clock Placement/ Build Placer Device
INFO: [Timing 38-35] Done setting XDC timing constraints.
INFO: [Place 30-1907] u_gmii_to_rgmii/u_rgmii_rx/u_idelayctrl_REPLICATED_0 replication was created for u_gmii_to_rgmii/u_rgmii_rx/u_idelayctrl IDELAYCTRL
Phase 1.2 IO Placement/ Clock Placement/ Build Placer Device | Checksum: e9b75e15

Time (s): cpu = 00:00:13 ; elapsed = 00:00:10 . Memory (MB): peak = 5871.684 ; gain = 0.000

Phase 1.3 Build Placer Netlist Model
Phase 1.3 Build Placer Netlist Model | Checksum: 1e2d89717

Time (s): cpu = 00:00:36 ; elapsed = 00:00:27 . Memory (MB): peak = 5871.684 ; gain = 0.000

Phase 1.4 Constrain Clocks/Macros
Phase 1.4 Constrain Clocks/Macros | Checksum: 1e2d89717

Time (s): cpu = 00:00:36 ; elapsed = 00:00:27 . Memory (MB): peak = 5871.684 ; gain = 0.000
Phase 1 Placer Initialization | Checksum: 1e2d89717

Time (s): cpu = 00:00:37 ; elapsed = 00:00:27 . Memory (MB): peak = 5871.684 ; gain = 0.000

Phase 2 Global Placement

Phase 2.1 Floorplanning
Phase 2.1 Floorplanning | Checksum: 145bfb466

Time (s): cpu = 00:00:46 ; elapsed = 00:00:33 . Memory (MB): peak = 5871.684 ; gain = 0.000

Phase 2.2 Update Timing before SLR Path Opt
Phase 2.2 Update Timing before SLR Path Opt | Checksum: 13388e386

Time (s): cpu = 00:00:52 ; elapsed = 00:00:37 . Memory (MB): peak = 5871.684 ; gain = 0.000

Phase 2.3 Post-Processing in Floorplanning
Phase 2.3 Post-Processing in Floorplanning | Checksum: 13388e386

Time (s): cpu = 00:00:52 ; elapsed = 00:00:37 . Memory (MB): peak = 5871.684 ; gain = 0.000

Phase 2.4 Global Placement Core
INFO: [Place 30-3162] Check ILP status : ILP-based clock placer completed successfully.

Phase 2.4.1 UpdateTiming Before Physical Synthesis
Phase 2.4.1 UpdateTiming Before Physical Synthesis | Checksum: 23a080eb0

Time (s): cpu = 00:02:28 ; elapsed = 00:01:36 . Memory (MB): peak = 5871.684 ; gain = 0.000

Phase 2.4.2 Physical Synthesis In Placer
INFO: [Physopt 32-1035] Found 331 LUTNM shape to break, 1601 LUT instances to create LUTNM shape
INFO: [Physopt 32-1044] Break lutnm for timing: one critical 176, two critical 155, total 331, new lutff created 12
INFO: [Physopt 32-1138] End 1 Pass. Optimized 1056 nets or LUTs. Breaked 331 LUTs, combined 725 existing LUTs and moved 0 existing LUT
INFO: [Physopt 32-76] Pass 1. Identified 4 candidate nets for fanout optimization.
INFO: [Physopt 32-81] Processed net u_ddr4/inst/u_ddr4_mem_intfc/u_ddr_ui/u_ddr_ui_wr_data/app_wdf_rdy_r. Replicated 7 times.
INFO: [Physopt 32-81] Processed net u_ddr4/inst/div_clk_rst_r1. Replicated 73 times.
INFO: [Physopt 32-81] Processed net u_ddr4/inst/u_ddr4_mem_intfc/u_ddr_cal_top/u_ddr_cal/u_ddr_cal_addr_decode/u_ddr_cal_cplx/cplx_cal. Replicated 7 times.
INFO: [Physopt 32-81] Processed net u_ddr4/inst/u_ddr4_mem_intfc/u_ddr_ui/u_ddr_ui_wr_data/app_wdf_rdy_r_copy2. Replicated 5 times.
INFO: [Physopt 32-232] Optimized 4 nets. Created 92 new instances.
INFO: [Physopt 32-775] End 1 Pass. Optimized 4 nets or cells. Created 92 new cells, deleted 0 existing cell and moved 0 existing cell
Netlist sorting complete. Time (s): cpu = 00:00:00 ; elapsed = 00:00:00.183 . Memory (MB): peak = 5871.684 ; gain = 0.000
INFO: [Physopt 32-456] No candidate cells for DSP register optimization found in the design.
INFO: [Physopt 32-775] End 2 Pass. Optimized 0 net or cell. Created 0 new cell, deleted 0 existing cell and moved 0 existing cell
INFO: [Physopt 32-1123] No candidate cells found for Shift Register to Pipeline optimization
INFO: [Physopt 32-775] End 2 Pass. Optimized 0 net or cell. Created 0 new cell, deleted 0 existing cell and moved 0 existing cell
INFO: [Physopt 32-677] No candidate cells for Shift Register optimization found in the design
INFO: [Physopt 32-775] End 1 Pass. Optimized 0 net or cell. Created 0 new cell, deleted 0 existing cell and moved 0 existing cell
INFO: [Physopt 32-526] No candidate cells for BRAM register optimization found in the design
INFO: [Physopt 32-775] End 1 Pass. Optimized 0 net or cell. Created 0 new cell, deleted 0 existing cell and moved 0 existing cell
INFO: [Physopt 32-846] No candidate cells for URAM register optimization found in the design
INFO: [Physopt 32-775] End 1 Pass. Optimized 0 net or cell. Created 0 new cell, deleted 0 existing cell and moved 0 existing cell
INFO: [Physopt 32-846] No candidate cells for URAM register optimization found in the design
INFO: [Physopt 32-775] End 1 Pass. Optimized 0 net or cell. Created 0 new cell, deleted 0 existing cell and moved 0 existing cell
INFO: [Physopt 32-949] No candidate nets found for dynamic/static region interface net replication
INFO: [Physopt 32-775] End 1 Pass. Optimized 0 net or cell. Created 0 new cell, deleted 0 existing cell and moved 0 existing cell
Netlist sorting complete. Time (s): cpu = 00:00:00 ; elapsed = 00:00:00.020 . Memory (MB): peak = 5871.684 ; gain = 0.000

Summary of Physical Synthesis Optimizations
============================================


-----------------------------------------------------------------------------------------------------------------------------------------------------------
|  Optimization                                     |  Added Cells  |  Removed Cells  |  Optimized Cells/Nets  |  Dont Touch  |  Iterations  |  Elapsed   |
-----------------------------------------------------------------------------------------------------------------------------------------------------------
|  LUT Combining                                    |          331  |            725  |                  1056  |           0  |           1  |  00:00:01  |
|  Retime                                           |            0  |              0  |                     0  |           0  |           1  |  00:00:00  |
|  Very High Fanout                                 |           92  |              0  |                     4  |           0  |           1  |  00:00:03  |
|  DSP Register                                     |            0  |              0  |                     0  |           0  |           1  |  00:00:00  |
|  Shift Register to Pipeline                       |            0  |              0  |                     0  |           0  |           1  |  00:00:00  |
|  Shift Register                                   |            0  |              0  |                     0  |           0  |           1  |  00:00:00  |
|  BRAM Register                                    |            0  |              0  |                     0  |           0  |           1  |  00:00:00  |
|  URAM Register                                    |            0  |              0  |                     0  |           0  |           1  |  00:00:00  |
|  Dynamic/Static Region Interface Net Replication  |            0  |              0  |                     0  |           0  |           1  |  00:00:00  |
|  Total                                            |          423  |            725  |                  1060  |           0  |           9  |  00:00:04  |
-----------------------------------------------------------------------------------------------------------------------------------------------------------


Phase 2.4.2 Physical Synthesis In Placer | Checksum: 18aa6c0ee

Time (s): cpu = 00:02:40 ; elapsed = 00:01:45 . Memory (MB): peak = 5871.684 ; gain = 0.000
Phase 2.4 Global Placement Core | Checksum: 11db98d8d

Time (s): cpu = 00:02:43 ; elapsed = 00:01:47 . Memory (MB): peak = 5871.684 ; gain = 0.000
Phase 2 Global Placement | Checksum: 11db98d8d

Time (s): cpu = 00:02:43 ; elapsed = 00:01:47 . Memory (MB): peak = 5871.684 ; gain = 0.000

Phase 3 Detail Placement

Phase 3.1 Commit Multi Column Macros
Phase 3.1 Commit Multi Column Macros | Checksum: 12da39b7c

Time (s): cpu = 00:02:50 ; elapsed = 00:01:51 . Memory (MB): peak = 5871.684 ; gain = 0.000

Phase 3.2 Commit Most Macros & LUTRAMs
Phase 3.2 Commit Most Macros & LUTRAMs | Checksum: f77b2c8e

Time (s): cpu = 00:03:00 ; elapsed = 00:01:58 . Memory (MB): peak = 5871.684 ; gain = 0.000

Phase 3.3 Small Shape DP

Phase 3.3.1 Small Shape Clustering
Phase 3.3.1 Small Shape Clustering | Checksum: 1a31fa61e

Time (s): cpu = 00:03:26 ; elapsed = 00:02:18 . Memory (MB): peak = 5871.684 ; gain = 0.000

Phase 3.3.2 DP Optimization
Phase 3.3.2 DP Optimization | Checksum: 198469fac

Time (s): cpu = 00:03:54 ; elapsed = 00:02:34 . Memory (MB): peak = 5871.684 ; gain = 0.000

Phase 3.3.3 Flow Legalize Slice Clusters
Phase 3.3.3 Flow Legalize Slice Clusters | Checksum: 15d91bc10

Time (s): cpu = 00:03:54 ; elapsed = 00:02:35 . Memory (MB): peak = 5871.684 ; gain = 0.000

Phase 3.3.4 Slice Area Swap

Phase 3.3.4.1 Slice Area Swap Initial
Phase 3.3.4.1 Slice Area Swap Initial | Checksum: 178602599

Time (s): cpu = 00:04:05 ; elapsed = 00:02:48 . Memory (MB): peak = 5871.684 ; gain = 0.000
Phase 3.3.4 Slice Area Swap | Checksum: 178602599

Time (s): cpu = 00:04:05 ; elapsed = 00:02:48 . Memory (MB): peak = 5871.684 ; gain = 0.000
Phase 3.3 Small Shape DP | Checksum: 22eacc514

Time (s): cpu = 00:04:18 ; elapsed = 00:02:55 . Memory (MB): peak = 5871.684 ; gain = 0.000

Phase 3.4 Re-assign LUT pins
Phase 3.4 Re-assign LUT pins | Checksum: 185de8604

Time (s): cpu = 00:04:20 ; elapsed = 00:02:57 . Memory (MB): peak = 5871.684 ; gain = 0.000

Phase 3.5 Pipeline Register Optimization
Phase 3.5 Pipeline Register Optimization | Checksum: 14ced80f4

Time (s): cpu = 00:04:21 ; elapsed = 00:02:58 . Memory (MB): peak = 5871.684 ; gain = 0.000

Phase 3.6 Fast Optimization
Phase 3.6 Fast Optimization | Checksum: 1aa7346ca

Time (s): cpu = 00:04:52 ; elapsed = 00:03:19 . Memory (MB): peak = 5871.684 ; gain = 0.000
Phase 3 Detail Placement | Checksum: 1aa7346ca

Time (s): cpu = 00:04:53 ; elapsed = 00:03:20 . Memory (MB): peak = 5871.684 ; gain = 0.000

Phase 4 Post Placement Optimization and Clean-Up

Phase 4.1 Post Commit Optimization
INFO: [Timing 38-35] Done setting XDC timing constraints.

Phase 4.1.1 Post Placement Optimization
Post Placement Optimization Initialization | Checksum: b684d172

Phase 4.1.1.1 BUFG Insertion

Starting Physical Synthesis Task

Phase 1 Physical Synthesis Initialization
INFO: [Physopt 32-721] Multithreading enabled for phys_opt_design using a maximum of 2 CPUs
INFO: [Physopt 32-619] Estimated Timing Summary | WNS=-1.603 | TNS=-676.432 |
Phase 1 Physical Synthesis Initialization | Checksum: df5b983d

Time (s): cpu = 00:00:04 ; elapsed = 00:00:02 . Memory (MB): peak = 5871.684 ; gain = 0.000
INFO: [Place 46-35] Processed net u_mem_i_1_n_0, inserted BUFG to drive 1191 loads.
INFO: [Place 46-56] BUFG insertion identified 1 candidate nets. Inserted BUFG: 1, Replicated BUFG Driver: 0, Skipped due to Placement/Routing Conflicts: 0, Skipped due to Timing Degradation: 0, Skipped due to netlist editing failed: 0.
Ending Physical Synthesis Task | Checksum: 1224d9841

Time (s): cpu = 00:00:05 ; elapsed = 00:00:03 . Memory (MB): peak = 5871.684 ; gain = 0.000
Phase 4.1.1.1 BUFG Insertion | Checksum: 189d220d8

Time (s): cpu = 00:05:29 ; elapsed = 00:03:44 . Memory (MB): peak = 5871.684 ; gain = 0.000

Phase 4.1.1.2 Post Placement Timing Optimization
INFO: [Place 30-746] Post Placement Timing Summary WNS=-1.192. For the most accurate timing information please run report_timing.
Phase 4.1.1.2 Post Placement Timing Optimization | Checksum: 1d8908836

Time (s): cpu = 00:06:44 ; elapsed = 00:05:01 . Memory (MB): peak = 5871.684 ; gain = 0.000

Time (s): cpu = 00:06:44 ; elapsed = 00:05:01 . Memory (MB): peak = 5871.684 ; gain = 0.000
Phase 4.1 Post Commit Optimization | Checksum: 1d8908836

Time (s): cpu = 00:06:44 ; elapsed = 00:05:01 . Memory (MB): peak = 5871.684 ; gain = 0.000
Netlist sorting complete. Time (s): cpu = 00:00:00 ; elapsed = 00:00:00.033 . Memory (MB): peak = 5871.684 ; gain = 0.000

Phase 4.2 Post Placement Cleanup
Phase 4.2 Post Placement Cleanup | Checksum: 2869ca801

Time (s): cpu = 00:06:49 ; elapsed = 00:05:06 . Memory (MB): peak = 5871.684 ; gain = 0.000

Phase 4.3 Placer Reporting

Phase 4.3.1 Print Estimated Congestion
INFO: [Place 30-612] Post-Placement Estimated Congestion 
 ____________________________________________________
|           | Global Congestion | Short Congestion  |
| Direction | Region Size       | Region Size       |
|___________|___________________|___________________|
|      North|                8x8|              16x16|
|___________|___________________|___________________|
|      South|                8x8|              16x16|
|___________|___________________|___________________|
|       East|                4x4|              16x16|
|___________|___________________|___________________|
|       West|                4x4|              16x16|
|___________|___________________|___________________|

Phase 4.3.1 Print Estimated Congestion | Checksum: 2869ca801

Time (s): cpu = 00:06:49 ; elapsed = 00:05:06 . Memory (MB): peak = 5871.684 ; gain = 0.000
Phase 4.3 Placer Reporting | Checksum: 2869ca801

Time (s): cpu = 00:06:50 ; elapsed = 00:05:07 . Memory (MB): peak = 5871.684 ; gain = 0.000

Phase 4.4 Final Placement Cleanup
Netlist sorting complete. Time (s): cpu = 00:00:00 ; elapsed = 00:00:00.018 . Memory (MB): peak = 5871.684 ; gain = 0.000

Time (s): cpu = 00:06:50 ; elapsed = 00:05:07 . Memory (MB): peak = 5871.684 ; gain = 0.000
Phase 4 Post Placement Optimization and Clean-Up | Checksum: 204fd2a39

Time (s): cpu = 00:06:50 ; elapsed = 00:05:07 . Memory (MB): peak = 5871.684 ; gain = 0.000
Ending Placer Task | Checksum: 1b036ce0b

Time (s): cpu = 00:06:50 ; elapsed = 00:05:07 . Memory (MB): peak = 5871.684 ; gain = 0.000
INFO: [Common 17-83] Releasing license: Implementation
150 Infos, 96 Warnings, 0 Critical Warnings and 0 Errors encountered.
place_design completed successfully
place_design: Time (s): cpu = 00:06:57 ; elapsed = 00:05:11 . Memory (MB): peak = 5871.684 ; gain = 0.000
Command: phys_opt_design -directive AggressiveExplore
Attempting to get a license for feature 'Implementation' and/or device 'xcku060'
INFO: [Common 17-349] Got license for feature 'Implementation' and/or device 'xcku060'
INFO: [Vivado_Tcl 4-137] Directive used for phys_opt_design is: AggressiveExplore

Starting Initial Update Timing Task

Time (s): cpu = 00:00:27 ; elapsed = 00:00:15 . Memory (MB): peak = 5871.684 ; gain = 0.000
INFO: [Vivado_Tcl 4-1435] PhysOpt_Tcl_Interface Runtime Before Starting Physical Synthesis Task | CPU: 29.00s |  WALL: 15.78s
Netlist sorting complete. Time (s): cpu = 00:00:00 ; elapsed = 00:00:00.019 . Memory (MB): peak = 5871.684 ; gain = 0.000

Starting Physical Synthesis Task

Phase 1 Physical Synthesis Initialization
INFO: [Physopt 32-721] Multithreading enabled for phys_opt_design using a maximum of 2 CPUs
INFO: [Place 30-3162] Check ILP status : ILP-based clock placer completed successfully.
INFO: [Physopt 32-619] Estimated Timing Summary | WNS=-1.180 | TNS=-640.504 |
Phase 1 Physical Synthesis Initialization | Checksum: 24ebfc27f

Time (s): cpu = 00:00:10 ; elapsed = 00:00:07 . Memory (MB): peak = 5871.684 ; gain = 0.000

Phase 2 SLR Crossing Optimization
Phase 2 SLR Crossing Optimization | Checksum: 24ebfc27f

Time (s): cpu = 00:00:10 ; elapsed = 00:00:07 . Memory (MB): peak = 5871.684 ; gain = 0.000
INFO: [Physopt 32-619] Estimated Timing Summary | WNS=-1.180 | TNS=-640.504 |

Phase 3 Fanout Optimization
INFO: [Physopt 32-76] Pass 1. Identified 50 candidate nets for fanout optimization.
INFO: [Physopt 32-572] Net u_mem/u_bridge/r_slot[2]_i_1_n_0 was not replicated.
Resolution: phys_opt_design can be forced to replicate a net driver using the option -force_replication_on_nets <list of net objects>.
INFO: [Physopt 32-572] Net u_mem/u_bridge/r_slot was not replicated.
Resolution: phys_opt_design can be forced to replicate a net driver using the option -force_replication_on_nets <list of net objects>.
INFO: [Physopt 32-572] Net u_mem/u_bridge/r_slot[3]_i_1_n_0 was not replicated.
Resolution: phys_opt_design can be forced to replicate a net driver using the option -force_replication_on_nets <list of net objects>.
INFO: [Physopt 32-572] Net u_mem/u_bridge/sel0[2] was not replicated.
Resolution: phys_opt_design can be forced to replicate a net driver using the option -force_replication_on_nets <list of net objects>.
INFO: [Physopt 32-572] Net u_mem/u_bridge/r_len[2]_i_56_n_0 was not replicated.
Resolution: phys_opt_design can be forced to replicate a net driver using the option -force_replication_on_nets <list of net objects>.
INFO: [Physopt 32-572] Net u_mem/u_bridge/r_slot[1]_i_1_n_0 was not replicated.
Resolution: phys_opt_design can be forced to replicate a net driver using the option -force_replication_on_nets <list of net objects>.
INFO: [Physopt 32-81] Processed net u_mem/u_bridge/r_len[8]_i_120_n_0. Replicated 1 times.
INFO: [Physopt 32-572] Net u_mem/u_bridge/r_len[9]_i_120_n_0 was not replicated.
Resolution: phys_opt_design can be forced to replicate a net driver using the option -force_replication_on_nets <list of net objects>.
INFO: [Physopt 32-572] Net u_mem/u_bridge/r_len[5]_i_57_n_0 was not replicated.
Resolution: phys_opt_design can be forced to replicate a net driver using the option -force_replication_on_nets <list of net objects>.
INFO: [Physopt 32-572] Net u_mem/u_bridge/r_slot[0]_i_1_n_0 was not replicated.
Resolution: phys_opt_design can be forced to replicate a net driver using the option -force_replication_on_nets <list of net objects>.
INFO: [Physopt 32-572] Net u_mem/u_bridge/r_len[9]_i_121_n_0 was not replicated.
Resolution: phys_opt_design can be forced to replicate a net driver using the option -force_replication_on_nets <list of net objects>.
INFO: [Physopt 32-572] Net u_mem/u_bridge/r_len[13]_i_56_n_0 was not replicated.
Resolution: phys_opt_design can be forced to replicate a net driver using the option -force_replication_on_nets <list of net objects>.
INFO: [Physopt 32-232] Optimized 1 net. Created 1 new instance.
INFO: [Physopt 32-775] End 1 Pass. Optimized 1 net or cell. Created 1 new cell, deleted 0 existing cell and moved 0 existing cell
INFO: [Physopt 32-619] Estimated Timing Summary | WNS=-1.180 | TNS=-640.504 |
Netlist sorting complete. Time (s): cpu = 00:00:00 ; elapsed = 00:00:00.047 . Memory (MB): peak = 5871.684 ; gain = 0.000
Phase 3 Fanout Optimization | Checksum: 148061ba4

Time (s): cpu = 00:00:21 ; elapsed = 00:00:14 . Memory (MB): peak = 5871.684 ; gain = 0.000

Phase 4 Single Cell Placement Optimization
INFO: [Physopt 32-660] Identified 250 candidate nets for placement-based optimization.
INFO: [Physopt 32-662] Processed net u_mem/u_bridge/r_slot[2]_i_1_n_0.  Did not re-place instance u_mem/u_bridge/r_slot[2]_i_1
INFO: [Physopt 32-662] Processed net u_mem/u_bridge/r_slot.  Did not re-place instance u_mem/u_bridge/r_slot[7]_i_1
INFO: [Physopt 32-662] Processed net u_mem/u_bridge/in_range.  Did not re-place instance u_mem/u_bridge/stat_ill_rd[15]_i_4
INFO: [Physopt 32-662] Processed net u_mem/u_bridge/rd_target_ok.  Did not re-place instance u_mem/u_bridge/stat_ill_rd[15]_i_3
INFO: [Physopt 32-662] Processed net u_mem/u_rd_cmd/rd_bin[0].  Did not re-place instance u_mem/u_rd_cmd/rd_bin_reg[0]
INFO: [Physopt 32-662] Processed net u_mem/u_bridge/stat_ill_rd[15]_i_7_n_0.  Did not re-place instance u_mem/u_bridge/stat_ill_rd[15]_i_7
INFO: [Physopt 32-662] Processed net u_mem/u_bridge/r_slot[1]_i_7_n_0.  Did not re-place instance u_mem/u_bridge/r_slot[1]_i_7
INFO: [Physopt 32-663] Processed net u_mem/u_bridge/r_len[6].  Re-placed instance u_mem/u_bridge/r_len_reg[6]
INFO: [Physopt 32-663] Processed net u_mem/u_rd_cmd/rd_bin[1].  Re-placed instance u_mem/u_rd_cmd/rd_bin_reg[1]
INFO: [Physopt 32-662] Processed net u_mem/u_bridge/r_len[13].  Did not re-place instance u_mem/u_bridge/r_len_reg[13]
INFO: [Physopt 32-663] Processed net u_mem/u_bridge/r_len[7].  Re-placed instance u_mem/u_bridge/r_len_reg[7]
INFO: [Physopt 32-663] Processed net u_mem/u_bridge/r_len[8].  Re-placed instance u_mem/u_bridge/r_len_reg[8]
INFO: [Physopt 32-662] Processed net u_mem/u_bridge/rd_wr_en_i_1_n_0.  Did not re-place instance u_mem/u_bridge/rd_wr_en_i_1
INFO: [Physopt 32-663] Processed net u_mem/u_bridge/rd_wr_data_reg[24]_0[23].  Re-placed instance u_mem/u_bridge/rd_wr_data_reg[23]
INFO: [Physopt 32-663] Processed net u_mem/u_bridge/rd_wr_data_reg[24]_0[24].  Re-placed instance u_mem/u_bridge/rd_wr_data_reg[24]
INFO: [Physopt 32-662] Processed net u_mem/u_bridge/stat_ill_rd[15]_i_8_n_0.  Did not re-place instance u_mem/u_bridge/stat_ill_rd[15]_i_8
INFO: [Physopt 32-662] Processed net u_mem/u_bridge/r_len[15].  Did not re-place instance u_mem/u_bridge/r_len_reg[15]
INFO: [Physopt 32-662] Processed net u_mem/u_bridge/r_slot[3]_i_1_n_0.  Did not re-place instance u_mem/u_bridge/r_slot[3]_i_1
INFO: [Physopt 32-662] Processed net u_mem/u_bridge/r_slot[1]_i_11_n_0.  Did not re-place instance u_mem/u_bridge/r_slot[1]_i_11
INFO: [Physopt 32-662] Processed net u_mem/u_bridge/r_slot[1]_i_8_n_0.  Did not re-place instance u_mem/u_bridge/r_slot[1]_i_8
INFO: [Physopt 32-663] Processed net u_mem/u_bridge/p_0_in__3[10].  Re-placed instance u_mem/u_bridge/r_len_reg[2]
INFO: [Physopt 32-663] Processed net u_mem/u_bridge/p_0_in__3[13].  Re-placed instance u_mem/u_bridge/r_len_reg[5]
INFO: [Physopt 32-662] Processed net u_mem/u_bridge/p_0_in__3[8].  Did not re-place instance u_mem/u_bridge/r_len_reg[0]
INFO: [Physopt 32-662] Processed net u_mem/u_bridge/rd_wr_data_reg[24]_0[16].  Did not re-place instance u_mem/u_bridge/rd_wr_data_reg[16]
INFO: [Physopt 32-662] Processed net u_mem/u_bridge/rd_wr_data_reg[24]_0[1].  Did not re-place instance u_mem/u_bridge/rd_wr_data_reg[1]
INFO: [Physopt 32-662] Processed net u_mem/u_bridge/rd_wr_data_reg[24]_0[7].  Did not re-place instance u_mem/u_bridge/rd_wr_data_reg[7]
INFO: [Physopt 32-662] Processed net u_mem/u_bridge/sel0[2].  Did not re-place instance u_mem/u_bridge/r_len[10]_i_57
INFO: [Physopt 32-662] Processed net u_mem/u_bridge/r_beats[7]_i_2_n_0.  Did not re-place instance u_mem/u_bridge/r_beats[7]_i_2
INFO: [Physopt 32-662] Processed net u_mem/u_bridge/r_beats[7].  Did not re-place instance u_mem/u_bridge/r_beats_reg[7]
INFO: [Physopt 32-662] Processed net u_mem/u_bridge/p_0_in[7].  Did not re-place instance u_mem/u_bridge/r_beats[7]_i_1
INFO: [Physopt 32-662] Processed net u_mem/u_bridge/r_len[8]_i_7_n_0.  Did not re-place instance u_mem/u_bridge/r_len[8]_i_7
INFO: [Physopt 32-662] Processed net u_mem/u_bridge/rd_wr_data_reg[24]_0[0].  Did not re-place instance u_mem/u_bridge/rd_wr_data_reg[0]
INFO: [Physopt 32-662] Processed net u_mem/u_bridge/rd_wr_data_reg[24]_0[15].  Did not re-place instance u_mem/u_bridge/rd_wr_data_reg[15]
INFO: [Physopt 32-662] Processed net u_mem/u_bridge/rd_wr_data_reg[24]_0[6].  Did not re-place instance u_mem/u_bridge/rd_wr_data_reg[6]
INFO: [Physopt 32-662] Processed net u_mem/u_bridge/r_slot[1]_i_12_n_0.  Did not re-place instance u_mem/u_bridge/r_slot[1]_i_12
INFO: [Physopt 32-662] Processed net u_mem/u_bridge/r_len[2]_i_56_n_0.  Did not re-place instance u_mem/u_bridge/r_len[2]_i_56
INFO: [Physopt 32-662] Processed net u_mem/u_bridge/r_beats[4]_i_2_n_0.  Did not re-place instance u_mem/u_bridge/r_beats[4]_i_2
INFO: [Physopt 32-662] Processed net u_mem/u_bridge/r_len[1]_i_5_n_0.  Did not re-place instance u_mem/u_bridge/r_len[1]_i_5
INFO: [Physopt 32-662] Processed net u_mem/u_bridge/r_len[8]_i_4_n_0.  Did not re-place instance u_mem/u_bridge/r_len[8]_i_4
INFO: [Physopt 32-662] Processed net u_mem/u_bridge/r_len[9]_i_4_n_0.  Did not re-place instance u_mem/u_bridge/r_len[9]_i_4
INFO: [Physopt 32-662] Processed net u_mem/u_bridge/r_len[8]_i_6_n_0.  Did not re-place instance u_mem/u_bridge/r_len[8]_i_6
INFO: [Physopt 32-662] Processed net u_mem/u_bridge/r_len[9].  Did not re-place instance u_mem/u_bridge/r_len_reg[9]
INFO: [Physopt 32-662] Processed net u_mem/u_bridge/r_len[10]_i_4_n_0.  Did not re-place instance u_mem/u_bridge/r_len[10]_i_4
INFO: [Physopt 32-662] Processed net u_mem/u_bridge/r_len[7]_i_7_n_0.  Did not re-place instance u_mem/u_bridge/r_len[7]_i_7
INFO: [Physopt 32-663] Processed net u_mem/u_bridge/r_slot[1]_i_1_n_0.  Re-placed instance u_mem/u_bridge/r_slot[1]_i_1
INFO: [Physopt 32-662] Processed net u_mem/u_bridge/stat_ill_rd[15]_i_78_n_0.  Did not re-place instance u_mem/u_bridge/stat_ill_rd[15]_i_78
INFO: [Physopt 32-662] Processed net u_mem/u_bridge/r_len[9]_i_5_n_0.  Did not re-place instance u_mem/u_bridge/r_len[9]_i_5
INFO: [Physopt 32-662] Processed net u_mem/u_bridge/r_len[11]_i_4_n_0.  Did not re-place instance u_mem/u_bridge/r_len[11]_i_4
INFO: [Physopt 32-662] Processed net u_mem/u_bridge/stat_ill_rd[15]_i_79_n_0.  Did not re-place instance u_mem/u_bridge/stat_ill_rd[15]_i_79
INFO: [Physopt 32-662] Processed net u_mem/u_bridge/r_beats[6].  Did not re-place instance u_mem/u_bridge/r_beats_reg[6]
INFO: [Physopt 32-662] Processed net u_mem/u_bridge/p_0_in[6].  Did not re-place instance u_mem/u_bridge/r_beats[6]_i_1
INFO: [Physopt 32-662] Processed net u_mem/u_bridge/r_beats[1].  Did not re-place instance u_mem/u_bridge/r_beats_reg[1]
INFO: [Physopt 32-662] Processed net u_mem/u_bridge/r_beats[3].  Did not re-place instance u_mem/u_bridge/r_beats_reg[3]
INFO: [Physopt 32-662] Processed net u_mem/u_bridge/r_len[0]_i_7_n_0.  Did not re-place instance u_mem/u_bridge/r_len[0]_i_7
INFO: [Physopt 32-662] Processed net u_mem/u_bridge/r_len[9]_i_6_n_0.  Did not re-place instance u_mem/u_bridge/r_len[9]_i_6
INFO: [Physopt 32-662] Processed net u_mem/u_bridge/r_len[7]_i_6_n_0.  Did not re-place instance u_mem/u_bridge/r_len[7]_i_6
INFO: [Physopt 32-662] Processed net u_mem/u_bridge/r_len[0]_i_5_n_0.  Did not re-place instance u_mem/u_bridge/r_len[0]_i_5
INFO: [Physopt 32-662] Processed net u_mem/u_bridge/r_beats[0].  Did not re-place instance u_mem/u_bridge/r_beats_reg[0]
INFO: [Physopt 32-662] Processed net u_mem/u_bridge/r_beats[2].  Did not re-place instance u_mem/u_bridge/r_beats_reg[2]
INFO: [Physopt 32-662] Processed net u_mem/u_bridge/r_beats[4].  Did not re-place instance u_mem/u_bridge/r_beats_reg[4]
INFO: [Physopt 32-662] Processed net u_mem/u_bridge/r_len[1]_i_7_n_0.  Did not re-place instance u_mem/u_bridge/r_len[1]_i_7
INFO: [Physopt 32-662] Processed net u_mem/u_bridge/r_len[2]_i_7_n_0.  Did not re-place instance u_mem/u_bridge/r_len[2]_i_7
INFO: [Physopt 32-662] Processed net u_mem/u_bridge/stat_ill_rd[15]_i_10_n_0.  Did not re-place instance u_mem/u_bridge/stat_ill_rd[15]_i_10
INFO: [Physopt 32-662] Processed net u_mem/u_bridge/r_len[2]_i_4_n_0.  Did not re-place instance u_mem/u_bridge/r_len[2]_i_4
INFO: [Physopt 32-662] Processed net u_mem/u_bridge/r_len[8]_i_5_n_0.  Did not re-place instance u_mem/u_bridge/r_len[8]_i_5
INFO: [Physopt 32-662] Processed net u_mem/u_bridge/stat_ill_rd[15]_i_11_n_0.  Did not re-place instance u_mem/u_bridge/stat_ill_rd[15]_i_11
INFO: [Physopt 32-663] Processed net u_mem/u_bridge/r_len[9]_i_120_n_0.  Re-placed instance u_mem/u_bridge/r_len[9]_i_120
INFO: [Physopt 32-662] Processed net u_mem/u_bridge/r_len[9]_i_78_n_0.  Did not re-place instance u_mem/u_bridge/r_len[9]_i_78
INFO: [Physopt 32-662] Processed net u_mem/u_bridge/r_len[9]_i_79_n_0.  Did not re-place instance u_mem/u_bridge/r_len[9]_i_79
INFO: [Physopt 32-662] Processed net u_mem/u_bridge/r_len[14].  Did not re-place instance u_mem/u_bridge/r_len_reg[14]
INFO: [Physopt 32-662] Processed net u_mem/u_bridge/r_slot[1]_i_5_n_0.  Did not re-place instance u_mem/u_bridge/r_slot[1]_i_5
INFO: [Physopt 32-662] Processed net u_mem/u_bridge/r_len[5]_i_57_n_0.  Did not re-place instance u_mem/u_bridge/r_len[5]_i_57
INFO: [Physopt 32-662] Processed net u_mem/u_bridge/r_len[4]_i_5_n_0.  Did not re-place instance u_mem/u_bridge/r_len[4]_i_5
INFO: [Physopt 32-662] Processed net u_mem/u_bridge/r_beats[5].  Did not re-place instance u_mem/u_bridge/r_beats_reg[5]
INFO: [Physopt 32-662] Processed net u_mem/u_bridge/p_0_in[5].  Did not re-place instance u_mem/u_bridge/r_beats[5]_i_1
INFO: [Physopt 32-663] Processed net u_mem/u_bridge/r_slot[0]_i_1_n_0.  Re-placed instance u_mem/u_bridge/r_slot[0]_i_1
INFO: [Physopt 32-662] Processed net u_mem/u_bridge/stat_ill_rd[15]_i_82_n_0.  Did not re-place instance u_mem/u_bridge/stat_ill_rd[15]_i_82
INFO: [Physopt 32-662] Processed net u_mem/u_bridge/stat_ill_rd[15]_i_83_n_0.  Did not re-place instance u_mem/u_bridge/stat_ill_rd[15]_i_83
INFO: [Physopt 32-662] Processed net u_mem/u_bridge/r_len[1]_i_4_n_0.  Did not re-place instance u_mem/u_bridge/r_len[1]_i_4
INFO: [Physopt 32-662] Processed net u_mem/u_bridge/r_len[7]_i_4_n_0.  Did not re-place instance u_mem/u_bridge/r_len[7]_i_4
INFO: [Physopt 32-662] Processed net u_mem/u_bridge/r_slot[1]_i_6_n_0.  Did not re-place instance u_mem/u_bridge/r_slot[1]_i_6
INFO: [Physopt 32-662] Processed net u_mem/u_bridge/p_0_in__3[12].  Did not re-place instance u_mem/u_bridge/r_len_reg[4]
INFO: [Physopt 32-662] Processed net u_mem/u_bridge/r_len[12].  Did not re-place instance u_mem/u_bridge/r_len_reg[12]
INFO: [Physopt 32-663] Processed net u_mem/u_bridge/r_len[9]_i_121_n_0.  Re-placed instance u_mem/u_bridge/r_len[9]_i_121
INFO: [Physopt 32-662] Processed net u_mem/u_bridge/r_len[9]_i_56_n_0.  Did not re-place instance u_mem/u_bridge/r_len[9]_i_56
INFO: [Physopt 32-662] Processed net u_mem/u_bridge/r_len[9]_i_60_n_0.  Did not re-place instance u_mem/u_bridge/r_len[9]_i_60
INFO: [Physopt 32-662] Processed net u_mem/u_bridge/r_len[0]_i_6_n_0.  Did not re-place instance u_mem/u_bridge/r_len[0]_i_6
INFO: [Physopt 32-662] Processed net u_mem/u_bridge/r_len[9]_i_57_n_0.  Did not re-place instance u_mem/u_bridge/r_len[9]_i_57
INFO: [Physopt 32-662] Processed net u_mem/u_bridge/r_len[9]_i_61_n_0.  Did not re-place instance u_mem/u_bridge/r_len[9]_i_61
INFO: [Physopt 32-662] Processed net u_mem/u_bridge/r_len[9]_i_76_n_0.  Did not re-place instance u_mem/u_bridge/r_len[9]_i_76
INFO: [Physopt 32-662] Processed net u_mem/u_bridge/stat_ill_rd[15]_i_66_n_0.  Did not re-place instance u_mem/u_bridge/stat_ill_rd[15]_i_66
INFO: [Physopt 32-662] Processed net u_mem/u_bridge/r_len[9]_i_77_n_0.  Did not re-place instance u_mem/u_bridge/r_len[9]_i_77
INFO: [Physopt 32-663] Processed net u_mem/u_bridge/r_len[13]_i_56_n_0.  Re-placed instance u_mem/u_bridge/r_len[13]_i_56
INFO: [Physopt 32-662] Processed net u_mem/u_bridge/r_len[13]_i_5_n_0.  Did not re-place instance u_mem/u_bridge/r_len[13]_i_5
INFO: [Physopt 32-662] Processed net u_mem/u_bridge/r_len[4]_i_4_n_0.  Did not re-place instance u_mem/u_bridge/r_len[4]_i_4
INFO: [Physopt 32-662] Processed net u_mem/u_bridge/r_len[9]_i_7_n_0.  Did not re-place instance u_mem/u_bridge/r_len[9]_i_7
INFO: [Physopt 32-662] Processed net u_mem/u_bridge/stat_ill_rd[15]_i_67_n_0.  Did not re-place instance u_mem/u_bridge/stat_ill_rd[15]_i_67
INFO: [Physopt 32-662] Processed net u_mem/u_bridge/r_len[10].  Did not re-place instance u_mem/u_bridge/r_len_reg[10]
INFO: [Physopt 32-662] Processed net u_mem/u_bridge/r_len[4]_i_7_n_0.  Did not re-place instance u_mem/u_bridge/r_len[4]_i_7
INFO: [Physopt 32-662] Processed net u_mem/u_bridge/r_len[5]_i_5_n_0.  Did not re-place instance u_mem/u_bridge/r_len[5]_i_5
INFO: [Physopt 32-662] Processed net u_mem/u_bridge/r_len[7]_i_5_n_0.  Did not re-place instance u_mem/u_bridge/r_len[7]_i_5
INFO: [Physopt 32-662] Processed net u_mem/u_bridge/r_len[8]_i_120_n_0_repN.  Did not re-place instance u_mem/u_bridge/r_len[8]_i_120_replica
INFO: [Physopt 32-662] Processed net u_mem/u_bridge/r_len[8]_i_56_n_0.  Did not re-place instance u_mem/u_bridge/r_len[8]_i_56
INFO: [Physopt 32-662] Processed net u_mem/u_bridge/r_slot[1]_i_9_n_0.  Did not re-place instance u_mem/u_bridge/r_slot[1]_i_9
INFO: [Physopt 32-662] Processed net u_mem/u_bridge/r_len[8]_i_57_n_0.  Did not re-place instance u_mem/u_bridge/r_len[8]_i_57
INFO: [Physopt 32-662] Processed net u_mem/u_bridge/r_len[8]_i_68_n_0.  Did not re-place instance u_mem/u_bridge/r_len[8]_i_68
INFO: [Physopt 32-662] Processed net u_mem/u_bridge/r_slot[1]_i_10_n_0.  Did not re-place instance u_mem/u_bridge/r_slot[1]_i_10
INFO: [Physopt 32-662] Processed net u_mem/u_bridge/r_len[8]_i_70_n_0.  Did not re-place instance u_mem/u_bridge/r_len[8]_i_70
INFO: [Physopt 32-663] Processed net u_mem/u_bridge/r_slot_reg[7]_0[7].  Re-placed instance u_mem/u_bridge/r_slot_reg[7]
INFO: [Physopt 32-663] Processed net u_mem/u_bridge/r_slot_reg[7]_0[0].  Re-placed instance u_mem/u_bridge/r_slot_reg[0]
INFO: [Physopt 32-663] Processed net u_mem/u_bridge/r_slot_reg[7]_0[4].  Re-placed instance u_mem/u_bridge/r_slot_reg[4]
INFO: [Physopt 32-662] Processed net u_mem/u_bridge/r_slot_reg[7]_0[6].  Did not re-place instance u_mem/u_bridge/r_slot_reg[6]
INFO: [Physopt 32-662] Processed net u_mem/u_bridge/r_len[8]_i_69_n_0.  Did not re-place instance u_mem/u_bridge/r_len[8]_i_69
INFO: [Physopt 32-662] Processed net u_mem/u_bridge/r_len[8]_i_71_n_0.  Did not re-place instance u_mem/u_bridge/r_len[8]_i_71
INFO: [Physopt 32-662] Processed net u_mem/u_bridge/sel0[3].  Did not re-place instance u_mem/u_bridge/r_len[5]_i_24
INFO: [Physopt 32-662] Processed net u_mem/u_bridge/r_len[1]_i_6_n_0.  Did not re-place instance u_mem/u_bridge/r_len[1]_i_6
INFO: [Physopt 32-662] Processed net u_mem/u_bridge/p_0_in__3[9].  Did not re-place instance u_mem/u_bridge/r_len_reg[1]
INFO: [Physopt 32-662] Processed net u_mem/u_bridge/r_len[10]_i_24_n_0.  Did not re-place instance u_mem/u_bridge/r_len[10]_i_24
INFO: [Physopt 32-662] Processed net u_mem/u_bridge/r_len[3]_i_7_n_0.  Did not re-place instance u_mem/u_bridge/r_len[3]_i_7
INFO: [Physopt 32-662] Processed net u_mem/u_bridge/p_0_in__3[11].  Did not re-place instance u_mem/u_bridge/r_len_reg[3]
INFO: [Physopt 32-662] Processed net u_mem/u_bridge/r_len[8]_i_104_n_0.  Did not re-place instance u_mem/u_bridge/r_len[8]_i_104
INFO: [Physopt 32-662] Processed net u_mem/u_bridge/stat_ill_rd[15]_i_106_n_0.  Did not re-place instance u_mem/u_bridge/stat_ill_rd[15]_i_106
INFO: [Physopt 32-662] Processed net u_mem/u_bridge/r_len[2]_i_5_n_0.  Did not re-place instance u_mem/u_bridge/r_len[2]_i_5
INFO: [Physopt 32-662] Processed net u_mem/u_bridge/p_0_in[4].  Did not re-place instance u_mem/u_bridge/r_beats[4]_i_1
INFO: [Physopt 32-662] Processed net u_mem/u_bridge/stat_ill_rd[15]_i_62_n_0.  Did not re-place instance u_mem/u_bridge/stat_ill_rd[15]_i_62
INFO: [Physopt 32-662] Processed net u_mem/u_bridge/r_len[8]_i_105_n_0.  Did not re-place instance u_mem/u_bridge/r_len[8]_i_105
INFO: [Physopt 32-662] Processed net u_mem/u_bridge/stat_ill_rd[15]_i_63_n_0.  Did not re-place instance u_mem/u_bridge/stat_ill_rd[15]_i_63
INFO: [Physopt 32-662] Processed net u_mem/u_bridge/stat_ill_rd[15]_i_80_n_0.  Did not re-place instance u_mem/u_bridge/stat_ill_rd[15]_i_80
INFO: [Physopt 32-662] Processed net u_mem/u_bridge/r_len[8]_i_97_n_0.  Did not re-place instance u_mem/u_bridge/r_len[8]_i_97
INFO: [Physopt 32-662] Processed net u_mem/u_bridge/rd_wr_data_reg[24]_0[12].  Did not re-place instance u_mem/u_bridge/rd_wr_data_reg[12]
INFO: [Physopt 32-662] Processed net u_mem/u_bridge/rd_wr_data_reg[24]_0[20].  Did not re-place instance u_mem/u_bridge/rd_wr_data_reg[20]
INFO: [Physopt 32-662] Processed net u_mem/u_bridge/rd_wr_data_reg[24]_0[22].  Did not re-place instance u_mem/u_bridge/rd_wr_data_reg[22]
INFO: [Physopt 32-662] Processed net u_mem/u_bridge/rd_wr_data_reg[24]_0[3].  Did not re-place instance u_mem/u_bridge/rd_wr_data_reg[3]
INFO: [Physopt 32-662] Processed net u_mem/u_bridge/stat_ill_rd[15]_i_107_n_0.  Did not re-place instance u_mem/u_bridge/stat_ill_rd[15]_i_107
INFO: [Physopt 32-662] Processed net u_mem/u_bridge/r_beat[7]_i_1_n_0.  Did not re-place instance u_mem/u_bridge/r_beat[7]_i_1
INFO: [Physopt 32-663] Processed net u_mem/u_bridge/r_beat[3].  Re-placed instance u_mem/u_bridge/r_beat_reg[3]
INFO: [Physopt 32-663] Processed net u_mem/u_bridge/r_beat[5].  Re-placed instance u_mem/u_bridge/r_beat_reg[5]
INFO: [Physopt 32-663] Processed net u_mem/u_bridge/r_beat[7].  Re-placed instance u_mem/u_bridge/r_beat_reg[7]
INFO: [Physopt 32-662] Processed net u_mem/u_bridge/r_len[9]_i_62_n_0.  Did not re-place instance u_mem/u_bridge/r_len[9]_i_62
INFO: [Physopt 32-662] Processed net u_mem/u_bridge/r_len[9]_i_66_n_0.  Did not re-place instance u_mem/u_bridge/r_len[9]_i_66
INFO: [Physopt 32-663] Processed net u_mem/u_bridge/r_slot_reg[7]_0[2].  Re-placed instance u_mem/u_bridge/r_slot_reg[2]
INFO: [Physopt 32-663] Processed net u_mem/u_bridge/r_slot_reg[7]_0[5].  Re-placed instance u_mem/u_bridge/r_slot_reg[5]
INFO: [Physopt 32-663] Processed net u_mem/u_bridge/r_slot_reg[7]_0[3].  Re-placed instance u_mem/u_bridge/r_slot_reg[3]
INFO: [Physopt 32-662] Processed net u_mem/u_bridge/stat_ill_rd[15]_i_81_n_0.  Did not re-place instance u_mem/u_bridge/stat_ill_rd[15]_i_81
INFO: [Physopt 32-662] Processed net u_mem/u_bridge/r_len[8]_i_96_n_0.  Did not re-place instance u_mem/u_bridge/r_len[8]_i_96
INFO: [Physopt 32-662] Processed net u_mem/u_bridge/r_len[9]_i_63_n_0.  Did not re-place instance u_mem/u_bridge/r_len[9]_i_63
INFO: [Physopt 32-662] Processed net u_mem/u_bridge/p_0_in[1].  Did not re-place instance u_mem/u_bridge/r_beats[1]_i_1
INFO: [Physopt 32-662] Processed net u_mem/u_bridge/rd_wr_data_reg[24]_0[11].  Did not re-place instance u_mem/u_bridge/rd_wr_data_reg[11]
INFO: [Physopt 32-662] Processed net u_mem/u_bridge/rd_wr_data_reg[24]_0[19].  Did not re-place instance u_mem/u_bridge/rd_wr_data_reg[19]
INFO: [Physopt 32-662] Processed net u_mem/u_bridge/rd_wr_data_reg[24]_0[21].  Did not re-place instance u_mem/u_bridge/rd_wr_data_reg[21]
INFO: [Physopt 32-662] Processed net u_mem/u_bridge/rd_wr_data_reg[24]_0[2].  Did not re-place instance u_mem/u_bridge/rd_wr_data_reg[2]
INFO: [Physopt 32-662] Processed net u_mem/u_bridge/r_beat[1].  Did not re-place instance u_mem/u_bridge/r_beat_reg[1]
INFO: [Physopt 32-662] Processed net u_mem/u_bridge/r_beat[2].  Did not re-place instance u_mem/u_bridge/r_beat_reg[2]
INFO: [Physopt 32-662] Processed net u_mem/u_bridge/r_beat[6].  Did not re-place instance u_mem/u_bridge/r_beat_reg[6]
INFO: [Physopt 32-663] Processed net u_mem/u_bridge/r_len[1]_i_121_n_0.  Re-placed instance u_mem/u_bridge/r_len[1]_i_121
INFO: [Physopt 32-662] Processed net u_mem/u_bridge/r_len[10]_i_7_n_0.  Did not re-place instance u_mem/u_bridge/r_len[10]_i_7
INFO: [Physopt 32-662] Processed net u_mem/u_bridge/r_len[1]_i_62_n_0.  Did not re-place instance u_mem/u_bridge/r_len[1]_i_62
INFO: [Physopt 32-662] Processed net u_mem/u_bridge/r_len[4]_i_6_n_0.  Did not re-place instance u_mem/u_bridge/r_len[4]_i_6
INFO: [Physopt 32-663] Processed net u_mem/u_bridge/r_slot_reg[7]_0[1].  Re-placed instance u_mem/u_bridge/r_slot_reg[1]
INFO: [Physopt 32-662] Processed net u_mem/u_bridge/r_len[9]_i_67_n_0.  Did not re-place instance u_mem/u_bridge/r_len[9]_i_67
INFO: [Physopt 32-663] Processed net u_mem/u_bridge/r_len[1]_i_120_n_0.  Re-placed instance u_mem/u_bridge/r_len[1]_i_120
INFO: [Physopt 32-662] Processed net u_mem/u_bridge/r_len[1]_i_114_n_0.  Did not re-place instance u_mem/u_bridge/r_len[1]_i_114
INFO: [Physopt 32-662] Processed net u_mem/u_bridge/rd_wr_data_reg[24]_0[14].  Did not re-place instance u_mem/u_bridge/rd_wr_data_reg[14]
INFO: [Physopt 32-662] Processed net u_mem/u_bridge/rd_wr_data_reg[24]_0[18].  Did not re-place instance u_mem/u_bridge/rd_wr_data_reg[18]
INFO: [Physopt 32-662] Processed net u_mem/u_bridge/rd_wr_data_reg[24]_0[5].  Did not re-place instance u_mem/u_bridge/rd_wr_data_reg[5]
INFO: [Physopt 32-662] Processed net u_mem/u_bridge/rd_wr_data_reg[24]_0[8].  Did not re-place instance u_mem/u_bridge/rd_wr_data_reg[8]
INFO: [Physopt 32-662] Processed net u_mem/u_bridge/p_0_in[3].  Did not re-place instance u_mem/u_bridge/r_beats[3]_i_1
INFO: [Physopt 32-662] Processed net u_mem/u_bridge/r_len[1]_i_115_n_0.  Did not re-place instance u_mem/u_bridge/r_len[1]_i_115
INFO: [Physopt 32-662] Processed net u_mem/u_bridge/r_len[1]_i_63_n_0.  Did not re-place instance u_mem/u_bridge/r_len[1]_i_63
INFO: [Physopt 32-662] Processed net u_mem/u_bridge/rd_wr_data_reg[24]_0[10].  Did not re-place instance u_mem/u_bridge/rd_wr_data_reg[10]
INFO: [Physopt 32-662] Processed net u_mem/u_bridge/rd_wr_data_reg[24]_0[13].  Did not re-place instance u_mem/u_bridge/rd_wr_data_reg[13]
INFO: [Physopt 32-662] Processed net u_mem/u_bridge/rd_wr_data_reg[24]_0[17].  Did not re-place instance u_mem/u_bridge/rd_wr_data_reg[17]
INFO: [Physopt 32-662] Processed net u_mem/u_bridge/rd_wr_data_reg[24]_0[4].  Did not re-place instance u_mem/u_bridge/rd_wr_data_reg[4]
INFO: [Physopt 32-663] Processed net u_mem/u_bridge/r_len[10]_i_123_n_0.  Re-placed instance u_mem/u_bridge/r_len[10]_i_123
INFO: [Physopt 32-662] Processed net u_mem/u_bridge/r_beat[0].  Did not re-place instance u_mem/u_bridge/r_beat_reg[0]
INFO: [Physopt 32-662] Processed net u_mem/u_bridge/r_len[10]_i_60_n_0.  Did not re-place instance u_mem/u_bridge/r_len[10]_i_60
INFO: [Physopt 32-662] Processed net u_mem/u_bridge/r_len[2]_i_6_n_0.  Did not re-place instance u_mem/u_bridge/r_len[2]_i_6
INFO: [Physopt 32-662] Processed net u_mem/u_bridge/stat_ill_rd[15]_i_86_n_0.  Did not re-place instance u_mem/u_bridge/stat_ill_rd[15]_i_86
INFO: [Physopt 32-662] Processed net u_mem/u_bridge/r_len[8]_i_92_n_0.  Did not re-place instance u_mem/u_bridge/r_len[8]_i_92
INFO: [Physopt 32-662] Processed net u_mem/u_bridge/rd_wr_data_reg[24]_0[9].  Did not re-place instance u_mem/u_bridge/rd_wr_data_reg[9]
INFO: [Physopt 32-662] Processed net u_mem/u_bridge/r_len[8]_i_62_n_0.  Did not re-place instance u_mem/u_bridge/r_len[8]_i_62
INFO: [Physopt 32-662] Processed net u_mem/u_bridge/r_len[8]_i_93_n_0.  Did not re-place instance u_mem/u_bridge/r_len[8]_i_93
INFO: [Physopt 32-662] Processed net u_mem/u_bridge/r_len[9]_i_64_n_0.  Did not re-place instance u_mem/u_bridge/r_len[9]_i_64
INFO: [Physopt 32-662] Processed net u_mem/u_bridge/r_len[10]_i_61_n_0.  Did not re-place instance u_mem/u_bridge/r_len[10]_i_61
INFO: [Physopt 32-662] Processed net u_mem/u_bridge/r_len[9]_i_104_n_0.  Did not re-place instance u_mem/u_bridge/r_len[9]_i_104
INFO: [Physopt 32-662] Processed net u_mem/u_bridge/r_len[9]_i_58_n_0.  Did not re-place instance u_mem/u_bridge/r_len[9]_i_58
INFO: [Physopt 32-662] Processed net u_mem/u_bridge/r_len[8]_i_63_n_0.  Did not re-place instance u_mem/u_bridge/r_len[8]_i_63
INFO: [Physopt 32-662] Processed net u_mem/u_bridge/r_len[9]_i_105_n_0.  Did not re-place instance u_mem/u_bridge/r_len[9]_i_105
INFO: [Physopt 32-662] Processed net u_mem/u_bridge/r_len[9]_i_59_n_0.  Did not re-place instance u_mem/u_bridge/r_len[9]_i_59
INFO: [Physopt 32-662] Processed net u_mem/u_bridge/stat_ill_rd[15]_i_88_n_0.  Did not re-place instance u_mem/u_bridge/stat_ill_rd[15]_i_88
INFO: [Physopt 32-662] Processed net u_mem/u_bridge/stat_ill_rd[15]_i_87_n_0.  Did not re-place instance u_mem/u_bridge/stat_ill_rd[15]_i_87
INFO: [Physopt 32-662] Processed net u_mem/u_bridge/r_len[9]_i_65_n_0.  Did not re-place instance u_mem/u_bridge/r_len[9]_i_65
INFO: [Physopt 32-662] Processed net u_mem/u_bridge/r_len[7]_i_120_n_0.  Did not re-place instance u_mem/u_bridge/r_len[7]_i_120
INFO: [Physopt 32-662] Processed net u_mem/u_bridge/r_len[7]_i_66_n_0.  Did not re-place instance u_mem/u_bridge/r_len[7]_i_66
INFO: [Physopt 32-662] Processed net u_mem/u_bridge/r_len[9]_i_108_n_0.  Did not re-place instance u_mem/u_bridge/r_len[9]_i_108
INFO: [Physopt 32-662] Processed net u_mem/u_bridge/r_len[8]_i_106_n_0.  Did not re-place instance u_mem/u_bridge/r_len[8]_i_106
INFO: [Physopt 32-662] Processed net u_mem/u_bridge/r_len[9]_i_106_n_0.  Did not re-place instance u_mem/u_bridge/r_len[9]_i_106
INFO: [Physopt 32-662] Processed net u_mem/u_bridge/r_len[9]_i_109_n_0.  Did not re-place instance u_mem/u_bridge/r_len[9]_i_109
INFO: [Physopt 32-662] Processed net u_mem/u_bridge/r_len[8]_i_72_n_0.  Did not re-place instance u_mem/u_bridge/r_len[8]_i_72
INFO: [Physopt 32-662] Processed net u_mem/u_bridge/r_len[9]_i_107_n_0.  Did not re-place instance u_mem/u_bridge/r_len[9]_i_107
INFO: [Physopt 32-662] Processed net u_mem/u_bridge/r_len[8]_i_73_n_0.  Did not re-place instance u_mem/u_bridge/r_len[8]_i_73
INFO: [Physopt 32-662] Processed net u_mem/u_bridge/stat_ill_rd[15]_i_76_n_0.  Did not re-place instance u_mem/u_bridge/stat_ill_rd[15]_i_76
INFO: [Physopt 32-662] Processed net u_mem/u_bridge/r_len[8]_i_121_n_0.  Did not re-place instance u_mem/u_bridge/r_len[8]_i_121
INFO: [Physopt 32-662] Processed net u_mem/u_bridge/r_len[7]_i_67_n_0.  Did not re-place instance u_mem/u_bridge/r_len[7]_i_67
INFO: [Physopt 32-662] Processed net u_mem/u_bridge/r_len[9]_i_88_n_0.  Did not re-place instance u_mem/u_bridge/r_len[9]_i_88
INFO: [Physopt 32-662] Processed net u_mem/u_bridge/stat_ill_rd[15]_i_77_n_0.  Did not re-place instance u_mem/u_bridge/stat_ill_rd[15]_i_77
INFO: [Physopt 32-662] Processed net u_mem/u_bridge/r_len[8]_i_107_n_0.  Did not re-place instance u_mem/u_bridge/r_len[8]_i_107
INFO: [Physopt 32-662] Processed net u_mem/u_bridge/r_len[7]_i_121_n_0.  Did not re-place instance u_mem/u_bridge/r_len[7]_i_121
INFO: [Physopt 32-662] Processed net u_mem/u_bridge/r_len[7]_i_74_n_0.  Did not re-place instance u_mem/u_bridge/r_len[7]_i_74
INFO: [Physopt 32-662] Processed net u_mem/u_bridge/r_len[9]_i_110_n_0.  Did not re-place instance u_mem/u_bridge/r_len[9]_i_110
INFO: [Physopt 32-662] Processed net u_mem/u_bridge/r_len[7]_i_75_n_0.  Did not re-place instance u_mem/u_bridge/r_len[7]_i_75
INFO: [Physopt 32-662] Processed net u_mem/u_bridge/r_len[9]_i_89_n_0.  Did not re-place instance u_mem/u_bridge/r_len[9]_i_89
INFO: [Physopt 32-662] Processed net u_mem/u_bridge/r_len[9]_i_90_n_0.  Did not re-place instance u_mem/u_bridge/r_len[9]_i_90
INFO: [Physopt 32-662] Processed net u_mem/u_bridge/r_len[9]_i_111_n_0.  Did not re-place instance u_mem/u_bridge/r_len[9]_i_111
INFO: [Physopt 32-662] Processed net u_mem/u_bridge/r_len[7]_i_94_n_0.  Did not re-place instance u_mem/u_bridge/r_len[7]_i_94
INFO: [Physopt 32-662] Processed net u_mem/u_bridge/r_len[9]_i_91_n_0.  Did not re-place instance u_mem/u_bridge/r_len[9]_i_91
INFO: [Physopt 32-663] Processed net u_mem/u_bridge/r_len[3]_i_120_n_0.  Re-placed instance u_mem/u_bridge/r_len[3]_i_120
INFO: [Physopt 32-662] Processed net u_mem/u_bridge/r_len[3]_i_118_n_0.  Did not re-place instance u_mem/u_bridge/r_len[3]_i_118
INFO: [Physopt 32-662] Processed net u_mem/u_bridge/r_len[13]_i_4_n_0.  Did not re-place instance u_mem/u_bridge/r_len[13]_i_4
INFO: [Physopt 32-663] Processed net u_mem/u_bridge/rdesc_wr_en.  Re-placed instance u_mem/u_bridge/rd_wr_en_reg
INFO: [Physopt 32-663] Processed net u_mem/u_bridge/r_len[4]_i_120_n_0.  Re-placed instance u_mem/u_bridge/r_len[4]_i_120
INFO: [Physopt 32-662] Processed net u_mem/u_bridge/r_len[0]_i_4_n_0.  Did not re-place instance u_mem/u_bridge/r_len[0]_i_4
INFO: [Physopt 32-662] Processed net u_mem/u_bridge/r_len[1]_i_94_n_0.  Did not re-place instance u_mem/u_bridge/r_len[1]_i_94
INFO: [Physopt 32-662] Processed net u_mem/u_bridge/r_len[4]_i_98_n_0.  Did not re-place instance u_mem/u_bridge/r_len[4]_i_98
INFO: [Physopt 32-662] Processed net u_mem/u_bridge/r_len[7]_i_95_n_0.  Did not re-place instance u_mem/u_bridge/r_len[7]_i_95
INFO: [Physopt 32-662] Processed net u_mem/u_bridge/stat_ill_rd[15]_i_60_n_0.  Did not re-place instance u_mem/u_bridge/stat_ill_rd[15]_i_60
INFO: [Physopt 32-662] Processed net u_mem/u_bridge/r_len[8]_i_120_n_0.  Did not re-place instance u_mem/u_bridge/r_len[8]_i_120
INFO: [Physopt 32-662] Processed net u_mem/u_bridge/r_len[3]_i_119_n_0.  Did not re-place instance u_mem/u_bridge/r_len[3]_i_119
INFO: [Physopt 32-662] Processed net u_mem/u_bridge/r_len[8]_i_90_n_0.  Did not re-place instance u_mem/u_bridge/r_len[8]_i_90
INFO: [Physopt 32-662] Processed net u_mem/u_bridge/stat_ill_rd[15]_i_61_n_0.  Did not re-place instance u_mem/u_bridge/stat_ill_rd[15]_i_61
INFO: [Physopt 32-662] Processed net u_mem/u_bridge/r_len[8]_i_89_n_0.  Did not re-place instance u_mem/u_bridge/r_len[8]_i_89
INFO: [Physopt 32-662] Processed net u_mem/u_bridge/r_len[1]_i_112_n_0.  Did not re-place instance u_mem/u_bridge/r_len[1]_i_112
INFO: [Physopt 32-662] Processed net u_mem/u_bridge/r_len[12]_i_7_n_0.  Did not re-place instance u_mem/u_bridge/r_len[12]_i_7
INFO: [Physopt 32-662] Processed net u_mem/u_bridge/r_len[4]_i_99_n_0.  Did not re-place instance u_mem/u_bridge/r_len[4]_i_99
INFO: [Physopt 32-662] Processed net u_mem/u_bridge/r_len[8]_i_76_n_0.  Did not re-place instance u_mem/u_bridge/r_len[8]_i_76
INFO: [Physopt 32-662] Processed net u_mem/u_bridge/r_len[8]_i_88_n_0.  Did not re-place instance u_mem/u_bridge/r_len[8]_i_88
INFO: [Physopt 32-662] Processed net u_mem/u_bridge/r_len[10]_i_5_n_0.  Did not re-place instance u_mem/u_bridge/r_len[10]_i_5
INFO: [Physopt 32-662] Processed net u_mem/u_bridge/r_len[1]_i_113_n_0.  Did not re-place instance u_mem/u_bridge/r_len[1]_i_113
INFO: [Physopt 32-662] Processed net u_mem/u_bridge/r_len[1]_i_74_n_0.  Did not re-place instance u_mem/u_bridge/r_len[1]_i_74
INFO: [Physopt 32-662] Processed net u_mem/u_bridge/r_len[1]_i_95_n_0.  Did not re-place instance u_mem/u_bridge/r_len[1]_i_95
INFO: [Physopt 32-662] Processed net u_mem/u_bridge/r_len[8]_i_91_n_0.  Did not re-place instance u_mem/u_bridge/r_len[8]_i_91
INFO: [Physopt 32-662] Processed net u_mem/u_bridge/r_len[8]_i_94_n_0.  Did not re-place instance u_mem/u_bridge/r_len[8]_i_94
INFO: [Physopt 32-662] Processed net u_mem/u_bridge/stat_ill_rd[15]_i_94_n_0.  Did not re-place instance u_mem/u_bridge/stat_ill_rd[15]_i_94
INFO: [Physopt 32-662] Processed net u_mem/u_bridge/r_len[8]_i_116_n_0.  Did not re-place instance u_mem/u_bridge/r_len[8]_i_116
INFO: [Physopt 32-662] Processed net u_mem/u_bridge/r_len[8]_i_60_n_0.  Did not re-place instance u_mem/u_bridge/r_len[8]_i_60
INFO: [Physopt 32-662] Processed net u_mem/u_bridge/r_len[8]_i_77_n_0.  Did not re-place instance u_mem/u_bridge/r_len[8]_i_77
INFO: [Physopt 32-662] Processed net u_mem/u_bridge/r_len[8]_i_95_n_0.  Did not re-place instance u_mem/u_bridge/r_len[8]_i_95
INFO: [Physopt 32-662] Processed net u_mem/u_bridge/stat_ill_rd[15]_i_118_n_0.  Did not re-place instance u_mem/u_bridge/stat_ill_rd[15]_i_118
INFO: [Physopt 32-663] Processed net u_mem/u_bridge/r_len[10]_i_122_n_0.  Re-placed instance u_mem/u_bridge/r_len[10]_i_122
INFO: [Physopt 32-662] Processed net u_mem/u_bridge/r_len[10]_i_58_n_0.  Did not re-place instance u_mem/u_bridge/r_len[10]_i_58
INFO: [Physopt 32-661] Optimized 30 nets.  Re-placed 30 instances.
INFO: [Physopt 32-775] End 1 Pass. Optimized 30 nets or cells. Created 0 new cell, deleted 0 existing cell and moved 30 existing cells
INFO: [Physopt 32-619] Estimated Timing Summary | WNS=-1.178 | TNS=-641.461 |
Netlist sorting complete. Time (s): cpu = 00:00:00 ; elapsed = 00:00:00.027 . Memory (MB): peak = 5871.684 ; gain = 0.000
Phase 4 Single Cell Placement Optimization | Checksum: 11a435ea1

Time (s): cpu = 00:00:37 ; elapsed = 00:00:24 . Memory (MB): peak = 5871.684 ; gain = 0.000

Phase 5 Multi Cell Placement Optimization
INFO: [Physopt 32-660] Identified 100 candidate nets for placement-based optimization.
INFO: [Physopt 32-662] Processed net u_mem/u_bridge/in_range.  Did not re-place instance u_mem/u_bridge/stat_ill_rd[15]_i_4/O
INFO: [Physopt 32-662] Processed net u_mem/u_bridge/rd_target_ok.  Did not re-place instance u_mem/u_bridge/stat_ill_rd[15]_i_3/O
INFO: [Physopt 32-662] Processed net u_mem/u_bridge/r_len[13].  Did not re-place instance u_mem/u_bridge/r_len_reg[13]/Q
INFO: [Physopt 32-662] Processed net u_mem/u_bridge/r_len[15].  Did not re-place instance u_mem/u_bridge/r_len_reg[15]/Q
INFO: [Physopt 32-662] Processed net u_mem/u_bridge/r_beats[7]_i_2_n_0.  Did not re-place instance u_mem/u_bridge/r_beats[7]_i_2/O
INFO: [Physopt 32-662] Processed net u_mem/u_bridge/p_0_in[7].  Did not re-place instance u_mem/u_bridge/r_beats[7]_i_1/O
INFO: [Physopt 32-662] Processed net u_mem/u_bridge/r_beats[4]_i_2_n_0.  Did not re-place instance u_mem/u_bridge/r_beats[4]_i_2/O
INFO: [Physopt 32-662] Processed net u_mem/u_bridge/r_len[9].  Did not re-place instance u_mem/u_bridge/r_len_reg[9]/Q
INFO: [Physopt 32-663] Processed net u_mem/u_bridge/r_beats[1].  Re-placed instance u_mem/u_bridge/r_beats_reg[1]/Q
INFO: [Physopt 32-663] Processed net u_mem/u_bridge/r_beats[3].  Re-placed instance u_mem/u_bridge/r_beats_reg[3]/Q
INFO: [Physopt 32-663] Processed net u_mem/u_bridge/r_beats[0].  Re-placed instance u_mem/u_bridge/r_beats_reg[0]/Q
INFO: [Physopt 32-663] Processed net u_mem/u_bridge/r_beats[2].  Re-placed instance u_mem/u_bridge/r_beats_reg[2]/Q
INFO: [Physopt 32-663] Processed net u_mem/u_bridge/r_beats[4].  Re-placed instance u_mem/u_bridge/r_beats_reg[4]/Q
INFO: [Physopt 32-663] Processed net u_mem/u_bridge/r_beats[6].  Re-placed instance u_mem/u_bridge/r_beats_reg[6]/Q
INFO: [Physopt 32-662] Processed net u_mem/u_bridge/p_0_in[6].  Did not re-place instance u_mem/u_bridge/r_beats[6]_i_1/O
INFO: [Physopt 32-662] Processed net u_mem/u_bridge/r_len[14].  Did not re-place instance u_mem/u_bridge/r_len_reg[14]/Q
INFO: [Physopt 32-662] Processed net u_mem/u_bridge/r_len[12].  Did not re-place instance u_mem/u_bridge/r_len_reg[12]/Q
INFO: [Physopt 32-662] Processed net u_mem/u_bridge/p_0_in[5].  Did not re-place instance u_mem/u_bridge/r_beats[5]_i_1/O
INFO: [Physopt 32-662] Processed net u_mem/u_bridge/r_len[10].  Did not re-place instance u_mem/u_bridge/r_len_reg[10]/Q
INFO: [Physopt 32-662] Processed net u_mem/u_bridge/r_len[8].  Did not re-place instance u_mem/u_bridge/r_len_reg[8]/Q
INFO: [Physopt 32-662] Processed net u_mem/u_bridge/r_len[7].  Did not re-place instance u_mem/u_bridge/r_len_reg[7]/Q
INFO: [Physopt 32-662] Processed net u_mem/u_bridge/p_0_in[4].  Did not re-place instance u_mem/u_bridge/r_beats[4]_i_1/O
INFO: [Physopt 32-662] Processed net u_mem/u_bridge/p_0_in[1].  Did not re-place instance u_mem/u_bridge/r_beats[1]_i_1/O
INFO: [Physopt 32-662] Processed net u_mem/u_bridge/r_beat[7]_i_1_n_0.  Did not re-place instance u_mem/u_bridge/r_beat[7]_i_1/O
INFO: [Physopt 32-662] Processed net u_mem/u_bridge/r_beat[1].  Did not re-place instance u_mem/u_bridge/r_beat_reg[1]/Q
INFO: [Physopt 32-663] Processed net u_mem/u_bridge/r_beat[2].  Re-placed instance u_mem/u_bridge/r_beat_reg[2]/Q
INFO: [Physopt 32-662] Processed net u_mem/u_bridge/r_beat[6].  Did not re-place instance u_mem/u_bridge/r_beat_reg[6]/Q
INFO: [Physopt 32-662] Processed net u_mem/u_bridge/p_0_in[3].  Did not re-place instance u_mem/u_bridge/r_beats[3]_i_1/O
INFO: [Physopt 32-662] Processed net u_mem/u_bridge/r_beat[0].  Did not re-place instance u_mem/u_bridge/r_beat_reg[0]/Q
INFO: [Physopt 32-662] Processed net u_mem/u_bridge/p_0_in[0].  Did not re-place instance u_mem/u_bridge/r_beats[0]_i_1/O
INFO: [Physopt 32-662] Processed net u_mem/u_bridge/p_0_in[2].  Did not re-place instance u_mem/u_bridge/r_beats[2]_i_1/O
INFO: [Physopt 32-662] Processed net u_mem/u_bridge/r_len[11].  Did not re-place instance u_mem/u_bridge/r_len_reg[11]/Q
INFO: [Physopt 32-662] Processed net u_mem/u_bridge/r_len[6].  Did not re-place instance u_mem/u_bridge/r_len_reg[6]/Q
INFO: [Physopt 32-661] Optimized 7 nets.  Re-placed 19 instances.
INFO: [Physopt 32-775] End 1 Pass. Optimized 7 nets or cells. Created 0 new cell, deleted 0 existing cell and moved 19 existing cells
INFO: [Physopt 32-619] Estimated Timing Summary | WNS=-1.178 | TNS=-640.071 |
Netlist sorting complete. Time (s): cpu = 00:00:00 ; elapsed = 00:00:00.017 . Memory (MB): peak = 5965.594 ; gain = 0.000
Phase 5 Multi Cell Placement Optimization | Checksum: 207951dcb

Time (s): cpu = 00:01:09 ; elapsed = 00:00:43 . Memory (MB): peak = 5965.594 ; gain = 93.910

Phase 6 Rewire
INFO: [Physopt 32-246] Starting Signal Push optimization...
INFO: [Physopt 32-77] Pass 1. Identified 2 candidate nets for rewire optimization.
INFO: [Physopt 32-134] Processed net u_mem/u_bridge/in_range. Rewiring did not optimize the net.
INFO: [Physopt 32-134] Processed net u_ddr4/inst/u_ddr4_mem_intfc/u_ddr_mc/u_ddr_mc_arb_c/tranSentC. Rewiring did not optimize the net.
INFO: [Physopt 32-232] Optimized 0 net. Created 0 new instance.
INFO: [Physopt 32-775] End 1 Pass. Optimized 0 net or cell. Created 0 new cell, deleted 0 existing cell and moved 0 existing cell
Netlist sorting complete. Time (s): cpu = 00:00:00 ; elapsed = 00:00:00.047 . Memory (MB): peak = 5998.992 ; gain = 0.129
Netlist sorting complete. Time (s): cpu = 00:00:00 ; elapsed = 00:00:00.036 . Memory (MB): peak = 5998.992 ; gain = 0.000
Phase 6 Rewire | Checksum: 207951dcb

Time (s): cpu = 00:01:10 ; elapsed = 00:00:45 . Memory (MB): peak = 5998.992 ; gain = 127.309

Phase 7 Critical Cell Optimization
INFO: [Physopt 32-46] Identified 21 candidate nets for critical-cell optimization.
INFO: [Physopt 32-81] Processed net u_mem/u_bridge/in_range. Replicated 1 times.
INFO: [Physopt 32-81] Processed net u_mem/u_bridge/rd_target_ok. Replicated 2 times.
INFO: [Physopt 32-81] Processed net u_mem/u_rd_cmd/rd_bin[0]. Replicated 1 times.
INFO: [Physopt 32-572] Net u_mem/u_bridge/stat_ill_rd[15]_i_7_n_0 was not replicated.
Resolution: phys_opt_design can be forced to replicate a net driver using the option -force_replication_on_nets <list of net objects>.
INFO: [Physopt 32-81] Processed net u_mem/u_rd_cmd/rd_bin[1]. Replicated 1 times.
INFO: [Physopt 32-572] Net u_mem/u_bridge/stat_ill_rd[15]_i_8_n_0 was not replicated.
Resolution: phys_opt_design can be forced to replicate a net driver using the option -force_replication_on_nets <list of net objects>.
INFO: [Physopt 32-572] Net u_mem/u_bridge/rd_wr_en_i_1_n_0 was not replicated.
Resolution: phys_opt_design can be forced to replicate a net driver using the option -force_replication_on_nets <list of net objects>.
INFO: [Physopt 32-572] Net u_mem/u_bridge/r_beats[7]_i_2_n_0 was not replicated.
Resolution: phys_opt_design can be forced to replicate a net driver using the option -force_replication_on_nets <list of net objects>.
INFO: [Physopt 32-572] Net u_mem/u_bridge/r_beats[4]_i_2_n_0 was not replicated.
Resolution: phys_opt_design can be forced to replicate a net driver using the option -force_replication_on_nets <list of net objects>.
INFO: [Physopt 32-572] Net u_mem/u_bridge/r_beat[7]_i_1_n_0 was not replicated.
Resolution: phys_opt_design can be forced to replicate a net driver using the option -force_replication_on_nets <list of net objects>.
INFO: [Physopt 32-572] Net u_mem/u_bridge/r_len[8]_i_120_n_0 was not replicated.
Resolution: phys_opt_design can be forced to replicate a net driver using the option -force_replication_on_nets <list of net objects>.
INFO: [Physopt 32-81] Processed net u_ddr4/inst/u_ddr4_mem_intfc/u_ddr_mc/u_ddr_mc_rd_wr/wtrs[0].u_ddr_mc_wtr/last32_reg_1. Replicated 1 times.
INFO: [Physopt 32-81] Processed net u_ddr4/inst/u_ddr4_mem_intfc/u_ddr_mc/u_ddr_mc_arb_c/winRead. Replicated 1 times.
INFO: [Physopt 32-572] Net u_ddr4/inst/u_ddr4_mem_intfc/u_ddr_mc/u_ddr_mc_rd_wr/wtrs[0].u_ddr_mc_wtr/winPort[3]_i_8__0_n_0 was not replicated.
Resolution: phys_opt_design can be forced to replicate a net driver using the option -force_replication_on_nets <list of net objects>.
INFO: [Physopt 32-81] Processed net u_ddr4/inst/u_ddr4_mem_intfc/u_ddr_mc/bgr[3].u_ddr_mc_group/rdReq[0]. Replicated 1 times.
INFO: [Physopt 32-572] Net u_ddr4/inst/u_ddr4_mem_intfc/u_ddr_mc/u_ddr_mc_rd_wr/wtrs[0].u_ddr_mc_wtr/u_ddr_mc_arb_c/reqs__3[0] was not replicated.
Resolution: phys_opt_design can be forced to replicate a net driver using the option -force_replication_on_nets <list of net objects>.
INFO: [Physopt 32-572] Net u_mem/u_bridge/rstate was not replicated.
Resolution: phys_opt_design can be forced to replicate a net driver using the option -force_replication_on_nets <list of net objects>.
INFO: [Physopt 32-81] Processed net u_ddr4/inst/u_ddr4_mem_intfc/u_ddr_mc/u_ddr_mc_arb_c/clrReq17_out. Replicated 1 times.
INFO: [Physopt 32-81] Processed net u_ddr4/inst/u_ddr4_mem_intfc/u_ddr_mc/bgr[2].u_ddr_mc_group/rdReq[0]. Replicated 1 times.
INFO: [Physopt 32-232] Optimized 9 nets. Created 10 new instances.
INFO: [Physopt 32-775] End 1 Pass. Optimized 9 nets or cells. Created 10 new cells, deleted 0 existing cell and moved 0 existing cell
INFO: [Physopt 32-619] Estimated Timing Summary | WNS=-1.148 | TNS=-640.465 |
Netlist sorting complete. Time (s): cpu = 00:00:00 ; elapsed = 00:00:00.085 . Memory (MB): peak = 6236.465 ; gain = 0.730
Phase 7 Critical Cell Optimization | Checksum: 1dccd9844

Time (s): cpu = 00:01:23 ; elapsed = 00:00:53 . Memory (MB): peak = 6236.465 ; gain = 364.781

Phase 8 Fanout Optimization
INFO: [Physopt 32-76] Pass 1. Identified 8 candidate nets for fanout optimization.
INFO: [Physopt 32-572] Net u_mem/u_bridge/r_slot[2]_i_1_n_0 was not replicated.
Resolution: phys_opt_design can be forced to replicate a net driver using the option -force_replication_on_nets <list of net objects>.
INFO: [Physopt 32-572] Net u_mem/u_bridge/r_slot was not replicated.
Resolution: phys_opt_design can be forced to replicate a net driver using the option -force_replication_on_nets <list of net objects>.
INFO: [Physopt 32-572] Net u_mem/u_bridge/r_slot[3]_i_1_n_0 was not replicated.
Resolution: phys_opt_design can be forced to replicate a net driver using the option -force_replication_on_nets <list of net objects>.
INFO: [Physopt 32-572] Net u_mem/u_bridge/sel0[2] was not replicated.
Resolution: phys_opt_design can be forced to replicate a net driver using the option -force_replication_on_nets <list of net objects>.
INFO: [Physopt 32-572] Net u_mem/u_bridge/r_len[2]_i_56_n_0 was not replicated.
Resolution: phys_opt_design can be forced to replicate a net driver using the option -force_replication_on_nets <list of net objects>.
INFO: [Physopt 32-572] Net u_mem/u_bridge/r_len[9]_i_120_n_0 was not replicated.
Resolution: phys_opt_design can be forced to replicate a net driver using the option -force_replication_on_nets <list of net objects>.
INFO: [Physopt 32-572] Net u_mem/u_bridge/r_len[5]_i_57_n_0 was not replicated.
Resolution: phys_opt_design can be forced to replicate a net driver using the option -force_replication_on_nets <list of net objects>.
INFO: [Physopt 32-572] Net u_mem/u_bridge/r_len[8]_i_120_n_0_repN was not replicated.
Resolution: phys_opt_design can be forced to replicate a net driver using the option -force_replication_on_nets <list of net objects>.
INFO: [Physopt 32-232] Optimized 0 net. Created 0 new instance.
INFO: [Physopt 32-775] End 1 Pass. Optimized 0 net or cell. Created 0 new cell, deleted 0 existing cell and moved 0 existing cell
Netlist sorting complete. Time (s): cpu = 00:00:00 ; elapsed = 00:00:00.029 . Memory (MB): peak = 6426.141 ; gain = 0.227
Phase 8 Fanout Optimization | Checksum: 1dccd9844

Time (s): cpu = 00:01:28 ; elapsed = 00:00:57 . Memory (MB): peak = 6426.141 ; gain = 554.457

Phase 9 Single Cell Placement Optimization
INFO: [Physopt 32-660] Identified 250 candidate nets for placement-based optimization.
INFO: [Physopt 32-662] Processed net u_mem/u_bridge/r_slot[2]_i_1_n_0.  Did not re-place instance u_mem/u_bridge/r_slot[2]_i_1
INFO: [Physopt 32-662] Processed net u_mem/u_bridge/r_slot.  Did not re-place instance u_mem/u_bridge/r_slot[7]_i_1
INFO: [Physopt 32-662] Processed net u_mem/u_bridge/in_range.  Did not re-place instance u_mem/u_bridge/stat_ill_rd[15]_i_4
INFO: [Physopt 32-662] Processed net u_mem/u_rd_cmd/rd_bin[0]_repN.  Did not re-place instance u_mem/u_rd_cmd/rd_bin_reg[0]_replica
INFO: [Physopt 32-662] Processed net u_mem/u_bridge/stat_ill_rd[15]_i_7_n_0.  Did not re-place instance u_mem/u_bridge/stat_ill_rd[15]_i_7
INFO: [Physopt 32-662] Processed net u_mem/u_bridge/rd_target_ok.  Did not re-place instance u_mem/u_bridge/stat_ill_rd[15]_i_3
INFO: [Physopt 32-662] Processed net u_mem/u_bridge/r_slot[1]_i_7_n_0.  Did not re-place instance u_mem/u_bridge/r_slot[1]_i_7
INFO: [Physopt 32-662] Processed net u_mem/u_bridge/r_len[13].  Did not re-place instance u_mem/u_bridge/r_len_reg[13]
INFO: [Physopt 32-662] Processed net u_mem/u_rd_cmd/rd_bin[1]_repN.  Did not re-place instance u_mem/u_rd_cmd/rd_bin_reg[1]_replica
INFO: [Physopt 32-662] Processed net u_mem/u_bridge/stat_ill_rd[15]_i_8_n_0.  Did not re-place instance u_mem/u_bridge/stat_ill_rd[15]_i_8
INFO: [Physopt 32-662] Processed net u_mem/u_bridge/r_len[15].  Did not re-place instance u_mem/u_bridge/r_len_reg[15]
INFO: [Physopt 32-663] Processed net u_mem/u_bridge/r_slot[3]_i_1_n_0.  Re-placed instance u_mem/u_bridge/r_slot[3]_i_1
INFO: [Physopt 32-662] Processed net u_mem/u_bridge/sel0[2].  Did not re-place instance u_mem/u_bridge/r_len[10]_i_57
INFO: [Physopt 32-662] Processed net u_mem/u_bridge/r_beats[7]_i_2_n_0.  Did not re-place instance u_mem/u_bridge/r_beats[7]_i_2
INFO: [Physopt 32-662] Processed net u_mem/u_bridge/r_beats[7].  Did not re-place instance u_mem/u_bridge/r_beats_reg[7]
INFO: [Physopt 32-662] Processed net u_mem/u_bridge/p_0_in[7].  Did not re-place instance u_mem/u_bridge/r_beats[7]_i_1
INFO: [Physopt 32-662] Processed net u_mem/u_bridge/r_len[8]_i_7_n_0.  Did not re-place instance u_mem/u_bridge/r_len[8]_i_7
INFO: [Physopt 32-662] Processed net u_mem/u_bridge/r_slot[1]_i_11_n_0.  Did not re-place instance u_mem/u_bridge/r_slot[1]_i_11
INFO: [Physopt 32-662] Processed net u_mem/u_bridge/r_slot[1]_i_8_n_0.  Did not re-place instance u_mem/u_bridge/r_slot[1]_i_8
INFO: [Physopt 32-662] Processed net u_mem/u_bridge/r_len[9]_i_4_n_0.  Did not re-place instance u_mem/u_bridge/r_len[9]_i_4
INFO: [Physopt 32-663] Processed net u_mem/u_bridge/rd_wr_en_i_1_n_0.  Re-placed instance u_mem/u_bridge/rd_wr_en_i_1
INFO: [Physopt 32-662] Processed net u_mem/u_bridge/p_0_in__3[8].  Did not re-place instance u_mem/u_bridge/r_len_reg[0]
INFO: [Physopt 32-662] Processed net u_mem/u_bridge/r_len[8]_i_4_n_0.  Did not re-place instance u_mem/u_bridge/r_len[8]_i_4
INFO: [Physopt 32-663] Processed net u_mem/u_bridge/rd_wr_data_reg[24]_0[16].  Re-placed instance u_mem/u_bridge/rd_wr_data_reg[16]
INFO: [Physopt 32-663] Processed net u_mem/u_bridge/rd_wr_data_reg[24]_0[1].  Re-placed instance u_mem/u_bridge/rd_wr_data_reg[1]
INFO: [Physopt 32-663] Processed net u_mem/u_bridge/rd_wr_data_reg[24]_0[24].  Re-placed instance u_mem/u_bridge/rd_wr_data_reg[24]
INFO: [Physopt 32-663] Processed net u_mem/u_bridge/rd_wr_data_reg[24]_0[7].  Re-placed instance u_mem/u_bridge/rd_wr_data_reg[7]
INFO: [Physopt 32-662] Processed net u_mem/u_bridge/r_len[10]_i_4_n_0.  Did not re-place instance u_mem/u_bridge/r_len[10]_i_4
INFO: [Physopt 32-662] Processed net u_mem/u_bridge/r_len[8]_i_6_n_0.  Did not re-place instance u_mem/u_bridge/r_len[8]_i_6
INFO: [Physopt 32-663] Processed net u_mem/u_bridge/rd_wr_data_reg[24]_0[0].  Re-placed instance u_mem/u_bridge/rd_wr_data_reg[0]
INFO: [Physopt 32-663] Processed net u_mem/u_bridge/rd_wr_data_reg[24]_0[15].  Re-placed instance u_mem/u_bridge/rd_wr_data_reg[15]
INFO: [Physopt 32-663] Processed net u_mem/u_bridge/rd_wr_data_reg[24]_0[23].  Re-placed instance u_mem/u_bridge/rd_wr_data_reg[23]
INFO: [Physopt 32-663] Processed net u_mem/u_bridge/rd_wr_data_reg[24]_0[6].  Re-placed instance u_mem/u_bridge/rd_wr_data_reg[6]
INFO: [Physopt 32-662] Processed net u_mem/u_bridge/r_len[9]_i_5_n_0.  Did not re-place instance u_mem/u_bridge/r_len[9]_i_5
INFO: [Physopt 32-662] Processed net u_mem/u_bridge/r_len[11]_i_4_n_0.  Did not re-place instance u_mem/u_bridge/r_len[11]_i_4
INFO: [Physopt 32-662] Processed net u_mem/u_bridge/r_len[9]_i_6_n_0.  Did not re-place instance u_mem/u_bridge/r_len[9]_i_6
INFO: [Physopt 32-662] Processed net u_mem/u_bridge/r_slot[1]_i_12_n_0.  Did not re-place instance u_mem/u_bridge/r_slot[1]_i_12
INFO: [Physopt 32-662] Processed net u_mem/u_bridge/r_len[7]_i_7_n_0.  Did not re-place instance u_mem/u_bridge/r_len[7]_i_7
INFO: [Physopt 32-662] Processed net u_mem/u_bridge/r_beat[7]_i_1_n_0.  Did not re-place instance u_mem/u_bridge/r_beat[7]_i_1
INFO: [Physopt 32-662] Processed net u_mem/u_bridge/rd_target_ok_repN.  Did not re-place instance u_mem/u_bridge/stat_ill_rd[15]_i_3_replica
INFO: [Physopt 32-662] Processed net u_mem/u_bridge/r_beat[1].  Did not re-place instance u_mem/u_bridge/r_beat_reg[1]
INFO: [Physopt 32-662] Processed net u_mem/u_bridge/r_beat[2].  Did not re-place instance u_mem/u_bridge/r_beat_reg[2]
INFO: [Physopt 32-662] Processed net u_mem/u_bridge/r_beat[6].  Did not re-place instance u_mem/u_bridge/r_beat_reg[6]
INFO: [Physopt 32-662] Processed net u_mem/u_bridge/stat_ill_rd[15]_i_10_n_0.  Did not re-place instance u_mem/u_bridge/stat_ill_rd[15]_i_10
INFO: [Physopt 32-662] Processed net u_mem/u_bridge/stat_ill_rd[15]_i_11_n_0.  Did not re-place instance u_mem/u_bridge/stat_ill_rd[15]_i_11
INFO: [Physopt 32-662] Processed net u_mem/u_bridge/r_beats[6].  Did not re-place instance u_mem/u_bridge/r_beats_reg[6]
INFO: [Physopt 32-662] Processed net u_mem/u_bridge/p_0_in[6].  Did not re-place instance u_mem/u_bridge/r_beats[6]_i_1
INFO: [Physopt 32-662] Processed net u_mem/u_bridge/r_beat[0].  Did not re-place instance u_mem/u_bridge/r_beat_reg[0]
INFO: [Physopt 32-662] Processed net u_mem/u_bridge/r_len[7]_i_6_n_0.  Did not re-place instance u_mem/u_bridge/r_len[7]_i_6
INFO: [Physopt 32-662] Processed net u_mem/u_bridge/p_0_in__3[13].  Did not re-place instance u_mem/u_bridge/r_len_reg[5]
INFO: [Physopt 32-662] Processed net u_mem/u_bridge/r_len[9].  Did not re-place instance u_mem/u_bridge/r_len_reg[9]
INFO: [Physopt 32-662] Processed net u_mem/u_bridge/r_slot[1]_i_5_n_0.  Did not re-place instance u_mem/u_bridge/r_slot[1]_i_5
INFO: [Physopt 32-662] Processed net u_mem/u_bridge/r_len[2]_i_56_n_0.  Did not re-place instance u_mem/u_bridge/r_len[2]_i_56
INFO: [Physopt 32-662] Processed net u_mem/u_bridge/r_beats[4]_i_2_n_0.  Did not re-place instance u_mem/u_bridge/r_beats[4]_i_2
INFO: [Physopt 32-662] Processed net u_mem/u_bridge/in_range_repN.  Did not re-place instance u_mem/u_bridge/stat_ill_rd[15]_i_4_replica
INFO: [Physopt 32-662] Processed net u_mem/u_bridge/r_len[1]_i_5_n_0.  Did not re-place instance u_mem/u_bridge/r_len[1]_i_5
INFO: [Physopt 32-663] Processed net u_mem/u_bridge/r_len[9]_i_120_n_0.  Re-placed instance u_mem/u_bridge/r_len[9]_i_120
INFO: [Physopt 32-662] Processed net u_mem/u_bridge/r_len[9]_i_90_n_0.  Did not re-place instance u_mem/u_bridge/r_len[9]_i_90
INFO: [Physopt 32-662] Processed net u_mem/u_bridge/r_len[5]_i_57_n_0.  Did not re-place instance u_mem/u_bridge/r_len[5]_i_57
INFO: [Physopt 32-662] Processed net u_mem/u_bridge/r_len[4]_i_5_n_0.  Did not re-place instance u_mem/u_bridge/r_len[4]_i_5
INFO: [Physopt 32-662] Processed net u_mem/u_bridge/r_len[8]_i_5_n_0.  Did not re-place instance u_mem/u_bridge/r_len[8]_i_5
INFO: [Physopt 32-662] Processed net u_mem/u_bridge/r_slot[1]_i_6_n_0.  Did not re-place instance u_mem/u_bridge/r_slot[1]_i_6
INFO: [Physopt 32-662] Processed net u_mem/u_bridge/r_beats[1].  Did not re-place instance u_mem/u_bridge/r_beats_reg[1]
INFO: [Physopt 32-662] Processed net u_mem/u_bridge/r_beats[3].  Did not re-place instance u_mem/u_bridge/r_beats_reg[3]
INFO: [Physopt 32-662] Processed net u_mem/u_bridge/p_0_in__3[10].  Did not re-place instance u_mem/u_bridge/r_len_reg[2]
INFO: [Physopt 32-662] Processed net u_mem/u_bridge/r_len[9]_i_91_n_0.  Did not re-place instance u_mem/u_bridge/r_len[9]_i_91
INFO: [Physopt 32-662] Processed net u_mem/u_bridge/r_len[9]_i_88_n_0.  Did not re-place instance u_mem/u_bridge/r_len[9]_i_88
INFO: [Physopt 32-662] Processed net u_mem/u_bridge/r_beats[0].  Did not re-place instance u_mem/u_bridge/r_beats_reg[0]
INFO: [Physopt 32-662] Processed net u_mem/u_bridge/r_beats[2].  Did not re-place instance u_mem/u_bridge/r_beats_reg[2]
INFO: [Physopt 32-662] Processed net u_mem/u_bridge/r_beats[4].  Did not re-place instance u_mem/u_bridge/r_beats_reg[4]
INFO: [Physopt 32-662] Processed net u_mem/u_bridge/r_beats[5].  Did not re-place instance u_mem/u_bridge/r_beats_reg[5]
INFO: [Physopt 32-662] Processed net u_mem/u_bridge/p_0_in[5].  Did not re-place instance u_mem/u_bridge/r_beats[5]_i_1
INFO: [Physopt 32-662] Processed net u_mem/u_bridge/r_len[9]_i_89_n_0.  Did not re-place instance u_mem/u_bridge/r_len[9]_i_89
INFO: [Physopt 32-662] Processed net u_mem/u_bridge/r_len[7]_i_4_n_0.  Did not re-place instance u_mem/u_bridge/r_len[7]_i_4
INFO: [Physopt 32-662] Processed net u_mem/u_bridge/r_len[0]_i_7_n_0.  Did not re-place instance u_mem/u_bridge/r_len[0]_i_7
INFO: [Physopt 32-662] Processed net u_mem/u_bridge/r_len[9]_i_76_n_0.  Did not re-place instance u_mem/u_bridge/r_len[9]_i_76
INFO: [Physopt 32-662] Processed net u_mem/u_bridge/r_len[9]_i_77_n_0.  Did not re-place instance u_mem/u_bridge/r_len[9]_i_77
INFO: [Physopt 32-662] Processed net u_mem/u_bridge/r_len[4]_i_4_n_0.  Did not re-place instance u_mem/u_bridge/r_len[4]_i_4
INFO: [Physopt 32-662] Processed net u_mem/u_bridge/r_len[9]_i_7_n_0.  Did not re-place instance u_mem/u_bridge/r_len[9]_i_7
INFO: [Physopt 32-662] Processed net u_mem/u_bridge/r_len[0]_i_5_n_0.  Did not re-place instance u_mem/u_bridge/r_len[0]_i_5
INFO: [Physopt 32-662] Processed net u_mem/u_bridge/r_len[14].  Did not re-place instance u_mem/u_bridge/r_len_reg[14]
INFO: [Physopt 32-662] Processed net u_mem/u_bridge/r_len[1]_i_7_n_0.  Did not re-place instance u_mem/u_bridge/r_len[1]_i_7
INFO: [Physopt 32-662] Processed net u_mem/u_bridge/r_len[9]_i_60_n_0.  Did not re-place instance u_mem/u_bridge/r_len[9]_i_60
INFO: [Physopt 32-662] Processed net u_mem/u_bridge/r_len[4]_i_7_n_0.  Did not re-place instance u_mem/u_bridge/r_len[4]_i_7
INFO: [Physopt 32-662] Processed net u_mem/u_bridge/r_len[9]_i_61_n_0.  Did not re-place instance u_mem/u_bridge/r_len[9]_i_61
INFO: [Physopt 32-662] Processed net u_mem/u_bridge/r_len[9]_i_62_n_0.  Did not re-place instance u_mem/u_bridge/r_len[9]_i_62
INFO: [Physopt 32-662] Processed net u_mem/u_bridge/r_slot[1]_i_9_n_0.  Did not re-place instance u_mem/u_bridge/r_slot[1]_i_9
INFO: [Physopt 32-662] Processed net u_mem/u_bridge/r_slot[1]_i_10_n_0.  Did not re-place instance u_mem/u_bridge/r_slot[1]_i_10
INFO: [Physopt 32-662] Processed net u_mem/u_bridge/r_len[9]_i_63_n_0.  Did not re-place instance u_mem/u_bridge/r_len[9]_i_63
INFO: [Physopt 32-662] Processed net u_mem/u_bridge/r_len[9]_i_78_n_0.  Did not re-place instance u_mem/u_bridge/r_len[9]_i_78
INFO: [Physopt 32-662] Processed net u_mem/u_bridge/p_0_in__3[12].  Did not re-place instance u_mem/u_bridge/r_len_reg[4]
INFO: [Physopt 32-662] Processed net u_mem/u_bridge/r_len[9]_i_79_n_0.  Did not re-place instance u_mem/u_bridge/r_len[9]_i_79
INFO: [Physopt 32-662] Processed net u_mem/u_bridge/r_len[12].  Did not re-place instance u_mem/u_bridge/r_len_reg[12]
INFO: [Physopt 32-662] Processed net u_mem/u_bridge/r_slot[1]_i_1_n_0.  Did not re-place instance u_mem/u_bridge/r_slot[1]_i_1
INFO: [Physopt 32-662] Processed net u_mem/u_bridge/stat_ill_rd[15]_i_97_n_0.  Did not re-place instance u_mem/u_bridge/stat_ill_rd[15]_i_97
INFO: [Physopt 32-662] Processed net u_mem/u_bridge/sel0[3].  Did not re-place instance u_mem/u_bridge/r_len[5]_i_24
INFO: [Physopt 32-662] Processed net u_mem/u_bridge/r_len[2]_i_7_n_0.  Did not re-place instance u_mem/u_bridge/r_len[2]_i_7
INFO: [Physopt 32-662] Processed net u_mem/u_bridge/r_len[5]_i_5_n_0.  Did not re-place instance u_mem/u_bridge/r_len[5]_i_5
INFO: [Physopt 32-662] Processed net u_mem/u_bridge/r_len[7]_i_5_n_0.  Did not re-place instance u_mem/u_bridge/r_len[7]_i_5
INFO: [Physopt 32-662] Processed net u_mem/u_bridge/stat_ill_rd[15]_i_96_n_0.  Did not re-place instance u_mem/u_bridge/stat_ill_rd[15]_i_96
INFO: [Physopt 32-663] Processed net u_mem/u_bridge/r_len[8]_i_120_n_0_repN.  Re-placed instance u_mem/u_bridge/r_len[8]_i_120_replica
INFO: [Physopt 32-662] Processed net u_mem/u_bridge/r_len[2]_i_4_n_0.  Did not re-place instance u_mem/u_bridge/r_len[2]_i_4
INFO: [Physopt 32-662] Processed net u_mem/u_bridge/r_len[8]_i_56_n_0.  Did not re-place instance u_mem/u_bridge/r_len[8]_i_56
INFO: [Physopt 32-662] Processed net u_mem/u_bridge/r_len[3]_i_7_n_0.  Did not re-place instance u_mem/u_bridge/r_len[3]_i_7
INFO: [Physopt 32-662] Processed net u_mem/u_bridge/r_len[8]_i_57_n_0.  Did not re-place instance u_mem/u_bridge/r_len[8]_i_57
INFO: [Physopt 32-662] Processed net u_mem/u_bridge/r_len[8]_i_68_n_0.  Did not re-place instance u_mem/u_bridge/r_len[8]_i_68
INFO: [Physopt 32-662] Processed net u_mem/u_bridge/r_len[8]_i_70_n_0.  Did not re-place instance u_mem/u_bridge/r_len[8]_i_70
INFO: [Physopt 32-662] Processed net u_mem/u_bridge/r_len[8]_i_69_n_0.  Did not re-place instance u_mem/u_bridge/r_len[8]_i_69
INFO: [Physopt 32-662] Processed net u_mem/u_bridge/stat_ill_rd[15]_i_60_n_0.  Did not re-place instance u_mem/u_bridge/stat_ill_rd[15]_i_60
INFO: [Physopt 32-662] Processed net u_mem/u_bridge/r_len[8]_i_71_n_0.  Did not re-place instance u_mem/u_bridge/r_len[8]_i_71
INFO: [Physopt 32-662] Processed net u_mem/u_bridge/p_0_in[4].  Did not re-place instance u_mem/u_bridge/r_beats[4]_i_1
INFO: [Physopt 32-662] Processed net u_mem/u_bridge/r_len[1]_i_4_n_0.  Did not re-place instance u_mem/u_bridge/r_len[1]_i_4
INFO: [Physopt 32-662] Processed net u_mem/u_bridge/stat_ill_rd[15]_i_61_n_0.  Did not re-place instance u_mem/u_bridge/stat_ill_rd[15]_i_61
INFO: [Physopt 32-662] Processed net u_mem/u_bridge/stat_ill_rd[15]_i_62_n_0.  Did not re-place instance u_mem/u_bridge/stat_ill_rd[15]_i_62
INFO: [Physopt 32-662] Processed net u_mem/u_bridge/r_len[9]_i_66_n_0.  Did not re-place instance u_mem/u_bridge/r_len[9]_i_66
INFO: [Physopt 32-662] Processed net u_mem/u_bridge/stat_ill_rd[15]_i_63_n_0.  Did not re-place instance u_mem/u_bridge/stat_ill_rd[15]_i_63
INFO: [Physopt 32-662] Processed net u_mem/u_bridge/r_len[10].  Did not re-place instance u_mem/u_bridge/r_len_reg[10]
INFO: [Physopt 32-662] Processed net u_mem/u_bridge/r_len[10]_i_24_n_0.  Did not re-place instance u_mem/u_bridge/r_len[10]_i_24
INFO: [Physopt 32-662] Processed net u_mem/u_bridge/r_len[8]_i_104_n_0.  Did not re-place instance u_mem/u_bridge/r_len[8]_i_104
INFO: [Physopt 32-662] Processed net u_mem/u_bridge/r_len[0]_i_6_n_0.  Did not re-place instance u_mem/u_bridge/r_len[0]_i_6
INFO: [Physopt 32-662] Processed net u_mem/u_bridge/r_len[9]_i_67_n_0.  Did not re-place instance u_mem/u_bridge/r_len[9]_i_67
INFO: [Physopt 32-662] Processed net u_mem/u_bridge/r_len[10]_i_7_n_0.  Did not re-place instance u_mem/u_bridge/r_len[10]_i_7
INFO: [Physopt 32-662] Processed net u_mem/u_bridge/r_len[4]_i_6_n_0.  Did not re-place instance u_mem/u_bridge/r_len[4]_i_6
INFO: [Physopt 32-662] Processed net u_mem/u_bridge/r_len[8]_i_105_n_0.  Did not re-place instance u_mem/u_bridge/r_len[8]_i_105
INFO: [Physopt 32-662] Processed net u_mem/u_bridge/r_beat[3].  Did not re-place instance u_mem/u_bridge/r_beat_reg[3]
INFO: [Physopt 32-662] Processed net u_mem/u_bridge/r_beat[4].  Did not re-place instance u_mem/u_bridge/r_beat_reg[4]
INFO: [Physopt 32-662] Processed net u_mem/u_bridge/r_beat[5].  Did not re-place instance u_mem/u_bridge/r_beat_reg[5]
INFO: [Physopt 32-662] Processed net u_mem/u_bridge/r_beat[7].  Did not re-place instance u_mem/u_bridge/r_beat_reg[7]
INFO: [Physopt 32-662] Processed net u_mem/u_bridge/r_len[8]_i_97_n_0.  Did not re-place instance u_mem/u_bridge/r_len[8]_i_97
INFO: [Physopt 32-662] Processed net u_mem/u_bridge/stat_ill_rd[15]_i_70_n_0.  Did not re-place instance u_mem/u_bridge/stat_ill_rd[15]_i_70
INFO: [Physopt 32-663] Processed net u_mem/u_bridge/r_slot_reg[7]_0[6].  Re-placed instance u_mem/u_bridge/r_slot_reg[6]
INFO: [Physopt 32-662] Processed net u_mem/u_bridge/p_0_in[3].  Did not re-place instance u_mem/u_bridge/r_beats[3]_i_1
INFO: [Physopt 32-662] Processed net u_mem/u_bridge/r_len[8]_i_96_n_0.  Did not re-place instance u_mem/u_bridge/r_len[8]_i_96
INFO: [Physopt 32-662] Processed net u_mem/u_bridge/r_slot[0]_i_1_n_0.  Did not re-place instance u_mem/u_bridge/r_slot[0]_i_1
INFO: [Physopt 32-662] Processed net u_mem/u_bridge/stat_ill_rd[15]_i_76_n_0.  Did not re-place instance u_mem/u_bridge/stat_ill_rd[15]_i_76
INFO: [Physopt 32-662] Processed net u_mem/u_bridge/stat_ill_rd[15]_i_77_n_0.  Did not re-place instance u_mem/u_bridge/stat_ill_rd[15]_i_77
INFO: [Physopt 32-662] Processed net u_mem/u_bridge/p_0_in__3[9].  Did not re-place instance u_mem/u_bridge/r_len_reg[1]
INFO: [Physopt 32-662] Processed net u_mem/u_bridge/stat_ill_rd[15]_i_71_n_0.  Did not re-place instance u_mem/u_bridge/stat_ill_rd[15]_i_71
INFO: [Physopt 32-662] Processed net u_mem/u_bridge/r_len[8].  Did not re-place instance u_mem/u_bridge/r_len_reg[8]
INFO: [Physopt 32-662] Processed net u_mem/u_bridge/stat_ill_rd[15]_i_69_n_0.  Did not re-place instance u_mem/u_bridge/stat_ill_rd[15]_i_69
INFO: [Physopt 32-662] Processed net u_mem/u_bridge/r_len[2]_i_5_n_0.  Did not re-place instance u_mem/u_bridge/r_len[2]_i_5
INFO: [Physopt 32-662] Processed net u_mem/u_bridge/p_0_in__3[11].  Did not re-place instance u_mem/u_bridge/r_len_reg[3]
INFO: [Physopt 32-662] Processed net u_mem/u_bridge/stat_ill_rd[15]_i_68_n_0.  Did not re-place instance u_mem/u_bridge/stat_ill_rd[15]_i_68
INFO: [Physopt 32-662] Processed net u_mem/u_bridge/r_len[7].  Did not re-place instance u_mem/u_bridge/r_len_reg[7]
INFO: [Physopt 32-663] Processed net u_mem/u_bridge/rd_wr_data_reg[24]_0[12].  Re-placed instance u_mem/u_bridge/rd_wr_data_reg[12]
INFO: [Physopt 32-663] Processed net u_mem/u_bridge/rd_wr_data_reg[24]_0[20].  Re-placed instance u_mem/u_bridge/rd_wr_data_reg[20]
INFO: [Physopt 32-663] Processed net u_mem/u_bridge/rd_wr_data_reg[24]_0[22].  Re-placed instance u_mem/u_bridge/rd_wr_data_reg[22]
INFO: [Physopt 32-663] Processed net u_mem/u_bridge/rd_wr_data_reg[24]_0[3].  Re-placed instance u_mem/u_bridge/rd_wr_data_reg[3]
INFO: [Physopt 32-662] Processed net u_mem/u_bridge/r_len[1]_i_6_n_0.  Did not re-place instance u_mem/u_bridge/r_len[1]_i_6
INFO: [Physopt 32-662] Processed net u_mem/u_bridge/r_len[8]_i_92_n_0.  Did not re-place instance u_mem/u_bridge/r_len[8]_i_92
INFO: [Physopt 32-663] Processed net u_mem/u_bridge/rd_wr_data_reg[24]_0[11].  Re-placed instance u_mem/u_bridge/rd_wr_data_reg[11]
INFO: [Physopt 32-663] Processed net u_mem/u_bridge/rd_wr_data_reg[24]_0[19].  Re-placed instance u_mem/u_bridge/rd_wr_data_reg[19]
INFO: [Physopt 32-662] Processed net u_mem/u_bridge/rd_wr_data_reg[24]_0[21].  Did not re-place instance u_mem/u_bridge/rd_wr_data_reg[21]
INFO: [Physopt 32-662] Processed net u_mem/u_bridge/rd_wr_data_reg[24]_0[2].  Did not re-place instance u_mem/u_bridge/rd_wr_data_reg[2]
INFO: [Physopt 32-662] Processed net u_mem/u_bridge/r_len[8]_i_62_n_0.  Did not re-place instance u_mem/u_bridge/r_len[8]_i_62
INFO: [Physopt 32-662] Processed net u_mem/u_bridge/r_len[8]_i_93_n_0.  Did not re-place instance u_mem/u_bridge/r_len[8]_i_93
INFO: [Physopt 32-663] Processed net u_mem/u_bridge/r_slot_reg[7]_0[7].  Re-placed instance u_mem/u_bridge/r_slot_reg[7]
INFO: [Physopt 32-663] Processed net u_mem/u_bridge/r_slot_reg[7]_0[0].  Re-placed instance u_mem/u_bridge/r_slot_reg[0]
INFO: [Physopt 32-663] Processed net u_mem/u_bridge/r_slot_reg[7]_0[4].  Re-placed instance u_mem/u_bridge/r_slot_reg[4]
INFO: [Physopt 32-662] Processed net u_mem/u_bridge/r_len[8]_i_63_n_0.  Did not re-place instance u_mem/u_bridge/r_len[8]_i_63
INFO: [Physopt 32-662] Processed net u_mem/u_bridge/stat_ill_rd[15]_i_78_n_0.  Did not re-place instance u_mem/u_bridge/stat_ill_rd[15]_i_78
INFO: [Physopt 32-662] Processed net u_mem/u_bridge/stat_ill_rd[15]_i_98_n_0.  Did not re-place instance u_mem/u_bridge/stat_ill_rd[15]_i_98
INFO: [Physopt 32-662] Processed net u_mem/u_bridge/rd_wr_data_reg[24]_0[14].  Did not re-place instance u_mem/u_bridge/rd_wr_data_reg[14]
INFO: [Physopt 32-662] Processed net u_mem/u_bridge/rd_wr_data_reg[24]_0[18].  Did not re-place instance u_mem/u_bridge/rd_wr_data_reg[18]
INFO: [Physopt 32-662] Processed net u_mem/u_bridge/rd_wr_data_reg[24]_0[5].  Did not re-place instance u_mem/u_bridge/rd_wr_data_reg[5]
INFO: [Physopt 32-662] Processed net u_mem/u_bridge/rd_wr_data_reg[24]_0[8].  Did not re-place instance u_mem/u_bridge/rd_wr_data_reg[8]
INFO: [Physopt 32-662] Processed net u_mem/u_bridge/stat_ill_rd[15]_i_79_n_0.  Did not re-place instance u_mem/u_bridge/stat_ill_rd[15]_i_79
INFO: [Physopt 32-662] Processed net u_mem/u_bridge/r_len[13]_i_56_n_0.  Did not re-place instance u_mem/u_bridge/r_len[13]_i_56
INFO: [Physopt 32-662] Processed net u_mem/u_bridge/r_len[13]_i_4_n_0.  Did not re-place instance u_mem/u_bridge/r_len[13]_i_4
INFO: [Physopt 32-662] Processed net u_mem/u_bridge/rd_wr_data_reg[24]_0[10].  Did not re-place instance u_mem/u_bridge/rd_wr_data_reg[10]
INFO: [Physopt 32-662] Processed net u_mem/u_bridge/rd_wr_data_reg[24]_0[13].  Did not re-place instance u_mem/u_bridge/rd_wr_data_reg[13]
INFO: [Physopt 32-662] Processed net u_mem/u_bridge/rd_wr_data_reg[24]_0[17].  Did not re-place instance u_mem/u_bridge/rd_wr_data_reg[17]
INFO: [Physopt 32-662] Processed net u_mem/u_bridge/rd_wr_data_reg[24]_0[4].  Did not re-place instance u_mem/u_bridge/rd_wr_data_reg[4]
INFO: [Physopt 32-662] Processed net u_mem/u_bridge/r_len[7]_i_120_n_0.  Did not re-place instance u_mem/u_bridge/r_len[7]_i_120
INFO: [Physopt 32-662] Processed net u_mem/u_bridge/r_len[7]_i_66_n_0.  Did not re-place instance u_mem/u_bridge/r_len[7]_i_66
INFO: [Physopt 32-662] Processed net u_mem/u_bridge/r_len[9]_i_110_n_0.  Did not re-place instance u_mem/u_bridge/r_len[9]_i_110
INFO: [Physopt 32-662] Processed net u_mem/u_bridge/stat_ill_rd[15]_i_99_n_0.  Did not re-place instance u_mem/u_bridge/stat_ill_rd[15]_i_99
INFO: [Physopt 32-662] Processed net u_mem/u_bridge/stat_ill_rd[15]_i_74_n_0.  Did not re-place instance u_mem/u_bridge/stat_ill_rd[15]_i_74
INFO: [Physopt 32-662] Processed net u_mem/u_bridge/r_len[8]_i_106_n_0.  Did not re-place instance u_mem/u_bridge/r_len[8]_i_106
INFO: [Physopt 32-662] Processed net u_mem/u_bridge/r_len[9]_i_111_n_0.  Did not re-place instance u_mem/u_bridge/r_len[9]_i_111
INFO: [Physopt 32-662] Processed net u_mem/u_bridge/p_0_in[1].  Did not re-place instance u_mem/u_bridge/r_beats[1]_i_1
INFO: [Physopt 32-662] Processed net u_mem/u_bridge/r_len[8]_i_72_n_0.  Did not re-place instance u_mem/u_bridge/r_len[8]_i_72
INFO: [Physopt 32-662] Processed net u_mem/u_bridge/rd_wr_data_reg[24]_0[9].  Did not re-place instance u_mem/u_bridge/rd_wr_data_reg[9]
INFO: [Physopt 32-662] Processed net u_mem/u_bridge/r_len[7]_i_67_n_0.  Did not re-place instance u_mem/u_bridge/r_len[7]_i_67
INFO: [Physopt 32-662] Processed net u_mem/u_bridge/r_len[8]_i_73_n_0.  Did not re-place instance u_mem/u_bridge/r_len[8]_i_73
INFO: [Physopt 32-662] Processed net u_mem/u_bridge/r_len[9]_i_56_n_0.  Did not re-place instance u_mem/u_bridge/r_len[9]_i_56
INFO: [Physopt 32-662] Processed net u_mem/u_bridge/r_len[8]_i_121_n_0.  Did not re-place instance u_mem/u_bridge/r_len[8]_i_121
INFO: [Physopt 32-662] Processed net u_mem/u_bridge/stat_ill_rd[15]_i_75_n_0.  Did not re-place instance u_mem/u_bridge/stat_ill_rd[15]_i_75
INFO: [Physopt 32-662] Processed net u_mem/u_bridge/r_len[9]_i_57_n_0.  Did not re-place instance u_mem/u_bridge/r_len[9]_i_57
INFO: [Physopt 32-662] Processed net u_mem/u_bridge/r_len[9]_i_58_n_0.  Did not re-place instance u_mem/u_bridge/r_len[9]_i_58
INFO: [Physopt 32-662] Processed net u_mem/u_bridge/r_len[8]_i_107_n_0.  Did not re-place instance u_mem/u_bridge/r_len[8]_i_107
INFO: [Physopt 32-662] Processed net u_mem/u_bridge/r_len[7]_i_121_n_0.  Did not re-place instance u_mem/u_bridge/r_len[7]_i_121
INFO: [Physopt 32-662] Processed net u_mem/u_bridge/r_len[7]_i_74_n_0.  Did not re-place instance u_mem/u_bridge/r_len[7]_i_74
INFO: [Physopt 32-662] Processed net u_mem/u_bridge/r_len[9]_i_59_n_0.  Did not re-place instance u_mem/u_bridge/r_len[9]_i_59
INFO: [Physopt 32-662] Processed net u_mem/u_bridge/r_len[7]_i_75_n_0.  Did not re-place instance u_mem/u_bridge/r_len[7]_i_75
INFO: [Physopt 32-662] Processed net u_mem/u_bridge/stat_ill_rd[15]_i_84_n_0.  Did not re-place instance u_mem/u_bridge/stat_ill_rd[15]_i_84
INFO: [Physopt 32-662] Processed net u_mem/u_bridge/r_len[7]_i_94_n_0.  Did not re-place instance u_mem/u_bridge/r_len[7]_i_94
INFO: [Physopt 32-662] Processed net u_mem/u_bridge/r_len[9]_i_121_n_0.  Did not re-place instance u_mem/u_bridge/r_len[9]_i_121
INFO: [Physopt 32-662] Processed net u_mem/u_bridge/r_len[9]_i_106_n_0.  Did not re-place instance u_mem/u_bridge/r_len[9]_i_106
INFO: [Physopt 32-662] Processed net u_ddr4/inst/u_ddr4_mem_intfc/u_ddr_mc/u_ddr_mc_arb_c/tranSentC.  Did not re-place instance u_ddr4/inst/u_ddr4_mem_intfc/u_ddr_mc/u_ddr_mc_arb_c/winPort[3]_i_1
INFO: [Physopt 32-663] Processed net u_ddr4/inst/u_ddr4_mem_intfc/u_ddr_mc/u_ddr_mc_arb_c/clrReq17_out.  Re-placed instance u_ddr4/inst/u_ddr4_mem_intfc/u_ddr_mc/u_ddr_mc_arb_c/FSM_sequential_gr_cas_state[2]_i_4__1
INFO: [Physopt 32-663] Processed net u_ddr4/inst/u_ddr4_mem_intfc/u_ddr_mc/u_ddr_mc_rd_wr/wtrs[0].u_ddr_mc_wtr/last32_reg_1_repN.  Re-placed instance u_ddr4/inst/u_ddr4_mem_intfc/u_ddr_mc/u_ddr_mc_rd_wr/wtrs[0].u_ddr_mc_wtr/winPort[3]_i_2_replica
INFO: [Physopt 32-662] Processed net u_ddr4/inst/u_ddr4_mem_intfc/u_ddr_mc/u_ddr_mc_rd_wr/wtrs[0].u_ddr_mc_wtr/u_ddr_mc_arb_c/reqs__3[0].  Did not re-place instance u_ddr4/inst/u_ddr4_mem_intfc/u_ddr_mc/u_ddr_mc_rd_wr/wtrs[0].u_ddr_mc_wtr/winPort[3]_i_5__0
INFO: [Physopt 32-662] Processed net u_ddr4/inst/u_ddr4_mem_intfc/u_ddr_mc/u_ddr_mc_rd_wr/wtrs[0].u_ddr_mc_wtr/winPort[3]_i_8__0_n_0.  Did not re-place instance u_ddr4/inst/u_ddr4_mem_intfc/u_ddr_mc/u_ddr_mc_rd_wr/wtrs[0].u_ddr_mc_wtr/winPort[3]_i_8__0
INFO: [Physopt 32-663] Processed net u_ddr4/inst/u_ddr4_mem_intfc/u_ddr_mc/bgr[2].u_ddr_mc_group/rdReq[0]_repN.  Re-placed instance u_ddr4/inst/u_ddr4_mem_intfc/u_ddr_mc/bgr[2].u_ddr_mc_group/read_req_ff[2]_i_2_replica
INFO: [Physopt 32-663] Processed net u_ddr4/inst/u_ddr4_mem_intfc/u_ddr_mc/u_ddr_mc_arb_c/u_ddr_mc_ctl/b2b_cas_not_allowed.  Re-placed instance u_ddr4/inst/u_ddr4_mem_intfc/u_ddr_mc/u_ddr_mc_arb_c/prevSlot2_i_6
INFO: [Physopt 32-662] Processed net u_ddr4/inst/u_ddr4_mem_intfc/u_ddr_mc/u_ddr_mc_arb_c/winRead_repN.  Did not re-place instance u_ddr4/inst/u_ddr4_mem_intfc/u_ddr_mc/u_ddr_mc_arb_c/winRead_reg_replica
INFO: [Physopt 32-662] Processed net u_ddr4/inst/u_ddr4_mem_intfc/u_ddr_mc/u_ddr_mc_rd_wr/wtrs[0].u_ddr_mc_wtr/winRead_0.  Did not re-place instance u_ddr4/inst/u_ddr4_mem_intfc/u_ddr_mc/u_ddr_mc_rd_wr/wtrs[0].u_ddr_mc_wtr/winRead_i_1
INFO: [Physopt 32-662] Processed net u_ddr4/inst/u_ddr4_mem_intfc/u_ddr_mc/u_ddr_mc_arb_c/win_group_cas[0].  Did not re-place instance u_ddr4/inst/u_ddr4_mem_intfc/u_ddr_mc/u_ddr_mc_arb_c/win_group_cas_reg[0]
INFO: [Physopt 32-662] Processed net u_ddr4/inst/u_ddr4_mem_intfc/u_ddr_mc/bgr[2].u_ddr_mc_group/p_10_in[0].  Did not re-place instance u_ddr4/inst/u_ddr4_mem_intfc/u_ddr_mc/bgr[2].u_ddr_mc_group/winPort[3]_i_22
INFO: [Physopt 32-663] Processed net u_ddr4/inst/u_ddr4_mem_intfc/u_ddr_mc/u_ddr_mc_rd_wr/wtrs[0].u_ddr_mc_wtr/winPort[3]_i_15_n_0.  Re-placed instance u_ddr4/inst/u_ddr4_mem_intfc/u_ddr_mc/u_ddr_mc_rd_wr/wtrs[0].u_ddr_mc_wtr/winPort[3]_i_15
INFO: [Physopt 32-663] Processed net u_ddr4/inst/u_ddr4_mem_intfc/u_ddr_mc/u_ddr_mc_rd_wr/wtrs[0].u_ddr_mc_wtr/winRead_i_2_n_0.  Re-placed instance u_ddr4/inst/u_ddr4_mem_intfc/u_ddr_mc/u_ddr_mc_rd_wr/wtrs[0].u_ddr_mc_wtr/winRead_i_2
INFO: [Physopt 32-662] Processed net u_mem/u_bridge/r_len[10]_i_5_n_0.  Did not re-place instance u_mem/u_bridge/r_len[10]_i_5
INFO: [Physopt 32-662] Processed net u_mem/u_bridge/r_len[7]_i_95_n_0.  Did not re-place instance u_mem/u_bridge/r_len[7]_i_95
INFO: [Physopt 32-662] Processed net u_mem/u_bridge/r_len[9]_i_107_n_0.  Did not re-place instance u_mem/u_bridge/r_len[9]_i_107
INFO: [Physopt 32-662] Processed net u_ddr4/inst/u_ddr4_mem_intfc/u_ddr_mc/u_ddr_mc_arb_c/clrReq1.  Did not re-place instance u_ddr4/inst/u_ddr4_mem_intfc/u_ddr_mc/u_ddr_mc_arb_c/FSM_sequential_gr_cas_state[2]_i_4__2
INFO: [Physopt 32-662] Processed net u_ddr4/inst/u_ddr4_mem_intfc/u_ddr_mc/bgr[3].u_ddr_mc_group/rdReq[0]_repN.  Did not re-place instance u_ddr4/inst/u_ddr4_mem_intfc/u_ddr_mc/bgr[3].u_ddr_mc_group/read_req_ff[3]_i_2_replica
INFO: [Physopt 32-662] Processed net u_ddr4/inst/u_ddr4_mem_intfc/u_ddr_mc/bgr[3].u_ddr_mc_group/p_10_in[0].  Did not re-place instance u_ddr4/inst/u_ddr4_mem_intfc/u_ddr_mc/bgr[3].u_ddr_mc_group/winPort[3]_i_23
INFO: [Physopt 32-662] Processed net u_mem/u_bridge/r_len[8]_i_120_n_0.  Did not re-place instance u_mem/u_bridge/r_len[8]_i_120
INFO: [Physopt 32-662] Processed net u_mem/u_bridge/r_len[2]_i_6_n_0.  Did not re-place instance u_mem/u_bridge/r_len[2]_i_6
INFO: [Physopt 32-662] Processed net u_mem/u_bridge/r_len[8]_i_90_n_0.  Did not re-place instance u_mem/u_bridge/r_len[8]_i_90
INFO: [Physopt 32-662] Processed net u_mem/u_bridge/r_len[9]_i_108_n_0.  Did not re-place instance u_mem/u_bridge/r_len[9]_i_108
INFO: [Physopt 32-662] Processed net u_mem/u_bridge/stat_ill_rd[15]_i_118_n_0.  Did not re-place instance u_mem/u_bridge/stat_ill_rd[15]_i_118
INFO: [Physopt 32-662] Processed net u_mem/u_bridge/rstate.  Did not re-place instance u_mem/u_bridge/FSM_onehot_rstate[4]_i_1
INFO: [Physopt 32-663] Processed net u_mem/u_bridge/FSM_onehot_rstate[4]_i_3_n_0.  Re-placed instance u_mem/u_bridge/FSM_onehot_rstate[4]_i_3
INFO: [Physopt 32-662] Processed net u_mem/u_bridge/r_len[10]_i_6_n_0.  Did not re-place instance u_mem/u_bridge/r_len[10]_i_6
INFO: [Physopt 32-662] Processed net u_mem/u_bridge/r_len[8]_i_89_n_0.  Did not re-place instance u_mem/u_bridge/r_len[8]_i_89
INFO: [Physopt 32-662] Processed net u_mem/u_bridge/r_len[9]_i_109_n_0.  Did not re-place instance u_mem/u_bridge/r_len[9]_i_109
INFO: [Physopt 32-662] Processed net u_mem/u_bridge/stat_ill_rd[15]_i_119_n_0.  Did not re-place instance u_mem/u_bridge/stat_ill_rd[15]_i_119
INFO: [Physopt 32-663] Processed net u_mem/u_bridge/FSM_onehot_rstate_reg_n_0_[3].  Re-placed instance u_mem/u_bridge/FSM_onehot_rstate_reg[3]
INFO: [Physopt 32-663] Processed net u_mem/u_bridge/FSM_onehot_rstate_reg_n_0_[0].  Re-placed instance u_mem/u_bridge/FSM_onehot_rstate_reg[0]
INFO: [Physopt 32-663] Processed net u_mem/u_bridge/FSM_onehot_rstate_reg_n_0_[1].  Re-placed instance u_mem/u_bridge/FSM_onehot_rstate_reg[1]
INFO: [Physopt 32-662] Processed net u_mem/u_bridge/r_len[8]_i_76_n_0.  Did not re-place instance u_mem/u_bridge/r_len[8]_i_76
INFO: [Physopt 32-662] Processed net u_mem/u_bridge/r_len[8]_i_88_n_0.  Did not re-place instance u_mem/u_bridge/r_len[8]_i_88
INFO: [Physopt 32-662] Processed net u_mem/u_bridge/stat_ill_rd[15]_i_116_n_0.  Did not re-place instance u_mem/u_bridge/stat_ill_rd[15]_i_116
INFO: [Physopt 32-662] Processed net u_mem/u_bridge/stat_ill_rd[15]_i_64_n_0.  Did not re-place instance u_mem/u_bridge/stat_ill_rd[15]_i_64
INFO: [Physopt 32-662] Processed net u_mem/u_bridge/r_len[8]_i_91_n_0.  Did not re-place instance u_mem/u_bridge/r_len[8]_i_91
INFO: [Physopt 32-662] Processed net u_mem/u_bridge/r_len[8]_i_94_n_0.  Did not re-place instance u_mem/u_bridge/r_len[8]_i_94
INFO: [Physopt 32-662] Processed net u_mem/u_bridge/stat_ill_rd[15]_i_117_n_0.  Did not re-place instance u_mem/u_bridge/stat_ill_rd[15]_i_117
INFO: [Physopt 32-662] Processed net u_mem/u_bridge/stat_ill_rd[15]_i_121_n_0.  Did not re-place instance u_mem/u_bridge/stat_ill_rd[15]_i_121
INFO: [Physopt 32-662] Processed net u_mem/u_bridge/r_len[8]_i_60_n_0.  Did not re-place instance u_mem/u_bridge/r_len[8]_i_60
INFO: [Physopt 32-662] Processed net u_mem/u_bridge/r_len[8]_i_77_n_0.  Did not re-place instance u_mem/u_bridge/r_len[8]_i_77
INFO: [Physopt 32-662] Processed net u_mem/u_bridge/r_len[8]_i_95_n_0.  Did not re-place instance u_mem/u_bridge/r_len[8]_i_95
INFO: [Physopt 32-662] Processed net u_mem/u_bridge/stat_ill_rd[15]_i_120_n_0.  Did not re-place instance u_mem/u_bridge/stat_ill_rd[15]_i_120
INFO: [Physopt 32-662] Processed net u_mem/u_bridge/stat_ill_rd[15]_i_65_n_0.  Did not re-place instance u_mem/u_bridge/stat_ill_rd[15]_i_65
INFO: [Physopt 32-662] Processed net u_mem/u_bridge/r_len[8]_i_116_n_0.  Did not re-place instance u_mem/u_bridge/r_len[8]_i_116
INFO: [Physopt 32-662] Processed net u_mem/u_bridge/rd_retire.  Did not re-place instance u_mem/u_bridge/FSM_onehot_rstate_reg[4]
INFO: [Physopt 32-662] Processed net u_mem/u_bridge/r_len[1]_i_120_n_0.  Did not re-place instance u_mem/u_bridge/r_len[1]_i_120
INFO: [Physopt 32-663] Processed net u_mem/u_bridge/r_len[2]_i_122_n_0.  Re-placed instance u_mem/u_bridge/r_len[2]_i_122
INFO: [Physopt 32-662] Processed net u_mem/u_bridge/r_len[1]_i_72_n_0.  Did not re-place instance u_mem/u_bridge/r_len[1]_i_72
INFO: [Physopt 32-661] Optimized 33 nets.  Re-placed 33 instances.
INFO: [Physopt 32-775] End 1 Pass. Optimized 33 nets or cells. Created 0 new cell, deleted 0 existing cell and moved 33 existing cells
INFO: [Physopt 32-619] Estimated Timing Summary | WNS=-1.148 | TNS=-637.157 |
Netlist sorting complete. Time (s): cpu = 00:00:00 ; elapsed = 00:00:00.029 . Memory (MB): peak = 6632.926 ; gain = 0.227
Phase 9 Single Cell Placement Optimization | Checksum: 1905ae376

Time (s): cpu = 00:01:47 ; elapsed = 00:01:08 . Memory (MB): peak = 6632.926 ; gain = 761.242

Phase 10 Multi Cell Placement Optimization
INFO: [Physopt 32-660] Identified 100 candidate nets for placement-based optimization.
INFO: [Physopt 32-662] Processed net u_mem/u_bridge/in_range.  Did not re-place instance u_mem/u_bridge/stat_ill_rd[15]_i_4/O
INFO: [Physopt 32-662] Processed net u_mem/u_bridge/rd_target_ok.  Did not re-place instance u_mem/u_bridge/stat_ill_rd[15]_i_3/O
INFO: [Physopt 32-662] Processed net u_mem/u_bridge/r_len[13].  Did not re-place instance u_mem/u_bridge/r_len_reg[13]/Q
INFO: [Physopt 32-662] Processed net u_mem/u_bridge/r_len[15].  Did not re-place instance u_mem/u_bridge/r_len_reg[15]/Q
INFO: [Physopt 32-662] Processed net u_mem/u_bridge/r_beats[7]_i_2_n_0.  Did not re-place instance u_mem/u_bridge/r_beats[7]_i_2/O
INFO: [Physopt 32-662] Processed net u_mem/u_bridge/p_0_in[7].  Did not re-place instance u_mem/u_bridge/r_beats[7]_i_1/O
INFO: [Physopt 32-662] Processed net u_mem/u_bridge/r_beat[7]_i_1_n_0.  Did not re-place instance u_mem/u_bridge/r_beat[7]_i_1/O
INFO: [Physopt 32-662] Processed net u_mem/u_bridge/rd_target_ok_repN.  Did not re-place instance u_mem/u_bridge/stat_ill_rd[15]_i_3_replica/O
INFO: [Physopt 32-662] Processed net u_mem/u_bridge/r_beat[1].  Did not re-place instance u_mem/u_bridge/r_beat_reg[1]/Q
INFO: [Physopt 32-662] Processed net u_mem/u_bridge/r_beat[2].  Did not re-place instance u_mem/u_bridge/r_beat_reg[2]/Q
INFO: [Physopt 32-662] Processed net u_mem/u_bridge/r_beat[6].  Did not re-place instance u_mem/u_bridge/r_beat_reg[6]/Q
INFO: [Physopt 32-662] Processed net u_mem/u_bridge/r_beat[0].  Did not re-place instance u_mem/u_bridge/r_beat_reg[0]/Q
INFO: [Physopt 32-662] Processed net u_mem/u_bridge/p_0_in[6].  Did not re-place instance u_mem/u_bridge/r_beats[6]_i_1/O
INFO: [Physopt 32-663] Processed net u_mem/u_bridge/r_len[9].  Re-placed instance u_mem/u_bridge/r_len_reg[9]/Q
INFO: [Physopt 32-662] Processed net u_mem/u_bridge/r_beats[4]_i_2_n_0.  Did not re-place instance u_mem/u_bridge/r_beats[4]_i_2/O
INFO: [Physopt 32-662] Processed net u_mem/u_bridge/in_range_repN.  Did not re-place instance u_mem/u_bridge/stat_ill_rd[15]_i_4_replica/O
INFO: [Physopt 32-662] Processed net u_mem/u_bridge/r_beats[1].  Did not re-place instance u_mem/u_bridge/r_beats_reg[1]/Q
INFO: [Physopt 32-663] Processed net u_mem/u_bridge/r_beats[3].  Re-placed instance u_mem/u_bridge/r_beats_reg[3]/Q
INFO: [Physopt 32-663] Processed net u_mem/u_bridge/r_beats[0].  Re-placed instance u_mem/u_bridge/r_beats_reg[0]/Q
INFO: [Physopt 32-662] Processed net u_mem/u_bridge/r_beats[2].  Did not re-place instance u_mem/u_bridge/r_beats_reg[2]/Q
INFO: [Physopt 32-662] Processed net u_mem/u_bridge/r_beats[4].  Did not re-place instance u_mem/u_bridge/r_beats_reg[4]/Q
INFO: [Physopt 32-662] Processed net u_mem/u_bridge/p_0_in[5].  Did not re-place instance u_mem/u_bridge/r_beats[5]_i_1/O
INFO: [Physopt 32-662] Processed net u_mem/u_bridge/r_len[14].  Did not re-place instance u_mem/u_bridge/r_len_reg[14]/Q
INFO: [Physopt 32-662] Processed net u_mem/u_bridge/r_len[12].  Did not re-place instance u_mem/u_bridge/r_len_reg[12]/Q
INFO: [Physopt 32-662] Processed net u_mem/u_bridge/p_0_in[4].  Did not re-place instance u_mem/u_bridge/r_beats[4]_i_1/O
INFO: [Physopt 32-662] Processed net u_mem/u_bridge/r_len[10].  Did not re-place instance u_mem/u_bridge/r_len_reg[10]/Q
INFO: [Physopt 32-662] Processed net u_mem/u_bridge/r_beat[4].  Did not re-place instance u_mem/u_bridge/r_beat_reg[4]/Q
INFO: [Physopt 32-662] Processed net u_mem/u_bridge/r_beat[7].  Did not re-place instance u_mem/u_bridge/r_beat_reg[7]/Q
INFO: [Physopt 32-662] Processed net u_mem/u_bridge/p_0_in[3].  Did not re-place instance u_mem/u_bridge/r_beats[3]_i_1/O
INFO: [Physopt 32-662] Processed net u_mem/u_bridge/r_len[8].  Did not re-place instance u_mem/u_bridge/r_len_reg[8]/Q
INFO: [Physopt 32-662] Processed net u_mem/u_bridge/r_len[7].  Did not re-place instance u_mem/u_bridge/r_len_reg[7]/Q
INFO: [Physopt 32-662] Processed net u_mem/u_bridge/p_0_in[1].  Did not re-place instance u_mem/u_bridge/r_beats[1]_i_1/O
INFO: [Physopt 32-662] Processed net u_mem/u_bridge/rstate.  Did not re-place instance u_mem/u_bridge/FSM_onehot_rstate[4]_i_1/O
INFO: [Physopt 32-662] Processed net u_mem/u_bridge/FSM_onehot_rstate[4]_i_3_n_0.  Did not re-place instance u_mem/u_bridge/FSM_onehot_rstate[4]_i_3/O
INFO: [Physopt 32-662] Processed net u_mem/u_bridge/r_len[11].  Did not re-place instance u_mem/u_bridge/r_len_reg[11]/Q
INFO: [Physopt 32-661] Optimized 3 nets.  Re-placed 11 instances.
INFO: [Physopt 32-775] End 1 Pass. Optimized 3 nets or cells. Created 0 new cell, deleted 0 existing cell and moved 11 existing cells
INFO: [Physopt 32-619] Estimated Timing Summary | WNS=-1.148 | TNS=-637.682 |
Netlist sorting complete. Time (s): cpu = 00:00:00 ; elapsed = 00:00:00.021 . Memory (MB): peak = 6788.176 ; gain = 0.230
Phase 10 Multi Cell Placement Optimization | Checksum: 1d5398221

Time (s): cpu = 00:02:21 ; elapsed = 00:01:29 . Memory (MB): peak = 6788.176 ; gain = 916.492

Phase 11 Rewire
INFO: [Physopt 32-246] Starting Signal Push optimization...
INFO: [Physopt 32-77] Pass 1. Identified 2 candidate nets for rewire optimization.
INFO: [Physopt 32-134] Processed net u_mem/u_bridge/in_range. Rewiring did not optimize the net.
INFO: [Physopt 32-134] Processed net u_mem/u_bridge/in_range_repN. Rewiring did not optimize the net.
INFO: [Physopt 32-232] Optimized 0 net. Created 0 new instance.
INFO: [Physopt 32-775] End 1 Pass. Optimized 0 net or cell. Created 0 new cell, deleted 0 existing cell and moved 0 existing cell
Netlist sorting complete. Time (s): cpu = 00:00:00 ; elapsed = 00:00:00.030 . Memory (MB): peak = 6824.945 ; gain = 0.465
Netlist sorting complete. Time (s): cpu = 00:00:00 ; elapsed = 00:00:00.023 . Memory (MB): peak = 6824.945 ; gain = 0.000
Phase 11 Rewire | Checksum: 1d5398221

Time (s): cpu = 00:02:22 ; elapsed = 00:01:30 . Memory (MB): peak = 6824.945 ; gain = 953.262

Phase 12 Critical Cell Optimization
INFO: [Physopt 32-46] Identified 10 candidate nets for critical-cell optimization.
INFO: [Physopt 32-572] Net u_mem/u_bridge/in_range was not replicated.
Resolution: phys_opt_design can be forced to replicate a net driver using the option -force_replication_on_nets <list of net objects>.
INFO: [Physopt 32-572] Net u_mem/u_rd_cmd/rd_bin[0]_repN was not replicated.
Resolution: phys_opt_design can be forced to replicate a net driver using the option -force_replication_on_nets <list of net objects>.
INFO: [Physopt 32-572] Net u_mem/u_bridge/stat_ill_rd[15]_i_7_n_0 was not replicated.
Resolution: phys_opt_design can be forced to replicate a net driver using the option -force_replication_on_nets <list of net objects>.
INFO: [Physopt 32-572] Net u_mem/u_bridge/rd_target_ok was not replicated.
Resolution: phys_opt_design can be forced to replicate a net driver using the option -force_replication_on_nets <list of net objects>.
INFO: [Physopt 32-572] Net u_mem/u_rd_cmd/rd_bin[1]_repN was not replicated.
Resolution: phys_opt_design can be forced to replicate a net driver using the option -force_replication_on_nets <list of net objects>.
INFO: [Physopt 32-572] Net u_mem/u_bridge/r_beats[7]_i_2_n_0 was not replicated.
Resolution: phys_opt_design can be forced to replicate a net driver using the option -force_replication_on_nets <list of net objects>.
INFO: [Physopt 32-572] Net u_mem/u_bridge/r_beat[7]_i_1_n_0 was not replicated.
Resolution: phys_opt_design can be forced to replicate a net driver using the option -force_replication_on_nets <list of net objects>.
INFO: [Physopt 32-572] Net u_mem/u_bridge/rd_target_ok_repN was not replicated.
Resolution: phys_opt_design can be forced to replicate a net driver using the option -force_replication_on_nets <list of net objects>.
INFO: [Physopt 32-572] Net u_mem/u_bridge/rd_wr_en_i_1_n_0 was not replicated.
Resolution: phys_opt_design can be forced to replicate a net driver using the option -force_replication_on_nets <list of net objects>.
INFO: [Physopt 32-572] Net u_mem/u_bridge/rstate was not replicated.
Resolution: phys_opt_design can be forced to replicate a net driver using the option -force_replication_on_nets <list of net objects>.
INFO: [Physopt 32-232] Optimized 0 net. Created 0 new instance.
INFO: [Physopt 32-775] End 1 Pass. Optimized 0 net or cell. Created 0 new cell, deleted 0 existing cell and moved 0 existing cell
Netlist sorting complete. Time (s): cpu = 00:00:00 ; elapsed = 00:00:00.031 . Memory (MB): peak = 6978.461 ; gain = 0.227
Phase 12 Critical Cell Optimization | Checksum: 1d5398221

Time (s): cpu = 00:02:29 ; elapsed = 00:01:35 . Memory (MB): peak = 6978.461 ; gain = 1106.777

Phase 13 SLR Crossing Optimization
Phase 13 SLR Crossing Optimization | Checksum: 1d5398221

Time (s): cpu = 00:02:30 ; elapsed = 00:01:35 . Memory (MB): peak = 6978.461 ; gain = 1106.777

Phase 14 Fanout Optimization
INFO: [Physopt 32-76] Pass 1. Identified 2 candidate nets for fanout optimization.
INFO: [Physopt 32-572] Net u_mem/u_bridge/r_slot was not replicated.
Resolution: phys_opt_design can be forced to replicate a net driver using the option -force_replication_on_nets <list of net objects>.
INFO: [Physopt 32-572] Net u_mem/u_bridge/r_slot[3]_i_1_n_0 was not replicated.
Resolution: phys_opt_design can be forced to replicate a net driver using the option -force_replication_on_nets <list of net objects>.
INFO: [Physopt 32-232] Optimized 0 net. Created 0 new instance.
INFO: [Physopt 32-775] End 1 Pass. Optimized 0 net or cell. Created 0 new cell, deleted 0 existing cell and moved 0 existing cell
Netlist sorting complete. Time (s): cpu = 00:00:00 ; elapsed = 00:00:00.026 . Memory (MB): peak = 6996.789 ; gain = 0.227
Phase 14 Fanout Optimization | Checksum: 1d5398221

Time (s): cpu = 00:02:31 ; elapsed = 00:01:37 . Memory (MB): peak = 6996.789 ; gain = 1125.105

Phase 15 Single Cell Placement Optimization
INFO: [Physopt 32-660] Identified 250 candidate nets for placement-based optimization.
INFO: [Physopt 32-662] Processed net u_mem/u_bridge/r_slot[2]_i_1_n_0.  Did not re-place instance u_mem/u_bridge/r_slot[2]_i_1
INFO: [Physopt 32-662] Processed net u_mem/u_bridge/r_slot.  Did not re-place instance u_mem/u_bridge/r_slot[7]_i_1
INFO: [Physopt 32-662] Processed net u_mem/u_bridge/in_range.  Did not re-place instance u_mem/u_bridge/stat_ill_rd[15]_i_4
INFO: [Physopt 32-662] Processed net u_mem/u_rd_cmd/rd_bin[0]_repN.  Did not re-place instance u_mem/u_rd_cmd/rd_bin_reg[0]_replica
INFO: [Physopt 32-662] Processed net u_mem/u_bridge/stat_ill_rd[15]_i_7_n_0.  Did not re-place instance u_mem/u_bridge/stat_ill_rd[15]_i_7
INFO: [Physopt 32-662] Processed net u_mem/u_bridge/rd_target_ok.  Did not re-place instance u_mem/u_bridge/stat_ill_rd[15]_i_3
INFO: [Physopt 32-662] Processed net u_mem/u_bridge/r_slot[1]_i_7_n_0.  Did not re-place instance u_mem/u_bridge/r_slot[1]_i_7
INFO: [Physopt 32-662] Processed net u_mem/u_bridge/r_len[13].  Did not re-place instance u_mem/u_bridge/r_len_reg[13]
INFO: [Physopt 32-662] Processed net u_mem/u_rd_cmd/rd_bin[1]_repN.  Did not re-place instance u_mem/u_rd_cmd/rd_bin_reg[1]_replica
INFO: [Physopt 32-662] Processed net u_mem/u_bridge/stat_ill_rd[15]_i_8_n_0.  Did not re-place instance u_mem/u_bridge/stat_ill_rd[15]_i_8
INFO: [Physopt 32-662] Processed net u_mem/u_bridge/r_len[15].  Did not re-place instance u_mem/u_bridge/r_len_reg[15]
INFO: [Physopt 32-662] Processed net u_mem/u_bridge/sel0[2].  Did not re-place instance u_mem/u_bridge/r_len[10]_i_57
INFO: [Physopt 32-662] Processed net u_mem/u_bridge/r_beats[7]_i_2_n_0.  Did not re-place instance u_mem/u_bridge/r_beats[7]_i_2
INFO: [Physopt 32-662] Processed net u_mem/u_bridge/r_beats[7].  Did not re-place instance u_mem/u_bridge/r_beats_reg[7]
INFO: [Physopt 32-662] Processed net u_mem/u_bridge/p_0_in[7].  Did not re-place instance u_mem/u_bridge/r_beats[7]_i_1
INFO: [Physopt 32-662] Processed net u_mem/u_bridge/r_len[8]_i_7_n_0.  Did not re-place instance u_mem/u_bridge/r_len[8]_i_7
INFO: [Physopt 32-662] Processed net u_mem/u_bridge/r_slot[1]_i_11_n_0.  Did not re-place instance u_mem/u_bridge/r_slot[1]_i_11
INFO: [Physopt 32-662] Processed net u_mem/u_bridge/r_slot[1]_i_8_n_0.  Did not re-place instance u_mem/u_bridge/r_slot[1]_i_8
INFO: [Physopt 32-662] Processed net u_mem/u_bridge/p_0_in__3[8].  Did not re-place instance u_mem/u_bridge/r_len_reg[0]
INFO: [Physopt 32-662] Processed net u_mem/u_bridge/r_len[8]_i_4_n_0.  Did not re-place instance u_mem/u_bridge/r_len[8]_i_4
INFO: [Physopt 32-662] Processed net u_mem/u_bridge/r_len[9]_i_4_n_0.  Did not re-place instance u_mem/u_bridge/r_len[9]_i_4
INFO: [Physopt 32-662] Processed net u_mem/u_bridge/r_len[10]_i_4_n_0.  Did not re-place instance u_mem/u_bridge/r_len[10]_i_4
INFO: [Physopt 32-662] Processed net u_mem/u_bridge/r_len[8]_i_6_n_0.  Did not re-place instance u_mem/u_bridge/r_len[8]_i_6
INFO: [Physopt 32-662] Processed net u_mem/u_bridge/r_slot[3]_i_1_n_0.  Did not re-place instance u_mem/u_bridge/r_slot[3]_i_1
INFO: [Physopt 32-662] Processed net u_mem/u_bridge/r_beat[7]_i_1_n_0.  Did not re-place instance u_mem/u_bridge/r_beat[7]_i_1
INFO: [Physopt 32-662] Processed net u_mem/u_bridge/rd_target_ok_repN.  Did not re-place instance u_mem/u_bridge/stat_ill_rd[15]_i_3_replica
INFO: [Physopt 32-662] Processed net u_mem/u_bridge/r_beat[1].  Did not re-place instance u_mem/u_bridge/r_beat_reg[1]
INFO: [Physopt 32-662] Processed net u_mem/u_bridge/r_beat[2].  Did not re-place instance u_mem/u_bridge/r_beat_reg[2]
INFO: [Physopt 32-662] Processed net u_mem/u_bridge/r_beat[6].  Did not re-place instance u_mem/u_bridge/r_beat_reg[6]
INFO: [Physopt 32-662] Processed net u_mem/u_bridge/stat_ill_rd[15]_i_10_n_0.  Did not re-place instance u_mem/u_bridge/stat_ill_rd[15]_i_10
INFO: [Physopt 32-662] Processed net u_mem/u_bridge/r_slot[1]_i_12_n_0.  Did not re-place instance u_mem/u_bridge/r_slot[1]_i_12
INFO: [Physopt 32-662] Processed net u_mem/u_bridge/r_len[7]_i_7_n_0.  Did not re-place instance u_mem/u_bridge/r_len[7]_i_7
INFO: [Physopt 32-662] Processed net u_mem/u_bridge/r_beat[0].  Did not re-place instance u_mem/u_bridge/r_beat_reg[0]
INFO: [Physopt 32-662] Processed net u_mem/u_bridge/r_len[9]_i_5_n_0.  Did not re-place instance u_mem/u_bridge/r_len[9]_i_5
INFO: [Physopt 32-662] Processed net u_mem/u_bridge/stat_ill_rd[15]_i_11_n_0.  Did not re-place instance u_mem/u_bridge/stat_ill_rd[15]_i_11
INFO: [Physopt 32-662] Processed net u_mem/u_bridge/r_beats[6].  Did not re-place instance u_mem/u_bridge/r_beats_reg[6]
INFO: [Physopt 32-662] Processed net u_mem/u_bridge/p_0_in[6].  Did not re-place instance u_mem/u_bridge/r_beats[6]_i_1
INFO: [Physopt 32-662] Processed net u_mem/u_bridge/r_len[9]_i_6_n_0.  Did not re-place instance u_mem/u_bridge/r_len[9]_i_6
INFO: [Physopt 32-662] Processed net u_mem/u_bridge/r_len[7]_i_6_n_0.  Did not re-place instance u_mem/u_bridge/r_len[7]_i_6
INFO: [Physopt 32-662] Processed net u_mem/u_bridge/p_0_in__3[13].  Did not re-place instance u_mem/u_bridge/r_len_reg[5]
INFO: [Physopt 32-662] Processed net u_mem/u_bridge/r_slot[1]_i_5_n_0.  Did not re-place instance u_mem/u_bridge/r_slot[1]_i_5
INFO: [Physopt 32-662] Processed net u_mem/u_bridge/r_len[2]_i_56_n_0.  Did not re-place instance u_mem/u_bridge/r_len[2]_i_56
INFO: [Physopt 32-662] Processed net u_mem/u_bridge/r_beats[4]_i_2_n_0.  Did not re-place instance u_mem/u_bridge/r_beats[4]_i_2
INFO: [Physopt 32-662] Processed net u_mem/u_bridge/in_range_repN.  Did not re-place instance u_mem/u_bridge/stat_ill_rd[15]_i_4_replica
INFO: [Physopt 32-662] Processed net u_mem/u_bridge/r_len[1]_i_5_n_0.  Did not re-place instance u_mem/u_bridge/r_len[1]_i_5
INFO: [Physopt 32-662] Processed net u_mem/u_bridge/r_len[5]_i_57_n_0.  Did not re-place instance u_mem/u_bridge/r_len[5]_i_57
INFO: [Physopt 32-662] Processed net u_mem/u_bridge/r_len[4]_i_5_n_0.  Did not re-place instance u_mem/u_bridge/r_len[4]_i_5
INFO: [Physopt 32-662] Processed net u_mem/u_bridge/r_len[8]_i_5_n_0.  Did not re-place instance u_mem/u_bridge/r_len[8]_i_5
INFO: [Physopt 32-662] Processed net u_mem/u_bridge/r_slot[1]_i_6_n_0.  Did not re-place instance u_mem/u_bridge/r_slot[1]_i_6
INFO: [Physopt 32-662] Processed net u_mem/u_bridge/r_beats[1].  Did not re-place instance u_mem/u_bridge/r_beats_reg[1]
INFO: [Physopt 32-662] Processed net u_mem/u_bridge/r_beats[3].  Did not re-place instance u_mem/u_bridge/r_beats_reg[3]
INFO: [Physopt 32-662] Processed net u_mem/u_bridge/p_0_in__3[10].  Did not re-place instance u_mem/u_bridge/r_len_reg[2]
INFO: [Physopt 32-662] Processed net u_mem/u_bridge/r_beats[0].  Did not re-place instance u_mem/u_bridge/r_beats_reg[0]
INFO: [Physopt 32-662] Processed net u_mem/u_bridge/r_beats[2].  Did not re-place instance u_mem/u_bridge/r_beats_reg[2]
INFO: [Physopt 32-662] Processed net u_mem/u_bridge/r_beats[4].  Did not re-place instance u_mem/u_bridge/r_beats_reg[4]
INFO: [Physopt 32-662] Processed net u_mem/u_bridge/r_beats[5].  Did not re-place instance u_mem/u_bridge/r_beats_reg[5]
INFO: [Physopt 32-662] Processed net u_mem/u_bridge/p_0_in[5].  Did not re-place instance u_mem/u_bridge/r_beats[5]_i_1
INFO: [Physopt 32-662] Processed net u_mem/u_bridge/r_len[7]_i_4_n_0.  Did not re-place instance u_mem/u_bridge/r_len[7]_i_4
INFO: [Physopt 32-662] Processed net u_mem/u_bridge/r_len[0]_i_7_n_0.  Did not re-place instance u_mem/u_bridge/r_len[0]_i_7
INFO: [Physopt 32-662] Processed net u_mem/u_bridge/r_len[4]_i_4_n_0.  Did not re-place instance u_mem/u_bridge/r_len[4]_i_4
INFO: [Physopt 32-662] Processed net u_mem/u_bridge/r_len[0]_i_5_n_0.  Did not re-place instance u_mem/u_bridge/r_len[0]_i_5
INFO: [Physopt 32-662] Processed net u_mem/u_bridge/r_len[14].  Did not re-place instance u_mem/u_bridge/r_len_reg[14]
INFO: [Physopt 32-662] Processed net u_mem/u_bridge/r_len[1]_i_7_n_0.  Did not re-place instance u_mem/u_bridge/r_len[1]_i_7
INFO: [Physopt 32-662] Processed net u_mem/u_bridge/r_len[4]_i_7_n_0.  Did not re-place instance u_mem/u_bridge/r_len[4]_i_7
INFO: [Physopt 32-662] Processed net u_mem/u_bridge/r_slot[1]_i_9_n_0.  Did not re-place instance u_mem/u_bridge/r_slot[1]_i_9
INFO: [Physopt 32-662] Processed net u_mem/u_bridge/r_slot[1]_i_10_n_0.  Did not re-place instance u_mem/u_bridge/r_slot[1]_i_10
INFO: [Physopt 32-662] Processed net u_mem/u_bridge/r_len[9]_i_7_n_0.  Did not re-place instance u_mem/u_bridge/r_len[9]_i_7
INFO: [Physopt 32-662] Processed net u_mem/u_bridge/p_0_in__3[12].  Did not re-place instance u_mem/u_bridge/r_len_reg[4]
INFO: [Physopt 32-662] Processed net u_mem/u_bridge/r_len[12].  Did not re-place instance u_mem/u_bridge/r_len_reg[12]
INFO: [Physopt 32-662] Processed net u_mem/u_bridge/r_slot[1]_i_1_n_0.  Did not re-place instance u_mem/u_bridge/r_slot[1]_i_1
INFO: [Physopt 32-662] Processed net u_mem/u_bridge/stat_ill_rd[15]_i_97_n_0.  Did not re-place instance u_mem/u_bridge/stat_ill_rd[15]_i_97
INFO: [Physopt 32-662] Processed net u_mem/u_bridge/sel0[3].  Did not re-place instance u_mem/u_bridge/r_len[5]_i_24
INFO: [Physopt 32-662] Processed net u_mem/u_bridge/r_len[2]_i_7_n_0.  Did not re-place instance u_mem/u_bridge/r_len[2]_i_7
INFO: [Physopt 32-662] Processed net u_mem/u_bridge/r_len[5]_i_5_n_0.  Did not re-place instance u_mem/u_bridge/r_len[5]_i_5
INFO: [Physopt 32-662] Processed net u_mem/u_bridge/r_len[7]_i_5_n_0.  Did not re-place instance u_mem/u_bridge/r_len[7]_i_5
INFO: [Physopt 32-662] Processed net u_mem/u_bridge/stat_ill_rd[15]_i_96_n_0.  Did not re-place instance u_mem/u_bridge/stat_ill_rd[15]_i_96
INFO: [Physopt 32-662] Processed net u_mem/u_bridge/r_len[2]_i_4_n_0.  Did not re-place instance u_mem/u_bridge/r_len[2]_i_4
INFO: [Physopt 32-662] Processed net u_mem/u_bridge/r_len[3]_i_7_n_0.  Did not re-place instance u_mem/u_bridge/r_len[3]_i_7
INFO: [Physopt 32-662] Processed net u_mem/u_bridge/stat_ill_rd[15]_i_60_n_0.  Did not re-place instance u_mem/u_bridge/stat_ill_rd[15]_i_60
INFO: [Physopt 32-662] Processed net u_mem/u_bridge/r_len[1]_i_4_n_0.  Did not re-place instance u_mem/u_bridge/r_len[1]_i_4
INFO: [Physopt 32-662] Processed net u_mem/u_bridge/stat_ill_rd[15]_i_61_n_0.  Did not re-place instance u_mem/u_bridge/stat_ill_rd[15]_i_61
INFO: [Physopt 32-662] Processed net u_mem/u_bridge/stat_ill_rd[15]_i_62_n_0.  Did not re-place instance u_mem/u_bridge/stat_ill_rd[15]_i_62
INFO: [Physopt 32-662] Processed net u_mem/u_bridge/r_len[8]_i_120_n_0_repN.  Did not re-place instance u_mem/u_bridge/r_len[8]_i_120_replica
INFO: [Physopt 32-662] Processed net u_mem/u_bridge/r_len[8]_i_68_n_0.  Did not re-place instance u_mem/u_bridge/r_len[8]_i_68
INFO: [Physopt 32-662] Processed net u_mem/u_bridge/stat_ill_rd[15]_i_63_n_0.  Did not re-place instance u_mem/u_bridge/stat_ill_rd[15]_i_63
INFO: [Physopt 32-662] Processed net u_mem/u_bridge/r_len[8]_i_69_n_0.  Did not re-place instance u_mem/u_bridge/r_len[8]_i_69
INFO: [Physopt 32-662] Processed net u_mem/u_bridge/r_len[10].  Did not re-place instance u_mem/u_bridge/r_len_reg[10]
INFO: [Physopt 32-662] Processed net u_mem/u_bridge/r_len[9].  Did not re-place instance u_mem/u_bridge/r_len_reg[9]
INFO: [Physopt 32-662] Processed net u_mem/u_bridge/r_len[10]_i_24_n_0.  Did not re-place instance u_mem/u_bridge/r_len[10]_i_24
INFO: [Physopt 32-662] Processed net u_mem/u_bridge/r_beat[3].  Did not re-place instance u_mem/u_bridge/r_beat_reg[3]
INFO: [Physopt 32-662] Processed net u_mem/u_bridge/r_beat[4].  Did not re-place instance u_mem/u_bridge/r_beat_reg[4]
INFO: [Physopt 32-662] Processed net u_mem/u_bridge/r_beat[5].  Did not re-place instance u_mem/u_bridge/r_beat_reg[5]
INFO: [Physopt 32-662] Processed net u_mem/u_bridge/r_beat[7].  Did not re-place instance u_mem/u_bridge/r_beat_reg[7]
INFO: [Physopt 32-662] Processed net u_mem/u_bridge/r_len[0]_i_6_n_0.  Did not re-place instance u_mem/u_bridge/r_len[0]_i_6
INFO: [Physopt 32-662] Processed net u_mem/u_bridge/p_0_in[4].  Did not re-place instance u_mem/u_bridge/r_beats[4]_i_1
INFO: [Physopt 32-662] Processed net u_mem/u_bridge/r_len[10]_i_7_n_0.  Did not re-place instance u_mem/u_bridge/r_len[10]_i_7
INFO: [Physopt 32-662] Processed net u_mem/u_bridge/r_len[4]_i_6_n_0.  Did not re-place instance u_mem/u_bridge/r_len[4]_i_6
INFO: [Physopt 32-662] Processed net u_mem/u_bridge/stat_ill_rd[15]_i_70_n_0.  Did not re-place instance u_mem/u_bridge/stat_ill_rd[15]_i_70
INFO: [Physopt 32-662] Processed net u_mem/u_bridge/r_slot[0]_i_1_n_0.  Did not re-place instance u_mem/u_bridge/r_slot[0]_i_1
INFO: [Physopt 32-662] Processed net u_mem/u_bridge/stat_ill_rd[15]_i_76_n_0.  Did not re-place instance u_mem/u_bridge/stat_ill_rd[15]_i_76
INFO: [Physopt 32-662] Processed net u_mem/u_bridge/r_len[9]_i_120_n_0.  Did not re-place instance u_mem/u_bridge/r_len[9]_i_120
INFO: [Physopt 32-662] Processed net u_mem/u_bridge/r_len[8]_i_70_n_0.  Did not re-place instance u_mem/u_bridge/r_len[8]_i_70
INFO: [Physopt 32-662] Processed net u_mem/u_bridge/r_len[9]_i_76_n_0.  Did not re-place instance u_mem/u_bridge/r_len[9]_i_76
INFO: [Physopt 32-662] Processed net u_mem/u_bridge/stat_ill_rd[15]_i_77_n_0.  Did not re-place instance u_mem/u_bridge/stat_ill_rd[15]_i_77
INFO: [Physopt 32-662] Processed net u_mem/u_bridge/r_len[8]_i_71_n_0.  Did not re-place instance u_mem/u_bridge/r_len[8]_i_71
INFO: [Physopt 32-662] Processed net u_mem/u_bridge/r_len[9]_i_77_n_0.  Did not re-place instance u_mem/u_bridge/r_len[9]_i_77
INFO: [Physopt 32-662] Processed net u_mem/u_bridge/r_len[9]_i_78_n_0.  Did not re-place instance u_mem/u_bridge/r_len[9]_i_78
INFO: [Physopt 32-662] Processed net u_mem/u_bridge/p_0_in__3[9].  Did not re-place instance u_mem/u_bridge/r_len_reg[1]
INFO: [Physopt 32-662] Processed net u_mem/u_bridge/stat_ill_rd[15]_i_71_n_0.  Did not re-place instance u_mem/u_bridge/stat_ill_rd[15]_i_71
INFO: [Physopt 32-662] Processed net u_mem/u_bridge/r_len[8].  Did not re-place instance u_mem/u_bridge/r_len_reg[8]
INFO: [Physopt 32-662] Processed net u_mem/u_bridge/stat_ill_rd[15]_i_69_n_0.  Did not re-place instance u_mem/u_bridge/stat_ill_rd[15]_i_69
INFO: [Physopt 32-662] Processed net u_mem/u_bridge/r_len[2]_i_5_n_0.  Did not re-place instance u_mem/u_bridge/r_len[2]_i_5
INFO: [Physopt 32-662] Processed net u_mem/u_bridge/r_len[9]_i_79_n_0.  Did not re-place instance u_mem/u_bridge/r_len[9]_i_79
INFO: [Physopt 32-662] Processed net u_mem/u_bridge/p_0_in__3[11].  Did not re-place instance u_mem/u_bridge/r_len_reg[3]
INFO: [Physopt 32-662] Processed net u_mem/u_bridge/stat_ill_rd[15]_i_68_n_0.  Did not re-place instance u_mem/u_bridge/stat_ill_rd[15]_i_68
INFO: [Physopt 32-662] Processed net u_mem/u_bridge/r_len[7].  Did not re-place instance u_mem/u_bridge/r_len_reg[7]
INFO: [Physopt 32-662] Processed net u_mem/u_bridge/p_0_in[3].  Did not re-place instance u_mem/u_bridge/r_beats[3]_i_1
INFO: [Physopt 32-662] Processed net u_mem/u_bridge/r_len[11]_i_4_n_0.  Did not re-place instance u_mem/u_bridge/r_len[11]_i_4
INFO: [Physopt 32-662] Processed net u_mem/u_bridge/r_len[1]_i_6_n_0.  Did not re-place instance u_mem/u_bridge/r_len[1]_i_6
INFO: [Physopt 32-663] Processed net u_mem/u_bridge/r_slot_reg[7]_0[6].  Re-placed instance u_mem/u_bridge/r_slot_reg[6]
INFO: [Physopt 32-662] Processed net u_mem/u_bridge/stat_ill_rd[15]_i_78_n_0.  Did not re-place instance u_mem/u_bridge/stat_ill_rd[15]_i_78
INFO: [Physopt 32-662] Processed net u_mem/u_bridge/stat_ill_rd[15]_i_98_n_0.  Did not re-place instance u_mem/u_bridge/stat_ill_rd[15]_i_98
INFO: [Physopt 32-662] Processed net u_mem/u_bridge/stat_ill_rd[15]_i_79_n_0.  Did not re-place instance u_mem/u_bridge/stat_ill_rd[15]_i_79
INFO: [Physopt 32-662] Processed net u_mem/u_bridge/r_len[13]_i_56_n_0.  Did not re-place instance u_mem/u_bridge/r_len[13]_i_56
INFO: [Physopt 32-662] Processed net u_mem/u_bridge/r_len[9]_i_62_n_0.  Did not re-place instance u_mem/u_bridge/r_len[9]_i_62
INFO: [Physopt 32-662] Processed net u_mem/u_bridge/r_len[8]_i_74_n_0.  Did not re-place instance u_mem/u_bridge/r_len[8]_i_74
INFO: [Physopt 32-662] Processed net u_mem/u_bridge/r_len[9]_i_63_n_0.  Did not re-place instance u_mem/u_bridge/r_len[9]_i_63
INFO: [Physopt 32-662] Processed net u_mem/u_bridge/r_len[13]_i_4_n_0.  Did not re-place instance u_mem/u_bridge/r_len[13]_i_4
INFO: [Physopt 32-662] Processed net u_mem/u_bridge/r_len[8]_i_72_n_0.  Did not re-place instance u_mem/u_bridge/r_len[8]_i_72
INFO: [Physopt 32-662] Processed net u_mem/u_bridge/r_len[7]_i_120_n_0.  Did not re-place instance u_mem/u_bridge/r_len[7]_i_120
INFO: [Physopt 32-662] Processed net u_mem/u_bridge/r_len[7]_i_66_n_0.  Did not re-place instance u_mem/u_bridge/r_len[7]_i_66
INFO: [Physopt 32-662] Processed net u_mem/u_bridge/r_len[8]_i_75_n_0.  Did not re-place instance u_mem/u_bridge/r_len[8]_i_75
INFO: [Physopt 32-662] Processed net u_mem/u_bridge/stat_ill_rd[15]_i_99_n_0.  Did not re-place instance u_mem/u_bridge/stat_ill_rd[15]_i_99
INFO: [Physopt 32-662] Processed net u_mem/u_bridge/rd_wr_en_i_1_n_0.  Did not re-place instance u_mem/u_bridge/rd_wr_en_i_1
INFO: [Physopt 32-662] Processed net u_mem/u_bridge/r_len[8]_i_73_n_0.  Did not re-place instance u_mem/u_bridge/r_len[8]_i_73
INFO: [Physopt 32-663] Processed net u_mem/u_bridge/rd_wr_data_reg[24]_0[21].  Re-placed instance u_mem/u_bridge/rd_wr_data_reg[21]
INFO: [Physopt 32-663] Processed net u_mem/u_bridge/rd_wr_data_reg[24]_0[2].  Re-placed instance u_mem/u_bridge/rd_wr_data_reg[2]
INFO: [Physopt 32-662] Processed net u_mem/u_bridge/stat_ill_rd[15]_i_74_n_0.  Did not re-place instance u_mem/u_bridge/stat_ill_rd[15]_i_74
INFO: [Physopt 32-662] Processed net u_mem/u_bridge/p_0_in[1].  Did not re-place instance u_mem/u_bridge/r_beats[1]_i_1
INFO: [Physopt 32-662] Processed net u_mem/u_bridge/r_len[9]_i_60_n_0.  Did not re-place instance u_mem/u_bridge/r_len[9]_i_60
INFO: [Physopt 32-663] Processed net u_mem/u_bridge/rd_wr_data_reg[24]_0[11].  Re-placed instance u_mem/u_bridge/rd_wr_data_reg[11]
INFO: [Physopt 32-663] Processed net u_mem/u_bridge/rd_wr_data_reg[24]_0[19].  Re-placed instance u_mem/u_bridge/rd_wr_data_reg[19]
INFO: [Physopt 32-662] Processed net u_mem/u_bridge/rd_wr_data_reg[24]_0[22].  Did not re-place instance u_mem/u_bridge/rd_wr_data_reg[22]
INFO: [Physopt 32-662] Processed net u_mem/u_bridge/rd_wr_data_reg[24]_0[3].  Did not re-place instance u_mem/u_bridge/rd_wr_data_reg[3]
INFO: [Physopt 32-662] Processed net u_mem/u_bridge/r_len[8]_i_56_n_0.  Did not re-place instance u_mem/u_bridge/r_len[8]_i_56
INFO: [Physopt 32-662] Processed net u_mem/u_bridge/r_len[7]_i_67_n_0.  Did not re-place instance u_mem/u_bridge/r_len[7]_i_67
INFO: [Physopt 32-662] Processed net u_mem/u_bridge/r_len[9]_i_61_n_0.  Did not re-place instance u_mem/u_bridge/r_len[9]_i_61
INFO: [Physopt 32-662] Processed net u_mem/u_bridge/r_len[8]_i_121_n_0.  Did not re-place instance u_mem/u_bridge/r_len[8]_i_121
INFO: [Physopt 32-662] Processed net u_mem/u_bridge/r_len[8]_i_57_n_0.  Did not re-place instance u_mem/u_bridge/r_len[8]_i_57
INFO: [Physopt 32-662] Processed net u_mem/u_bridge/stat_ill_rd[15]_i_75_n_0.  Did not re-place instance u_mem/u_bridge/stat_ill_rd[15]_i_75
INFO: [Physopt 32-662] Processed net u_mem/u_bridge/r_len[7]_i_121_n_0.  Did not re-place instance u_mem/u_bridge/r_len[7]_i_121
INFO: [Physopt 32-662] Processed net u_mem/u_bridge/r_len[7]_i_74_n_0.  Did not re-place instance u_mem/u_bridge/r_len[7]_i_74
INFO: [Physopt 32-662] Processed net u_mem/u_bridge/r_len[8]_i_58_n_0.  Did not re-place instance u_mem/u_bridge/r_len[8]_i_58
INFO: [Physopt 32-662] Processed net u_mem/u_bridge/r_len[8]_i_60_n_0.  Did not re-place instance u_mem/u_bridge/r_len[8]_i_60
INFO: [Physopt 32-662] Processed net u_mem/u_bridge/r_len[8]_i_104_n_0.  Did not re-place instance u_mem/u_bridge/r_len[8]_i_104
INFO: [Physopt 32-662] Processed net u_mem/u_bridge/r_len[7]_i_75_n_0.  Did not re-place instance u_mem/u_bridge/r_len[7]_i_75
INFO: [Physopt 32-662] Processed net u_mem/u_bridge/r_len[8]_i_106_n_0.  Did not re-place instance u_mem/u_bridge/r_len[8]_i_106
INFO: [Physopt 32-662] Processed net u_mem/u_bridge/r_len[8]_i_59_n_0.  Did not re-place instance u_mem/u_bridge/r_len[8]_i_59
INFO: [Physopt 32-662] Processed net u_mem/u_bridge/r_len[8]_i_61_n_0.  Did not re-place instance u_mem/u_bridge/r_len[8]_i_61
INFO: [Physopt 32-662] Processed net u_mem/u_bridge/stat_ill_rd[15]_i_84_n_0.  Did not re-place instance u_mem/u_bridge/stat_ill_rd[15]_i_84
INFO: [Physopt 32-662] Processed net u_mem/u_bridge/r_len[7]_i_94_n_0.  Did not re-place instance u_mem/u_bridge/r_len[7]_i_94
INFO: [Physopt 32-662] Processed net u_mem/u_bridge/r_len[8]_i_105_n_0.  Did not re-place instance u_mem/u_bridge/r_len[8]_i_105
INFO: [Physopt 32-662] Processed net u_mem/u_bridge/r_len[8]_i_107_n_0.  Did not re-place instance u_mem/u_bridge/r_len[8]_i_107
INFO: [Physopt 32-662] Processed net u_mem/u_bridge/r_len[10]_i_5_n_0.  Did not re-place instance u_mem/u_bridge/r_len[10]_i_5
INFO: [Physopt 32-662] Processed net u_mem/u_bridge/r_len[7]_i_95_n_0.  Did not re-place instance u_mem/u_bridge/r_len[7]_i_95
INFO: [Physopt 32-662] Processed net u_mem/u_bridge/r_len[8]_i_62_n_0.  Did not re-place instance u_mem/u_bridge/r_len[8]_i_62
INFO: [Physopt 32-662] Processed net u_mem/u_bridge/r_len[9]_i_88_n_0.  Did not re-place instance u_mem/u_bridge/r_len[9]_i_88
INFO: [Physopt 32-662] Processed net u_mem/u_bridge/r_len[8]_i_76_n_0.  Did not re-place instance u_mem/u_bridge/r_len[8]_i_76
INFO: [Physopt 32-662] Processed net u_mem/u_bridge/r_len[9]_i_90_n_0.  Did not re-place instance u_mem/u_bridge/r_len[9]_i_90
INFO: [Physopt 32-662] Processed net u_mem/u_bridge/r_len[8]_i_120_n_0.  Did not re-place instance u_mem/u_bridge/r_len[8]_i_120
INFO: [Physopt 32-662] Processed net u_mem/u_bridge/r_len[2]_i_6_n_0.  Did not re-place instance u_mem/u_bridge/r_len[2]_i_6
INFO: [Physopt 32-662] Processed net u_mem/u_bridge/r_len[8]_i_63_n_0.  Did not re-place instance u_mem/u_bridge/r_len[8]_i_63
INFO: [Physopt 32-662] Processed net u_mem/u_bridge/r_len[8]_i_90_n_0.  Did not re-place instance u_mem/u_bridge/r_len[8]_i_90
INFO: [Physopt 32-662] Processed net u_mem/u_bridge/stat_ill_rd[15]_i_118_n_0.  Did not re-place instance u_mem/u_bridge/stat_ill_rd[15]_i_118
INFO: [Physopt 32-662] Processed net u_mem/u_bridge/r_len[9]_i_92_n_0.  Did not re-place instance u_mem/u_bridge/r_len[9]_i_92
INFO: [Physopt 32-662] Processed net u_mem/u_bridge/r_len[9]_i_121_n_0.  Did not re-place instance u_mem/u_bridge/r_len[9]_i_121
INFO: [Physopt 32-662] Processed net u_mem/u_bridge/r_len[10]_i_6_n_0.  Did not re-place instance u_mem/u_bridge/r_len[10]_i_6
INFO: [Physopt 32-662] Processed net u_mem/u_bridge/r_len[8]_i_89_n_0.  Did not re-place instance u_mem/u_bridge/r_len[8]_i_89
INFO: [Physopt 32-662] Processed net u_mem/u_bridge/r_len[9]_i_56_n_0.  Did not re-place instance u_mem/u_bridge/r_len[9]_i_56
INFO: [Physopt 32-662] Processed net u_mem/u_bridge/r_len[9]_i_89_n_0.  Did not re-place instance u_mem/u_bridge/r_len[9]_i_89
INFO: [Physopt 32-662] Processed net u_mem/u_bridge/stat_ill_rd[15]_i_119_n_0.  Did not re-place instance u_mem/u_bridge/stat_ill_rd[15]_i_119
INFO: [Physopt 32-662] Processed net u_mem/u_bridge/r_len[8]_i_77_n_0.  Did not re-place instance u_mem/u_bridge/r_len[8]_i_77
INFO: [Physopt 32-662] Processed net u_mem/u_bridge/r_len[9]_i_57_n_0.  Did not re-place instance u_mem/u_bridge/r_len[9]_i_57
INFO: [Physopt 32-662] Processed net u_mem/u_bridge/stat_ill_rd[15]_i_64_n_0.  Did not re-place instance u_mem/u_bridge/stat_ill_rd[15]_i_64
INFO: [Physopt 32-662] Processed net u_mem/u_bridge/r_len[8]_i_88_n_0.  Did not re-place instance u_mem/u_bridge/r_len[8]_i_88
INFO: [Physopt 32-662] Processed net u_mem/u_bridge/r_len[9]_i_93_n_0.  Did not re-place instance u_mem/u_bridge/r_len[9]_i_93
INFO: [Physopt 32-662] Processed net u_mem/u_bridge/stat_ill_rd[15]_i_116_n_0.  Did not re-place instance u_mem/u_bridge/stat_ill_rd[15]_i_116
INFO: [Physopt 32-662] Processed net u_mem/u_bridge/rstate.  Did not re-place instance u_mem/u_bridge/FSM_onehot_rstate[4]_i_1
INFO: [Physopt 32-662] Processed net u_mem/u_bridge/FSM_onehot_rstate[4]_i_3_n_0.  Did not re-place instance u_mem/u_bridge/FSM_onehot_rstate[4]_i_3
INFO: [Physopt 32-662] Processed net u_mem/u_bridge/r_len[8]_i_91_n_0.  Did not re-place instance u_mem/u_bridge/r_len[8]_i_91
INFO: [Physopt 32-662] Processed net u_mem/u_bridge/r_len[9]_i_91_n_0.  Did not re-place instance u_mem/u_bridge/r_len[9]_i_91
INFO: [Physopt 32-662] Processed net u_mem/u_bridge/rd_retire.  Did not re-place instance u_mem/u_bridge/FSM_onehot_rstate_reg[4]
INFO: [Physopt 32-662] Processed net u_mem/u_bridge/stat_ill_rd[15]_i_117_n_0.  Did not re-place instance u_mem/u_bridge/stat_ill_rd[15]_i_117
INFO: [Physopt 32-662] Processed net u_mem/u_bridge/stat_ill_rd[15]_i_121_n_0.  Did not re-place instance u_mem/u_bridge/stat_ill_rd[15]_i_121
INFO: [Physopt 32-662] Processed net u_mem/u_bridge/stat_ill_rd[15]_i_65_n_0.  Did not re-place instance u_mem/u_bridge/stat_ill_rd[15]_i_65
INFO: [Physopt 32-662] Processed net u_mem/u_bridge/r_len[8]_i_116_n_0.  Did not re-place instance u_mem/u_bridge/r_len[8]_i_116
INFO: [Physopt 32-662] Processed net u_mem/u_bridge/stat_ill_rd[15]_i_120_n_0.  Did not re-place instance u_mem/u_bridge/stat_ill_rd[15]_i_120
INFO: [Physopt 32-662] Processed net u_mem/u_bridge/FSM_onehot_rstate_reg_n_0_[2].  Did not re-place instance u_mem/u_bridge/FSM_onehot_rstate_reg[2]
INFO: [Physopt 32-662] Processed net u_mem/u_bridge/FSM_onehot_rstate_reg_n_0_[3].  Did not re-place instance u_mem/u_bridge/FSM_onehot_rstate_reg[3]
INFO: [Physopt 32-662] Processed net u_mem/u_bridge/FSM_onehot_rstate_reg_n_0_[0].  Did not re-place instance u_mem/u_bridge/FSM_onehot_rstate_reg[0]
INFO: [Physopt 32-662] Processed net u_mem/u_bridge/FSM_onehot_rstate_reg_n_0_[1].  Did not re-place instance u_mem/u_bridge/FSM_onehot_rstate_reg[1]
INFO: [Physopt 32-662] Processed net u_mem/u_bridge/r_len[1]_i_120_n_0.  Did not re-place instance u_mem/u_bridge/r_len[1]_i_120
INFO: [Physopt 32-662] Processed net u_mem/u_bridge/r_len[1]_i_72_n_0.  Did not re-place instance u_mem/u_bridge/r_len[1]_i_72
INFO: [Physopt 32-662] Processed net u_mem/u_bridge/r_len[9]_i_110_n_0.  Did not re-place instance u_mem/u_bridge/r_len[9]_i_110
INFO: [Physopt 32-662] Processed net u_mem/u_bridge/stat_ill_rd[15]_i_104_n_0.  Did not re-place instance u_mem/u_bridge/stat_ill_rd[15]_i_104
INFO: [Physopt 32-662] Processed net u_mem/u_bridge/r_len[8]_i_108_n_0.  Did not re-place instance u_mem/u_bridge/r_len[8]_i_108
INFO: [Physopt 32-662] Processed net u_mem/u_bridge/r_len[9]_i_111_n_0.  Did not re-place instance u_mem/u_bridge/r_len[9]_i_111
INFO: [Physopt 32-662] Processed net u_mem/u_bridge/r_len[8]_i_109_n_0.  Did not re-place instance u_mem/u_bridge/r_len[8]_i_109
INFO: [Physopt 32-662] Processed net u_mem/u_bridge/r_len[8]_i_117_n_0.  Did not re-place instance u_mem/u_bridge/r_len[8]_i_117
INFO: [Physopt 32-662] Processed net u_mem/u_bridge/rd_wr_data_reg[24]_0[14].  Did not re-place instance u_mem/u_bridge/rd_wr_data_reg[14]
INFO: [Physopt 32-662] Processed net u_mem/u_bridge/rd_wr_data_reg[24]_0[18].  Did not re-place instance u_mem/u_bridge/rd_wr_data_reg[18]
INFO: [Physopt 32-662] Processed net u_mem/u_bridge/rd_wr_data_reg[24]_0[5].  Did not re-place instance u_mem/u_bridge/rd_wr_data_reg[5]
INFO: [Physopt 32-662] Processed net u_mem/u_bridge/rd_wr_data_reg[24]_0[8].  Did not re-place instance u_mem/u_bridge/rd_wr_data_reg[8]
INFO: [Physopt 32-662] Processed net u_mem/u_bridge/r_len[1]_i_73_n_0.  Did not re-place instance u_mem/u_bridge/r_len[1]_i_73
INFO: [Physopt 32-662] Processed net u_mem/u_bridge/r_len[8]_i_110_n_0.  Did not re-place instance u_mem/u_bridge/r_len[8]_i_110
INFO: [Physopt 32-662] Processed net u_mem/u_bridge/stat_ill_rd[15]_i_105_n_0.  Did not re-place instance u_mem/u_bridge/stat_ill_rd[15]_i_105
INFO: [Physopt 32-662] Processed net u_mem/u_bridge/stat_ill_rd[15]_i_90_n_0.  Did not re-place instance u_mem/u_bridge/stat_ill_rd[15]_i_90
INFO: [Physopt 32-662] Processed net u_mem/u_bridge/stat_ill_rd[15]_i_88_n_0.  Did not re-place instance u_mem/u_bridge/stat_ill_rd[15]_i_88
INFO: [Physopt 32-662] Processed net u_mem/u_bridge/r_len[8]_i_111_n_0.  Did not re-place instance u_mem/u_bridge/r_len[8]_i_111
INFO: [Physopt 32-662] Processed net u_mem/u_bridge/r_len[8]_i_92_n_0.  Did not re-place instance u_mem/u_bridge/r_len[8]_i_92
INFO: [Physopt 32-662] Processed net u_mem/u_bridge/stat_ill_rd[15]_i_102_n_0.  Did not re-place instance u_mem/u_bridge/stat_ill_rd[15]_i_102
INFO: [Physopt 32-662] Processed net u_mem/u_bridge/rd_wr_data_reg[24]_0[10].  Did not re-place instance u_mem/u_bridge/rd_wr_data_reg[10]
INFO: [Physopt 32-662] Processed net u_mem/u_bridge/rd_wr_data_reg[24]_0[13].  Did not re-place instance u_mem/u_bridge/rd_wr_data_reg[13]
INFO: [Physopt 32-662] Processed net u_mem/u_bridge/rd_wr_data_reg[24]_0[17].  Did not re-place instance u_mem/u_bridge/rd_wr_data_reg[17]
INFO: [Physopt 32-662] Processed net u_mem/u_bridge/rd_wr_data_reg[24]_0[4].  Did not re-place instance u_mem/u_bridge/rd_wr_data_reg[4]
INFO: [Physopt 32-662] Processed net u_mem/u_bridge/r_len[8]_i_93_n_0.  Did not re-place instance u_mem/u_bridge/r_len[8]_i_93
INFO: [Physopt 32-662] Processed net u_mem/u_bridge/stat_ill_rd[15]_i_101_n_0.  Did not re-place instance u_mem/u_bridge/stat_ill_rd[15]_i_101
INFO: [Physopt 32-662] Processed net u_mem/u_bridge/stat_ill_rd[15]_i_89_n_0.  Did not re-place instance u_mem/u_bridge/stat_ill_rd[15]_i_89
INFO: [Physopt 32-662] Processed net u_mem/u_bridge/r_len[4]_i_120_n_0.  Did not re-place instance u_mem/u_bridge/r_len[4]_i_120
INFO: [Physopt 32-662] Processed net u_mem/u_bridge/r_len[4]_i_60_n_0.  Did not re-place instance u_mem/u_bridge/r_len[4]_i_60
INFO: [Physopt 32-662] Processed net u_mem/u_bridge/r_len[8]_i_118_n_0.  Did not re-place instance u_mem/u_bridge/r_len[8]_i_118
INFO: [Physopt 32-662] Processed net u_mem/u_bridge/stat_ill_rd[15]_i_94_n_0.  Did not re-place instance u_mem/u_bridge/stat_ill_rd[15]_i_94
INFO: [Physopt 32-662] Processed net u_mem/u_bridge/r_len[10]_i_123_n_0.  Did not re-place instance u_mem/u_bridge/r_len[10]_i_123
INFO: [Physopt 32-662] Processed net u_mem/u_bridge/r_len[10]_i_58_n_0.  Did not re-place instance u_mem/u_bridge/r_len[10]_i_58
INFO: [Physopt 32-662] Processed net u_mem/u_bridge/stat_ill_rd[15]_i_100_n_0.  Did not re-place instance u_mem/u_bridge/stat_ill_rd[15]_i_100
INFO: [Physopt 32-662] Processed net u_mem/u_bridge/stat_ill_rd[15]_i_66_n_0.  Did not re-place instance u_mem/u_bridge/stat_ill_rd[15]_i_66
INFO: [Physopt 32-662] Processed net u_mem/u_bridge/r_len[9]_i_108_n_0.  Did not re-place instance u_mem/u_bridge/r_len[9]_i_108
INFO: [Physopt 32-662] Processed net u_mem/u_bridge/stat_ill_rd[15]_i_86_n_0.  Did not re-place instance u_mem/u_bridge/stat_ill_rd[15]_i_86
INFO: [Physopt 32-662] Processed net u_mem/u_bridge/stat_ill_rd[15]_i_91_n_0.  Did not re-place instance u_mem/u_bridge/stat_ill_rd[15]_i_91
INFO: [Physopt 32-663] Processed net u_mem/u_bridge/r_len[4]_i_121_n_0.  Re-placed instance u_mem/u_bridge/r_len[4]_i_121
INFO: [Physopt 32-662] Processed net u_mem/u_bridge/r_len[10]_i_60_n_0.  Did not re-place instance u_mem/u_bridge/r_len[10]_i_60
INFO: [Physopt 32-662] Processed net u_mem/u_bridge/r_len[4]_i_56_n_0.  Did not re-place instance u_mem/u_bridge/r_len[4]_i_56
INFO: [Physopt 32-662] Processed net u_mem/u_bridge/r_len[4]_i_61_n_0.  Did not re-place instance u_mem/u_bridge/r_len[4]_i_61
INFO: [Physopt 32-662] Processed net u_mem/u_bridge/r_len[4]_i_62_n_0.  Did not re-place instance u_mem/u_bridge/r_len[4]_i_62
INFO: [Physopt 32-662] Processed net u_mem/u_bridge/stat_ill_rd[15]_i_103_n_0.  Did not re-place instance u_mem/u_bridge/stat_ill_rd[15]_i_103
INFO: [Physopt 32-662] Processed net u_mem/u_bridge/stat_ill_rd[15]_i_95_n_0.  Did not re-place instance u_mem/u_bridge/stat_ill_rd[15]_i_95
INFO: [Physopt 32-662] Processed net u_mem/u_bridge/rd_wr_data_reg[24]_0[9].  Did not re-place instance u_mem/u_bridge/rd_wr_data_reg[9]
INFO: [Physopt 32-662] Processed net u_mem/u_bridge/r_len[9]_i_109_n_0.  Did not re-place instance u_mem/u_bridge/r_len[9]_i_109
INFO: [Physopt 32-662] Processed net u_mem/u_bridge/stat_ill_rd[15]_i_73_n_0.  Did not re-place instance u_mem/u_bridge/stat_ill_rd[15]_i_73
INFO: [Physopt 32-662] Processed net u_mem/u_bridge/r_len[4]_i_63_n_0.  Did not re-place instance u_mem/u_bridge/r_len[4]_i_63
INFO: [Physopt 32-661] Optimized 6 nets.  Re-placed 6 instances.
INFO: [Physopt 32-775] End 1 Pass. Optimized 6 nets or cells. Created 0 new cell, deleted 0 existing cell and moved 6 existing cells
INFO: [Physopt 32-619] Estimated Timing Summary | WNS=-1.148 | TNS=-637.344 |
Netlist sorting complete. Time (s): cpu = 00:00:00 ; elapsed = 00:00:00.026 . Memory (MB): peak = 7202.992 ; gain = 0.227
Phase 15 Single Cell Placement Optimization | Checksum: 1cc18f30f

Time (s): cpu = 00:02:46 ; elapsed = 00:01:45 . Memory (MB): peak = 7203.031 ; gain = 1331.348

Phase 16 Multi Cell Placement Optimization
INFO: [Physopt 32-660] Identified 100 candidate nets for placement-based optimization.
INFO: [Physopt 32-662] Processed net u_mem/u_bridge/in_range.  Did not re-place instance u_mem/u_bridge/stat_ill_rd[15]_i_4/O
INFO: [Physopt 32-662] Processed net u_mem/u_bridge/rd_target_ok.  Did not re-place instance u_mem/u_bridge/stat_ill_rd[15]_i_3/O
INFO: [Physopt 32-662] Processed net u_mem/u_bridge/r_len[13].  Did not re-place instance u_mem/u_bridge/r_len_reg[13]/Q
INFO: [Physopt 32-662] Processed net u_mem/u_bridge/r_len[15].  Did not re-place instance u_mem/u_bridge/r_len_reg[15]/Q
INFO: [Physopt 32-662] Processed net u_mem/u_bridge/r_beats[7]_i_2_n_0.  Did not re-place instance u_mem/u_bridge/r_beats[7]_i_2/O
INFO: [Physopt 32-662] Processed net u_mem/u_bridge/p_0_in[7].  Did not re-place instance u_mem/u_bridge/r_beats[7]_i_1/O
INFO: [Physopt 32-662] Processed net u_mem/u_bridge/r_beat[7]_i_1_n_0.  Did not re-place instance u_mem/u_bridge/r_beat[7]_i_1/O
INFO: [Physopt 32-662] Processed net u_mem/u_bridge/rd_target_ok_repN.  Did not re-place instance u_mem/u_bridge/stat_ill_rd[15]_i_3_replica/O
INFO: [Physopt 32-662] Processed net u_mem/u_bridge/r_beat[1].  Did not re-place instance u_mem/u_bridge/r_beat_reg[1]/Q
INFO: [Physopt 32-663] Processed net u_mem/u_bridge/r_beat[2].  Re-placed instance u_mem/u_bridge/r_beat_reg[2]/Q
INFO: [Physopt 32-662] Processed net u_mem/u_bridge/r_beat[6].  Did not re-place instance u_mem/u_bridge/r_beat_reg[6]/Q
INFO: [Physopt 32-662] Processed net u_mem/u_bridge/r_beat[0].  Did not re-place instance u_mem/u_bridge/r_beat_reg[0]/Q
INFO: [Physopt 32-662] Processed net u_mem/u_bridge/p_0_in[6].  Did not re-place instance u_mem/u_bridge/r_beats[6]_i_1/O
INFO: [Physopt 32-662] Processed net u_mem/u_bridge/r_beats[4]_i_2_n_0.  Did not re-place instance u_mem/u_bridge/r_beats[4]_i_2/O
INFO: [Physopt 32-662] Processed net u_mem/u_bridge/in_range_repN.  Did not re-place instance u_mem/u_bridge/stat_ill_rd[15]_i_4_replica/O
INFO: [Physopt 32-663] Processed net u_mem/u_bridge/r_beats[1].  Re-placed instance u_mem/u_bridge/r_beats_reg[1]/Q
INFO: [Physopt 32-662] Processed net u_mem/u_bridge/r_beats[3].  Did not re-place instance u_mem/u_bridge/r_beats_reg[3]/Q
INFO: [Physopt 32-662] Processed net u_mem/u_bridge/r_beats[0].  Did not re-place instance u_mem/u_bridge/r_beats_reg[0]/Q
INFO: [Physopt 32-662] Processed net u_mem/u_bridge/r_beats[2].  Did not re-place instance u_mem/u_bridge/r_beats_reg[2]/Q
INFO: [Physopt 32-662] Processed net u_mem/u_bridge/r_beats[4].  Did not re-place instance u_mem/u_bridge/r_beats_reg[4]/Q
INFO: [Physopt 32-662] Processed net u_mem/u_bridge/p_0_in[5].  Did not re-place instance u_mem/u_bridge/r_beats[5]_i_1/O
INFO: [Physopt 32-662] Processed net u_mem/u_bridge/r_len[14].  Did not re-place instance u_mem/u_bridge/r_len_reg[14]/Q
INFO: [Physopt 32-662] Processed net u_mem/u_bridge/r_len[12].  Did not re-place instance u_mem/u_bridge/r_len_reg[12]/Q
INFO: [Physopt 32-662] Processed net u_mem/u_bridge/r_len[10].  Did not re-place instance u_mem/u_bridge/r_len_reg[10]/Q
INFO: [Physopt 32-662] Processed net u_mem/u_bridge/r_len[9].  Did not re-place instance u_mem/u_bridge/r_len_reg[9]/Q
INFO: [Physopt 32-662] Processed net u_mem/u_bridge/r_beat[4].  Did not re-place instance u_mem/u_bridge/r_beat_reg[4]/Q
INFO: [Physopt 32-662] Processed net u_mem/u_bridge/r_beat[7].  Did not re-place instance u_mem/u_bridge/r_beat_reg[7]/Q
INFO: [Physopt 32-662] Processed net u_mem/u_bridge/p_0_in[4].  Did not re-place instance u_mem/u_bridge/r_beats[4]_i_1/O
INFO: [Physopt 32-662] Processed net u_mem/u_bridge/r_len[8].  Did not re-place instance u_mem/u_bridge/r_len_reg[8]/Q
INFO: [Physopt 32-662] Processed net u_mem/u_bridge/r_len[7].  Did not re-place instance u_mem/u_bridge/r_len_reg[7]/Q
INFO: [Physopt 32-662] Processed net u_mem/u_bridge/p_0_in[3].  Did not re-place instance u_mem/u_bridge/r_beats[3]_i_1/O
INFO: [Physopt 32-662] Processed net u_mem/u_bridge/p_0_in[1].  Did not re-place instance u_mem/u_bridge/r_beats[1]_i_1/O
INFO: [Physopt 32-662] Processed net u_mem/u_bridge/rstate.  Did not re-place instance u_mem/u_bridge/FSM_onehot_rstate[4]_i_1/O
INFO: [Physopt 32-662] Processed net u_mem/u_bridge/FSM_onehot_rstate[4]_i_3_n_0.  Did not re-place instance u_mem/u_bridge/FSM_onehot_rstate[4]_i_3/O
INFO: [Physopt 32-662] Processed net u_mem/u_bridge/r_len[11].  Did not re-place instance u_mem/u_bridge/r_len_reg[11]/Q
INFO: [Physopt 32-662] Processed net u_mem/u_bridge/r_len[6].  Did not re-place instance u_mem/u_bridge/r_len_reg[6]/Q
INFO: [Physopt 32-661] Optimized 2 nets.  Re-placed 7 instances.
INFO: [Physopt 32-775] End 1 Pass. Optimized 2 nets or cells. Created 0 new cell, deleted 0 existing cell and moved 7 existing cells
INFO: [Physopt 32-619] Estimated Timing Summary | WNS=-1.148 | TNS=-637.344 |
Netlist sorting complete. Time (s): cpu = 00:00:00 ; elapsed = 00:00:00.022 . Memory (MB): peak = 7352.379 ; gain = 0.227
Phase 16 Multi Cell Placement Optimization | Checksum: 1cc18f30f

Time (s): cpu = 00:03:21 ; elapsed = 00:02:07 . Memory (MB): peak = 7352.379 ; gain = 1480.695

Phase 17 Rewire
INFO: [Physopt 32-246] Starting Signal Push optimization...
INFO: [Physopt 32-241] No nets found for rewiring () optimization.
INFO: [Physopt 32-232] Optimized 0 net. Created 0 new instance.
INFO: [Physopt 32-775] End 1 Pass. Optimized 0 net or cell. Created 0 new cell, deleted 0 existing cell and moved 0 existing cell
Netlist sorting complete. Time (s): cpu = 00:00:00 ; elapsed = 00:00:00.020 . Memory (MB): peak = 7352.379 ; gain = 0.000
Phase 17 Rewire | Checksum: 1cc18f30f

Time (s): cpu = 00:03:21 ; elapsed = 00:02:07 . Memory (MB): peak = 7352.379 ; gain = 1480.695

Phase 18 Critical Cell Optimization
INFO: [Physopt 32-46] Identified 1 candidate net for critical-cell optimization.
INFO: [Physopt 32-572] Net u_mem/u_bridge/rd_wr_en_i_1_n_0 was not replicated.
Resolution: phys_opt_design can be forced to replicate a net driver using the option -force_replication_on_nets <list of net objects>.
INFO: [Physopt 32-232] Optimized 0 net. Created 0 new instance.
INFO: [Physopt 32-775] End 1 Pass. Optimized 0 net or cell. Created 0 new cell, deleted 0 existing cell and moved 0 existing cell
Netlist sorting complete. Time (s): cpu = 00:00:00 ; elapsed = 00:00:00.029 . Memory (MB): peak = 7353.617 ; gain = 0.227
Phase 18 Critical Cell Optimization | Checksum: 1cc18f30f

Time (s): cpu = 00:03:22 ; elapsed = 00:02:08 . Memory (MB): peak = 7353.617 ; gain = 1481.934

Phase 19 DSP Register Optimization
INFO: [Physopt 32-456] No candidate cells for DSP register optimization found in the design.
INFO: [Physopt 32-775] End 1 Pass. Optimized 0 net or cell. Created 0 new cell, deleted 0 existing cell and moved 0 existing cell
Phase 19 DSP Register Optimization | Checksum: 1cc18f30f

Time (s): cpu = 00:03:22 ; elapsed = 00:02:08 . Memory (MB): peak = 7353.617 ; gain = 1481.934

Phase 20 BRAM Register Optimization
INFO: [Physopt 32-614] Property 'READ_WIDTH_B' on BRAM cell 'u_ddr4/inst/u_ddr4_mem_intfc/u_ddr_cal_top/u_ddr_cal/u_ddr_cal_addr_decode/u_ddr_cal_cplx/u_ddr_cal_cplx_data/rd_addr_101_reg_rep' Port 'B' is 0. Skip BRAM Register Optimization on the port
INFO: [Physopt 32-526] No candidate cells for BRAM register optimization found in the design
INFO: [Physopt 32-775] End 1 Pass. Optimized 0 net or cell. Created 0 new cell, deleted 0 existing cell and moved 0 existing cell
Phase 20 BRAM Register Optimization | Checksum: 1cc18f30f

Time (s): cpu = 00:03:23 ; elapsed = 00:02:08 . Memory (MB): peak = 7353.617 ; gain = 1481.934

Phase 21 URAM Register Optimization
INFO: [Physopt 32-846] No candidate cells for URAM register optimization found in the design
INFO: [Physopt 32-775] End 1 Pass. Optimized 0 net or cell. Created 0 new cell, deleted 0 existing cell and moved 0 existing cell
INFO: [Physopt 32-846] No candidate cells for URAM register optimization found in the design
INFO: [Physopt 32-775] End 1 Pass. Optimized 0 net or cell. Created 0 new cell, deleted 0 existing cell and moved 0 existing cell
Phase 21 URAM Register Optimization | Checksum: 1cc18f30f

Time (s): cpu = 00:03:23 ; elapsed = 00:02:09 . Memory (MB): peak = 7353.617 ; gain = 1481.934

Phase 22 Shift Register Optimization
INFO: [Physopt 32-677] No candidate cells for Shift Register optimization found in the design
INFO: [Physopt 32-775] End 1 Pass. Optimized 0 net or cell. Created 0 new cell, deleted 0 existing cell and moved 0 existing cell
Phase 22 Shift Register Optimization | Checksum: 1cc18f30f

Time (s): cpu = 00:03:23 ; elapsed = 00:02:09 . Memory (MB): peak = 7353.617 ; gain = 1481.934

Phase 23 DSP Register Optimization
INFO: [Physopt 32-456] No candidate cells for DSP register optimization found in the design.
INFO: [Physopt 32-775] End 1 Pass. Optimized 0 net or cell. Created 0 new cell, deleted 0 existing cell and moved 0 existing cell
Phase 23 DSP Register Optimization | Checksum: 1cc18f30f

Time (s): cpu = 00:03:23 ; elapsed = 00:02:09 . Memory (MB): peak = 7353.617 ; gain = 1481.934

Phase 24 BRAM Register Optimization
INFO: [Physopt 32-614] Property 'READ_WIDTH_B' on BRAM cell 'u_ddr4/inst/u_ddr4_mem_intfc/u_ddr_cal_top/u_ddr_cal/u_ddr_cal_addr_decode/u_ddr_cal_cplx/u_ddr_cal_cplx_data/rd_addr_101_reg_rep' Port 'B' is 0. Skip BRAM Register Optimization on the port
INFO: [Physopt 32-526] No candidate cells for BRAM register optimization found in the design
INFO: [Physopt 32-775] End 1 Pass. Optimized 0 net or cell. Created 0 new cell, deleted 0 existing cell and moved 0 existing cell
Phase 24 BRAM Register Optimization | Checksum: 1cc18f30f

Time (s): cpu = 00:03:24 ; elapsed = 00:02:10 . Memory (MB): peak = 7353.617 ; gain = 1481.934

Phase 25 URAM Register Optimization
INFO: [Physopt 32-846] No candidate cells for URAM register optimization found in the design
INFO: [Physopt 32-775] End 1 Pass. Optimized 0 net or cell. Created 0 new cell, deleted 0 existing cell and moved 0 existing cell
INFO: [Physopt 32-846] No candidate cells for URAM register optimization found in the design
INFO: [Physopt 32-775] End 1 Pass. Optimized 0 net or cell. Created 0 new cell, deleted 0 existing cell and moved 0 existing cell
Phase 25 URAM Register Optimization | Checksum: 1cc18f30f

Time (s): cpu = 00:03:24 ; elapsed = 00:02:10 . Memory (MB): peak = 7353.617 ; gain = 1481.934

Phase 26 Shift Register Optimization
INFO: [Physopt 32-677] No candidate cells for Shift Register optimization found in the design
INFO: [Physopt 32-775] End 1 Pass. Optimized 0 net or cell. Created 0 new cell, deleted 0 existing cell and moved 0 existing cell
Phase 26 Shift Register Optimization | Checksum: 1cc18f30f

Time (s): cpu = 00:03:24 ; elapsed = 00:02:10 . Memory (MB): peak = 7353.617 ; gain = 1481.934

Phase 27 Critical Pin Optimization
INFO: [Physopt 32-606] Identified 86 candidate nets for critical-pin optimization.
INFO: [Physopt 32-608] Optimized 33 nets.  Swapped 1707 pins.
INFO: [Physopt 32-775] End 1 Pass. Optimized 33 nets or cells. Created 0 new cell, deleted 0 existing cell and moved 1707 existing cells
INFO: [Physopt 32-619] Estimated Timing Summary | WNS=-1.106 | TNS=-630.155 |
Netlist sorting complete. Time (s): cpu = 00:00:00 ; elapsed = 00:00:00.025 . Memory (MB): peak = 7392.348 ; gain = 0.465
Phase 27 Critical Pin Optimization | Checksum: 1f048fd56

Time (s): cpu = 00:03:28 ; elapsed = 00:02:14 . Memory (MB): peak = 7392.348 ; gain = 1520.664

Phase 28 Very High Fanout Optimization
INFO: [Physopt 32-1132] Very high fanout net 'u_ddr4/inst/u_ddr4_mem_intfc/u_ddr_cal_top/u_ddr_mc_pi/u_ddr_mc_read/Q[0]' is not considered as a candidate in VHFN optimzation. The fanout considered for this optimization is changed from 787 to 186 due to a timing constraint that prevent optimization on all of the loads. To force replication, set the FORCE_MAX_FANOUT property on the net to a number less than 186.
INFO: [Physopt 32-1132] Very high fanout net 'u_ddr4/inst/u_ddr4_mem_intfc/u_ddr_cal_top/u_ddr_mc_pi/u_ddr_mc_read/Q[1]' is not considered as a candidate in VHFN optimzation. The fanout considered for this optimization is changed from 787 to 186 due to a timing constraint that prevent optimization on all of the loads. To force replication, set the FORCE_MAX_FANOUT property on the net to a number less than 186.
INFO: [Physopt 32-1132] Very high fanout net 'u_ddr4/inst/u_ddr4_mem_intfc/u_ddr_cal_top/u_ddr_mc_pi/u_ddr_mc_read/Q[2]' is not considered as a candidate in VHFN optimzation. The fanout considered for this optimization is changed from 787 to 186 due to a timing constraint that prevent optimization on all of the loads. To force replication, set the FORCE_MAX_FANOUT property on the net to a number less than 186.
INFO: [Physopt 32-1132] Very high fanout net 'u_ddr4/inst/u_ddr4_mem_intfc/u_ddr_cal_top/u_ddr_mc_pi/u_ddr_mc_read/rdDataAddr_reg[3]_rep_0' is not considered as a candidate in VHFN optimzation. The fanout considered for this optimization is changed from 292 to 90 due to a timing constraint that prevent optimization on all of the loads. To force replication, set the FORCE_MAX_FANOUT property on the net to a number less than 90.
INFO: [Physopt 32-1132] Very high fanout net 'u_ddr4/inst/u_ddr4_mem_intfc/u_ddr_cal_top/u_ddr_mc_pi/u_ddr_mc_read/rdDataAddr_reg[3]_rep__0_0' is not considered as a candidate in VHFN optimzation. The fanout considered for this optimization is changed from 292 to 90 due to a timing constraint that prevent optimization on all of the loads. To force replication, set the FORCE_MAX_FANOUT property on the net to a number less than 90.
INFO: [Physopt 32-1132] Very high fanout net 'u_ddr4/inst/u_ddr4_mem_intfc/u_ddr_cal_top/u_ddr_mc_pi/u_ddr_mc_read/rdDataAddr_reg[3]_rep__1_0' is not considered as a candidate in VHFN optimzation. The fanout considered for this optimization is changed from 282 to 87 due to a timing constraint that prevent optimization on all of the loads. To force replication, set the FORCE_MAX_FANOUT property on the net to a number less than 87.
INFO: [Physopt 32-1132] Very high fanout net 'u_ddr4/inst/u_ddr4_mem_intfc/u_ddr_cal_top/u_ddr_mc_pi/u_ddr_mc_read/rdDataAddr_reg[4]_rep_0' is not considered as a candidate in VHFN optimzation. The fanout considered for this optimization is changed from 292 to 90 due to a timing constraint that prevent optimization on all of the loads. To force replication, set the FORCE_MAX_FANOUT property on the net to a number less than 90.
INFO: [Physopt 32-1132] Very high fanout net 'u_ddr4/inst/u_ddr4_mem_intfc/u_ddr_cal_top/u_ddr_mc_pi/u_ddr_mc_read/rdDataAddr_reg[4]_rep__0_0' is not considered as a candidate in VHFN optimzation. The fanout considered for this optimization is changed from 292 to 90 due to a timing constraint that prevent optimization on all of the loads. To force replication, set the FORCE_MAX_FANOUT property on the net to a number less than 90.
INFO: [Physopt 32-1132] Very high fanout net 'u_ddr4/inst/u_ddr4_mem_intfc/u_ddr_cal_top/u_ddr_mc_pi/u_ddr_mc_read/rdDataAddr_reg[4]_rep__1_0' is not considered as a candidate in VHFN optimzation. The fanout considered for this optimization is changed from 282 to 87 due to a timing constraint that prevent optimization on all of the loads. To force replication, set the FORCE_MAX_FANOUT property on the net to a number less than 87.
INFO: [Physopt 32-1132] Very high fanout net 'u_ddr4/inst/u_ddr4_mem_intfc/u_ddr_ui/u_ddr_ui_wr_data/wdf_rdy_ns' is not considered as a candidate in VHFN optimzation. The fanout considered for this optimization is changed from 768 to 97 due to a timing constraint that prevent optimization on all of the loads. To force replication, set the FORCE_MAX_FANOUT property on the net to a number less than 97.
INFO: [Physopt 32-1132] Very high fanout net 'u_ddr4/inst/u_ddr4_mem_intfc/u_ddr_ui/u_ddr_ui_wr_data/wb_wr_data_addr_w[2]' is not considered as a candidate in VHFN optimzation. The fanout considered for this optimization is changed from 769 to 98 due to a timing constraint that prevent optimization on all of the loads. To force replication, set the FORCE_MAX_FANOUT property on the net to a number less than 98.
INFO: [Physopt 32-1132] Very high fanout net 'u_ddr4/inst/u_ddr4_mem_intfc/u_ddr_ui/u_ddr_ui_wr_data/wb_wr_data_addr_w[1]' is not considered as a candidate in VHFN optimzation. The fanout considered for this optimization is changed from 769 to 98 due to a timing constraint that prevent optimization on all of the loads. To force replication, set the FORCE_MAX_FANOUT property on the net to a number less than 98.
INFO: [Physopt 32-1132] Very high fanout net 'u_ddr4/inst/u_ddr4_mem_intfc/u_ddr_ui/u_ddr_ui_wr_data/wb_wr_data_addr0_ns' is not considered as a candidate in VHFN optimzation. The fanout considered for this optimization is changed from 769 to 98 due to a timing constraint that prevent optimization on all of the loads. To force replication, set the FORCE_MAX_FANOUT property on the net to a number less than 98.
INFO: [Physopt 32-1132] Very high fanout net 'u_ddr4/inst/u_ddr4_mem_intfc/u_ddr_ui/u_ddr_ui_wr_data/wb_wr_data_addr_w[4]' is not considered as a candidate in VHFN optimzation. The fanout considered for this optimization is changed from 769 to 98 due to a timing constraint that prevent optimization on all of the loads. To force replication, set the FORCE_MAX_FANOUT property on the net to a number less than 98.
INFO: [Physopt 32-1132] Very high fanout net 'u_ddr4/inst/u_ddr4_mem_intfc/u_ddr_ui/u_ddr_ui_wr_data/wb_wr_data_addr_w[3]' is not considered as a candidate in VHFN optimzation. The fanout considered for this optimization is changed from 769 to 98 due to a timing constraint that prevent optimization on all of the loads. To force replication, set the FORCE_MAX_FANOUT property on the net to a number less than 98.
INFO: [Physopt 32-1132] Very high fanout net 'u_ila_0/inst/ila_core_inst/u_ila_regs/MU_SRL[0].mu_srl_reg/shift_en_o' is not considered as a candidate in VHFN optimzation. The fanout considered for this optimization is changed from 425 to 222 due to a timing constraint that prevent optimization on all of the loads. To force replication, set the FORCE_MAX_FANOUT property on the net to a number less than 222.
INFO: [Physopt 32-1132] Very high fanout net 'u_mem/u_wr_bytes/wr_bin_reg_n_0_[0]' is not considered as a candidate in VHFN optimzation. The fanout considered for this optimization is changed from 785 to 146 due to a timing constraint that prevent optimization on all of the loads. To force replication, set the FORCE_MAX_FANOUT property on the net to a number less than 146.
INFO: [Physopt 32-1132] Very high fanout net 'u_mem/u_wr_bytes/wr_bin_reg_n_0_[1]' is not considered as a candidate in VHFN optimzation. The fanout considered for this optimization is changed from 786 to 147 due to a timing constraint that prevent optimization on all of the loads. To force replication, set the FORCE_MAX_FANOUT property on the net to a number less than 147.
INFO: [Physopt 32-1132] Very high fanout net 'u_mem/u_wr_bytes/wr_bin_reg_n_0_[2]' is not considered as a candidate in VHFN optimzation. The fanout considered for this optimization is changed from 783 to 144 due to a timing constraint that prevent optimization on all of the loads. To force replication, set the FORCE_MAX_FANOUT property on the net to a number less than 144.
INFO: [Physopt 32-1132] Very high fanout net 'u_mem/u_wr_bytes/wr_bin_reg_n_0_[3]' is not considered as a candidate in VHFN optimzation. The fanout considered for this optimization is changed from 781 to 142 due to a timing constraint that prevent optimization on all of the loads. To force replication, set the FORCE_MAX_FANOUT property on the net to a number less than 142.
INFO: [Physopt 32-1132] Very high fanout net 'u_mem/u_wr_bytes/wr_bin_reg_n_0_[4]' is not considered as a candidate in VHFN optimzation. The fanout considered for this optimization is changed from 778 to 139 due to a timing constraint that prevent optimization on all of the loads. To force replication, set the FORCE_MAX_FANOUT property on the net to a number less than 139.
INFO: [Physopt 32-1132] Very high fanout net 'u_mem/u_wr_bytes/wr_bin_reg_n_0_[5]' is not considered as a candidate in VHFN optimzation. The fanout considered for this optimization is changed from 775 to 136 due to a timing constraint that prevent optimization on all of the loads. To force replication, set the FORCE_MAX_FANOUT property on the net to a number less than 136.
INFO: [Physopt 32-1132] Very high fanout net 'u_mem2/u_wr_bytes/wr_bin_reg_n_0_[0]' is not considered as a candidate in VHFN optimzation. The fanout considered for this optimization is changed from 785 to 146 due to a timing constraint that prevent optimization on all of the loads. To force replication, set the FORCE_MAX_FANOUT property on the net to a number less than 146.
INFO: [Physopt 32-1132] Very high fanout net 'u_mem2/u_wr_bytes/wr_bin_reg_n_0_[1]' is not considered as a candidate in VHFN optimzation. The fanout considered for this optimization is changed from 786 to 147 due to a timing constraint that prevent optimization on all of the loads. To force replication, set the FORCE_MAX_FANOUT property on the net to a number less than 147.
INFO: [Physopt 32-1132] Very high fanout net 'u_mem2/u_wr_bytes/wr_bin_reg_n_0_[2]' is not considered as a candidate in VHFN optimzation. The fanout considered for this optimization is changed from 783 to 144 due to a timing constraint that prevent optimization on all of the loads. To force replication, set the FORCE_MAX_FANOUT property on the net to a number less than 144.
INFO: [Physopt 32-1132] Very high fanout net 'u_mem2/u_wr_bytes/wr_bin_reg_n_0_[3]' is not considered as a candidate in VHFN optimzation. The fanout considered for this optimization is changed from 781 to 142 due to a timing constraint that prevent optimization on all of the loads. To force replication, set the FORCE_MAX_FANOUT property on the net to a number less than 142.
INFO: [Physopt 32-1132] Very high fanout net 'u_mem2/u_wr_bytes/wr_bin_reg_n_0_[4]' is not considered as a candidate in VHFN optimzation. The fanout considered for this optimization is changed from 778 to 139 due to a timing constraint that prevent optimization on all of the loads. To force replication, set the FORCE_MAX_FANOUT property on the net to a number less than 139.
INFO: [Physopt 32-1132] Very high fanout net 'u_mem2/u_wr_bytes/wr_bin_reg_n_0_[5]' is not considered as a candidate in VHFN optimzation. The fanout considered for this optimization is changed from 775 to 136 due to a timing constraint that prevent optimization on all of the loads. To force replication, set the FORCE_MAX_FANOUT property on the net to a number less than 136.
INFO: [Physopt 32-76] Pass 1. Identified 31 candidate nets for fanout optimization.
INFO: [Physopt 32-81] Processed net u_mem/u_bridge/w_data_r[511]_i_5_n_0. Replicated 2 times.
INFO: [Physopt 32-81] Processed net u_ddr4/inst/u_ddr4_mem_intfc/u_ddr_cal_top/u_ddr_cal/calDone_reg_1. Replicated 2 times.
INFO: [Physopt 32-81] Processed net u_mem2/u_bridge/w_data_r[511]_i_5_n_0. Replicated 2 times.
INFO: [Physopt 32-572] Net u_arb/wgrant_reg_n_0 was not replicated.
Resolution: phys_opt_design can be forced to replicate a net driver using the option -force_replication_on_nets <list of net objects>.
INFO: [Physopt 32-572] Net u_mem2/u_bridge/r_beat_data__0 was not replicated.
Resolution: phys_opt_design can be forced to replicate a net driver using the option -force_replication_on_nets <list of net objects>.
INFO: [Physopt 32-572] Net u_mem/u_bridge/r_beat_data was not replicated.
Resolution: phys_opt_design can be forced to replicate a net driver using the option -force_replication_on_nets <list of net objects>.
INFO: [Physopt 32-81] Processed net u_ddr4/inst/u_ddr4_mem_intfc/u_ddr_cal_top/u_ddr_mc_pi/u_ddr_mc_write/genByte[7].u_ddr_mc_wr_byte/genBit[0].u_ddr_mc_wr_bit/wosp_reg[1]_0. Replicated 1 times.
INFO: [Physopt 32-81] Processed net u_ddr4/inst/u_ddr4_mem_intfc/u_ddr_cal_top/u_ddr_cal/u_ddr_cal_addr_decode/rst_r1. Replicated 3 times.
INFO: [Physopt 32-81] Processed net u_ddr4/inst/u_ddr4_mem_intfc/u_ddr_cal_top/u_ddr_mc_pi/u_ddr_mc_write/wrDataVal_reg_0. Replicated 1 times.
INFO: [Physopt 32-572] Net u_ddr4/inst/u_ddr4_mem_intfc/u_ddr_ui/rst_r1 was not replicated.
Resolution: phys_opt_design can be forced to replicate a net driver using the option -force_replication_on_nets <list of net objects>.
INFO: [Physopt 32-81] Processed net u_ddr4/inst/u_ddr4_mem_intfc/u_ddr_cal_top/u_ddr_mc_pi/rst_r1. Replicated 2 times.
INFO: [Physopt 32-81] Processed net u_ddr4/inst/u_ddr4_mem_intfc/u_ddr_cal_top/u_ddr_cal/u_ddr_cal_addr_decode/u_ddr_cal_cplx/cas_uses_dm. Replicated 2 times.
INFO: [Physopt 32-81] Processed net u_ddr4/inst/u_ddr4_mem_intfc/u_ddr_ui/u_ddr_ui_rd_data/app_rd_data_valid. Replicated 1 times.
INFO: [Physopt 32-81] Processed net u_ddr4/inst/u_ddr4_mem_intfc/u_ddr_cal_top/u_ddr_cal/u_ddr_cal_addr_decode/lrdimm_drive_dq_reg_n_0. Replicated 1 times.
INFO: [Physopt 32-81] Processed net u_ddr4/inst/u_ddr_axi/axi_r_channel_0/rd_data_fifo_0/cnt_read_reg[0]_rep_n_0. Replicated 1 times.
INFO: [Physopt 32-81] Processed net u_ddr4/inst/u_ddr_axi/axi_r_channel_0/rd_data_fifo_0/cnt_read_reg[1]_rep_n_0. Replicated 1 times.
INFO: [Physopt 32-81] Processed net u_ddr4/inst/u_ddr_axi/axi_r_channel_0/rd_data_fifo_0/cnt_read_reg[2]_rep_n_0. Replicated 1 times.
INFO: [Physopt 32-81] Processed net u_ddr4/inst/u_ddr_axi/axi_r_channel_0/rd_data_fifo_0/cnt_read_reg[3]_rep_n_0. Replicated 1 times.
INFO: [Physopt 32-81] Processed net u_ddr4/inst/u_ddr_axi/axi_r_channel_0/rd_data_fifo_0/cnt_read_reg[4]_rep_n_0. Replicated 1 times.
INFO: [Physopt 32-81] Processed net u_ddr4/inst/u_ddr4_mem_intfc/u_ddr_cal_top/u_ddr_cal/u_ddr_cal_addr_decode/mcal_DQIn_byte_r0. Replicated 1 times.
WARNING: [Physopt 32-722] Net with MARK_DEBUG TRUE property was optimized: dbg_ch_up
Resolution: To prevent optimization apply the following XDC constraint before phys_opt_design: set_property DONT_TOUCH TRUE [get_nets dbg_ch_up]
WARNING: [Physopt 32-722] Net with MARK_DEBUG TRUE property was optimized: dbg_ch_up_b
Resolution: To prevent optimization apply the following XDC constraint before phys_opt_design: set_property DONT_TOUCH TRUE [get_nets dbg_ch_up_b]
INFO: [Physopt 32-81] Processed net aurora_rst. Replicated 2 times.
INFO: [Physopt 32-232] Optimized 17 nets. Created 25 new instances.
INFO: [Physopt 32-775] End 1 Pass. Optimized 17 nets or cells. Created 25 new cells, deleted 0 existing cell and moved 0 existing cell
INFO: [Physopt 32-619] Estimated Timing Summary | WNS=-1.106 | TNS=-587.380 |
Netlist sorting complete. Time (s): cpu = 00:00:00 ; elapsed = 00:00:00.276 . Memory (MB): peak = 7562.027 ; gain = 0.730
Phase 28 Very High Fanout Optimization | Checksum: 22f89cd04

Time (s): cpu = 00:03:59 ; elapsed = 00:02:33 . Memory (MB): peak = 7562.102 ; gain = 1690.418

Phase 29 Single Cell Placement Optimization
INFO: [Physopt 32-660] Identified 250 candidate nets for placement-based optimization.
INFO: [Physopt 32-662] Processed net u_mem/u_bridge/r_slot[2]_i_1_n_0.  Did not re-place instance u_mem/u_bridge/r_slot[2]_i_1
INFO: [Physopt 32-662] Processed net u_mem/u_bridge/r_slot.  Did not re-place instance u_mem/u_bridge/r_slot[7]_i_1
INFO: [Physopt 32-662] Processed net u_mem/u_bridge/in_range.  Did not re-place instance u_mem/u_bridge/stat_ill_rd[15]_i_4
INFO: [Physopt 32-662] Processed net u_mem/u_rd_cmd/rd_bin[0]_repN.  Did not re-place instance u_mem/u_rd_cmd/rd_bin_reg[0]_replica
INFO: [Physopt 32-662] Processed net u_mem/u_bridge/stat_ill_rd[15]_i_7_n_0.  Did not re-place instance u_mem/u_bridge/stat_ill_rd[15]_i_7
INFO: [Physopt 32-662] Processed net u_mem/u_bridge/rd_target_ok.  Did not re-place instance u_mem/u_bridge/stat_ill_rd[15]_i_3
INFO: [Physopt 32-662] Processed net u_mem/u_bridge/r_slot[1]_i_8_n_0.  Did not re-place instance u_mem/u_bridge/r_slot[1]_i_8
INFO: [Physopt 32-662] Processed net u_mem/u_bridge/r_len[13].  Did not re-place instance u_mem/u_bridge/r_len_reg[13]
INFO: [Physopt 32-662] Processed net u_mem/u_rd_cmd/rd_bin[1]_repN.  Did not re-place instance u_mem/u_rd_cmd/rd_bin_reg[1]_replica
INFO: [Physopt 32-662] Processed net u_mem/u_bridge/stat_ill_rd[15]_i_8_n_0.  Did not re-place instance u_mem/u_bridge/stat_ill_rd[15]_i_8
INFO: [Physopt 32-662] Processed net u_mem/u_bridge/r_len[15].  Did not re-place instance u_mem/u_bridge/r_len_reg[15]
INFO: [Physopt 32-662] Processed net u_mem/u_bridge/r_slot[1]_i_12_n_0.  Did not re-place instance u_mem/u_bridge/r_slot[1]_i_12
INFO: [Physopt 32-662] Processed net u_mem/u_bridge/p_0_in__3[8].  Did not re-place instance u_mem/u_bridge/r_len_reg[0]
INFO: [Physopt 32-662] Processed net u_mem/u_bridge/r_slot[1]_i_7_n_0.  Did not re-place instance u_mem/u_bridge/r_slot[1]_i_7
INFO: [Physopt 32-662] Processed net u_mem/u_bridge/p_0_in__3[13].  Did not re-place instance u_mem/u_bridge/r_len_reg[5]
INFO: [Physopt 32-662] Processed net u_mem/u_bridge/r_slot[3]_i_1_n_0.  Did not re-place instance u_mem/u_bridge/r_slot[3]_i_1
INFO: [Physopt 32-662] Processed net u_mem/u_bridge/sel0[2].  Did not re-place instance u_mem/u_bridge/r_len[10]_i_57
INFO: [Physopt 32-662] Processed net u_mem/u_bridge/r_len[2]_i_56_n_0.  Did not re-place instance u_mem/u_bridge/r_len[2]_i_56
INFO: [Physopt 32-662] Processed net u_mem/u_bridge/r_beats[4]_i_2_n_0.  Did not re-place instance u_mem/u_bridge/r_beats[4]_i_2
INFO: [Physopt 32-662] Processed net u_mem/u_bridge/r_beats[7]_i_2_n_0.  Did not re-place instance u_mem/u_bridge/r_beats[7]_i_2
INFO: [Physopt 32-662] Processed net u_mem/u_bridge/r_beats[7].  Did not re-place instance u_mem/u_bridge/r_beats_reg[7]
INFO: [Physopt 32-662] Processed net u_mem/u_bridge/in_range_repN.  Did not re-place instance u_mem/u_bridge/stat_ill_rd[15]_i_4_replica
INFO: [Physopt 32-662] Processed net u_mem/u_bridge/p_0_in[7].  Did not re-place instance u_mem/u_bridge/r_beats[7]_i_1
INFO: [Physopt 32-662] Processed net u_mem/u_bridge/r_len[1]_i_5_n_0.  Did not re-place instance u_mem/u_bridge/r_len[1]_i_5
INFO: [Physopt 32-662] Processed net u_mem/u_bridge/r_len[9]_i_4_n_0.  Did not re-place instance u_mem/u_bridge/r_len[9]_i_4
INFO: [Physopt 32-662] Processed net u_mem/u_bridge/r_len[5]_i_57_n_0.  Did not re-place instance u_mem/u_bridge/r_len[5]_i_57
INFO: [Physopt 32-662] Processed net u_mem/u_bridge/r_len[4]_i_5_n_0.  Did not re-place instance u_mem/u_bridge/r_len[4]_i_5
INFO: [Physopt 32-662] Processed net u_mem/u_bridge/r_beats[1].  Did not re-place instance u_mem/u_bridge/r_beats_reg[1]
INFO: [Physopt 32-662] Processed net u_mem/u_bridge/r_beats[3].  Did not re-place instance u_mem/u_bridge/r_beats_reg[3]
INFO: [Physopt 32-662] Processed net u_mem/u_bridge/p_0_in__3[10].  Did not re-place instance u_mem/u_bridge/r_len_reg[2]
INFO: [Physopt 32-662] Processed net u_mem/u_bridge/r_beats[0].  Did not re-place instance u_mem/u_bridge/r_beats_reg[0]
INFO: [Physopt 32-662] Processed net u_mem/u_bridge/r_beats[2].  Did not re-place instance u_mem/u_bridge/r_beats_reg[2]
INFO: [Physopt 32-662] Processed net u_mem/u_bridge/r_beats[4].  Did not re-place instance u_mem/u_bridge/r_beats_reg[4]
INFO: [Physopt 32-662] Processed net u_mem/u_bridge/r_beats[6].  Did not re-place instance u_mem/u_bridge/r_beats_reg[6]
INFO: [Physopt 32-662] Processed net u_mem/u_bridge/stat_ill_rd[15]_i_10_n_0.  Did not re-place instance u_mem/u_bridge/stat_ill_rd[15]_i_10
INFO: [Physopt 32-662] Processed net u_mem/u_bridge/r_len[7]_i_7_n_0.  Did not re-place instance u_mem/u_bridge/r_len[7]_i_7
INFO: [Physopt 32-662] Processed net u_mem/u_bridge/r_len[8]_i_7_n_0.  Did not re-place instance u_mem/u_bridge/r_len[8]_i_7
INFO: [Physopt 32-662] Processed net u_mem/u_bridge/r_slot[1]_i_11_n_0.  Did not re-place instance u_mem/u_bridge/r_slot[1]_i_11
INFO: [Physopt 32-662] Processed net u_mem/u_bridge/r_slot[1]_i_5_n_0.  Did not re-place instance u_mem/u_bridge/r_slot[1]_i_5
INFO: [Physopt 32-662] Processed net u_mem/u_bridge/r_len[4]_i_4_n_0.  Did not re-place instance u_mem/u_bridge/r_len[4]_i_4
INFO: [Physopt 32-662] Processed net u_mem/u_bridge/r_len[7]_i_6_n_0.  Did not re-place instance u_mem/u_bridge/r_len[7]_i_6
INFO: [Physopt 32-662] Processed net u_mem/u_bridge/r_slot[1]_i_6_n_0.  Did not re-place instance u_mem/u_bridge/r_slot[1]_i_6
INFO: [Physopt 32-662] Processed net u_mem/u_bridge/r_len[0]_i_5_n_0.  Did not re-place instance u_mem/u_bridge/r_len[0]_i_5
INFO: [Physopt 32-662] Processed net u_mem/u_bridge/r_len[14].  Did not re-place instance u_mem/u_bridge/r_len_reg[14]
INFO: [Physopt 32-662] Processed net u_mem/u_bridge/r_len[8]_i_4_n_0.  Did not re-place instance u_mem/u_bridge/r_len[8]_i_4
INFO: [Physopt 32-662] Processed net u_mem/u_bridge/r_len[4]_i_7_n_0.  Did not re-place instance u_mem/u_bridge/r_len[4]_i_7
INFO: [Physopt 32-662] Processed net u_mem/u_bridge/r_len[9]_i_5_n_0.  Did not re-place instance u_mem/u_bridge/r_len[9]_i_5
INFO: [Physopt 32-662] Processed net u_mem/u_bridge/p_0_in[6].  Did not re-place instance u_mem/u_bridge/r_beats[6]_i_1
INFO: [Physopt 32-662] Processed net u_mem/u_bridge/r_len[8]_i_6_n_0.  Did not re-place instance u_mem/u_bridge/r_len[8]_i_6
INFO: [Physopt 32-662] Processed net u_mem/u_bridge/p_0_in__3[12].  Did not re-place instance u_mem/u_bridge/r_len_reg[4]
INFO: [Physopt 32-662] Processed net u_mem/u_bridge/r_len[12].  Did not re-place instance u_mem/u_bridge/r_len_reg[12]
INFO: [Physopt 32-662] Processed net u_mem/u_bridge/sel0[3].  Did not re-place instance u_mem/u_bridge/r_len[5]_i_24
INFO: [Physopt 32-662] Processed net u_mem/u_bridge/r_len[2]_i_4_n_0.  Did not re-place instance u_mem/u_bridge/r_len[2]_i_4
INFO: [Physopt 32-662] Processed net u_mem/u_bridge/r_len[1]_i_7_n_0.  Did not re-place instance u_mem/u_bridge/r_len[1]_i_7
INFO: [Physopt 32-662] Processed net u_mem/u_bridge/r_len[3]_i_7_n_0.  Did not re-place instance u_mem/u_bridge/r_len[3]_i_7
INFO: [Physopt 32-662] Processed net u_mem/u_bridge/r_slot[1]_i_10_n_0.  Did not re-place instance u_mem/u_bridge/r_slot[1]_i_10
INFO: [Physopt 32-662] Processed net u_mem/u_bridge/r_slot[1]_i_9_n_0.  Did not re-place instance u_mem/u_bridge/r_slot[1]_i_9
INFO: [Physopt 32-662] Processed net u_mem/u_bridge/r_len[10].  Did not re-place instance u_mem/u_bridge/r_len_reg[10]
INFO: [Physopt 32-662] Processed net u_mem/u_bridge/r_len[9].  Did not re-place instance u_mem/u_bridge/r_len_reg[9]
INFO: [Physopt 32-662] Processed net u_mem/u_bridge/stat_ill_rd[15]_i_11_n_0.  Did not re-place instance u_mem/u_bridge/stat_ill_rd[15]_i_11
INFO: [Physopt 32-662] Processed net u_mem/u_bridge/r_len[10]_i_24_n_0.  Did not re-place instance u_mem/u_bridge/r_len[10]_i_24
INFO: [Physopt 32-662] Processed net u_mem/u_bridge/r_beats[5].  Did not re-place instance u_mem/u_bridge/r_beats_reg[5]
INFO: [Physopt 32-662] Processed net u_mem/u_bridge/p_0_in[5].  Did not re-place instance u_mem/u_bridge/r_beats[5]_i_1
INFO: [Physopt 32-662] Processed net u_mem/u_bridge/r_len[8]_i_5_n_0.  Did not re-place instance u_mem/u_bridge/r_len[8]_i_5
INFO: [Physopt 32-662] Processed net u_mem/u_bridge/p_0_in__3[9].  Did not re-place instance u_mem/u_bridge/r_len_reg[1]
INFO: [Physopt 32-662] Processed net u_mem/u_bridge/r_len[8].  Did not re-place instance u_mem/u_bridge/r_len_reg[8]
INFO: [Physopt 32-662] Processed net u_mem/u_bridge/r_len[2]_i_5_n_0.  Did not re-place instance u_mem/u_bridge/r_len[2]_i_5
INFO: [Physopt 32-662] Processed net u_mem/u_bridge/r_len[0]_i_7_n_0.  Did not re-place instance u_mem/u_bridge/r_len[0]_i_7
INFO: [Physopt 32-662] Processed net u_mem/u_bridge/p_0_in__3[11].  Did not re-place instance u_mem/u_bridge/r_len_reg[3]
INFO: [Physopt 32-662] Processed net u_mem/u_bridge/r_len[7]_i_5_n_0.  Did not re-place instance u_mem/u_bridge/r_len[7]_i_5
INFO: [Physopt 32-662] Processed net u_mem/u_bridge/r_len[7].  Did not re-place instance u_mem/u_bridge/r_len_reg[7]
INFO: [Physopt 32-662] Processed net u_mem/u_bridge/r_slot[0]_i_1_n_0.  Did not re-place instance u_mem/u_bridge/r_slot[0]_i_1
INFO: [Physopt 32-662] Processed net u_mem/u_bridge/stat_ill_rd[15]_i_76_n_0.  Did not re-place instance u_mem/u_bridge/stat_ill_rd[15]_i_76
INFO: [Physopt 32-662] Processed net u_mem/u_bridge/r_len[9]_i_7_n_0.  Did not re-place instance u_mem/u_bridge/r_len[9]_i_7
INFO: [Physopt 32-662] Processed net u_mem/u_bridge/stat_ill_rd[15]_i_77_n_0.  Did not re-place instance u_mem/u_bridge/stat_ill_rd[15]_i_77
INFO: [Physopt 32-662] Processed net u_mem/u_bridge/r_len[1]_i_4_n_0.  Did not re-place instance u_mem/u_bridge/r_len[1]_i_4
INFO: [Physopt 32-662] Processed net u_mem/u_bridge/r_len[2]_i_7_n_0.  Did not re-place instance u_mem/u_bridge/r_len[2]_i_7
INFO: [Physopt 32-662] Processed net u_mem/u_bridge/r_len[1]_i_6_n_0.  Did not re-place instance u_mem/u_bridge/r_len[1]_i_6
INFO: [Physopt 32-662] Processed net u_mem/u_bridge/r_len[10]_i_4_n_0.  Did not re-place instance u_mem/u_bridge/r_len[10]_i_4
INFO: [Physopt 32-662] Processed net u_mem/u_bridge/r_len[10]_i_7_n_0.  Did not re-place instance u_mem/u_bridge/r_len[10]_i_7
INFO: [Physopt 32-662] Processed net u_mem/u_bridge/r_len[4]_i_6_n_0.  Did not re-place instance u_mem/u_bridge/r_len[4]_i_6
INFO: [Physopt 32-662] Processed net u_mem/u_bridge/r_len[13]_i_56_n_0.  Did not re-place instance u_mem/u_bridge/r_len[13]_i_56
INFO: [Physopt 32-663] Processed net u_mem/u_bridge/r_len[6]_i_120_n_0.  Re-placed instance u_mem/u_bridge/r_len[6]_i_120
INFO: [Physopt 32-662] Processed net u_mem/u_bridge/r_len[13]_i_4_n_0.  Did not re-place instance u_mem/u_bridge/r_len[13]_i_4
INFO: [Physopt 32-662] Processed net u_mem/u_bridge/r_len[6]_i_4_n_0.  Did not re-place instance u_mem/u_bridge/r_len[6]_i_4
INFO: [Physopt 32-662] Processed net u_mem/u_bridge/r_len[6]_i_58_n_0.  Did not re-place instance u_mem/u_bridge/r_len[6]_i_58
INFO: [Physopt 32-662] Processed net u_mem/u_bridge/r_len[6]_i_59_n_0.  Did not re-place instance u_mem/u_bridge/r_len[6]_i_59
INFO: [Physopt 32-662] Processed net u_mem/u_bridge/r_len[8]_i_121_n_0.  Did not re-place instance u_mem/u_bridge/r_len[8]_i_121
INFO: [Physopt 32-662] Processed net u_mem/u_bridge/r_len[8]_i_68_n_0.  Did not re-place instance u_mem/u_bridge/r_len[8]_i_68
INFO: [Physopt 32-662] Processed net u_mem/u_bridge/rd_wr_en_i_1_n_0.  Did not re-place instance u_mem/u_bridge/rd_wr_en_i_1
INFO: [Physopt 32-662] Processed net u_mem/u_bridge/stat_ill_rd[15]_i_60_n_0.  Did not re-place instance u_mem/u_bridge/stat_ill_rd[15]_i_60
INFO: [Physopt 32-662] Processed net u_mem/u_bridge/p_0_in[1].  Did not re-place instance u_mem/u_bridge/r_beats[1]_i_1
INFO: [Physopt 32-662] Processed net u_mem/u_bridge/rd_wr_data_reg[24]_0[22].  Did not re-place instance u_mem/u_bridge/rd_wr_data_reg[22]
INFO: [Physopt 32-662] Processed net u_mem/u_bridge/rd_wr_data_reg[24]_0[3].  Did not re-place instance u_mem/u_bridge/rd_wr_data_reg[3]
INFO: [Physopt 32-662] Processed net u_mem/u_bridge/stat_ill_rd[15]_i_61_n_0.  Did not re-place instance u_mem/u_bridge/stat_ill_rd[15]_i_61
INFO: [Physopt 32-662] Processed net u_mem/u_bridge/r_len[8]_i_69_n_0.  Did not re-place instance u_mem/u_bridge/r_len[8]_i_69
INFO: [Physopt 32-662] Processed net u_mem/u_bridge/stat_ill_rd[15]_i_62_n_0.  Did not re-place instance u_mem/u_bridge/stat_ill_rd[15]_i_62
INFO: [Physopt 32-662] Processed net u_mem/u_bridge/r_len[7]_i_121_n_0.  Did not re-place instance u_mem/u_bridge/r_len[7]_i_121
INFO: [Physopt 32-662] Processed net u_mem/u_bridge/r_len[7]_i_74_n_0.  Did not re-place instance u_mem/u_bridge/r_len[7]_i_74
INFO: [Physopt 32-662] Processed net u_mem/u_bridge/stat_ill_rd[15]_i_63_n_0.  Did not re-place instance u_mem/u_bridge/stat_ill_rd[15]_i_63
INFO: [Physopt 32-662] Processed net u_mem/u_bridge/r_len[7]_i_75_n_0.  Did not re-place instance u_mem/u_bridge/r_len[7]_i_75
INFO: [Physopt 32-662] Processed net u_mem/u_bridge/r_len[7]_i_120_n_0.  Did not re-place instance u_mem/u_bridge/r_len[7]_i_120
INFO: [Physopt 32-662] Processed net u_mem/u_bridge/r_len[7]_i_94_n_0.  Did not re-place instance u_mem/u_bridge/r_len[7]_i_94
INFO: [Physopt 32-662] Processed net u_mem/u_bridge/r_len[9]_i_6_n_0.  Did not re-place instance u_mem/u_bridge/r_len[9]_i_6
INFO: [Physopt 32-662] Processed net u_mem/u_bridge/r_len[7]_i_4_n_0.  Did not re-place instance u_mem/u_bridge/r_len[7]_i_4
INFO: [Physopt 32-662] Processed net u_mem/u_bridge/p_0_in[3].  Did not re-place instance u_mem/u_bridge/r_beats[3]_i_1
INFO: [Physopt 32-662] Processed net u_mem/u_bridge/r_len[8]_i_120_n_0_repN.  Did not re-place instance u_mem/u_bridge/r_len[8]_i_120_replica
INFO: [Physopt 32-662] Processed net u_mem/u_bridge/r_len[6]_i_7_n_0.  Did not re-place instance u_mem/u_bridge/r_len[6]_i_7
INFO: [Physopt 32-662] Processed net u_mem/u_bridge/r_len[7]_i_95_n_0.  Did not re-place instance u_mem/u_bridge/r_len[7]_i_95
INFO: [Physopt 32-662] Processed net u_mem/u_bridge/r_len[8]_i_70_n_0.  Did not re-place instance u_mem/u_bridge/r_len[8]_i_70
INFO: [Physopt 32-662] Processed net u_mem/u_bridge/stat_ill_rd[15]_i_84_n_0.  Did not re-place instance u_mem/u_bridge/stat_ill_rd[15]_i_84
INFO: [Physopt 32-662] Processed net u_mem/u_bridge/r_len[8]_i_71_n_0.  Did not re-place instance u_mem/u_bridge/r_len[8]_i_71
INFO: [Physopt 32-662] Processed net u_mem/u_bridge/r_len[2]_i_6_n_0.  Did not re-place instance u_mem/u_bridge/r_len[2]_i_6
INFO: [Physopt 32-662] Processed net u_mem/u_bridge/r_len[9]_i_121_n_0.  Did not re-place instance u_mem/u_bridge/r_len[9]_i_121
INFO: [Physopt 32-662] Processed net u_mem/u_bridge/r_len[9]_i_56_n_0.  Did not re-place instance u_mem/u_bridge/r_len[9]_i_56
INFO: [Physopt 32-662] Processed net u_mem/u_bridge/r_len[5]_i_5_n_0.  Did not re-place instance u_mem/u_bridge/r_len[5]_i_5
INFO: [Physopt 32-662] Processed net u_mem/u_bridge/r_len[8]_i_74_n_0.  Did not re-place instance u_mem/u_bridge/r_len[8]_i_74
INFO: [Physopt 32-662] Processed net u_mem/u_bridge/r_len[9]_i_57_n_0.  Did not re-place instance u_mem/u_bridge/r_len[9]_i_57
INFO: [Physopt 32-662] Processed net u_mem/u_bridge/r_len[8]_i_72_n_0.  Did not re-place instance u_mem/u_bridge/r_len[8]_i_72
INFO: [Physopt 32-662] Processed net u_mem/u_bridge/rstate.  Did not re-place instance u_mem/u_bridge/FSM_onehot_rstate[4]_i_1
INFO: [Physopt 32-662] Processed net u_mem/u_bridge/FSM_onehot_rstate[4]_i_3_n_0.  Did not re-place instance u_mem/u_bridge/FSM_onehot_rstate[4]_i_3
INFO: [Physopt 32-662] Processed net u_mem/u_bridge/r_len[8]_i_75_n_0.  Did not re-place instance u_mem/u_bridge/r_len[8]_i_75
INFO: [Physopt 32-662] Processed net u_mem/u_bridge/rd_retire.  Did not re-place instance u_mem/u_bridge/FSM_onehot_rstate_reg[4]
INFO: [Physopt 32-662] Processed net u_mem/u_bridge/r_len[8]_i_73_n_0.  Did not re-place instance u_mem/u_bridge/r_len[8]_i_73
INFO: [Physopt 32-662] Processed net u_mem/u_bridge/FSM_onehot_rstate_reg_n_0_[2].  Did not re-place instance u_mem/u_bridge/FSM_onehot_rstate_reg[2]
INFO: [Physopt 32-662] Processed net u_mem/u_bridge/r_len[8]_i_56_n_0.  Did not re-place instance u_mem/u_bridge/r_len[8]_i_56
INFO: [Physopt 32-662] Processed net u_mem/u_bridge/FSM_onehot_rstate_reg_n_0_[3].  Did not re-place instance u_mem/u_bridge/FSM_onehot_rstate_reg[3]
INFO: [Physopt 32-662] Processed net u_mem/u_bridge/FSM_onehot_rstate_reg_n_0_[0].  Did not re-place instance u_mem/u_bridge/FSM_onehot_rstate_reg[0]
INFO: [Physopt 32-662] Processed net u_mem/u_bridge/FSM_onehot_rstate_reg_n_0_[1].  Did not re-place instance u_mem/u_bridge/FSM_onehot_rstate_reg[1]
INFO: [Physopt 32-662] Processed net u_mem/u_bridge/r_len[1]_i_120_n_0.  Did not re-place instance u_mem/u_bridge/r_len[1]_i_120
INFO: [Physopt 32-662] Processed net u_mem/u_bridge/r_len[1]_i_72_n_0.  Did not re-place instance u_mem/u_bridge/r_len[1]_i_72
INFO: [Physopt 32-662] Processed net u_mem/u_bridge/r_len[8]_i_57_n_0.  Did not re-place instance u_mem/u_bridge/r_len[8]_i_57
INFO: [Physopt 32-662] Processed net u_mem/u_bridge/rd_wr_data_reg[24]_0[14].  Did not re-place instance u_mem/u_bridge/rd_wr_data_reg[14]
INFO: [Physopt 32-662] Processed net u_mem/u_bridge/rd_wr_data_reg[24]_0[18].  Did not re-place instance u_mem/u_bridge/rd_wr_data_reg[18]
INFO: [Physopt 32-662] Processed net u_mem/u_bridge/rd_wr_data_reg[24]_0[5].  Did not re-place instance u_mem/u_bridge/rd_wr_data_reg[5]
INFO: [Physopt 32-662] Processed net u_mem/u_bridge/rd_wr_data_reg[24]_0[8].  Did not re-place instance u_mem/u_bridge/rd_wr_data_reg[8]
INFO: [Physopt 32-662] Processed net u_mem/u_bridge/r_len[1]_i_73_n_0.  Did not re-place instance u_mem/u_bridge/r_len[1]_i_73
INFO: [Physopt 32-662] Processed net u_mem/u_bridge/r_len[8]_i_58_n_0.  Did not re-place instance u_mem/u_bridge/r_len[8]_i_58
INFO: [Physopt 32-662] Processed net u_mem/u_bridge/r_len[8]_i_60_n_0.  Did not re-place instance u_mem/u_bridge/r_len[8]_i_60
INFO: [Physopt 32-662] Processed net u_mem/u_bridge/r_len[9]_i_62_n_0.  Did not re-place instance u_mem/u_bridge/r_len[9]_i_62
INFO: [Physopt 32-662] Processed net u_mem/u_bridge/r_len[8]_i_104_n_0.  Did not re-place instance u_mem/u_bridge/r_len[8]_i_104
INFO: [Physopt 32-662] Processed net u_mem/u_bridge/r_len[9]_i_60_n_0.  Did not re-place instance u_mem/u_bridge/r_len[9]_i_60
INFO: [Physopt 32-663] Processed net u_mem2/u_wr_bytes/rd_bin_reg[0]_rep_n_0.  Re-placed instance u_mem2/u_wr_bytes/rd_bin_reg[0]_rep
INFO: [Physopt 32-663] Processed net u_mem2/u_wr_bytes/ub_dout[0].  Re-placed instance u_mem2/u_wr_bytes/w_data_r[504]_i_2
INFO: [Physopt 32-662] Processed net u_mem/u_bridge/stat_ill_rd[15]_i_78_n_0.  Did not re-place instance u_mem/u_bridge/stat_ill_rd[15]_i_78
INFO: [Physopt 32-662] Processed net u_mem2/u_bridge/w_data_r[416]_i_1_n_0.  Did not re-place instance u_mem2/u_bridge/w_data_r[416]_i_1
INFO: [Physopt 32-662] Processed net u_mem2/u_wr_bytes/w_data_r[504]_i_15_n_0.  Did not re-place instance u_mem2/u_wr_bytes/w_data_r[504]_i_15
INFO: [Physopt 32-663] Processed net u_mem2/u_bridge/m_axi_wdata[416].  Re-placed instance u_mem2/u_bridge/w_data_r_reg[416]
INFO: [Physopt 32-662] Processed net u_mem/u_bridge/r_len[6]_i_6_n_0.  Did not re-place instance u_mem/u_bridge/r_len[6]_i_6
INFO: [Physopt 32-662] Processed net u_mem/u_bridge/r_len[8]_i_106_n_0.  Did not re-place instance u_mem/u_bridge/r_len[8]_i_106
INFO: [Physopt 32-662] Processed net u_mem/u_bridge/r_len[8]_i_59_n_0.  Did not re-place instance u_mem/u_bridge/r_len[8]_i_59
INFO: [Physopt 32-662] Processed net u_mem/u_bridge/r_len[8]_i_61_n_0.  Did not re-place instance u_mem/u_bridge/r_len[8]_i_61
INFO: [Physopt 32-662] Processed net u_mem/u_bridge/r_len[9]_i_61_n_0.  Did not re-place instance u_mem/u_bridge/r_len[9]_i_61
INFO: [Physopt 32-662] Processed net u_mem/u_bridge/r_len[9]_i_63_n_0.  Did not re-place instance u_mem/u_bridge/r_len[9]_i_63
INFO: [Physopt 32-663] Processed net u_mem2/u_wr_bytes/ub_dout[7].  Re-placed instance u_mem2/u_wr_bytes/w_data_r[511]_i_6
INFO: [Physopt 32-662] Processed net u_mem2/u_bridge/m_axi_wdata[271].  Did not re-place instance u_mem2/u_bridge/w_data_r_reg[271]
INFO: [Physopt 32-662] Processed net u_mem2/u_bridge/w_data_r[271]_i_2_n_0.  Did not re-place instance u_mem2/u_bridge/w_data_r[271]_i_2
INFO: [Physopt 32-662] Processed net u_mem2/u_wr_bytes/w_data_r[511]_i_25_n_0.  Did not re-place instance u_mem2/u_wr_bytes/w_data_r[511]_i_25
INFO: [Physopt 32-662] Processed net u_mem/u_bridge/rd_wr_data_reg[24]_0[10].  Did not re-place instance u_mem/u_bridge/rd_wr_data_reg[10]
INFO: [Physopt 32-662] Processed net u_mem/u_bridge/rd_wr_data_reg[24]_0[13].  Did not re-place instance u_mem/u_bridge/rd_wr_data_reg[13]
INFO: [Physopt 32-662] Processed net u_mem/u_bridge/rd_wr_data_reg[24]_0[17].  Did not re-place instance u_mem/u_bridge/rd_wr_data_reg[17]
INFO: [Physopt 32-662] Processed net u_mem/u_bridge/rd_wr_data_reg[24]_0[4].  Did not re-place instance u_mem/u_bridge/rd_wr_data_reg[4]
INFO: [Physopt 32-662] Processed net u_mem/u_bridge/stat_ill_rd[15]_i_64_n_0.  Did not re-place instance u_mem/u_bridge/stat_ill_rd[15]_i_64
INFO: [Physopt 32-662] Processed net u_mem/u_bridge/stat_ill_rd[15]_i_79_n_0.  Did not re-place instance u_mem/u_bridge/stat_ill_rd[15]_i_79
INFO: [Physopt 32-662] Processed net u_mem2/u_wr_bytes/w_data_r[511]_i_28_n_0.  Did not re-place instance u_mem2/u_wr_bytes/w_data_r[511]_i_28
INFO: [Physopt 32-662] Processed net u_mem/u_bridge/r_len[7]_i_60_n_0.  Did not re-place instance u_mem/u_bridge/r_len[7]_i_60
INFO: [Physopt 32-662] Processed net u_mem/u_bridge/r_len[7]_i_61_n_0.  Did not re-place instance u_mem/u_bridge/r_len[7]_i_61
INFO: [Physopt 32-662] Processed net u_mem/u_bridge/r_len[8]_i_105_n_0.  Did not re-place instance u_mem/u_bridge/r_len[8]_i_105
INFO: [Physopt 32-662] Processed net u_mem/u_bridge/r_len[4]_i_120_n_0.  Did not re-place instance u_mem/u_bridge/r_len[4]_i_120
INFO: [Physopt 32-662] Processed net u_mem/u_bridge/r_len[4]_i_60_n_0.  Did not re-place instance u_mem/u_bridge/r_len[4]_i_60
INFO: [Physopt 32-662] Processed net u_mem/u_bridge/r_beat[7]_i_1_n_0.  Did not re-place instance u_mem/u_bridge/r_beat[7]_i_1
INFO: [Physopt 32-662] Processed net u_mem/u_bridge/rd_target_ok_repN.  Did not re-place instance u_mem/u_bridge/stat_ill_rd[15]_i_3_replica
INFO: [Physopt 32-662] Processed net u_mem/u_bridge/r_beat[1].  Did not re-place instance u_mem/u_bridge/r_beat_reg[1]
INFO: [Physopt 32-662] Processed net u_mem/u_bridge/r_beat[2].  Did not re-place instance u_mem/u_bridge/r_beat_reg[2]
INFO: [Physopt 32-662] Processed net u_mem/u_bridge/r_beat[6].  Did not re-place instance u_mem/u_bridge/r_beat_reg[6]
INFO: [Physopt 32-662] Processed net u_mem2/u_bridge/w_data_r[464]_i_1_n_0.  Did not re-place instance u_mem2/u_bridge/w_data_r[464]_i_1
INFO: [Physopt 32-662] Processed net u_mem2/u_bridge/m_axi_wdata[464].  Did not re-place instance u_mem2/u_bridge/w_data_r_reg[464]
INFO: [Physopt 32-662] Processed net u_mem2/u_wr_bytes/w_data_r[511]_i_27_n_0.  Did not re-place instance u_mem2/u_wr_bytes/w_data_r[511]_i_27
INFO: [Physopt 32-662] Processed net u_mem/u_bridge/r_len[4]_i_61_n_0.  Did not re-place instance u_mem/u_bridge/r_len[4]_i_61
INFO: [Physopt 32-662] Processed net u_mem/u_bridge/r_len[4]_i_62_n_0.  Did not re-place instance u_mem/u_bridge/r_len[4]_i_62
INFO: [Physopt 32-662] Processed net u_mem/u_bridge/r_len[8]_i_107_n_0.  Did not re-place instance u_mem/u_bridge/r_len[8]_i_107
INFO: [Physopt 32-662] Processed net u_mem/u_bridge/rd_wr_data_reg[24]_0[9].  Did not re-place instance u_mem/u_bridge/rd_wr_data_reg[9]
INFO: [Physopt 32-662] Processed net u_mem/u_bridge/stat_ill_rd[15]_i_65_n_0.  Did not re-place instance u_mem/u_bridge/stat_ill_rd[15]_i_65
INFO: [Physopt 32-663] Processed net u_mem2/u_wr_bytes/rd_bin_reg[1]_rep__0_n_0.  Re-placed instance u_mem2/u_wr_bytes/rd_bin_reg[1]_rep__0
INFO: [Physopt 32-663] Processed net u_mem2/u_wr_bytes/ub_dout[5].  Re-placed instance u_mem2/u_wr_bytes/w_data_r[509]_i_2
INFO: [Physopt 32-662] Processed net u_mem2/u_bridge/w_data_r[365]_i_1_n_0.  Did not re-place instance u_mem2/u_bridge/w_data_r[365]_i_1
INFO: [Physopt 32-662] Processed net u_mem2/u_wr_bytes/w_data_r[509]_i_19_n_0.  Did not re-place instance u_mem2/u_wr_bytes/w_data_r[509]_i_19
INFO: [Physopt 32-662] Processed net u_mem2/u_bridge/m_axi_wdata[365].  Did not re-place instance u_mem2/u_bridge/w_data_r_reg[365]
INFO: [Physopt 32-662] Processed net u_mem/u_bridge/r_len[4]_i_63_n_0.  Did not re-place instance u_mem/u_bridge/r_len[4]_i_63
INFO: [Physopt 32-662] Processed net u_mem/u_bridge/r_len[3]_i_4_n_0.  Did not re-place instance u_mem/u_bridge/r_len[3]_i_4
INFO: [Physopt 32-662] Processed net u_mem/u_bridge/r_len[8]_i_62_n_0.  Did not re-place instance u_mem/u_bridge/r_len[8]_i_62
INFO: [Physopt 32-662] Processed net u_mem/u_bridge/r_len[0]_i_4_n_0.  Did not re-place instance u_mem/u_bridge/r_len[0]_i_4
INFO: [Physopt 32-662] Processed net u_mem/u_bridge/r_len[10]_i_5_n_0.  Did not re-place instance u_mem/u_bridge/r_len[10]_i_5
INFO: [Physopt 32-662] Processed net u_mem/u_bridge/r_len[8]_i_76_n_0.  Did not re-place instance u_mem/u_bridge/r_len[8]_i_76
INFO: [Physopt 32-662] Processed net u_mem/u_bridge/r_len[8]_i_120_n_0.  Did not re-place instance u_mem/u_bridge/r_len[8]_i_120
INFO: [Physopt 32-662] Processed net u_mem/u_bridge/r_len[1]_i_84_n_0.  Did not re-place instance u_mem/u_bridge/r_len[1]_i_84
INFO: [Physopt 32-662] Processed net u_mem/u_bridge/r_len[8]_i_63_n_0.  Did not re-place instance u_mem/u_bridge/r_len[8]_i_63
INFO: [Physopt 32-662] Processed net u_mem/u_bridge/r_len[8]_i_90_n_0.  Did not re-place instance u_mem/u_bridge/r_len[8]_i_90
INFO: [Physopt 32-662] Processed net u_mem/u_bridge/r_len[9]_i_78_n_0.  Did not re-place instance u_mem/u_bridge/r_len[9]_i_78
INFO: [Physopt 32-662] Processed net u_mem/u_bridge/r_len[11].  Did not re-place instance u_mem/u_bridge/r_len_reg[11]
INFO: [Physopt 32-662] Processed net u_mem/u_bridge/r_len[6].  Did not re-place instance u_mem/u_bridge/r_len_reg[6]
INFO: [Physopt 32-662] Processed net u_mem/u_bridge/r_len[1]_i_86_n_0.  Did not re-place instance u_mem/u_bridge/r_len[1]_i_86
INFO: [Physopt 32-663] Processed net u_mem/u_bridge/r_slot_reg[7]_0[7].  Re-placed instance u_mem/u_bridge/r_slot_reg[7]
INFO: [Physopt 32-663] Processed net u_mem/u_bridge/r_slot_reg[7]_0[0].  Re-placed instance u_mem/u_bridge/r_slot_reg[0]
INFO: [Physopt 32-663] Processed net u_mem/u_bridge/r_slot_reg[7]_0[4].  Re-placed instance u_mem/u_bridge/r_slot_reg[4]
INFO: [Physopt 32-663] Processed net u_mem/u_bridge/r_slot_reg[7]_0[6].  Re-placed instance u_mem/u_bridge/r_slot_reg[6]
INFO: [Physopt 32-662] Processed net u_mem2/u_bridge/w_data_r[456]_i_1_n_0.  Did not re-place instance u_mem2/u_bridge/w_data_r[456]_i_1
INFO: [Physopt 32-662] Processed net u_mem2/u_bridge/m_axi_wdata[456].  Did not re-place instance u_mem2/u_bridge/w_data_r_reg[456]
INFO: [Physopt 32-662] Processed net u_mem/u_bridge/r_len[0]_i_6_n_0.  Did not re-place instance u_mem/u_bridge/r_len[0]_i_6
INFO: [Physopt 32-662] Processed net u_mem/u_bridge/r_len[8]_i_89_n_0.  Did not re-place instance u_mem/u_bridge/r_len[8]_i_89
INFO: [Physopt 32-662] Processed net u_mem/u_bridge/r_len[9]_i_79_n_0.  Did not re-place instance u_mem/u_bridge/r_len[9]_i_79
INFO: [Physopt 32-662] Processed net u_mem/u_bridge/r_beat[0].  Did not re-place instance u_mem/u_bridge/r_beat_reg[0]
INFO: [Physopt 32-662] Processed net u_mem2/u_bridge/w_data_r[408]_i_1_n_0.  Did not re-place instance u_mem2/u_bridge/w_data_r[408]_i_1
INFO: [Physopt 32-663] Processed net u_mem2/u_bridge/m_axi_wdata[408].  Re-placed instance u_mem2/u_bridge/w_data_r_reg[408]
INFO: [Physopt 32-662] Processed net u_mem/u_bridge/r_len[4]_i_101_n_0.  Did not re-place instance u_mem/u_bridge/r_len[4]_i_101
INFO: [Physopt 32-662] Processed net u_mem/u_bridge/r_len[8]_i_77_n_0.  Did not re-place instance u_mem/u_bridge/r_len[8]_i_77
INFO: [Physopt 32-662] Processed net u_mem/u_bridge/r_len[9]_i_84_n_0.  Did not re-place instance u_mem/u_bridge/r_len[9]_i_84
INFO: [Physopt 32-662] Processed net u_mem/u_bridge/r_len[10]_i_6_n_0.  Did not re-place instance u_mem/u_bridge/r_len[10]_i_6
INFO: [Physopt 32-662] Processed net u_mem/u_bridge/r_len[1]_i_85_n_0.  Did not re-place instance u_mem/u_bridge/r_len[1]_i_85
INFO: [Physopt 32-662] Processed net u_mem/u_bridge/r_len[8]_i_88_n_0.  Did not re-place instance u_mem/u_bridge/r_len[8]_i_88
INFO: [Physopt 32-662] Processed net u_mem/u_bridge/r_len[9]_i_85_n_0.  Did not re-place instance u_mem/u_bridge/r_len[9]_i_85
INFO: [Physopt 32-662] Processed net u_mem/u_bridge/r_len[4]_i_100_n_0.  Did not re-place instance u_mem/u_bridge/r_len[4]_i_100
INFO: [Physopt 32-662] Processed net u_mem/u_bridge/r_len[8]_i_91_n_0.  Did not re-place instance u_mem/u_bridge/r_len[8]_i_91
INFO: [Physopt 32-663] Processed net u_mem/u_bridge/r_len[2]_i_121_n_0.  Re-placed instance u_mem/u_bridge/r_len[2]_i_121
INFO: [Physopt 32-662] Processed net u_mem/u_bridge/r_len[12]_i_7_n_0.  Did not re-place instance u_mem/u_bridge/r_len[12]_i_7
INFO: [Physopt 32-662] Processed net u_mem/u_bridge/r_len[2]_i_67_n_0.  Did not re-place instance u_mem/u_bridge/r_len[2]_i_67
INFO: [Physopt 32-662] Processed net u_mem/u_bridge/r_len[1]_i_87_n_0.  Did not re-place instance u_mem/u_bridge/r_len[1]_i_87
INFO: [Physopt 32-663] Processed net u_mem2/u_wr_bytes/ub_dout[2].  Re-placed instance u_mem2/u_wr_bytes/w_data_r[506]_i_2
INFO: [Physopt 32-662] Processed net u_mem2/u_bridge/w_data_r[402]_i_1_n_0.  Did not re-place instance u_mem2/u_bridge/w_data_r[402]_i_1
INFO: [Physopt 32-662] Processed net u_mem2/u_wr_bytes/w_data_r[506]_i_15_n_0.  Did not re-place instance u_mem2/u_wr_bytes/w_data_r[506]_i_15
INFO: [Physopt 32-662] Processed net u_mem2/u_bridge/m_axi_wdata[402].  Did not re-place instance u_mem2/u_bridge/w_data_r_reg[402]
INFO: [Physopt 32-662] Processed net u_mem/u_bridge/r_len[10]_i_122_n_0.  Did not re-place instance u_mem/u_bridge/r_len[10]_i_122
INFO: [Physopt 32-662] Processed net u_mem/u_bridge/r_len[10]_i_96_n_0.  Did not re-place instance u_mem/u_bridge/r_len[10]_i_96
INFO: [Physopt 32-662] Processed net u_mem/u_bridge/r_len[11]_i_5_n_0.  Did not re-place instance u_mem/u_bridge/r_len[11]_i_5
INFO: [Physopt 32-662] Processed net u_mem/u_bridge/r_len[5]_i_7_n_0.  Did not re-place instance u_mem/u_bridge/r_len[5]_i_7
INFO: [Physopt 32-662] Processed net u_mem/u_bridge/r_len[8]_i_116_n_0.  Did not re-place instance u_mem/u_bridge/r_len[8]_i_116
INFO: [Physopt 32-662] Processed net u_mem/u_bridge/r_slot[1]_i_1_n_0.  Did not re-place instance u_mem/u_bridge/r_slot[1]_i_1
INFO: [Physopt 32-662] Processed net u_mem2/u_bridge/w_data_r[280]_i_1_n_0.  Did not re-place instance u_mem2/u_bridge/w_data_r[280]_i_1
INFO: [Physopt 32-662] Processed net u_mem2/u_bridge/m_axi_wdata[280].  Did not re-place instance u_mem2/u_bridge/w_data_r_reg[280]
INFO: [Physopt 32-662] Processed net u_mem/u_bridge/stat_ill_rd[15]_i_85_n_0.  Did not re-place instance u_mem/u_bridge/stat_ill_rd[15]_i_85
INFO: [Physopt 32-662] Processed net u_mem/u_bridge/r_len[8]_i_108_n_0.  Did not re-place instance u_mem/u_bridge/r_len[8]_i_108
INFO: [Physopt 32-662] Processed net u_mem/u_bridge/r_len[2]_i_59_n_0.  Did not re-place instance u_mem/u_bridge/r_len[2]_i_59
INFO: [Physopt 32-662] Processed net u_mem/u_bridge/r_len[2]_i_68_n_0.  Did not re-place instance u_mem/u_bridge/r_len[2]_i_68
INFO: [Physopt 32-662] Processed net u_mem/u_bridge/r_len[10]_i_123_n_0.  Did not re-place instance u_mem/u_bridge/r_len[10]_i_123
INFO: [Physopt 32-662] Processed net u_mem/u_bridge/p_0_in[0].  Did not re-place instance u_mem/u_bridge/r_beats[0]_i_1
INFO: [Physopt 32-662] Processed net u_mem/u_bridge/p_0_in[2].  Did not re-place instance u_mem/u_bridge/r_beats[2]_i_1
INFO: [Physopt 32-662] Processed net u_mem/u_bridge/r_len[10]_i_80_n_0.  Did not re-place instance u_mem/u_bridge/r_len[10]_i_80
INFO: [Physopt 32-662] Processed net u_mem/u_bridge/r_len[8]_i_109_n_0.  Did not re-place instance u_mem/u_bridge/r_len[8]_i_109
INFO: [Physopt 32-662] Processed net u_mem/u_bridge/r_len[8]_i_117_n_0.  Did not re-place instance u_mem/u_bridge/r_len[8]_i_117
INFO: [Physopt 32-662] Processed net u_mem/u_bridge/r_len[10]_i_97_n_0.  Did not re-place instance u_mem/u_bridge/r_len[10]_i_97
INFO: [Physopt 32-661] Optimized 14 nets.  Re-placed 14 instances.
INFO: [Physopt 32-775] End 1 Pass. Optimized 14 nets or cells. Created 0 new cell, deleted 0 existing cell and moved 14 existing cells
INFO: [Physopt 32-619] Estimated Timing Summary | WNS=-1.106 | TNS=-561.534 |
Netlist sorting complete. Time (s): cpu = 00:00:00 ; elapsed = 00:00:00.023 . Memory (MB): peak = 7797.668 ; gain = 0.348
Phase 29 Single Cell Placement Optimization | Checksum: 1992d3b58

Time (s): cpu = 00:04:17 ; elapsed = 00:02:44 . Memory (MB): peak = 7797.668 ; gain = 1925.984

Phase 30 Multi Cell Placement Optimization
INFO: [Physopt 32-660] Identified 100 candidate nets for placement-based optimization.
INFO: [Physopt 32-662] Processed net u_mem/u_bridge/in_range.  Did not re-place instance u_mem/u_bridge/stat_ill_rd[15]_i_4/O
INFO: [Physopt 32-662] Processed net u_mem/u_bridge/rd_target_ok.  Did not re-place instance u_mem/u_bridge/stat_ill_rd[15]_i_3/O
INFO: [Physopt 32-662] Processed net u_mem/u_bridge/r_len[13].  Did not re-place instance u_mem/u_bridge/r_len_reg[13]/Q
INFO: [Physopt 32-662] Processed net u_mem/u_bridge/r_len[15].  Did not re-place instance u_mem/u_bridge/r_len_reg[15]/Q
INFO: [Physopt 32-662] Processed net u_mem/u_bridge/r_beats[4]_i_2_n_0.  Did not re-place instance u_mem/u_bridge/r_beats[4]_i_2/O
INFO: [Physopt 32-662] Processed net u_mem/u_bridge/r_beats[7]_i_2_n_0.  Did not re-place instance u_mem/u_bridge/r_beats[7]_i_2/O
INFO: [Physopt 32-662] Processed net u_mem/u_bridge/in_range_repN.  Did not re-place instance u_mem/u_bridge/stat_ill_rd[15]_i_4_replica/O
INFO: [Physopt 32-662] Processed net u_mem/u_bridge/p_0_in[7].  Did not re-place instance u_mem/u_bridge/r_beats[7]_i_1/O
INFO: [Physopt 32-662] Processed net u_mem/u_bridge/r_beats[1].  Did not re-place instance u_mem/u_bridge/r_beats_reg[1]/Q
INFO: [Physopt 32-662] Processed net u_mem/u_bridge/r_beats[3].  Did not re-place instance u_mem/u_bridge/r_beats_reg[3]/Q
INFO: [Physopt 32-662] Processed net u_mem/u_bridge/r_beats[0].  Did not re-place instance u_mem/u_bridge/r_beats_reg[0]/Q
INFO: [Physopt 32-662] Processed net u_mem/u_bridge/r_beats[2].  Did not re-place instance u_mem/u_bridge/r_beats_reg[2]/Q
INFO: [Physopt 32-662] Processed net u_mem/u_bridge/r_beats[4].  Did not re-place instance u_mem/u_bridge/r_beats_reg[4]/Q
INFO: [Physopt 32-662] Processed net u_mem/u_bridge/r_len[14].  Did not re-place instance u_mem/u_bridge/r_len_reg[14]/Q
INFO: [Physopt 32-662] Processed net u_mem/u_bridge/p_0_in[6].  Did not re-place instance u_mem/u_bridge/r_beats[6]_i_1/O
INFO: [Physopt 32-662] Processed net u_mem/u_bridge/r_len[12].  Did not re-place instance u_mem/u_bridge/r_len_reg[12]/Q
INFO: [Physopt 32-662] Processed net u_mem/u_bridge/r_len[10].  Did not re-place instance u_mem/u_bridge/r_len_reg[10]/Q
INFO: [Physopt 32-662] Processed net u_mem/u_bridge/r_len[9].  Did not re-place instance u_mem/u_bridge/r_len_reg[9]/Q
INFO: [Physopt 32-662] Processed net u_mem/u_bridge/p_0_in[5].  Did not re-place instance u_mem/u_bridge/r_beats[5]_i_1/O
INFO: [Physopt 32-662] Processed net u_mem/u_bridge/r_len[8].  Did not re-place instance u_mem/u_bridge/r_len_reg[8]/Q
INFO: [Physopt 32-662] Processed net u_mem/u_bridge/r_len[7].  Did not re-place instance u_mem/u_bridge/r_len_reg[7]/Q
INFO: [Physopt 32-662] Processed net u_mem/u_bridge/p_0_in[1].  Did not re-place instance u_mem/u_bridge/r_beats[1]_i_1/O
INFO: [Physopt 32-662] Processed net u_mem/u_bridge/p_0_in[3].  Did not re-place instance u_mem/u_bridge/r_beats[3]_i_1/O
INFO: [Physopt 32-662] Processed net u_mem/u_bridge/rstate.  Did not re-place instance u_mem/u_bridge/FSM_onehot_rstate[4]_i_1/O
INFO: [Physopt 32-662] Processed net u_mem/u_bridge/FSM_onehot_rstate[4]_i_3_n_0.  Did not re-place instance u_mem/u_bridge/FSM_onehot_rstate[4]_i_3/O
INFO: [Physopt 32-662] Processed net u_mem/u_bridge/r_beat[7]_i_1_n_0.  Did not re-place instance u_mem/u_bridge/r_beat[7]_i_1/O
INFO: [Physopt 32-662] Processed net u_mem/u_bridge/rd_target_ok_repN.  Did not re-place instance u_mem/u_bridge/stat_ill_rd[15]_i_3_replica/O
INFO: [Physopt 32-662] Processed net u_mem/u_bridge/r_beat[1].  Did not re-place instance u_mem/u_bridge/r_beat_reg[1]/Q
INFO: [Physopt 32-663] Processed net u_mem/u_bridge/r_beat[2].  Re-placed instance u_mem/u_bridge/r_beat_reg[2]/Q
INFO: [Physopt 32-662] Processed net u_mem/u_bridge/r_beat[6].  Did not re-place instance u_mem/u_bridge/r_beat_reg[6]/Q
INFO: [Physopt 32-662] Processed net u_mem/u_bridge/r_len[11].  Did not re-place instance u_mem/u_bridge/r_len_reg[11]/Q
INFO: [Physopt 32-662] Processed net u_mem/u_bridge/r_len[6].  Did not re-place instance u_mem/u_bridge/r_len_reg[6]/Q
INFO: [Physopt 32-662] Processed net u_mem/u_bridge/r_beat[0].  Did not re-place instance u_mem/u_bridge/r_beat_reg[0]/Q
INFO: [Physopt 32-662] Processed net u_mem/u_bridge/p_0_in[0].  Did not re-place instance u_mem/u_bridge/r_beats[0]_i_1/O
INFO: [Physopt 32-662] Processed net u_mem/u_bridge/p_0_in[2].  Did not re-place instance u_mem/u_bridge/r_beats[2]_i_1/O
INFO: [Physopt 32-661] Optimized 1 net.  Re-placed 2 instances.
INFO: [Physopt 32-775] End 1 Pass. Optimized 1 net or cell. Created 0 new cell, deleted 0 existing cell and moved 2 existing cells
INFO: [Physopt 32-619] Estimated Timing Summary | WNS=-1.106 | TNS=-561.531 |
Netlist sorting complete. Time (s): cpu = 00:00:00 ; elapsed = 00:00:00.024 . Memory (MB): peak = 7944.914 ; gain = 0.000
Phase 30 Multi Cell Placement Optimization | Checksum: 1f17c03d3

Time (s): cpu = 00:04:52 ; elapsed = 00:03:05 . Memory (MB): peak = 7944.914 ; gain = 2073.230

Phase 31 SLR Crossing Optimization
Phase 31 SLR Crossing Optimization | Checksum: 1f17c03d3

Time (s): cpu = 00:04:53 ; elapsed = 00:03:06 . Memory (MB): peak = 7944.914 ; gain = 2073.230

Phase 32 Critical Path Optimization
INFO: [Physopt 32-619] Estimated Timing Summary | WNS=-1.106 | TNS=-561.531 |
INFO: [Physopt 32-702] Processed net u_mem/u_bridge/r_len[13]. Optimizations did not improve timing on the net.
INFO: [Physopt 32-702] Processed net u_mem/u_rd_cmd/rd_bin[0]_repN. Optimizations did not improve timing on the net.
INFO: [Physopt 32-702] Processed net u_mem/u_bridge/rd_target_ok. Optimizations did not improve timing on the net.
INFO: [Physopt 32-702] Processed net u_mem/u_bridge/stat_ill_rd[15]_i_7_n_0. Optimizations did not improve timing on the net.
INFO: [Physopt 32-702] Processed net u_mem/u_bridge/stat_ill_rd_reg[15]_i_12_n_0. Optimizations did not improve timing on the net.
INFO: [Physopt 32-702] Processed net u_mem/u_bridge/stat_ill_rd_reg[15]_i_28_n_0. Optimizations did not improve timing on the net.
INFO: [Physopt 32-702] Processed net u_mem/u_bridge/r_slot[2]_i_1_n_0. Optimizations did not improve timing on the net.
INFO: [Physopt 32-710] Processed net u_mem/u_bridge/r_slot[2]_i_1_n_0. Critical path length was reduced through logic transformation on cell u_mem/u_bridge/r_slot[2]_i_1_comp.
INFO: [Physopt 32-735] Processed net u_mem/u_bridge/in_range. Optimization improves timing on the net.
INFO: [Physopt 32-619] Estimated Timing Summary | WNS=-1.041 | TNS=-557.575 |
INFO: [Physopt 32-81] Processed net u_mem/u_bridge/r_slot[3]_i_1_n_0. Replicated 1 times.
INFO: [Physopt 32-735] Processed net u_mem/u_bridge/r_slot[3]_i_1_n_0. Optimization improves timing on the net.
INFO: [Physopt 32-619] Estimated Timing Summary | WNS=-1.041 | TNS=-556.932 |
INFO: [Physopt 32-702] Processed net u_mem/u_bridge/r_beats[7]. Optimizations did not improve timing on the net.
INFO: [Physopt 32-702] Processed net u_mem/u_bridge/r_beats[7]_i_2_n_0. Optimizations did not improve timing on the net.
INFO: [Physopt 32-702] Processed net u_mem/u_bridge/len_tab[9]. Optimizations did not improve timing on the net.
INFO: [Physopt 32-702] Processed net u_mem/u_bridge/r_len_reg[9]_i_2_n_0. Optimizations did not improve timing on the net.
INFO: [Physopt 32-702] Processed net u_mem/u_bridge/r_len[9]_i_4_n_0. Optimizations did not improve timing on the net.
INFO: [Physopt 32-702] Processed net u_mem/u_bridge/r_len_reg[9]_i_9_n_0. Optimizations did not improve timing on the net.
INFO: [Physopt 32-702] Processed net u_mem/u_bridge/r_len_reg[9]_i_27_n_0. Optimizations did not improve timing on the net.
INFO: [Physopt 32-81] Processed net u_mem/u_bridge/sel0[2]. Replicated 1 times.
INFO: [Physopt 32-735] Processed net u_mem/u_bridge/sel0[2]. Optimization improves timing on the net.
INFO: [Physopt 32-619] Estimated Timing Summary | WNS=-1.040 | TNS=-557.084 |
INFO: [Physopt 32-702] Processed net u_mem/u_bridge/r_beats[4]_i_2_n_0. Optimizations did not improve timing on the net.
INFO: [Physopt 32-702] Processed net u_mem/u_bridge/len_tab[1]. Optimizations did not improve timing on the net.
INFO: [Physopt 32-702] Processed net u_mem/u_bridge/r_len_reg[1]_i_2_n_0. Optimizations did not improve timing on the net.
INFO: [Physopt 32-702] Processed net u_mem/u_bridge/r_len[1]_i_5_n_0. Optimizations did not improve timing on the net.
INFO: [Physopt 32-702] Processed net u_mem/u_bridge/r_len_reg[1]_i_15_n_0. Optimizations did not improve timing on the net.
INFO: [Physopt 32-702] Processed net u_mem/u_bridge/r_len_reg[1]_i_38_n_0. Optimizations did not improve timing on the net.
INFO: [Physopt 32-702] Processed net u_mem/u_bridge/r_len[2]_i_56_n_0. Optimizations did not improve timing on the net.
INFO: [Physopt 32-710] Processed net u_mem/u_bridge/r_len[2]_i_56_n_0. Critical path length was reduced through logic transformation on cell u_mem/u_bridge/r_len[2]_i_56_comp.
INFO: [Physopt 32-735] Processed net u_mem/u_bridge/in_range_repN. Optimization improves timing on the net.
INFO: [Physopt 32-619] Estimated Timing Summary | WNS=-1.039 | TNS=-557.009 |
INFO: [Physopt 32-702] Processed net u_mem/u_bridge/len_tab[4]. Optimizations did not improve timing on the net.
INFO: [Physopt 32-702] Processed net u_mem/u_bridge/r_len_reg[4]_i_2_n_0. Optimizations did not improve timing on the net.
INFO: [Physopt 32-702] Processed net u_mem/u_bridge/r_len[4]_i_5_n_0. Optimizations did not improve timing on the net.
INFO: [Physopt 32-702] Processed net u_mem/u_bridge/r_len_reg[4]_i_15_n_0. Optimizations did not improve timing on the net.
INFO: [Physopt 32-702] Processed net u_mem/u_bridge/r_len_reg[4]_i_39_n_0. Optimizations did not improve timing on the net.
INFO: [Physopt 32-702] Processed net u_mem/u_bridge/r_len[5]_i_57_n_0. Optimizations did not improve timing on the net.
INFO: [Physopt 32-710] Processed net u_mem/u_bridge/r_len[5]_i_57_n_0. Critical path length was reduced through logic transformation on cell u_mem/u_bridge/r_len[5]_i_57_comp.
INFO: [Physopt 32-735] Processed net u_mem/u_bridge/in_range. Optimization improves timing on the net.
INFO: [Physopt 32-619] Estimated Timing Summary | WNS=-1.034 | TNS=-556.572 |
INFO: [Physopt 32-702] Processed net u_mem/u_bridge/stat_ill_rd[15]_i_8_n_0. Optimizations did not improve timing on the net.
INFO: [Physopt 32-702] Processed net u_mem/u_bridge/stat_ill_rd_reg[15]_i_16_n_0. Optimizations did not improve timing on the net.
INFO: [Physopt 32-81] Processed net u_mem/u_bridge/r_slot[3]_i_1_n_0_repN. Replicated 1 times.
INFO: [Physopt 32-735] Processed net u_mem/u_bridge/r_slot[3]_i_1_n_0_repN. Optimization improves timing on the net.
INFO: [Physopt 32-619] Estimated Timing Summary | WNS=-1.032 | TNS=-556.456 |
INFO: [Physopt 32-81] Processed net u_mem/u_bridge/r_slot[3]_i_1_n_0_repN. Replicated 1 times.
INFO: [Physopt 32-735] Processed net u_mem/u_bridge/r_slot[3]_i_1_n_0_repN. Optimization improves timing on the net.
INFO: [Physopt 32-619] Estimated Timing Summary | WNS=-1.032 | TNS=-556.240 |
INFO: [Physopt 32-663] Processed net u_mem/u_bridge/sel0[2]_repN.  Re-placed instance u_mem/u_bridge/r_len[10]_i_57_replica
INFO: [Physopt 32-735] Processed net u_mem/u_bridge/sel0[2]_repN. Optimization improves timing on the net.
INFO: [Physopt 32-619] Estimated Timing Summary | WNS=-1.030 | TNS=-556.222 |
INFO: [Physopt 32-702] Processed net u_mem/u_bridge/len_tab[7]. Optimizations did not improve timing on the net.
INFO: [Physopt 32-702] Processed net u_mem/u_bridge/r_len_reg[7]_i_3_n_0. Optimizations did not improve timing on the net.
INFO: [Physopt 32-608] Optimized 1 net.  Swapped 68 pins.
INFO: [Physopt 32-735] Processed net u_mem/u_bridge/r_len[7]_i_7_n_0. Optimization improves timing on the net.
INFO: [Physopt 32-619] Estimated Timing Summary | WNS=-1.030 | TNS=-556.220 |
INFO: [Physopt 32-702] Processed net u_mem/u_bridge/len_tab[8]. Optimizations did not improve timing on the net.
INFO: [Physopt 32-702] Processed net u_mem/u_bridge/r_len_reg[8]_i_3_n_0. Optimizations did not improve timing on the net.
INFO: [Physopt 32-702] Processed net u_mem/u_bridge/r_len[8]_i_7_n_0. Optimizations did not improve timing on the net.
INFO: [Physopt 32-702] Processed net u_mem/u_bridge/r_len_reg[8]_i_20_n_0. Optimizations did not improve timing on the net.
INFO: [Physopt 32-702] Processed net u_mem/u_bridge/r_len_reg[8]_i_49_n_0. Optimizations did not improve timing on the net.
INFO: [Physopt 32-702] Processed net u_mem/u_bridge/sel0[2]. Optimizations did not improve timing on the net.
INFO: [Physopt 32-710] Processed net u_mem/u_bridge/sel0[2]. Critical path length was reduced through logic transformation on cell u_mem/u_bridge/r_len[10]_i_57_comp.
INFO: [Physopt 32-735] Processed net u_mem/u_bridge/in_range. Optimization improves timing on the net.
INFO: [Physopt 32-619] Estimated Timing Summary | WNS=-1.028 | TNS=-555.787 |
INFO: [Physopt 32-81] Processed net u_mem/u_bridge/r_slot[3]_i_1_n_0_repN. Replicated 2 times.
INFO: [Physopt 32-735] Processed net u_mem/u_bridge/r_slot[3]_i_1_n_0_repN. Optimization improves timing on the net.
INFO: [Physopt 32-619] Estimated Timing Summary | WNS=-1.023 | TNS=-555.451 |
INFO: [Physopt 32-702] Processed net u_mem/u_bridge/r_len[13]. Optimizations did not improve timing on the net.
INFO: [Physopt 32-702] Processed net u_mem/u_rd_cmd/rd_bin[0]_repN. Optimizations did not improve timing on the net.
INFO: [Physopt 32-702] Processed net u_mem/u_bridge/rd_target_ok. Optimizations did not improve timing on the net.
INFO: [Physopt 32-702] Processed net u_mem/u_bridge/stat_ill_rd[15]_i_8_n_0. Optimizations did not improve timing on the net.
INFO: [Physopt 32-702] Processed net u_mem/u_bridge/stat_ill_rd_reg[15]_i_16_n_0. Optimizations did not improve timing on the net.
INFO: [Physopt 32-702] Processed net u_mem/u_bridge/r_slot[3]_i_1_n_0_repN. Optimizations did not improve timing on the net.
INFO: [Physopt 32-702] Processed net u_mem/u_bridge/in_range. Optimizations did not improve timing on the net.
INFO: [Physopt 32-702] Processed net u_mem/u_bridge/in_range0. Optimizations did not improve timing on the net.
INFO: [Physopt 32-702] Processed net u_mem/u_bridge/r_slot[1]_i_8_n_0. Optimizations did not improve timing on the net.
INFO: [Physopt 32-702] Processed net u_mem/u_bridge/r_slot. Optimizations did not improve timing on the net.
INFO: [Physopt 32-702] Processed net u_mem/u_rd_cmd/ram_reg_0_3_0_8/DOA0. Optimizations did not improve timing on the net.
INFO: [Physopt 32-619] Estimated Timing Summary | WNS=-1.023 | TNS=-555.451 |
Phase 32 Critical Path Optimization | Checksum: 1f17c03d3

Time (s): cpu = 00:05:44 ; elapsed = 00:03:37 . Memory (MB): peak = 8735.613 ; gain = 2863.930

Phase 33 Critical Path Optimization
INFO: [Physopt 32-619] Estimated Timing Summary | WNS=-1.023 | TNS=-555.451 |
INFO: [Physopt 32-702] Processed net u_mem/u_bridge/r_len[13]. Optimizations did not improve timing on the net.
INFO: [Physopt 32-702] Processed net u_mem/u_rd_cmd/rd_bin[0]_repN. Optimizations did not improve timing on the net.
INFO: [Physopt 32-702] Processed net u_mem/u_bridge/rd_target_ok. Optimizations did not improve timing on the net.
INFO: [Physopt 32-81] Processed net u_mem/u_bridge/stat_ill_rd[15]_i_8_n_0. Replicated 1 times.
INFO: [Physopt 32-735] Processed net u_mem/u_bridge/stat_ill_rd[15]_i_8_n_0. Optimization improves timing on the net.
INFO: [Physopt 32-619] Estimated Timing Summary | WNS=-1.014 | TNS=-554.929 |
INFO: [Physopt 32-81] Processed net u_mem/u_bridge/stat_ill_rd[15]_i_7_n_0. Replicated 1 times.
INFO: [Physopt 32-735] Processed net u_mem/u_bridge/stat_ill_rd[15]_i_7_n_0. Optimization improves timing on the net.
INFO: [Physopt 32-619] Estimated Timing Summary | WNS=-1.010 | TNS=-554.697 |
INFO: [Physopt 32-702] Processed net u_mem/u_bridge/stat_ill_rd[15]_i_8_n_0. Optimizations did not improve timing on the net.
INFO: [Physopt 32-702] Processed net u_mem/u_bridge/stat_ill_rd_reg[15]_i_16_n_0. Optimizations did not improve timing on the net.
INFO: [Physopt 32-702] Processed net u_mem/u_bridge/r_slot[3]_i_1_n_0_repN. Optimizations did not improve timing on the net.
INFO: [Physopt 32-710] Processed net u_mem/u_bridge/r_slot[3]_i_1_n_0_repN. Critical path length was reduced through logic transformation on cell u_mem/u_bridge/r_slot[3]_i_1_replica_comp.
INFO: [Physopt 32-735] Processed net u_mem/u_bridge/in_range. Optimization improves timing on the net.
INFO: [Physopt 32-619] Estimated Timing Summary | WNS=-1.009 | TNS=-552.901 |
INFO: [Physopt 32-702] Processed net u_mem/u_bridge/r_beats[7]. Optimizations did not improve timing on the net.
INFO: [Physopt 32-702] Processed net u_mem/u_bridge/r_beats[7]_i_2_n_0. Optimizations did not improve timing on the net.
INFO: [Physopt 32-702] Processed net u_mem/u_bridge/r_beats[4]_i_2_n_0. Optimizations did not improve timing on the net.
INFO: [Physopt 32-702] Processed net u_mem/u_bridge/len_tab[4]. Optimizations did not improve timing on the net.
INFO: [Physopt 32-702] Processed net u_mem/u_bridge/r_len_reg[4]_i_2_n_0. Optimizations did not improve timing on the net.
INFO: [Physopt 32-608] Optimized 1 net.  Swapped 56 pins.
INFO: [Physopt 32-735] Processed net u_mem/u_bridge/r_len[4]_i_4_n_0. Optimization improves timing on the net.
INFO: [Physopt 32-619] Estimated Timing Summary | WNS=-1.005 | TNS=-552.852 |
INFO: [Physopt 32-702] Processed net u_mem/u_bridge/len_tab[3]. Optimizations did not improve timing on the net.
INFO: [Physopt 32-702] Processed net u_mem/u_bridge/r_len_reg[3]_i_3_n_0. Optimizations did not improve timing on the net.
INFO: [Physopt 32-702] Processed net u_mem/u_bridge/r_len[3]_i_7_n_0. Optimizations did not improve timing on the net.
INFO: [Physopt 32-702] Processed net u_mem/u_bridge/r_len_reg[3]_i_23_n_0. Optimizations did not improve timing on the net.
INFO: [Physopt 32-702] Processed net u_mem/u_bridge/sel0[3]. Optimizations did not improve timing on the net.
INFO: [Physopt 32-134] Processed net u_mem/u_bridge/in_range. Rewiring did not optimize the net.
INFO: [Physopt 32-81] Processed net u_mem/u_bridge/in_range. Replicated 1 times.
INFO: [Physopt 32-735] Processed net u_mem/u_bridge/in_range. Optimization improves timing on the net.
INFO: [Physopt 32-619] Estimated Timing Summary | WNS=-1.002 | TNS=-552.536 |
INFO: [Physopt 32-702] Processed net u_mem/u_bridge/stat_ill_rd[15]_i_7_n_0. Optimizations did not improve timing on the net.
INFO: [Physopt 32-702] Processed net u_mem/u_bridge/stat_ill_rd_reg[15]_i_12_n_0. Optimizations did not improve timing on the net.
INFO: [Physopt 32-702] Processed net u_mem/u_bridge/stat_ill_rd_reg[15]_i_28_n_0. Optimizations did not improve timing on the net.
INFO: [Physopt 32-81] Processed net u_mem/u_bridge/r_slot[2]_i_1_n_0. Replicated 2 times.
INFO: [Physopt 32-735] Processed net u_mem/u_bridge/r_slot[2]_i_1_n_0. Optimization improves timing on the net.
INFO: [Physopt 32-619] Estimated Timing Summary | WNS=-0.993 | TNS=-551.707 |
INFO: [Physopt 32-608] Optimized 1 net.  Swapped 56 pins.
INFO: [Physopt 32-735] Processed net u_mem/u_bridge/r_len[4]_i_4_n_0. Optimization improves timing on the net.
INFO: [Physopt 32-619] Estimated Timing Summary | WNS=-0.990 | TNS=-551.540 |
INFO: [Physopt 32-81] Processed net u_mem/u_bridge/sel0[4]. Replicated 1 times.
INFO: [Physopt 32-735] Processed net u_mem/u_bridge/sel0[4]. Optimization improves timing on the net.
INFO: [Physopt 32-619] Estimated Timing Summary | WNS=-0.989 | TNS=-550.075 |
INFO: [Physopt 32-702] Processed net u_mem/u_bridge/len_tab[7]. Optimizations did not improve timing on the net.
INFO: [Physopt 32-702] Processed net u_mem/u_bridge/r_len_reg[7]_i_3_n_0. Optimizations did not improve timing on the net.
INFO: [Physopt 32-702] Processed net u_mem/u_bridge/r_len[7]_i_7_n_0. Optimizations did not improve timing on the net.
INFO: [Physopt 32-702] Processed net u_mem/u_bridge/r_len_reg[7]_i_23_n_0. Optimizations did not improve timing on the net.
INFO: [Physopt 32-702] Processed net u_mem/u_bridge/r_len[10]_i_24_n_0. Optimizations did not improve timing on the net.
INFO: [Physopt 32-134] Processed net u_mem/u_bridge/in_range. Rewiring did not optimize the net.
INFO: [Physopt 32-81] Processed net u_mem/u_bridge/in_range. Replicated 1 times.
INFO: [Physopt 32-735] Processed net u_mem/u_bridge/in_range. Optimization improves timing on the net.
INFO: [Physopt 32-619] Estimated Timing Summary | WNS=-0.986 | TNS=-549.750 |
INFO: [Physopt 32-134] Processed net u_mem/u_bridge/in_range. Rewiring did not optimize the net.
INFO: [Physopt 32-81] Processed net u_mem/u_bridge/in_range. Replicated 2 times.
INFO: [Physopt 32-735] Processed net u_mem/u_bridge/in_range. Optimization improves timing on the net.
INFO: [Physopt 32-619] Estimated Timing Summary | WNS=-0.982 | TNS=-549.922 |
INFO: [Physopt 32-702] Processed net u_mem/u_bridge/len_tab[9]. Optimizations did not improve timing on the net.
INFO: [Physopt 32-702] Processed net u_mem/u_bridge/r_len_reg[9]_i_2_n_0. Optimizations did not improve timing on the net.
INFO: [Physopt 32-702] Processed net u_mem/u_bridge/r_len[9]_i_4_n_0. Optimizations did not improve timing on the net.
INFO: [Physopt 32-702] Processed net u_mem/u_bridge/r_len_reg[9]_i_9_n_0. Optimizations did not improve timing on the net.
INFO: [Physopt 32-702] Processed net u_mem/u_bridge/r_len_reg[9]_i_27_n_0. Optimizations did not improve timing on the net.
INFO: [Physopt 32-608] Optimized 1 net.  Swapped 13 pins.
INFO: [Physopt 32-735] Processed net u_mem/u_bridge/sel0[2]_repN. Optimization improves timing on the net.
INFO: [Physopt 32-619] Estimated Timing Summary | WNS=-0.982 | TNS=-549.912 |
INFO: [Physopt 32-134] Processed net u_mem/u_bridge/in_range. Rewiring did not optimize the net.
INFO: [Physopt 32-702] Processed net u_mem/u_bridge/in_range. Optimizations did not improve timing on the net.
INFO: [Physopt 32-702] Processed net u_mem/u_bridge/in_range0. Optimizations did not improve timing on the net.
INFO: [Physopt 32-702] Processed net u_mem/u_bridge/r_slot[1]_i_8_n_0. Optimizations did not improve timing on the net.
INFO: [Physopt 32-702] Processed net u_mem/u_bridge/p_0_in[7]. Optimizations did not improve timing on the net.
INFO: [Physopt 32-702] Processed net u_mem/u_rd_cmd/ram_reg_0_3_0_8/DOA0. Optimizations did not improve timing on the net.
INFO: [Physopt 32-702] Processed net u_mem/u_bridge/r_beats[7]. Optimizations did not improve timing on the net.
INFO: [Physopt 32-702] Processed net u_mem/u_rd_cmd/rd_bin[0]_repN. Optimizations did not improve timing on the net.
INFO: [Physopt 32-702] Processed net u_mem/u_bridge/r_beats[7]_i_2_n_0. Optimizations did not improve timing on the net.
INFO: [Physopt 32-702] Processed net u_mem/u_bridge/len_tab[7]. Optimizations did not improve timing on the net.
INFO: [Physopt 32-702] Processed net u_mem/u_bridge/r_len_reg[7]_i_3_n_0. Optimizations did not improve timing on the net.
INFO: [Physopt 32-702] Processed net u_mem/u_bridge/r_len[7]_i_7_n_0. Optimizations did not improve timing on the net.
INFO: [Physopt 32-702] Processed net u_mem/u_bridge/r_len_reg[7]_i_23_n_0. Optimizations did not improve timing on the net.
INFO: [Physopt 32-702] Processed net u_mem/u_bridge/r_len[10]_i_24_n_0. Optimizations did not improve timing on the net.
INFO: [Physopt 32-702] Processed net u_mem/u_bridge/in_range. Optimizations did not improve timing on the net.
INFO: [Physopt 32-702] Processed net u_mem/u_bridge/in_range0. Optimizations did not improve timing on the net.
INFO: [Physopt 32-702] Processed net u_mem/u_bridge/r_slot[1]_i_8_n_0. Optimizations did not improve timing on the net.
INFO: [Physopt 32-702] Processed net u_mem/u_bridge/p_0_in[7]. Optimizations did not improve timing on the net.
INFO: [Physopt 32-702] Processed net u_mem/u_rd_cmd/ram_reg_0_3_0_8/DOA0. Optimizations did not improve timing on the net.
INFO: [Physopt 32-619] Estimated Timing Summary | WNS=-0.982 | TNS=-549.912 |
Phase 33 Critical Path Optimization | Checksum: 1f17c03d3

Time (s): cpu = 00:06:27 ; elapsed = 00:04:03 . Memory (MB): peak = 9552.812 ; gain = 3681.129

Phase 34 BRAM Enable Optimization
Phase 34 BRAM Enable Optimization | Checksum: 1f17c03d3

Time (s): cpu = 00:06:27 ; elapsed = 00:04:03 . Memory (MB): peak = 9552.812 ; gain = 3681.129

Phase 35 Hold Fix Optimization
INFO: [Physopt 32-668] Estimated Timing Summary | WNS=-0.982 | TNS=-549.912 | WHS=-0.506 | THS=-17.905 |
INFO: [Physopt 32-45] Identified 1 candidate net for hold slack optimization.
INFO: [Physopt 32-234] Optimized 1 net. Inserted 0 new ZHOLD_DELAYs. Calibrated 0 existing ZHOLD_DELAYs. Inserted 1 buffer.

INFO: [Physopt 32-668] Estimated Timing Summary | WNS=-0.982 | TNS=-549.912 | WHS=-0.506 | THS=-17.640 |
Phase 35 Hold Fix Optimization | Checksum: 1f17c03d3

Time (s): cpu = 00:07:09 ; elapsed = 00:04:43 . Memory (MB): peak = 9552.812 ; gain = 3681.129
Netlist sorting complete. Time (s): cpu = 00:00:00 ; elapsed = 00:00:00.061 . Memory (MB): peak = 9552.812 ; gain = 0.000
Netlist sorting complete. Time (s): cpu = 00:00:00 ; elapsed = 00:00:00.019 . Memory (MB): peak = 9552.812 ; gain = 0.000
INFO: [Physopt 32-669] Post Physical Optimization Timing Summary | WNS=-0.982 | TNS=-549.912 | WHS=-0.506 | THS=-17.640 |

Summary of Physical Synthesis Optimizations
============================================


----------------------------------------------------------------------------------------------------------------------------------------------------------------------
|  Optimization            |  WNS Gain (ns)  |  TNS Gain (ns)  |  Added Cells  |  Removed Cells  |  Optimized Cells/Nets  |  Dont Touch  |  Iterations  |  Elapsed   |
----------------------------------------------------------------------------------------------------------------------------------------------------------------------
|  Fanout                  |          0.000  |          0.000  |            1  |              0  |                     1  |           0  |           3  |  00:00:12  |
|  Single Cell Placement   |          0.002  |         28.535  |            0  |              0  |                    83  |           0  |           4  |  00:00:40  |
|  Multi Cell Placement    |          0.000  |          0.868  |            0  |              0  |                    13  |           0  |           4  |  00:01:22  |
|  Rewire                  |          0.000  |          0.000  |            0  |              0  |                     0  |           0  |           3  |  00:00:02  |
|  Critical Cell           |          0.030  |         -1.182  |           10  |              0  |                     9  |           0  |           3  |  00:00:12  |
|  SLR Crossing            |          0.000  |          0.000  |            0  |              0  |                     0  |           0  |           3  |  00:00:00  |
|  DSP Register            |          0.000  |          0.000  |            0  |              0  |                     0  |           0  |           2  |  00:00:00  |
|  BRAM Register           |          0.000  |          0.000  |            0  |              0  |                     0  |           0  |           2  |  00:00:00  |
|  URAM Register           |          0.000  |          0.000  |            0  |              0  |                     0  |           0  |           2  |  00:00:00  |
|  Shift Register          |          0.000  |          0.000  |            0  |              0  |                     0  |           0  |           2  |  00:00:00  |
|  Critical Pin            |          0.042  |          7.189  |            0  |              0  |                    33  |           0  |           1  |  00:00:03  |
|  Very High Fanout        |          0.000  |         42.775  |           25  |              0  |                    17  |           3  |           1  |  00:00:19  |
|  BRAM Enable             |          0.000  |          0.000  |            0  |              0  |                     0  |           0  |           1  |  00:00:00  |
|  Critical Path           |          0.124  |         11.619  |           15  |              0  |                    22  |           0  |           2  |  00:00:58  |
|  Total                   |          0.198  |         89.804  |           51  |              0  |                   178  |           3  |          33  |  00:03:47  |
----------------------------------------------------------------------------------------------------------------------------------------------------------------------


Summary of Hold Fix Optimizations
=================================


--------------------------------------------------------------------------------------------------------------------------------------------------------------
|  Optimization               |  WHS Gain (ns)  |  THS Gain (ns)  |  Added LUTs  |  Added FFs  |  Optimized Nets  |  Dont Touch  |  Iterations  |  Elapsed   |
--------------------------------------------------------------------------------------------------------------------------------------------------------------
|  LUT1 and ZHOLD Insertion   |          0.000  |          0.265  |           1  |          0  |               1  |           0  |           1  |  00:00:02  |
|  Total                      |          0.000  |          0.265  |           1  |          0  |               1  |           0  |           1  |  00:00:02  |
--------------------------------------------------------------------------------------------------------------------------------------------------------------


Netlist sorting complete. Time (s): cpu = 00:00:00 ; elapsed = 00:00:00.039 . Memory (MB): peak = 9552.812 ; gain = 0.000
Ending Physical Synthesis Task | Checksum: 21dfc0a76

Time (s): cpu = 00:07:13 ; elapsed = 00:04:47 . Memory (MB): peak = 9552.812 ; gain = 3681.129
INFO: [Common 17-83] Releasing license: Implementation
1670 Infos, 98 Warnings, 0 Critical Warnings and 0 Errors encountered.
phys_opt_design completed successfully
phys_opt_design: Time (s): cpu = 00:07:41 ; elapsed = 00:05:03 . Memory (MB): peak = 9552.812 ; gain = 3681.129
Command: route_design -directive NoTimingRelaxation
Attempting to get a license for feature 'Implementation' and/or device 'xcku060'
INFO: [Common 17-349] Got license for feature 'Implementation' and/or device 'xcku060'
INFO: [DRC 23-27] Running DRC with 2 threads
INFO: [Vivado_Tcl 4-198] DRC finished with 0 Errors
INFO: [Vivado_Tcl 4-199] Please refer to the DRC report (report_drc) for more information.
Running DRC as a precondition to command route_design
INFO: [DRC 23-27] Running DRC with 2 threads
INFO: [Vivado_Tcl 4-198] DRC finished with 0 Errors
INFO: [Vivado_Tcl 4-199] Please refer to the DRC report (report_drc) for more information.


Starting Routing Task
INFO: [Route 35-270] Using Router directive 'NoTimingRelaxation'.
INFO: [Route 35-254] Multithreading enabled for route_design using a maximum of 2 CPUs

Phase 1 Build RT Design
Checksum: PlaceDB: 12402491 ConstDB: 0 ShapeSum: baeaa1fb RouteDB: d0a7be67
Post Restoration Checksum: NetGraph: dcd24862 | NumContArr: edf411c1 | Constraints: b5567257 | Timing: 0
Phase 1 Build RT Design | Checksum: 2801ccc7a

Time (s): cpu = 00:01:51 ; elapsed = 00:01:37 . Memory (MB): peak = 9552.812 ; gain = 0.000

Phase 2 Router Initialization

Phase 2.1 Fix Topology Constraints
Phase 2.1 Fix Topology Constraints | Checksum: 2801ccc7a

Time (s): cpu = 00:01:51 ; elapsed = 00:01:37 . Memory (MB): peak = 9552.812 ; gain = 0.000

Phase 2.2 Pre Route Cleanup
Phase 2.2 Pre Route Cleanup | Checksum: 2801ccc7a

Time (s): cpu = 00:01:52 ; elapsed = 00:01:38 . Memory (MB): peak = 9552.812 ; gain = 0.000

Phase 2.3 Global Clock Net Routing
 Number of Nodes with overlaps = 0
Phase 2.3 Global Clock Net Routing | Checksum: 1a3d5c844

Time (s): cpu = 00:01:56 ; elapsed = 00:01:41 . Memory (MB): peak = 9552.812 ; gain = 0.000

Phase 2.4 Update Timing
Phase 2.4 Update Timing | Checksum: 256470ebf

Time (s): cpu = 00:02:16 ; elapsed = 00:01:55 . Memory (MB): peak = 9552.812 ; gain = 0.000
INFO: [Route 35-416] Intermediate Timing Summary | WNS=-0.785 | TNS=-244.928| WHS=-0.313 | THS=-15.599|


Phase 2.5 Update Timing for Bus Skew

Phase 2.5.1 Update Timing
Phase 2.5.1 Update Timing | Checksum: 229ab2d83

Time (s): cpu = 00:02:58 ; elapsed = 00:02:20 . Memory (MB): peak = 9552.812 ; gain = 0.000
INFO: [Route 35-416] Intermediate Timing Summary | WNS=-0.785 | TNS=-210.136| WHS=N/A    | THS=N/A    |

Phase 2.5 Update Timing for Bus Skew | Checksum: 1ce214e1e

Time (s): cpu = 00:02:58 ; elapsed = 00:02:20 . Memory (MB): peak = 9552.812 ; gain = 0.000

Router Utilization Summary
  Global Vertical Routing Utilization    = 0.00124899 %
  Global Horizontal Routing Utilization  = 0.000915378 %
  Routable Net Status*
  *Does not include unroutable nets such as driverless and loadless.
  Run report_route_status for detailed report.
  Number of Failed Nets               = 83973
    (Failed Nets is the sum of unrouted and partially routed nets)
  Number of Unrouted Nets             = 71908
  Number of Partially Routed Nets     = 12065
  Number of Node Overlaps             = 0

Phase 2 Router Initialization | Checksum: 1f36ba497

Time (s): cpu = 00:03:01 ; elapsed = 00:02:22 . Memory (MB): peak = 9552.812 ; gain = 0.000

Phase 3 Initial Routing

Phase 3.1 Global Routing
Phase 3.1 Global Routing | Checksum: 1f36ba497

Time (s): cpu = 00:03:01 ; elapsed = 00:02:22 . Memory (MB): peak = 9552.812 ; gain = 0.000
Phase 3 Initial Routing | Checksum: 2195cf74d

Time (s): cpu = 00:03:26 ; elapsed = 00:02:36 . Memory (MB): peak = 9552.812 ; gain = 0.000

Phase 4 Rip-up And Reroute

Phase 4.1 Global Iteration 0
INFO: [Route 35-443] CLB routing congestion detected. Several CLBs have high routing utilization, which can impact timing closure. Congested CLBs and Nets are dumped in: iter_4_CongestedCLBsAndNets.txt
 Number of Nodes with overlaps = 15998
 Number of Nodes with overlaps = 1717
 Number of Nodes with overlaps = 531
 Number of Nodes with overlaps = 269
 Number of Nodes with overlaps = 152
 Number of Nodes with overlaps = 93
 Number of Nodes with overlaps = 59
 Number of Nodes with overlaps = 46
 Number of Nodes with overlaps = 19
 Number of Nodes with overlaps = 9
INFO: [Route 35-443] CLB routing congestion detected. Several CLBs have high routing utilization, which can impact timing closure. Congested CLBs and Nets are dumped in: iter_54_CongestedCLBsAndNets.txt
 Number of Nodes with overlaps = 41
 Number of Nodes with overlaps = 10
 Number of Nodes with overlaps = 7
 Number of Nodes with overlaps = 5
 Number of Nodes with overlaps = 3
 Number of Nodes with overlaps = 0
INFO: [Route 35-467] Router swapped GT pin u_aurora_b/aurora_64b66b_1_i/inst/aurora_64b66b_1_wrapper_i/aurora_64b66b_1_multi_gt_i/aurora_64b66b_1_gt_i/inst/gen_gtwizard_gthe3_top.aurora_64b66b_1_gt_gtwizard_gthe3_inst/gen_gtwizard_gthe3.gen_channel_container[26].gen_enabled_channel.gthe3_channel_wrapper_inst/channel_inst/gthe3_channel_gen.gen_gthe3_channel_inst[0].GTHE3_CHANNEL_PRIM_INST/GTREFCLK0 to physical pin GTHE3_CHANNEL_X1Y9/MGTREFCLK1
INFO: [Route 35-467] Router swapped GT pin u_aurora/aurora_64b66b_0_i/inst/aurora_64b66b_0_wrapper_i/aurora_64b66b_0_multi_gt_i/aurora_64b66b_0_gt_i/inst/gen_gtwizard_gthe3_top.aurora_64b66b_0_gt_gtwizard_gthe3_inst/gen_gtwizard_gthe3.gen_channel_container[26].gen_enabled_channel.gthe3_channel_wrapper_inst/channel_inst/gthe3_channel_gen.gen_gthe3_channel_inst[0].GTHE3_CHANNEL_PRIM_INST/GTREFCLK0 to physical pin GTHE3_CHANNEL_X1Y11/MGTREFCLK1
INFO: [Route 35-467] Router swapped GT pin u_aurora/ultrascale_gt_common_1/aurora_64b66b_0_gt_gthe3_common_wrapper_i/common_inst/gthe3_common_gen.GTHE3_COMMON_PRIM_INST/GTREFCLK01 to physical pin GTHE3_COMMON_X1Y2/COM2_REFCLKOUT1
INFO: [Route 35-416] Intermediate Timing Summary | WNS=-1.368 | TNS=-1217.155| WHS=-0.111 | THS=-2.043 |

Phase 4.1 Global Iteration 0 | Checksum: 20b8a6762

Time (s): cpu = 00:10:11 ; elapsed = 00:07:20 . Memory (MB): peak = 9552.812 ; gain = 0.000

Phase 4.2 Global Iteration 1
 Number of Nodes with overlaps = 875
 Number of Nodes with overlaps = 246
 Number of Nodes with overlaps = 116
 Number of Nodes with overlaps = 65
 Number of Nodes with overlaps = 33
 Number of Nodes with overlaps = 26
 Number of Nodes with overlaps = 14
 Number of Nodes with overlaps = 8
 Number of Nodes with overlaps = 6
 Number of Nodes with overlaps = 6
 Number of Nodes with overlaps = 4
 Number of Nodes with overlaps = 3
 Number of Nodes with overlaps = 1
 Number of Nodes with overlaps = 0
INFO: [Route 35-416] Intermediate Timing Summary | WNS=-1.317 | TNS=-1216.572| WHS=N/A    | THS=N/A    |

Phase 4.2 Global Iteration 1 | Checksum: 1cc0824c5

Time (s): cpu = 00:12:56 ; elapsed = 00:09:38 . Memory (MB): peak = 9552.812 ; gain = 0.000

Phase 4.3 Global Iteration 2
 Number of Nodes with overlaps = 398
 Number of Nodes with overlaps = 134
 Number of Nodes with overlaps = 59
 Number of Nodes with overlaps = 40
 Number of Nodes with overlaps = 17
 Number of Nodes with overlaps = 7
 Number of Nodes with overlaps = 5
 Number of Nodes with overlaps = 2
 Number of Nodes with overlaps = 1
 Number of Nodes with overlaps = 1
 Number of Nodes with overlaps = 1
 Number of Nodes with overlaps = 1
 Number of Nodes with overlaps = 0
INFO: [Route 35-416] Intermediate Timing Summary | WNS=-1.339 | TNS=-1218.842| WHS=N/A    | THS=N/A    |

Phase 4.3 Global Iteration 2 | Checksum: 16a4b3bfe

Time (s): cpu = 00:14:10 ; elapsed = 00:10:43 . Memory (MB): peak = 9552.812 ; gain = 0.000
Phase 4 Rip-up And Reroute | Checksum: 16a4b3bfe

Time (s): cpu = 00:14:10 ; elapsed = 00:10:44 . Memory (MB): peak = 9552.812 ; gain = 0.000

Phase 5 Delay and Skew Optimization

Phase 5.1 Delay CleanUp

Phase 5.1.1 Update Timing
Phase 5.1.1 Update Timing | Checksum: 15186d002

Time (s): cpu = 00:14:21 ; elapsed = 00:10:50 . Memory (MB): peak = 9552.812 ; gain = 0.000
INFO: [Route 35-416] Intermediate Timing Summary | WNS=-1.317 | TNS=-1216.572| WHS=0.004  | THS=0.000  |

 Number of Nodes with overlaps = 0
Phase 5.1 Delay CleanUp | Checksum: 1debd39e4

Time (s): cpu = 00:14:25 ; elapsed = 00:10:53 . Memory (MB): peak = 9552.812 ; gain = 0.000

Phase 5.2 Clock Skew Optimization
Phase 5.2 Clock Skew Optimization | Checksum: 1debd39e4

Time (s): cpu = 00:14:25 ; elapsed = 00:10:53 . Memory (MB): peak = 9552.812 ; gain = 0.000
Phase 5 Delay and Skew Optimization | Checksum: 1debd39e4

Time (s): cpu = 00:14:25 ; elapsed = 00:10:53 . Memory (MB): peak = 9552.812 ; gain = 0.000

Phase 6 Post Hold Fix

Phase 6.1 Hold Fix Iter

Phase 6.1.1 Update Timing
Phase 6.1.1 Update Timing | Checksum: 1e229147d

Time (s): cpu = 00:14:35 ; elapsed = 00:11:00 . Memory (MB): peak = 9552.812 ; gain = 0.000
INFO: [Route 35-416] Intermediate Timing Summary | WNS=-1.317 | TNS=-1177.493| WHS=0.004  | THS=0.000  |

Phase 6.1 Hold Fix Iter | Checksum: 1c9fae706

Time (s): cpu = 00:14:36 ; elapsed = 00:11:00 . Memory (MB): peak = 9552.812 ; gain = 0.000
Phase 6 Post Hold Fix | Checksum: 1c9fae706

Time (s): cpu = 00:14:36 ; elapsed = 00:11:00 . Memory (MB): peak = 9552.812 ; gain = 0.000

Phase 7 Timing Verification

Phase 7.1 Update Timing
Phase 7.1 Update Timing | Checksum: 1b8d5a2bc

Time (s): cpu = 00:14:52 ; elapsed = 00:11:10 . Memory (MB): peak = 9552.812 ; gain = 0.000
INFO: [Route 35-416] Intermediate Timing Summary | WNS=-1.317 | TNS=-1177.493| WHS=0.004  | THS=0.000  |

Phase 7 Timing Verification | Checksum: 1b8d5a2bc

Time (s): cpu = 00:14:53 ; elapsed = 00:11:10 . Memory (MB): peak = 9552.812 ; gain = 0.000

Phase 8 Route finalize

Router Utilization Summary
  Global Vertical Routing Utilization    = 3.66793 %
  Global Horizontal Routing Utilization  = 3.05385 %
  Routable Net Status*
  *Does not include unroutable nets such as driverless and loadless.
  Run report_route_status for detailed report.
  Number of Failed Nets               = 0
    (Failed Nets is the sum of unrouted and partially routed nets)
  Number of Unrouted Nets             = 0
  Number of Partially Routed Nets     = 0
  Number of Node Overlaps             = 0


--GLOBAL Congestion:
Utilization threshold used for congestion level computation: 0.85
Congestion Report
North Dir 1x1 Area, Max Cong = 88.5593%, Congestion bounded by tiles (Lower Left Tile -> Upper Right Tile):
   INT_X53Y87 -> INT_X53Y87
South Dir 1x1 Area, Max Cong = 77.2152%, No Congested Regions.
East Dir 1x1 Area, Max Cong = 82.6923%, No Congested Regions.
West Dir 1x1 Area, Max Cong = 91.3462%, Congestion bounded by tiles (Lower Left Tile -> Upper Right Tile):
   INT_X59Y80 -> INT_X59Y80
   INT_X59Y74 -> INT_X59Y74

------------------------------
Reporting congestion hotspots
------------------------------
Direction: North
----------------
Congested clusters found at Level 0
Effective congestion level: 0 Aspect Ratio: 1 Sparse Ratio: 1
Direction: South
----------------
Congested clusters found at Level 0
Effective congestion level: 0 Aspect Ratio: 1 Sparse Ratio: 0
Direction: East
----------------
Congested clusters found at Level 0
Effective congestion level: 0 Aspect Ratio: 1 Sparse Ratio: 0
Direction: West
----------------
Congested clusters found at Level 0
Effective congestion level: 0 Aspect Ratio: 1 Sparse Ratio: 1

Phase 8 Route finalize | Checksum: 2b7934c1f

Time (s): cpu = 00:14:57 ; elapsed = 00:11:13 . Memory (MB): peak = 9552.812 ; gain = 0.000

Phase 9 Verifying routed nets

 Verification completed successfully
Phase 9 Verifying routed nets | Checksum: 2b7934c1f

Time (s): cpu = 00:14:57 ; elapsed = 00:11:13 . Memory (MB): peak = 9552.812 ; gain = 0.000

Phase 10 Depositing Routes
Phase 10 Depositing Routes | Checksum: 2b7934c1f

Time (s): cpu = 00:15:02 ; elapsed = 00:11:17 . Memory (MB): peak = 9552.812 ; gain = 0.000

Phase 11 Incr Placement Change
Netlist sorting complete. Time (s): cpu = 00:00:00 ; elapsed = 00:00:00.029 . Memory (MB): peak = 9552.812 ; gain = 0.000
INFO: [Place 30-3162] Check ILP status : ILP-based clock placer completed successfully.
INFO: [Place 30-746] Post Placement Timing Summary WNS=-1.141. For the most accurate timing information please run report_timing.
Netlist sorting complete. Time (s): cpu = 00:00:00 ; elapsed = 00:00:00.017 . Memory (MB): peak = 9552.812 ; gain = 0.000
Ending IncrPlace Task | Checksum: 1613724c8

Time (s): cpu = 00:00:58 ; elapsed = 00:00:50 . Memory (MB): peak = 9552.812 ; gain = 0.000
Phase 11 Incr Placement Change | Checksum: 1613724c8

Time (s): cpu = 00:16:05 ; elapsed = 00:12:10 . Memory (MB): peak = 9552.812 ; gain = 0.000

Phase 12 Build RT Design
Checksum: PlaceDB: 6e3847b2 ConstDB: 0 ShapeSum: f2fedd16 RouteDB: 5814077d
Post Restoration Checksum: NetGraph: d9d87019 | NumContArr: e785070f | Constraints: 190a55ad | Timing: 0
Phase 12 Build RT Design | Checksum: 1da67ccd5

Time (s): cpu = 00:16:30 ; elapsed = 00:12:27 . Memory (MB): peak = 9552.812 ; gain = 0.000

Phase 13 Router Initialization

Phase 13.1 Fix Topology Constraints
Phase 13.1 Fix Topology Constraints | Checksum: 1da67ccd5

Time (s): cpu = 00:16:31 ; elapsed = 00:12:28 . Memory (MB): peak = 9552.812 ; gain = 0.000

Phase 13.2 Pre Route Cleanup
Phase 13.2 Pre Route Cleanup | Checksum: 141931375

Time (s): cpu = 00:16:31 ; elapsed = 00:12:28 . Memory (MB): peak = 9552.812 ; gain = 0.000

Phase 13.3 Global Clock Net Routing
 Number of Nodes with overlaps = 0
Phase 13.3 Global Clock Net Routing | Checksum: 8d3b6ce6

Time (s): cpu = 00:16:35 ; elapsed = 00:12:31 . Memory (MB): peak = 9552.812 ; gain = 0.000

Phase 13.4 Update Timing
Phase 13.4 Update Timing | Checksum: 11976727d

Time (s): cpu = 00:16:59 ; elapsed = 00:12:45 . Memory (MB): peak = 9552.812 ; gain = 0.000
INFO: [Route 35-416] Intermediate Timing Summary | WNS=-1.113 | TNS=-1180.751| WHS=-0.313 | THS=-13.409|


Phase 13.5 Update Timing for Bus Skew

Phase 13.5.1 Update Timing
Phase 13.5.1 Update Timing | Checksum: 1c8cb0cef

Time (s): cpu = 00:17:31 ; elapsed = 00:13:05 . Memory (MB): peak = 9552.812 ; gain = 0.000
INFO: [Route 35-416] Intermediate Timing Summary | WNS=-1.113 | TNS=-1163.678| WHS=N/A    | THS=N/A    |

Phase 13.5 Update Timing for Bus Skew | Checksum: 10e609840

Time (s): cpu = 00:17:31 ; elapsed = 00:13:05 . Memory (MB): peak = 9552.812 ; gain = 0.000

Router Utilization Summary
  Global Vertical Routing Utilization    = 3.63748 %
  Global Horizontal Routing Utilization  = 3.01521 %
  Routable Net Status*
  *Does not include unroutable nets such as driverless and loadless.
  Run report_route_status for detailed report.
  Number of Failed Nets               = 628
    (Failed Nets is the sum of unrouted and partially routed nets)
  Number of Unrouted Nets             = 510
  Number of Partially Routed Nets     = 118
  Number of Node Overlaps             = 0

Phase 13 Router Initialization | Checksum: 1db3a74c0

Time (s): cpu = 00:17:34 ; elapsed = 00:13:07 . Memory (MB): peak = 9552.812 ; gain = 0.000

Phase 14 Initial Routing

Phase 14.1 Global Routing
Phase 14.1 Global Routing | Checksum: 1db3a74c0

Time (s): cpu = 00:17:34 ; elapsed = 00:13:07 . Memory (MB): peak = 9552.812 ; gain = 0.000
Phase 14 Initial Routing | Checksum: 1a8e12b69

Time (s): cpu = 00:17:39 ; elapsed = 00:13:10 . Memory (MB): peak = 9552.812 ; gain = 0.000

Phase 15 Rip-up And Reroute

Phase 15.1 Global Iteration 0
 Number of Nodes with overlaps = 2372
 Number of Nodes with overlaps = 892
 Number of Nodes with overlaps = 375
 Number of Nodes with overlaps = 223
 Number of Nodes with overlaps = 156
 Number of Nodes with overlaps = 87
 Number of Nodes with overlaps = 55
 Number of Nodes with overlaps = 33
 Number of Nodes with overlaps = 20
 Number of Nodes with overlaps = 12
 Number of Nodes with overlaps = 6
INFO: [Route 35-443] CLB routing congestion detected. Several CLBs have high routing utilization, which can impact timing closure. Congested CLBs and Nets are dumped in: iter_56_CongestedCLBsAndNets.txt
 Number of Nodes with overlaps = 9
 Number of Nodes with overlaps = 7
 Number of Nodes with overlaps = 5
 Number of Nodes with overlaps = 3
 Number of Nodes with overlaps = 1
 Number of Nodes with overlaps = 0
INFO: [Route 35-416] Intermediate Timing Summary | WNS=-1.397 | TNS=-1198.581| WHS=0.004  | THS=0.000  |

Phase 15.1 Global Iteration 0 | Checksum: 21af9244c

Time (s): cpu = 00:23:34 ; elapsed = 00:17:27 . Memory (MB): peak = 9552.812 ; gain = 0.000

Phase 15.2 Global Iteration 1
 Number of Nodes with overlaps = 863
 Number of Nodes with overlaps = 266
 Number of Nodes with overlaps = 122
 Number of Nodes with overlaps = 75
 Number of Nodes with overlaps = 49
 Number of Nodes with overlaps = 28
 Number of Nodes with overlaps = 17
 Number of Nodes with overlaps = 14
 Number of Nodes with overlaps = 9
 Number of Nodes with overlaps = 6
 Number of Nodes with overlaps = 3
 Number of Nodes with overlaps = 1
 Number of Nodes with overlaps = 1
 Number of Nodes with overlaps = 0
INFO: [Route 35-416] Intermediate Timing Summary | WNS=-1.319 | TNS=-1200.744| WHS=N/A    | THS=N/A    |

Phase 15.2 Global Iteration 1 | Checksum: 23ee10e6d

Time (s): cpu = 00:26:39 ; elapsed = 00:19:53 . Memory (MB): peak = 9552.812 ; gain = 0.000

Phase 15.3 Global Iteration 2
 Number of Nodes with overlaps = 713
 Number of Nodes with overlaps = 200
 Number of Nodes with overlaps = 89
 Number of Nodes with overlaps = 45
 Number of Nodes with overlaps = 20
 Number of Nodes with overlaps = 16
 Number of Nodes with overlaps = 8
 Number of Nodes with overlaps = 4
 Number of Nodes with overlaps = 4
 Number of Nodes with overlaps = 6
 Number of Nodes with overlaps = 3
 Number of Nodes with overlaps = 3
 Number of Nodes with overlaps = 3
 Number of Nodes with overlaps = 2
 Number of Nodes with overlaps = 2
 Number of Nodes with overlaps = 1
 Number of Nodes with overlaps = 2
 Number of Nodes with overlaps = 2
 Number of Nodes with overlaps = 1
 Number of Nodes with overlaps = 2
 Number of Nodes with overlaps = 2
 Number of Nodes with overlaps = 2
 Number of Nodes with overlaps = 2
 Number of Nodes with overlaps = 1
 Number of Nodes with overlaps = 1
 Number of Nodes with overlaps = 1
 Number of Nodes with overlaps = 0
INFO: [Route 35-416] Intermediate Timing Summary | WNS=-1.283 | TNS=-1195.327| WHS=N/A    | THS=N/A    |

Phase 15.3 Global Iteration 2 | Checksum: 22b9af798

Time (s): cpu = 00:29:46 ; elapsed = 00:22:38 . Memory (MB): peak = 9552.812 ; gain = 0.000

Phase 15.4 Global Iteration 3
 Number of Nodes with overlaps = 460
 Number of Nodes with overlaps = 159
 Number of Nodes with overlaps = 90
 Number of Nodes with overlaps = 64
 Number of Nodes with overlaps = 44
 Number of Nodes with overlaps = 24
 Number of Nodes with overlaps = 16
 Number of Nodes with overlaps = 11
 Number of Nodes with overlaps = 9
 Number of Nodes with overlaps = 2
 Number of Nodes with overlaps = 2
 Number of Nodes with overlaps = 1
 Number of Nodes with overlaps = 2
 Number of Nodes with overlaps = 1
 Number of Nodes with overlaps = 0
INFO: [Route 35-416] Intermediate Timing Summary | WNS=-1.263 | TNS=-1192.524| WHS=N/A    | THS=N/A    |

Phase 15.4 Global Iteration 3 | Checksum: 1f3736082

Time (s): cpu = 00:33:01 ; elapsed = 00:25:18 . Memory (MB): peak = 9552.812 ; gain = 0.000

Phase 15.5 Global Iteration 4
 Number of Nodes with overlaps = 552
 Number of Nodes with overlaps = 176
 Number of Nodes with overlaps = 86
 Number of Nodes with overlaps = 50
 Number of Nodes with overlaps = 27
 Number of Nodes with overlaps = 21
 Number of Nodes with overlaps = 17
 Number of Nodes with overlaps = 6
 Number of Nodes with overlaps = 4
 Number of Nodes with overlaps = 3
 Number of Nodes with overlaps = 3
 Number of Nodes with overlaps = 4
 Number of Nodes with overlaps = 2
 Number of Nodes with overlaps = 1
 Number of Nodes with overlaps = 1
 Number of Nodes with overlaps = 1
 Number of Nodes with overlaps = 1
 Number of Nodes with overlaps = 1
 Number of Nodes with overlaps = 1
 Number of Nodes with overlaps = 0
INFO: [Route 35-416] Intermediate Timing Summary | WNS=-1.353 | TNS=-1189.510| WHS=N/A    | THS=N/A    |

Phase 15.5 Global Iteration 4 | Checksum: 11c758f0b

Time (s): cpu = 00:36:17 ; elapsed = 00:28:04 . Memory (MB): peak = 9552.812 ; gain = 0.000
Phase 15 Rip-up And Reroute | Checksum: 11c758f0b

Time (s): cpu = 00:36:17 ; elapsed = 00:28:04 . Memory (MB): peak = 9552.812 ; gain = 0.000

Phase 16 Delay and Skew Optimization

Phase 16.1 Delay CleanUp

Phase 16.1.1 Update Timing
Phase 16.1.1 Update Timing | Checksum: 1939198f4

Time (s): cpu = 00:36:28 ; elapsed = 00:28:10 . Memory (MB): peak = 9552.812 ; gain = 0.000
INFO: [Route 35-416] Intermediate Timing Summary | WNS=-1.263 | TNS=-1192.524| WHS=0.004  | THS=0.000  |

 Number of Nodes with overlaps = 0
Phase 16.1 Delay CleanUp | Checksum: 130fca312

Time (s): cpu = 00:36:30 ; elapsed = 00:28:12 . Memory (MB): peak = 9552.812 ; gain = 0.000

Phase 16.2 Clock Skew Optimization
Phase 16.2 Clock Skew Optimization | Checksum: 130fca312

Time (s): cpu = 00:36:31 ; elapsed = 00:28:12 . Memory (MB): peak = 9552.812 ; gain = 0.000
Phase 16 Delay and Skew Optimization | Checksum: 130fca312

Time (s): cpu = 00:36:31 ; elapsed = 00:28:12 . Memory (MB): peak = 9552.812 ; gain = 0.000

Phase 17 Post Hold Fix

Phase 17.1 Hold Fix Iter

Phase 17.1.1 Update Timing
Phase 17.1.1 Update Timing | Checksum: 161cb71e6

Time (s): cpu = 00:36:41 ; elapsed = 00:28:18 . Memory (MB): peak = 9552.812 ; gain = 0.000
INFO: [Route 35-416] Intermediate Timing Summary | WNS=-1.263 | TNS=-1189.527| WHS=0.004  | THS=0.000  |

Phase 17.1 Hold Fix Iter | Checksum: 18e4bc3eb

Time (s): cpu = 00:36:41 ; elapsed = 00:28:18 . Memory (MB): peak = 9552.812 ; gain = 0.000
Phase 17 Post Hold Fix | Checksum: 18e4bc3eb

Time (s): cpu = 00:36:41 ; elapsed = 00:28:19 . Memory (MB): peak = 9552.812 ; gain = 0.000

Phase 18 Timing Verification

Phase 18.1 Update Timing
Phase 18.1 Update Timing | Checksum: f39b16ec

Time (s): cpu = 00:36:57 ; elapsed = 00:28:28 . Memory (MB): peak = 9552.812 ; gain = 0.000
INFO: [Route 35-416] Intermediate Timing Summary | WNS=-1.263 | TNS=-1189.527| WHS=0.004  | THS=0.000  |

Phase 18 Timing Verification | Checksum: f39b16ec

Time (s): cpu = 00:36:57 ; elapsed = 00:28:28 . Memory (MB): peak = 9552.812 ; gain = 0.000

Phase 19 Route finalize

Router Utilization Summary
  Global Vertical Routing Utilization    = 3.69314 %
  Global Horizontal Routing Utilization  = 3.08722 %
  Routable Net Status*
  *Does not include unroutable nets such as driverless and loadless.
  Run report_route_status for detailed report.
  Number of Failed Nets               = 0
    (Failed Nets is the sum of unrouted and partially routed nets)
  Number of Unrouted Nets             = 0
  Number of Partially Routed Nets     = 0
  Number of Node Overlaps             = 0


--GLOBAL Congestion:
Utilization threshold used for congestion level computation: 0.85
Congestion Report
North Dir 1x1 Area, Max Cong = 85.5932%, Congestion bounded by tiles (Lower Left Tile -> Upper Right Tile):
   INT_X53Y88 -> INT_X53Y88
South Dir 1x1 Area, Max Cong = 86.4979%, Congestion bounded by tiles (Lower Left Tile -> Upper Right Tile):
   INT_X53Y59 -> INT_X53Y59
East Dir 1x1 Area, Max Cong = 77.8846%, No Congested Regions.
West Dir 1x1 Area, Max Cong = 82.6923%, No Congested Regions.

------------------------------
Reporting congestion hotspots
------------------------------
Direction: North
----------------
Congested clusters found at Level 0
Effective congestion level: 0 Aspect Ratio: 1 Sparse Ratio: 1
Direction: South
----------------
Congested clusters found at Level 0
Effective congestion level: 0 Aspect Ratio: 1 Sparse Ratio: 1
Direction: East
----------------
Congested clusters found at Level 0
Effective congestion level: 0 Aspect Ratio: 1 Sparse Ratio: 0
Direction: West
----------------
Congested clusters found at Level 0
Effective congestion level: 0 Aspect Ratio: 1 Sparse Ratio: 0

Phase 19 Route finalize | Checksum: 1bfb49d35

Time (s): cpu = 00:37:00 ; elapsed = 00:28:30 . Memory (MB): peak = 9552.812 ; gain = 0.000

Phase 20 Verifying routed nets

 Verification completed successfully
Phase 20 Verifying routed nets | Checksum: 1bfb49d35

Time (s): cpu = 00:37:01 ; elapsed = 00:28:31 . Memory (MB): peak = 9552.812 ; gain = 0.000

Phase 21 Depositing Routes
Phase 21 Depositing Routes | Checksum: 1bfb49d35

Time (s): cpu = 00:37:04 ; elapsed = 00:28:34 . Memory (MB): peak = 9552.812 ; gain = 0.000

Phase 22 Post Router Timing
INFO: [Route 35-20] Post Routing Timing Summary | WNS=-1.262 | TNS=-1077.889| WHS=0.004  | THS=0.000  |

Phase 22 Post Router Timing | Checksum: 1dcbf235e

Time (s): cpu = 00:37:38 ; elapsed = 00:28:56 . Memory (MB): peak = 9552.812 ; gain = 0.000
CRITICAL WARNING: [Route 35-39] The design did not meet timing requirements. Please run report_timing_summary for detailed reports.
Resolution: Verify that the timing was met or had small violations at all previous steps (synthesis, placement, power_opt, and phys_opt). Run report_timing_summary and analyze individual timing paths.
INFO: [Route 35-253] TNS is the sum of the worst slack violation on every endpoint in the design. Review the paths with the biggest WNS violations in the timing reports and modify your constraints or your design to improve both WNS and TNS.
INFO: [Route 35-16] Router Completed Successfully

Phase 23 Post-Route Event Processing
Phase 23 Post-Route Event Processing | Checksum: f7d29fdd

Time (s): cpu = 00:37:39 ; elapsed = 00:28:57 . Memory (MB): peak = 9552.812 ; gain = 0.000

Time (s): cpu = 00:37:39 ; elapsed = 00:28:57 . Memory (MB): peak = 9552.812 ; gain = 0.000

Routing Is Done.
INFO: [Common 17-83] Releasing license: Implementation
1709 Infos, 98 Warnings, 1 Critical Warnings and 0 Errors encountered.
route_design completed successfully
route_design: Time (s): cpu = 00:37:48 ; elapsed = 00:29:04 . Memory (MB): peak = 9552.812 ; gain = 0.000
Command: phys_opt_design -directive AggressiveExplore
Attempting to get a license for feature 'Implementation' and/or device 'xcku060'
INFO: [Common 17-349] Got license for feature 'Implementation' and/or device 'xcku060'
INFO: [Vivado_Tcl 4-241] Physical synthesis in post route mode 
INFO: [Vivado_Tcl 4-137] Directive used for phys_opt_design is: AggressiveExplore

Starting Initial Update Timing Task

Time (s): cpu = 00:00:06 ; elapsed = 00:00:04 . Memory (MB): peak = 9552.812 ; gain = 0.000
INFO: [Vivado_Tcl 4-1435] PhysOpt_Tcl_Interface Runtime Before Starting Physical Synthesis Task | CPU: 8.00s |  WALL: 5.71s
INFO: [DRC 23-27] Running DRC with 2 threads
INFO: [Vivado_Tcl 4-198] DRC finished with 0 Errors
INFO: [Vivado_Tcl 4-199] Please refer to the DRC report (report_drc) for more information.
Netlist sorting complete. Time (s): cpu = 00:00:00 ; elapsed = 00:00:00.017 . Memory (MB): peak = 9552.812 ; gain = 0.000

Starting Physical Synthesis Task

Phase 1 Physical Synthesis Initialization
INFO: [Physopt 32-721] Multithreading enabled for phys_opt_design using a maximum of 2 CPUs
INFO: [Place 30-3164] Check ILP status : ILP-based clock placer is skipped.
INFO: [Physopt 32-668] Current Timing Summary | WNS=-1.262 | TNS=-1077.889 | WHS=0.004 | THS=0.000 |
Phase 1 Physical Synthesis Initialization | Checksum: 21a699732

Time (s): cpu = 00:00:07 ; elapsed = 00:00:06 . Memory (MB): peak = 9552.812 ; gain = 0.000
WARNING: [Physopt 32-745] Physical Optimization has determined that the magnitude of the negative slack is too large and it is highly unlikely that slack will be improved. Post-Route Physical Optimization is most effective when WNS is above -0.5ns

Phase 2 Critical Path Optimization
INFO: [Physopt 32-668] Current Timing Summary | WNS=-1.262 | TNS=-1077.889 | WHS=0.004 | THS=0.000 |
Netlist sorting complete. Time (s): cpu = 00:00:00 ; elapsed = 00:00:00.051 . Memory (MB): peak = 9552.812 ; gain = 0.000
INFO: [Physopt 32-703] Processed net u_mem/u_bridge/r_beats[7]. Clock skew was adjusted for instance u_mem/u_bridge/r_beats_reg[7].
INFO: [Physopt 32-952] Improved path group WNS = -1.260. Path group: mmcm_clkout0. Processed net: u_mem/u_bridge/r_beats[7].
INFO: [Physopt 32-952] Improved path group WNS = -1.196. Path group: mmcm_clkout0. Processed net: u_mem/u_bridge/r_beats[7].
Netlist sorting complete. Time (s): cpu = 00:00:00 ; elapsed = 00:00:00.092 . Memory (MB): peak = 9552.812 ; gain = 0.000
INFO: [Physopt 32-703] Processed net u_mem/u_bridge/r_len[13]. Clock skew was adjusted for instance u_mem/u_bridge/r_len_reg[13].
INFO: [Physopt 32-952] Improved path group WNS = -1.168. Path group: mmcm_clkout0. Processed net: u_mem/u_bridge/r_len[13].
Netlist sorting complete. Time (s): cpu = 00:00:00 ; elapsed = 00:00:00.060 . Memory (MB): peak = 9552.812 ; gain = 0.000
INFO: [Physopt 32-703] Processed net u_mem/u_bridge/r_beats[5]. Clock skew was adjusted for instance u_mem/u_bridge/r_beats_reg[5].
INFO: [Physopt 32-952] Improved path group WNS = -1.153. Path group: mmcm_clkout0. Processed net: u_mem/u_bridge/r_beats[5].
Netlist sorting complete. Time (s): cpu = 00:00:00 ; elapsed = 00:00:00.058 . Memory (MB): peak = 9552.812 ; gain = 0.000
INFO: [Physopt 32-953] Path group WNS did not improve. Path group: mmcm_clkout0. Processed net: u_mem/u_bridge/r_len[15].
INFO: [Physopt 32-952] Improved path group WNS = -1.147. Path group: mmcm_clkout0. Processed net: u_mem/u_rd_cmd/rd_bin[0]_repN.
INFO: [Physopt 32-953] Path group WNS did not improve. Path group: mmcm_clkout0. Processed net: u_mem/u_rd_cmd/rd_bin[0]_repN.
INFO: [Physopt 32-953] Path group WNS did not improve. Path group: mmcm_clkout0. Processed net: u_mem/u_bridge/rd_target_ok.
INFO: [Physopt 32-953] Path group WNS did not improve. Path group: mmcm_clkout0. Processed net: u_mem/u_bridge/stat_ill_rd[15]_i_7_n_0.
INFO: [Physopt 32-953] Path group WNS did not improve. Path group: mmcm_clkout0. Processed net: u_mem/u_bridge/stat_ill_rd_reg[15]_i_15_n_0.
INFO: [Physopt 32-953] Path group WNS did not improve. Path group: mmcm_clkout0. Processed net: u_mem/u_bridge/stat_ill_rd_reg[15]_i_34_n_0.
INFO: [Physopt 32-953] Path group WNS did not improve. Path group: mmcm_clkout0. Processed net: u_mem/u_bridge/stat_ill_rd[15]_i_73_n_0.
INFO: [Physopt 32-952] Improved path group WNS = -1.121. Path group: mmcm_clkout0. Processed net: u_mem/u_bridge/r_slot[1]_i_1_n_0.
INFO: [Physopt 32-953] Path group WNS did not improve. Path group: mmcm_clkout0. Processed net: u_mem/u_bridge/r_slot[1]_i_1_n_0.
INFO: [Physopt 32-952] Improved path group WNS = -1.121. Path group: mmcm_clkout0. Processed net: u_mem/u_bridge/in_range0.
INFO: [Physopt 32-953] Path group WNS did not improve. Path group: mmcm_clkout0. Processed net: u_mem/u_bridge/in_range0.
INFO: [Physopt 32-953] Path group WNS did not improve. Path group: mmcm_clkout0. Processed net: u_mem/u_bridge/r_slot[1]_i_7_n_0.
INFO: [Physopt 32-953] Path group WNS did not improve. Path group: mmcm_clkout0. Processed net: u_mem/u_bridge/r_slot.
INFO: [Physopt 32-953] Path group WNS did not improve. Path group: mmcm_clkout0. Processed net: u_mem/u_rd_cmd/ram_reg_0_3_0_8/DOB0.
Netlist sorting complete. Time (s): cpu = 00:00:00 ; elapsed = 00:00:00.069 . Memory (MB): peak = 9552.812 ; gain = 0.000
INFO: [Physopt 32-703] Processed net u_mem/u_bridge/len_tab_reg[197]_197[3]. Clock skew was adjusted for instance u_mem/u_bridge/len_tab_reg[197][3].
INFO: [Physopt 32-735] Processed net u_mem/u_bridge/len_tab_reg[197]_197[3]. Optimization improves timing on the net.
INFO: [Physopt 32-668] Current Timing Summary | WNS=-1.121 | TNS=-1074.275 | WHS=0.004 | THS=0.000 |
Netlist sorting complete. Time (s): cpu = 00:00:00 ; elapsed = 00:00:00.060 . Memory (MB): peak = 9552.812 ; gain = 0.000
INFO: [Physopt 32-953] Path group WNS did not improve. Path group: mmcm_clkout0. Processed net: u_mem/u_bridge/r_len[15].
INFO: [Physopt 32-953] Path group WNS did not improve. Path group: mmcm_clkout0. Processed net: u_mem/u_rd_cmd/rd_bin[0]_repN.
INFO: [Physopt 32-953] Path group WNS did not improve. Path group: mmcm_clkout0. Processed net: u_mem/u_bridge/rd_target_ok.
INFO: [Physopt 32-953] Path group WNS did not improve. Path group: mmcm_clkout0. Processed net: u_mem/u_bridge/stat_ill_rd[15]_i_7_n_0.
INFO: [Physopt 32-953] Path group WNS did not improve. Path group: mmcm_clkout0. Processed net: u_mem/u_bridge/stat_ill_rd_reg[15]_i_15_n_0.
INFO: [Physopt 32-953] Path group WNS did not improve. Path group: mmcm_clkout0. Processed net: u_mem/u_bridge/stat_ill_rd_reg[15]_i_34_n_0.
INFO: [Physopt 32-953] Path group WNS did not improve. Path group: mmcm_clkout0. Processed net: u_mem/u_bridge/stat_ill_rd[15]_i_73_n_0.
INFO: [Physopt 32-953] Path group WNS did not improve. Path group: mmcm_clkout0. Processed net: u_mem/u_bridge/r_slot[1]_i_1_n_0.
INFO: [Physopt 32-953] Path group WNS did not improve. Path group: mmcm_clkout0. Processed net: u_mem/u_bridge/in_range0.
INFO: [Physopt 32-953] Path group WNS did not improve. Path group: mmcm_clkout0. Processed net: u_mem/u_bridge/r_slot[1]_i_7_n_0.
INFO: [Physopt 32-953] Path group WNS did not improve. Path group: mmcm_clkout0. Processed net: u_mem/u_bridge/r_slot.
INFO: [Physopt 32-953] Path group WNS did not improve. Path group: mmcm_clkout0. Processed net: u_mem/u_rd_cmd/ram_reg_0_3_0_8/DOB0.
INFO: [Physopt 32-668] Current Timing Summary | WNS=-1.121 | TNS=-1074.275 | WHS=0.004 | THS=0.000 |
Phase 2 Critical Path Optimization | Checksum: 21a699732

Time (s): cpu = 00:05:14 ; elapsed = 00:04:24 . Memory (MB): peak = 9552.812 ; gain = 0.000

Phase 3 Hold Fix Optimization
INFO: [Physopt 32-668] Current Timing Summary | WNS=-1.121 | TNS=-1074.275 | WHS=0.004 | THS=0.000 |
INFO: [Physopt 32-66] No high hold slack nets found for hold slack optimization.
INFO: [Physopt 32-668] Current Timing Summary | WNS=-1.121 | TNS=-1074.275 | WHS=0.004 | THS=0.000 |
Phase 3 Hold Fix Optimization | Checksum: 21a699732

Time (s): cpu = 00:05:16 ; elapsed = 00:04:25 . Memory (MB): peak = 9552.812 ; gain = 0.000
INFO: [Physopt 32-715] Performed route finalization on the design.
Netlist sorting complete. Time (s): cpu = 00:00:00 ; elapsed = 00:00:00.022 . Memory (MB): peak = 9552.812 ; gain = 0.000
INFO: [Physopt 32-669] Post Physical Optimization Timing Summary | WNS=-1.121 | TNS=-1074.275 | WHS=0.004 | THS=0.000 |

Summary of Physical Synthesis Optimizations
============================================


-------------------------------------------------------------------------------------------------------------------------------------------------------------
|  Optimization   |  WNS Gain (ns)  |  TNS Gain (ns)  |  Added Cells  |  Removed Cells  |  Optimized Cells/Nets  |  Dont Touch  |  Iterations  |  Elapsed   |
-------------------------------------------------------------------------------------------------------------------------------------------------------------
|  Critical Path  |          0.141  |          3.614  |            0  |              0  |                     8  |           0  |           1  |  00:04:17  |
-------------------------------------------------------------------------------------------------------------------------------------------------------------


Summary of Hold Fix Optimizations
=================================


--------------------------------------------------------------------------------------------------------------------------------------------------------------
|  Optimization               |  WHS Gain (ns)  |  THS Gain (ns)  |  Added LUTs  |  Added FFs  |  Optimized Nets  |  Dont Touch  |  Iterations  |  Elapsed   |
--------------------------------------------------------------------------------------------------------------------------------------------------------------
|  LUT1 and ZHOLD Insertion   |          0.000  |          0.000  |           0  |          0  |               0  |           0  |           0  |  00:00:00  |
|  Total                      |          0.000  |          0.000  |           0  |          0  |               0  |           0  |           0  |  00:00:00  |
--------------------------------------------------------------------------------------------------------------------------------------------------------------


Netlist sorting complete. Time (s): cpu = 00:00:00 ; elapsed = 00:00:00.019 . Memory (MB): peak = 9552.812 ; gain = 0.000
Ending Physical Synthesis Task | Checksum: 273c3107a

Time (s): cpu = 00:05:23 ; elapsed = 00:04:32 . Memory (MB): peak = 9552.812 ; gain = 0.000
INFO: [Common 17-83] Releasing license: Implementation
1764 Infos, 99 Warnings, 1 Critical Warnings and 0 Errors encountered.
phys_opt_design completed successfully
phys_opt_design: Time (s): cpu = 00:05:33 ; elapsed = 00:04:40 . Memory (MB): peak = 9552.812 ; gain = 0.000
INFO: [Timing 38-91] UpdateTimingParams: Speed grade: -2, Temperature grade: I, Delay Type: min_max.
INFO: [Timing 38-191] Multithreading enabled for timing update using a maximum of 2 CPUs
WARNING: [Timing 38-436] There are set_bus_skew constraint(s) in this design. Please run report_bus_skew to ensure that bus skew requirements are met.
WARNING: [Timing 38-453] Line(s) in the report have been truncated to keep line length below 5000 characters.
report_timing_summary: Time (s): cpu = 00:00:12 ; elapsed = 00:00:07 . Memory (MB): peak = 9552.812 ; gain = 0.000
INFO: [Timing 38-91] UpdateTimingParams: Speed grade: -2, Temperature grade: I, Delay Type: max.
INFO: [Timing 38-191] Multithreading enabled for timing update using a maximum of 2 CPUs
INFO: [Timing 38-78] ReportTimingParams: -max_paths 25 -nworst 1 -delay_type max -sort_by slack.
TIMING: -1.121
WNS_W5: -1.121
WHS_W5: 0.004
W5_BUILD_TIMING_FAIL: wns=-1.121 whs=0.004 (Êú?ÂÜô‰ΩçÊµ?)
INFO: [Common 17-206] Exiting Vivado at Wed Oct  7 21:36:08 2026...
