#-----------------------------------------------------------
# Vivado v2023.1 (64-bit)
# SW Build 3865809 on Sun May  7 15:05:29 MDT 2023
# IP Build 3864474 on Sun May  7 20:36:21 MDT 2023
# SharedData Build 3865790 on Sun May 07 13:33:03 MDT 2023
# Start of session at: Wed Oct  7 21:57:48 2026
# Process ID: 35580
# Current directory: D:/FPGA/prj/project_10/prj_loop
# Command line: vivado.exe -mode batch -source scripts\build_debug.tcl -notrace -log build_w5_fix.log -journal build_w5_fix.jou
# Log file: D:/FPGA/prj/project_10/prj_loop/build_w5_fix.log
# Journal file: D:/FPGA/prj/project_10/prj_loop\build_w5_fix.jou
# Running On: Xuegulin, OS: Windows, CPU Frequency: 2419 MHz, CPU Physical cores: 16, Host memory: 16890 MB
#-----------------------------------------------------------
source {scripts\build_debug.tcl} -notrace
Scanning sources...
Finished scanning sources
INFO: [IP_Flow 19-234] Refreshing IP repositories
INFO: [IP_Flow 19-1704] No user IP repositories specified
INFO: [IP_Flow 19-2313] Loaded Vivado IP repository 'D:/Xilinx/Vivado/2023.1/data/ip'.
WARNING: [filemgmt 56-443] The ECC Algorithm string is empty. Setting the Memory Map to default ECC value to ECC_NONE.
WARNING: [filemgmt 56-443] The ECC Algorithm string is empty. Setting the Memory Map to default ECC value to ECC_NONE.
open_project: Time (s): cpu = 00:00:08 ; elapsed = 00:00:08 . Memory (MB): peak = 1542.254 ; gain = 233.895
WARNING: [filemgmt 56-443] The ECC Algorithm string is empty. Setting the Memory Map to default ECC value to ECC_NONE.
WARNING: [filemgmt 56-443] The ECC Algorithm string is empty. Setting the Memory Map to default ECC value to ECC_NONE.
INFO: [IP_Flow 19-1686] Generating 'Instantiation Template' target for IP 'ddr4_0'...
INFO: [IP_Flow 19-1686] Generating 'Synthesis' target for IP 'ddr4_0'...
INFO: [Device 21-403] Loading part xcku060-ffva1156-2-i
INFO: [IP_Flow 19-1686] Generating 'Simulation' target for IP 'ddr4_0'...
INFO: [IP_Flow 19-1686] Generating 'Implementation' target for IP 'ddr4_0'...
INFO: [IP_Flow 19-1686] Generating 'Change Log' target for IP 'ddr4_0'...
WARNING: [filemgmt 56-443] The ECC Algorithm string is empty. Setting the Memory Map to default ECC value to ECC_NONE.
WARNING: [filemgmt 56-443] The ECC Algorithm string is empty. Setting the Memory Map to default ECC value to ECC_NONE.
WARNING: [filemgmt 56-443] The ECC Algorithm string is empty. Setting the Memory Map to default ECC value to ECC_NONE.
WARNING: [filemgmt 56-443] The ECC Algorithm string is empty. Setting the Memory Map to default ECC value to ECC_NONE.
Exporting to file d:/FPGA/prj/project_10/prj_loop/vivado/prj_loop.gen/sources_1/ip/ddr4_0/bd_0/hw_handoff/ddr4_0_microblaze_mcs.hwh
Generated Hardware Definition File d:/FPGA/prj/project_10/prj_loop/vivado/prj_loop.gen/sources_1/ip/ddr4_0/bd_0/synth/ddr4_0_microblaze_mcs.hwdef
generate_target: Time (s): cpu = 00:00:10 ; elapsed = 00:00:13 . Memory (MB): peak = 2380.457 ; gain = 838.203
INFO: [Project 1-1161] Replacing file D:/FPGA/prj/project_10/prj_loop/vivado/prj_loop.srcs/utils_1/imports/synth_1/aurora_mem_bridge.dcp with file D:/FPGA/prj/project_10/prj_loop/vivado/prj_loop.runs/synth_1/aurora_mem_bridge.dcp
[Wed Oct  7 21:58:16 2026] Launched ddr4_0_synth_1...
Run output will be captured here: D:/FPGA/prj/project_10/prj_loop/vivado/prj_loop.runs/ddr4_0_synth_1/runme.log
[Wed Oct  7 21:58:16 2026] Launched synth_1...
Run output will be captured here: D:/FPGA/prj/project_10/prj_loop/vivado/prj_loop.runs/synth_1/runme.log
[Wed Oct  7 21:58:16 2026] Waiting for synth_1 to finish...

*** Running vivado
    with args -log aurora_mem_bridge.vds -m64 -product Vivado -mode batch -messageDb vivado.pb -notrace -source aurora_mem_bridge.tcl



****** Vivado v2023.1 (64-bit)
  **** SW Build 3865809 on Sun May  7 15:05:29 MDT 2023
  **** IP Build 3864474 on Sun May  7 20:36:21 MDT 2023
  **** SharedData Build 3865790 on Sun May 07 13:33:03 MDT 2023
    ** Copyright 1986-2022 Xilinx, Inc. All Rights Reserved.
    ** Copyright 2022-2023 Advanced Micro Devices, Inc. All Rights Reserved.

source aurora_mem_bridge.tcl -notrace
Command: read_checkpoint -auto_incremental -incremental D:/FPGA/prj/project_10/prj_loop/vivado/prj_loop.srcs/utils_1/imports/synth_1/aurora_mem_bridge.dcp
INFO: [Vivado 12-5825] Read reference checkpoint from D:/FPGA/prj/project_10/prj_loop/vivado/prj_loop.srcs/utils_1/imports/synth_1/aurora_mem_bridge.dcp for incremental synthesis
INFO: [Vivado 12-7989] Please ensure there are no constraint changes
Command: synth_design -top aurora_mem_bridge -part xcku060-ffva1156-2-i
Starting synth_design
Attempting to get a license for feature 'Synthesis' and/or device 'xcku060'
INFO: [Common 17-349] Got license for feature 'Synthesis' and/or device 'xcku060'
INFO: [Device 21-403] Loading part xcku060-ffva1156-2-i
INFO: [Synth 8-7079] Multithreading enabled for synth_design using a maximum of 2 processes.
INFO: [Synth 8-7078] Launching helper process for spawning children vivado processes
INFO: [Synth 8-7075] Helper process launched with PID 3652
INFO: [Synth 8-11241] undeclared symbol 'power_down_i', assumed default net type 'wire' [D:/FPGA/prj/project_9/shared_logic/aurora_64b66b_0_support_ext.v:231]
INFO: [Synth 8-11241] undeclared symbol 'gt_to_common_qpllreset_i', assumed default net type 'wire' [D:/FPGA/prj/project_9/shared_logic/aurora_64b66b_0_support_ext.v:276]
INFO: [Synth 8-11241] undeclared symbol 'tx_lock', assumed default net type 'wire' [D:/FPGA/prj/project_9/shared_logic/aurora_64b66b_0_support_ext.v:370]
---------------------------------------------------------------------------------
Starting RTL Elaboration : Time (s): cpu = 00:00:04 ; elapsed = 00:00:04 . Memory (MB): peak = 2702.188 ; gain = 406.750
---------------------------------------------------------------------------------
INFO: [Synth 8-6157] synthesizing module 'aurora_mem_bridge' [D:/FPGA/prj/project_10/rtl/aurora_mem_bridge.v:43]
INFO: [Synth 8-6157] synthesizing module 'IBUFDS' [D:/Xilinx/Vivado/2023.1/scripts/rt/data/unisim_comp.v:71783]
INFO: [Synth 8-6155] done synthesizing module 'IBUFDS' (0#1) [D:/Xilinx/Vivado/2023.1/scripts/rt/data/unisim_comp.v:71783]
INFO: [Synth 8-6157] synthesizing module 'BUFG' [D:/Xilinx/Vivado/2023.1/scripts/rt/data/unisim_comp.v:1519]
INFO: [Synth 8-6155] done synthesizing module 'BUFG' (0#1) [D:/Xilinx/Vivado/2023.1/scripts/rt/data/unisim_comp.v:1519]
INFO: [Synth 8-6157] synthesizing module 'aurora_64b66b_0_support_ext' [D:/FPGA/prj/project_9/shared_logic/aurora_64b66b_0_support_ext.v:67]
INFO: [Synth 8-6157] synthesizing module 'aurora_64b66b_0_gt_common_wrapper' [D:/FPGA/prj/project_9/shared_logic/aurora_64b66b_0_gt_common_wrapper.v:6]
INFO: [Synth 8-6157] synthesizing module 'aurora_64b66b_0_gt_gthe3_common_wrapper' [D:/FPGA/prj/project_9/shared_logic/aurora_64b66b_0_gt_gthe3_common_wrapper.v:4]
INFO: [Synth 8-6157] synthesizing module 'gtwizard_ultrascale_v1_7_16_gthe3_common' [D:/FPGA/prj/project_9/shared_logic/gtwizard_ultrascale_v1_7_gthe3_common.v:55]
	Parameter GTHE3_COMMON_BIAS_CFG0 bound to: 16'b0000000000000000 
	Parameter GTHE3_COMMON_BIAS_CFG1 bound to: 16'b0000000000000000 
	Parameter GTHE3_COMMON_BIAS_CFG2 bound to: 16'b0000000000000000 
	Parameter GTHE3_COMMON_BIAS_CFG3 bound to: 16'b0000000001000000 
	Parameter GTHE3_COMMON_BIAS_CFG4 bound to: 16'b0000000000000000 
	Parameter GTHE3_COMMON_BIAS_CFG_RSVD bound to: 10'b0000000000 
	Parameter GTHE3_COMMON_COMMON_CFG0 bound to: 16'b0000000000000000 
	Parameter GTHE3_COMMON_COMMON_CFG1 bound to: 16'b0000000000000000 
	Parameter GTHE3_COMMON_POR_CFG bound to: 16'b0000000000000100 
	Parameter GTHE3_COMMON_QPLL0_CFG0 bound to: 16'b0011001000011100 
	Parameter GTHE3_COMMON_QPLL0_CFG1 bound to: 16'b0001000000011000 
	Parameter GTHE3_COMMON_QPLL0_CFG1_G3 bound to: 16'b0001000000011000 
	Parameter GTHE3_COMMON_QPLL0_CFG2 bound to: 16'b0000000001001000 
	Parameter GTHE3_COMMON_QPLL0_CFG2_G3 bound to: 16'b0000000001001000 
	Parameter GTHE3_COMMON_QPLL0_CFG3 bound to: 16'b0000000100100000 
	Parameter GTHE3_COMMON_QPLL0_CFG4 bound to: 16'b0000000000001001 
	Parameter GTHE3_COMMON_QPLL0_CP bound to: 10'b0000011111 
	Parameter GTHE3_COMMON_QPLL0_CP_G3 bound to: 10'b1111111111 
	Parameter GTHE3_COMMON_QPLL0_FBDIV bound to: 66 - type: integer 
	Parameter GTHE3_COMMON_QPLL0_FBDIV_G3 bound to: 80 - type: integer 
	Parameter GTHE3_COMMON_QPLL0_INIT_CFG0 bound to: 16'b0000001010110010 
	Parameter GTHE3_COMMON_QPLL0_INIT_CFG1 bound to: 8'b00000000 
	Parameter GTHE3_COMMON_QPLL0_LOCK_CFG bound to: 16'b0010000111101000 
	Parameter GTHE3_COMMON_QPLL0_LOCK_CFG_G3 bound to: 16'b0010000111101000 
	Parameter GTHE3_COMMON_QPLL0_LPF bound to: 10'b1111111100 
	Parameter GTHE3_COMMON_QPLL0_LPF_G3 bound to: 10'b0000010101 
	Parameter GTHE3_COMMON_QPLL0_REFCLK_DIV bound to: 1 - type: integer 
	Parameter GTHE3_COMMON_QPLL0_SDM_CFG0 bound to: 16'b0000000000000000 
	Parameter GTHE3_COMMON_QPLL0_SDM_CFG1 bound to: 16'b0000000000000000 
	Parameter GTHE3_COMMON_QPLL0_SDM_CFG2 bound to: 16'b0000000000000000 
	Parameter GTHE3_COMMON_QPLL1_CFG0 bound to: 16'b0011001000011100 
	Parameter GTHE3_COMMON_QPLL1_CFG1 bound to: 16'b0001000000011000 
	Parameter GTHE3_COMMON_QPLL1_CFG1_G3 bound to: 16'b0001000000011000 
	Parameter GTHE3_COMMON_QPLL1_CFG2 bound to: 16'b0000000001000000 
	Parameter GTHE3_COMMON_QPLL1_CFG2_G3 bound to: 16'b0000000001000000 
	Parameter GTHE3_COMMON_QPLL1_CFG3 bound to: 16'b0000000100100000 
	Parameter GTHE3_COMMON_QPLL1_CFG4 bound to: 16'b0000000000001001 
	Parameter GTHE3_COMMON_QPLL1_CP bound to: 10'b0001111111 
	Parameter GTHE3_COMMON_QPLL1_CP_G3 bound to: 10'b1111111111 
	Parameter GTHE3_COMMON_QPLL1_FBDIV bound to: 64 - type: integer 
	Parameter GTHE3_COMMON_QPLL1_FBDIV_G3 bound to: 80 - type: integer 
	Parameter GTHE3_COMMON_QPLL1_INIT_CFG0 bound to: 16'b0000001010110010 
	Parameter GTHE3_COMMON_QPLL1_INIT_CFG1 bound to: 8'b00000000 
	Parameter GTHE3_COMMON_QPLL1_LOCK_CFG bound to: 16'b0010000111101000 
	Parameter GTHE3_COMMON_QPLL1_LOCK_CFG_G3 bound to: 16'b0010000111101000 
	Parameter GTHE3_COMMON_QPLL1_LPF bound to: 10'b1111111100 
	Parameter GTHE3_COMMON_QPLL1_LPF_G3 bound to: 10'b0000010101 
	Parameter GTHE3_COMMON_QPLL1_REFCLK_DIV bound to: 1 - type: integer 
	Parameter GTHE3_COMMON_QPLL1_SDM_CFG0 bound to: 16'b0000000000000000 
	Parameter GTHE3_COMMON_QPLL1_SDM_CFG1 bound to: 16'b0000000000000000 
	Parameter GTHE3_COMMON_QPLL1_SDM_CFG2 bound to: 16'b0000000000000000 
	Parameter GTHE3_COMMON_RSVD_ATTR0 bound to: 16'b0000000000000000 
	Parameter GTHE3_COMMON_RSVD_ATTR1 bound to: 16'b0000000000000000 
	Parameter GTHE3_COMMON_RSVD_ATTR2 bound to: 16'b0000000000000000 
	Parameter GTHE3_COMMON_RSVD_ATTR3 bound to: 16'b0000000000000000 
	Parameter GTHE3_COMMON_RXRECCLKOUT0_SEL bound to: 2'b00 
	Parameter GTHE3_COMMON_RXRECCLKOUT1_SEL bound to: 2'b00 
	Parameter GTHE3_COMMON_SARC_EN bound to: 1'b1 
	Parameter GTHE3_COMMON_SARC_SEL bound to: 1'b0 
	Parameter GTHE3_COMMON_SDM0DATA1_0 bound to: 16'b0000000000000000 
	Parameter GTHE3_COMMON_SDM0DATA1_1 bound to: 9'b000000000 
	Parameter GTHE3_COMMON_SDM0INITSEED0_0 bound to: 16'b0000000000000000 
	Parameter GTHE3_COMMON_SDM0INITSEED0_1 bound to: 9'b000000000 
	Parameter GTHE3_COMMON_SDM0_DATA_PIN_SEL bound to: 1'b0 
	Parameter GTHE3_COMMON_SDM0_WIDTH_PIN_SEL bound to: 1'b0 
	Parameter GTHE3_COMMON_SDM1DATA1_0 bound to: 16'b0000000000000000 
	Parameter GTHE3_COMMON_SDM1DATA1_1 bound to: 9'b000000000 
	Parameter GTHE3_COMMON_SDM1INITSEED0_0 bound to: 16'b0000000000000000 
	Parameter GTHE3_COMMON_SDM1INITSEED0_1 bound to: 9'b000000000 
	Parameter GTHE3_COMMON_SDM1_DATA_PIN_SEL bound to: 1'b0 
	Parameter GTHE3_COMMON_SDM1_WIDTH_PIN_SEL bound to: 1'b0 
	Parameter GTHE3_COMMON_SIM_RESET_SPEEDUP bound to: TRUE - type: string 
	Parameter GTHE3_COMMON_SIM_VERSION bound to: 2 - type: integer 
	Parameter GTHE3_COMMON_BGBYPASSB_VAL bound to: 1'b1 
	Parameter GTHE3_COMMON_BGMONITORENB_VAL bound to: 1'b1 
	Parameter GTHE3_COMMON_BGPDB_VAL bound to: 1'b1 
	Parameter GTHE3_COMMON_BGRCALOVRD_VAL bound to: 5'b11111 
	Parameter GTHE3_COMMON_BGRCALOVRDENB_VAL bound to: 1'b1 
	Parameter GTHE3_COMMON_DRPADDR_VAL bound to: 9'b000000000 
	Parameter GTHE3_COMMON_DRPCLK_VAL bound to: 1'b0 
	Parameter GTHE3_COMMON_DRPDI_VAL bound to: 16'b0000000000000000 
	Parameter GTHE3_COMMON_DRPEN_VAL bound to: 1'b0 
	Parameter GTHE3_COMMON_DRPWE_VAL bound to: 1'b0 
	Parameter GTHE3_COMMON_GTGREFCLK0_VAL bound to: 1'b0 
	Parameter GTHE3_COMMON_GTGREFCLK1_VAL bound to: 1'b0 
	Parameter GTHE3_COMMON_GTNORTHREFCLK00_VAL bound to: 1'b0 
	Parameter GTHE3_COMMON_GTNORTHREFCLK01_VAL bound to: 1'b0 
	Parameter GTHE3_COMMON_GTNORTHREFCLK10_VAL bound to: 1'b0 
	Parameter GTHE3_COMMON_GTNORTHREFCLK11_VAL bound to: 1'b0 
	Parameter GTHE3_COMMON_GTREFCLK00_VAL bound to: 1'b0 
	Parameter GTHE3_COMMON_GTREFCLK01_VAL bound to: 1'b0 
	Parameter GTHE3_COMMON_GTREFCLK10_VAL bound to: 1'b0 
	Parameter GTHE3_COMMON_GTREFCLK11_VAL bound to: 1'b0 
	Parameter GTHE3_COMMON_GTSOUTHREFCLK00_VAL bound to: 1'b0 
	Parameter GTHE3_COMMON_GTSOUTHREFCLK01_VAL bound to: 1'b0 
	Parameter GTHE3_COMMON_GTSOUTHREFCLK10_VAL bound to: 1'b0 
	Parameter GTHE3_COMMON_GTSOUTHREFCLK11_VAL bound to: 1'b0 
	Parameter GTHE3_COMMON_PMARSVD0_VAL bound to: 8'b00000000 
	Parameter GTHE3_COMMON_PMARSVD1_VAL bound to: 8'b00000000 
	Parameter GTHE3_COMMON_QPLL0CLKRSVD0_VAL bound to: 1'b0 
	Parameter GTHE3_COMMON_QPLL0CLKRSVD1_VAL bound to: 1'b0 
	Parameter GTHE3_COMMON_QPLL0LOCKDETCLK_VAL bound to: 1'b0 
	Parameter GTHE3_COMMON_QPLL0LOCKEN_VAL bound to: 1'b0 
	Parameter GTHE3_COMMON_QPLL0PD_VAL bound to: 1'b1 
	Parameter GTHE3_COMMON_QPLL0REFCLKSEL_VAL bound to: 3'b001 
	Parameter GTHE3_COMMON_QPLL0RESET_VAL bound to: 1'b1 
	Parameter GTHE3_COMMON_QPLL1CLKRSVD0_VAL bound to: 1'b0 
	Parameter GTHE3_COMMON_QPLL1CLKRSVD1_VAL bound to: 1'b0 
	Parameter GTHE3_COMMON_QPLL1LOCKDETCLK_VAL bound to: 1'b0 
	Parameter GTHE3_COMMON_QPLL1LOCKEN_VAL bound to: 1'b1 
	Parameter GTHE3_COMMON_QPLL1PD_VAL bound to: 1'b0 
	Parameter GTHE3_COMMON_QPLL1REFCLKSEL_VAL bound to: 3'b001 
	Parameter GTHE3_COMMON_QPLL1RESET_VAL bound to: 1'b0 
	Parameter GTHE3_COMMON_QPLLRSVD1_VAL bound to: 8'b00000000 
	Parameter GTHE3_COMMON_QPLLRSVD2_VAL bound to: 5'b00000 
	Parameter GTHE3_COMMON_QPLLRSVD3_VAL bound to: 5'b00000 
	Parameter GTHE3_COMMON_QPLLRSVD4_VAL bound to: 8'b00000000 
	Parameter GTHE3_COMMON_RCALENB_VAL bound to: 1'b1 
	Parameter GTHE3_COMMON_BGBYPASSB_TIE_EN bound to: 1'b1 
	Parameter GTHE3_COMMON_BGMONITORENB_TIE_EN bound to: 1'b1 
	Parameter GTHE3_COMMON_BGPDB_TIE_EN bound to: 1'b1 
	Parameter GTHE3_COMMON_BGRCALOVRD_TIE_EN bound to: 1'b1 
	Parameter GTHE3_COMMON_BGRCALOVRDENB_TIE_EN bound to: 1'b1 
	Parameter GTHE3_COMMON_DRPADDR_TIE_EN bound to: 1'b0 
	Parameter GTHE3_COMMON_DRPCLK_TIE_EN bound to: 1'b0 
	Parameter GTHE3_COMMON_DRPDI_TIE_EN bound to: 1'b0 
	Parameter GTHE3_COMMON_DRPEN_TIE_EN bound to: 1'b0 
	Parameter GTHE3_COMMON_DRPWE_TIE_EN bound to: 1'b0 
	Parameter GTHE3_COMMON_GTGREFCLK0_TIE_EN bound to: 1'b0 
	Parameter GTHE3_COMMON_GTGREFCLK1_TIE_EN bound to: 1'b0 
	Parameter GTHE3_COMMON_GTNORTHREFCLK00_TIE_EN bound to: 1'b0 
	Parameter GTHE3_COMMON_GTNORTHREFCLK01_TIE_EN bound to: 1'b0 
	Parameter GTHE3_COMMON_GTNORTHREFCLK10_TIE_EN bound to: 1'b0 
	Parameter GTHE3_COMMON_GTNORTHREFCLK11_TIE_EN bound to: 1'b0 
	Parameter GTHE3_COMMON_GTREFCLK00_TIE_EN bound to: 1'b0 
	Parameter GTHE3_COMMON_GTREFCLK01_TIE_EN bound to: 1'b0 
	Parameter GTHE3_COMMON_GTREFCLK10_TIE_EN bound to: 1'b0 
	Parameter GTHE3_COMMON_GTREFCLK11_TIE_EN bound to: 1'b0 
	Parameter GTHE3_COMMON_GTSOUTHREFCLK00_TIE_EN bound to: 1'b0 
	Parameter GTHE3_COMMON_GTSOUTHREFCLK01_TIE_EN bound to: 1'b0 
	Parameter GTHE3_COMMON_GTSOUTHREFCLK10_TIE_EN bound to: 1'b0 
	Parameter GTHE3_COMMON_GTSOUTHREFCLK11_TIE_EN bound to: 1'b0 
	Parameter GTHE3_COMMON_PMARSVD0_TIE_EN bound to: 1'b1 
	Parameter GTHE3_COMMON_PMARSVD1_TIE_EN bound to: 1'b1 
	Parameter GTHE3_COMMON_QPLL0CLKRSVD0_TIE_EN bound to: 1'b0 
	Parameter GTHE3_COMMON_QPLL0CLKRSVD1_TIE_EN bound to: 1'b0 
	Parameter GTHE3_COMMON_QPLL0LOCKDETCLK_TIE_EN bound to: 1'b0 
	Parameter GTHE3_COMMON_QPLL0LOCKEN_TIE_EN bound to: 1'b0 
	Parameter GTHE3_COMMON_QPLL0PD_TIE_EN bound to: 1'b0 
	Parameter GTHE3_COMMON_QPLL0REFCLKSEL_TIE_EN bound to: 1'b0 
	Parameter GTHE3_COMMON_QPLL0RESET_TIE_EN bound to: 1'b0 
	Parameter GTHE3_COMMON_QPLL1CLKRSVD0_TIE_EN bound to: 1'b0 
	Parameter GTHE3_COMMON_QPLL1CLKRSVD1_TIE_EN bound to: 1'b0 
	Parameter GTHE3_COMMON_QPLL1LOCKDETCLK_TIE_EN bound to: 1'b0 
	Parameter GTHE3_COMMON_QPLL1LOCKEN_TIE_EN bound to: 1'b0 
	Parameter GTHE3_COMMON_QPLL1PD_TIE_EN bound to: 1'b0 
	Parameter GTHE3_COMMON_QPLL1REFCLKSEL_TIE_EN bound to: 1'b0 
	Parameter GTHE3_COMMON_QPLL1RESET_TIE_EN bound to: 1'b0 
	Parameter GTHE3_COMMON_QPLLRSVD1_TIE_EN bound to: 1'b0 
	Parameter GTHE3_COMMON_QPLLRSVD2_TIE_EN bound to: 1'b0 
	Parameter GTHE3_COMMON_QPLLRSVD3_TIE_EN bound to: 1'b0 
	Parameter GTHE3_COMMON_QPLLRSVD4_TIE_EN bound to: 1'b0 
	Parameter GTHE3_COMMON_RCALENB_TIE_EN bound to: 1'b1 
INFO: [Synth 8-6157] synthesizing module 'GTHE3_COMMON' [D:/Xilinx/Vivado/2023.1/scripts/rt/data/unisim_comp.v:43378]
	Parameter BIAS_CFG0 bound to: 16'b0000000000000000 
	Parameter BIAS_CFG1 bound to: 16'b0000000000000000 
	Parameter BIAS_CFG2 bound to: 16'b0000000000000000 
	Parameter BIAS_CFG3 bound to: 16'b0000000001000000 
	Parameter BIAS_CFG4 bound to: 16'b0000000000000000 
	Parameter BIAS_CFG_RSVD bound to: 10'b0000000000 
	Parameter COMMON_CFG0 bound to: 16'b0000000000000000 
	Parameter COMMON_CFG1 bound to: 16'b0000000000000000 
	Parameter POR_CFG bound to: 16'b0000000000000100 
	Parameter QPLL0_CFG0 bound to: 16'b0011001000011100 
	Parameter QPLL0_CFG1 bound to: 16'b0001000000011000 
	Parameter QPLL0_CFG1_G3 bound to: 16'b0001000000011000 
	Parameter QPLL0_CFG2 bound to: 16'b0000000001001000 
	Parameter QPLL0_CFG2_G3 bound to: 16'b0000000001001000 
	Parameter QPLL0_CFG3 bound to: 16'b0000000100100000 
	Parameter QPLL0_CFG4 bound to: 16'b0000000000001001 
	Parameter QPLL0_CP bound to: 10'b0000011111 
	Parameter QPLL0_CP_G3 bound to: 10'b1111111111 
	Parameter QPLL0_FBDIV bound to: 66 - type: integer 
	Parameter QPLL0_FBDIV_G3 bound to: 80 - type: integer 
	Parameter QPLL0_INIT_CFG0 bound to: 16'b0000001010110010 
	Parameter QPLL0_INIT_CFG1 bound to: 8'b00000000 
	Parameter QPLL0_LOCK_CFG bound to: 16'b0010000111101000 
	Parameter QPLL0_LOCK_CFG_G3 bound to: 16'b0010000111101000 
	Parameter QPLL0_LPF bound to: 10'b1111111100 
	Parameter QPLL0_LPF_G3 bound to: 10'b0000010101 
	Parameter QPLL0_REFCLK_DIV bound to: 1 - type: integer 
	Parameter QPLL0_SDM_CFG0 bound to: 16'b0000000000000000 
	Parameter QPLL0_SDM_CFG1 bound to: 16'b0000000000000000 
	Parameter QPLL0_SDM_CFG2 bound to: 16'b0000000000000000 
	Parameter QPLL1_CFG0 bound to: 16'b0011001000011100 
	Parameter QPLL1_CFG1 bound to: 16'b0001000000011000 
	Parameter QPLL1_CFG1_G3 bound to: 16'b0001000000011000 
	Parameter QPLL1_CFG2 bound to: 16'b0000000001000000 
	Parameter QPLL1_CFG2_G3 bound to: 16'b0000000001000000 
	Parameter QPLL1_CFG3 bound to: 16'b0000000100100000 
	Parameter QPLL1_CFG4 bound to: 16'b0000000000001001 
	Parameter QPLL1_CP bound to: 10'b0001111111 
	Parameter QPLL1_CP_G3 bound to: 10'b1111111111 
	Parameter QPLL1_FBDIV bound to: 64 - type: integer 
	Parameter QPLL1_FBDIV_G3 bound to: 80 - type: integer 
	Parameter QPLL1_INIT_CFG0 bound to: 16'b0000001010110010 
	Parameter QPLL1_INIT_CFG1 bound to: 8'b00000000 
	Parameter QPLL1_LOCK_CFG bound to: 16'b0010000111101000 
	Parameter QPLL1_LOCK_CFG_G3 bound to: 16'b0010000111101000 
	Parameter QPLL1_LPF bound to: 10'b1111111100 
	Parameter QPLL1_LPF_G3 bound to: 10'b0000010101 
	Parameter QPLL1_REFCLK_DIV bound to: 1 - type: integer 
	Parameter QPLL1_SDM_CFG0 bound to: 16'b0000000000000000 
	Parameter QPLL1_SDM_CFG1 bound to: 16'b0000000000000000 
	Parameter QPLL1_SDM_CFG2 bound to: 16'b0000000000000000 
	Parameter RSVD_ATTR0 bound to: 16'b0000000000000000 
	Parameter RSVD_ATTR1 bound to: 16'b0000000000000000 
	Parameter RSVD_ATTR2 bound to: 16'b0000000000000000 
	Parameter RSVD_ATTR3 bound to: 16'b0000000000000000 
	Parameter RXRECCLKOUT0_SEL bound to: 2'b00 
	Parameter RXRECCLKOUT1_SEL bound to: 2'b00 
	Parameter SARC_EN bound to: 1'b1 
	Parameter SARC_SEL bound to: 1'b0 
	Parameter SDM0DATA1_0 bound to: 16'b0000000000000000 
	Parameter SDM0DATA1_1 bound to: 9'b000000000 
	Parameter SDM0INITSEED0_0 bound to: 16'b0000000000000000 
	Parameter SDM0INITSEED0_1 bound to: 9'b000000000 
	Parameter SDM0_DATA_PIN_SEL bound to: 1'b0 
	Parameter SDM0_WIDTH_PIN_SEL bound to: 1'b0 
	Parameter SDM1DATA1_0 bound to: 16'b0000000000000000 
	Parameter SDM1DATA1_1 bound to: 9'b000000000 
	Parameter SDM1INITSEED0_0 bound to: 16'b0000000000000000 
	Parameter SDM1INITSEED0_1 bound to: 9'b000000000 
	Parameter SDM1_DATA_PIN_SEL bound to: 1'b0 
	Parameter SDM1_WIDTH_PIN_SEL bound to: 1'b0 
	Parameter SIM_RESET_SPEEDUP bound to: TRUE - type: string 
	Parameter SIM_VERSION bound to: 2 - type: integer 
INFO: [Synth 8-6155] done synthesizing module 'GTHE3_COMMON' (0#1) [D:/Xilinx/Vivado/2023.1/scripts/rt/data/unisim_comp.v:43378]
INFO: [Synth 8-6155] done synthesizing module 'gtwizard_ultrascale_v1_7_16_gthe3_common' (0#1) [D:/FPGA/prj/project_9/shared_logic/gtwizard_ultrascale_v1_7_gthe3_common.v:55]
INFO: [Synth 8-6155] done synthesizing module 'aurora_64b66b_0_gt_gthe3_common_wrapper' (0#1) [D:/FPGA/prj/project_9/shared_logic/aurora_64b66b_0_gt_gthe3_common_wrapper.v:4]
INFO: [Synth 8-6155] done synthesizing module 'aurora_64b66b_0_gt_common_wrapper' (0#1) [D:/FPGA/prj/project_9/shared_logic/aurora_64b66b_0_gt_common_wrapper.v:6]
INFO: [Synth 8-6157] synthesizing module 'IBUFDS_GTE3' [D:/Xilinx/Vivado/2023.1/scripts/rt/data/unisim_comp.v:71941]
INFO: [Synth 8-6155] done synthesizing module 'IBUFDS_GTE3' (0#1) [D:/Xilinx/Vivado/2023.1/scripts/rt/data/unisim_comp.v:71941]
INFO: [Synth 8-6157] synthesizing module 'aurora_64b66b_0_CLOCK_MODULE' [D:/FPGA/prj/project_9/shared_logic/aurora_64b66b_0_clock_module.v:67]
INFO: [Synth 8-6157] synthesizing module 'aurora_64b66b_0_ultrascale_tx_userclk' [D:/FPGA/prj/project_9/shared_logic/aurora_64b66b_0_ultrascale_tx_userclk.v:60]
INFO: [Synth 8-6157] synthesizing module 'BUFG_GT' [D:/Xilinx/Vivado/2023.1/scripts/rt/data/unisim_comp.v:1695]
INFO: [Synth 8-6155] done synthesizing module 'BUFG_GT' (0#1) [D:/Xilinx/Vivado/2023.1/scripts/rt/data/unisim_comp.v:1695]
INFO: [Synth 8-6155] done synthesizing module 'aurora_64b66b_0_ultrascale_tx_userclk' (0#1) [D:/FPGA/prj/project_9/shared_logic/aurora_64b66b_0_ultrascale_tx_userclk.v:60]
INFO: [Synth 8-6155] done synthesizing module 'aurora_64b66b_0_CLOCK_MODULE' (0#1) [D:/FPGA/prj/project_9/shared_logic/aurora_64b66b_0_clock_module.v:67]
INFO: [Synth 8-6157] synthesizing module 'aurora_64b66b_0_SUPPORT_RESET_LOGIC' [D:/FPGA/prj/project_9/shared_logic/aurora_64b66b_0_support_reset_logic.v:61]
INFO: [Synth 8-6157] synthesizing module 'aurora_64b66b_0_rst_sync_shared' [D:/FPGA/prj/project_9/shared_logic/aurora_64b66b_0_support_reset_logic.v:139]
	Parameter c_mtbf_stages bound to: 5'b00101 
INFO: [Synth 8-6155] done synthesizing module 'aurora_64b66b_0_rst_sync_shared' (0#1) [D:/FPGA/prj/project_9/shared_logic/aurora_64b66b_0_support_reset_logic.v:139]
INFO: [Synth 8-6155] done synthesizing module 'aurora_64b66b_0_SUPPORT_RESET_LOGIC' (0#1) [D:/FPGA/prj/project_9/shared_logic/aurora_64b66b_0_support_reset_logic.v:61]
INFO: [Synth 8-6157] synthesizing module 'aurora_64b66b_0' [D:/FPGA/prj/project_10/prj_loop/vivado/prj_loop.runs/synth_1/.Xil/Vivado-17396-Xuegulin/realtime/aurora_64b66b_0_stub.v:6]
INFO: [Synth 8-6155] done synthesizing module 'aurora_64b66b_0' (0#1) [D:/FPGA/prj/project_10/prj_loop/vivado/prj_loop.runs/synth_1/.Xil/Vivado-17396-Xuegulin/realtime/aurora_64b66b_0_stub.v:6]
WARNING: [Synth 8-7071] port 'gt_powergood' of module 'aurora_64b66b_0' is unconnected for instance 'aurora_64b66b_0_i' [D:/FPGA/prj/project_9/shared_logic/aurora_64b66b_0_support_ext.v:404]
WARNING: [Synth 8-7023] instance 'aurora_64b66b_0_i' of module 'aurora_64b66b_0' has 55 connections declared, but only 54 given [D:/FPGA/prj/project_9/shared_logic/aurora_64b66b_0_support_ext.v:404]
INFO: [Synth 8-6155] done synthesizing module 'aurora_64b66b_0_support_ext' (0#1) [D:/FPGA/prj/project_9/shared_logic/aurora_64b66b_0_support_ext.v:67]
INFO: [Synth 8-6157] synthesizing module 'axis_word_unpack' [D:/FPGA/prj/project_9/rtl/axis_word_unpack.v:30]
INFO: [Synth 8-6155] done synthesizing module 'axis_word_unpack' (0#1) [D:/FPGA/prj/project_9/rtl/axis_word_unpack.v:30]
INFO: [Synth 8-6157] synthesizing module 'axis_word_pack' [D:/FPGA/prj/project_9/rtl/axis_word_pack.v:34]
INFO: [Synth 8-6155] done synthesizing module 'axis_word_pack' (0#1) [D:/FPGA/prj/project_9/rtl/axis_word_pack.v:34]
WARNING: [Synth 8-689] width (16) of port connection 'o_overflow' does not match port width (1) of module 'axis_word_pack' [D:/FPGA/prj/project_10/rtl/aurora_mem_bridge.v:405]
INFO: [Synth 8-6157] synthesizing module 'aurora_64b66b_1_support_shared' [D:/FPGA/prj/project_9/shared_logic/aurora_64b66b_1_support_shared.v:10]
INFO: [Synth 8-6157] synthesizing module 'aurora_64b66b_1' [D:/FPGA/prj/project_10/prj_loop/vivado/prj_loop.runs/synth_1/.Xil/Vivado-17396-Xuegulin/realtime/aurora_64b66b_1_stub.v:6]
INFO: [Synth 8-6155] done synthesizing module 'aurora_64b66b_1' (0#1) [D:/FPGA/prj/project_10/prj_loop/vivado/prj_loop.runs/synth_1/.Xil/Vivado-17396-Xuegulin/realtime/aurora_64b66b_1_stub.v:6]
WARNING: [Synth 8-7071] port 'gt_powergood' of module 'aurora_64b66b_1' is unconnected for instance 'aurora_64b66b_1_i' [D:/FPGA/prj/project_9/shared_logic/aurora_64b66b_1_support_shared.v:95]
WARNING: [Synth 8-7023] instance 'aurora_64b66b_1_i' of module 'aurora_64b66b_1' has 55 connections declared, but only 54 given [D:/FPGA/prj/project_9/shared_logic/aurora_64b66b_1_support_shared.v:95]
INFO: [Synth 8-6155] done synthesizing module 'aurora_64b66b_1_support_shared' (0#1) [D:/FPGA/prj/project_9/shared_logic/aurora_64b66b_1_support_shared.v:10]
INFO: [Synth 8-6157] synthesizing module 'gmii_to_rgmii' [D:/FPGA/prj/project_9/rtl/gmii_to_rgmii/gmii_to_rgmii.v:23]
INFO: [Synth 8-6157] synthesizing module 'rgmii_rx' [D:/FPGA/prj/project_9/rtl/rgmii_rx_fix2.v:7]
INFO: [Synth 8-6157] synthesizing module 'IDELAYE3' [D:/Xilinx/Vivado/2023.1/scripts/rt/data/unisim_comp.v:73963]
	Parameter CASCADE bound to: NONE - type: string 
	Parameter DELAY_FORMAT bound to: TIME - type: string 
	Parameter DELAY_SRC bound to: IDATAIN - type: string 
	Parameter DELAY_TYPE bound to: FIXED - type: string 
	Parameter DELAY_VALUE bound to: 1250 - type: integer 
	Parameter IS_CLK_INVERTED bound to: 1'b0 
	Parameter IS_RST_INVERTED bound to: 1'b0 
	Parameter REFCLK_FREQUENCY bound to: 200.000000 - type: double 
	Parameter SIM_DEVICE bound to: ULTRASCALE - type: string 
	Parameter UPDATE_MODE bound to: ASYNC - type: string 
INFO: [Synth 8-6155] done synthesizing module 'IDELAYE3' (0#1) [D:/Xilinx/Vivado/2023.1/scripts/rt/data/unisim_comp.v:73963]
INFO: [Synth 8-6157] synthesizing module 'IDDRE1' [D:/Xilinx/Vivado/2023.1/scripts/rt/data/unisim_comp.v:73794]
	Parameter DDR_CLK_EDGE bound to: SAME_EDGE_PIPELINED - type: string 
	Parameter IS_CB_INVERTED bound to: 1'b1 
	Parameter IS_C_INVERTED bound to: 1'b0 
INFO: [Synth 8-6155] done synthesizing module 'IDDRE1' (0#1) [D:/Xilinx/Vivado/2023.1/scripts/rt/data/unisim_comp.v:73794]
INFO: [Synth 8-6157] synthesizing module 'BUFIO' [D:/Xilinx/Vivado/2023.1/scripts/rt/data/unisim_comp.v:1791]
INFO: [Synth 8-6155] done synthesizing module 'BUFIO' (0#1) [D:/Xilinx/Vivado/2023.1/scripts/rt/data/unisim_comp.v:1791]
INFO: [Synth 8-6157] synthesizing module 'MMCME3_ADV' [D:/Xilinx/Vivado/2023.1/scripts/rt/data/unisim_comp.v:80502]
	Parameter BANDWIDTH bound to: OPTIMIZED - type: string 
	Parameter CLKFBOUT_MULT_F bound to: 8.000000 - type: double 
	Parameter CLKFBOUT_PHASE bound to: 0.000000 - type: double 
	Parameter CLKIN1_PERIOD bound to: 8.000000 - type: double 
	Parameter CLKOUT0_DIVIDE_F bound to: 5.000000 - type: double 
	Parameter CLKOUT0_DUTY_CYCLE bound to: 0.500000 - type: double 
	Parameter CLKOUT0_PHASE bound to: 0.000000 - type: double 
	Parameter DIVCLK_DIVIDE bound to: 1 - type: integer 
	Parameter REF_JITTER1 bound to: 0.010000 - type: double 
	Parameter STARTUP_WAIT bound to: FALSE - type: string 
INFO: [Synth 8-6155] done synthesizing module 'MMCME3_ADV' (0#1) [D:/Xilinx/Vivado/2023.1/scripts/rt/data/unisim_comp.v:80502]
WARNING: [Synth 8-7071] port 'CDDCDONE' of module 'MMCME3_ADV' is unconnected for instance 'u_mmcm_200m' [D:/FPGA/prj/project_9/rtl/rgmii_rx_fix2.v:48]
WARNING: [Synth 8-7023] instance 'u_mmcm_200m' of module 'MMCME3_ADV' has 35 connections declared, but only 34 given [D:/FPGA/prj/project_9/rtl/rgmii_rx_fix2.v:48]
WARNING: [Synth 8-4446] all outputs are unconnected for this instance and logic may be removed [D:/FPGA/prj/project_9/rtl/rgmii_rx_fix2.v:70]
INFO: [Synth 8-6157] synthesizing module 'IDELAYCTRL' [D:/Xilinx/Vivado/2023.1/scripts/rt/data/unisim_comp.v:73864]
	Parameter SIM_DEVICE bound to: ULTRASCALE - type: string 
INFO: [Synth 8-6155] done synthesizing module 'IDELAYCTRL' (0#1) [D:/Xilinx/Vivado/2023.1/scripts/rt/data/unisim_comp.v:73864]
INFO: [Synth 8-6155] done synthesizing module 'rgmii_rx' (0#1) [D:/FPGA/prj/project_9/rtl/rgmii_rx_fix2.v:7]
INFO: [Synth 8-6157] synthesizing module 'rgmii_tx' [D:/FPGA/prj/project_9/rtl/gmii_to_rgmii/rgmii_tx.v:23]
INFO: [Synth 8-6157] synthesizing module 'ODDRE1' [D:/Xilinx/Vivado/2023.1/scripts/rt/data/unisim_comp.v:94816]
	Parameter IS_C_INVERTED bound to: 1'b0 
	Parameter IS_D1_INVERTED bound to: 1'b0 
	Parameter IS_D2_INVERTED bound to: 1'b0 
	Parameter SIM_DEVICE bound to: ULTRASCALE - type: string 
	Parameter SRVAL bound to: 1'b0 
INFO: [Synth 8-6155] done synthesizing module 'ODDRE1' (0#1) [D:/Xilinx/Vivado/2023.1/scripts/rt/data/unisim_comp.v:94816]
INFO: [Synth 8-6155] done synthesizing module 'rgmii_tx' (0#1) [D:/FPGA/prj/project_9/rtl/gmii_to_rgmii/rgmii_tx.v:23]
INFO: [Synth 8-6155] done synthesizing module 'gmii_to_rgmii' (0#1) [D:/FPGA/prj/project_9/rtl/gmii_to_rgmii/gmii_to_rgmii.v:23]
INFO: [Synth 8-6157] synthesizing module 'arp' [D:/FPGA/prj/project_9/rtl/arp/arp.v:23]
	Parameter BOARD_MAC bound to: 48'b000000000001000100100010001100110100010001010101 
	Parameter BOARD_IP bound to: -1062731510 - type: integer 
	Parameter DES_MAC bound to: 48'b111111111111111111111111111111111111111111111111 
	Parameter DES_IP bound to: -1062731418 - type: integer 
INFO: [Synth 8-6157] synthesizing module 'arp_rx' [D:/FPGA/prj/project_9/rtl/arp/arp_rx.v:23]
	Parameter BOARD_MAC bound to: 48'b000000000001000100100010001100110100010001010101 
	Parameter BOARD_IP bound to: -1062731510 - type: integer 
INFO: [Synth 8-6155] done synthesizing module 'arp_rx' (0#1) [D:/FPGA/prj/project_9/rtl/arp/arp_rx.v:23]
INFO: [Synth 8-6157] synthesizing module 'arp_tx' [D:/FPGA/prj/project_9/rtl/arp/arp_tx.v:23]
	Parameter BOARD_MAC bound to: 48'b000000000001000100100010001100110100010001010101 
	Parameter BOARD_IP bound to: -1062731510 - type: integer 
	Parameter DES_MAC bound to: 48'b111111111111111111111111111111111111111111111111 
	Parameter DES_IP bound to: -1062731418 - type: integer 
INFO: [Synth 8-6155] done synthesizing module 'arp_tx' (0#1) [D:/FPGA/prj/project_9/rtl/arp/arp_tx.v:23]
INFO: [Synth 8-6157] synthesizing module 'crc32_d8' [D:/FPGA/prj/project_9/rtl/arp/crc32_d8.v:22]
INFO: [Synth 8-6155] done synthesizing module 'crc32_d8' (0#1) [D:/FPGA/prj/project_9/rtl/arp/crc32_d8.v:22]
INFO: [Synth 8-6155] done synthesizing module 'arp' (0#1) [D:/FPGA/prj/project_9/rtl/arp/arp.v:23]
INFO: [Synth 8-6157] synthesizing module 'icmp' [D:/FPGA/prj/project_9/rtl/icmp/icmp.v:23]
	Parameter BOARD_MAC bound to: 48'b000000000001000100100010001100110100010001010101 
	Parameter BOARD_IP bound to: -1062731510 - type: integer 
	Parameter DES_MAC bound to: 48'b111111111111111111111111111111111111111111111111 
	Parameter DES_IP bound to: -1062731418 - type: integer 
INFO: [Synth 8-6157] synthesizing module 'icmp_rx' [D:/FPGA/prj/project_9/rtl/icmp/icmp_rx.v:23]
	Parameter BOARD_MAC bound to: 48'b000000000001000100100010001100110100010001010101 
	Parameter BOARD_IP bound to: -1062731510 - type: integer 
INFO: [Synth 8-6155] done synthesizing module 'icmp_rx' (0#1) [D:/FPGA/prj/project_9/rtl/icmp/icmp_rx.v:23]
INFO: [Synth 8-6157] synthesizing module 'icmp_tx' [D:/FPGA/prj/project_9/rtl/icmp/icmp_tx.v:23]
	Parameter BOARD_MAC bound to: 48'b000000000001000100100010001100110100010001010101 
	Parameter BOARD_IP bound to: -1062731510 - type: integer 
	Parameter DES_MAC bound to: 48'b111111111111111111111111111111111111111111111111 
	Parameter DES_IP bound to: -1062731418 - type: integer 
INFO: [Synth 8-6155] done synthesizing module 'icmp_tx' (0#1) [D:/FPGA/prj/project_9/rtl/icmp/icmp_tx.v:23]
INFO: [Synth 8-6155] done synthesizing module 'icmp' (0#1) [D:/FPGA/prj/project_9/rtl/icmp/icmp.v:23]
INFO: [Synth 8-6157] synthesizing module 'udp' [D:/FPGA/prj/project_9/rtl/udp/udp.v:23]
	Parameter BOARD_MAC bound to: 48'b000000000001000100100010001100110100010001010101 
	Parameter BOARD_IP bound to: -1062731510 - type: integer 
	Parameter DES_MAC bound to: 48'b111111111111111111111111111111111111111111111111 
	Parameter DES_IP bound to: -1062731418 - type: integer 
INFO: [Synth 8-6157] synthesizing module 'udp_rx' [D:/FPGA/prj/project_9/rtl/udp/udp_rx.v:23]
	Parameter BOARD_MAC bound to: 48'b000000000001000100100010001100110100010001010101 
	Parameter BOARD_IP bound to: -1062731510 - type: integer 
INFO: [Synth 8-6155] done synthesizing module 'udp_rx' (0#1) [D:/FPGA/prj/project_9/rtl/udp/udp_rx.v:23]
INFO: [Synth 8-6157] synthesizing module 'udp_tx' [D:/FPGA/prj/project_10/prj_loop/rtl_patch/udp_tx.v:23]
	Parameter BOARD_MAC bound to: 48'b000000000001000100100010001100110100010001010101 
	Parameter BOARD_IP bound to: -1062731510 - type: integer 
	Parameter DES_MAC bound to: 48'b111111111111111111111111111111111111111111111111 
	Parameter DES_IP bound to: -1062731418 - type: integer 
INFO: [Synth 8-6155] done synthesizing module 'udp_tx' (0#1) [D:/FPGA/prj/project_10/prj_loop/rtl_patch/udp_tx.v:23]
INFO: [Synth 8-6155] done synthesizing module 'udp' (0#1) [D:/FPGA/prj/project_9/rtl/udp/udp.v:23]
INFO: [Synth 8-6157] synthesizing module 'async_fifo_2048x8b' [D:/FPGA/prj/project_10/prj_loop/vivado/prj_loop.runs/synth_1/.Xil/Vivado-17396-Xuegulin/realtime/async_fifo_2048x8b_stub.v:6]
INFO: [Synth 8-6155] done synthesizing module 'async_fifo_2048x8b' (0#1) [D:/FPGA/prj/project_10/prj_loop/vivado/prj_loop.runs/synth_1/.Xil/Vivado-17396-Xuegulin/realtime/async_fifo_2048x8b_stub.v:6]
INFO: [Synth 8-6157] synthesizing module 'eth_ctrl' [D:/FPGA/prj/project_9/rtl/eth_ctrl.v:23]
INFO: [Synth 8-6155] done synthesizing module 'eth_ctrl' (0#1) [D:/FPGA/prj/project_9/rtl/eth_ctrl.v:23]
INFO: [Synth 8-6157] synthesizing module 'cmd_channel' [D:/FPGA/prj/project_10/prj_loop/rtl_patch/cmd_channel.v:57]
INFO: [Synth 8-226] default block is never used [D:/FPGA/prj/project_10/prj_loop/rtl_patch/cmd_channel.v:420]
INFO: [Synth 8-6155] done synthesizing module 'cmd_channel' (0#1) [D:/FPGA/prj/project_10/prj_loop/rtl_patch/cmd_channel.v:57]
INFO: [Synth 8-6157] synthesizing module 'frame_fifo_pump' [D:/FPGA/prj/project_9/rtl/frame_fifo_pump.v:11]
INFO: [Synth 8-6155] done synthesizing module 'frame_fifo_pump' (0#1) [D:/FPGA/prj/project_9/rtl/frame_fifo_pump.v:11]
INFO: [Synth 8-6157] synthesizing module 'frame_mem_if' [D:/FPGA/prj/project_10/rtl/frame_mem_if.v:30]
	Parameter SLOT_BASE bound to: 1048576 - type: integer 
	Parameter MAX_LEN bound to: 16'b0000011000000010 
INFO: [Synth 8-6157] synthesizing module 'async_fifo' [D:/FPGA/prj/project_10/rtl/async_fifo.v:18]
	Parameter DW bound to: 8 - type: integer 
	Parameter AW bound to: 12 - type: integer 
INFO: [Synth 8-6155] done synthesizing module 'async_fifo' (0#1) [D:/FPGA/prj/project_10/rtl/async_fifo.v:18]
INFO: [Synth 8-6157] synthesizing module 'async_fifo__parameterized0' [D:/FPGA/prj/project_10/rtl/async_fifo.v:18]
	Parameter DW bound to: 16 - type: integer 
	Parameter AW bound to: 3 - type: integer 
INFO: [Synth 8-6155] done synthesizing module 'async_fifo__parameterized0' (0#1) [D:/FPGA/prj/project_10/rtl/async_fifo.v:18]
INFO: [Synth 8-6157] synthesizing module 'async_fifo__parameterized1' [D:/FPGA/prj/project_10/rtl/async_fifo.v:18]
	Parameter DW bound to: 9 - type: integer 
	Parameter AW bound to: 2 - type: integer 
INFO: [Synth 8-6155] done synthesizing module 'async_fifo__parameterized1' (0#1) [D:/FPGA/prj/project_10/rtl/async_fifo.v:18]
INFO: [Synth 8-6157] synthesizing module 'async_fifo__parameterized2' [D:/FPGA/prj/project_10/rtl/async_fifo.v:18]
	Parameter DW bound to: 25 - type: integer 
	Parameter AW bound to: 2 - type: integer 
INFO: [Synth 8-6155] done synthesizing module 'async_fifo__parameterized2' (0#1) [D:/FPGA/prj/project_10/rtl/async_fifo.v:18]
INFO: [Synth 8-226] default block is never used [D:/FPGA/prj/project_10/rtl/frame_mem_if.v:310]
INFO: [Synth 8-6157] synthesizing module 'axi4_master_bridge' [D:/FPGA/prj/project_10/rtl/axi4_master_bridge.v:51]
	Parameter SLOT_BASE bound to: 1048576 - type: integer 
	Parameter MAX_LEN bound to: 16'b0000011000000010 
INFO: [Synth 8-6155] done synthesizing module 'axi4_master_bridge' (0#1) [D:/FPGA/prj/project_10/rtl/axi4_master_bridge.v:51]
INFO: [Synth 8-6155] done synthesizing module 'frame_mem_if' (0#1) [D:/FPGA/prj/project_10/rtl/frame_mem_if.v:30]
INFO: [Synth 8-6157] synthesizing module 'frame_mem_if__parameterized0' [D:/FPGA/prj/project_10/rtl/frame_mem_if.v:30]
	Parameter SLOT_BASE bound to: 2097152 - type: integer 
	Parameter MAX_LEN bound to: 16'b0000011000000010 
INFO: [Synth 8-226] default block is never used [D:/FPGA/prj/project_10/rtl/frame_mem_if.v:310]
INFO: [Synth 8-6157] synthesizing module 'axi4_master_bridge__parameterized0' [D:/FPGA/prj/project_10/rtl/axi4_master_bridge.v:51]
	Parameter SLOT_BASE bound to: 2097152 - type: integer 
	Parameter MAX_LEN bound to: 16'b0000011000000010 
INFO: [Synth 8-6155] done synthesizing module 'axi4_master_bridge__parameterized0' (0#1) [D:/FPGA/prj/project_10/rtl/axi4_master_bridge.v:51]
INFO: [Synth 8-6155] done synthesizing module 'frame_mem_if__parameterized0' (0#1) [D:/FPGA/prj/project_10/rtl/frame_mem_if.v:30]
INFO: [Synth 8-6157] synthesizing module 'axi_arb_2to1' [D:/FPGA/prj/project_10/rtl/axi_arb_2to1.v:27]
INFO: [Synth 8-6155] done synthesizing module 'axi_arb_2to1' (0#1) [D:/FPGA/prj/project_10/rtl/axi_arb_2to1.v:27]
INFO: [Synth 8-6157] synthesizing module 'ddr4_0' [D:/FPGA/prj/project_10/prj_loop/vivado/prj_loop.runs/synth_1/.Xil/Vivado-17396-Xuegulin/realtime/ddr4_0_stub.v:6]
INFO: [Synth 8-6155] done synthesizing module 'ddr4_0' (0#1) [D:/FPGA/prj/project_10/prj_loop/vivado/prj_loop.runs/synth_1/.Xil/Vivado-17396-Xuegulin/realtime/ddr4_0_stub.v:6]
WARNING: [Synth 8-7071] port 'o_hs_busy' of module 'frame_fifo_pump' is unconnected for instance 'u_pump_rev' [D:/FPGA/prj/project_10/rtl/aurora_mem_bridge.v:1017]
WARNING: [Synth 8-7023] instance 'u_pump_rev' of module 'frame_fifo_pump' has 12 connections declared, but only 11 given [D:/FPGA/prj/project_10/rtl/aurora_mem_bridge.v:1017]
INFO: [Synth 8-6155] done synthesizing module 'aurora_mem_bridge' (0#1) [D:/FPGA/prj/project_10/rtl/aurora_mem_bridge.v:43]
WARNING: [Synth 8-6014] Unused sequential element stg6_reg was removed.  [D:/FPGA/prj/project_9/shared_logic/aurora_64b66b_0_support_reset_logic.v:196]
WARNING: [Synth 8-6014] Unused sequential element stg7_reg was removed.  [D:/FPGA/prj/project_9/shared_logic/aurora_64b66b_0_support_reset_logic.v:197]
WARNING: [Synth 8-6014] Unused sequential element stg8_reg was removed.  [D:/FPGA/prj/project_9/shared_logic/aurora_64b66b_0_support_reset_logic.v:198]
WARNING: [Synth 8-6014] Unused sequential element stg9_reg was removed.  [D:/FPGA/prj/project_9/shared_logic/aurora_64b66b_0_support_reset_logic.v:199]
WARNING: [Synth 8-6014] Unused sequential element stg10_reg was removed.  [D:/FPGA/prj/project_9/shared_logic/aurora_64b66b_0_support_reset_logic.v:200]
WARNING: [Synth 8-6014] Unused sequential element stg11_reg was removed.  [D:/FPGA/prj/project_9/shared_logic/aurora_64b66b_0_support_reset_logic.v:201]
WARNING: [Synth 8-6014] Unused sequential element stg12_reg was removed.  [D:/FPGA/prj/project_9/shared_logic/aurora_64b66b_0_support_reset_logic.v:202]
WARNING: [Synth 8-6014] Unused sequential element stg13_reg was removed.  [D:/FPGA/prj/project_9/shared_logic/aurora_64b66b_0_support_reset_logic.v:203]
WARNING: [Synth 8-6014] Unused sequential element stg14_reg was removed.  [D:/FPGA/prj/project_9/shared_logic/aurora_64b66b_0_support_reset_logic.v:204]
WARNING: [Synth 8-6014] Unused sequential element stg15_reg was removed.  [D:/FPGA/prj/project_9/shared_logic/aurora_64b66b_0_support_reset_logic.v:205]
WARNING: [Synth 8-6014] Unused sequential element stg16_reg was removed.  [D:/FPGA/prj/project_9/shared_logic/aurora_64b66b_0_support_reset_logic.v:206]
WARNING: [Synth 8-6014] Unused sequential element stg17_reg was removed.  [D:/FPGA/prj/project_9/shared_logic/aurora_64b66b_0_support_reset_logic.v:207]
WARNING: [Synth 8-6014] Unused sequential element stg18_reg was removed.  [D:/FPGA/prj/project_9/shared_logic/aurora_64b66b_0_support_reset_logic.v:208]
WARNING: [Synth 8-6014] Unused sequential element stg19_reg was removed.  [D:/FPGA/prj/project_9/shared_logic/aurora_64b66b_0_support_reset_logic.v:209]
WARNING: [Synth 8-6014] Unused sequential element stg20_reg was removed.  [D:/FPGA/prj/project_9/shared_logic/aurora_64b66b_0_support_reset_logic.v:210]
WARNING: [Synth 8-6014] Unused sequential element stg21_reg was removed.  [D:/FPGA/prj/project_9/shared_logic/aurora_64b66b_0_support_reset_logic.v:211]
WARNING: [Synth 8-6014] Unused sequential element stg22_reg was removed.  [D:/FPGA/prj/project_9/shared_logic/aurora_64b66b_0_support_reset_logic.v:212]
WARNING: [Synth 8-6014] Unused sequential element stg23_reg was removed.  [D:/FPGA/prj/project_9/shared_logic/aurora_64b66b_0_support_reset_logic.v:213]
WARNING: [Synth 8-6014] Unused sequential element stg24_reg was removed.  [D:/FPGA/prj/project_9/shared_logic/aurora_64b66b_0_support_reset_logic.v:214]
WARNING: [Synth 8-6014] Unused sequential element stg25_reg was removed.  [D:/FPGA/prj/project_9/shared_logic/aurora_64b66b_0_support_reset_logic.v:215]
WARNING: [Synth 8-6014] Unused sequential element stg26_reg was removed.  [D:/FPGA/prj/project_9/shared_logic/aurora_64b66b_0_support_reset_logic.v:216]
WARNING: [Synth 8-6014] Unused sequential element stg27_reg was removed.  [D:/FPGA/prj/project_9/shared_logic/aurora_64b66b_0_support_reset_logic.v:217]
WARNING: [Synth 8-6014] Unused sequential element stg28_reg was removed.  [D:/FPGA/prj/project_9/shared_logic/aurora_64b66b_0_support_reset_logic.v:218]
WARNING: [Synth 8-6014] Unused sequential element stg29_reg was removed.  [D:/FPGA/prj/project_9/shared_logic/aurora_64b66b_0_support_reset_logic.v:219]
WARNING: [Synth 8-6014] Unused sequential element stg30_reg was removed.  [D:/FPGA/prj/project_9/shared_logic/aurora_64b66b_0_support_reset_logic.v:220]
WARNING: [Synth 8-6014] Unused sequential element stg31_reg was removed.  [D:/FPGA/prj/project_9/shared_logic/aurora_64b66b_0_support_reset_logic.v:221]
INFO: [Synth 8-3936] Found unconnected internal register 'dly_gt_rst_r_reg' and it is trimmed from '20' to '19' bits. [D:/FPGA/prj/project_9/shared_logic/aurora_64b66b_0_support_reset_logic.v:132]
WARNING: [Synth 8-6014] Unused sequential element en_reg was removed.  [D:/FPGA/prj/project_9/rtl/axis_word_pack.v:102]
WARNING: [Synth 8-6014] Unused sequential element en_word_reg was removed.  [D:/FPGA/prj/project_9/rtl/axis_word_pack.v:102]
WARNING: [Synth 8-6014] Unused sequential element en_keep_reg was removed.  [D:/FPGA/prj/project_9/rtl/axis_word_pack.v:102]
WARNING: [Synth 8-6014] Unused sequential element en_last_reg was removed.  [D:/FPGA/prj/project_9/rtl/axis_word_pack.v:102]
WARNING: [Synth 8-6014] Unused sequential element icmp_code_reg was removed.  [D:/FPGA/prj/project_9/rtl/icmp/icmp_rx.v:166]
WARNING: [Synth 8-6014] Unused sequential element icmp_checksum_reg was removed.  [D:/FPGA/prj/project_9/rtl/icmp/icmp_rx.v:167]
WARNING: [Synth 8-6014] Unused sequential element rec_en_cnt_reg was removed.  [D:/FPGA/prj/project_9/rtl/icmp/icmp_rx.v:177]
WARNING: [Synth 8-7137] Register ip_head_reg[6] in module icmp_tx has both Set and reset with same priority. This may cause simulation mismatches. Consider rewriting code  [D:/FPGA/prj/project_9/rtl/icmp/icmp_tx.v:217]
WARNING: [Synth 8-7137] Register ip_head_reg[5] in module icmp_tx has both Set and reset with same priority. This may cause simulation mismatches. Consider rewriting code  [D:/FPGA/prj/project_9/rtl/icmp/icmp_tx.v:217]
WARNING: [Synth 8-7137] Register ip_head_reg[4] in module icmp_tx has both Set and reset with same priority. This may cause simulation mismatches. Consider rewriting code  [D:/FPGA/prj/project_9/rtl/icmp/icmp_tx.v:217]
WARNING: [Synth 8-7137] Register ip_head_reg[3] in module icmp_tx has both Set and reset with same priority. This may cause simulation mismatches. Consider rewriting code  [D:/FPGA/prj/project_9/rtl/icmp/icmp_tx.v:217]
WARNING: [Synth 8-7137] Register ip_head_reg[2] in module icmp_tx has both Set and reset with same priority. This may cause simulation mismatches. Consider rewriting code  [D:/FPGA/prj/project_9/rtl/icmp/icmp_tx.v:217]
WARNING: [Synth 8-7137] Register ip_head_reg[0] in module icmp_tx has both Set and reset with same priority. This may cause simulation mismatches. Consider rewriting code  [D:/FPGA/prj/project_9/rtl/icmp/icmp_tx.v:217]
WARNING: [Synth 8-6014] Unused sequential element ip_head_byte_num_reg was removed.  [D:/FPGA/prj/project_9/rtl/udp/udp_rx.v:145]
WARNING: [Synth 8-7137] Register ip_head_reg[6] in module udp_tx has both Set and reset with same priority. This may cause simulation mismatches. Consider rewriting code  [D:/FPGA/prj/project_10/prj_loop/rtl_patch/udp_tx.v:229]
WARNING: [Synth 8-7137] Register ip_head_reg[5] in module udp_tx has both Set and reset with same priority. This may cause simulation mismatches. Consider rewriting code  [D:/FPGA/prj/project_10/prj_loop/rtl_patch/udp_tx.v:229]
WARNING: [Synth 8-7137] Register ip_head_reg[4] in module udp_tx has both Set and reset with same priority. This may cause simulation mismatches. Consider rewriting code  [D:/FPGA/prj/project_10/prj_loop/rtl_patch/udp_tx.v:229]
WARNING: [Synth 8-7137] Register ip_head_reg[3] in module udp_tx has both Set and reset with same priority. This may cause simulation mismatches. Consider rewriting code  [D:/FPGA/prj/project_10/prj_loop/rtl_patch/udp_tx.v:229]
WARNING: [Synth 8-7137] Register ip_head_reg[2] in module udp_tx has both Set and reset with same priority. This may cause simulation mismatches. Consider rewriting code  [D:/FPGA/prj/project_10/prj_loop/rtl_patch/udp_tx.v:229]
WARNING: [Synth 8-7137] Register ip_head_reg[0] in module udp_tx has both Set and reset with same priority. This may cause simulation mismatches. Consider rewriting code  [D:/FPGA/prj/project_10/prj_loop/rtl_patch/udp_tx.v:229]
WARNING: [Synth 8-6014] Unused sequential element cmd_claim_reg was removed.  [D:/FPGA/prj/project_10/prj_loop/rtl_patch/cmd_channel.v:406]
WARNING: [Synth 8-6014] Unused sequential element ucmd_reg was removed.  [D:/FPGA/prj/project_10/prj_loop/rtl_patch/cmd_channel.v:820]
WARNING: [Synth 8-6014] Unused sequential element u_op_reg was removed.  [D:/FPGA/prj/project_10/prj_loop/rtl_patch/cmd_channel.v:821]
WARNING: [Synth 8-6014] Unused sequential element u_a0_reg was removed.  [D:/FPGA/prj/project_10/prj_loop/rtl_patch/cmd_channel.v:822]
INFO: [Synth 8-6071] Mark debug on the nets applies keep_hierarchy on instance 'u_aurora'. This will prevent further optimization [D:/FPGA/prj/project_10/rtl/aurora_mem_bridge.v:317]
INFO: [Synth 8-6071] Mark debug on the nets applies keep_hierarchy on instance 'u_pack'. This will prevent further optimization [D:/FPGA/prj/project_10/rtl/aurora_mem_bridge.v:982]
INFO: [Synth 8-6071] Mark debug on the nets applies keep_hierarchy on instance 'u_unpack'. This will prevent further optimization [D:/FPGA/prj/project_10/rtl/aurora_mem_bridge.v:999]
INFO: [Synth 8-6071] Mark debug on the nets applies keep_hierarchy on instance 'u_pump_rev'. This will prevent further optimization [D:/FPGA/prj/project_10/rtl/aurora_mem_bridge.v:1017]
INFO: [Synth 8-6071] Mark debug on the nets applies keep_hierarchy on instance 'u_mem'. This will prevent further optimization [D:/FPGA/prj/project_10/rtl/aurora_mem_bridge.v:635]
INFO: [Synth 8-6071] Mark debug on the nets applies keep_hierarchy on instance 'u_cmd'. This will prevent further optimization [D:/FPGA/prj/project_10/rtl/aurora_mem_bridge.v:587]
INFO: [Synth 8-6071] Mark debug on the nets applies keep_hierarchy on instance 'u_pump_fwd'. This will prevent further optimization [D:/FPGA/prj/project_10/rtl/aurora_mem_bridge.v:617]
INFO: [Synth 8-6071] Mark debug on the nets applies keep_hierarchy on instance 'u_eth_ctrl'. This will prevent further optimization [D:/FPGA/prj/project_10/rtl/aurora_mem_bridge.v:544]
INFO: [Synth 8-6071] Mark debug on the nets applies keep_hierarchy on instance 'u_gmii_to_rgmii'. This will prevent further optimization [D:/FPGA/prj/project_10/rtl/aurora_mem_bridge.v:442]
INFO: [Synth 8-6071] Mark debug on the nets applies keep_hierarchy on instance 'u_arp'. This will prevent further optimization [D:/FPGA/prj/project_10/rtl/aurora_mem_bridge.v:463]
INFO: [Synth 8-6071] Mark debug on the nets applies keep_hierarchy on instance 'u_udp'. This will prevent further optimization [D:/FPGA/prj/project_10/rtl/aurora_mem_bridge.v:509]
INFO: [Synth 8-6071] Mark debug on the nets applies keep_hierarchy on instance 'u_icmp'. This will prevent further optimization [D:/FPGA/prj/project_10/rtl/aurora_mem_bridge.v:485]
INFO: [Synth 8-6071] Mark debug on the nets applies keep_hierarchy on instance 'u_aurora_b'. This will prevent further optimization [D:/FPGA/prj/project_10/rtl/aurora_mem_bridge.v:408]
INFO: [Synth 8-6071] Mark debug on the nets applies keep_hierarchy on instance 'u_pack_b'. This will prevent further optimization [D:/FPGA/prj/project_10/rtl/aurora_mem_bridge.v:394]
INFO: [Synth 8-6071] Mark debug on the nets applies keep_hierarchy on instance 'u_unpack_b'. This will prevent further optimization [D:/FPGA/prj/project_10/rtl/aurora_mem_bridge.v:379]
INFO: [Synth 8-6071] Mark debug on the nets applies keep_hierarchy on instance 'u_ddr4'. This will prevent further optimization [D:/FPGA/prj/project_10/rtl/aurora_mem_bridge.v:939]
INFO: [Synth 8-6071] Mark debug on the nets applies keep_hierarchy on instance 'u_mem2'. This will prevent further optimization [D:/FPGA/prj/project_10/rtl/aurora_mem_bridge.v:772]
WARNING: [Synth 8-3917] design aurora_mem_bridge has port sfp_tx_disable driven by constant 0
WARNING: [Synth 8-3917] design aurora_mem_bridge has port sfp_rs0 driven by constant 1
WARNING: [Synth 8-3917] design aurora_mem_bridge has port sfp_rs1 driven by constant 1
WARNING: [Synth 8-3917] design aurora_mem_bridge has port sfpb_tx_disable driven by constant 0
WARNING: [Synth 8-3917] design aurora_mem_bridge has port sfpb_rs0 driven by constant 1
WARNING: [Synth 8-3917] design aurora_mem_bridge has port sfpb_rs1 driven by constant 1
WARNING: [Synth 8-7129] Port m_axi_rresp[1] in module axi4_master_bridge__parameterized0 is either unconnected or has no load
WARNING: [Synth 8-7129] Port m_axi_rresp[0] in module axi4_master_bridge__parameterized0 is either unconnected or has no load
WARNING: [Synth 8-7129] Port m_axi_rlast in module axi4_master_bridge__parameterized0 is either unconnected or has no load
WARNING: [Synth 8-7129] Port m_axi_bid[3] in module axi4_master_bridge__parameterized0 is either unconnected or has no load
WARNING: [Synth 8-7129] Port m_axi_bid[2] in module axi4_master_bridge__parameterized0 is either unconnected or has no load
WARNING: [Synth 8-7129] Port m_axi_bid[1] in module axi4_master_bridge__parameterized0 is either unconnected or has no load
WARNING: [Synth 8-7129] Port m_axi_bid[0] in module axi4_master_bridge__parameterized0 is either unconnected or has no load
WARNING: [Synth 8-7129] Port m_axi_rid[3] in module axi4_master_bridge__parameterized0 is either unconnected or has no load
WARNING: [Synth 8-7129] Port m_axi_rid[2] in module axi4_master_bridge__parameterized0 is either unconnected or has no load
WARNING: [Synth 8-7129] Port m_axi_rid[1] in module axi4_master_bridge__parameterized0 is either unconnected or has no load
WARNING: [Synth 8-7129] Port m_axi_rid[0] in module axi4_master_bridge__parameterized0 is either unconnected or has no load
WARNING: [Synth 8-7129] Port m_axi_rresp[1] in module axi4_master_bridge is either unconnected or has no load
WARNING: [Synth 8-7129] Port m_axi_rresp[0] in module axi4_master_bridge is either unconnected or has no load
WARNING: [Synth 8-7129] Port m_axi_rlast in module axi4_master_bridge is either unconnected or has no load
WARNING: [Synth 8-7129] Port m_axi_bid[3] in module axi4_master_bridge is either unconnected or has no load
WARNING: [Synth 8-7129] Port m_axi_bid[2] in module axi4_master_bridge is either unconnected or has no load
WARNING: [Synth 8-7129] Port m_axi_bid[1] in module axi4_master_bridge is either unconnected or has no load
WARNING: [Synth 8-7129] Port m_axi_bid[0] in module axi4_master_bridge is either unconnected or has no load
WARNING: [Synth 8-7129] Port m_axi_rid[3] in module axi4_master_bridge is either unconnected or has no load
WARNING: [Synth 8-7129] Port m_axi_rid[2] in module axi4_master_bridge is either unconnected or has no load
WARNING: [Synth 8-7129] Port m_axi_rid[1] in module axi4_master_bridge is either unconnected or has no load
WARNING: [Synth 8-7129] Port m_axi_rid[0] in module axi4_master_bridge is either unconnected or has no load
WARNING: [Synth 8-7129] Port arp_tx_done in module eth_ctrl is either unconnected or has no load
WARNING: [Synth 8-7129] Port crc_data[31] in module udp_tx is either unconnected or has no load
WARNING: [Synth 8-7129] Port crc_data[30] in module udp_tx is either unconnected or has no load
WARNING: [Synth 8-7129] Port crc_data[29] in module udp_tx is either unconnected or has no load
WARNING: [Synth 8-7129] Port crc_data[28] in module udp_tx is either unconnected or has no load
WARNING: [Synth 8-7129] Port crc_data[27] in module udp_tx is either unconnected or has no load
WARNING: [Synth 8-7129] Port crc_data[26] in module udp_tx is either unconnected or has no load
WARNING: [Synth 8-7129] Port crc_data[25] in module udp_tx is either unconnected or has no load
WARNING: [Synth 8-7129] Port crc_data[24] in module udp_tx is either unconnected or has no load
WARNING: [Synth 8-7129] Port crc_data[31] in module icmp_tx is either unconnected or has no load
WARNING: [Synth 8-7129] Port crc_data[30] in module icmp_tx is either unconnected or has no load
WARNING: [Synth 8-7129] Port crc_data[29] in module icmp_tx is either unconnected or has no load
WARNING: [Synth 8-7129] Port crc_data[28] in module icmp_tx is either unconnected or has no load
WARNING: [Synth 8-7129] Port crc_data[27] in module icmp_tx is either unconnected or has no load
WARNING: [Synth 8-7129] Port crc_data[26] in module icmp_tx is either unconnected or has no load
WARNING: [Synth 8-7129] Port crc_data[25] in module icmp_tx is either unconnected or has no load
WARNING: [Synth 8-7129] Port crc_data[24] in module icmp_tx is either unconnected or has no load
WARNING: [Synth 8-7129] Port crc_data[31] in module arp_tx is either unconnected or has no load
WARNING: [Synth 8-7129] Port crc_data[30] in module arp_tx is either unconnected or has no load
WARNING: [Synth 8-7129] Port crc_data[29] in module arp_tx is either unconnected or has no load
WARNING: [Synth 8-7129] Port crc_data[28] in module arp_tx is either unconnected or has no load
WARNING: [Synth 8-7129] Port crc_data[27] in module arp_tx is either unconnected or has no load
WARNING: [Synth 8-7129] Port crc_data[26] in module arp_tx is either unconnected or has no load
WARNING: [Synth 8-7129] Port crc_data[25] in module arp_tx is either unconnected or has no load
WARNING: [Synth 8-7129] Port crc_data[24] in module arp_tx is either unconnected or has no load
WARNING: [Synth 8-7129] Port GTHE3_COMMON_BGBYPASSB[0] in module gtwizard_ultrascale_v1_7_16_gthe3_common is either unconnected or has no load
WARNING: [Synth 8-7129] Port GTHE3_COMMON_BGMONITORENB[0] in module gtwizard_ultrascale_v1_7_16_gthe3_common is either unconnected or has no load
WARNING: [Synth 8-7129] Port GTHE3_COMMON_BGPDB[0] in module gtwizard_ultrascale_v1_7_16_gthe3_common is either unconnected or has no load
WARNING: [Synth 8-7129] Port GTHE3_COMMON_BGRCALOVRD[4] in module gtwizard_ultrascale_v1_7_16_gthe3_common is either unconnected or has no load
WARNING: [Synth 8-7129] Port GTHE3_COMMON_BGRCALOVRD[3] in module gtwizard_ultrascale_v1_7_16_gthe3_common is either unconnected or has no load
WARNING: [Synth 8-7129] Port GTHE3_COMMON_BGRCALOVRD[2] in module gtwizard_ultrascale_v1_7_16_gthe3_common is either unconnected or has no load
WARNING: [Synth 8-7129] Port GTHE3_COMMON_BGRCALOVRD[1] in module gtwizard_ultrascale_v1_7_16_gthe3_common is either unconnected or has no load
WARNING: [Synth 8-7129] Port GTHE3_COMMON_BGRCALOVRD[0] in module gtwizard_ultrascale_v1_7_16_gthe3_common is either unconnected or has no load
WARNING: [Synth 8-7129] Port GTHE3_COMMON_BGRCALOVRDENB[0] in module gtwizard_ultrascale_v1_7_16_gthe3_common is either unconnected or has no load
WARNING: [Synth 8-7129] Port GTHE3_COMMON_PMARSVD0[7] in module gtwizard_ultrascale_v1_7_16_gthe3_common is either unconnected or has no load
WARNING: [Synth 8-7129] Port GTHE3_COMMON_PMARSVD0[6] in module gtwizard_ultrascale_v1_7_16_gthe3_common is either unconnected or has no load
WARNING: [Synth 8-7129] Port GTHE3_COMMON_PMARSVD0[5] in module gtwizard_ultrascale_v1_7_16_gthe3_common is either unconnected or has no load
WARNING: [Synth 8-7129] Port GTHE3_COMMON_PMARSVD0[4] in module gtwizard_ultrascale_v1_7_16_gthe3_common is either unconnected or has no load
WARNING: [Synth 8-7129] Port GTHE3_COMMON_PMARSVD0[3] in module gtwizard_ultrascale_v1_7_16_gthe3_common is either unconnected or has no load
WARNING: [Synth 8-7129] Port GTHE3_COMMON_PMARSVD0[2] in module gtwizard_ultrascale_v1_7_16_gthe3_common is either unconnected or has no load
WARNING: [Synth 8-7129] Port GTHE3_COMMON_PMARSVD0[1] in module gtwizard_ultrascale_v1_7_16_gthe3_common is either unconnected or has no load
WARNING: [Synth 8-7129] Port GTHE3_COMMON_PMARSVD0[0] in module gtwizard_ultrascale_v1_7_16_gthe3_common is either unconnected or has no load
WARNING: [Synth 8-7129] Port GTHE3_COMMON_PMARSVD1[7] in module gtwizard_ultrascale_v1_7_16_gthe3_common is either unconnected or has no load
WARNING: [Synth 8-7129] Port GTHE3_COMMON_PMARSVD1[6] in module gtwizard_ultrascale_v1_7_16_gthe3_common is either unconnected or has no load
WARNING: [Synth 8-7129] Port GTHE3_COMMON_PMARSVD1[5] in module gtwizard_ultrascale_v1_7_16_gthe3_common is either unconnected or has no load
WARNING: [Synth 8-7129] Port GTHE3_COMMON_PMARSVD1[4] in module gtwizard_ultrascale_v1_7_16_gthe3_common is either unconnected or has no load
WARNING: [Synth 8-7129] Port GTHE3_COMMON_PMARSVD1[3] in module gtwizard_ultrascale_v1_7_16_gthe3_common is either unconnected or has no load
WARNING: [Synth 8-7129] Port GTHE3_COMMON_PMARSVD1[2] in module gtwizard_ultrascale_v1_7_16_gthe3_common is either unconnected or has no load
WARNING: [Synth 8-7129] Port GTHE3_COMMON_PMARSVD1[1] in module gtwizard_ultrascale_v1_7_16_gthe3_common is either unconnected or has no load
WARNING: [Synth 8-7129] Port GTHE3_COMMON_PMARSVD1[0] in module gtwizard_ultrascale_v1_7_16_gthe3_common is either unconnected or has no load
WARNING: [Synth 8-7129] Port GTHE3_COMMON_RCALENB[0] in module gtwizard_ultrascale_v1_7_16_gthe3_common is either unconnected or has no load
---------------------------------------------------------------------------------
Finished RTL Elaboration : Time (s): cpu = 00:00:10 ; elapsed = 00:00:10 . Memory (MB): peak = 3070.023 ; gain = 774.586
---------------------------------------------------------------------------------
---------------------------------------------------------------------------------
Start Handling Custom Attributes
---------------------------------------------------------------------------------
---------------------------------------------------------------------------------
Finished Handling Custom Attributes : Time (s): cpu = 00:00:10 ; elapsed = 00:00:11 . Memory (MB): peak = 3086.359 ; gain = 790.922
---------------------------------------------------------------------------------
---------------------------------------------------------------------------------
Finished RTL Optimization Phase 1 : Time (s): cpu = 00:00:10 ; elapsed = 00:00:11 . Memory (MB): peak = 3086.359 ; gain = 790.922
---------------------------------------------------------------------------------
Netlist sorting complete. Time (s): cpu = 00:00:00 ; elapsed = 00:00:00.334 . Memory (MB): peak = 3098.402 ; gain = 0.000
INFO: [Netlist 29-17] Analyzing 21 Unisim elements for replacement
INFO: [Netlist 29-28] Unisim Transformation completed in 0 CPU seconds
INFO: [Project 1-570] Preparing netlist for logic optimization

Processing XDC Constraints
Initializing timing engine
Parsing XDC File [d:/FPGA/prj/project_10/prj_loop/vivado/prj_loop.gen/sources_1/ip/async_fifo_2048x8b/async_fifo_2048x8b/async_fifo_2048x8b_in_context.xdc] for cell 'u_async_fifo_2048x8b'
Finished Parsing XDC File [d:/FPGA/prj/project_10/prj_loop/vivado/prj_loop.gen/sources_1/ip/async_fifo_2048x8b/async_fifo_2048x8b/async_fifo_2048x8b_in_context.xdc] for cell 'u_async_fifo_2048x8b'
Parsing XDC File [d:/FPGA/prj/project_10/prj_loop/vivado/prj_loop.gen/sources_1/ip/ddr4_0/ddr4_0/ddr4_0_in_context.xdc] for cell 'u_ddr4'
Finished Parsing XDC File [d:/FPGA/prj/project_10/prj_loop/vivado/prj_loop.gen/sources_1/ip/ddr4_0/ddr4_0/ddr4_0_in_context.xdc] for cell 'u_ddr4'
Parsing XDC File [d:/FPGA/prj/project_10/prj_loop/vivado/prj_loop.gen/sources_1/ip/aurora_64b66b_1/aurora_64b66b_1/aurora_64b66b_1_in_context.xdc] for cell 'u_aurora_b/aurora_64b66b_1_i'
Finished Parsing XDC File [d:/FPGA/prj/project_10/prj_loop/vivado/prj_loop.gen/sources_1/ip/aurora_64b66b_1/aurora_64b66b_1/aurora_64b66b_1_in_context.xdc] for cell 'u_aurora_b/aurora_64b66b_1_i'
Parsing XDC File [d:/FPGA/prj/project_10/prj_loop/vivado/prj_loop.gen/sources_1/ip/aurora_64b66b_0/aurora_64b66b_0/aurora_64b66b_0_in_context.xdc] for cell 'u_aurora/aurora_64b66b_0_i'
Finished Parsing XDC File [d:/FPGA/prj/project_10/prj_loop/vivado/prj_loop.gen/sources_1/ip/aurora_64b66b_0/aurora_64b66b_0/aurora_64b66b_0_in_context.xdc] for cell 'u_aurora/aurora_64b66b_0_i'
Parsing XDC File [D:/FPGA/prj/project_10/prj_loop/xdc/aurora_mem_bridge.xdc]
INFO: [Timing 38-2] Deriving generated clocks [D:/FPGA/prj/project_10/prj_loop/xdc/aurora_mem_bridge.xdc:92]
Finished Parsing XDC File [D:/FPGA/prj/project_10/prj_loop/xdc/aurora_mem_bridge.xdc]
INFO: [Project 1-236] Implementation specific constraints were found while reading constraint file [D:/FPGA/prj/project_10/prj_loop/xdc/aurora_mem_bridge.xdc]. These constraints will be ignored for synthesis but will be used in implementation. Impacted constraints are listed in the file [.Xil/aurora_mem_bridge_propImpl.xdc].
Resolution: To avoid this warning, move constraints listed in [.Xil/aurora_mem_bridge_propImpl.xdc] to another XDC file and exclude this new file from synthesis with the used_in_synthesis property (File Properties dialog in GUI) and re-run elaboration/synthesis.
Completed Processing XDC Constraints

Netlist sorting complete. Time (s): cpu = 00:00:00 ; elapsed = 00:00:00.007 . Memory (MB): peak = 3213.309 ; gain = 0.000
INFO: [Project 1-111] Unisim Transformation Summary:
  A total of 15 instances were transformed.
  BUFG => BUFGCE: 3 instances
  BUFIO => BUFGCE: 1 instance 
  IBUFDS => IBUFDS (DIFFINBUF, IBUFCTRL): 1 instance 
  IDDRE1 => ISERDESE3 (inverted pins: CLK_B): 5 instances
  ODDRE1 => OSERDESE3: 5 instances

Constraint Validation Runtime : Time (s): cpu = 00:00:00 ; elapsed = 00:00:00.135 . Memory (MB): peak = 3213.309 ; gain = 0.000
WARNING: [Timing 38-316] Clock period '10.000' specified during out-of-context synthesis of instance 'u_async_fifo_2048x8b' at clock pin 'rd_clk' is different from the actual clock period '8.000', this can lead to different synthesis results.
---------------------------------------------------------------------------------
Finished Constraint Validation : Time (s): cpu = 00:00:20 ; elapsed = 00:00:21 . Memory (MB): peak = 3213.309 ; gain = 917.871
---------------------------------------------------------------------------------
---------------------------------------------------------------------------------
Start Loading Part and Timing Information
---------------------------------------------------------------------------------
Loading part: xcku060-ffva1156-2-i
INFO: [Synth 8-6742] Reading net delay rules and data
---------------------------------------------------------------------------------
Finished Loading Part and Timing Information : Time (s): cpu = 00:00:20 ; elapsed = 00:00:21 . Memory (MB): peak = 3213.309 ; gain = 917.871
---------------------------------------------------------------------------------
---------------------------------------------------------------------------------
Start Applying 'set_property' XDC Constraints
---------------------------------------------------------------------------------
Applied set_property IO_BUFFER_TYPE = NONE for c0_ddr4_act_n. (constraint file  d:/FPGA/prj/project_10/prj_loop/vivado/prj_loop.gen/sources_1/ip/ddr4_0/ddr4_0/ddr4_0_in_context.xdc, line 1).
Applied set_property CLOCK_BUFFER_TYPE = NONE for c0_ddr4_act_n. (constraint file  d:/FPGA/prj/project_10/prj_loop/vivado/prj_loop.gen/sources_1/ip/ddr4_0/ddr4_0/ddr4_0_in_context.xdc, line 2).
Applied set_property IO_BUFFER_TYPE = NONE for c0_ddr4_adr[0]. (constraint file  d:/FPGA/prj/project_10/prj_loop/vivado/prj_loop.gen/sources_1/ip/ddr4_0/ddr4_0/ddr4_0_in_context.xdc, line 3).
Applied set_property CLOCK_BUFFER_TYPE = NONE for c0_ddr4_adr[0]. (constraint file  d:/FPGA/prj/project_10/prj_loop/vivado/prj_loop.gen/sources_1/ip/ddr4_0/ddr4_0/ddr4_0_in_context.xdc, line 4).
Applied set_property IO_BUFFER_TYPE = NONE for c0_ddr4_adr[10]. (constraint file  d:/FPGA/prj/project_10/prj_loop/vivado/prj_loop.gen/sources_1/ip/ddr4_0/ddr4_0/ddr4_0_in_context.xdc, line 5).
Applied set_property CLOCK_BUFFER_TYPE = NONE for c0_ddr4_adr[10]. (constraint file  d:/FPGA/prj/project_10/prj_loop/vivado/prj_loop.gen/sources_1/ip/ddr4_0/ddr4_0/ddr4_0_in_context.xdc, line 6).
Applied set_property IO_BUFFER_TYPE = NONE for c0_ddr4_adr[11]. (constraint file  d:/FPGA/prj/project_10/prj_loop/vivado/prj_loop.gen/sources_1/ip/ddr4_0/ddr4_0/ddr4_0_in_context.xdc, line 7).
Applied set_property CLOCK_BUFFER_TYPE = NONE for c0_ddr4_adr[11]. (constraint file  d:/FPGA/prj/project_10/prj_loop/vivado/prj_loop.gen/sources_1/ip/ddr4_0/ddr4_0/ddr4_0_in_context.xdc, line 8).
Applied set_property IO_BUFFER_TYPE = NONE for c0_ddr4_adr[12]. (constraint file  d:/FPGA/prj/project_10/prj_loop/vivado/prj_loop.gen/sources_1/ip/ddr4_0/ddr4_0/ddr4_0_in_context.xdc, line 9).
Applied set_property CLOCK_BUFFER_TYPE = NONE for c0_ddr4_adr[12]. (constraint file  d:/FPGA/prj/project_10/prj_loop/vivado/prj_loop.gen/sources_1/ip/ddr4_0/ddr4_0/ddr4_0_in_context.xdc, line 10).
Applied set_property IO_BUFFER_TYPE = NONE for c0_ddr4_adr[13]. (constraint file  d:/FPGA/prj/project_10/prj_loop/vivado/prj_loop.gen/sources_1/ip/ddr4_0/ddr4_0/ddr4_0_in_context.xdc, line 11).
Applied set_property CLOCK_BUFFER_TYPE = NONE for c0_ddr4_adr[13]. (constraint file  d:/FPGA/prj/project_10/prj_loop/vivado/prj_loop.gen/sources_1/ip/ddr4_0/ddr4_0/ddr4_0_in_context.xdc, line 12).
Applied set_property IO_BUFFER_TYPE = NONE for c0_ddr4_adr[14]. (constraint file  d:/FPGA/prj/project_10/prj_loop/vivado/prj_loop.gen/sources_1/ip/ddr4_0/ddr4_0/ddr4_0_in_context.xdc, line 13).
Applied set_property CLOCK_BUFFER_TYPE = NONE for c0_ddr4_adr[14]. (constraint file  d:/FPGA/prj/project_10/prj_loop/vivado/prj_loop.gen/sources_1/ip/ddr4_0/ddr4_0/ddr4_0_in_context.xdc, line 14).
Applied set_property IO_BUFFER_TYPE = NONE for c0_ddr4_adr[15]. (constraint file  d:/FPGA/prj/project_10/prj_loop/vivado/prj_loop.gen/sources_1/ip/ddr4_0/ddr4_0/ddr4_0_in_context.xdc, line 15).
Applied set_property CLOCK_BUFFER_TYPE = NONE for c0_ddr4_adr[15]. (constraint file  d:/FPGA/prj/project_10/prj_loop/vivado/prj_loop.gen/sources_1/ip/ddr4_0/ddr4_0/ddr4_0_in_context.xdc, line 16).
Applied set_property IO_BUFFER_TYPE = NONE for c0_ddr4_adr[16]. (constraint file  d:/FPGA/prj/project_10/prj_loop/vivado/prj_loop.gen/sources_1/ip/ddr4_0/ddr4_0/ddr4_0_in_context.xdc, line 17).
Applied set_property CLOCK_BUFFER_TYPE = NONE for c0_ddr4_adr[16]. (constraint file  d:/FPGA/prj/project_10/prj_loop/vivado/prj_loop.gen/sources_1/ip/ddr4_0/ddr4_0/ddr4_0_in_context.xdc, line 18).
Applied set_property IO_BUFFER_TYPE = NONE for c0_ddr4_adr[1]. (constraint file  d:/FPGA/prj/project_10/prj_loop/vivado/prj_loop.gen/sources_1/ip/ddr4_0/ddr4_0/ddr4_0_in_context.xdc, line 19).
Applied set_property CLOCK_BUFFER_TYPE = NONE for c0_ddr4_adr[1]. (constraint file  d:/FPGA/prj/project_10/prj_loop/vivado/prj_loop.gen/sources_1/ip/ddr4_0/ddr4_0/ddr4_0_in_context.xdc, line 20).
Applied set_property IO_BUFFER_TYPE = NONE for c0_ddr4_adr[2]. (constraint file  d:/FPGA/prj/project_10/prj_loop/vivado/prj_loop.gen/sources_1/ip/ddr4_0/ddr4_0/ddr4_0_in_context.xdc, line 21).
Applied set_property CLOCK_BUFFER_TYPE = NONE for c0_ddr4_adr[2]. (constraint file  d:/FPGA/prj/project_10/prj_loop/vivado/prj_loop.gen/sources_1/ip/ddr4_0/ddr4_0/ddr4_0_in_context.xdc, line 22).
Applied set_property IO_BUFFER_TYPE = NONE for c0_ddr4_adr[3]. (constraint file  d:/FPGA/prj/project_10/prj_loop/vivado/prj_loop.gen/sources_1/ip/ddr4_0/ddr4_0/ddr4_0_in_context.xdc, line 23).
Applied set_property CLOCK_BUFFER_TYPE = NONE for c0_ddr4_adr[3]. (constraint file  d:/FPGA/prj/project_10/prj_loop/vivado/prj_loop.gen/sources_1/ip/ddr4_0/ddr4_0/ddr4_0_in_context.xdc, line 24).
Applied set_property IO_BUFFER_TYPE = NONE for c0_ddr4_adr[4]. (constraint file  d:/FPGA/prj/project_10/prj_loop/vivado/prj_loop.gen/sources_1/ip/ddr4_0/ddr4_0/ddr4_0_in_context.xdc, line 25).
Applied set_property CLOCK_BUFFER_TYPE = NONE for c0_ddr4_adr[4]. (constraint file  d:/FPGA/prj/project_10/prj_loop/vivado/prj_loop.gen/sources_1/ip/ddr4_0/ddr4_0/ddr4_0_in_context.xdc, line 26).
Applied set_property IO_BUFFER_TYPE = NONE for c0_ddr4_adr[5]. (constraint file  d:/FPGA/prj/project_10/prj_loop/vivado/prj_loop.gen/sources_1/ip/ddr4_0/ddr4_0/ddr4_0_in_context.xdc, line 27).
Applied set_property CLOCK_BUFFER_TYPE = NONE for c0_ddr4_adr[5]. (constraint file  d:/FPGA/prj/project_10/prj_loop/vivado/prj_loop.gen/sources_1/ip/ddr4_0/ddr4_0/ddr4_0_in_context.xdc, line 28).
Applied set_property IO_BUFFER_TYPE = NONE for c0_ddr4_adr[6]. (constraint file  d:/FPGA/prj/project_10/prj_loop/vivado/prj_loop.gen/sources_1/ip/ddr4_0/ddr4_0/ddr4_0_in_context.xdc, line 29).
Applied set_property CLOCK_BUFFER_TYPE = NONE for c0_ddr4_adr[6]. (constraint file  d:/FPGA/prj/project_10/prj_loop/vivado/prj_loop.gen/sources_1/ip/ddr4_0/ddr4_0/ddr4_0_in_context.xdc, line 30).
Applied set_property IO_BUFFER_TYPE = NONE for c0_ddr4_adr[7]. (constraint file  d:/FPGA/prj/project_10/prj_loop/vivado/prj_loop.gen/sources_1/ip/ddr4_0/ddr4_0/ddr4_0_in_context.xdc, line 31).
Applied set_property CLOCK_BUFFER_TYPE = NONE for c0_ddr4_adr[7]. (constraint file  d:/FPGA/prj/project_10/prj_loop/vivado/prj_loop.gen/sources_1/ip/ddr4_0/ddr4_0/ddr4_0_in_context.xdc, line 32).
Applied set_property IO_BUFFER_TYPE = NONE for c0_ddr4_adr[8]. (constraint file  d:/FPGA/prj/project_10/prj_loop/vivado/prj_loop.gen/sources_1/ip/ddr4_0/ddr4_0/ddr4_0_in_context.xdc, line 33).
Applied set_property CLOCK_BUFFER_TYPE = NONE for c0_ddr4_adr[8]. (constraint file  d:/FPGA/prj/project_10/prj_loop/vivado/prj_loop.gen/sources_1/ip/ddr4_0/ddr4_0/ddr4_0_in_context.xdc, line 34).
Applied set_property IO_BUFFER_TYPE = NONE for c0_ddr4_adr[9]. (constraint file  d:/FPGA/prj/project_10/prj_loop/vivado/prj_loop.gen/sources_1/ip/ddr4_0/ddr4_0/ddr4_0_in_context.xdc, line 35).
Applied set_property CLOCK_BUFFER_TYPE = NONE for c0_ddr4_adr[9]. (constraint file  d:/FPGA/prj/project_10/prj_loop/vivado/prj_loop.gen/sources_1/ip/ddr4_0/ddr4_0/ddr4_0_in_context.xdc, line 36).
Applied set_property IO_BUFFER_TYPE = NONE for c0_ddr4_ba[0]. (constraint file  d:/FPGA/prj/project_10/prj_loop/vivado/prj_loop.gen/sources_1/ip/ddr4_0/ddr4_0/ddr4_0_in_context.xdc, line 37).
Applied set_property CLOCK_BUFFER_TYPE = NONE for c0_ddr4_ba[0]. (constraint file  d:/FPGA/prj/project_10/prj_loop/vivado/prj_loop.gen/sources_1/ip/ddr4_0/ddr4_0/ddr4_0_in_context.xdc, line 38).
Applied set_property IO_BUFFER_TYPE = NONE for c0_ddr4_ba[1]. (constraint file  d:/FPGA/prj/project_10/prj_loop/vivado/prj_loop.gen/sources_1/ip/ddr4_0/ddr4_0/ddr4_0_in_context.xdc, line 39).
Applied set_property CLOCK_BUFFER_TYPE = NONE for c0_ddr4_ba[1]. (constraint file  d:/FPGA/prj/project_10/prj_loop/vivado/prj_loop.gen/sources_1/ip/ddr4_0/ddr4_0/ddr4_0_in_context.xdc, line 40).
Applied set_property IO_BUFFER_TYPE = NONE for c0_ddr4_bg[0]. (constraint file  d:/FPGA/prj/project_10/prj_loop/vivado/prj_loop.gen/sources_1/ip/ddr4_0/ddr4_0/ddr4_0_in_context.xdc, line 41).
Applied set_property CLOCK_BUFFER_TYPE = NONE for c0_ddr4_bg[0]. (constraint file  d:/FPGA/prj/project_10/prj_loop/vivado/prj_loop.gen/sources_1/ip/ddr4_0/ddr4_0/ddr4_0_in_context.xdc, line 42).
Applied set_property IO_BUFFER_TYPE = NONE for c0_ddr4_ck_c[0]. (constraint file  d:/FPGA/prj/project_10/prj_loop/vivado/prj_loop.gen/sources_1/ip/ddr4_0/ddr4_0/ddr4_0_in_context.xdc, line 43).
Applied set_property CLOCK_BUFFER_TYPE = NONE for c0_ddr4_ck_c[0]. (constraint file  d:/FPGA/prj/project_10/prj_loop/vivado/prj_loop.gen/sources_1/ip/ddr4_0/ddr4_0/ddr4_0_in_context.xdc, line 44).
Applied set_property IO_BUFFER_TYPE = NONE for c0_ddr4_ck_t[0]. (constraint file  d:/FPGA/prj/project_10/prj_loop/vivado/prj_loop.gen/sources_1/ip/ddr4_0/ddr4_0/ddr4_0_in_context.xdc, line 45).
Applied set_property CLOCK_BUFFER_TYPE = NONE for c0_ddr4_ck_t[0]. (constraint file  d:/FPGA/prj/project_10/prj_loop/vivado/prj_loop.gen/sources_1/ip/ddr4_0/ddr4_0/ddr4_0_in_context.xdc, line 46).
Applied set_property IO_BUFFER_TYPE = NONE for c0_ddr4_cke[0]. (constraint file  d:/FPGA/prj/project_10/prj_loop/vivado/prj_loop.gen/sources_1/ip/ddr4_0/ddr4_0/ddr4_0_in_context.xdc, line 47).
Applied set_property CLOCK_BUFFER_TYPE = NONE for c0_ddr4_cke[0]. (constraint file  d:/FPGA/prj/project_10/prj_loop/vivado/prj_loop.gen/sources_1/ip/ddr4_0/ddr4_0/ddr4_0_in_context.xdc, line 48).
Applied set_property IO_BUFFER_TYPE = NONE for c0_ddr4_cs_n[0]. (constraint file  d:/FPGA/prj/project_10/prj_loop/vivado/prj_loop.gen/sources_1/ip/ddr4_0/ddr4_0/ddr4_0_in_context.xdc, line 49).
Applied set_property CLOCK_BUFFER_TYPE = NONE for c0_ddr4_cs_n[0]. (constraint file  d:/FPGA/prj/project_10/prj_loop/vivado/prj_loop.gen/sources_1/ip/ddr4_0/ddr4_0/ddr4_0_in_context.xdc, line 50).
Applied set_property IO_BUFFER_TYPE = NONE for c0_ddr4_dm_dbi_n[0]. (constraint file  d:/FPGA/prj/project_10/prj_loop/vivado/prj_loop.gen/sources_1/ip/ddr4_0/ddr4_0/ddr4_0_in_context.xdc, line 51).
Applied set_property CLOCK_BUFFER_TYPE = NONE for c0_ddr4_dm_dbi_n[0]. (constraint file  d:/FPGA/prj/project_10/prj_loop/vivado/prj_loop.gen/sources_1/ip/ddr4_0/ddr4_0/ddr4_0_in_context.xdc, line 52).
Applied set_property IO_BUFFER_TYPE = NONE for c0_ddr4_dm_dbi_n[1]. (constraint file  d:/FPGA/prj/project_10/prj_loop/vivado/prj_loop.gen/sources_1/ip/ddr4_0/ddr4_0/ddr4_0_in_context.xdc, line 53).
Applied set_property CLOCK_BUFFER_TYPE = NONE for c0_ddr4_dm_dbi_n[1]. (constraint file  d:/FPGA/prj/project_10/prj_loop/vivado/prj_loop.gen/sources_1/ip/ddr4_0/ddr4_0/ddr4_0_in_context.xdc, line 54).
Applied set_property IO_BUFFER_TYPE = NONE for c0_ddr4_dm_dbi_n[2]. (constraint file  d:/FPGA/prj/project_10/prj_loop/vivado/prj_loop.gen/sources_1/ip/ddr4_0/ddr4_0/ddr4_0_in_context.xdc, line 55).
Applied set_property CLOCK_BUFFER_TYPE = NONE for c0_ddr4_dm_dbi_n[2]. (constraint file  d:/FPGA/prj/project_10/prj_loop/vivado/prj_loop.gen/sources_1/ip/ddr4_0/ddr4_0/ddr4_0_in_context.xdc, line 56).
Applied set_property IO_BUFFER_TYPE = NONE for c0_ddr4_dm_dbi_n[3]. (constraint file  d:/FPGA/prj/project_10/prj_loop/vivado/prj_loop.gen/sources_1/ip/ddr4_0/ddr4_0/ddr4_0_in_context.xdc, line 57).
Applied set_property CLOCK_BUFFER_TYPE = NONE for c0_ddr4_dm_dbi_n[3]. (constraint file  d:/FPGA/prj/project_10/prj_loop/vivado/prj_loop.gen/sources_1/ip/ddr4_0/ddr4_0/ddr4_0_in_context.xdc, line 58).
Applied set_property IO_BUFFER_TYPE = NONE for c0_ddr4_dm_dbi_n[4]. (constraint file  d:/FPGA/prj/project_10/prj_loop/vivado/prj_loop.gen/sources_1/ip/ddr4_0/ddr4_0/ddr4_0_in_context.xdc, line 59).
Applied set_property CLOCK_BUFFER_TYPE = NONE for c0_ddr4_dm_dbi_n[4]. (constraint file  d:/FPGA/prj/project_10/prj_loop/vivado/prj_loop.gen/sources_1/ip/ddr4_0/ddr4_0/ddr4_0_in_context.xdc, line 60).
Applied set_property IO_BUFFER_TYPE = NONE for c0_ddr4_dm_dbi_n[5]. (constraint file  d:/FPGA/prj/project_10/prj_loop/vivado/prj_loop.gen/sources_1/ip/ddr4_0/ddr4_0/ddr4_0_in_context.xdc, line 61).
Applied set_property CLOCK_BUFFER_TYPE = NONE for c0_ddr4_dm_dbi_n[5]. (constraint file  d:/FPGA/prj/project_10/prj_loop/vivado/prj_loop.gen/sources_1/ip/ddr4_0/ddr4_0/ddr4_0_in_context.xdc, line 62).
Applied set_property IO_BUFFER_TYPE = NONE for c0_ddr4_dm_dbi_n[6]. (constraint file  d:/FPGA/prj/project_10/prj_loop/vivado/prj_loop.gen/sources_1/ip/ddr4_0/ddr4_0/ddr4_0_in_context.xdc, line 63).
Applied set_property CLOCK_BUFFER_TYPE = NONE for c0_ddr4_dm_dbi_n[6]. (constraint file  d:/FPGA/prj/project_10/prj_loop/vivado/prj_loop.gen/sources_1/ip/ddr4_0/ddr4_0/ddr4_0_in_context.xdc, line 64).
Applied set_property IO_BUFFER_TYPE = NONE for c0_ddr4_dm_dbi_n[7]. (constraint file  d:/FPGA/prj/project_10/prj_loop/vivado/prj_loop.gen/sources_1/ip/ddr4_0/ddr4_0/ddr4_0_in_context.xdc, line 65).
Applied set_property CLOCK_BUFFER_TYPE = NONE for c0_ddr4_dm_dbi_n[7]. (constraint file  d:/FPGA/prj/project_10/prj_loop/vivado/prj_loop.gen/sources_1/ip/ddr4_0/ddr4_0/ddr4_0_in_context.xdc, line 66).
Applied set_property IO_BUFFER_TYPE = NONE for c0_ddr4_dq[0]. (constraint file  d:/FPGA/prj/project_10/prj_loop/vivado/prj_loop.gen/sources_1/ip/ddr4_0/ddr4_0/ddr4_0_in_context.xdc, line 67).
Applied set_property CLOCK_BUFFER_TYPE = NONE for c0_ddr4_dq[0]. (constraint file  d:/FPGA/prj/project_10/prj_loop/vivado/prj_loop.gen/sources_1/ip/ddr4_0/ddr4_0/ddr4_0_in_context.xdc, line 68).
Applied set_property IO_BUFFER_TYPE = NONE for c0_ddr4_dq[10]. (constraint file  d:/FPGA/prj/project_10/prj_loop/vivado/prj_loop.gen/sources_1/ip/ddr4_0/ddr4_0/ddr4_0_in_context.xdc, line 69).
Applied set_property CLOCK_BUFFER_TYPE = NONE for c0_ddr4_dq[10]. (constraint file  d:/FPGA/prj/project_10/prj_loop/vivado/prj_loop.gen/sources_1/ip/ddr4_0/ddr4_0/ddr4_0_in_context.xdc, line 70).
Applied set_property IO_BUFFER_TYPE = NONE for c0_ddr4_dq[11]. (constraint file  d:/FPGA/prj/project_10/prj_loop/vivado/prj_loop.gen/sources_1/ip/ddr4_0/ddr4_0/ddr4_0_in_context.xdc, line 71).
Applied set_property CLOCK_BUFFER_TYPE = NONE for c0_ddr4_dq[11]. (constraint file  d:/FPGA/prj/project_10/prj_loop/vivado/prj_loop.gen/sources_1/ip/ddr4_0/ddr4_0/ddr4_0_in_context.xdc, line 72).
Applied set_property IO_BUFFER_TYPE = NONE for c0_ddr4_dq[12]. (constraint file  d:/FPGA/prj/project_10/prj_loop/vivado/prj_loop.gen/sources_1/ip/ddr4_0/ddr4_0/ddr4_0_in_context.xdc, line 73).
Applied set_property CLOCK_BUFFER_TYPE = NONE for c0_ddr4_dq[12]. (constraint file  d:/FPGA/prj/project_10/prj_loop/vivado/prj_loop.gen/sources_1/ip/ddr4_0/ddr4_0/ddr4_0_in_context.xdc, line 74).
Applied set_property IO_BUFFER_TYPE = NONE for c0_ddr4_dq[13]. (constraint file  d:/FPGA/prj/project_10/prj_loop/vivado/prj_loop.gen/sources_1/ip/ddr4_0/ddr4_0/ddr4_0_in_context.xdc, line 75).
Applied set_property CLOCK_BUFFER_TYPE = NONE for c0_ddr4_dq[13]. (constraint file  d:/FPGA/prj/project_10/prj_loop/vivado/prj_loop.gen/sources_1/ip/ddr4_0/ddr4_0/ddr4_0_in_context.xdc, line 76).
Applied set_property IO_BUFFER_TYPE = NONE for c0_ddr4_dq[14]. (constraint file  d:/FPGA/prj/project_10/prj_loop/vivado/prj_loop.gen/sources_1/ip/ddr4_0/ddr4_0/ddr4_0_in_context.xdc, line 77).
Applied set_property CLOCK_BUFFER_TYPE = NONE for c0_ddr4_dq[14]. (constraint file  d:/FPGA/prj/project_10/prj_loop/vivado/prj_loop.gen/sources_1/ip/ddr4_0/ddr4_0/ddr4_0_in_context.xdc, line 78).
Applied set_property IO_BUFFER_TYPE = NONE for c0_ddr4_dq[15]. (constraint file  d:/FPGA/prj/project_10/prj_loop/vivado/prj_loop.gen/sources_1/ip/ddr4_0/ddr4_0/ddr4_0_in_context.xdc, line 79).
Applied set_property CLOCK_BUFFER_TYPE = NONE for c0_ddr4_dq[15]. (constraint file  d:/FPGA/prj/project_10/prj_loop/vivado/prj_loop.gen/sources_1/ip/ddr4_0/ddr4_0/ddr4_0_in_context.xdc, line 80).
Applied set_property IO_BUFFER_TYPE = NONE for c0_ddr4_dq[16]. (constraint file  d:/FPGA/prj/project_10/prj_loop/vivado/prj_loop.gen/sources_1/ip/ddr4_0/ddr4_0/ddr4_0_in_context.xdc, line 81).
Applied set_property CLOCK_BUFFER_TYPE = NONE for c0_ddr4_dq[16]. (constraint file  d:/FPGA/prj/project_10/prj_loop/vivado/prj_loop.gen/sources_1/ip/ddr4_0/ddr4_0/ddr4_0_in_context.xdc, line 82).
Applied set_property IO_BUFFER_TYPE = NONE for c0_ddr4_dq[17]. (constraint file  d:/FPGA/prj/project_10/prj_loop/vivado/prj_loop.gen/sources_1/ip/ddr4_0/ddr4_0/ddr4_0_in_context.xdc, line 83).
Applied set_property CLOCK_BUFFER_TYPE = NONE for c0_ddr4_dq[17]. (constraint file  d:/FPGA/prj/project_10/prj_loop/vivado/prj_loop.gen/sources_1/ip/ddr4_0/ddr4_0/ddr4_0_in_context.xdc, line 84).
Applied set_property IO_BUFFER_TYPE = NONE for c0_ddr4_dq[18]. (constraint file  d:/FPGA/prj/project_10/prj_loop/vivado/prj_loop.gen/sources_1/ip/ddr4_0/ddr4_0/ddr4_0_in_context.xdc, line 85).
Applied set_property CLOCK_BUFFER_TYPE = NONE for c0_ddr4_dq[18]. (constraint file  d:/FPGA/prj/project_10/prj_loop/vivado/prj_loop.gen/sources_1/ip/ddr4_0/ddr4_0/ddr4_0_in_context.xdc, line 86).
Applied set_property IO_BUFFER_TYPE = NONE for c0_ddr4_dq[19]. (constraint file  d:/FPGA/prj/project_10/prj_loop/vivado/prj_loop.gen/sources_1/ip/ddr4_0/ddr4_0/ddr4_0_in_context.xdc, line 87).
Applied set_property CLOCK_BUFFER_TYPE = NONE for c0_ddr4_dq[19]. (constraint file  d:/FPGA/prj/project_10/prj_loop/vivado/prj_loop.gen/sources_1/ip/ddr4_0/ddr4_0/ddr4_0_in_context.xdc, line 88).
Applied set_property IO_BUFFER_TYPE = NONE for c0_ddr4_dq[1]. (constraint file  d:/FPGA/prj/project_10/prj_loop/vivado/prj_loop.gen/sources_1/ip/ddr4_0/ddr4_0/ddr4_0_in_context.xdc, line 89).
Applied set_property CLOCK_BUFFER_TYPE = NONE for c0_ddr4_dq[1]. (constraint file  d:/FPGA/prj/project_10/prj_loop/vivado/prj_loop.gen/sources_1/ip/ddr4_0/ddr4_0/ddr4_0_in_context.xdc, line 90).
Applied set_property IO_BUFFER_TYPE = NONE for c0_ddr4_dq[20]. (constraint file  d:/FPGA/prj/project_10/prj_loop/vivado/prj_loop.gen/sources_1/ip/ddr4_0/ddr4_0/ddr4_0_in_context.xdc, line 91).
Applied set_property CLOCK_BUFFER_TYPE = NONE for c0_ddr4_dq[20]. (constraint file  d:/FPGA/prj/project_10/prj_loop/vivado/prj_loop.gen/sources_1/ip/ddr4_0/ddr4_0/ddr4_0_in_context.xdc, line 92).
Applied set_property IO_BUFFER_TYPE = NONE for c0_ddr4_dq[21]. (constraint file  d:/FPGA/prj/project_10/prj_loop/vivado/prj_loop.gen/sources_1/ip/ddr4_0/ddr4_0/ddr4_0_in_context.xdc, line 93).
Applied set_property CLOCK_BUFFER_TYPE = NONE for c0_ddr4_dq[21]. (constraint file  d:/FPGA/prj/project_10/prj_loop/vivado/prj_loop.gen/sources_1/ip/ddr4_0/ddr4_0/ddr4_0_in_context.xdc, line 94).
Applied set_property IO_BUFFER_TYPE = NONE for c0_ddr4_dq[22]. (constraint file  d:/FPGA/prj/project_10/prj_loop/vivado/prj_loop.gen/sources_1/ip/ddr4_0/ddr4_0/ddr4_0_in_context.xdc, line 95).
Applied set_property CLOCK_BUFFER_TYPE = NONE for c0_ddr4_dq[22]. (constraint file  d:/FPGA/prj/project_10/prj_loop/vivado/prj_loop.gen/sources_1/ip/ddr4_0/ddr4_0/ddr4_0_in_context.xdc, line 96).
Applied set_property IO_BUFFER_TYPE = NONE for c0_ddr4_dq[23]. (constraint file  d:/FPGA/prj/project_10/prj_loop/vivado/prj_loop.gen/sources_1/ip/ddr4_0/ddr4_0/ddr4_0_in_context.xdc, line 97).
Applied set_property CLOCK_BUFFER_TYPE = NONE for c0_ddr4_dq[23]. (constraint file  d:/FPGA/prj/project_10/prj_loop/vivado/prj_loop.gen/sources_1/ip/ddr4_0/ddr4_0/ddr4_0_in_context.xdc, line 98).
Applied set_property IO_BUFFER_TYPE = NONE for c0_ddr4_dq[24]. (constraint file  d:/FPGA/prj/project_10/prj_loop/vivado/prj_loop.gen/sources_1/ip/ddr4_0/ddr4_0/ddr4_0_in_context.xdc, line 99).
Applied set_property CLOCK_BUFFER_TYPE = NONE for c0_ddr4_dq[24]. (constraint file  d:/FPGA/prj/project_10/prj_loop/vivado/prj_loop.gen/sources_1/ip/ddr4_0/ddr4_0/ddr4_0_in_context.xdc, line 100).
Applied set_property IO_BUFFER_TYPE = NONE for c0_ddr4_dq[25]. (constraint file  d:/FPGA/prj/project_10/prj_loop/vivado/prj_loop.gen/sources_1/ip/ddr4_0/ddr4_0/ddr4_0_in_context.xdc, line 101).
Applied set_property CLOCK_BUFFER_TYPE = NONE for c0_ddr4_dq[25]. (constraint file  d:/FPGA/prj/project_10/prj_loop/vivado/prj_loop.gen/sources_1/ip/ddr4_0/ddr4_0/ddr4_0_in_context.xdc, line 102).
Applied set_property IO_BUFFER_TYPE = NONE for c0_ddr4_dq[26]. (constraint file  d:/FPGA/prj/project_10/prj_loop/vivado/prj_loop.gen/sources_1/ip/ddr4_0/ddr4_0/ddr4_0_in_context.xdc, line 103).
Applied set_property CLOCK_BUFFER_TYPE = NONE for c0_ddr4_dq[26]. (constraint file  d:/FPGA/prj/project_10/prj_loop/vivado/prj_loop.gen/sources_1/ip/ddr4_0/ddr4_0/ddr4_0_in_context.xdc, line 104).
Applied set_property IO_BUFFER_TYPE = NONE for c0_ddr4_dq[27]. (constraint file  d:/FPGA/prj/project_10/prj_loop/vivado/prj_loop.gen/sources_1/ip/ddr4_0/ddr4_0/ddr4_0_in_context.xdc, line 105).
Applied set_property CLOCK_BUFFER_TYPE = NONE for c0_ddr4_dq[27]. (constraint file  d:/FPGA/prj/project_10/prj_loop/vivado/prj_loop.gen/sources_1/ip/ddr4_0/ddr4_0/ddr4_0_in_context.xdc, line 106).
Applied set_property IO_BUFFER_TYPE = NONE for c0_ddr4_dq[28]. (constraint file  d:/FPGA/prj/project_10/prj_loop/vivado/prj_loop.gen/sources_1/ip/ddr4_0/ddr4_0/ddr4_0_in_context.xdc, line 107).
Applied set_property CLOCK_BUFFER_TYPE = NONE for c0_ddr4_dq[28]. (constraint file  d:/FPGA/prj/project_10/prj_loop/vivado/prj_loop.gen/sources_1/ip/ddr4_0/ddr4_0/ddr4_0_in_context.xdc, line 108).
Applied set_property IO_BUFFER_TYPE = NONE for c0_ddr4_dq[29]. (constraint file  d:/FPGA/prj/project_10/prj_loop/vivado/prj_loop.gen/sources_1/ip/ddr4_0/ddr4_0/ddr4_0_in_context.xdc, line 109).
Applied set_property CLOCK_BUFFER_TYPE = NONE for c0_ddr4_dq[29]. (constraint file  d:/FPGA/prj/project_10/prj_loop/vivado/prj_loop.gen/sources_1/ip/ddr4_0/ddr4_0/ddr4_0_in_context.xdc, line 110).
Applied set_property IO_BUFFER_TYPE = NONE for c0_ddr4_dq[2]. (constraint file  d:/FPGA/prj/project_10/prj_loop/vivado/prj_loop.gen/sources_1/ip/ddr4_0/ddr4_0/ddr4_0_in_context.xdc, line 111).
Applied set_property CLOCK_BUFFER_TYPE = NONE for c0_ddr4_dq[2]. (constraint file  d:/FPGA/prj/project_10/prj_loop/vivado/prj_loop.gen/sources_1/ip/ddr4_0/ddr4_0/ddr4_0_in_context.xdc, line 112).
Applied set_property IO_BUFFER_TYPE = NONE for c0_ddr4_dq[30]. (constraint file  d:/FPGA/prj/project_10/prj_loop/vivado/prj_loop.gen/sources_1/ip/ddr4_0/ddr4_0/ddr4_0_in_context.xdc, line 113).
Applied set_property CLOCK_BUFFER_TYPE = NONE for c0_ddr4_dq[30]. (constraint file  d:/FPGA/prj/project_10/prj_loop/vivado/prj_loop.gen/sources_1/ip/ddr4_0/ddr4_0/ddr4_0_in_context.xdc, line 114).
Applied set_property IO_BUFFER_TYPE = NONE for c0_ddr4_dq[31]. (constraint file  d:/FPGA/prj/project_10/prj_loop/vivado/prj_loop.gen/sources_1/ip/ddr4_0/ddr4_0/ddr4_0_in_context.xdc, line 115).
Applied set_property CLOCK_BUFFER_TYPE = NONE for c0_ddr4_dq[31]. (constraint file  d:/FPGA/prj/project_10/prj_loop/vivado/prj_loop.gen/sources_1/ip/ddr4_0/ddr4_0/ddr4_0_in_context.xdc, line 116).
Applied set_property IO_BUFFER_TYPE = NONE for c0_ddr4_dq[32]. (constraint file  d:/FPGA/prj/project_10/prj_loop/vivado/prj_loop.gen/sources_1/ip/ddr4_0/ddr4_0/ddr4_0_in_context.xdc, line 117).
Applied set_property CLOCK_BUFFER_TYPE = NONE for c0_ddr4_dq[32]. (constraint file  d:/FPGA/prj/project_10/prj_loop/vivado/prj_loop.gen/sources_1/ip/ddr4_0/ddr4_0/ddr4_0_in_context.xdc, line 118).
Applied set_property IO_BUFFER_TYPE = NONE for c0_ddr4_dq[33]. (constraint file  d:/FPGA/prj/project_10/prj_loop/vivado/prj_loop.gen/sources_1/ip/ddr4_0/ddr4_0/ddr4_0_in_context.xdc, line 119).
Applied set_property CLOCK_BUFFER_TYPE = NONE for c0_ddr4_dq[33]. (constraint file  d:/FPGA/prj/project_10/prj_loop/vivado/prj_loop.gen/sources_1/ip/ddr4_0/ddr4_0/ddr4_0_in_context.xdc, line 120).
Applied set_property IO_BUFFER_TYPE = NONE for c0_ddr4_dq[34]. (constraint file  d:/FPGA/prj/project_10/prj_loop/vivado/prj_loop.gen/sources_1/ip/ddr4_0/ddr4_0/ddr4_0_in_context.xdc, line 121).
Applied set_property CLOCK_BUFFER_TYPE = NONE for c0_ddr4_dq[34]. (constraint file  d:/FPGA/prj/project_10/prj_loop/vivado/prj_loop.gen/sources_1/ip/ddr4_0/ddr4_0/ddr4_0_in_context.xdc, line 122).
Applied set_property IO_BUFFER_TYPE = NONE for c0_ddr4_dq[35]. (constraint file  d:/FPGA/prj/project_10/prj_loop/vivado/prj_loop.gen/sources_1/ip/ddr4_0/ddr4_0/ddr4_0_in_context.xdc, line 123).
Applied set_property CLOCK_BUFFER_TYPE = NONE for c0_ddr4_dq[35]. (constraint file  d:/FPGA/prj/project_10/prj_loop/vivado/prj_loop.gen/sources_1/ip/ddr4_0/ddr4_0/ddr4_0_in_context.xdc, line 124).
Applied set_property IO_BUFFER_TYPE = NONE for c0_ddr4_dq[36]. (constraint file  d:/FPGA/prj/project_10/prj_loop/vivado/prj_loop.gen/sources_1/ip/ddr4_0/ddr4_0/ddr4_0_in_context.xdc, line 125).
Applied set_property CLOCK_BUFFER_TYPE = NONE for c0_ddr4_dq[36]. (constraint file  d:/FPGA/prj/project_10/prj_loop/vivado/prj_loop.gen/sources_1/ip/ddr4_0/ddr4_0/ddr4_0_in_context.xdc, line 126).
Applied set_property IO_BUFFER_TYPE = NONE for c0_ddr4_dq[37]. (constraint file  d:/FPGA/prj/project_10/prj_loop/vivado/prj_loop.gen/sources_1/ip/ddr4_0/ddr4_0/ddr4_0_in_context.xdc, line 127).
Applied set_property CLOCK_BUFFER_TYPE = NONE for c0_ddr4_dq[37]. (constraint file  d:/FPGA/prj/project_10/prj_loop/vivado/prj_loop.gen/sources_1/ip/ddr4_0/ddr4_0/ddr4_0_in_context.xdc, line 128).
Applied set_property IO_BUFFER_TYPE = NONE for c0_ddr4_dq[38]. (constraint file  d:/FPGA/prj/project_10/prj_loop/vivado/prj_loop.gen/sources_1/ip/ddr4_0/ddr4_0/ddr4_0_in_context.xdc, line 129).
Applied set_property CLOCK_BUFFER_TYPE = NONE for c0_ddr4_dq[38]. (constraint file  d:/FPGA/prj/project_10/prj_loop/vivado/prj_loop.gen/sources_1/ip/ddr4_0/ddr4_0/ddr4_0_in_context.xdc, line 130).
Applied set_property IO_BUFFER_TYPE = NONE for c0_ddr4_dq[39]. (constraint file  d:/FPGA/prj/project_10/prj_loop/vivado/prj_loop.gen/sources_1/ip/ddr4_0/ddr4_0/ddr4_0_in_context.xdc, line 131).
Applied set_property CLOCK_BUFFER_TYPE = NONE for c0_ddr4_dq[39]. (constraint file  d:/FPGA/prj/project_10/prj_loop/vivado/prj_loop.gen/sources_1/ip/ddr4_0/ddr4_0/ddr4_0_in_context.xdc, line 132).
Applied set_property IO_BUFFER_TYPE = NONE for c0_ddr4_dq[3]. (constraint file  d:/FPGA/prj/project_10/prj_loop/vivado/prj_loop.gen/sources_1/ip/ddr4_0/ddr4_0/ddr4_0_in_context.xdc, line 133).
Applied set_property CLOCK_BUFFER_TYPE = NONE for c0_ddr4_dq[3]. (constraint file  d:/FPGA/prj/project_10/prj_loop/vivado/prj_loop.gen/sources_1/ip/ddr4_0/ddr4_0/ddr4_0_in_context.xdc, line 134).
Applied set_property IO_BUFFER_TYPE = NONE for c0_ddr4_dq[40]. (constraint file  d:/FPGA/prj/project_10/prj_loop/vivado/prj_loop.gen/sources_1/ip/ddr4_0/ddr4_0/ddr4_0_in_context.xdc, line 135).
Applied set_property CLOCK_BUFFER_TYPE = NONE for c0_ddr4_dq[40]. (constraint file  d:/FPGA/prj/project_10/prj_loop/vivado/prj_loop.gen/sources_1/ip/ddr4_0/ddr4_0/ddr4_0_in_context.xdc, line 136).
Applied set_property IO_BUFFER_TYPE = NONE for c0_ddr4_dq[41]. (constraint file  d:/FPGA/prj/project_10/prj_loop/vivado/prj_loop.gen/sources_1/ip/ddr4_0/ddr4_0/ddr4_0_in_context.xdc, line 137).
Applied set_property CLOCK_BUFFER_TYPE = NONE for c0_ddr4_dq[41]. (constraint file  d:/FPGA/prj/project_10/prj_loop/vivado/prj_loop.gen/sources_1/ip/ddr4_0/ddr4_0/ddr4_0_in_context.xdc, line 138).
Applied set_property IO_BUFFER_TYPE = NONE for c0_ddr4_dq[42]. (constraint file  d:/FPGA/prj/project_10/prj_loop/vivado/prj_loop.gen/sources_1/ip/ddr4_0/ddr4_0/ddr4_0_in_context.xdc, line 139).
Applied set_property CLOCK_BUFFER_TYPE = NONE for c0_ddr4_dq[42]. (constraint file  d:/FPGA/prj/project_10/prj_loop/vivado/prj_loop.gen/sources_1/ip/ddr4_0/ddr4_0/ddr4_0_in_context.xdc, line 140).
Applied set_property IO_BUFFER_TYPE = NONE for c0_ddr4_dq[43]. (constraint file  d:/FPGA/prj/project_10/prj_loop/vivado/prj_loop.gen/sources_1/ip/ddr4_0/ddr4_0/ddr4_0_in_context.xdc, line 141).
Applied set_property CLOCK_BUFFER_TYPE = NONE for c0_ddr4_dq[43]. (constraint file  d:/FPGA/prj/project_10/prj_loop/vivado/prj_loop.gen/sources_1/ip/ddr4_0/ddr4_0/ddr4_0_in_context.xdc, line 142).
Applied set_property IO_BUFFER_TYPE = NONE for c0_ddr4_dq[44]. (constraint file  d:/FPGA/prj/project_10/prj_loop/vivado/prj_loop.gen/sources_1/ip/ddr4_0/ddr4_0/ddr4_0_in_context.xdc, line 143).
Applied set_property CLOCK_BUFFER_TYPE = NONE for c0_ddr4_dq[44]. (constraint file  d:/FPGA/prj/project_10/prj_loop/vivado/prj_loop.gen/sources_1/ip/ddr4_0/ddr4_0/ddr4_0_in_context.xdc, line 144).
Applied set_property IO_BUFFER_TYPE = NONE for c0_ddr4_dq[45]. (constraint file  d:/FPGA/prj/project_10/prj_loop/vivado/prj_loop.gen/sources_1/ip/ddr4_0/ddr4_0/ddr4_0_in_context.xdc, line 145).
Applied set_property CLOCK_BUFFER_TYPE = NONE for c0_ddr4_dq[45]. (constraint file  d:/FPGA/prj/project_10/prj_loop/vivado/prj_loop.gen/sources_1/ip/ddr4_0/ddr4_0/ddr4_0_in_context.xdc, line 146).
Applied set_property IO_BUFFER_TYPE = NONE for c0_ddr4_dq[46]. (constraint file  d:/FPGA/prj/project_10/prj_loop/vivado/prj_loop.gen/sources_1/ip/ddr4_0/ddr4_0/ddr4_0_in_context.xdc, line 147).
Applied set_property CLOCK_BUFFER_TYPE = NONE for c0_ddr4_dq[46]. (constraint file  d:/FPGA/prj/project_10/prj_loop/vivado/prj_loop.gen/sources_1/ip/ddr4_0/ddr4_0/ddr4_0_in_context.xdc, line 148).
Applied set_property IO_BUFFER_TYPE = NONE for c0_ddr4_dq[47]. (constraint file  d:/FPGA/prj/project_10/prj_loop/vivado/prj_loop.gen/sources_1/ip/ddr4_0/ddr4_0/ddr4_0_in_context.xdc, line 149).
Applied set_property CLOCK_BUFFER_TYPE = NONE for c0_ddr4_dq[47]. (constraint file  d:/FPGA/prj/project_10/prj_loop/vivado/prj_loop.gen/sources_1/ip/ddr4_0/ddr4_0/ddr4_0_in_context.xdc, line 150).
Applied set_property IO_BUFFER_TYPE = NONE for c0_ddr4_dq[48]. (constraint file  d:/FPGA/prj/project_10/prj_loop/vivado/prj_loop.gen/sources_1/ip/ddr4_0/ddr4_0/ddr4_0_in_context.xdc, line 151).
Applied set_property CLOCK_BUFFER_TYPE = NONE for c0_ddr4_dq[48]. (constraint file  d:/FPGA/prj/project_10/prj_loop/vivado/prj_loop.gen/sources_1/ip/ddr4_0/ddr4_0/ddr4_0_in_context.xdc, line 152).
Applied set_property IO_BUFFER_TYPE = NONE for c0_ddr4_dq[49]. (constraint file  d:/FPGA/prj/project_10/prj_loop/vivado/prj_loop.gen/sources_1/ip/ddr4_0/ddr4_0/ddr4_0_in_context.xdc, line 153).
Applied set_property CLOCK_BUFFER_TYPE = NONE for c0_ddr4_dq[49]. (constraint file  d:/FPGA/prj/project_10/prj_loop/vivado/prj_loop.gen/sources_1/ip/ddr4_0/ddr4_0/ddr4_0_in_context.xdc, line 154).
Applied set_property IO_BUFFER_TYPE = NONE for c0_ddr4_dq[4]. (constraint file  d:/FPGA/prj/project_10/prj_loop/vivado/prj_loop.gen/sources_1/ip/ddr4_0/ddr4_0/ddr4_0_in_context.xdc, line 155).
Applied set_property CLOCK_BUFFER_TYPE = NONE for c0_ddr4_dq[4]. (constraint file  d:/FPGA/prj/project_10/prj_loop/vivado/prj_loop.gen/sources_1/ip/ddr4_0/ddr4_0/ddr4_0_in_context.xdc, line 156).
Applied set_property IO_BUFFER_TYPE = NONE for c0_ddr4_dq[50]. (constraint file  d:/FPGA/prj/project_10/prj_loop/vivado/prj_loop.gen/sources_1/ip/ddr4_0/ddr4_0/ddr4_0_in_context.xdc, line 157).
Applied set_property CLOCK_BUFFER_TYPE = NONE for c0_ddr4_dq[50]. (constraint file  d:/FPGA/prj/project_10/prj_loop/vivado/prj_loop.gen/sources_1/ip/ddr4_0/ddr4_0/ddr4_0_in_context.xdc, line 158).
Applied set_property IO_BUFFER_TYPE = NONE for c0_ddr4_dq[51]. (constraint file  d:/FPGA/prj/project_10/prj_loop/vivado/prj_loop.gen/sources_1/ip/ddr4_0/ddr4_0/ddr4_0_in_context.xdc, line 159).
Applied set_property CLOCK_BUFFER_TYPE = NONE for c0_ddr4_dq[51]. (constraint file  d:/FPGA/prj/project_10/prj_loop/vivado/prj_loop.gen/sources_1/ip/ddr4_0/ddr4_0/ddr4_0_in_context.xdc, line 160).
Applied set_property IO_BUFFER_TYPE = NONE for c0_ddr4_dq[52]. (constraint file  d:/FPGA/prj/project_10/prj_loop/vivado/prj_loop.gen/sources_1/ip/ddr4_0/ddr4_0/ddr4_0_in_context.xdc, line 161).
Applied set_property CLOCK_BUFFER_TYPE = NONE for c0_ddr4_dq[52]. (constraint file  d:/FPGA/prj/project_10/prj_loop/vivado/prj_loop.gen/sources_1/ip/ddr4_0/ddr4_0/ddr4_0_in_context.xdc, line 162).
Applied set_property IO_BUFFER_TYPE = NONE for c0_ddr4_dq[53]. (constraint file  d:/FPGA/prj/project_10/prj_loop/vivado/prj_loop.gen/sources_1/ip/ddr4_0/ddr4_0/ddr4_0_in_context.xdc, line 163).
Applied set_property CLOCK_BUFFER_TYPE = NONE for c0_ddr4_dq[53]. (constraint file  d:/FPGA/prj/project_10/prj_loop/vivado/prj_loop.gen/sources_1/ip/ddr4_0/ddr4_0/ddr4_0_in_context.xdc, line 164).
Applied set_property IO_BUFFER_TYPE = NONE for c0_ddr4_dq[54]. (constraint file  d:/FPGA/prj/project_10/prj_loop/vivado/prj_loop.gen/sources_1/ip/ddr4_0/ddr4_0/ddr4_0_in_context.xdc, line 165).
Applied set_property CLOCK_BUFFER_TYPE = NONE for c0_ddr4_dq[54]. (constraint file  d:/FPGA/prj/project_10/prj_loop/vivado/prj_loop.gen/sources_1/ip/ddr4_0/ddr4_0/ddr4_0_in_context.xdc, line 166).
Applied set_property IO_BUFFER_TYPE = NONE for c0_ddr4_dq[55]. (constraint file  d:/FPGA/prj/project_10/prj_loop/vivado/prj_loop.gen/sources_1/ip/ddr4_0/ddr4_0/ddr4_0_in_context.xdc, line 167).
Applied set_property CLOCK_BUFFER_TYPE = NONE for c0_ddr4_dq[55]. (constraint file  d:/FPGA/prj/project_10/prj_loop/vivado/prj_loop.gen/sources_1/ip/ddr4_0/ddr4_0/ddr4_0_in_context.xdc, line 168).
Applied set_property IO_BUFFER_TYPE = NONE for c0_ddr4_dq[56]. (constraint file  d:/FPGA/prj/project_10/prj_loop/vivado/prj_loop.gen/sources_1/ip/ddr4_0/ddr4_0/ddr4_0_in_context.xdc, line 169).
Applied set_property CLOCK_BUFFER_TYPE = NONE for c0_ddr4_dq[56]. (constraint file  d:/FPGA/prj/project_10/prj_loop/vivado/prj_loop.gen/sources_1/ip/ddr4_0/ddr4_0/ddr4_0_in_context.xdc, line 170).
Applied set_property IO_BUFFER_TYPE = NONE for c0_ddr4_dq[57]. (constraint file  d:/FPGA/prj/project_10/prj_loop/vivado/prj_loop.gen/sources_1/ip/ddr4_0/ddr4_0/ddr4_0_in_context.xdc, line 171).
Applied set_property CLOCK_BUFFER_TYPE = NONE for c0_ddr4_dq[57]. (constraint file  d:/FPGA/prj/project_10/prj_loop/vivado/prj_loop.gen/sources_1/ip/ddr4_0/ddr4_0/ddr4_0_in_context.xdc, line 172).
Applied set_property IO_BUFFER_TYPE = NONE for c0_ddr4_dq[58]. (constraint file  d:/FPGA/prj/project_10/prj_loop/vivado/prj_loop.gen/sources_1/ip/ddr4_0/ddr4_0/ddr4_0_in_context.xdc, line 173).
Applied set_property CLOCK_BUFFER_TYPE = NONE for c0_ddr4_dq[58]. (constraint file  d:/FPGA/prj/project_10/prj_loop/vivado/prj_loop.gen/sources_1/ip/ddr4_0/ddr4_0/ddr4_0_in_context.xdc, line 174).
Applied set_property IO_BUFFER_TYPE = NONE for c0_ddr4_dq[59]. (constraint file  d:/FPGA/prj/project_10/prj_loop/vivado/prj_loop.gen/sources_1/ip/ddr4_0/ddr4_0/ddr4_0_in_context.xdc, line 175).
Applied set_property CLOCK_BUFFER_TYPE = NONE for c0_ddr4_dq[59]. (constraint file  d:/FPGA/prj/project_10/prj_loop/vivado/prj_loop.gen/sources_1/ip/ddr4_0/ddr4_0/ddr4_0_in_context.xdc, line 176).
Applied set_property IO_BUFFER_TYPE = NONE for c0_ddr4_dq[5]. (constraint file  d:/FPGA/prj/project_10/prj_loop/vivado/prj_loop.gen/sources_1/ip/ddr4_0/ddr4_0/ddr4_0_in_context.xdc, line 177).
Applied set_property CLOCK_BUFFER_TYPE = NONE for c0_ddr4_dq[5]. (constraint file  d:/FPGA/prj/project_10/prj_loop/vivado/prj_loop.gen/sources_1/ip/ddr4_0/ddr4_0/ddr4_0_in_context.xdc, line 178).
Applied set_property IO_BUFFER_TYPE = NONE for c0_ddr4_dq[60]. (constraint file  d:/FPGA/prj/project_10/prj_loop/vivado/prj_loop.gen/sources_1/ip/ddr4_0/ddr4_0/ddr4_0_in_context.xdc, line 179).
Applied set_property CLOCK_BUFFER_TYPE = NONE for c0_ddr4_dq[60]. (constraint file  d:/FPGA/prj/project_10/prj_loop/vivado/prj_loop.gen/sources_1/ip/ddr4_0/ddr4_0/ddr4_0_in_context.xdc, line 180).
Applied set_property IO_BUFFER_TYPE = NONE for c0_ddr4_dq[61]. (constraint file  d:/FPGA/prj/project_10/prj_loop/vivado/prj_loop.gen/sources_1/ip/ddr4_0/ddr4_0/ddr4_0_in_context.xdc, line 181).
Applied set_property CLOCK_BUFFER_TYPE = NONE for c0_ddr4_dq[61]. (constraint file  d:/FPGA/prj/project_10/prj_loop/vivado/prj_loop.gen/sources_1/ip/ddr4_0/ddr4_0/ddr4_0_in_context.xdc, line 182).
Applied set_property IO_BUFFER_TYPE = NONE for c0_ddr4_dq[62]. (constraint file  d:/FPGA/prj/project_10/prj_loop/vivado/prj_loop.gen/sources_1/ip/ddr4_0/ddr4_0/ddr4_0_in_context.xdc, line 183).
Applied set_property CLOCK_BUFFER_TYPE = NONE for c0_ddr4_dq[62]. (constraint file  d:/FPGA/prj/project_10/prj_loop/vivado/prj_loop.gen/sources_1/ip/ddr4_0/ddr4_0/ddr4_0_in_context.xdc, line 184).
Applied set_property IO_BUFFER_TYPE = NONE for c0_ddr4_dq[63]. (constraint file  d:/FPGA/prj/project_10/prj_loop/vivado/prj_loop.gen/sources_1/ip/ddr4_0/ddr4_0/ddr4_0_in_context.xdc, line 185).
Applied set_property CLOCK_BUFFER_TYPE = NONE for c0_ddr4_dq[63]. (constraint file  d:/FPGA/prj/project_10/prj_loop/vivado/prj_loop.gen/sources_1/ip/ddr4_0/ddr4_0/ddr4_0_in_context.xdc, line 186).
Applied set_property IO_BUFFER_TYPE = NONE for c0_ddr4_dq[6]. (constraint file  d:/FPGA/prj/project_10/prj_loop/vivado/prj_loop.gen/sources_1/ip/ddr4_0/ddr4_0/ddr4_0_in_context.xdc, line 187).
Applied set_property CLOCK_BUFFER_TYPE = NONE for c0_ddr4_dq[6]. (constraint file  d:/FPGA/prj/project_10/prj_loop/vivado/prj_loop.gen/sources_1/ip/ddr4_0/ddr4_0/ddr4_0_in_context.xdc, line 188).
Applied set_property IO_BUFFER_TYPE = NONE for c0_ddr4_dq[7]. (constraint file  d:/FPGA/prj/project_10/prj_loop/vivado/prj_loop.gen/sources_1/ip/ddr4_0/ddr4_0/ddr4_0_in_context.xdc, line 189).
Applied set_property CLOCK_BUFFER_TYPE = NONE for c0_ddr4_dq[7]. (constraint file  d:/FPGA/prj/project_10/prj_loop/vivado/prj_loop.gen/sources_1/ip/ddr4_0/ddr4_0/ddr4_0_in_context.xdc, line 190).
Applied set_property IO_BUFFER_TYPE = NONE for c0_ddr4_dq[8]. (constraint file  d:/FPGA/prj/project_10/prj_loop/vivado/prj_loop.gen/sources_1/ip/ddr4_0/ddr4_0/ddr4_0_in_context.xdc, line 191).
Applied set_property CLOCK_BUFFER_TYPE = NONE for c0_ddr4_dq[8]. (constraint file  d:/FPGA/prj/project_10/prj_loop/vivado/prj_loop.gen/sources_1/ip/ddr4_0/ddr4_0/ddr4_0_in_context.xdc, line 192).
Applied set_property IO_BUFFER_TYPE = NONE for c0_ddr4_dq[9]. (constraint file  d:/FPGA/prj/project_10/prj_loop/vivado/prj_loop.gen/sources_1/ip/ddr4_0/ddr4_0/ddr4_0_in_context.xdc, line 193).
Applied set_property CLOCK_BUFFER_TYPE = NONE for c0_ddr4_dq[9]. (constraint file  d:/FPGA/prj/project_10/prj_loop/vivado/prj_loop.gen/sources_1/ip/ddr4_0/ddr4_0/ddr4_0_in_context.xdc, line 194).
Applied set_property IO_BUFFER_TYPE = NONE for c0_ddr4_dqs_c[0]. (constraint file  d:/FPGA/prj/project_10/prj_loop/vivado/prj_loop.gen/sources_1/ip/ddr4_0/ddr4_0/ddr4_0_in_context.xdc, line 195).
Applied set_property CLOCK_BUFFER_TYPE = NONE for c0_ddr4_dqs_c[0]. (constraint file  d:/FPGA/prj/project_10/prj_loop/vivado/prj_loop.gen/sources_1/ip/ddr4_0/ddr4_0/ddr4_0_in_context.xdc, line 196).
Applied set_property IO_BUFFER_TYPE = NONE for c0_ddr4_dqs_c[1]. (constraint file  d:/FPGA/prj/project_10/prj_loop/vivado/prj_loop.gen/sources_1/ip/ddr4_0/ddr4_0/ddr4_0_in_context.xdc, line 197).
Applied set_property CLOCK_BUFFER_TYPE = NONE for c0_ddr4_dqs_c[1]. (constraint file  d:/FPGA/prj/project_10/prj_loop/vivado/prj_loop.gen/sources_1/ip/ddr4_0/ddr4_0/ddr4_0_in_context.xdc, line 198).
Applied set_property IO_BUFFER_TYPE = NONE for c0_ddr4_dqs_c[2]. (constraint file  d:/FPGA/prj/project_10/prj_loop/vivado/prj_loop.gen/sources_1/ip/ddr4_0/ddr4_0/ddr4_0_in_context.xdc, line 199).
Applied set_property CLOCK_BUFFER_TYPE = NONE for c0_ddr4_dqs_c[2]. (constraint file  d:/FPGA/prj/project_10/prj_loop/vivado/prj_loop.gen/sources_1/ip/ddr4_0/ddr4_0/ddr4_0_in_context.xdc, line 200).
Applied set_property IO_BUFFER_TYPE = NONE for c0_ddr4_dqs_c[3]. (constraint file  d:/FPGA/prj/project_10/prj_loop/vivado/prj_loop.gen/sources_1/ip/ddr4_0/ddr4_0/ddr4_0_in_context.xdc, line 201).
Applied set_property CLOCK_BUFFER_TYPE = NONE for c0_ddr4_dqs_c[3]. (constraint file  d:/FPGA/prj/project_10/prj_loop/vivado/prj_loop.gen/sources_1/ip/ddr4_0/ddr4_0/ddr4_0_in_context.xdc, line 202).
Applied set_property IO_BUFFER_TYPE = NONE for c0_ddr4_dqs_c[4]. (constraint file  d:/FPGA/prj/project_10/prj_loop/vivado/prj_loop.gen/sources_1/ip/ddr4_0/ddr4_0/ddr4_0_in_context.xdc, line 203).
Applied set_property CLOCK_BUFFER_TYPE = NONE for c0_ddr4_dqs_c[4]. (constraint file  d:/FPGA/prj/project_10/prj_loop/vivado/prj_loop.gen/sources_1/ip/ddr4_0/ddr4_0/ddr4_0_in_context.xdc, line 204).
Applied set_property IO_BUFFER_TYPE = NONE for c0_ddr4_dqs_c[5]. (constraint file  d:/FPGA/prj/project_10/prj_loop/vivado/prj_loop.gen/sources_1/ip/ddr4_0/ddr4_0/ddr4_0_in_context.xdc, line 205).
Applied set_property CLOCK_BUFFER_TYPE = NONE for c0_ddr4_dqs_c[5]. (constraint file  d:/FPGA/prj/project_10/prj_loop/vivado/prj_loop.gen/sources_1/ip/ddr4_0/ddr4_0/ddr4_0_in_context.xdc, line 206).
Applied set_property IO_BUFFER_TYPE = NONE for c0_ddr4_dqs_c[6]. (constraint file  d:/FPGA/prj/project_10/prj_loop/vivado/prj_loop.gen/sources_1/ip/ddr4_0/ddr4_0/ddr4_0_in_context.xdc, line 207).
Applied set_property CLOCK_BUFFER_TYPE = NONE for c0_ddr4_dqs_c[6]. (constraint file  d:/FPGA/prj/project_10/prj_loop/vivado/prj_loop.gen/sources_1/ip/ddr4_0/ddr4_0/ddr4_0_in_context.xdc, line 208).
Applied set_property IO_BUFFER_TYPE = NONE for c0_ddr4_dqs_c[7]. (constraint file  d:/FPGA/prj/project_10/prj_loop/vivado/prj_loop.gen/sources_1/ip/ddr4_0/ddr4_0/ddr4_0_in_context.xdc, line 209).
Applied set_property CLOCK_BUFFER_TYPE = NONE for c0_ddr4_dqs_c[7]. (constraint file  d:/FPGA/prj/project_10/prj_loop/vivado/prj_loop.gen/sources_1/ip/ddr4_0/ddr4_0/ddr4_0_in_context.xdc, line 210).
Applied set_property IO_BUFFER_TYPE = NONE for c0_ddr4_dqs_t[0]. (constraint file  d:/FPGA/prj/project_10/prj_loop/vivado/prj_loop.gen/sources_1/ip/ddr4_0/ddr4_0/ddr4_0_in_context.xdc, line 211).
Applied set_property CLOCK_BUFFER_TYPE = NONE for c0_ddr4_dqs_t[0]. (constraint file  d:/FPGA/prj/project_10/prj_loop/vivado/prj_loop.gen/sources_1/ip/ddr4_0/ddr4_0/ddr4_0_in_context.xdc, line 212).
Applied set_property IO_BUFFER_TYPE = NONE for c0_ddr4_dqs_t[1]. (constraint file  d:/FPGA/prj/project_10/prj_loop/vivado/prj_loop.gen/sources_1/ip/ddr4_0/ddr4_0/ddr4_0_in_context.xdc, line 213).
Applied set_property CLOCK_BUFFER_TYPE = NONE for c0_ddr4_dqs_t[1]. (constraint file  d:/FPGA/prj/project_10/prj_loop/vivado/prj_loop.gen/sources_1/ip/ddr4_0/ddr4_0/ddr4_0_in_context.xdc, line 214).
Applied set_property IO_BUFFER_TYPE = NONE for c0_ddr4_dqs_t[2]. (constraint file  d:/FPGA/prj/project_10/prj_loop/vivado/prj_loop.gen/sources_1/ip/ddr4_0/ddr4_0/ddr4_0_in_context.xdc, line 215).
Applied set_property CLOCK_BUFFER_TYPE = NONE for c0_ddr4_dqs_t[2]. (constraint file  d:/FPGA/prj/project_10/prj_loop/vivado/prj_loop.gen/sources_1/ip/ddr4_0/ddr4_0/ddr4_0_in_context.xdc, line 216).
Applied set_property IO_BUFFER_TYPE = NONE for c0_ddr4_dqs_t[3]. (constraint file  d:/FPGA/prj/project_10/prj_loop/vivado/prj_loop.gen/sources_1/ip/ddr4_0/ddr4_0/ddr4_0_in_context.xdc, line 217).
Applied set_property CLOCK_BUFFER_TYPE = NONE for c0_ddr4_dqs_t[3]. (constraint file  d:/FPGA/prj/project_10/prj_loop/vivado/prj_loop.gen/sources_1/ip/ddr4_0/ddr4_0/ddr4_0_in_context.xdc, line 218).
Applied set_property IO_BUFFER_TYPE = NONE for c0_ddr4_dqs_t[4]. (constraint file  d:/FPGA/prj/project_10/prj_loop/vivado/prj_loop.gen/sources_1/ip/ddr4_0/ddr4_0/ddr4_0_in_context.xdc, line 219).
Applied set_property CLOCK_BUFFER_TYPE = NONE for c0_ddr4_dqs_t[4]. (constraint file  d:/FPGA/prj/project_10/prj_loop/vivado/prj_loop.gen/sources_1/ip/ddr4_0/ddr4_0/ddr4_0_in_context.xdc, line 220).
Applied set_property IO_BUFFER_TYPE = NONE for c0_ddr4_dqs_t[5]. (constraint file  d:/FPGA/prj/project_10/prj_loop/vivado/prj_loop.gen/sources_1/ip/ddr4_0/ddr4_0/ddr4_0_in_context.xdc, line 221).
Applied set_property CLOCK_BUFFER_TYPE = NONE for c0_ddr4_dqs_t[5]. (constraint file  d:/FPGA/prj/project_10/prj_loop/vivado/prj_loop.gen/sources_1/ip/ddr4_0/ddr4_0/ddr4_0_in_context.xdc, line 222).
Applied set_property IO_BUFFER_TYPE = NONE for c0_ddr4_dqs_t[6]. (constraint file  d:/FPGA/prj/project_10/prj_loop/vivado/prj_loop.gen/sources_1/ip/ddr4_0/ddr4_0/ddr4_0_in_context.xdc, line 223).
Applied set_property CLOCK_BUFFER_TYPE = NONE for c0_ddr4_dqs_t[6]. (constraint file  d:/FPGA/prj/project_10/prj_loop/vivado/prj_loop.gen/sources_1/ip/ddr4_0/ddr4_0/ddr4_0_in_context.xdc, line 224).
Applied set_property IO_BUFFER_TYPE = NONE for c0_ddr4_dqs_t[7]. (constraint file  d:/FPGA/prj/project_10/prj_loop/vivado/prj_loop.gen/sources_1/ip/ddr4_0/ddr4_0/ddr4_0_in_context.xdc, line 225).
Applied set_property CLOCK_BUFFER_TYPE = NONE for c0_ddr4_dqs_t[7]. (constraint file  d:/FPGA/prj/project_10/prj_loop/vivado/prj_loop.gen/sources_1/ip/ddr4_0/ddr4_0/ddr4_0_in_context.xdc, line 226).
Applied set_property IO_BUFFER_TYPE = NONE for c0_ddr4_odt[0]. (constraint file  d:/FPGA/prj/project_10/prj_loop/vivado/prj_loop.gen/sources_1/ip/ddr4_0/ddr4_0/ddr4_0_in_context.xdc, line 227).
Applied set_property CLOCK_BUFFER_TYPE = NONE for c0_ddr4_odt[0]. (constraint file  d:/FPGA/prj/project_10/prj_loop/vivado/prj_loop.gen/sources_1/ip/ddr4_0/ddr4_0/ddr4_0_in_context.xdc, line 228).
Applied set_property IO_BUFFER_TYPE = NONE for c0_ddr4_reset_n. (constraint file  d:/FPGA/prj/project_10/prj_loop/vivado/prj_loop.gen/sources_1/ip/ddr4_0/ddr4_0/ddr4_0_in_context.xdc, line 229).
Applied set_property CLOCK_BUFFER_TYPE = NONE for c0_ddr4_reset_n. (constraint file  d:/FPGA/prj/project_10/prj_loop/vivado/prj_loop.gen/sources_1/ip/ddr4_0/ddr4_0/ddr4_0_in_context.xdc, line 230).
Applied set_property IO_BUFFER_TYPE = NONE for sfpb_rx_n. (constraint file  d:/FPGA/prj/project_10/prj_loop/vivado/prj_loop.gen/sources_1/ip/aurora_64b66b_1/aurora_64b66b_1/aurora_64b66b_1_in_context.xdc, line 2).
Applied set_property CLOCK_BUFFER_TYPE = NONE for sfpb_rx_n. (constraint file  d:/FPGA/prj/project_10/prj_loop/vivado/prj_loop.gen/sources_1/ip/aurora_64b66b_1/aurora_64b66b_1/aurora_64b66b_1_in_context.xdc, line 3).
Applied set_property IO_BUFFER_TYPE = NONE for sfpb_rx_p. (constraint file  d:/FPGA/prj/project_10/prj_loop/vivado/prj_loop.gen/sources_1/ip/aurora_64b66b_1/aurora_64b66b_1/aurora_64b66b_1_in_context.xdc, line 4).
Applied set_property CLOCK_BUFFER_TYPE = NONE for sfpb_rx_p. (constraint file  d:/FPGA/prj/project_10/prj_loop/vivado/prj_loop.gen/sources_1/ip/aurora_64b66b_1/aurora_64b66b_1/aurora_64b66b_1_in_context.xdc, line 5).
Applied set_property IO_BUFFER_TYPE = NONE for sfpb_tx_n. (constraint file  d:/FPGA/prj/project_10/prj_loop/vivado/prj_loop.gen/sources_1/ip/aurora_64b66b_1/aurora_64b66b_1/aurora_64b66b_1_in_context.xdc, line 6).
Applied set_property CLOCK_BUFFER_TYPE = NONE for sfpb_tx_n. (constraint file  d:/FPGA/prj/project_10/prj_loop/vivado/prj_loop.gen/sources_1/ip/aurora_64b66b_1/aurora_64b66b_1/aurora_64b66b_1_in_context.xdc, line 7).
Applied set_property IO_BUFFER_TYPE = NONE for sfpb_tx_p. (constraint file  d:/FPGA/prj/project_10/prj_loop/vivado/prj_loop.gen/sources_1/ip/aurora_64b66b_1/aurora_64b66b_1/aurora_64b66b_1_in_context.xdc, line 8).
Applied set_property CLOCK_BUFFER_TYPE = NONE for sfpb_tx_p. (constraint file  d:/FPGA/prj/project_10/prj_loop/vivado/prj_loop.gen/sources_1/ip/aurora_64b66b_1/aurora_64b66b_1/aurora_64b66b_1_in_context.xdc, line 9).
Applied set_property IO_BUFFER_TYPE = NONE for sfp_rx_n. (constraint file  d:/FPGA/prj/project_10/prj_loop/vivado/prj_loop.gen/sources_1/ip/aurora_64b66b_0/aurora_64b66b_0/aurora_64b66b_0_in_context.xdc, line 2).
Applied set_property CLOCK_BUFFER_TYPE = NONE for sfp_rx_n. (constraint file  d:/FPGA/prj/project_10/prj_loop/vivado/prj_loop.gen/sources_1/ip/aurora_64b66b_0/aurora_64b66b_0/aurora_64b66b_0_in_context.xdc, line 3).
Applied set_property IO_BUFFER_TYPE = NONE for sfp_rx_p. (constraint file  d:/FPGA/prj/project_10/prj_loop/vivado/prj_loop.gen/sources_1/ip/aurora_64b66b_0/aurora_64b66b_0/aurora_64b66b_0_in_context.xdc, line 4).
Applied set_property CLOCK_BUFFER_TYPE = NONE for sfp_rx_p. (constraint file  d:/FPGA/prj/project_10/prj_loop/vivado/prj_loop.gen/sources_1/ip/aurora_64b66b_0/aurora_64b66b_0/aurora_64b66b_0_in_context.xdc, line 5).
Applied set_property IO_BUFFER_TYPE = NONE for sfp_tx_n. (constraint file  d:/FPGA/prj/project_10/prj_loop/vivado/prj_loop.gen/sources_1/ip/aurora_64b66b_0/aurora_64b66b_0/aurora_64b66b_0_in_context.xdc, line 6).
Applied set_property CLOCK_BUFFER_TYPE = NONE for sfp_tx_n. (constraint file  d:/FPGA/prj/project_10/prj_loop/vivado/prj_loop.gen/sources_1/ip/aurora_64b66b_0/aurora_64b66b_0/aurora_64b66b_0_in_context.xdc, line 7).
Applied set_property IO_BUFFER_TYPE = NONE for sfp_tx_p. (constraint file  d:/FPGA/prj/project_10/prj_loop/vivado/prj_loop.gen/sources_1/ip/aurora_64b66b_0/aurora_64b66b_0/aurora_64b66b_0_in_context.xdc, line 8).
Applied set_property CLOCK_BUFFER_TYPE = NONE for sfp_tx_p. (constraint file  d:/FPGA/prj/project_10/prj_loop/vivado/prj_loop.gen/sources_1/ip/aurora_64b66b_0/aurora_64b66b_0/aurora_64b66b_0_in_context.xdc, line 9).
Applied set_property KEEP_HIERARCHY = SOFT for u_async_fifo_2048x8b. (constraint file  auto generated constraint).
Applied set_property KEEP_HIERARCHY = SOFT for u_ddr4. (constraint file  auto generated constraint).
Applied set_property KEEP_HIERARCHY = SOFT for u_aurora_b/aurora_64b66b_1_i. (constraint file  auto generated constraint).
Applied set_property KEEP_HIERARCHY = SOFT for u_aurora/aurora_64b66b_0_i. (constraint file  auto generated constraint).
---------------------------------------------------------------------------------
Finished applying 'set_property' XDC Constraints : Time (s): cpu = 00:00:20 ; elapsed = 00:00:21 . Memory (MB): peak = 3213.309 ; gain = 917.871
---------------------------------------------------------------------------------
---------------------------------------------------------------------------------
Start Preparing Guide Design
---------------------------------------------------------------------------------
---------------------------------------------------------------------------------
Finished Doing Graph Differ : Time (s): cpu = 00:00:22 ; elapsed = 00:00:23 . Memory (MB): peak = 3213.309 ; gain = 917.871
---------------------------------------------------------------------------------
WARNING: [Synth 8-6702] IncrSynth : Over 50% of partitions are impacted by design changes. Reverting to default synthesis
WARNING: [Synth 8-6702] IncrSynth : Reverting to default synthesis
---------------------------------------------------------------------------------
Finished Preparing Guide Design : Time (s): cpu = 00:00:23 ; elapsed = 00:00:25 . Memory (MB): peak = 3213.309 ; gain = 917.871
---------------------------------------------------------------------------------
INFO: [Synth 8-802] inferred FSM for state register 'cur_state_reg' in module 'arp_rx'
INFO: [Synth 8-802] inferred FSM for state register 'cur_state_reg' in module 'arp_tx'
INFO: [Synth 8-802] inferred FSM for state register 'cur_state_reg' in module 'icmp_rx'
INFO: [Synth 8-802] inferred FSM for state register 'cur_state_reg' in module 'icmp_tx'
INFO: [Synth 8-802] inferred FSM for state register 'cur_state_reg' in module 'udp_rx'
INFO: [Synth 8-802] inferred FSM for state register 'cur_state_reg' in module 'udp_tx'
INFO: [Synth 8-802] inferred FSM for state register 'pst_reg' in module 'cmd_channel'
INFO: [Synth 8-802] inferred FSM for state register 'est_reg' in module 'cmd_channel'
INFO: [Synth 8-802] inferred FSM for state register 'ust_reg' in module 'cmd_channel'
INFO: [Synth 8-802] inferred FSM for state register 'wst_reg' in module 'axi4_master_bridge'
INFO: [Synth 8-802] inferred FSM for state register 'rstate_reg' in module 'axi4_master_bridge'
INFO: [Synth 8-802] inferred FSM for state register 'est_reg' in module 'frame_mem_if'
INFO: [Synth 8-802] inferred FSM for state register 'wst_reg' in module 'axi4_master_bridge__parameterized0'
INFO: [Synth 8-802] inferred FSM for state register 'rstate_reg' in module 'axi4_master_bridge__parameterized0'
INFO: [Synth 8-802] inferred FSM for state register 'est_reg' in module 'frame_mem_if__parameterized0'
INFO: [Synth 8-6904] The RAM "axis_word_unpack:/wf_last_reg" of size (depth=512 x width=1) is automatically implemented using LUTRAM. BRAM implementation would be inefficient 
INFO: [Synth 8-6904] The RAM "axis_word_pack:/q_word_reg" of size (depth=16 x width=64) is automatically implemented using LUTRAM. BRAM implementation would be inefficient 
INFO: [Synth 8-6904] The RAM "axis_word_pack:/q_keep_reg" of size (depth=16 x width=8) is automatically implemented using LUTRAM. BRAM implementation would be inefficient 
INFO: [Synth 8-6904] The RAM "axis_word_pack:/q_last_reg" of size (depth=16 x width=1) is automatically implemented using LUTRAM. BRAM implementation would be inefficient 
---------------------------------------------------------------------------------------------------
                   State |                     New Encoding |                Previous Encoding 
---------------------------------------------------------------------------------------------------
*
                 st_idle |                            00001 |                            00001
             st_preamble |                            00010 |                            00010
             st_eth_head |                            00100 |                            00100
             st_arp_data |                            01000 |                            01000
               st_rx_end |                            10000 |                            10000
---------------------------------------------------------------------------------------------------
INFO: [Synth 8-3898] No Re-encoding of one hot register 'cur_state_reg' in module 'arp_rx'
---------------------------------------------------------------------------------------------------
                   State |                     New Encoding |                Previous Encoding 
---------------------------------------------------------------------------------------------------
*
                 st_idle |                            00001 |                            00001
             st_preamble |                            00010 |                            00010
             st_eth_head |                            00100 |                            00100
             st_arp_data |                            01000 |                            01000
                  st_crc |                            10000 |                            10000
---------------------------------------------------------------------------------------------------
INFO: [Synth 8-3898] No Re-encoding of one hot register 'cur_state_reg' in module 'arp_tx'
---------------------------------------------------------------------------------------------------
                   State |                     New Encoding |                Previous Encoding 
---------------------------------------------------------------------------------------------------
*
                 st_idle |                          0000001 |                          0000001
             st_preamble |                          0000010 |                          0000010
             st_eth_head |                          0000100 |                          0000100
              st_ip_head |                          0001000 |                          0001000
            st_icmp_head |                          0010000 |                          0010000
              st_rx_data |                          0100000 |                          0100000
               st_rx_end |                          1000000 |                          1000000
---------------------------------------------------------------------------------------------------
INFO: [Synth 8-3898] No Re-encoding of one hot register 'cur_state_reg' in module 'icmp_rx'
---------------------------------------------------------------------------------------------------
                   State |                     New Encoding |                Previous Encoding 
---------------------------------------------------------------------------------------------------
*
                 st_idle |                         00000001 |                         00000001
            st_check_sum |                         00000010 |                         00000010
           st_check_icmp |                         00000100 |                         00000100
             st_preamble |                         00001000 |                         00001000
             st_eth_head |                         00010000 |                         00010000
              st_ip_head |                         00100000 |                         00100000
              st_tx_data |                         01000000 |                         01000000
                  st_crc |                         10000000 |                         10000000
---------------------------------------------------------------------------------------------------
INFO: [Synth 8-3898] No Re-encoding of one hot register 'cur_state_reg' in module 'icmp_tx'
---------------------------------------------------------------------------------------------------
                   State |                     New Encoding |                Previous Encoding 
---------------------------------------------------------------------------------------------------
*
                 st_idle |                          0000001 |                          0000001
             st_preamble |                          0000010 |                          0000010
             st_eth_head |                          0000100 |                          0000100
              st_ip_head |                          0001000 |                          0001000
             st_udp_head |                          0010000 |                          0010000
              st_rx_data |                          0100000 |                          0100000
               st_rx_end |                          1000000 |                          1000000
---------------------------------------------------------------------------------------------------
INFO: [Synth 8-3898] No Re-encoding of one hot register 'cur_state_reg' in module 'udp_rx'
---------------------------------------------------------------------------------------------------
                   State |                     New Encoding |                Previous Encoding 
---------------------------------------------------------------------------------------------------
*
                 st_idle |                          0000001 |                          0000001
            st_check_sum |                          0000010 |                          0000010
             st_preamble |                          0000100 |                          0000100
             st_eth_head |                          0001000 |                          0001000
              st_ip_head |                          0010000 |                          0010000
              st_tx_data |                          0100000 |                          0100000
                  st_crc |                          1000000 |                          1000000
---------------------------------------------------------------------------------------------------
INFO: [Synth 8-3898] No Re-encoding of one hot register 'cur_state_reg' in module 'udp_tx'
---------------------------------------------------------------------------------------------------
                   State |                     New Encoding |                Previous Encoding 
---------------------------------------------------------------------------------------------------
                  P_IDLE |                              000 |                              000
                   P_PRE |                              001 |                              001
                   P_ETH |                              010 |                              010
                    P_IP |                              011 |                              011
                P_UDPCHK |                              100 |                              100
                   P_UDP |                              101 |                              101
                   P_PAY |                              110 |                              110
                   P_END |                              111 |                              111
---------------------------------------------------------------------------------------------------
INFO: [Synth 8-3354] encoded FSM with state register 'pst_reg' using encoding 'sequential' in module 'cmd_channel'
---------------------------------------------------------------------------------------------------
                   State |                     New Encoding |                Previous Encoding 
---------------------------------------------------------------------------------------------------
                  U_IDLE |                              000 |                              000
                 U_PULSE |                              001 |                              001
                U_PULSE2 |                              010 |                              010
                  U_RESP |                              011 |                              011
                 U_WREQL |                              100 |                              100
                 U_WBACK |                              101 |                              101
                U_WBACKL |                              110 |                              110
                  iSTATE |                              111 |                              111
*
---------------------------------------------------------------------------------------------------
INFO: [Synth 8-3354] encoded FSM with state register 'ust_reg' using encoding 'sequential' in module 'cmd_channel'
---------------------------------------------------------------------------------------------------
                   State |                     New Encoding |                Previous Encoding 
---------------------------------------------------------------------------------------------------
                  E_IDLE |                      00000000001 |                             0000
                  E_ACKW |                      00000000010 |                             0001
                  E_ACKL |                      00000000100 |                             0010
                    E_BW |                      00000001000 |                             0011
                    E_BL |                      00000010000 |                             0100
                   E_CHK |                      00000100000 |                             0101
                   E_CRC |                      00001000000 |                             0110
                   E_TXW |                      00010000000 |                             0111
                 E_TXPRE |                      00100000000 |                             1000
                    E_TX |                      01000000000 |                             1001
                   E_TXE |                      10000000000 |                             1010
---------------------------------------------------------------------------------------------------
INFO: [Synth 8-3354] encoded FSM with state register 'est_reg' using encoding 'one-hot' in module 'cmd_channel'
INFO: [Synth 8-7030] Implemented Non-Cascaded Block Ram (cascade_height = 1) of width 8 for RAM "frame_fifo_pump:/ram_reg"
INFO: [Synth 8-6904] The RAM "async_fifo__parameterized0:/ram_reg" of size (depth=8 x width=16) is automatically implemented using LUTRAM. BRAM implementation would be inefficient 
INFO: [Synth 8-6904] The RAM "async_fifo__parameterized1:/ram_reg" of size (depth=4 x width=9) is automatically implemented using LUTRAM. BRAM implementation would be inefficient 
INFO: [Synth 8-6904] The RAM "async_fifo__parameterized2:/ram_reg" of size (depth=4 x width=25) is automatically implemented using LUTRAM. BRAM implementation would be inefficient 
---------------------------------------------------------------------------------------------------
                   State |                     New Encoding |                Previous Encoding 
---------------------------------------------------------------------------------------------------
                  W_IDLE |                          0000001 |                              000
                 W_DRAIN |                          0000010 |                              110
                  W_WAIT |                          0000100 |                              001
                    W_AW |                          0001000 |                              010
                  W_FILL |                          0010000 |                              011
                  W_PUSH |                          0100000 |                              100
                     W_B |                          1000000 |                              101
---------------------------------------------------------------------------------------------------
INFO: [Synth 8-3354] encoded FSM with state register 'wst_reg' using encoding 'one-hot' in module 'axi4_master_bridge'
---------------------------------------------------------------------------------------------------
                   State |                     New Encoding |                Previous Encoding 
---------------------------------------------------------------------------------------------------
                  R_IDLE |                           000001 |                              000
                   R_PRE |                           000010 |                              101
                    R_AR |                           000100 |                              001
                     R_R |                           001000 |                              010
                R_UNPACK |                           010000 |                              011
                   R_FIN |                           100000 |                              100
---------------------------------------------------------------------------------------------------
INFO: [Synth 8-3354] encoded FSM with state register 'rstate_reg' using encoding 'one-hot' in module 'axi4_master_bridge'
---------------------------------------------------------------------------------------------------
                   State |                     New Encoding |                Previous Encoding 
---------------------------------------------------------------------------------------------------
                  iSTATE |                               00 |                               00
                 iSTATE0 |                               01 |                               11
                 iSTATE1 |                               10 |                               01
                 iSTATE2 |                               11 |                               10
---------------------------------------------------------------------------------------------------
INFO: [Synth 8-3354] encoded FSM with state register 'est_reg' using encoding 'sequential' in module 'frame_mem_if'
---------------------------------------------------------------------------------------------------
                   State |                     New Encoding |                Previous Encoding 
---------------------------------------------------------------------------------------------------
                  W_IDLE |                          0000001 |                              000
                 W_DRAIN |                          0000010 |                              110
                  W_WAIT |                          0000100 |                              001
                    W_AW |                          0001000 |                              010
                  W_FILL |                          0010000 |                              011
                  W_PUSH |                          0100000 |                              100
                     W_B |                          1000000 |                              101
---------------------------------------------------------------------------------------------------
INFO: [Synth 8-3354] encoded FSM with state register 'wst_reg' using encoding 'one-hot' in module 'axi4_master_bridge__parameterized0'
---------------------------------------------------------------------------------------------------
                   State |                     New Encoding |                Previous Encoding 
---------------------------------------------------------------------------------------------------
                  R_IDLE |                           000001 |                              000
                   R_PRE |                           000010 |                              101
                    R_AR |                           000100 |                              001
                     R_R |                           001000 |                              010
                R_UNPACK |                           010000 |                              011
                   R_FIN |                           100000 |                              100
---------------------------------------------------------------------------------------------------
INFO: [Synth 8-3354] encoded FSM with state register 'rstate_reg' using encoding 'one-hot' in module 'axi4_master_bridge__parameterized0'
---------------------------------------------------------------------------------------------------
                   State |                     New Encoding |                Previous Encoding 
---------------------------------------------------------------------------------------------------
                  iSTATE |                               00 |                               00
                 iSTATE0 |                               01 |                               11
                 iSTATE1 |                               10 |                               01
                 iSTATE2 |                               11 |                               10
---------------------------------------------------------------------------------------------------
INFO: [Synth 8-3354] encoded FSM with state register 'est_reg' using encoding 'sequential' in module 'frame_mem_if__parameterized0'
---------------------------------------------------------------------------------
Finished RTL Optimization Phase 2 : Time (s): cpu = 00:00:38 ; elapsed = 00:00:41 . Memory (MB): peak = 3213.309 ; gain = 917.871
---------------------------------------------------------------------------------


Incremental Synthesis Report Summary:

1. Incremental synthesis run: no

   Reason for not running incremental synthesis : Change is too high


INFO: [Synth 8-7130] Flow is switching to default flow due to incremental criteria not met. If you would like to alter this behaviour and have the flow terminate instead, please set the following parameter config_implementation {autoIncr.Synth.RejectBehavior Terminate}
---------------------------------------------------------------------------------
Start RTL Component Statistics 
---------------------------------------------------------------------------------
Detailed RTL Component Info : 
+---Adders : 
	   2 Input   32 Bit       Adders := 3     
	   4 Input   32 Bit       Adders := 1     
	   2 Input   22 Bit       Adders := 1     
	  10 Input   20 Bit       Adders := 2     
	   4 Input   19 Bit       Adders := 1     
	   3 Input   17 Bit       Adders := 2     
	   2 Input   17 Bit       Adders := 4     
	   2 Input   16 Bit       Adders := 102   
	   2 Input   13 Bit       Adders := 18    
	   3 Input   13 Bit       Adders := 8     
	   2 Input   12 Bit       Adders := 10    
	   2 Input   10 Bit       Adders := 6     
	   2 Input    9 Bit       Adders := 2     
	   2 Input    8 Bit       Adders := 19    
	   2 Input    7 Bit       Adders := 3     
	   2 Input    6 Bit       Adders := 2     
	   2 Input    5 Bit       Adders := 11    
	   2 Input    4 Bit       Adders := 20    
	   3 Input    4 Bit       Adders := 4     
	   8 Input    4 Bit       Adders := 2     
	   2 Input    3 Bit       Adders := 12    
	   3 Input    3 Bit       Adders := 8     
	   2 Input    2 Bit       Adders := 2     
+---XORs : 
	   2 Input     13 Bit         XORs := 8     
	   2 Input     12 Bit         XORs := 6     
	   2 Input      9 Bit         XORs := 2     
	   2 Input      4 Bit         XORs := 4     
	   2 Input      3 Bit         XORs := 8     
	   2 Input      1 Bit         XORs := 172   
	   3 Input      1 Bit         XORs := 24    
	   6 Input      1 Bit         XORs := 28    
	   8 Input      1 Bit         XORs := 4     
	   5 Input      1 Bit         XORs := 16    
	   7 Input      1 Bit         XORs := 28    
	  10 Input      1 Bit         XORs := 8     
	   9 Input      1 Bit         XORs := 12    
	  12 Input      1 Bit         XORs := 4     
	   4 Input      1 Bit         XORs := 4     
+---Registers : 
	              512 Bit    Registers := 4     
	              128 Bit    Registers := 1     
	               64 Bit    Registers := 12    
	               56 Bit    Registers := 1     
	               48 Bit    Registers := 10    
	               32 Bit    Registers := 35    
	               25 Bit    Registers := 2     
	               22 Bit    Registers := 1     
	               19 Bit    Registers := 2     
	               16 Bit    Registers := 630   
	               13 Bit    Registers := 32    
	               12 Bit    Registers := 18    
	               10 Bit    Registers := 4     
	                9 Bit    Registers := 8     
	                8 Bit    Registers := 657   
	                7 Bit    Registers := 3     
	                6 Bit    Registers := 2     
	                5 Bit    Registers := 11    
	                4 Bit    Registers := 33    
	                3 Bit    Registers := 31    
	                2 Bit    Registers := 7     
	                1 Bit    Registers := 707   
+---RAMs : 
	              32K Bit	(4096 X 8 bit)          RAMs := 4     
	              32K Bit	(512 X 64 bit)          RAMs := 2     
	              16K Bit	(2048 X 8 bit)          RAMs := 2     
	               4K Bit	(512 X 8 bit)          RAMs := 2     
	             1024 Bit	(16 X 64 bit)          RAMs := 2     
	              512 Bit	(512 X 1 bit)          RAMs := 2     
	              128 Bit	(8 X 16 bit)          RAMs := 2     
	              128 Bit	(16 X 8 bit)          RAMs := 2     
	              100 Bit	(4 X 25 bit)          RAMs := 2     
	               36 Bit	(4 X 9 bit)          RAMs := 2     
	               16 Bit	(16 X 1 bit)          RAMs := 2     
+---Muxes : 
	   7 Input  512 Bit        Muxes := 4     
	   2 Input  512 Bit        Muxes := 5     
	   7 Input   64 Bit        Muxes := 4     
	   2 Input   64 Bit        Muxes := 29    
	   5 Input   48 Bit        Muxes := 1     
	   2 Input   48 Bit        Muxes := 2     
	   8 Input   48 Bit        Muxes := 2     
	   2 Input   32 Bit        Muxes := 17    
	   7 Input   32 Bit        Muxes := 4     
	   8 Input   32 Bit        Muxes := 6     
	  11 Input   32 Bit        Muxes := 1     
	   6 Input   25 Bit        Muxes := 2     
	   2 Input   25 Bit        Muxes := 2     
	   3 Input   22 Bit        Muxes := 1     
	   7 Input   16 Bit        Muxes := 11    
	   2 Input   16 Bit        Muxes := 54    
	   4 Input   16 Bit        Muxes := 4     
	   5 Input   16 Bit        Muxes := 5     
	   3 Input   16 Bit        Muxes := 2     
	   6 Input   16 Bit        Muxes := 1     
	   8 Input   16 Bit        Muxes := 6     
	   7 Input   12 Bit        Muxes := 2     
	   2 Input   12 Bit        Muxes := 2     
	   2 Input    8 Bit        Muxes := 52    
	   4 Input    8 Bit        Muxes := 9     
	   7 Input    8 Bit        Muxes := 6     
	   6 Input    8 Bit        Muxes := 4     
	   5 Input    8 Bit        Muxes := 1     
	   9 Input    8 Bit        Muxes := 2     
	   8 Input    8 Bit        Muxes := 1     
	  11 Input    8 Bit        Muxes := 1     
	   7 Input    7 Bit        Muxes := 2     
	   2 Input    7 Bit        Muxes := 37    
	   3 Input    7 Bit        Muxes := 7     
	   8 Input    7 Bit        Muxes := 6     
	  11 Input    7 Bit        Muxes := 2     
	   6 Input    6 Bit        Muxes := 2     
	   2 Input    6 Bit        Muxes := 14    
	   4 Input    6 Bit        Muxes := 1     
	   5 Input    6 Bit        Muxes := 1     
	   2 Input    5 Bit        Muxes := 62    
	   4 Input    5 Bit        Muxes := 4     
	   5 Input    5 Bit        Muxes := 1     
	   3 Input    5 Bit        Muxes := 3     
	   6 Input    5 Bit        Muxes := 4     
	   8 Input    5 Bit        Muxes := 3     
	   7 Input    5 Bit        Muxes := 3     
	   7 Input    4 Bit        Muxes := 2     
	   2 Input    4 Bit        Muxes := 19    
	   7 Input    3 Bit        Muxes := 2     
	   6 Input    3 Bit        Muxes := 2     
	   9 Input    3 Bit        Muxes := 2     
	   2 Input    3 Bit        Muxes := 31    
	   8 Input    3 Bit        Muxes := 2     
	   3 Input    3 Bit        Muxes := 1     
	   5 Input    3 Bit        Muxes := 1     
	   2 Input    2 Bit        Muxes := 25    
	   4 Input    2 Bit        Muxes := 3     
	   8 Input    2 Bit        Muxes := 1     
	   7 Input    2 Bit        Muxes := 1     
	   3 Input    2 Bit        Muxes := 1     
	   2 Input    1 Bit        Muxes := 2865  
	   7 Input    1 Bit        Muxes := 86    
	   6 Input    1 Bit        Muxes := 34    
	   4 Input    1 Bit        Muxes := 41    
	   5 Input    1 Bit        Muxes := 24    
	   8 Input    1 Bit        Muxes := 62    
	   3 Input    1 Bit        Muxes := 5     
	  10 Input    1 Bit        Muxes := 2     
	  11 Input    1 Bit        Muxes := 14    
---------------------------------------------------------------------------------
Finished RTL Component Statistics 
---------------------------------------------------------------------------------
---------------------------------------------------------------------------------
Start Part Resource Summary
---------------------------------------------------------------------------------
Part Resources:
DSPs: 2760 (col length:120)
BRAMs: 2160 (col length: RAMB18 120 RAMB36 60)
---------------------------------------------------------------------------------
Finished Part Resource Summary
---------------------------------------------------------------------------------
---------------------------------------------------------------------------------
Start Cross Boundary and Area Optimization
---------------------------------------------------------------------------------
INFO: [Synth 8-6904] The RAM "u_mem/u_wr_desc/ram_reg" of size (depth=8 x width=16) is automatically implemented using LUTRAM. BRAM implementation would be inefficient 
INFO: [Synth 8-6904] The RAM "u_mem/u_rd_cmd/ram_reg" of size (depth=4 x width=9) is automatically implemented using LUTRAM. BRAM implementation would be inefficient 
INFO: [Synth 8-6904] The RAM "u_mem/u_rd_desc/ram_reg" of size (depth=4 x width=25) is automatically implemented using LUTRAM. BRAM implementation would be inefficient 
INFO: [Synth 8-7030] Implemented Non-Cascaded Block Ram (cascade_height = 1) of width 8 for RAM "u_mem/u_rd_bytes/ram_reg"
INFO: [Synth 8-6904] The RAM "u_mem2/u_wr_desc/ram_reg" of size (depth=8 x width=16) is automatically implemented using LUTRAM. BRAM implementation would be inefficient 
INFO: [Synth 8-6904] The RAM "u_mem2/u_rd_cmd/ram_reg" of size (depth=4 x width=9) is automatically implemented using LUTRAM. BRAM implementation would be inefficient 
INFO: [Synth 8-6904] The RAM "u_mem2/u_rd_desc/ram_reg" of size (depth=4 x width=25) is automatically implemented using LUTRAM. BRAM implementation would be inefficient 
INFO: [Synth 8-7030] Implemented Non-Cascaded Block Ram (cascade_height = 1) of width 8 for RAM "u_mem2/u_rd_bytes/ram_reg"
WARNING: [Synth 8-3917] design aurora_mem_bridge has port sfp_tx_disable driven by constant 0
WARNING: [Synth 8-3917] design aurora_mem_bridge has port sfp_rs0 driven by constant 1
WARNING: [Synth 8-3917] design aurora_mem_bridge has port sfp_rs1 driven by constant 1
WARNING: [Synth 8-3917] design aurora_mem_bridge has port sfpb_tx_disable driven by constant 0
WARNING: [Synth 8-3917] design aurora_mem_bridge has port sfpb_rs0 driven by constant 1
WARNING: [Synth 8-3917] design aurora_mem_bridge has port sfpb_rs1 driven by constant 1
WARNING: [Synth 8-7129] Port m_axi_rresp[1] in module frame_mem_if__parameterized0 is either unconnected or has no load
WARNING: [Synth 8-7129] Port m_axi_rresp[0] in module frame_mem_if__parameterized0 is either unconnected or has no load
WARNING: [Synth 8-7129] Port m_axi_rlast in module frame_mem_if__parameterized0 is either unconnected or has no load
WARNING: [Synth 8-7129] Port m_axi_bid[3] in module frame_mem_if__parameterized0 is either unconnected or has no load
WARNING: [Synth 8-7129] Port m_axi_bid[2] in module frame_mem_if__parameterized0 is either unconnected or has no load
WARNING: [Synth 8-7129] Port m_axi_bid[1] in module frame_mem_if__parameterized0 is either unconnected or has no load
WARNING: [Synth 8-7129] Port m_axi_bid[0] in module frame_mem_if__parameterized0 is either unconnected or has no load
WARNING: [Synth 8-7129] Port m_axi_rid[3] in module frame_mem_if__parameterized0 is either unconnected or has no load
WARNING: [Synth 8-7129] Port m_axi_rid[2] in module frame_mem_if__parameterized0 is either unconnected or has no load
WARNING: [Synth 8-7129] Port m_axi_rid[1] in module frame_mem_if__parameterized0 is either unconnected or has no load
WARNING: [Synth 8-7129] Port m_axi_rid[0] in module frame_mem_if__parameterized0 is either unconnected or has no load
WARNING: [Synth 8-7129] Port m_axi_rresp[1] in module frame_mem_if is either unconnected or has no load
WARNING: [Synth 8-7129] Port m_axi_rresp[0] in module frame_mem_if is either unconnected or has no load
WARNING: [Synth 8-7129] Port m_axi_rlast in module frame_mem_if is either unconnected or has no load
WARNING: [Synth 8-7129] Port m_axi_bid[3] in module frame_mem_if is either unconnected or has no load
WARNING: [Synth 8-7129] Port m_axi_bid[2] in module frame_mem_if is either unconnected or has no load
WARNING: [Synth 8-7129] Port m_axi_bid[1] in module frame_mem_if is either unconnected or has no load
WARNING: [Synth 8-7129] Port m_axi_bid[0] in module frame_mem_if is either unconnected or has no load
WARNING: [Synth 8-7129] Port m_axi_rid[3] in module frame_mem_if is either unconnected or has no load
WARNING: [Synth 8-7129] Port m_axi_rid[2] in module frame_mem_if is either unconnected or has no load
WARNING: [Synth 8-7129] Port m_axi_rid[1] in module frame_mem_if is either unconnected or has no load
WARNING: [Synth 8-7129] Port m_axi_rid[0] in module frame_mem_if is either unconnected or has no load
INFO: [Synth 8-6904] The RAM "u_mem/u_rd_desc/ram_reg" of size (depth=4 x width=25) is automatically implemented using LUTRAM. BRAM implementation would be inefficient 
INFO: [Synth 8-7030] Implemented Non-Cascaded Block Ram (cascade_height = 1) of width 8 for RAM "u_mem/u_rd_bytes/ram_reg"
INFO: [Synth 8-6904] The RAM "u_mem2/u_rd_desc/ram_reg" of size (depth=4 x width=25) is automatically implemented using LUTRAM. BRAM implementation would be inefficient 
INFO: [Synth 8-7030] Implemented Non-Cascaded Block Ram (cascade_height = 1) of width 8 for RAM "u_mem2/u_rd_bytes/ram_reg"
INFO: [Synth 8-6904] The RAM "u_unpack_b/wf_last_reg" of size (depth=512 x width=1) is automatically implemented using LUTRAM. BRAM implementation would be inefficient 
INFO: [Synth 8-4471] merging register 'asm_cnt_reg[2:0]' into 'asm_cnt_reg[2:0]' [D:/FPGA/prj/project_9/rtl/axis_word_pack.v:83]
INFO: [Synth 8-6904] The RAM "u_pack_b/q_word_reg" of size (depth=16 x width=64) is automatically implemented using LUTRAM. BRAM implementation would be inefficient 
INFO: [Synth 8-6904] The RAM "u_pack_b/q_keep_reg" of size (depth=16 x width=8) is automatically implemented using LUTRAM. BRAM implementation would be inefficient 
INFO: [Synth 8-6904] The RAM "u_pack_b/q_last_reg" of size (depth=16 x width=1) is automatically implemented using LUTRAM. BRAM implementation would be inefficient 
INFO: [Synth 8-5544] ROM "p_1_out1" won't be mapped to Block RAM because address size (2) smaller than threshold (5)
INFO: [Synth 8-5544] ROM "p_1_out1" won't be mapped to Block RAM because address size (2) smaller than threshold (5)
INFO: [Synth 8-4471] merging register 'asm_cnt_reg[2:0]' into 'asm_cnt_reg[2:0]' [D:/FPGA/prj/project_9/rtl/axis_word_pack.v:83]
INFO: [Synth 8-6904] The RAM "u_pack/q_word_reg" of size (depth=16 x width=64) is automatically implemented using LUTRAM. BRAM implementation would be inefficient 
INFO: [Synth 8-6904] The RAM "u_pack/q_keep_reg" of size (depth=16 x width=8) is automatically implemented using LUTRAM. BRAM implementation would be inefficient 
INFO: [Synth 8-6904] The RAM "u_pack/q_last_reg" of size (depth=16 x width=1) is automatically implemented using LUTRAM. BRAM implementation would be inefficient 
INFO: [Synth 8-6904] The RAM "u_unpack/wf_last_reg" of size (depth=512 x width=1) is automatically implemented using LUTRAM. BRAM implementation would be inefficient 
WARNING: [Synth 8-7129] Port arp_tx_done in module eth_ctrl is either unconnected or has no load
WARNING: [Synth 8-7129] Port crc_data[31] in module udp_tx is either unconnected or has no load
WARNING: [Synth 8-7129] Port crc_data[30] in module udp_tx is either unconnected or has no load
WARNING: [Synth 8-7129] Port crc_data[29] in module udp_tx is either unconnected or has no load
WARNING: [Synth 8-7129] Port crc_data[28] in module udp_tx is either unconnected or has no load
INFO: [Common 17-14] Message 'Synth 8-7129' appears 100 times and further instances of the messages will be disabled. Use the Tcl command set_msg_config to change the current settings.
INFO: [Synth 8-6904] The RAM "u_unpack_b/wf_last_reg" of size (depth=512 x width=1) is automatically implemented using LUTRAM. BRAM implementation would be inefficient 
INFO: [Synth 8-7030] Implemented Non-Cascaded Block Ram (cascade_height = 1) of width 8 for RAM "u_pump_fwd/ram_reg"
INFO: [Synth 8-6904] The RAM "u_unpack/wf_last_reg" of size (depth=512 x width=1) is automatically implemented using LUTRAM. BRAM implementation would be inefficient 
INFO: [Synth 8-7030] Implemented Non-Cascaded Block Ram (cascade_height = 1) of width 8 for RAM "u_pump_rev/ram_reg"
INFO: [Synth 8-3886] merging instance 'u_icmp/u_icmp_tx/check_buffer_reg[31]' (FDCE) to 'u_icmp/u_icmp_tx/check_buffer_reg[20]'
INFO: [Synth 8-3886] merging instance 'u_icmp/u_icmp_tx/check_buffer_reg[24]' (FDCE) to 'u_icmp/u_icmp_tx/check_buffer_reg[20]'
INFO: [Synth 8-3886] merging instance 'u_icmp/u_icmp_tx/check_buffer_reg[25]' (FDCE) to 'u_icmp/u_icmp_tx/check_buffer_reg[20]'
INFO: [Synth 8-3886] merging instance 'u_icmp/u_icmp_tx/check_buffer_reg[26]' (FDCE) to 'u_icmp/u_icmp_tx/check_buffer_reg[20]'
INFO: [Synth 8-3886] merging instance 'u_icmp/u_icmp_tx/check_buffer_reg[27]' (FDCE) to 'u_icmp/u_icmp_tx/check_buffer_reg[20]'
INFO: [Synth 8-3886] merging instance 'u_icmp/u_icmp_tx/check_buffer_reg[28]' (FDCE) to 'u_icmp/u_icmp_tx/check_buffer_reg[20]'
INFO: [Synth 8-3886] merging instance 'u_icmp/u_icmp_tx/check_buffer_reg[29]' (FDCE) to 'u_icmp/u_icmp_tx/check_buffer_reg[20]'
INFO: [Synth 8-3886] merging instance 'u_icmp/u_icmp_tx/check_buffer_reg[30]' (FDCE) to 'u_icmp/u_icmp_tx/check_buffer_reg[20]'
INFO: [Synth 8-3886] merging instance 'u_icmp/u_icmp_tx/check_buffer_reg[23]' (FDCE) to 'u_icmp/u_icmp_tx/check_buffer_reg[20]'
INFO: [Synth 8-3886] merging instance 'u_icmp/u_icmp_tx/check_buffer_reg[20]' (FDCE) to 'u_icmp/u_icmp_tx/check_buffer_reg[21]'
INFO: [Synth 8-3886] merging instance 'u_icmp/u_icmp_tx/check_buffer_reg[21]' (FDCE) to 'u_icmp/u_icmp_tx/check_buffer_reg[22]'
INFO: [Synth 8-3333] propagating constant 0 across sequential element (u_icmp/\u_icmp_tx/check_buffer_reg[22] )
INFO: [Synth 8-3886] merging instance 'u_udp/u_udp_tx/check_buffer_reg[31]' (FDCE) to 'u_udp/u_udp_tx/check_buffer_reg[20]'
INFO: [Synth 8-3886] merging instance 'u_udp/u_udp_tx/check_buffer_reg[24]' (FDCE) to 'u_udp/u_udp_tx/check_buffer_reg[20]'
INFO: [Synth 8-3886] merging instance 'u_udp/u_udp_tx/check_buffer_reg[25]' (FDCE) to 'u_udp/u_udp_tx/check_buffer_reg[20]'
INFO: [Synth 8-3886] merging instance 'u_udp/u_udp_tx/check_buffer_reg[26]' (FDCE) to 'u_udp/u_udp_tx/check_buffer_reg[20]'
INFO: [Synth 8-3886] merging instance 'u_udp/u_udp_tx/check_buffer_reg[27]' (FDCE) to 'u_udp/u_udp_tx/check_buffer_reg[20]'
INFO: [Synth 8-3886] merging instance 'u_udp/u_udp_tx/check_buffer_reg[28]' (FDCE) to 'u_udp/u_udp_tx/check_buffer_reg[20]'
INFO: [Synth 8-3886] merging instance 'u_udp/u_udp_tx/check_buffer_reg[29]' (FDCE) to 'u_udp/u_udp_tx/check_buffer_reg[20]'
INFO: [Synth 8-3886] merging instance 'u_udp/u_udp_tx/check_buffer_reg[30]' (FDCE) to 'u_udp/u_udp_tx/check_buffer_reg[20]'
INFO: [Synth 8-3886] merging instance 'u_udp/u_udp_tx/check_buffer_reg[23]' (FDCE) to 'u_udp/u_udp_tx/check_buffer_reg[20]'
INFO: [Synth 8-3886] merging instance 'u_udp/u_udp_tx/check_buffer_reg[20]' (FDCE) to 'u_udp/u_udp_tx/check_buffer_reg[21]'
INFO: [Synth 8-3886] merging instance 'u_udp/u_udp_tx/check_buffer_reg[21]' (FDCE) to 'u_udp/u_udp_tx/check_buffer_reg[22]'
INFO: [Synth 8-3333] propagating constant 0 across sequential element (u_udp/\u_udp_tx/check_buffer_reg[22] )
INFO: [Synth 8-3886] merging instance 'u_icmp/u_icmp_rx/ip_head_byte_num_reg[0]' (FDCE) to 'u_icmp/u_icmp_rx/ip_head_byte_num_reg[1]'
INFO: [Synth 8-3333] propagating constant 0 across sequential element (u_icmp/\u_icmp_rx/ip_head_byte_num_reg[1] )
INFO: [Synth 8-3886] merging instance 'u_icmp/u_icmp_tx/total_num_reg[0]' (FDCE) to 'u_icmp/u_icmp_tx/tx_data_num_reg[0]'
INFO: [Synth 8-3333] propagating constant 1 across sequential element (u_icmp/\u_icmp_tx/preamble_reg[7][0] )
INFO: [Synth 8-3333] propagating constant 1 across sequential element (u_icmp/\u_icmp_tx/preamble_reg[6][0] )
INFO: [Synth 8-3333] propagating constant 1 across sequential element (u_icmp/\u_icmp_tx/preamble_reg[5][0] )
INFO: [Synth 8-3333] propagating constant 1 across sequential element (u_icmp/\u_icmp_tx/preamble_reg[4][0] )
INFO: [Synth 8-3333] propagating constant 1 across sequential element (u_icmp/\u_icmp_tx/preamble_reg[3][0] )
INFO: [Synth 8-3333] propagating constant 1 across sequential element (u_icmp/\u_icmp_tx/preamble_reg[2][0] )
INFO: [Synth 8-3333] propagating constant 1 across sequential element (u_icmp/\u_icmp_tx/preamble_reg[1][0] )
INFO: [Synth 8-3333] propagating constant 1 across sequential element (u_icmp/\u_icmp_tx/preamble_reg[0][0] )
INFO: [Synth 8-3333] propagating constant 0 across sequential element (u_icmp/\u_icmp_tx/eth_head_reg[13][0] )
INFO: [Synth 8-3333] propagating constant 0 across sequential element (u_icmp/\u_icmp_tx/eth_head_reg[12][0] )
INFO: [Synth 8-3333] propagating constant 1 across sequential element (u_icmp/\u_icmp_tx/eth_head_reg[11][0] )
INFO: [Synth 8-3333] propagating constant 0 across sequential element (u_icmp/\u_icmp_tx/eth_head_reg[10][0] )
INFO: [Synth 8-3333] propagating constant 1 across sequential element (u_icmp/\u_icmp_tx/eth_head_reg[9][0] )
INFO: [Synth 8-3333] propagating constant 0 across sequential element (u_icmp/\u_icmp_tx/eth_head_reg[8][0] )
INFO: [Synth 8-3333] propagating constant 1 across sequential element (u_icmp/\u_icmp_tx/eth_head_reg[7][0] )
INFO: [Synth 8-3333] propagating constant 0 across sequential element (u_icmp/\u_icmp_tx/eth_head_reg[6][0] )
INFO: [Synth 8-3886] merging instance 'u_icmp/u_icmp_tx/ip_head_reg[3][24]' (FDE) to 'u_icmp/u_icmp_tx/ip_head_reg[3][0]'
INFO: [Synth 8-3886] merging instance 'u_icmp/u_icmp_tx/ip_head_reg[2][24]' (FDE) to 'u_icmp/u_icmp_tx/ip_head_reg[2][25]'
INFO: [Synth 8-3886] merging instance 'u_icmp/u_icmp_tx/ip_head_reg[0][24]' (FDE) to 'u_icmp/u_icmp_tx/ip_head_reg[3][1]'
INFO: [Synth 8-3886] merging instance 'u_icmp/u_icmp_tx/ip_head_reg[5][24]' (FDE) to 'u_icmp/u_icmp_tx/ip_head_reg[5][16]'
INFO: [Synth 8-3886] merging instance 'u_icmp/u_icmp_tx/ip_head_reg[3][16]' (FDE) to 'u_icmp/u_icmp_tx/ip_head_reg[3][0]'
INFO: [Synth 8-3886] merging instance 'u_icmp/u_icmp_tx/ip_head_reg[2][16]' (FDE) to 'u_icmp/u_icmp_tx/ip_head_reg[2][31]'
INFO: [Synth 8-3886] merging instance 'u_icmp/u_icmp_tx/ip_head_reg[0][16]' (FDE) to 'u_icmp/u_icmp_tx/ip_head_reg[3][0]'
INFO: [Synth 8-3886] merging instance 'u_icmp/u_icmp_tx/ip_head_reg[5][16]' (FDE) to 'u_icmp/u_icmp_tx/ip_head_reg[5][25]'
INFO: [Synth 8-3886] merging instance 'u_icmp/u_icmp_tx/ip_head_reg[3][8]' (FDE) to 'u_icmp/u_icmp_tx/ip_head_reg[3][1]'
INFO: [Synth 8-3886] merging instance 'u_icmp/u_icmp_tx/ip_head_reg[1][8]' (FDE) to 'u_icmp/u_icmp_tx/ip_head_reg[1][0]'
INFO: [Synth 8-3886] merging instance 'u_icmp/u_icmp_tx/ip_head_reg[3][0]' (FDE) to 'u_icmp/u_icmp_tx/ip_head_reg[3][2]'
INFO: [Synth 8-3886] merging instance 'u_icmp/u_icmp_tx/ip_head_reg[1][0]' (FDE) to 'u_icmp/u_icmp_tx/ip_head_reg[1][9]'
INFO: [Synth 8-3333] propagating constant 1 across sequential element (u_udp/\u_udp_tx/preamble_reg[7][0] )
INFO: [Synth 8-3333] propagating constant 1 across sequential element (u_udp/\u_udp_tx/preamble_reg[6][0] )
INFO: [Synth 8-3333] propagating constant 1 across sequential element (u_udp/\u_udp_tx/preamble_reg[5][0] )
INFO: [Synth 8-3333] propagating constant 1 across sequential element (u_udp/\u_udp_tx/preamble_reg[4][0] )
INFO: [Synth 8-3333] propagating constant 1 across sequential element (u_udp/\u_udp_tx/preamble_reg[3][0] )
INFO: [Synth 8-3333] propagating constant 1 across sequential element (u_udp/\u_udp_tx/preamble_reg[2][0] )
INFO: [Synth 8-3333] propagating constant 1 across sequential element (u_udp/\u_udp_tx/preamble_reg[1][0] )
INFO: [Synth 8-3333] propagating constant 1 across sequential element (u_udp/\u_udp_tx/preamble_reg[0][0] )
INFO: [Synth 8-3333] propagating constant 0 across sequential element (u_udp/\u_udp_tx/eth_head_reg[13][0] )
INFO: [Synth 8-3333] propagating constant 0 across sequential element (u_udp/\u_udp_tx/eth_head_reg[12][0] )
INFO: [Synth 8-3333] propagating constant 1 across sequential element (u_udp/\u_udp_tx/eth_head_reg[11][0] )
INFO: [Synth 8-3333] propagating constant 0 across sequential element (u_udp/\u_udp_tx/eth_head_reg[10][0] )
INFO: [Synth 8-3333] propagating constant 1 across sequential element (u_udp/\u_udp_tx/eth_head_reg[9][0] )
INFO: [Synth 8-3333] propagating constant 0 across sequential element (u_udp/\u_udp_tx/eth_head_reg[8][0] )
INFO: [Synth 8-3333] propagating constant 1 across sequential element (u_udp/\u_udp_tx/eth_head_reg[7][0] )
INFO: [Synth 8-3333] propagating constant 0 across sequential element (u_udp/\u_udp_tx/eth_head_reg[6][0] )
INFO: [Synth 8-3886] merging instance 'u_udp/u_udp_tx/ip_head_reg[3][24]' (FDE) to 'u_udp/u_udp_tx/ip_head_reg[3][0]'
INFO: [Synth 8-3886] merging instance 'u_udp/u_udp_tx/ip_head_reg[2][24]' (FDE) to 'u_udp/u_udp_tx/ip_head_reg[2][25]'
INFO: [Synth 8-3886] merging instance 'u_udp/u_udp_tx/ip_head_reg[0][24]' (FDE) to 'u_udp/u_udp_tx/ip_head_reg[3][1]'
INFO: [Synth 8-3886] merging instance 'u_udp/u_udp_tx/ip_head_reg[5][24]' (FDE) to 'u_udp/u_udp_tx/ip_head_reg[3][0]'
INFO: [Synth 8-3886] merging instance 'u_udp/u_udp_tx/ip_head_reg[3][16]' (FDE) to 'u_udp/u_udp_tx/ip_head_reg[3][0]'
INFO: [Synth 8-3886] merging instance 'u_udp/u_udp_tx/ip_head_reg[2][16]' (FDE) to 'u_udp/u_udp_tx/ip_head_reg[2][20]'
INFO: [Synth 8-3886] merging instance 'u_udp/u_udp_tx/ip_head_reg[0][16]' (FDE) to 'u_udp/u_udp_tx/ip_head_reg[3][0]'
INFO: [Synth 8-3886] merging instance 'u_udp/u_udp_tx/ip_head_reg[5][16]' (FDE) to 'u_udp/u_udp_tx/ip_head_reg[3][0]'
INFO: [Synth 8-3886] merging instance 'u_udp/u_udp_tx/ip_head_reg[3][8]' (FDE) to 'u_udp/u_udp_tx/ip_head_reg[3][1]'
INFO: [Synth 8-3886] merging instance 'u_udp/u_udp_tx/ip_head_reg[1][8]' (FDE) to 'u_udp/u_udp_tx/ip_head_reg[1][0]'
INFO: [Synth 8-3886] merging instance 'u_udp/u_udp_tx/ip_head_reg[6][8]' (FDE) to 'u_udp/u_udp_tx/ip_head_reg[3][0]'
INFO: [Synth 8-3886] merging instance 'u_udp/u_udp_tx/ip_head_reg[3][0]' (FDE) to 'u_udp/u_udp_tx/ip_head_reg[3][2]'
INFO: [Synth 8-3886] merging instance 'u_udp/u_udp_tx/ip_head_reg[1][0]' (FDE) to 'u_udp/u_udp_tx/ip_head_reg[1][9]'
INFO: [Synth 8-3886] merging instance 'u_udp/u_udp_tx/ip_head_reg[6][0]' (FDE) to 'u_udp/u_udp_tx/ip_head_reg[3][2]'
INFO: [Synth 8-3333] propagating constant 1 across sequential element (u_arp/\u_arp_tx/preamble_reg[7][0] )
INFO: [Synth 8-3333] propagating constant 1 across sequential element (u_arp/\u_arp_tx/preamble_reg[6][0] )
INFO: [Synth 8-3333] propagating constant 1 across sequential element (u_arp/\u_arp_tx/preamble_reg[5][0] )
INFO: [Synth 8-3333] propagating constant 1 across sequential element (u_arp/\u_arp_tx/preamble_reg[4][0] )
INFO: [Synth 8-3333] propagating constant 1 across sequential element (u_arp/\u_arp_tx/preamble_reg[3][0] )
INFO: [Synth 8-3333] propagating constant 1 across sequential element (u_arp/\u_arp_tx/preamble_reg[2][0] )
INFO: [Synth 8-3333] propagating constant 1 across sequential element (u_arp/\u_arp_tx/preamble_reg[1][0] )
INFO: [Synth 8-3333] propagating constant 1 across sequential element (u_arp/\u_arp_tx/preamble_reg[0][0] )
INFO: [Synth 8-3333] propagating constant 0 across sequential element (u_arp/\u_arp_tx/eth_head_reg[13][0] )
INFO: [Synth 8-3333] propagating constant 0 across sequential element (u_arp/\u_arp_tx/eth_head_reg[12][0] )
INFO: [Synth 8-3333] propagating constant 1 across sequential element (u_arp/\u_arp_tx/eth_head_reg[11][0] )
INFO: [Synth 8-3333] propagating constant 0 across sequential element (u_arp/\u_arp_tx/eth_head_reg[10][0] )
INFO: [Synth 8-3333] propagating constant 1 across sequential element (u_arp/\u_arp_tx/eth_head_reg[9][0] )
INFO: [Synth 8-3333] propagating constant 0 across sequential element (u_arp/\u_arp_tx/eth_head_reg[8][0] )
INFO: [Synth 8-3333] propagating constant 1 across sequential element (u_arp/\u_arp_tx/eth_head_reg[7][0] )
INFO: [Synth 8-3333] propagating constant 0 across sequential element (u_arp/\u_arp_tx/eth_head_reg[6][0] )
INFO: [Synth 8-3333] propagating constant 0 across sequential element (u_arp/\u_arp_tx/arp_data_reg[15][0] )
INFO: [Synth 8-3333] propagating constant 0 across sequential element (u_arp/\u_arp_tx/arp_data_reg[14][0] )
INFO: [Synth 8-3333] propagating constant 1 across sequential element (u_arp/\u_arp_tx/arp_data_reg[13][0] )
INFO: [Synth 8-3333] propagating constant 0 across sequential element (u_arp/\u_arp_tx/arp_data_reg[12][0] )
INFO: [Synth 8-3333] propagating constant 1 across sequential element (u_arp/\u_arp_tx/arp_data_reg[11][0] )
INFO: [Synth 8-3333] propagating constant 0 across sequential element (u_arp/\u_arp_tx/arp_data_reg[10][0] )
INFO: [Synth 8-3333] propagating constant 1 across sequential element (u_arp/\u_arp_tx/arp_data_reg[9][0] )
INFO: [Synth 8-3333] propagating constant 0 across sequential element (u_arp/\u_arp_tx/arp_data_reg[8][0] )
INFO: [Synth 8-3333] propagating constant 0 across sequential element (u_arp/\u_arp_tx/arp_data_reg[6][0] )
INFO: [Synth 8-3333] propagating constant 0 across sequential element (u_arp/\u_arp_tx/arp_data_reg[5][0] )
INFO: [Synth 8-3333] propagating constant 0 across sequential element (u_arp/\u_arp_tx/arp_data_reg[4][0] )
INFO: [Synth 8-3333] propagating constant 0 across sequential element (u_arp/\u_arp_tx/arp_data_reg[3][0] )
INFO: [Synth 8-3333] propagating constant 0 across sequential element (u_arp/\u_arp_tx/arp_data_reg[2][0] )
INFO: [Synth 8-3333] propagating constant 1 across sequential element (u_arp/\u_arp_tx/arp_data_reg[1][0] )
INFO: [Synth 8-3333] propagating constant 0 across sequential element (u_arp/\u_arp_tx/arp_data_reg[0][0] )
INFO: [Synth 8-3333] propagating constant 0 across sequential element (u_arp/\u_arp_tx/arp_data_reg[17][0] )
INFO: [Synth 8-3333] propagating constant 1 across sequential element (u_arp/\u_arp_tx/arp_data_reg[16][0] )
INFO: [Synth 8-3333] propagating constant 0 across sequential element (u_icmp/\u_icmp_tx/preamble_reg[7][1] )
INFO: [Synth 8-3333] propagating constant 0 across sequential element (u_icmp/\u_icmp_tx/preamble_reg[6][1] )
INFO: [Synth 8-3333] propagating constant 0 across sequential element (u_icmp/\u_icmp_tx/preamble_reg[5][1] )
INFO: [Synth 8-3333] propagating constant 0 across sequential element (u_icmp/\u_icmp_tx/preamble_reg[4][1] )
INFO: [Synth 8-3333] propagating constant 0 across sequential element (u_icmp/\u_icmp_tx/preamble_reg[3][1] )
INFO: [Synth 8-3333] propagating constant 0 across sequential element (u_icmp/\u_icmp_tx/preamble_reg[2][1] )
INFO: [Synth 8-3333] propagating constant 0 across sequential element (u_icmp/\u_icmp_tx/preamble_reg[1][1] )
INFO: [Synth 8-3333] propagating constant 0 across sequential element (u_icmp/\u_icmp_tx/preamble_reg[0][1] )
INFO: [Synth 8-3333] propagating constant 0 across sequential element (u_icmp/\u_icmp_tx/eth_head_reg[13][1] )
INFO: [Synth 8-3333] propagating constant 0 across sequential element (u_icmp/\u_icmp_tx/eth_head_reg[12][1] )
INFO: [Synth 8-3333] propagating constant 0 across sequential element (u_icmp/\u_icmp_tx/eth_head_reg[11][1] )
INFO: [Synth 8-3333] propagating constant 0 across sequential element (u_icmp/\u_icmp_tx/eth_head_reg[10][1] )
INFO: [Synth 8-3333] propagating constant 1 across sequential element (u_icmp/\u_icmp_tx/eth_head_reg[9][1] )
INFO: [Synth 8-3333] propagating constant 1 across sequential element (u_icmp/\u_icmp_tx/eth_head_reg[8][1] )
INFO: [Synth 8-3333] propagating constant 0 across sequential element (u_icmp/\u_icmp_tx/eth_head_reg[7][1] )
INFO: [Synth 8-3333] propagating constant 0 across sequential element (u_icmp/\u_icmp_tx/eth_head_reg[6][1] )
INFO: [Synth 8-3886] merging instance 'u_icmp/u_icmp_tx/ip_head_reg[3][25]' (FDE) to 'u_icmp/u_icmp_tx/ip_head_reg[3][2]'
INFO: [Synth 8-3886] merging instance 'u_icmp/u_icmp_tx/ip_head_reg[2][25]' (FDE) to 'u_icmp/u_icmp_tx/ip_head_reg[2][17]'
INFO: [Synth 8-3886] merging instance 'u_icmp/u_icmp_tx/ip_head_reg[0][25]' (FDE) to 'u_icmp/u_icmp_tx/ip_head_reg[3][2]'
INFO: [Synth 8-3886] merging instance 'u_icmp/u_icmp_tx/ip_head_reg[5][25]' (FDE) to 'u_icmp/u_icmp_tx/ip_head_reg[5][17]'
INFO: [Synth 8-3886] merging instance 'u_icmp/u_icmp_tx/ip_head_reg[3][17]' (FDE) to 'u_icmp/u_icmp_tx/ip_head_reg[3][2]'
INFO: [Synth 8-3886] merging instance 'u_icmp/u_icmp_tx/ip_head_reg[2][17]' (FDE) to 'u_icmp/u_icmp_tx/ip_head_reg[2][26]'
INFO: [Synth 8-3886] merging instance 'u_icmp/u_icmp_tx/ip_head_reg[0][17]' (FDE) to 'u_icmp/u_icmp_tx/ip_head_reg[3][2]'
INFO: [Synth 8-3886] merging instance 'u_icmp/u_icmp_tx/ip_head_reg[5][17]' (FDE) to 'u_icmp/u_icmp_tx/ip_head_reg[5][26]'
INFO: [Synth 8-3886] merging instance 'u_icmp/u_icmp_tx/ip_head_reg[3][9]' (FDE) to 'u_icmp/u_icmp_tx/ip_head_reg[3][2]'
INFO: [Synth 8-3886] merging instance 'u_icmp/u_icmp_tx/ip_head_reg[1][9]' (FDE) to 'u_icmp/u_icmp_tx/ip_head_reg[1][1]'
INFO: [Synth 8-3886] merging instance 'u_icmp/u_icmp_tx/ip_head_reg[3][1]' (FDE) to 'u_icmp/u_icmp_tx/ip_head_reg[3][3]'
INFO: [Synth 8-3886] merging instance 'u_icmp/u_icmp_tx/ip_head_reg[1][1]' (FDE) to 'u_icmp/u_icmp_tx/ip_head_reg[1][10]'
INFO: [Synth 8-3333] propagating constant 0 across sequential element (u_udp/\u_udp_tx/preamble_reg[7][1] )
INFO: [Synth 8-3333] propagating constant 0 across sequential element (u_udp/\u_udp_tx/preamble_reg[6][1] )
INFO: [Synth 8-3333] propagating constant 0 across sequential element (u_udp/\u_udp_tx/preamble_reg[5][1] )
INFO: [Synth 8-3333] propagating constant 0 across sequential element (u_udp/\u_udp_tx/preamble_reg[4][1] )
INFO: [Synth 8-3333] propagating constant 0 across sequential element (u_udp/\u_udp_tx/preamble_reg[3][1] )
INFO: [Synth 8-3333] propagating constant 0 across sequential element (u_udp/\u_udp_tx/preamble_reg[2][1] )
INFO: [Synth 8-3333] propagating constant 0 across sequential element (u_udp/\u_udp_tx/preamble_reg[1][1] )
INFO: [Synth 8-3333] propagating constant 0 across sequential element (u_udp/\u_udp_tx/preamble_reg[0][1] )
INFO: [Synth 8-3333] propagating constant 0 across sequential element (u_udp/\u_udp_tx/eth_head_reg[13][1] )
INFO: [Synth 8-3333] propagating constant 0 across sequential element (u_udp/\u_udp_tx/eth_head_reg[12][1] )
INFO: [Synth 8-3333] propagating constant 0 across sequential element (u_udp/\u_udp_tx/eth_head_reg[11][1] )
INFO: [Synth 8-3333] propagating constant 0 across sequential element (u_udp/\u_udp_tx/eth_head_reg[10][1] )
INFO: [Synth 8-3333] propagating constant 1 across sequential element (u_udp/\u_udp_tx/eth_head_reg[9][1] )
INFO: [Synth 8-3333] propagating constant 1 across sequential element (u_udp/\u_udp_tx/eth_head_reg[8][1] )
INFO: [Synth 8-3333] propagating constant 0 across sequential element (u_udp/\u_udp_tx/eth_head_reg[7][1] )
INFO: [Synth 8-3333] propagating constant 0 across sequential element (u_udp/\u_udp_tx/eth_head_reg[6][1] )
INFO: [Common 17-14] Message 'Synth 8-3333' appears 100 times and further instances of the messages will be disabled. Use the Tcl command set_msg_config to change the current settings.
INFO: [Common 17-14] Message 'Synth 8-3333' appears 100 times and further instances of the messages will be disabled. Use the Tcl command set_msg_config to change the current settings.
INFO: [Synth 8-3886] merging instance 'u_udp/u_udp_tx/ip_head_reg[3][25]' (FDE) to 'u_udp/u_udp_tx/ip_head_reg[3][2]'
INFO: [Synth 8-3886] merging instance 'u_udp/u_udp_tx/ip_head_reg[2][25]' (FDE) to 'u_udp/u_udp_tx/ip_head_reg[2][17]'
INFO: [Synth 8-3886] merging instance 'u_udp/u_udp_tx/ip_head_reg[0][25]' (FDE) to 'u_udp/u_udp_tx/ip_head_reg[3][2]'
INFO: [Synth 8-3886] merging instance 'u_udp/u_udp_tx/ip_head_reg[5][25]' (FDE) to 'u_udp/u_udp_tx/ip_head_reg[3][2]'
INFO: [Synth 8-3886] merging instance 'u_udp/u_udp_tx/ip_head_reg[3][17]' (FDE) to 'u_udp/u_udp_tx/ip_head_reg[3][2]'
INFO: [Synth 8-3886] merging instance 'u_udp/u_udp_tx/ip_head_reg[2][17]' (FDE) to 'u_udp/u_udp_tx/ip_head_reg[2][26]'
INFO: [Synth 8-3886] merging instance 'u_udp/u_udp_tx/ip_head_reg[0][17]' (FDE) to 'u_udp/u_udp_tx/ip_head_reg[3][2]'
INFO: [Synth 8-3886] merging instance 'u_udp/u_udp_tx/ip_head_reg[5][17]' (FDE) to 'u_udp/u_udp_tx/ip_head_reg[3][1]'
INFO: [Synth 8-3886] merging instance 'u_udp/u_udp_tx/ip_head_reg[3][9]' (FDE) to 'u_udp/u_udp_tx/ip_head_reg[3][2]'
INFO: [Synth 8-3886] merging instance 'u_udp/u_udp_tx/ip_head_reg[1][9]' (FDE) to 'u_udp/u_udp_tx/ip_head_reg[1][1]'
INFO: [Synth 8-3886] merging instance 'u_udp/u_udp_tx/ip_head_reg[6][9]' (FDE) to 'u_udp/u_udp_tx/ip_head_reg[3][2]'
INFO: [Synth 8-3886] merging instance 'u_udp/u_udp_tx/ip_head_reg[3][1]' (FDE) to 'u_udp/u_udp_tx/ip_head_reg[3][3]'
INFO: [Synth 8-3886] merging instance 'u_udp/u_udp_tx/ip_head_reg[1][1]' (FDE) to 'u_udp/u_udp_tx/ip_head_reg[1][10]'
INFO: [Synth 8-3886] merging instance 'u_udp/u_udp_tx/ip_head_reg[6][1]' (FDE) to 'u_udp/u_udp_tx/ip_head_reg[3][2]'
INFO: [Synth 8-3886] merging instance 'u_icmp/u_icmp_tx/ip_head_reg[3][26]' (FDE) to 'u_icmp/u_icmp_tx/ip_head_reg[3][2]'
INFO: [Synth 8-3886] merging instance 'u_icmp/u_icmp_tx/ip_head_reg[2][26]' (FDE) to 'u_icmp/u_icmp_tx/ip_head_reg[2][18]'
INFO: [Synth 8-3886] merging instance 'u_icmp/u_icmp_tx/ip_head_reg[0][26]' (FDE) to 'u_icmp/u_icmp_tx/ip_head_reg[3][3]'
INFO: [Synth 8-3886] merging instance 'u_icmp/u_icmp_tx/ip_head_reg[5][26]' (FDE) to 'u_icmp/u_icmp_tx/ip_head_reg[5][18]'
INFO: [Synth 8-3886] merging instance 'u_icmp/u_icmp_tx/ip_head_reg[3][18]' (FDE) to 'u_icmp/u_icmp_tx/ip_head_reg[3][2]'
INFO: [Synth 8-3886] merging instance 'u_icmp/u_icmp_tx/ip_head_reg[2][18]' (FDE) to 'u_icmp/u_icmp_tx/ip_head_reg[2][27]'
INFO: [Synth 8-3886] merging instance 'u_icmp/u_icmp_tx/ip_head_reg[0][18]' (FDE) to 'u_icmp/u_icmp_tx/ip_head_reg[3][2]'
INFO: [Synth 8-3886] merging instance 'u_icmp/u_icmp_tx/ip_head_reg[5][18]' (FDE) to 'u_icmp/u_icmp_tx/ip_head_reg[5][27]'
INFO: [Synth 8-3886] merging instance 'u_icmp/u_icmp_tx/ip_head_reg[3][10]' (FDE) to 'u_icmp/u_icmp_tx/ip_head_reg[3][2]'
INFO: [Synth 8-3886] merging instance 'u_icmp/u_icmp_tx/ip_head_reg[1][10]' (FDE) to 'u_icmp/u_icmp_tx/ip_head_reg[1][2]'
INFO: [Synth 8-3886] merging instance 'u_icmp/u_icmp_tx/ip_head_reg[3][2]' (FDE) to 'u_icmp/u_icmp_tx/ip_head_reg[3][4]'
INFO: [Synth 8-3886] merging instance 'u_icmp/u_icmp_tx/ip_head_reg[1][2]' (FDE) to 'u_icmp/u_icmp_tx/ip_head_reg[1][11]'
INFO: [Synth 8-3886] merging instance 'u_udp/u_udp_tx/ip_head_reg[3][26]' (FDE) to 'u_udp/u_udp_tx/ip_head_reg[3][2]'
INFO: [Synth 8-3886] merging instance 'u_udp/u_udp_tx/ip_head_reg[2][26]' (FDE) to 'u_udp/u_udp_tx/ip_head_reg[2][18]'
INFO: [Synth 8-3886] merging instance 'u_udp/u_udp_tx/ip_head_reg[0][26]' (FDE) to 'u_udp/u_udp_tx/ip_head_reg[3][3]'
INFO: [Synth 8-3886] merging instance 'u_udp/u_udp_tx/ip_head_reg[5][26]' (FDE) to 'u_udp/u_udp_tx/ip_head_reg[3][3]'
INFO: [Synth 8-3886] merging instance 'u_udp/u_udp_tx/ip_head_reg[3][18]' (FDE) to 'u_udp/u_udp_tx/ip_head_reg[3][2]'
INFO: [Synth 8-3886] merging instance 'u_udp/u_udp_tx/ip_head_reg[2][18]' (FDE) to 'u_udp/u_udp_tx/ip_head_reg[2][27]'
INFO: [Synth 8-3886] merging instance 'u_udp/u_udp_tx/ip_head_reg[0][18]' (FDE) to 'u_udp/u_udp_tx/ip_head_reg[3][2]'
INFO: [Synth 8-3886] merging instance 'u_udp/u_udp_tx/ip_head_reg[5][18]' (FDE) to 'u_udp/u_udp_tx/ip_head_reg[3][2]'
INFO: [Synth 8-3886] merging instance 'u_udp/u_udp_tx/ip_head_reg[3][10]' (FDE) to 'u_udp/u_udp_tx/ip_head_reg[3][2]'
INFO: [Synth 8-3886] merging instance 'u_udp/u_udp_tx/ip_head_reg[1][10]' (FDE) to 'u_udp/u_udp_tx/ip_head_reg[1][2]'
INFO: [Synth 8-3886] merging instance 'u_udp/u_udp_tx/ip_head_reg[6][10]' (FDE) to 'u_udp/u_udp_tx/ip_head_reg[3][2]'
INFO: [Synth 8-3886] merging instance 'u_udp/u_udp_tx/ip_head_reg[3][2]' (FDE) to 'u_udp/u_udp_tx/ip_head_reg[3][4]'
INFO: [Common 17-14] Message 'Synth 8-3886' appears 100 times and further instances of the messages will be disabled. Use the Tcl command set_msg_config to change the current settings.
INFO: [Common 17-14] Message 'Synth 8-3886' appears 100 times and further instances of the messages will be disabled. Use the Tcl command set_msg_config to change the current settings.
---------------------------------------------------------------------------------
Finished Cross Boundary and Area Optimization : Time (s): cpu = 00:01:09 ; elapsed = 00:01:40 . Memory (MB): peak = 3213.309 ; gain = 917.871
---------------------------------------------------------------------------------
---------------------------------------------------------------------------------
Start ROM, RAM, DSP, Shift Register and Retiming Reporting
---------------------------------------------------------------------------------

Block RAM: Preliminary Mapping Report (see note below)
+------------+--------------------+------------------------+---+---+------------------------+---+---+------------------+--------+--------+-----------------+
|Module Name | RTL Object         | PORT A (Depth x Width) | W | R | PORT B (Depth x Width) | W | R | Ports driving FF | RAMB18 | RAMB36 | Cascade Heights | 
+------------+--------------------+------------------------+---+---+------------------------+---+---+------------------+--------+--------+-----------------+
|u_mem       | u_rd_bytes/ram_reg | 4 K x 8(NO_CHANGE)     | W |   | 4 K x 8(WRITE_FIRST)   |   | R | Port A and B     | 0      | 1      | 1               | 
|u_mem2      | u_rd_bytes/ram_reg | 4 K x 8(NO_CHANGE)     | W |   | 4 K x 8(WRITE_FIRST)   |   | R | Port A and B     | 0      | 1      | 1               | 
|u_unpack_b  | wf_data_reg        | 512 x 64(READ_FIRST)   | W |   | 512 x 64(WRITE_FIRST)  |   | R | Port A and B     | 0      | 1      |                 | 
|u_pump_fwd  | ram_reg            | 2 K x 8(NO_CHANGE)     | W |   | 2 K x 8(WRITE_FIRST)   |   | R | Port A and B     | 1      | 0      | 1               | 
|u_unpack    | wf_data_reg        | 512 x 64(READ_FIRST)   | W |   | 512 x 64(WRITE_FIRST)  |   | R | Port A and B     | 0      | 1      |                 | 
|u_pump_rev  | ram_reg            | 2 K x 8(NO_CHANGE)     | W |   | 2 K x 8(WRITE_FIRST)   |   | R | Port A and B     | 1      | 0      | 1               | 
+------------+--------------------+------------------------+---+---+------------------------+---+---+------------------+--------+--------+-----------------+

Note: The table above is a preliminary report that shows the Block RAMs at the current stage of the synthesis flow. Some Block RAMs may be reimplemented as non Block RAM primitives later in the synthesis flow. Multiple instantiated Block RAMs are reported only once. 

Distributed RAM: Preliminary Mapping Report (see note below)
+------------+--------------------+-----------+----------------------+----------------+
|Module Name | RTL Object         | Inference | Size (Depth x Width) | Primitives     | 
+------------+--------------------+-----------+----------------------+----------------+
|u_mem       | u_wr_bytes/ram_reg | Implied   | 4 K x 8              | RAM64M8 x 128  | 
|u_mem       | u_wr_desc/ram_reg  | Implied   | 8 x 16               | RAM32M16 x 2   | 
|u_mem       | u_rd_cmd/ram_reg   | Implied   | 4 x 9                | RAM32M16 x 1   | 
|u_mem       | u_rd_desc/ram_reg  | Implied   | 4 x 25               | RAM32M16 x 2   | 
|u_mem2      | u_wr_bytes/ram_reg | Implied   | 4 K x 8              | RAM64M8 x 128  | 
|u_mem2      | u_wr_desc/ram_reg  | Implied   | 8 x 16               | RAM32M16 x 2   | 
|u_mem2      | u_rd_desc/ram_reg  | Implied   | 4 x 25               | RAM32M16 x 2   | 
|u_unpack_b  | wf_keep_reg        | Implied   | 512 x 8              | RAM64M8 x 16   | 
|u_unpack_b  | wf_last_reg        | Implied   | 512 x 1              | RAM256X1D x 2  | 
|u_pack_b    | q_word_reg         | Implied   | 16 x 64              | RAM32M16 x 5   | 
|u_pack_b    | q_keep_reg         | Implied   | 16 x 8               | RAM32M16 x 1   | 
|u_pack_b    | q_last_reg         | Implied   | 16 x 1               | RAM16X1D x 1   | 
|u_pack      | q_word_reg         | Implied   | 16 x 64              | RAM32M16 x 5   | 
|u_pack      | q_keep_reg         | Implied   | 16 x 8               | RAM32M16 x 1   | 
|u_pack      | q_last_reg         | Implied   | 16 x 1               | RAM16X1D x 1   | 
|u_unpack    | wf_keep_reg        | Implied   | 512 x 8              | RAM64M8 x 16   | 
|u_unpack    | wf_last_reg        | Implied   | 512 x 1              | RAM256X1D x 2  | 
+------------+--------------------+-----------+----------------------+----------------+

Note: The table above is a preliminary report that shows the Distributed RAMs at the current stage of the synthesis flow. Some Distributed RAMs may be reimplemented as non Distributed RAM primitives later in the synthesis flow. Multiple instantiated RAMs are reported only once.
---------------------------------------------------------------------------------
Finished ROM, RAM, DSP, Shift Register and Retiming Reporting
---------------------------------------------------------------------------------
---------------------------------------------------------------------------------
Start Applying XDC Timing Constraints
---------------------------------------------------------------------------------
---------------------------------------------------------------------------------
Finished Applying XDC Timing Constraints : Time (s): cpu = 00:01:17 ; elapsed = 00:01:49 . Memory (MB): peak = 3213.309 ; gain = 917.871
---------------------------------------------------------------------------------
---------------------------------------------------------------------------------
Start Timing Optimization
---------------------------------------------------------------------------------
---------------------------------------------------------------------------------
Finished Timing Optimization : Time (s): cpu = 00:01:24 ; elapsed = 00:01:56 . Memory (MB): peak = 3257.664 ; gain = 962.227
---------------------------------------------------------------------------------
---------------------------------------------------------------------------------
Start ROM, RAM, DSP, Shift Register and Retiming Reporting
---------------------------------------------------------------------------------

Block RAM: Final Mapping Report
+------------+--------------------+------------------------+---+---+------------------------+---+---+------------------+--------+--------+-----------------+
|Module Name | RTL Object         | PORT A (Depth x Width) | W | R | PORT B (Depth x Width) | W | R | Ports driving FF | RAMB18 | RAMB36 | Cascade Heights | 
+------------+--------------------+------------------------+---+---+------------------------+---+---+------------------+--------+--------+-----------------+
|u_mem       | u_rd_bytes/ram_reg | 4 K x 8(NO_CHANGE)     | W |   | 4 K x 8(WRITE_FIRST)   |   | R | Port A and B     | 0      | 1      | 1               | 
|u_mem2      | u_rd_bytes/ram_reg | 4 K x 8(NO_CHANGE)     | W |   | 4 K x 8(WRITE_FIRST)   |   | R | Port A and B     | 0      | 1      | 1               | 
|u_unpack_b  | wf_data_reg        | 512 x 64(READ_FIRST)   | W |   | 512 x 64(WRITE_FIRST)  |   | R | Port A and B     | 0      | 1      |                 | 
|u_pump_fwd  | ram_reg            | 2 K x 8(NO_CHANGE)     | W |   | 2 K x 8(WRITE_FIRST)   |   | R | Port A and B     | 1      | 0      | 1               | 
|u_unpack    | wf_data_reg        | 512 x 64(READ_FIRST)   | W |   | 512 x 64(WRITE_FIRST)  |   | R | Port A and B     | 0      | 1      |                 | 
|u_pump_rev  | ram_reg            | 2 K x 8(NO_CHANGE)     | W |   | 2 K x 8(WRITE_FIRST)   |   | R | Port A and B     | 1      | 0      | 1               | 
+------------+--------------------+------------------------+---+---+------------------------+---+---+------------------+--------+--------+-----------------+


Distributed RAM: Final Mapping Report
+------------+--------------------+-----------+----------------------+----------------+
|Module Name | RTL Object         | Inference | Size (Depth x Width) | Primitives     | 
+------------+--------------------+-----------+----------------------+----------------+
|u_mem       | u_wr_bytes/ram_reg | Implied   | 4 K x 8              | RAM64M8 x 128  | 
|u_mem       | u_wr_desc/ram_reg  | Implied   | 8 x 16               | RAM32M16 x 2   | 
|u_mem       | u_rd_cmd/ram_reg   | Implied   | 4 x 9                | RAM32M16 x 1   | 
|u_mem       | u_rd_desc/ram_reg  | Implied   | 4 x 25               | RAM32M16 x 2   | 
|u_mem2      | u_wr_bytes/ram_reg | Implied   | 4 K x 8              | RAM64M8 x 128  | 
|u_mem2      | u_wr_desc/ram_reg  | Implied   | 8 x 16               | RAM32M16 x 2   | 
|u_mem2      | u_rd_desc/ram_reg  | Implied   | 4 x 25               | RAM32M16 x 2   | 
|u_unpack_b  | wf_keep_reg        | Implied   | 512 x 8              | RAM64M8 x 16   | 
|u_unpack_b  | wf_last_reg        | Implied   | 512 x 1              | RAM256X1D x 2  | 
|u_pack_b    | q_word_reg         | Implied   | 16 x 64              | RAM32M16 x 5   | 
|u_pack_b    | q_keep_reg         | Implied   | 16 x 8               | RAM32M16 x 1   | 
|u_pack_b    | q_last_reg         | Implied   | 16 x 1               | RAM16X1D x 1   | 
|u_pack      | q_word_reg         | Implied   | 16 x 64              | RAM32M16 x 5   | 
|u_pack      | q_keep_reg         | Implied   | 16 x 8               | RAM32M16 x 1   | 
|u_pack      | q_last_reg         | Implied   | 16 x 1               | RAM16X1D x 1   | 
|u_unpack    | wf_keep_reg        | Implied   | 512 x 8              | RAM64M8 x 16   | 
|u_unpack    | wf_last_reg        | Implied   | 512 x 1              | RAM256X1D x 2  | 
+------------+--------------------+-----------+----------------------+----------------+

---------------------------------------------------------------------------------
Finished ROM, RAM, DSP, Shift Register and Retiming Reporting
---------------------------------------------------------------------------------
---------------------------------------------------------------------------------
Start Technology Mapping
---------------------------------------------------------------------------------
INFO: [Synth 8-7052] The timing for the instance u_mem/i_0/u_rd_bytes/ram_reg_bram_0 (implemented as a Block RAM) might be sub-optimal as no optional output register could be merged into the ram block. Providing additional output register may help in improving timing.
INFO: [Synth 8-7052] The timing for the instance u_mem2/i_0/u_rd_bytes/ram_reg_bram_0 (implemented as a Block RAM) might be sub-optimal as no optional output register could be merged into the ram block. Providing additional output register may help in improving timing.
INFO: [Synth 8-7052] The timing for the instance i_0/u_pump_fwd/ram_reg_bram_0 (implemented as a Block RAM) might be sub-optimal as no optional output register could be merged into the ram block. Providing additional output register may help in improving timing.
INFO: [Synth 8-7052] The timing for the instance i_0/u_pump_rev/ram_reg_bram_0 (implemented as a Block RAM) might be sub-optimal as no optional output register could be merged into the ram block. Providing additional output register may help in improving timing.
---------------------------------------------------------------------------------
Finished Technology Mapping : Time (s): cpu = 00:01:30 ; elapsed = 00:02:11 . Memory (MB): peak = 3257.664 ; gain = 962.227
---------------------------------------------------------------------------------
---------------------------------------------------------------------------------
Start IO Insertion
---------------------------------------------------------------------------------
---------------------------------------------------------------------------------
Start Flattening Before IO Insertion
---------------------------------------------------------------------------------
---------------------------------------------------------------------------------
Finished Flattening Before IO Insertion
---------------------------------------------------------------------------------
---------------------------------------------------------------------------------
Start Final Netlist Cleanup
---------------------------------------------------------------------------------
INFO: [Synth 8-7052] The timing for the instance u_mem/u_rd_bytes/ram_reg_bram_0 (implemented as a Block RAM) might be sub-optimal as no optional output register could be merged into the ram block. Providing additional output register may help in improving timing.
INFO: [Synth 8-7052] The timing for the instance u_mem2/u_rd_bytes/ram_reg_bram_0 (implemented as a Block RAM) might be sub-optimal as no optional output register could be merged into the ram block. Providing additional output register may help in improving timing.
INFO: [Synth 8-7052] The timing for the instance u_pump_fwd/ram_reg_bram_0 (implemented as a Block RAM) might be sub-optimal as no optional output register could be merged into the ram block. Providing additional output register may help in improving timing.
INFO: [Synth 8-7052] The timing for the instance u_pump_rev/ram_reg_bram_0 (implemented as a Block RAM) might be sub-optimal as no optional output register could be merged into the ram block. Providing additional output register may help in improving timing.
---------------------------------------------------------------------------------
Finished Final Netlist Cleanup
---------------------------------------------------------------------------------
---------------------------------------------------------------------------------
Finished IO Insertion : Time (s): cpu = 00:01:37 ; elapsed = 00:02:17 . Memory (MB): peak = 3263.426 ; gain = 967.988
---------------------------------------------------------------------------------
---------------------------------------------------------------------------------
Start Renaming Generated Instances
---------------------------------------------------------------------------------
---------------------------------------------------------------------------------
Finished Renaming Generated Instances : Time (s): cpu = 00:01:37 ; elapsed = 00:02:17 . Memory (MB): peak = 3263.426 ; gain = 967.988
---------------------------------------------------------------------------------
---------------------------------------------------------------------------------
Start Rebuilding User Hierarchy
---------------------------------------------------------------------------------
---------------------------------------------------------------------------------
Finished Rebuilding User Hierarchy : Time (s): cpu = 00:01:38 ; elapsed = 00:02:19 . Memory (MB): peak = 3263.426 ; gain = 967.988
---------------------------------------------------------------------------------
---------------------------------------------------------------------------------
Start Renaming Generated Ports
---------------------------------------------------------------------------------
---------------------------------------------------------------------------------
Finished Renaming Generated Ports : Time (s): cpu = 00:01:38 ; elapsed = 00:02:19 . Memory (MB): peak = 3263.426 ; gain = 967.988
---------------------------------------------------------------------------------
---------------------------------------------------------------------------------
Start Handling Custom Attributes
---------------------------------------------------------------------------------
---------------------------------------------------------------------------------
Finished Handling Custom Attributes : Time (s): cpu = 00:01:39 ; elapsed = 00:02:21 . Memory (MB): peak = 3263.426 ; gain = 967.988
---------------------------------------------------------------------------------
---------------------------------------------------------------------------------
Start Renaming Generated Nets
---------------------------------------------------------------------------------
---------------------------------------------------------------------------------
Finished Renaming Generated Nets : Time (s): cpu = 00:01:40 ; elapsed = 00:02:21 . Memory (MB): peak = 3263.426 ; gain = 967.988
---------------------------------------------------------------------------------
---------------------------------------------------------------------------------
Start ROM, RAM, DSP, Shift Register and Retiming Reporting
---------------------------------------------------------------------------------

Static Shift Register Report:
+-------------------------------+--------------------------------------------+--------+-------+--------------+--------------------+-------------------+--------+---------+
|Module Name                    | RTL Name                                   | Length | Width | Reset Signal | Pull out first Reg | Pull out last Reg | SRL16E | SRLC32E | 
+-------------------------------+--------------------------------------------+--------+-------+--------------+--------------------+-------------------+--------+---------+
|aurora_64b66b_0_support_ext    | support_reset_logic_i/dly_gt_rst_r_reg[18] | 19     | 1     | NO           | NO                 | YES               | 0      | 1       | 
|aurora_64b66b_1_support_shared | support_reset_logic_i/dly_gt_rst_r_reg[18] | 19     | 1     | NO           | NO                 | YES               | 0      | 1       | 
|gmii_to_rgmii                  | u_rgmii_rx/lock_sr_reg[3]                  | 4      | 1     | NO           | NO                 | YES               | 1      | 0       | 
|aurora_mem_bridge              | rst_sync_reg[2]                            | 3      | 1     | NO           | NO                 | YES               | 1      | 0       | 
|aurora_mem_bridge              | pma_init_stage_reg[127]                    | 128    | 1     | NO           | NO                 | YES               | 0      | 4       | 
+-------------------------------+--------------------------------------------+--------+-------+--------------+--------------------+-------------------+--------+---------+

---------------------------------------------------------------------------------
Finished ROM, RAM, DSP, Shift Register and Retiming Reporting
---------------------------------------------------------------------------------
---------------------------------------------------------------------------------
Start Writing Synthesis Report
---------------------------------------------------------------------------------

Report BlackBoxes: 
+------+-------------------+----------+
|      |BlackBox name      |Instances |
+------+-------------------+----------+
|1     |aurora_64b66b_0    |         1|
|2     |aurora_64b66b_1    |         1|
|3     |async_fifo_2048x8b |         1|
|4     |ddr4_0             |         1|
+------+-------------------+----------+

Report Cell Usage: 
+------+-------------------+------+
|      |Cell               |Count |
+------+-------------------+------+
|1     |async_fifo_2048x8b |     1|
|2     |aurora_64b66b      |     2|
|4     |ddr4               |     1|
|5     |BUFG               |     3|
|6     |BUFG_GT            |     4|
|7     |BUFIO              |     1|
|8     |CARRY8             |   199|
|9     |GTHE3_COMMON       |     1|
|10    |IBUFDS_GTE3        |     1|
|11    |IDDRE1             |     5|
|12    |IDELAYCTRL         |     1|
|13    |IDELAYE3           |     5|
|14    |LUT1               |   230|
|15    |LUT2               |  1075|
|16    |LUT3               |  2113|
|17    |LUT4               |  1362|
|18    |LUT5               |  1514|
|19    |LUT6               |  9457|
|20    |MMCME3_ADV         |     1|
|21    |MUXF7              |  1354|
|22    |MUXF8              |   177|
|23    |ODDRE1             |     5|
|24    |RAM16X1D           |     2|
|25    |RAM256X1D          |     4|
|26    |RAM32M16           |    19|
|27    |RAM32X1D           |     4|
|28    |RAM64M8            |   144|
|29    |RAM64X1D           |   144|
|30    |RAMB18E2           |     2|
|31    |RAMB36E2           |     4|
|33    |SRL16E             |     2|
|34    |SRLC32E            |     6|
|35    |FDCE               | 19296|
|36    |FDPE               |   301|
|37    |FDRE               |  1077|
|38    |FDSE               |    28|
|39    |IBUF               |     8|
|40    |IBUFDS             |     1|
|41    |OBUF               |    15|
+------+-------------------+------+
---------------------------------------------------------------------------------
Finished Writing Synthesis Report : Time (s): cpu = 00:01:40 ; elapsed = 00:02:21 . Memory (MB): peak = 3263.426 ; gain = 967.988
---------------------------------------------------------------------------------
Synthesis finished with 0 errors, 0 critical warnings and 55 warnings.
Synthesis Optimization Runtime : Time (s): cpu = 00:01:25 ; elapsed = 00:02:19 . Memory (MB): peak = 3263.426 ; gain = 841.039
Synthesis Optimization Complete : Time (s): cpu = 00:01:40 ; elapsed = 00:02:24 . Memory (MB): peak = 3263.426 ; gain = 967.988
INFO: [Project 1-571] Translating synthesized netlist
Netlist sorting complete. Time (s): cpu = 00:00:00 ; elapsed = 00:00:00.277 . Memory (MB): peak = 3273.410 ; gain = 0.000
INFO: [Netlist 29-17] Analyzing 2076 Unisim elements for replacement
INFO: [Netlist 29-28] Unisim Transformation completed in 1 CPU seconds
INFO: [Project 1-570] Preparing netlist for logic optimization
INFO: [Opt 31-138] Pushed 0 inverter(s) to 0 load pin(s).
INFO: [Opt 31-326] The CLKFBOUT to CLKFBIN net for instance u_gmii_to_rgmii/u_rgmii_rx/u_mmcm_200m with COMPENSATION=INTERNAL is optimized away to aid design routability
Netlist sorting complete. Time (s): cpu = 00:00:00 ; elapsed = 00:00:00.006 . Memory (MB): peak = 3301.879 ; gain = 0.000
INFO: [Project 1-111] Unisim Transformation Summary:
  A total of 340 instances were transformed.
  BUFG => BUFGCE: 3 instances
  BUFIO => BUFGCE: 1 instance 
  IBUF => IBUF (IBUFCTRL, INBUF): 8 instances
  IBUFDS => IBUFDS (DIFFINBUF, IBUFCTRL): 1 instance 
  IDDRE1 => ISERDESE3 (inverted pins: CLK_B): 5 instances
  ODDRE1 => OSERDESE3: 5 instances
  RAM16X1D => RAM32X1D (RAMD32(x2)): 2 instances
  RAM256X1D => RAM256X1D (MUXF7(x4), MUXF8(x2), RAMD64E(x8)): 4 instances
  RAM32M16 => RAM32M16 (RAMD32(x14), RAMS32(x2)): 19 instances
  RAM32X1D => RAM32X1D (RAMD32(x2)): 4 instances
  RAM64M8 => RAM64M8 (RAMD64E(x8)): 144 instances
  RAM64X1D => RAM64X1D (RAMD64E(x2)): 144 instances

Synth Design complete | Checksum: 1ecf7e2a
INFO: [Common 17-83] Releasing license: Synthesis
430 Infos, 175 Warnings, 0 Critical Warnings and 0 Errors encountered.
synth_design completed successfully
synth_design: Time (s): cpu = 00:01:49 ; elapsed = 00:02:35 . Memory (MB): peak = 3301.879 ; gain = 1762.191
INFO: [Common 17-1381] The checkpoint 'D:/FPGA/prj/project_10/prj_loop/vivado/prj_loop.runs/synth_1/aurora_mem_bridge.dcp' has been generated.
INFO: [runtcl-4] Executing : report_utilization -file aurora_mem_bridge_utilization_synth.rpt -pb aurora_mem_bridge_utilization_synth.pb
INFO: [Common 17-206] Exiting Vivado at Wed Oct  7 22:01:30 2026...
[Wed Oct  7 22:01:31 2026] synth_1 finished
wait_on_runs: Time (s): cpu = 00:00:00 ; elapsed = 00:03:16 . Memory (MB): peak = 2380.457 ; gain = 0.000
SYNTH_STATUS: synth_design Complete!
Design is defaulting to impl run constrset: constrs_1
Design is defaulting to synth run part: xcku060-ffva1156-2-i
INFO: [Project 1-454] Reading design checkpoint 'd:/FPGA/prj/project_10/prj_loop/vivado/prj_loop.gen/sources_1/ip/async_fifo_2048x8b/async_fifo_2048x8b.dcp' for cell 'u_async_fifo_2048x8b'
INFO: [Project 1-454] Reading design checkpoint 'd:/FPGA/prj/project_10/prj_loop/vivado/prj_loop.gen/sources_1/ip/ddr4_0/ddr4_0.dcp' for cell 'u_ddr4'
INFO: [Project 1-454] Reading design checkpoint 'd:/FPGA/prj/project_10/prj_loop/vivado/prj_loop.gen/sources_1/ip/aurora_64b66b_0/aurora_64b66b_0.dcp' for cell 'u_aurora/aurora_64b66b_0_i'
INFO: [Project 1-454] Reading design checkpoint 'd:/FPGA/prj/project_10/prj_loop/vivado/prj_loop.gen/sources_1/ip/aurora_64b66b_1/aurora_64b66b_1.dcp' for cell 'u_aurora_b/aurora_64b66b_1_i'
Netlist sorting complete. Time (s): cpu = 00:00:00 ; elapsed = 00:00:00.859 . Memory (MB): peak = 2552.309 ; gain = 0.000
INFO: [Netlist 29-17] Analyzing 2898 Unisim elements for replacement
INFO: [Netlist 29-28] Unisim Transformation completed in 1 CPU seconds
INFO: [Project 1-479] Netlist was created with Vivado 2023.1
INFO: [Project 1-570] Preparing netlist for logic optimization
INFO: [Chipscope 16-324] Core: u_ddr4 UUID: be77b94c-6b62-5435-9417-a480a194404e 
Parsing XDC File [d:/FPGA/prj/project_10/prj_loop/vivado/prj_loop.gen/sources_1/ip/async_fifo_2048x8b/async_fifo_2048x8b.xdc] for cell 'u_async_fifo_2048x8b/U0'
Finished Parsing XDC File [d:/FPGA/prj/project_10/prj_loop/vivado/prj_loop.gen/sources_1/ip/async_fifo_2048x8b/async_fifo_2048x8b.xdc] for cell 'u_async_fifo_2048x8b/U0'
Parsing XDC File [d:/FPGA/prj/project_10/prj_loop/vivado/prj_loop.gen/sources_1/ip/ddr4_0/bd_0/ip/ip_0/bd_9054_microblaze_I_0.xdc] for cell 'u_ddr4/inst/u_ddr4_mem_intfc/u_ddr_cal_riu/mcs0/inst/microblaze_I/U0'
Finished Parsing XDC File [d:/FPGA/prj/project_10/prj_loop/vivado/prj_loop.gen/sources_1/ip/ddr4_0/bd_0/ip/ip_0/bd_9054_microblaze_I_0.xdc] for cell 'u_ddr4/inst/u_ddr4_mem_intfc/u_ddr_cal_riu/mcs0/inst/microblaze_I/U0'
Parsing XDC File [d:/FPGA/prj/project_10/prj_loop/vivado/prj_loop.gen/sources_1/ip/ddr4_0/bd_0/ip/ip_1/bd_9054_rst_0_0_board.xdc] for cell 'u_ddr4/inst/u_ddr4_mem_intfc/u_ddr_cal_riu/mcs0/inst/rst_0/U0'
Finished Parsing XDC File [d:/FPGA/prj/project_10/prj_loop/vivado/prj_loop.gen/sources_1/ip/ddr4_0/bd_0/ip/ip_1/bd_9054_rst_0_0_board.xdc] for cell 'u_ddr4/inst/u_ddr4_mem_intfc/u_ddr_cal_riu/mcs0/inst/rst_0/U0'
Parsing XDC File [d:/FPGA/prj/project_10/prj_loop/vivado/prj_loop.gen/sources_1/ip/ddr4_0/bd_0/ip/ip_1/bd_9054_rst_0_0.xdc] for cell 'u_ddr4/inst/u_ddr4_mem_intfc/u_ddr_cal_riu/mcs0/inst/rst_0/U0'
Finished Parsing XDC File [d:/FPGA/prj/project_10/prj_loop/vivado/prj_loop.gen/sources_1/ip/ddr4_0/bd_0/ip/ip_1/bd_9054_rst_0_0.xdc] for cell 'u_ddr4/inst/u_ddr4_mem_intfc/u_ddr_cal_riu/mcs0/inst/rst_0/U0'
Parsing XDC File [d:/FPGA/prj/project_10/prj_loop/vivado/prj_loop.gen/sources_1/ip/ddr4_0/bd_0/ip/ip_2/bd_9054_ilmb_0.xdc] for cell 'u_ddr4/inst/u_ddr4_mem_intfc/u_ddr_cal_riu/mcs0/inst/ilmb/U0'
Finished Parsing XDC File [d:/FPGA/prj/project_10/prj_loop/vivado/prj_loop.gen/sources_1/ip/ddr4_0/bd_0/ip/ip_2/bd_9054_ilmb_0.xdc] for cell 'u_ddr4/inst/u_ddr4_mem_intfc/u_ddr_cal_riu/mcs0/inst/ilmb/U0'
Parsing XDC File [d:/FPGA/prj/project_10/prj_loop/vivado/prj_loop.gen/sources_1/ip/ddr4_0/bd_0/ip/ip_3/bd_9054_dlmb_0.xdc] for cell 'u_ddr4/inst/u_ddr4_mem_intfc/u_ddr_cal_riu/mcs0/inst/dlmb/U0'
Finished Parsing XDC File [d:/FPGA/prj/project_10/prj_loop/vivado/prj_loop.gen/sources_1/ip/ddr4_0/bd_0/ip/ip_3/bd_9054_dlmb_0.xdc] for cell 'u_ddr4/inst/u_ddr4_mem_intfc/u_ddr_cal_riu/mcs0/inst/dlmb/U0'
Parsing XDC File [d:/FPGA/prj/project_10/prj_loop/vivado/prj_loop.gen/sources_1/ip/ddr4_0/bd_0/ip/ip_10/bd_9054_iomodule_0_0_board.xdc] for cell 'u_ddr4/inst/u_ddr4_mem_intfc/u_ddr_cal_riu/mcs0/inst/iomodule_0/U0'
Finished Parsing XDC File [d:/FPGA/prj/project_10/prj_loop/vivado/prj_loop.gen/sources_1/ip/ddr4_0/bd_0/ip/ip_10/bd_9054_iomodule_0_0_board.xdc] for cell 'u_ddr4/inst/u_ddr4_mem_intfc/u_ddr_cal_riu/mcs0/inst/iomodule_0/U0'
Parsing XDC File [d:/FPGA/prj/project_10/prj_loop/vivado/prj_loop.gen/sources_1/ip/ddr4_0/ip_0/ddr4_0_microblaze_mcs_board.xdc] for cell 'u_ddr4/inst/u_ddr4_mem_intfc/u_ddr_cal_riu/mcs0/inst'
Finished Parsing XDC File [d:/FPGA/prj/project_10/prj_loop/vivado/prj_loop.gen/sources_1/ip/ddr4_0/ip_0/ddr4_0_microblaze_mcs_board.xdc] for cell 'u_ddr4/inst/u_ddr4_mem_intfc/u_ddr_cal_riu/mcs0/inst'
Parsing XDC File [d:/FPGA/prj/project_10/prj_loop/vivado/prj_loop.gen/sources_1/ip/ddr4_0/par/ddr4_0.xdc] for cell 'u_ddr4/inst'
Finished Parsing XDC File [d:/FPGA/prj/project_10/prj_loop/vivado/prj_loop.gen/sources_1/ip/ddr4_0/par/ddr4_0.xdc] for cell 'u_ddr4/inst'
Parsing XDC File [d:/FPGA/prj/project_10/prj_loop/vivado/prj_loop.gen/sources_1/ip/aurora_64b66b_1/ip_1/aurora_64b66b_1_fifo_gen_master.xdc] for cell 'u_aurora_b/aurora_64b66b_1_i/inst/aurora_64b66b_1_wrapper_i/cbcc_gtx0_i/master_fifo.data_fifo/U0'
Finished Parsing XDC File [d:/FPGA/prj/project_10/prj_loop/vivado/prj_loop.gen/sources_1/ip/aurora_64b66b_1/ip_1/aurora_64b66b_1_fifo_gen_master.xdc] for cell 'u_aurora_b/aurora_64b66b_1_i/inst/aurora_64b66b_1_wrapper_i/cbcc_gtx0_i/master_fifo.data_fifo/U0'
Parsing XDC File [d:/FPGA/prj/project_10/prj_loop/vivado/prj_loop.gen/sources_1/ip/aurora_64b66b_1/ip_0/synth/aurora_64b66b_1_gt.xdc] for cell 'u_aurora_b/aurora_64b66b_1_i/inst/aurora_64b66b_1_wrapper_i/aurora_64b66b_1_multi_gt_i/aurora_64b66b_1_gt_i/inst'
Finished Parsing XDC File [d:/FPGA/prj/project_10/prj_loop/vivado/prj_loop.gen/sources_1/ip/aurora_64b66b_1/ip_0/synth/aurora_64b66b_1_gt.xdc] for cell 'u_aurora_b/aurora_64b66b_1_i/inst/aurora_64b66b_1_wrapper_i/aurora_64b66b_1_multi_gt_i/aurora_64b66b_1_gt_i/inst'
Parsing XDC File [d:/FPGA/prj/project_10/prj_loop/vivado/prj_loop.gen/sources_1/ip/aurora_64b66b_1/aurora_64b66b_1.xdc] for cell 'u_aurora_b/aurora_64b66b_1_i/inst'
WARNING: [Vivado_Tcl 4-921] Waiver ID 'CDC-10' -to list should not be empty. [d:/FPGA/prj/project_10/prj_loop/vivado/prj_loop.gen/sources_1/ip/aurora_64b66b_1/aurora_64b66b_1.xdc:125]
WARNING: [Vivado_Tcl 4-921] Waiver ID 'CDC-11' -to list should not be empty. [d:/FPGA/prj/project_10/prj_loop/vivado/prj_loop.gen/sources_1/ip/aurora_64b66b_1/aurora_64b66b_1.xdc:126]
Finished Parsing XDC File [d:/FPGA/prj/project_10/prj_loop/vivado/prj_loop.gen/sources_1/ip/aurora_64b66b_1/aurora_64b66b_1.xdc] for cell 'u_aurora_b/aurora_64b66b_1_i/inst'
Parsing XDC File [d:/FPGA/prj/project_10/prj_loop/vivado/prj_loop.gen/sources_1/ip/aurora_64b66b_0/ip_1/aurora_64b66b_0_fifo_gen_master.xdc] for cell 'u_aurora/aurora_64b66b_0_i/inst/aurora_64b66b_0_wrapper_i/cbcc_gtx0_i/master_fifo.data_fifo/U0'
Finished Parsing XDC File [d:/FPGA/prj/project_10/prj_loop/vivado/prj_loop.gen/sources_1/ip/aurora_64b66b_0/ip_1/aurora_64b66b_0_fifo_gen_master.xdc] for cell 'u_aurora/aurora_64b66b_0_i/inst/aurora_64b66b_0_wrapper_i/cbcc_gtx0_i/master_fifo.data_fifo/U0'
Parsing XDC File [d:/FPGA/prj/project_10/prj_loop/vivado/prj_loop.gen/sources_1/ip/aurora_64b66b_0/ip_0/synth/aurora_64b66b_0_gt.xdc] for cell 'u_aurora/aurora_64b66b_0_i/inst/aurora_64b66b_0_wrapper_i/aurora_64b66b_0_multi_gt_i/aurora_64b66b_0_gt_i/inst'
Finished Parsing XDC File [d:/FPGA/prj/project_10/prj_loop/vivado/prj_loop.gen/sources_1/ip/aurora_64b66b_0/ip_0/synth/aurora_64b66b_0_gt.xdc] for cell 'u_aurora/aurora_64b66b_0_i/inst/aurora_64b66b_0_wrapper_i/aurora_64b66b_0_multi_gt_i/aurora_64b66b_0_gt_i/inst'
Parsing XDC File [d:/FPGA/prj/project_10/prj_loop/vivado/prj_loop.gen/sources_1/ip/aurora_64b66b_0/aurora_64b66b_0.xdc] for cell 'u_aurora/aurora_64b66b_0_i/inst'
WARNING: [Vivado_Tcl 4-921] Waiver ID 'CDC-10' -to list should not be empty. [d:/FPGA/prj/project_10/prj_loop/vivado/prj_loop.gen/sources_1/ip/aurora_64b66b_0/aurora_64b66b_0.xdc:125]
WARNING: [Vivado_Tcl 4-921] Waiver ID 'CDC-11' -to list should not be empty. [d:/FPGA/prj/project_10/prj_loop/vivado/prj_loop.gen/sources_1/ip/aurora_64b66b_0/aurora_64b66b_0.xdc:126]
Finished Parsing XDC File [d:/FPGA/prj/project_10/prj_loop/vivado/prj_loop.gen/sources_1/ip/aurora_64b66b_0/aurora_64b66b_0.xdc] for cell 'u_aurora/aurora_64b66b_0_i/inst'
Parsing XDC File [D:/FPGA/prj/project_10/prj_loop/xdc/aurora_mem_bridge.xdc]
INFO: [Timing 38-35] Done setting XDC timing constraints. [D:/FPGA/prj/project_10/prj_loop/xdc/aurora_mem_bridge.xdc:92]
INFO: [Timing 38-2] Deriving generated clocks [D:/FPGA/prj/project_10/prj_loop/xdc/aurora_mem_bridge.xdc:92]
get_clocks: Time (s): cpu = 00:00:06 ; elapsed = 00:00:05 . Memory (MB): peak = 3065.797 ; gain = 339.125
Finished Parsing XDC File [D:/FPGA/prj/project_10/prj_loop/xdc/aurora_mem_bridge.xdc]
Parsing XDC File [d:/FPGA/prj/project_10/prj_loop/vivado/prj_loop.gen/sources_1/ip/async_fifo_2048x8b/async_fifo_2048x8b_clocks.xdc] for cell 'u_async_fifo_2048x8b/U0'
Finished Parsing XDC File [d:/FPGA/prj/project_10/prj_loop/vivado/prj_loop.gen/sources_1/ip/async_fifo_2048x8b/async_fifo_2048x8b_clocks.xdc] for cell 'u_async_fifo_2048x8b/U0'
Parsing XDC File [d:/FPGA/prj/project_10/prj_loop/vivado/prj_loop.gen/sources_1/ip/ddr4_0/ddr4_0_board.xdc] for cell 'u_ddr4/inst'
Finished Parsing XDC File [d:/FPGA/prj/project_10/prj_loop/vivado/prj_loop.gen/sources_1/ip/ddr4_0/ddr4_0_board.xdc] for cell 'u_ddr4/inst'
Parsing XDC File [d:/FPGA/prj/project_10/prj_loop/vivado/prj_loop.gen/sources_1/ip/aurora_64b66b_1/ip_1/aurora_64b66b_1_fifo_gen_master_clocks.xdc] for cell 'u_aurora_b/aurora_64b66b_1_i/inst/aurora_64b66b_1_wrapper_i/cbcc_gtx0_i/master_fifo.data_fifo/U0'
Finished Parsing XDC File [d:/FPGA/prj/project_10/prj_loop/vivado/prj_loop.gen/sources_1/ip/aurora_64b66b_1/ip_1/aurora_64b66b_1_fifo_gen_master_clocks.xdc] for cell 'u_aurora_b/aurora_64b66b_1_i/inst/aurora_64b66b_1_wrapper_i/cbcc_gtx0_i/master_fifo.data_fifo/U0'
Parsing XDC File [d:/FPGA/prj/project_10/prj_loop/vivado/prj_loop.gen/sources_1/ip/aurora_64b66b_1/aurora_64b66b_1_clocks.xdc] for cell 'u_aurora_b/aurora_64b66b_1_i/inst'
Finished Parsing XDC File [d:/FPGA/prj/project_10/prj_loop/vivado/prj_loop.gen/sources_1/ip/aurora_64b66b_1/aurora_64b66b_1_clocks.xdc] for cell 'u_aurora_b/aurora_64b66b_1_i/inst'
Parsing XDC File [d:/FPGA/prj/project_10/prj_loop/vivado/prj_loop.gen/sources_1/ip/aurora_64b66b_0/ip_1/aurora_64b66b_0_fifo_gen_master_clocks.xdc] for cell 'u_aurora/aurora_64b66b_0_i/inst/aurora_64b66b_0_wrapper_i/cbcc_gtx0_i/master_fifo.data_fifo/U0'
Finished Parsing XDC File [d:/FPGA/prj/project_10/prj_loop/vivado/prj_loop.gen/sources_1/ip/aurora_64b66b_0/ip_1/aurora_64b66b_0_fifo_gen_master_clocks.xdc] for cell 'u_aurora/aurora_64b66b_0_i/inst/aurora_64b66b_0_wrapper_i/cbcc_gtx0_i/master_fifo.data_fifo/U0'
Parsing XDC File [d:/FPGA/prj/project_10/prj_loop/vivado/prj_loop.gen/sources_1/ip/aurora_64b66b_0/aurora_64b66b_0_clocks.xdc] for cell 'u_aurora/aurora_64b66b_0_i/inst'
Finished Parsing XDC File [d:/FPGA/prj/project_10/prj_loop/vivado/prj_loop.gen/sources_1/ip/aurora_64b66b_0/aurora_64b66b_0_clocks.xdc] for cell 'u_aurora/aurora_64b66b_0_i/inst'
WARNING: [XPM_CDC_GRAY: TCL-1000] The source and destination clocks are the same. 
     Instance: u_async_fifo_2048x8b/U0/inst_fifo_gen/gconvfifo.rf/grf.rf/gntv_or_sync_fifo.gcx.clkx/rd_pntr_cdc_inst 
  This will add unnecessary latency to the design. Please check the design for the following: 
 1) Manually instantiated XPM_CDC modules: Xilinx recommends that you remove these modules. 
 2) Xilinx IP that contains XPM_CDC modules: Verify the connections to the IP to determine whether you can safely ignore this message.
 [D:/Xilinx/Vivado/2023.1/data/ip/xpm/xpm_cdc/tcl/xpm_cdc_gray.tcl:16]
WARNING: [XPM_CDC_GRAY: TCL-1000] The source and destination clocks are the same. 
     Instance: u_async_fifo_2048x8b/U0/inst_fifo_gen/gconvfifo.rf/grf.rf/gntv_or_sync_fifo.gcx.clkx/wr_pntr_cdc_inst 
  This will add unnecessary latency to the design. Please check the design for the following: 
 1) Manually instantiated XPM_CDC modules: Xilinx recommends that you remove these modules. 
 2) Xilinx IP that contains XPM_CDC modules: Verify the connections to the IP to determine whether you can safely ignore this message.
 [D:/Xilinx/Vivado/2023.1/data/ip/xpm/xpm_cdc/tcl/xpm_cdc_gray.tcl:16]
INFO: [Project 1-1714] 6 XPM XDC files have been applied to the design.
INFO: [Opt 31-138] Pushed 0 inverter(s) to 0 load pin(s).
INFO: [Opt 31-441] Inserted BUFG_GT_SYNC u_aurora/aurora_64b66b_0_i/inst/aurora_64b66b_0_wrapper_i/aurora_64b66b_0_multi_gt_i/aurora_64b66b_0_gt_i/inst/gen_gtwizard_gthe3_top.aurora_64b66b_0_gt_gtwizard_gthe3_inst/gen_gtwizard_gthe3.gen_channel_container[26].gen_enabled_channel.gthe3_channel_wrapper_inst/channel_inst/BUFG_GT_SYNC_1 for BUFG_GT u_aurora/clock_module_i/ultrascale_tx_userclk_1/gen_gtwiz_userclk_tx_main.bufg_gt_usrclk2_inst
INFO: [Opt 31-441] Inserted BUFG_GT_SYNC u_aurora_b/aurora_64b66b_1_i/inst/aurora_64b66b_1_wrapper_i/aurora_64b66b_1_multi_gt_i/aurora_64b66b_1_gt_i/inst/gen_gtwizard_gthe3_top.aurora_64b66b_1_gt_gtwizard_gthe3_inst/gen_gtwizard_gthe3.gen_channel_container[26].gen_enabled_channel.gthe3_channel_wrapper_inst/channel_inst/BUFG_GT_SYNC_1 for BUFG_GT u_aurora_b/clock_module_i/ultrascale_tx_userclk_1/gen_gtwiz_userclk_tx_main.bufg_gt_usrclk2_inst
INFO: [Opt 31-422] The CLOCK_DOMAINS attribute on the BRAM cell u_async_fifo_2048x8b/U0/inst_fifo_gen/gconvfifo.rf/grf.rf/gntv_or_sync_fifo.mem/gbm.gbmg.gbmga.ngecc.bmg/inst_blk_mem_gen/gnbram.gnativebmg.native_blk_mem_gen/valid.cstr/ramloop[0].ram.r/prim_noinit.ram/DEVICE_8SERIES.NO_BMM_INFO.SDP.SIMPLE_PRIM18.ram has been changed from INDEPENDENT to COMMON to match the clocking topology used for the BRAM.
Generating merged BMM file for the design top 'ddr4_0'...
INFO: [Memdata 28-144] Successfully populated the BRAM INIT strings from the following elf files: d:/FPGA/prj/project_10/prj_loop/vivado/prj_loop.gen/sources_1/ip/ddr4_0/sw/calibration_0/Debug/calibration_ddr.elf 
INFO: [Project 1-1687] 8 scoped IP constraints or related sub-commands were skipped due to synthesis logic optimizations usually triggered by constant connectivity or unconnected output pins. To review the skipped constraints and messages, run the command 'set_param netlist.IPMsgFiltering false' before opening the design.
Netlist sorting complete. Time (s): cpu = 00:00:00 ; elapsed = 00:00:00.015 . Memory (MB): peak = 3065.918 ; gain = 0.000
INFO: [Project 1-111] Unisim Transformation Summary:
  A total of 645 instances were transformed.
  DSP48E1 => DSP48E2 (DSP_ALU, DSP_A_B_DATA, DSP_C_DATA, DSP_MULTIPLIER, DSP_M_DATA, DSP_OUTPUT, DSP_PREADD, DSP_PREADD_DATA): 3 instances
  IBUF => IBUF (IBUFCTRL, INBUF): 8 instances
  IBUFDS => IBUFDS (DIFFINBUF, IBUFCTRL): 1 instance 
  IOBUFDS => IOBUFDS (DIFFINBUF, IBUFCTRL, INV, OBUFT(x2)): 8 instances
  IOBUFE3 => IOBUFE3 (IBUFCTRL, INBUF, OBUFT_DCIEN): 72 instances
  LUT6_2 => LUT6_2 (LUT5, LUT6): 31 instances
  OBUFDS => OBUFDS_DUAL_BUF (INV, OBUF(x2)): 1 instance 
  RAM16X1D => RAM32X1D (RAMD32(x2)): 2 instances
  RAM256X1D => RAM256X1D (MUXF7(x4), MUXF8(x2), RAMD64E(x8)): 4 instances
  RAM32M => RAM32M (RAMD32(x6), RAMS32(x2)): 204 instances
  RAM32M16 => RAM32M16 (RAMD32(x14), RAMS32(x2)): 19 instances
  RAM32X1D => RAM32X1D (RAMD32(x2)): 4 instances
  RAM64M8 => RAM64M8 (RAMD64E(x8)): 144 instances
  RAM64X1D => RAM64X1D (RAMD64E(x2)): 144 instances

open_run: Time (s): cpu = 00:00:24 ; elapsed = 00:00:24 . Memory (MB): peak = 3065.918 ; gain = 685.461
ILA0_CLK_NET: user_clk
ILA1_CLK_NET: u_pump_fwd/wr_clk
ILA2_CLK_NET: user_clk_b
ILA3_CLK_NET: ui_clk
INFO: [Timing 38-480] Writing timing data to binary archive.
Writing XDEF routing.
Writing XDEF routing logical nets.
Writing XDEF routing special nets.
Write XDEF Complete: Time (s): cpu = 00:00:01 ; elapsed = 00:00:00.264 . Memory (MB): peak = 3065.918 ; gain = 0.000
INFO: [Common 17-1381] The checkpoint 'D:/FPGA/prj/project_10/prj_loop/scripts/pre_impl_debug.dcp' has been generated.
write_checkpoint: Time (s): cpu = 00:00:12 ; elapsed = 00:00:09 . Memory (MB): peak = 3065.918 ; gain = 0.000
Command: open_checkpoint D:/FPGA/prj/project_10/prj_loop/scripts/pre_impl_debug.dcp

Starting open_checkpoint Task

Time (s): cpu = 00:00:00 ; elapsed = 00:00:00.036 . Memory (MB): peak = 3065.918 ; gain = 0.000
Netlist sorting complete. Time (s): cpu = 00:00:01 ; elapsed = 00:00:00.859 . Memory (MB): peak = 3065.918 ; gain = 0.000
INFO: [Netlist 29-17] Analyzing 2898 Unisim elements for replacement
INFO: [Netlist 29-28] Unisim Transformation completed in 0 CPU seconds
INFO: [Project 1-479] Netlist was created with Vivado 2023.1
INFO: [Project 1-570] Preparing netlist for logic optimization
INFO: [Timing 38-478] Restoring timing data from binary archive.
INFO: [Timing 38-479] Binary timing data restore complete.
INFO: [Project 1-856] Restoring constraints from binary archive.
INFO: [Project 1-853] Binary constraint restore complete.
Reading XDEF placement.
Reading placer database...
Reading XDEF routing.
Read XDEF Files: Time (s): cpu = 00:00:01 ; elapsed = 00:00:00.260 . Memory (MB): peak = 3065.918 ; gain = 0.000
Restored from archive | CPU: 1.000000 secs | Memory: 0.000000 MB |
Finished XDEF File Restore: Time (s): cpu = 00:00:01 ; elapsed = 00:00:00.262 . Memory (MB): peak = 3065.918 ; gain = 0.000
INFO: [IP_Flow 19-234] Refreshing IP repositories
INFO: [IP_Flow 19-1704] No user IP repositories specified
INFO: [IP_Flow 19-2313] Loaded Vivado IP repository 'D:/Xilinx/Vivado/2023.1/data/ip'.
Netlist sorting complete. Time (s): cpu = 00:00:00 ; elapsed = 00:00:00.019 . Memory (MB): peak = 3128.113 ; gain = 0.000
INFO: [Project 1-111] Unisim Transformation Summary:
  A total of 645 instances were transformed.
  DSP48E1 => DSP48E2 (DSP_ALU, DSP_A_B_DATA, DSP_C_DATA, DSP_MULTIPLIER, DSP_M_DATA, DSP_OUTPUT, DSP_PREADD, DSP_PREADD_DATA): 3 instances
  IBUF => IBUF (IBUFCTRL, INBUF): 8 instances
  IBUFDS => IBUFDS (DIFFINBUF, IBUFCTRL): 1 instance 
  IOBUFDS => IOBUFDS (DIFFINBUF, IBUFCTRL, INV, OBUFT(x2)): 8 instances
  IOBUFE3 => IOBUFE3 (IBUFCTRL, INBUF, OBUFT_DCIEN): 72 instances
  LUT6_2 => LUT6_2 (LUT5, LUT6): 31 instances
  OBUFDS => OBUFDS_DUAL_BUF (INV, OBUF(x2)): 1 instance 
  RAM16X1D => RAM32X1D (RAMD32(x2)): 2 instances
  RAM256X1D => RAM256X1D (MUXF7(x4), MUXF8(x2), RAMD64E(x8)): 4 instances
  RAM32M => RAM32M (RAMD32(x6), RAMS32(x2)): 204 instances
  RAM32M16 => RAM32M16 (RAMD32(x14), RAMS32(x2)): 19 instances
  RAM32X1D => RAM32X1D (RAMD32(x2)): 4 instances
  RAM64M8 => RAM64M8 (RAMD64E(x8)): 144 instances
  RAM64X1D => RAM64X1D (RAMD64E(x2)): 144 instances

INFO: [Project 1-604] Checkpoint was created with Vivado v2023.1 (64-bit) build 3865809
open_checkpoint: Time (s): cpu = 00:00:13 ; elapsed = 00:00:15 . Memory (MB): peak = 3132.105 ; gain = 66.188
INFO: [Chipscope 16-329] Generating Script for core instance : dbg_hub 
INFO: [IP_Flow 19-3806] Processing IP xilinx.com:ip:xsdbm:3.0 for cell dbg_hub_CV.
INFO: [Chipscope 16-329] Generating Script for core instance : u_ila_0 
INFO: [IP_Flow 19-3806] Processing IP xilinx.com:ip:ila:6.2 for cell u_ila_0_CV.
INFO: [Chipscope 16-329] Generating Script for core instance : u_ila_1 
INFO: [IP_Flow 19-3806] Processing IP xilinx.com:ip:ila:6.2 for cell u_ila_1_CV.
INFO: [Chipscope 16-329] Generating Script for core instance : u_ila_2 
INFO: [IP_Flow 19-3806] Processing IP xilinx.com:ip:ila:6.2 for cell u_ila_2_CV.
INFO: [Chipscope 16-329] Generating Script for core instance : u_ila_3 
INFO: [IP_Flow 19-3806] Processing IP xilinx.com:ip:ila:6.2 for cell u_ila_3_CV.
INFO: [Chipscope 16-78] labtools_xsdbm_v3 netlist file is 'd:/FPGA/prj/project_10/prj_loop/.Xil/Vivado-35580-Xuegulin/dbg_hub_CV.0/out/dcp/dbg_hub_0.edf'.
INFO: [Chipscope 16-78] labtools_ila_v6 netlist file is 'd:/FPGA/prj/project_10/prj_loop/.Xil/Vivado-35580-Xuegulin/u_ila_0_CV.0/out/dcp/u_ila_0_1.edf'.
INFO: [Chipscope 16-78] labtools_ila_v6 netlist file is 'd:/FPGA/prj/project_10/prj_loop/.Xil/Vivado-35580-Xuegulin/u_ila_1_CV.0/out/dcp/u_ila_1_2.edf'.
INFO: [Chipscope 16-78] labtools_ila_v6 netlist file is 'd:/FPGA/prj/project_10/prj_loop/.Xil/Vivado-35580-Xuegulin/u_ila_2_CV.0/out/dcp/u_ila_2_3.edf'.
INFO: [Chipscope 16-78] labtools_ila_v6 netlist file is 'd:/FPGA/prj/project_10/prj_loop/.Xil/Vivado-35580-Xuegulin/u_ila_3_CV.0/out/dcp/u_ila_3_4.edf'.
implement_debug_core: Time (s): cpu = 00:00:17 ; elapsed = 00:03:01 . Memory (MB): peak = 3489.156 ; gain = 357.051
Command: opt_design
Attempting to get a license for feature 'Implementation' and/or device 'xcku060'
INFO: [Common 17-349] Got license for feature 'Implementation' and/or device 'xcku060'
Running DRC as a precondition to command opt_design

Starting DRC Task
INFO: [DRC 23-27] Running DRC with 2 threads
INFO: [Project 1-461] DRC finished with 0 Errors
INFO: [Project 1-462] Please refer to the DRC report (report_drc) for more information.

Time (s): cpu = 00:00:02 ; elapsed = 00:00:02 . Memory (MB): peak = 3489.156 ; gain = 0.000

Starting Cache Timing Information Task
Ending Cache Timing Information Task | Checksum: 12c1f5d1b

Time (s): cpu = 00:00:00 ; elapsed = 00:00:00.034 . Memory (MB): peak = 3489.156 ; gain = 0.000

Starting Logic Optimization Task

Phase 1 Generate And Synthesize MIG Cores
INFO: [IP_Flow 19-5647] Added synthesis output to IP cache for IP ddr4_0_phy, cache-ID = 8c5a445bed51b3aa
read_xdc: Time (s): cpu = 00:00:07 ; elapsed = 00:00:06 . Memory (MB): peak = 3839.207 ; gain = 0.000
Netlist sorting complete. Time (s): cpu = 00:00:00 ; elapsed = 00:00:00.017 . Memory (MB): peak = 3839.215 ; gain = 0.000
Phase 1 Generate And Synthesize MIG Cores | Checksum: 1bdb6a316

Time (s): cpu = 00:00:21 ; elapsed = 00:01:13 . Memory (MB): peak = 3839.215 ; gain = 14.711

Phase 2 Retarget
INFO: [Opt 31-1566] Pulled 25 inverters resulting in an inversion of 535 pins
INFO: [Opt 31-138] Pushed 47 inverter(s) to 3428 load pin(s).
INFO: [Opt 31-49] Retargeted 0 cell(s).
Phase 2 Retarget | Checksum: 15809fd1a

Time (s): cpu = 00:00:26 ; elapsed = 00:01:17 . Memory (MB): peak = 3939.578 ; gain = 115.074
INFO: [Opt 31-389] Phase Retarget created 877 cells and removed 5918 cells
INFO: [Opt 31-1021] In phase Retarget, 157 netlist objects are constrained preventing optimization. Please run opt_design with -debug_log to get more detail. 

Phase 3 Constant propagation
INFO: [Opt 31-138] Pushed 0 inverter(s) to 0 load pin(s).
Phase 3 Constant propagation | Checksum: 212743516

Time (s): cpu = 00:00:27 ; elapsed = 00:01:18 . Memory (MB): peak = 3939.578 ; gain = 115.074
INFO: [Opt 31-389] Phase Constant propagation created 310 cells and removed 1106 cells
INFO: [Opt 31-1021] In phase Constant propagation, 120 netlist objects are constrained preventing optimization. Please run opt_design with -debug_log to get more detail. 

Phase 4 Sweep
Phase 4 Sweep | Checksum: 2091d36de

Time (s): cpu = 00:00:29 ; elapsed = 00:01:21 . Memory (MB): peak = 3939.578 ; gain = 115.074
INFO: [Opt 31-389] Phase Sweep created 0 cells and removed 1724 cells
INFO: [Opt 31-1021] In phase Sweep, 4440 netlist objects are constrained preventing optimization. Please run opt_design with -debug_log to get more detail. 

Phase 5 BUFG optimization
INFO: [Opt 31-1077] Phase BUFG optimization inserted 0 global clock buffer(s) for CLOCK_LOW_FANOUT.
Phase 5 BUFG optimization | Checksum: 20c29ba0c

Time (s): cpu = 00:00:30 ; elapsed = 00:01:22 . Memory (MB): peak = 3939.578 ; gain = 115.074
INFO: [Opt 31-662] Phase BUFG optimization created 1 cells of which 1 are BUFGs and removed 3 cells.

Phase 6 Shift Register Optimization
INFO: [Opt 31-1064] SRL Remap converted 0 SRLs to 0 registers and converted 0 registers of register chains to 0 SRLs
Phase 6 Shift Register Optimization | Checksum: 13ff48ea0

Time (s): cpu = 00:00:34 ; elapsed = 00:01:25 . Memory (MB): peak = 3939.578 ; gain = 115.074
INFO: [Opt 31-389] Phase Shift Register Optimization created 0 cells and removed 0 cells

Phase 7 Post Processing Netlist
INFO: [Opt 31-1566] Pulled 1 inverters resulting in an inversion of 1 pins
Phase 7 Post Processing Netlist | Checksum: 1a5a8cff4

Time (s): cpu = 00:00:34 ; elapsed = 00:01:25 . Memory (MB): peak = 3939.578 ; gain = 115.074
INFO: [Opt 31-389] Phase Post Processing Netlist created 0 cells and removed 1 cells
INFO: [Opt 31-1021] In phase Post Processing Netlist, 182 netlist objects are constrained preventing optimization. Please run opt_design with -debug_log to get more detail. 
Opt_design Change Summary
=========================


-------------------------------------------------------------------------------------------------------------------------
|  Phase                        |  #Cells created  |  #Cells Removed  |  #Constrained objects preventing optimizations  |
-------------------------------------------------------------------------------------------------------------------------
|  Retarget                     |             877  |            5918  |                                            157  |
|  Constant propagation         |             310  |            1106  |                                            120  |
|  Sweep                        |               0  |            1724  |                                           4440  |
|  BUFG optimization            |               1  |               3  |                                              0  |
|  Shift Register Optimization  |               0  |               0  |                                              0  |
|  Post Processing Netlist      |               0  |               1  |                                            182  |
-------------------------------------------------------------------------------------------------------------------------



Starting Connectivity Check Task

Time (s): cpu = 00:00:00 ; elapsed = 00:00:00.108 . Memory (MB): peak = 3939.578 ; gain = 0.000
Ending Logic Optimization Task | Checksum: 155fe1260

Time (s): cpu = 00:00:34 ; elapsed = 00:01:25 . Memory (MB): peak = 3939.578 ; gain = 115.074

Starting Power Optimization Task
INFO: [Pwropt 34-132] Skipping clock gating for clocks with a period < 2.00 ns.
INFO: [Power 33-23] Power model is not available for xiphy_riu_or
INFO: [Power 33-23] Power model is not available for genVref.u_hpio_vref
INFO: [Pwropt 34-9] Applying IDT optimizations ...
INFO: [Pwropt 34-10] Applying ODC optimizations ...
INFO: [Timing 38-35] Done setting XDC timing constraints.
Running Vector-less Activity Propagation...

Finished Running Vector-less Activity Propagation


Starting PowerOpt Patch Enables Task
INFO: [Pwropt 34-162] WRITE_MODE attribute of 44 BRAM(s) out of a total of 76 has been updated to save power. Run report_power_opt to get a complete listing of the BRAMs updated.
INFO: [Pwropt 34-201] Structural ODC has moved 0 WE to EN ports
Number of BRAM Ports augmented: 45 newly gated: 0 Total Ports: 152
Ending PowerOpt Patch Enables Task | Checksum: 11f7210b6

Time (s): cpu = 00:00:01 ; elapsed = 00:00:00.868 . Memory (MB): peak = 5911.223 ; gain = 0.000
Ending Power Optimization Task | Checksum: 11f7210b6

Time (s): cpu = 00:00:59 ; elapsed = 00:00:43 . Memory (MB): peak = 5911.223 ; gain = 1971.645

Starting Final Cleanup Task

Starting Logic Optimization Task
INFO: [Timing 38-35] Done setting XDC timing constraints.
Ending Logic Optimization Task | Checksum: 15f06c0f6

Time (s): cpu = 00:00:08 ; elapsed = 00:00:06 . Memory (MB): peak = 5911.223 ; gain = 0.000
Ending Final Cleanup Task | Checksum: 15f06c0f6

Time (s): cpu = 00:00:12 ; elapsed = 00:00:09 . Memory (MB): peak = 5911.223 ; gain = 0.000

Starting Netlist Obfuscation Task
Netlist sorting complete. Time (s): cpu = 00:00:00 ; elapsed = 00:00:00.051 . Memory (MB): peak = 5911.223 ; gain = 0.000
Ending Netlist Obfuscation Task | Checksum: 15f06c0f6

Time (s): cpu = 00:00:00 ; elapsed = 00:00:00.085 . Memory (MB): peak = 5911.223 ; gain = 0.000
INFO: [Common 17-83] Releasing license: Implementation
112 Infos, 102 Warnings, 0 Critical Warnings and 0 Errors encountered.
opt_design completed successfully
opt_design: Time (s): cpu = 00:01:50 ; elapsed = 00:02:22 . Memory (MB): peak = 5911.223 ; gain = 2422.066
Command: place_design -directive ExtraTimingOpt
Attempting to get a license for feature 'Implementation' and/or device 'xcku060'
INFO: [Common 17-349] Got license for feature 'Implementation' and/or device 'xcku060'
INFO: [DRC 23-27] Running DRC with 2 threads
INFO: [Vivado_Tcl 4-198] DRC finished with 0 Errors
INFO: [Vivado_Tcl 4-199] Please refer to the DRC report (report_drc) for more information.
Running DRC as a precondition to command place_design
INFO: [DRC 23-27] Running DRC with 2 threads
INFO: [Vivado_Tcl 4-198] DRC finished with 0 Errors
INFO: [Vivado_Tcl 4-199] Please refer to the DRC report (report_drc) for more information.

Starting Placer Task
INFO: [Place 46-5] The placer was invoked with the 'ExtraTimingOpt' directive.
INFO: [Place 30-611] Multithreading enabled for place_design using a maximum of 2 CPUs

Phase 1 Placer Initialization

Phase 1.1 Placer Initialization Netlist Sorting
Netlist sorting complete. Time (s): cpu = 00:00:00 ; elapsed = 00:00:00.020 . Memory (MB): peak = 5911.223 ; gain = 0.000
Phase 1.1 Placer Initialization Netlist Sorting | Checksum: 134a434fa

Time (s): cpu = 00:00:00 ; elapsed = 00:00:00.061 . Memory (MB): peak = 5911.223 ; gain = 0.000
Netlist sorting complete. Time (s): cpu = 00:00:00 ; elapsed = 00:00:00.020 . Memory (MB): peak = 5911.223 ; gain = 0.000

Phase 1.2 IO Placement/ Clock Placement/ Build Placer Device
INFO: [Timing 38-35] Done setting XDC timing constraints.
INFO: [Place 30-1907] u_gmii_to_rgmii/u_rgmii_rx/u_idelayctrl_REPLICATED_0 replication was created for u_gmii_to_rgmii/u_rgmii_rx/u_idelayctrl IDELAYCTRL
Phase 1.2 IO Placement/ Clock Placement/ Build Placer Device | Checksum: 15ed7a505

Time (s): cpu = 00:00:14 ; elapsed = 00:00:10 . Memory (MB): peak = 5911.223 ; gain = 0.000

Phase 1.3 Build Placer Netlist Model
Phase 1.3 Build Placer Netlist Model | Checksum: e0cf21fa

Time (s): cpu = 00:00:37 ; elapsed = 00:00:27 . Memory (MB): peak = 5911.223 ; gain = 0.000

Phase 1.4 Constrain Clocks/Macros
Phase 1.4 Constrain Clocks/Macros | Checksum: e0cf21fa

Time (s): cpu = 00:00:38 ; elapsed = 00:00:27 . Memory (MB): peak = 5911.223 ; gain = 0.000
Phase 1 Placer Initialization | Checksum: e0cf21fa

Time (s): cpu = 00:00:38 ; elapsed = 00:00:27 . Memory (MB): peak = 5911.223 ; gain = 0.000

Phase 2 Global Placement

Phase 2.1 Floorplanning
Phase 2.1 Floorplanning | Checksum: fa691a85

Time (s): cpu = 00:00:48 ; elapsed = 00:00:34 . Memory (MB): peak = 5911.223 ; gain = 0.000

Phase 2.2 Update Timing before SLR Path Opt
Phase 2.2 Update Timing before SLR Path Opt | Checksum: 113043965

Time (s): cpu = 00:00:54 ; elapsed = 00:00:38 . Memory (MB): peak = 5911.223 ; gain = 0.000

Phase 2.3 Post-Processing in Floorplanning
Phase 2.3 Post-Processing in Floorplanning | Checksum: 113043965

Time (s): cpu = 00:00:55 ; elapsed = 00:00:38 . Memory (MB): peak = 5911.223 ; gain = 0.000

Phase 2.4 Global Placement Core
INFO: [Place 30-3162] Check ILP status : ILP-based clock placer completed successfully.

Phase 2.4.1 UpdateTiming Before Physical Synthesis
Phase 2.4.1 UpdateTiming Before Physical Synthesis | Checksum: 12d86c41e

Time (s): cpu = 00:02:37 ; elapsed = 00:01:41 . Memory (MB): peak = 5911.223 ; gain = 0.000

Phase 2.4.2 Physical Synthesis In Placer
INFO: [Physopt 32-1035] Found 873 LUTNM shape to break, 1544 LUT instances to create LUTNM shape
INFO: [Physopt 32-1044] Break lutnm for timing: one critical 341, two critical 532, total 873, new lutff created 19
INFO: [Physopt 32-1138] End 1 Pass. Optimized 1554 nets or LUTs. Breaked 873 LUTs, combined 681 existing LUTs and moved 0 existing LUT
INFO: [Physopt 32-76] Pass 1. Identified 4 candidate nets for fanout optimization.
INFO: [Physopt 32-81] Processed net u_ddr4/inst/u_ddr4_mem_intfc/u_ddr_ui/u_ddr_ui_wr_data/app_wdf_rdy_r. Replicated 6 times.
INFO: [Physopt 32-81] Processed net u_ddr4/inst/u_ddr4_mem_intfc/u_ddr_cal_top/u_ddr_cal/u_ddr_cal_addr_decode/u_ddr_cal_cplx/cplx_cal. Replicated 7 times.
INFO: [Physopt 32-81] Processed net u_ddr4/inst/div_clk_rst_r1. Replicated 75 times.
INFO: [Physopt 32-81] Processed net u_ddr4/inst/u_ddr4_mem_intfc/u_ddr_ui/u_ddr_ui_wr_data/app_wdf_rdy_r_copy2. Replicated 5 times.
INFO: [Physopt 32-232] Optimized 4 nets. Created 93 new instances.
INFO: [Physopt 32-775] End 1 Pass. Optimized 4 nets or cells. Created 93 new cells, deleted 0 existing cell and moved 0 existing cell
Netlist sorting complete. Time (s): cpu = 00:00:01 ; elapsed = 00:00:00.240 . Memory (MB): peak = 5911.223 ; gain = 0.000
INFO: [Physopt 32-456] No candidate cells for DSP register optimization found in the design.
INFO: [Physopt 32-775] End 2 Pass. Optimized 0 net or cell. Created 0 new cell, deleted 0 existing cell and moved 0 existing cell
INFO: [Physopt 32-1123] No candidate cells found for Shift Register to Pipeline optimization
INFO: [Physopt 32-775] End 2 Pass. Optimized 0 net or cell. Created 0 new cell, deleted 0 existing cell and moved 0 existing cell
INFO: [Physopt 32-677] No candidate cells for Shift Register optimization found in the design
INFO: [Physopt 32-775] End 1 Pass. Optimized 0 net or cell. Created 0 new cell, deleted 0 existing cell and moved 0 existing cell
INFO: [Physopt 32-527] Pass 1: Identified 1 candidate cell for BRAM register optimization
INFO: [Physopt 32-666] Processed cell u_ddr4/inst/u_ddr4_mem_intfc/u_ddr_cal_top/u_ddr_cal/DDR_XSDB_BRAM/mem_inst/gen_mem[0].inst/mem_reg_bram_0. No change.
INFO: [Physopt 32-775] End 1 Pass. Optimized 0 net or cell. Created 0 new cell, deleted 0 existing cell and moved 0 existing cell
Netlist sorting complete. Time (s): cpu = 00:00:00 ; elapsed = 00:00:00.024 . Memory (MB): peak = 5911.223 ; gain = 0.000
INFO: [Physopt 32-846] No candidate cells for URAM register optimization found in the design
INFO: [Physopt 32-775] End 1 Pass. Optimized 0 net or cell. Created 0 new cell, deleted 0 existing cell and moved 0 existing cell
INFO: [Physopt 32-846] No candidate cells for URAM register optimization found in the design
INFO: [Physopt 32-775] End 1 Pass. Optimized 0 net or cell. Created 0 new cell, deleted 0 existing cell and moved 0 existing cell
INFO: [Physopt 32-949] No candidate nets found for dynamic/static region interface net replication
INFO: [Physopt 32-775] End 1 Pass. Optimized 0 net or cell. Created 0 new cell, deleted 0 existing cell and moved 0 existing cell
Netlist sorting complete. Time (s): cpu = 00:00:00 ; elapsed = 00:00:00.024 . Memory (MB): peak = 5911.223 ; gain = 0.000

Summary of Physical Synthesis Optimizations
============================================


-----------------------------------------------------------------------------------------------------------------------------------------------------------
|  Optimization                                     |  Added Cells  |  Removed Cells  |  Optimized Cells/Nets  |  Dont Touch  |  Iterations  |  Elapsed   |
-----------------------------------------------------------------------------------------------------------------------------------------------------------
|  LUT Combining                                    |          873  |            681  |                  1554  |           0  |           1  |  00:00:01  |
|  Retime                                           |            0  |              0  |                     0  |           0  |           1  |  00:00:00  |
|  Very High Fanout                                 |           93  |              0  |                     4  |           0  |           1  |  00:00:03  |
|  DSP Register                                     |            0  |              0  |                     0  |           0  |           1  |  00:00:00  |
|  Shift Register to Pipeline                       |            0  |              0  |                     0  |           0  |           1  |  00:00:00  |
|  Shift Register                                   |            0  |              0  |                     0  |           0  |           1  |  00:00:00  |
|  BRAM Register                                    |            0  |              0  |                     0  |           0  |           1  |  00:00:00  |
|  URAM Register                                    |            0  |              0  |                     0  |           0  |           1  |  00:00:00  |
|  Dynamic/Static Region Interface Net Replication  |            0  |              0  |                     0  |           0  |           1  |  00:00:00  |
|  Total                                            |          966  |            681  |                  1558  |           0  |           9  |  00:00:05  |
-----------------------------------------------------------------------------------------------------------------------------------------------------------


Phase 2.4.2 Physical Synthesis In Placer | Checksum: 1e8eae201

Time (s): cpu = 00:02:51 ; elapsed = 00:01:53 . Memory (MB): peak = 5911.223 ; gain = 0.000
Phase 2.4 Global Placement Core | Checksum: 213ecb051

Time (s): cpu = 00:02:55 ; elapsed = 00:01:55 . Memory (MB): peak = 5911.223 ; gain = 0.000
Phase 2 Global Placement | Checksum: 213ecb051

Time (s): cpu = 00:02:55 ; elapsed = 00:01:55 . Memory (MB): peak = 5911.223 ; gain = 0.000

Phase 3 Detail Placement

Phase 3.1 Commit Multi Column Macros
Phase 3.1 Commit Multi Column Macros | Checksum: 180c0f28d

Time (s): cpu = 00:03:04 ; elapsed = 00:02:00 . Memory (MB): peak = 5911.223 ; gain = 0.000

Phase 3.2 Commit Most Macros & LUTRAMs
Phase 3.2 Commit Most Macros & LUTRAMs | Checksum: 199d3f443

Time (s): cpu = 00:03:15 ; elapsed = 00:02:08 . Memory (MB): peak = 5911.223 ; gain = 0.000

Phase 3.3 Small Shape DP

Phase 3.3.1 Small Shape Clustering
Phase 3.3.1 Small Shape Clustering | Checksum: 17433641d

Time (s): cpu = 00:03:56 ; elapsed = 00:02:40 . Memory (MB): peak = 5911.223 ; gain = 0.000

Phase 3.3.2 DP Optimization
Phase 3.3.2 DP Optimization | Checksum: 20300a0a3

Time (s): cpu = 00:04:52 ; elapsed = 00:03:14 . Memory (MB): peak = 5911.223 ; gain = 0.000

Phase 3.3.3 Flow Legalize Slice Clusters
Phase 3.3.3 Flow Legalize Slice Clusters | Checksum: 138029b6d

Time (s): cpu = 00:04:53 ; elapsed = 00:03:15 . Memory (MB): peak = 5911.223 ; gain = 0.000

Phase 3.3.4 Slice Area Swap

Phase 3.3.4.1 Slice Area Swap Initial
Phase 3.3.4.1 Slice Area Swap Initial | Checksum: 12eead0ec

Time (s): cpu = 00:05:11 ; elapsed = 00:03:34 . Memory (MB): peak = 5911.223 ; gain = 0.000
Phase 3.3.4 Slice Area Swap | Checksum: 12eead0ec

Time (s): cpu = 00:05:11 ; elapsed = 00:03:34 . Memory (MB): peak = 5911.223 ; gain = 0.000
Phase 3.3 Small Shape DP | Checksum: 15ccc5144

Time (s): cpu = 00:05:26 ; elapsed = 00:03:43 . Memory (MB): peak = 5911.223 ; gain = 0.000

Phase 3.4 Re-assign LUT pins
Phase 3.4 Re-assign LUT pins | Checksum: 1255e1ba5

Time (s): cpu = 00:05:29 ; elapsed = 00:03:45 . Memory (MB): peak = 5911.223 ; gain = 0.000

Phase 3.5 Pipeline Register Optimization
Phase 3.5 Pipeline Register Optimization | Checksum: 1d287c30a

Time (s): cpu = 00:05:29 ; elapsed = 00:03:46 . Memory (MB): peak = 5911.223 ; gain = 0.000

Phase 3.6 Fast Optimization
Phase 3.6 Fast Optimization | Checksum: 1dca86cfa

Time (s): cpu = 00:06:14 ; elapsed = 00:04:19 . Memory (MB): peak = 5911.223 ; gain = 0.000
Phase 3 Detail Placement | Checksum: 1dca86cfa

Time (s): cpu = 00:06:15 ; elapsed = 00:04:19 . Memory (MB): peak = 5911.223 ; gain = 0.000

Phase 4 Post Placement Optimization and Clean-Up

Phase 4.1 Post Commit Optimization
INFO: [Timing 38-35] Done setting XDC timing constraints.

Phase 4.1.1 Post Placement Optimization
Post Placement Optimization Initialization | Checksum: 25d26f29c

Phase 4.1.1.1 BUFG Insertion

Starting Physical Synthesis Task

Phase 1 Physical Synthesis Initialization
INFO: [Physopt 32-721] Multithreading enabled for phys_opt_design using a maximum of 2 CPUs
INFO: [Physopt 32-619] Estimated Timing Summary | WNS=-1.139 | TNS=-798.988 |
Phase 1 Physical Synthesis Initialization | Checksum: 20e546853

Time (s): cpu = 00:00:04 ; elapsed = 00:00:02 . Memory (MB): peak = 5911.223 ; gain = 0.000
INFO: [Place 46-35] Processed net u_mem_i_1_n_0, inserted BUFG to drive 1191 loads.
INFO: [Place 46-56] BUFG insertion identified 1 candidate nets. Inserted BUFG: 1, Replicated BUFG Driver: 0, Skipped due to Placement/Routing Conflicts: 0, Skipped due to Timing Degradation: 0, Skipped due to netlist editing failed: 0.
Ending Physical Synthesis Task | Checksum: 1e9966c75

Time (s): cpu = 00:00:06 ; elapsed = 00:00:04 . Memory (MB): peak = 5911.223 ; gain = 0.000
Phase 4.1.1.1 BUFG Insertion | Checksum: 15e7bb2d8

Time (s): cpu = 00:06:56 ; elapsed = 00:04:47 . Memory (MB): peak = 5911.223 ; gain = 0.000

Phase 4.1.1.2 Post Placement Timing Optimization
INFO: [Place 30-746] Post Placement Timing Summary WNS=-0.809. For the most accurate timing information please run report_timing.
Phase 4.1.1.2 Post Placement Timing Optimization | Checksum: 20be5e64f

Time (s): cpu = 00:08:41 ; elapsed = 00:06:36 . Memory (MB): peak = 5911.223 ; gain = 0.000

Time (s): cpu = 00:08:41 ; elapsed = 00:06:36 . Memory (MB): peak = 5911.223 ; gain = 0.000
Phase 4.1 Post Commit Optimization | Checksum: 20be5e64f

Time (s): cpu = 00:08:42 ; elapsed = 00:06:36 . Memory (MB): peak = 5911.223 ; gain = 0.000
Netlist sorting complete. Time (s): cpu = 00:00:00 ; elapsed = 00:00:00.036 . Memory (MB): peak = 5911.223 ; gain = 0.000

Phase 4.2 Post Placement Cleanup
Phase 4.2 Post Placement Cleanup | Checksum: 290abd377

Time (s): cpu = 00:08:47 ; elapsed = 00:06:41 . Memory (MB): peak = 5911.223 ; gain = 0.000

Phase 4.3 Placer Reporting

Phase 4.3.1 Print Estimated Congestion
INFO: [Place 30-612] Post-Placement Estimated Congestion 
 ____________________________________________________
|           | Global Congestion | Short Congestion  |
| Direction | Region Size       | Region Size       |
|___________|___________________|___________________|
|      North|                4x4|              16x16|
|___________|___________________|___________________|
|      South|              16x16|              32x32|
|___________|___________________|___________________|
|       East|                8x8|              32x32|
|___________|___________________|___________________|
|       West|                4x4|              32x32|
|___________|___________________|___________________|

Phase 4.3.1 Print Estimated Congestion | Checksum: 290abd377

Time (s): cpu = 00:08:48 ; elapsed = 00:06:41 . Memory (MB): peak = 5911.223 ; gain = 0.000
Phase 4.3 Placer Reporting | Checksum: 290abd377

Time (s): cpu = 00:08:48 ; elapsed = 00:06:42 . Memory (MB): peak = 5911.223 ; gain = 0.000

Phase 4.4 Final Placement Cleanup
Netlist sorting complete. Time (s): cpu = 00:00:00 ; elapsed = 00:00:00.023 . Memory (MB): peak = 5911.223 ; gain = 0.000

Time (s): cpu = 00:08:48 ; elapsed = 00:06:42 . Memory (MB): peak = 5911.223 ; gain = 0.000
Phase 4 Post Placement Optimization and Clean-Up | Checksum: 2dbcd7926

Time (s): cpu = 00:08:48 ; elapsed = 00:06:42 . Memory (MB): peak = 5911.223 ; gain = 0.000
Ending Placer Task | Checksum: 2076eb7f4

Time (s): cpu = 00:08:49 ; elapsed = 00:06:42 . Memory (MB): peak = 5911.223 ; gain = 0.000
INFO: [Common 17-83] Releasing license: Implementation
157 Infos, 102 Warnings, 0 Critical Warnings and 0 Errors encountered.
place_design completed successfully
place_design: Time (s): cpu = 00:08:55 ; elapsed = 00:06:47 . Memory (MB): peak = 5911.223 ; gain = 0.000
Command: phys_opt_design -directive AggressiveExplore
Attempting to get a license for feature 'Implementation' and/or device 'xcku060'
INFO: [Common 17-349] Got license for feature 'Implementation' and/or device 'xcku060'
INFO: [Vivado_Tcl 4-137] Directive used for phys_opt_design is: AggressiveExplore

Starting Initial Update Timing Task

Time (s): cpu = 00:00:28 ; elapsed = 00:00:16 . Memory (MB): peak = 5911.223 ; gain = 0.000
INFO: [Vivado_Tcl 4-1435] PhysOpt_Tcl_Interface Runtime Before Starting Physical Synthesis Task | CPU: 29.00s |  WALL: 16.20s
Netlist sorting complete. Time (s): cpu = 00:00:00 ; elapsed = 00:00:00.026 . Memory (MB): peak = 5911.223 ; gain = 0.000

Starting Physical Synthesis Task

Phase 1 Physical Synthesis Initialization
INFO: [Physopt 32-721] Multithreading enabled for phys_opt_design using a maximum of 2 CPUs
INFO: [Place 30-3162] Check ILP status : ILP-based clock placer completed successfully.
INFO: [Physopt 32-619] Estimated Timing Summary | WNS=-0.809 | TNS=-753.072 |
Phase 1 Physical Synthesis Initialization | Checksum: 1f1961d48

Time (s): cpu = 00:00:11 ; elapsed = 00:00:08 . Memory (MB): peak = 5911.223 ; gain = 0.000

Phase 2 SLR Crossing Optimization
Phase 2 SLR Crossing Optimization | Checksum: 1f1961d48

Time (s): cpu = 00:00:12 ; elapsed = 00:00:08 . Memory (MB): peak = 5911.223 ; gain = 0.000
INFO: [Physopt 32-619] Estimated Timing Summary | WNS=-0.809 | TNS=-753.072 |

Phase 3 Fanout Optimization
INFO: [Physopt 32-76] Pass 1. Identified 50 candidate nets for fanout optimization.
INFO: [Physopt 32-81] Processed net u_mem/u_bridge/sel0[2]. Replicated 1 times.
INFO: [Physopt 32-572] Net u_mem/u_bridge/r_slot was not replicated.
Resolution: phys_opt_design can be forced to replicate a net driver using the option -force_replication_on_nets <list of net objects>.
INFO: [Physopt 32-81] Processed net u_mem/u_bridge/ro_wm[1]. Replicated 4 times.
INFO: [Physopt 32-81] Processed net u_mem/u_bridge/ro_wm[0]. Replicated 4 times.
INFO: [Physopt 32-572] Net u_mem/u_bridge/sel0[0] was not replicated.
Resolution: phys_opt_design can be forced to replicate a net driver using the option -force_replication_on_nets <list of net objects>.
INFO: [Physopt 32-572] Net u_mem/u_bridge/r_slot[1]_i_1_n_0 was not replicated.
Resolution: phys_opt_design can be forced to replicate a net driver using the option -force_replication_on_nets <list of net objects>.
INFO: [Physopt 32-572] Net u_mem/u_bridge/sel0[4] was not replicated.
Resolution: phys_opt_design can be forced to replicate a net driver using the option -force_replication_on_nets <list of net objects>.
INFO: [Physopt 32-81] Processed net u_mem2/u_wr_bytes/rd_bin_reg[1]_rep_n_0. Replicated 8 times.
INFO: [Physopt 32-81] Processed net u_mem2/u_wr_bytes/ub_dout[5]. Replicated 4 times.
INFO: [Physopt 32-81] Processed net u_mem2/u_bridge/ro_wm[1]. Replicated 5 times.
INFO: [Physopt 32-81] Processed net u_mem2/u_bridge/r_len[13]_i_94_n_0. Replicated 5 times.
INFO: [Physopt 32-81] Processed net u_ddr4/inst/u_ddr4_mem_intfc/u_ddr_cal_top/u_ddr_mc_pi/u_ddr_mc_read/calDone_reg. Replicated 4 times.
INFO: [Physopt 32-81] Processed net u_ddr4/inst/u_ddr4_mem_intfc/u_ddr_cal_top/u_ddr_cal/calDone_reg_1. Replicated 4 times.
INFO: [Physopt 32-81] Processed net u_mem2/u_bridge/r_len[7]_i_94_n_0. Replicated 4 times.
INFO: [Physopt 32-81] Processed net u_mem/u_bridge/rd_seq_slot_reg[1]. Replicated 4 times.
INFO: [Physopt 32-81] Processed net u_mem2/u_bridge/r_len[12]_i_94_n_0. Replicated 4 times.
INFO: [Physopt 32-81] Processed net u_mem2/u_bridge/rd_seq_slot_reg[1]. Replicated 3 times.
INFO: [Physopt 32-81] Processed net u_mem2/u_bridge/r_len[10]_i_94_n_0. Replicated 3 times.
INFO: [Physopt 32-81] Processed net u_ddr4/inst/u_ddr4_mem_intfc/u_ddr_mc/u_ddr_mc_arb_c/tranSentC. Replicated 2 times.
INFO: [Physopt 32-81] Processed net u_mem2/u_bridge/r_len[12]_i_95_n_0. Replicated 4 times.
INFO: [Physopt 32-572] Net u_mem2/u_bridge/r_beats[6]_i_95_n_0 was not replicated.
Resolution: phys_opt_design can be forced to replicate a net driver using the option -force_replication_on_nets <list of net objects>.
INFO: [Physopt 32-81] Processed net u_mem2/u_wr_bytes/rd_bin_reg[0]_rep__1_n_0. Replicated 2 times.
INFO: [Physopt 32-572] Net u_mem2/u_bridge/r_len[13]_i_95_n_0 was not replicated.
Resolution: phys_opt_design can be forced to replicate a net driver using the option -force_replication_on_nets <list of net objects>.
INFO: [Physopt 32-81] Processed net u_mem2/u_bridge/r_len[8]_i_94_n_0. Replicated 4 times.
INFO: [Physopt 32-572] Net u_mem/u_bridge/r_slot[1]_i_4_n_0 was not replicated.
Resolution: phys_opt_design can be forced to replicate a net driver using the option -force_replication_on_nets <list of net objects>.
INFO: [Physopt 32-81] Processed net u_mem2/u_wr_bytes/ub_dout[6]. Replicated 6 times.
INFO: [Physopt 32-572] Net u_mem/u_bridge/r_slot[3]_i_1_n_0 was not replicated.
Resolution: phys_opt_design can be forced to replicate a net driver using the option -force_replication_on_nets <list of net objects>.
INFO: [Physopt 32-81] Processed net u_mem/u_wr_bytes/rd_bin_reg[1]_rep_n_0. Replicated 9 times.
INFO: [Physopt 32-81] Processed net u_mem/u_wr_bytes/ub_dout[0]. Replicated 6 times.
INFO: [Physopt 32-81] Processed net u_mem2/u_bridge/sel0[2]. Replicated 4 times.
INFO: [Physopt 32-81] Processed net u_mem2/u_bridge/r_slot. Replicated 1 times.
INFO: [Physopt 32-81] Processed net u_mem2/u_bridge/r_len[7]_i_95_n_0. Replicated 6 times.
INFO: [Physopt 32-572] Net u_mem2/u_bridge/r_slot[7]_i_5_n_0 was not replicated.
Resolution: phys_opt_design can be forced to replicate a net driver using the option -force_replication_on_nets <list of net objects>.
INFO: [Physopt 32-81] Processed net u_mem/u_wr_bytes/ub_dout[5]. Replicated 4 times.
INFO: [Physopt 32-81] Processed net u_mem2/u_wr_bytes/rd_bin_reg[3]_rep_n_0. Replicated 10 times.
INFO: [Physopt 32-572] Net u_mem2/u_bridge/r_slot[1]_i_2_n_0 was not replicated.
Resolution: phys_opt_design can be forced to replicate a net driver using the option -force_replication_on_nets <list of net objects>.
INFO: [Physopt 32-81] Processed net u_mem/u_wr_bytes/rd_bin_reg[3]_rep_n_0. Replicated 9 times.
INFO: [Physopt 32-81] Processed net u_mem2/u_wr_bytes/rd_bin_reg[0]_rep_n_0. Replicated 10 times.
INFO: [Physopt 32-81] Processed net u_mem/u_wr_bytes/ub_dout[2]. Replicated 4 times.
INFO: [Physopt 32-81] Processed net u_mem/u_wr_bytes/rd_bin_reg[2]_rep_n_0. Replicated 9 times.
INFO: [Physopt 32-81] Processed net u_mem/u_bridge/rd_seq_slot_reg[0]. Replicated 4 times.
INFO: [Physopt 32-81] Processed net u_mem2/u_bridge/ro_wm[0]. Replicated 8 times.
INFO: [Physopt 32-572] Net u_mem/u_bridge/sel0[5] was not replicated.
Resolution: phys_opt_design can be forced to replicate a net driver using the option -force_replication_on_nets <list of net objects>.
INFO: [Physopt 32-232] Optimized 32 nets. Created 159 new instances.
INFO: [Physopt 32-775] End 1 Pass. Optimized 32 nets or cells. Created 159 new cells, deleted 0 existing cell and moved 0 existing cell
INFO: [Physopt 32-619] Estimated Timing Summary | WNS=-0.767 | TNS=-501.003 |
Netlist sorting complete. Time (s): cpu = 00:00:00 ; elapsed = 00:00:00.256 . Memory (MB): peak = 7541.398 ; gain = 0.758
Phase 3 Fanout Optimization | Checksum: 1e4df6a21

Time (s): cpu = 00:01:31 ; elapsed = 00:00:58 . Memory (MB): peak = 7541.398 ; gain = 1630.176

Phase 4 Single Cell Placement Optimization
INFO: [Physopt 32-660] Identified 250 candidate nets for placement-based optimization.
INFO: [Physopt 32-662] Processed net u_mem/u_bridge/sel0[2]_repN.  Did not re-place instance u_mem/u_bridge/r_slot[2]_i_1_replica
INFO: [Physopt 32-662] Processed net u_mem/u_bridge/ro_wm[3].  Did not re-place instance u_mem/u_bridge/stat_wm_reg[3]
INFO: [Physopt 32-662] Processed net u_mem/u_bridge/r_slot[7]_i_3_n_0.  Did not re-place instance u_mem/u_bridge/r_slot[7]_i_3
INFO: [Physopt 32-662] Processed net u_mem/u_bridge/r_beats[5].  Did not re-place instance u_mem/u_bridge/r_beats_reg[5]
INFO: [Physopt 32-662] Processed net u_mem/u_bridge/len_beats_tab[5].  Did not re-place instance u_mem/u_bridge/r_beats[5]_i_1
INFO: [Physopt 32-662] Processed net u_mem/u_bridge/r_beats[5]_i_2_n_0.  Did not re-place instance u_mem/u_bridge/r_beats[5]_i_2
INFO: [Physopt 32-663] Processed net u_mem/u_bridge/r_beats[5]_i_8_n_0.  Re-placed instance u_mem/u_bridge/r_beats[5]_i_8
INFO: [Physopt 32-662] Processed net u_mem/u_bridge/r_slot[1]_i_7_n_0.  Did not re-place instance u_mem/u_bridge/r_slot[1]_i_7
INFO: [Physopt 32-662] Processed net u_mem/u_bridge/r_beats[3].  Did not re-place instance u_mem/u_bridge/r_beats_reg[3]
INFO: [Physopt 32-663] Processed net u_mem/u_bridge/len_beats_tab[3].  Re-placed instance u_mem/u_bridge/r_beats[3]_i_1
INFO: [Physopt 32-663] Processed net u_mem/u_bridge/r_beats[3]_i_2_n_0.  Re-placed instance u_mem/u_bridge/r_beats[3]_i_2
INFO: [Physopt 32-663] Processed net u_mem/u_bridge/r_beats[3]_i_9_n_0.  Re-placed instance u_mem/u_bridge/r_beats[3]_i_9
INFO: [Physopt 32-662] Processed net u_mem/u_bridge/pre_slot_reg_n_0_[1].  Did not re-place instance u_mem/u_bridge/pre_slot_reg[1]
INFO: [Physopt 32-662] Processed net u_mem/u_bridge/r_slot[1]_i_8_n_0.  Did not re-place instance u_mem/u_bridge/r_slot[1]_i_8
INFO: [Physopt 32-662] Processed net u_mem/u_bridge/r_slot[1]_i_12_n_0.  Did not re-place instance u_mem/u_bridge/r_slot[1]_i_12
INFO: [Physopt 32-662] Processed net u_mem/u_bridge/r_slot.  Did not re-place instance u_mem/u_bridge/r_slot[7]_i_1
INFO: [Physopt 32-662] Processed net u_mem/u_bridge/stat_ill_rd[15]_i_5_n_0.  Did not re-place instance u_mem/u_bridge/stat_ill_rd[15]_i_5
INFO: [Physopt 32-662] Processed net u_mem/u_bridge/stat_ill_rd[15]_i_28_n_0.  Did not re-place instance u_mem/u_bridge/stat_ill_rd[15]_i_28
INFO: [Physopt 32-662] Processed net u_mem/u_bridge/in8[19].  Did not re-place instance u_mem/u_bridge/r_len_reg[11]
INFO: [Physopt 32-662] Processed net u_mem/u_bridge/in8[20].  Did not re-place instance u_mem/u_bridge/r_len_reg[12]
INFO: [Physopt 32-662] Processed net u_mem/u_bridge/stat_ill_rd[15]_i_29_n_0.  Did not re-place instance u_mem/u_bridge/stat_ill_rd[15]_i_29
INFO: [Physopt 32-663] Processed net u_mem/u_bridge/r_beats[5]_i_12_n_0.  Re-placed instance u_mem/u_bridge/r_beats[5]_i_12
INFO: [Physopt 32-663] Processed net u_mem/u_bridge/r_beats[5]_i_3_n_0.  Re-placed instance u_mem/u_bridge/r_beats[5]_i_3
INFO: [Physopt 32-663] Processed net u_mem/u_bridge/r_beats[5]_i_7_n_0.  Re-placed instance u_mem/u_bridge/r_beats[5]_i_7
INFO: [Physopt 32-662] Processed net u_mem/u_bridge/r_slot[1]_i_11_n_0.  Did not re-place instance u_mem/u_bridge/r_slot[1]_i_11
INFO: [Physopt 32-662] Processed net u_mem/u_bridge/ro_wm[7].  Did not re-place instance u_mem/u_bridge/stat_wm_reg[7]
INFO: [Physopt 32-663] Processed net u_mem/u_bridge/stat_ill_rd[15]_i_10_n_0.  Re-placed instance u_mem/u_bridge/stat_ill_rd[15]_i_10
INFO: [Physopt 32-663] Processed net u_mem/u_bridge/stat_ill_rd[15]_i_3_n_0.  Re-placed instance u_mem/u_bridge/stat_ill_rd[15]_i_3
INFO: [Physopt 32-662] Processed net u_mem/u_bridge/ro_wm[1]_repN.  Did not re-place instance u_mem/u_bridge/stat_wm_reg[1]_replica
INFO: [Physopt 32-662] Processed net u_mem/u_bridge/sel0[2].  Did not re-place instance u_mem/u_bridge/r_slot[2]_i_1
INFO: [Physopt 32-662] Processed net u_mem/u_bridge/r_beats[1].  Did not re-place instance u_mem/u_bridge/r_beats_reg[1]
INFO: [Physopt 32-662] Processed net u_mem/u_bridge/len_beats_tab[1].  Did not re-place instance u_mem/u_bridge/r_beats[1]_i_1
INFO: [Physopt 32-663] Processed net u_mem/u_bridge/r_beats[1]_i_11_n_0.  Re-placed instance u_mem/u_bridge/r_beats[1]_i_11
INFO: [Physopt 32-662] Processed net u_mem/u_bridge/r_beats[1]_i_3_n_0.  Did not re-place instance u_mem/u_bridge/r_beats[1]_i_3
INFO: [Physopt 32-662] Processed net u_mem/u_bridge/len_tab[12].  Did not re-place instance u_mem/u_bridge/r_len[12]_i_1
INFO: [Physopt 32-663] Processed net u_mem/u_bridge/r_len[12]_i_12_n_0.  Re-placed instance u_mem/u_bridge/r_len[12]_i_12
INFO: [Physopt 32-663] Processed net u_mem/u_bridge/r_len[12]_i_3_n_0.  Re-placed instance u_mem/u_bridge/r_len[12]_i_3
INFO: [Physopt 32-662] Processed net u_mem/u_bridge/len_tab[13].  Did not re-place instance u_mem/u_bridge/r_len[13]_i_1
INFO: [Physopt 32-663] Processed net u_mem/u_bridge/r_len[13]_i_2_n_0.  Re-placed instance u_mem/u_bridge/r_len[13]_i_2
INFO: [Physopt 32-663] Processed net u_mem/u_bridge/r_len[13]_i_6_n_0.  Re-placed instance u_mem/u_bridge/r_len[13]_i_6
INFO: [Physopt 32-662] Processed net u_mem/u_bridge/in8[21].  Did not re-place instance u_mem/u_bridge/r_len_reg[13]
INFO: [Physopt 32-662] Processed net u_mem/u_bridge/sel0[0].  Did not re-place instance u_mem/u_bridge/dbg_rd_slot[0]_i_2
INFO: [Physopt 32-662] Processed net u_mem/u_bridge/stat_ill_rd[15]_i_33_n_0.  Did not re-place instance u_mem/u_bridge/stat_ill_rd[15]_i_33
INFO: [Physopt 32-662] Processed net u_mem/u_bridge/stat_ill_rd[15]_i_34_n_0.  Did not re-place instance u_mem/u_bridge/stat_ill_rd[15]_i_34
INFO: [Physopt 32-662] Processed net u_mem/u_bridge/stat_ill_rd[15]_i_88_n_0.  Did not re-place instance u_mem/u_bridge/stat_ill_rd[15]_i_88
INFO: [Physopt 32-663] Processed net u_mem/u_bridge/r_beats[5]_i_15_n_0.  Re-placed instance u_mem/u_bridge/r_beats[5]_i_15
INFO: [Physopt 32-662] Processed net u_mem/u_bridge/r_beats[5]_i_4_n_0.  Did not re-place instance u_mem/u_bridge/r_beats[5]_i_4
INFO: [Physopt 32-662] Processed net u_mem/u_bridge/stat_ill_rd[15]_i_35_n_0.  Did not re-place instance u_mem/u_bridge/stat_ill_rd[15]_i_35
INFO: [Physopt 32-662] Processed net u_mem/u_bridge/ro_wm[5].  Did not re-place instance u_mem/u_bridge/stat_wm_reg[5]
INFO: [Physopt 32-662] Processed net u_mem/u_bridge/r_slot[1]_i_6_n_0.  Did not re-place instance u_mem/u_bridge/r_slot[1]_i_6
INFO: [Physopt 32-662] Processed net u_mem/u_bridge/r_slot[1]_i_1_n_0.  Did not re-place instance u_mem/u_bridge/r_slot[1]_i_1
INFO: [Physopt 32-662] Processed net u_mem/u_bridge/stat_ill_rd[15]_i_30_n_0.  Did not re-place instance u_mem/u_bridge/stat_ill_rd[15]_i_30
INFO: [Physopt 32-662] Processed net u_mem/u_bridge/stat_ill_rd[15]_i_31_n_0.  Did not re-place instance u_mem/u_bridge/stat_ill_rd[15]_i_31
INFO: [Physopt 32-663] Processed net u_mem/u_bridge/stat_ill_rd[15]_i_77_n_0.  Re-placed instance u_mem/u_bridge/stat_ill_rd[15]_i_77
INFO: [Physopt 32-662] Processed net u_mem/u_bridge/stat_ill_rd[15]_i_80_n_0.  Did not re-place instance u_mem/u_bridge/stat_ill_rd[15]_i_80
INFO: [Physopt 32-662] Processed net u_mem/u_bridge/sel0[4].  Did not re-place instance u_mem/u_bridge/r_slot[4]_i_1
INFO: [Physopt 32-662] Processed net u_mem/u_bridge/len_tab[8].  Did not re-place instance u_mem/u_bridge/r_len[8]_i_1
INFO: [Physopt 32-662] Processed net u_mem/u_bridge/r_len[8]_i_15_n_0.  Did not re-place instance u_mem/u_bridge/r_len[8]_i_15
INFO: [Physopt 32-662] Processed net u_mem/u_bridge/r_len[8]_i_4_n_0.  Did not re-place instance u_mem/u_bridge/r_len[8]_i_4
INFO: [Physopt 32-662] Processed net u_mem/u_bridge/in8[16].  Did not re-place instance u_mem/u_bridge/r_len_reg[8]
INFO: [Physopt 32-662] Processed net u_mem/u_bridge/stat_ill_rd[15]_i_4_n_0.  Did not re-place instance u_mem/u_bridge/stat_ill_rd[15]_i_4
INFO: [Physopt 32-662] Processed net u_mem/u_bridge/stat_ill_rd[15]_i_24_n_0.  Did not re-place instance u_mem/u_bridge/stat_ill_rd[15]_i_24
INFO: [Physopt 32-663] Processed net u_mem/u_bridge/stat_ill_rd[15]_i_53_n_0.  Re-placed instance u_mem/u_bridge/stat_ill_rd[15]_i_53
INFO: [Physopt 32-662] Processed net u_mem/u_bridge/ro_wm[6].  Did not re-place instance u_mem/u_bridge/stat_wm_reg[6]
INFO: [Physopt 32-662] Processed net u_mem/u_bridge/r_slot[1]_i_5_n_0.  Did not re-place instance u_mem/u_bridge/r_slot[1]_i_5
INFO: [Physopt 32-662] Processed net u_mem/u_bridge/in8[12].  Did not re-place instance u_mem/u_bridge/r_len_reg[4]
INFO: [Physopt 32-662] Processed net u_mem/u_bridge/len_tab[4].  Did not re-place instance u_mem/u_bridge/r_len[4]_i_1
INFO: [Physopt 32-663] Processed net u_mem/u_bridge/r_len[4]_i_2_n_0.  Re-placed instance u_mem/u_bridge/r_len[4]_i_2
INFO: [Physopt 32-663] Processed net u_mem/u_bridge/r_len[4]_i_9_n_0.  Re-placed instance u_mem/u_bridge/r_len[4]_i_9
INFO: [Physopt 32-662] Processed net u_mem/u_bridge/in8[9].  Did not re-place instance u_mem/u_bridge/r_len_reg[1]
INFO: [Physopt 32-662] Processed net u_mem/u_bridge/len_tab[1].  Did not re-place instance u_mem/u_bridge/r_len[1]_i_1
INFO: [Physopt 32-663] Processed net u_mem/u_bridge/r_len[1]_i_17_n_0.  Re-placed instance u_mem/u_bridge/r_len[1]_i_17
INFO: [Physopt 32-662] Processed net u_mem/u_bridge/r_len[1]_i_4_n_0.  Did not re-place instance u_mem/u_bridge/r_len[1]_i_4
INFO: [Physopt 32-662] Processed net u_mem/u_bridge/stat_ill_rd[15]_i_93_n_0.  Did not re-place instance u_mem/u_bridge/stat_ill_rd[15]_i_93
INFO: [Physopt 32-662] Processed net u_mem/u_bridge/stat_ill_rd[15]_i_96_n_0.  Did not re-place instance u_mem/u_bridge/stat_ill_rd[15]_i_96
INFO: [Physopt 32-662] Processed net u_mem/u_bridge/ro_wm[0].  Did not re-place instance u_mem/u_bridge/stat_wm_reg[0]
INFO: [Physopt 32-662] Processed net u_mem/u_bridge/stat_ill_rd[15]_i_6_n_0.  Did not re-place instance u_mem/u_bridge/stat_ill_rd[15]_i_6
INFO: [Physopt 32-662] Processed net u_mem/u_bridge/stat_ill_rd[15]_i_92_n_0.  Did not re-place instance u_mem/u_bridge/stat_ill_rd[15]_i_92
INFO: [Physopt 32-662] Processed net u_mem/u_bridge/r_beats[6].  Did not re-place instance u_mem/u_bridge/r_beats_reg[6]
INFO: [Physopt 32-662] Processed net u_mem/u_bridge/len_beats_tab[6].  Did not re-place instance u_mem/u_bridge/r_beats[6]_i_1
INFO: [Physopt 32-663] Processed net u_mem/u_bridge/r_beats[6]_i_14_n_0.  Re-placed instance u_mem/u_bridge/r_beats[6]_i_14
INFO: [Physopt 32-663] Processed net u_mem/u_bridge/r_beats[6]_i_4_n_0.  Re-placed instance u_mem/u_bridge/r_beats[6]_i_4
INFO: [Physopt 32-662] Processed net u_mem/u_bridge/len_tab[6].  Did not re-place instance u_mem/u_bridge/r_len[6]_i_1
INFO: [Physopt 32-662] Processed net u_mem/u_bridge/r_len[6]_i_13_n_0.  Did not re-place instance u_mem/u_bridge/r_len[6]_i_13
INFO: [Physopt 32-662] Processed net u_mem/u_bridge/r_len[6]_i_3_n_0.  Did not re-place instance u_mem/u_bridge/r_len[6]_i_3
INFO: [Physopt 32-662] Processed net u_mem/u_bridge/in8[14].  Did not re-place instance u_mem/u_bridge/r_len_reg[6]
INFO: [Physopt 32-662] Processed net u_mem/u_bridge/stat_ill_rd[15]_i_26_n_0.  Did not re-place instance u_mem/u_bridge/stat_ill_rd[15]_i_26
INFO: [Physopt 32-663] Processed net u_mem/u_bridge/stat_ill_rd[15]_i_60_n_0.  Re-placed instance u_mem/u_bridge/stat_ill_rd[15]_i_60
INFO: [Physopt 32-663] Processed net u_mem/u_bridge/stat_ill_rd[15]_i_74_n_0.  Re-placed instance u_mem/u_bridge/stat_ill_rd[15]_i_74
INFO: [Physopt 32-662] Processed net u_mem/u_bridge/len_tab[15].  Did not re-place instance u_mem/u_bridge/r_len[15]_i_1
INFO: [Physopt 32-662] Processed net u_mem/u_bridge/r_len[15]_i_14_n_0.  Did not re-place instance u_mem/u_bridge/r_len[15]_i_14
INFO: [Physopt 32-662] Processed net u_mem/u_bridge/r_len[15]_i_4_n_0.  Did not re-place instance u_mem/u_bridge/r_len[15]_i_4
INFO: [Physopt 32-662] Processed net u_mem/u_bridge/in8[23].  Did not re-place instance u_mem/u_bridge/r_len_reg[15]
INFO: [Physopt 32-663] Processed net u_mem/u_bridge/r_len[15]_i_16_n_0.  Re-placed instance u_mem/u_bridge/r_len[15]_i_16
INFO: [Physopt 32-662] Processed net u_mem/u_bridge/r_beats[7].  Did not re-place instance u_mem/u_bridge/r_beats_reg[7]
INFO: [Physopt 32-663] Processed net u_mem/u_bridge/r_beats[7]_i_16_n_0.  Re-placed instance u_mem/u_bridge/r_beats[7]_i_16
INFO: [Physopt 32-663] Processed net u_mem/u_bridge/r_len[9]_i_12_n_0.  Re-placed instance u_mem/u_bridge/r_len[9]_i_12
INFO: [Physopt 32-663] Processed net u_mem/u_bridge/r_len[9]_i_3_n_0.  Re-placed instance u_mem/u_bridge/r_len[9]_i_3
INFO: [Physopt 32-662] Processed net u_mem/u_bridge/len_beats_tab[7].  Did not re-place instance u_mem/u_bridge/r_beats[7]_i_1
INFO: [Physopt 32-662] Processed net u_mem/u_bridge/len_tab[9].  Did not re-place instance u_mem/u_bridge/r_len[9]_i_1
INFO: [Physopt 32-662] Processed net u_mem/u_bridge/r_beats[7]_i_4_n_0.  Did not re-place instance u_mem/u_bridge/r_beats[7]_i_4
INFO: [Physopt 32-662] Processed net u_mem/u_bridge/in8[17].  Did not re-place instance u_mem/u_bridge/r_len_reg[9]
INFO: [Physopt 32-663] Processed net u_mem/u_bridge/r_len[8]_i_18_n_0.  Re-placed instance u_mem/u_bridge/r_len[8]_i_18
INFO: [Physopt 32-663] Processed net u_mem/u_bridge/r_len[8]_i_5_n_0.  Re-placed instance u_mem/u_bridge/r_len[8]_i_5
INFO: [Physopt 32-662] Processed net u_mem/u_bridge/r_slot[1]_i_10_n_0.  Did not re-place instance u_mem/u_bridge/r_slot[1]_i_10
INFO: [Physopt 32-662] Processed net u_mem/u_bridge/uc_rd_en.  Did not re-place instance u_mem/u_bridge/pre_slot[7]_i_1
INFO: [Physopt 32-662] Processed net u_mem/u_bridge/rstate.  Did not re-place instance u_mem/u_bridge/FSM_onehot_rstate[5]_i_1
INFO: [Physopt 32-663] Processed net u_mem/u_bridge/full_bit_reg_n_0_[159].  Re-placed instance u_mem/u_bridge/full_bit_reg[159]
INFO: [Physopt 32-663] Processed net u_mem/u_bridge/pre_slot[7]_i_2_n_0.  Re-placed instance u_mem/u_bridge/pre_slot[7]_i_2
INFO: [Physopt 32-663] Processed net u_mem/u_bridge/FSM_onehot_rstate_reg_n_0_[3].  Re-placed instance u_mem/u_bridge/FSM_onehot_rstate_reg[3]
INFO: [Physopt 32-662] Processed net u_mem/u_bridge/len_tab[11].  Did not re-place instance u_mem/u_bridge/r_len[11]_i_1
INFO: [Physopt 32-662] Processed net u_mem/u_bridge/pre_slot[7]_i_10_n_0.  Did not re-place instance u_mem/u_bridge/pre_slot[7]_i_10
INFO: [Physopt 32-663] Processed net u_mem/u_bridge/pre_slot[7]_i_23_n_0.  Re-placed instance u_mem/u_bridge/pre_slot[7]_i_23
INFO: [Physopt 32-663] Processed net u_mem/u_bridge/pre_slot[7]_i_52_n_0.  Re-placed instance u_mem/u_bridge/pre_slot[7]_i_52
INFO: [Physopt 32-663] Processed net u_mem/u_bridge/r_len[11]_i_2_n_0.  Re-placed instance u_mem/u_bridge/r_len[11]_i_2
INFO: [Physopt 32-663] Processed net u_mem/u_bridge/r_len[11]_i_9_n_0.  Re-placed instance u_mem/u_bridge/r_len[11]_i_9
INFO: [Physopt 32-663] Processed net u_mem/u_bridge/stat_ill_rd[15]_i_54_n_0.  Re-placed instance u_mem/u_bridge/stat_ill_rd[15]_i_54
INFO: [Physopt 32-662] Processed net u_mem/u_bridge/FSM_onehot_rstate_reg_n_0_[2].  Did not re-place instance u_mem/u_bridge/FSM_onehot_rstate_reg[2]
INFO: [Physopt 32-663] Processed net u_mem/u_bridge/r_len[13]_i_10_n_0.  Re-placed instance u_mem/u_bridge/r_len[13]_i_10
INFO: [Physopt 32-662] Processed net u_mem/u_bridge/r_len[13]_i_3_n_0.  Did not re-place instance u_mem/u_bridge/r_len[13]_i_3
INFO: [Physopt 32-663] Processed net u_mem/u_bridge/r_len[4]_i_13_n_0.  Re-placed instance u_mem/u_bridge/r_len[4]_i_13
INFO: [Physopt 32-662] Processed net u_mem/u_bridge/r_len[4]_i_3_n_0.  Did not re-place instance u_mem/u_bridge/r_len[4]_i_3
INFO: [Physopt 32-662] Processed net u_mem/u_bridge/in8[10].  Did not re-place instance u_mem/u_bridge/r_len_reg[2]
INFO: [Physopt 32-662] Processed net u_mem/u_bridge/len_tab[2].  Did not re-place instance u_mem/u_bridge/r_len[2]_i_1
INFO: [Physopt 32-663] Processed net u_mem/u_bridge/r_len[13]_i_9_n_0.  Re-placed instance u_mem/u_bridge/r_len[13]_i_9
INFO: [Physopt 32-663] Processed net u_mem/u_bridge/r_len[2]_i_10_n_0.  Re-placed instance u_mem/u_bridge/r_len[2]_i_10
INFO: [Physopt 32-662] Processed net u_mem/u_bridge/r_len[2]_i_3_n_0.  Did not re-place instance u_mem/u_bridge/r_len[2]_i_3
INFO: [Physopt 32-662] Processed net u_mem/u_bridge/stat_ill_rd[15]_i_32_n_0.  Did not re-place instance u_mem/u_bridge/stat_ill_rd[15]_i_32
INFO: [Physopt 32-662] Processed net u_mem/u_bridge/stat_ill_rd[15]_i_85_n_0.  Did not re-place instance u_mem/u_bridge/stat_ill_rd[15]_i_85
INFO: [Physopt 32-662] Processed net u_mem/u_bridge/stat_ill_rd[15]_i_69_n_0.  Did not re-place instance u_mem/u_bridge/stat_ill_rd[15]_i_69
INFO: [Physopt 32-662] Processed net u_mem/u_bridge/in8[8].  Did not re-place instance u_mem/u_bridge/r_len_reg[0]
INFO: [Physopt 32-662] Processed net u_mem/u_bridge/len_tab[0].  Did not re-place instance u_mem/u_bridge/r_len[0]_i_1
INFO: [Physopt 32-663] Processed net u_mem/u_bridge/r_len[0]_i_18_n_0.  Re-placed instance u_mem/u_bridge/r_len[0]_i_18
INFO: [Physopt 32-663] Processed net u_mem/u_bridge/r_len[0]_i_5_n_0.  Re-placed instance u_mem/u_bridge/r_len[0]_i_5
INFO: [Physopt 32-663] Processed net u_mem/u_bridge/r_len[4]_i_10_n_0.  Re-placed instance u_mem/u_bridge/r_len[4]_i_10
INFO: [Physopt 32-662] Processed net u_mem/u_bridge/stat_ill_rd[15]_i_97_n_0.  Did not re-place instance u_mem/u_bridge/stat_ill_rd[15]_i_97
INFO: [Physopt 32-662] Processed net u_mem/u_bridge/len_tab[14].  Did not re-place instance u_mem/u_bridge/r_len[14]_i_1
INFO: [Physopt 32-663] Processed net u_mem/u_bridge/r_len[14]_i_16_n_0.  Re-placed instance u_mem/u_bridge/r_len[14]_i_16
INFO: [Physopt 32-662] Processed net u_mem/u_bridge/r_len[14]_i_4_n_0.  Did not re-place instance u_mem/u_bridge/r_len[14]_i_4
INFO: [Physopt 32-662] Processed net u_mem/u_bridge/in8[22].  Did not re-place instance u_mem/u_bridge/r_len_reg[14]
INFO: [Physopt 32-663] Processed net u_mem/u_bridge/r_len[4]_i_14_n_0.  Re-placed instance u_mem/u_bridge/r_len[4]_i_14
INFO: [Physopt 32-662] Processed net u_mem/u_bridge/r_len[4]_i_4_n_0.  Did not re-place instance u_mem/u_bridge/r_len[4]_i_4
INFO: [Physopt 32-662] Processed net u_mem/u_bridge/stat_ill_rd[15]_i_84_n_0.  Did not re-place instance u_mem/u_bridge/stat_ill_rd[15]_i_84
INFO: [Physopt 32-662] Processed net u_mem/u_bridge/r_len[2]_i_14_n_0.  Did not re-place instance u_mem/u_bridge/r_len[2]_i_14
INFO: [Physopt 32-662] Processed net u_mem/u_bridge/r_len[2]_i_4_n_0.  Did not re-place instance u_mem/u_bridge/r_len[2]_i_4
INFO: [Physopt 32-662] Processed net u_mem/u_bridge/r_beats[4].  Did not re-place instance u_mem/u_bridge/r_beats_reg[4]
INFO: [Physopt 32-662] Processed net u_mem/u_bridge/len_beats_tab[4].  Did not re-place instance u_mem/u_bridge/r_beats[4]_i_1
INFO: [Physopt 32-663] Processed net u_mem/u_bridge/r_beats[4]_i_10_n_0.  Re-placed instance u_mem/u_bridge/r_beats[4]_i_10
INFO: [Physopt 32-663] Processed net u_mem/u_bridge/r_beats[4]_i_3_n_0.  Re-placed instance u_mem/u_bridge/r_beats[4]_i_3
INFO: [Physopt 32-662] Processed net u_mem/u_bridge/r_len[8]_i_11_n_0.  Did not re-place instance u_mem/u_bridge/r_len[8]_i_11
INFO: [Physopt 32-662] Processed net u_mem/u_bridge/r_len[8]_i_3_n_0.  Did not re-place instance u_mem/u_bridge/r_len[8]_i_3
INFO: [Physopt 32-663] Processed net u_mem/u_bridge/stat_ill_rd[15]_i_8_n_0.  Re-placed instance u_mem/u_bridge/stat_ill_rd[15]_i_8
INFO: [Physopt 32-662] Processed net u_mem/u_bridge/ro_wm[14].  Did not re-place instance u_mem/u_bridge/stat_wm_reg[14]
INFO: [Physopt 32-663] Processed net u_mem/u_bridge/FSM_onehot_rstate_reg_n_0_[0].  Re-placed instance u_mem/u_bridge/FSM_onehot_rstate_reg[0]
INFO: [Physopt 32-663] Processed net u_mem/u_bridge/r_len[15]_i_10_n_0.  Re-placed instance u_mem/u_bridge/r_len[15]_i_10
INFO: [Physopt 32-662] Processed net u_mem/u_bridge/r_len[15]_i_3_n_0.  Did not re-place instance u_mem/u_bridge/r_len[15]_i_3
INFO: [Physopt 32-663] Processed net u_mem/u_bridge/r_len[8]_i_16_n_0.  Re-placed instance u_mem/u_bridge/r_len[8]_i_16
INFO: [Physopt 32-662] Processed net u_mem/u_bridge/r_slot[1]_i_9_n_0.  Did not re-place instance u_mem/u_bridge/r_slot[1]_i_9
INFO: [Physopt 32-662] Processed net u_mem/u_bridge/FSM_onehot_rstate[5]_i_14_n_0.  Did not re-place instance u_mem/u_bridge/FSM_onehot_rstate[5]_i_14
INFO: [Physopt 32-663] Processed net u_mem/u_bridge/FSM_onehot_rstate[5]_i_9_n_0.  Re-placed instance u_mem/u_bridge/FSM_onehot_rstate[5]_i_9
INFO: [Physopt 32-663] Processed net u_mem/u_bridge/r_beat[0].  Re-placed instance u_mem/u_bridge/r_beat_reg[0]
INFO: [Physopt 32-663] Processed net u_mem/u_bridge/FSM_onehot_rstate[5]_i_15_n_0.  Re-placed instance u_mem/u_bridge/FSM_onehot_rstate[5]_i_15
INFO: [Physopt 32-662] Processed net u_mem/u_bridge/FSM_onehot_rstate[5]_i_21_n_0.  Did not re-place instance u_mem/u_bridge/FSM_onehot_rstate[5]_i_21
INFO: [Physopt 32-663] Processed net u_mem/u_bridge/FSM_onehot_rstate[5]_i_25_n_0.  Re-placed instance u_mem/u_bridge/FSM_onehot_rstate[5]_i_25
INFO: [Physopt 32-662] Processed net u_mem/u_bridge/FSM_onehot_rstate[5]_i_7_n_0.  Did not re-place instance u_mem/u_bridge/FSM_onehot_rstate[5]_i_7
INFO: [Physopt 32-663] Processed net u_mem/u_bridge/r_len[0]_i_14_n_0.  Re-placed instance u_mem/u_bridge/r_len[0]_i_14
INFO: [Physopt 32-662] Processed net u_mem/u_bridge/r_len[0]_i_4_n_0.  Did not re-place instance u_mem/u_bridge/r_len[0]_i_4
INFO: [Physopt 32-662] Processed net u_mem/u_bridge/ro_wm[12].  Did not re-place instance u_mem/u_bridge/stat_wm_reg[12]
INFO: [Physopt 32-663] Processed net u_mem/u_bridge/r_len[2]_i_19_n_0.  Re-placed instance u_mem/u_bridge/r_len[2]_i_19
INFO: [Physopt 32-662] Processed net u_mem/u_bridge/r_len[2]_i_5_n_0.  Did not re-place instance u_mem/u_bridge/r_len[2]_i_5
INFO: [Physopt 32-663] Processed net u_mem2/u_bridge/rd_seq_slot_reg[1]_repN.  Re-placed instance u_mem2/u_bridge/rd_seq_slot_reg[1]_replica
INFO: [Physopt 32-662] Processed net u_mem2/u_bridge/rstate.  Did not re-place instance u_mem2/u_bridge/FSM_onehot_rstate[5]_i_1
INFO: [Physopt 32-662] Processed net u_mem2/u_bridge/uc_rd_en.  Did not re-place instance u_mem2/u_bridge/FSM_onehot_rstate[5]_i_3
INFO: [Physopt 32-663] Processed net u_mem2/u_bridge/rd_seq_slot[7]_i_3_n_0.  Re-placed instance u_mem2/u_bridge/rd_seq_slot[7]_i_3
INFO: [Physopt 32-662] Processed net u_mem2/u_bridge/rd_seq_slot[7]_i_11_n_0.  Did not re-place instance u_mem2/u_bridge/rd_seq_slot[7]_i_11
INFO: [Physopt 32-663] Processed net u_mem2/u_bridge/rd_seq_slot[7]_i_23_n_0.  Re-placed instance u_mem2/u_bridge/rd_seq_slot[7]_i_23
INFO: [Physopt 32-663] Processed net u_mem2/u_bridge/rd_seq_slot[7]_i_49_n_0.  Re-placed instance u_mem2/u_bridge/rd_seq_slot[7]_i_49
INFO: [Physopt 32-663] Processed net u_mem2/u_bridge/FSM_onehot_rstate_reg_n_0_[0].  Re-placed instance u_mem2/u_bridge/FSM_onehot_rstate_reg[0]
INFO: [Physopt 32-662] Processed net u_mem/u_bridge/r_slot[3]_i_1_n_0.  Did not re-place instance u_mem/u_bridge/r_slot[3]_i_1
INFO: [Physopt 32-663] Processed net u_mem/u_bridge/r_len[11]_i_10_n_0.  Re-placed instance u_mem/u_bridge/r_len[11]_i_10
INFO: [Physopt 32-662] Processed net u_mem/u_bridge/r_len[11]_i_3_n_0.  Did not re-place instance u_mem/u_bridge/r_len[11]_i_3
INFO: [Physopt 32-662] Processed net u_mem2/u_bridge/r_slot[7]_i_5_n_0.  Did not re-place instance u_mem2/u_bridge/r_slot[7]_i_5
INFO: [Physopt 32-663] Processed net u_mem2/u_bridge/r_len[13]_i_95_n_0.  Re-placed instance u_mem2/u_bridge/r_len[13]_i_95
INFO: [Physopt 32-662] Processed net u_mem2/u_bridge/r_slot[7]_i_12_n_0.  Did not re-place instance u_mem2/u_bridge/r_slot[7]_i_12
INFO: [Physopt 32-663] Processed net u_mem2/u_bridge/ro_wm[15].  Re-placed instance u_mem2/u_bridge/stat_wm_reg[15]
INFO: [Physopt 32-662] Processed net u_mem2/u_bridge/len_tab[13].  Did not re-place instance u_mem2/u_bridge/r_len[13]_i_1
INFO: [Physopt 32-662] Processed net u_mem2/u_bridge/r_len[13]_i_16_n_0.  Did not re-place instance u_mem2/u_bridge/r_len[13]_i_16
INFO: [Physopt 32-663] Processed net u_mem2/u_bridge/r_len[13]_i_2_n_0.  Re-placed instance u_mem2/u_bridge/r_len[13]_i_2
INFO: [Physopt 32-663] Processed net u_mem2/u_bridge/r_len[13]_i_38_n_0.  Re-placed instance u_mem2/u_bridge/r_len[13]_i_38
INFO: [Physopt 32-662] Processed net u_mem2/u_bridge/in8[21].  Did not re-place instance u_mem2/u_bridge/r_len_reg[13]
INFO: [Physopt 32-663] Processed net u_mem/u_bridge/r_len[11]_i_14_n_0.  Re-placed instance u_mem/u_bridge/r_len[11]_i_14
INFO: [Physopt 32-663] Processed net u_mem/u_bridge/r_len[11]_i_4_n_0.  Re-placed instance u_mem/u_bridge/r_len[11]_i_4
INFO: [Physopt 32-662] Processed net u_mem/u_bridge/r_beats[2].  Did not re-place instance u_mem/u_bridge/r_beats_reg[2]
INFO: [Physopt 32-662] Processed net u_mem/u_bridge/len_beats_tab[2].  Did not re-place instance u_mem/u_bridge/r_beats[2]_i_1
INFO: [Physopt 32-663] Processed net u_mem/u_bridge/r_beats[2]_i_13_n_0.  Re-placed instance u_mem/u_bridge/r_beats[2]_i_13
INFO: [Physopt 32-662] Processed net u_mem/u_bridge/r_beats[2]_i_3_n_0.  Did not re-place instance u_mem/u_bridge/r_beats[2]_i_3
INFO: [Physopt 32-663] Processed net u_mem/u_bridge/r_len[4]_i_11_n_0.  Re-placed instance u_mem/u_bridge/r_len[4]_i_11
INFO: [Physopt 32-662] Processed net u_mem/u_bridge/ro_wm[2].  Did not re-place instance u_mem/u_bridge/stat_wm_reg[2]
INFO: [Physopt 32-662] Processed net u_mem/u_bridge/stat_ill_rd[15]_i_23_n_0.  Did not re-place instance u_mem/u_bridge/stat_ill_rd[15]_i_23
INFO: [Physopt 32-663] Processed net u_mem/u_bridge/stat_ill_rd[15]_i_48_n_0.  Re-placed instance u_mem/u_bridge/stat_ill_rd[15]_i_48
INFO: [Physopt 32-662] Processed net u_mem/u_bridge/r_len[2]_i_2_n_0.  Did not re-place instance u_mem/u_bridge/r_len[2]_i_2
INFO: [Physopt 32-663] Processed net u_mem/u_bridge/r_len[2]_i_7_n_0.  Re-placed instance u_mem/u_bridge/r_len[2]_i_7
INFO: [Physopt 32-663] Processed net u_mem/u_bridge/full_bit_reg_n_0_[62].  Re-placed instance u_mem/u_bridge/full_bit_reg[62]
INFO: [Physopt 32-662] Processed net u_mem/u_bridge/pre_slot[7]_i_71_n_0.  Did not re-place instance u_mem/u_bridge/pre_slot[7]_i_71
INFO: [Physopt 32-662] Processed net u_mem/u_bridge/pre_slot[7]_i_8_n_0.  Did not re-place instance u_mem/u_bridge/pre_slot[7]_i_8
INFO: [Physopt 32-662] Processed net u_mem/u_bridge/r_len[13]_i_12_n_0.  Did not re-place instance u_mem/u_bridge/r_len[13]_i_12
INFO: [Physopt 32-663] Processed net u_mem/u_bridge/r_len[9]_i_13_n_0.  Re-placed instance u_mem/u_bridge/r_len[9]_i_13
INFO: [Physopt 32-662] Processed net u_mem/u_bridge/stat_ill_rd[15]_i_27_n_0.  Did not re-place instance u_mem/u_bridge/stat_ill_rd[15]_i_27
INFO: [Physopt 32-663] Processed net u_mem/u_bridge/stat_ill_rd[15]_i_64_n_0.  Re-placed instance u_mem/u_bridge/stat_ill_rd[15]_i_64
INFO: [Physopt 32-663] Processed net u_mem/u_bridge/full_bit_reg_n_0_[158].  Re-placed instance u_mem/u_bridge/full_bit_reg[158]
INFO: [Physopt 32-663] Processed net u_mem/u_bridge/r_len[0]_i_13_n_0.  Re-placed instance u_mem/u_bridge/r_len[0]_i_13
INFO: [Physopt 32-662] Processed net u_mem/u_bridge/r_len[0]_i_3_n_0.  Did not re-place instance u_mem/u_bridge/r_len[0]_i_3
INFO: [Physopt 32-662] Processed net u_mem2/u_bridge/ro_wm[3].  Did not re-place instance u_mem2/u_bridge/stat_wm_reg[3]
INFO: [Physopt 32-663] Processed net u_mem2/u_bridge/r_slot[4]_i_2_n_0.  Re-placed instance u_mem2/u_bridge/r_slot[4]_i_2
INFO: [Physopt 32-663] Processed net u_mem/u_bridge/r_beats[1]_i_15_n_0.  Re-placed instance u_mem/u_bridge/r_beats[1]_i_15
INFO: [Physopt 32-662] Processed net u_mem/u_bridge/r_beats[1]_i_4_n_0.  Did not re-place instance u_mem/u_bridge/r_beats[1]_i_4
INFO: [Physopt 32-662] Processed net u_mem/u_bridge/stat_ill_rd[15]_i_49_n_0.  Did not re-place instance u_mem/u_bridge/stat_ill_rd[15]_i_49
INFO: [Physopt 32-663] Processed net u_mem/u_bridge/r_len[11]_i_15_n_0.  Re-placed instance u_mem/u_bridge/r_len[11]_i_15
INFO: [Physopt 32-663] Processed net u_mem/u_bridge/stat_ill_rd[15]_i_79_n_0.  Re-placed instance u_mem/u_bridge/stat_ill_rd[15]_i_79
INFO: [Physopt 32-663] Processed net u_mem/u_bridge/r_beats[7]_i_12_n_0.  Re-placed instance u_mem/u_bridge/r_beats[7]_i_12
INFO: [Physopt 32-662] Processed net u_mem/u_bridge/r_beats[7]_i_3_n_0.  Did not re-place instance u_mem/u_bridge/r_beats[7]_i_3
INFO: [Physopt 32-662] Processed net u_mem/u_bridge/r_len[8]_i_10_n_0.  Did not re-place instance u_mem/u_bridge/r_len[8]_i_10
INFO: [Physopt 32-662] Processed net u_mem2/u_bridge/ro_wm[14].  Did not re-place instance u_mem2/u_bridge/stat_wm_reg[14]
INFO: [Physopt 32-662] Processed net u_mem/u_bridge/r_len[1]_i_2_n_0.  Did not re-place instance u_mem/u_bridge/r_len[1]_i_2
INFO: [Physopt 32-662] Processed net u_mem/u_bridge/r_len[1]_i_6_n_0.  Did not re-place instance u_mem/u_bridge/r_len[1]_i_6
INFO: [Physopt 32-663] Processed net u_mem/u_bridge/r_len[6]_i_10_n_0.  Re-placed instance u_mem/u_bridge/r_len[6]_i_10
INFO: [Physopt 32-663] Processed net u_mem/u_bridge/r_len[4]_i_12_n_0.  Re-placed instance u_mem/u_bridge/r_len[4]_i_12
INFO: [Physopt 32-663] Processed net u_mem2/u_bridge/rd_retire.  Re-placed instance u_mem2/u_bridge/FSM_onehot_rstate_reg[5]
INFO: [Physopt 32-662] Processed net u_mem/u_bridge/r_len[0]_i_2_n_0.  Did not re-place instance u_mem/u_bridge/r_len[0]_i_2
INFO: [Physopt 32-663] Processed net u_mem/u_bridge/r_len[0]_i_9_n_0.  Re-placed instance u_mem/u_bridge/r_len[0]_i_9
INFO: [Physopt 32-663] Processed net u_mem/u_bridge/r_len[1]_i_16_n_0.  Re-placed instance u_mem/u_bridge/r_len[1]_i_16
INFO: [Physopt 32-663] Processed net u_mem/u_bridge/r_beats[4]_i_12_n_0.  Re-placed instance u_mem/u_bridge/r_beats[4]_i_12
INFO: [Physopt 32-663] Processed net u_mem/u_bridge/stat_ill_rd[15]_i_71_n_0.  Re-placed instance u_mem/u_bridge/stat_ill_rd[15]_i_71
INFO: [Physopt 32-663] Processed net u_mem/u_bridge/stat_ill_rd[15]_i_83_n_0.  Re-placed instance u_mem/u_bridge/stat_ill_rd[15]_i_83
INFO: [Physopt 32-663] Processed net u_mem/u_bridge/r_beats[2]_i_10_n_0.  Re-placed instance u_mem/u_bridge/r_beats[2]_i_10
INFO: [Physopt 32-663] Processed net u_mem2/u_bridge/ro_wm[10].  Re-placed instance u_mem2/u_bridge/stat_wm_reg[10]
INFO: [Physopt 32-662] Processed net u_mem2/u_bridge/r_slot[7]_i_13_n_0.  Did not re-place instance u_mem2/u_bridge/r_slot[7]_i_13
INFO: [Physopt 32-663] Processed net u_mem/u_bridge/r_len[1]_i_14_n_0.  Re-placed instance u_mem/u_bridge/r_len[1]_i_14
INFO: [Physopt 32-662] Processed net u_mem2/u_bridge/w_beats[7]_i_1_n_0.  Did not re-place instance u_mem2/u_bridge/w_beats[7]_i_1
INFO: [Physopt 32-663] Processed net u_mem2/u_bridge/w_beats_reg_n_0_[1].  Re-placed instance u_mem2/u_bridge/w_beats_reg[1]
INFO: [Physopt 32-663] Processed net u_mem2/u_bridge/w_slotfull_i_1_n_0.  Re-placed instance u_mem2/u_bridge/w_slotfull_i_1
INFO: [Physopt 32-662] Processed net u_mem2/u_bridge/full_bit_reg_n_0_[10].  Did not re-place instance u_mem2/u_bridge/full_bit_reg[10]
INFO: [Physopt 32-663] Processed net u_mem2/u_bridge/w_beats_reg_n_0_[6].  Re-placed instance u_mem2/u_bridge/w_beats_reg[6]
INFO: [Physopt 32-663] Processed net u_mem2/u_bridge/w_slotfull_i_17_n_0.  Re-placed instance u_mem2/u_bridge/w_slotfull_i_17
INFO: [Common 17-14] Message 'Physopt 32-663' appears 100 times and further instances of the messages will be disabled. Use the Tcl command set_msg_config to change the current settings.
INFO: [Physopt 32-662] Processed net u_mem/u_bridge/r_beat[1].  Did not re-place instance u_mem/u_bridge/r_beat_reg[1]
INFO: [Physopt 32-661] Optimized 105 nets.  Re-placed 105 instances.
INFO: [Physopt 32-775] End 1 Pass. Optimized 105 nets or cells. Created 0 new cell, deleted 0 existing cell and moved 105 existing cells
INFO: [Physopt 32-619] Estimated Timing Summary | WNS=-0.744 | TNS=-490.382 |
Netlist sorting complete. Time (s): cpu = 00:00:00 ; elapsed = 00:00:00.029 . Memory (MB): peak = 7978.531 ; gain = 0.227
Phase 4 Single Cell Placement Optimization | Checksum: 194422076

Time (s): cpu = 00:01:55 ; elapsed = 00:01:14 . Memory (MB): peak = 7978.531 ; gain = 2067.309

Phase 5 Multi Cell Placement Optimization
INFO: [Physopt 32-660] Identified 100 candidate nets for placement-based optimization.
INFO: [Physopt 32-662] Processed net u_mem/u_bridge/ro_wm[3].  Did not re-place instance u_mem/u_bridge/stat_wm_reg[3]/Q
INFO: [Physopt 32-662] Processed net u_mem/u_bridge/ro_wm[3].  Did not re-place instance u_mem/u_bridge/stat_wm_reg[3]/Q
INFO: [Physopt 32-662] Processed net u_mem/u_bridge/ro_wm[3].  Did not re-place instance u_mem/u_bridge/stat_wm_reg[3]/Q
INFO: [Physopt 32-662] Processed net u_mem/u_bridge/ro_wm[3].  Did not re-place instance u_mem/u_bridge/stat_wm_reg[3]/Q
INFO: [Physopt 32-662] Processed net u_mem/u_bridge/ro_wm[3].  Did not re-place instance u_mem/u_bridge/stat_wm_reg[3]/Q
INFO: [Physopt 32-662] Processed net u_mem/u_bridge/ro_wm[3].  Did not re-place instance u_mem/u_bridge/stat_wm_reg[3]/Q
INFO: [Physopt 32-662] Processed net u_mem/u_bridge/r_slot[7]_i_3_n_0.  Did not re-place instance u_mem/u_bridge/r_slot[7]_i_3/O
INFO: [Physopt 32-662] Processed net u_mem/u_bridge/stat_ill_rd[15]_i_5_n_0.  Did not re-place instance u_mem/u_bridge/stat_ill_rd[15]_i_5/O
INFO: [Physopt 32-662] Processed net u_mem/u_bridge/in8[19].  Did not re-place instance u_mem/u_bridge/r_len_reg[11]/Q
INFO: [Physopt 32-662] Processed net u_mem/u_bridge/in8[20].  Did not re-place instance u_mem/u_bridge/r_len_reg[12]/Q
INFO: [Physopt 32-662] Processed net u_mem/u_bridge/pre_slot_reg_n_0_[1].  Did not re-place instance u_mem/u_bridge/pre_slot_reg[1]/Q
INFO: [Physopt 32-662] Processed net u_mem/u_bridge/len_tab[8].  Did not re-place instance u_mem/u_bridge/r_len[8]_i_1/O
INFO: [Physopt 32-662] Processed net u_mem/u_bridge/r_len[8]_i_15_n_0.  Did not re-place instance u_mem/u_bridge/r_len[8]_i_15/O
INFO: [Physopt 32-662] Processed net u_mem/u_bridge/r_len[8]_i_4_n_0.  Did not re-place instance u_mem/u_bridge/r_len[8]_i_4/O
INFO: [Physopt 32-662] Processed net u_mem/u_bridge/len_tab[6].  Did not re-place instance u_mem/u_bridge/r_len[6]_i_1/O
INFO: [Physopt 32-662] Processed net u_mem/u_bridge/r_len[6]_i_13_n_0.  Did not re-place instance u_mem/u_bridge/r_len[6]_i_13/O
INFO: [Physopt 32-662] Processed net u_mem/u_bridge/r_len[6]_i_3_n_0.  Did not re-place instance u_mem/u_bridge/r_len[6]_i_3/O
INFO: [Physopt 32-662] Processed net u_mem/u_bridge/len_tab[15].  Did not re-place instance u_mem/u_bridge/r_len[15]_i_1/O
INFO: [Physopt 32-662] Processed net u_mem/u_bridge/r_len[15]_i_14_n_0.  Did not re-place instance u_mem/u_bridge/r_len[15]_i_14/O
INFO: [Physopt 32-662] Processed net u_mem/u_bridge/r_len[15]_i_4_n_0.  Did not re-place instance u_mem/u_bridge/r_len[15]_i_4/O
INFO: [Physopt 32-662] Processed net u_mem/u_bridge/len_tab[4].  Did not re-place instance u_mem/u_bridge/r_len[4]_i_1/O
INFO: [Physopt 32-662] Processed net u_mem/u_bridge/r_len[4]_i_2_n_0.  Did not re-place instance u_mem/u_bridge/r_len[4]_i_2/O
INFO: [Physopt 32-662] Processed net u_mem/u_bridge/ro_wm[5].  Did not re-place instance u_mem/u_bridge/stat_wm_reg[5]/Q
INFO: [Physopt 32-662] Processed net u_mem/u_bridge/ro_wm[6].  Did not re-place instance u_mem/u_bridge/stat_wm_reg[6]/Q
INFO: [Physopt 32-662] Processed net u_mem/u_bridge/ro_wm[6].  Did not re-place instance u_mem/u_bridge/stat_wm_reg[6]/Q
INFO: [Physopt 32-662] Processed net u_mem/u_bridge/ro_wm[6].  Did not re-place instance u_mem/u_bridge/stat_wm_reg[6]/Q
INFO: [Physopt 32-662] Processed net u_mem/u_bridge/ro_wm[6].  Did not re-place instance u_mem/u_bridge/stat_wm_reg[6]/Q
INFO: [Physopt 32-662] Processed net u_mem/u_bridge/stat_ill_rd[15]_i_6_n_0.  Did not re-place instance u_mem/u_bridge/stat_ill_rd[15]_i_6/O
INFO: [Physopt 32-662] Processed net u_mem/u_bridge/len_tab[2].  Did not re-place instance u_mem/u_bridge/r_len[2]_i_1/O
INFO: [Physopt 32-662] Processed net u_mem/u_bridge/r_len[2]_i_14_n_0.  Did not re-place instance u_mem/u_bridge/r_len[2]_i_14/O
INFO: [Physopt 32-662] Processed net u_mem/u_bridge/r_len[2]_i_4_n_0.  Did not re-place instance u_mem/u_bridge/r_len[2]_i_4/O
INFO: [Physopt 32-662] Processed net u_mem/u_bridge/r_len[8]_i_11_n_0.  Did not re-place instance u_mem/u_bridge/r_len[8]_i_11/O
INFO: [Physopt 32-662] Processed net u_mem/u_bridge/r_len[8]_i_3_n_0.  Did not re-place instance u_mem/u_bridge/r_len[8]_i_3/O
INFO: [Physopt 32-662] Processed net u_mem/u_bridge/len_tab[13].  Did not re-place instance u_mem/u_bridge/r_len[13]_i_1/O
INFO: [Physopt 32-662] Processed net u_mem/u_bridge/r_len[13]_i_12_n_0.  Did not re-place instance u_mem/u_bridge/r_len[13]_i_12/O
INFO: [Physopt 32-662] Processed net u_mem/u_bridge/r_len[13]_i_3_n_0.  Did not re-place instance u_mem/u_bridge/r_len[13]_i_3/O
INFO: [Physopt 32-662] Processed net u_mem/u_bridge/len_tab[14].  Did not re-place instance u_mem/u_bridge/r_len[14]_i_1/O
INFO: [Physopt 32-662] Processed net u_mem/u_bridge/r_len[14]_i_16_n_0.  Did not re-place instance u_mem/u_bridge/r_len[14]_i_16/O
INFO: [Physopt 32-662] Processed net u_mem/u_bridge/r_len[14]_i_4_n_0.  Did not re-place instance u_mem/u_bridge/r_len[14]_i_4/O
INFO: [Physopt 32-662] Processed net u_mem/u_bridge/stat_ill_rd[15]_i_4_n_0.  Did not re-place instance u_mem/u_bridge/stat_ill_rd[15]_i_4/O
INFO: [Physopt 32-662] Processed net u_mem/u_bridge/r_len[8]_i_10_n_0.  Did not re-place instance u_mem/u_bridge/r_len[8]_i_10/O
INFO: [Physopt 32-662] Processed net u_mem/u_bridge/len_tab[11].  Did not re-place instance u_mem/u_bridge/r_len[11]_i_1/O
INFO: [Physopt 32-662] Processed net u_mem/u_bridge/r_len[11]_i_14_n_0.  Did not re-place instance u_mem/u_bridge/r_len[11]_i_14/O
INFO: [Physopt 32-662] Processed net u_mem/u_bridge/r_len[11]_i_4_n_0.  Did not re-place instance u_mem/u_bridge/r_len[11]_i_4/O
INFO: [Physopt 32-662] Processed net u_mem/u_bridge/len_tab[1].  Did not re-place instance u_mem/u_bridge/r_len[1]_i_1/O
INFO: [Physopt 32-662] Processed net u_mem/u_bridge/r_len[1]_i_2_n_0.  Did not re-place instance u_mem/u_bridge/r_len[1]_i_2/O
INFO: [Physopt 32-662] Processed net u_mem/u_bridge/ro_wm[7].  Did not re-place instance u_mem/u_bridge/stat_wm_reg[7]/Q
INFO: [Physopt 32-662] Processed net u_mem/u_bridge/ro_wm[7].  Did not re-place instance u_mem/u_bridge/stat_wm_reg[7]/Q
INFO: [Physopt 32-662] Processed net u_mem/u_bridge/ro_wm[7].  Did not re-place instance u_mem/u_bridge/stat_wm_reg[7]/Q
INFO: [Physopt 32-662] Processed net u_mem/u_bridge/ro_wm[7].  Did not re-place instance u_mem/u_bridge/stat_wm_reg[7]/Q
INFO: [Physopt 32-662] Processed net u_mem/u_bridge/ro_wm[2].  Did not re-place instance u_mem/u_bridge/stat_wm_reg[2]/Q
INFO: [Physopt 32-662] Processed net u_mem/u_bridge/len_tab[9].  Did not re-place instance u_mem/u_bridge/r_len[9]_i_1/O
INFO: [Physopt 32-662] Processed net u_mem/u_bridge/r_len[9]_i_12_n_0.  Did not re-place instance u_mem/u_bridge/r_len[9]_i_12/O
INFO: [Physopt 32-662] Processed net u_mem/u_bridge/r_len[9]_i_3_n_0.  Did not re-place instance u_mem/u_bridge/r_len[9]_i_3/O
INFO: [Physopt 32-662] Processed net u_mem/u_bridge/len_beats_tab[1].  Did not re-place instance u_mem/u_bridge/r_beats[1]_i_1/O
INFO: [Physopt 32-662] Processed net u_mem/u_bridge/r_beats[1]_i_3_n_0.  Did not re-place instance u_mem/u_bridge/r_beats[1]_i_3/O
INFO: [Physopt 32-662] Processed net u_mem/u_bridge/r_len[15]_i_2_n_0.  Did not re-place instance u_mem/u_bridge/r_len[15]_i_2/O
INFO: [Physopt 32-662] Processed net u_mem/u_bridge/r_len[1]_i_15_n_0.  Did not re-place instance u_mem/u_bridge/r_len[1]_i_15/O
INFO: [Physopt 32-662] Processed net u_mem/u_bridge/r_len[1]_i_4_n_0.  Did not re-place instance u_mem/u_bridge/r_len[1]_i_4/O
INFO: [Physopt 32-662] Processed net u_mem/u_bridge/r_len[2]_i_15_n_0.  Did not re-place instance u_mem/u_bridge/r_len[2]_i_15/O
INFO: [Physopt 32-662] Processed net u_mem/u_bridge/len_beats_tab[5].  Did not re-place instance u_mem/u_bridge/r_beats[5]_i_1/O
INFO: [Physopt 32-662] Processed net u_mem/u_bridge/r_beats[5]_i_14_n_0.  Did not re-place instance u_mem/u_bridge/r_beats[5]_i_14/O
INFO: [Physopt 32-662] Processed net u_mem/u_bridge/r_beats[5]_i_4_n_0.  Did not re-place instance u_mem/u_bridge/r_beats[5]_i_4/O
INFO: [Physopt 32-662] Processed net u_mem/u_bridge/len_tab[10].  Did not re-place instance u_mem/u_bridge/r_len[10]_i_1/O
INFO: [Physopt 32-662] Processed net u_mem/u_bridge/r_len[10]_i_3_n_0.  Did not re-place instance u_mem/u_bridge/r_len[10]_i_3/O
INFO: [Physopt 32-661] Optimized 5 nets.  Re-placed 10 instances.
INFO: [Physopt 32-775] End 1 Pass. Optimized 5 nets or cells. Created 0 new cell, deleted 0 existing cell and moved 10 existing cells
INFO: [Physopt 32-619] Estimated Timing Summary | WNS=-0.744 | TNS=-490.497 |
Netlist sorting complete. Time (s): cpu = 00:00:00 ; elapsed = 00:00:00.025 . Memory (MB): peak = 8910.473 ; gain = 0.227
Phase 5 Multi Cell Placement Optimization | Checksum: 1d7a353f5

Time (s): cpu = 00:02:30 ; elapsed = 00:01:34 . Memory (MB): peak = 8910.473 ; gain = 2999.250

Phase 6 Rewire
INFO: [Physopt 32-246] Starting Signal Push optimization...
INFO: [Physopt 32-77] Pass 1. Identified 14 candidate nets for rewire optimization.
INFO: [Physopt 32-134] Processed net u_mem/u_bridge/stat_ill_rd[15]_i_8_n_0. Rewiring did not optimize the net.
INFO: [Physopt 32-242] Processed net u_mem/u_bridge/r_slot[1]_i_4_n_0. Rewired (signal push) u_mem/u_bridge/stat_ill_rd[15]_i_8_n_0 to 2 loads. Replicated 1 times.
INFO: [Physopt 32-134] Processed net u_mem/u_bridge/stat_ill_rd[15]_i_11_n_0. Rewiring did not optimize the net.
INFO: [Physopt 32-242] Processed net u_mem/u_bridge/m_axi_arlen[7]_INST_0_i_1_n_0. Rewired (signal push) u_mem/u_bridge/r_beats[3] to 4 loads. Replicated 1 times.
INFO: [Physopt 32-134] Processed net u_mem/u_bridge/stat_ill_rd[15]_i_9_n_0. Rewiring did not optimize the net.
INFO: [Physopt 32-242] Processed net u_ddr4/inst/u_ddr_axi/axi_r_channel_0/rd_data_fifo_0/c0_ddr4_s_axi_rvalid. Rewired (signal push) u_ddr4/inst/u_ddr_axi/axi_r_channel_0/rd_data_fifo_0/cnt_read_reg[0] to 2 loads. Replicated 1 times.
INFO: [Physopt 32-134] Processed net u_arb/rgrant_reg_0. Rewiring did not optimize the net.
INFO: [Physopt 32-134] Processed net u_mem/u_bridge/stat_ill_rd[15]_i_10_n_0. Rewiring did not optimize the net.
INFO: [Physopt 32-134] Processed net u_mem2/u_bridge/r_slot[5]_i_2_n_0. Rewiring did not optimize the net.
INFO: [Physopt 32-134] Processed net u_mem/u_wr_bytes/ub_empty. Rewiring did not optimize the net.
INFO: [Physopt 32-242] Processed net u_mem/u_bridge/w_bi[7]_i_4_n_0. Rewired (signal push) u_mem/u_bridge/w_data_r[511]_i_8_n_0 to 10 loads. Replicated 1 times.
INFO: [Physopt 32-134] Processed net u_ddr4/inst/u_ddr4_mem_intfc/u_ddr_mc/u_ddr_mc_arb_c/u_ddr_mc_ctl/b2b_cas_not_allowed. Rewiring did not optimize the net.
INFO: [Physopt 32-242] Processed net u_mem/u_bridge/pre_slot[7]_i_2_n_0. Rewired (signal push) u_mem/u_bridge/pre_slot_reg[7]_i_5_n_0 to 2 loads. Replicated 0 times.
INFO: [Physopt 32-242] Processed net u_ddr4/inst/u_ddr4_mem_intfc/u_ddr_mc/u_ddr_mc_arb_c/clrReq15_out. Rewired (signal push) u_ddr4/inst/u_ddr4_mem_intfc/u_ddr_mc/u_ddr_mc_arb_c/tranSentC_repN to 5 loads. Replicated 1 times.
INFO: [Physopt 32-232] Optimized 6 nets. Created 5 new instances.
INFO: [Physopt 32-775] End 1 Pass. Optimized 6 nets or cells. Created 5 new cells, deleted 0 existing cell and moved 0 existing cell
Netlist sorting complete. Time (s): cpu = 00:00:00 ; elapsed = 00:00:00.125 . Memory (MB): peak = 9237.348 ; gain = 0.000
INFO: [Physopt 32-619] Estimated Timing Summary | WNS=-0.744 | TNS=-467.262 |
Netlist sorting complete. Time (s): cpu = 00:00:00 ; elapsed = 00:00:00.020 . Memory (MB): peak = 9237.348 ; gain = 0.000
Phase 6 Rewire | Checksum: 1208f9955

Time (s): cpu = 00:02:41 ; elapsed = 00:01:41 . Memory (MB): peak = 9237.348 ; gain = 3326.125

Phase 7 Critical Cell Optimization
INFO: [Physopt 32-46] Identified 30 candidate nets for critical-cell optimization.
INFO: [Physopt 32-572] Net u_mem/u_bridge/ro_wm[3] was not replicated.
Resolution: phys_opt_design can be forced to replicate a net driver using the option -force_replication_on_nets <list of net objects>.
INFO: [Physopt 32-81] Processed net u_mem/u_bridge/r_slot[7]_i_3_n_0. Replicated 1 times.
INFO: [Physopt 32-81] Processed net u_mem/u_bridge/stat_ill_rd[15]_i_5_n_0. Replicated 2 times.
INFO: [Physopt 32-571] Net u_mem/u_bridge/pre_slot_reg_n_0_[1] was not replicated.
INFO: [Physopt 32-572] Net u_mem/u_bridge/ro_wm[5] was not replicated.
Resolution: phys_opt_design can be forced to replicate a net driver using the option -force_replication_on_nets <list of net objects>.
INFO: [Physopt 32-572] Net u_mem/u_bridge/stat_ill_rd[15]_i_6_n_0 was not replicated.
Resolution: phys_opt_design can be forced to replicate a net driver using the option -force_replication_on_nets <list of net objects>.
INFO: [Physopt 32-81] Processed net u_mem/u_bridge/ro_wm[6]. Replicated 2 times.
INFO: [Physopt 32-81] Processed net u_mem/u_bridge/stat_ill_rd[15]_i_4_n_0. Replicated 2 times.
INFO: [Physopt 32-81] Processed net u_mem/u_bridge/ro_wm[7]. Replicated 2 times.
INFO: [Physopt 32-81] Processed net u_mem/u_bridge/ro_wm[2]. Replicated 3 times.
INFO: [Physopt 32-81] Processed net u_mem/u_bridge/stat_ill_rd[15]_i_8_n_0. Replicated 1 times.
INFO: [Physopt 32-572] Net u_mem/u_bridge/stat_ill_rd[15]_i_3_n_0 was not replicated.
Resolution: phys_opt_design can be forced to replicate a net driver using the option -force_replication_on_nets <list of net objects>.
INFO: [Physopt 32-81] Processed net u_mem/u_bridge/ro_wm[14]. Replicated 2 times.
INFO: [Physopt 32-81] Processed net u_mem/u_bridge/ro_wm[12]. Replicated 2 times.
INFO: [Physopt 32-572] Net u_mem2/u_bridge/r_slot[7]_i_12_n_0 was not replicated.
Resolution: phys_opt_design can be forced to replicate a net driver using the option -force_replication_on_nets <list of net objects>.
INFO: [Physopt 32-81] Processed net u_mem2/u_bridge/ro_wm[15]. Replicated 1 times.
INFO: [Physopt 32-81] Processed net u_mem/u_bridge/ro_wm[0]_repN. Replicated 1 times.
INFO: [Physopt 32-572] Net u_mem/u_bridge/stat_ill_rd[15]_i_11_n_0 was not replicated.
Resolution: phys_opt_design can be forced to replicate a net driver using the option -force_replication_on_nets <list of net objects>.
INFO: [Physopt 32-81] Processed net u_ddr4/inst/u_ddr4_mem_intfc/u_ddr_mc/u_ddr_mc_arb_c/tranSentC_repN. Replicated 2 times.
INFO: [Physopt 32-572] Net u_ddr4/inst/u_ddr4_mem_intfc/u_ddr_mc/u_ddr_mc_rd_wr/wtrs[0].u_ddr_mc_wtr/last32_reg_0 was not replicated.
Resolution: phys_opt_design can be forced to replicate a net driver using the option -force_replication_on_nets <list of net objects>.
INFO: [Physopt 32-601] Processed net u_ddr4/inst/u_ddr4_mem_intfc/u_ddr_mc/u_ddr_mc_arb_c/winPort[3]_i_3_n_0. Net driver u_ddr4/inst/u_ddr4_mem_intfc/u_ddr_mc/u_ddr_mc_arb_c/winPort[3]_i_3 was replaced.
INFO: [Physopt 32-81] Processed net u_ddr4/inst/u_ddr4_mem_intfc/u_ddr_mc/u_ddr_mc_rd_wr/wtrs[0].u_ddr_mc_wtr/winPort[3]_i_8__0_n_0. Replicated 1 times.
INFO: [Physopt 32-572] Net u_ddr4/inst/u_ddr4_mem_intfc/u_ddr_mc/u_ddr_mc_arb_c/clrReq17_out was not replicated.
Resolution: phys_opt_design can be forced to replicate a net driver using the option -force_replication_on_nets <list of net objects>.
INFO: [Physopt 32-601] Processed net u_ddr4/inst/u_ddr4_mem_intfc/u_ddr_mc/u_ddr_mc_periodic/per_cas_block_req. Net driver u_ddr4/inst/u_ddr4_mem_intfc/u_ddr_mc/u_ddr_mc_periodic/per_cas_block_req_reg was replaced.
INFO: [Physopt 32-81] Processed net u_ddr4/inst/u_ddr4_mem_intfc/u_ddr_mc/u_ddr_mc_rd_wr/wtrs[0].u_ddr_mc_wtr/u_ddr_mc_arb_c/reqs__3[0]. Replicated 1 times.
INFO: [Physopt 32-81] Processed net u_mem/u_bridge/ro_wm[11]. Replicated 1 times.
INFO: [Physopt 32-572] Net u_mem/u_bridge/stat_ill_rd[15]_i_9_n_0 was not replicated.
Resolution: phys_opt_design can be forced to replicate a net driver using the option -force_replication_on_nets <list of net objects>.
INFO: [Physopt 32-572] Net u_mem/u_bridge/ro_wm[4] was not replicated.
Resolution: phys_opt_design can be forced to replicate a net driver using the option -force_replication_on_nets <list of net objects>.
INFO: [Physopt 32-232] Optimized 17 nets. Created 24 new instances.
INFO: [Physopt 32-775] End 1 Pass. Optimized 17 nets or cells. Created 24 new cells, deleted 0 existing cell and moved 0 existing cell
INFO: [Physopt 32-619] Estimated Timing Summary | WNS=-0.711 | TNS=-479.106 |
Netlist sorting complete. Time (s): cpu = 00:00:00 ; elapsed = 00:00:00.167 . Memory (MB): peak = 13134.375 ; gain = 0.758
Phase 7 Critical Cell Optimization | Checksum: 256a74b95

Time (s): cpu = 00:04:03 ; elapsed = 00:02:27 . Memory (MB): peak = 13134.375 ; gain = 7223.152

Phase 8 Fanout Optimization
INFO: [Physopt 32-76] Pass 1. Identified 24 candidate nets for fanout optimization.
INFO: [Physopt 32-572] Net u_mem/u_bridge/sel0[2] was not replicated.
Resolution: phys_opt_design can be forced to replicate a net driver using the option -force_replication_on_nets <list of net objects>.
INFO: [Physopt 32-572] Net u_mem/u_bridge/r_slot[3]_i_1_n_0 was not replicated.
Resolution: phys_opt_design can be forced to replicate a net driver using the option -force_replication_on_nets <list of net objects>.
INFO: [Physopt 32-572] Net u_mem/u_bridge/r_slot was not replicated.
Resolution: phys_opt_design can be forced to replicate a net driver using the option -force_replication_on_nets <list of net objects>.
INFO: [Physopt 32-572] Net u_mem/u_bridge/sel0[0] was not replicated.
Resolution: phys_opt_design can be forced to replicate a net driver using the option -force_replication_on_nets <list of net objects>.
INFO: [Physopt 32-572] Net u_mem/u_bridge/r_slot[1]_i_1_n_0 was not replicated.
Resolution: phys_opt_design can be forced to replicate a net driver using the option -force_replication_on_nets <list of net objects>.
INFO: [Physopt 32-81] Processed net u_mem/u_bridge/ro_wm[1]_repN. Replicated 1 times.
INFO: [Physopt 32-572] Net u_mem/u_bridge/sel0[2]_repN was not replicated.
Resolution: phys_opt_design can be forced to replicate a net driver using the option -force_replication_on_nets <list of net objects>.
INFO: [Physopt 32-572] Net u_mem/u_bridge/ro_wm[0] was not replicated.
Resolution: phys_opt_design can be forced to replicate a net driver using the option -force_replication_on_nets <list of net objects>.
INFO: [Physopt 32-81] Processed net u_mem2/u_bridge/ro_wm[2]. Replicated 2 times.
INFO: [Physopt 32-81] Processed net u_mem2/u_bridge/r_len[12]_i_94_n_0_repN. Replicated 2 times.
INFO: [Physopt 32-572] Net u_mem2/u_bridge/r_slot_repN was not replicated.
Resolution: phys_opt_design can be forced to replicate a net driver using the option -force_replication_on_nets <list of net objects>.
INFO: [Physopt 32-81] Processed net u_mem2/u_bridge/sel0[2]_repN. Replicated 3 times.
INFO: [Physopt 32-572] Net u_mem2/u_bridge/r_len[12]_i_95_n_0_repN was not replicated.
Resolution: phys_opt_design can be forced to replicate a net driver using the option -force_replication_on_nets <list of net objects>.
INFO: [Physopt 32-81] Processed net u_mem/u_bridge/r_slot[1]_i_4_n_0_repN. Replicated 2 times.
INFO: [Physopt 32-572] Net u_mem2/u_bridge/rd_seq_slot_reg[1]_repN was not replicated.
Resolution: phys_opt_design can be forced to replicate a net driver using the option -force_replication_on_nets <list of net objects>.
INFO: [Physopt 32-81] Processed net u_mem2/u_bridge/r_slot[1]_i_4_n_0. Replicated 4 times.
INFO: [Physopt 32-81] Processed net u_mem2/u_wr_bytes/rd_bin_reg[1]_rep_n_0_repN_1. Replicated 3 times.
INFO: [Physopt 32-601] Processed net u_mem2/u_bridge/r_len[10]_i_94_n_0_repN_2. Net driver u_mem2/u_bridge/r_len[10]_i_94_replica_2 was replaced.
INFO: [Physopt 32-572] Net u_mem2/u_bridge/ro_wm[0]_repN_3 was not replicated.
Resolution: phys_opt_design can be forced to replicate a net driver using the option -force_replication_on_nets <list of net objects>.
INFO: [Physopt 32-232] Optimized 8 nets. Created 17 new instances.
INFO: [Physopt 32-775] End 1 Pass. Optimized 8 nets or cells. Created 17 new cells, deleted 0 existing cell and moved 0 existing cell
INFO: [Physopt 32-619] Estimated Timing Summary | WNS=-0.711 | TNS=-476.548 |
Netlist sorting complete. Time (s): cpu = 00:00:00 ; elapsed = 00:00:00.150 . Memory (MB): peak = 13690.945 ; gain = 0.758
Phase 8 Fanout Optimization | Checksum: eb9667fa

Time (s): cpu = 00:04:24 ; elapsed = 00:02:42 . Memory (MB): peak = 13690.945 ; gain = 7779.723

Phase 9 Single Cell Placement Optimization
INFO: [Physopt 32-660] Identified 250 candidate nets for placement-based optimization.
INFO: [Physopt 32-662] Processed net u_mem/u_bridge/sel0[2].  Did not re-place instance u_mem/u_bridge/r_slot[2]_i_1
INFO: [Physopt 32-662] Processed net u_mem/u_bridge/ro_wm[3].  Did not re-place instance u_mem/u_bridge/stat_wm_reg[3]
INFO: [Physopt 32-662] Processed net u_mem/u_bridge/r_slot[7]_i_3_n_0.  Did not re-place instance u_mem/u_bridge/r_slot[7]_i_3_rewire
INFO: [Physopt 32-662] Processed net u_mem/u_bridge/len_tab[10].  Did not re-place instance u_mem/u_bridge/r_len[10]_i_1
INFO: [Physopt 32-662] Processed net u_mem/u_bridge/r_len[10]_i_3_n_0.  Did not re-place instance u_mem/u_bridge/r_len[10]_i_3
INFO: [Physopt 32-662] Processed net u_mem/u_bridge/r_slot[1]_i_7_n_0.  Did not re-place instance u_mem/u_bridge/r_slot[1]_i_7
INFO: [Physopt 32-662] Processed net u_mem/u_bridge/in8[18].  Did not re-place instance u_mem/u_bridge/r_len_reg[10]
INFO: [Physopt 32-662] Processed net u_mem/u_bridge/r_slot[3]_i_1_n_0.  Did not re-place instance u_mem/u_bridge/r_slot[3]_i_1
INFO: [Physopt 32-662] Processed net u_mem/u_bridge/r_slot.  Did not re-place instance u_mem/u_bridge/r_slot[7]_i_1
INFO: [Physopt 32-662] Processed net u_mem/u_bridge/stat_ill_rd[15]_i_5_n_0.  Did not re-place instance u_mem/u_bridge/stat_ill_rd[15]_i_5
INFO: [Physopt 32-662] Processed net u_mem/u_bridge/stat_ill_rd[15]_i_34_n_0.  Did not re-place instance u_mem/u_bridge/stat_ill_rd[15]_i_34
INFO: [Physopt 32-662] Processed net u_mem/u_bridge/in8[19].  Did not re-place instance u_mem/u_bridge/r_len_reg[11]
INFO: [Physopt 32-662] Processed net u_mem/u_bridge/in8[20].  Did not re-place instance u_mem/u_bridge/r_len_reg[12]
INFO: [Physopt 32-662] Processed net u_mem/u_bridge/stat_ill_rd[15]_i_32_n_0.  Did not re-place instance u_mem/u_bridge/stat_ill_rd[15]_i_32
INFO: [Physopt 32-662] Processed net u_mem/u_bridge/sel0[0].  Did not re-place instance u_mem/u_bridge/dbg_rd_slot[0]_i_2
INFO: [Physopt 32-662] Processed net u_mem/u_bridge/stat_ill_rd[15]_i_33_n_0.  Did not re-place instance u_mem/u_bridge/stat_ill_rd[15]_i_33
INFO: [Physopt 32-662] Processed net u_mem/u_bridge/stat_ill_rd[15]_i_88_n_0.  Did not re-place instance u_mem/u_bridge/stat_ill_rd[15]_i_88
INFO: [Physopt 32-662] Processed net u_mem/u_bridge/pre_slot_reg_n_0_[1].  Did not re-place instance u_mem/u_bridge/pre_slot_reg[1]
INFO: [Physopt 32-662] Processed net u_mem/u_bridge/r_slot[1]_i_8_n_0.  Did not re-place instance u_mem/u_bridge/r_slot[1]_i_8
INFO: [Physopt 32-662] Processed net u_mem/u_bridge/stat_ill_rd[15]_i_35_n_0.  Did not re-place instance u_mem/u_bridge/stat_ill_rd[15]_i_35
INFO: [Physopt 32-662] Processed net u_mem/u_bridge/r_slot[1]_i_1_n_0.  Did not re-place instance u_mem/u_bridge/r_slot[1]_i_1
INFO: [Physopt 32-662] Processed net u_mem/u_bridge/len_tab[8].  Did not re-place instance u_mem/u_bridge/r_len[8]_i_1
INFO: [Physopt 32-662] Processed net u_mem/u_bridge/r_len[8]_i_15_n_0.  Did not re-place instance u_mem/u_bridge/r_len[8]_i_15
INFO: [Physopt 32-662] Processed net u_mem/u_bridge/in8[16].  Did not re-place instance u_mem/u_bridge/r_len_reg[8]
INFO: [Physopt 32-662] Processed net u_mem/u_bridge/stat_ill_rd[15]_i_31_n_0.  Did not re-place instance u_mem/u_bridge/stat_ill_rd[15]_i_31
INFO: [Physopt 32-662] Processed net u_mem/u_bridge/stat_ill_rd[15]_i_80_n_0.  Did not re-place instance u_mem/u_bridge/stat_ill_rd[15]_i_80
INFO: [Physopt 32-662] Processed net u_mem/u_bridge/r_beats[1].  Did not re-place instance u_mem/u_bridge/r_beats_reg[1]
INFO: [Physopt 32-662] Processed net u_mem/u_bridge/len_beats_tab[1].  Did not re-place instance u_mem/u_bridge/r_beats[1]_i_1
INFO: [Physopt 32-662] Processed net u_mem/u_bridge/r_beats[1]_i_12_n_0.  Did not re-place instance u_mem/u_bridge/r_beats[1]_i_12
INFO: [Physopt 32-662] Processed net u_mem/u_bridge/stat_ill_rd[15]_i_93_n_0.  Did not re-place instance u_mem/u_bridge/stat_ill_rd[15]_i_93
INFO: [Physopt 32-662] Processed net u_mem/u_bridge/stat_ill_rd[15]_i_96_n_0.  Did not re-place instance u_mem/u_bridge/stat_ill_rd[15]_i_96
INFO: [Physopt 32-662] Processed net u_mem/u_bridge/stat_ill_rd[15]_i_6_n_0.  Did not re-place instance u_mem/u_bridge/stat_ill_rd[15]_i_6_rewire
INFO: [Physopt 32-662] Processed net u_mem/u_bridge/stat_ill_rd[15]_i_92_n_0.  Did not re-place instance u_mem/u_bridge/stat_ill_rd[15]_i_92
INFO: [Physopt 32-662] Processed net u_mem/u_bridge/len_tab[6].  Did not re-place instance u_mem/u_bridge/r_len[6]_i_1
INFO: [Physopt 32-662] Processed net u_mem/u_bridge/r_len[6]_i_13_n_0.  Did not re-place instance u_mem/u_bridge/r_len[6]_i_13
INFO: [Physopt 32-662] Processed net u_mem/u_bridge/r_len[6]_i_3_n_0.  Did not re-place instance u_mem/u_bridge/r_len[6]_i_3
INFO: [Physopt 32-662] Processed net u_mem/u_bridge/r_slot[1]_i_12_n_0.  Did not re-place instance u_mem/u_bridge/r_slot[1]_i_12
INFO: [Physopt 32-662] Processed net u_mem/u_bridge/in8[14].  Did not re-place instance u_mem/u_bridge/r_len_reg[6]
INFO: [Physopt 32-662] Processed net u_mem/u_bridge/len_tab[15].  Did not re-place instance u_mem/u_bridge/r_len[15]_i_1
INFO: [Physopt 32-662] Processed net u_mem/u_bridge/r_len[15]_i_14_n_0.  Did not re-place instance u_mem/u_bridge/r_len[15]_i_14
INFO: [Physopt 32-662] Processed net u_mem/u_bridge/in8[23].  Did not re-place instance u_mem/u_bridge/r_len_reg[15]
INFO: [Physopt 32-662] Processed net u_mem/u_bridge/stat_ill_rd[15]_i_30_n_0.  Did not re-place instance u_mem/u_bridge/stat_ill_rd[15]_i_30
INFO: [Physopt 32-662] Processed net u_mem/u_bridge/stat_ill_rd[15]_i_77_n_0.  Did not re-place instance u_mem/u_bridge/stat_ill_rd[15]_i_77
INFO: [Physopt 32-662] Processed net u_mem/u_bridge/r_slot[1]_i_11_n_0.  Did not re-place instance u_mem/u_bridge/r_slot[1]_i_11
INFO: [Physopt 32-662] Processed net u_mem/u_bridge/stat_ill_rd[15]_i_85_n_0.  Did not re-place instance u_mem/u_bridge/stat_ill_rd[15]_i_85
INFO: [Physopt 32-662] Processed net u_mem/u_bridge/stat_ill_rd[15]_i_97_n_0.  Did not re-place instance u_mem/u_bridge/stat_ill_rd[15]_i_97
INFO: [Physopt 32-662] Processed net u_mem/u_bridge/stat_ill_rd[15]_i_84_n_0.  Did not re-place instance u_mem/u_bridge/stat_ill_rd[15]_i_84
INFO: [Physopt 32-662] Processed net u_mem/u_bridge/in8[10].  Did not re-place instance u_mem/u_bridge/r_len_reg[2]
INFO: [Physopt 32-662] Processed net u_mem/u_bridge/len_tab[2].  Did not re-place instance u_mem/u_bridge/r_len[2]_i_1
INFO: [Physopt 32-662] Processed net u_mem/u_bridge/r_len[2]_i_14_n_0.  Did not re-place instance u_mem/u_bridge/r_len[2]_i_14
INFO: [Physopt 32-662] Processed net u_mem/u_bridge/r_len[2]_i_4_n_0.  Did not re-place instance u_mem/u_bridge/r_len[2]_i_4
INFO: [Physopt 32-662] Processed net u_mem/u_bridge/sel0[2]_repN.  Did not re-place instance u_mem/u_bridge/r_slot[2]_i_1_replica
INFO: [Physopt 32-662] Processed net u_mem/u_bridge/stat_ill_rd[15]_i_28_n_0.  Did not re-place instance u_mem/u_bridge/stat_ill_rd[15]_i_28
INFO: [Physopt 32-662] Processed net u_mem/u_bridge/stat_ill_rd[15]_i_69_n_0.  Did not re-place instance u_mem/u_bridge/stat_ill_rd[15]_i_69
INFO: [Physopt 32-662] Processed net u_mem/u_bridge/r_len[8]_i_11_n_0.  Did not re-place instance u_mem/u_bridge/r_len[8]_i_11
INFO: [Physopt 32-662] Processed net u_mem/u_bridge/r_len[8]_i_3_n_0.  Did not re-place instance u_mem/u_bridge/r_len[8]_i_3
INFO: [Physopt 32-662] Processed net u_mem/u_bridge/stat_ill_rd[15]_i_29_n_0.  Did not re-place instance u_mem/u_bridge/stat_ill_rd[15]_i_29
INFO: [Physopt 32-662] Processed net u_mem/u_bridge/ro_wm[5].  Did not re-place instance u_mem/u_bridge/stat_wm_reg[5]
INFO: [Physopt 32-662] Processed net u_mem/u_bridge/r_slot[1]_i_6_n_0.  Did not re-place instance u_mem/u_bridge/r_slot[1]_i_6
INFO: [Physopt 32-662] Processed net u_mem/u_bridge/in8[12].  Did not re-place instance u_mem/u_bridge/r_len_reg[4]
INFO: [Physopt 32-662] Processed net u_mem/u_bridge/len_tab[4].  Did not re-place instance u_mem/u_bridge/r_len[4]_i_1
INFO: [Physopt 32-662] Processed net u_mem/u_bridge/r_len[4]_i_2_n_0.  Did not re-place instance u_mem/u_bridge/r_len[4]_i_2
INFO: [Physopt 32-662] Processed net u_mem/u_bridge/len_tab[13].  Did not re-place instance u_mem/u_bridge/r_len[13]_i_1
INFO: [Physopt 32-662] Processed net u_mem/u_bridge/in8[21].  Did not re-place instance u_mem/u_bridge/r_len_reg[13]
INFO: [Physopt 32-662] Processed net u_mem/u_bridge/ro_wm[0].  Did not re-place instance u_mem/u_bridge/stat_wm_reg[0]
INFO: [Physopt 32-662] Processed net u_mem/u_bridge/len_tab[14].  Did not re-place instance u_mem/u_bridge/r_len[14]_i_1
INFO: [Physopt 32-662] Processed net u_mem/u_bridge/r_len[14]_i_16_n_0.  Did not re-place instance u_mem/u_bridge/r_len[14]_i_16
INFO: [Physopt 32-662] Processed net u_mem/u_bridge/r_len[14]_i_4_n_0.  Did not re-place instance u_mem/u_bridge/r_len[14]_i_4
INFO: [Physopt 32-662] Processed net u_mem/u_bridge/in8[22].  Did not re-place instance u_mem/u_bridge/r_len_reg[14]
INFO: [Physopt 32-662] Processed net u_mem/u_bridge/r_len[8]_i_10_n_0.  Did not re-place instance u_mem/u_bridge/r_len[8]_i_10
INFO: [Physopt 32-662] Processed net u_mem/u_bridge/len_tab[11].  Did not re-place instance u_mem/u_bridge/r_len[11]_i_1
INFO: [Physopt 32-662] Processed net u_mem/u_bridge/r_len[11]_i_4_n_0.  Did not re-place instance u_mem/u_bridge/r_len[11]_i_4
INFO: [Physopt 32-662] Processed net u_mem/u_bridge/r_slot[1]_i_10_n_0.  Did not re-place instance u_mem/u_bridge/r_slot[1]_i_10
INFO: [Physopt 32-662] Processed net u_mem/u_bridge/stat_ill_rd[15]_i_4_n_0.  Did not re-place instance u_mem/u_bridge/stat_ill_rd[15]_i_4
INFO: [Physopt 32-662] Processed net u_mem/u_bridge/stat_ill_rd[15]_i_23_n_0.  Did not re-place instance u_mem/u_bridge/stat_ill_rd[15]_i_23
INFO: [Physopt 32-662] Processed net u_mem/u_bridge/stat_ill_rd[15]_i_49_n_0.  Did not re-place instance u_mem/u_bridge/stat_ill_rd[15]_i_49
INFO: [Physopt 32-662] Processed net u_mem/u_bridge/in8[9].  Did not re-place instance u_mem/u_bridge/r_len_reg[1]
INFO: [Physopt 32-662] Processed net u_mem/u_bridge/len_tab[1].  Did not re-place instance u_mem/u_bridge/r_len[1]_i_1
INFO: [Physopt 32-662] Processed net u_mem/u_bridge/r_len[1]_i_2_n_0.  Did not re-place instance u_mem/u_bridge/r_len[1]_i_2
INFO: [Physopt 32-662] Processed net u_mem/u_bridge/r_len[1]_i_6_n_0.  Did not re-place instance u_mem/u_bridge/r_len[1]_i_6
INFO: [Physopt 32-662] Processed net u_mem/u_bridge/len_tab[9].  Did not re-place instance u_mem/u_bridge/r_len[9]_i_1
INFO: [Physopt 32-662] Processed net u_mem/u_bridge/r_len[9]_i_3_n_0.  Did not re-place instance u_mem/u_bridge/r_len[9]_i_3
INFO: [Physopt 32-662] Processed net u_mem/u_bridge/in8[17].  Did not re-place instance u_mem/u_bridge/r_len_reg[9]
INFO: [Physopt 32-662] Processed net u_mem/u_bridge/r_len[1]_i_15_n_0.  Did not re-place instance u_mem/u_bridge/r_len[1]_i_15
INFO: [Physopt 32-662] Processed net u_mem/u_bridge/r_len[1]_i_4_n_0.  Did not re-place instance u_mem/u_bridge/r_len[1]_i_4
INFO: [Physopt 32-662] Processed net u_mem/u_bridge/r_len[2]_i_15_n_0.  Did not re-place instance u_mem/u_bridge/r_len[2]_i_15
INFO: [Physopt 32-662] Processed net u_mem/u_bridge/ro_wm[1]_repN_4.  Did not re-place instance u_mem/u_bridge/stat_wm_reg[1]_replica_4
INFO: [Physopt 32-662] Processed net u_mem/u_bridge/r_beats[5].  Did not re-place instance u_mem/u_bridge/r_beats_reg[5]
INFO: [Physopt 32-662] Processed net u_mem/u_bridge/len_beats_tab[5].  Did not re-place instance u_mem/u_bridge/r_beats[5]_i_1
INFO: [Physopt 32-662] Processed net u_mem/u_bridge/r_beats[1]_i_4_n_0.  Did not re-place instance u_mem/u_bridge/r_beats[1]_i_4
INFO: [Physopt 32-662] Processed net u_mem/u_bridge/r_beats[4].  Did not re-place instance u_mem/u_bridge/r_beats_reg[4]
INFO: [Physopt 32-662] Processed net u_mem/u_bridge/len_beats_tab[4].  Did not re-place instance u_mem/u_bridge/r_beats[4]_i_1
INFO: [Physopt 32-662] Processed net u_mem/u_bridge/r_beats[4]_i_3_n_0.  Did not re-place instance u_mem/u_bridge/r_beats[4]_i_3
INFO: [Physopt 32-662] Processed net u_mem/u_bridge/r_len[10]_i_2_n_0.  Did not re-place instance u_mem/u_bridge/r_len[10]_i_2
INFO: [Physopt 32-662] Processed net u_mem/u_bridge/r_len[4]_i_12_n_0.  Did not re-place instance u_mem/u_bridge/r_len[4]_i_12
INFO: [Physopt 32-662] Processed net u_mem/u_bridge/r_len[4]_i_3_n_0.  Did not re-place instance u_mem/u_bridge/r_len[4]_i_3
INFO: [Physopt 32-662] Processed net u_mem/u_bridge/r_len[6]_i_2_n_0.  Did not re-place instance u_mem/u_bridge/r_len[6]_i_2
INFO: [Physopt 32-662] Processed net u_mem/u_bridge/r_len[6]_i_8_n_0.  Did not re-place instance u_mem/u_bridge/r_len[6]_i_8
INFO: [Physopt 32-662] Processed net u_mem/u_bridge/r_beats[0].  Did not re-place instance u_mem/u_bridge/r_beats_reg[0]
INFO: [Physopt 32-662] Processed net u_mem/u_bridge/len_beats_tab[0].  Did not re-place instance u_mem/u_bridge/r_beats[0]_i_1
INFO: [Physopt 32-662] Processed net u_mem/u_bridge/r_beats[0]_i_11_n_0.  Did not re-place instance u_mem/u_bridge/r_beats[0]_i_11
INFO: [Physopt 32-662] Processed net u_mem/u_bridge/r_beats[0]_i_3_n_0.  Did not re-place instance u_mem/u_bridge/r_beats[0]_i_3
INFO: [Physopt 32-662] Processed net u_mem/u_bridge/stat_ill_rd[15]_i_91_n_0.  Did not re-place instance u_mem/u_bridge/stat_ill_rd[15]_i_91
INFO: [Physopt 32-662] Processed net u_mem/u_bridge/r_len[6]_i_4_n_0.  Did not re-place instance u_mem/u_bridge/r_len[6]_i_4
INFO: [Physopt 32-662] Processed net u_mem/u_bridge/len_tab[7].  Did not re-place instance u_mem/u_bridge/r_len[7]_i_1
INFO: [Physopt 32-662] Processed net u_mem/u_bridge/r_len[7]_i_5_n_0.  Did not re-place instance u_mem/u_bridge/r_len[7]_i_5
INFO: [Physopt 32-662] Processed net u_mem/u_bridge/in8[15].  Did not re-place instance u_mem/u_bridge/r_len_reg[7]
INFO: [Physopt 32-662] Processed net u_mem/u_bridge/sel0[4].  Did not re-place instance u_mem/u_bridge/r_slot[4]_i_1
INFO: [Physopt 32-662] Processed net u_mem/u_bridge/len_tab[12].  Did not re-place instance u_mem/u_bridge/r_len[12]_i_1
INFO: [Physopt 32-662] Processed net u_mem/u_bridge/r_len[12]_i_2_n_0.  Did not re-place instance u_mem/u_bridge/r_len[12]_i_2
INFO: [Physopt 32-662] Processed net u_mem2/u_bridge/w_data_r[299]_i_1_n_0.  Did not re-place instance u_mem2/u_bridge/w_data_r[299]_i_1
INFO: [Physopt 32-662] Processed net u_mem2/u_wr_bytes/w_data_r[507]_i_15_n_0.  Did not re-place instance u_mem2/u_wr_bytes/w_data_r[507]_i_15
INFO: [Physopt 32-662] Processed net u_mem2/u_bridge/m_axi_wdata[299].  Did not re-place instance u_mem2/u_bridge/w_data_r_reg[299]
INFO: [Physopt 32-662] Processed net u_mem/u_bridge/FSM_onehot_rstate_reg_n_0_[2].  Did not re-place instance u_mem/u_bridge/FSM_onehot_rstate_reg[2]
INFO: [Physopt 32-662] Processed net u_mem/u_bridge/stat_ill_rd[15]_i_98_n_0.  Did not re-place instance u_mem/u_bridge/stat_ill_rd[15]_i_98
INFO: [Physopt 32-662] Processed net u_mem/u_bridge/r_beats[7].  Did not re-place instance u_mem/u_bridge/r_beats_reg[7]
INFO: [Physopt 32-662] Processed net u_mem/u_bridge/len_beats_tab[7].  Did not re-place instance u_mem/u_bridge/r_beats[7]_i_1
INFO: [Physopt 32-662] Processed net u_mem/u_bridge/r_beats[7]_i_3_n_0.  Did not re-place instance u_mem/u_bridge/r_beats[7]_i_3
INFO: [Physopt 32-662] Processed net u_mem/u_bridge/stat_ill_rd[15]_i_73_n_0.  Did not re-place instance u_mem/u_bridge/stat_ill_rd[15]_i_73
INFO: [Physopt 32-662] Processed net u_mem/u_bridge/in8[8].  Did not re-place instance u_mem/u_bridge/r_len_reg[0]
INFO: [Physopt 32-662] Processed net u_mem/u_bridge/len_tab[0].  Did not re-place instance u_mem/u_bridge/r_len[0]_i_1
INFO: [Physopt 32-662] Processed net u_mem/u_bridge/r_len[0]_i_6_n_0.  Did not re-place instance u_mem/u_bridge/r_len[0]_i_6
INFO: [Physopt 32-662] Processed net u_mem/u_bridge/r_len[1]_i_3_n_0.  Did not re-place instance u_mem/u_bridge/r_len[1]_i_3
INFO: [Physopt 32-662] Processed net u_mem/u_bridge/r_len[2]_i_10_n_0.  Did not re-place instance u_mem/u_bridge/r_len[2]_i_10
INFO: [Physopt 32-662] Processed net u_mem2/u_bridge/r_slot[7]_i_5_n_0.  Did not re-place instance u_mem2/u_bridge/r_slot[7]_i_5
INFO: [Physopt 32-662] Processed net u_mem2/u_bridge/ro_wm[3].  Did not re-place instance u_mem2/u_bridge/stat_wm_reg[3]
INFO: [Physopt 32-662] Processed net u_mem2/u_bridge/r_beats[6].  Did not re-place instance u_mem2/u_bridge/r_beats_reg[6]
INFO: [Physopt 32-662] Processed net u_mem2/u_bridge/r_slot[7]_i_12_n_0.  Did not re-place instance u_mem2/u_bridge/r_slot[7]_i_12
INFO: [Physopt 32-662] Processed net u_mem2/u_bridge/ro_wm[14].  Did not re-place instance u_mem2/u_bridge/stat_wm_reg[14]
INFO: [Physopt 32-662] Processed net u_mem2/u_bridge/len_beats_tab[6].  Did not re-place instance u_mem2/u_bridge/r_beats[6]_i_1
INFO: [Physopt 32-662] Processed net u_mem2/u_bridge/r_beats[6]_i_14_n_0.  Did not re-place instance u_mem2/u_bridge/r_beats[6]_i_14
INFO: [Physopt 32-662] Processed net u_mem2/u_bridge/r_slot[1]_i_7_n_0.  Did not re-place instance u_mem2/u_bridge/r_slot[1]_i_7
INFO: [Physopt 32-662] Processed net u_mem/u_bridge/r_len[4]_i_11_n_0.  Did not re-place instance u_mem/u_bridge/r_len[4]_i_11
INFO: [Physopt 32-662] Processed net u_mem/u_bridge/r_len[6]_i_7_n_0.  Did not re-place instance u_mem/u_bridge/r_len[6]_i_7
INFO: [Physopt 32-662] Processed net u_mem/u_bridge/stat_ill_rd[15]_i_81_n_0.  Did not re-place instance u_mem/u_bridge/stat_ill_rd[15]_i_81
INFO: [Physopt 32-662] Processed net u_mem/u_bridge/r_len[14]_i_3_n_0.  Did not re-place instance u_mem/u_bridge/r_len[14]_i_3
INFO: [Physopt 32-662] Processed net u_mem2/u_bridge/ro_wm[0]_repN.  Did not re-place instance u_mem2/u_bridge/stat_wm_reg[0]_replica
INFO: [Physopt 32-662] Processed net u_mem2/u_bridge/r_slot[4]_i_2_n_0.  Did not re-place instance u_mem2/u_bridge/r_slot[4]_i_2
INFO: [Physopt 32-662] Processed net u_mem/u_bridge/r_len[9]_i_2_n_0.  Did not re-place instance u_mem/u_bridge/r_len[9]_i_2
INFO: [Physopt 32-662] Processed net u_mem/u_bridge/stat_ill_rd[15]_i_26_n_0.  Did not re-place instance u_mem/u_bridge/stat_ill_rd[15]_i_26
INFO: [Physopt 32-662] Processed net u_mem/u_bridge/stat_ill_rd[15]_i_61_n_0.  Did not re-place instance u_mem/u_bridge/stat_ill_rd[15]_i_61
INFO: [Physopt 32-662] Processed net u_mem/u_bridge/r_beats[2].  Did not re-place instance u_mem/u_bridge/r_beats_reg[2]
INFO: [Physopt 32-662] Processed net u_mem/u_bridge/len_beats_tab[2].  Did not re-place instance u_mem/u_bridge/r_beats[2]_i_1
INFO: [Physopt 32-662] Processed net u_mem/u_bridge/r_beats[2]_i_18_n_0.  Did not re-place instance u_mem/u_bridge/r_beats[2]_i_18
INFO: [Physopt 32-662] Processed net u_mem/u_bridge/r_beats[2]_i_5_n_0.  Did not re-place instance u_mem/u_bridge/r_beats[2]_i_5
INFO: [Physopt 32-662] Processed net u_mem/u_bridge/r_beats[2]_i_4_n_0.  Did not re-place instance u_mem/u_bridge/r_beats[2]_i_4
INFO: [Physopt 32-662] Processed net u_mem2/u_bridge/ro_wm[15]_repN.  Did not re-place instance u_mem2/u_bridge/stat_wm_reg[15]_replica
INFO: [Physopt 32-662] Processed net u_mem/u_bridge/r_len[1]_i_14_n_0.  Did not re-place instance u_mem/u_bridge/r_len[1]_i_14
INFO: [Physopt 32-662] Processed net u_mem/u_bridge/stat_ill_rd[15]_i_76_n_0.  Did not re-place instance u_mem/u_bridge/stat_ill_rd[15]_i_76
INFO: [Physopt 32-662] Processed net u_mem/u_bridge/r_len[13]_i_4_n_0.  Did not re-place instance u_mem/u_bridge/r_len[13]_i_4
INFO: [Physopt 32-662] Processed net u_mem/u_bridge/r_len[2]_i_2_n_0.  Did not re-place instance u_mem/u_bridge/r_len[2]_i_2
INFO: [Physopt 32-662] Processed net u_mem/u_bridge/stat_ill_rd[15]_i_74_n_0.  Did not re-place instance u_mem/u_bridge/stat_ill_rd[15]_i_74
INFO: [Physopt 32-662] Processed net u_mem/u_bridge/ro_wm[2].  Did not re-place instance u_mem/u_bridge/stat_wm_reg[2]
INFO: [Physopt 32-662] Processed net u_mem/u_bridge/stat_ill_rd[15]_i_24_n_0.  Did not re-place instance u_mem/u_bridge/stat_ill_rd[15]_i_24
INFO: [Physopt 32-662] Processed net u_mem/u_bridge/stat_ill_rd[15]_i_53_n_0.  Did not re-place instance u_mem/u_bridge/stat_ill_rd[15]_i_53
INFO: [Physopt 32-662] Processed net u_mem/u_bridge/stat_ill_rd[15]_i_89_n_0.  Did not re-place instance u_mem/u_bridge/stat_ill_rd[15]_i_89
INFO: [Physopt 32-662] Processed net u_mem/u_bridge/stat_ill_rd[15]_i_68_n_0.  Did not re-place instance u_mem/u_bridge/stat_ill_rd[15]_i_68
INFO: [Physopt 32-662] Processed net u_mem2/u_bridge/w_data_r[307]_i_1_n_0.  Did not re-place instance u_mem2/u_bridge/w_data_r[307]_i_1
INFO: [Physopt 32-662] Processed net u_mem2/u_bridge/m_axi_wdata[307].  Did not re-place instance u_mem2/u_bridge/w_data_r_reg[307]
INFO: [Physopt 32-662] Processed net u_mem/u_bridge/in8[13].  Did not re-place instance u_mem/u_bridge/r_len_reg[5]
INFO: [Physopt 32-662] Processed net u_mem/u_bridge/len_tab[5].  Did not re-place instance u_mem/u_bridge/r_len[5]_i_1
INFO: [Physopt 32-662] Processed net u_mem/u_bridge/r_len[15]_i_11_n_0.  Did not re-place instance u_mem/u_bridge/r_len[15]_i_11
INFO: [Physopt 32-662] Processed net u_mem/u_bridge/r_len[15]_i_3_n_0.  Did not re-place instance u_mem/u_bridge/r_len[15]_i_3
INFO: [Physopt 32-662] Processed net u_mem/u_bridge/r_len[5]_i_2_n_0.  Did not re-place instance u_mem/u_bridge/r_len[5]_i_2
INFO: [Physopt 32-662] Processed net u_mem/u_bridge/r_len[1]_i_16_n_0.  Did not re-place instance u_mem/u_bridge/r_len[1]_i_16
INFO: [Physopt 32-662] Processed net u_mem/u_bridge/r_len[9]_i_10_n_0.  Did not re-place instance u_mem/u_bridge/r_len[9]_i_10
INFO: [Physopt 32-662] Processed net u_mem/u_bridge/r_len[6]_i_10_n_0.  Did not re-place instance u_mem/u_bridge/r_len[6]_i_10
INFO: [Physopt 32-662] Processed net u_mem/u_bridge/r_len[4]_i_10_n_0.  Did not re-place instance u_mem/u_bridge/r_len[4]_i_10
INFO: [Physopt 32-662] Processed net u_mem/u_bridge/r_beats[3].  Did not re-place instance u_mem/u_bridge/r_beats_reg[3]
INFO: [Physopt 32-662] Processed net u_mem/u_bridge/len_beats_tab[3].  Did not re-place instance u_mem/u_bridge/r_beats[3]_i_1
INFO: [Physopt 32-662] Processed net u_mem/u_bridge/r_beats[3]_i_4_n_0.  Did not re-place instance u_mem/u_bridge/r_beats[3]_i_4
INFO: [Physopt 32-662] Processed net u_mem2/u_bridge/in8[11].  Did not re-place instance u_mem2/u_bridge/r_len_reg[3]
INFO: [Physopt 32-662] Processed net u_mem2/u_bridge/len_tab[3].  Did not re-place instance u_mem2/u_bridge/r_len[3]_i_1
INFO: [Physopt 32-662] Processed net u_mem2/u_bridge/r_len[3]_i_20_n_0.  Did not re-place instance u_mem2/u_bridge/r_len[3]_i_20
INFO: [Physopt 32-662] Processed net u_mem2/u_bridge/r_slot[1]_i_11_n_0.  Did not re-place instance u_mem2/u_bridge/r_slot[1]_i_11
INFO: [Physopt 32-662] Processed net u_mem/u_bridge/stat_ill_rd[15]_i_90_n_0.  Did not re-place instance u_mem/u_bridge/stat_ill_rd[15]_i_90
INFO: [Physopt 32-662] Processed net u_mem/u_bridge/r_len[9]_i_14_n_0.  Did not re-place instance u_mem/u_bridge/r_len[9]_i_14
INFO: [Physopt 32-662] Processed net u_mem/u_bridge/r_len[9]_i_4_n_0.  Did not re-place instance u_mem/u_bridge/r_len[9]_i_4
INFO: [Physopt 32-662] Processed net u_mem2/u_bridge/w_data_r[275]_i_1_n_0.  Did not re-place instance u_mem2/u_bridge/w_data_r[275]_i_1
INFO: [Physopt 32-662] Processed net u_mem2/u_bridge/m_axi_wdata[275].  Did not re-place instance u_mem2/u_bridge/w_data_r_reg[275]
INFO: [Physopt 32-662] Processed net u_mem/u_bridge/stat_ill_rd[15]_i_22_n_0.  Did not re-place instance u_mem/u_bridge/stat_ill_rd[15]_i_22
INFO: [Physopt 32-662] Processed net u_mem/u_bridge/stat_ill_rd[15]_i_44_n_0.  Did not re-place instance u_mem/u_bridge/stat_ill_rd[15]_i_44
INFO: [Physopt 32-662] Processed net u_mem/u_bridge/ro_wm[7]_repN.  Did not re-place instance u_mem/u_bridge/stat_wm_reg[7]_replica
INFO: [Physopt 32-662] Processed net u_mem/u_bridge/r_len[13]_i_6_n_0.  Did not re-place instance u_mem/u_bridge/r_len[13]_i_6
INFO: [Physopt 32-662] Processed net u_mem/u_bridge/r_slot[1]_i_5_n_0.  Did not re-place instance u_mem/u_bridge/r_slot[1]_i_5
INFO: [Physopt 32-662] Processed net u_mem/u_bridge/pre_slot_reg_n_0_[3].  Did not re-place instance u_mem/u_bridge/pre_slot_reg[3]
INFO: [Physopt 32-662] Processed net u_mem2/u_bridge/r_slot_repN.  Did not re-place instance u_mem2/u_bridge/r_slot[7]_i_1_replica
INFO: [Physopt 32-662] Processed net u_mem2/u_bridge/r_slot[5]_i_2_n_0.  Did not re-place instance u_mem2/u_bridge/r_slot[5]_i_2
INFO: [Physopt 32-662] Processed net u_mem2/u_bridge/r_slot[7]_i_9_n_0.  Did not re-place instance u_mem2/u_bridge/r_slot[7]_i_9
INFO: [Physopt 32-662] Processed net u_mem2/u_bridge/in8[20].  Did not re-place instance u_mem2/u_bridge/r_len_reg[12]
INFO: [Physopt 32-662] Processed net u_mem2/u_bridge/in8[21].  Did not re-place instance u_mem2/u_bridge/r_len_reg[13]
INFO: [Physopt 32-662] Processed net u_mem2/u_bridge/in8[8].  Did not re-place instance u_mem2/u_bridge/r_len_reg[0]
INFO: [Physopt 32-662] Processed net u_mem/u_bridge/r_len[0]_i_4_n_0.  Did not re-place instance u_mem/u_bridge/r_len[0]_i_4
INFO: [Physopt 32-662] Processed net u_mem/u_bridge/ro_wm[4].  Did not re-place instance u_mem/u_bridge/stat_wm_reg[4]
INFO: [Physopt 32-662] Processed net u_mem/u_bridge/r_beats[1]_i_15_n_0.  Did not re-place instance u_mem/u_bridge/r_beats[1]_i_15
INFO: [Physopt 32-661] Optimized 55 nets.  Re-placed 55 instances.
INFO: [Physopt 32-775] End 1 Pass. Optimized 55 nets or cells. Created 0 new cell, deleted 0 existing cell and moved 55 existing cells
INFO: [Physopt 32-619] Estimated Timing Summary | WNS=-0.708 | TNS=-463.646 |
Netlist sorting complete. Time (s): cpu = 00:00:00 ; elapsed = 00:00:00.038 . Memory (MB): peak = 13893.898 ; gain = 0.227
Phase 9 Single Cell Placement Optimization | Checksum: 157995d96

Time (s): cpu = 00:04:50 ; elapsed = 00:02:58 . Memory (MB): peak = 13893.898 ; gain = 7982.676

Phase 10 Multi Cell Placement Optimization
INFO: [Physopt 32-660] Identified 100 candidate nets for placement-based optimization.
INFO: [Physopt 32-662] Processed net u_mem/u_bridge/ro_wm[3].  Did not re-place instance u_mem/u_bridge/stat_wm_reg[3]/Q
INFO: [Physopt 32-662] Processed net u_mem/u_bridge/stat_ill_rd[15]_i_5_n_0.  Did not re-place instance u_mem/u_bridge/stat_ill_rd[15]_i_5/O
INFO: [Physopt 32-662] Processed net u_mem/u_bridge/in8[19].  Did not re-place instance u_mem/u_bridge/r_len_reg[11]/Q
INFO: [Physopt 32-662] Processed net u_mem/u_bridge/in8[20].  Did not re-place instance u_mem/u_bridge/r_len_reg[12]/Q
INFO: [Physopt 32-662] Processed net u_mem/u_bridge/pre_slot_reg_n_0_[1].  Did not re-place instance u_mem/u_bridge/pre_slot_reg[1]/Q
INFO: [Physopt 32-662] Processed net u_mem/u_bridge/r_slot[7]_i_3_n_0.  Did not re-place instance u_mem/u_bridge/r_slot[7]_i_3_rewire/O
INFO: [Physopt 32-662] Processed net u_mem/u_bridge/len_tab[6].  Did not re-place instance u_mem/u_bridge/r_len[6]_i_1/O
INFO: [Physopt 32-662] Processed net u_mem/u_bridge/r_len[6]_i_13_n_0.  Did not re-place instance u_mem/u_bridge/r_len[6]_i_13/O
INFO: [Physopt 32-662] Processed net u_mem/u_bridge/r_len[6]_i_3_n_0.  Did not re-place instance u_mem/u_bridge/r_len[6]_i_3/O
INFO: [Physopt 32-662] Processed net u_mem/u_bridge/len_tab[8].  Did not re-place instance u_mem/u_bridge/r_len[8]_i_1/O
INFO: [Physopt 32-662] Processed net u_mem/u_bridge/r_len[8]_i_15_n_0.  Did not re-place instance u_mem/u_bridge/r_len[8]_i_15/O
INFO: [Physopt 32-662] Processed net u_mem/u_bridge/r_len[8]_i_4_n_0.  Did not re-place instance u_mem/u_bridge/r_len[8]_i_4/O
INFO: [Physopt 32-662] Processed net u_mem/u_bridge/stat_ill_rd[15]_i_6_n_0.  Did not re-place instance u_mem/u_bridge/stat_ill_rd[15]_i_6_rewire/O
INFO: [Physopt 32-662] Processed net u_mem/u_bridge/len_tab[2].  Did not re-place instance u_mem/u_bridge/r_len[2]_i_1/O
INFO: [Physopt 32-662] Processed net u_mem/u_bridge/r_len[2]_i_14_n_0.  Did not re-place instance u_mem/u_bridge/r_len[2]_i_14/O
INFO: [Physopt 32-662] Processed net u_mem/u_bridge/r_len[2]_i_4_n_0.  Did not re-place instance u_mem/u_bridge/r_len[2]_i_4/O
INFO: [Physopt 32-662] Processed net u_mem/u_bridge/r_len[8]_i_11_n_0.  Did not re-place instance u_mem/u_bridge/r_len[8]_i_11/O
INFO: [Physopt 32-662] Processed net u_mem/u_bridge/r_len[8]_i_3_n_0.  Did not re-place instance u_mem/u_bridge/r_len[8]_i_3/O
INFO: [Physopt 32-662] Processed net u_mem/u_bridge/len_tab[10].  Did not re-place instance u_mem/u_bridge/r_len[10]_i_1/O
INFO: [Physopt 32-662] Processed net u_mem/u_bridge/r_len[10]_i_10_n_0.  Did not re-place instance u_mem/u_bridge/r_len[10]_i_10/O
INFO: [Physopt 32-662] Processed net u_mem/u_bridge/r_len[10]_i_3_n_0.  Did not re-place instance u_mem/u_bridge/r_len[10]_i_3/O
INFO: [Physopt 32-662] Processed net u_mem/u_bridge/stat_ill_rd[15]_i_11_n_0.  Did not re-place instance u_mem/u_bridge/stat_ill_rd[15]_i_11/O
INFO: [Physopt 32-662] Processed net u_mem/u_bridge/r_slot[7]_i_3_n_0_repN.  Did not re-place instance u_mem/u_bridge/r_slot[7]_i_3_rewire_replica/O
INFO: [Physopt 32-662] Processed net u_mem/u_bridge/ro_wm[0]_repN.  Did not re-place instance u_mem/u_bridge/stat_wm_reg[0]_replica/Q
INFO: [Physopt 32-662] Processed net u_mem/u_bridge/stat_ill_rd[15]_i_3_n_0.  Did not re-place instance u_mem/u_bridge/stat_ill_rd[15]_i_3/O
INFO: [Physopt 32-662] Processed net u_mem/u_bridge/ro_wm[5].  Did not re-place instance u_mem/u_bridge/stat_wm_reg[5]/Q
INFO: [Physopt 32-662] Processed net u_mem/u_bridge/ro_wm[5].  Did not re-place instance u_mem/u_bridge/stat_wm_reg[5]/Q
INFO: [Physopt 32-662] Processed net u_mem/u_bridge/ro_wm[5].  Did not re-place instance u_mem/u_bridge/stat_wm_reg[5]/Q
INFO: [Physopt 32-662] Processed net u_mem/u_bridge/ro_wm[5].  Did not re-place instance u_mem/u_bridge/stat_wm_reg[5]/Q
INFO: [Physopt 32-662] Processed net u_mem/u_bridge/ro_wm[5].  Did not re-place instance u_mem/u_bridge/stat_wm_reg[5]/Q
INFO: [Physopt 32-662] Processed net u_mem/u_bridge/len_beats_tab[1].  Did not re-place instance u_mem/u_bridge/r_beats[1]_i_1/O
INFO: [Physopt 32-662] Processed net u_mem/u_bridge/r_beats[1]_i_12_n_0.  Did not re-place instance u_mem/u_bridge/r_beats[1]_i_12/O
INFO: [Physopt 32-662] Processed net u_mem/u_bridge/r_beats[1]_i_3_n_0.  Did not re-place instance u_mem/u_bridge/r_beats[1]_i_3/O
INFO: [Physopt 32-662] Processed net u_mem/u_bridge/len_tab[14].  Did not re-place instance u_mem/u_bridge/r_len[14]_i_1/O
INFO: [Physopt 32-662] Processed net u_mem/u_bridge/r_len[14]_i_16_n_0.  Did not re-place instance u_mem/u_bridge/r_len[14]_i_16/O
INFO: [Physopt 32-662] Processed net u_mem/u_bridge/r_len[14]_i_4_n_0.  Did not re-place instance u_mem/u_bridge/r_len[14]_i_4/O
INFO: [Physopt 32-662] Processed net u_mem/u_bridge/stat_ill_rd[15]_i_9_n_0.  Did not re-place instance u_mem/u_bridge/stat_ill_rd[15]_i_9/O
INFO: [Physopt 32-662] Processed net u_mem/u_bridge/ro_wm[11]_repN.  Did not re-place instance u_mem/u_bridge/stat_wm_reg[11]_replica/Q
INFO: [Physopt 32-662] Processed net u_mem/u_bridge/r_len[8]_i_10_n_0.  Did not re-place instance u_mem/u_bridge/r_len[8]_i_10/O
INFO: [Physopt 32-662] Processed net u_mem/u_bridge/len_tab[13].  Did not re-place instance u_mem/u_bridge/r_len[13]_i_1/O
INFO: [Physopt 32-662] Processed net u_mem/u_bridge/r_len[13]_i_12_n_0.  Did not re-place instance u_mem/u_bridge/r_len[13]_i_12/O
INFO: [Physopt 32-662] Processed net u_mem/u_bridge/r_len[13]_i_3_n_0.  Did not re-place instance u_mem/u_bridge/r_len[13]_i_3/O
INFO: [Physopt 32-662] Processed net u_mem/u_bridge/stat_ill_rd[15]_i_10_n_0.  Did not re-place instance u_mem/u_bridge/stat_ill_rd[15]_i_10/O
INFO: [Physopt 32-662] Processed net u_mem/u_bridge/stat_ill_rd[15]_i_4_n_0.  Did not re-place instance u_mem/u_bridge/stat_ill_rd[15]_i_4/O
INFO: [Physopt 32-662] Processed net u_mem/u_bridge/len_tab[1].  Did not re-place instance u_mem/u_bridge/r_len[1]_i_1/O
INFO: [Physopt 32-662] Processed net u_mem/u_bridge/r_len[1]_i_2_n_0.  Did not re-place instance u_mem/u_bridge/r_len[1]_i_2/O
INFO: [Physopt 32-662] Processed net u_mem/u_bridge/r_len[1]_i_6_n_0.  Did not re-place instance u_mem/u_bridge/r_len[1]_i_6/O
INFO: [Physopt 32-662] Processed net u_mem/u_bridge/ro_wm[9].  Did not re-place instance u_mem/u_bridge/stat_wm_reg[9]/Q
INFO: [Physopt 32-662] Processed net u_mem/u_bridge/ro_wm[9].  Did not re-place instance u_mem/u_bridge/stat_wm_reg[9]/Q
INFO: [Physopt 32-662] Processed net u_mem/u_bridge/ro_wm[9].  Did not re-place instance u_mem/u_bridge/stat_wm_reg[9]/Q
INFO: [Physopt 32-662] Processed net u_mem/u_bridge/ro_wm[9].  Did not re-place instance u_mem/u_bridge/stat_wm_reg[9]/Q
INFO: [Physopt 32-662] Processed net u_mem/u_bridge/r_len[1]_i_15_n_0.  Did not re-place instance u_mem/u_bridge/r_len[1]_i_15/O
INFO: [Physopt 32-662] Processed net u_mem/u_bridge/r_len[1]_i_4_n_0.  Did not re-place instance u_mem/u_bridge/r_len[1]_i_4/O
INFO: [Physopt 32-662] Processed net u_mem/u_bridge/r_len[2]_i_15_n_0.  Did not re-place instance u_mem/u_bridge/r_len[2]_i_15/O
INFO: [Physopt 32-662] Processed net u_mem/u_bridge/ro_wm[1]_repN_4.  Did not re-place instance u_mem/u_bridge/stat_wm_reg[1]_replica_4/Q
INFO: [Physopt 32-662] Processed net u_mem/u_bridge/len_tab[4].  Did not re-place instance u_mem/u_bridge/r_len[4]_i_1/O
INFO: [Physopt 32-662] Processed net u_mem/u_bridge/r_len[4]_i_12_n_0.  Did not re-place instance u_mem/u_bridge/r_len[4]_i_12/O
INFO: [Physopt 32-662] Processed net u_mem/u_bridge/r_len[4]_i_3_n_0.  Did not re-place instance u_mem/u_bridge/r_len[4]_i_3/O
INFO: [Physopt 32-662] Processed net u_mem/u_bridge/r_len[6]_i_2_n_0.  Did not re-place instance u_mem/u_bridge/r_len[6]_i_2/O
INFO: [Physopt 32-662] Processed net u_mem/u_bridge/r_len[6]_i_8_n_0.  Did not re-place instance u_mem/u_bridge/r_len[6]_i_8/O
INFO: [Physopt 32-662] Processed net u_mem/u_bridge/len_beats_tab[0].  Did not re-place instance u_mem/u_bridge/r_beats[0]_i_1/O
INFO: [Physopt 32-662] Processed net u_mem/u_bridge/r_beats[0]_i_11_n_0.  Did not re-place instance u_mem/u_bridge/r_beats[0]_i_11/O
INFO: [Physopt 32-662] Processed net u_mem/u_bridge/r_beats[0]_i_3_n_0.  Did not re-place instance u_mem/u_bridge/r_beats[0]_i_3/O
INFO: [Physopt 32-662] Processed net u_mem/u_bridge/len_tab[11].  Did not re-place instance u_mem/u_bridge/r_len[11]_i_1/O
INFO: [Physopt 32-662] Processed net u_mem/u_bridge/r_len[11]_i_14_n_0.  Did not re-place instance u_mem/u_bridge/r_len[11]_i_14/O
INFO: [Physopt 32-662] Processed net u_mem/u_bridge/r_len[11]_i_4_n_0.  Did not re-place instance u_mem/u_bridge/r_len[11]_i_4/O
INFO: [Physopt 32-662] Processed net u_mem/u_bridge/r_len[4]_i_11_n_0.  Did not re-place instance u_mem/u_bridge/r_len[4]_i_11/O
INFO: [Physopt 32-661] Optimized 0 net.  Re-placed 0 instance.
INFO: [Physopt 32-775] End 1 Pass. Optimized 0 net or cell. Created 0 new cell, deleted 0 existing cell and moved 0 existing cell
Netlist sorting complete. Time (s): cpu = 00:00:00 ; elapsed = 00:00:00.021 . Memory (MB): peak = 15308.559 ; gain = 0.227
Phase 10 Multi Cell Placement Optimization | Checksum: 157995d96

Time (s): cpu = 00:05:35 ; elapsed = 00:03:24 . Memory (MB): peak = 15308.559 ; gain = 9397.336

Phase 11 Rewire
INFO: [Physopt 32-246] Starting Signal Push optimization...
INFO: [Physopt 32-77] Pass 1. Identified 8 candidate nets for rewire optimization.
INFO: [Physopt 32-134] Processed net u_mem/u_bridge/stat_ill_rd[15]_i_11_n_0. Rewiring did not optimize the net.
INFO: [Physopt 32-134] Processed net u_mem/u_bridge/stat_ill_rd[15]_i_9_n_0. Rewiring did not optimize the net.
INFO: [Physopt 32-134] Processed net u_mem/u_bridge/stat_ill_rd[15]_i_10_n_0. Rewiring did not optimize the net.
INFO: [Physopt 32-242] Processed net u_mem2/u_bridge/r_slot[5]_i_2_n_0. Rewired (signal push) u_mem2/u_bridge/p_in_rng0 to 2 loads. Replicated 1 times.
INFO: [Physopt 32-242] Processed net u_mem/u_bridge/stat_ill_rd[15]_i_8_n_0_repN. Rewired (signal push) u_mem/u_bridge/ro_wm[13] to 2 loads. Replicated 1 times.
INFO: [Physopt 32-134] Processed net u_mem/u_bridge/stat_ill_rd[15]_i_8_n_0. Rewiring did not optimize the net.
INFO: [Physopt 32-242] Processed net u_ddr4/inst/u_ddr_axi/axi_r_channel_0/rd_data_fifo_0/c0_ddr4_s_axi_rvalid. Rewired (signal push) u_ddr4/inst/u_ddr_axi/axi_r_channel_0/rd_data_fifo_0/cnt_read_reg[5]_0[0] to 2 loads. Replicated 0 times.
INFO: [Physopt 32-242] Processed net u_mem/u_bridge/m_axi_awlen[7]_INST_0_i_1_n_0. Rewired (signal push) u_mem/u_bridge/w_beats_reg_n_0_[4] to 2 loads. Replicated 1 times.
INFO: [Physopt 32-232] Optimized 4 nets. Created 3 new instances.
INFO: [Physopt 32-775] End 1 Pass. Optimized 4 nets or cells. Created 3 new cells, deleted 0 existing cell and moved 0 existing cell
Netlist sorting complete. Time (s): cpu = 00:00:01 ; elapsed = 00:00:00.150 . Memory (MB): peak = 15515.852 ; gain = 0.000
INFO: [Physopt 32-619] Estimated Timing Summary | WNS=-0.708 | TNS=-444.165 |
Netlist sorting complete. Time (s): cpu = 00:00:00 ; elapsed = 00:00:00.018 . Memory (MB): peak = 15515.852 ; gain = 0.000
Phase 11 Rewire | Checksum: 1845f2a65

Time (s): cpu = 00:05:41 ; elapsed = 00:03:29 . Memory (MB): peak = 15515.852 ; gain = 9604.629

Phase 12 Critical Cell Optimization
INFO: [Physopt 32-46] Identified 30 candidate nets for critical-cell optimization.
INFO: [Physopt 32-572] Net u_mem/u_bridge/ro_wm[3] was not replicated.
Resolution: phys_opt_design can be forced to replicate a net driver using the option -force_replication_on_nets <list of net objects>.
INFO: [Physopt 32-572] Net u_mem/u_bridge/stat_ill_rd[15]_i_5_n_0 was not replicated.
Resolution: phys_opt_design can be forced to replicate a net driver using the option -force_replication_on_nets <list of net objects>.
INFO: [Physopt 32-571] Net u_mem/u_bridge/pre_slot_reg_n_0_[1] was not replicated.
INFO: [Physopt 32-81] Processed net u_mem/u_bridge/r_slot[7]_i_3_n_0. Replicated 1 times.
INFO: [Physopt 32-572] Net u_mem/u_bridge/stat_ill_rd[15]_i_6_n_0 was not replicated.
Resolution: phys_opt_design can be forced to replicate a net driver using the option -force_replication_on_nets <list of net objects>.
INFO: [Physopt 32-572] Net u_mem/u_bridge/stat_ill_rd[15]_i_11_n_0 was not replicated.
Resolution: phys_opt_design can be forced to replicate a net driver using the option -force_replication_on_nets <list of net objects>.
INFO: [Physopt 32-572] Net u_mem/u_bridge/r_slot[7]_i_3_n_0_repN was not replicated.
Resolution: phys_opt_design can be forced to replicate a net driver using the option -force_replication_on_nets <list of net objects>.
INFO: [Physopt 32-572] Net u_mem/u_bridge/ro_wm[0]_repN was not replicated.
Resolution: phys_opt_design can be forced to replicate a net driver using the option -force_replication_on_nets <list of net objects>.
INFO: [Physopt 32-81] Processed net u_mem/u_bridge/stat_ill_rd[15]_i_3_n_0. Replicated 2 times.
INFO: [Physopt 32-572] Net u_mem/u_bridge/ro_wm[5] was not replicated.
Resolution: phys_opt_design can be forced to replicate a net driver using the option -force_replication_on_nets <list of net objects>.
INFO: [Physopt 32-572] Net u_mem/u_bridge/stat_ill_rd[15]_i_9_n_0 was not replicated.
Resolution: phys_opt_design can be forced to replicate a net driver using the option -force_replication_on_nets <list of net objects>.
INFO: [Physopt 32-572] Net u_mem/u_bridge/ro_wm[11]_repN was not replicated.
Resolution: phys_opt_design can be forced to replicate a net driver using the option -force_replication_on_nets <list of net objects>.
INFO: [Physopt 32-572] Net u_mem/u_bridge/stat_ill_rd[15]_i_10_n_0 was not replicated.
Resolution: phys_opt_design can be forced to replicate a net driver using the option -force_replication_on_nets <list of net objects>.
INFO: [Physopt 32-572] Net u_mem/u_bridge/stat_ill_rd[15]_i_4_n_0 was not replicated.
Resolution: phys_opt_design can be forced to replicate a net driver using the option -force_replication_on_nets <list of net objects>.
INFO: [Physopt 32-572] Net u_mem/u_bridge/ro_wm[9] was not replicated.
Resolution: phys_opt_design can be forced to replicate a net driver using the option -force_replication_on_nets <list of net objects>.
INFO: [Physopt 32-572] Net u_mem/u_bridge/ro_wm[1]_repN_4 was not replicated.
Resolution: phys_opt_design can be forced to replicate a net driver using the option -force_replication_on_nets <list of net objects>.
INFO: [Physopt 32-572] Net u_mem/u_bridge/ro_wm[2] was not replicated.
Resolution: phys_opt_design can be forced to replicate a net driver using the option -force_replication_on_nets <list of net objects>.
INFO: [Physopt 32-572] Net u_mem/u_bridge/ro_wm[8] was not replicated.
Resolution: phys_opt_design can be forced to replicate a net driver using the option -force_replication_on_nets <list of net objects>.
INFO: [Physopt 32-572] Net u_mem/u_bridge/ro_wm[10] was not replicated.
Resolution: phys_opt_design can be forced to replicate a net driver using the option -force_replication_on_nets <list of net objects>.
INFO: [Physopt 32-572] Net u_mem/u_bridge/ro_wm[7]_repN was not replicated.
Resolution: phys_opt_design can be forced to replicate a net driver using the option -force_replication_on_nets <list of net objects>.
INFO: [Physopt 32-572] Net u_mem/u_bridge/ro_wm[4] was not replicated.
Resolution: phys_opt_design can be forced to replicate a net driver using the option -force_replication_on_nets <list of net objects>.
INFO: [Physopt 32-572] Net u_mem/u_bridge/ro_wm[1]_repN_1 was not replicated.
Resolution: phys_opt_design can be forced to replicate a net driver using the option -force_replication_on_nets <list of net objects>.
INFO: [Physopt 32-572] Net u_mem2/u_bridge/r_slot[7]_i_12_n_0 was not replicated.
Resolution: phys_opt_design can be forced to replicate a net driver using the option -force_replication_on_nets <list of net objects>.
INFO: [Physopt 32-572] Net u_mem2/u_bridge/ro_wm[14] was not replicated.
Resolution: phys_opt_design can be forced to replicate a net driver using the option -force_replication_on_nets <list of net objects>.
INFO: [Physopt 32-572] Net u_mem2/u_bridge/ro_wm[0]_repN was not replicated.
Resolution: phys_opt_design can be forced to replicate a net driver using the option -force_replication_on_nets <list of net objects>.
INFO: [Physopt 32-572] Net u_mem2/u_bridge/r_slot[4]_i_2_n_0 was not replicated.
Resolution: phys_opt_design can be forced to replicate a net driver using the option -force_replication_on_nets <list of net objects>.
INFO: [Physopt 32-81] Processed net u_mem2/u_wr_bytes/gray2bin_return[7]. Replicated 1 times.
INFO: [Physopt 32-572] Net u_mem2/u_bridge/wst was not replicated.
Resolution: phys_opt_design can be forced to replicate a net driver using the option -force_replication_on_nets <list of net objects>.
INFO: [Physopt 32-232] Optimized 3 nets. Created 4 new instances.
INFO: [Physopt 32-775] End 1 Pass. Optimized 3 nets or cells. Created 4 new cells, deleted 0 existing cell and moved 0 existing cell
INFO: [Physopt 32-619] Estimated Timing Summary | WNS=-0.708 | TNS=-443.643 |
Netlist sorting complete. Time (s): cpu = 00:00:00 ; elapsed = 00:00:00.071 . Memory (MB): peak = 20589.910 ; gain = 0.000
Phase 12 Critical Cell Optimization | Checksum: 21362ff11

Time (s): cpu = 00:07:16 ; elapsed = 00:04:21 . Memory (MB): peak = 20589.910 ; gain = 14678.688

Phase 13 SLR Crossing Optimization
Phase 13 SLR Crossing Optimization | Checksum: 21362ff11

Time (s): cpu = 00:07:16 ; elapsed = 00:04:21 . Memory (MB): peak = 20589.910 ; gain = 14678.688

Phase 14 Fanout Optimization
INFO: [Physopt 32-76] Pass 1. Identified 11 candidate nets for fanout optimization.
INFO: [Physopt 32-572] Net u_mem/u_bridge/sel0[0] was not replicated.
Resolution: phys_opt_design can be forced to replicate a net driver using the option -force_replication_on_nets <list of net objects>.
INFO: [Physopt 32-572] Net u_mem/u_bridge/r_slot was not replicated.
Resolution: phys_opt_design can be forced to replicate a net driver using the option -force_replication_on_nets <list of net objects>.
INFO: [Physopt 32-572] Net u_mem/u_bridge/r_slot[1]_i_1_n_0 was not replicated.
Resolution: phys_opt_design can be forced to replicate a net driver using the option -force_replication_on_nets <list of net objects>.
INFO: [Physopt 32-572] Net u_mem/u_bridge/sel0[2] was not replicated.
Resolution: phys_opt_design can be forced to replicate a net driver using the option -force_replication_on_nets <list of net objects>.
INFO: [Physopt 32-572] Net u_mem/u_bridge/sel0[2]_repN was not replicated.
Resolution: phys_opt_design can be forced to replicate a net driver using the option -force_replication_on_nets <list of net objects>.
INFO: [Physopt 32-572] Net u_mem/u_bridge/r_slot[3]_i_1_n_0 was not replicated.
Resolution: phys_opt_design can be forced to replicate a net driver using the option -force_replication_on_nets <list of net objects>.
INFO: [Physopt 32-572] Net u_mem/u_bridge/ro_wm[0] was not replicated.
Resolution: phys_opt_design can be forced to replicate a net driver using the option -force_replication_on_nets <list of net objects>.
INFO: [Physopt 32-572] Net u_mem/u_bridge/sel0[4] was not replicated.
Resolution: phys_opt_design can be forced to replicate a net driver using the option -force_replication_on_nets <list of net objects>.
INFO: [Physopt 32-81] Processed net u_mem/u_bridge/r_slot[1]_i_4_n_0_repN_1. Replicated 2 times.
INFO: [Physopt 32-572] Net u_mem2/u_bridge/r_len[10]_i_94_n_0_repN_2 was not replicated.
Resolution: phys_opt_design can be forced to replicate a net driver using the option -force_replication_on_nets <list of net objects>.
INFO: [Physopt 32-81] Processed net u_mem2/u_bridge/r_slot[1]_i_4_n_0_repN. Replicated 2 times.
INFO: [Physopt 32-232] Optimized 2 nets. Created 4 new instances.
INFO: [Physopt 32-775] End 1 Pass. Optimized 2 nets or cells. Created 4 new cells, deleted 0 existing cell and moved 0 existing cell
INFO: [Physopt 32-619] Estimated Timing Summary | WNS=-0.708 | TNS=-443.645 |
Netlist sorting complete. Time (s): cpu = 00:00:00 ; elapsed = 00:00:00.139 . Memory (MB): peak = 20916.602 ; gain = 0.383
Phase 14 Fanout Optimization | Checksum: fb8a48d7

Time (s): cpu = 00:07:26 ; elapsed = 00:04:28 . Memory (MB): peak = 20916.602 ; gain = 15005.379

Phase 15 Single Cell Placement Optimization
INFO: [Physopt 32-660] Identified 250 candidate nets for placement-based optimization.
INFO: [Physopt 32-662] Processed net u_mem/u_bridge/sel0[0].  Did not re-place instance u_mem/u_bridge/dbg_rd_slot[0]_i_2
INFO: [Physopt 32-662] Processed net u_mem/u_bridge/r_slot.  Did not re-place instance u_mem/u_bridge/r_slot[7]_i_1
INFO: [Physopt 32-662] Processed net u_mem/u_bridge/ro_wm[3].  Did not re-place instance u_mem/u_bridge/stat_wm_reg[3]
INFO: [Physopt 32-662] Processed net u_mem/u_bridge/stat_ill_rd[15]_i_5_n_0.  Did not re-place instance u_mem/u_bridge/stat_ill_rd[15]_i_5
INFO: [Physopt 32-662] Processed net u_mem/u_bridge/r_slot[1]_i_7_n_0.  Did not re-place instance u_mem/u_bridge/r_slot[1]_i_7
INFO: [Physopt 32-662] Processed net u_mem/u_bridge/stat_ill_rd[15]_i_33_n_0.  Did not re-place instance u_mem/u_bridge/stat_ill_rd[15]_i_33
INFO: [Physopt 32-662] Processed net u_mem/u_bridge/stat_ill_rd[15]_i_88_n_0.  Did not re-place instance u_mem/u_bridge/stat_ill_rd[15]_i_88
INFO: [Physopt 32-662] Processed net u_mem/u_bridge/in8[19].  Did not re-place instance u_mem/u_bridge/r_len_reg[11]
INFO: [Physopt 32-662] Processed net u_mem/u_bridge/in8[20].  Did not re-place instance u_mem/u_bridge/r_len_reg[12]
INFO: [Physopt 32-662] Processed net u_mem/u_bridge/pre_slot_reg_n_0_[1].  Did not re-place instance u_mem/u_bridge/pre_slot_reg[1]
INFO: [Physopt 32-662] Processed net u_mem/u_bridge/r_slot[1]_i_8_n_0.  Did not re-place instance u_mem/u_bridge/r_slot[1]_i_8
INFO: [Physopt 32-662] Processed net u_mem/u_bridge/r_slot[1]_i_1_n_0.  Did not re-place instance u_mem/u_bridge/r_slot[1]_i_1
INFO: [Physopt 32-662] Processed net u_mem/u_bridge/stat_ill_rd[15]_i_31_n_0.  Did not re-place instance u_mem/u_bridge/stat_ill_rd[15]_i_31
INFO: [Physopt 32-662] Processed net u_mem/u_bridge/stat_ill_rd[15]_i_80_n_0.  Did not re-place instance u_mem/u_bridge/stat_ill_rd[15]_i_80
INFO: [Physopt 32-662] Processed net u_mem/u_bridge/stat_ill_rd[15]_i_34_n_0.  Did not re-place instance u_mem/u_bridge/stat_ill_rd[15]_i_34
INFO: [Physopt 32-662] Processed net u_mem/u_bridge/stat_ill_rd[15]_i_35_n_0.  Did not re-place instance u_mem/u_bridge/stat_ill_rd[15]_i_35
INFO: [Physopt 32-662] Processed net u_mem/u_bridge/stat_ill_rd[15]_i_93_n_0.  Did not re-place instance u_mem/u_bridge/stat_ill_rd[15]_i_93
INFO: [Physopt 32-662] Processed net u_mem/u_bridge/stat_ill_rd[15]_i_96_n_0.  Did not re-place instance u_mem/u_bridge/stat_ill_rd[15]_i_96
INFO: [Physopt 32-662] Processed net u_mem/u_bridge/stat_ill_rd[15]_i_92_n_0.  Did not re-place instance u_mem/u_bridge/stat_ill_rd[15]_i_92
INFO: [Physopt 32-662] Processed net u_mem/u_bridge/r_slot[1]_i_12_n_0.  Did not re-place instance u_mem/u_bridge/r_slot[1]_i_12
INFO: [Physopt 32-662] Processed net u_mem/u_bridge/stat_ill_rd[15]_i_30_n_0.  Did not re-place instance u_mem/u_bridge/stat_ill_rd[15]_i_30
INFO: [Physopt 32-662] Processed net u_mem/u_bridge/stat_ill_rd[15]_i_77_n_0.  Did not re-place instance u_mem/u_bridge/stat_ill_rd[15]_i_77
INFO: [Physopt 32-662] Processed net u_mem/u_bridge/sel0[2].  Did not re-place instance u_mem/u_bridge/r_slot[2]_i_1
INFO: [Physopt 32-662] Processed net u_mem/u_bridge/r_slot[7]_i_3_n_0.  Did not re-place instance u_mem/u_bridge/r_slot[7]_i_3_rewire
INFO: [Physopt 32-662] Processed net u_mem/u_bridge/len_tab[6].  Did not re-place instance u_mem/u_bridge/r_len[6]_i_1
INFO: [Physopt 32-662] Processed net u_mem/u_bridge/r_len[6]_i_13_n_0.  Did not re-place instance u_mem/u_bridge/r_len[6]_i_13
INFO: [Physopt 32-662] Processed net u_mem/u_bridge/r_len[6]_i_3_n_0.  Did not re-place instance u_mem/u_bridge/r_len[6]_i_3
INFO: [Physopt 32-662] Processed net u_mem/u_bridge/in8[14].  Did not re-place instance u_mem/u_bridge/r_len_reg[6]
INFO: [Physopt 32-662] Processed net u_mem/u_bridge/r_slot[1]_i_11_n_0.  Did not re-place instance u_mem/u_bridge/r_slot[1]_i_11
INFO: [Physopt 32-662] Processed net u_mem/u_bridge/stat_ill_rd[15]_i_32_n_0.  Did not re-place instance u_mem/u_bridge/stat_ill_rd[15]_i_32
INFO: [Physopt 32-662] Processed net u_mem/u_bridge/stat_ill_rd[15]_i_85_n_0.  Did not re-place instance u_mem/u_bridge/stat_ill_rd[15]_i_85
INFO: [Physopt 32-662] Processed net u_mem/u_bridge/stat_ill_rd[15]_i_6_n_0.  Did not re-place instance u_mem/u_bridge/stat_ill_rd[15]_i_6_rewire
INFO: [Physopt 32-662] Processed net u_mem/u_bridge/len_tab[8].  Did not re-place instance u_mem/u_bridge/r_len[8]_i_1
INFO: [Physopt 32-662] Processed net u_mem/u_bridge/r_len[8]_i_15_n_0.  Did not re-place instance u_mem/u_bridge/r_len[8]_i_15
INFO: [Physopt 32-662] Processed net u_mem/u_bridge/r_len[8]_i_4_n_0.  Did not re-place instance u_mem/u_bridge/r_len[8]_i_4
INFO: [Physopt 32-662] Processed net u_mem/u_bridge/in8[16].  Did not re-place instance u_mem/u_bridge/r_len_reg[8]
INFO: [Physopt 32-662] Processed net u_mem/u_bridge/stat_ill_rd[15]_i_97_n_0.  Did not re-place instance u_mem/u_bridge/stat_ill_rd[15]_i_97
INFO: [Physopt 32-662] Processed net u_mem/u_bridge/stat_ill_rd[15]_i_84_n_0.  Did not re-place instance u_mem/u_bridge/stat_ill_rd[15]_i_84
INFO: [Physopt 32-662] Processed net u_mem/u_bridge/sel0[2]_repN.  Did not re-place instance u_mem/u_bridge/r_slot[2]_i_1_replica
INFO: [Physopt 32-662] Processed net u_mem/u_bridge/stat_ill_rd[15]_i_28_n_0.  Did not re-place instance u_mem/u_bridge/stat_ill_rd[15]_i_28
INFO: [Physopt 32-662] Processed net u_mem/u_bridge/stat_ill_rd[15]_i_69_n_0.  Did not re-place instance u_mem/u_bridge/stat_ill_rd[15]_i_69
INFO: [Physopt 32-662] Processed net u_mem/u_bridge/stat_ill_rd[15]_i_29_n_0.  Did not re-place instance u_mem/u_bridge/stat_ill_rd[15]_i_29
INFO: [Physopt 32-662] Processed net u_mem/u_bridge/in8[10].  Did not re-place instance u_mem/u_bridge/r_len_reg[2]
INFO: [Physopt 32-662] Processed net u_mem/u_bridge/len_tab[2].  Did not re-place instance u_mem/u_bridge/r_len[2]_i_1
INFO: [Physopt 32-662] Processed net u_mem/u_bridge/r_len[2]_i_14_n_0.  Did not re-place instance u_mem/u_bridge/r_len[2]_i_14
INFO: [Physopt 32-662] Processed net u_mem/u_bridge/r_len[2]_i_4_n_0.  Did not re-place instance u_mem/u_bridge/r_len[2]_i_4
INFO: [Physopt 32-662] Processed net u_mem/u_bridge/r_len[8]_i_11_n_0.  Did not re-place instance u_mem/u_bridge/r_len[8]_i_11
INFO: [Physopt 32-662] Processed net u_mem/u_bridge/r_len[8]_i_3_n_0.  Did not re-place instance u_mem/u_bridge/r_len[8]_i_3
INFO: [Physopt 32-662] Processed net u_mem/u_bridge/r_slot[3]_i_1_n_0.  Did not re-place instance u_mem/u_bridge/r_slot[3]_i_1
INFO: [Physopt 32-662] Processed net u_mem/u_bridge/r_slot[7]_i_3_n_0_repN.  Did not re-place instance u_mem/u_bridge/r_slot[7]_i_3_rewire_replica
INFO: [Physopt 32-662] Processed net u_mem/u_bridge/ro_wm[5].  Did not re-place instance u_mem/u_bridge/stat_wm_reg[5]
INFO: [Physopt 32-662] Processed net u_mem/u_bridge/r_slot[1]_i_6_n_0.  Did not re-place instance u_mem/u_bridge/r_slot[1]_i_6
INFO: [Physopt 32-662] Processed net u_mem/u_bridge/len_tab[10].  Did not re-place instance u_mem/u_bridge/r_len[10]_i_1
INFO: [Physopt 32-662] Processed net u_mem/u_bridge/r_len[10]_i_10_n_0.  Did not re-place instance u_mem/u_bridge/r_len[10]_i_10
INFO: [Physopt 32-662] Processed net u_mem/u_bridge/r_len[10]_i_3_n_0.  Did not re-place instance u_mem/u_bridge/r_len[10]_i_3
INFO: [Physopt 32-662] Processed net u_mem/u_bridge/in8[18].  Did not re-place instance u_mem/u_bridge/r_len_reg[10]
INFO: [Physopt 32-662] Processed net u_mem/u_bridge/ro_wm[0].  Did not re-place instance u_mem/u_bridge/stat_wm_reg[0]
INFO: [Physopt 32-662] Processed net u_mem/u_bridge/r_beats[1].  Did not re-place instance u_mem/u_bridge/r_beats_reg[1]
INFO: [Physopt 32-662] Processed net u_mem/u_bridge/len_beats_tab[1].  Did not re-place instance u_mem/u_bridge/r_beats[1]_i_1
INFO: [Physopt 32-662] Processed net u_mem/u_bridge/r_beats[1]_i_3_n_0.  Did not re-place instance u_mem/u_bridge/r_beats[1]_i_3
INFO: [Physopt 32-662] Processed net u_mem/u_bridge/len_tab[14].  Did not re-place instance u_mem/u_bridge/r_len[14]_i_1
INFO: [Physopt 32-662] Processed net u_mem/u_bridge/r_len[14]_i_4_n_0.  Did not re-place instance u_mem/u_bridge/r_len[14]_i_4
INFO: [Physopt 32-662] Processed net u_mem/u_bridge/in8[22].  Did not re-place instance u_mem/u_bridge/r_len_reg[14]
INFO: [Physopt 32-662] Processed net u_mem/u_bridge/r_len[8]_i_10_n_0.  Did not re-place instance u_mem/u_bridge/r_len[8]_i_10
INFO: [Physopt 32-662] Processed net u_mem/u_bridge/len_tab[13].  Did not re-place instance u_mem/u_bridge/r_len[13]_i_1
INFO: [Physopt 32-662] Processed net u_mem/u_bridge/r_len[13]_i_3_n_0.  Did not re-place instance u_mem/u_bridge/r_len[13]_i_3
INFO: [Physopt 32-662] Processed net u_mem/u_bridge/in8[21].  Did not re-place instance u_mem/u_bridge/r_len_reg[13]
INFO: [Physopt 32-662] Processed net u_mem/u_bridge/stat_ill_rd[15]_i_4_n_0.  Did not re-place instance u_mem/u_bridge/stat_ill_rd[15]_i_4
INFO: [Physopt 32-662] Processed net u_mem/u_bridge/r_slot[1]_i_10_n_0.  Did not re-place instance u_mem/u_bridge/r_slot[1]_i_10
INFO: [Physopt 32-662] Processed net u_mem/u_bridge/stat_ill_rd[15]_i_23_n_0.  Did not re-place instance u_mem/u_bridge/stat_ill_rd[15]_i_23
INFO: [Physopt 32-662] Processed net u_mem/u_bridge/stat_ill_rd[15]_i_49_n_0.  Did not re-place instance u_mem/u_bridge/stat_ill_rd[15]_i_49
INFO: [Physopt 32-662] Processed net u_mem/u_bridge/sel0[4].  Did not re-place instance u_mem/u_bridge/r_slot[4]_i_1
INFO: [Physopt 32-662] Processed net u_mem/u_bridge/in8[9].  Did not re-place instance u_mem/u_bridge/r_len_reg[1]
INFO: [Physopt 32-662] Processed net u_mem/u_bridge/len_tab[1].  Did not re-place instance u_mem/u_bridge/r_len[1]_i_1
INFO: [Physopt 32-662] Processed net u_mem/u_bridge/r_len[1]_i_2_n_0.  Did not re-place instance u_mem/u_bridge/r_len[1]_i_2
INFO: [Physopt 32-662] Processed net u_mem/u_bridge/r_len[1]_i_6_n_0.  Did not re-place instance u_mem/u_bridge/r_len[1]_i_6
INFO: [Physopt 32-662] Processed net u_mem/u_bridge/ro_wm[1]_repN_4.  Did not re-place instance u_mem/u_bridge/stat_wm_reg[1]_replica_4
INFO: [Physopt 32-662] Processed net u_mem/u_bridge/r_len[1]_i_15_n_0.  Did not re-place instance u_mem/u_bridge/r_len[1]_i_15
INFO: [Physopt 32-662] Processed net u_mem/u_bridge/r_len[1]_i_4_n_0.  Did not re-place instance u_mem/u_bridge/r_len[1]_i_4
INFO: [Physopt 32-662] Processed net u_mem/u_bridge/r_len[2]_i_15_n_0.  Did not re-place instance u_mem/u_bridge/r_len[2]_i_15
INFO: [Physopt 32-662] Processed net u_mem/u_bridge/stat_ill_rd[15]_i_91_n_0.  Did not re-place instance u_mem/u_bridge/stat_ill_rd[15]_i_91
INFO: [Physopt 32-662] Processed net u_mem/u_bridge/stat_ill_rd[15]_i_87_n_0.  Did not re-place instance u_mem/u_bridge/stat_ill_rd[15]_i_87
INFO: [Physopt 32-662] Processed net u_mem/u_bridge/in8[12].  Did not re-place instance u_mem/u_bridge/r_len_reg[4]
INFO: [Physopt 32-662] Processed net u_mem/u_bridge/len_tab[4].  Did not re-place instance u_mem/u_bridge/r_len[4]_i_1
INFO: [Physopt 32-662] Processed net u_mem/u_bridge/r_len[4]_i_12_n_0.  Did not re-place instance u_mem/u_bridge/r_len[4]_i_12
INFO: [Physopt 32-662] Processed net u_mem/u_bridge/r_len[4]_i_3_n_0.  Did not re-place instance u_mem/u_bridge/r_len[4]_i_3
INFO: [Physopt 32-662] Processed net u_mem/u_bridge/r_len[6]_i_2_n_0.  Did not re-place instance u_mem/u_bridge/r_len[6]_i_2
INFO: [Physopt 32-662] Processed net u_mem/u_bridge/r_len[6]_i_8_n_0.  Did not re-place instance u_mem/u_bridge/r_len[6]_i_8
INFO: [Physopt 32-662] Processed net u_mem/u_bridge/r_beats[0].  Did not re-place instance u_mem/u_bridge/r_beats_reg[0]
INFO: [Physopt 32-662] Processed net u_mem/u_bridge/len_beats_tab[0].  Did not re-place instance u_mem/u_bridge/r_beats[0]_i_1
INFO: [Physopt 32-662] Processed net u_mem/u_bridge/r_beats[0]_i_11_n_0.  Did not re-place instance u_mem/u_bridge/r_beats[0]_i_11
INFO: [Physopt 32-662] Processed net u_mem/u_bridge/stat_ill_rd[15]_i_98_n_0.  Did not re-place instance u_mem/u_bridge/stat_ill_rd[15]_i_98
INFO: [Physopt 32-662] Processed net u_mem/u_bridge/FSM_onehot_rstate_reg_n_0_[2].  Did not re-place instance u_mem/u_bridge/FSM_onehot_rstate_reg[2]
INFO: [Physopt 32-662] Processed net u_mem/u_bridge/stat_ill_rd[15]_i_73_n_0.  Did not re-place instance u_mem/u_bridge/stat_ill_rd[15]_i_73
INFO: [Physopt 32-662] Processed net u_mem/u_bridge/len_tab[11].  Did not re-place instance u_mem/u_bridge/r_len[11]_i_1
INFO: [Physopt 32-662] Processed net u_mem/u_bridge/r_len[11]_i_14_n_0.  Did not re-place instance u_mem/u_bridge/r_len[11]_i_14
INFO: [Physopt 32-662] Processed net u_mem/u_bridge/stat_ill_rd[15]_i_81_n_0.  Did not re-place instance u_mem/u_bridge/stat_ill_rd[15]_i_81
INFO: [Physopt 32-662] Processed net u_mem/u_bridge/r_len[4]_i_11_n_0.  Did not re-place instance u_mem/u_bridge/r_len[4]_i_11
INFO: [Physopt 32-662] Processed net u_mem/u_bridge/r_len[6]_i_7_n_0.  Did not re-place instance u_mem/u_bridge/r_len[6]_i_7
INFO: [Physopt 32-662] Processed net u_mem/u_bridge/stat_ill_rd[15]_i_26_n_0.  Did not re-place instance u_mem/u_bridge/stat_ill_rd[15]_i_26
INFO: [Physopt 32-662] Processed net u_mem/u_bridge/stat_ill_rd[15]_i_61_n_0.  Did not re-place instance u_mem/u_bridge/stat_ill_rd[15]_i_61
INFO: [Physopt 32-662] Processed net u_mem/u_bridge/in8[8].  Did not re-place instance u_mem/u_bridge/r_len_reg[0]
INFO: [Physopt 32-662] Processed net u_mem/u_bridge/len_tab[0].  Did not re-place instance u_mem/u_bridge/r_len[0]_i_1
INFO: [Physopt 32-662] Processed net u_mem/u_bridge/len_tab[15].  Did not re-place instance u_mem/u_bridge/r_len[15]_i_1
INFO: [Physopt 32-662] Processed net u_mem/u_bridge/r_len[0]_i_2_n_0.  Did not re-place instance u_mem/u_bridge/r_len[0]_i_2
INFO: [Physopt 32-662] Processed net u_mem/u_bridge/r_len[0]_i_6_n_0.  Did not re-place instance u_mem/u_bridge/r_len[0]_i_6
INFO: [Physopt 32-662] Processed net u_mem/u_bridge/r_len[15]_i_4_n_0.  Did not re-place instance u_mem/u_bridge/r_len[15]_i_4
INFO: [Physopt 32-662] Processed net u_mem/u_bridge/in8[23].  Did not re-place instance u_mem/u_bridge/r_len_reg[15]
INFO: [Physopt 32-662] Processed net u_mem/u_bridge/r_beats[2].  Did not re-place instance u_mem/u_bridge/r_beats_reg[2]
INFO: [Physopt 32-662] Processed net u_mem/u_bridge/len_beats_tab[2].  Did not re-place instance u_mem/u_bridge/r_beats[2]_i_1
INFO: [Physopt 32-662] Processed net u_mem/u_bridge/r_beats[2]_i_5_n_0.  Did not re-place instance u_mem/u_bridge/r_beats[2]_i_5
INFO: [Physopt 32-662] Processed net u_mem/u_bridge/stat_ill_rd[15]_i_76_n_0.  Did not re-place instance u_mem/u_bridge/stat_ill_rd[15]_i_76
INFO: [Physopt 32-662] Processed net u_mem/u_bridge/stat_ill_rd[15]_i_74_n_0.  Did not re-place instance u_mem/u_bridge/stat_ill_rd[15]_i_74
INFO: [Physopt 32-662] Processed net u_mem/u_bridge/r_len[15]_i_17_n_0.  Did not re-place instance u_mem/u_bridge/r_len[15]_i_17
INFO: [Physopt 32-662] Processed net u_mem/u_bridge/r_len[2]_i_10_n_0.  Did not re-place instance u_mem/u_bridge/r_len[2]_i_10
INFO: [Physopt 32-662] Processed net u_mem/u_bridge/r_len[2]_i_3_n_0.  Did not re-place instance u_mem/u_bridge/r_len[2]_i_3
INFO: [Physopt 32-662] Processed net u_mem/u_bridge/stat_ill_rd[15]_i_24_n_0.  Did not re-place instance u_mem/u_bridge/stat_ill_rd[15]_i_24
INFO: [Physopt 32-662] Processed net u_mem/u_bridge/stat_ill_rd[15]_i_53_n_0.  Did not re-place instance u_mem/u_bridge/stat_ill_rd[15]_i_53
INFO: [Physopt 32-662] Processed net u_mem/u_bridge/stat_ill_rd[15]_i_89_n_0.  Did not re-place instance u_mem/u_bridge/stat_ill_rd[15]_i_89
INFO: [Physopt 32-662] Processed net u_mem/u_bridge/stat_ill_rd[15]_i_68_n_0.  Did not re-place instance u_mem/u_bridge/stat_ill_rd[15]_i_68
INFO: [Physopt 32-662] Processed net u_mem/u_bridge/r_beats[2]_i_14_n_0.  Did not re-place instance u_mem/u_bridge/r_beats[2]_i_14
INFO: [Physopt 32-662] Processed net u_mem/u_bridge/r_beats[2]_i_4_n_0.  Did not re-place instance u_mem/u_bridge/r_beats[2]_i_4
INFO: [Physopt 32-662] Processed net u_mem/u_bridge/r_len[1]_i_14_n_0.  Did not re-place instance u_mem/u_bridge/r_len[1]_i_14
INFO: [Physopt 32-662] Processed net u_mem/u_bridge/ro_wm[2].  Did not re-place instance u_mem/u_bridge/stat_wm_reg[2]
INFO: [Physopt 32-662] Processed net u_mem/u_bridge/r_beats[1]_i_14_n_0.  Did not re-place instance u_mem/u_bridge/r_beats[1]_i_14
INFO: [Physopt 32-662] Processed net u_mem/u_bridge/r_beats[1]_i_4_n_0.  Did not re-place instance u_mem/u_bridge/r_beats[1]_i_4
INFO: [Physopt 32-662] Processed net u_mem/u_bridge/r_len[0]_i_7_n_0.  Did not re-place instance u_mem/u_bridge/r_len[0]_i_7
INFO: [Physopt 32-662] Processed net u_mem/u_bridge/r_len[15]_i_11_n_0.  Did not re-place instance u_mem/u_bridge/r_len[15]_i_11
INFO: [Physopt 32-662] Processed net u_mem/u_bridge/r_len[15]_i_3_n_0.  Did not re-place instance u_mem/u_bridge/r_len[15]_i_3
INFO: [Physopt 32-662] Processed net u_mem/u_bridge/len_tab[9].  Did not re-place instance u_mem/u_bridge/r_len[9]_i_1
INFO: [Physopt 32-662] Processed net u_mem/u_bridge/r_len[1]_i_16_n_0.  Did not re-place instance u_mem/u_bridge/r_len[1]_i_16
INFO: [Physopt 32-662] Processed net u_mem/u_bridge/r_len[9]_i_10_n_0.  Did not re-place instance u_mem/u_bridge/r_len[9]_i_10
INFO: [Physopt 32-662] Processed net u_mem/u_bridge/r_len[9]_i_3_n_0.  Did not re-place instance u_mem/u_bridge/r_len[9]_i_3
INFO: [Physopt 32-662] Processed net u_mem/u_bridge/in8[17].  Did not re-place instance u_mem/u_bridge/r_len_reg[9]
INFO: [Physopt 32-662] Processed net u_mem/u_bridge/stat_ill_rd[15]_i_90_n_0.  Did not re-place instance u_mem/u_bridge/stat_ill_rd[15]_i_90
INFO: [Physopt 32-662] Processed net u_mem/u_bridge/r_len[6]_i_10_n_0.  Did not re-place instance u_mem/u_bridge/r_len[6]_i_10
INFO: [Physopt 32-662] Processed net u_mem/u_bridge/stat_ill_rd[15]_i_22_n_0.  Did not re-place instance u_mem/u_bridge/stat_ill_rd[15]_i_22
INFO: [Physopt 32-662] Processed net u_mem/u_bridge/stat_ill_rd[15]_i_44_n_0.  Did not re-place instance u_mem/u_bridge/stat_ill_rd[15]_i_44
INFO: [Physopt 32-662] Processed net u_mem/u_bridge/r_len[4]_i_10_n_0.  Did not re-place instance u_mem/u_bridge/r_len[4]_i_10
INFO: [Physopt 32-662] Processed net u_mem/u_bridge/r_len[9]_i_14_n_0.  Did not re-place instance u_mem/u_bridge/r_len[9]_i_14
INFO: [Physopt 32-662] Processed net u_mem/u_bridge/r_len[9]_i_4_n_0.  Did not re-place instance u_mem/u_bridge/r_len[9]_i_4
INFO: [Physopt 32-662] Processed net u_mem/u_bridge/pre_slot_reg_n_0_[3].  Did not re-place instance u_mem/u_bridge/pre_slot_reg[3]
INFO: [Physopt 32-662] Processed net u_mem/u_bridge/ro_wm[7]_repN.  Did not re-place instance u_mem/u_bridge/stat_wm_reg[7]_replica
INFO: [Physopt 32-662] Processed net u_mem/u_bridge/r_slot[1]_i_5_n_0.  Did not re-place instance u_mem/u_bridge/r_slot[1]_i_5
INFO: [Physopt 32-662] Processed net u_mem/u_bridge/ro_wm[4].  Did not re-place instance u_mem/u_bridge/stat_wm_reg[4]
INFO: [Physopt 32-662] Processed net u_mem/u_bridge/r_beats[2]_i_15_n_0.  Did not re-place instance u_mem/u_bridge/r_beats[2]_i_15
INFO: [Physopt 32-662] Processed net u_mem/u_bridge/stat_ill_rd[15]_i_48_n_0.  Did not re-place instance u_mem/u_bridge/stat_ill_rd[15]_i_48
INFO: [Physopt 32-662] Processed net u_mem/u_bridge/r_len[2]_i_2_n_0.  Did not re-place instance u_mem/u_bridge/r_len[2]_i_2
INFO: [Physopt 32-662] Processed net u_mem/u_bridge/r_len[2]_i_6_n_0.  Did not re-place instance u_mem/u_bridge/r_len[2]_i_6
INFO: [Physopt 32-662] Processed net u_mem/u_bridge/stat_ill_rd[15]_i_79_n_0.  Did not re-place instance u_mem/u_bridge/stat_ill_rd[15]_i_79
INFO: [Physopt 32-662] Processed net u_mem/u_bridge/stat_ill_rd[15]_i_27_n_0.  Did not re-place instance u_mem/u_bridge/stat_ill_rd[15]_i_27
INFO: [Physopt 32-662] Processed net u_mem/u_bridge/stat_ill_rd[15]_i_65_n_0.  Did not re-place instance u_mem/u_bridge/stat_ill_rd[15]_i_65
INFO: [Physopt 32-662] Processed net u_mem/u_bridge/r_len[9]_i_12_n_0.  Did not re-place instance u_mem/u_bridge/r_len[9]_i_12
INFO: [Physopt 32-662] Processed net u_mem/u_bridge/r_beats[1]_i_15_n_0.  Did not re-place instance u_mem/u_bridge/r_beats[1]_i_15
INFO: [Physopt 32-662] Processed net u_mem2/u_bridge/r_slot[7]_i_5_n_0.  Did not re-place instance u_mem2/u_bridge/r_slot[7]_i_5
INFO: [Physopt 32-662] Processed net u_mem2/u_bridge/r_slot[7]_i_12_n_0.  Did not re-place instance u_mem2/u_bridge/r_slot[7]_i_12
INFO: [Physopt 32-662] Processed net u_mem2/u_bridge/ro_wm[14].  Did not re-place instance u_mem2/u_bridge/stat_wm_reg[14]
INFO: [Physopt 32-662] Processed net u_mem2/u_bridge/len_tab[10].  Did not re-place instance u_mem2/u_bridge/r_len[10]_i_1
INFO: [Physopt 32-662] Processed net u_mem2/u_bridge/r_len[10]_i_18_n_0.  Did not re-place instance u_mem2/u_bridge/r_len[10]_i_18
INFO: [Physopt 32-662] Processed net u_mem2/u_bridge/in8[18].  Did not re-place instance u_mem2/u_bridge/r_len_reg[10]
INFO: [Physopt 32-662] Processed net u_mem/u_bridge/stat_ill_rd[15]_i_45_n_0.  Did not re-place instance u_mem/u_bridge/stat_ill_rd[15]_i_45
INFO: [Physopt 32-662] Processed net u_mem/u_bridge/r_len[13]_i_2_n_0.  Did not re-place instance u_mem/u_bridge/r_len[13]_i_2
INFO: [Physopt 32-662] Processed net u_mem2/u_bridge/ro_wm[0]_repN.  Did not re-place instance u_mem2/u_bridge/stat_wm_reg[0]_replica
INFO: [Physopt 32-662] Processed net u_mem2/u_bridge/r_slot[4]_i_2_n_0.  Did not re-place instance u_mem2/u_bridge/r_slot[4]_i_2
INFO: [Physopt 32-662] Processed net u_mem/u_bridge/r_beats[7].  Did not re-place instance u_mem/u_bridge/r_beats_reg[7]
INFO: [Physopt 32-662] Processed net u_mem/u_bridge/len_beats_tab[7].  Did not re-place instance u_mem/u_bridge/r_beats[7]_i_1
INFO: [Physopt 32-662] Processed net u_mem/u_bridge/r_beats[7]_i_3_n_0.  Did not re-place instance u_mem/u_bridge/r_beats[7]_i_3
INFO: [Physopt 32-662] Processed net u_mem/u_bridge/stat_ill_rd[15]_i_64_n_0.  Did not re-place instance u_mem/u_bridge/stat_ill_rd[15]_i_64
INFO: [Physopt 32-662] Processed net u_mem/u_bridge/stat_ill_rd[15]_i_83_n_0.  Did not re-place instance u_mem/u_bridge/stat_ill_rd[15]_i_83
INFO: [Physopt 32-662] Processed net u_mem/u_bridge/r_beats[5].  Did not re-place instance u_mem/u_bridge/r_beats_reg[5]
INFO: [Physopt 32-662] Processed net u_mem/u_bridge/len_beats_tab[5].  Did not re-place instance u_mem/u_bridge/r_beats[5]_i_1
INFO: [Physopt 32-662] Processed net u_mem/u_bridge/pre_slot_reg_n_0_[4].  Did not re-place instance u_mem/u_bridge/pre_slot_reg[4]
INFO: [Physopt 32-662] Processed net u_mem/u_bridge/in8[13].  Did not re-place instance u_mem/u_bridge/r_len_reg[5]
INFO: [Physopt 32-662] Processed net u_mem/u_bridge/len_tab[5].  Did not re-place instance u_mem/u_bridge/r_len[5]_i_1
INFO: [Physopt 32-662] Processed net u_mem/u_bridge/r_len[2]_i_7_n_0.  Did not re-place instance u_mem/u_bridge/r_len[2]_i_7
INFO: [Physopt 32-662] Processed net u_mem/u_bridge/r_len[5]_i_2_n_0.  Did not re-place instance u_mem/u_bridge/r_len[5]_i_2
INFO: [Physopt 32-662] Processed net u_mem/u_bridge/r_len[11]_i_2_n_0.  Did not re-place instance u_mem/u_bridge/r_len[11]_i_2
INFO: [Physopt 32-662] Processed net u_mem2/u_bridge/ro_wm[3].  Did not re-place instance u_mem2/u_bridge/stat_wm_reg[3]
INFO: [Physopt 32-662] Processed net u_mem2/u_bridge/r_len[12]_i_94_n_0_repN_4.  Did not re-place instance u_mem2/u_bridge/r_len[12]_i_94_replica_4
INFO: [Physopt 32-662] Processed net u_mem2/u_bridge/len_tab[12].  Did not re-place instance u_mem2/u_bridge/r_len[12]_i_1
INFO: [Physopt 32-662] Processed net u_mem2/u_bridge/r_len[12]_i_14_n_0.  Did not re-place instance u_mem2/u_bridge/r_len[12]_i_14
INFO: [Physopt 32-662] Processed net u_mem2/u_bridge/r_slot[1]_i_7_n_0.  Did not re-place instance u_mem2/u_bridge/r_slot[1]_i_7
INFO: [Physopt 32-662] Processed net u_mem2/u_bridge/in8[20].  Did not re-place instance u_mem2/u_bridge/r_len_reg[12]
INFO: [Physopt 32-662] Processed net u_mem/u_bridge/r_beats[3].  Did not re-place instance u_mem/u_bridge/r_beats_reg[3]
INFO: [Physopt 32-662] Processed net u_mem/u_bridge/len_beats_tab[3].  Did not re-place instance u_mem/u_bridge/r_beats[3]_i_1
INFO: [Physopt 32-662] Processed net u_mem/u_bridge/r_beats[4].  Did not re-place instance u_mem/u_bridge/r_beats_reg[4]
INFO: [Physopt 32-662] Processed net u_mem/u_bridge/len_beats_tab[4].  Did not re-place instance u_mem/u_bridge/r_beats[4]_i_1
INFO: [Physopt 32-662] Processed net u_mem/u_bridge/r_beats[4]_i_2_n_0.  Did not re-place instance u_mem/u_bridge/r_beats[4]_i_2
INFO: [Physopt 32-662] Processed net u_mem/u_bridge/stat_ill_rd[15]_i_94_n_0.  Did not re-place instance u_mem/u_bridge/stat_ill_rd[15]_i_94
INFO: [Physopt 32-662] Processed net u_mem/u_bridge/r_len[14]_i_2_n_0.  Did not re-place instance u_mem/u_bridge/r_len[14]_i_2
INFO: [Physopt 32-662] Processed net u_mem/u_bridge/stat_ill_rd[15]_i_72_n_0.  Did not re-place instance u_mem/u_bridge/stat_ill_rd[15]_i_72
INFO: [Physopt 32-662] Processed net u_mem/u_bridge/r_beats[4]_i_4_n_0.  Did not re-place instance u_mem/u_bridge/r_beats[4]_i_4
INFO: [Physopt 32-662] Processed net u_mem/u_bridge/pre_slot_reg_n_0_[7].  Did not re-place instance u_mem/u_bridge/pre_slot_reg[7]
INFO: [Physopt 32-662] Processed net u_mem/u_bridge/r_len[0]_i_9_n_0.  Did not re-place instance u_mem/u_bridge/r_len[0]_i_9
INFO: [Physopt 32-662] Processed net u_mem/u_bridge/r_len[4]_i_2_n_0.  Did not re-place instance u_mem/u_bridge/r_len[4]_i_2
INFO: [Physopt 32-662] Processed net u_mem/u_bridge/r_len[4]_i_8_n_0.  Did not re-place instance u_mem/u_bridge/r_len[4]_i_8
INFO: [Physopt 32-662] Processed net u_mem/u_bridge/r_slot[1]_i_9_n_0.  Did not re-place instance u_mem/u_bridge/r_slot[1]_i_9
INFO: [Physopt 32-662] Processed net u_mem/u_bridge/r_len[14]_i_15_n_0.  Did not re-place instance u_mem/u_bridge/r_len[14]_i_15
INFO: [Physopt 32-662] Processed net u_mem/u_bridge/r_len[1]_i_7_n_0.  Did not re-place instance u_mem/u_bridge/r_len[1]_i_7
INFO: [Physopt 32-662] Processed net u_mem/u_bridge/r_beats[1]_i_11_n_0.  Did not re-place instance u_mem/u_bridge/r_beats[1]_i_11
INFO: [Physopt 32-662] Processed net u_mem/u_bridge/r_beats[3]_i_10_n_0.  Did not re-place instance u_mem/u_bridge/r_beats[3]_i_10
INFO: [Physopt 32-662] Processed net u_mem/u_bridge/r_len[5]_i_8_n_0.  Did not re-place instance u_mem/u_bridge/r_len[5]_i_8
INFO: [Physopt 32-662] Processed net u_mem/u_bridge/stat_ill_rd[15]_i_10_n_0.  Did not re-place instance u_mem/u_bridge/stat_ill_rd[15]_i_10
INFO: [Physopt 32-662] Processed net u_mem/u_bridge/r_len[14]_i_3_n_0.  Did not re-place instance u_mem/u_bridge/r_len[14]_i_3
INFO: [Physopt 32-662] Processed net u_mem/u_bridge/stat_ill_rd[15]_i_3_n_0_repN_1.  Did not re-place instance u_mem/u_bridge/stat_ill_rd[15]_i_3_rewire_replica_1
INFO: [Physopt 32-662] Processed net u_mem2/u_bridge/r_beats[3].  Did not re-place instance u_mem2/u_bridge/r_beats_reg[3]
INFO: [Physopt 32-662] Processed net u_mem2/u_bridge/len_beats_tab[3].  Did not re-place instance u_mem2/u_bridge/r_beats[3]_i_1
INFO: [Physopt 32-662] Processed net u_mem2/u_bridge/r_beats[3]_i_20_n_0.  Did not re-place instance u_mem2/u_bridge/r_beats[3]_i_20
INFO: [Physopt 32-662] Processed net u_mem2/u_bridge/r_len[10]_i_21_n_0.  Did not re-place instance u_mem2/u_bridge/r_len[10]_i_21
INFO: [Physopt 32-662] Processed net u_mem/u_bridge/FSM_onehot_rstate[0]_i_1_n_0.  Did not re-place instance u_mem/u_bridge/FSM_onehot_rstate[0]_i_1
INFO: [Physopt 32-661] Optimized 40 nets.  Re-placed 40 instances.
INFO: [Physopt 32-775] End 1 Pass. Optimized 40 nets or cells. Created 0 new cell, deleted 0 existing cell and moved 40 existing cells
INFO: [Physopt 32-619] Estimated Timing Summary | WNS=-0.708 | TNS=-415.287 |
Netlist sorting complete. Time (s): cpu = 00:00:00 ; elapsed = 00:00:00.022 . Memory (MB): peak = 21167.695 ; gain = 0.227
Phase 15 Single Cell Placement Optimization | Checksum: 105ea977f

Time (s): cpu = 00:07:49 ; elapsed = 00:04:43 . Memory (MB): peak = 21167.695 ; gain = 15256.473

Phase 16 Multi Cell Placement Optimization
INFO: [Physopt 32-660] Identified 100 candidate nets for placement-based optimization.
INFO: [Physopt 32-662] Processed net u_mem/u_bridge/ro_wm[3].  Did not re-place instance u_mem/u_bridge/stat_wm_reg[3]/Q
INFO: [Physopt 32-662] Processed net u_mem/u_bridge/ro_wm[3].  Did not re-place instance u_mem/u_bridge/stat_wm_reg[3]/Q
INFO: [Physopt 32-662] Processed net u_mem/u_bridge/ro_wm[3].  Did not re-place instance u_mem/u_bridge/stat_wm_reg[3]/Q
INFO: [Physopt 32-662] Processed net u_mem/u_bridge/ro_wm[3].  Did not re-place instance u_mem/u_bridge/stat_wm_reg[3]/Q
INFO: [Physopt 32-662] Processed net u_mem/u_bridge/ro_wm[3].  Did not re-place instance u_mem/u_bridge/stat_wm_reg[3]/Q
INFO: [Physopt 32-662] Processed net u_mem/u_bridge/ro_wm[3].  Did not re-place instance u_mem/u_bridge/stat_wm_reg[3]/Q
INFO: [Physopt 32-662] Processed net u_mem/u_bridge/stat_ill_rd[15]_i_5_n_0.  Did not re-place instance u_mem/u_bridge/stat_ill_rd[15]_i_5/O
INFO: [Physopt 32-662] Processed net u_mem/u_bridge/in8[19].  Did not re-place instance u_mem/u_bridge/r_len_reg[11]/Q
INFO: [Physopt 32-662] Processed net u_mem/u_bridge/in8[20].  Did not re-place instance u_mem/u_bridge/r_len_reg[12]/Q
INFO: [Physopt 32-662] Processed net u_mem/u_bridge/pre_slot_reg_n_0_[1].  Did not re-place instance u_mem/u_bridge/pre_slot_reg[1]/Q
INFO: [Physopt 32-662] Processed net u_mem/u_bridge/r_slot[7]_i_3_n_0.  Did not re-place instance u_mem/u_bridge/r_slot[7]_i_3_rewire/O
INFO: [Physopt 32-662] Processed net u_mem/u_bridge/len_tab[6].  Did not re-place instance u_mem/u_bridge/r_len[6]_i_1/O
INFO: [Physopt 32-662] Processed net u_mem/u_bridge/r_len[6]_i_13_n_0.  Did not re-place instance u_mem/u_bridge/r_len[6]_i_13/O
INFO: [Physopt 32-662] Processed net u_mem/u_bridge/r_len[6]_i_3_n_0.  Did not re-place instance u_mem/u_bridge/r_len[6]_i_3/O
INFO: [Physopt 32-662] Processed net u_mem/u_bridge/stat_ill_rd[15]_i_6_n_0.  Did not re-place instance u_mem/u_bridge/stat_ill_rd[15]_i_6_rewire/O
INFO: [Physopt 32-662] Processed net u_mem/u_bridge/len_tab[8].  Did not re-place instance u_mem/u_bridge/r_len[8]_i_1/O
INFO: [Physopt 32-662] Processed net u_mem/u_bridge/r_len[8]_i_15_n_0.  Did not re-place instance u_mem/u_bridge/r_len[8]_i_15/O
INFO: [Physopt 32-662] Processed net u_mem/u_bridge/r_len[8]_i_4_n_0.  Did not re-place instance u_mem/u_bridge/r_len[8]_i_4/O
INFO: [Physopt 32-662] Processed net u_mem/u_bridge/len_tab[2].  Did not re-place instance u_mem/u_bridge/r_len[2]_i_1/O
INFO: [Physopt 32-662] Processed net u_mem/u_bridge/r_len[2]_i_14_n_0.  Did not re-place instance u_mem/u_bridge/r_len[2]_i_14/O
INFO: [Physopt 32-662] Processed net u_mem/u_bridge/r_len[2]_i_4_n_0.  Did not re-place instance u_mem/u_bridge/r_len[2]_i_4/O
INFO: [Physopt 32-662] Processed net u_mem/u_bridge/r_len[8]_i_11_n_0.  Did not re-place instance u_mem/u_bridge/r_len[8]_i_11/O
INFO: [Physopt 32-662] Processed net u_mem/u_bridge/r_len[8]_i_3_n_0.  Did not re-place instance u_mem/u_bridge/r_len[8]_i_3/O
INFO: [Physopt 32-662] Processed net u_mem/u_bridge/r_slot[7]_i_3_n_0_repN.  Did not re-place instance u_mem/u_bridge/r_slot[7]_i_3_rewire_replica/O
INFO: [Physopt 32-662] Processed net u_mem/u_bridge/ro_wm[5].  Did not re-place instance u_mem/u_bridge/stat_wm_reg[5]/Q
INFO: [Physopt 32-662] Processed net u_mem/u_bridge/ro_wm[5].  Did not re-place instance u_mem/u_bridge/stat_wm_reg[5]/Q
INFO: [Physopt 32-662] Processed net u_mem/u_bridge/ro_wm[5].  Did not re-place instance u_mem/u_bridge/stat_wm_reg[5]/Q
INFO: [Physopt 32-662] Processed net u_mem/u_bridge/ro_wm[5].  Did not re-place instance u_mem/u_bridge/stat_wm_reg[5]/Q
INFO: [Physopt 32-662] Processed net u_mem/u_bridge/ro_wm[5].  Did not re-place instance u_mem/u_bridge/stat_wm_reg[5]/Q
INFO: [Physopt 32-662] Processed net u_mem/u_bridge/len_tab[10].  Did not re-place instance u_mem/u_bridge/r_len[10]_i_1/O
INFO: [Physopt 32-662] Processed net u_mem/u_bridge/r_len[10]_i_10_n_0.  Did not re-place instance u_mem/u_bridge/r_len[10]_i_10/O
INFO: [Physopt 32-662] Processed net u_mem/u_bridge/r_len[10]_i_3_n_0.  Did not re-place instance u_mem/u_bridge/r_len[10]_i_3/O
INFO: [Physopt 32-662] Processed net u_mem/u_bridge/r_len[8]_i_10_n_0.  Did not re-place instance u_mem/u_bridge/r_len[8]_i_10/O
INFO: [Physopt 32-662] Processed net u_mem/u_bridge/stat_ill_rd[15]_i_4_n_0.  Did not re-place instance u_mem/u_bridge/stat_ill_rd[15]_i_4/O
INFO: [Physopt 32-662] Processed net u_mem/u_bridge/len_tab[1].  Did not re-place instance u_mem/u_bridge/r_len[1]_i_1/O
INFO: [Physopt 32-662] Processed net u_mem/u_bridge/r_len[1]_i_2_n_0.  Did not re-place instance u_mem/u_bridge/r_len[1]_i_2/O
INFO: [Physopt 32-662] Processed net u_mem/u_bridge/r_len[1]_i_6_n_0.  Did not re-place instance u_mem/u_bridge/r_len[1]_i_6/O
INFO: [Physopt 32-662] Processed net u_mem/u_bridge/ro_wm[1]_repN_4.  Did not re-place instance u_mem/u_bridge/stat_wm_reg[1]_replica_4/Q
INFO: [Physopt 32-662] Processed net u_mem/u_bridge/r_len[1]_i_15_n_0.  Did not re-place instance u_mem/u_bridge/r_len[1]_i_15/O
INFO: [Physopt 32-662] Processed net u_mem/u_bridge/r_len[1]_i_4_n_0.  Did not re-place instance u_mem/u_bridge/r_len[1]_i_4/O
INFO: [Physopt 32-662] Processed net u_mem/u_bridge/r_len[2]_i_15_n_0.  Did not re-place instance u_mem/u_bridge/r_len[2]_i_15/O
INFO: [Physopt 32-662] Processed net u_mem/u_bridge/len_tab[14].  Did not re-place instance u_mem/u_bridge/r_len[14]_i_1/O
INFO: [Physopt 32-662] Processed net u_mem/u_bridge/r_len[14]_i_16_n_0.  Did not re-place instance u_mem/u_bridge/r_len[14]_i_16/O
INFO: [Physopt 32-662] Processed net u_mem/u_bridge/r_len[14]_i_4_n_0.  Did not re-place instance u_mem/u_bridge/r_len[14]_i_4/O
INFO: [Physopt 32-662] Processed net u_mem/u_bridge/len_tab[4].  Did not re-place instance u_mem/u_bridge/r_len[4]_i_1/O
INFO: [Physopt 32-662] Processed net u_mem/u_bridge/r_len[4]_i_12_n_0.  Did not re-place instance u_mem/u_bridge/r_len[4]_i_12/O
INFO: [Physopt 32-662] Processed net u_mem/u_bridge/r_len[4]_i_3_n_0.  Did not re-place instance u_mem/u_bridge/r_len[4]_i_3/O
INFO: [Physopt 32-662] Processed net u_mem/u_bridge/r_len[6]_i_2_n_0.  Did not re-place instance u_mem/u_bridge/r_len[6]_i_2/O
INFO: [Physopt 32-662] Processed net u_mem/u_bridge/r_len[6]_i_8_n_0.  Did not re-place instance u_mem/u_bridge/r_len[6]_i_8/O
INFO: [Physopt 32-662] Processed net u_mem/u_bridge/len_tab[13].  Did not re-place instance u_mem/u_bridge/r_len[13]_i_1/O
INFO: [Physopt 32-662] Processed net u_mem/u_bridge/r_len[13]_i_12_n_0.  Did not re-place instance u_mem/u_bridge/r_len[13]_i_12/O
INFO: [Physopt 32-662] Processed net u_mem/u_bridge/r_len[13]_i_3_n_0.  Did not re-place instance u_mem/u_bridge/r_len[13]_i_3/O
INFO: [Physopt 32-662] Processed net u_mem/u_bridge/r_len[4]_i_11_n_0.  Did not re-place instance u_mem/u_bridge/r_len[4]_i_11/O
INFO: [Physopt 32-662] Processed net u_mem/u_bridge/r_len[6]_i_7_n_0.  Did not re-place instance u_mem/u_bridge/r_len[6]_i_7/O
INFO: [Physopt 32-662] Processed net u_mem/u_bridge/len_tab[0].  Did not re-place instance u_mem/u_bridge/r_len[0]_i_1/O
INFO: [Physopt 32-662] Processed net u_mem/u_bridge/r_len[0]_i_2_n_0.  Did not re-place instance u_mem/u_bridge/r_len[0]_i_2/O
INFO: [Physopt 32-662] Processed net u_mem/u_bridge/len_tab[15].  Did not re-place instance u_mem/u_bridge/r_len[15]_i_1/O
INFO: [Physopt 32-662] Processed net u_mem/u_bridge/r_len[15]_i_4_n_0.  Did not re-place instance u_mem/u_bridge/r_len[15]_i_4/O
INFO: [Physopt 32-662] Processed net u_mem/u_bridge/r_len[2]_i_10_n_0.  Did not re-place instance u_mem/u_bridge/r_len[2]_i_10/O
INFO: [Physopt 32-662] Processed net u_mem/u_bridge/r_len[2]_i_3_n_0.  Did not re-place instance u_mem/u_bridge/r_len[2]_i_3/O
INFO: [Physopt 32-661] Optimized 2 nets.  Re-placed 4 instances.
INFO: [Physopt 32-775] End 1 Pass. Optimized 2 nets or cells. Created 0 new cell, deleted 0 existing cell and moved 4 existing cells
INFO: [Physopt 32-619] Estimated Timing Summary | WNS=-0.708 | TNS=-415.263 |
Netlist sorting complete. Time (s): cpu = 00:00:01 ; elapsed = 00:00:00.020 . Memory (MB): peak = 21594.648 ; gain = 0.227
Phase 16 Multi Cell Placement Optimization | Checksum: c9619fbd

Time (s): cpu = 00:08:13 ; elapsed = 00:04:58 . Memory (MB): peak = 21594.648 ; gain = 15683.426

Phase 17 Rewire
INFO: [Physopt 32-246] Starting Signal Push optimization...
INFO: [Physopt 32-77] Pass 1. Identified 4 candidate nets for rewire optimization.
INFO: [Physopt 32-134] Processed net u_mem/u_bridge/stat_ill_rd[15]_i_10_n_0. Rewiring did not optimize the net.
INFO: [Physopt 32-134] Processed net u_mem/u_bridge/stat_ill_rd[15]_i_3_n_0_repN_1. Rewiring did not optimize the net.
INFO: [Physopt 32-242] Processed net u_mem/u_bridge/stat_ill_rd[15]_i_8_n_0. Rewired (signal push) u_mem/u_bridge/ro_wm[14]_repN_1 to 9 loads. Replicated 0 times.
INFO: [Physopt 32-134] Processed net u_mem/u_bridge/stat_ill_rd[15]_i_3_n_0_repN. Rewiring did not optimize the net.
INFO: [Physopt 32-232] Optimized 1 net. Created 0 new instance.
INFO: [Physopt 32-775] End 1 Pass. Optimized 1 net or cell. Created 0 new cell, deleted 0 existing cell and moved 0 existing cell
Netlist sorting complete. Time (s): cpu = 00:00:00 ; elapsed = 00:00:00.049 . Memory (MB): peak = 21661.371 ; gain = 0.000
INFO: [Physopt 32-619] Estimated Timing Summary | WNS=-0.708 | TNS=-415.263 |
Netlist sorting complete. Time (s): cpu = 00:00:00 ; elapsed = 00:00:00.021 . Memory (MB): peak = 21661.371 ; gain = 0.000
Phase 17 Rewire | Checksum: 1e3c175c0

Time (s): cpu = 00:08:15 ; elapsed = 00:05:00 . Memory (MB): peak = 21661.371 ; gain = 15750.148

Phase 18 Critical Cell Optimization
INFO: [Physopt 32-46] Identified 30 candidate nets for critical-cell optimization.
INFO: [Physopt 32-572] Net u_mem/u_bridge/stat_ill_rd[15]_i_5_n_0 was not replicated.
Resolution: phys_opt_design can be forced to replicate a net driver using the option -force_replication_on_nets <list of net objects>.
INFO: [Physopt 32-572] Net u_mem/u_bridge/r_slot[7]_i_3_n_0 was not replicated.
Resolution: phys_opt_design can be forced to replicate a net driver using the option -force_replication_on_nets <list of net objects>.
INFO: [Physopt 32-572] Net u_mem/u_bridge/stat_ill_rd[15]_i_6_n_0 was not replicated.
Resolution: phys_opt_design can be forced to replicate a net driver using the option -force_replication_on_nets <list of net objects>.
INFO: [Physopt 32-572] Net u_mem/u_bridge/r_slot[7]_i_3_n_0_repN was not replicated.
Resolution: phys_opt_design can be forced to replicate a net driver using the option -force_replication_on_nets <list of net objects>.
INFO: [Physopt 32-572] Net u_mem/u_bridge/FSM_onehot_rstate[0]_i_1_n_0 was not replicated.
Resolution: phys_opt_design can be forced to replicate a net driver using the option -force_replication_on_nets <list of net objects>.
INFO: [Physopt 32-572] Net u_mem2/u_bridge/w_beats[7]_i_1_n_0 was not replicated.
Resolution: phys_opt_design can be forced to replicate a net driver using the option -force_replication_on_nets <list of net objects>.
INFO: [Physopt 32-81] Processed net u_mem2/u_bridge/w_slotfull_i_1_n_0. Replicated 1 times.
INFO: [Physopt 32-81] Processed net u_mem2/u_bridge/full_bit_reg_n_0_[130]. Replicated 2 times.
INFO: [Physopt 32-572] Net u_mem2/u_bridge/r_slot[7]_i_12_n_0 was not replicated.
Resolution: phys_opt_design can be forced to replicate a net driver using the option -force_replication_on_nets <list of net objects>.
INFO: [Physopt 32-81] Processed net u_mem2/u_bridge/ro_wm[14]. Replicated 1 times.
INFO: [Physopt 32-572] Net u_mem2/u_bridge/ro_wm[0]_repN was not replicated.
Resolution: phys_opt_design can be forced to replicate a net driver using the option -force_replication_on_nets <list of net objects>.
INFO: [Physopt 32-572] Net u_mem2/u_bridge/r_slot[4]_i_2_n_0 was not replicated.
Resolution: phys_opt_design can be forced to replicate a net driver using the option -force_replication_on_nets <list of net objects>.
INFO: [Physopt 32-81] Processed net u_mem2/u_bridge/ro_wm[3]. Replicated 1 times.
INFO: [Physopt 32-81] Processed net u_mem2/u_bridge/ro_wm[1]_repN_2. Replicated 2 times.
INFO: [Physopt 32-81] Processed net u_ddr4/inst/u_ddr4_mem_intfc/u_ddr_mc/bgr[1].u_ddr_mc_group/txn_fifo_output[47]_i_2__1_n_0. Replicated 1 times.
INFO: [Physopt 32-81] Processed net u_ddr4/inst/u_ddr4_mem_intfc/u_ddr_mc/bgr[1].u_ddr_mc_group/txn_fifo_rptr[1]_i_3_n_0. Replicated 1 times.
INFO: [Physopt 32-572] Net u_mem/u_bridge/ro_wm[6]_repN was not replicated.
Resolution: phys_opt_design can be forced to replicate a net driver using the option -force_replication_on_nets <list of net objects>.
INFO: [Physopt 32-572] Net u_mem/u_bridge/dbg_rd_slot[0]_i_3_n_0 was not replicated.
Resolution: phys_opt_design can be forced to replicate a net driver using the option -force_replication_on_nets <list of net objects>.
INFO: [Physopt 32-572] Net u_mem/u_bridge/stat_ill_rd[15]_i_8_n_0_repN was not replicated.
Resolution: phys_opt_design can be forced to replicate a net driver using the option -force_replication_on_nets <list of net objects>.
INFO: [Physopt 32-572] Net u_mem/u_bridge/ro_wm[14]_repN was not replicated.
Resolution: phys_opt_design can be forced to replicate a net driver using the option -force_replication_on_nets <list of net objects>.
INFO: [Physopt 32-572] Net u_mem/u_bridge/ro_wm[12]_repN was not replicated.
Resolution: phys_opt_design can be forced to replicate a net driver using the option -force_replication_on_nets <list of net objects>.
INFO: [Physopt 32-572] Net u_mem/u_bridge/stat_ill_rd[15]_i_11_n_0 was not replicated.
Resolution: phys_opt_design can be forced to replicate a net driver using the option -force_replication_on_nets <list of net objects>.
INFO: [Physopt 32-572] Net u_mem/u_bridge/ro_wm[0]_repN was not replicated.
Resolution: phys_opt_design can be forced to replicate a net driver using the option -force_replication_on_nets <list of net objects>.
INFO: [Physopt 32-572] Net u_mem/u_bridge/r_slot[1]_i_2_n_0 was not replicated.
Resolution: phys_opt_design can be forced to replicate a net driver using the option -force_replication_on_nets <list of net objects>.
INFO: [Physopt 32-572] Net u_mem/u_bridge/ro_wm[15] was not replicated.
Resolution: phys_opt_design can be forced to replicate a net driver using the option -force_replication_on_nets <list of net objects>.
INFO: [Physopt 32-572] Net u_mem/u_bridge/stat_ill_rd[15]_i_9_n_0 was not replicated.
Resolution: phys_opt_design can be forced to replicate a net driver using the option -force_replication_on_nets <list of net objects>.
INFO: [Physopt 32-601] Processed net u_mem2/u_wr_bytes/gray2bin_return[2]. Net driver u_mem2/u_wr_bytes/rd_level_carry_i_6 was replaced.
INFO: [Physopt 32-232] Optimized 8 nets. Created 9 new instances.
INFO: [Physopt 32-775] End 1 Pass. Optimized 8 nets or cells. Created 9 new cells, deleted 0 existing cell and moved 0 existing cell
INFO: [Physopt 32-619] Estimated Timing Summary | WNS=-0.708 | TNS=-403.048 |
Netlist sorting complete. Time (s): cpu = 00:00:00 ; elapsed = 00:00:00.084 . Memory (MB): peak = 23576.582 ; gain = 0.762
Phase 18 Critical Cell Optimization | Checksum: 1cfeda70c

Time (s): cpu = 00:09:02 ; elapsed = 00:05:28 . Memory (MB): peak = 23576.582 ; gain = 17665.359

Phase 19 DSP Register Optimization
INFO: [Physopt 32-456] No candidate cells for DSP register optimization found in the design.
INFO: [Physopt 32-775] End 1 Pass. Optimized 0 net or cell. Created 0 new cell, deleted 0 existing cell and moved 0 existing cell
Phase 19 DSP Register Optimization | Checksum: 1cfeda70c

Time (s): cpu = 00:09:02 ; elapsed = 00:05:28 . Memory (MB): peak = 23576.582 ; gain = 17665.359

Phase 20 BRAM Register Optimization
INFO: [Physopt 32-614] Property 'READ_WIDTH_B' on BRAM cell 'u_ddr4/inst/u_ddr4_mem_intfc/u_ddr_cal_top/u_ddr_cal/u_ddr_cal_addr_decode/u_ddr_cal_cplx/u_ddr_cal_cplx_data/rd_addr_101_reg_rep' Port 'B' is 0. Skip BRAM Register Optimization on the port
INFO: [Physopt 32-527] Pass 1: Identified 1 candidate cell for BRAM register optimization
INFO: [Physopt 32-666] Processed cell u_ddr4/inst/u_ddr4_mem_intfc/u_ddr_cal_top/u_ddr_cal/DDR_XSDB_BRAM/mem_inst/gen_mem[0].inst/mem_reg_bram_0. No change.
INFO: [Physopt 32-775] End 1 Pass. Optimized 0 net or cell. Created 0 new cell, deleted 0 existing cell and moved 0 existing cell
Netlist sorting complete. Time (s): cpu = 00:00:00 ; elapsed = 00:00:00.027 . Memory (MB): peak = 23576.582 ; gain = 0.000
Phase 20 BRAM Register Optimization | Checksum: 1cfeda70c

Time (s): cpu = 00:09:02 ; elapsed = 00:05:29 . Memory (MB): peak = 23576.582 ; gain = 17665.359

Phase 21 URAM Register Optimization
INFO: [Physopt 32-846] No candidate cells for URAM register optimization found in the design
INFO: [Physopt 32-775] End 1 Pass. Optimized 0 net or cell. Created 0 new cell, deleted 0 existing cell and moved 0 existing cell
INFO: [Physopt 32-846] No candidate cells for URAM register optimization found in the design
INFO: [Physopt 32-775] End 1 Pass. Optimized 0 net or cell. Created 0 new cell, deleted 0 existing cell and moved 0 existing cell
Phase 21 URAM Register Optimization | Checksum: 1cfeda70c

Time (s): cpu = 00:09:03 ; elapsed = 00:05:29 . Memory (MB): peak = 23576.582 ; gain = 17665.359

Phase 22 Shift Register Optimization
INFO: [Physopt 32-677] No candidate cells for Shift Register optimization found in the design
INFO: [Physopt 32-775] End 1 Pass. Optimized 0 net or cell. Created 0 new cell, deleted 0 existing cell and moved 0 existing cell
Phase 22 Shift Register Optimization | Checksum: 1cfeda70c

Time (s): cpu = 00:09:03 ; elapsed = 00:05:29 . Memory (MB): peak = 23576.582 ; gain = 17665.359

Phase 23 DSP Register Optimization
INFO: [Physopt 32-456] No candidate cells for DSP register optimization found in the design.
INFO: [Physopt 32-775] End 1 Pass. Optimized 0 net or cell. Created 0 new cell, deleted 0 existing cell and moved 0 existing cell
Phase 23 DSP Register Optimization | Checksum: 1cfeda70c

Time (s): cpu = 00:09:03 ; elapsed = 00:05:30 . Memory (MB): peak = 23576.582 ; gain = 17665.359

Phase 24 BRAM Register Optimization
INFO: [Physopt 32-614] Property 'READ_WIDTH_B' on BRAM cell 'u_ddr4/inst/u_ddr4_mem_intfc/u_ddr_cal_top/u_ddr_cal/u_ddr_cal_addr_decode/u_ddr_cal_cplx/u_ddr_cal_cplx_data/rd_addr_101_reg_rep' Port 'B' is 0. Skip BRAM Register Optimization on the port
INFO: [Physopt 32-527] Pass 1: Identified 1 candidate cell for BRAM register optimization
INFO: [Physopt 32-666] Processed cell u_ddr4/inst/u_ddr4_mem_intfc/u_ddr_cal_top/u_ddr_cal/DDR_XSDB_BRAM/mem_inst/gen_mem[0].inst/mem_reg_bram_0. No change.
INFO: [Physopt 32-775] End 1 Pass. Optimized 0 net or cell. Created 0 new cell, deleted 0 existing cell and moved 0 existing cell
Netlist sorting complete. Time (s): cpu = 00:00:00 ; elapsed = 00:00:00.017 . Memory (MB): peak = 23576.582 ; gain = 0.000
Phase 24 BRAM Register Optimization | Checksum: 1cfeda70c

Time (s): cpu = 00:09:04 ; elapsed = 00:05:30 . Memory (MB): peak = 23576.582 ; gain = 17665.359

Phase 25 URAM Register Optimization
INFO: [Physopt 32-846] No candidate cells for URAM register optimization found in the design
INFO: [Physopt 32-775] End 1 Pass. Optimized 0 net or cell. Created 0 new cell, deleted 0 existing cell and moved 0 existing cell
INFO: [Physopt 32-846] No candidate cells for URAM register optimization found in the design
INFO: [Physopt 32-775] End 1 Pass. Optimized 0 net or cell. Created 0 new cell, deleted 0 existing cell and moved 0 existing cell
Phase 25 URAM Register Optimization | Checksum: 1cfeda70c

Time (s): cpu = 00:09:04 ; elapsed = 00:05:30 . Memory (MB): peak = 23576.582 ; gain = 17665.359

Phase 26 Shift Register Optimization
INFO: [Physopt 32-677] No candidate cells for Shift Register optimization found in the design
INFO: [Physopt 32-775] End 1 Pass. Optimized 0 net or cell. Created 0 new cell, deleted 0 existing cell and moved 0 existing cell
Phase 26 Shift Register Optimization | Checksum: 1cfeda70c

Time (s): cpu = 00:09:04 ; elapsed = 00:05:31 . Memory (MB): peak = 23576.582 ; gain = 17665.359

Phase 27 Critical Pin Optimization
INFO: [Physopt 32-606] Identified 100 candidate nets for critical-pin optimization.
INFO: [Physopt 32-608] Optimized 31 nets.  Swapped 1720 pins.
INFO: [Physopt 32-775] End 1 Pass. Optimized 31 nets or cells. Created 0 new cell, deleted 0 existing cell and moved 1720 existing cells
INFO: [Physopt 32-619] Estimated Timing Summary | WNS=-0.665 | TNS=-397.403 |
Netlist sorting complete. Time (s): cpu = 00:00:00 ; elapsed = 00:00:00.020 . Memory (MB): peak = 23766.145 ; gain = 0.227
Phase 27 Critical Pin Optimization | Checksum: 1d0c14c62

Time (s): cpu = 00:09:08 ; elapsed = 00:05:36 . Memory (MB): peak = 23766.145 ; gain = 17854.922

Phase 28 Very High Fanout Optimization
INFO: [Physopt 32-1132] Very high fanout net 'u_ddr4/inst/u_ddr4_mem_intfc/u_ddr_cal_top/u_ddr_mc_pi/u_ddr_mc_read/Q[0]' is not considered as a candidate in VHFN optimzation. The fanout considered for this optimization is changed from 787 to 186 due to a timing constraint that prevent optimization on all of the loads. To force replication, set the FORCE_MAX_FANOUT property on the net to a number less than 186.
INFO: [Physopt 32-1132] Very high fanout net 'u_ddr4/inst/u_ddr4_mem_intfc/u_ddr_cal_top/u_ddr_mc_pi/u_ddr_mc_read/Q[1]' is not considered as a candidate in VHFN optimzation. The fanout considered for this optimization is changed from 787 to 186 due to a timing constraint that prevent optimization on all of the loads. To force replication, set the FORCE_MAX_FANOUT property on the net to a number less than 186.
INFO: [Physopt 32-1132] Very high fanout net 'u_ddr4/inst/u_ddr4_mem_intfc/u_ddr_cal_top/u_ddr_mc_pi/u_ddr_mc_read/Q[2]' is not considered as a candidate in VHFN optimzation. The fanout considered for this optimization is changed from 787 to 186 due to a timing constraint that prevent optimization on all of the loads. To force replication, set the FORCE_MAX_FANOUT property on the net to a number less than 186.
INFO: [Physopt 32-1132] Very high fanout net 'u_ddr4/inst/u_ddr4_mem_intfc/u_ddr_cal_top/u_ddr_mc_pi/u_ddr_mc_read/rdDataAddr_reg[3]_rep_0' is not considered as a candidate in VHFN optimzation. The fanout considered for this optimization is changed from 292 to 90 due to a timing constraint that prevent optimization on all of the loads. To force replication, set the FORCE_MAX_FANOUT property on the net to a number less than 90.
INFO: [Physopt 32-1132] Very high fanout net 'u_ddr4/inst/u_ddr4_mem_intfc/u_ddr_cal_top/u_ddr_mc_pi/u_ddr_mc_read/rdDataAddr_reg[3]_rep__0_0' is not considered as a candidate in VHFN optimzation. The fanout considered for this optimization is changed from 292 to 90 due to a timing constraint that prevent optimization on all of the loads. To force replication, set the FORCE_MAX_FANOUT property on the net to a number less than 90.
INFO: [Physopt 32-1132] Very high fanout net 'u_ddr4/inst/u_ddr4_mem_intfc/u_ddr_cal_top/u_ddr_mc_pi/u_ddr_mc_read/rdDataAddr_reg[3]_rep__1_0' is not considered as a candidate in VHFN optimzation. The fanout considered for this optimization is changed from 282 to 87 due to a timing constraint that prevent optimization on all of the loads. To force replication, set the FORCE_MAX_FANOUT property on the net to a number less than 87.
INFO: [Physopt 32-1132] Very high fanout net 'u_ddr4/inst/u_ddr4_mem_intfc/u_ddr_cal_top/u_ddr_mc_pi/u_ddr_mc_read/rdDataAddr_reg[4]_rep_0' is not considered as a candidate in VHFN optimzation. The fanout considered for this optimization is changed from 292 to 90 due to a timing constraint that prevent optimization on all of the loads. To force replication, set the FORCE_MAX_FANOUT property on the net to a number less than 90.
INFO: [Physopt 32-1132] Very high fanout net 'u_ddr4/inst/u_ddr4_mem_intfc/u_ddr_cal_top/u_ddr_mc_pi/u_ddr_mc_read/rdDataAddr_reg[4]_rep__0_0' is not considered as a candidate in VHFN optimzation. The fanout considered for this optimization is changed from 292 to 90 due to a timing constraint that prevent optimization on all of the loads. To force replication, set the FORCE_MAX_FANOUT property on the net to a number less than 90.
INFO: [Physopt 32-1132] Very high fanout net 'u_ddr4/inst/u_ddr4_mem_intfc/u_ddr_cal_top/u_ddr_mc_pi/u_ddr_mc_read/rdDataAddr_reg[4]_rep__1_0' is not considered as a candidate in VHFN optimzation. The fanout considered for this optimization is changed from 282 to 87 due to a timing constraint that prevent optimization on all of the loads. To force replication, set the FORCE_MAX_FANOUT property on the net to a number less than 87.
INFO: [Physopt 32-1132] Very high fanout net 'u_ddr4/inst/u_ddr4_mem_intfc/u_ddr_ui/u_ddr_ui_wr_data/wdf_rdy_ns' is not considered as a candidate in VHFN optimzation. The fanout considered for this optimization is changed from 768 to 97 due to a timing constraint that prevent optimization on all of the loads. To force replication, set the FORCE_MAX_FANOUT property on the net to a number less than 97.
INFO: [Physopt 32-1132] Very high fanout net 'u_ddr4/inst/u_ddr4_mem_intfc/u_ddr_ui/u_ddr_ui_wr_data/wb_wr_data_addr_w[2]' is not considered as a candidate in VHFN optimzation. The fanout considered for this optimization is changed from 769 to 98 due to a timing constraint that prevent optimization on all of the loads. To force replication, set the FORCE_MAX_FANOUT property on the net to a number less than 98.
INFO: [Physopt 32-1132] Very high fanout net 'u_ddr4/inst/u_ddr4_mem_intfc/u_ddr_ui/u_ddr_ui_wr_data/wb_wr_data_addr_w[1]' is not considered as a candidate in VHFN optimzation. The fanout considered for this optimization is changed from 769 to 98 due to a timing constraint that prevent optimization on all of the loads. To force replication, set the FORCE_MAX_FANOUT property on the net to a number less than 98.
INFO: [Physopt 32-1132] Very high fanout net 'u_ddr4/inst/u_ddr4_mem_intfc/u_ddr_ui/u_ddr_ui_wr_data/wb_wr_data_addr0_ns' is not considered as a candidate in VHFN optimzation. The fanout considered for this optimization is changed from 769 to 98 due to a timing constraint that prevent optimization on all of the loads. To force replication, set the FORCE_MAX_FANOUT property on the net to a number less than 98.
INFO: [Physopt 32-1132] Very high fanout net 'u_ddr4/inst/u_ddr4_mem_intfc/u_ddr_ui/u_ddr_ui_wr_data/wb_wr_data_addr_w[4]' is not considered as a candidate in VHFN optimzation. The fanout considered for this optimization is changed from 769 to 98 due to a timing constraint that prevent optimization on all of the loads. To force replication, set the FORCE_MAX_FANOUT property on the net to a number less than 98.
INFO: [Physopt 32-1132] Very high fanout net 'u_ddr4/inst/u_ddr4_mem_intfc/u_ddr_ui/u_ddr_ui_wr_data/wb_wr_data_addr_w[3]' is not considered as a candidate in VHFN optimzation. The fanout considered for this optimization is changed from 769 to 98 due to a timing constraint that prevent optimization on all of the loads. To force replication, set the FORCE_MAX_FANOUT property on the net to a number less than 98.
INFO: [Physopt 32-1132] Very high fanout net 'u_ila_0/inst/ila_core_inst/u_ila_regs/MU_SRL[0].mu_srl_reg/shift_en_o' is not considered as a candidate in VHFN optimzation. The fanout considered for this optimization is changed from 425 to 222 due to a timing constraint that prevent optimization on all of the loads. To force replication, set the FORCE_MAX_FANOUT property on the net to a number less than 222.
INFO: [Physopt 32-1132] Very high fanout net 'u_mem/u_wr_bytes/wr_bin_reg_n_0_[0]' is not considered as a candidate in VHFN optimzation. The fanout considered for this optimization is changed from 785 to 146 due to a timing constraint that prevent optimization on all of the loads. To force replication, set the FORCE_MAX_FANOUT property on the net to a number less than 146.
INFO: [Physopt 32-1132] Very high fanout net 'u_mem/u_wr_bytes/wr_bin_reg_n_0_[1]' is not considered as a candidate in VHFN optimzation. The fanout considered for this optimization is changed from 786 to 147 due to a timing constraint that prevent optimization on all of the loads. To force replication, set the FORCE_MAX_FANOUT property on the net to a number less than 147.
INFO: [Physopt 32-1132] Very high fanout net 'u_mem/u_wr_bytes/wr_bin_reg_n_0_[2]' is not considered as a candidate in VHFN optimzation. The fanout considered for this optimization is changed from 783 to 144 due to a timing constraint that prevent optimization on all of the loads. To force replication, set the FORCE_MAX_FANOUT property on the net to a number less than 144.
INFO: [Physopt 32-1132] Very high fanout net 'u_mem/u_wr_bytes/wr_bin_reg_n_0_[3]' is not considered as a candidate in VHFN optimzation. The fanout considered for this optimization is changed from 781 to 142 due to a timing constraint that prevent optimization on all of the loads. To force replication, set the FORCE_MAX_FANOUT property on the net to a number less than 142.
INFO: [Physopt 32-1132] Very high fanout net 'u_mem/u_wr_bytes/wr_bin_reg_n_0_[4]' is not considered as a candidate in VHFN optimzation. The fanout considered for this optimization is changed from 778 to 139 due to a timing constraint that prevent optimization on all of the loads. To force replication, set the FORCE_MAX_FANOUT property on the net to a number less than 139.
INFO: [Physopt 32-1132] Very high fanout net 'u_mem/u_wr_bytes/wr_bin_reg_n_0_[5]' is not considered as a candidate in VHFN optimzation. The fanout considered for this optimization is changed from 775 to 136 due to a timing constraint that prevent optimization on all of the loads. To force replication, set the FORCE_MAX_FANOUT property on the net to a number less than 136.
INFO: [Physopt 32-1132] Very high fanout net 'u_mem2/u_wr_bytes/wr_bin_reg_n_0_[0]' is not considered as a candidate in VHFN optimzation. The fanout considered for this optimization is changed from 785 to 146 due to a timing constraint that prevent optimization on all of the loads. To force replication, set the FORCE_MAX_FANOUT property on the net to a number less than 146.
INFO: [Physopt 32-1132] Very high fanout net 'u_mem2/u_wr_bytes/wr_bin_reg_n_0_[1]' is not considered as a candidate in VHFN optimzation. The fanout considered for this optimization is changed from 786 to 147 due to a timing constraint that prevent optimization on all of the loads. To force replication, set the FORCE_MAX_FANOUT property on the net to a number less than 147.
INFO: [Physopt 32-1132] Very high fanout net 'u_mem2/u_wr_bytes/wr_bin_reg_n_0_[2]' is not considered as a candidate in VHFN optimzation. The fanout considered for this optimization is changed from 783 to 144 due to a timing constraint that prevent optimization on all of the loads. To force replication, set the FORCE_MAX_FANOUT property on the net to a number less than 144.
INFO: [Physopt 32-1132] Very high fanout net 'u_mem2/u_wr_bytes/wr_bin_reg_n_0_[3]' is not considered as a candidate in VHFN optimzation. The fanout considered for this optimization is changed from 781 to 142 due to a timing constraint that prevent optimization on all of the loads. To force replication, set the FORCE_MAX_FANOUT property on the net to a number less than 142.
INFO: [Physopt 32-1132] Very high fanout net 'u_mem2/u_wr_bytes/wr_bin_reg_n_0_[4]' is not considered as a candidate in VHFN optimzation. The fanout considered for this optimization is changed from 778 to 139 due to a timing constraint that prevent optimization on all of the loads. To force replication, set the FORCE_MAX_FANOUT property on the net to a number less than 139.
INFO: [Physopt 32-1132] Very high fanout net 'u_mem2/u_wr_bytes/wr_bin_reg_n_0_[5]' is not considered as a candidate in VHFN optimzation. The fanout considered for this optimization is changed from 775 to 136 due to a timing constraint that prevent optimization on all of the loads. To force replication, set the FORCE_MAX_FANOUT property on the net to a number less than 136.
INFO: [Physopt 32-76] Pass 1. Identified 50 candidate nets for fanout optimization.
INFO: [Physopt 32-572] Net u_mem/u_bridge/sel0[2] was not replicated.
Resolution: phys_opt_design can be forced to replicate a net driver using the option -force_replication_on_nets <list of net objects>.
INFO: [Physopt 32-81] Processed net u_arb/wgrant_reg_n_0. Replicated 1 times.
INFO: [Physopt 32-81] Processed net u_mem/u_bridge/w_data_r[511]_i_5_n_0. Replicated 1 times.
INFO: [Physopt 32-81] Processed net u_mem/u_bridge/r_beat_data. Replicated 1 times.
INFO: [Physopt 32-572] Net u_mem2/u_bridge/w_data_r[511]_i_5_n_0 was not replicated.
Resolution: phys_opt_design can be forced to replicate a net driver using the option -force_replication_on_nets <list of net objects>.
INFO: [Physopt 32-81] Processed net u_mem2/u_bridge/r_beat_data__0. Replicated 1 times.
INFO: [Physopt 32-81] Processed net u_ddr4/inst/u_ddr4_mem_intfc/u_ddr_cal_top/u_ddr_mc_pi/u_ddr_mc_write/wrDataVal_reg_0. Replicated 1 times.
INFO: [Physopt 32-81] Processed net u_ddr4/inst/u_ddr_axi/axi_r_channel_0/rd_data_fifo_0/cnt_read_reg[0]_rep_n_0. Replicated 1 times.
INFO: [Physopt 32-81] Processed net u_ddr4/inst/u_ddr4_mem_intfc/u_ddr_cal_top/u_ddr_mc_pi/u_ddr_mc_write/genByte[7].u_ddr_mc_wr_byte/genBit[0].u_ddr_mc_wr_bit/wosp_reg[1]_0. Replicated 2 times.
INFO: [Physopt 32-81] Processed net u_ddr4/inst/u_ddr_axi/axi_r_channel_0/rd_data_fifo_0/cnt_read_reg[1]_rep_n_0. Replicated 1 times.
INFO: [Physopt 32-81] Processed net u_ddr4/inst/u_ddr_axi/axi_r_channel_0/rd_data_fifo_0/cnt_read_reg[3]_rep_n_0. Replicated 1 times.
INFO: [Physopt 32-81] Processed net u_ddr4/inst/u_ddr_axi/axi_r_channel_0/rd_data_fifo_0/cnt_read_reg[2]_rep_n_0. Replicated 1 times.
INFO: [Physopt 32-81] Processed net u_ddr4/inst/u_ddr4_mem_intfc/u_ddr_ui/rst_r1. Replicated 1 times.
INFO: [Physopt 32-572] Net u_ddr4/inst/u_ddr4_mem_intfc/u_ddr_cal_top/u_ddr_cal/u_ddr_cal_addr_decode/rst_r1 was not replicated.
Resolution: phys_opt_design can be forced to replicate a net driver using the option -force_replication_on_nets <list of net objects>.
INFO: [Physopt 32-81] Processed net u_ddr4/inst/u_ddr_axi/axi_r_channel_0/rd_data_fifo_0/cnt_read_reg[4]_rep_n_0. Replicated 1 times.
INFO: [Physopt 32-572] Net u_ddr4/inst/u_ddr4_mem_intfc/u_ddr_cal_top/u_ddr_cal/calDone_reg_1 was not replicated.
Resolution: phys_opt_design can be forced to replicate a net driver using the option -force_replication_on_nets <list of net objects>.
INFO: [Physopt 32-81] Processed net u_ddr4/inst/u_ddr4_mem_intfc/u_ddr_cal_top/u_ddr_mc_pi/rst_r1. Replicated 1 times.
INFO: [Physopt 32-81] Processed net u_ddr4/inst/u_ddr4_mem_intfc/u_ddr_cal_top/u_ddr_cal/u_ddr_cal_addr_decode/u_ddr_cal_cplx/cas_uses_dm. Replicated 2 times.
INFO: [Physopt 32-81] Processed net u_ddr4/inst/u_ddr4_mem_intfc/u_ddr_ui/u_ddr_ui_rd_data/app_rd_data_valid. Replicated 1 times.
INFO: [Physopt 32-81] Processed net u_ddr4/inst/u_ddr4_mem_intfc/u_ddr_cal_top/u_ddr_cal/u_ddr_cal_addr_decode/lrdimm_drive_dq_reg_n_0. Replicated 1 times.
INFO: [Physopt 32-81] Processed net u_ddr4/inst/u_ddr4_mem_intfc/u_ddr_cal_top/u_ddr_cal/u_ddr_cal_addr_decode/mcal_DQIn_byte_r0. Replicated 1 times.
INFO: [Physopt 32-232] Optimized 17 nets. Created 19 new instances.
INFO: [Physopt 32-775] End 1 Pass. Optimized 17 nets or cells. Created 19 new cells, deleted 0 existing cell and moved 0 existing cell
INFO: [Physopt 32-619] Estimated Timing Summary | WNS=-0.665 | TNS=-384.568 |
Netlist sorting complete. Time (s): cpu = 00:00:00 ; elapsed = 00:00:00.294 . Memory (MB): peak = 23972.852 ; gain = 0.504
Phase 28 Very High Fanout Optimization | Checksum: 14a598205

Time (s): cpu = 00:09:37 ; elapsed = 00:05:55 . Memory (MB): peak = 23972.852 ; gain = 18061.629

Phase 29 Single Cell Placement Optimization
INFO: [Physopt 32-660] Identified 250 candidate nets for placement-based optimization.
INFO: [Physopt 32-662] Processed net u_mem/u_bridge/sel0[0].  Did not re-place instance u_mem/u_bridge/dbg_rd_slot[0]_i_2
INFO: [Physopt 32-662] Processed net u_mem/u_bridge/r_slot.  Did not re-place instance u_mem/u_bridge/r_slot[7]_i_1
INFO: [Physopt 32-662] Processed net u_mem/u_bridge/ro_wm[2].  Did not re-place instance u_mem/u_bridge/stat_wm_reg[2]
INFO: [Physopt 32-662] Processed net u_mem/u_bridge/stat_ill_rd[15]_i_5_n_0.  Did not re-place instance u_mem/u_bridge/stat_ill_rd[15]_i_5
INFO: [Physopt 32-662] Processed net u_mem/u_bridge/r_slot[1]_i_7_n_0.  Did not re-place instance u_mem/u_bridge/r_slot[1]_i_7
INFO: [Physopt 32-662] Processed net u_mem/u_bridge/stat_ill_rd[15]_i_33_n_0.  Did not re-place instance u_mem/u_bridge/stat_ill_rd[15]_i_33
INFO: [Physopt 32-662] Processed net u_mem/u_bridge/in8[19].  Did not re-place instance u_mem/u_bridge/r_len_reg[11]
INFO: [Physopt 32-662] Processed net u_mem/u_bridge/in8[20].  Did not re-place instance u_mem/u_bridge/r_len_reg[12]
INFO: [Physopt 32-662] Processed net u_mem/u_bridge/ro_wm[5].  Did not re-place instance u_mem/u_bridge/stat_wm_reg[5]
INFO: [Physopt 32-662] Processed net u_mem/u_bridge/r_slot[1]_i_6_n_0.  Did not re-place instance u_mem/u_bridge/r_slot[1]_i_6
INFO: [Physopt 32-662] Processed net u_mem/u_bridge/stat_ill_rd[15]_i_34_n_0.  Did not re-place instance u_mem/u_bridge/stat_ill_rd[15]_i_34
INFO: [Physopt 32-662] Processed net u_mem/u_bridge/stat_ill_rd[15]_i_93_n_0.  Did not re-place instance u_mem/u_bridge/stat_ill_rd[15]_i_93
INFO: [Physopt 32-662] Processed net u_mem/u_bridge/stat_ill_rd[15]_i_92_n_0.  Did not re-place instance u_mem/u_bridge/stat_ill_rd[15]_i_92
INFO: [Physopt 32-662] Processed net u_mem/u_bridge/ro_wm[0].  Did not re-place instance u_mem/u_bridge/stat_wm_reg[0]
INFO: [Physopt 32-662] Processed net u_mem/u_bridge/r_slot[1]_i_8_n_0.  Did not re-place instance u_mem/u_bridge/r_slot[1]_i_8
INFO: [Physopt 32-662] Processed net u_mem/u_bridge/r_slot[1]_i_11_n_0.  Did not re-place instance u_mem/u_bridge/r_slot[1]_i_11
INFO: [Physopt 32-662] Processed net u_mem/u_bridge/r_slot[1]_i_10_n_0.  Did not re-place instance u_mem/u_bridge/r_slot[1]_i_10
INFO: [Physopt 32-662] Processed net u_mem/u_bridge/r_slot[1]_i_1_n_0.  Did not re-place instance u_mem/u_bridge/r_slot[1]_i_1
INFO: [Physopt 32-662] Processed net u_mem/u_bridge/stat_ill_rd[15]_i_32_n_0.  Did not re-place instance u_mem/u_bridge/stat_ill_rd[15]_i_32
INFO: [Physopt 32-662] Processed net u_mem/u_bridge/stat_ill_rd[15]_i_85_n_0.  Did not re-place instance u_mem/u_bridge/stat_ill_rd[15]_i_85
INFO: [Physopt 32-662] Processed net u_mem/u_bridge/pre_slot_reg_n_0_[3].  Did not re-place instance u_mem/u_bridge/pre_slot_reg[3]
INFO: [Physopt 32-662] Processed net u_mem/u_bridge/r_slot[1]_i_12_n_0.  Did not re-place instance u_mem/u_bridge/r_slot[1]_i_12
INFO: [Physopt 32-662] Processed net u_mem/u_bridge/stat_ill_rd[15]_i_30_n_0.  Did not re-place instance u_mem/u_bridge/stat_ill_rd[15]_i_30
INFO: [Physopt 32-662] Processed net u_mem/u_bridge/stat_ill_rd[15]_i_77_n_0.  Did not re-place instance u_mem/u_bridge/stat_ill_rd[15]_i_77
INFO: [Physopt 32-662] Processed net u_mem/u_bridge/stat_ill_rd[15]_i_35_n_0.  Did not re-place instance u_mem/u_bridge/stat_ill_rd[15]_i_35
INFO: [Physopt 32-662] Processed net u_mem/u_bridge/stat_ill_rd[15]_i_97_n_0.  Did not re-place instance u_mem/u_bridge/stat_ill_rd[15]_i_97
INFO: [Physopt 32-662] Processed net u_mem/u_bridge/ro_wm[1]_repN_4.  Did not re-place instance u_mem/u_bridge/stat_wm_reg[1]_replica_4
INFO: [Physopt 32-662] Processed net u_mem/u_bridge/stat_ill_rd[15]_i_96_n_0.  Did not re-place instance u_mem/u_bridge/stat_ill_rd[15]_i_96
INFO: [Physopt 32-662] Processed net u_mem/u_bridge/stat_ill_rd[15]_i_84_n_0.  Did not re-place instance u_mem/u_bridge/stat_ill_rd[15]_i_84
INFO: [Physopt 32-662] Processed net u_mem/u_bridge/pre_slot_reg_n_0_[0].  Did not re-place instance u_mem/u_bridge/pre_slot_reg[0]
INFO: [Physopt 32-662] Processed net u_mem/u_bridge/ro_wm[3].  Did not re-place instance u_mem/u_bridge/stat_wm_reg[3]
INFO: [Physopt 32-662] Processed net u_mem/u_bridge/sel0[2].  Did not re-place instance u_mem/u_bridge/r_slot[2]_i_1
INFO: [Physopt 32-662] Processed net u_mem/u_bridge/stat_ill_rd[15]_i_6_n_0.  Did not re-place instance u_mem/u_bridge/stat_ill_rd[15]_i_6_rewire_rewire
INFO: [Physopt 32-662] Processed net u_mem/u_bridge/len_tab[6].  Did not re-place instance u_mem/u_bridge/r_len[6]_i_1
INFO: [Physopt 32-662] Processed net u_mem/u_bridge/in8[14].  Did not re-place instance u_mem/u_bridge/r_len_reg[6]
INFO: [Physopt 32-662] Processed net u_mem/u_bridge/r_len[6]_i_13_n_0.  Did not re-place instance u_mem/u_bridge/r_len[6]_i_13
INFO: [Physopt 32-662] Processed net u_mem/u_bridge/r_len[6]_i_3_n_0.  Did not re-place instance u_mem/u_bridge/r_len[6]_i_3
INFO: [Physopt 32-662] Processed net u_mem/u_bridge/stat_ill_rd[15]_i_28_n_0.  Did not re-place instance u_mem/u_bridge/stat_ill_rd[15]_i_28
INFO: [Physopt 32-662] Processed net u_mem/u_bridge/stat_ill_rd[15]_i_69_n_0.  Did not re-place instance u_mem/u_bridge/stat_ill_rd[15]_i_69
INFO: [Physopt 32-662] Processed net u_mem/u_bridge/stat_ill_rd[15]_i_31_n_0.  Did not re-place instance u_mem/u_bridge/stat_ill_rd[15]_i_31
INFO: [Physopt 32-662] Processed net u_mem/u_bridge/stat_ill_rd[15]_i_80_n_0.  Did not re-place instance u_mem/u_bridge/stat_ill_rd[15]_i_80
INFO: [Physopt 32-662] Processed net u_mem/u_bridge/ro_wm[7]_repN.  Did not re-place instance u_mem/u_bridge/stat_wm_reg[7]_replica
INFO: [Physopt 32-662] Processed net u_mem/u_bridge/r_slot[1]_i_5_n_0.  Did not re-place instance u_mem/u_bridge/r_slot[1]_i_5
INFO: [Physopt 32-662] Processed net u_mem/u_bridge/ro_wm[4].  Did not re-place instance u_mem/u_bridge/stat_wm_reg[4]
INFO: [Physopt 32-662] Processed net u_mem/u_bridge/FSM_onehot_rstate_reg_n_0_[2].  Did not re-place instance u_mem/u_bridge/FSM_onehot_rstate_reg[2]
INFO: [Physopt 32-662] Processed net u_mem/u_bridge/pre_slot_reg_n_0_[2].  Did not re-place instance u_mem/u_bridge/pre_slot_reg[2]
INFO: [Physopt 32-662] Processed net u_mem/u_bridge/stat_ill_rd[15]_i_81_n_0.  Did not re-place instance u_mem/u_bridge/stat_ill_rd[15]_i_81
INFO: [Physopt 32-662] Processed net u_mem/u_bridge/len_tab[14].  Did not re-place instance u_mem/u_bridge/r_len[14]_i_1
INFO: [Physopt 32-662] Processed net u_mem/u_bridge/r_len[14]_i_16_n_0.  Did not re-place instance u_mem/u_bridge/r_len[14]_i_16
INFO: [Physopt 32-662] Processed net u_mem/u_bridge/r_len[14]_i_4_n_0.  Did not re-place instance u_mem/u_bridge/r_len[14]_i_4
INFO: [Physopt 32-662] Processed net u_mem/u_bridge/in8[22].  Did not re-place instance u_mem/u_bridge/r_len_reg[14]
INFO: [Physopt 32-662] Processed net u_mem/u_bridge/r_slot[1]_i_4_n_0_repN_3.  Did not re-place instance u_mem/u_bridge/r_slot[1]_i_4_replica_3_rewire
INFO: [Physopt 32-662] Processed net u_mem/u_bridge/stat_ill_rd[15]_i_8_n_0.  Did not re-place instance u_mem/u_bridge/stat_ill_rd[15]_i_8_rewire
INFO: [Physopt 32-662] Processed net u_mem/u_bridge/ro_wm[15].  Did not re-place instance u_mem/u_bridge/stat_wm_reg[15]
INFO: [Physopt 32-662] Processed net u_mem/u_bridge/pre_slot_reg_n_0_[4].  Did not re-place instance u_mem/u_bridge/pre_slot_reg[4]
INFO: [Physopt 32-662] Processed net u_mem/u_bridge/len_tab[8].  Did not re-place instance u_mem/u_bridge/r_len[8]_i_1
INFO: [Physopt 32-662] Processed net u_mem/u_bridge/r_len[8]_i_11_n_0.  Did not re-place instance u_mem/u_bridge/r_len[8]_i_11
INFO: [Physopt 32-662] Processed net u_mem/u_bridge/r_len[8]_i_3_n_0.  Did not re-place instance u_mem/u_bridge/r_len[8]_i_3
INFO: [Physopt 32-662] Processed net u_mem/u_bridge/in8[16].  Did not re-place instance u_mem/u_bridge/r_len_reg[8]
INFO: [Physopt 32-662] Processed net u_mem/u_bridge/ro_wm[12]_repN_1.  Did not re-place instance u_mem/u_bridge/stat_wm_reg[12]_replica_1
INFO: [Physopt 32-662] Processed net u_mem/u_bridge/sel0[4].  Did not re-place instance u_mem/u_bridge/r_slot[4]_i_1
INFO: [Physopt 32-662] Processed net u_mem/u_bridge/r_slot[7]_i_3_n_0_repN.  Did not re-place instance u_mem/u_bridge/r_slot[7]_i_3_rewire_replica_rewire
INFO: [Physopt 32-662] Processed net u_mem/u_bridge/pre_slot_reg_n_0_[7].  Did not re-place instance u_mem/u_bridge/pre_slot_reg[7]
INFO: [Physopt 32-662] Processed net u_mem/u_bridge/stat_ill_rd[15]_i_11_n_0.  Did not re-place instance u_mem/u_bridge/stat_ill_rd[15]_i_11
INFO: [Physopt 32-662] Processed net u_mem/u_bridge/ro_wm[0]_repN.  Did not re-place instance u_mem/u_bridge/stat_wm_reg[0]_replica
INFO: [Physopt 32-662] Processed net u_mem/u_bridge/stat_ill_rd[15]_i_3_n_0_repN.  Did not re-place instance u_mem/u_bridge/stat_ill_rd[15]_i_3_rewire_replica
INFO: [Physopt 32-662] Processed net u_mem/u_bridge/r_slot[1]_i_9_n_0.  Did not re-place instance u_mem/u_bridge/r_slot[1]_i_9
INFO: [Physopt 32-662] Processed net u_mem/u_bridge/ro_wm[13].  Did not re-place instance u_mem/u_bridge/stat_wm_reg[13]
INFO: [Physopt 32-662] Processed net u_mem/u_bridge/stat_ill_rd[15]_i_91_n_0.  Did not re-place instance u_mem/u_bridge/stat_ill_rd[15]_i_91
INFO: [Physopt 32-662] Processed net u_mem/u_bridge/stat_ill_rd[15]_i_10_n_0.  Did not re-place instance u_mem/u_bridge/stat_ill_rd[15]_i_10
INFO: [Physopt 32-662] Processed net u_mem/u_bridge/stat_ill_rd[15]_i_98_n_0.  Did not re-place instance u_mem/u_bridge/stat_ill_rd[15]_i_98
INFO: [Physopt 32-662] Processed net u_mem/u_bridge/stat_ill_rd[15]_i_87_n_0.  Did not re-place instance u_mem/u_bridge/stat_ill_rd[15]_i_87
INFO: [Physopt 32-662] Processed net u_mem/u_bridge/r_beats[2].  Did not re-place instance u_mem/u_bridge/r_beats_reg[2]
INFO: [Physopt 32-662] Processed net u_mem/u_bridge/len_beats_tab[2].  Did not re-place instance u_mem/u_bridge/r_beats[2]_i_1
INFO: [Physopt 32-662] Processed net u_mem/u_bridge/r_beats[2]_i_4_n_0.  Did not re-place instance u_mem/u_bridge/r_beats[2]_i_4
INFO: [Physopt 32-662] Processed net u_mem/u_bridge/stat_ill_rd[15]_i_29_n_0.  Did not re-place instance u_mem/u_bridge/stat_ill_rd[15]_i_29
INFO: [Physopt 32-662] Processed net u_mem/u_bridge/stat_ill_rd[15]_i_73_n_0.  Did not re-place instance u_mem/u_bridge/stat_ill_rd[15]_i_73
INFO: [Physopt 32-662] Processed net u_mem/u_bridge/in8[9].  Did not re-place instance u_mem/u_bridge/r_len_reg[1]
INFO: [Physopt 32-662] Processed net u_mem/u_bridge/len_tab[1].  Did not re-place instance u_mem/u_bridge/r_len[1]_i_1
INFO: [Physopt 32-662] Processed net u_mem/u_bridge/r_beats[2]_i_18_n_0.  Did not re-place instance u_mem/u_bridge/r_beats[2]_i_18
INFO: [Physopt 32-662] Processed net u_mem/u_bridge/r_beats[2]_i_5_n_0.  Did not re-place instance u_mem/u_bridge/r_beats[2]_i_5
INFO: [Physopt 32-662] Processed net u_mem/u_bridge/r_len[1]_i_14_n_0.  Did not re-place instance u_mem/u_bridge/r_len[1]_i_14
INFO: [Physopt 32-662] Processed net u_mem/u_bridge/r_len[1]_i_4_n_0.  Did not re-place instance u_mem/u_bridge/r_len[1]_i_4
INFO: [Physopt 32-662] Processed net u_mem/u_bridge/stat_ill_rd[15]_i_90_n_0.  Did not re-place instance u_mem/u_bridge/stat_ill_rd[15]_i_90
INFO: [Physopt 32-662] Processed net u_mem/u_wr_bytes/ub_dout[7].  Did not re-place instance u_mem/u_wr_bytes/w_data_r[511]_i_6
INFO: [Physopt 32-662] Processed net u_mem/u_bridge/w_data_r[303]_i_2_n_0.  Did not re-place instance u_mem/u_bridge/w_data_r[303]_i_2
INFO: [Physopt 32-662] Processed net u_mem/u_wr_bytes/w_data_r[511]_i_22_n_0.  Did not re-place instance u_mem/u_wr_bytes/w_data_r[511]_i_22
INFO: [Physopt 32-662] Processed net u_mem/u_bridge/m_axi_wdata[303].  Did not re-place instance u_mem/u_bridge/w_data_r_reg[303]
INFO: [Physopt 32-662] Processed net u_mem/u_bridge/stat_ill_rd[15]_i_4_n_0.  Did not re-place instance u_mem/u_bridge/stat_ill_rd[15]_i_4
INFO: [Physopt 32-662] Processed net u_mem/u_bridge/stat_ill_rd[15]_i_22_n_0.  Did not re-place instance u_mem/u_bridge/stat_ill_rd[15]_i_22
INFO: [Physopt 32-662] Processed net u_mem/u_bridge/stat_ill_rd[15]_i_44_n_0.  Did not re-place instance u_mem/u_bridge/stat_ill_rd[15]_i_44
INFO: [Physopt 32-662] Processed net u_mem/u_bridge/r_slot[7]_i_3_n_0.  Did not re-place instance u_mem/u_bridge/r_slot[7]_i_3_rewire_rewire
INFO: [Physopt 32-662] Processed net u_mem/u_bridge/stat_ill_rd[15]_i_3_n_0_repN_1.  Did not re-place instance u_mem/u_bridge/stat_ill_rd[15]_i_3_rewire_replica_1
INFO: [Physopt 32-662] Processed net u_mem/u_bridge/in8[10].  Did not re-place instance u_mem/u_bridge/r_len_reg[2]
INFO: [Physopt 32-662] Processed net u_mem/u_bridge/len_tab[2].  Did not re-place instance u_mem/u_bridge/r_len[2]_i_1
INFO: [Physopt 32-662] Processed net u_mem/u_bridge/r_len[2]_i_14_n_0.  Did not re-place instance u_mem/u_bridge/r_len[2]_i_14
INFO: [Physopt 32-662] Processed net u_mem/u_bridge/r_len[2]_i_4_n_0.  Did not re-place instance u_mem/u_bridge/r_len[2]_i_4
INFO: [Physopt 32-662] Processed net u_mem/u_bridge/r_len[6]_i_14_n_0.  Did not re-place instance u_mem/u_bridge/r_len[6]_i_14
INFO: [Physopt 32-662] Processed net u_mem/u_bridge/len_tab[15].  Did not re-place instance u_mem/u_bridge/r_len[15]_i_1
INFO: [Physopt 32-662] Processed net u_mem/u_bridge/r_len[15]_i_3_n_0.  Did not re-place instance u_mem/u_bridge/r_len[15]_i_3
INFO: [Physopt 32-662] Processed net u_mem/u_bridge/in8[23].  Did not re-place instance u_mem/u_bridge/r_len_reg[15]
INFO: [Physopt 32-662] Processed net u_mem/u_bridge/len_tab[13].  Did not re-place instance u_mem/u_bridge/r_len[13]_i_1
INFO: [Physopt 32-662] Processed net u_mem/u_bridge/r_len[13]_i_12_n_0.  Did not re-place instance u_mem/u_bridge/r_len[13]_i_12
INFO: [Physopt 32-662] Processed net u_mem/u_bridge/r_len[13]_i_3_n_0.  Did not re-place instance u_mem/u_bridge/r_len[13]_i_3
INFO: [Physopt 32-662] Processed net u_mem/u_bridge/in8[21].  Did not re-place instance u_mem/u_bridge/r_len_reg[13]
INFO: [Physopt 32-662] Processed net u_mem2/u_bridge/r_slot[7]_i_5_n_0.  Did not re-place instance u_mem2/u_bridge/r_slot[7]_i_5
INFO: [Physopt 32-662] Processed net u_mem2/u_bridge/ro_wm[0]_repN.  Did not re-place instance u_mem2/u_bridge/stat_wm_reg[0]_replica
INFO: [Physopt 32-662] Processed net u_mem2/u_bridge/r_beats[1].  Did not re-place instance u_mem2/u_bridge/r_beats_reg[1]
INFO: [Physopt 32-662] Processed net u_mem2/u_bridge/len_beats_tab[1].  Did not re-place instance u_mem2/u_bridge/r_beats[1]_i_1
INFO: [Physopt 32-662] Processed net u_mem2/u_bridge/r_beats[1]_i_16_n_0.  Did not re-place instance u_mem2/u_bridge/r_beats[1]_i_16
INFO: [Physopt 32-662] Processed net u_mem/u_bridge/stat_ill_rd[15]_i_79_n_0.  Did not re-place instance u_mem/u_bridge/stat_ill_rd[15]_i_79
INFO: [Physopt 32-662] Processed net u_mem/u_bridge/len_tab[9].  Did not re-place instance u_mem/u_bridge/r_len[9]_i_1
INFO: [Physopt 32-662] Processed net u_mem/u_bridge/r_len[8]_i_15_n_0.  Did not re-place instance u_mem/u_bridge/r_len[8]_i_15
INFO: [Physopt 32-662] Processed net u_mem/u_bridge/r_len[8]_i_4_n_0.  Did not re-place instance u_mem/u_bridge/r_len[8]_i_4
INFO: [Physopt 32-662] Processed net u_mem/u_bridge/r_len[9]_i_10_n_0.  Did not re-place instance u_mem/u_bridge/r_len[9]_i_10
INFO: [Physopt 32-662] Processed net u_mem/u_bridge/r_len[9]_i_3_n_0.  Did not re-place instance u_mem/u_bridge/r_len[9]_i_3
INFO: [Physopt 32-662] Processed net u_mem/u_bridge/in8[17].  Did not re-place instance u_mem/u_bridge/r_len_reg[9]
INFO: [Physopt 32-662] Processed net u_mem/u_bridge/stat_ill_rd[15]_i_27_n_0.  Did not re-place instance u_mem/u_bridge/stat_ill_rd[15]_i_27
INFO: [Physopt 32-662] Processed net u_mem/u_bridge/stat_ill_rd[15]_i_65_n_0.  Did not re-place instance u_mem/u_bridge/stat_ill_rd[15]_i_65
INFO: [Physopt 32-662] Processed net u_mem/u_bridge/stat_ill_rd[15]_i_68_n_0.  Did not re-place instance u_mem/u_bridge/stat_ill_rd[15]_i_68
INFO: [Physopt 32-662] Processed net u_mem/u_bridge/stat_ill_rd[15]_i_76_n_0.  Did not re-place instance u_mem/u_bridge/stat_ill_rd[15]_i_76
INFO: [Physopt 32-662] Processed net u_mem/u_bridge/len_tab[11].  Did not re-place instance u_mem/u_bridge/r_len[11]_i_1
INFO: [Physopt 32-662] Processed net u_mem/u_bridge/r_len[11]_i_4_n_0.  Did not re-place instance u_mem/u_bridge/r_len[11]_i_4
INFO: [Physopt 32-662] Processed net u_mem/u_bridge/stat_ill_rd[15]_i_89_n_0.  Did not re-place instance u_mem/u_bridge/stat_ill_rd[15]_i_89
INFO: [Physopt 32-662] Processed net u_mem/u_bridge/r_len[9]_i_4_n_0.  Did not re-place instance u_mem/u_bridge/r_len[9]_i_4
INFO: [Physopt 32-662] Processed net u_mem/u_bridge/r_beats[0].  Did not re-place instance u_mem/u_bridge/r_beats_reg[0]
INFO: [Physopt 32-662] Processed net u_mem/u_bridge/len_beats_tab[0].  Did not re-place instance u_mem/u_bridge/r_beats[0]_i_1
INFO: [Physopt 32-662] Processed net u_mem2/u_bridge/len_tab[8].  Did not re-place instance u_mem2/u_bridge/r_len[8]_i_1
INFO: [Physopt 32-662] Processed net u_mem2/u_bridge/r_beats[1]_i_19_n_0.  Did not re-place instance u_mem2/u_bridge/r_beats[1]_i_19
INFO: [Physopt 32-662] Processed net u_mem2/u_bridge/r_len[8]_i_19_n_0.  Did not re-place instance u_mem2/u_bridge/r_len[8]_i_19
INFO: [Physopt 32-662] Processed net u_mem2/u_bridge/in8[16].  Did not re-place instance u_mem2/u_bridge/r_len_reg[8]
INFO: [Physopt 32-662] Processed net u_mem/u_bridge/r_len[6]_i_18_n_0.  Did not re-place instance u_mem/u_bridge/r_len[6]_i_18
INFO: [Physopt 32-662] Processed net u_mem/u_bridge/r_len[6]_i_5_n_0.  Did not re-place instance u_mem/u_bridge/r_len[6]_i_5
INFO: [Physopt 32-662] Processed net u_mem/u_bridge/in8[8].  Did not re-place instance u_mem/u_bridge/r_len_reg[0]
INFO: [Physopt 32-662] Processed net u_mem/u_bridge/len_tab[0].  Did not re-place instance u_mem/u_bridge/r_len[0]_i_1
INFO: [Physopt 32-662] Processed net u_mem/u_bridge/r_len[0]_i_2_n_0.  Did not re-place instance u_mem/u_bridge/r_len[0]_i_2
INFO: [Physopt 32-662] Processed net u_mem/u_bridge/r_len[0]_i_6_n_0.  Did not re-place instance u_mem/u_bridge/r_len[0]_i_6
INFO: [Physopt 32-662] Processed net u_mem/u_bridge/ro_wm[6]_repN.  Did not re-place instance u_mem/u_bridge/stat_wm_reg[6]_replica
INFO: [Physopt 32-662] Processed net u_mem/u_bridge/stat_ill_rd[15]_i_64_n_0.  Did not re-place instance u_mem/u_bridge/stat_ill_rd[15]_i_64
INFO: [Physopt 32-662] Processed net u_mem/u_bridge/w_data_r[279]_i_2_n_0.  Did not re-place instance u_mem/u_bridge/w_data_r[279]_i_2
INFO: [Physopt 32-662] Processed net u_mem/u_bridge/m_axi_wdata[279].  Did not re-place instance u_mem/u_bridge/w_data_r_reg[279]
INFO: [Physopt 32-662] Processed net u_mem/u_bridge/pre_slot_reg_n_0_[1].  Did not re-place instance u_mem/u_bridge/pre_slot_reg[1]
INFO: [Physopt 32-662] Processed net u_mem/u_bridge/ro_wm[6]_repN_1.  Did not re-place instance u_mem/u_bridge/stat_wm_reg[6]_replica_1
INFO: [Physopt 32-662] Processed net u_mem/u_bridge/dbg_rd_slot[0]_i_3_n_0.  Did not re-place instance u_mem/u_bridge/dbg_rd_slot[0]_i_3_rewire
INFO: [Physopt 32-662] Processed net u_mem/u_bridge/stat_ill_rd[15]_i_8_n_0_repN.  Did not re-place instance u_mem/u_bridge/stat_ill_rd[15]_i_8_replica_rewire
INFO: [Physopt 32-662] Processed net u_mem/u_bridge/ro_wm[14]_repN.  Did not re-place instance u_mem/u_bridge/stat_wm_reg[14]_replica
INFO: [Physopt 32-662] Processed net u_mem2/u_bridge/r_slot[7]_i_12_n_0.  Did not re-place instance u_mem2/u_bridge/r_slot[7]_i_12
INFO: [Physopt 32-662] Processed net u_mem2/u_bridge/ro_wm[14]_repN.  Did not re-place instance u_mem2/u_bridge/stat_wm_reg[14]_replica
INFO: [Physopt 32-662] Processed net u_mem/u_bridge/r_len[9]_i_12_n_0.  Did not re-place instance u_mem/u_bridge/r_len[9]_i_12
INFO: [Physopt 32-662] Processed net u_mem/u_bridge/ro_wm[12]_repN.  Did not re-place instance u_mem/u_bridge/stat_wm_reg[12]_replica
INFO: [Physopt 32-662] Processed net u_mem/u_bridge/stat_ill_rd[15]_i_94_n_0.  Did not re-place instance u_mem/u_bridge/stat_ill_rd[15]_i_94
INFO: [Physopt 32-662] Processed net u_mem2/u_bridge/in8[10].  Did not re-place instance u_mem2/u_bridge/r_len_reg[2]
INFO: [Physopt 32-662] Processed net u_mem2/u_bridge/len_tab[2].  Did not re-place instance u_mem2/u_bridge/r_len[2]_i_1
INFO: [Physopt 32-662] Processed net u_mem2/u_bridge/r_len[2]_i_20_n_0.  Did not re-place instance u_mem2/u_bridge/r_len[2]_i_20
INFO: [Physopt 32-662] Processed net u_mem/u_bridge/r_len[1]_i_15_n_0.  Did not re-place instance u_mem/u_bridge/r_len[1]_i_15
INFO: [Physopt 32-662] Processed net u_mem/u_bridge/w_data_r[319]_i_2_n_0.  Did not re-place instance u_mem/u_bridge/w_data_r[319]_i_2
INFO: [Physopt 32-662] Processed net u_mem/u_bridge/stat_ill_rd[15]_i_23_n_0.  Did not re-place instance u_mem/u_bridge/stat_ill_rd[15]_i_23
INFO: [Physopt 32-662] Processed net u_mem/u_bridge/stat_ill_rd[15]_i_49_n_0.  Did not re-place instance u_mem/u_bridge/stat_ill_rd[15]_i_49
INFO: [Physopt 32-662] Processed net u_mem/u_bridge/r_beats[1].  Did not re-place instance u_mem/u_bridge/r_beats_reg[1]
INFO: [Physopt 32-662] Processed net u_mem/u_bridge/len_beats_tab[1].  Did not re-place instance u_mem/u_bridge/r_beats[1]_i_1
INFO: [Physopt 32-662] Processed net u_mem/u_bridge/r_beats[1]_i_4_n_0.  Did not re-place instance u_mem/u_bridge/r_beats[1]_i_4
INFO: [Physopt 32-662] Processed net u_mem/u_bridge/r_len[1]_i_17_n_0.  Did not re-place instance u_mem/u_bridge/r_len[1]_i_17
INFO: [Physopt 32-662] Processed net u_mem/u_bridge/stat_ill_rd[15]_i_26_n_0.  Did not re-place instance u_mem/u_bridge/stat_ill_rd[15]_i_26
INFO: [Physopt 32-662] Processed net u_mem/u_bridge/stat_ill_rd[15]_i_63_n_0.  Did not re-place instance u_mem/u_bridge/stat_ill_rd[15]_i_63
INFO: [Physopt 32-662] Processed net u_mem/u_wr_bytes/w_data_r[511]_i_28_n_0.  Did not re-place instance u_mem/u_wr_bytes/w_data_r[511]_i_28
INFO: [Physopt 32-662] Processed net u_mem/u_bridge/r_len[15]_i_10_n_0.  Did not re-place instance u_mem/u_bridge/r_len[15]_i_10
INFO: [Physopt 32-662] Processed net u_mem/u_bridge/r_len[1]_i_16_n_0.  Did not re-place instance u_mem/u_bridge/r_len[1]_i_16
INFO: [Physopt 32-662] Processed net u_mem/u_bridge/r_len[0]_i_7_n_0.  Did not re-place instance u_mem/u_bridge/r_len[0]_i_7
INFO: [Physopt 32-662] Processed net u_mem/u_bridge/stat_ill_rd[15]_i_45_n_0.  Did not re-place instance u_mem/u_bridge/stat_ill_rd[15]_i_45
INFO: [Physopt 32-662] Processed net u_mem/u_bridge/FSM_onehot_rstate[0]_i_1_n_0.  Did not re-place instance u_mem/u_bridge/FSM_onehot_rstate[0]_i_1
INFO: [Physopt 32-662] Processed net u_mem/u_bridge/rd_wr_data_reg[24]_0[17].  Did not re-place instance u_mem/u_bridge/rd_wr_data_reg[17]
INFO: [Physopt 32-662] Processed net u_mem/u_bridge/rd_wr_data_reg[24]_0[21].  Did not re-place instance u_mem/u_bridge/rd_wr_data_reg[21]
INFO: [Physopt 32-662] Processed net u_mem/u_bridge/rd_wr_data_reg[24]_0[23].  Did not re-place instance u_mem/u_bridge/rd_wr_data_reg[23]
INFO: [Physopt 32-662] Processed net u_mem/u_bridge/r_len[2]_i_15_n_0.  Did not re-place instance u_mem/u_bridge/r_len[2]_i_15
INFO: [Physopt 32-662] Processed net u_mem/u_bridge/stat_ill_rd[15]_i_9_n_0.  Did not re-place instance u_mem/u_bridge/stat_ill_rd[15]_i_9
INFO: [Physopt 32-662] Processed net u_mem/u_bridge/ro_wm[11]_repN.  Did not re-place instance u_mem/u_bridge/stat_wm_reg[11]_replica
INFO: [Physopt 32-662] Processed net u_mem/u_bridge/r_len[2]_i_2_n_0.  Did not re-place instance u_mem/u_bridge/r_len[2]_i_2
INFO: [Physopt 32-662] Processed net u_mem/u_bridge/r_len[2]_i_6_n_0.  Did not re-place instance u_mem/u_bridge/r_len[2]_i_6
INFO: [Physopt 32-662] Processed net u_mem/u_bridge/in8[12].  Did not re-place instance u_mem/u_bridge/r_len_reg[4]
INFO: [Physopt 32-662] Processed net u_mem/u_bridge/len_tab[4].  Did not re-place instance u_mem/u_bridge/r_len[4]_i_1
INFO: [Physopt 32-662] Processed net u_mem/u_bridge/r_len[4]_i_104_n_0.  Did not re-place instance u_mem/u_bridge/r_len[4]_i_104
INFO: [Physopt 32-662] Processed net u_mem/u_bridge/r_len[0]_i_9_n_0.  Did not re-place instance u_mem/u_bridge/r_len[0]_i_9
INFO: [Physopt 32-662] Processed net u_mem/u_bridge/sel0[2]_repN.  Did not re-place instance u_mem/u_bridge/r_slot[2]_i_1_replica
INFO: [Physopt 32-662] Processed net u_mem2/u_bridge/r_len[8]_i_17_n_0.  Did not re-place instance u_mem2/u_bridge/r_len[8]_i_17
INFO: [Physopt 32-662] Processed net u_mem/u_bridge/r_len[14]_i_15_n_0.  Did not re-place instance u_mem/u_bridge/r_len[14]_i_15
INFO: [Physopt 32-662] Processed net u_mem2/u_bridge/r_slot_repN.  Did not re-place instance u_mem2/u_bridge/r_slot[7]_i_1_replica
INFO: [Physopt 32-662] Processed net u_mem2/u_bridge/ro_wm[3]_repN.  Did not re-place instance u_mem2/u_bridge/stat_wm_reg[3]_replica
INFO: [Physopt 32-662] Processed net u_mem/u_bridge/r_beats[1]_i_11_n_0.  Did not re-place instance u_mem/u_bridge/r_beats[1]_i_11
INFO: [Physopt 32-662] Processed net u_mem/u_bridge/r_beats[1]_i_3_n_0.  Did not re-place instance u_mem/u_bridge/r_beats[1]_i_3
INFO: [Physopt 32-662] Processed net u_mem2/u_bridge/r_slot[1]_i_7_n_0.  Did not re-place instance u_mem2/u_bridge/r_slot[1]_i_7
INFO: [Physopt 32-662] Processed net u_mem2/u_bridge/r_slot[7]_i_9_n_0.  Did not re-place instance u_mem2/u_bridge/r_slot[7]_i_9
INFO: [Physopt 32-662] Processed net u_mem2/u_bridge/in8[20].  Did not re-place instance u_mem2/u_bridge/r_len_reg[12]
INFO: [Physopt 32-662] Processed net u_mem2/u_bridge/in8[21].  Did not re-place instance u_mem2/u_bridge/r_len_reg[13]
INFO: [Physopt 32-662] Processed net u_mem2/u_bridge/in8[8].  Did not re-place instance u_mem2/u_bridge/r_len_reg[0]
INFO: [Physopt 32-662] Processed net u_mem2/u_bridge/in8[11].  Did not re-place instance u_mem2/u_bridge/r_len_reg[3]
INFO: [Physopt 32-662] Processed net u_mem/u_bridge/pre_slot_reg_n_0_[5].  Did not re-place instance u_mem/u_bridge/pre_slot_reg[5]
INFO: [Physopt 32-662] Processed net u_mem/u_bridge/r_len[4]_i_105_n_0.  Did not re-place instance u_mem/u_bridge/r_len[4]_i_105
INFO: [Physopt 32-662] Processed net u_mem/u_bridge/rd_wr_data_reg[24]_0[14].  Did not re-place instance u_mem/u_bridge/rd_wr_data_reg[14]
INFO: [Physopt 32-662] Processed net u_mem/u_bridge/rd_wr_data_reg[24]_0[16].  Did not re-place instance u_mem/u_bridge/rd_wr_data_reg[16]
INFO: [Physopt 32-662] Processed net u_mem/u_bridge/rd_wr_data_reg[24]_0[20].  Did not re-place instance u_mem/u_bridge/rd_wr_data_reg[20]
INFO: [Physopt 32-662] Processed net u_mem/u_bridge/rd_wr_data_reg[24]_0[22].  Did not re-place instance u_mem/u_bridge/rd_wr_data_reg[22]
INFO: [Physopt 32-662] Processed net u_mem/u_bridge/w_data_r[407]_i_2_n_0.  Did not re-place instance u_mem/u_bridge/w_data_r[407]_i_2
INFO: [Physopt 32-662] Processed net u_mem/u_bridge/m_axi_wdata[407].  Did not re-place instance u_mem/u_bridge/w_data_r_reg[407]
INFO: [Physopt 32-662] Processed net u_mem/u_bridge/in8[13].  Did not re-place instance u_mem/u_bridge/r_len_reg[5]
INFO: [Physopt 32-662] Processed net u_mem/u_bridge/len_tab[5].  Did not re-place instance u_mem/u_bridge/r_len[5]_i_1
INFO: [Physopt 32-662] Processed net u_mem/u_bridge/r_len[5]_i_2_n_0.  Did not re-place instance u_mem/u_bridge/r_len[5]_i_2
INFO: [Physopt 32-662] Processed net u_mem/u_bridge/r_len[5]_i_6_n_0.  Did not re-place instance u_mem/u_bridge/r_len[5]_i_6
INFO: [Physopt 32-662] Processed net u_mem/u_bridge/r_len[5]_i_8_n_0.  Did not re-place instance u_mem/u_bridge/r_len[5]_i_8
INFO: [Physopt 32-662] Processed net u_mem2/u_bridge/r_beats[2].  Did not re-place instance u_mem2/u_bridge/r_beats_reg[2]
INFO: [Physopt 32-662] Processed net u_mem2/u_bridge/len_beats_tab[2].  Did not re-place instance u_mem2/u_bridge/r_beats[2]_i_1
INFO: [Physopt 32-662] Processed net u_mem2/u_bridge/r_beats[2]_i_17_n_0.  Did not re-place instance u_mem2/u_bridge/r_beats[2]_i_17
INFO: [Physopt 32-661] Optimized 39 nets.  Re-placed 39 instances.
INFO: [Physopt 32-775] End 1 Pass. Optimized 39 nets or cells. Created 0 new cell, deleted 0 existing cell and moved 39 existing cells
INFO: [Physopt 32-619] Estimated Timing Summary | WNS=-0.659 | TNS=-373.475 |
Netlist sorting complete. Time (s): cpu = 00:00:00 ; elapsed = 00:00:00.018 . Memory (MB): peak = 24310.523 ; gain = 0.227
Phase 29 Single Cell Placement Optimization | Checksum: 1839d4705

Time (s): cpu = 00:09:58 ; elapsed = 00:06:09 . Memory (MB): peak = 24310.523 ; gain = 18399.301

Phase 30 Multi Cell Placement Optimization
INFO: [Physopt 32-660] Identified 100 candidate nets for placement-based optimization.
INFO: [Physopt 32-662] Processed net u_mem/u_bridge/ro_wm[2].  Did not re-place instance u_mem/u_bridge/stat_wm_reg[2]/Q
INFO: [Physopt 32-662] Processed net u_mem/u_bridge/stat_ill_rd[15]_i_5_n_0.  Did not re-place instance u_mem/u_bridge/stat_ill_rd[15]_i_5/O
INFO: [Physopt 32-662] Processed net u_mem/u_bridge/in8[19].  Did not re-place instance u_mem/u_bridge/r_len_reg[11]/Q
INFO: [Physopt 32-662] Processed net u_mem/u_bridge/in8[20].  Did not re-place instance u_mem/u_bridge/r_len_reg[12]/Q
INFO: [Physopt 32-662] Processed net u_mem/u_bridge/ro_wm[5].  Did not re-place instance u_mem/u_bridge/stat_wm_reg[5]/Q
INFO: [Physopt 32-662] Processed net u_mem/u_bridge/ro_wm[5].  Did not re-place instance u_mem/u_bridge/stat_wm_reg[5]/Q
INFO: [Physopt 32-662] Processed net u_mem/u_bridge/ro_wm[5].  Did not re-place instance u_mem/u_bridge/stat_wm_reg[5]/Q
INFO: [Physopt 32-662] Processed net u_mem/u_bridge/ro_wm[5].  Did not re-place instance u_mem/u_bridge/stat_wm_reg[5]/Q
INFO: [Physopt 32-662] Processed net u_mem/u_bridge/ro_wm[5].  Did not re-place instance u_mem/u_bridge/stat_wm_reg[5]/Q
INFO: [Physopt 32-662] Processed net u_mem/u_bridge/pre_slot_reg_n_0_[3].  Did not re-place instance u_mem/u_bridge/pre_slot_reg[3]/Q
INFO: [Physopt 32-662] Processed net u_mem/u_bridge/ro_wm[1]_repN_4.  Did not re-place instance u_mem/u_bridge/stat_wm_reg[1]_replica_4/Q
INFO: [Physopt 32-662] Processed net u_mem/u_bridge/pre_slot_reg_n_0_[0].  Did not re-place instance u_mem/u_bridge/pre_slot_reg[0]/Q
INFO: [Physopt 32-662] Processed net u_mem/u_bridge/r_slot[1]_i_4_n_0_repN_3.  Did not re-place instance u_mem/u_bridge/r_slot[1]_i_4_replica_3_rewire/O
INFO: [Physopt 32-662] Processed net u_mem/u_bridge/ro_wm[15].  Did not re-place instance u_mem/u_bridge/stat_wm_reg[15]/Q
INFO: [Physopt 32-662] Processed net u_mem/u_bridge/stat_ill_rd[15]_i_6_n_0.  Did not re-place instance u_mem/u_bridge/stat_ill_rd[15]_i_6_rewire_rewire/O
INFO: [Physopt 32-662] Processed net u_mem/u_bridge/len_tab[6].  Did not re-place instance u_mem/u_bridge/r_len[6]_i_1/O
INFO: [Physopt 32-662] Processed net u_mem/u_bridge/r_len[6]_i_13_n_0.  Did not re-place instance u_mem/u_bridge/r_len[6]_i_13/O
INFO: [Physopt 32-662] Processed net u_mem/u_bridge/r_len[6]_i_3_n_0.  Did not re-place instance u_mem/u_bridge/r_len[6]_i_3/O
INFO: [Physopt 32-662] Processed net u_mem/u_bridge/ro_wm[3].  Did not re-place instance u_mem/u_bridge/stat_wm_reg[3]/Q
INFO: [Physopt 32-662] Processed net u_mem/u_bridge/ro_wm[3].  Did not re-place instance u_mem/u_bridge/stat_wm_reg[3]/Q
INFO: [Physopt 32-662] Processed net u_mem/u_bridge/ro_wm[3].  Did not re-place instance u_mem/u_bridge/stat_wm_reg[3]/Q
INFO: [Physopt 32-662] Processed net u_mem/u_bridge/ro_wm[3].  Did not re-place instance u_mem/u_bridge/stat_wm_reg[3]/Q
INFO: [Physopt 32-662] Processed net u_mem/u_bridge/ro_wm[3].  Did not re-place instance u_mem/u_bridge/stat_wm_reg[3]/Q
INFO: [Physopt 32-662] Processed net u_mem/u_bridge/ro_wm[3].  Did not re-place instance u_mem/u_bridge/stat_wm_reg[3]/Q
INFO: [Physopt 32-662] Processed net u_mem/u_bridge/ro_wm[3].  Did not re-place instance u_mem/u_bridge/stat_wm_reg[3]/Q
INFO: [Physopt 32-662] Processed net u_mem/u_bridge/ro_wm[12]_repN_1.  Did not re-place instance u_mem/u_bridge/stat_wm_reg[12]_replica_1/Q
INFO: [Physopt 32-662] Processed net u_mem/u_bridge/ro_wm[13].  Did not re-place instance u_mem/u_bridge/stat_wm_reg[13]/Q
INFO: [Physopt 32-662] Processed net u_mem/u_bridge/ro_wm[13].  Did not re-place instance u_mem/u_bridge/stat_wm_reg[13]/Q
INFO: [Physopt 32-662] Processed net u_mem/u_bridge/ro_wm[13].  Did not re-place instance u_mem/u_bridge/stat_wm_reg[13]/Q
INFO: [Physopt 32-662] Processed net u_mem/u_bridge/ro_wm[13].  Did not re-place instance u_mem/u_bridge/stat_wm_reg[13]/Q
INFO: [Physopt 32-662] Processed net u_mem/u_bridge/ro_wm[13].  Did not re-place instance u_mem/u_bridge/stat_wm_reg[13]/Q
INFO: [Physopt 32-662] Processed net u_mem/u_bridge/ro_wm[13].  Did not re-place instance u_mem/u_bridge/stat_wm_reg[13]/Q
INFO: [Physopt 32-662] Processed net u_mem/u_bridge/ro_wm[7]_repN.  Did not re-place instance u_mem/u_bridge/stat_wm_reg[7]_replica/Q
INFO: [Physopt 32-662] Processed net u_mem/u_bridge/ro_wm[4].  Did not re-place instance u_mem/u_bridge/stat_wm_reg[4]/Q
INFO: [Physopt 32-662] Processed net u_mem/u_bridge/ro_wm[4].  Did not re-place instance u_mem/u_bridge/stat_wm_reg[4]/Q
INFO: [Physopt 32-662] Processed net u_mem/u_bridge/ro_wm[4].  Did not re-place instance u_mem/u_bridge/stat_wm_reg[4]/Q
INFO: [Physopt 32-662] Processed net u_mem/u_bridge/ro_wm[4].  Did not re-place instance u_mem/u_bridge/stat_wm_reg[4]/Q
INFO: [Physopt 32-662] Processed net u_mem/u_bridge/ro_wm[4].  Did not re-place instance u_mem/u_bridge/stat_wm_reg[4]/Q
INFO: [Physopt 32-662] Processed net u_mem/u_bridge/ro_wm[4].  Did not re-place instance u_mem/u_bridge/stat_wm_reg[4]/Q
INFO: [Physopt 32-662] Processed net u_mem/u_bridge/len_tab[14].  Did not re-place instance u_mem/u_bridge/r_len[14]_i_1/O
INFO: [Physopt 32-662] Processed net u_mem/u_bridge/r_len[14]_i_16_n_0.  Did not re-place instance u_mem/u_bridge/r_len[14]_i_16/O
INFO: [Physopt 32-662] Processed net u_mem/u_bridge/r_len[14]_i_4_n_0.  Did not re-place instance u_mem/u_bridge/r_len[14]_i_4/O
INFO: [Physopt 32-662] Processed net u_mem/u_bridge/pre_slot_reg_n_0_[2].  Did not re-place instance u_mem/u_bridge/pre_slot_reg[2]/Q
INFO: [Physopt 32-662] Processed net u_mem/u_bridge/len_tab[8].  Did not re-place instance u_mem/u_bridge/r_len[8]_i_1/O
INFO: [Physopt 32-662] Processed net u_mem/u_bridge/r_len[8]_i_11_n_0.  Did not re-place instance u_mem/u_bridge/r_len[8]_i_11/O
INFO: [Physopt 32-662] Processed net u_mem/u_bridge/r_len[8]_i_3_n_0.  Did not re-place instance u_mem/u_bridge/r_len[8]_i_3/O
INFO: [Physopt 32-662] Processed net u_mem/u_bridge/r_slot[7]_i_3_n_0_repN.  Did not re-place instance u_mem/u_bridge/r_slot[7]_i_3_rewire_replica_rewire/O
INFO: [Physopt 32-662] Processed net u_mem/u_bridge/pre_slot_reg_n_0_[4].  Did not re-place instance u_mem/u_bridge/pre_slot_reg[4]/Q
INFO: [Physopt 32-662] Processed net u_mem/u_bridge/stat_ill_rd[15]_i_11_n_0.  Did not re-place instance u_mem/u_bridge/stat_ill_rd[15]_i_11/O
INFO: [Physopt 32-662] Processed net u_mem/u_bridge/ro_wm[0]_repN.  Did not re-place instance u_mem/u_bridge/stat_wm_reg[0]_replica/Q
INFO: [Physopt 32-662] Processed net u_mem/u_bridge/stat_ill_rd[15]_i_3_n_0_repN.  Did not re-place instance u_mem/u_bridge/stat_ill_rd[15]_i_3_rewire_replica/O
INFO: [Physopt 32-662] Processed net u_mem/u_bridge/pre_slot_reg_n_0_[7].  Did not re-place instance u_mem/u_bridge/pre_slot_reg[7]/Q
INFO: [Physopt 32-662] Processed net u_mem/u_bridge/stat_ill_rd[15]_i_10_n_0.  Did not re-place instance u_mem/u_bridge/stat_ill_rd[15]_i_10/O
INFO: [Physopt 32-662] Processed net u_mem/u_bridge/len_beats_tab[2].  Did not re-place instance u_mem/u_bridge/r_beats[2]_i_1/O
INFO: [Physopt 32-662] Processed net u_mem/u_bridge/len_tab[1].  Did not re-place instance u_mem/u_bridge/r_len[1]_i_1/O
INFO: [Physopt 32-662] Processed net u_mem/u_bridge/r_beats[2]_i_5_n_0.  Did not re-place instance u_mem/u_bridge/r_beats[2]_i_5/O
INFO: [Physopt 32-662] Processed net u_mem/u_bridge/r_len[1]_i_14_n_0.  Did not re-place instance u_mem/u_bridge/r_len[1]_i_14/O
INFO: [Physopt 32-662] Processed net u_mem/u_bridge/r_len[1]_i_4_n_0.  Did not re-place instance u_mem/u_bridge/r_len[1]_i_4/O
INFO: [Physopt 32-662] Processed net u_mem/u_bridge/stat_ill_rd[15]_i_4_n_0.  Did not re-place instance u_mem/u_bridge/stat_ill_rd[15]_i_4/O
INFO: [Physopt 32-662] Processed net u_mem/u_bridge/r_slot[7]_i_3_n_0.  Did not re-place instance u_mem/u_bridge/r_slot[7]_i_3_rewire_rewire/O
INFO: [Physopt 32-662] Processed net u_mem/u_bridge/stat_ill_rd[15]_i_3_n_0_repN_1.  Did not re-place instance u_mem/u_bridge/stat_ill_rd[15]_i_3_rewire_replica_1/O
INFO: [Physopt 32-662] Processed net u_mem/u_bridge/len_tab[2].  Did not re-place instance u_mem/u_bridge/r_len[2]_i_1/O
INFO: [Physopt 32-662] Processed net u_mem/u_bridge/r_len[2]_i_14_n_0.  Did not re-place instance u_mem/u_bridge/r_len[2]_i_14/O
INFO: [Physopt 32-662] Processed net u_mem/u_bridge/r_len[2]_i_4_n_0.  Did not re-place instance u_mem/u_bridge/r_len[2]_i_4/O
INFO: [Physopt 32-662] Processed net u_mem/u_bridge/r_len[6]_i_4_n_0.  Did not re-place instance u_mem/u_bridge/r_len[6]_i_4/O
INFO: [Physopt 32-662] Processed net u_mem/u_bridge/len_tab[13].  Did not re-place instance u_mem/u_bridge/r_len[13]_i_1/O
INFO: [Physopt 32-662] Processed net u_mem/u_bridge/r_len[13]_i_12_n_0.  Did not re-place instance u_mem/u_bridge/r_len[13]_i_12/O
INFO: [Physopt 32-662] Processed net u_mem/u_bridge/r_len[13]_i_3_n_0.  Did not re-place instance u_mem/u_bridge/r_len[13]_i_3/O
INFO: [Physopt 32-662] Processed net u_mem/u_bridge/len_tab[9].  Did not re-place instance u_mem/u_bridge/r_len[9]_i_1/O
INFO: [Physopt 32-662] Processed net u_mem/u_bridge/r_len[8]_i_15_n_0.  Did not re-place instance u_mem/u_bridge/r_len[8]_i_15/O
INFO: [Physopt 32-662] Processed net u_mem/u_bridge/r_len[8]_i_4_n_0.  Did not re-place instance u_mem/u_bridge/r_len[8]_i_4/O
INFO: [Physopt 32-662] Processed net u_mem/u_bridge/r_len[9]_i_10_n_0.  Did not re-place instance u_mem/u_bridge/r_len[9]_i_10/O
INFO: [Physopt 32-662] Processed net u_mem/u_bridge/r_len[9]_i_3_n_0.  Did not re-place instance u_mem/u_bridge/r_len[9]_i_3/O
INFO: [Physopt 32-661] Optimized 3 nets.  Re-placed 7 instances.
INFO: [Physopt 32-775] End 1 Pass. Optimized 3 nets or cells. Created 0 new cell, deleted 0 existing cell and moved 7 existing cells
INFO: [Physopt 32-619] Estimated Timing Summary | WNS=-0.659 | TNS=-373.420 |
Netlist sorting complete. Time (s): cpu = 00:00:00 ; elapsed = 00:00:00.029 . Memory (MB): peak = 26036.594 ; gain = 0.227
Phase 30 Multi Cell Placement Optimization | Checksum: 18608fd38

Time (s): cpu = 00:10:43 ; elapsed = 00:06:34 . Memory (MB): peak = 26036.594 ; gain = 20125.371

Phase 31 SLR Crossing Optimization
Phase 31 SLR Crossing Optimization | Checksum: 18608fd38

Time (s): cpu = 00:10:43 ; elapsed = 00:06:34 . Memory (MB): peak = 26036.594 ; gain = 20125.371

Phase 32 Critical Path Optimization
INFO: [Physopt 32-619] Estimated Timing Summary | WNS=-0.659 | TNS=-373.420 |
INFO: [Physopt 32-702] Processed net u_mem/u_bridge/in8[19]. Optimizations did not improve timing on the net.
INFO: [Physopt 32-81] Processed net u_mem/u_bridge/ro_wm[2]. Replicated 1 times.
INFO: [Physopt 32-735] Processed net u_mem/u_bridge/ro_wm[2]. Optimization improves timing on the net.
INFO: [Physopt 32-619] Estimated Timing Summary | WNS=-0.652 | TNS=-372.767 |
INFO: [Physopt 32-702] Processed net u_mem/u_bridge/ro_wm[5]. Optimizations did not improve timing on the net.
INFO: [Physopt 32-702] Processed net u_mem/u_bridge/stat_ill_rd[15]_i_5_n_0. Optimizations did not improve timing on the net.
INFO: [Physopt 32-702] Processed net u_mem/u_bridge/stat_ill_rd_reg[15]_i_18_n_0. Optimizations did not improve timing on the net.
INFO: [Physopt 32-608] Optimized 1 net.  Swapped 46 pins.
INFO: [Physopt 32-735] Processed net u_mem/u_bridge/stat_ill_rd[15]_i_33_n_0. Optimization improves timing on the net.
INFO: [Physopt 32-619] Estimated Timing Summary | WNS=-0.645 | TNS=-372.347 |
INFO: [Physopt 32-702] Processed net u_mem/u_bridge/stat_ill_rd_reg[15]_i_19_n_0. Optimizations did not improve timing on the net.
INFO: [Physopt 32-702] Processed net u_mem/u_bridge/stat_ill_rd[15]_i_34_n_0. Optimizations did not improve timing on the net.
INFO: [Physopt 32-702] Processed net u_mem/u_bridge/stat_ill_rd[15]_i_93_n_0. Optimizations did not improve timing on the net.
INFO: [Physopt 32-702] Processed net u_mem/u_bridge/sel0[0]. Optimizations did not improve timing on the net.
INFO: [Physopt 32-702] Processed net u_mem/u_bridge/p_in_rng0. Optimizations did not improve timing on the net.
INFO: [Physopt 32-702] Processed net u_mem/u_bridge/r_slot[1]_i_6_n_0. Optimizations did not improve timing on the net.
INFO: [Physopt 32-702] Processed net u_mem/u_bridge/r_slot. Optimizations did not improve timing on the net.
INFO: [Physopt 32-702] Processed net u_mem/u_bridge/in8[19]. Optimizations did not improve timing on the net.
INFO: [Physopt 32-702] Processed net u_mem/u_bridge/ro_wm[5]. Optimizations did not improve timing on the net.
INFO: [Physopt 32-702] Processed net u_mem/u_bridge/stat_ill_rd[15]_i_5_n_0. Optimizations did not improve timing on the net.
INFO: [Physopt 32-702] Processed net u_mem/u_bridge/stat_ill_rd_reg[15]_i_19_n_0. Optimizations did not improve timing on the net.
INFO: [Physopt 32-702] Processed net u_mem/u_bridge/stat_ill_rd[15]_i_34_n_0. Optimizations did not improve timing on the net.
INFO: [Physopt 32-702] Processed net u_mem/u_bridge/stat_ill_rd[15]_i_93_n_0. Optimizations did not improve timing on the net.
INFO: [Physopt 32-702] Processed net u_mem/u_bridge/sel0[0]. Optimizations did not improve timing on the net.
INFO: [Physopt 32-702] Processed net u_mem/u_bridge/p_in_rng0. Optimizations did not improve timing on the net.
INFO: [Physopt 32-702] Processed net u_mem/u_bridge/r_slot[1]_i_6_n_0. Optimizations did not improve timing on the net.
INFO: [Physopt 32-702] Processed net u_mem/u_bridge/r_slot. Optimizations did not improve timing on the net.
INFO: [Physopt 32-619] Estimated Timing Summary | WNS=-0.645 | TNS=-372.347 |
Phase 32 Critical Path Optimization | Checksum: 18608fd38

Time (s): cpu = 00:11:02 ; elapsed = 00:06:46 . Memory (MB): peak = 26850.492 ; gain = 20939.270

Phase 33 Critical Path Optimization
INFO: [Physopt 32-619] Estimated Timing Summary | WNS=-0.645 | TNS=-372.347 |
INFO: [Physopt 32-702] Processed net u_mem/u_bridge/in8[19]. Optimizations did not improve timing on the net.
INFO: [Physopt 32-702] Processed net u_mem/u_bridge/ro_wm[5]. Optimizations did not improve timing on the net.
INFO: [Physopt 32-702] Processed net u_mem/u_bridge/stat_ill_rd[15]_i_5_n_0. Optimizations did not improve timing on the net.
INFO: [Physopt 32-702] Processed net u_mem/u_bridge/stat_ill_rd_reg[15]_i_19_n_0. Optimizations did not improve timing on the net.
INFO: [Physopt 32-702] Processed net u_mem/u_bridge/stat_ill_rd[15]_i_34_n_0. Optimizations did not improve timing on the net.
INFO: [Physopt 32-702] Processed net u_mem/u_bridge/stat_ill_rd[15]_i_93_n_0. Optimizations did not improve timing on the net.
INFO: [Physopt 32-702] Processed net u_mem/u_bridge/sel0[0]. Optimizations did not improve timing on the net.
INFO: [Physopt 32-702] Processed net u_mem/u_bridge/p_in_rng0. Optimizations did not improve timing on the net.
INFO: [Physopt 32-702] Processed net u_mem/u_bridge/r_slot[1]_i_6_n_0. Optimizations did not improve timing on the net.
INFO: [Physopt 32-702] Processed net u_mem/u_bridge/r_slot. Optimizations did not improve timing on the net.
INFO: [Physopt 32-702] Processed net u_mem/u_bridge/in8[19]. Optimizations did not improve timing on the net.
INFO: [Physopt 32-702] Processed net u_mem/u_bridge/ro_wm[5]. Optimizations did not improve timing on the net.
INFO: [Physopt 32-702] Processed net u_mem/u_bridge/stat_ill_rd[15]_i_5_n_0. Optimizations did not improve timing on the net.
INFO: [Physopt 32-702] Processed net u_mem/u_bridge/stat_ill_rd_reg[15]_i_19_n_0. Optimizations did not improve timing on the net.
INFO: [Physopt 32-702] Processed net u_mem/u_bridge/stat_ill_rd[15]_i_34_n_0. Optimizations did not improve timing on the net.
INFO: [Physopt 32-702] Processed net u_mem/u_bridge/stat_ill_rd[15]_i_93_n_0. Optimizations did not improve timing on the net.
INFO: [Physopt 32-702] Processed net u_mem/u_bridge/sel0[0]. Optimizations did not improve timing on the net.
INFO: [Physopt 32-702] Processed net u_mem/u_bridge/p_in_rng0. Optimizations did not improve timing on the net.
INFO: [Physopt 32-702] Processed net u_mem/u_bridge/r_slot[1]_i_6_n_0. Optimizations did not improve timing on the net.
INFO: [Physopt 32-702] Processed net u_mem/u_bridge/r_slot. Optimizations did not improve timing on the net.
INFO: [Physopt 32-619] Estimated Timing Summary | WNS=-0.645 | TNS=-372.347 |
Phase 33 Critical Path Optimization | Checksum: 18608fd38

Time (s): cpu = 00:11:18 ; elapsed = 00:06:55 . Memory (MB): peak = 27581.020 ; gain = 21669.797

Phase 34 BRAM Enable Optimization
Phase 34 BRAM Enable Optimization | Checksum: 18608fd38

Time (s): cpu = 00:11:18 ; elapsed = 00:06:55 . Memory (MB): peak = 27581.020 ; gain = 21669.797

Phase 35 Hold Fix Optimization
INFO: [Physopt 32-668] Estimated Timing Summary | WNS=-0.645 | TNS=-372.347 | WHS=-0.506 | THS=-22.130 |
INFO: [Physopt 32-45] Identified 1 candidate net for hold slack optimization.
INFO: [Physopt 32-234] Optimized 1 net. Inserted 0 new ZHOLD_DELAYs. Calibrated 0 existing ZHOLD_DELAYs. Inserted 1 buffer.

INFO: [Physopt 32-668] Estimated Timing Summary | WNS=-0.645 | TNS=-372.347 | WHS=-0.506 | THS=-21.819 |
Phase 35 Hold Fix Optimization | Checksum: 18608fd38

Time (s): cpu = 01:01:37 ; elapsed = 01:01:03 . Memory (MB): peak = 27581.020 ; gain = 21669.797
Netlist sorting complete. Time (s): cpu = 00:00:00 ; elapsed = 00:00:00.139 . Memory (MB): peak = 27581.020 ; gain = 0.000
Netlist sorting complete. Time (s): cpu = 00:00:00 ; elapsed = 00:00:00.023 . Memory (MB): peak = 27581.020 ; gain = 0.000
INFO: [Physopt 32-669] Post Physical Optimization Timing Summary | WNS=-0.645 | TNS=-372.347 | WHS=-0.506 | THS=-21.819 |

Summary of Physical Synthesis Optimizations
============================================


----------------------------------------------------------------------------------------------------------------------------------------------------------------------
|  Optimization            |  WNS Gain (ns)  |  TNS Gain (ns)  |  Added Cells  |  Removed Cells  |  Optimized Cells/Nets  |  Dont Touch  |  Iterations  |  Elapsed   |
----------------------------------------------------------------------------------------------------------------------------------------------------------------------
|  Fanout                  |          0.043  |        254.625  |          180  |              0  |                    42  |           7  |           3  |  00:01:11  |
|  Single Cell Placement   |          0.031  |         62.974  |            0  |              0  |                   239  |           0  |           4  |  00:00:59  |
|  Multi Cell Placement    |          0.000  |         -0.151  |            0  |              0  |                    10  |           0  |           4  |  00:01:25  |
|  Rewire                  |          0.000  |         42.715  |            8  |              0  |                    11  |           0  |           3  |  00:00:12  |
|  Critical Cell           |          0.033  |          0.893  |           37  |              0  |                    28  |           0  |           3  |  00:02:04  |
|  SLR Crossing            |          0.000  |          0.000  |            0  |              0  |                     0  |           0  |           3  |  00:00:00  |
|  DSP Register            |          0.000  |          0.000  |            0  |              0  |                     0  |           0  |           2  |  00:00:00  |
|  BRAM Register           |          0.000  |          0.000  |            0  |              0  |                     0  |           0  |           2  |  00:00:00  |
|  URAM Register           |          0.000  |          0.000  |            0  |              0  |                     0  |           0  |           2  |  00:00:00  |
|  Shift Register          |          0.000  |          0.000  |            0  |              0  |                     0  |           0  |           2  |  00:00:00  |
|  Critical Pin            |          0.043  |          5.645  |            0  |              0  |                    31  |           0  |           1  |  00:00:05  |
|  Very High Fanout        |          0.000  |         12.835  |           19  |              0  |                    17  |           3  |           1  |  00:00:19  |
|  BRAM Enable             |          0.000  |          0.000  |            0  |              0  |                     0  |           0  |           1  |  00:00:00  |
|  Critical Path           |          0.014  |          1.074  |            1  |              0  |                     2  |           0  |           2  |  00:00:20  |
|  Total                   |          0.164  |        380.610  |          245  |              0  |                   380  |          10  |          33  |  00:06:36  |
----------------------------------------------------------------------------------------------------------------------------------------------------------------------


Summary of Hold Fix Optimizations
=================================


--------------------------------------------------------------------------------------------------------------------------------------------------------------
|  Optimization               |  WHS Gain (ns)  |  THS Gain (ns)  |  Added LUTs  |  Added FFs  |  Optimized Nets  |  Dont Touch  |  Iterations  |  Elapsed   |
--------------------------------------------------------------------------------------------------------------------------------------------------------------
|  LUT1 and ZHOLD Insertion   |          0.000  |          0.310  |           1  |          0  |               1  |           0  |           1  |  00:00:02  |
|  Total                      |          0.000  |          0.310  |           1  |          0  |               1  |           0  |           1  |  00:00:02  |
--------------------------------------------------------------------------------------------------------------------------------------------------------------


Netlist sorting complete. Time (s): cpu = 00:00:01 ; elapsed = 00:00:00.017 . Memory (MB): peak = 27581.020 ; gain = 0.000
Ending Physical Synthesis Task | Checksum: 259b95e54

Time (s): cpu = 01:01:41 ; elapsed = 01:01:07 . Memory (MB): peak = 27581.020 ; gain = 21669.797
INFO: [Common 17-83] Releasing license: Implementation
1681 Infos, 102 Warnings, 0 Critical Warnings and 0 Errors encountered.
phys_opt_design completed successfully
phys_opt_design: Time (s): cpu = 01:02:09 ; elapsed = 01:01:24 . Memory (MB): peak = 27581.020 ; gain = 21669.797
Command: route_design -directive NoTimingRelaxation
Attempting to get a license for feature 'Implementation' and/or device 'xcku060'
INFO: [Common 17-349] Got license for feature 'Implementation' and/or device 'xcku060'
INFO: [DRC 23-27] Running DRC with 2 threads
INFO: [Vivado_Tcl 4-198] DRC finished with 0 Errors
INFO: [Vivado_Tcl 4-199] Please refer to the DRC report (report_drc) for more information.
Running DRC as a precondition to command route_design
INFO: [DRC 23-27] Running DRC with 2 threads
INFO: [Vivado_Tcl 4-198] DRC finished with 0 Errors
INFO: [Vivado_Tcl 4-199] Please refer to the DRC report (report_drc) for more information.


Starting Routing Task
INFO: [Route 35-270] Using Router directive 'NoTimingRelaxation'.
INFO: [Route 35-254] Multithreading enabled for route_design using a maximum of 2 CPUs

Phase 1 Build RT Design
Checksum: PlaceDB: 73d47005 ConstDB: 0 ShapeSum: 51a131fa RouteDB: fef20c2d
Post Restoration Checksum: NetGraph: 6d8e990f | NumContArr: 5f8f6e75 | Constraints: 4aeeef16 | Timing: 0
Phase 1 Build RT Design | Checksum: 1180cf69a

Time (s): cpu = 00:01:34 ; elapsed = 00:01:21 . Memory (MB): peak = 27581.020 ; gain = 0.000

Phase 2 Router Initialization

Phase 2.1 Fix Topology Constraints
Phase 2.1 Fix Topology Constraints | Checksum: 1180cf69a

Time (s): cpu = 00:01:34 ; elapsed = 00:01:22 . Memory (MB): peak = 27581.020 ; gain = 0.000

Phase 2.2 Pre Route Cleanup
Phase 2.2 Pre Route Cleanup | Checksum: 1180cf69a

Time (s): cpu = 00:01:34 ; elapsed = 00:01:22 . Memory (MB): peak = 27581.020 ; gain = 0.000

Phase 2.3 Global Clock Net Routing
 Number of Nodes with overlaps = 0
Phase 2.3 Global Clock Net Routing | Checksum: eb0399fd

Time (s): cpu = 00:01:38 ; elapsed = 00:01:25 . Memory (MB): peak = 27581.020 ; gain = 0.000

Phase 2.4 Update Timing
Phase 2.4 Update Timing | Checksum: 1a6ed2f66

Time (s): cpu = 00:01:59 ; elapsed = 00:01:39 . Memory (MB): peak = 27581.020 ; gain = 0.000
INFO: [Route 35-416] Intermediate Timing Summary | WNS=-0.404 | TNS=-71.592| WHS=-0.315 | THS=-11.969|


Phase 2.5 Update Timing for Bus Skew

Phase 2.5.1 Update Timing
Phase 2.5.1 Update Timing | Checksum: 1f4bba3e1

Time (s): cpu = 00:02:47 ; elapsed = 00:02:09 . Memory (MB): peak = 27581.020 ; gain = 0.000
INFO: [Route 35-416] Intermediate Timing Summary | WNS=-0.404 | TNS=-98.710| WHS=N/A    | THS=N/A    |

Phase 2.5 Update Timing for Bus Skew | Checksum: 1ae01ecba

Time (s): cpu = 00:02:47 ; elapsed = 00:02:09 . Memory (MB): peak = 27581.020 ; gain = 0.000

Router Utilization Summary
  Global Vertical Routing Utilization    = 0.00125642 %
  Global Horizontal Routing Utilization  = 0.000915378 %
  Routable Net Status*
  *Does not include unroutable nets such as driverless and loadless.
  Run report_route_status for detailed report.
  Number of Failed Nets               = 90774
    (Failed Nets is the sum of unrouted and partially routed nets)
  Number of Unrouted Nets             = 76028
  Number of Partially Routed Nets     = 14746
  Number of Node Overlaps             = 0

Phase 2 Router Initialization | Checksum: 1fbbc21bf

Time (s): cpu = 00:02:50 ; elapsed = 00:02:11 . Memory (MB): peak = 27581.020 ; gain = 0.000

Phase 3 Initial Routing

Phase 3.1 Global Routing
Phase 3.1 Global Routing | Checksum: 1fbbc21bf

Time (s): cpu = 00:02:50 ; elapsed = 00:02:11 . Memory (MB): peak = 27581.020 ; gain = 0.000
Phase 3 Initial Routing | Checksum: edbcfee2

Time (s): cpu = 00:03:13 ; elapsed = 00:02:25 . Memory (MB): peak = 27581.020 ; gain = 0.000

INFO: [Route 35-449] Initial Estimated Congestion
 ________________________________________________________________________
|           | Global Congestion | Long Congestion   | Short Congestion  |
|           |___________________|___________________|___________________|
| Direction | Size   | % Tiles  | Size   | % Tiles  | Size   | % Tiles  |
|___________|________|__________|________|__________|________|__________|
|      NORTH|     8x8|      0.49|     4x4|      0.27|   32x32|      1.33|
|___________|________|__________|________|__________|________|__________|
|      SOUTH|     2x2|      0.08|     2x2|      0.05|     8x8|      0.54|
|___________|________|__________|________|__________|________|__________|
|       EAST|     8x8|      0.29|     2x2|      0.07|   16x16|      1.20|
|___________|________|__________|________|__________|________|__________|
|       WEST|     8x8|      0.22|     1x1|      0.00|   16x16|      1.09|
|___________|________|__________|________|__________|________|__________|
Congestion Report
SHORT Congestion bounded by tiles (Lower Left Tile -> Upper Right Tile):
NORTH
	INT_X48Y44->INT_X63Y75 (CLE_M_X48Y44->DSP_X63Y75)
	INT_X48Y60->INT_X63Y75 (CLE_M_X48Y60->DSP_X63Y75)
EAST
	INT_X36Y12->INT_X59Y27 (CLE_M_X36Y12->DSP_X59Y25)
	INT_X40Y20->INT_X47Y27 (CLE_M_X40Y20->DSP_X47Y25)
	INT_X48Y12->INT_X55Y19 (CLE_M_X48Y12->DSP_X55Y15)
WEST
	INT_X48Y44->INT_X63Y59 (CLE_M_X48Y44->DSP_X63Y55)

INFO: [Route 35-448] Estimated Global/Short routing congestion is level 5 (32x32). Congestion levels of 5 and greater can reduce routability and impact timing closure.
INFO: [Route 35-580] Design has 1 pins with tight setup and hold constraints.

The top 5 pins with tight setup and hold constraints:

+====================+===================+==================================================================================================+
| Launch Setup Clock | Launch Hold Clock | Pin                                                                                              |
+====================+===================+==================================================================================================+
| mmcm_clkout0       | mmcm_clkout0      | u_ddr4/inst/u_ddr4_mem_intfc/u_ddr_cal_top/u_ddr_mc_pi/rdEn[2].u_ddr_mc_rd_en_low/rdEn_reg[13]/D |
+--------------------+-------------------+--------------------------------------------------------------------------------------------------+

File with complete list of pins: tight_setup_hold_pins.txt


Phase 4 Rip-up And Reroute

Phase 4.1 Global Iteration 0
 Number of Nodes with overlaps = 21741
 Number of Nodes with overlaps = 3448
 Number of Nodes with overlaps = 1203
 Number of Nodes with overlaps = 647
 Number of Nodes with overlaps = 364
 Number of Nodes with overlaps = 228
 Number of Nodes with overlaps = 130
 Number of Nodes with overlaps = 87
 Number of Nodes with overlaps = 74
 Number of Nodes with overlaps = 47
 Number of Nodes with overlaps = 24
 Number of Nodes with overlaps = 18
 Number of Nodes with overlaps = 12
 Number of Nodes with overlaps = 8
 Number of Nodes with overlaps = 7
 Number of Nodes with overlaps = 10
 Number of Nodes with overlaps = 2
 Number of Nodes with overlaps = 1
 Number of Nodes with overlaps = 0
INFO: [Route 35-467] Router swapped GT pin u_aurora_b/aurora_64b66b_1_i/inst/aurora_64b66b_1_wrapper_i/aurora_64b66b_1_multi_gt_i/aurora_64b66b_1_gt_i/inst/gen_gtwizard_gthe3_top.aurora_64b66b_1_gt_gtwizard_gthe3_inst/gen_gtwizard_gthe3.gen_channel_container[26].gen_enabled_channel.gthe3_channel_wrapper_inst/channel_inst/gthe3_channel_gen.gen_gthe3_channel_inst[0].GTHE3_CHANNEL_PRIM_INST/GTREFCLK0 to physical pin GTHE3_CHANNEL_X1Y9/MGTREFCLK1
INFO: [Route 35-467] Router swapped GT pin u_aurora/aurora_64b66b_0_i/inst/aurora_64b66b_0_wrapper_i/aurora_64b66b_0_multi_gt_i/aurora_64b66b_0_gt_i/inst/gen_gtwizard_gthe3_top.aurora_64b66b_0_gt_gtwizard_gthe3_inst/gen_gtwizard_gthe3.gen_channel_container[26].gen_enabled_channel.gthe3_channel_wrapper_inst/channel_inst/gthe3_channel_gen.gen_gthe3_channel_inst[0].GTHE3_CHANNEL_PRIM_INST/GTREFCLK0 to physical pin GTHE3_CHANNEL_X1Y11/MGTREFCLK1
INFO: [Route 35-467] Router swapped GT pin u_aurora/ultrascale_gt_common_1/aurora_64b66b_0_gt_gthe3_common_wrapper_i/common_inst/gthe3_common_gen.GTHE3_COMMON_PRIM_INST/GTREFCLK01 to physical pin GTHE3_COMMON_X1Y2/COM2_REFCLKOUT1
INFO: [Route 35-416] Intermediate Timing Summary | WNS=-0.889 | TNS=-640.735| WHS=-0.171 | THS=-2.322 |

Phase 4.1 Global Iteration 0 | Checksum: 17fc653c2

Time (s): cpu = 00:10:36 ; elapsed = 00:07:33 . Memory (MB): peak = 27581.020 ; gain = 0.000

Phase 4.2 Global Iteration 1
 Number of Nodes with overlaps = 1144
 Number of Nodes with overlaps = 439
 Number of Nodes with overlaps = 206
 Number of Nodes with overlaps = 107
 Number of Nodes with overlaps = 60
 Number of Nodes with overlaps = 35
 Number of Nodes with overlaps = 23
 Number of Nodes with overlaps = 10
 Number of Nodes with overlaps = 7
 Number of Nodes with overlaps = 3
 Number of Nodes with overlaps = 3
 Number of Nodes with overlaps = 4
 Number of Nodes with overlaps = 1
 Number of Nodes with overlaps = 1
 Number of Nodes with overlaps = 1
 Number of Nodes with overlaps = 0
INFO: [Route 35-416] Intermediate Timing Summary | WNS=-0.756 | TNS=-580.320| WHS=N/A    | THS=N/A    |

Phase 4.2 Global Iteration 1 | Checksum: 1786c88c4

Time (s): cpu = 00:12:56 ; elapsed = 00:09:22 . Memory (MB): peak = 27581.020 ; gain = 0.000

Phase 4.3 Global Iteration 2
 Number of Nodes with overlaps = 1770
 Number of Nodes with overlaps = 567
 Number of Nodes with overlaps = 253
 Number of Nodes with overlaps = 118
 Number of Nodes with overlaps = 75
 Number of Nodes with overlaps = 47
 Number of Nodes with overlaps = 31
 Number of Nodes with overlaps = 19
 Number of Nodes with overlaps = 12
 Number of Nodes with overlaps = 8
 Number of Nodes with overlaps = 6
 Number of Nodes with overlaps = 5
 Number of Nodes with overlaps = 3
 Number of Nodes with overlaps = 3
 Number of Nodes with overlaps = 0
INFO: [Route 35-416] Intermediate Timing Summary | WNS=-0.659 | TNS=-558.721| WHS=N/A    | THS=N/A    |

Phase 4.3 Global Iteration 2 | Checksum: 3043cf9e7

Time (s): cpu = 00:16:07 ; elapsed = 00:11:55 . Memory (MB): peak = 27581.020 ; gain = 0.000

Phase 4.4 Global Iteration 3
 Number of Nodes with overlaps = 628
 Number of Nodes with overlaps = 161
 Number of Nodes with overlaps = 68
 Number of Nodes with overlaps = 27
 Number of Nodes with overlaps = 14
 Number of Nodes with overlaps = 6
 Number of Nodes with overlaps = 4
 Number of Nodes with overlaps = 3
 Number of Nodes with overlaps = 2
 Number of Nodes with overlaps = 2
 Number of Nodes with overlaps = 0
INFO: [Route 35-416] Intermediate Timing Summary | WNS=-0.665 | TNS=-528.978| WHS=N/A    | THS=N/A    |

Phase 4.4 Global Iteration 3 | Checksum: 2014a6be2

Time (s): cpu = 00:16:55 ; elapsed = 00:12:35 . Memory (MB): peak = 27581.020 ; gain = 0.000
Phase 4 Rip-up And Reroute | Checksum: 2014a6be2

Time (s): cpu = 00:16:55 ; elapsed = 00:12:35 . Memory (MB): peak = 27581.020 ; gain = 0.000

Phase 5 Delay and Skew Optimization

Phase 5.1 Delay CleanUp

Phase 5.1.1 Update Timing
Phase 5.1.1 Update Timing | Checksum: 1704ac2e8

Time (s): cpu = 00:17:08 ; elapsed = 00:12:44 . Memory (MB): peak = 27581.020 ; gain = 0.000
INFO: [Route 35-416] Intermediate Timing Summary | WNS=-0.659 | TNS=-558.721| WHS=0.004  | THS=0.000  |

 Number of Nodes with overlaps = 0
 Number of Nodes with overlaps = 0
Phase 5.1 Delay CleanUp | Checksum: 284e348c4

Time (s): cpu = 00:17:12 ; elapsed = 00:12:46 . Memory (MB): peak = 27581.020 ; gain = 0.000

Phase 5.2 Clock Skew Optimization
Phase 5.2 Clock Skew Optimization | Checksum: 284e348c4

Time (s): cpu = 00:17:12 ; elapsed = 00:12:46 . Memory (MB): peak = 27581.020 ; gain = 0.000
Phase 5 Delay and Skew Optimization | Checksum: 284e348c4

Time (s): cpu = 00:17:12 ; elapsed = 00:12:46 . Memory (MB): peak = 27581.020 ; gain = 0.000

Phase 6 Post Hold Fix

Phase 6.1 Hold Fix Iter

Phase 6.1.1 Update Timing
Phase 6.1.1 Update Timing | Checksum: 23c142530

Time (s): cpu = 00:17:25 ; elapsed = 00:12:54 . Memory (MB): peak = 27581.020 ; gain = 0.000
INFO: [Route 35-416] Intermediate Timing Summary | WNS=-0.659 | TNS=-522.851| WHS=0.004  | THS=0.000  |

Phase 6.1 Hold Fix Iter | Checksum: 1cd50b8d3

Time (s): cpu = 00:17:25 ; elapsed = 00:12:54 . Memory (MB): peak = 27581.020 ; gain = 0.000
Phase 6 Post Hold Fix | Checksum: 1cd50b8d3

Time (s): cpu = 00:17:25 ; elapsed = 00:12:55 . Memory (MB): peak = 27581.020 ; gain = 0.000

Phase 7 Timing Verification

Phase 7.1 Update Timing
Phase 7.1 Update Timing | Checksum: 29bfb9d11

Time (s): cpu = 00:17:53 ; elapsed = 00:13:14 . Memory (MB): peak = 27581.020 ; gain = 0.000
INFO: [Route 35-416] Intermediate Timing Summary | WNS=-0.659 | TNS=-522.851| WHS=0.004  | THS=0.000  |

Phase 7 Timing Verification | Checksum: 29bfb9d11

Time (s): cpu = 00:17:54 ; elapsed = 00:13:14 . Memory (MB): peak = 27581.020 ; gain = 0.000

Phase 8 Route finalize

Router Utilization Summary
  Global Vertical Routing Utilization    = 4.64522 %
  Global Horizontal Routing Utilization  = 4.07572 %
  Routable Net Status*
  *Does not include unroutable nets such as driverless and loadless.
  Run report_route_status for detailed report.
  Number of Failed Nets               = 0
    (Failed Nets is the sum of unrouted and partially routed nets)
  Number of Unrouted Nets             = 0
  Number of Partially Routed Nets     = 0
  Number of Node Overlaps             = 0


--GLOBAL Congestion:
Utilization threshold used for congestion level computation: 0.85
Congestion Report
North Dir 4x4 Area, Max Cong = 88.8242%, Congestion bounded by tiles (Lower Left Tile -> Upper Right Tile):
   INT_X52Y68 -> INT_X55Y71
South Dir 1x1 Area, Max Cong = 79.7468%, No Congested Regions.
East Dir 1x1 Area, Max Cong = 93.2692%, Congestion bounded by tiles (Lower Left Tile -> Upper Right Tile):
   INT_X41Y24 -> INT_X41Y24
   INT_X41Y22 -> INT_X41Y22
   INT_X41Y21 -> INT_X41Y21
West Dir 2x2 Area, Max Cong = 91.1058%, Congestion bounded by tiles (Lower Left Tile -> Upper Right Tile):
   INT_X58Y60 -> INT_X59Y61
   INT_X58Y56 -> INT_X59Y57
   INT_X58Y52 -> INT_X59Y53
   INT_X58Y46 -> INT_X59Y47

------------------------------
Reporting congestion hotspots
------------------------------
Direction: North
----------------
Congested clusters found at Level 2
Effective congestion level: 3 Aspect Ratio: 0.333333 Sparse Ratio: 0.75
Direction: South
----------------
Congested clusters found at Level 0
Effective congestion level: 0 Aspect Ratio: 1 Sparse Ratio: 0
Direction: East
----------------
Congested clusters found at Level 0
Effective congestion level: 1 Aspect Ratio: 0.5 Sparse Ratio: 0.5
Direction: West
----------------
Congested clusters found at Level 1
Effective congestion level: 2 Aspect Ratio: 0.166667 Sparse Ratio: 1.5

Phase 8 Route finalize | Checksum: 251d6e7be

Time (s): cpu = 00:17:58 ; elapsed = 00:13:17 . Memory (MB): peak = 27581.020 ; gain = 0.000

Phase 9 Verifying routed nets

 Verification completed successfully
Phase 9 Verifying routed nets | Checksum: 251d6e7be

Time (s): cpu = 00:17:58 ; elapsed = 00:13:18 . Memory (MB): peak = 27581.020 ; gain = 0.000

Phase 10 Depositing Routes
Phase 10 Depositing Routes | Checksum: 251d6e7be

Time (s): cpu = 00:18:02 ; elapsed = 00:13:22 . Memory (MB): peak = 27581.020 ; gain = 0.000

Phase 11 Incr Placement Change
Netlist sorting complete. Time (s): cpu = 00:00:00 ; elapsed = 00:00:00.018 . Memory (MB): peak = 27581.020 ; gain = 0.000
INFO: [Place 30-3162] Check ILP status : ILP-based clock placer completed successfully.
INFO: [Place 30-746] Post Placement Timing Summary WNS=-0.626. For the most accurate timing information please run report_timing.
Netlist sorting complete. Time (s): cpu = 00:00:00 ; elapsed = 00:00:00.019 . Memory (MB): peak = 27581.020 ; gain = 0.000
Ending IncrPlace Task | Checksum: 16583ee5e

Time (s): cpu = 00:01:00 ; elapsed = 00:00:49 . Memory (MB): peak = 27581.020 ; gain = 0.000
Phase 11 Incr Placement Change | Checksum: 16583ee5e

Time (s): cpu = 00:19:07 ; elapsed = 00:14:15 . Memory (MB): peak = 27581.020 ; gain = 0.000

Phase 12 Build RT Design
Checksum: PlaceDB: c48bf8ac ConstDB: 0 ShapeSum: a0f7f5b2 RouteDB: d1325533
Post Restoration Checksum: NetGraph: 1acd607a | NumContArr: c29e5668 | Constraints: 190a55ad | Timing: 0
Phase 12 Build RT Design | Checksum: f6760c8f

Time (s): cpu = 00:19:35 ; elapsed = 00:14:34 . Memory (MB): peak = 27581.020 ; gain = 0.000

Phase 13 Router Initialization

Phase 13.1 Fix Topology Constraints
Phase 13.1 Fix Topology Constraints | Checksum: f6760c8f

Time (s): cpu = 00:19:35 ; elapsed = 00:14:34 . Memory (MB): peak = 27581.020 ; gain = 0.000

Phase 13.2 Pre Route Cleanup
Phase 13.2 Pre Route Cleanup | Checksum: d21191f1

Time (s): cpu = 00:19:36 ; elapsed = 00:14:35 . Memory (MB): peak = 27581.020 ; gain = 0.000

Phase 13.3 Global Clock Net Routing
 Number of Nodes with overlaps = 0
Phase 13.3 Global Clock Net Routing | Checksum: 130f54180

Time (s): cpu = 00:19:39 ; elapsed = 00:14:37 . Memory (MB): peak = 27581.020 ; gain = 0.000

Phase 13.4 Update Timing
Phase 13.4 Update Timing | Checksum: 2204423bd

Time (s): cpu = 00:20:12 ; elapsed = 00:14:59 . Memory (MB): peak = 27581.020 ; gain = 0.000
INFO: [Route 35-416] Intermediate Timing Summary | WNS=-0.629 | TNS=-526.193| WHS=-0.315 | THS=-11.808|


Phase 13.5 Update Timing for Bus Skew

Phase 13.5.1 Update Timing
Phase 13.5.1 Update Timing | Checksum: 15cf4b1d6

Time (s): cpu = 00:20:45 ; elapsed = 00:15:20 . Memory (MB): peak = 27581.020 ; gain = 0.000
INFO: [Route 35-416] Intermediate Timing Summary | WNS=-0.629 | TNS=-512.597| WHS=N/A    | THS=N/A    |

Phase 13.5 Update Timing for Bus Skew | Checksum: 16576d90e

Time (s): cpu = 00:20:45 ; elapsed = 00:15:20 . Memory (MB): peak = 27581.020 ; gain = 0.000

Router Utilization Summary
  Global Vertical Routing Utilization    = 4.64307 %
  Global Horizontal Routing Utilization  = 4.07455 %
  Routable Net Status*
  *Does not include unroutable nets such as driverless and loadless.
  Run report_route_status for detailed report.
  Number of Failed Nets               = 36
    (Failed Nets is the sum of unrouted and partially routed nets)
  Number of Unrouted Nets             = 19
  Number of Partially Routed Nets     = 17
  Number of Node Overlaps             = 0

Phase 13 Router Initialization | Checksum: 214e23d5a

Time (s): cpu = 00:20:48 ; elapsed = 00:15:22 . Memory (MB): peak = 27581.020 ; gain = 0.000

Phase 14 Initial Routing

Phase 14.1 Global Routing
Phase 14.1 Global Routing | Checksum: 214e23d5a

Time (s): cpu = 00:20:48 ; elapsed = 00:15:22 . Memory (MB): peak = 27581.020 ; gain = 0.000
Phase 14 Initial Routing | Checksum: 202758756

Time (s): cpu = 00:20:52 ; elapsed = 00:15:25 . Memory (MB): peak = 27581.020 ; gain = 0.000

Phase 15 Rip-up And Reroute

Phase 15.1 Global Iteration 0
 Number of Nodes with overlaps = 524
 Number of Nodes with overlaps = 329
 Number of Nodes with overlaps = 190
 Number of Nodes with overlaps = 98
 Number of Nodes with overlaps = 48
 Number of Nodes with overlaps = 31
 Number of Nodes with overlaps = 21
 Number of Nodes with overlaps = 9
 Number of Nodes with overlaps = 7
 Number of Nodes with overlaps = 4
 Number of Nodes with overlaps = 3
 Number of Nodes with overlaps = 1
 Number of Nodes with overlaps = 1
 Number of Nodes with overlaps = 0
INFO: [Route 35-416] Intermediate Timing Summary | WNS=-0.670 | TNS=-525.183| WHS=0.004  | THS=0.000  |

Phase 15.1 Global Iteration 0 | Checksum: 28d7b2be8

Time (s): cpu = 00:22:32 ; elapsed = 00:16:41 . Memory (MB): peak = 27581.020 ; gain = 0.000

Phase 15.2 Global Iteration 1
 Number of Nodes with overlaps = 1636
 Number of Nodes with overlaps = 484
 Number of Nodes with overlaps = 251
 Number of Nodes with overlaps = 110
 Number of Nodes with overlaps = 56
 Number of Nodes with overlaps = 35
 Number of Nodes with overlaps = 23
 Number of Nodes with overlaps = 15
 Number of Nodes with overlaps = 9
 Number of Nodes with overlaps = 6
 Number of Nodes with overlaps = 4
 Number of Nodes with overlaps = 2
 Number of Nodes with overlaps = 2
 Number of Nodes with overlaps = 1
 Number of Nodes with overlaps = 1
 Number of Nodes with overlaps = 0
INFO: [Route 35-416] Intermediate Timing Summary | WNS=-0.735 | TNS=-518.884| WHS=N/A    | THS=N/A    |

Phase 15.2 Global Iteration 1 | Checksum: 234505f81

Time (s): cpu = 00:24:07 ; elapsed = 00:17:56 . Memory (MB): peak = 27581.020 ; gain = 0.000

Phase 15.3 Global Iteration 2
 Number of Nodes with overlaps = 909
 Number of Nodes with overlaps = 375
 Number of Nodes with overlaps = 138
 Number of Nodes with overlaps = 71
 Number of Nodes with overlaps = 39
 Number of Nodes with overlaps = 20
 Number of Nodes with overlaps = 15
 Number of Nodes with overlaps = 13
 Number of Nodes with overlaps = 9
 Number of Nodes with overlaps = 8
 Number of Nodes with overlaps = 6
 Number of Nodes with overlaps = 3
 Number of Nodes with overlaps = 1
 Number of Nodes with overlaps = 1
 Number of Nodes with overlaps = 1
 Number of Nodes with overlaps = 1
 Number of Nodes with overlaps = 1
 Number of Nodes with overlaps = 1
 Number of Nodes with overlaps = 1
 Number of Nodes with overlaps = 1
 Number of Nodes with overlaps = 1
 Number of Nodes with overlaps = 1
 Number of Nodes with overlaps = 2
 Number of Nodes with overlaps = 1
 Number of Nodes with overlaps = 1
 Number of Nodes with overlaps = 1
 Number of Nodes with overlaps = 1
 Number of Nodes with overlaps = 2
 Number of Nodes with overlaps = 1
 Number of Nodes with overlaps = 1
 Number of Nodes with overlaps = 1
 Number of Nodes with overlaps = 0
INFO: [Route 35-416] Intermediate Timing Summary | WNS=-0.706 | TNS=-492.291| WHS=N/A    | THS=N/A    |

Phase 15.3 Global Iteration 2 | Checksum: 251b947e1

Time (s): cpu = 00:26:07 ; elapsed = 00:19:44 . Memory (MB): peak = 27581.020 ; gain = 0.000

Phase 15.4 Global Iteration 3
 Number of Nodes with overlaps = 1124
 Number of Nodes with overlaps = 426
 Number of Nodes with overlaps = 221
 Number of Nodes with overlaps = 128
 Number of Nodes with overlaps = 78
 Number of Nodes with overlaps = 36
 Number of Nodes with overlaps = 21
 Number of Nodes with overlaps = 14
 Number of Nodes with overlaps = 11
 Number of Nodes with overlaps = 6
 Number of Nodes with overlaps = 6
 Number of Nodes with overlaps = 3
 Number of Nodes with overlaps = 1
 Number of Nodes with overlaps = 0
INFO: [Route 35-416] Intermediate Timing Summary | WNS=-0.688 | TNS=-476.077| WHS=N/A    | THS=N/A    |

Phase 15.4 Global Iteration 3 | Checksum: c7267884

Time (s): cpu = 00:27:49 ; elapsed = 00:21:04 . Memory (MB): peak = 27581.020 ; gain = 0.000

Phase 15.5 Global Iteration 4
 Number of Nodes with overlaps = 962
 Number of Nodes with overlaps = 239
 Number of Nodes with overlaps = 103
 Number of Nodes with overlaps = 60
 Number of Nodes with overlaps = 36
 Number of Nodes with overlaps = 20
 Number of Nodes with overlaps = 10
 Number of Nodes with overlaps = 6
 Number of Nodes with overlaps = 4
 Number of Nodes with overlaps = 2
 Number of Nodes with overlaps = 2
 Number of Nodes with overlaps = 1
 Number of Nodes with overlaps = 1
 Number of Nodes with overlaps = 1
 Number of Nodes with overlaps = 1
 Number of Nodes with overlaps = 0
INFO: [Route 35-416] Intermediate Timing Summary | WNS=-0.618 | TNS=-467.733| WHS=N/A    | THS=N/A    |

Phase 15.5 Global Iteration 4 | Checksum: 144a93aec

Time (s): cpu = 00:29:10 ; elapsed = 00:22:15 . Memory (MB): peak = 27581.020 ; gain = 0.000

Phase 15.6 Global Iteration 5
 Number of Nodes with overlaps = 401
 Number of Nodes with overlaps = 86
 Number of Nodes with overlaps = 50
 Number of Nodes with overlaps = 21
 Number of Nodes with overlaps = 15
 Number of Nodes with overlaps = 11
 Number of Nodes with overlaps = 6
 Number of Nodes with overlaps = 3
 Number of Nodes with overlaps = 1
 Number of Nodes with overlaps = 0
INFO: [Route 35-416] Intermediate Timing Summary | WNS=-0.664 | TNS=-467.418| WHS=N/A    | THS=N/A    |

Phase 15.6 Global Iteration 5 | Checksum: 1a3162aed

Time (s): cpu = 00:29:36 ; elapsed = 00:22:38 . Memory (MB): peak = 27581.020 ; gain = 0.000
Phase 15 Rip-up And Reroute | Checksum: 1a3162aed

Time (s): cpu = 00:29:37 ; elapsed = 00:22:38 . Memory (MB): peak = 27581.020 ; gain = 0.000

Phase 16 Delay and Skew Optimization

Phase 16.1 Delay CleanUp

Phase 16.1.1 Update Timing
Phase 16.1.1 Update Timing | Checksum: 165273cda

Time (s): cpu = 00:29:50 ; elapsed = 00:22:47 . Memory (MB): peak = 27581.020 ; gain = 0.000
INFO: [Route 35-416] Intermediate Timing Summary | WNS=-0.618 | TNS=-467.733| WHS=0.004  | THS=0.000  |

 Number of Nodes with overlaps = 0
 Number of Nodes with overlaps = 0
Phase 16.1 Delay CleanUp | Checksum: 1242f57a2

Time (s): cpu = 00:29:53 ; elapsed = 00:22:49 . Memory (MB): peak = 27581.020 ; gain = 0.000

Phase 16.2 Clock Skew Optimization
Phase 16.2 Clock Skew Optimization | Checksum: 1242f57a2

Time (s): cpu = 00:29:53 ; elapsed = 00:22:49 . Memory (MB): peak = 27581.020 ; gain = 0.000
Phase 16 Delay and Skew Optimization | Checksum: 1242f57a2

Time (s): cpu = 00:29:54 ; elapsed = 00:22:49 . Memory (MB): peak = 27581.020 ; gain = 0.000

Phase 17 Post Hold Fix

Phase 17.1 Hold Fix Iter

Phase 17.1.1 Update Timing
Phase 17.1.1 Update Timing | Checksum: 1384b0465

Time (s): cpu = 00:30:05 ; elapsed = 00:22:56 . Memory (MB): peak = 27581.020 ; gain = 0.000
INFO: [Route 35-416] Intermediate Timing Summary | WNS=-0.618 | TNS=-462.145| WHS=0.004  | THS=0.000  |

Phase 17.1 Hold Fix Iter | Checksum: 14be61ed0

Time (s): cpu = 00:30:06 ; elapsed = 00:22:56 . Memory (MB): peak = 27581.020 ; gain = 0.000
Phase 17 Post Hold Fix | Checksum: 14be61ed0

Time (s): cpu = 00:30:06 ; elapsed = 00:22:56 . Memory (MB): peak = 27581.020 ; gain = 0.000

Phase 18 Timing Verification

Phase 18.1 Update Timing
Phase 18.1 Update Timing | Checksum: ca793a84

Time (s): cpu = 00:30:29 ; elapsed = 00:23:11 . Memory (MB): peak = 27581.020 ; gain = 0.000
INFO: [Route 35-416] Intermediate Timing Summary | WNS=-0.618 | TNS=-462.145| WHS=0.004  | THS=0.000  |

Phase 18 Timing Verification | Checksum: ca793a84

Time (s): cpu = 00:30:29 ; elapsed = 00:23:12 . Memory (MB): peak = 27581.020 ; gain = 0.000

Phase 19 Route finalize

Router Utilization Summary
  Global Vertical Routing Utilization    = 4.6804 %
  Global Horizontal Routing Utilization  = 4.11235 %
  Routable Net Status*
  *Does not include unroutable nets such as driverless and loadless.
  Run report_route_status for detailed report.
  Number of Failed Nets               = 0
    (Failed Nets is the sum of unrouted and partially routed nets)
  Number of Unrouted Nets             = 0
  Number of Partially Routed Nets     = 0
  Number of Node Overlaps             = 0


--GLOBAL Congestion:
Utilization threshold used for congestion level computation: 0.85
Congestion Report
North Dir 4x4 Area, Max Cong = 86.3347%, Congestion bounded by tiles (Lower Left Tile -> Upper Right Tile):
   INT_X52Y68 -> INT_X55Y71
South Dir 1x1 Area, Max Cong = 80.5907%, No Congested Regions.
East Dir 1x1 Area, Max Cong = 91.3462%, Congestion bounded by tiles (Lower Left Tile -> Upper Right Tile):
   INT_X48Y59 -> INT_X48Y59
   INT_X41Y24 -> INT_X41Y24
   INT_X41Y22 -> INT_X41Y22
   INT_X41Y21 -> INT_X41Y21
   INT_X50Y21 -> INT_X50Y21
West Dir 2x2 Area, Max Cong = 88.4615%, Congestion bounded by tiles (Lower Left Tile -> Upper Right Tile):
   INT_X58Y54 -> INT_X59Y55
   INT_X58Y46 -> INT_X59Y47
   INT_X58Y44 -> INT_X59Y45

------------------------------
Reporting congestion hotspots
------------------------------
Direction: North
----------------
Congested clusters found at Level 1
Effective congestion level: 3 Aspect Ratio: 0.5 Sparse Ratio: 0.75
Direction: South
----------------
Congested clusters found at Level 0
Effective congestion level: 0 Aspect Ratio: 1 Sparse Ratio: 0
Direction: East
----------------
Congested clusters found at Level 0
Effective congestion level: 1 Aspect Ratio: 0.5 Sparse Ratio: 0.5
Direction: West
----------------
Congested clusters found at Level 0
Effective congestion level: 2 Aspect Ratio: 0.571429 Sparse Ratio: 0.875

Phase 19 Route finalize | Checksum: 702f0b5d

Time (s): cpu = 00:30:33 ; elapsed = 00:23:15 . Memory (MB): peak = 27581.020 ; gain = 0.000

Phase 20 Verifying routed nets

 Verification completed successfully
Phase 20 Verifying routed nets | Checksum: 702f0b5d

Time (s): cpu = 00:30:34 ; elapsed = 00:23:15 . Memory (MB): peak = 27581.020 ; gain = 0.000

Phase 21 Depositing Routes
Phase 21 Depositing Routes | Checksum: 702f0b5d

Time (s): cpu = 00:30:38 ; elapsed = 00:23:19 . Memory (MB): peak = 27581.020 ; gain = 0.000

Phase 22 Post Router Timing
INFO: [Route 35-20] Post Routing Timing Summary | WNS=-0.615 | TNS=-400.178| WHS=0.004  | THS=0.000  |

Phase 22 Post Router Timing | Checksum: a976d132

Time (s): cpu = 00:31:23 ; elapsed = 00:23:50 . Memory (MB): peak = 27581.020 ; gain = 0.000
CRITICAL WARNING: [Route 35-39] The design did not meet timing requirements. Please run report_timing_summary for detailed reports.
Resolution: Verify that the timing was met or had small violations at all previous steps (synthesis, placement, power_opt, and phys_opt). Run report_timing_summary and analyze individual timing paths.
INFO: [Route 35-253] TNS is the sum of the worst slack violation on every endpoint in the design. Review the paths with the biggest WNS violations in the timing reports and modify your constraints or your design to improve both WNS and TNS.
INFO: [Route 35-16] Router Completed Successfully

Phase 23 Post-Route Event Processing
Phase 23 Post-Route Event Processing | Checksum: 10a33f54a

Time (s): cpu = 00:31:23 ; elapsed = 00:23:51 . Memory (MB): peak = 27581.020 ; gain = 0.000

Time (s): cpu = 00:31:23 ; elapsed = 00:23:51 . Memory (MB): peak = 27581.020 ; gain = 0.000

Routing Is Done.
INFO: [Common 17-83] Releasing license: Implementation
1722 Infos, 102 Warnings, 1 Critical Warnings and 0 Errors encountered.
route_design completed successfully
route_design: Time (s): cpu = 00:31:33 ; elapsed = 00:23:58 . Memory (MB): peak = 27581.020 ; gain = 0.000
Command: phys_opt_design -directive AggressiveExplore
Attempting to get a license for feature 'Implementation' and/or device 'xcku060'
INFO: [Common 17-349] Got license for feature 'Implementation' and/or device 'xcku060'
INFO: [Vivado_Tcl 4-241] Physical synthesis in post route mode 
INFO: [Vivado_Tcl 4-137] Directive used for phys_opt_design is: AggressiveExplore

Starting Initial Update Timing Task

Time (s): cpu = 00:00:07 ; elapsed = 00:00:04 . Memory (MB): peak = 27581.020 ; gain = 0.000
INFO: [Vivado_Tcl 4-1435] PhysOpt_Tcl_Interface Runtime Before Starting Physical Synthesis Task | CPU: 9.00s |  WALL: 6.75s
INFO: [DRC 23-27] Running DRC with 2 threads
INFO: [Vivado_Tcl 4-198] DRC finished with 0 Errors
INFO: [Vivado_Tcl 4-199] Please refer to the DRC report (report_drc) for more information.
Netlist sorting complete. Time (s): cpu = 00:00:00 ; elapsed = 00:00:00.019 . Memory (MB): peak = 27581.020 ; gain = 0.000

Starting Physical Synthesis Task

Phase 1 Physical Synthesis Initialization
INFO: [Physopt 32-721] Multithreading enabled for phys_opt_design using a maximum of 2 CPUs
INFO: [Place 30-3164] Check ILP status : ILP-based clock placer is skipped.
INFO: [Physopt 32-668] Current Timing Summary | WNS=-0.615 | TNS=-400.178 | WHS=0.004 | THS=0.000 |
Phase 1 Physical Synthesis Initialization | Checksum: 20491b821

Time (s): cpu = 00:00:07 ; elapsed = 00:00:07 . Memory (MB): peak = 27581.020 ; gain = 0.000
WARNING: [Physopt 32-745] Physical Optimization has determined that the magnitude of the negative slack is too large and it is highly unlikely that slack will be improved. Post-Route Physical Optimization is most effective when WNS is above -0.5ns

Phase 2 Critical Path Optimization
INFO: [Physopt 32-668] Current Timing Summary | WNS=-0.615 | TNS=-400.178 | WHS=0.004 | THS=0.000 |
WARNING: [Place 30-894] Cannot match clock delays for global clock nets 'u_ddr4/inst/u_ddr4_infrastructure/u_bufg_divClk_0_repN' and 'u_ddr4/inst/u_ddr4_infrastructure/c0_riu_clk'. Placer is trying to match clock delays for these clocks for best timing, but this operation failed due to usage of these tracks by other clock nets. Try reducing the amount of clock resources in your design, by either combining some clock nets or by changing the placement of clock primitives to reduce the distance between the source and loads of each clock net involved in clock region X2Y1 and areas with high clock routing utilization. Run place_design with -debug_log for more information about the clock partitioning in the design.
Netlist sorting complete. Time (s): cpu = 00:00:00 ; elapsed = 00:00:00.059 . Memory (MB): peak = 27581.020 ; gain = 0.000
INFO: [Physopt 32-703] Processed net u_mem/u_bridge/in8[19]. Clock skew was adjusted for instance u_mem/u_bridge/r_len_reg[11].
INFO: [Physopt 32-952] Improved path group WNS = -0.606. Path group: mmcm_clkout0. Processed net: u_mem/u_bridge/in8[19].
INFO: [Physopt 32-952] Improved path group WNS = -0.494. Path group: mmcm_clkout0. Processed net: u_mem/u_bridge/in8[19].
Netlist sorting complete. Time (s): cpu = 00:00:00 ; elapsed = 00:00:00.061 . Memory (MB): peak = 27581.020 ; gain = 0.000
INFO: [Physopt 32-953] Path group WNS did not improve. Path group: mmcm_clkout0. Processed net: u_mem/u_bridge/in8[13].
INFO: [Physopt 32-953] Path group WNS did not improve. Path group: mmcm_clkout0. Processed net: u_mem/u_bridge/ro_wm[2].
INFO: [Physopt 32-953] Path group WNS did not improve. Path group: mmcm_clkout0. Processed net: u_mem/u_bridge/r_len[5]_i_5_n_0.
INFO: [Physopt 32-953] Path group WNS did not improve. Path group: mmcm_clkout0. Processed net: u_mem/u_bridge/r_len[5]_i_20_n_0.
INFO: [Physopt 32-953] Path group WNS did not improve. Path group: mmcm_clkout0. Processed net: u_mem/u_bridge/r_len_reg[5]_i_51_n_0.
INFO: [Physopt 32-953] Path group WNS did not improve. Path group: mmcm_clkout0. Processed net: u_mem/u_bridge/sel0[2].
INFO: [Physopt 32-953] Path group WNS did not improve. Path group: mmcm_clkout0. Processed net: u_mem/u_bridge/stat_ill_rd[15]_i_6_n_0.
INFO: [Physopt 32-953] Path group WNS did not improve. Path group: mmcm_clkout0. Processed net: u_mem/u_bridge/p_in_rng0.
INFO: [Physopt 32-953] Path group WNS did not improve. Path group: mmcm_clkout0. Processed net: u_mem/u_bridge/r_slot[1]_i_7_n_0.
INFO: [Physopt 32-953] Path group WNS did not improve. Path group: mmcm_clkout0. Processed net: u_mem/u_bridge/len_tab[5].
Netlist sorting complete. Time (s): cpu = 00:00:00 ; elapsed = 00:00:00.061 . Memory (MB): peak = 27581.020 ; gain = 0.000
INFO: [Physopt 32-703] Processed net u_mem/u_bridge/r_beat_data__0[143]. Clock skew was adjusted for instance u_mem/u_bridge/r_beat_data_reg[143].
INFO: [Physopt 32-952] Improved path group WNS = -0.008. Path group: **async_default**. Processed net: u_mem/u_bridge/r_beat_data__0[143].
Netlist sorting complete. Time (s): cpu = 00:00:00 ; elapsed = 00:00:00.064 . Memory (MB): peak = 27581.020 ; gain = 0.000
INFO: [Physopt 32-703] Processed net u_mem2/u_bridge/len_beats_tab_reg[202]_202[1]. Clock skew was adjusted for instance u_mem2/u_bridge/len_beats_tab_reg[202][1].
INFO: [Physopt 32-952] Improved path group WNS = -0.006. Path group: **async_default**. Processed net: u_mem2/u_bridge/len_beats_tab_reg[202]_202[1].
Netlist sorting complete. Time (s): cpu = 00:00:00 ; elapsed = 00:00:00.061 . Memory (MB): peak = 27581.020 ; gain = 0.000
INFO: [Physopt 32-703] Processed net u_mem2/u_bridge/len_beats_tab_reg[195]_195[3]. Clock skew was adjusted for instance u_mem2/u_bridge/len_beats_tab_reg[195][3].
INFO: [Physopt 32-735] Processed net u_mem2/u_bridge/len_beats_tab_reg[195]_195[3]. Optimization improves timing on the net.
INFO: [Physopt 32-668] Current Timing Summary | WNS=-0.494 | TNS=-399.489 | WHS=0.004 | THS=0.000 |
Netlist sorting complete. Time (s): cpu = 00:00:00 ; elapsed = 00:00:00.066 . Memory (MB): peak = 27581.020 ; gain = 0.000
INFO: [Physopt 32-953] Path group WNS did not improve. Path group: mmcm_clkout0. Processed net: u_mem/u_bridge/in8[13].
INFO: [Physopt 32-953] Path group WNS did not improve. Path group: mmcm_clkout0. Processed net: u_mem/u_bridge/ro_wm[2].
INFO: [Physopt 32-953] Path group WNS did not improve. Path group: mmcm_clkout0. Processed net: u_mem/u_bridge/r_len[5]_i_5_n_0.
INFO: [Physopt 32-953] Path group WNS did not improve. Path group: mmcm_clkout0. Processed net: u_mem/u_bridge/r_len[5]_i_20_n_0.
INFO: [Physopt 32-953] Path group WNS did not improve. Path group: mmcm_clkout0. Processed net: u_mem/u_bridge/r_len_reg[5]_i_51_n_0.
INFO: [Physopt 32-953] Path group WNS did not improve. Path group: mmcm_clkout0. Processed net: u_mem/u_bridge/sel0[2].
INFO: [Physopt 32-953] Path group WNS did not improve. Path group: mmcm_clkout0. Processed net: u_mem/u_bridge/stat_ill_rd[15]_i_6_n_0.
INFO: [Physopt 32-953] Path group WNS did not improve. Path group: mmcm_clkout0. Processed net: u_mem/u_bridge/p_in_rng0.
INFO: [Physopt 32-953] Path group WNS did not improve. Path group: mmcm_clkout0. Processed net: u_mem/u_bridge/r_slot[1]_i_7_n_0.
INFO: [Physopt 32-953] Path group WNS did not improve. Path group: mmcm_clkout0. Processed net: u_mem/u_bridge/len_tab[5].
INFO: [Physopt 32-668] Current Timing Summary | WNS=-0.494 | TNS=-399.489 | WHS=0.004 | THS=0.000 |
Phase 2 Critical Path Optimization | Checksum: 20491b821

Time (s): cpu = 00:04:55 ; elapsed = 00:04:04 . Memory (MB): peak = 27581.020 ; gain = 0.000

Phase 3 Hold Fix Optimization
INFO: [Physopt 32-668] Current Timing Summary | WNS=-0.494 | TNS=-399.489 | WHS=0.004 | THS=0.000 |
INFO: [Physopt 32-66] No high hold slack nets found for hold slack optimization.
INFO: [Physopt 32-668] Current Timing Summary | WNS=-0.494 | TNS=-399.489 | WHS=0.004 | THS=0.000 |
Phase 3 Hold Fix Optimization | Checksum: 20491b821

Time (s): cpu = 00:04:56 ; elapsed = 00:04:05 . Memory (MB): peak = 27581.020 ; gain = 0.000
INFO: [Physopt 32-715] Performed route finalization on the design.
Netlist sorting complete. Time (s): cpu = 00:00:00 ; elapsed = 00:00:00.021 . Memory (MB): peak = 27581.020 ; gain = 0.000
INFO: [Physopt 32-669] Post Physical Optimization Timing Summary | WNS=-0.494 | TNS=-399.489 | WHS=0.004 | THS=0.000 |

Summary of Physical Synthesis Optimizations
============================================


-------------------------------------------------------------------------------------------------------------------------------------------------------------
|  Optimization   |  WNS Gain (ns)  |  TNS Gain (ns)  |  Added Cells  |  Removed Cells  |  Optimized Cells/Nets  |  Dont Touch  |  Iterations  |  Elapsed   |
-------------------------------------------------------------------------------------------------------------------------------------------------------------
|  Critical Path  |          0.121  |          0.689  |            0  |              0  |                     5  |           0  |           1  |  00:03:57  |
-------------------------------------------------------------------------------------------------------------------------------------------------------------


Summary of Hold Fix Optimizations
=================================


--------------------------------------------------------------------------------------------------------------------------------------------------------------
|  Optimization               |  WHS Gain (ns)  |  THS Gain (ns)  |  Added LUTs  |  Added FFs  |  Optimized Nets  |  Dont Touch  |  Iterations  |  Elapsed   |
--------------------------------------------------------------------------------------------------------------------------------------------------------------
|  LUT1 and ZHOLD Insertion   |          0.000  |          0.000  |           0  |          0  |               0  |           0  |           0  |  00:00:00  |
|  Total                      |          0.000  |          0.000  |           0  |          0  |               0  |           0  |           0  |  00:00:00  |
--------------------------------------------------------------------------------------------------------------------------------------------------------------


Netlist sorting complete. Time (s): cpu = 00:00:00 ; elapsed = 00:00:00.018 . Memory (MB): peak = 27581.020 ; gain = 0.000
Ending Physical Synthesis Task | Checksum: 222260d6f

Time (s): cpu = 00:05:03 ; elapsed = 00:04:12 . Memory (MB): peak = 27581.020 ; gain = 0.000
INFO: [Common 17-83] Releasing license: Implementation
1770 Infos, 104 Warnings, 1 Critical Warnings and 0 Errors encountered.
phys_opt_design completed successfully
phys_opt_design: Time (s): cpu = 00:05:15 ; elapsed = 00:04:22 . Memory (MB): peak = 27581.020 ; gain = 0.000
INFO: [Timing 38-91] UpdateTimingParams: Speed grade: -2, Temperature grade: I, Delay Type: min_max.
INFO: [Timing 38-191] Multithreading enabled for timing update using a maximum of 2 CPUs
WARNING: [Timing 38-436] There are set_bus_skew constraint(s) in this design. Please run report_bus_skew to ensure that bus skew requirements are met.
WARNING: [Timing 38-453] Line(s) in the report have been truncated to keep line length below 5000 characters.
report_timing_summary: Time (s): cpu = 00:00:12 ; elapsed = 00:00:08 . Memory (MB): peak = 27581.020 ; gain = 0.000
INFO: [Timing 38-91] UpdateTimingParams: Speed grade: -2, Temperature grade: I, Delay Type: max.
INFO: [Timing 38-191] Multithreading enabled for timing update using a maximum of 2 CPUs
INFO: [Timing 38-78] ReportTimingParams: -max_paths 25 -nworst 1 -delay_type max -sort_by slack.
TIMING: -0.494
WNS_GATE: -0.494
WHS_GATE: 0.004
W5_BUILD_TIMING_FAIL: wns=-0.494 whs=0.004 (Êú?ÂÜô‰ΩçÊµ?)
INFO: [Common 17-206] Exiting Vivado at Wed Oct  7 23:44:25 2026...
