#-----------------------------------------------------------
# Vivado v2023.1 (64-bit)
# SW Build 3865809 on Sun May  7 15:05:29 MDT 2023
# IP Build 3864474 on Sun May  7 20:36:21 MDT 2023
# SharedData Build 3865790 on Sun May 07 13:33:03 MDT 2023
# Start of session at: Wed Oct  7 16:20:11 2026
# Process ID: 13004
# Current directory: D:/FPGA/prj/project_10/prj_loop
# Command line: vivado.exe -mode batch -source scripts\timing_fix4.tcl -notrace -log build_w4h_fix4.log -journal build_w4h_fix4.jou
# Log file: D:/FPGA/prj/project_10/prj_loop/build_w4h_fix4.log
# Journal file: D:/FPGA/prj/project_10/prj_loop\build_w4h_fix4.jou
# Running On: Xuegulin, OS: Windows, CPU Frequency: 2419 MHz, CPU Physical cores: 16, Host memory: 16890 MB
#-----------------------------------------------------------
source {scripts\timing_fix4.tcl} -notrace
Command: open_checkpoint D:/FPGA/prj/project_10/prj_loop/scripts/pre_impl_debug.dcp

Starting open_checkpoint Task

Time (s): cpu = 00:00:00 ; elapsed = 00:00:00.031 . Memory (MB): peak = 1313.992 ; gain = 5.465
INFO: [Device 21-403] Loading part xcku060-ffva1156-2-i
Netlist sorting complete. Time (s): cpu = 00:00:00 ; elapsed = 00:00:00.837 . Memory (MB): peak = 2402.055 ; gain = 0.844
INFO: [Netlist 29-17] Analyzing 3590 Unisim elements for replacement
INFO: [Netlist 29-28] Unisim Transformation completed in 1 CPU seconds
INFO: [Project 1-479] Netlist was created with Vivado 2023.1
INFO: [Project 1-570] Preparing netlist for logic optimization
INFO: [Timing 38-478] Restoring timing data from binary archive.
INFO: [Timing 38-479] Binary timing data restore complete.
INFO: [Project 1-856] Restoring constraints from binary archive.
INFO: [Project 1-853] Binary constraint restore complete.
Reading XDEF placement.
Reading placer database...
Reading XDEF routing.
Read XDEF Files: Time (s): cpu = 00:00:01 ; elapsed = 00:00:00.442 . Memory (MB): peak = 2804.648 ; gain = 0.000
Restored from archive | CPU: 1.000000 secs | Memory: 0.000000 MB |
Finished XDEF File Restore: Time (s): cpu = 00:00:01 ; elapsed = 00:00:00.442 . Memory (MB): peak = 2804.648 ; gain = 0.000
INFO: [IP_Flow 19-234] Refreshing IP repositories
INFO: [IP_Flow 19-1704] No user IP repositories specified
INFO: [IP_Flow 19-2313] Loaded Vivado IP repository 'D:/Xilinx/Vivado/2023.1/data/ip'.
Netlist sorting complete. Time (s): cpu = 00:00:00 ; elapsed = 00:00:00.014 . Memory (MB): peak = 2971.109 ; gain = 0.000
INFO: [Project 1-111] Unisim Transformation Summary:
  A total of 644 instances were transformed.
  DSP48E1 => DSP48E2 (DSP_ALU, DSP_A_B_DATA, DSP_C_DATA, DSP_MULTIPLIER, DSP_M_DATA, DSP_OUTPUT, DSP_PREADD, DSP_PREADD_DATA): 3 instances
  IBUF => IBUF (IBUFCTRL, INBUF): 8 instances
  IBUFDS => IBUFDS (DIFFINBUF, IBUFCTRL): 1 instance 
  IOBUFDS => IOBUFDS (DIFFINBUF, IBUFCTRL, INV, OBUFT(x2)): 8 instances
  IOBUFE3 => IOBUFE3 (IBUFCTRL, INBUF, OBUFT_DCIEN): 72 instances
  LUT6_2 => LUT6_2 (LUT5, LUT6): 31 instances
  OBUFDS => OBUFDS_DUAL_BUF (INV, OBUF(x2)): 1 instance 
  RAM16X1D => RAM32X1D (RAMD32(x2)): 2 instances
  RAM256X1D => RAM256X1D (MUXF7(x4), MUXF8(x2), RAMD64E(x8)): 4 instances
  RAM32M => RAM32M (RAMD32(x6), RAMS32(x2)): 204 instances
  RAM32M16 => RAM32M16 (RAMD32(x14), RAMS32(x2)): 18 instances
  RAM32X1D => RAM32X1D (RAMD32(x2)): 4 instances
  RAM64M8 => RAM64M8 (RAMD64E(x8)): 144 instances
  RAM64X1D => RAM64X1D (RAMD64E(x2)): 144 instances

INFO: [Project 1-604] Checkpoint was created with Vivado v2023.1 (64-bit) build 3865809
open_checkpoint: Time (s): cpu = 00:00:22 ; elapsed = 00:00:25 . Memory (MB): peak = 2971.109 ; gain = 1662.836
INFO: [Chipscope 16-329] Generating Script for core instance : dbg_hub 
INFO: [IP_Flow 19-3806] Processing IP xilinx.com:ip:xsdbm:3.0 for cell dbg_hub_CV.
INFO: [Chipscope 16-329] Generating Script for core instance : u_ila_0 
INFO: [IP_Flow 19-3806] Processing IP xilinx.com:ip:ila:6.2 for cell u_ila_0_CV.
INFO: [Chipscope 16-329] Generating Script for core instance : u_ila_1 
INFO: [IP_Flow 19-3806] Processing IP xilinx.com:ip:ila:6.2 for cell u_ila_1_CV.
INFO: [Chipscope 16-329] Generating Script for core instance : u_ila_2 
INFO: [IP_Flow 19-3806] Processing IP xilinx.com:ip:ila:6.2 for cell u_ila_2_CV.
INFO: [Chipscope 16-329] Generating Script for core instance : u_ila_3 
INFO: [IP_Flow 19-3806] Processing IP xilinx.com:ip:ila:6.2 for cell u_ila_3_CV.
INFO: [Chipscope 16-78] labtools_xsdbm_v3 netlist file is 'd:/FPGA/prj/project_10/prj_loop/.Xil/Vivado-13004-Xuegulin/dbg_hub_CV.0/out/dcp/dbg_hub_0.edf'.
INFO: [Chipscope 16-78] labtools_ila_v6 netlist file is 'd:/FPGA/prj/project_10/prj_loop/.Xil/Vivado-13004-Xuegulin/u_ila_0_CV.0/out/dcp/u_ila_0_1.edf'.
INFO: [Chipscope 16-78] labtools_ila_v6 netlist file is 'd:/FPGA/prj/project_10/prj_loop/.Xil/Vivado-13004-Xuegulin/u_ila_1_CV.0/out/dcp/u_ila_1_2.edf'.
INFO: [Chipscope 16-78] labtools_ila_v6 netlist file is 'd:/FPGA/prj/project_10/prj_loop/.Xil/Vivado-13004-Xuegulin/u_ila_2_CV.0/out/dcp/u_ila_2_3.edf'.
INFO: [Chipscope 16-78] labtools_ila_v6 netlist file is 'd:/FPGA/prj/project_10/prj_loop/.Xil/Vivado-13004-Xuegulin/u_ila_3_CV.0/out/dcp/u_ila_3_4.edf'.
implement_debug_core: Time (s): cpu = 00:00:15 ; elapsed = 00:03:03 . Memory (MB): peak = 3316.734 ; gain = 345.625
Command: opt_design
Attempting to get a license for feature 'Implementation' and/or device 'xcku060'
INFO: [Common 17-349] Got license for feature 'Implementation' and/or device 'xcku060'
Running DRC as a precondition to command opt_design

Starting DRC Task
INFO: [DRC 23-27] Running DRC with 2 threads
INFO: [Project 1-461] DRC finished with 0 Errors
INFO: [Project 1-462] Please refer to the DRC report (report_drc) for more information.

Time (s): cpu = 00:00:02 ; elapsed = 00:00:02 . Memory (MB): peak = 3320.176 ; gain = 3.441

Starting Cache Timing Information Task
Ending Cache Timing Information Task | Checksum: 1d8bd40c9

Time (s): cpu = 00:00:00 ; elapsed = 00:00:00.025 . Memory (MB): peak = 3320.176 ; gain = 0.000

Starting Logic Optimization Task

Phase 1 Generate And Synthesize MIG Cores
INFO: [IP_Flow 19-5647] Added synthesis output to IP cache for IP ddr4_0_phy, cache-ID = 8c5a445bed51b3aa
read_xdc: Time (s): cpu = 00:00:08 ; elapsed = 00:00:06 . Memory (MB): peak = 3673.699 ; gain = 7.809
Netlist sorting complete. Time (s): cpu = 00:00:00 ; elapsed = 00:00:00.018 . Memory (MB): peak = 3674.762 ; gain = 0.000
Phase 1 Generate And Synthesize MIG Cores | Checksum: 2036a5eb5

Time (s): cpu = 00:00:22 ; elapsed = 00:01:14 . Memory (MB): peak = 3674.762 ; gain = 27.527

Phase 2 Retarget
INFO: [Opt 31-1566] Pulled 22 inverters resulting in an inversion of 399 pins
INFO: [Opt 31-138] Pushed 46 inverter(s) to 2753 load pin(s).
INFO: [Opt 31-49] Retargeted 0 cell(s).
Phase 2 Retarget | Checksum: e8192702

Time (s): cpu = 00:00:27 ; elapsed = 00:01:18 . Memory (MB): peak = 3770.391 ; gain = 123.156
INFO: [Opt 31-389] Phase Retarget created 877 cells and removed 5913 cells
INFO: [Opt 31-1021] In phase Retarget, 157 netlist objects are constrained preventing optimization. Please run opt_design with -debug_log to get more detail. 

Phase 3 Constant propagation
INFO: [Opt 31-138] Pushed 0 inverter(s) to 0 load pin(s).
Phase 3 Constant propagation | Checksum: 19ca6664e

Time (s): cpu = 00:00:28 ; elapsed = 00:01:19 . Memory (MB): peak = 3770.391 ; gain = 123.156
INFO: [Opt 31-389] Phase Constant propagation created 310 cells and removed 1106 cells
INFO: [Opt 31-1021] In phase Constant propagation, 120 netlist objects are constrained preventing optimization. Please run opt_design with -debug_log to get more detail. 

Phase 4 Sweep
Phase 4 Sweep | Checksum: 155895c8d

Time (s): cpu = 00:00:30 ; elapsed = 00:01:22 . Memory (MB): peak = 3770.391 ; gain = 123.156
INFO: [Opt 31-389] Phase Sweep created 0 cells and removed 1608 cells
INFO: [Opt 31-1021] In phase Sweep, 4270 netlist objects are constrained preventing optimization. Please run opt_design with -debug_log to get more detail. 

Phase 5 BUFG optimization
INFO: [Opt 31-1077] Phase BUFG optimization inserted 0 global clock buffer(s) for CLOCK_LOW_FANOUT.
Phase 5 BUFG optimization | Checksum: 11ecf03d3

Time (s): cpu = 00:00:32 ; elapsed = 00:01:22 . Memory (MB): peak = 3770.391 ; gain = 123.156
INFO: [Opt 31-662] Phase BUFG optimization created 1 cells of which 1 are BUFGs and removed 3 cells.

Phase 6 Shift Register Optimization
INFO: [Opt 31-1064] SRL Remap converted 0 SRLs to 0 registers and converted 0 registers of register chains to 0 SRLs
Phase 6 Shift Register Optimization | Checksum: 1749e9efa

Time (s): cpu = 00:00:35 ; elapsed = 00:01:26 . Memory (MB): peak = 3770.391 ; gain = 123.156
INFO: [Opt 31-389] Phase Shift Register Optimization created 0 cells and removed 0 cells

Phase 7 Post Processing Netlist
INFO: [Opt 31-1566] Pulled 1 inverters resulting in an inversion of 1 pins
Phase 7 Post Processing Netlist | Checksum: 1e39a045b

Time (s): cpu = 00:00:35 ; elapsed = 00:01:26 . Memory (MB): peak = 3770.391 ; gain = 123.156
INFO: [Opt 31-389] Phase Post Processing Netlist created 0 cells and removed 1 cells
INFO: [Opt 31-1021] In phase Post Processing Netlist, 182 netlist objects are constrained preventing optimization. Please run opt_design with -debug_log to get more detail. 
Opt_design Change Summary
=========================


-------------------------------------------------------------------------------------------------------------------------
|  Phase                        |  #Cells created  |  #Cells Removed  |  #Constrained objects preventing optimizations  |
-------------------------------------------------------------------------------------------------------------------------
|  Retarget                     |             877  |            5913  |                                            157  |
|  Constant propagation         |             310  |            1106  |                                            120  |
|  Sweep                        |               0  |            1608  |                                           4270  |
|  BUFG optimization            |               1  |               3  |                                              0  |
|  Shift Register Optimization  |               0  |               0  |                                              0  |
|  Post Processing Netlist      |               0  |               1  |                                            182  |
-------------------------------------------------------------------------------------------------------------------------



Starting Connectivity Check Task

Time (s): cpu = 00:00:00 ; elapsed = 00:00:00.102 . Memory (MB): peak = 3770.391 ; gain = 0.000
Ending Logic Optimization Task | Checksum: 15408506e

Time (s): cpu = 00:00:36 ; elapsed = 00:01:26 . Memory (MB): peak = 3770.391 ; gain = 123.156

Starting Power Optimization Task
INFO: [Pwropt 34-132] Skipping clock gating for clocks with a period < 2.00 ns.
INFO: [Power 33-23] Power model is not available for xiphy_riu_or
INFO: [Power 33-23] Power model is not available for genVref.u_hpio_vref
INFO: [Pwropt 34-9] Applying IDT optimizations ...
INFO: [Pwropt 34-10] Applying ODC optimizations ...
INFO: [Timing 38-35] Done setting XDC timing constraints.
Running Vector-less Activity Propagation...

Finished Running Vector-less Activity Propagation


Starting PowerOpt Patch Enables Task
INFO: [Pwropt 34-162] WRITE_MODE attribute of 40 BRAM(s) out of a total of 72 has been updated to save power. Run report_power_opt to get a complete listing of the BRAMs updated.
INFO: [Pwropt 34-201] Structural ODC has moved 0 WE to EN ports
Number of BRAM Ports augmented: 41 newly gated: 0 Total Ports: 144
Ending PowerOpt Patch Enables Task | Checksum: 114779582

Time (s): cpu = 00:00:01 ; elapsed = 00:00:00.603 . Memory (MB): peak = 5731.375 ; gain = 0.000
Ending Power Optimization Task | Checksum: 114779582

Time (s): cpu = 00:00:54 ; elapsed = 00:00:38 . Memory (MB): peak = 5731.375 ; gain = 1960.984

Starting Final Cleanup Task

Starting Logic Optimization Task
INFO: [Timing 38-35] Done setting XDC timing constraints.
Ending Logic Optimization Task | Checksum: d8a52e81

Time (s): cpu = 00:00:08 ; elapsed = 00:00:06 . Memory (MB): peak = 5731.375 ; gain = 0.000
Ending Final Cleanup Task | Checksum: d8a52e81

Time (s): cpu = 00:00:10 ; elapsed = 00:00:08 . Memory (MB): peak = 5731.375 ; gain = 0.000

Starting Netlist Obfuscation Task
Netlist sorting complete. Time (s): cpu = 00:00:00 ; elapsed = 00:00:00.017 . Memory (MB): peak = 5731.375 ; gain = 0.000
Ending Netlist Obfuscation Task | Checksum: d8a52e81

Time (s): cpu = 00:00:00 ; elapsed = 00:00:00.030 . Memory (MB): peak = 5731.375 ; gain = 0.000
INFO: [Common 17-83] Releasing license: Implementation
82 Infos, 88 Warnings, 0 Critical Warnings and 0 Errors encountered.
opt_design completed successfully
opt_design: Time (s): cpu = 00:01:46 ; elapsed = 00:02:17 . Memory (MB): peak = 5731.375 ; gain = 2414.641
Command: place_design -directive ExtraTimingOpt
Attempting to get a license for feature 'Implementation' and/or device 'xcku060'
INFO: [Common 17-349] Got license for feature 'Implementation' and/or device 'xcku060'
INFO: [DRC 23-27] Running DRC with 2 threads
INFO: [Vivado_Tcl 4-198] DRC finished with 0 Errors
INFO: [Vivado_Tcl 4-199] Please refer to the DRC report (report_drc) for more information.
Running DRC as a precondition to command place_design
INFO: [DRC 23-27] Running DRC with 2 threads
INFO: [Vivado_Tcl 4-198] DRC finished with 0 Errors
INFO: [Vivado_Tcl 4-199] Please refer to the DRC report (report_drc) for more information.

Starting Placer Task
INFO: [Place 46-5] The placer was invoked with the 'ExtraTimingOpt' directive.
INFO: [Place 30-611] Multithreading enabled for place_design using a maximum of 2 CPUs

Phase 1 Placer Initialization

Phase 1.1 Placer Initialization Netlist Sorting
Netlist sorting complete. Time (s): cpu = 00:00:00 ; elapsed = 00:00:00.018 . Memory (MB): peak = 5731.375 ; gain = 0.000
Phase 1.1 Placer Initialization Netlist Sorting | Checksum: 7160d922

Time (s): cpu = 00:00:00 ; elapsed = 00:00:00.053 . Memory (MB): peak = 5731.375 ; gain = 0.000
Netlist sorting complete. Time (s): cpu = 00:00:00 ; elapsed = 00:00:00.017 . Memory (MB): peak = 5731.375 ; gain = 0.000

Phase 1.2 IO Placement/ Clock Placement/ Build Placer Device
INFO: [Timing 38-35] Done setting XDC timing constraints.
INFO: [Place 30-1907] u_gmii_to_rgmii/u_rgmii_rx/u_idelayctrl_REPLICATED_0 replication was created for u_gmii_to_rgmii/u_rgmii_rx/u_idelayctrl IDELAYCTRL
Phase 1.2 IO Placement/ Clock Placement/ Build Placer Device | Checksum: 10f7cb888

Time (s): cpu = 00:00:13 ; elapsed = 00:00:09 . Memory (MB): peak = 5731.375 ; gain = 0.000

Phase 1.3 Build Placer Netlist Model
Phase 1.3 Build Placer Netlist Model | Checksum: a10b5354

Time (s): cpu = 00:00:36 ; elapsed = 00:00:25 . Memory (MB): peak = 5731.375 ; gain = 0.000

Phase 1.4 Constrain Clocks/Macros
Phase 1.4 Constrain Clocks/Macros | Checksum: a10b5354

Time (s): cpu = 00:00:36 ; elapsed = 00:00:26 . Memory (MB): peak = 5731.375 ; gain = 0.000
Phase 1 Placer Initialization | Checksum: a10b5354

Time (s): cpu = 00:00:36 ; elapsed = 00:00:26 . Memory (MB): peak = 5731.375 ; gain = 0.000

Phase 2 Global Placement

Phase 2.1 Floorplanning
Phase 2.1 Floorplanning | Checksum: 11f85c6d5

Time (s): cpu = 00:00:45 ; elapsed = 00:00:31 . Memory (MB): peak = 5731.375 ; gain = 0.000

Phase 2.2 Update Timing before SLR Path Opt
Phase 2.2 Update Timing before SLR Path Opt | Checksum: 6c5566cc

Time (s): cpu = 00:00:51 ; elapsed = 00:00:35 . Memory (MB): peak = 5731.375 ; gain = 0.000

Phase 2.3 Post-Processing in Floorplanning
Phase 2.3 Post-Processing in Floorplanning | Checksum: 6c5566cc

Time (s): cpu = 00:00:51 ; elapsed = 00:00:35 . Memory (MB): peak = 5731.375 ; gain = 0.000

Phase 2.4 Global Placement Core
INFO: [Place 30-3162] Check ILP status : ILP-based clock placer completed successfully.

Phase 2.4.1 UpdateTiming Before Physical Synthesis
Phase 2.4.1 UpdateTiming Before Physical Synthesis | Checksum: b06e7e9a

Time (s): cpu = 00:02:02 ; elapsed = 00:01:18 . Memory (MB): peak = 5731.375 ; gain = 0.000

Phase 2.4.2 Physical Synthesis In Placer
INFO: [Physopt 32-1035] Found 366 LUTNM shape to break, 1542 LUT instances to create LUTNM shape
INFO: [Physopt 32-1044] Break lutnm for timing: one critical 214, two critical 152, total 366, new lutff created 16
INFO: [Physopt 32-1138] End 1 Pass. Optimized 1062 nets or LUTs. Breaked 366 LUTs, combined 696 existing LUTs and moved 0 existing LUT
INFO: [Physopt 32-76] Pass 1. Identified 4 candidate nets for fanout optimization.
INFO: [Physopt 32-81] Processed net u_ddr4/inst/u_ddr4_mem_intfc/u_ddr_ui/u_ddr_ui_wr_data/app_wdf_rdy_r. Replicated 6 times.
INFO: [Physopt 32-81] Processed net u_ddr4/inst/div_clk_rst_r1. Replicated 78 times.
INFO: [Physopt 32-81] Processed net u_ddr4/inst/u_ddr4_mem_intfc/u_ddr_cal_top/u_ddr_cal/u_ddr_cal_addr_decode/u_ddr_cal_cplx/cplx_cal. Replicated 5 times.
INFO: [Physopt 32-81] Processed net u_ddr4/inst/u_ddr4_mem_intfc/u_ddr_ui/u_ddr_ui_wr_data/app_wdf_rdy_r_copy2. Replicated 5 times.
INFO: [Physopt 32-232] Optimized 4 nets. Created 94 new instances.
INFO: [Physopt 32-775] End 1 Pass. Optimized 4 nets or cells. Created 94 new cells, deleted 0 existing cell and moved 0 existing cell
Netlist sorting complete. Time (s): cpu = 00:00:00 ; elapsed = 00:00:00.175 . Memory (MB): peak = 5731.375 ; gain = 0.000
INFO: [Physopt 32-456] No candidate cells for DSP register optimization found in the design.
INFO: [Physopt 32-775] End 2 Pass. Optimized 0 net or cell. Created 0 new cell, deleted 0 existing cell and moved 0 existing cell
INFO: [Physopt 32-1123] No candidate cells found for Shift Register to Pipeline optimization
INFO: [Physopt 32-775] End 2 Pass. Optimized 0 net or cell. Created 0 new cell, deleted 0 existing cell and moved 0 existing cell
INFO: [Physopt 32-677] No candidate cells for Shift Register optimization found in the design
INFO: [Physopt 32-775] End 1 Pass. Optimized 0 net or cell. Created 0 new cell, deleted 0 existing cell and moved 0 existing cell
INFO: [Physopt 32-527] Pass 1: Identified 1 candidate cell for BRAM register optimization
INFO: [Physopt 32-666] Processed cell u_ddr4/inst/u_ddr4_mem_intfc/u_ddr_cal_top/u_ddr_cal/DDR_XSDB_BRAM/mem_inst/gen_mem[0].inst/mem_reg_bram_0. No change.
INFO: [Physopt 32-775] End 1 Pass. Optimized 0 net or cell. Created 0 new cell, deleted 0 existing cell and moved 0 existing cell
Netlist sorting complete. Time (s): cpu = 00:00:00 ; elapsed = 00:00:00.019 . Memory (MB): peak = 5731.375 ; gain = 0.000
INFO: [Physopt 32-846] No candidate cells for URAM register optimization found in the design
INFO: [Physopt 32-775] End 1 Pass. Optimized 0 net or cell. Created 0 new cell, deleted 0 existing cell and moved 0 existing cell
INFO: [Physopt 32-846] No candidate cells for URAM register optimization found in the design
INFO: [Physopt 32-775] End 1 Pass. Optimized 0 net or cell. Created 0 new cell, deleted 0 existing cell and moved 0 existing cell
INFO: [Physopt 32-949] No candidate nets found for dynamic/static region interface net replication
INFO: [Physopt 32-775] End 1 Pass. Optimized 0 net or cell. Created 0 new cell, deleted 0 existing cell and moved 0 existing cell
Netlist sorting complete. Time (s): cpu = 00:00:00 ; elapsed = 00:00:00.023 . Memory (MB): peak = 5731.375 ; gain = 0.000

Summary of Physical Synthesis Optimizations
============================================


-----------------------------------------------------------------------------------------------------------------------------------------------------------
|  Optimization                                     |  Added Cells  |  Removed Cells  |  Optimized Cells/Nets  |  Dont Touch  |  Iterations  |  Elapsed   |
-----------------------------------------------------------------------------------------------------------------------------------------------------------
|  LUT Combining                                    |          366  |            696  |                  1062  |           0  |           1  |  00:00:01  |
|  Retime                                           |            0  |              0  |                     0  |           0  |           1  |  00:00:00  |
|  Very High Fanout                                 |           94  |              0  |                     4  |           0  |           1  |  00:00:03  |
|  DSP Register                                     |            0  |              0  |                     0  |           0  |           1  |  00:00:00  |
|  Shift Register to Pipeline                       |            0  |              0  |                     0  |           0  |           1  |  00:00:00  |
|  Shift Register                                   |            0  |              0  |                     0  |           0  |           1  |  00:00:00  |
|  BRAM Register                                    |            0  |              0  |                     0  |           0  |           1  |  00:00:00  |
|  URAM Register                                    |            0  |              0  |                     0  |           0  |           1  |  00:00:00  |
|  Dynamic/Static Region Interface Net Replication  |            0  |              0  |                     0  |           0  |           1  |  00:00:00  |
|  Total                                            |          460  |            696  |                  1066  |           0  |           9  |  00:00:04  |
-----------------------------------------------------------------------------------------------------------------------------------------------------------


Phase 2.4.2 Physical Synthesis In Placer | Checksum: b6a162a1

Time (s): cpu = 00:02:13 ; elapsed = 00:01:27 . Memory (MB): peak = 5731.375 ; gain = 0.000
Phase 2.4 Global Placement Core | Checksum: 1281e5443

Time (s): cpu = 00:02:15 ; elapsed = 00:01:29 . Memory (MB): peak = 5731.375 ; gain = 0.000
Phase 2 Global Placement | Checksum: 1281e5443

Time (s): cpu = 00:02:15 ; elapsed = 00:01:29 . Memory (MB): peak = 5731.375 ; gain = 0.000

Phase 3 Detail Placement

Phase 3.1 Commit Multi Column Macros
Phase 3.1 Commit Multi Column Macros | Checksum: db11ef5e

Time (s): cpu = 00:02:22 ; elapsed = 00:01:33 . Memory (MB): peak = 5731.375 ; gain = 0.000

Phase 3.2 Commit Most Macros & LUTRAMs
Phase 3.2 Commit Most Macros & LUTRAMs | Checksum: f67ebf8e

Time (s): cpu = 00:02:31 ; elapsed = 00:01:39 . Memory (MB): peak = 5731.375 ; gain = 0.000

Phase 3.3 Small Shape DP

Phase 3.3.1 Small Shape Clustering
Phase 3.3.1 Small Shape Clustering | Checksum: 6cefbfa5

Time (s): cpu = 00:02:55 ; elapsed = 00:01:56 . Memory (MB): peak = 5731.375 ; gain = 0.000

Phase 3.3.2 DP Optimization
Phase 3.3.2 DP Optimization | Checksum: d7667bff

Time (s): cpu = 00:03:19 ; elapsed = 00:02:11 . Memory (MB): peak = 5731.375 ; gain = 0.000

Phase 3.3.3 Flow Legalize Slice Clusters
Phase 3.3.3 Flow Legalize Slice Clusters | Checksum: 10e724400

Time (s): cpu = 00:03:19 ; elapsed = 00:02:11 . Memory (MB): peak = 5731.375 ; gain = 0.000

Phase 3.3.4 Slice Area Swap

Phase 3.3.4.1 Slice Area Swap Initial
Phase 3.3.4.1 Slice Area Swap Initial | Checksum: cb1bc3e8

Time (s): cpu = 00:03:28 ; elapsed = 00:02:21 . Memory (MB): peak = 5731.375 ; gain = 0.000
Phase 3.3.4 Slice Area Swap | Checksum: cb1bc3e8

Time (s): cpu = 00:03:29 ; elapsed = 00:02:21 . Memory (MB): peak = 5731.375 ; gain = 0.000
Phase 3.3 Small Shape DP | Checksum: fc649136

Time (s): cpu = 00:03:41 ; elapsed = 00:02:28 . Memory (MB): peak = 5731.375 ; gain = 0.000

Phase 3.4 Re-assign LUT pins
Phase 3.4 Re-assign LUT pins | Checksum: 1b359beb3

Time (s): cpu = 00:03:43 ; elapsed = 00:02:30 . Memory (MB): peak = 5731.375 ; gain = 0.000

Phase 3.5 Pipeline Register Optimization
Phase 3.5 Pipeline Register Optimization | Checksum: c2772a1d

Time (s): cpu = 00:03:43 ; elapsed = 00:02:31 . Memory (MB): peak = 5731.375 ; gain = 0.000

Phase 3.6 Fast Optimization
Phase 3.6 Fast Optimization | Checksum: 1265f215d

Time (s): cpu = 00:04:16 ; elapsed = 00:02:53 . Memory (MB): peak = 5731.375 ; gain = 0.000
Phase 3 Detail Placement | Checksum: 1265f215d

Time (s): cpu = 00:04:16 ; elapsed = 00:02:53 . Memory (MB): peak = 5731.375 ; gain = 0.000

Phase 4 Post Placement Optimization and Clean-Up

Phase 4.1 Post Commit Optimization
INFO: [Timing 38-35] Done setting XDC timing constraints.

Phase 4.1.1 Post Placement Optimization
Post Placement Optimization Initialization | Checksum: 1fbebce6a

Phase 4.1.1.1 BUFG Insertion

Starting Physical Synthesis Task

Phase 1 Physical Synthesis Initialization
INFO: [Physopt 32-721] Multithreading enabled for phys_opt_design using a maximum of 2 CPUs
INFO: [Physopt 32-619] Estimated Timing Summary | WNS=-0.580 | TNS=-48.238 |
Phase 1 Physical Synthesis Initialization | Checksum: 1650471e7

Time (s): cpu = 00:00:03 ; elapsed = 00:00:02 . Memory (MB): peak = 5731.375 ; gain = 0.000
INFO: [Place 46-35] Processed net u_mem_i_1_n_0, inserted BUFG to drive 1042 loads.
INFO: [Place 46-56] BUFG insertion identified 1 candidate nets. Inserted BUFG: 1, Replicated BUFG Driver: 0, Skipped due to Placement/Routing Conflicts: 0, Skipped due to Timing Degradation: 0, Skipped due to netlist editing failed: 0.
Ending Physical Synthesis Task | Checksum: df816f99

Time (s): cpu = 00:00:05 ; elapsed = 00:00:03 . Memory (MB): peak = 5731.375 ; gain = 0.000
Phase 4.1.1.1 BUFG Insertion | Checksum: 8b24240f

Time (s): cpu = 00:04:48 ; elapsed = 00:03:14 . Memory (MB): peak = 5731.375 ; gain = 0.000

Phase 4.1.1.2 Post Placement Timing Optimization
INFO: [Place 30-746] Post Placement Timing Summary WNS=-0.177. For the most accurate timing information please run report_timing.
Phase 4.1.1.2 Post Placement Timing Optimization | Checksum: faaacafd

Time (s): cpu = 00:07:11 ; elapsed = 00:05:40 . Memory (MB): peak = 5731.375 ; gain = 0.000

Time (s): cpu = 00:07:11 ; elapsed = 00:05:40 . Memory (MB): peak = 5731.375 ; gain = 0.000
Phase 4.1 Post Commit Optimization | Checksum: faaacafd

Time (s): cpu = 00:07:11 ; elapsed = 00:05:40 . Memory (MB): peak = 5731.375 ; gain = 0.000
Netlist sorting complete. Time (s): cpu = 00:00:00 ; elapsed = 00:00:00.030 . Memory (MB): peak = 5731.375 ; gain = 0.000

Phase 4.2 Post Placement Cleanup
Phase 4.2 Post Placement Cleanup | Checksum: 1cddc48c7

Time (s): cpu = 00:07:16 ; elapsed = 00:05:44 . Memory (MB): peak = 5731.375 ; gain = 0.000

Phase 4.3 Placer Reporting

Phase 4.3.1 Print Estimated Congestion
INFO: [Place 30-612] Post-Placement Estimated Congestion 
 ____________________________________________________
|           | Global Congestion | Short Congestion  |
| Direction | Region Size       | Region Size       |
|___________|___________________|___________________|
|      North|                4x4|                8x8|
|___________|___________________|___________________|
|      South|                8x8|                4x4|
|___________|___________________|___________________|
|       East|                4x4|                8x8|
|___________|___________________|___________________|
|       West|                4x4|                8x8|
|___________|___________________|___________________|

Phase 4.3.1 Print Estimated Congestion | Checksum: 1cddc48c7

Time (s): cpu = 00:07:16 ; elapsed = 00:05:44 . Memory (MB): peak = 5731.375 ; gain = 0.000
Phase 4.3 Placer Reporting | Checksum: 1cddc48c7

Time (s): cpu = 00:07:16 ; elapsed = 00:05:44 . Memory (MB): peak = 5731.375 ; gain = 0.000

Phase 4.4 Final Placement Cleanup
Netlist sorting complete. Time (s): cpu = 00:00:00 ; elapsed = 00:00:00.017 . Memory (MB): peak = 5731.375 ; gain = 0.000

Time (s): cpu = 00:07:16 ; elapsed = 00:05:45 . Memory (MB): peak = 5731.375 ; gain = 0.000
Phase 4 Post Placement Optimization and Clean-Up | Checksum: 1f96a7165

Time (s): cpu = 00:07:16 ; elapsed = 00:05:45 . Memory (MB): peak = 5731.375 ; gain = 0.000
Ending Placer Task | Checksum: 1aca31275

Time (s): cpu = 00:07:17 ; elapsed = 00:05:45 . Memory (MB): peak = 5731.375 ; gain = 0.000
INFO: [Common 17-83] Releasing license: Implementation
127 Infos, 88 Warnings, 0 Critical Warnings and 0 Errors encountered.
place_design completed successfully
place_design: Time (s): cpu = 00:07:23 ; elapsed = 00:05:49 . Memory (MB): peak = 5731.375 ; gain = 0.000
Command: phys_opt_design -directive ExploreWithHoldFix
Attempting to get a license for feature 'Implementation' and/or device 'xcku060'
INFO: [Common 17-349] Got license for feature 'Implementation' and/or device 'xcku060'
INFO: [Vivado_Tcl 4-137] Directive used for phys_opt_design is: ExploreWithHoldFix

Starting Initial Update Timing Task

Time (s): cpu = 00:00:25 ; elapsed = 00:00:14 . Memory (MB): peak = 5731.375 ; gain = 0.000
INFO: [Vivado_Tcl 4-1435] PhysOpt_Tcl_Interface Runtime Before Starting Physical Synthesis Task | CPU: 25.00s |  WALL: 14.33s
Netlist sorting complete. Time (s): cpu = 00:00:00 ; elapsed = 00:00:00.016 . Memory (MB): peak = 5731.375 ; gain = 0.000

Starting Physical Synthesis Task

Phase 1 Physical Synthesis Initialization
INFO: [Physopt 32-721] Multithreading enabled for phys_opt_design using a maximum of 2 CPUs
INFO: [Place 30-3162] Check ILP status : ILP-based clock placer completed successfully.
INFO: [Physopt 32-619] Estimated Timing Summary | WNS=-0.177 | TNS=-0.912 |
Phase 1 Physical Synthesis Initialization | Checksum: 1de1fde38

Time (s): cpu = 00:00:09 ; elapsed = 00:00:07 . Memory (MB): peak = 5731.375 ; gain = 0.000

Phase 2 SLR Crossing Optimization
Phase 2 SLR Crossing Optimization | Checksum: 1de1fde38

Time (s): cpu = 00:00:09 ; elapsed = 00:00:07 . Memory (MB): peak = 5731.375 ; gain = 0.000
INFO: [Physopt 32-619] Estimated Timing Summary | WNS=-0.177 | TNS=-0.912 |

Phase 3 Fanout Optimization
INFO: [Physopt 32-76] Pass 1. Identified 50 candidate nets for fanout optimization.
INFO: [Physopt 32-81] Processed net u_mem/u_bridge/rd_seq_slot_reg[1]_rep__15_n_0. Replicated 2 times.
INFO: [Physopt 32-81] Processed net u_mem/u_bridge/r_slot. Replicated 2 times.
INFO: [Physopt 32-81] Processed net u_mem2/u_wr_bytes/rd_bin_reg[0]_rep__0_n_0. Replicated 3 times.
INFO: [Physopt 32-572] Net u_mem2/u_wr_bytes/ub_dout[4] was not replicated.
Resolution: phys_opt_design can be forced to replicate a net driver using the option -force_replication_on_nets <list of net objects>.
INFO: [Physopt 32-81] Processed net u_mem2/u_wr_bytes/rd_bin_reg[1]_rep__0_n_0. Replicated 3 times.
INFO: [Physopt 32-572] Net u_mem2/u_wr_bytes/ub_dout[0] was not replicated.
Resolution: phys_opt_design can be forced to replicate a net driver using the option -force_replication_on_nets <list of net objects>.
INFO: [Physopt 32-572] Net u_mem2/u_bridge/r_slot was not replicated.
Resolution: phys_opt_design can be forced to replicate a net driver using the option -force_replication_on_nets <list of net objects>.
INFO: [Physopt 32-81] Processed net u_mem/u_bridge/rd_seq_slot_reg[2]_rep__2_n_0. Replicated 1 times.
INFO: [Physopt 32-81] Processed net u_mem/u_bridge/sel0[3]. Replicated 2 times.
INFO: [Physopt 32-81] Processed net u_mem2/u_wr_bytes/ub_dout[2]. Replicated 3 times.
INFO: [Physopt 32-572] Net u_mem2/u_wr_bytes/ub_dout[3] was not replicated.
Resolution: phys_opt_design can be forced to replicate a net driver using the option -force_replication_on_nets <list of net objects>.
INFO: [Physopt 32-81] Processed net u_mem/u_wr_bytes/ub_empty. Replicated 2 times.
INFO: [Physopt 32-81] Processed net u_mem2/u_bridge/rd_seq_slot_reg[1]_rep__9_n_0. Replicated 2 times.
INFO: [Physopt 32-81] Processed net u_mem2/u_bridge/ro_wm[0]. Replicated 2 times.
INFO: [Physopt 32-81] Processed net u_mem2/u_wr_bytes/rd_bin_reg[3]_rep__0_n_0. Replicated 2 times.
INFO: [Physopt 32-572] Net u_mem2/u_wr_bytes/ub_dout[6] was not replicated.
Resolution: phys_opt_design can be forced to replicate a net driver using the option -force_replication_on_nets <list of net objects>.
INFO: [Physopt 32-81] Processed net u_mem2/u_bridge/rd_seq_slot_reg[1]_rep__0_n_0. Replicated 4 times.
INFO: [Physopt 32-572] Net u_mem2/u_wr_bytes/ub_empty was not replicated.
Resolution: phys_opt_design can be forced to replicate a net driver using the option -force_replication_on_nets <list of net objects>.
INFO: [Physopt 32-81] Processed net u_mem/u_wr_bytes/rd_bin_reg[0]_rep__2_n_0. Replicated 1 times.
INFO: [Physopt 32-572] Net u_mem/u_wr_bytes/ub_dout[3] was not replicated.
Resolution: phys_opt_design can be forced to replicate a net driver using the option -force_replication_on_nets <list of net objects>.
INFO: [Physopt 32-572] Net u_mem/u_wr_bytes/ub_dout[7] was not replicated.
Resolution: phys_opt_design can be forced to replicate a net driver using the option -force_replication_on_nets <list of net objects>.
INFO: [Physopt 32-81] Processed net u_mem/u_wr_bytes/rd_bin_reg[0]_rep_n_0. Replicated 4 times.
INFO: [Physopt 32-81] Processed net u_ddr4/inst/u_ddr4_mem_intfc/u_ddr_mc/bgr[3].u_ddr_mc_group/Q[1]. Replicated 1 times.
INFO: [Physopt 32-81] Processed net u_mem2/u_wr_bytes/rd_bin_reg[4]_rep__0_n_0. Replicated 2 times.
INFO: [Physopt 32-81] Processed net u_mem2/u_wr_bytes/rd_bin_reg[2]_rep__1_n_0. Replicated 3 times.
INFO: [Physopt 32-81] Processed net u_mem2/u_bridge/rd_seq_slot_reg[1]_rep__14_n_0. Replicated 2 times.
INFO: [Physopt 32-81] Processed net u_arb/wgrant_reg_rep_n_0. Replicated 2 times.
INFO: [Physopt 32-81] Processed net u_mem2/u_bridge/rd_seq_slot_reg[1]_rep__7_n_0. Replicated 3 times.
INFO: [Physopt 32-81] Processed net u_mem/u_wr_bytes/rd_bin_reg[1]_rep_n_0. Replicated 4 times.
INFO: [Physopt 32-81] Processed net u_mem2/u_wr_bytes/rd_bin_reg[1]_rep_n_0. Replicated 4 times.
INFO: [Physopt 32-572] Net u_mem2/u_wr_bytes/ub_dout[7] was not replicated.
Resolution: phys_opt_design can be forced to replicate a net driver using the option -force_replication_on_nets <list of net objects>.
INFO: [Physopt 32-81] Processed net u_mem2/u_bridge/rd_seq_slot_reg[2]_rep__1_n_0. Replicated 4 times.
INFO: [Physopt 32-81] Processed net u_mem2/u_wr_bytes/rd_bin_reg[2]_rep_n_0. Replicated 8 times.
INFO: [Physopt 32-81] Processed net u_mem2/u_wr_bytes/rd_bin_reg[4]_rep__1_n_0. Replicated 3 times.
INFO: [Physopt 32-572] Net u_mem2/u_wr_bytes/ub_dout[5] was not replicated.
Resolution: phys_opt_design can be forced to replicate a net driver using the option -force_replication_on_nets <list of net objects>.
INFO: [Physopt 32-572] Net u_mem2/u_bridge/w_strb_r[63]_i_2_n_0 was not replicated.
Resolution: phys_opt_design can be forced to replicate a net driver using the option -force_replication_on_nets <list of net objects>.
INFO: [Physopt 32-232] Optimized 25 nets. Created 69 new instances.
INFO: [Physopt 32-775] End 1 Pass. Optimized 25 nets or cells. Created 69 new cells, deleted 0 existing cell and moved 0 existing cell
INFO: [Physopt 32-619] Estimated Timing Summary | WNS=-0.177 | TNS=-0.901 |
Netlist sorting complete. Time (s): cpu = 00:00:00 ; elapsed = 00:00:00.105 . Memory (MB): peak = 6101.992 ; gain = 0.758
Phase 3 Fanout Optimization | Checksum: 14706728b

Time (s): cpu = 00:00:42 ; elapsed = 00:00:27 . Memory (MB): peak = 6101.992 ; gain = 370.617

Phase 4 Single Cell Placement Optimization
INFO: [Physopt 32-660] Identified 250 candidate nets for placement-based optimization.
INFO: [Physopt 32-662] Processed net u_mem2/u_wr_bytes/gray2bin_return[7].  Did not re-place instance u_mem2/u_wr_bytes/rd_level_carry_i_1
INFO: [Physopt 32-662] Processed net u_mem2/u_bridge/wst.  Did not re-place instance u_mem2/u_bridge/FSM_onehot_wst[6]_i_1
INFO: [Physopt 32-662] Processed net u_mem2/u_wr_bytes/gray2bin_return[2].  Did not re-place instance u_mem2/u_wr_bytes/rd_level_carry_i_6
INFO: [Physopt 32-662] Processed net u_mem2/u_wr_bytes/p_0_in49_in.  Did not re-place instance u_mem2/u_wr_bytes/wr_gray_s2_reg[7]
INFO: [Physopt 32-662] Processed net u_mem2/u_bridge/DI[5].  Did not re-place instance u_mem2/u_bridge/FSM_onehot_wst[6]_i_13
INFO: [Physopt 32-662] Processed net u_mem2/u_bridge/FSM_onehot_wst[6]_i_3_n_0.  Did not re-place instance u_mem2/u_bridge/FSM_onehot_wst[6]_i_3
INFO: [Physopt 32-662] Processed net u_mem2/u_wr_bytes/gray2bin_return[1].  Did not re-place instance u_mem2/u_wr_bytes/rd_level_carry_i_7
INFO: [Physopt 32-662] Processed net u_mem2/u_bridge/FSM_onehot_wst_reg_n_0_[2].  Did not re-place instance u_mem2/u_bridge/FSM_onehot_wst_reg[2]
INFO: [Physopt 32-662] Processed net u_mem2/u_wr_bytes/gray2bin_return[0].  Did not re-place instance u_mem2/u_wr_bytes/rd_level_carry_i_8
INFO: [Physopt 32-662] Processed net u_mem2/u_bridge/FSM_onehot_wst_reg_n_0_[1].  Did not re-place instance u_mem2/u_bridge/FSM_onehot_wst_reg[1]
INFO: [Physopt 32-662] Processed net u_mem2/u_wr_bytes/FSM_onehot_wst[6]_i_21_n_0.  Did not re-place instance u_mem2/u_wr_bytes/FSM_onehot_wst[6]_i_21
INFO: [Physopt 32-662] Processed net u_mem2/u_wr_bytes/rd_level_carry_i_16_n_0.  Did not re-place instance u_mem2/u_wr_bytes/rd_level_carry_i_16
INFO: [Physopt 32-662] Processed net u_mem2/u_wr_bytes/rd_level_carry_i_15_n_0.  Did not re-place instance u_mem2/u_wr_bytes/rd_level_carry_i_15
INFO: [Physopt 32-662] Processed net u_mem2/u_wr_bytes/FSM_onehot_wst[6]_i_20_n_0.  Did not re-place instance u_mem2/u_wr_bytes/FSM_onehot_wst[6]_i_20
INFO: [Physopt 32-663] Processed net u_mem2/u_wr_bytes/gray2bin_return[3].  Re-placed instance u_mem2/u_wr_bytes/rd_level_carry_i_5
INFO: [Physopt 32-662] Processed net u_mem2/u_wr_bytes/wr_gray_s2_reg_n_0_[11].  Did not re-place instance u_mem2/u_wr_bytes/wr_gray_s2_reg[11]
INFO: [Physopt 32-662] Processed net u_mem2/u_bridge/DI[4].  Did not re-place instance u_mem2/u_bridge/FSM_onehot_wst[6]_i_14
INFO: [Physopt 32-662] Processed net u_mem2/u_bridge/FSM_onehot_wst_reg_n_0_[6].  Did not re-place instance u_mem2/u_bridge/FSM_onehot_wst_reg[6]
INFO: [Physopt 32-662] Processed net u_mem2/u_wr_bytes/p_1_in62_in.  Did not re-place instance u_mem2/u_wr_bytes/wr_gray_s2_reg[12]
INFO: [Physopt 32-662] Processed net u_mem2/u_bridge/Q[0].  Did not re-place instance u_mem2/u_bridge/FSM_onehot_wst_reg[0]
INFO: [Physopt 32-662] Processed net u_mem2/u_bridge/FSM_onehot_wst_reg_n_0_[4].  Did not re-place instance u_mem2/u_bridge/FSM_onehot_wst_reg[4]
INFO: [Physopt 32-662] Processed net u_mem2/u_bridge/FSM_onehot_wst_reg_n_0_[5].  Did not re-place instance u_mem2/u_bridge/FSM_onehot_wst_reg[5]
INFO: [Physopt 32-662] Processed net u_mem2/u_bridge/FSM_onehot_wst_reg_n_0_[3].  Did not re-place instance u_mem2/u_bridge/FSM_onehot_wst_reg[3]
INFO: [Physopt 32-662] Processed net u_mem2/u_wr_bytes/FSM_onehot_wst[6]_i_12_n_0.  Did not re-place instance u_mem2/u_wr_bytes/FSM_onehot_wst[6]_i_12
INFO: [Physopt 32-662] Processed net u_mem2/u_wr_bytes/p_0_in58_in.  Did not re-place instance u_mem2/u_wr_bytes/wr_gray_s2_reg[10]
INFO: [Physopt 32-663] Processed net u_mem2/u_wr_bytes/p_0_in46_in.  Re-placed instance u_mem2/u_wr_bytes/wr_gray_s2_reg[6]
INFO: [Physopt 32-663] Processed net u_mem2/u_wr_bytes/p_0_in43_in.  Re-placed instance u_mem2/u_wr_bytes/wr_gray_s2_reg[5]
INFO: [Physopt 32-662] Processed net u_mem2/u_wr_bytes/p_0_in55_in.  Did not re-place instance u_mem2/u_wr_bytes/wr_gray_s2_reg[9]
INFO: [Physopt 32-662] Processed net u_mem2/u_wr_bytes/rd_level_carry_i_14_n_0.  Did not re-place instance u_mem2/u_wr_bytes/rd_level_carry_i_14
INFO: [Physopt 32-662] Processed net u_mem2/u_wr_bytes/p_0_in40_in.  Did not re-place instance u_mem2/u_wr_bytes/wr_gray_s2_reg[4]
INFO: [Physopt 32-662] Processed net u_mem2/u_bridge/S[0].  Did not re-place instance u_mem2/u_bridge/FSM_onehot_wst[6]_i_19
INFO: [Physopt 32-662] Processed net u_mem2/u_wr_bytes/p_0_in52_in.  Did not re-place instance u_mem2/u_wr_bytes/wr_gray_s2_reg[8]
INFO: [Physopt 32-662] Processed net u_mem2/u_wr_bytes/p_0_in34_in.  Did not re-place instance u_mem2/u_wr_bytes/wr_gray_s2_reg[2]
INFO: [Physopt 32-663] Processed net u_mem/u_bridge/w_beats.  Re-placed instance u_mem/u_bridge/w_beats[7]_i_1
INFO: [Physopt 32-663] Processed net u_mem/u_bridge/w_beats_reg_n_0_[1].  Re-placed instance u_mem/u_bridge/w_beats_reg[1]
INFO: [Physopt 32-663] Processed net u_mem/u_bridge/full_bit_reg_n_0_[127].  Re-placed instance u_mem/u_bridge/full_bit_reg[127]
INFO: [Physopt 32-662] Processed net u_mem/u_bridge/FSM_onehot_wst[2]_i_6_n_0.  Did not re-place instance u_mem/u_bridge/FSM_onehot_wst[2]_i_6
INFO: [Physopt 32-662] Processed net u_mem/u_bridge/FSM_onehot_wst[2]_i_76_n_0.  Did not re-place instance u_mem/u_bridge/FSM_onehot_wst[2]_i_76
INFO: [Physopt 32-662] Processed net u_mem2/u_bridge/r_slot.  Did not re-place instance u_mem2/u_bridge/r_slot[7]_i_1
INFO: [Physopt 32-662] Processed net u_mem2/u_bridge/r_slot[7]_i_2_n_0.  Did not re-place instance u_mem2/u_bridge/r_slot[7]_i_2
INFO: [Physopt 32-663] Processed net u_mem2/u_bridge/full_bit_reg_n_0_[226].  Re-placed instance u_mem2/u_bridge/full_bit_reg[226]
INFO: [Physopt 32-662] Processed net u_mem2/u_bridge/uc_rd_en.  Did not re-place instance u_mem2/u_bridge/rd_wr_en_i_4
INFO: [Physopt 32-662] Processed net u_mem2/u_bridge/rd_wr_en_i_114_n_0.  Did not re-place instance u_mem2/u_bridge/rd_wr_en_i_114
INFO: [Physopt 32-662] Processed net u_mem2/u_bridge/rd_wr_en_i_13_n_0.  Did not re-place instance u_mem2/u_bridge/rd_wr_en_i_13
INFO: [Physopt 32-662] Processed net u_mem2/u_bridge/r_len[15].  Did not re-place instance u_mem2/u_bridge/r_len_reg[15]
INFO: [Physopt 32-663] Processed net u_mem/u_bridge/w_beats_reg_n_0_[0].  Re-placed instance u_mem/u_bridge/w_beats_reg[0]
INFO: [Physopt 32-662] Processed net u_ddr4/inst/u_ddr4_mem_intfc/u_ddr_mc/u_ddr_mc_arb_c/tranSentC.  Did not re-place instance u_ddr4/inst/u_ddr4_mem_intfc/u_ddr_mc/u_ddr_mc_arb_c/winPort[3]_i_1
INFO: [Physopt 32-662] Processed net u_ddr4/inst/u_ddr4_mem_intfc/u_ddr_mc/u_ddr_mc_rd_wr/wtrs[0].u_ddr_mc_wtr/last32_reg_0.  Did not re-place instance u_ddr4/inst/u_ddr4_mem_intfc/u_ddr_mc/u_ddr_mc_rd_wr/wtrs[0].u_ddr_mc_wtr/winPort[2]_i_1
INFO: [Physopt 32-662] Processed net u_ddr4/inst/u_ddr4_mem_intfc/u_ddr_mc/u_ddr_mc_rd_wr/wtrs[0].u_ddr_mc_wtr/winPort[3]_i_8__0_n_0.  Did not re-place instance u_ddr4/inst/u_ddr4_mem_intfc/u_ddr_mc/u_ddr_mc_rd_wr/wtrs[0].u_ddr_mc_wtr/winPort[3]_i_8__0
INFO: [Physopt 32-663] Processed net u_ddr4/inst/u_ddr4_mem_intfc/u_ddr_mc/u_ddr_mc_arb_c/winRead.  Re-placed instance u_ddr4/inst/u_ddr4_mem_intfc/u_ddr_mc/u_ddr_mc_arb_c/winRead_reg
INFO: [Physopt 32-662] Processed net u_ddr4/inst/u_ddr4_mem_intfc/u_ddr_mc/u_ddr_mc_arb_c/clrReq1.  Did not re-place instance u_ddr4/inst/u_ddr4_mem_intfc/u_ddr_mc/u_ddr_mc_arb_c/FSM_sequential_gr_cas_state[2]_i_4__2
INFO: [Physopt 32-662] Processed net u_ddr4/inst/u_ddr4_mem_intfc/u_ddr_mc/bgr[3].u_ddr_mc_group/rdReq[0].  Did not re-place instance u_ddr4/inst/u_ddr4_mem_intfc/u_ddr_mc/bgr[3].u_ddr_mc_group/read_req_ff[3]_i_2
INFO: [Physopt 32-662] Processed net u_ddr4/inst/u_ddr4_mem_intfc/u_ddr_mc/u_ddr_mc_arb_c/prevSlot2_i_4_n_0.  Did not re-place instance u_ddr4/inst/u_ddr4_mem_intfc/u_ddr_mc/u_ddr_mc_arb_c/prevSlot2_i_4
INFO: [Physopt 32-662] Processed net u_ddr4/inst/u_ddr4_mem_intfc/u_ddr_mc/u_ddr_mc_rd_wr/wtrs[0].u_ddr_mc_wtr/u_ddr_mc_arb_c/reqs__3[0].  Did not re-place instance u_ddr4/inst/u_ddr4_mem_intfc/u_ddr_mc/u_ddr_mc_rd_wr/wtrs[0].u_ddr_mc_wtr/winPort[3]_i_5__0
INFO: [Physopt 32-662] Processed net u_ddr4/inst/u_ddr4_mem_intfc/u_ddr_mc/bgr[3].u_ddr_mc_group/p_10_in[0].  Did not re-place instance u_ddr4/inst/u_ddr4_mem_intfc/u_ddr_mc/bgr[3].u_ddr_mc_group/winPort[3]_i_23
INFO: [Physopt 32-662] Processed net u_ddr4/inst/u_ddr4_mem_intfc/u_ddr_mc/u_ddr_mc_rd_wr/wtrs[0].u_ddr_mc_wtr/cmd_bank_cas_reg[1][1].  Did not re-place instance u_ddr4/inst/u_ddr4_mem_intfc/u_ddr_mc/u_ddr_mc_rd_wr/wtrs[0].u_ddr_mc_wtr/win_bank_cas[1]_i_1
INFO: [Physopt 32-662] Processed net u_ddr4/inst/u_ddr4_mem_intfc/u_ddr_mc/u_ddr_mc_rd_wr/wtrs[0].u_ddr_mc_wtr/winPort[3]_i_15_n_0.  Did not re-place instance u_ddr4/inst/u_ddr4_mem_intfc/u_ddr_mc/u_ddr_mc_rd_wr/wtrs[0].u_ddr_mc_wtr/winPort[3]_i_15
INFO: [Physopt 32-663] Processed net u_ddr4/inst/u_ddr4_mem_intfc/u_ddr_mc/u_ddr_mc_rd_wr/wtrs[0].u_ddr_mc_wtr/win_bank_cas[1]_i_2_n_0.  Re-placed instance u_ddr4/inst/u_ddr4_mem_intfc/u_ddr_mc/u_ddr_mc_rd_wr/wtrs[0].u_ddr_mc_wtr/win_bank_cas[1]_i_2
INFO: [Physopt 32-662] Processed net u_ddr4/inst/u_ddr4_mem_intfc/u_ddr_mc/u_ddr_mc_arb_c/win_bank_cas[1].  Did not re-place instance u_ddr4/inst/u_ddr4_mem_intfc/u_ddr_mc/u_ddr_mc_arb_c/win_bank_cas_reg[1]
INFO: [Physopt 32-663] Processed net u_mem2/u_wr_bytes/p_0_in37_in.  Re-placed instance u_mem2/u_wr_bytes/wr_gray_s2_reg[3]
INFO: [Physopt 32-663] Processed net u_mem2/u_bridge/full_bit_reg_n_0_[234].  Re-placed instance u_mem2/u_bridge/full_bit_reg[234]
INFO: [Physopt 32-662] Processed net u_mem2/u_bridge/rd_wr_en_i_116_n_0.  Did not re-place instance u_mem2/u_bridge/rd_wr_en_i_116
INFO: [Physopt 32-663] Processed net u_mem/u_bridge/rd_seq_slot_reg[1]_rep__1_n_0.  Re-placed instance u_mem/u_bridge/rd_seq_slot_reg[1]_rep__1
INFO: [Physopt 32-662] Processed net u_mem/u_bridge/p_0_in[7].  Did not re-place instance u_mem/u_bridge/r_beats[7]_i_1
INFO: [Physopt 32-662] Processed net u_mem/u_bridge/r_len[13]_i_6_n_0.  Did not re-place instance u_mem/u_bridge/r_len[13]_i_6
INFO: [Physopt 32-662] Processed net u_mem/u_bridge/r_len[13]_i_88_n_0.  Did not re-place instance u_mem/u_bridge/r_len[13]_i_88
INFO: [Physopt 32-662] Processed net u_mem/u_bridge/r_beats[7].  Did not re-place instance u_mem/u_bridge/r_beats_reg[7]
INFO: [Physopt 32-662] Processed net u_mem2/u_bridge/w_bi[7]_i_1_n_0.  Did not re-place instance u_mem2/u_bridge/w_bi[7]_i_1
INFO: [Physopt 32-663] Processed net u_mem2/u_bridge/w_bi_reg[3]_rep__3_n_0.  Re-placed instance u_mem2/u_bridge/w_bi_reg[3]_rep__3
INFO: [Physopt 32-662] Processed net u_mem2/u_bridge/w_data_r[511]_i_4_n_0.  Did not re-place instance u_mem2/u_bridge/w_data_r[511]_i_4
INFO: [Physopt 32-662] Processed net u_mem2/u_bridge/w_bi[7]_i_3_n_0.  Did not re-place instance u_mem2/u_bridge/w_bi[7]_i_3
INFO: [Physopt 32-662] Processed net u_mem2/u_bridge/w_bi[7]_i_5_n_0.  Did not re-place instance u_mem2/u_bridge/w_bi[7]_i_5
INFO: [Physopt 32-663] Processed net u_mem2/u_bridge/w_bi_reg[5]_rep__0_n_0.  Re-placed instance u_mem2/u_bridge/w_bi_reg[5]_rep__0
INFO: [Physopt 32-663] Processed net u_mem2/u_bridge/w_bi_reg[5]_rep__2_n_0.  Re-placed instance u_mem2/u_bridge/w_bi_reg[5]_rep__2
INFO: [Physopt 32-662] Processed net u_ddr4/inst/u_ddr4_mem_intfc/u_io_addr_sync/SYNC[1].sync_reg[1].  Did not re-place instance u_ddr4/inst/u_ddr4_mem_intfc/u_io_addr_sync/SYNC[1].sync_reg_reg[1]
INFO: [Physopt 32-663] Processed net u_ddr4/inst/u_ddr4_mem_intfc/u_io_addr_sync/addr_dec_to_mb_data[19]_i_14_n_0.  Re-placed instance u_ddr4/inst/u_ddr4_mem_intfc/u_io_addr_sync/addr_dec_to_mb_data[19]_i_14
INFO: [Physopt 32-663] Processed net u_ddr4/inst/u_ddr4_mem_intfc/u_io_addr_sync/SYNC[4].sync_reg_reg[1]_5.  Re-placed instance u_ddr4/inst/u_ddr4_mem_intfc/u_io_addr_sync/addr_dec_to_mb_data[30]_i_4
INFO: [Physopt 32-663] Processed net u_ddr4/inst/u_ddr4_mem_intfc/u_io_addr_sync/addr_dec_to_mb_data[31]_i_5_n_0.  Re-placed instance u_ddr4/inst/u_ddr4_mem_intfc/u_io_addr_sync/addr_dec_to_mb_data[31]_i_5
INFO: [Physopt 32-662] Processed net u_ddr4/inst/u_ddr4_mem_intfc/u_io_addr_sync/addr_dec_to_mb_data[9]_i_5_n_0.  Did not re-place instance u_ddr4/inst/u_ddr4_mem_intfc/u_io_addr_sync/addr_dec_to_mb_data[9]_i_5
INFO: [Physopt 32-662] Processed net u_ddr4/inst/u_ddr4_mem_intfc/u_io_addr_sync/cal_timer_reg[31][9].  Did not re-place instance u_ddr4/inst/u_ddr4_mem_intfc/u_io_addr_sync/addr_dec_to_mb_data[9]_i_1
INFO: [Physopt 32-662] Processed net u_ddr4/inst/u_ddr4_mem_intfc/u_ddr_cal_top/u_ddr_cal/u_ddr_cal_addr_decode/addr_dec_to_mb_data_reg_n_0_[9].  Did not re-place instance u_ddr4/inst/u_ddr4_mem_intfc/u_ddr_cal_top/u_ddr_cal/u_ddr_cal_addr_decode/addr_dec_to_mb_data_reg[9]
INFO: [Physopt 32-662] Processed net u_ddr4/inst/u_ddr4_mem_intfc/u_ddr_mc/u_ddr_mc_arb_c/clrReq17_out.  Did not re-place instance u_ddr4/inst/u_ddr4_mem_intfc/u_ddr_mc/u_ddr_mc_arb_c/FSM_sequential_gr_cas_state[2]_i_4__1
INFO: [Physopt 32-663] Processed net u_ddr4/inst/u_ddr4_mem_intfc/u_ddr_mc/bgr[2].u_ddr_mc_group/rdReq[0].  Re-placed instance u_ddr4/inst/u_ddr4_mem_intfc/u_ddr_mc/bgr[2].u_ddr_mc_group/read_req_ff[2]_i_2
INFO: [Physopt 32-663] Processed net u_ddr4/inst/u_ddr4_mem_intfc/u_ddr_mc/bgr[2].u_ddr_mc_group/p_10_in[0].  Re-placed instance u_ddr4/inst/u_ddr4_mem_intfc/u_ddr_mc/bgr[2].u_ddr_mc_group/winPort[3]_i_22
INFO: [Physopt 32-662] Processed net u_mem/u_bridge/rstate.  Did not re-place instance u_mem/u_bridge/FSM_onehot_rstate[4]_i_1
INFO: [Physopt 32-662] Processed net u_mem/u_bridge/rstate10_out.  Did not re-place instance u_mem/u_bridge/FSM_onehot_rstate[4]_i_7
INFO: [Physopt 32-662] Processed net u_mem/u_bridge/r_beat[7]_i_3_n_0.  Did not re-place instance u_mem/u_bridge/r_beat[7]_i_3
INFO: [Physopt 32-662] Processed net u_mem/u_bridge/r_beats[4].  Did not re-place instance u_mem/u_bridge/r_beats_reg[4]
INFO: [Physopt 32-663] Processed net u_mem/u_bridge/m_axi_arlen[7]_INST_0_i_1_n_0.  Re-placed instance u_mem/u_bridge/m_axi_arlen[7]_INST_0_i_1
INFO: [Physopt 32-662] Processed net u_mem/u_bridge/FSM_onehot_rstate[4]_i_6_n_0.  Did not re-place instance u_mem/u_bridge/FSM_onehot_rstate[4]_i_6
INFO: [Physopt 32-663] Processed net u_mem/u_bridge/FSM_onehot_rstate[4]_i_8_n_0.  Re-placed instance u_mem/u_bridge/FSM_onehot_rstate[4]_i_8
INFO: [Physopt 32-662] Processed net u_mem/u_bridge/r_beat[7]_i_11_n_0.  Did not re-place instance u_mem/u_bridge/r_beat[7]_i_11
INFO: [Physopt 32-662] Processed net u_mem/u_bridge/r_beat[7]_i_5_n_0.  Did not re-place instance u_mem/u_bridge/r_beat[7]_i_5
INFO: [Physopt 32-662] Processed net u_mem/u_bridge/r_beat[7]_i_8_n_0.  Did not re-place instance u_mem/u_bridge/r_beat[7]_i_8
INFO: [Physopt 32-663] Processed net u_mem/u_bridge/rd_retire.  Re-placed instance u_mem/u_bridge/FSM_onehot_rstate_reg[4]
INFO: [Physopt 32-662] Processed net u_mem/u_bridge/w_bi[7]_i_1_n_0.  Did not re-place instance u_mem/u_bridge/w_bi[7]_i_1
INFO: [Physopt 32-663] Processed net u_arb/wbusy.  Re-placed instance u_arb/wbusy_reg
INFO: [Physopt 32-663] Processed net u_arb/wbusy_reg_0.  Re-placed instance u_arb/u_mem_i_3
INFO: [Physopt 32-663] Processed net u_mem/u_bridge/w_strb_r[57]_i_2_n_0.  Re-placed instance u_mem/u_bridge/w_strb_r[57]_i_2
INFO: [Physopt 32-663] Processed net u_mem/u_bridge/w_bi_reg[3]_rep__1_n_0.  Re-placed instance u_mem/u_bridge/w_bi_reg[3]_rep__1
INFO: [Physopt 32-662] Processed net u_mem/u_bridge/r_len[13]_i_89_n_0.  Did not re-place instance u_mem/u_bridge/r_len[13]_i_89
INFO: [Physopt 32-663] Processed net u_mem/u_rd_bytes/wr_gray[9]_i_2__0_n_0.  Re-placed instance u_mem/u_rd_bytes/wr_gray[9]_i_2__0
INFO: [Physopt 32-662] Processed net u_mem/u_rd_bytes/wr_gray[11]_i_3__0_n_0.  Did not re-place instance u_mem/u_rd_bytes/wr_gray[11]_i_3__0
INFO: [Physopt 32-663] Processed net u_mem/u_rd_bytes/wr_bin_reg_n_0_[3].  Re-placed instance u_mem/u_rd_bytes/wr_bin_reg[3]
INFO: [Physopt 32-663] Processed net u_mem/u_rd_bytes/wr_bin1.  Re-placed instance u_mem/u_rd_bytes/ram_reg_bram_0_i_2
INFO: [Physopt 32-663] Processed net u_mem/u_rd_bytes/wr_gray[11]_i_11__0_n_0.  Re-placed instance u_mem/u_rd_bytes/wr_gray[11]_i_11__0
INFO: [Physopt 32-663] Processed net u_mem/u_rd_bytes/wr_gray[11]_i_6__0_n_0.  Re-placed instance u_mem/u_rd_bytes/wr_gray[11]_i_6__0
INFO: [Physopt 32-662] Processed net u_mem2/u_wr_bytes/ub_empty.  Did not re-place instance u_mem2/u_wr_bytes/w_data_r[447]_i_4
INFO: [Physopt 32-663] Processed net u_mem2/u_bridge/w_data_r[415]_i_1_n_0.  Re-placed instance u_mem2/u_bridge/w_data_r[415]_i_1
INFO: [Physopt 32-663] Processed net u_mem2/u_bridge/full_bit_reg_n_0_[242].  Re-placed instance u_mem2/u_bridge/full_bit_reg[242]
INFO: [Physopt 32-662] Processed net u_mem2/u_bridge/rd_wr_en_i_110_n_0.  Did not re-place instance u_mem2/u_bridge/rd_wr_en_i_110
INFO: [Physopt 32-663] Processed net u_mem2/u_wr_bytes/w_data_r[447]_i_6_n_0.  Re-placed instance u_mem2/u_wr_bytes/w_data_r[447]_i_6
INFO: [Physopt 32-662] Processed net u_mem2/u_bridge/m_axi_wdata[413].  Did not re-place instance u_mem2/u_bridge/w_data_r_reg[413]
INFO: [Physopt 32-662] Processed net u_ddr4/inst/u_ddr4_mem_intfc/u_io_addr_sync/SYNC[2].sync_reg[1].  Did not re-place instance u_ddr4/inst/u_ddr4_mem_intfc/u_io_addr_sync/SYNC[2].sync_reg_reg[1]
INFO: [Physopt 32-662] Processed net u_ddr4/inst/u_ddr4_mem_intfc/u_io_addr_sync/addr_dec_to_mb_data[3]_i_21_n_0.  Did not re-place instance u_ddr4/inst/u_ddr4_mem_intfc/u_io_addr_sync/addr_dec_to_mb_data[3]_i_21
INFO: [Physopt 32-662] Processed net u_ddr4/inst/u_ddr4_mem_intfc/u_ddr_cal_top/u_ddr_cal/u_ddr_cal_addr_decode/lowCL0[45]_i_3_n_0.  Did not re-place instance u_ddr4/inst/u_ddr4_mem_intfc/u_ddr_cal_top/u_ddr_cal/u_ddr_cal_addr_decode/lowCL0[45]_i_3
INFO: [Physopt 32-663] Processed net u_ddr4/inst/u_ddr4_mem_intfc/u_io_addr_sync/addr_dec_to_mb_data[3]_i_10_n_0.  Re-placed instance u_ddr4/inst/u_ddr4_mem_intfc/u_io_addr_sync/addr_dec_to_mb_data[3]_i_10
INFO: [Physopt 32-662] Processed net u_ddr4/inst/u_ddr4_mem_intfc/u_io_addr_sync/addr_dec_to_mb_data[3]_i_3_n_0.  Did not re-place instance u_ddr4/inst/u_ddr4_mem_intfc/u_io_addr_sync/addr_dec_to_mb_data[3]_i_3
INFO: [Physopt 32-662] Processed net u_ddr4/inst/u_ddr4_mem_intfc/u_ddr_cal_top/u_ddr_cal/u_ddr_cal_addr_decode/addr_dec_to_mb_data_reg_n_0_[3].  Did not re-place instance u_ddr4/inst/u_ddr4_mem_intfc/u_ddr_cal_top/u_ddr_cal/u_ddr_cal_addr_decode/addr_dec_to_mb_data_reg[3]
INFO: [Physopt 32-663] Processed net u_mem/u_rd_bytes/wr_bin_reg_n_0_[1].  Re-placed instance u_mem/u_rd_bytes/wr_bin_reg[1]
INFO: [Physopt 32-663] Processed net u_ddr4/inst/u_ddr_axi/axi_w_channel_0/wready_reg_0.  Re-placed instance u_ddr4/inst/u_ddr_axi/axi_w_channel_0/wready_reg
INFO: [Physopt 32-663] Processed net u_mem2/u_bridge/full_bit_reg_n_0_[241].  Re-placed instance u_mem2/u_bridge/full_bit_reg[241]
INFO: [Physopt 32-662] Processed net u_ddr4/inst/u_ddr4_mem_intfc/u_ddr_mc/bgr[3].u_ddr_mc_group/cas_fifo_wptr[1]_i_2__1_n_0.  Did not re-place instance u_ddr4/inst/u_ddr4_mem_intfc/u_ddr_mc/bgr[3].u_ddr_mc_group/cas_fifo_wptr[1]_i_2__1
INFO: [Physopt 32-662] Processed net u_ddr4/inst/u_ddr4_mem_intfc/u_ddr_mc/bgr[3].u_ddr_mc_group/FSM_sequential_gr_cas_state[2]_i_1__2_n_0.  Did not re-place instance u_ddr4/inst/u_ddr4_mem_intfc/u_ddr_mc/bgr[3].u_ddr_mc_group/FSM_sequential_gr_cas_state[2]_i_1__2
INFO: [Physopt 32-662] Processed net u_ddr4/inst/u_ddr4_mem_intfc/u_ddr_mc/bgr[3].u_ddr_mc_group/FSM_sequential_grSt[1]_i_4__0_n_0.  Did not re-place instance u_ddr4/inst/u_ddr4_mem_intfc/u_ddr_mc/bgr[3].u_ddr_mc_group/FSM_sequential_grSt[1]_i_4__0
INFO: [Physopt 32-662] Processed net u_ddr4/inst/u_ddr4_mem_intfc/u_ddr_mc/bgr[3].u_ddr_mc_group/FSM_sequential_gr_cas_state[2]_i_3__0_n_0.  Did not re-place instance u_ddr4/inst/u_ddr4_mem_intfc/u_ddr_mc/bgr[3].u_ddr_mc_group/FSM_sequential_gr_cas_state[2]_i_3__0
INFO: [Physopt 32-663] Processed net u_ddr4/inst/u_ddr4_mem_intfc/u_ddr_mc/bgr[3].u_ddr_mc_group/i__carry_i_20__2_n_0.  Re-placed instance u_ddr4/inst/u_ddr4_mem_intfc/u_ddr_mc/bgr[3].u_ddr_mc_group/i__carry_i_20__2
INFO: [Physopt 32-662] Processed net u_ddr4/inst/u_ddr4_mem_intfc/u_ddr_mc/bgr[3].u_ddr_mc_group/i__carry_i_6__2_n_0.  Did not re-place instance u_ddr4/inst/u_ddr4_mem_intfc/u_ddr_mc/bgr[3].u_ddr_mc_group/i__carry_i_6__2
INFO: [Physopt 32-663] Processed net u_ddr4/inst/u_ddr4_mem_intfc/u_ddr_mc/bgr[3].u_ddr_mc_group/pageInfo_reg_n_0_[0][0][3][4].  Re-placed instance u_ddr4/inst/u_ddr4_mem_intfc/u_ddr_mc/bgr[3].u_ddr_mc_group/pageInfo_reg[0][0][3][4]
INFO: [Physopt 32-662] Processed net u_ddr4/inst/u_ddr4_mem_intfc/u_ddr_mc/bgr[3].u_ddr_mc_group/gr_cas_state[2].  Did not re-place instance u_ddr4/inst/u_ddr4_mem_intfc/u_ddr_mc/bgr[3].u_ddr_mc_group/FSM_sequential_gr_cas_state_reg[2]
INFO: [Physopt 32-662] Processed net u_mem/u_bridge/FSM_onehot_rstate_reg_n_0_[2].  Did not re-place instance u_mem/u_bridge/FSM_onehot_rstate_reg[2]
INFO: [Physopt 32-662] Processed net u_mem2/u_bridge/w_drain_wait[3]_i_1_n_0.  Did not re-place instance u_mem2/u_bridge/w_drain_wait[3]_i_1
INFO: [Physopt 32-663] Processed net u_mem2/u_bridge/full_bit_reg_n_0_[163].  Re-placed instance u_mem2/u_bridge/full_bit_reg[163]
INFO: [Physopt 32-662] Processed net u_mem2/u_bridge/w_slotfull_i_6_n_0.  Did not re-place instance u_mem2/u_bridge/w_slotfull_i_6
INFO: [Physopt 32-662] Processed net u_mem2/u_bridge/w_slotfull_i_92_n_0.  Did not re-place instance u_mem2/u_bridge/w_slotfull_i_92
INFO: [Physopt 32-662] Processed net u_mem2/u_bridge/w_drain_wait_reg_n_0_[3].  Did not re-place instance u_mem2/u_bridge/w_drain_wait_reg[3]
INFO: [Physopt 32-663] Processed net u_mem2/u_bridge/full_bit_reg_n_0_[227].  Re-placed instance u_mem2/u_bridge/full_bit_reg[227]
INFO: [Physopt 32-662] Processed net u_mem/u_wr_bytes/rd_bin_reg[0]_rep__2_n_0_repN.  Did not re-place instance u_mem/u_wr_bytes/rd_bin_reg[0]_rep__2_replica
INFO: [Physopt 32-662] Processed net u_mem/u_wr_bytes/ub_dout[0].  Did not re-place instance u_mem/u_wr_bytes/w_data_r[504]_i_2
INFO: [Physopt 32-662] Processed net u_mem/u_bridge/w_data_r[384]_i_1_n_0.  Did not re-place instance u_mem/u_bridge/w_data_r[384]_i_1
INFO: [Physopt 32-662] Processed net u_mem/u_wr_bytes/w_data_r[504]_i_24_n_0.  Did not re-place instance u_mem/u_wr_bytes/w_data_r[504]_i_24
INFO: [Physopt 32-662] Processed net u_mem/u_bridge/m_axi_wdata[384].  Did not re-place instance u_mem/u_bridge/w_data_r_reg[384]
INFO: [Physopt 32-662] Processed net u_ddr4/inst/u_ddr4_mem_intfc/u_ddr_cal_top/u_ddr_cal/u_ddr_cal_addr_decode/lowCL0[45]_i_4_n_0.  Did not re-place instance u_ddr4/inst/u_ddr4_mem_intfc/u_ddr_cal_top/u_ddr_cal/u_ddr_cal_addr_decode/lowCL0[45]_i_4
INFO: [Physopt 32-662] Processed net u_mem2/u_bridge/w_drain_wait_reg_n_0_[1].  Did not re-place instance u_mem2/u_bridge/w_drain_wait_reg[1]
INFO: [Physopt 32-663] Processed net u_ddr4/inst/u_ddr4_mem_intfc/u_ddr_mc/bgr[3].u_ddr_mc_group/gr_cas_state[0].  Re-placed instance u_ddr4/inst/u_ddr4_mem_intfc/u_ddr_mc/bgr[3].u_ddr_mc_group/FSM_sequential_gr_cas_state_reg[0]
INFO: [Physopt 32-663] Processed net u_mem2/u_bridge/rd_seq_slot_reg[1]_rep__7_n_0_repN.  Re-placed instance u_mem2/u_bridge/rd_seq_slot_reg[1]_rep__7_replica
INFO: [Physopt 32-663] Processed net u_mem2/u_bridge/r_beats[7]_i_2_n_0.  Re-placed instance u_mem2/u_bridge/r_beats[7]_i_2
INFO: [Physopt 32-662] Processed net u_mem2/u_bridge/r_beats[5].  Did not re-place instance u_mem2/u_bridge/r_beats_reg[5]
INFO: [Physopt 32-663] Processed net u_mem2/u_bridge/p_0_in[5].  Re-placed instance u_mem2/u_bridge/r_beats[5]_i_1
INFO: [Physopt 32-662] Processed net u_mem2/u_bridge/p_0_in[7].  Did not re-place instance u_mem2/u_bridge/r_beats[7]_i_1
INFO: [Physopt 32-662] Processed net u_mem2/u_bridge/r_len[6]_i_110_n_0.  Did not re-place instance u_mem2/u_bridge/r_len[6]_i_110
INFO: [Physopt 32-662] Processed net u_mem2/u_bridge/r_len[6]_i_7_n_0.  Did not re-place instance u_mem2/u_bridge/r_len[6]_i_7
INFO: [Physopt 32-663] Processed net u_mem2/u_bridge/w_bi_reg_n_0_[3].  Re-placed instance u_mem2/u_bridge/w_bi_reg[3]
INFO: [Physopt 32-662] Processed net u_mem2/u_bridge/r_beats[7].  Did not re-place instance u_mem2/u_bridge/r_beats_reg[7]
INFO: [Physopt 32-662] Processed net u_mem/u_bridge/FSM_onehot_rstate_reg_n_0_[3].  Did not re-place instance u_mem/u_bridge/FSM_onehot_rstate_reg[3]
INFO: [Physopt 32-662] Processed net u_mem/u_bridge/FSM_onehot_rstate_reg_n_0_[0].  Did not re-place instance u_mem/u_bridge/FSM_onehot_rstate_reg[0]
INFO: [Physopt 32-662] Processed net u_mem/u_bridge/FSM_onehot_rstate_reg_n_0_[1].  Did not re-place instance u_mem/u_bridge/FSM_onehot_rstate_reg[1]
INFO: [Physopt 32-662] Processed net u_mem2/u_bridge/w_drain_wait_reg_n_0_[0].  Did not re-place instance u_mem2/u_bridge/w_drain_wait_reg[0]
INFO: [Physopt 32-662] Processed net u_mem2/u_bridge/w_drain_wait_reg_n_0_[2].  Did not re-place instance u_mem2/u_bridge/w_drain_wait_reg[2]
INFO: [Physopt 32-663] Processed net u_ddr4/inst/u_ddr4_mem_intfc/u_ddr_mc/bgr[3].u_ddr_mc_group/Q[0].  Re-placed instance u_ddr4/inst/u_ddr4_mem_intfc/u_ddr_mc/bgr[3].u_ddr_mc_group/txn_fifo_output_reg[0]
INFO: [Physopt 32-663] Processed net u_ddr4/inst/u_ddr4_mem_intfc/u_ddr_mc/bgr[3].u_ddr_mc_group/i__carry_i_12__2_n_0.  Re-placed instance u_ddr4/inst/u_ddr4_mem_intfc/u_ddr_mc/bgr[3].u_ddr_mc_group/i__carry_i_12__2
INFO: [Physopt 32-662] Processed net u_ddr4/inst/u_ddr4_mem_intfc/u_ddr_mc/bgr[3].u_ddr_mc_group/i__carry_i_3__2_n_0.  Did not re-place instance u_ddr4/inst/u_ddr4_mem_intfc/u_ddr_mc/bgr[3].u_ddr_mc_group/i__carry_i_3__2
INFO: [Physopt 32-662] Processed net u_mem2/u_bridge/r_len[6]_i_111_n_0.  Did not re-place instance u_mem2/u_bridge/r_len[6]_i_111
INFO: [Physopt 32-662] Processed net u_mem2/u_bridge/w_strb_r[63]_i_2_n_0.  Did not re-place instance u_mem2/u_bridge/w_strb_r[63]_i_2
INFO: [Physopt 32-663] Processed net u_mem2/u_bridge/w_len_reg[12]_0[0].  Re-placed instance u_mem2/u_bridge/w_len_reg[0]
INFO: [Physopt 32-662] Processed net u_mem2/u_bridge/w_strb_r[2]_i_1_n_0.  Did not re-place instance u_mem2/u_bridge/w_strb_r[2]_i_1
INFO: [Physopt 32-662] Processed net u_mem2/u_bridge/w_strb_r[63]_i_11_n_0.  Did not re-place instance u_mem2/u_bridge/w_strb_r[63]_i_11
INFO: [Physopt 32-662] Processed net u_mem2/u_bridge/m_axi_wstrb[2].  Did not re-place instance u_mem2/u_bridge/w_strb_r_reg[2]
INFO: [Physopt 32-662] Processed net u_mem2/u_bridge/r_len[6]_i_108_n_0.  Did not re-place instance u_mem2/u_bridge/r_len[6]_i_108
INFO: [Physopt 32-662] Processed net u_ddr4/inst/u_ddr4_mem_intfc/u_ddr_mc/u_ddr_mc_rd_wr/wtrs[0].u_ddr_mc_wtr/rdReqT[2].  Did not re-place instance u_ddr4/inst/u_ddr4_mem_intfc/u_ddr_mc/u_ddr_mc_rd_wr/wtrs[0].u_ddr_mc_wtr/winPort[3]_i_9
INFO: [Physopt 32-662] Processed net u_ddr4/inst/u_ddr4_mem_intfc/u_ddr_mc/u_ddr_mc_rd_wr/wtrs[0].u_ddr_mc_wtr/winPort[3]_i_6__0_n_0.  Did not re-place instance u_ddr4/inst/u_ddr4_mem_intfc/u_ddr_mc/u_ddr_mc_rd_wr/wtrs[0].u_ddr_mc_wtr/winPort[3]_i_6__0
INFO: [Physopt 32-662] Processed net u_mem/u_wr_bytes/rd_bin_reg[0]_rep__0_n_0.  Did not re-place instance u_mem/u_wr_bytes/rd_bin_reg[0]_rep__0
INFO: [Physopt 32-662] Processed net u_mem/u_wr_bytes/ub_dout[2].  Did not re-place instance u_mem/u_wr_bytes/w_data_r[506]_i_2
INFO: [Physopt 32-662] Processed net u_mem/u_bridge/w_data_r[402]_i_1_n_0.  Did not re-place instance u_mem/u_bridge/w_data_r[402]_i_1
INFO: [Physopt 32-662] Processed net u_mem/u_wr_bytes/w_data_r[506]_i_18_n_0.  Did not re-place instance u_mem/u_wr_bytes/w_data_r[506]_i_18
INFO: [Physopt 32-662] Processed net u_mem/u_bridge/m_axi_wdata[402].  Did not re-place instance u_mem/u_bridge/w_data_r_reg[402]
INFO: [Physopt 32-663] Processed net u_mem/u_bridge/r_beat[7]_i_9_n_0.  Re-placed instance u_mem/u_bridge/r_beat[7]_i_9
INFO: [Physopt 32-662] Processed net u_mem/u_bridge/r_beat[7]_i_6_n_0.  Did not re-place instance u_mem/u_bridge/r_beat[7]_i_6
INFO: [Physopt 32-662] Processed net u_mem/u_wr_desc/E[0].  Did not re-place instance u_mem/u_wr_desc/w_slot[7]_i_1
INFO: [Physopt 32-663] Processed net u_mem/u_bridge/w_data_r[319]_i_1_n_0.  Re-placed instance u_mem/u_bridge/w_data_r[319]_i_1
INFO: [Physopt 32-662] Processed net u_mem/u_wr_desc/ud_empty.  Did not re-place instance u_mem/u_wr_desc/w_slot[7]_i_2
INFO: [Physopt 32-662] Processed net u_mem/u_wr_desc/rd_gray[2]_i_3_n_0.  Did not re-place instance u_mem/u_wr_desc/rd_gray[2]_i_3
INFO: [Physopt 32-662] Processed net u_mem/u_wr_desc/rd_gray_reg_n_0_[0].  Did not re-place instance u_mem/u_wr_desc/rd_gray_reg[0]
INFO: [Physopt 32-662] Processed net u_mem/u_bridge/m_axi_wdata[319].  Did not re-place instance u_mem/u_bridge/w_data_r_reg[319]
INFO: [Physopt 32-663] Processed net u_mem/u_bridge/w_bi_reg_n_0_[0].  Re-placed instance u_mem/u_bridge/w_bi_reg[0]
INFO: [Physopt 32-663] Processed net u_mem/u_bridge/full_bit_reg_n_0_[115].  Re-placed instance u_mem/u_bridge/full_bit_reg[115]
INFO: [Physopt 32-663] Processed net u_mem2/u_bridge/full_bit_reg_n_0_[189].  Re-placed instance u_mem2/u_bridge/full_bit_reg[189]
INFO: [Physopt 32-662] Processed net u_mem/u_bridge/FSM_onehot_wst[2]_i_73_n_0.  Did not re-place instance u_mem/u_bridge/FSM_onehot_wst[2]_i_73
INFO: [Physopt 32-662] Processed net u_mem2/u_bridge/rd_wr_en_i_12_n_0.  Did not re-place instance u_mem2/u_bridge/rd_wr_en_i_12
INFO: [Physopt 32-662] Processed net u_mem2/u_bridge/rd_wr_en_i_97_n_0.  Did not re-place instance u_mem2/u_bridge/rd_wr_en_i_97
INFO: [Physopt 32-662] Processed net u_mem/u_wr_bytes/ub_dout[5].  Did not re-place instance u_mem/u_wr_bytes/w_data_r[509]_i_2
INFO: [Physopt 32-662] Processed net u_mem/u_bridge/w_data_r[85]_i_1_n_0.  Did not re-place instance u_mem/u_bridge/w_data_r[85]_i_1
INFO: [Physopt 32-662] Processed net u_mem/u_wr_bytes/w_data_r[509]_i_18_n_0.  Did not re-place instance u_mem/u_wr_bytes/w_data_r[509]_i_18
INFO: [Physopt 32-662] Processed net u_mem/u_bridge/m_axi_wdata[85].  Did not re-place instance u_mem/u_bridge/w_data_r_reg[85]
INFO: [Physopt 32-663] Processed net u_mem2/u_bridge/w_bi_reg_n_0_[4].  Re-placed instance u_mem2/u_bridge/w_bi_reg[4]
INFO: [Physopt 32-663] Processed net u_mem2/u_bridge/w_bi_reg_n_0_[2].  Re-placed instance u_mem2/u_bridge/w_bi_reg[2]
INFO: [Physopt 32-663] Processed net u_mem2/u_bridge/rd_seq_slot_reg[2]_rep__2_n_0.  Re-placed instance u_mem2/u_bridge/rd_seq_slot_reg[2]_rep__2
INFO: [Physopt 32-662] Processed net u_mem2/u_bridge/r_beats[4]_i_2_n_0.  Did not re-place instance u_mem2/u_bridge/r_beats[4]_i_2
INFO: [Physopt 32-662] Processed net u_mem2/u_bridge/r_len[0]_i_5_n_0.  Did not re-place instance u_mem2/u_bridge/r_len[0]_i_5
INFO: [Physopt 32-662] Processed net u_mem2/u_bridge/r_len[6]_i_109_n_0.  Did not re-place instance u_mem2/u_bridge/r_len[6]_i_109
INFO: [Physopt 32-663] Processed net u_mem/u_bridge/r_slot[7]_i_2_n_0.  Re-placed instance u_mem/u_bridge/r_slot[7]_i_2
INFO: [Physopt 32-662] Processed net u_mem/u_bridge/uc_rd_en.  Did not re-place instance u_mem/u_bridge/dbg_rd_slot[7]_i_3
INFO: [Physopt 32-663] Processed net u_mem/u_bridge/full_bit_reg_n_0_[186].  Re-placed instance u_mem/u_bridge/full_bit_reg[186]
INFO: [Physopt 32-662] Processed net u_mem/u_bridge/dbg_rd_slot[7]_i_13_n_0.  Did not re-place instance u_mem/u_bridge/dbg_rd_slot[7]_i_13
INFO: [Physopt 32-662] Processed net u_mem/u_bridge/dbg_rd_slot[7]_i_97_n_0.  Did not re-place instance u_mem/u_bridge/dbg_rd_slot[7]_i_97
INFO: [Physopt 32-662] Processed net u_mem2/u_wr_bytes/rd_level_carry_i_11_n_0.  Did not re-place instance u_mem2/u_wr_bytes/rd_level_carry_i_11
INFO: [Physopt 32-663] Processed net u_mem2/u_bridge/w_data_r[327]_i_1_n_0.  Re-placed instance u_mem2/u_bridge/w_data_r[327]_i_1
INFO: [Physopt 32-662] Processed net u_mem2/u_bridge/m_axi_wdata[321].  Did not re-place instance u_mem2/u_bridge/w_data_r_reg[321]
INFO: [Physopt 32-663] Processed net u_mem2/u_wr_bytes/rd_bin_reg[1]_rep__1_n_0.  Re-placed instance u_mem2/u_wr_bytes/rd_bin_reg[1]_rep__1
INFO: [Physopt 32-662] Processed net u_mem2/u_wr_bytes/ub_dout[5].  Did not re-place instance u_mem2/u_wr_bytes/w_data_r[509]_i_2
INFO: [Physopt 32-662] Processed net u_mem/u_bridge/w_data_r[397]_i_1_n_0.  Did not re-place instance u_mem/u_bridge/w_data_r[397]_i_1
INFO: [Physopt 32-662] Processed net u_mem2/u_bridge/w_data_r[389]_i_1_n_0.  Did not re-place instance u_mem2/u_bridge/w_data_r[389]_i_1
INFO: [Physopt 32-662] Processed net u_mem2/u_wr_bytes/w_data_r[509]_i_22_n_0.  Did not re-place instance u_mem2/u_wr_bytes/w_data_r[509]_i_22
INFO: [Physopt 32-662] Processed net u_mem/u_bridge/m_axi_wdata[397].  Did not re-place instance u_mem/u_bridge/w_data_r_reg[397]
INFO: [Physopt 32-662] Processed net u_mem2/u_bridge/m_axi_wdata[389].  Did not re-place instance u_mem2/u_bridge/w_data_r_reg[389]
INFO: [Physopt 32-663] Processed net u_mem2/u_rd_bytes/wr_gray[9]_i_2__0_n_0.  Re-placed instance u_mem2/u_rd_bytes/wr_gray[9]_i_2__0
INFO: [Physopt 32-662] Processed net u_mem2/u_rd_bytes/wr_gray[11]_i_3__0_n_0.  Did not re-place instance u_mem2/u_rd_bytes/wr_gray[11]_i_3__0
INFO: [Physopt 32-662] Processed net u_mem2/u_rd_bytes/wr_bin_reg_n_0_[3].  Did not re-place instance u_mem2/u_rd_bytes/wr_bin_reg[3]
INFO: [Physopt 32-662] Processed net u_mem2/u_rd_bytes/wr_bin1.  Did not re-place instance u_mem2/u_rd_bytes/ram_reg_bram_0_i_2
INFO: [Physopt 32-663] Processed net u_mem2/u_rd_bytes/bin2gray0_return2_out[6].  Re-placed instance u_mem2/u_rd_bytes/wr_gray[6]_i_1__0
INFO: [Physopt 32-663] Processed net u_mem2/u_bridge/rd_seq_slot_reg[1]_rep__11_n_0.  Re-placed instance u_mem2/u_bridge/rd_seq_slot_reg[1]_rep__11
INFO: [Physopt 32-662] Processed net u_mem2/u_bridge/r_len[2]_i_4_n_0.  Did not re-place instance u_mem2/u_bridge/r_len[2]_i_4
INFO: [Physopt 32-662] Processed net u_mem2/u_bridge/r_len[2]_i_64_n_0.  Did not re-place instance u_mem2/u_bridge/r_len[2]_i_64
INFO: [Physopt 32-663] Processed net u_mem2/u_bridge/ro_wm[1].  Re-placed instance u_mem2/u_bridge/stat_wm_reg[1]
INFO: [Physopt 32-662] Processed net u_mem/u_bridge/wst.  Did not re-place instance u_mem/u_bridge/FSM_onehot_wst[6]_i_1
INFO: [Physopt 32-662] Processed net u_mem/u_wr_bytes/gray2bin_return[2].  Did not re-place instance u_mem/u_wr_bytes/rd_level_carry_i_6
INFO: [Physopt 32-663] Processed net u_mem/u_wr_bytes/gray2bin_return[7].  Re-placed instance u_mem/u_wr_bytes/rd_level_carry_i_1
INFO: [Physopt 32-663] Processed net u_mem/u_wr_bytes/p_1_in62_in.  Re-placed instance u_mem/u_wr_bytes/wr_gray_s2_reg[12]
INFO: [Physopt 32-662] Processed net u_mem/u_bridge/FSM_onehot_wst[6]_i_3_n_0.  Did not re-place instance u_mem/u_bridge/FSM_onehot_wst[6]_i_3
INFO: [Physopt 32-662] Processed net u_mem/u_wr_bytes/FSM_onehot_wst[6]_i_21_n_0.  Did not re-place instance u_mem/u_wr_bytes/FSM_onehot_wst[6]_i_21
INFO: [Physopt 32-662] Processed net u_mem2/u_wr_bytes/rd_level_carry_i_12_n_0.  Did not re-place instance u_mem2/u_wr_bytes/rd_level_carry_i_12
INFO: [Physopt 32-663] Processed net u_mem/u_bridge/FSM_onehot_wst_reg_n_0_[6].  Re-placed instance u_mem/u_bridge/FSM_onehot_wst_reg[6]
INFO: [Physopt 32-663] Processed net u_mem2/u_wr_bytes/rd_bin_reg[0]_rep__0_n_0_repN.  Re-placed instance u_mem2/u_wr_bytes/rd_bin_reg[0]_rep__0_replica
INFO: [Physopt 32-662] Processed net u_mem2/u_wr_bytes/ub_dout[3].  Did not re-place instance u_mem2/u_wr_bytes/w_data_r[507]_i_2
INFO: [Physopt 32-662] Processed net u_mem2/u_bridge/w_data_r[323]_i_1_n_0.  Did not re-place instance u_mem2/u_bridge/w_data_r[323]_i_1
INFO: [Physopt 32-662] Processed net u_mem2/u_wr_bytes/w_data_r[507]_i_18_n_0.  Did not re-place instance u_mem2/u_wr_bytes/w_data_r[507]_i_18
INFO: [Physopt 32-662] Processed net u_mem2/u_bridge/m_axi_wdata[323].  Did not re-place instance u_mem2/u_bridge/w_data_r_reg[323]
INFO: [Physopt 32-663] Processed net u_mem2/u_bridge/rd_seq_slot_reg[1]_rep__12_n_0.  Re-placed instance u_mem2/u_bridge/rd_seq_slot_reg[1]_rep__12
INFO: [Physopt 32-662] Processed net u_mem2/u_bridge/r_len[1]_i_5_n_0.  Did not re-place instance u_mem2/u_bridge/r_len[1]_i_5
INFO: [Physopt 32-662] Processed net u_mem2/u_bridge/r_len[1]_i_78_n_0.  Did not re-place instance u_mem2/u_bridge/r_len[1]_i_78
INFO: [Physopt 32-662] Processed net u_mem2/u_bridge/r_len[2]_i_66_n_0.  Did not re-place instance u_mem2/u_bridge/r_len[2]_i_66
INFO: [Physopt 32-662] Processed net u_mem2/u_bridge/w_slotfull_i_94_n_0.  Did not re-place instance u_mem2/u_bridge/w_slotfull_i_94
INFO: [Physopt 32-662] Processed net u_mem2/u_bridge/m_axi_wdata[322].  Did not re-place instance u_mem2/u_bridge/w_data_r_reg[322]
INFO: [Physopt 32-662] Processed net u_mem2/u_bridge/m_axi_wdata[324].  Did not re-place instance u_mem2/u_bridge/w_data_r_reg[324]
INFO: [Physopt 32-662] Processed net u_mem/u_wr_bytes/rd_bin_reg[1]_rep__1_n_0.  Did not re-place instance u_mem/u_wr_bytes/rd_bin_reg[1]_rep__1
INFO: [Physopt 32-662] Processed net u_mem/u_wr_bytes/ub_dout[3].  Did not re-place instance u_mem/u_wr_bytes/w_data_r[507]_i_2
INFO: [Physopt 32-662] Processed net u_mem/u_bridge/w_data_r[339]_i_1_n_0.  Did not re-place instance u_mem/u_bridge/w_data_r[339]_i_1
INFO: [Physopt 32-662] Processed net u_mem/u_wr_bytes/w_data_r[507]_i_22_n_0.  Did not re-place instance u_mem/u_wr_bytes/w_data_r[507]_i_22
INFO: [Physopt 32-662] Processed net u_mem/u_bridge/m_axi_wdata[339].  Did not re-place instance u_mem/u_bridge/w_data_r_reg[339]
INFO: [Physopt 32-663] Processed net u_mem2/u_wr_bytes/w_data_r[447]_i_5_n_0.  Re-placed instance u_mem2/u_wr_bytes/w_data_r[447]_i_5
INFO: [Physopt 32-661] Optimized 74 nets.  Re-placed 74 instances.
INFO: [Physopt 32-775] End 1 Pass. Optimized 74 nets or cells. Created 0 new cell, deleted 0 existing cell and moved 74 existing cells
INFO: [Physopt 32-619] Estimated Timing Summary | WNS=-0.177 | TNS=-0.901 |
Netlist sorting complete. Time (s): cpu = 00:00:00 ; elapsed = 00:00:00.025 . Memory (MB): peak = 6378.320 ; gain = 0.223
Phase 4 Single Cell Placement Optimization | Checksum: 1785bdfcf

Time (s): cpu = 00:01:04 ; elapsed = 00:00:40 . Memory (MB): peak = 6378.320 ; gain = 646.945

Phase 5 Multi Cell Placement Optimization
INFO: [Physopt 32-660] Identified 100 candidate nets for placement-based optimization.
INFO: [Physopt 32-662] Processed net u_mem2/u_wr_bytes/gray2bin_return[7].  Did not re-place instance u_mem2/u_wr_bytes/rd_level_carry_i_1/O
INFO: [Physopt 32-662] Processed net u_mem2/u_bridge/wst.  Did not re-place instance u_mem2/u_bridge/FSM_onehot_wst[6]_i_1/O
INFO: [Physopt 32-662] Processed net u_mem2/u_wr_bytes/gray2bin_return[2].  Did not re-place instance u_mem2/u_wr_bytes/rd_level_carry_i_6/O
INFO: [Physopt 32-662] Processed net u_mem2/u_wr_bytes/p_0_in49_in.  Did not re-place instance u_mem2/u_wr_bytes/wr_gray_s2_reg[7]/Q
INFO: [Physopt 32-662] Processed net u_mem2/u_bridge/FSM_onehot_wst[6]_i_3_n_0.  Did not re-place instance u_mem2/u_bridge/FSM_onehot_wst[6]_i_3/O
INFO: [Physopt 32-663] Processed net u_mem2/u_wr_bytes/wr_gray_s2_reg_n_0_[11].  Re-placed instance u_mem2/u_wr_bytes/wr_gray_s2_reg[11]/Q
INFO: [Physopt 32-662] Processed net u_mem2/u_wr_bytes/p_1_in62_in.  Did not re-place instance u_mem2/u_wr_bytes/wr_gray_s2_reg[12]/Q
INFO: [Physopt 32-662] Processed net u_mem2/u_wr_bytes/p_0_in58_in.  Did not re-place instance u_mem2/u_wr_bytes/wr_gray_s2_reg[10]/Q
INFO: [Physopt 32-662] Processed net u_mem2/u_wr_bytes/p_0_in55_in.  Did not re-place instance u_mem2/u_wr_bytes/wr_gray_s2_reg[9]/Q
INFO: [Physopt 32-662] Processed net u_mem2/u_wr_bytes/p_0_in40_in.  Did not re-place instance u_mem2/u_wr_bytes/wr_gray_s2_reg[4]/Q
INFO: [Physopt 32-662] Processed net u_mem2/u_wr_bytes/p_0_in52_in.  Did not re-place instance u_mem2/u_wr_bytes/wr_gray_s2_reg[8]/Q
INFO: [Physopt 32-662] Processed net u_mem2/u_wr_bytes/p_0_in34_in.  Did not re-place instance u_mem2/u_wr_bytes/wr_gray_s2_reg[2]/Q
INFO: [Physopt 32-661] Optimized 1 net.  Re-placed 2 instances.
INFO: [Physopt 32-775] End 1 Pass. Optimized 1 net or cell. Created 0 new cell, deleted 0 existing cell and moved 2 existing cells
INFO: [Physopt 32-619] Estimated Timing Summary | WNS=-0.177 | TNS=-0.901 |
Netlist sorting complete. Time (s): cpu = 00:00:00 ; elapsed = 00:00:00.017 . Memory (MB): peak = 6596.922 ; gain = 0.449
Phase 5 Multi Cell Placement Optimization | Checksum: 1b6413026

Time (s): cpu = 00:01:13 ; elapsed = 00:00:46 . Memory (MB): peak = 6596.922 ; gain = 865.547

Phase 6 Rewire
INFO: [Physopt 32-246] Starting Signal Push optimization...
INFO: [Physopt 32-241] No nets found for rewiring () optimization.
INFO: [Physopt 32-232] Optimized 0 net. Created 0 new instance.
INFO: [Physopt 32-775] End 1 Pass. Optimized 0 net or cell. Created 0 new cell, deleted 0 existing cell and moved 0 existing cell
Netlist sorting complete. Time (s): cpu = 00:00:00 ; elapsed = 00:00:00.016 . Memory (MB): peak = 6596.922 ; gain = 0.000
Phase 6 Rewire | Checksum: 1b6413026

Time (s): cpu = 00:01:14 ; elapsed = 00:00:46 . Memory (MB): peak = 6596.922 ; gain = 865.547

Phase 7 Critical Cell Optimization
INFO: [Physopt 32-46] Identified 30 candidate nets for critical-cell optimization.
INFO: [Physopt 32-571] Net u_mem2/u_wr_bytes/gray2bin_return[7] was not replicated.
INFO: [Physopt 32-572] Net u_mem2/u_bridge/wst was not replicated.
Resolution: phys_opt_design can be forced to replicate a net driver using the option -force_replication_on_nets <list of net objects>.
INFO: [Physopt 32-572] Net u_mem2/u_wr_bytes/gray2bin_return[2] was not replicated.
Resolution: phys_opt_design can be forced to replicate a net driver using the option -force_replication_on_nets <list of net objects>.
INFO: [Physopt 32-572] Net u_mem2/u_wr_bytes/p_0_in49_in was not replicated.
Resolution: phys_opt_design can be forced to replicate a net driver using the option -force_replication_on_nets <list of net objects>.
INFO: [Physopt 32-81] Processed net u_mem2/u_wr_bytes/wr_gray_s2_reg_n_0_[11]. Replicated 1 times.
INFO: [Physopt 32-572] Net u_mem2/u_wr_bytes/p_1_in62_in was not replicated.
Resolution: phys_opt_design can be forced to replicate a net driver using the option -force_replication_on_nets <list of net objects>.
INFO: [Physopt 32-81] Processed net u_mem2/u_wr_bytes/p_0_in58_in. Replicated 1 times.
INFO: [Physopt 32-572] Net u_mem2/u_wr_bytes/p_0_in55_in was not replicated.
Resolution: phys_opt_design can be forced to replicate a net driver using the option -force_replication_on_nets <list of net objects>.
INFO: [Physopt 32-81] Processed net u_mem2/u_wr_bytes/p_0_in40_in. Replicated 1 times.
INFO: [Physopt 32-572] Net u_mem2/u_wr_bytes/p_0_in52_in was not replicated.
Resolution: phys_opt_design can be forced to replicate a net driver using the option -force_replication_on_nets <list of net objects>.
INFO: [Physopt 32-572] Net u_mem2/u_wr_bytes/p_0_in34_in was not replicated.
Resolution: phys_opt_design can be forced to replicate a net driver using the option -force_replication_on_nets <list of net objects>.
INFO: [Physopt 32-571] Net u_mem2/u_wr_bytes/p_0_in46_in was not replicated.
INFO: [Physopt 32-571] Net u_mem2/u_wr_bytes/p_0_in43_in was not replicated.
INFO: [Physopt 32-571] Net u_mem/u_bridge/wst was not replicated.
INFO: [Physopt 32-571] Net u_mem/u_wr_bytes/gray2bin_return[2] was not replicated.
INFO: [Physopt 32-571] Net u_mem/u_wr_bytes/gray2bin_return[7] was not replicated.
INFO: [Physopt 32-571] Net u_mem/u_wr_bytes/p_0_in49_in was not replicated.
INFO: [Physopt 32-571] Net u_mem2/u_bridge/rd_seq_slot_reg[1]_rep__7_n_0_repN_1 was not replicated.
INFO: [Physopt 32-571] Net u_ddr4/inst/u_ddr4_mem_intfc/u_ddr_mc/bgr[3].u_ddr_mc_group/cas_fifo_wptr[1]_i_2__1_n_0 was not replicated.
INFO: [Physopt 32-571] Net u_ddr4/inst/u_ddr4_mem_intfc/u_ddr_mc/bgr[3].u_ddr_mc_group/txn_fifo_output[47]_i_3__2_n_0 was not replicated.
INFO: [Physopt 32-571] Net u_mem2/u_bridge/r_slot[7]_i_2_n_0 was not replicated.
INFO: [Physopt 32-571] Net u_mem2/u_bridge/uc_rd_en was not replicated.
INFO: [Physopt 32-571] Net u_ddr4/inst/u_ddr4_mem_intfc/u_ddr_mc/bgr[3].u_ddr_mc_group/FSM_sequential_grSt[1]_i_4__0_n_0 was not replicated.
INFO: [Physopt 32-571] Net u_mem/u_bridge/w_data_r[87]_i_1_n_0 was not replicated.
INFO: [Physopt 32-571] Net u_mem/u_wr_desc/ud_empty was not replicated.
INFO: [Physopt 32-571] Net u_mem/u_wr_desc/rd_gray[2]_i_3_n_0 was not replicated.
INFO: [Physopt 32-571] Net u_mem/u_wr_desc/rd_gray_reg_n_0_[0] was not replicated.
INFO: [Physopt 32-571] Net u_mem/u_wr_bytes/ub_empty_repN was not replicated.
INFO: [Physopt 32-571] Net u_mem/u_wr_bytes/w_data_r[447]_i_5_n_0 was not replicated.
INFO: [Physopt 32-232] Optimized 3 nets. Created 3 new instances.
INFO: [Physopt 32-775] End 1 Pass. Optimized 3 nets or cells. Created 3 new cells, deleted 0 existing cell and moved 0 existing cell
INFO: [Physopt 32-619] Estimated Timing Summary | WNS=-0.177 | TNS=-0.901 |
Netlist sorting complete. Time (s): cpu = 00:00:00 ; elapsed = 00:00:00.025 . Memory (MB): peak = 6621.742 ; gain = 0.254
Phase 7 Critical Cell Optimization | Checksum: 10259f649

Time (s): cpu = 00:01:17 ; elapsed = 00:00:48 . Memory (MB): peak = 6621.742 ; gain = 890.367

Phase 8 Fanout Optimization
INFO: [Physopt 32-76] Pass 1. Identified 10 candidate nets for fanout optimization.
INFO: [Physopt 32-572] Net u_mem/u_wr_bytes/rd_bin_reg[0]_rep__2_n_0_repN was not replicated.
Resolution: phys_opt_design can be forced to replicate a net driver using the option -force_replication_on_nets <list of net objects>.
INFO: [Physopt 32-81] Processed net u_mem2/u_bridge/rd_seq_slot_reg[1]_rep__14_n_0_repN. Replicated 2 times.
INFO: [Physopt 32-81] Processed net u_mem2/u_wr_bytes/rd_bin_reg[1]_rep__0_n_0_repN_2. Replicated 1 times.
INFO: [Physopt 32-572] Net u_mem2/u_wr_bytes/rd_bin_reg[0]_rep__0_n_0_repN was not replicated.
Resolution: phys_opt_design can be forced to replicate a net driver using the option -force_replication_on_nets <list of net objects>.
INFO: [Physopt 32-81] Processed net u_mem/u_bridge/rd_seq_slot_reg[1]_rep__15_n_0_repN_1. Replicated 2 times.
INFO: [Physopt 32-601] Processed net u_mem2/u_wr_bytes/rd_bin_reg[3]_rep__0_n_0_repN_1. Net driver u_mem2/u_wr_bytes/rd_bin_reg[3]_rep__0_replica_1 was replaced.
INFO: [Physopt 32-81] Processed net u_mem2/u_wr_bytes/rd_bin_reg[2]_rep__1_n_0_repN. Replicated 1 times.
INFO: [Physopt 32-81] Processed net u_mem2/u_wr_bytes/rd_bin_reg[4]_rep__0_n_0_repN. Replicated 1 times.
INFO: [Physopt 32-572] Net u_mem2/u_wr_bytes/rd_bin_reg[3]_rep__0_n_0_repN was not replicated.
Resolution: phys_opt_design can be forced to replicate a net driver using the option -force_replication_on_nets <list of net objects>.
INFO: [Physopt 32-81] Processed net u_mem2/u_wr_bytes/rd_bin_reg[4]_rep__0_n_0_repN_1. Replicated 1 times.
INFO: [Physopt 32-232] Optimized 7 nets. Created 8 new instances.
INFO: [Physopt 32-775] End 1 Pass. Optimized 7 nets or cells. Created 8 new cells, deleted 0 existing cell and moved 0 existing cell
INFO: [Physopt 32-619] Estimated Timing Summary | WNS=-0.177 | TNS=-0.901 |
Netlist sorting complete. Time (s): cpu = 00:00:00 ; elapsed = 00:00:00.080 . Memory (MB): peak = 6978.781 ; gain = 0.254
Phase 8 Fanout Optimization | Checksum: 122714ede

Time (s): cpu = 00:01:27 ; elapsed = 00:00:55 . Memory (MB): peak = 6978.781 ; gain = 1247.406

Phase 9 Single Cell Placement Optimization
INFO: [Physopt 32-660] Identified 250 candidate nets for placement-based optimization.
INFO: [Physopt 32-662] Processed net u_mem2/u_wr_bytes/gray2bin_return[7].  Did not re-place instance u_mem2/u_wr_bytes/rd_level_carry_i_1
INFO: [Physopt 32-662] Processed net u_mem2/u_bridge/wst.  Did not re-place instance u_mem2/u_bridge/FSM_onehot_wst[6]_i_1
INFO: [Physopt 32-662] Processed net u_mem2/u_wr_bytes/gray2bin_return[2].  Did not re-place instance u_mem2/u_wr_bytes/rd_level_carry_i_6
INFO: [Physopt 32-662] Processed net u_mem2/u_wr_bytes/p_0_in49_in.  Did not re-place instance u_mem2/u_wr_bytes/wr_gray_s2_reg[7]
INFO: [Physopt 32-662] Processed net u_mem2/u_bridge/DI[5].  Did not re-place instance u_mem2/u_bridge/FSM_onehot_wst[6]_i_13
INFO: [Physopt 32-662] Processed net u_mem2/u_bridge/FSM_onehot_wst[6]_i_3_n_0.  Did not re-place instance u_mem2/u_bridge/FSM_onehot_wst[6]_i_3
INFO: [Physopt 32-662] Processed net u_mem2/u_wr_bytes/gray2bin_return[1].  Did not re-place instance u_mem2/u_wr_bytes/rd_level_carry_i_7
INFO: [Physopt 32-662] Processed net u_mem2/u_bridge/FSM_onehot_wst_reg_n_0_[2].  Did not re-place instance u_mem2/u_bridge/FSM_onehot_wst_reg[2]
INFO: [Physopt 32-662] Processed net u_mem2/u_wr_bytes/gray2bin_return[0].  Did not re-place instance u_mem2/u_wr_bytes/rd_level_carry_i_8
INFO: [Physopt 32-662] Processed net u_mem2/u_bridge/FSM_onehot_wst_reg_n_0_[1].  Did not re-place instance u_mem2/u_bridge/FSM_onehot_wst_reg[1]
INFO: [Physopt 32-662] Processed net u_mem2/u_wr_bytes/FSM_onehot_wst[6]_i_21_n_0.  Did not re-place instance u_mem2/u_wr_bytes/FSM_onehot_wst[6]_i_21
INFO: [Physopt 32-662] Processed net u_mem2/u_wr_bytes/rd_level_carry_i_16_n_0.  Did not re-place instance u_mem2/u_wr_bytes/rd_level_carry_i_16
INFO: [Physopt 32-662] Processed net u_mem2/u_wr_bytes/rd_level_carry_i_15_n_0.  Did not re-place instance u_mem2/u_wr_bytes/rd_level_carry_i_15
INFO: [Physopt 32-662] Processed net u_mem2/u_wr_bytes/FSM_onehot_wst[6]_i_20_n_0.  Did not re-place instance u_mem2/u_wr_bytes/FSM_onehot_wst[6]_i_20
INFO: [Physopt 32-662] Processed net u_mem2/u_bridge/DI[4].  Did not re-place instance u_mem2/u_bridge/FSM_onehot_wst[6]_i_14
INFO: [Physopt 32-662] Processed net u_mem2/u_bridge/FSM_onehot_wst_reg_n_0_[6].  Did not re-place instance u_mem2/u_bridge/FSM_onehot_wst_reg[6]
INFO: [Physopt 32-662] Processed net u_mem2/u_wr_bytes/p_1_in62_in.  Did not re-place instance u_mem2/u_wr_bytes/wr_gray_s2_reg[12]
INFO: [Physopt 32-662] Processed net u_mem2/u_bridge/Q[0].  Did not re-place instance u_mem2/u_bridge/FSM_onehot_wst_reg[0]
INFO: [Physopt 32-662] Processed net u_mem2/u_bridge/FSM_onehot_wst_reg_n_0_[4].  Did not re-place instance u_mem2/u_bridge/FSM_onehot_wst_reg[4]
INFO: [Physopt 32-662] Processed net u_mem2/u_bridge/FSM_onehot_wst_reg_n_0_[5].  Did not re-place instance u_mem2/u_bridge/FSM_onehot_wst_reg[5]
INFO: [Physopt 32-662] Processed net u_mem2/u_bridge/FSM_onehot_wst_reg_n_0_[3].  Did not re-place instance u_mem2/u_bridge/FSM_onehot_wst_reg[3]
INFO: [Physopt 32-662] Processed net u_mem2/u_wr_bytes/gray2bin_return[3].  Did not re-place instance u_mem2/u_wr_bytes/rd_level_carry_i_5
INFO: [Physopt 32-662] Processed net u_mem2/u_wr_bytes/wr_gray_s2_reg_n_0_[11]_repN.  Did not re-place instance u_mem2/u_wr_bytes/wr_gray_s2_reg[11]_replica
INFO: [Physopt 32-662] Processed net u_mem2/u_wr_bytes/FSM_onehot_wst[6]_i_12_n_0.  Did not re-place instance u_mem2/u_wr_bytes/FSM_onehot_wst[6]_i_12
INFO: [Physopt 32-662] Processed net u_mem2/u_wr_bytes/p_0_in55_in.  Did not re-place instance u_mem2/u_wr_bytes/wr_gray_s2_reg[9]
INFO: [Physopt 32-662] Processed net u_mem2/u_wr_bytes/rd_level_carry_i_14_n_0.  Did not re-place instance u_mem2/u_wr_bytes/rd_level_carry_i_14
INFO: [Physopt 32-662] Processed net u_mem2/u_wr_bytes/p_0_in58_in_repN.  Did not re-place instance u_mem2/u_wr_bytes/wr_gray_s2_reg[10]_replica
INFO: [Physopt 32-662] Processed net u_mem2/u_bridge/S[0].  Did not re-place instance u_mem2/u_bridge/FSM_onehot_wst[6]_i_19
INFO: [Physopt 32-662] Processed net u_mem2/u_wr_bytes/p_0_in52_in.  Did not re-place instance u_mem2/u_wr_bytes/wr_gray_s2_reg[8]
INFO: [Physopt 32-662] Processed net u_mem2/u_wr_bytes/p_0_in34_in.  Did not re-place instance u_mem2/u_wr_bytes/wr_gray_s2_reg[2]
INFO: [Physopt 32-662] Processed net u_mem2/u_wr_bytes/p_0_in46_in.  Did not re-place instance u_mem2/u_wr_bytes/wr_gray_s2_reg[6]
INFO: [Physopt 32-663] Processed net u_mem/u_wr_bytes/rd_bin_reg[0]_rep__2_n_0_repN.  Re-placed instance u_mem/u_wr_bytes/rd_bin_reg[0]_rep__2_replica
INFO: [Physopt 32-662] Processed net u_mem/u_wr_bytes/ub_dout[0].  Did not re-place instance u_mem/u_wr_bytes/w_data_r[504]_i_2
INFO: [Physopt 32-662] Processed net u_mem/u_bridge/w_data_r[384]_i_1_n_0.  Did not re-place instance u_mem/u_bridge/w_data_r[384]_i_1
INFO: [Physopt 32-662] Processed net u_mem/u_wr_bytes/w_data_r[504]_i_24_n_0.  Did not re-place instance u_mem/u_wr_bytes/w_data_r[504]_i_24
INFO: [Physopt 32-662] Processed net u_mem/u_bridge/m_axi_wdata[384].  Did not re-place instance u_mem/u_bridge/w_data_r_reg[384]
INFO: [Physopt 32-662] Processed net u_ddr4/inst/u_ddr4_mem_intfc/u_io_addr_sync/SYNC[2].sync_reg[1].  Did not re-place instance u_ddr4/inst/u_ddr4_mem_intfc/u_io_addr_sync/SYNC[2].sync_reg_reg[1]
INFO: [Physopt 32-662] Processed net u_ddr4/inst/u_ddr4_mem_intfc/u_io_addr_sync/addr_dec_to_mb_data[3]_i_21_n_0.  Did not re-place instance u_ddr4/inst/u_ddr4_mem_intfc/u_io_addr_sync/addr_dec_to_mb_data[3]_i_21
INFO: [Physopt 32-662] Processed net u_ddr4/inst/u_ddr4_mem_intfc/u_ddr_cal_top/u_ddr_cal/u_ddr_cal_addr_decode/lowCL0[45]_i_3_n_0.  Did not re-place instance u_ddr4/inst/u_ddr4_mem_intfc/u_ddr_cal_top/u_ddr_cal/u_ddr_cal_addr_decode/lowCL0[45]_i_3
INFO: [Physopt 32-662] Processed net u_ddr4/inst/u_ddr4_mem_intfc/u_io_addr_sync/addr_dec_to_mb_data[3]_i_10_n_0.  Did not re-place instance u_ddr4/inst/u_ddr4_mem_intfc/u_io_addr_sync/addr_dec_to_mb_data[3]_i_10
INFO: [Physopt 32-662] Processed net u_ddr4/inst/u_ddr4_mem_intfc/u_io_addr_sync/addr_dec_to_mb_data[3]_i_3_n_0.  Did not re-place instance u_ddr4/inst/u_ddr4_mem_intfc/u_io_addr_sync/addr_dec_to_mb_data[3]_i_3
INFO: [Physopt 32-662] Processed net u_ddr4/inst/u_ddr4_mem_intfc/u_ddr_cal_top/u_ddr_cal/u_ddr_cal_addr_decode/addr_dec_to_mb_data_reg_n_0_[3].  Did not re-place instance u_ddr4/inst/u_ddr4_mem_intfc/u_ddr_cal_top/u_ddr_cal/u_ddr_cal_addr_decode/addr_dec_to_mb_data_reg[3]
INFO: [Physopt 32-662] Processed net u_mem/u_wr_bytes/rd_bin_reg[0]_rep__0_n_0.  Did not re-place instance u_mem/u_wr_bytes/rd_bin_reg[0]_rep__0
INFO: [Physopt 32-662] Processed net u_mem/u_wr_bytes/ub_dout[2].  Did not re-place instance u_mem/u_wr_bytes/w_data_r[506]_i_2
INFO: [Physopt 32-662] Processed net u_mem/u_bridge/w_data_r[402]_i_1_n_0.  Did not re-place instance u_mem/u_bridge/w_data_r[402]_i_1
INFO: [Physopt 32-662] Processed net u_mem/u_wr_bytes/w_data_r[506]_i_18_n_0.  Did not re-place instance u_mem/u_wr_bytes/w_data_r[506]_i_18
INFO: [Physopt 32-662] Processed net u_mem/u_bridge/m_axi_wdata[402].  Did not re-place instance u_mem/u_bridge/w_data_r_reg[402]
INFO: [Physopt 32-662] Processed net u_mem/u_wr_bytes/ub_dout[5].  Did not re-place instance u_mem/u_wr_bytes/w_data_r[509]_i_2
INFO: [Physopt 32-662] Processed net u_mem/u_bridge/w_data_r[85]_i_1_n_0.  Did not re-place instance u_mem/u_bridge/w_data_r[85]_i_1
INFO: [Physopt 32-662] Processed net u_mem/u_wr_bytes/w_data_r[509]_i_18_n_0.  Did not re-place instance u_mem/u_wr_bytes/w_data_r[509]_i_18
INFO: [Physopt 32-662] Processed net u_mem/u_bridge/m_axi_wdata[85].  Did not re-place instance u_mem/u_bridge/w_data_r_reg[85]
INFO: [Physopt 32-662] Processed net u_ddr4/inst/u_ddr4_mem_intfc/u_ddr_cal_top/u_ddr_cal/u_ddr_cal_addr_decode/lowCL0[45]_i_4_n_0.  Did not re-place instance u_ddr4/inst/u_ddr4_mem_intfc/u_ddr_cal_top/u_ddr_cal/u_ddr_cal_addr_decode/lowCL0[45]_i_4
INFO: [Physopt 32-662] Processed net u_mem2/u_wr_bytes/rd_level_carry_i_11_n_0.  Did not re-place instance u_mem2/u_wr_bytes/rd_level_carry_i_11
INFO: [Physopt 32-662] Processed net u_mem2/u_wr_bytes/p_0_in43_in.  Did not re-place instance u_mem2/u_wr_bytes/wr_gray_s2_reg[5]
INFO: [Physopt 32-662] Processed net u_mem/u_bridge/w_data_r[397]_i_1_n_0.  Did not re-place instance u_mem/u_bridge/w_data_r[397]_i_1
INFO: [Physopt 32-662] Processed net u_mem/u_bridge/m_axi_wdata[397].  Did not re-place instance u_mem/u_bridge/w_data_r_reg[397]
INFO: [Physopt 32-662] Processed net u_mem2/u_wr_bytes/rd_level_carry_i_12_n_0.  Did not re-place instance u_mem2/u_wr_bytes/rd_level_carry_i_12
INFO: [Physopt 32-662] Processed net u_mem/u_wr_bytes/rd_bin_reg[1]_rep__1_n_0.  Did not re-place instance u_mem/u_wr_bytes/rd_bin_reg[1]_rep__1
INFO: [Physopt 32-662] Processed net u_mem/u_wr_bytes/ub_dout[3].  Did not re-place instance u_mem/u_wr_bytes/w_data_r[507]_i_2
INFO: [Physopt 32-662] Processed net u_mem/u_bridge/w_data_r[339]_i_1_n_0.  Did not re-place instance u_mem/u_bridge/w_data_r[339]_i_1
INFO: [Physopt 32-662] Processed net u_mem/u_wr_bytes/w_data_r[507]_i_22_n_0.  Did not re-place instance u_mem/u_wr_bytes/w_data_r[507]_i_22
INFO: [Physopt 32-662] Processed net u_mem/u_bridge/m_axi_wdata[339].  Did not re-place instance u_mem/u_bridge/w_data_r_reg[339]
INFO: [Physopt 32-662] Processed net u_mem/u_wr_bytes/rd_bin_reg[1]_rep__2_n_0.  Did not re-place instance u_mem/u_wr_bytes/rd_bin_reg[1]_rep__2
INFO: [Physopt 32-662] Processed net u_mem/u_bridge/wst.  Did not re-place instance u_mem/u_bridge/FSM_onehot_wst[6]_i_1
INFO: [Physopt 32-662] Processed net u_mem/u_wr_bytes/gray2bin_return[2].  Did not re-place instance u_mem/u_wr_bytes/rd_level_carry_i_6
INFO: [Physopt 32-662] Processed net u_mem/u_wr_bytes/gray2bin_return[7].  Did not re-place instance u_mem/u_wr_bytes/rd_level_carry_i_1
INFO: [Physopt 32-663] Processed net u_mem/u_wr_bytes/p_0_in49_in.  Re-placed instance u_mem/u_wr_bytes/wr_gray_s2_reg[7]
INFO: [Physopt 32-662] Processed net u_mem/u_bridge/FSM_onehot_wst[6]_i_3_n_0.  Did not re-place instance u_mem/u_bridge/FSM_onehot_wst[6]_i_3
INFO: [Physopt 32-662] Processed net u_mem/u_wr_bytes/FSM_onehot_wst[6]_i_21_n_0.  Did not re-place instance u_mem/u_wr_bytes/FSM_onehot_wst[6]_i_21
INFO: [Physopt 32-662] Processed net u_mem/u_bridge/FSM_onehot_wst_reg_n_0_[6].  Did not re-place instance u_mem/u_bridge/FSM_onehot_wst_reg[6]
INFO: [Physopt 32-662] Processed net u_mem/u_bridge/w_data_r[74]_i_1_n_0.  Did not re-place instance u_mem/u_bridge/w_data_r[74]_i_1
INFO: [Physopt 32-662] Processed net u_mem/u_bridge/m_axi_wdata[74].  Did not re-place instance u_mem/u_bridge/w_data_r_reg[74]
INFO: [Physopt 32-662] Processed net u_mem2/u_bridge/DI[2].  Did not re-place instance u_mem2/u_bridge/FSM_onehot_wst[6]_i_16
INFO: [Physopt 32-662] Processed net u_mem2/u_wr_bytes/rd_bin_reg[0]_rep_n_0.  Did not re-place instance u_mem2/u_wr_bytes/rd_bin_reg[0]_rep
INFO: [Physopt 32-662] Processed net u_mem2/u_wr_bytes/ub_dout[7].  Did not re-place instance u_mem2/u_wr_bytes/w_data_r[511]_i_6
INFO: [Physopt 32-662] Processed net u_mem2/u_bridge/w_data_r[495]_i_2_n_0.  Did not re-place instance u_mem2/u_bridge/w_data_r[495]_i_2
INFO: [Physopt 32-662] Processed net u_mem2/u_wr_bytes/w_data_r[511]_i_34_n_0.  Did not re-place instance u_mem2/u_wr_bytes/w_data_r[511]_i_34
INFO: [Physopt 32-663] Processed net u_mem2/u_bridge/m_axi_wdata[495].  Re-placed instance u_mem2/u_bridge/w_data_r_reg[495]
INFO: [Physopt 32-662] Processed net u_mem/u_bridge/FSM_onehot_wst_reg_n_0_[5].  Did not re-place instance u_mem/u_bridge/FSM_onehot_wst_reg[5]
INFO: [Physopt 32-662] Processed net u_mem/u_bridge/FSM_onehot_wst_reg_n_0_[4].  Did not re-place instance u_mem/u_bridge/FSM_onehot_wst_reg[4]
INFO: [Physopt 32-662] Processed net u_mem/u_bridge/Q[0].  Did not re-place instance u_mem/u_bridge/FSM_onehot_wst_reg[0]
INFO: [Physopt 32-662] Processed net u_mem/u_bridge/FSM_onehot_wst_reg_n_0_[3].  Did not re-place instance u_mem/u_bridge/FSM_onehot_wst_reg[3]
INFO: [Physopt 32-662] Processed net u_mem/u_wr_bytes/rd_bin_reg[1]_rep__0_n_0.  Did not re-place instance u_mem/u_wr_bytes/rd_bin_reg[1]_rep__0
INFO: [Physopt 32-662] Processed net u_mem2/u_bridge/w_data_r[471]_i_2_n_0.  Did not re-place instance u_mem2/u_bridge/w_data_r[471]_i_2
INFO: [Physopt 32-662] Processed net u_mem2/u_bridge/w_data_r[487]_i_2_n_0.  Did not re-place instance u_mem2/u_bridge/w_data_r[487]_i_2
INFO: [Physopt 32-662] Processed net u_mem2/u_bridge/m_axi_wdata[471].  Did not re-place instance u_mem2/u_bridge/w_data_r_reg[471]
INFO: [Physopt 32-662] Processed net u_mem2/u_bridge/m_axi_wdata[487].  Did not re-place instance u_mem2/u_bridge/w_data_r_reg[487]
INFO: [Physopt 32-662] Processed net u_mem/u_wr_bytes/rd_bin_reg[0]_rep__1_n_0.  Did not re-place instance u_mem/u_wr_bytes/rd_bin_reg[0]_rep__1
INFO: [Physopt 32-662] Processed net u_mem2/u_wr_bytes/rd_bin_reg[2]_rep__0_n_0.  Did not re-place instance u_mem2/u_wr_bytes/rd_bin_reg[2]_rep__0
INFO: [Physopt 32-662] Processed net u_mem2/u_wr_bytes/ub_dout[3].  Did not re-place instance u_mem2/u_wr_bytes/w_data_r[507]_i_2
INFO: [Physopt 32-662] Processed net u_mem2/u_bridge/w_data_r[323]_i_1_n_0.  Did not re-place instance u_mem2/u_bridge/w_data_r[323]_i_1
INFO: [Physopt 32-662] Processed net u_mem2/u_wr_bytes/w_data_r[507]_i_17_n_0.  Did not re-place instance u_mem2/u_wr_bytes/w_data_r[507]_i_17
INFO: [Physopt 32-662] Processed net u_mem2/u_bridge/m_axi_wdata[323].  Did not re-place instance u_mem2/u_bridge/w_data_r_reg[323]
INFO: [Physopt 32-662] Processed net u_mem2/u_bridge/rd_seq_slot_reg[1]_rep__7_n_0_repN_1.  Did not re-place instance u_mem2/u_bridge/rd_seq_slot_reg[1]_rep__7_replica_1
INFO: [Physopt 32-662] Processed net u_mem2/u_bridge/r_beats[7]_i_2_n_0.  Did not re-place instance u_mem2/u_bridge/r_beats[7]_i_2
INFO: [Physopt 32-662] Processed net u_mem2/u_bridge/p_0_in[7].  Did not re-place instance u_mem2/u_bridge/r_beats[7]_i_1
INFO: [Physopt 32-662] Processed net u_mem2/u_bridge/r_len[6]_i_4_n_0.  Did not re-place instance u_mem2/u_bridge/r_len[6]_i_4
INFO: [Physopt 32-662] Processed net u_mem2/u_bridge/r_len[6]_i_68_n_0.  Did not re-place instance u_mem2/u_bridge/r_len[6]_i_68
INFO: [Physopt 32-662] Processed net u_mem2/u_bridge/r_beats[7].  Did not re-place instance u_mem2/u_bridge/r_beats_reg[7]
INFO: [Physopt 32-663] Processed net u_ddr4/inst/u_ddr4_mem_intfc/u_ddr_cal_top/u_ddr_cal/u_ddr_cal_addr_decode/mem_reg_bram_0.  Re-placed instance u_ddr4/inst/u_ddr4_mem_intfc/u_ddr_cal_top/u_ddr_cal/u_ddr_cal_addr_decode/addr_dec_to_mb_data[8]_i_22
INFO: [Physopt 32-662] Processed net u_ddr4/inst/u_ddr4_mem_intfc/u_io_addr_sync/addr_dec_to_mb_data[8]_i_17_n_0.  Did not re-place instance u_ddr4/inst/u_ddr4_mem_intfc/u_io_addr_sync/addr_dec_to_mb_data[8]_i_17
INFO: [Physopt 32-663] Processed net u_ddr4/inst/u_ddr4_mem_intfc/u_io_addr_sync/addr_dec_to_mb_data[8]_i_2_n_0.  Re-placed instance u_ddr4/inst/u_ddr4_mem_intfc/u_io_addr_sync/addr_dec_to_mb_data[8]_i_2
INFO: [Physopt 32-663] Processed net u_ddr4/inst/u_ddr4_mem_intfc/u_io_addr_sync/addr_dec_to_mb_data[8]_i_8_n_0.  Re-placed instance u_ddr4/inst/u_ddr4_mem_intfc/u_io_addr_sync/addr_dec_to_mb_data[8]_i_8
INFO: [Physopt 32-662] Processed net u_ddr4/inst/u_ddr4_mem_intfc/u_io_addr_sync/cal_timer_reg[31][8].  Did not re-place instance u_ddr4/inst/u_ddr4_mem_intfc/u_io_addr_sync/addr_dec_to_mb_data[8]_i_1
INFO: [Physopt 32-662] Processed net u_ddr4/inst/u_ddr4_mem_intfc/u_ddr_cal_top/u_ddr_cal/u_ddr_cal_addr_decode/addr_dec_to_mb_data_reg_n_0_[8].  Did not re-place instance u_ddr4/inst/u_ddr4_mem_intfc/u_ddr_cal_top/u_ddr_cal/u_ddr_cal_addr_decode/addr_dec_to_mb_data_reg[8]
INFO: [Physopt 32-662] Processed net u_mem2/u_bridge/rd_seq_slot_reg[2]_rep__3_n_0.  Did not re-place instance u_mem2/u_bridge/rd_seq_slot_reg[2]_rep__3
INFO: [Physopt 32-662] Processed net u_mem2/u_bridge/r_slot.  Did not re-place instance u_mem2/u_bridge/r_slot[7]_i_1
INFO: [Physopt 32-662] Processed net u_ddr4/inst/u_ddr4_mem_intfc/u_ddr_mc/bgr[3].u_ddr_mc_group/Q[0].  Did not re-place instance u_ddr4/inst/u_ddr4_mem_intfc/u_ddr_mc/bgr[3].u_ddr_mc_group/txn_fifo_output_reg[0]
INFO: [Physopt 32-662] Processed net u_ddr4/inst/u_ddr4_mem_intfc/u_ddr_mc/bgr[3].u_ddr_mc_group/cas_fifo_wptr[1]_i_2__1_n_0.  Did not re-place instance u_ddr4/inst/u_ddr4_mem_intfc/u_ddr_mc/bgr[3].u_ddr_mc_group/cas_fifo_wptr[1]_i_2__1
INFO: [Physopt 32-663] Processed net u_ddr4/inst/u_ddr4_mem_intfc/u_ddr_mc/bgr[3].u_ddr_mc_group/txn_fifo_output[47]_i_3__2_n_0.  Re-placed instance u_ddr4/inst/u_ddr4_mem_intfc/u_ddr_mc/bgr[3].u_ddr_mc_group/txn_fifo_output[47]_i_3__2
INFO: [Physopt 32-662] Processed net u_mem2/u_bridge/r_slot[7]_i_2_n_0.  Did not re-place instance u_mem2/u_bridge/r_slot[7]_i_2
INFO: [Physopt 32-662] Processed net u_mem2/u_bridge/uc_rd_en.  Did not re-place instance u_mem2/u_bridge/rd_wr_en_i_4
INFO: [Physopt 32-662] Processed net u_ddr4/inst/u_ddr4_mem_intfc/u_ddr_mc/bgr[3].u_ddr_mc_group/FSM_sequential_grSt[1]_i_4__0_n_0.  Did not re-place instance u_ddr4/inst/u_ddr4_mem_intfc/u_ddr_mc/bgr[3].u_ddr_mc_group/FSM_sequential_grSt[1]_i_4__0
INFO: [Physopt 32-663] Processed net u_ddr4/inst/u_ddr4_mem_intfc/u_ddr_mc/bgr[3].u_ddr_mc_group/i__carry_i_2__2_n_0.  Re-placed instance u_ddr4/inst/u_ddr4_mem_intfc/u_ddr_mc/bgr[3].u_ddr_mc_group/i__carry_i_2__2
INFO: [Physopt 32-662] Processed net u_ddr4/inst/u_ddr4_mem_intfc/u_ddr_mc/bgr[3].u_ddr_mc_group/i__carry_i_9__2_n_0.  Did not re-place instance u_ddr4/inst/u_ddr4_mem_intfc/u_ddr_mc/bgr[3].u_ddr_mc_group/i__carry_i_9__2
INFO: [Physopt 32-663] Processed net u_ddr4/inst/u_ddr4_mem_intfc/u_ddr_mc/bgr[3].u_ddr_mc_group/pageInfo_reg_n_0_[0][0][2][14].  Re-placed instance u_ddr4/inst/u_ddr4_mem_intfc/u_ddr_mc/bgr[3].u_ddr_mc_group/pageInfo_reg[0][0][2][14]
INFO: [Physopt 32-662] Processed net u_ddr4/inst/u_ddr4_mem_intfc/u_ddr_mc/bgr[3].u_ddr_mc_group/txn_fifo_output[0]_i_1__0_n_0.  Did not re-place instance u_ddr4/inst/u_ddr4_mem_intfc/u_ddr_mc/bgr[3].u_ddr_mc_group/txn_fifo_output[0]_i_1__0
INFO: [Physopt 32-662] Processed net u_mem2/u_bridge/rd_wr_en_i_12_n_0.  Did not re-place instance u_mem2/u_bridge/rd_wr_en_i_12
INFO: [Physopt 32-662] Processed net u_mem2/u_bridge/r_len[15].  Did not re-place instance u_mem2/u_bridge/r_len_reg[15]
INFO: [Physopt 32-662] Processed net u_mem/u_wr_desc/E[0].  Did not re-place instance u_mem/u_wr_desc/w_slot[7]_i_1
INFO: [Physopt 32-662] Processed net u_mem/u_bridge/w_data_r[87]_i_1_n_0.  Did not re-place instance u_mem/u_bridge/w_data_r[87]_i_1
INFO: [Physopt 32-662] Processed net u_mem/u_wr_desc/ud_empty.  Did not re-place instance u_mem/u_wr_desc/w_slot[7]_i_2
INFO: [Physopt 32-662] Processed net u_mem/u_wr_desc/rd_gray[2]_i_3_n_0.  Did not re-place instance u_mem/u_wr_desc/rd_gray[2]_i_3
INFO: [Physopt 32-662] Processed net u_mem/u_wr_desc/rd_gray_reg_n_0_[0].  Did not re-place instance u_mem/u_wr_desc/rd_gray_reg[0]
INFO: [Physopt 32-663] Processed net u_mem/u_bridge/m_axi_wdata[83].  Re-placed instance u_mem/u_bridge/w_data_r_reg[83]
INFO: [Physopt 32-663] Processed net u_mem/u_wr_bytes/rd_bin_reg[3]_rep__1_n_0.  Re-placed instance u_mem/u_wr_bytes/rd_bin_reg[3]_rep__1
INFO: [Physopt 32-662] Processed net u_mem/u_wr_bytes/w_data_r[507]_i_23_n_0.  Did not re-place instance u_mem/u_wr_bytes/w_data_r[507]_i_23
INFO: [Physopt 32-662] Processed net u_ddr4/inst/u_ddr4_mem_intfc/u_ddr_mc/bgr[0].u_ddr_mc_group/FSM_sequential_grSt[1]_i_2_n_0.  Did not re-place instance u_ddr4/inst/u_ddr4_mem_intfc/u_ddr_mc/bgr[0].u_ddr_mc_group/FSM_sequential_grSt[1]_i_2
INFO: [Physopt 32-662] Processed net u_ddr4/inst/u_ddr4_mem_intfc/u_ddr_mc/bgr[0].u_ddr_mc_group/Q[0].  Did not re-place instance u_ddr4/inst/u_ddr4_mem_intfc/u_ddr_mc/bgr[0].u_ddr_mc_group/txn_fifo_output_reg[0]
INFO: [Physopt 32-662] Processed net u_ddr4/inst/u_ddr4_mem_intfc/u_ddr_mc/bgr[0].u_ddr_mc_group/FSM_sequential_grSt[1]_i_4_n_0.  Did not re-place instance u_ddr4/inst/u_ddr4_mem_intfc/u_ddr_mc/bgr[0].u_ddr_mc_group/FSM_sequential_grSt[1]_i_4
INFO: [Physopt 32-663] Processed net u_ddr4/inst/u_ddr4_mem_intfc/u_ddr_mc/bgr[0].u_ddr_mc_group/i__carry_i_22_n_0.  Re-placed instance u_ddr4/inst/u_ddr4_mem_intfc/u_ddr_mc/bgr[0].u_ddr_mc_group/i__carry_i_22
INFO: [Physopt 32-662] Processed net u_ddr4/inst/u_ddr4_mem_intfc/u_ddr_mc/bgr[0].u_ddr_mc_group/i__carry_i_6_n_0.  Did not re-place instance u_ddr4/inst/u_ddr4_mem_intfc/u_ddr_mc/bgr[0].u_ddr_mc_group/i__carry_i_6
INFO: [Physopt 32-663] Processed net u_ddr4/inst/u_ddr4_mem_intfc/u_ddr_mc/bgr[0].u_ddr_mc_group/txn_fifo_output[31]_i_2_n_0.  Re-placed instance u_ddr4/inst/u_ddr4_mem_intfc/u_ddr_mc/bgr[0].u_ddr_mc_group/txn_fifo_output[31]_i_2
INFO: [Physopt 32-662] Processed net u_ddr4/inst/u_ddr4_mem_intfc/u_ddr_mc/bgr[0].u_ddr_mc_group/txn_fifo_output_nxt[31].  Did not re-place instance u_ddr4/inst/u_ddr4_mem_intfc/u_ddr_mc/bgr[0].u_ddr_mc_group/txn_fifo_output[31]_i_1
INFO: [Physopt 32-662] Processed net u_ddr4/inst/u_ddr4_mem_intfc/u_ddr_mc/bgr[0].u_ddr_mc_group/Q[10].  Did not re-place instance u_ddr4/inst/u_ddr4_mem_intfc/u_ddr_mc/bgr[0].u_ddr_mc_group/txn_fifo_output_reg[31]
INFO: [Physopt 32-662] Processed net u_mem/u_wr_bytes/ub_empty_repN.  Did not re-place instance u_mem/u_wr_bytes/w_data_r[447]_i_4_replica
INFO: [Physopt 32-663] Processed net u_mem/u_wr_bytes/w_data_r[447]_i_5_n_0.  Re-placed instance u_mem/u_wr_bytes/w_data_r[447]_i_5
INFO: [Physopt 32-663] Processed net u_mem/u_wr_bytes/p_0_in46_in.  Re-placed instance u_mem/u_wr_bytes/wr_gray_s2_reg[6]
INFO: [Physopt 32-662] Processed net u_mem/u_wr_bytes/gray2bin_return[1].  Did not re-place instance u_mem/u_wr_bytes/rd_level_carry_i_7
INFO: [Physopt 32-662] Processed net u_mem2/u_bridge/DI[1].  Did not re-place instance u_mem2/u_bridge/FSM_onehot_wst[6]_i_17
INFO: [Physopt 32-662] Processed net u_mem2/u_wr_bytes/rd_bin_reg[0]_rep__1_n_0.  Did not re-place instance u_mem2/u_wr_bytes/rd_bin_reg[0]_rep__1
INFO: [Physopt 32-662] Processed net u_mem/u_wr_bytes/ub_dout[6].  Did not re-place instance u_mem/u_wr_bytes/w_data_r[510]_i_2
INFO: [Physopt 32-663] Processed net u_mem2/u_wr_bytes/ub_dout[1].  Re-placed instance u_mem2/u_wr_bytes/w_data_r[505]_i_2
INFO: [Physopt 32-662] Processed net u_mem/u_bridge/w_data_r[342]_i_1_n_0.  Did not re-place instance u_mem/u_bridge/w_data_r[342]_i_1
INFO: [Physopt 32-662] Processed net u_mem/u_wr_bytes/w_data_r[510]_i_18_n_0.  Did not re-place instance u_mem/u_wr_bytes/w_data_r[510]_i_18
INFO: [Physopt 32-662] Processed net u_mem2/u_bridge/w_data_r[385]_i_1_n_0.  Did not re-place instance u_mem2/u_bridge/w_data_r[385]_i_1
INFO: [Physopt 32-662] Processed net u_mem2/u_wr_bytes/w_data_r[505]_i_19_n_0.  Did not re-place instance u_mem2/u_wr_bytes/w_data_r[505]_i_19
INFO: [Physopt 32-662] Processed net u_mem/u_bridge/m_axi_wdata[342].  Did not re-place instance u_mem/u_bridge/w_data_r_reg[342]
INFO: [Physopt 32-662] Processed net u_mem2/u_bridge/m_axi_wdata[385].  Did not re-place instance u_mem2/u_bridge/w_data_r_reg[385]
INFO: [Physopt 32-662] Processed net u_mem/u_wr_bytes/gray2bin_return[0].  Did not re-place instance u_mem/u_wr_bytes/rd_level_carry_i_8
INFO: [Physopt 32-663] Processed net u_ddr4/inst/u_ddr4_mem_intfc/u_ddr_mc/bgr[3].u_ddr_mc_group/Q[1]_repN.  Re-placed instance u_ddr4/inst/u_ddr4_mem_intfc/u_ddr_mc/bgr[3].u_ddr_mc_group/txn_fifo_output_reg[1]_replica
INFO: [Physopt 32-662] Processed net u_ddr4/inst/u_ddr4_mem_intfc/u_ddr_mc/bgr[3].u_ddr_mc_group/FSM_sequential_gr_cas_state[2]_i_1__2_n_0.  Did not re-place instance u_ddr4/inst/u_ddr4_mem_intfc/u_ddr_mc/bgr[3].u_ddr_mc_group/FSM_sequential_gr_cas_state[2]_i_1__2
INFO: [Physopt 32-662] Processed net u_ddr4/inst/u_ddr4_mem_intfc/u_ddr_mc/bgr[3].u_ddr_mc_group/FSM_sequential_gr_cas_state[2]_i_3__0_n_0.  Did not re-place instance u_ddr4/inst/u_ddr4_mem_intfc/u_ddr_mc/bgr[3].u_ddr_mc_group/FSM_sequential_gr_cas_state[2]_i_3__0
INFO: [Physopt 32-663] Processed net u_ddr4/inst/u_ddr4_mem_intfc/u_ddr_mc/bgr[3].u_ddr_mc_group/i__carry_i_21__2_n_0.  Re-placed instance u_ddr4/inst/u_ddr4_mem_intfc/u_ddr_mc/bgr[3].u_ddr_mc_group/i__carry_i_21__2
INFO: [Physopt 32-662] Processed net u_ddr4/inst/u_ddr4_mem_intfc/u_ddr_mc/bgr[3].u_ddr_mc_group/i__carry_i_6__2_n_0.  Did not re-place instance u_ddr4/inst/u_ddr4_mem_intfc/u_ddr_mc/bgr[3].u_ddr_mc_group/i__carry_i_6__2
INFO: [Physopt 32-662] Processed net u_mem2/u_bridge/r_len[6]_i_69_n_0.  Did not re-place instance u_mem2/u_bridge/r_len[6]_i_69
INFO: [Physopt 32-662] Processed net u_ddr4/inst/u_ddr4_mem_intfc/u_ddr_mc/bgr[3].u_ddr_mc_group/gr_cas_state[2].  Did not re-place instance u_ddr4/inst/u_ddr4_mem_intfc/u_ddr_mc/bgr[3].u_ddr_mc_group/FSM_sequential_gr_cas_state_reg[2]
INFO: [Physopt 32-663] Processed net u_mem/u_bridge/rd_seq_slot_reg[0]_rep__0_n_0.  Re-placed instance u_mem/u_bridge/rd_seq_slot_reg[0]_rep__0
INFO: [Physopt 32-663] Processed net u_mem/u_bridge/w_data_r[471]_i_3_n_0.  Re-placed instance u_mem/u_bridge/w_data_r[471]_i_3
INFO: [Physopt 32-663] Processed net u_mem/u_bridge/w_bi_reg_n_0_[6].  Re-placed instance u_mem/u_bridge/w_bi_reg[6]
INFO: [Physopt 32-663] Processed net u_mem/u_bridge/w_data_r[343]_i_3_n_0.  Re-placed instance u_mem/u_bridge/w_data_r[343]_i_3
INFO: [Physopt 32-662] Processed net u_mem/u_bridge/p_0_in[7].  Did not re-place instance u_mem/u_bridge/r_beats[7]_i_1
INFO: [Physopt 32-662] Processed net u_mem/u_bridge/r_len[12]_i_6_n_0.  Did not re-place instance u_mem/u_bridge/r_len[12]_i_6
INFO: [Physopt 32-662] Processed net u_mem/u_bridge/r_len[12]_i_92_n_0.  Did not re-place instance u_mem/u_bridge/r_len[12]_i_92
INFO: [Physopt 32-662] Processed net u_mem/u_bridge/r_beats[7].  Did not re-place instance u_mem/u_bridge/r_beats_reg[7]
INFO: [Physopt 32-663] Processed net u_mem2/u_bridge/rd_seq_slot_reg[0]_rep__8_n_0.  Re-placed instance u_mem2/u_bridge/rd_seq_slot_reg[0]_rep__8
INFO: [Physopt 32-662] Processed net u_mem2/u_bridge/r_len[6]_i_104_n_0.  Did not re-place instance u_mem2/u_bridge/r_len[6]_i_104
INFO: [Physopt 32-662] Processed net u_mem2/u_bridge/r_len[6]_i_7_n_0.  Did not re-place instance u_mem2/u_bridge/r_len[6]_i_7
INFO: [Physopt 32-662] Processed net u_mem2/u_bridge/ro_wm[1].  Did not re-place instance u_mem2/u_bridge/stat_wm_reg[1]
INFO: [Physopt 32-662] Processed net u_mem2/u_bridge/w_drain_wait[3]_i_1_n_0.  Did not re-place instance u_mem2/u_bridge/w_drain_wait[3]_i_1
INFO: [Physopt 32-663] Processed net u_ddr4/inst/u_ddr4_mem_intfc/u_ddr_mc/bgr[0].u_ddr_mc_group/cmdBankP[1]_i_1__2_n_0.  Re-placed instance u_ddr4/inst/u_ddr4_mem_intfc/u_ddr_mc/bgr[0].u_ddr_mc_group/cmdBankP[1]_i_1__2
INFO: [Physopt 32-662] Processed net u_ddr4/inst/u_ddr4_mem_intfc/u_ddr_mc/bgr[0].u_ddr_mc_group/FSM_sequential_grSt[2]_i_4__1_n_0.  Did not re-place instance u_ddr4/inst/u_ddr4_mem_intfc/u_ddr_mc/bgr[0].u_ddr_mc_group/FSM_sequential_grSt[2]_i_4__1
INFO: [Physopt 32-662] Processed net u_mem2/u_bridge/w_slotfull_i_6_n_0.  Did not re-place instance u_mem2/u_bridge/w_slotfull_i_6
INFO: [Physopt 32-662] Processed net u_mem2/u_bridge/w_slotfull_i_94_n_0.  Did not re-place instance u_mem2/u_bridge/w_slotfull_i_94
INFO: [Physopt 32-663] Processed net u_ddr4/inst/u_ddr4_mem_intfc/u_ddr_mc/bgr[0].u_ddr_mc_group/cmdGroupP[0].  Re-placed instance u_ddr4/inst/u_ddr4_mem_intfc/u_ddr_mc/bgr[0].u_ddr_mc_group/cmdGroupP_reg[0]
INFO: [Common 17-14] Message 'Physopt 32-663' appears 100 times and further instances of the messages will be disabled. Use the Tcl command set_msg_config to change the current settings.
INFO: [Physopt 32-662] Processed net u_mem2/u_bridge/w_drain_wait_reg_n_0_[3].  Did not re-place instance u_mem2/u_bridge/w_drain_wait_reg[3]
INFO: [Physopt 32-662] Processed net u_mem/u_bridge/w_data_r[408]_i_1_n_0.  Did not re-place instance u_mem/u_bridge/w_data_r[408]_i_1
INFO: [Physopt 32-662] Processed net u_mem/u_bridge/m_axi_wdata[408].  Did not re-place instance u_mem/u_bridge/w_data_r_reg[408]
INFO: [Physopt 32-662] Processed net u_ddr4/inst/u_ddr4_mem_intfc/u_io_addr_sync/addr_dec_to_mb_data[3]_i_2_n_0.  Did not re-place instance u_ddr4/inst/u_ddr4_mem_intfc/u_io_addr_sync/addr_dec_to_mb_data[3]_i_2
INFO: [Physopt 32-662] Processed net u_mem/u_bridge/m_axi_wdata[351].  Did not re-place instance u_mem/u_bridge/w_data_r_reg[351]
INFO: [Physopt 32-662] Processed net u_ddr4/inst/u_ddr_axi/axi_aw_channel_0/axi_mc_cmd_translator_0/axi_mc_incr_cmd_0/b_push.  Did not re-place instance u_ddr4/inst/u_ddr_axi/axi_aw_channel_0/axi_mc_cmd_translator_0/axi_mc_incr_cmd_0/memory_reg[7][3]_srl8_i_1
INFO: [Physopt 32-662] Processed net u_arb/c0_ddr4_s_axi_awlen[5].  Did not re-place instance u_arb/u_ddr4_i_15
INFO: [Physopt 32-662] Processed net u_ddr4/inst/u_ddr_axi/axi_aw_channel_0/axi_mc_cmd_translator_0/axi_mc_incr_cmd_0/axlen_cnt_reg[5]_0.  Did not re-place instance u_ddr4/inst/u_ddr_axi/axi_aw_channel_0/axi_mc_cmd_translator_0/axi_mc_incr_cmd_0/axlen_cnt[5]_i_3
INFO: [Physopt 32-662] Processed net u_ddr4/inst/u_ddr_axi/axi_aw_channel_0/axi_mc_cmd_translator_0/axi_mc_incr_cmd_0/memory_reg[7][3]_srl8_i_3_n_0.  Did not re-place instance u_ddr4/inst/u_ddr_axi/axi_aw_channel_0/axi_mc_cmd_translator_0/axi_mc_incr_cmd_0/memory_reg[7][3]_srl8_i_3
INFO: [Physopt 32-662] Processed net u_ddr4/inst/u_ddr_axi/axi_cmd_arbiter_0/RD_PRI_REG.wr_cmd_hold0.  Did not re-place instance u_ddr4/inst/u_ddr_axi/axi_cmd_arbiter_0/RD_PRI_REG.wr_cmd_hold_i_1
INFO: [Physopt 32-662] Processed net u_ddr4/inst/u_ddr_axi/axi_cmd_arbiter_0/RD_PRI_REG.wr_cmd_hold.  Did not re-place instance u_ddr4/inst/u_ddr_axi/axi_cmd_arbiter_0/RD_PRI_REG.wr_cmd_hold_reg
INFO: [Physopt 32-662] Processed net u_mem/u_wr_bytes/w_data_r[510]_i_17_n_0.  Did not re-place instance u_mem/u_wr_bytes/w_data_r[510]_i_17
INFO: [Physopt 32-662] Processed net u_mem2/u_bridge/r_len[6]_i_105_n_0.  Did not re-place instance u_mem2/u_bridge/r_len[6]_i_105
INFO: [Physopt 32-662] Processed net u_mem2/u_bridge/w_data_r[324]_i_1_n_0.  Did not re-place instance u_mem2/u_bridge/w_data_r[324]_i_1
INFO: [Physopt 32-662] Processed net u_mem2/u_wr_bytes/w_data_r[508]_i_18_n_0.  Did not re-place instance u_mem2/u_wr_bytes/w_data_r[508]_i_18
INFO: [Physopt 32-662] Processed net u_mem2/u_bridge/m_axi_wdata[324].  Did not re-place instance u_mem2/u_bridge/w_data_r_reg[324]
INFO: [Physopt 32-662] Processed net u_mem2/u_wr_bytes/p_0_in37_in.  Did not re-place instance u_mem2/u_wr_bytes/wr_gray_s2_reg[3]
INFO: [Physopt 32-662] Processed net u_mem/u_wr_bytes/w_data_r[506]_i_17_n_0.  Did not re-place instance u_mem/u_wr_bytes/w_data_r[506]_i_17
INFO: [Physopt 32-662] Processed net u_mem2/u_bridge/w_slotfull_i_95_n_0.  Did not re-place instance u_mem2/u_bridge/w_slotfull_i_95
INFO: [Physopt 32-662] Processed net u_mem2/u_bridge/w_drain_wait_reg_n_0_[1].  Did not re-place instance u_mem2/u_bridge/w_drain_wait_reg[1]
INFO: [Physopt 32-662] Processed net u_mem2/u_wr_bytes/ub_dout[0].  Did not re-place instance u_mem2/u_wr_bytes/w_data_r[504]_i_2
INFO: [Physopt 32-662] Processed net u_mem/u_bridge/w_data_r[66]_i_1_n_0.  Did not re-place instance u_mem/u_bridge/w_data_r[66]_i_1
INFO: [Physopt 32-662] Processed net u_mem2/u_bridge/w_data_r[384]_i_1_n_0.  Did not re-place instance u_mem2/u_bridge/w_data_r[384]_i_1
INFO: [Physopt 32-662] Processed net u_mem2/u_wr_bytes/w_data_r[504]_i_21_n_0.  Did not re-place instance u_mem2/u_wr_bytes/w_data_r[504]_i_21
INFO: [Physopt 32-662] Processed net u_mem/u_bridge/m_axi_wdata[66].  Did not re-place instance u_mem/u_bridge/w_data_r_reg[66]
INFO: [Physopt 32-662] Processed net u_mem2/u_bridge/m_axi_wdata[384].  Did not re-place instance u_mem2/u_bridge/w_data_r_reg[384]
INFO: [Physopt 32-662] Processed net u_ddr4/inst/u_ddr_axi/axi_ar_channel_0/ar_cmd_fsm_0/E[0].  Did not re-place instance u_ddr4/inst/u_ddr_axi/axi_ar_channel_0/ar_cmd_fsm_0/axlen_cnt[7]_i_1__0
INFO: [Physopt 32-662] Processed net u_ddr4/inst/u_ddr_axi/axi_cmd_arbiter_0/RD_PRI_REG.rd_cmd_hold_reg_0.  Did not re-place instance u_ddr4/inst/u_ddr_axi/axi_cmd_arbiter_0/memory_reg[7][3]_srl8_i_7
INFO: [Physopt 32-662] Processed net u_ddr4/inst/u_ddr_axi/axi_ar_channel_0/ar_cmd_fsm_0/arvalid_int.  Did not re-place instance u_ddr4/inst/u_ddr_axi/axi_ar_channel_0/ar_cmd_fsm_0/axvalid_i_1__0
INFO: [Physopt 32-662] Processed net u_mem/u_bridge/m_axi_arvalid.  Did not re-place instance u_mem/u_bridge/m_axi_arvalid_reg
INFO: [Physopt 32-662] Processed net u_mem/u_bridge/r_len[12]_i_93_n_0.  Did not re-place instance u_mem/u_bridge/r_len[12]_i_93
INFO: [Physopt 32-662] Processed net u_mem2/u_wr_bytes/w_data_r[511]_i_36_n_0.  Did not re-place instance u_mem2/u_wr_bytes/w_data_r[511]_i_36
INFO: [Physopt 32-662] Processed net u_ddr4/inst/u_ddr_axi/axi_ar_channel_0/axi_mc_cmd_translator_0/axi_mc_incr_cmd_0/axaddr_incr_reg[31]_0[17].  Did not re-place instance u_ddr4/inst/u_ddr_axi/axi_ar_channel_0/axi_mc_cmd_translator_0/axi_mc_incr_cmd_0/axaddr_incr_reg[23]
INFO: [Physopt 32-662] Processed net u_ddr4/inst/u_ddr_axi/axi_ar_channel_0/axi_mc_cmd_translator_0/axi_mc_incr_cmd_0/axaddr_incr_reg[31]_0[25].  Did not re-place instance u_ddr4/inst/u_ddr_axi/axi_ar_channel_0/axi_mc_cmd_translator_0/axi_mc_incr_cmd_0/axaddr_incr_reg[31]
INFO: [Physopt 32-662] Processed net u_mem/u_bridge/w_data_r[131]_i_1_n_0.  Did not re-place instance u_mem/u_bridge/w_data_r[131]_i_1
INFO: [Physopt 32-662] Processed net u_mem2/u_bridge/r_len[6]_i_70_n_0.  Did not re-place instance u_mem2/u_bridge/r_len[6]_i_70
INFO: [Physopt 32-662] Processed net u_mem2/u_bridge/w_data_r[271]_i_2_n_0.  Did not re-place instance u_mem2/u_bridge/w_data_r[271]_i_2
INFO: [Physopt 32-662] Processed net u_mem/u_bridge/m_axi_wdata[131].  Did not re-place instance u_mem/u_bridge/w_data_r_reg[131]
INFO: [Physopt 32-662] Processed net u_mem2/u_bridge/w_drain_wait_reg_n_0_[0].  Did not re-place instance u_mem2/u_bridge/w_drain_wait_reg[0]
INFO: [Physopt 32-662] Processed net u_mem2/u_bridge/w_drain_wait_reg_n_0_[2].  Did not re-place instance u_mem2/u_bridge/w_drain_wait_reg[2]
INFO: [Physopt 32-662] Processed net u_mem/u_bridge/w_data_r[352]_i_1_n_0.  Did not re-place instance u_mem/u_bridge/w_data_r[352]_i_1
INFO: [Physopt 32-662] Processed net u_mem/u_bridge/m_axi_wdata[352].  Did not re-place instance u_mem/u_bridge/w_data_r_reg[352]
INFO: [Physopt 32-662] Processed net u_mem2/u_bridge/w_slotfull_i_4_n_0.  Did not re-place instance u_mem2/u_bridge/w_slotfull_i_4
INFO: [Physopt 32-662] Processed net u_mem2/u_bridge/w_slotfull_i_64_n_0.  Did not re-place instance u_mem2/u_bridge/w_slotfull_i_64
INFO: [Physopt 32-662] Processed net u_mem/u_wr_bytes/ub_dout[4].  Did not re-place instance u_mem/u_wr_bytes/w_data_r[508]_i_2
INFO: [Physopt 32-662] Processed net u_mem/u_bridge/w_data_r[316]_i_1_n_0.  Did not re-place instance u_mem/u_bridge/w_data_r[316]_i_1
INFO: [Physopt 32-662] Processed net u_mem/u_wr_bytes/w_data_r[508]_i_18_n_0.  Did not re-place instance u_mem/u_wr_bytes/w_data_r[508]_i_18
INFO: [Physopt 32-662] Processed net u_mem/u_bridge/m_axi_wdata[316].  Did not re-place instance u_mem/u_bridge/w_data_r_reg[316]
INFO: [Physopt 32-662] Processed net u_mem/u_bridge/r_beats[7]_i_2_n_0.  Did not re-place instance u_mem/u_bridge/r_beats[7]_i_2
INFO: [Physopt 32-662] Processed net u_ddr4/inst/u_ddr_axi/axi_aw_channel_0/axi_mc_cmd_translator_0/axi_mc_incr_cmd_0/axvalid_reg.  Did not re-place instance u_ddr4/inst/u_ddr_axi/axi_aw_channel_0/axi_mc_cmd_translator_0/axi_mc_incr_cmd_0/axready_i_1
INFO: [Physopt 32-662] Processed net u_mem/u_bridge/p_0_in[5].  Did not re-place instance u_mem/u_bridge/r_beats[5]_i_1
INFO: [Physopt 32-662] Processed net u_mem/u_bridge/r_len[10]_i_112_n_0.  Did not re-place instance u_mem/u_bridge/r_len[10]_i_112
INFO: [Physopt 32-662] Processed net u_mem/u_bridge/r_len[10]_i_7_n_0.  Did not re-place instance u_mem/u_bridge/r_len[10]_i_7
INFO: [Physopt 32-662] Processed net u_ddr4/inst/u_ddr_axi/axi_aw_channel_0/aw_cmd_fsm_0/axready_reg_0.  Did not re-place instance u_ddr4/inst/u_ddr_axi/axi_aw_channel_0/aw_cmd_fsm_0/axready_reg
INFO: [Physopt 32-662] Processed net u_mem/u_wr_bytes/ub_dout[7].  Did not re-place instance u_mem/u_wr_bytes/w_data_r[511]_i_6
INFO: [Physopt 32-662] Processed net u_mem/u_bridge/w_data_r[239]_i_2_n_0.  Did not re-place instance u_mem/u_bridge/w_data_r[239]_i_2
INFO: [Physopt 32-662] Processed net u_mem/u_bridge/w_data_r[314]_i_1_n_0.  Did not re-place instance u_mem/u_bridge/w_data_r[314]_i_1
INFO: [Physopt 32-662] Processed net u_mem/u_wr_bytes/w_data_r[511]_i_22_n_0.  Did not re-place instance u_mem/u_wr_bytes/w_data_r[511]_i_22
INFO: [Physopt 32-662] Processed net u_mem/u_wr_bytes/w_data_r[511]_i_27_n_0.  Did not re-place instance u_mem/u_wr_bytes/w_data_r[511]_i_27
INFO: [Physopt 32-662] Processed net u_mem/u_bridge/m_axi_wdata[239].  Did not re-place instance u_mem/u_bridge/w_data_r_reg[239]
INFO: [Physopt 32-662] Processed net u_mem/u_bridge/m_axi_wdata[314].  Did not re-place instance u_mem/u_bridge/w_data_r_reg[314]
INFO: [Physopt 32-661] Optimized 39 nets.  Re-placed 39 instances.
INFO: [Physopt 32-775] End 1 Pass. Optimized 39 nets or cells. Created 0 new cell, deleted 0 existing cell and moved 39 existing cells
INFO: [Physopt 32-619] Estimated Timing Summary | WNS=-0.177 | TNS=-0.901 |
Netlist sorting complete. Time (s): cpu = 00:00:00 ; elapsed = 00:00:00.018 . Memory (MB): peak = 7306.578 ; gain = 0.223
Phase 9 Single Cell Placement Optimization | Checksum: 1a70e80fc

Time (s): cpu = 00:01:52 ; elapsed = 00:01:10 . Memory (MB): peak = 7306.578 ; gain = 1575.203

Phase 10 Multi Cell Placement Optimization
INFO: [Physopt 32-660] Identified 100 candidate nets for placement-based optimization.
INFO: [Physopt 32-662] Processed net u_mem2/u_wr_bytes/gray2bin_return[7].  Did not re-place instance u_mem2/u_wr_bytes/rd_level_carry_i_1/O
INFO: [Physopt 32-662] Processed net u_mem2/u_bridge/wst.  Did not re-place instance u_mem2/u_bridge/FSM_onehot_wst[6]_i_1/O
INFO: [Physopt 32-662] Processed net u_mem2/u_wr_bytes/gray2bin_return[2].  Did not re-place instance u_mem2/u_wr_bytes/rd_level_carry_i_6/O
INFO: [Physopt 32-662] Processed net u_mem2/u_wr_bytes/p_0_in49_in.  Did not re-place instance u_mem2/u_wr_bytes/wr_gray_s2_reg[7]/Q
INFO: [Physopt 32-662] Processed net u_mem2/u_bridge/FSM_onehot_wst[6]_i_3_n_0.  Did not re-place instance u_mem2/u_bridge/FSM_onehot_wst[6]_i_3/O
INFO: [Physopt 32-662] Processed net u_mem2/u_wr_bytes/p_1_in62_in.  Did not re-place instance u_mem2/u_wr_bytes/wr_gray_s2_reg[12]/Q
INFO: [Physopt 32-662] Processed net u_mem2/u_wr_bytes/wr_gray_s2_reg_n_0_[11]_repN.  Did not re-place instance u_mem2/u_wr_bytes/wr_gray_s2_reg[11]_replica/Q
INFO: [Physopt 32-662] Processed net u_mem2/u_wr_bytes/p_0_in55_in.  Did not re-place instance u_mem2/u_wr_bytes/wr_gray_s2_reg[9]/Q
INFO: [Physopt 32-662] Processed net u_mem2/u_wr_bytes/p_0_in58_in_repN.  Did not re-place instance u_mem2/u_wr_bytes/wr_gray_s2_reg[10]_replica/Q
INFO: [Physopt 32-662] Processed net u_mem2/u_wr_bytes/p_0_in52_in.  Did not re-place instance u_mem2/u_wr_bytes/wr_gray_s2_reg[8]/Q
INFO: [Physopt 32-662] Processed net u_mem2/u_wr_bytes/p_0_in34_in.  Did not re-place instance u_mem2/u_wr_bytes/wr_gray_s2_reg[2]/Q
INFO: [Physopt 32-661] Optimized 0 net.  Re-placed 0 instance.
INFO: [Physopt 32-775] End 1 Pass. Optimized 0 net or cell. Created 0 new cell, deleted 0 existing cell and moved 0 existing cell
Netlist sorting complete. Time (s): cpu = 00:00:00 ; elapsed = 00:00:00.018 . Memory (MB): peak = 7486.926 ; gain = 0.449
Phase 10 Multi Cell Placement Optimization | Checksum: 1a70e80fc

Time (s): cpu = 00:02:01 ; elapsed = 00:01:15 . Memory (MB): peak = 7486.926 ; gain = 1755.551

Phase 11 Rewire
INFO: [Physopt 32-246] Starting Signal Push optimization...
INFO: [Physopt 32-241] No nets found for rewiring () optimization.
INFO: [Physopt 32-232] Optimized 0 net. Created 0 new instance.
INFO: [Physopt 32-775] End 1 Pass. Optimized 0 net or cell. Created 0 new cell, deleted 0 existing cell and moved 0 existing cell
Netlist sorting complete. Time (s): cpu = 00:00:00 ; elapsed = 00:00:00.018 . Memory (MB): peak = 7486.926 ; gain = 0.000
Phase 11 Rewire | Checksum: 1a70e80fc

Time (s): cpu = 00:02:01 ; elapsed = 00:01:15 . Memory (MB): peak = 7486.926 ; gain = 1755.551

Phase 12 Critical Cell Optimization
INFO: [Physopt 32-46] Identified 30 candidate nets for critical-cell optimization.
INFO: [Physopt 32-571] Net u_mem2/u_wr_bytes/gray2bin_return[7] was not replicated.
INFO: [Physopt 32-572] Net u_mem2/u_wr_bytes/gray2bin_return[2] was not replicated.
Resolution: phys_opt_design can be forced to replicate a net driver using the option -force_replication_on_nets <list of net objects>.
INFO: [Physopt 32-572] Net u_mem2/u_wr_bytes/p_0_in49_in was not replicated.
Resolution: phys_opt_design can be forced to replicate a net driver using the option -force_replication_on_nets <list of net objects>.
INFO: [Physopt 32-572] Net u_mem2/u_wr_bytes/p_1_in62_in was not replicated.
Resolution: phys_opt_design can be forced to replicate a net driver using the option -force_replication_on_nets <list of net objects>.
INFO: [Physopt 32-572] Net u_mem2/u_wr_bytes/p_0_in52_in was not replicated.
Resolution: phys_opt_design can be forced to replicate a net driver using the option -force_replication_on_nets <list of net objects>.
INFO: [Physopt 32-572] Net u_mem2/u_wr_bytes/p_0_in34_in was not replicated.
Resolution: phys_opt_design can be forced to replicate a net driver using the option -force_replication_on_nets <list of net objects>.
INFO: [Physopt 32-571] Net u_mem2/u_wr_bytes/p_0_in46_in was not replicated.
INFO: [Physopt 32-571] Net u_mem2/u_wr_bytes/p_0_in43_in was not replicated.
INFO: [Physopt 32-571] Net u_mem2/u_bridge/rd_seq_slot_reg[1]_rep__7_n_0_repN_1 was not replicated.
INFO: [Physopt 32-571] Net u_mem/u_bridge/w_data_r[87]_i_1_n_0 was not replicated.
INFO: [Physopt 32-571] Net u_mem/u_wr_desc/ud_empty was not replicated.
INFO: [Physopt 32-571] Net u_mem/u_wr_desc/rd_gray[2]_i_3_n_0 was not replicated.
INFO: [Physopt 32-571] Net u_mem/u_wr_desc/rd_gray_reg_n_0_[0] was not replicated.
INFO: [Physopt 32-571] Net u_mem2/u_bridge/w_drain_wait[3]_i_1_n_0 was not replicated.
INFO: [Physopt 32-571] Net u_mem2/u_wr_bytes/p_0_in37_in was not replicated.
INFO: [Physopt 32-571] Net u_mem2/u_bridge/r_beats[4]_i_2_n_0 was not replicated.
INFO: [Physopt 32-571] Net u_mem2/u_bridge/full_bit_reg_n_0_[244] was not replicated.
INFO: [Physopt 32-571] Net u_mem2/u_bridge/full_bit_reg_n_0_[248] was not replicated.
INFO: [Physopt 32-571] Net u_mem2/u_bridge/full_bit_reg_n_0_[251] was not replicated.
INFO: [Physopt 32-571] Net u_arb/pick was not replicated.
INFO: [Physopt 32-571] Net u_mem2/u_bridge/m_axi_awvalid was not replicated.
INFO: [Physopt 32-571] Net u_arb/c0_ddr4_s_axi_awaddr[2] was not replicated.
INFO: [Physopt 32-571] Net u_mem2/u_bridge/full_bit_reg_n_0_[188] was not replicated.
INFO: [Physopt 32-571] Net u_mem/u_bridge/wst was not replicated.
INFO: [Physopt 32-571] Net u_mem/u_wr_bytes/gray2bin_return[2] was not replicated.
INFO: [Physopt 32-571] Net u_mem2/u_bridge/w_len_reg[12]_0[5] was not replicated.
INFO: [Physopt 32-571] Net u_mem/u_wr_bytes/gray2bin_return[7] was not replicated.
INFO: [Physopt 32-571] Net u_mem/u_wr_bytes/wr_gray_s2_reg_n_0_[11] was not replicated.
INFO: [Physopt 32-571] Net u_mem2/u_bridge/full_bit_reg_n_0_[243] was not replicated.
INFO: [Physopt 32-232] Optimized 0 net. Created 0 new instance.
INFO: [Physopt 32-775] End 1 Pass. Optimized 0 net or cell. Created 0 new cell, deleted 0 existing cell and moved 0 existing cell
Netlist sorting complete. Time (s): cpu = 00:00:00 ; elapsed = 00:00:00.020 . Memory (MB): peak = 7501.125 ; gain = 0.223
Phase 12 Critical Cell Optimization | Checksum: 1a70e80fc

Time (s): cpu = 00:02:03 ; elapsed = 00:01:16 . Memory (MB): peak = 7501.125 ; gain = 1769.750

Phase 13 SLR Crossing Optimization
Phase 13 SLR Crossing Optimization | Checksum: 1a70e80fc

Time (s): cpu = 00:02:03 ; elapsed = 00:01:17 . Memory (MB): peak = 7501.125 ; gain = 1769.750

Phase 14 Fanout Optimization
INFO: [Physopt 32-76] Pass 1. Identified 3 candidate nets for fanout optimization.
INFO: [Physopt 32-81] Processed net u_mem2/u_wr_bytes/rd_bin_reg[3]_rep__0_n_0_repN_1. Replicated 2 times.
INFO: [Physopt 32-81] Processed net u_mem/u_wr_bytes/ub_empty. Replicated 2 times.
INFO: [Physopt 32-572] Net u_mem2/u_wr_bytes/rd_bin_reg[2]_rep__3_n_0 was not replicated.
Resolution: phys_opt_design can be forced to replicate a net driver using the option -force_replication_on_nets <list of net objects>.
INFO: [Physopt 32-232] Optimized 2 nets. Created 4 new instances.
INFO: [Physopt 32-775] End 1 Pass. Optimized 2 nets or cells. Created 4 new cells, deleted 0 existing cell and moved 0 existing cell
INFO: [Physopt 32-619] Estimated Timing Summary | WNS=-0.177 | TNS=-0.901 |
Netlist sorting complete. Time (s): cpu = 00:00:00 ; elapsed = 00:00:00.050 . Memory (MB): peak = 7593.305 ; gain = 0.254
Phase 14 Fanout Optimization | Checksum: 94aea94a

Time (s): cpu = 00:02:07 ; elapsed = 00:01:19 . Memory (MB): peak = 7593.305 ; gain = 1861.930

Phase 15 Single Cell Placement Optimization
INFO: [Physopt 32-660] Identified 250 candidate nets for placement-based optimization.
INFO: [Physopt 32-662] Processed net u_mem2/u_wr_bytes/gray2bin_return[7].  Did not re-place instance u_mem2/u_wr_bytes/rd_level_carry_i_1
INFO: [Physopt 32-662] Processed net u_mem2/u_bridge/wst.  Did not re-place instance u_mem2/u_bridge/FSM_onehot_wst[6]_i_1
INFO: [Physopt 32-662] Processed net u_mem2/u_wr_bytes/gray2bin_return[2].  Did not re-place instance u_mem2/u_wr_bytes/rd_level_carry_i_6
INFO: [Physopt 32-662] Processed net u_mem2/u_wr_bytes/p_0_in49_in.  Did not re-place instance u_mem2/u_wr_bytes/wr_gray_s2_reg[7]
INFO: [Physopt 32-662] Processed net u_mem2/u_bridge/DI[5].  Did not re-place instance u_mem2/u_bridge/FSM_onehot_wst[6]_i_13
INFO: [Physopt 32-662] Processed net u_mem2/u_bridge/FSM_onehot_wst[6]_i_3_n_0.  Did not re-place instance u_mem2/u_bridge/FSM_onehot_wst[6]_i_3
INFO: [Physopt 32-662] Processed net u_mem2/u_wr_bytes/gray2bin_return[1].  Did not re-place instance u_mem2/u_wr_bytes/rd_level_carry_i_7
INFO: [Physopt 32-662] Processed net u_mem2/u_bridge/FSM_onehot_wst_reg_n_0_[2].  Did not re-place instance u_mem2/u_bridge/FSM_onehot_wst_reg[2]
INFO: [Physopt 32-662] Processed net u_mem2/u_wr_bytes/gray2bin_return[0].  Did not re-place instance u_mem2/u_wr_bytes/rd_level_carry_i_8
INFO: [Physopt 32-662] Processed net u_mem2/u_bridge/FSM_onehot_wst_reg_n_0_[1].  Did not re-place instance u_mem2/u_bridge/FSM_onehot_wst_reg[1]
INFO: [Physopt 32-662] Processed net u_mem2/u_wr_bytes/FSM_onehot_wst[6]_i_21_n_0.  Did not re-place instance u_mem2/u_wr_bytes/FSM_onehot_wst[6]_i_21
INFO: [Physopt 32-662] Processed net u_mem2/u_wr_bytes/rd_level_carry_i_16_n_0.  Did not re-place instance u_mem2/u_wr_bytes/rd_level_carry_i_16
INFO: [Physopt 32-662] Processed net u_mem2/u_wr_bytes/rd_level_carry_i_15_n_0.  Did not re-place instance u_mem2/u_wr_bytes/rd_level_carry_i_15
INFO: [Physopt 32-662] Processed net u_mem2/u_wr_bytes/FSM_onehot_wst[6]_i_20_n_0.  Did not re-place instance u_mem2/u_wr_bytes/FSM_onehot_wst[6]_i_20
INFO: [Physopt 32-662] Processed net u_mem2/u_bridge/DI[4].  Did not re-place instance u_mem2/u_bridge/FSM_onehot_wst[6]_i_14
INFO: [Physopt 32-662] Processed net u_mem2/u_bridge/FSM_onehot_wst_reg_n_0_[6].  Did not re-place instance u_mem2/u_bridge/FSM_onehot_wst_reg[6]
INFO: [Physopt 32-662] Processed net u_mem2/u_wr_bytes/p_1_in62_in.  Did not re-place instance u_mem2/u_wr_bytes/wr_gray_s2_reg[12]
INFO: [Physopt 32-662] Processed net u_mem2/u_bridge/Q[0].  Did not re-place instance u_mem2/u_bridge/FSM_onehot_wst_reg[0]
INFO: [Physopt 32-662] Processed net u_mem2/u_bridge/FSM_onehot_wst_reg_n_0_[4].  Did not re-place instance u_mem2/u_bridge/FSM_onehot_wst_reg[4]
INFO: [Physopt 32-662] Processed net u_mem2/u_bridge/FSM_onehot_wst_reg_n_0_[5].  Did not re-place instance u_mem2/u_bridge/FSM_onehot_wst_reg[5]
INFO: [Physopt 32-662] Processed net u_mem2/u_bridge/FSM_onehot_wst_reg_n_0_[3].  Did not re-place instance u_mem2/u_bridge/FSM_onehot_wst_reg[3]
INFO: [Physopt 32-662] Processed net u_mem2/u_wr_bytes/gray2bin_return[3].  Did not re-place instance u_mem2/u_wr_bytes/rd_level_carry_i_5
INFO: [Physopt 32-662] Processed net u_mem2/u_wr_bytes/wr_gray_s2_reg_n_0_[11]_repN.  Did not re-place instance u_mem2/u_wr_bytes/wr_gray_s2_reg[11]_replica
INFO: [Physopt 32-662] Processed net u_mem2/u_wr_bytes/FSM_onehot_wst[6]_i_12_n_0.  Did not re-place instance u_mem2/u_wr_bytes/FSM_onehot_wst[6]_i_12
INFO: [Physopt 32-662] Processed net u_mem2/u_wr_bytes/p_0_in55_in.  Did not re-place instance u_mem2/u_wr_bytes/wr_gray_s2_reg[9]
INFO: [Physopt 32-662] Processed net u_mem2/u_wr_bytes/rd_level_carry_i_14_n_0.  Did not re-place instance u_mem2/u_wr_bytes/rd_level_carry_i_14
INFO: [Physopt 32-662] Processed net u_mem2/u_wr_bytes/p_0_in58_in_repN.  Did not re-place instance u_mem2/u_wr_bytes/wr_gray_s2_reg[10]_replica
INFO: [Physopt 32-662] Processed net u_mem2/u_bridge/S[0].  Did not re-place instance u_mem2/u_bridge/FSM_onehot_wst[6]_i_19
INFO: [Physopt 32-662] Processed net u_mem2/u_wr_bytes/p_0_in52_in.  Did not re-place instance u_mem2/u_wr_bytes/wr_gray_s2_reg[8]
INFO: [Physopt 32-662] Processed net u_mem2/u_wr_bytes/p_0_in34_in.  Did not re-place instance u_mem2/u_wr_bytes/wr_gray_s2_reg[2]
INFO: [Physopt 32-662] Processed net u_mem2/u_wr_bytes/p_0_in46_in.  Did not re-place instance u_mem2/u_wr_bytes/wr_gray_s2_reg[6]
INFO: [Physopt 32-662] Processed net u_ddr4/inst/u_ddr4_mem_intfc/u_io_addr_sync/SYNC[2].sync_reg[1].  Did not re-place instance u_ddr4/inst/u_ddr4_mem_intfc/u_io_addr_sync/SYNC[2].sync_reg_reg[1]
INFO: [Physopt 32-662] Processed net u_ddr4/inst/u_ddr4_mem_intfc/u_ddr_cal_top/u_ddr_cal/u_ddr_cal_addr_decode/lowCL0[45]_i_3_n_0.  Did not re-place instance u_ddr4/inst/u_ddr4_mem_intfc/u_ddr_cal_top/u_ddr_cal/u_ddr_cal_addr_decode/lowCL0[45]_i_3
INFO: [Physopt 32-662] Processed net u_ddr4/inst/u_ddr4_mem_intfc/u_io_addr_sync/addr_dec_to_mb_data[3]_i_10_n_0.  Did not re-place instance u_ddr4/inst/u_ddr4_mem_intfc/u_io_addr_sync/addr_dec_to_mb_data[3]_i_10
INFO: [Physopt 32-662] Processed net u_ddr4/inst/u_ddr4_mem_intfc/u_io_addr_sync/addr_dec_to_mb_data[3]_i_3_n_0.  Did not re-place instance u_ddr4/inst/u_ddr4_mem_intfc/u_io_addr_sync/addr_dec_to_mb_data[3]_i_3
INFO: [Physopt 32-662] Processed net u_ddr4/inst/u_ddr4_mem_intfc/u_ddr_cal_top/u_ddr_cal/u_ddr_cal_addr_decode/addr_dec_to_mb_data_reg_n_0_[3].  Did not re-place instance u_ddr4/inst/u_ddr4_mem_intfc/u_ddr_cal_top/u_ddr_cal/u_ddr_cal_addr_decode/addr_dec_to_mb_data_reg[3]
INFO: [Physopt 32-662] Processed net u_mem/u_wr_bytes/rd_bin_reg[0]_rep__0_n_0.  Did not re-place instance u_mem/u_wr_bytes/rd_bin_reg[0]_rep__0
INFO: [Physopt 32-662] Processed net u_mem/u_wr_bytes/ub_dout[2].  Did not re-place instance u_mem/u_wr_bytes/w_data_r[506]_i_2
INFO: [Physopt 32-662] Processed net u_mem/u_bridge/w_data_r[402]_i_1_n_0.  Did not re-place instance u_mem/u_bridge/w_data_r[402]_i_1
INFO: [Physopt 32-662] Processed net u_mem/u_wr_bytes/w_data_r[506]_i_18_n_0.  Did not re-place instance u_mem/u_wr_bytes/w_data_r[506]_i_18
INFO: [Physopt 32-662] Processed net u_mem/u_bridge/m_axi_wdata[402].  Did not re-place instance u_mem/u_bridge/w_data_r_reg[402]
INFO: [Physopt 32-662] Processed net u_mem/u_wr_bytes/ub_dout[5].  Did not re-place instance u_mem/u_wr_bytes/w_data_r[509]_i_2
INFO: [Physopt 32-662] Processed net u_mem/u_bridge/w_data_r[85]_i_1_n_0.  Did not re-place instance u_mem/u_bridge/w_data_r[85]_i_1
INFO: [Physopt 32-662] Processed net u_mem/u_wr_bytes/w_data_r[509]_i_18_n_0.  Did not re-place instance u_mem/u_wr_bytes/w_data_r[509]_i_18
INFO: [Physopt 32-662] Processed net u_mem/u_bridge/m_axi_wdata[85].  Did not re-place instance u_mem/u_bridge/w_data_r_reg[85]
INFO: [Physopt 32-662] Processed net u_ddr4/inst/u_ddr4_mem_intfc/u_ddr_cal_top/u_ddr_cal/u_ddr_cal_addr_decode/lowCL0[45]_i_4_n_0.  Did not re-place instance u_ddr4/inst/u_ddr4_mem_intfc/u_ddr_cal_top/u_ddr_cal/u_ddr_cal_addr_decode/lowCL0[45]_i_4
INFO: [Physopt 32-662] Processed net u_mem2/u_wr_bytes/rd_level_carry_i_11_n_0.  Did not re-place instance u_mem2/u_wr_bytes/rd_level_carry_i_11
INFO: [Physopt 32-662] Processed net u_mem2/u_wr_bytes/p_0_in43_in.  Did not re-place instance u_mem2/u_wr_bytes/wr_gray_s2_reg[5]
INFO: [Physopt 32-662] Processed net u_mem/u_bridge/w_data_r[397]_i_1_n_0.  Did not re-place instance u_mem/u_bridge/w_data_r[397]_i_1
INFO: [Physopt 32-662] Processed net u_mem/u_bridge/m_axi_wdata[397].  Did not re-place instance u_mem/u_bridge/w_data_r_reg[397]
INFO: [Physopt 32-662] Processed net u_mem2/u_wr_bytes/rd_level_carry_i_12_n_0.  Did not re-place instance u_mem2/u_wr_bytes/rd_level_carry_i_12
INFO: [Physopt 32-662] Processed net u_mem/u_wr_bytes/rd_bin_reg[0]_rep__2_n_0_repN.  Did not re-place instance u_mem/u_wr_bytes/rd_bin_reg[0]_rep__2_replica
INFO: [Physopt 32-662] Processed net u_mem/u_wr_bytes/ub_dout[3].  Did not re-place instance u_mem/u_wr_bytes/w_data_r[507]_i_2
INFO: [Physopt 32-662] Processed net u_mem/u_bridge/w_data_r[339]_i_1_n_0.  Did not re-place instance u_mem/u_bridge/w_data_r[339]_i_1
INFO: [Physopt 32-662] Processed net u_mem/u_wr_bytes/w_data_r[507]_i_23_n_0.  Did not re-place instance u_mem/u_wr_bytes/w_data_r[507]_i_23
INFO: [Physopt 32-662] Processed net u_mem/u_bridge/m_axi_wdata[339].  Did not re-place instance u_mem/u_bridge/w_data_r_reg[339]
INFO: [Physopt 32-662] Processed net u_mem/u_wr_bytes/rd_bin_reg[1]_rep__1_n_0.  Did not re-place instance u_mem/u_wr_bytes/rd_bin_reg[1]_rep__1
INFO: [Physopt 32-662] Processed net u_mem/u_wr_bytes/w_data_r[507]_i_22_n_0.  Did not re-place instance u_mem/u_wr_bytes/w_data_r[507]_i_22
INFO: [Physopt 32-662] Processed net u_mem/u_wr_bytes/rd_bin_reg[1]_rep__2_n_0.  Did not re-place instance u_mem/u_wr_bytes/rd_bin_reg[1]_rep__2
INFO: [Physopt 32-662] Processed net u_mem/u_wr_bytes/ub_dout[0].  Did not re-place instance u_mem/u_wr_bytes/w_data_r[504]_i_2
INFO: [Physopt 32-662] Processed net u_mem/u_bridge/w_data_r[384]_i_1_n_0.  Did not re-place instance u_mem/u_bridge/w_data_r[384]_i_1
INFO: [Physopt 32-662] Processed net u_mem/u_wr_bytes/w_data_r[504]_i_24_n_0.  Did not re-place instance u_mem/u_wr_bytes/w_data_r[504]_i_24
INFO: [Physopt 32-662] Processed net u_mem/u_bridge/m_axi_wdata[384].  Did not re-place instance u_mem/u_bridge/w_data_r_reg[384]
INFO: [Physopt 32-662] Processed net u_mem/u_bridge/w_data_r[74]_i_1_n_0.  Did not re-place instance u_mem/u_bridge/w_data_r[74]_i_1
INFO: [Physopt 32-662] Processed net u_mem/u_bridge/m_axi_wdata[74].  Did not re-place instance u_mem/u_bridge/w_data_r_reg[74]
INFO: [Physopt 32-662] Processed net u_mem2/u_bridge/DI[2].  Did not re-place instance u_mem2/u_bridge/FSM_onehot_wst[6]_i_16
INFO: [Physopt 32-662] Processed net u_mem/u_wr_bytes/rd_bin_reg[1]_rep__0_n_0.  Did not re-place instance u_mem/u_wr_bytes/rd_bin_reg[1]_rep__0
INFO: [Physopt 32-662] Processed net u_mem2/u_wr_bytes/rd_bin_reg[0]_rep_n_0.  Did not re-place instance u_mem2/u_wr_bytes/rd_bin_reg[0]_rep
INFO: [Physopt 32-662] Processed net u_mem2/u_wr_bytes/ub_dout[7].  Did not re-place instance u_mem2/u_wr_bytes/w_data_r[511]_i_6
INFO: [Physopt 32-662] Processed net u_mem2/u_bridge/w_data_r[471]_i_2_n_0.  Did not re-place instance u_mem2/u_bridge/w_data_r[471]_i_2
INFO: [Physopt 32-662] Processed net u_mem2/u_bridge/w_data_r[487]_i_2_n_0.  Did not re-place instance u_mem2/u_bridge/w_data_r[487]_i_2
INFO: [Physopt 32-662] Processed net u_mem2/u_wr_bytes/w_data_r[511]_i_34_n_0.  Did not re-place instance u_mem2/u_wr_bytes/w_data_r[511]_i_34
INFO: [Physopt 32-662] Processed net u_mem2/u_bridge/m_axi_wdata[471].  Did not re-place instance u_mem2/u_bridge/w_data_r_reg[471]
INFO: [Physopt 32-662] Processed net u_mem2/u_bridge/m_axi_wdata[487].  Did not re-place instance u_mem2/u_bridge/w_data_r_reg[487]
INFO: [Physopt 32-662] Processed net u_mem/u_wr_bytes/rd_bin_reg[0]_rep__1_n_0.  Did not re-place instance u_mem/u_wr_bytes/rd_bin_reg[0]_rep__1
INFO: [Physopt 32-662] Processed net u_mem2/u_wr_bytes/rd_bin_reg[2]_rep__0_n_0.  Did not re-place instance u_mem2/u_wr_bytes/rd_bin_reg[2]_rep__0
INFO: [Physopt 32-662] Processed net u_mem2/u_wr_bytes/ub_dout[3].  Did not re-place instance u_mem2/u_wr_bytes/w_data_r[507]_i_2
INFO: [Physopt 32-662] Processed net u_mem2/u_bridge/w_data_r[323]_i_1_n_0.  Did not re-place instance u_mem2/u_bridge/w_data_r[323]_i_1
INFO: [Physopt 32-662] Processed net u_mem2/u_wr_bytes/w_data_r[507]_i_17_n_0.  Did not re-place instance u_mem2/u_wr_bytes/w_data_r[507]_i_17
INFO: [Physopt 32-662] Processed net u_mem2/u_bridge/m_axi_wdata[323].  Did not re-place instance u_mem2/u_bridge/w_data_r_reg[323]
INFO: [Physopt 32-662] Processed net u_mem2/u_bridge/rd_seq_slot_reg[1]_rep__7_n_0_repN_1.  Did not re-place instance u_mem2/u_bridge/rd_seq_slot_reg[1]_rep__7_replica_1
INFO: [Physopt 32-662] Processed net u_mem2/u_bridge/r_beats[7]_i_2_n_0.  Did not re-place instance u_mem2/u_bridge/r_beats[7]_i_2
INFO: [Physopt 32-662] Processed net u_mem2/u_bridge/p_0_in[7].  Did not re-place instance u_mem2/u_bridge/r_beats[7]_i_1
INFO: [Physopt 32-662] Processed net u_mem2/u_bridge/r_len[6]_i_4_n_0.  Did not re-place instance u_mem2/u_bridge/r_len[6]_i_4
INFO: [Physopt 32-662] Processed net u_mem2/u_bridge/r_len[6]_i_68_n_0.  Did not re-place instance u_mem2/u_bridge/r_len[6]_i_68
INFO: [Physopt 32-662] Processed net u_mem2/u_bridge/r_beats[7].  Did not re-place instance u_mem2/u_bridge/r_beats_reg[7]
INFO: [Physopt 32-662] Processed net u_mem2/u_bridge/rd_seq_slot_reg[2]_rep__3_n_0.  Did not re-place instance u_mem2/u_bridge/rd_seq_slot_reg[2]_rep__3
INFO: [Physopt 32-662] Processed net u_mem2/u_bridge/r_slot.  Did not re-place instance u_mem2/u_bridge/r_slot[7]_i_1
INFO: [Physopt 32-662] Processed net u_mem2/u_bridge/r_slot[7]_i_2_n_0.  Did not re-place instance u_mem2/u_bridge/r_slot[7]_i_2
INFO: [Physopt 32-662] Processed net u_mem2/u_bridge/uc_rd_en.  Did not re-place instance u_mem2/u_bridge/rd_wr_en_i_4
INFO: [Physopt 32-662] Processed net u_mem2/u_bridge/rd_wr_en_i_12_n_0.  Did not re-place instance u_mem2/u_bridge/rd_wr_en_i_12
INFO: [Physopt 32-662] Processed net u_mem2/u_bridge/r_len[15].  Did not re-place instance u_mem2/u_bridge/r_len_reg[15]
INFO: [Physopt 32-662] Processed net u_mem/u_wr_desc/E[0].  Did not re-place instance u_mem/u_wr_desc/w_slot[7]_i_1
INFO: [Physopt 32-662] Processed net u_mem/u_wr_desc/ud_empty.  Did not re-place instance u_mem/u_wr_desc/w_slot[7]_i_2
INFO: [Physopt 32-662] Processed net u_mem/u_wr_desc/rd_gray[2]_i_3_n_0.  Did not re-place instance u_mem/u_wr_desc/rd_gray[2]_i_3
INFO: [Physopt 32-662] Processed net u_mem/u_wr_desc/rd_gray_reg_n_0_[0].  Did not re-place instance u_mem/u_wr_desc/rd_gray_reg[0]
INFO: [Physopt 32-662] Processed net u_mem2/u_bridge/DI[1].  Did not re-place instance u_mem2/u_bridge/FSM_onehot_wst[6]_i_17
INFO: [Physopt 32-662] Processed net u_mem/u_wr_bytes/ub_dout[6].  Did not re-place instance u_mem/u_wr_bytes/w_data_r[510]_i_2
INFO: [Physopt 32-662] Processed net u_mem/u_bridge/w_data_r[342]_i_1_n_0.  Did not re-place instance u_mem/u_bridge/w_data_r[342]_i_1
INFO: [Physopt 32-662] Processed net u_mem/u_wr_bytes/w_data_r[510]_i_18_n_0.  Did not re-place instance u_mem/u_wr_bytes/w_data_r[510]_i_18
INFO: [Physopt 32-662] Processed net u_mem/u_bridge/m_axi_wdata[342].  Did not re-place instance u_mem/u_bridge/w_data_r_reg[342]
INFO: [Physopt 32-662] Processed net u_mem2/u_bridge/w_data_r[495]_i_2_n_0.  Did not re-place instance u_mem2/u_bridge/w_data_r[495]_i_2
INFO: [Physopt 32-662] Processed net u_mem2/u_bridge/m_axi_wdata[495].  Did not re-place instance u_mem2/u_bridge/w_data_r_reg[495]
INFO: [Physopt 32-662] Processed net u_mem2/u_bridge/r_len[6]_i_69_n_0.  Did not re-place instance u_mem2/u_bridge/r_len[6]_i_69
INFO: [Physopt 32-662] Processed net u_mem2/u_bridge/ro_wm[1].  Did not re-place instance u_mem2/u_bridge/stat_wm_reg[1]
INFO: [Physopt 32-662] Processed net u_mem2/u_bridge/w_drain_wait[3]_i_1_n_0.  Did not re-place instance u_mem2/u_bridge/w_drain_wait[3]_i_1
INFO: [Physopt 32-662] Processed net u_mem2/u_bridge/w_slotfull_i_6_n_0.  Did not re-place instance u_mem2/u_bridge/w_slotfull_i_6
INFO: [Physopt 32-662] Processed net u_mem2/u_bridge/w_slotfull_i_94_n_0.  Did not re-place instance u_mem2/u_bridge/w_slotfull_i_94
INFO: [Physopt 32-662] Processed net u_mem2/u_bridge/w_drain_wait_reg_n_0_[3].  Did not re-place instance u_mem2/u_bridge/w_drain_wait_reg[3]
INFO: [Physopt 32-662] Processed net u_mem/u_wr_bytes/w_data_r[510]_i_17_n_0.  Did not re-place instance u_mem/u_wr_bytes/w_data_r[510]_i_17
INFO: [Physopt 32-662] Processed net u_mem2/u_wr_bytes/p_0_in37_in.  Did not re-place instance u_mem2/u_wr_bytes/wr_gray_s2_reg[3]
INFO: [Physopt 32-662] Processed net u_mem2/u_bridge/w_slotfull_i_95_n_0.  Did not re-place instance u_mem2/u_bridge/w_slotfull_i_95
INFO: [Physopt 32-662] Processed net u_mem2/u_bridge/w_drain_wait_reg_n_0_[1].  Did not re-place instance u_mem2/u_bridge/w_drain_wait_reg[1]
INFO: [Physopt 32-662] Processed net u_mem2/u_wr_bytes/rd_bin_reg[0]_rep__1_n_0.  Did not re-place instance u_mem2/u_wr_bytes/rd_bin_reg[0]_rep__1
INFO: [Physopt 32-662] Processed net u_mem2/u_wr_bytes/ub_dout[0].  Did not re-place instance u_mem2/u_wr_bytes/w_data_r[504]_i_2
INFO: [Physopt 32-662] Processed net u_mem/u_bridge/w_data_r[66]_i_1_n_0.  Did not re-place instance u_mem/u_bridge/w_data_r[66]_i_1
INFO: [Physopt 32-662] Processed net u_mem2/u_bridge/w_data_r[384]_i_1_n_0.  Did not re-place instance u_mem2/u_bridge/w_data_r[384]_i_1
INFO: [Physopt 32-662] Processed net u_mem2/u_wr_bytes/w_data_r[504]_i_21_n_0.  Did not re-place instance u_mem2/u_wr_bytes/w_data_r[504]_i_21
INFO: [Physopt 32-662] Processed net u_mem/u_bridge/m_axi_wdata[66].  Did not re-place instance u_mem/u_bridge/w_data_r_reg[66]
INFO: [Physopt 32-662] Processed net u_mem2/u_bridge/m_axi_wdata[384].  Did not re-place instance u_mem2/u_bridge/w_data_r_reg[384]
INFO: [Physopt 32-662] Processed net u_mem/u_bridge/w_data_r[131]_i_1_n_0.  Did not re-place instance u_mem/u_bridge/w_data_r[131]_i_1
INFO: [Physopt 32-662] Processed net u_mem/u_bridge/m_axi_wdata[131].  Did not re-place instance u_mem/u_bridge/w_data_r_reg[131]
INFO: [Physopt 32-662] Processed net u_mem2/u_bridge/r_len[6]_i_70_n_0.  Did not re-place instance u_mem2/u_bridge/r_len[6]_i_70
INFO: [Physopt 32-662] Processed net u_mem2/u_bridge/w_drain_wait_reg_n_0_[0].  Did not re-place instance u_mem2/u_bridge/w_drain_wait_reg[0]
INFO: [Physopt 32-662] Processed net u_mem2/u_bridge/w_drain_wait_reg_n_0_[2].  Did not re-place instance u_mem2/u_bridge/w_drain_wait_reg[2]
INFO: [Physopt 32-662] Processed net u_mem2/u_bridge/w_slotfull_i_4_n_0.  Did not re-place instance u_mem2/u_bridge/w_slotfull_i_4
INFO: [Physopt 32-662] Processed net u_mem2/u_bridge/w_slotfull_i_64_n_0.  Did not re-place instance u_mem2/u_bridge/w_slotfull_i_64
INFO: [Physopt 32-662] Processed net u_mem2/u_wr_bytes/w_data_r[511]_i_36_n_0.  Did not re-place instance u_mem2/u_wr_bytes/w_data_r[511]_i_36
INFO: [Physopt 32-662] Processed net u_mem/u_wr_bytes/ub_dout[4].  Did not re-place instance u_mem/u_wr_bytes/w_data_r[508]_i_2
INFO: [Physopt 32-662] Processed net u_mem/u_bridge/w_data_r[316]_i_1_n_0.  Did not re-place instance u_mem/u_bridge/w_data_r[316]_i_1
INFO: [Physopt 32-662] Processed net u_mem/u_wr_bytes/w_data_r[506]_i_17_n_0.  Did not re-place instance u_mem/u_wr_bytes/w_data_r[506]_i_17
INFO: [Physopt 32-662] Processed net u_mem/u_wr_bytes/w_data_r[508]_i_18_n_0.  Did not re-place instance u_mem/u_wr_bytes/w_data_r[508]_i_18
INFO: [Physopt 32-662] Processed net u_mem/u_bridge/m_axi_wdata[316].  Did not re-place instance u_mem/u_bridge/w_data_r_reg[316]
INFO: [Physopt 32-662] Processed net u_mem/u_bridge/w_data_r[314]_i_1_n_0.  Did not re-place instance u_mem/u_bridge/w_data_r[314]_i_1
INFO: [Physopt 32-662] Processed net u_mem/u_bridge/m_axi_wdata[314].  Did not re-place instance u_mem/u_bridge/w_data_r_reg[314]
INFO: [Physopt 32-662] Processed net u_mem2/u_bridge/r_beats[4]_i_2_n_0.  Did not re-place instance u_mem2/u_bridge/r_beats[4]_i_2
INFO: [Physopt 32-662] Processed net u_mem/u_wr_bytes/w_data_r[507]_i_21_n_0.  Did not re-place instance u_mem/u_wr_bytes/w_data_r[507]_i_21
INFO: [Physopt 32-662] Processed net u_mem2/u_bridge/r_len[1]_i_7_n_0.  Did not re-place instance u_mem2/u_bridge/r_len[1]_i_7
INFO: [Physopt 32-662] Processed net u_mem2/u_bridge/w_data_r[283]_i_1_n_0.  Did not re-place instance u_mem2/u_bridge/w_data_r[283]_i_1
INFO: [Physopt 32-662] Processed net u_mem2/u_bridge/w_data_r[339]_i_1_n_0.  Did not re-place instance u_mem2/u_bridge/w_data_r[339]_i_1
INFO: [Physopt 32-662] Processed net u_mem2/u_bridge/m_axi_wdata[283].  Did not re-place instance u_mem2/u_bridge/w_data_r_reg[283]
INFO: [Physopt 32-662] Processed net u_mem2/u_bridge/m_axi_wdata[339].  Did not re-place instance u_mem2/u_bridge/w_data_r_reg[339]
INFO: [Physopt 32-662] Processed net u_mem2/u_bridge/w_slotfull_i_66_n_0.  Did not re-place instance u_mem2/u_bridge/w_slotfull_i_66
INFO: [Physopt 32-662] Processed net u_mem2/u_bridge/rd_wr_en_i_111_n_0.  Did not re-place instance u_mem2/u_bridge/rd_wr_en_i_111
INFO: [Physopt 32-662] Processed net u_mem2/u_bridge/rd_wr_en_i_13_n_0.  Did not re-place instance u_mem2/u_bridge/rd_wr_en_i_13
INFO: [Physopt 32-662] Processed net u_mem2/u_bridge/r_len[0]_i_5_n_0.  Did not re-place instance u_mem2/u_bridge/r_len[0]_i_5
INFO: [Physopt 32-662] Processed net u_mem2/u_bridge/r_len[0]_i_80_n_0.  Did not re-place instance u_mem2/u_bridge/r_len[0]_i_80
INFO: [Physopt 32-662] Processed net u_mem/u_wr_desc/wr_gray_s2_reg_n_0_[0].  Did not re-place instance u_mem/u_wr_desc/wr_gray_s2_reg[0]
INFO: [Physopt 32-662] Processed net u_mem2/u_bridge/rd_wr_en_i_112_n_0.  Did not re-place instance u_mem2/u_bridge/rd_wr_en_i_112
INFO: [Physopt 32-662] Processed net u_mem2/u_bridge/w_slotfull_i_65_n_0.  Did not re-place instance u_mem2/u_bridge/w_slotfull_i_65
INFO: [Physopt 32-662] Processed net u_mem2/u_bridge/w_slotfull_i_67_n_0.  Did not re-place instance u_mem2/u_bridge/w_slotfull_i_67
INFO: [Physopt 32-662] Processed net u_mem2/u_wr_bytes/FSM_onehot_wst[6]_i_23_n_0.  Did not re-place instance u_mem2/u_wr_bytes/FSM_onehot_wst[6]_i_23
INFO: [Physopt 32-662] Processed net u_mem2/u_wr_bytes/w_data_r[511]_i_24_n_0.  Did not re-place instance u_mem2/u_wr_bytes/w_data_r[511]_i_24
INFO: [Physopt 32-662] Processed net u_arb/pick.  Did not re-place instance u_arb/u_ddr4_i_3
INFO: [Physopt 32-662] Processed net u_ddr4/inst/u_ddr_axi/axi_aw_channel_0/axi_mc_cmd_translator_0/axi_mc_incr_cmd_0/axi_mc_incr_cmd_byte_addr__0[14].  Did not re-place instance u_ddr4/inst/u_ddr_axi/axi_aw_channel_0/axi_mc_cmd_translator_0/axi_mc_incr_cmd_0/axaddr_incr_p_reg0_carry__0_i_7__0
INFO: [Physopt 32-662] Processed net u_mem2/u_bridge/w_data_r[271]_i_2_n_0.  Did not re-place instance u_mem2/u_bridge/w_data_r[271]_i_2
INFO: [Physopt 32-662] Processed net u_ddr4/inst/u_ddr_axi/axi_aw_channel_0/axi_mc_cmd_translator_0/axi_mc_incr_cmd_0/axaddr_incr_reg[31]_0[24].  Did not re-place instance u_ddr4/inst/u_ddr_axi/axi_aw_channel_0/axi_mc_cmd_translator_0/axi_mc_incr_cmd_0/axaddr_incr_reg[30]
INFO: [Physopt 32-662] Processed net u_mem2/u_bridge/m_axi_wdata[271].  Did not re-place instance u_mem2/u_bridge/w_data_r_reg[271]
INFO: [Physopt 32-662] Processed net u_mem2/u_bridge/DI[3].  Did not re-place instance u_mem2/u_bridge/FSM_onehot_wst[6]_i_15
INFO: [Physopt 32-662] Processed net u_mem2/u_bridge/rd_wr_en_i_97_n_0.  Did not re-place instance u_mem2/u_bridge/rd_wr_en_i_97
INFO: [Physopt 32-662] Processed net u_mem2/u_bridge/w_data_r[447]_i_2_n_0.  Did not re-place instance u_mem2/u_bridge/w_data_r[447]_i_2
INFO: [Physopt 32-662] Processed net u_mem2/u_bridge/m_axi_wdata[447].  Did not re-place instance u_mem2/u_bridge/w_data_r_reg[447]
INFO: [Physopt 32-662] Processed net u_mem/u_wr_bytes/w_data_r[506]_i_20_n_0.  Did not re-place instance u_mem/u_wr_bytes/w_data_r[506]_i_20
INFO: [Physopt 32-662] Processed net u_mem2/u_bridge/r_len[6]_i_71_n_0.  Did not re-place instance u_mem2/u_bridge/r_len[6]_i_71
INFO: [Physopt 32-662] Processed net u_mem2/u_bridge/w_strb_r[63]_i_2_n_0.  Did not re-place instance u_mem2/u_bridge/w_strb_r[63]_i_2
INFO: [Physopt 32-662] Processed net u_mem/u_bridge/wst.  Did not re-place instance u_mem/u_bridge/FSM_onehot_wst[6]_i_1
INFO: [Physopt 32-662] Processed net u_mem/u_wr_bytes/gray2bin_return[2].  Did not re-place instance u_mem/u_wr_bytes/rd_level_carry_i_6
INFO: [Physopt 32-662] Processed net u_mem/u_wr_bytes/gray2bin_return[7].  Did not re-place instance u_mem/u_wr_bytes/rd_level_carry_i_1
INFO: [Physopt 32-662] Processed net u_mem/u_wr_bytes/wr_gray_s2_reg_n_0_[11].  Did not re-place instance u_mem/u_wr_bytes/wr_gray_s2_reg[11]
INFO: [Physopt 32-662] Processed net u_mem/u_bridge/FSM_onehot_wst[6]_i_3_n_0.  Did not re-place instance u_mem/u_bridge/FSM_onehot_wst[6]_i_3
INFO: [Physopt 32-662] Processed net u_mem/u_wr_bytes/FSM_onehot_wst[6]_i_21_n_0.  Did not re-place instance u_mem/u_wr_bytes/FSM_onehot_wst[6]_i_21
INFO: [Physopt 32-662] Processed net u_mem2/u_bridge/w_strb_r[2]_i_1_n_0.  Did not re-place instance u_mem2/u_bridge/w_strb_r[2]_i_1
INFO: [Physopt 32-662] Processed net u_mem2/u_bridge/w_strb_r[63]_i_9_n_0.  Did not re-place instance u_mem2/u_bridge/w_strb_r[63]_i_9
INFO: [Physopt 32-662] Processed net u_mem/u_bridge/FSM_onehot_wst_reg_n_0_[6].  Did not re-place instance u_mem/u_bridge/FSM_onehot_wst_reg[6]
INFO: [Physopt 32-662] Processed net u_mem2/u_bridge/m_axi_wstrb[2].  Did not re-place instance u_mem2/u_bridge/w_strb_r_reg[2]
INFO: [Physopt 32-662] Processed net u_mem2/u_bridge/p_0_in[3].  Did not re-place instance u_mem2/u_bridge/r_beats[3]_i_1
INFO: [Physopt 32-662] Processed net u_mem2/u_bridge/r_beats[3].  Did not re-place instance u_mem2/u_bridge/r_beats_reg[3]
INFO: [Physopt 32-662] Processed net u_mem/u_wr_bytes/ub_dout[7].  Did not re-place instance u_mem/u_wr_bytes/w_data_r[511]_i_6
INFO: [Physopt 32-662] Processed net u_mem/u_bridge/w_data_r[239]_i_2_n_0.  Did not re-place instance u_mem/u_bridge/w_data_r[239]_i_2
INFO: [Physopt 32-662] Processed net u_mem/u_wr_bytes/w_data_r[511]_i_26_n_0.  Did not re-place instance u_mem/u_wr_bytes/w_data_r[511]_i_26
INFO: [Physopt 32-662] Processed net u_mem2/u_bridge/rd_wr_en_i_110_n_0.  Did not re-place instance u_mem2/u_bridge/rd_wr_en_i_110
INFO: [Physopt 32-662] Processed net u_mem/u_bridge/m_axi_wdata[239].  Did not re-place instance u_mem/u_bridge/w_data_r_reg[239]
INFO: [Physopt 32-662] Processed net u_mem/u_wr_bytes/w_data_r[504]_i_23_n_0.  Did not re-place instance u_mem/u_wr_bytes/w_data_r[504]_i_23
INFO: [Physopt 32-662] Processed net u_mem2/u_wr_bytes/ub_dout[1].  Did not re-place instance u_mem2/u_wr_bytes/w_data_r[505]_i_2
INFO: [Physopt 32-662] Processed net u_mem/u_bridge/r_slot_repN.  Did not re-place instance u_mem/u_bridge/r_slot[7]_i_1_replica
INFO: [Physopt 32-662] Processed net u_mem/u_bridge/r_slot[7]_i_2_n_0.  Did not re-place instance u_mem/u_bridge/r_slot[7]_i_2
INFO: [Physopt 32-662] Processed net u_mem/u_bridge/uc_rd_en.  Did not re-place instance u_mem/u_bridge/dbg_rd_slot[7]_i_3
INFO: [Physopt 32-662] Processed net u_mem/u_bridge/dbg_rd_slot[7]_i_13_n_0.  Did not re-place instance u_mem/u_bridge/dbg_rd_slot[7]_i_13
INFO: [Physopt 32-662] Processed net u_mem/u_bridge/dbg_rd_slot[7]_i_95_n_0.  Did not re-place instance u_mem/u_bridge/dbg_rd_slot[7]_i_95
INFO: [Physopt 32-662] Processed net u_mem/u_wr_bytes/w_data_r[511]_i_27_n_0.  Did not re-place instance u_mem/u_wr_bytes/w_data_r[511]_i_27
INFO: [Physopt 32-662] Processed net u_mem2/u_bridge/w_data_r[337]_i_1_n_0.  Did not re-place instance u_mem2/u_bridge/w_data_r[337]_i_1
INFO: [Physopt 32-662] Processed net u_mem2/u_wr_bytes/w_data_r[505]_i_19_n_0.  Did not re-place instance u_mem2/u_wr_bytes/w_data_r[505]_i_19
INFO: [Physopt 32-662] Processed net u_mem2/u_bridge/m_axi_wdata[337].  Did not re-place instance u_mem2/u_bridge/w_data_r_reg[337]
INFO: [Physopt 32-662] Processed net u_mem/u_bridge/w_data_r[103]_i_2_n_0.  Did not re-place instance u_mem/u_bridge/w_data_r[103]_i_2
INFO: [Physopt 32-662] Processed net u_mem/u_bridge/m_axi_wdata[103].  Did not re-place instance u_mem/u_bridge/w_data_r_reg[103]
INFO: [Physopt 32-662] Processed net u_mem/u_wr_bytes/w_data_r[510]_i_19_n_0.  Did not re-place instance u_mem/u_wr_bytes/w_data_r[510]_i_19
INFO: [Physopt 32-662] Processed net u_mem/u_bridge/w_data_r[55]_i_2_n_0.  Did not re-place instance u_mem/u_bridge/w_data_r[55]_i_2
INFO: [Physopt 32-662] Processed net u_mem/u_bridge/m_axi_wdata[55].  Did not re-place instance u_mem/u_bridge/w_data_r_reg[55]
INFO: [Physopt 32-662] Processed net u_mem/u_bridge/FSM_onehot_wst_reg_n_0_[5].  Did not re-place instance u_mem/u_bridge/FSM_onehot_wst_reg[5]
INFO: [Physopt 32-662] Processed net u_mem/u_bridge/FSM_onehot_wst_reg_n_0_[4].  Did not re-place instance u_mem/u_bridge/FSM_onehot_wst_reg[4]
INFO: [Physopt 32-662] Processed net u_mem/u_bridge/Q[0].  Did not re-place instance u_mem/u_bridge/FSM_onehot_wst_reg[0]
INFO: [Physopt 32-662] Processed net u_mem/u_bridge/FSM_onehot_wst_reg_n_0_[3].  Did not re-place instance u_mem/u_bridge/FSM_onehot_wst_reg[3]
INFO: [Physopt 32-662] Processed net u_mem/u_bridge/w_data_r[403]_i_1_n_0.  Did not re-place instance u_mem/u_bridge/w_data_r[403]_i_1
INFO: [Physopt 32-662] Processed net u_mem/u_bridge/m_axi_wdata[403].  Did not re-place instance u_mem/u_bridge/w_data_r_reg[403]
INFO: [Physopt 32-662] Processed net u_mem2/u_bridge/rd_seq_slot_reg[1]_rep__11_n_0.  Did not re-place instance u_mem2/u_bridge/rd_seq_slot_reg[1]_rep__11
INFO: [Physopt 32-662] Processed net u_mem2/u_bridge/r_len[2]_i_4_n_0.  Did not re-place instance u_mem2/u_bridge/r_len[2]_i_4
INFO: [Physopt 32-662] Processed net u_mem2/u_bridge/r_len[2]_i_66_n_0.  Did not re-place instance u_mem2/u_bridge/r_len[2]_i_66
INFO: [Physopt 32-662] Processed net u_mem2/u_bridge/r_len[7]_i_4_n_0.  Did not re-place instance u_mem2/u_bridge/r_len[7]_i_4
INFO: [Physopt 32-662] Processed net u_mem2/u_bridge/r_len[7]_i_70_n_0.  Did not re-place instance u_mem2/u_bridge/r_len[7]_i_70
INFO: [Physopt 32-662] Processed net u_mem2/u_bridge/rd_wr_en_i_116_n_0.  Did not re-place instance u_mem2/u_bridge/rd_wr_en_i_116
INFO: [Physopt 32-662] Processed net u_ddr4/inst/u_ddr_axi/axi_aw_channel_0/axi_mc_cmd_translator_0/axi_mc_incr_cmd_0/b_push.  Did not re-place instance u_ddr4/inst/u_ddr_axi/axi_aw_channel_0/axi_mc_cmd_translator_0/axi_mc_incr_cmd_0/memory_reg[7][3]_srl8_i_1
INFO: [Physopt 32-662] Processed net u_ddr4/inst/u_ddr_axi/axi_aw_channel_0/aw_cmd_fsm_0/c0_ddr4_s_axi_awlen[7][3].  Did not re-place instance u_ddr4/inst/u_ddr_axi/axi_aw_channel_0/aw_cmd_fsm_0/axlen[7]_i_1
INFO: [Physopt 32-662] Processed net u_arb/c0_ddr4_s_axi_awlen[7].  Did not re-place instance u_arb/u_ddr4_i_13
INFO: [Physopt 32-662] Processed net u_ddr4/inst/u_ddr_axi/axi_aw_channel_0/axi_mc_cmd_translator_0/axi_mc_incr_cmd_0/memory_reg[7][3]_srl8_i_3_n_0.  Did not re-place instance u_ddr4/inst/u_ddr_axi/axi_aw_channel_0/axi_mc_cmd_translator_0/axi_mc_incr_cmd_0/memory_reg[7][3]_srl8_i_3
INFO: [Physopt 32-662] Processed net u_ddr4/inst/u_ddr_axi/axi_cmd_arbiter_0/RD_PRI_REG.wr_cmd_hold0.  Did not re-place instance u_ddr4/inst/u_ddr_axi/axi_cmd_arbiter_0/RD_PRI_REG.wr_cmd_hold_i_1
INFO: [Physopt 32-662] Processed net u_mem/u_bridge/m_axi_awlen[7].  Did not re-place instance u_mem/u_bridge/m_axi_awlen[7]_INST_0
INFO: [Physopt 32-662] Processed net u_mem2/u_bridge/w_data_r[127]_i_2_n_0.  Did not re-place instance u_mem2/u_bridge/w_data_r[127]_i_2
INFO: [Physopt 32-662] Processed net u_ddr4/inst/u_ddr_axi/axi_cmd_arbiter_0/RD_PRI_REG.wr_cmd_hold.  Did not re-place instance u_ddr4/inst/u_ddr_axi/axi_cmd_arbiter_0/RD_PRI_REG.wr_cmd_hold_reg
INFO: [Physopt 32-662] Processed net u_mem2/u_bridge/m_axi_wdata[127].  Did not re-place instance u_mem2/u_bridge/w_data_r_reg[127]
INFO: [Physopt 32-662] Processed net u_mem/u_bridge/w_data_r[408]_i_1_n_0.  Did not re-place instance u_mem/u_bridge/w_data_r[408]_i_1
INFO: [Physopt 32-662] Processed net u_mem/u_bridge/m_axi_wdata[408].  Did not re-place instance u_mem/u_bridge/w_data_r_reg[408]
INFO: [Physopt 32-662] Processed net u_mem2/u_bridge/rd_seq_slot_reg[1]_rep__4_n_0.  Did not re-place instance u_mem2/u_bridge/rd_seq_slot_reg[1]_rep__4
INFO: [Physopt 32-662] Processed net u_mem2/u_wr_bytes/ub_dout[4].  Did not re-place instance u_mem2/u_wr_bytes/w_data_r[508]_i_2
INFO: [Physopt 32-662] Processed net u_mem2/u_bridge/r_len[0]_i_81_n_0.  Did not re-place instance u_mem2/u_bridge/r_len[0]_i_81
INFO: [Physopt 32-662] Processed net u_mem2/u_bridge/r_len[9]_i_108_n_0.  Did not re-place instance u_mem2/u_bridge/r_len[9]_i_108
INFO: [Physopt 32-662] Processed net u_mem2/u_bridge/r_len[9]_i_7_n_0.  Did not re-place instance u_mem2/u_bridge/r_len[9]_i_7
INFO: [Physopt 32-662] Processed net u_mem2/u_bridge/w_data_r[308]_i_1_n_0.  Did not re-place instance u_mem2/u_bridge/w_data_r[308]_i_1
INFO: [Physopt 32-661] Optimized 23 nets.  Re-placed 23 instances.
INFO: [Physopt 32-775] End 1 Pass. Optimized 23 nets or cells. Created 0 new cell, deleted 0 existing cell and moved 23 existing cells
INFO: [Physopt 32-619] Estimated Timing Summary | WNS=-0.177 | TNS=-0.901 |
Netlist sorting complete. Time (s): cpu = 00:00:01 ; elapsed = 00:00:00.018 . Memory (MB): peak = 7916.328 ; gain = 0.223
Phase 15 Single Cell Placement Optimization | Checksum: e722ec95

Time (s): cpu = 00:02:31 ; elapsed = 00:01:33 . Memory (MB): peak = 7916.328 ; gain = 2184.953

Phase 16 Multi Cell Placement Optimization
INFO: [Physopt 32-660] Identified 100 candidate nets for placement-based optimization.
INFO: [Physopt 32-662] Processed net u_mem2/u_wr_bytes/gray2bin_return[7].  Did not re-place instance u_mem2/u_wr_bytes/rd_level_carry_i_1/O
INFO: [Physopt 32-662] Processed net u_mem2/u_bridge/wst.  Did not re-place instance u_mem2/u_bridge/FSM_onehot_wst[6]_i_1/O
INFO: [Physopt 32-662] Processed net u_mem2/u_wr_bytes/gray2bin_return[2].  Did not re-place instance u_mem2/u_wr_bytes/rd_level_carry_i_6/O
INFO: [Physopt 32-662] Processed net u_mem2/u_wr_bytes/p_0_in49_in.  Did not re-place instance u_mem2/u_wr_bytes/wr_gray_s2_reg[7]/Q
INFO: [Physopt 32-662] Processed net u_mem2/u_bridge/FSM_onehot_wst[6]_i_3_n_0.  Did not re-place instance u_mem2/u_bridge/FSM_onehot_wst[6]_i_3/O
INFO: [Physopt 32-662] Processed net u_mem2/u_wr_bytes/p_1_in62_in.  Did not re-place instance u_mem2/u_wr_bytes/wr_gray_s2_reg[12]/Q
INFO: [Physopt 32-662] Processed net u_mem2/u_wr_bytes/wr_gray_s2_reg_n_0_[11]_repN.  Did not re-place instance u_mem2/u_wr_bytes/wr_gray_s2_reg[11]_replica/Q
INFO: [Physopt 32-662] Processed net u_mem2/u_wr_bytes/p_0_in55_in.  Did not re-place instance u_mem2/u_wr_bytes/wr_gray_s2_reg[9]/Q
INFO: [Physopt 32-662] Processed net u_mem2/u_wr_bytes/p_0_in58_in_repN.  Did not re-place instance u_mem2/u_wr_bytes/wr_gray_s2_reg[10]_replica/Q
INFO: [Physopt 32-662] Processed net u_mem2/u_wr_bytes/p_0_in52_in.  Did not re-place instance u_mem2/u_wr_bytes/wr_gray_s2_reg[8]/Q
INFO: [Physopt 32-662] Processed net u_mem2/u_wr_bytes/p_0_in34_in.  Did not re-place instance u_mem2/u_wr_bytes/wr_gray_s2_reg[2]/Q
INFO: [Physopt 32-661] Optimized 0 net.  Re-placed 0 instance.
INFO: [Physopt 32-775] End 1 Pass. Optimized 0 net or cell. Created 0 new cell, deleted 0 existing cell and moved 0 existing cell
Netlist sorting complete. Time (s): cpu = 00:00:00 ; elapsed = 00:00:00.017 . Memory (MB): peak = 8095.809 ; gain = 0.449
Phase 16 Multi Cell Placement Optimization | Checksum: e722ec95

Time (s): cpu = 00:02:40 ; elapsed = 00:01:39 . Memory (MB): peak = 8095.809 ; gain = 2364.434

Phase 17 Rewire
INFO: [Physopt 32-246] Starting Signal Push optimization...
INFO: [Physopt 32-241] No nets found for rewiring () optimization.
INFO: [Physopt 32-232] Optimized 0 net. Created 0 new instance.
INFO: [Physopt 32-775] End 1 Pass. Optimized 0 net or cell. Created 0 new cell, deleted 0 existing cell and moved 0 existing cell
Netlist sorting complete. Time (s): cpu = 00:00:00 ; elapsed = 00:00:00.017 . Memory (MB): peak = 8095.809 ; gain = 0.000
Phase 17 Rewire | Checksum: e722ec95

Time (s): cpu = 00:02:40 ; elapsed = 00:01:39 . Memory (MB): peak = 8095.809 ; gain = 2364.434

Phase 18 Critical Cell Optimization
INFO: [Physopt 32-46] Identified 9 candidate nets for critical-cell optimization.
INFO: [Physopt 32-571] Net u_mem2/u_wr_bytes/p_0_in37_in was not replicated.
INFO: [Physopt 32-571] Net u_mem/u_bridge/wst was not replicated.
INFO: [Physopt 32-571] Net u_mem/u_wr_bytes/gray2bin_return[7] was not replicated.
INFO: [Physopt 32-571] Net u_mem2/u_bridge/r_beats[4]_i_2_n_0 was not replicated.
INFO: [Physopt 32-571] Net u_mem2/u_bridge/full_bit_reg_n_0_[235] was not replicated.
INFO: [Physopt 32-571] Net u_mem2/u_bridge/full_bit_reg_n_0_[250] was not replicated.
INFO: [Physopt 32-571] Net u_mem2/u_bridge/rd_seq_slot_reg[1]_rep__0_n_0_repN_3 was not replicated.
INFO: [Physopt 32-571] Net u_mem/u_wr_bytes/p_0_in58_in was not replicated.
INFO: [Physopt 32-232] Optimized 0 net. Created 0 new instance.
INFO: [Physopt 32-775] End 1 Pass. Optimized 0 net or cell. Created 0 new cell, deleted 0 existing cell and moved 0 existing cell
Phase 18 Critical Cell Optimization | Checksum: e722ec95

Time (s): cpu = 00:02:40 ; elapsed = 00:01:39 . Memory (MB): peak = 8095.809 ; gain = 2364.434

Phase 19 DSP Register Optimization
INFO: [Physopt 32-456] No candidate cells for DSP register optimization found in the design.
INFO: [Physopt 32-775] End 1 Pass. Optimized 0 net or cell. Created 0 new cell, deleted 0 existing cell and moved 0 existing cell
Phase 19 DSP Register Optimization | Checksum: e722ec95

Time (s): cpu = 00:02:41 ; elapsed = 00:01:40 . Memory (MB): peak = 8095.809 ; gain = 2364.434

Phase 20 BRAM Register Optimization
INFO: [Physopt 32-614] Property 'READ_WIDTH_B' on BRAM cell 'u_ddr4/inst/u_ddr4_mem_intfc/u_ddr_cal_top/u_ddr_cal/u_ddr_cal_addr_decode/u_ddr_cal_cplx/u_ddr_cal_cplx_data/rd_addr_101_reg_rep' Port 'B' is 0. Skip BRAM Register Optimization on the port
INFO: [Physopt 32-526] No candidate cells for BRAM register optimization found in the design
INFO: [Physopt 32-775] End 1 Pass. Optimized 0 net or cell. Created 0 new cell, deleted 0 existing cell and moved 0 existing cell
Phase 20 BRAM Register Optimization | Checksum: e722ec95

Time (s): cpu = 00:02:41 ; elapsed = 00:01:40 . Memory (MB): peak = 8095.809 ; gain = 2364.434

Phase 21 URAM Register Optimization
INFO: [Physopt 32-846] No candidate cells for URAM register optimization found in the design
INFO: [Physopt 32-775] End 1 Pass. Optimized 0 net or cell. Created 0 new cell, deleted 0 existing cell and moved 0 existing cell
INFO: [Physopt 32-846] No candidate cells for URAM register optimization found in the design
INFO: [Physopt 32-775] End 1 Pass. Optimized 0 net or cell. Created 0 new cell, deleted 0 existing cell and moved 0 existing cell
Phase 21 URAM Register Optimization | Checksum: e722ec95

Time (s): cpu = 00:02:41 ; elapsed = 00:01:40 . Memory (MB): peak = 8095.809 ; gain = 2364.434

Phase 22 Shift Register Optimization
INFO: [Physopt 32-677] No candidate cells for Shift Register optimization found in the design
INFO: [Physopt 32-775] End 1 Pass. Optimized 0 net or cell. Created 0 new cell, deleted 0 existing cell and moved 0 existing cell
Phase 22 Shift Register Optimization | Checksum: e722ec95

Time (s): cpu = 00:02:41 ; elapsed = 00:01:40 . Memory (MB): peak = 8095.809 ; gain = 2364.434

Phase 23 DSP Register Optimization
INFO: [Physopt 32-456] No candidate cells for DSP register optimization found in the design.
INFO: [Physopt 32-775] End 1 Pass. Optimized 0 net or cell. Created 0 new cell, deleted 0 existing cell and moved 0 existing cell
Phase 23 DSP Register Optimization | Checksum: e722ec95

Time (s): cpu = 00:02:42 ; elapsed = 00:01:41 . Memory (MB): peak = 8095.809 ; gain = 2364.434

Phase 24 BRAM Register Optimization
INFO: [Physopt 32-614] Property 'READ_WIDTH_B' on BRAM cell 'u_ddr4/inst/u_ddr4_mem_intfc/u_ddr_cal_top/u_ddr_cal/u_ddr_cal_addr_decode/u_ddr_cal_cplx/u_ddr_cal_cplx_data/rd_addr_101_reg_rep' Port 'B' is 0. Skip BRAM Register Optimization on the port
INFO: [Physopt 32-526] No candidate cells for BRAM register optimization found in the design
INFO: [Physopt 32-775] End 1 Pass. Optimized 0 net or cell. Created 0 new cell, deleted 0 existing cell and moved 0 existing cell
Phase 24 BRAM Register Optimization | Checksum: e722ec95

Time (s): cpu = 00:02:42 ; elapsed = 00:01:41 . Memory (MB): peak = 8095.809 ; gain = 2364.434

Phase 25 URAM Register Optimization
INFO: [Physopt 32-846] No candidate cells for URAM register optimization found in the design
INFO: [Physopt 32-775] End 1 Pass. Optimized 0 net or cell. Created 0 new cell, deleted 0 existing cell and moved 0 existing cell
INFO: [Physopt 32-846] No candidate cells for URAM register optimization found in the design
INFO: [Physopt 32-775] End 1 Pass. Optimized 0 net or cell. Created 0 new cell, deleted 0 existing cell and moved 0 existing cell
Phase 25 URAM Register Optimization | Checksum: e722ec95

Time (s): cpu = 00:02:42 ; elapsed = 00:01:41 . Memory (MB): peak = 8095.809 ; gain = 2364.434

Phase 26 Shift Register Optimization
INFO: [Physopt 32-677] No candidate cells for Shift Register optimization found in the design
INFO: [Physopt 32-775] End 1 Pass. Optimized 0 net or cell. Created 0 new cell, deleted 0 existing cell and moved 0 existing cell
Phase 26 Shift Register Optimization | Checksum: e722ec95

Time (s): cpu = 00:02:43 ; elapsed = 00:01:41 . Memory (MB): peak = 8095.809 ; gain = 2364.434

Phase 27 Critical Pin Optimization
INFO: [Physopt 32-606] Identified 14 candidate nets for critical-pin optimization.
INFO: [Physopt 32-608] Optimized 1 net.  Swapped 86 pins.
INFO: [Physopt 32-775] End 1 Pass. Optimized 1 net or cell. Created 0 new cell, deleted 0 existing cell and moved 86 existing cells
INFO: [Physopt 32-619] Estimated Timing Summary | WNS=-0.166 | TNS=-0.824 |
Netlist sorting complete. Time (s): cpu = 00:00:00 ; elapsed = 00:00:00.017 . Memory (MB): peak = 8108.137 ; gain = 0.000
Phase 27 Critical Pin Optimization | Checksum: 77f2c185

Time (s): cpu = 00:02:44 ; elapsed = 00:01:44 . Memory (MB): peak = 8108.137 ; gain = 2376.762

Phase 28 Very High Fanout Optimization
INFO: [Physopt 32-1132] Very high fanout net 'u_ddr4/inst/u_ddr4_mem_intfc/u_ddr_cal_top/u_ddr_mc_pi/u_ddr_mc_read/Q[0]' is not considered as a candidate in VHFN optimzation. The fanout considered for this optimization is changed from 787 to 186 due to a timing constraint that prevent optimization on all of the loads. To force replication, set the FORCE_MAX_FANOUT property on the net to a number less than 186.
INFO: [Physopt 32-1132] Very high fanout net 'u_ddr4/inst/u_ddr4_mem_intfc/u_ddr_cal_top/u_ddr_mc_pi/u_ddr_mc_read/Q[1]' is not considered as a candidate in VHFN optimzation. The fanout considered for this optimization is changed from 787 to 186 due to a timing constraint that prevent optimization on all of the loads. To force replication, set the FORCE_MAX_FANOUT property on the net to a number less than 186.
INFO: [Physopt 32-1132] Very high fanout net 'u_ddr4/inst/u_ddr4_mem_intfc/u_ddr_cal_top/u_ddr_mc_pi/u_ddr_mc_read/Q[2]' is not considered as a candidate in VHFN optimzation. The fanout considered for this optimization is changed from 787 to 186 due to a timing constraint that prevent optimization on all of the loads. To force replication, set the FORCE_MAX_FANOUT property on the net to a number less than 186.
INFO: [Physopt 32-1132] Very high fanout net 'u_ddr4/inst/u_ddr4_mem_intfc/u_ddr_cal_top/u_ddr_mc_pi/u_ddr_mc_read/rdDataAddr_reg[3]_rep_0' is not considered as a candidate in VHFN optimzation. The fanout considered for this optimization is changed from 292 to 90 due to a timing constraint that prevent optimization on all of the loads. To force replication, set the FORCE_MAX_FANOUT property on the net to a number less than 90.
INFO: [Physopt 32-1132] Very high fanout net 'u_ddr4/inst/u_ddr4_mem_intfc/u_ddr_cal_top/u_ddr_mc_pi/u_ddr_mc_read/rdDataAddr_reg[3]_rep__0_0' is not considered as a candidate in VHFN optimzation. The fanout considered for this optimization is changed from 292 to 90 due to a timing constraint that prevent optimization on all of the loads. To force replication, set the FORCE_MAX_FANOUT property on the net to a number less than 90.
INFO: [Physopt 32-1132] Very high fanout net 'u_ddr4/inst/u_ddr4_mem_intfc/u_ddr_cal_top/u_ddr_mc_pi/u_ddr_mc_read/rdDataAddr_reg[3]_rep__1_0' is not considered as a candidate in VHFN optimzation. The fanout considered for this optimization is changed from 282 to 87 due to a timing constraint that prevent optimization on all of the loads. To force replication, set the FORCE_MAX_FANOUT property on the net to a number less than 87.
INFO: [Physopt 32-1132] Very high fanout net 'u_ddr4/inst/u_ddr4_mem_intfc/u_ddr_cal_top/u_ddr_mc_pi/u_ddr_mc_read/rdDataAddr_reg[4]_rep_0' is not considered as a candidate in VHFN optimzation. The fanout considered for this optimization is changed from 292 to 90 due to a timing constraint that prevent optimization on all of the loads. To force replication, set the FORCE_MAX_FANOUT property on the net to a number less than 90.
INFO: [Physopt 32-1132] Very high fanout net 'u_ddr4/inst/u_ddr4_mem_intfc/u_ddr_cal_top/u_ddr_mc_pi/u_ddr_mc_read/rdDataAddr_reg[4]_rep__0_0' is not considered as a candidate in VHFN optimzation. The fanout considered for this optimization is changed from 292 to 90 due to a timing constraint that prevent optimization on all of the loads. To force replication, set the FORCE_MAX_FANOUT property on the net to a number less than 90.
INFO: [Physopt 32-1132] Very high fanout net 'u_ddr4/inst/u_ddr4_mem_intfc/u_ddr_cal_top/u_ddr_mc_pi/u_ddr_mc_read/rdDataAddr_reg[4]_rep__1_0' is not considered as a candidate in VHFN optimzation. The fanout considered for this optimization is changed from 282 to 87 due to a timing constraint that prevent optimization on all of the loads. To force replication, set the FORCE_MAX_FANOUT property on the net to a number less than 87.
INFO: [Physopt 32-1132] Very high fanout net 'u_ddr4/inst/u_ddr4_mem_intfc/u_ddr_ui/u_ddr_ui_wr_data/wdf_rdy_ns' is not considered as a candidate in VHFN optimzation. The fanout considered for this optimization is changed from 768 to 97 due to a timing constraint that prevent optimization on all of the loads. To force replication, set the FORCE_MAX_FANOUT property on the net to a number less than 97.
INFO: [Physopt 32-1132] Very high fanout net 'u_ddr4/inst/u_ddr4_mem_intfc/u_ddr_ui/u_ddr_ui_wr_data/wb_wr_data_addr_w[2]' is not considered as a candidate in VHFN optimzation. The fanout considered for this optimization is changed from 769 to 98 due to a timing constraint that prevent optimization on all of the loads. To force replication, set the FORCE_MAX_FANOUT property on the net to a number less than 98.
INFO: [Physopt 32-1132] Very high fanout net 'u_ddr4/inst/u_ddr4_mem_intfc/u_ddr_ui/u_ddr_ui_wr_data/wb_wr_data_addr_w[1]' is not considered as a candidate in VHFN optimzation. The fanout considered for this optimization is changed from 769 to 98 due to a timing constraint that prevent optimization on all of the loads. To force replication, set the FORCE_MAX_FANOUT property on the net to a number less than 98.
INFO: [Physopt 32-1132] Very high fanout net 'u_ddr4/inst/u_ddr4_mem_intfc/u_ddr_ui/u_ddr_ui_wr_data/wb_wr_data_addr0_ns' is not considered as a candidate in VHFN optimzation. The fanout considered for this optimization is changed from 769 to 98 due to a timing constraint that prevent optimization on all of the loads. To force replication, set the FORCE_MAX_FANOUT property on the net to a number less than 98.
INFO: [Physopt 32-1132] Very high fanout net 'u_ddr4/inst/u_ddr4_mem_intfc/u_ddr_ui/u_ddr_ui_wr_data/wb_wr_data_addr_w[4]' is not considered as a candidate in VHFN optimzation. The fanout considered for this optimization is changed from 769 to 98 due to a timing constraint that prevent optimization on all of the loads. To force replication, set the FORCE_MAX_FANOUT property on the net to a number less than 98.
INFO: [Physopt 32-1132] Very high fanout net 'u_ddr4/inst/u_ddr4_mem_intfc/u_ddr_ui/u_ddr_ui_wr_data/wb_wr_data_addr_w[3]' is not considered as a candidate in VHFN optimzation. The fanout considered for this optimization is changed from 769 to 98 due to a timing constraint that prevent optimization on all of the loads. To force replication, set the FORCE_MAX_FANOUT property on the net to a number less than 98.
INFO: [Physopt 32-1132] Very high fanout net 'u_ila_0/inst/ila_core_inst/u_ila_regs/MU_SRL[0].mu_srl_reg/shift_en_o' is not considered as a candidate in VHFN optimzation. The fanout considered for this optimization is changed from 385 to 202 due to a timing constraint that prevent optimization on all of the loads. To force replication, set the FORCE_MAX_FANOUT property on the net to a number less than 202.
INFO: [Physopt 32-1132] Very high fanout net 'u_mem/u_wr_bytes/wr_bin_reg_n_0_[0]' is not considered as a candidate in VHFN optimzation. The fanout considered for this optimization is changed from 785 to 146 due to a timing constraint that prevent optimization on all of the loads. To force replication, set the FORCE_MAX_FANOUT property on the net to a number less than 146.
INFO: [Physopt 32-1132] Very high fanout net 'u_mem/u_wr_bytes/wr_bin_reg_n_0_[1]' is not considered as a candidate in VHFN optimzation. The fanout considered for this optimization is changed from 786 to 147 due to a timing constraint that prevent optimization on all of the loads. To force replication, set the FORCE_MAX_FANOUT property on the net to a number less than 147.
INFO: [Physopt 32-1132] Very high fanout net 'u_mem/u_wr_bytes/wr_bin_reg_n_0_[2]' is not considered as a candidate in VHFN optimzation. The fanout considered for this optimization is changed from 783 to 144 due to a timing constraint that prevent optimization on all of the loads. To force replication, set the FORCE_MAX_FANOUT property on the net to a number less than 144.
INFO: [Physopt 32-1132] Very high fanout net 'u_mem/u_wr_bytes/wr_bin_reg_n_0_[3]' is not considered as a candidate in VHFN optimzation. The fanout considered for this optimization is changed from 781 to 142 due to a timing constraint that prevent optimization on all of the loads. To force replication, set the FORCE_MAX_FANOUT property on the net to a number less than 142.
INFO: [Physopt 32-1132] Very high fanout net 'u_mem/u_wr_bytes/wr_bin_reg_n_0_[4]' is not considered as a candidate in VHFN optimzation. The fanout considered for this optimization is changed from 778 to 139 due to a timing constraint that prevent optimization on all of the loads. To force replication, set the FORCE_MAX_FANOUT property on the net to a number less than 139.
INFO: [Physopt 32-1132] Very high fanout net 'u_mem/u_wr_bytes/wr_bin_reg_n_0_[5]' is not considered as a candidate in VHFN optimzation. The fanout considered for this optimization is changed from 775 to 136 due to a timing constraint that prevent optimization on all of the loads. To force replication, set the FORCE_MAX_FANOUT property on the net to a number less than 136.
INFO: [Physopt 32-1132] Very high fanout net 'u_mem2/u_wr_bytes/wr_bin_reg_n_0_[0]' is not considered as a candidate in VHFN optimzation. The fanout considered for this optimization is changed from 785 to 146 due to a timing constraint that prevent optimization on all of the loads. To force replication, set the FORCE_MAX_FANOUT property on the net to a number less than 146.
INFO: [Physopt 32-1132] Very high fanout net 'u_mem2/u_wr_bytes/wr_bin_reg_n_0_[1]' is not considered as a candidate in VHFN optimzation. The fanout considered for this optimization is changed from 786 to 147 due to a timing constraint that prevent optimization on all of the loads. To force replication, set the FORCE_MAX_FANOUT property on the net to a number less than 147.
INFO: [Physopt 32-1132] Very high fanout net 'u_mem2/u_wr_bytes/wr_bin_reg_n_0_[2]' is not considered as a candidate in VHFN optimzation. The fanout considered for this optimization is changed from 783 to 144 due to a timing constraint that prevent optimization on all of the loads. To force replication, set the FORCE_MAX_FANOUT property on the net to a number less than 144.
INFO: [Physopt 32-1132] Very high fanout net 'u_mem2/u_wr_bytes/wr_bin_reg_n_0_[3]' is not considered as a candidate in VHFN optimzation. The fanout considered for this optimization is changed from 781 to 142 due to a timing constraint that prevent optimization on all of the loads. To force replication, set the FORCE_MAX_FANOUT property on the net to a number less than 142.
INFO: [Physopt 32-1132] Very high fanout net 'u_mem2/u_wr_bytes/wr_bin_reg_n_0_[4]' is not considered as a candidate in VHFN optimzation. The fanout considered for this optimization is changed from 778 to 139 due to a timing constraint that prevent optimization on all of the loads. To force replication, set the FORCE_MAX_FANOUT property on the net to a number less than 139.
INFO: [Physopt 32-1132] Very high fanout net 'u_mem2/u_wr_bytes/wr_bin_reg_n_0_[5]' is not considered as a candidate in VHFN optimzation. The fanout considered for this optimization is changed from 775 to 136 due to a timing constraint that prevent optimization on all of the loads. To force replication, set the FORCE_MAX_FANOUT property on the net to a number less than 136.
INFO: [Physopt 32-76] Pass 1. Identified 30 candidate nets for fanout optimization.
INFO: [Physopt 32-81] Processed net u_arb/wgrant_reg_n_0. Replicated 1 times.
INFO: [Physopt 32-81] Processed net u_mem/u_bridge/w_data_r[511]_i_5_n_0. Replicated 1 times.
INFO: [Physopt 32-81] Processed net u_ddr4/inst/u_ddr4_mem_intfc/u_ddr_cal_top/u_ddr_cal/calDone_reg_1. Replicated 3 times.
INFO: [Physopt 32-572] Net u_mem2/u_bridge/w_data_r[511]_i_5_n_0 was not replicated.
Resolution: phys_opt_design can be forced to replicate a net driver using the option -force_replication_on_nets <list of net objects>.
INFO: [Physopt 32-81] Processed net u_mem/u_bridge/r_beat_data. Replicated 1 times.
INFO: [Physopt 32-81] Processed net u_ddr4/inst/u_ddr4_mem_intfc/u_ddr_cal_top/u_ddr_mc_pi/u_ddr_mc_write/genByte[7].u_ddr_mc_wr_byte/genBit[0].u_ddr_mc_wr_bit/wosp_reg[1]_0. Replicated 3 times.
INFO: [Physopt 32-81] Processed net u_ddr4/inst/u_ddr4_mem_intfc/u_ddr_cal_top/u_ddr_mc_pi/u_ddr_mc_write/wrDataVal_reg_0. Replicated 2 times.
INFO: [Physopt 32-81] Processed net u_ddr4/inst/u_ddr4_mem_intfc/u_ddr_cal_top/u_ddr_cal/u_ddr_cal_addr_decode/rst_r1. Replicated 3 times.
INFO: [Physopt 32-572] Net u_ddr4/inst/u_ddr4_mem_intfc/u_ddr_ui/rst_r1 was not replicated.
Resolution: phys_opt_design can be forced to replicate a net driver using the option -force_replication_on_nets <list of net objects>.
INFO: [Physopt 32-81] Processed net u_ddr4/inst/u_ddr4_mem_intfc/u_ddr_cal_top/u_ddr_mc_pi/rst_r1. Replicated 2 times.
INFO: [Physopt 32-572] Net u_ddr4/inst/u_ddr4_mem_intfc/u_ddr_cal_top/u_ddr_cal/u_ddr_cal_addr_decode/u_ddr_cal_cplx/cas_uses_dm was not replicated.
Resolution: phys_opt_design can be forced to replicate a net driver using the option -force_replication_on_nets <list of net objects>.
INFO: [Physopt 32-81] Processed net u_ddr4/inst/u_ddr4_mem_intfc/u_ddr_ui/u_ddr_ui_rd_data/app_rd_data_valid. Replicated 1 times.
INFO: [Physopt 32-81] Processed net u_ddr4/inst/u_ddr4_mem_intfc/u_ddr_cal_top/u_ddr_cal/u_ddr_cal_addr_decode/lrdimm_drive_dq_reg_n_0. Replicated 1 times.
INFO: [Physopt 32-81] Processed net u_ddr4/inst/u_ddr_axi/axi_r_channel_0/rd_data_fifo_0/cnt_read_reg[0]_rep_n_0. Replicated 1 times.
INFO: [Physopt 32-81] Processed net u_ddr4/inst/u_ddr_axi/axi_r_channel_0/rd_data_fifo_0/cnt_read_reg[1]_rep_n_0. Replicated 1 times.
INFO: [Physopt 32-81] Processed net u_ddr4/inst/u_ddr_axi/axi_r_channel_0/rd_data_fifo_0/cnt_read_reg[2]_rep_n_0. Replicated 1 times.
INFO: [Physopt 32-81] Processed net u_ddr4/inst/u_ddr_axi/axi_r_channel_0/rd_data_fifo_0/cnt_read_reg[3]_rep_n_0. Replicated 1 times.
INFO: [Physopt 32-81] Processed net u_ddr4/inst/u_ddr_axi/axi_r_channel_0/rd_data_fifo_0/cnt_read_reg[4]_rep_n_0. Replicated 1 times.
INFO: [Physopt 32-81] Processed net u_mem2/u_bridge/r_beat_data__0. Replicated 1 times.
INFO: [Physopt 32-81] Processed net u_ddr4/inst/u_ddr4_mem_intfc/u_ddr_cal_top/u_ddr_cal/u_ddr_cal_addr_decode/mcal_DQIn_byte_r0. Replicated 1 times.
INFO: [Physopt 32-232] Optimized 17 nets. Created 25 new instances.
INFO: [Physopt 32-775] End 1 Pass. Optimized 17 nets or cells. Created 25 new cells, deleted 0 existing cell and moved 0 existing cell
INFO: [Physopt 32-619] Estimated Timing Summary | WNS=-0.166 | TNS=-0.824 |
Netlist sorting complete. Time (s): cpu = 00:00:00 ; elapsed = 00:00:00.280 . Memory (MB): peak = 8252.152 ; gain = 0.727
Phase 28 Very High Fanout Optimization | Checksum: 157e6ab6e

Time (s): cpu = 00:03:12 ; elapsed = 00:02:00 . Memory (MB): peak = 8252.152 ; gain = 2520.777

Phase 29 Single Cell Placement Optimization
INFO: [Physopt 32-660] Identified 250 candidate nets for placement-based optimization.
INFO: [Physopt 32-662] Processed net u_mem2/u_wr_bytes/gray2bin_return[7].  Did not re-place instance u_mem2/u_wr_bytes/rd_level_carry_i_1
INFO: [Physopt 32-662] Processed net u_mem2/u_bridge/wst.  Did not re-place instance u_mem2/u_bridge/FSM_onehot_wst[6]_i_1
INFO: [Physopt 32-662] Processed net u_mem2/u_wr_bytes/gray2bin_return[2].  Did not re-place instance u_mem2/u_wr_bytes/rd_level_carry_i_6
INFO: [Physopt 32-662] Processed net u_mem2/u_wr_bytes/p_0_in49_in.  Did not re-place instance u_mem2/u_wr_bytes/wr_gray_s2_reg[7]
INFO: [Physopt 32-662] Processed net u_mem2/u_bridge/FSM_onehot_wst[6]_i_3_n_0.  Did not re-place instance u_mem2/u_bridge/FSM_onehot_wst[6]_i_3
INFO: [Physopt 32-662] Processed net u_mem2/u_wr_bytes/FSM_onehot_wst[6]_i_21_n_0.  Did not re-place instance u_mem2/u_wr_bytes/FSM_onehot_wst[6]_i_21
INFO: [Physopt 32-662] Processed net u_mem2/u_wr_bytes/gray2bin_return[1].  Did not re-place instance u_mem2/u_wr_bytes/rd_level_carry_i_7
INFO: [Physopt 32-662] Processed net u_mem2/u_bridge/FSM_onehot_wst_reg_n_0_[2].  Did not re-place instance u_mem2/u_bridge/FSM_onehot_wst_reg[2]
INFO: [Physopt 32-662] Processed net u_mem2/u_wr_bytes/gray2bin_return[0].  Did not re-place instance u_mem2/u_wr_bytes/rd_level_carry_i_8
INFO: [Physopt 32-662] Processed net u_mem2/u_bridge/FSM_onehot_wst_reg_n_0_[1].  Did not re-place instance u_mem2/u_bridge/FSM_onehot_wst_reg[1]
INFO: [Physopt 32-662] Processed net u_mem2/u_wr_bytes/rd_level_carry_i_16_n_0.  Did not re-place instance u_mem2/u_wr_bytes/rd_level_carry_i_16
INFO: [Physopt 32-662] Processed net u_mem2/u_wr_bytes/rd_level_carry_i_15_n_0.  Did not re-place instance u_mem2/u_wr_bytes/rd_level_carry_i_15
INFO: [Physopt 32-662] Processed net u_mem2/u_bridge/DI[4].  Did not re-place instance u_mem2/u_bridge/FSM_onehot_wst[6]_i_14
INFO: [Physopt 32-662] Processed net u_mem2/u_bridge/FSM_onehot_wst_reg_n_0_[6].  Did not re-place instance u_mem2/u_bridge/FSM_onehot_wst_reg[6]
INFO: [Physopt 32-662] Processed net u_mem2/u_wr_bytes/p_1_in62_in.  Did not re-place instance u_mem2/u_wr_bytes/wr_gray_s2_reg[12]
INFO: [Physopt 32-662] Processed net u_mem2/u_bridge/Q[0].  Did not re-place instance u_mem2/u_bridge/FSM_onehot_wst_reg[0]
INFO: [Physopt 32-662] Processed net u_mem2/u_bridge/FSM_onehot_wst_reg_n_0_[4].  Did not re-place instance u_mem2/u_bridge/FSM_onehot_wst_reg[4]
INFO: [Physopt 32-662] Processed net u_mem2/u_bridge/FSM_onehot_wst_reg_n_0_[5].  Did not re-place instance u_mem2/u_bridge/FSM_onehot_wst_reg[5]
INFO: [Physopt 32-662] Processed net u_mem2/u_bridge/FSM_onehot_wst_reg_n_0_[3].  Did not re-place instance u_mem2/u_bridge/FSM_onehot_wst_reg[3]
INFO: [Physopt 32-662] Processed net u_mem2/u_wr_bytes/gray2bin_return[3].  Did not re-place instance u_mem2/u_wr_bytes/rd_level_carry_i_5
INFO: [Physopt 32-662] Processed net u_mem2/u_bridge/DI[5].  Did not re-place instance u_mem2/u_bridge/FSM_onehot_wst[6]_i_13
INFO: [Physopt 32-662] Processed net u_mem2/u_wr_bytes/wr_gray_s2_reg_n_0_[11]_repN.  Did not re-place instance u_mem2/u_wr_bytes/wr_gray_s2_reg[11]_replica
INFO: [Physopt 32-662] Processed net u_mem2/u_wr_bytes/FSM_onehot_wst[6]_i_12_n_0.  Did not re-place instance u_mem2/u_wr_bytes/FSM_onehot_wst[6]_i_12
INFO: [Physopt 32-662] Processed net u_mem2/u_wr_bytes/FSM_onehot_wst[6]_i_20_n_0.  Did not re-place instance u_mem2/u_wr_bytes/FSM_onehot_wst[6]_i_20
INFO: [Physopt 32-662] Processed net u_mem2/u_wr_bytes/p_0_in55_in.  Did not re-place instance u_mem2/u_wr_bytes/wr_gray_s2_reg[9]
INFO: [Physopt 32-662] Processed net u_mem2/u_wr_bytes/rd_level_carry_i_14_n_0.  Did not re-place instance u_mem2/u_wr_bytes/rd_level_carry_i_14
INFO: [Physopt 32-662] Processed net u_mem2/u_wr_bytes/p_0_in58_in_repN.  Did not re-place instance u_mem2/u_wr_bytes/wr_gray_s2_reg[10]_replica
INFO: [Physopt 32-662] Processed net u_mem2/u_bridge/S[0].  Did not re-place instance u_mem2/u_bridge/FSM_onehot_wst[6]_i_19
INFO: [Physopt 32-662] Processed net u_mem2/u_wr_bytes/p_0_in52_in.  Did not re-place instance u_mem2/u_wr_bytes/wr_gray_s2_reg[8]
INFO: [Physopt 32-662] Processed net u_mem2/u_wr_bytes/p_0_in34_in.  Did not re-place instance u_mem2/u_wr_bytes/wr_gray_s2_reg[2]
INFO: [Physopt 32-662] Processed net u_mem2/u_wr_bytes/p_0_in46_in.  Did not re-place instance u_mem2/u_wr_bytes/wr_gray_s2_reg[6]
INFO: [Physopt 32-662] Processed net u_mem/u_wr_bytes/rd_bin_reg[0]_rep__0_n_0.  Did not re-place instance u_mem/u_wr_bytes/rd_bin_reg[0]_rep__0
INFO: [Physopt 32-662] Processed net u_mem/u_wr_bytes/ub_dout[2].  Did not re-place instance u_mem/u_wr_bytes/w_data_r[506]_i_2
INFO: [Physopt 32-662] Processed net u_mem/u_bridge/w_data_r[402]_i_1_n_0.  Did not re-place instance u_mem/u_bridge/w_data_r[402]_i_1
INFO: [Physopt 32-662] Processed net u_mem/u_wr_bytes/w_data_r[506]_i_18_n_0.  Did not re-place instance u_mem/u_wr_bytes/w_data_r[506]_i_18
INFO: [Physopt 32-662] Processed net u_mem/u_bridge/m_axi_wdata[402].  Did not re-place instance u_mem/u_bridge/w_data_r_reg[402]
INFO: [Physopt 32-662] Processed net u_mem/u_wr_bytes/ub_dout[5].  Did not re-place instance u_mem/u_wr_bytes/w_data_r[509]_i_2
INFO: [Physopt 32-662] Processed net u_mem/u_bridge/w_data_r[85]_i_1_n_0.  Did not re-place instance u_mem/u_bridge/w_data_r[85]_i_1
INFO: [Physopt 32-662] Processed net u_mem/u_wr_bytes/w_data_r[509]_i_18_n_0.  Did not re-place instance u_mem/u_wr_bytes/w_data_r[509]_i_18
INFO: [Physopt 32-662] Processed net u_mem/u_bridge/m_axi_wdata[85].  Did not re-place instance u_mem/u_bridge/w_data_r_reg[85]
INFO: [Physopt 32-662] Processed net u_mem/u_bridge/w_data_r[397]_i_1_n_0.  Did not re-place instance u_mem/u_bridge/w_data_r[397]_i_1
INFO: [Physopt 32-662] Processed net u_mem/u_bridge/m_axi_wdata[397].  Did not re-place instance u_mem/u_bridge/w_data_r_reg[397]
INFO: [Physopt 32-662] Processed net u_mem/u_wr_bytes/rd_bin_reg[0]_rep__2_n_0_repN.  Did not re-place instance u_mem/u_wr_bytes/rd_bin_reg[0]_rep__2_replica
INFO: [Physopt 32-662] Processed net u_mem/u_wr_bytes/ub_dout[3].  Did not re-place instance u_mem/u_wr_bytes/w_data_r[507]_i_2
INFO: [Physopt 32-662] Processed net u_mem/u_bridge/w_data_r[339]_i_1_n_0.  Did not re-place instance u_mem/u_bridge/w_data_r[339]_i_1
INFO: [Physopt 32-662] Processed net u_mem/u_wr_bytes/w_data_r[507]_i_23_n_0.  Did not re-place instance u_mem/u_wr_bytes/w_data_r[507]_i_23
INFO: [Physopt 32-662] Processed net u_mem/u_bridge/m_axi_wdata[339].  Did not re-place instance u_mem/u_bridge/w_data_r_reg[339]
INFO: [Physopt 32-662] Processed net u_mem/u_wr_bytes/rd_bin_reg[1]_rep__1_n_0.  Did not re-place instance u_mem/u_wr_bytes/rd_bin_reg[1]_rep__1
INFO: [Physopt 32-662] Processed net u_mem/u_wr_bytes/w_data_r[507]_i_22_n_0.  Did not re-place instance u_mem/u_wr_bytes/w_data_r[507]_i_22
INFO: [Physopt 32-662] Processed net u_mem/u_wr_bytes/rd_bin_reg[1]_rep__2_n_0.  Did not re-place instance u_mem/u_wr_bytes/rd_bin_reg[1]_rep__2
INFO: [Physopt 32-662] Processed net u_mem/u_wr_bytes/ub_dout[0].  Did not re-place instance u_mem/u_wr_bytes/w_data_r[504]_i_2
INFO: [Physopt 32-662] Processed net u_mem/u_bridge/w_data_r[384]_i_1_n_0.  Did not re-place instance u_mem/u_bridge/w_data_r[384]_i_1
INFO: [Physopt 32-662] Processed net u_mem/u_wr_bytes/w_data_r[504]_i_24_n_0.  Did not re-place instance u_mem/u_wr_bytes/w_data_r[504]_i_24
INFO: [Physopt 32-662] Processed net u_mem/u_bridge/m_axi_wdata[384].  Did not re-place instance u_mem/u_bridge/w_data_r_reg[384]
INFO: [Physopt 32-662] Processed net u_mem/u_bridge/w_data_r[74]_i_1_n_0.  Did not re-place instance u_mem/u_bridge/w_data_r[74]_i_1
INFO: [Physopt 32-662] Processed net u_mem/u_bridge/m_axi_wdata[74].  Did not re-place instance u_mem/u_bridge/w_data_r_reg[74]
INFO: [Physopt 32-662] Processed net u_mem2/u_bridge/DI[2].  Did not re-place instance u_mem2/u_bridge/FSM_onehot_wst[6]_i_16
INFO: [Physopt 32-662] Processed net u_mem/u_wr_bytes/rd_bin_reg[1]_rep__0_n_0.  Did not re-place instance u_mem/u_wr_bytes/rd_bin_reg[1]_rep__0
INFO: [Physopt 32-662] Processed net u_mem2/u_wr_bytes/rd_bin_reg[0]_rep_n_0.  Did not re-place instance u_mem2/u_wr_bytes/rd_bin_reg[0]_rep
INFO: [Physopt 32-662] Processed net u_mem2/u_wr_bytes/ub_dout[7].  Did not re-place instance u_mem2/u_wr_bytes/w_data_r[511]_i_6
INFO: [Physopt 32-662] Processed net u_mem2/u_bridge/w_data_r[471]_i_2_n_0.  Did not re-place instance u_mem2/u_bridge/w_data_r[471]_i_2
INFO: [Physopt 32-662] Processed net u_mem2/u_bridge/w_data_r[487]_i_2_n_0.  Did not re-place instance u_mem2/u_bridge/w_data_r[487]_i_2
INFO: [Physopt 32-662] Processed net u_mem2/u_wr_bytes/rd_level_carry_i_11_n_0.  Did not re-place instance u_mem2/u_wr_bytes/rd_level_carry_i_11
INFO: [Physopt 32-662] Processed net u_mem2/u_wr_bytes/w_data_r[511]_i_34_n_0.  Did not re-place instance u_mem2/u_wr_bytes/w_data_r[511]_i_34
INFO: [Physopt 32-662] Processed net u_mem2/u_bridge/m_axi_wdata[471].  Did not re-place instance u_mem2/u_bridge/w_data_r_reg[471]
INFO: [Physopt 32-662] Processed net u_mem2/u_bridge/m_axi_wdata[487].  Did not re-place instance u_mem2/u_bridge/w_data_r_reg[487]
INFO: [Physopt 32-662] Processed net u_mem/u_wr_bytes/rd_bin_reg[0]_rep__1_n_0.  Did not re-place instance u_mem/u_wr_bytes/rd_bin_reg[0]_rep__1
INFO: [Physopt 32-662] Processed net u_mem2/u_wr_bytes/rd_bin_reg[2]_rep__0_n_0.  Did not re-place instance u_mem2/u_wr_bytes/rd_bin_reg[2]_rep__0
INFO: [Physopt 32-662] Processed net u_mem2/u_wr_bytes/ub_dout[3].  Did not re-place instance u_mem2/u_wr_bytes/w_data_r[507]_i_2
INFO: [Physopt 32-662] Processed net u_mem2/u_bridge/w_data_r[323]_i_1_n_0.  Did not re-place instance u_mem2/u_bridge/w_data_r[323]_i_1
INFO: [Physopt 32-662] Processed net u_mem2/u_wr_bytes/w_data_r[507]_i_17_n_0.  Did not re-place instance u_mem2/u_wr_bytes/w_data_r[507]_i_17
INFO: [Physopt 32-662] Processed net u_mem2/u_bridge/m_axi_wdata[323].  Did not re-place instance u_mem2/u_bridge/w_data_r_reg[323]
INFO: [Physopt 32-662] Processed net u_mem2/u_wr_bytes/p_0_in43_in.  Did not re-place instance u_mem2/u_wr_bytes/wr_gray_s2_reg[5]
INFO: [Physopt 32-662] Processed net u_mem2/u_bridge/rd_seq_slot_reg[1]_rep__7_n_0_repN_1.  Did not re-place instance u_mem2/u_bridge/rd_seq_slot_reg[1]_rep__7_replica_1
INFO: [Physopt 32-662] Processed net u_mem2/u_bridge/r_beats[7]_i_2_n_0.  Did not re-place instance u_mem2/u_bridge/r_beats[7]_i_2
INFO: [Physopt 32-662] Processed net u_mem2/u_bridge/p_0_in[7].  Did not re-place instance u_mem2/u_bridge/r_beats[7]_i_1
INFO: [Physopt 32-662] Processed net u_mem2/u_bridge/r_len[6]_i_4_n_0.  Did not re-place instance u_mem2/u_bridge/r_len[6]_i_4
INFO: [Physopt 32-662] Processed net u_mem2/u_bridge/r_len[6]_i_68_n_0.  Did not re-place instance u_mem2/u_bridge/r_len[6]_i_68
INFO: [Physopt 32-662] Processed net u_mem2/u_bridge/r_beats[7].  Did not re-place instance u_mem2/u_bridge/r_beats_reg[7]
INFO: [Physopt 32-662] Processed net u_mem2/u_bridge/rd_seq_slot_reg[2]_rep__3_n_0.  Did not re-place instance u_mem2/u_bridge/rd_seq_slot_reg[2]_rep__3
INFO: [Physopt 32-662] Processed net u_mem2/u_bridge/r_slot.  Did not re-place instance u_mem2/u_bridge/r_slot[7]_i_1
INFO: [Physopt 32-662] Processed net u_mem2/u_bridge/r_slot[7]_i_2_n_0.  Did not re-place instance u_mem2/u_bridge/r_slot[7]_i_2
INFO: [Physopt 32-662] Processed net u_mem2/u_bridge/uc_rd_en.  Did not re-place instance u_mem2/u_bridge/rd_wr_en_i_4
INFO: [Physopt 32-662] Processed net u_mem2/u_bridge/rd_wr_en_i_12_n_0.  Did not re-place instance u_mem2/u_bridge/rd_wr_en_i_12
INFO: [Physopt 32-662] Processed net u_mem2/u_bridge/r_len[15].  Did not re-place instance u_mem2/u_bridge/r_len_reg[15]
INFO: [Physopt 32-662] Processed net u_mem2/u_wr_bytes/rd_level_carry_i_12_n_0.  Did not re-place instance u_mem2/u_wr_bytes/rd_level_carry_i_12
INFO: [Physopt 32-662] Processed net u_ddr4/inst/u_ddr4_mem_intfc/u_io_addr_sync/SYNC[2].sync_reg[1].  Did not re-place instance u_ddr4/inst/u_ddr4_mem_intfc/u_io_addr_sync/SYNC[2].sync_reg_reg[1]
INFO: [Physopt 32-662] Processed net u_ddr4/inst/u_ddr4_mem_intfc/u_io_addr_sync/addr_dec_to_mb_data[3]_i_21_n_0.  Did not re-place instance u_ddr4/inst/u_ddr4_mem_intfc/u_io_addr_sync/addr_dec_to_mb_data[3]_i_21
INFO: [Physopt 32-662] Processed net u_ddr4/inst/u_ddr4_mem_intfc/u_ddr_cal_top/u_ddr_cal/u_ddr_cal_addr_decode/lowCL0[45]_i_3_n_0.  Did not re-place instance u_ddr4/inst/u_ddr4_mem_intfc/u_ddr_cal_top/u_ddr_cal/u_ddr_cal_addr_decode/lowCL0[45]_i_3
INFO: [Physopt 32-662] Processed net u_ddr4/inst/u_ddr4_mem_intfc/u_io_addr_sync/addr_dec_to_mb_data[3]_i_10_n_0.  Did not re-place instance u_ddr4/inst/u_ddr4_mem_intfc/u_io_addr_sync/addr_dec_to_mb_data[3]_i_10
INFO: [Physopt 32-662] Processed net u_ddr4/inst/u_ddr4_mem_intfc/u_io_addr_sync/addr_dec_to_mb_data[3]_i_3_n_0.  Did not re-place instance u_ddr4/inst/u_ddr4_mem_intfc/u_io_addr_sync/addr_dec_to_mb_data[3]_i_3
INFO: [Physopt 32-662] Processed net u_ddr4/inst/u_ddr4_mem_intfc/u_ddr_cal_top/u_ddr_cal/u_ddr_cal_addr_decode/addr_dec_to_mb_data_reg_n_0_[3].  Did not re-place instance u_ddr4/inst/u_ddr4_mem_intfc/u_ddr_cal_top/u_ddr_cal/u_ddr_cal_addr_decode/addr_dec_to_mb_data_reg[3]
INFO: [Physopt 32-662] Processed net u_mem2/u_bridge/DI[1].  Did not re-place instance u_mem2/u_bridge/FSM_onehot_wst[6]_i_17
INFO: [Physopt 32-662] Processed net u_mem/u_wr_bytes/ub_dout[6].  Did not re-place instance u_mem/u_wr_bytes/w_data_r[510]_i_2
INFO: [Physopt 32-662] Processed net u_mem/u_bridge/w_data_r[342]_i_1_n_0.  Did not re-place instance u_mem/u_bridge/w_data_r[342]_i_1
INFO: [Physopt 32-662] Processed net u_mem/u_wr_bytes/w_data_r[510]_i_18_n_0.  Did not re-place instance u_mem/u_wr_bytes/w_data_r[510]_i_18
INFO: [Physopt 32-662] Processed net u_mem/u_bridge/m_axi_wdata[342].  Did not re-place instance u_mem/u_bridge/w_data_r_reg[342]
INFO: [Physopt 32-662] Processed net u_mem2/u_bridge/w_data_r[495]_i_2_n_0.  Did not re-place instance u_mem2/u_bridge/w_data_r[495]_i_2
INFO: [Physopt 32-662] Processed net u_mem2/u_bridge/m_axi_wdata[495].  Did not re-place instance u_mem2/u_bridge/w_data_r_reg[495]
INFO: [Physopt 32-662] Processed net u_mem2/u_bridge/r_len[6]_i_69_n_0.  Did not re-place instance u_mem2/u_bridge/r_len[6]_i_69
INFO: [Physopt 32-662] Processed net u_ddr4/inst/u_ddr4_mem_intfc/u_ddr_cal_top/u_ddr_cal/u_ddr_cal_addr_decode/lowCL0[45]_i_4_n_0.  Did not re-place instance u_ddr4/inst/u_ddr4_mem_intfc/u_ddr_cal_top/u_ddr_cal/u_ddr_cal_addr_decode/lowCL0[45]_i_4
INFO: [Physopt 32-662] Processed net u_mem2/u_bridge/ro_wm[1].  Did not re-place instance u_mem2/u_bridge/stat_wm_reg[1]
INFO: [Physopt 32-662] Processed net u_mem2/u_bridge/w_drain_wait[3]_i_1_n_0.  Did not re-place instance u_mem2/u_bridge/w_drain_wait[3]_i_1
INFO: [Physopt 32-662] Processed net u_mem2/u_bridge/w_slotfull_i_6_n_0.  Did not re-place instance u_mem2/u_bridge/w_slotfull_i_6
INFO: [Physopt 32-662] Processed net u_mem2/u_bridge/w_slotfull_i_94_n_0.  Did not re-place instance u_mem2/u_bridge/w_slotfull_i_94
INFO: [Physopt 32-662] Processed net u_mem2/u_bridge/w_drain_wait_reg_n_0_[3].  Did not re-place instance u_mem2/u_bridge/w_drain_wait_reg[3]
INFO: [Physopt 32-662] Processed net u_mem/u_wr_bytes/w_data_r[510]_i_17_n_0.  Did not re-place instance u_mem/u_wr_bytes/w_data_r[510]_i_17
INFO: [Physopt 32-662] Processed net u_mem2/u_bridge/w_slotfull_i_95_n_0.  Did not re-place instance u_mem2/u_bridge/w_slotfull_i_95
INFO: [Physopt 32-662] Processed net u_mem2/u_bridge/w_drain_wait_reg_n_0_[1].  Did not re-place instance u_mem2/u_bridge/w_drain_wait_reg[1]
INFO: [Physopt 32-662] Processed net u_mem2/u_wr_bytes/rd_bin_reg[0]_rep__1_n_0.  Did not re-place instance u_mem2/u_wr_bytes/rd_bin_reg[0]_rep__1
INFO: [Physopt 32-662] Processed net u_mem2/u_wr_bytes/ub_dout[0].  Did not re-place instance u_mem2/u_wr_bytes/w_data_r[504]_i_2
INFO: [Physopt 32-662] Processed net u_mem/u_bridge/w_data_r[66]_i_1_n_0.  Did not re-place instance u_mem/u_bridge/w_data_r[66]_i_1
INFO: [Physopt 32-662] Processed net u_mem2/u_bridge/w_data_r[384]_i_1_n_0.  Did not re-place instance u_mem2/u_bridge/w_data_r[384]_i_1
INFO: [Physopt 32-662] Processed net u_mem2/u_wr_bytes/w_data_r[504]_i_21_n_0.  Did not re-place instance u_mem2/u_wr_bytes/w_data_r[504]_i_21
INFO: [Physopt 32-662] Processed net u_mem/u_bridge/m_axi_wdata[66].  Did not re-place instance u_mem/u_bridge/w_data_r_reg[66]
INFO: [Physopt 32-662] Processed net u_mem2/u_bridge/m_axi_wdata[384].  Did not re-place instance u_mem2/u_bridge/w_data_r_reg[384]
INFO: [Physopt 32-662] Processed net u_mem/u_bridge/w_data_r[131]_i_1_n_0.  Did not re-place instance u_mem/u_bridge/w_data_r[131]_i_1
INFO: [Physopt 32-662] Processed net u_mem/u_bridge/m_axi_wdata[131].  Did not re-place instance u_mem/u_bridge/w_data_r_reg[131]
INFO: [Physopt 32-662] Processed net u_mem2/u_bridge/r_len[6]_i_70_n_0.  Did not re-place instance u_mem2/u_bridge/r_len[6]_i_70
INFO: [Physopt 32-662] Processed net u_mem2/u_bridge/w_drain_wait_reg_n_0_[0].  Did not re-place instance u_mem2/u_bridge/w_drain_wait_reg[0]
INFO: [Physopt 32-662] Processed net u_mem2/u_bridge/w_drain_wait_reg_n_0_[2].  Did not re-place instance u_mem2/u_bridge/w_drain_wait_reg[2]
INFO: [Physopt 32-662] Processed net u_mem2/u_bridge/w_slotfull_i_4_n_0.  Did not re-place instance u_mem2/u_bridge/w_slotfull_i_4
INFO: [Physopt 32-662] Processed net u_mem2/u_bridge/w_slotfull_i_64_n_0.  Did not re-place instance u_mem2/u_bridge/w_slotfull_i_64
INFO: [Physopt 32-662] Processed net u_mem2/u_wr_bytes/w_data_r[511]_i_36_n_0.  Did not re-place instance u_mem2/u_wr_bytes/w_data_r[511]_i_36
INFO: [Physopt 32-662] Processed net u_mem/u_wr_bytes/ub_dout[4].  Did not re-place instance u_mem/u_wr_bytes/w_data_r[508]_i_2
INFO: [Physopt 32-662] Processed net u_mem/u_bridge/w_data_r[316]_i_1_n_0.  Did not re-place instance u_mem/u_bridge/w_data_r[316]_i_1
INFO: [Physopt 32-662] Processed net u_mem/u_wr_bytes/w_data_r[506]_i_17_n_0.  Did not re-place instance u_mem/u_wr_bytes/w_data_r[506]_i_17
INFO: [Physopt 32-662] Processed net u_mem/u_wr_bytes/w_data_r[508]_i_18_n_0.  Did not re-place instance u_mem/u_wr_bytes/w_data_r[508]_i_18
INFO: [Physopt 32-662] Processed net u_mem/u_bridge/m_axi_wdata[316].  Did not re-place instance u_mem/u_bridge/w_data_r_reg[316]
INFO: [Physopt 32-662] Processed net u_mem/u_bridge/w_data_r[314]_i_1_n_0.  Did not re-place instance u_mem/u_bridge/w_data_r[314]_i_1
INFO: [Physopt 32-662] Processed net u_mem/u_bridge/m_axi_wdata[314].  Did not re-place instance u_mem/u_bridge/w_data_r_reg[314]
INFO: [Physopt 32-662] Processed net u_mem/u_wr_bytes/w_data_r[507]_i_21_n_0.  Did not re-place instance u_mem/u_wr_bytes/w_data_r[507]_i_21
INFO: [Physopt 32-662] Processed net u_mem2/u_bridge/w_data_r[283]_i_1_n_0.  Did not re-place instance u_mem2/u_bridge/w_data_r[283]_i_1
INFO: [Physopt 32-662] Processed net u_mem2/u_bridge/w_data_r[339]_i_1_n_0.  Did not re-place instance u_mem2/u_bridge/w_data_r[339]_i_1
INFO: [Physopt 32-662] Processed net u_mem2/u_bridge/m_axi_wdata[283].  Did not re-place instance u_mem2/u_bridge/w_data_r_reg[283]
INFO: [Physopt 32-662] Processed net u_mem2/u_bridge/m_axi_wdata[339].  Did not re-place instance u_mem2/u_bridge/w_data_r_reg[339]
INFO: [Physopt 32-662] Processed net u_mem2/u_bridge/w_slotfull_i_66_n_0.  Did not re-place instance u_mem2/u_bridge/w_slotfull_i_66
INFO: [Physopt 32-662] Processed net u_mem2/u_bridge/w_slotfull_i_65_n_0.  Did not re-place instance u_mem2/u_bridge/w_slotfull_i_65
INFO: [Physopt 32-662] Processed net u_mem2/u_bridge/w_slotfull_i_67_n_0.  Did not re-place instance u_mem2/u_bridge/w_slotfull_i_67
INFO: [Physopt 32-662] Processed net u_mem2/u_wr_bytes/FSM_onehot_wst[6]_i_23_n_0.  Did not re-place instance u_mem2/u_wr_bytes/FSM_onehot_wst[6]_i_23
INFO: [Physopt 32-662] Processed net u_mem2/u_wr_bytes/w_data_r[511]_i_24_n_0.  Did not re-place instance u_mem2/u_wr_bytes/w_data_r[511]_i_24
INFO: [Physopt 32-662] Processed net u_mem2/u_bridge/w_data_r[271]_i_2_n_0.  Did not re-place instance u_mem2/u_bridge/w_data_r[271]_i_2
INFO: [Physopt 32-662] Processed net u_mem2/u_bridge/m_axi_wdata[271].  Did not re-place instance u_mem2/u_bridge/w_data_r_reg[271]
INFO: [Physopt 32-662] Processed net u_mem2/u_bridge/DI[3].  Did not re-place instance u_mem2/u_bridge/FSM_onehot_wst[6]_i_15
INFO: [Physopt 32-662] Processed net u_mem2/u_bridge/w_data_r[447]_i_2_n_0.  Did not re-place instance u_mem2/u_bridge/w_data_r[447]_i_2
INFO: [Physopt 32-662] Processed net u_mem2/u_bridge/m_axi_wdata[447].  Did not re-place instance u_mem2/u_bridge/w_data_r_reg[447]
INFO: [Physopt 32-662] Processed net u_mem/u_wr_bytes/w_data_r[506]_i_20_n_0.  Did not re-place instance u_mem/u_wr_bytes/w_data_r[506]_i_20
INFO: [Physopt 32-662] Processed net u_mem2/u_bridge/r_len[6]_i_71_n_0.  Did not re-place instance u_mem2/u_bridge/r_len[6]_i_71
INFO: [Physopt 32-662] Processed net u_mem/u_bridge/wst.  Did not re-place instance u_mem/u_bridge/FSM_onehot_wst[6]_i_1
INFO: [Physopt 32-662] Processed net u_mem/u_wr_bytes/gray2bin_return[2].  Did not re-place instance u_mem/u_wr_bytes/rd_level_carry_i_6
INFO: [Physopt 32-662] Processed net u_mem/u_wr_bytes/gray2bin_return[7].  Did not re-place instance u_mem/u_wr_bytes/rd_level_carry_i_1
INFO: [Physopt 32-662] Processed net u_mem/u_wr_bytes/wr_gray_s2_reg_n_0_[11].  Did not re-place instance u_mem/u_wr_bytes/wr_gray_s2_reg[11]
INFO: [Physopt 32-662] Processed net u_mem/u_bridge/FSM_onehot_wst[6]_i_3_n_0.  Did not re-place instance u_mem/u_bridge/FSM_onehot_wst[6]_i_3
INFO: [Physopt 32-662] Processed net u_mem/u_wr_bytes/FSM_onehot_wst[6]_i_21_n_0.  Did not re-place instance u_mem/u_wr_bytes/FSM_onehot_wst[6]_i_21
INFO: [Physopt 32-662] Processed net u_mem/u_bridge/FSM_onehot_wst_reg_n_0_[6].  Did not re-place instance u_mem/u_bridge/FSM_onehot_wst_reg[6]
INFO: [Physopt 32-662] Processed net u_mem/u_wr_bytes/w_data_r[504]_i_23_n_0.  Did not re-place instance u_mem/u_wr_bytes/w_data_r[504]_i_23
INFO: [Physopt 32-662] Processed net u_mem2/u_wr_bytes/ub_dout[1].  Did not re-place instance u_mem2/u_wr_bytes/w_data_r[505]_i_2
INFO: [Physopt 32-662] Processed net u_mem2/u_bridge/w_data_r[337]_i_1_n_0.  Did not re-place instance u_mem2/u_bridge/w_data_r[337]_i_1
INFO: [Physopt 32-662] Processed net u_mem2/u_wr_bytes/w_data_r[505]_i_19_n_0.  Did not re-place instance u_mem2/u_wr_bytes/w_data_r[505]_i_19
INFO: [Physopt 32-662] Processed net u_mem2/u_bridge/m_axi_wdata[337].  Did not re-place instance u_mem2/u_bridge/w_data_r_reg[337]
INFO: [Physopt 32-662] Processed net u_mem2/u_wr_bytes/p_0_in37_in.  Did not re-place instance u_mem2/u_wr_bytes/wr_gray_s2_reg[3]
INFO: [Physopt 32-662] Processed net u_mem/u_wr_bytes/w_data_r[510]_i_19_n_0.  Did not re-place instance u_mem/u_wr_bytes/w_data_r[510]_i_19
INFO: [Physopt 32-662] Processed net u_mem/u_bridge/FSM_onehot_wst_reg_n_0_[5].  Did not re-place instance u_mem/u_bridge/FSM_onehot_wst_reg[5]
INFO: [Physopt 32-662] Processed net u_mem/u_bridge/FSM_onehot_wst_reg_n_0_[4].  Did not re-place instance u_mem/u_bridge/FSM_onehot_wst_reg[4]
INFO: [Physopt 32-662] Processed net u_mem/u_bridge/Q[0].  Did not re-place instance u_mem/u_bridge/FSM_onehot_wst_reg[0]
INFO: [Physopt 32-662] Processed net u_mem/u_bridge/FSM_onehot_wst_reg_n_0_[3].  Did not re-place instance u_mem/u_bridge/FSM_onehot_wst_reg[3]
INFO: [Physopt 32-662] Processed net u_mem/u_bridge/w_data_r[403]_i_1_n_0.  Did not re-place instance u_mem/u_bridge/w_data_r[403]_i_1
INFO: [Physopt 32-662] Processed net u_mem/u_bridge/m_axi_wdata[403].  Did not re-place instance u_mem/u_bridge/w_data_r_reg[403]
INFO: [Physopt 32-662] Processed net u_mem2/u_bridge/rd_seq_slot_reg[1]_rep__11_n_0.  Did not re-place instance u_mem2/u_bridge/rd_seq_slot_reg[1]_rep__11
INFO: [Physopt 32-662] Processed net u_mem2/u_bridge/r_beats[4]_i_2_n_0.  Did not re-place instance u_mem2/u_bridge/r_beats[4]_i_2
INFO: [Physopt 32-662] Processed net u_mem2/u_bridge/r_len[2]_i_4_n_0.  Did not re-place instance u_mem2/u_bridge/r_len[2]_i_4
INFO: [Physopt 32-662] Processed net u_mem2/u_bridge/r_len[2]_i_66_n_0.  Did not re-place instance u_mem2/u_bridge/r_len[2]_i_66
INFO: [Physopt 32-662] Processed net u_mem2/u_bridge/rd_wr_en_i_13_n_0.  Did not re-place instance u_mem2/u_bridge/rd_wr_en_i_13
INFO: [Physopt 32-662] Processed net u_mem2/u_bridge/w_data_r[127]_i_2_n_0.  Did not re-place instance u_mem2/u_bridge/w_data_r[127]_i_2
INFO: [Physopt 32-662] Processed net u_mem2/u_bridge/m_axi_wdata[127].  Did not re-place instance u_mem2/u_bridge/w_data_r_reg[127]
INFO: [Physopt 32-662] Processed net u_mem/u_bridge/w_data_r[408]_i_1_n_0.  Did not re-place instance u_mem/u_bridge/w_data_r[408]_i_1
INFO: [Physopt 32-662] Processed net u_mem/u_bridge/m_axi_wdata[408].  Did not re-place instance u_mem/u_bridge/w_data_r_reg[408]
INFO: [Physopt 32-662] Processed net u_mem2/u_bridge/rd_seq_slot_reg[1]_rep__4_n_0.  Did not re-place instance u_mem2/u_bridge/rd_seq_slot_reg[1]_rep__4
INFO: [Physopt 32-662] Processed net u_mem2/u_wr_bytes/ub_dout[4].  Did not re-place instance u_mem2/u_wr_bytes/w_data_r[508]_i_2
INFO: [Physopt 32-662] Processed net u_mem2/u_bridge/p_0_in[3].  Did not re-place instance u_mem2/u_bridge/r_beats[3]_i_1
INFO: [Physopt 32-662] Processed net u_mem2/u_bridge/r_len[9]_i_108_n_0.  Did not re-place instance u_mem2/u_bridge/r_len[9]_i_108
INFO: [Physopt 32-662] Processed net u_mem2/u_bridge/r_len[9]_i_7_n_0.  Did not re-place instance u_mem2/u_bridge/r_len[9]_i_7
INFO: [Physopt 32-662] Processed net u_mem2/u_bridge/w_data_r[308]_i_1_n_0.  Did not re-place instance u_mem2/u_bridge/w_data_r[308]_i_1
INFO: [Physopt 32-662] Processed net u_mem2/u_wr_bytes/w_data_r[508]_i_18_n_0.  Did not re-place instance u_mem2/u_wr_bytes/w_data_r[508]_i_18
INFO: [Physopt 32-662] Processed net u_mem2/u_bridge/r_beats[3].  Did not re-place instance u_mem2/u_bridge/r_beats_reg[3]
INFO: [Physopt 32-662] Processed net u_mem2/u_bridge/m_axi_wdata[308].  Did not re-place instance u_mem2/u_bridge/w_data_r_reg[308]
INFO: [Physopt 32-662] Processed net u_mem2/u_bridge/rd_wr_en_i_116_n_0.  Did not re-place instance u_mem2/u_bridge/rd_wr_en_i_116
INFO: [Physopt 32-662] Processed net u_mem2/u_bridge/r_len[9]_i_110_n_0.  Did not re-place instance u_mem2/u_bridge/r_len[9]_i_110
INFO: [Physopt 32-662] Processed net u_mem2/u_bridge/rd_wr_en_i_112_n_0.  Did not re-place instance u_mem2/u_bridge/rd_wr_en_i_112
INFO: [Physopt 32-662] Processed net u_mem2/u_bridge/p_0_in[6].  Did not re-place instance u_mem2/u_bridge/r_beats[6]_i_1
INFO: [Physopt 32-662] Processed net u_mem2/u_bridge/r_beats[6].  Did not re-place instance u_mem2/u_bridge/r_beats_reg[6]
INFO: [Physopt 32-662] Processed net u_mem2/u_bridge/r_len[13]_i_106_n_0.  Did not re-place instance u_mem2/u_bridge/r_len[13]_i_106
INFO: [Physopt 32-662] Processed net u_mem2/u_bridge/r_len[13]_i_7_n_0.  Did not re-place instance u_mem2/u_bridge/r_len[13]_i_7
INFO: [Physopt 32-662] Processed net u_mem2/u_bridge/rd_seq_slot_reg[1]_rep__12_n_0.  Did not re-place instance u_mem2/u_bridge/rd_seq_slot_reg[1]_rep__12
INFO: [Physopt 32-662] Processed net u_mem2/u_bridge/r_len[1]_i_4_n_0.  Did not re-place instance u_mem2/u_bridge/r_len[1]_i_4
INFO: [Physopt 32-662] Processed net u_mem2/u_bridge/r_len[1]_i_56_n_0.  Did not re-place instance u_mem2/u_bridge/r_len[1]_i_56
INFO: [Physopt 32-662] Processed net u_mem2/u_bridge/w_data_r[403]_i_1_n_0.  Did not re-place instance u_mem2/u_bridge/w_data_r[403]_i_1
INFO: [Physopt 32-662] Processed net u_mem2/u_bridge/m_axi_wdata[403].  Did not re-place instance u_mem2/u_bridge/w_data_r_reg[403]
INFO: [Physopt 32-662] Processed net u_mem2/u_wr_bytes/ub_dout[6].  Did not re-place instance u_mem2/u_wr_bytes/w_data_r[510]_i_2
INFO: [Physopt 32-662] Processed net u_mem2/u_bridge/rd_wr_en_i_115_n_0.  Did not re-place instance u_mem2/u_bridge/rd_wr_en_i_115
INFO: [Physopt 32-662] Processed net u_mem2/u_bridge/w_data_r[398]_i_1_n_0.  Did not re-place instance u_mem2/u_bridge/w_data_r[398]_i_1
INFO: [Physopt 32-662] Processed net u_mem2/u_wr_bytes/w_data_r[510]_i_15_n_0.  Did not re-place instance u_mem2/u_wr_bytes/w_data_r[510]_i_15
INFO: [Physopt 32-662] Processed net u_mem2/u_wr_bytes/ub_dout[5].  Did not re-place instance u_mem2/u_wr_bytes/w_data_r[509]_i_2
INFO: [Physopt 32-662] Processed net u_mem/u_bridge/w_data_r[352]_i_1_n_0.  Did not re-place instance u_mem/u_bridge/w_data_r[352]_i_1
INFO: [Physopt 32-662] Processed net u_mem2/u_bridge/r_len[2]_i_6_n_0.  Did not re-place instance u_mem2/u_bridge/r_len[2]_i_6
INFO: [Physopt 32-662] Processed net u_mem2/u_bridge/r_len[2]_i_88_n_0.  Did not re-place instance u_mem2/u_bridge/r_len[2]_i_88
INFO: [Physopt 32-662] Processed net u_mem2/u_bridge/w_data_r[389]_i_1_n_0.  Did not re-place instance u_mem2/u_bridge/w_data_r[389]_i_1
INFO: [Physopt 32-662] Processed net u_mem2/u_wr_bytes/w_data_r[509]_i_22_n_0.  Did not re-place instance u_mem2/u_wr_bytes/w_data_r[509]_i_22
INFO: [Physopt 32-662] Processed net u_mem/u_bridge/m_axi_wdata[352].  Did not re-place instance u_mem/u_bridge/w_data_r_reg[352]
INFO: [Physopt 32-662] Processed net u_mem2/u_bridge/m_axi_wdata[389].  Did not re-place instance u_mem2/u_bridge/w_data_r_reg[389]
INFO: [Physopt 32-662] Processed net u_mem2/u_bridge/r_len[13]_i_107_n_0.  Did not re-place instance u_mem2/u_bridge/r_len[13]_i_107
INFO: [Physopt 32-662] Processed net u_mem2/u_bridge/r_len[1]_i_58_n_0.  Did not re-place instance u_mem2/u_bridge/r_len[1]_i_58
INFO: [Physopt 32-662] Processed net u_mem2/u_bridge/w_data_r[320]_i_1_n_0.  Did not re-place instance u_mem2/u_bridge/w_data_r[320]_i_1
INFO: [Physopt 32-662] Processed net u_mem2/u_bridge/m_axi_wdata[320].  Did not re-place instance u_mem2/u_bridge/w_data_r_reg[320]
INFO: [Physopt 32-662] Processed net u_mem/u_wr_bytes/gray2bin_return[1].  Did not re-place instance u_mem/u_wr_bytes/rd_level_carry_i_7
INFO: [Physopt 32-662] Processed net u_mem2/u_wr_bytes/ub_empty.  Did not re-place instance u_mem2/u_wr_bytes/w_data_r[447]_i_4
INFO: [Physopt 32-662] Processed net u_mem2/u_bridge/w_data_r[239]_i_3_n_0.  Did not re-place instance u_mem2/u_bridge/w_data_r[239]_i_3
INFO: [Physopt 32-662] Processed net u_mem2/u_wr_bytes/w_data_r[447]_i_5_n_0.  Did not re-place instance u_mem2/u_wr_bytes/w_data_r[447]_i_5
INFO: [Physopt 32-662] Processed net u_mem2/u_bridge/m_axi_wdata[239].  Did not re-place instance u_mem2/u_bridge/w_data_r_reg[239]
INFO: [Physopt 32-662] Processed net u_mem2/u_bridge/r_len[2]_i_67_n_0.  Did not re-place instance u_mem2/u_bridge/r_len[2]_i_67
INFO: [Physopt 32-662] Processed net u_mem2/u_wr_bytes/w_data_r[510]_i_22_n_0.  Did not re-place instance u_mem2/u_wr_bytes/w_data_r[510]_i_22
INFO: [Physopt 32-662] Processed net u_mem/u_wr_bytes/w_data_r[507]_i_27_n_0.  Did not re-place instance u_mem/u_wr_bytes/w_data_r[507]_i_27
INFO: [Physopt 32-662] Processed net u_mem/u_wr_bytes/gray2bin_return[0].  Did not re-place instance u_mem/u_wr_bytes/rd_level_carry_i_8
INFO: [Physopt 32-662] Processed net u_mem2/u_wr_bytes/rd_bin_reg[1]_rep__1_n_0.  Did not re-place instance u_mem2/u_wr_bytes/rd_bin_reg[1]_rep__1
INFO: [Physopt 32-662] Processed net u_mem2/u_bridge/w_data_r[482]_i_1_n_0.  Did not re-place instance u_mem2/u_bridge/w_data_r[482]_i_1
INFO: [Physopt 32-662] Processed net u_mem2/u_wr_bytes/w_data_r[506]_i_20_n_0.  Did not re-place instance u_mem2/u_wr_bytes/w_data_r[506]_i_20
INFO: [Physopt 32-662] Processed net u_mem2/u_bridge/m_axi_wdata[482].  Did not re-place instance u_mem2/u_bridge/w_data_r_reg[482]
INFO: [Physopt 32-662] Processed net u_mem2/u_bridge/r_len[1]_i_57_n_0.  Did not re-place instance u_mem2/u_bridge/r_len[1]_i_57
INFO: [Physopt 32-662] Processed net u_mem2/u_bridge/r_len[1]_i_59_n_0.  Did not re-place instance u_mem2/u_bridge/r_len[1]_i_59
INFO: [Physopt 32-662] Processed net u_mem2/u_bridge/r_len[1]_i_5_n_0.  Did not re-place instance u_mem2/u_bridge/r_len[1]_i_5
INFO: [Physopt 32-662] Processed net u_mem2/u_bridge/r_len[1]_i_74_n_0.  Did not re-place instance u_mem2/u_bridge/r_len[1]_i_74
INFO: [Physopt 32-662] Processed net u_mem2/u_bridge/r_len[9]_i_109_n_0.  Did not re-place instance u_mem2/u_bridge/r_len[9]_i_109
INFO: [Physopt 32-662] Processed net u_mem2/u_wr_bytes/w_data_r[507]_i_22_n_0.  Did not re-place instance u_mem2/u_wr_bytes/w_data_r[507]_i_22
INFO: [Physopt 32-662] Processed net u_mem2/u_bridge/r_len[4]_i_5_n_0.  Did not re-place instance u_mem2/u_bridge/r_len[4]_i_5
INFO: [Physopt 32-662] Processed net u_mem/u_bridge/w_data_r[400]_i_1_n_0.  Did not re-place instance u_mem/u_bridge/w_data_r[400]_i_1
INFO: [Physopt 32-662] Processed net u_mem2/u_bridge/w_data_r[407]_i_2_n_0.  Did not re-place instance u_mem2/u_bridge/w_data_r[407]_i_2
INFO: [Physopt 32-662] Processed net u_mem/u_bridge/m_axi_wdata[400].  Did not re-place instance u_mem/u_bridge/w_data_r_reg[400]
INFO: [Physopt 32-661] Optimized 13 nets.  Re-placed 13 instances.
INFO: [Physopt 32-775] End 1 Pass. Optimized 13 nets or cells. Created 0 new cell, deleted 0 existing cell and moved 13 existing cells
INFO: [Physopt 32-619] Estimated Timing Summary | WNS=-0.166 | TNS=-0.824 |
Netlist sorting complete. Time (s): cpu = 00:00:00 ; elapsed = 00:00:00.020 . Memory (MB): peak = 8547.520 ; gain = 0.223
Phase 29 Single Cell Placement Optimization | Checksum: d1c331a8

Time (s): cpu = 00:03:35 ; elapsed = 00:02:14 . Memory (MB): peak = 8547.520 ; gain = 2816.145

Phase 30 Multi Cell Placement Optimization
INFO: [Physopt 32-660] Identified 100 candidate nets for placement-based optimization.
INFO: [Physopt 32-662] Processed net u_mem2/u_wr_bytes/gray2bin_return[7].  Did not re-place instance u_mem2/u_wr_bytes/rd_level_carry_i_1/O
INFO: [Physopt 32-662] Processed net u_mem2/u_bridge/wst.  Did not re-place instance u_mem2/u_bridge/FSM_onehot_wst[6]_i_1/O
INFO: [Physopt 32-662] Processed net u_mem2/u_wr_bytes/gray2bin_return[2].  Did not re-place instance u_mem2/u_wr_bytes/rd_level_carry_i_6/O
INFO: [Physopt 32-662] Processed net u_mem2/u_wr_bytes/p_0_in49_in.  Did not re-place instance u_mem2/u_wr_bytes/wr_gray_s2_reg[7]/Q
INFO: [Physopt 32-662] Processed net u_mem2/u_bridge/FSM_onehot_wst[6]_i_3_n_0.  Did not re-place instance u_mem2/u_bridge/FSM_onehot_wst[6]_i_3/O
INFO: [Physopt 32-662] Processed net u_mem2/u_wr_bytes/p_1_in62_in.  Did not re-place instance u_mem2/u_wr_bytes/wr_gray_s2_reg[12]/Q
INFO: [Physopt 32-662] Processed net u_mem2/u_wr_bytes/wr_gray_s2_reg_n_0_[11]_repN.  Did not re-place instance u_mem2/u_wr_bytes/wr_gray_s2_reg[11]_replica/Q
INFO: [Physopt 32-662] Processed net u_mem2/u_wr_bytes/p_0_in55_in.  Did not re-place instance u_mem2/u_wr_bytes/wr_gray_s2_reg[9]/Q
INFO: [Physopt 32-662] Processed net u_mem2/u_wr_bytes/p_0_in58_in_repN.  Did not re-place instance u_mem2/u_wr_bytes/wr_gray_s2_reg[10]_replica/Q
INFO: [Physopt 32-662] Processed net u_mem2/u_wr_bytes/p_0_in52_in.  Did not re-place instance u_mem2/u_wr_bytes/wr_gray_s2_reg[8]/Q
INFO: [Physopt 32-662] Processed net u_mem2/u_wr_bytes/p_0_in34_in.  Did not re-place instance u_mem2/u_wr_bytes/wr_gray_s2_reg[2]/Q
INFO: [Physopt 32-661] Optimized 0 net.  Re-placed 0 instance.
INFO: [Physopt 32-775] End 1 Pass. Optimized 0 net or cell. Created 0 new cell, deleted 0 existing cell and moved 0 existing cell
Netlist sorting complete. Time (s): cpu = 00:00:00 ; elapsed = 00:00:00.017 . Memory (MB): peak = 8727.629 ; gain = 0.449
Phase 30 Multi Cell Placement Optimization | Checksum: d1c331a8

Time (s): cpu = 00:03:44 ; elapsed = 00:02:20 . Memory (MB): peak = 8727.629 ; gain = 2996.254

Phase 31 SLR Crossing Optimization
Phase 31 SLR Crossing Optimization | Checksum: d1c331a8

Time (s): cpu = 00:03:44 ; elapsed = 00:02:20 . Memory (MB): peak = 8727.629 ; gain = 2996.254

Phase 32 Critical Path Optimization
INFO: [Physopt 32-619] Estimated Timing Summary | WNS=-0.166 | TNS=-0.824 |
INFO: [Physopt 32-702] Processed net u_mem2/u_bridge/FSM_onehot_wst_reg_n_0_[2]. Optimizations did not improve timing on the net.
INFO: [Physopt 32-702] Processed net u_mem2/u_wr_bytes/p_0_in49_in. Optimizations did not improve timing on the net.
INFO: [Physopt 32-710] Processed net u_mem2/u_bridge/wst. Critical path length was reduced through logic transformation on cell u_mem2/u_bridge/FSM_onehot_wst[6]_i_1_comp.
INFO: [Physopt 32-735] Processed net u_mem2/u_bridge/FSM_onehot_wst[6]_i_3_n_0. Optimization improves timing on the net.
INFO: [Physopt 32-619] Estimated Timing Summary | WNS=-0.039 | TNS=-0.071 |
INFO: [Physopt 32-702] Processed net u_mem2/u_wr_bytes/CO[0]. Optimizations did not improve timing on the net.
INFO: [Physopt 32-702] Processed net u_mem2/u_wr_bytes/FSM_onehot_wst[6]_i_21_n_0. Optimizations did not improve timing on the net.
INFO: [Physopt 32-702] Processed net u_mem2/u_wr_bytes/rd_level[9]. Optimizations did not improve timing on the net.
INFO: [Physopt 32-702] Processed net u_mem2/u_wr_bytes/rd_level_carry_n_0. Optimizations did not improve timing on the net.
INFO: [Physopt 32-702] Processed net u_mem2/u_wr_bytes/gray2bin_return[1]. Optimizations did not improve timing on the net.
INFO: [Physopt 32-710] Processed net u_mem2/u_wr_bytes/gray2bin_return[1]. Critical path length was reduced through logic transformation on cell u_mem2/u_wr_bytes/rd_level_carry_i_7_comp.
INFO: [Physopt 32-735] Processed net u_mem2/u_wr_bytes/gray2bin_return[2]. Optimization improves timing on the net.
INFO: [Physopt 32-619] Estimated Timing Summary | WNS=-0.036 | TNS=-0.065 |
INFO: [Physopt 32-702] Processed net u_mem2/u_wr_bytes/gray2bin_return[0]. Optimizations did not improve timing on the net.
INFO: [Physopt 32-702] Processed net u_mem2/u_wr_bytes/gray2bin_return[2]. Optimizations did not improve timing on the net.
INFO: [Physopt 32-571] Net u_mem2/u_wr_bytes/gray2bin_return[7] was not replicated.
INFO: [Physopt 32-702] Processed net u_mem2/u_wr_bytes/gray2bin_return[7]. Optimizations did not improve timing on the net.
INFO: [Physopt 32-735] Processed net u_mem2/u_bridge/wst. Optimization improves timing on the net.
INFO: [Physopt 32-619] Estimated Timing Summary | WNS=-0.035 | TNS=-0.229 |
INFO: [Physopt 32-702] Processed net u_mem2/u_bridge/FSM_onehot_wst_reg_n_0_[1]. Optimizations did not improve timing on the net.
INFO: [Physopt 32-702] Processed net u_mem2/u_bridge/wst. Optimizations did not improve timing on the net.
INFO: [Physopt 32-702] Processed net u_mem2/u_bridge/FSM_onehot_wst_reg_n_0_[1]. Optimizations did not improve timing on the net.
INFO: [Physopt 32-702] Processed net u_mem2/u_wr_bytes/p_0_in49_in. Optimizations did not improve timing on the net.
INFO: [Physopt 32-702] Processed net u_mem2/u_wr_bytes/CO[0]. Optimizations did not improve timing on the net.
INFO: [Physopt 32-702] Processed net u_mem2/u_wr_bytes/FSM_onehot_wst[6]_i_21_n_0. Optimizations did not improve timing on the net.
INFO: [Physopt 32-702] Processed net u_mem2/u_wr_bytes/rd_level[9]. Optimizations did not improve timing on the net.
INFO: [Physopt 32-702] Processed net u_mem2/u_wr_bytes/gray2bin_return[0]. Optimizations did not improve timing on the net.
INFO: [Physopt 32-702] Processed net u_mem2/u_wr_bytes/gray2bin_return[2]. Optimizations did not improve timing on the net.
INFO: [Physopt 32-702] Processed net u_mem2/u_wr_bytes/gray2bin_return[7]. Optimizations did not improve timing on the net.
INFO: [Physopt 32-702] Processed net u_mem2/u_bridge/wst. Optimizations did not improve timing on the net.
INFO: [Physopt 32-619] Estimated Timing Summary | WNS=-0.035 | TNS=-0.229 |
Phase 32 Critical Path Optimization | Checksum: d1c331a8

Time (s): cpu = 00:04:12 ; elapsed = 00:02:37 . Memory (MB): peak = 9156.043 ; gain = 3424.668

Phase 33 Critical Path Optimization
INFO: [Physopt 32-619] Estimated Timing Summary | WNS=-0.035 | TNS=-0.229 |
INFO: [Physopt 32-702] Processed net u_mem2/u_bridge/FSM_onehot_wst_reg_n_0_[1]. Optimizations did not improve timing on the net.
INFO: [Physopt 32-702] Processed net u_mem2/u_wr_bytes/p_0_in49_in. Optimizations did not improve timing on the net.
INFO: [Physopt 32-702] Processed net u_mem2/u_wr_bytes/CO[0]. Optimizations did not improve timing on the net.
INFO: [Physopt 32-702] Processed net u_mem2/u_wr_bytes/FSM_onehot_wst[6]_i_21_n_0. Optimizations did not improve timing on the net.
INFO: [Physopt 32-702] Processed net u_mem2/u_wr_bytes/rd_level[9]. Optimizations did not improve timing on the net.
INFO: [Physopt 32-702] Processed net u_mem2/u_wr_bytes/rd_level_carry_n_0. Optimizations did not improve timing on the net.
INFO: [Physopt 32-702] Processed net u_mem2/u_wr_bytes/gray2bin_return[0]. Optimizations did not improve timing on the net.
INFO: [Physopt 32-702] Processed net u_mem2/u_wr_bytes/gray2bin_return[2]. Optimizations did not improve timing on the net.
INFO: [Physopt 32-571] Net u_mem2/u_wr_bytes/gray2bin_return[7] was not replicated.
INFO: [Physopt 32-702] Processed net u_mem2/u_wr_bytes/gray2bin_return[7]. Optimizations did not improve timing on the net.
INFO: [Physopt 32-702] Processed net u_mem2/u_bridge/wst. Optimizations did not improve timing on the net.
INFO: [Physopt 32-702] Processed net u_mem2/u_bridge/FSM_onehot_wst_reg_n_0_[1]. Optimizations did not improve timing on the net.
INFO: [Physopt 32-702] Processed net u_mem2/u_wr_bytes/p_0_in49_in. Optimizations did not improve timing on the net.
INFO: [Physopt 32-702] Processed net u_mem2/u_wr_bytes/CO[0]. Optimizations did not improve timing on the net.
INFO: [Physopt 32-702] Processed net u_mem2/u_wr_bytes/FSM_onehot_wst[6]_i_21_n_0. Optimizations did not improve timing on the net.
INFO: [Physopt 32-702] Processed net u_mem2/u_wr_bytes/rd_level[9]. Optimizations did not improve timing on the net.
INFO: [Physopt 32-702] Processed net u_mem2/u_wr_bytes/gray2bin_return[0]. Optimizations did not improve timing on the net.
INFO: [Physopt 32-702] Processed net u_mem2/u_wr_bytes/gray2bin_return[2]. Optimizations did not improve timing on the net.
INFO: [Physopt 32-702] Processed net u_mem2/u_wr_bytes/gray2bin_return[7]. Optimizations did not improve timing on the net.
INFO: [Physopt 32-702] Processed net u_mem2/u_bridge/wst. Optimizations did not improve timing on the net.
INFO: [Physopt 32-619] Estimated Timing Summary | WNS=-0.035 | TNS=-0.229 |
Phase 33 Critical Path Optimization | Checksum: d1c331a8

Time (s): cpu = 00:04:36 ; elapsed = 00:02:51 . Memory (MB): peak = 9558.613 ; gain = 3827.238

Phase 34 BRAM Enable Optimization
Phase 34 BRAM Enable Optimization | Checksum: d1c331a8

Time (s): cpu = 00:04:36 ; elapsed = 00:02:52 . Memory (MB): peak = 9558.613 ; gain = 3827.238

Phase 35 Hold Fix Optimization
INFO: [Physopt 32-668] Estimated Timing Summary | WNS=-0.035 | TNS=-0.229 | WHS=-0.518 | THS=-19.286 |
INFO: [Physopt 32-66] No high hold slack nets found for hold slack optimization.
INFO: [Physopt 32-668] Estimated Timing Summary | WNS=-0.035 | TNS=-0.229 | WHS=-0.518 | THS=-19.286 |
Phase 35 Hold Fix Optimization | Checksum: d1c331a8

Time (s): cpu = 00:05:19 ; elapsed = 00:03:32 . Memory (MB): peak = 9558.613 ; gain = 3827.238
Netlist sorting complete. Time (s): cpu = 00:00:00 ; elapsed = 00:00:00.046 . Memory (MB): peak = 9558.613 ; gain = 0.000
Netlist sorting complete. Time (s): cpu = 00:00:00 ; elapsed = 00:00:00.017 . Memory (MB): peak = 9558.613 ; gain = 0.000
INFO: [Physopt 32-669] Post Physical Optimization Timing Summary | WNS=-0.035 | TNS=-0.229 | WHS=-0.518 | THS=-19.286 |

Summary of Physical Synthesis Optimizations
============================================


----------------------------------------------------------------------------------------------------------------------------------------------------------------------
|  Optimization            |  WNS Gain (ns)  |  TNS Gain (ns)  |  Added Cells  |  Removed Cells  |  Optimized Cells/Nets  |  Dont Touch  |  Iterations  |  Elapsed   |
----------------------------------------------------------------------------------------------------------------------------------------------------------------------
|  Fanout                  |          0.000  |          0.011  |           81  |              0  |                    34  |          21  |           3  |  00:00:28  |
|  Single Cell Placement   |          0.000  |          0.000  |            0  |              0  |                   149  |           0  |           4  |  00:00:55  |
|  Multi Cell Placement    |          0.000  |          0.000  |            0  |              0  |                     1  |           0  |           4  |  00:00:20  |
|  Rewire                  |          0.000  |          0.000  |            0  |              0  |                     0  |           0  |           3  |  00:00:00  |
|  Critical Cell           |          0.000  |          0.000  |            3  |              0  |                     3  |          12  |           3  |  00:00:03  |
|  SLR Crossing            |          0.000  |          0.000  |            0  |              0  |                     0  |           0  |           3  |  00:00:00  |
|  DSP Register            |          0.000  |          0.000  |            0  |              0  |                     0  |           0  |           2  |  00:00:00  |
|  BRAM Register           |          0.000  |          0.000  |            0  |              0  |                     0  |           0  |           2  |  00:00:00  |
|  URAM Register           |          0.000  |          0.000  |            0  |              0  |                     0  |           0  |           2  |  00:00:00  |
|  Shift Register          |          0.000  |          0.000  |            0  |              0  |                     0  |           0  |           2  |  00:00:00  |
|  Critical Pin            |          0.011  |          0.077  |            0  |              0  |                     1  |           0  |           1  |  00:00:02  |
|  Very High Fanout        |          0.000  |          0.000  |           25  |              0  |                    17  |           3  |           1  |  00:00:16  |
|  BRAM Enable             |          0.000  |          0.000  |            0  |              0  |                     0  |           0  |           1  |  00:00:00  |
|  Critical Path           |          0.131  |          0.595  |            0  |              0  |                     3  |           0  |           2  |  00:00:32  |
|  Total                   |          0.142  |          0.683  |          109  |              0  |                   208  |          36  |          33  |  00:02:37  |
----------------------------------------------------------------------------------------------------------------------------------------------------------------------


Summary of Hold Fix Optimizations
=================================


--------------------------------------------------------------------------------------------------------------------------------------------------------------
|  Optimization               |  WHS Gain (ns)  |  THS Gain (ns)  |  Added LUTs  |  Added FFs  |  Optimized Nets  |  Dont Touch  |  Iterations  |  Elapsed   |
--------------------------------------------------------------------------------------------------------------------------------------------------------------
|  LUT1 and ZHOLD Insertion   |          0.000  |          0.000  |           0  |          0  |               0  |           0  |           0  |  00:00:00  |
|  Total                      |          0.000  |          0.000  |           0  |          0  |               0  |           0  |           0  |  00:00:00  |
--------------------------------------------------------------------------------------------------------------------------------------------------------------


Netlist sorting complete. Time (s): cpu = 00:00:00 ; elapsed = 00:00:00.018 . Memory (MB): peak = 9558.613 ; gain = 0.000
Ending Physical Synthesis Task | Checksum: 15676190c

Time (s): cpu = 00:05:22 ; elapsed = 00:03:35 . Memory (MB): peak = 9558.613 ; gain = 3827.238
INFO: [Common 17-83] Releasing license: Implementation
1445 Infos, 88 Warnings, 0 Critical Warnings and 0 Errors encountered.
phys_opt_design completed successfully
phys_opt_design: Time (s): cpu = 00:05:48 ; elapsed = 00:03:50 . Memory (MB): peak = 9558.613 ; gain = 3827.238
Command: route_design -directive NoTimingRelaxation
Attempting to get a license for feature 'Implementation' and/or device 'xcku060'
INFO: [Common 17-349] Got license for feature 'Implementation' and/or device 'xcku060'
INFO: [DRC 23-27] Running DRC with 2 threads
INFO: [Vivado_Tcl 4-198] DRC finished with 0 Errors
INFO: [Vivado_Tcl 4-199] Please refer to the DRC report (report_drc) for more information.
Running DRC as a precondition to command route_design
INFO: [DRC 23-27] Running DRC with 2 threads
INFO: [Vivado_Tcl 4-198] DRC finished with 0 Errors
INFO: [Vivado_Tcl 4-199] Please refer to the DRC report (report_drc) for more information.


Starting Routing Task
INFO: [Route 35-270] Using Router directive 'NoTimingRelaxation'.
INFO: [Route 35-254] Multithreading enabled for route_design using a maximum of 2 CPUs

Phase 1 Build RT Design
Checksum: PlaceDB: 460e4742 ConstDB: 0 ShapeSum: 747365a9 RouteDB: 41dc05b3
Post Restoration Checksum: NetGraph: 52d714a1 | NumContArr: 2a6cdf5e | Constraints: 570c23c8 | Timing: 0
Phase 1 Build RT Design | Checksum: d45017c7

Time (s): cpu = 00:01:37 ; elapsed = 00:01:23 . Memory (MB): peak = 9558.613 ; gain = 0.000

Phase 2 Router Initialization

Phase 2.1 Fix Topology Constraints
Phase 2.1 Fix Topology Constraints | Checksum: d45017c7

Time (s): cpu = 00:01:37 ; elapsed = 00:01:23 . Memory (MB): peak = 9558.613 ; gain = 0.000

Phase 2.2 Pre Route Cleanup
Phase 2.2 Pre Route Cleanup | Checksum: d45017c7

Time (s): cpu = 00:01:37 ; elapsed = 00:01:23 . Memory (MB): peak = 9558.613 ; gain = 0.000

Phase 2.3 Global Clock Net Routing
 Number of Nodes with overlaps = 0
Phase 2.3 Global Clock Net Routing | Checksum: 165d7f753

Time (s): cpu = 00:01:41 ; elapsed = 00:01:26 . Memory (MB): peak = 9558.613 ; gain = 0.000

Phase 2.4 Update Timing
Phase 2.4 Update Timing | Checksum: 241eb45df

Time (s): cpu = 00:02:00 ; elapsed = 00:01:38 . Memory (MB): peak = 9558.613 ; gain = 0.000
INFO: [Route 35-416] Intermediate Timing Summary | WNS=0.068  | TNS=0.000  | WHS=-0.320 | THS=-14.031|


Phase 2.5 Update Timing for Bus Skew

Phase 2.5.1 Update Timing
Phase 2.5.1 Update Timing | Checksum: 1f81a6566

Time (s): cpu = 00:02:40 ; elapsed = 00:02:02 . Memory (MB): peak = 9558.613 ; gain = 0.000
INFO: [Route 35-416] Intermediate Timing Summary | WNS=0.068  | TNS=0.000  | WHS=N/A    | THS=N/A    |

Phase 2.5 Update Timing for Bus Skew | Checksum: 206e6d336

Time (s): cpu = 00:02:40 ; elapsed = 00:02:02 . Memory (MB): peak = 9558.613 ; gain = 0.000

Router Utilization Summary
  Global Vertical Routing Utilization    = 0.00124899 %
  Global Horizontal Routing Utilization  = 0.000915378 %
  Routable Net Status*
  *Does not include unroutable nets such as driverless and loadless.
  Run report_route_status for detailed report.
  Number of Failed Nets               = 82144
    (Failed Nets is the sum of unrouted and partially routed nets)
  Number of Unrouted Nets             = 70345
  Number of Partially Routed Nets     = 11799
  Number of Node Overlaps             = 0

Phase 2 Router Initialization | Checksum: 25232c993

Time (s): cpu = 00:02:43 ; elapsed = 00:02:03 . Memory (MB): peak = 9558.613 ; gain = 0.000

Phase 3 Initial Routing

Phase 3.1 Global Routing
Phase 3.1 Global Routing | Checksum: 25232c993

Time (s): cpu = 00:02:43 ; elapsed = 00:02:03 . Memory (MB): peak = 9558.613 ; gain = 0.000
Phase 3 Initial Routing | Checksum: 1a05c0611

Time (s): cpu = 00:03:08 ; elapsed = 00:02:18 . Memory (MB): peak = 9558.613 ; gain = 0.000

Phase 4 Rip-up And Reroute

Phase 4.1 Global Iteration 0
 Number of Nodes with overlaps = 14540
 Number of Nodes with overlaps = 1445
 Number of Nodes with overlaps = 202
 Number of Nodes with overlaps = 54
 Number of Nodes with overlaps = 11
 Number of Nodes with overlaps = 6
 Number of Nodes with overlaps = 3
 Number of Nodes with overlaps = 1
 Number of Nodes with overlaps = 0
INFO: [Route 35-467] Router swapped GT pin u_aurora_b/aurora_64b66b_1_i/inst/aurora_64b66b_1_wrapper_i/aurora_64b66b_1_multi_gt_i/aurora_64b66b_1_gt_i/inst/gen_gtwizard_gthe3_top.aurora_64b66b_1_gt_gtwizard_gthe3_inst/gen_gtwizard_gthe3.gen_channel_container[26].gen_enabled_channel.gthe3_channel_wrapper_inst/channel_inst/gthe3_channel_gen.gen_gthe3_channel_inst[0].GTHE3_CHANNEL_PRIM_INST/GTREFCLK0 to physical pin GTHE3_CHANNEL_X1Y9/MGTREFCLK1
INFO: [Route 35-467] Router swapped GT pin u_aurora/aurora_64b66b_0_i/inst/aurora_64b66b_0_wrapper_i/aurora_64b66b_0_multi_gt_i/aurora_64b66b_0_gt_i/inst/gen_gtwizard_gthe3_top.aurora_64b66b_0_gt_gtwizard_gthe3_inst/gen_gtwizard_gthe3.gen_channel_container[26].gen_enabled_channel.gthe3_channel_wrapper_inst/channel_inst/gthe3_channel_gen.gen_gthe3_channel_inst[0].GTHE3_CHANNEL_PRIM_INST/GTREFCLK0 to physical pin GTHE3_CHANNEL_X1Y11/MGTREFCLK1
INFO: [Route 35-467] Router swapped GT pin u_aurora/ultrascale_gt_common_1/aurora_64b66b_0_gt_gthe3_common_wrapper_i/common_inst/gthe3_common_gen.GTHE3_COMMON_PRIM_INST/GTREFCLK01 to physical pin GTHE3_COMMON_X1Y2/COM2_REFCLKOUT1
INFO: [Route 35-416] Intermediate Timing Summary | WNS=-0.233 | TNS=-7.128 | WHS=-0.159 | THS=-1.965 |

Phase 4.1 Global Iteration 0 | Checksum: 1d421f394

Time (s): cpu = 00:04:50 ; elapsed = 00:03:27 . Memory (MB): peak = 9558.613 ; gain = 0.000

Phase 4.2 Global Iteration 1
 Number of Nodes with overlaps = 514
 Number of Nodes with overlaps = 105
 Number of Nodes with overlaps = 51
 Number of Nodes with overlaps = 14
 Number of Nodes with overlaps = 5
 Number of Nodes with overlaps = 3
 Number of Nodes with overlaps = 2
 Number of Nodes with overlaps = 0
INFO: [Route 35-416] Intermediate Timing Summary | WNS=-0.064 | TNS=-0.496 | WHS=N/A    | THS=N/A    |

Phase 4.2 Global Iteration 1 | Checksum: 248493b76

Time (s): cpu = 00:05:13 ; elapsed = 00:03:45 . Memory (MB): peak = 9558.613 ; gain = 0.000

Phase 4.3 Global Iteration 2
 Number of Nodes with overlaps = 257
 Number of Nodes with overlaps = 55
 Number of Nodes with overlaps = 14
 Number of Nodes with overlaps = 4
 Number of Nodes with overlaps = 2
 Number of Nodes with overlaps = 1
 Number of Nodes with overlaps = 1
 Number of Nodes with overlaps = 0
INFO: [Route 35-416] Intermediate Timing Summary | WNS=-0.047 | TNS=-0.221 | WHS=N/A    | THS=N/A    |

Phase 4.3 Global Iteration 2 | Checksum: 1c2cbae25

Time (s): cpu = 00:05:30 ; elapsed = 00:04:00 . Memory (MB): peak = 9558.613 ; gain = 0.000

Phase 4.4 Global Iteration 3
 Number of Nodes with overlaps = 676
 Number of Nodes with overlaps = 81
 Number of Nodes with overlaps = 25
 Number of Nodes with overlaps = 10
 Number of Nodes with overlaps = 4
 Number of Nodes with overlaps = 3
 Number of Nodes with overlaps = 2
 Number of Nodes with overlaps = 1
 Number of Nodes with overlaps = 0
INFO: [Route 35-416] Intermediate Timing Summary | WNS=-0.038 | TNS=-0.062 | WHS=N/A    | THS=N/A    |

Phase 4.4 Global Iteration 3 | Checksum: 26f13cced

Time (s): cpu = 00:05:55 ; elapsed = 00:04:22 . Memory (MB): peak = 9558.613 ; gain = 0.000

Phase 4.5 Global Iteration 4
 Number of Nodes with overlaps = 319
 Number of Nodes with overlaps = 27
 Number of Nodes with overlaps = 5
 Number of Nodes with overlaps = 4
 Number of Nodes with overlaps = 1
 Number of Nodes with overlaps = 2
 Number of Nodes with overlaps = 0
INFO: [Route 35-416] Intermediate Timing Summary | WNS=0.008  | TNS=0.000  | WHS=N/A    | THS=N/A    |

Phase 4.5 Global Iteration 4 | Checksum: 2366e74c3

Time (s): cpu = 00:06:05 ; elapsed = 00:04:31 . Memory (MB): peak = 9558.613 ; gain = 0.000
Phase 4 Rip-up And Reroute | Checksum: 2366e74c3

Time (s): cpu = 00:06:05 ; elapsed = 00:04:31 . Memory (MB): peak = 9558.613 ; gain = 0.000

Phase 5 Delay and Skew Optimization

Phase 5.1 Delay CleanUp
Phase 5.1 Delay CleanUp | Checksum: 2366e74c3

Time (s): cpu = 00:06:06 ; elapsed = 00:04:31 . Memory (MB): peak = 9558.613 ; gain = 0.000

Phase 5.2 Clock Skew Optimization
Phase 5.2 Clock Skew Optimization | Checksum: 2366e74c3

Time (s): cpu = 00:06:06 ; elapsed = 00:04:31 . Memory (MB): peak = 9558.613 ; gain = 0.000
Phase 5 Delay and Skew Optimization | Checksum: 2366e74c3

Time (s): cpu = 00:06:06 ; elapsed = 00:04:31 . Memory (MB): peak = 9558.613 ; gain = 0.000

Phase 6 Post Hold Fix

Phase 6.1 Hold Fix Iter

Phase 6.1.1 Update Timing
Phase 6.1.1 Update Timing | Checksum: 23e210851

Time (s): cpu = 00:06:17 ; elapsed = 00:04:38 . Memory (MB): peak = 9558.613 ; gain = 0.000
INFO: [Route 35-416] Intermediate Timing Summary | WNS=0.008  | TNS=0.000  | WHS=0.004  | THS=0.000  |

Phase 6.1 Hold Fix Iter | Checksum: 220b94a9f

Time (s): cpu = 00:06:17 ; elapsed = 00:04:38 . Memory (MB): peak = 9558.613 ; gain = 0.000
Phase 6 Post Hold Fix | Checksum: 220b94a9f

Time (s): cpu = 00:06:17 ; elapsed = 00:04:38 . Memory (MB): peak = 9558.613 ; gain = 0.000

Phase 7 Route finalize

Router Utilization Summary
  Global Vertical Routing Utilization    = 3.3009 %
  Global Horizontal Routing Utilization  = 2.69993 %
  Routable Net Status*
  *Does not include unroutable nets such as driverless and loadless.
  Run report_route_status for detailed report.
  Number of Failed Nets               = 0
    (Failed Nets is the sum of unrouted and partially routed nets)
  Number of Unrouted Nets             = 0
  Number of Partially Routed Nets     = 0
  Number of Node Overlaps             = 0

Phase 7 Route finalize | Checksum: 1d92229d8

Time (s): cpu = 00:06:21 ; elapsed = 00:04:41 . Memory (MB): peak = 9558.613 ; gain = 0.000

Phase 8 Verifying routed nets

 Verification completed successfully
Phase 8 Verifying routed nets | Checksum: 1d92229d8

Time (s): cpu = 00:06:21 ; elapsed = 00:04:41 . Memory (MB): peak = 9558.613 ; gain = 0.000

Phase 9 Depositing Routes
Phase 9 Depositing Routes | Checksum: 1d92229d8

Time (s): cpu = 00:06:25 ; elapsed = 00:04:44 . Memory (MB): peak = 9558.613 ; gain = 0.000

Phase 10 Post Router Timing
INFO: [Route 35-20] Post Routing Timing Summary | WNS=0.008  | TNS=0.000  | WHS=0.004  | THS=0.000  |

Phase 10 Post Router Timing | Checksum: 1ddb926e0

Time (s): cpu = 00:06:58 ; elapsed = 00:05:06 . Memory (MB): peak = 9558.613 ; gain = 0.000
INFO: [Route 35-61] The design met the timing requirement.
INFO: [Route 35-16] Router Completed Successfully

Phase 11 Post-Route Event Processing
Phase 11 Post-Route Event Processing | Checksum: 118a5ec8b

Time (s): cpu = 00:06:59 ; elapsed = 00:05:06 . Memory (MB): peak = 9558.613 ; gain = 0.000

Time (s): cpu = 00:06:59 ; elapsed = 00:05:06 . Memory (MB): peak = 9558.613 ; gain = 0.000

Routing Is Done.
INFO: [Common 17-83] Releasing license: Implementation
1469 Infos, 88 Warnings, 0 Critical Warnings and 0 Errors encountered.
route_design completed successfully
route_design: Time (s): cpu = 00:07:08 ; elapsed = 00:05:13 . Memory (MB): peak = 9558.613 ; gain = 0.000
Command: phys_opt_design -directive AggressiveExplore
Attempting to get a license for feature 'Implementation' and/or device 'xcku060'
INFO: [Common 17-349] Got license for feature 'Implementation' and/or device 'xcku060'
INFO: [Vivado_Tcl 4-241] Physical synthesis in post route mode 
INFO: [Vivado_Tcl 4-137] Directive used for phys_opt_design is: AggressiveExplore

Starting Initial Update Timing Task

Time (s): cpu = 00:00:06 ; elapsed = 00:00:04 . Memory (MB): peak = 9558.613 ; gain = 0.000
INFO: [Vivado_Tcl 4-383] Design worst setup slack (WNS) is greater than or equal to 0.000 ns. Skipping all physical synthesis optimizations.
INFO: [Vivado_Tcl 4-232] No setup violation found. The netlist was not modified.
INFO: [Common 17-83] Releasing license: Implementation
1475 Infos, 88 Warnings, 0 Critical Warnings and 0 Errors encountered.
phys_opt_design completed successfully
phys_opt_design: Time (s): cpu = 00:00:08 ; elapsed = 00:00:06 . Memory (MB): peak = 9558.613 ; gain = 0.000
INFO: [Timing 38-91] UpdateTimingParams: Speed grade: -2, Temperature grade: I, Delay Type: min_max.
INFO: [Timing 38-191] Multithreading enabled for timing update using a maximum of 2 CPUs
WARNING: [Timing 38-436] There are set_bus_skew constraint(s) in this design. Please run report_bus_skew to ensure that bus skew requirements are met.
WARNING: [Timing 38-453] Line(s) in the report have been truncated to keep line length below 5000 characters.
report_timing_summary: Time (s): cpu = 00:00:09 ; elapsed = 00:00:06 . Memory (MB): peak = 9558.613 ; gain = 0.000
WNS_FIX4: 0.008
WHS_FIX4: 0.004
INFO: [Timing 38-480] Writing timing data to binary archive.
Writing XDEF routing.
Writing XDEF routing logical nets.
Writing XDEF routing special nets.
Write XDEF Complete: Time (s): cpu = 00:00:15 ; elapsed = 00:00:06 . Memory (MB): peak = 9558.613 ; gain = 0.000
INFO: [Common 17-1381] The checkpoint 'D:/FPGA/prj/project_10/prj_loop/scripts/post_route.dcp' has been generated.
write_checkpoint: Time (s): cpu = 00:00:21 ; elapsed = 00:00:11 . Memory (MB): peak = 9558.613 ; gain = 0.000
Command: write_bitstream -force D:/FPGA/prj/project_10/prj_loop/out/aurora_mem_bridge.bit
Attempting to get a license for feature 'Implementation' and/or device 'xcku060'
INFO: [Common 17-349] Got license for feature 'Implementation' and/or device 'xcku060'
Running DRC as a precondition to command write_bitstream
INFO: [IP_Flow 19-1839] IP Catalog is up to date.
INFO: [DRC 23-27] Running DRC with 2 threads
WARNING: [DRC PDCN-1569] LUT equation term check: Used physical LUT pin 'A2' of cell dbg_hub/inst/BSCANID.u_xsdbm_id/SWITCH_N_EXT_BSCAN.id_state[0]_i_1 (pin dbg_hub/inst/BSCANID.u_xsdbm_id/SWITCH_N_EXT_BSCAN.id_state[0]_i_1/I0) is not included in the LUT equation: 'O6=(A6+~A6)*((A1))'. If this cell is a user instantiated LUT in the design, please remove connectivity to the pin or change the equation and/or INIT string of the LUT to prevent this issue. If the cell is inferred or IP created LUT, please regenerate the IP and/or resynthesize the design to attempt to correct the issue.
WARNING: [DRC PDCN-1569] LUT equation term check: Used physical LUT pin 'A4' of cell dbg_hub/inst/BSCANID.u_xsdbm_id/SWITCH_N_EXT_BSCAN.bscan_switch/temp_curid[31]_i_1 (pin dbg_hub/inst/BSCANID.u_xsdbm_id/SWITCH_N_EXT_BSCAN.bscan_switch/temp_curid[31]_i_1/I1) is not included in the LUT equation: 'O5=(A1*A3)+(A1*(~A3)*(~A2))+((~A1))'. If this cell is a user instantiated LUT in the design, please remove connectivity to the pin or change the equation and/or INIT string of the LUT to prevent this issue. If the cell is inferred or IP created LUT, please regenerate the IP and/or resynthesize the design to attempt to correct the issue.
WARNING: [DRC PDCN-1569] LUT equation term check: Used physical LUT pin 'A5' of cell dbg_hub/inst/BSCANID.u_xsdbm_id/SWITCH_N_EXT_BSCAN.bscan_switch/temp_curid[31]_i_1 (pin dbg_hub/inst/BSCANID.u_xsdbm_id/SWITCH_N_EXT_BSCAN.bscan_switch/temp_curid[31]_i_1/I0) is not included in the LUT equation: 'O5=(A1*A3)+(A1*(~A3)*(~A2))+((~A1))'. If this cell is a user instantiated LUT in the design, please remove connectivity to the pin or change the equation and/or INIT string of the LUT to prevent this issue. If the cell is inferred or IP created LUT, please regenerate the IP and/or resynthesize the design to attempt to correct the issue.
WARNING: [DRC RTSTAT-10] No routable loads: 155 net(s) have no routable loads. The problem bus(es) and/or net(s) are u_ddr4/inst/u_ddr4_mem_intfc/u_ddr_cal_riu/LMB_CE_riu, u_ddr4/inst/u_ddr4_mem_intfc/u_ddr_cal_riu/LMB_UE_riu, u_ddr4/inst/u_ddr4_mem_intfc/u_ddr_cal_top/u_ddr_cal/u_xsdb_arbiter/Q[12], u_ddr4/inst/u_ddr4_mem_intfc/u_ddr_cal_top/u_ddr_cal/u_xsdb_arbiter/Q[13], u_ddr4/inst/u_ddr4_mem_intfc/u_ddr_cal_top/u_ddr_cal/u_xsdb_arbiter/Q[14], u_ddr4/inst/u_ddr4_mem_intfc/u_ddr_cal_top/u_ddr_cal/u_xsdb_arbiter/Q[15], u_ddr4/inst/u_ddr4_mem_intfc/u_phy2clb_phy_rdy_upp/SYNC[0].sync_reg[1], u_ddr4/inst/u_ddr4_mem_intfc/u_phy2clb_fixdly_rdy_low/SYNC[0].sync_reg[1], u_ddr4/inst/u_ddr4_mem_intfc/u_phy2clb_phy_rdy_low/SYNC[0].sync_reg[1], u_ddr4/inst/u_ddr4_mem_intfc/u_phy2clb_fixdly_rdy_upp/SYNC[0].sync_reg[1], u_ddr4/inst/u_ddr4_mem_intfc/u_phy2clb_fixdly_rdy_upp/SYNC[1].sync_reg[1], u_ddr4/inst/u_ddr4_mem_intfc/u_phy2clb_phy_rdy_upp/SYNC[1].sync_reg[1], u_ddr4/inst/u_ddr4_mem_intfc/u_phy2clb_fixdly_rdy_low/SYNC[1].sync_reg[1], u_ddr4/inst/u_ddr4_mem_intfc/u_phy2clb_phy_rdy_low/SYNC[1].sync_reg[1], u_ddr4/inst/u_ddr4_mem_intfc/u_phy2clb_fixdly_rdy_low/SYNC[2].sync_reg[1]... and (the first 15 of 149 listed).
INFO: [Vivado 12-3199] DRC finished with 0 Errors, 4 Warnings
INFO: [Vivado 12-3200] Please refer to the DRC report (report_drc) for more information.
INFO: [Designutils 20-2272] Running write_bitstream with 2 threads.
Loading data files...
Loading site data...
Loading route data...
Processing options...
Creating bitmap...
Creating bitstream...
Bitstream compression saved 121973408 bits.
Writing bitstream D:/FPGA/prj/project_10/prj_loop/out/aurora_mem_bridge.bit...
INFO: [Vivado 12-1842] Bitgen Completed Successfully.
INFO: [Common 17-83] Releasing license: Implementation
1487 Infos, 94 Warnings, 0 Critical Warnings and 0 Errors encountered.
write_bitstream completed successfully
write_bitstream: Time (s): cpu = 00:01:05 ; elapsed = 00:00:44 . Memory (MB): peak = 9558.613 ; gain = 0.000
BITSTREAM_OK: constraints met
INFO: [Common 17-206] Exiting Vivado at Wed Oct  7 16:41:59 2026...
