#-----------------------------------------------------------
# Vivado v2023.1 (64-bit)
# SW Build 3865809 on Sun May  7 15:05:29 MDT 2023
# IP Build 3864474 on Sun May  7 20:36:21 MDT 2023
# SharedData Build 3865790 on Sun May 07 13:33:03 MDT 2023
# Start of session at: Thu Oct  8 20:57:43 2026
# Process ID: 40160
# Current directory: D:/FPGA/prj/project_10/prj_loop
# Command line: vivado.exe -mode batch -source scripts\build_debug.tcl -notrace -log build_w5_runt.log -journal build_w5_runt.jou
# Log file: D:/FPGA/prj/project_10/prj_loop/build_w5_runt.log
# Journal file: D:/FPGA/prj/project_10/prj_loop\build_w5_runt.jou
# Running On: Xuegulin, OS: Windows, CPU Frequency: 2419 MHz, CPU Physical cores: 16, Host memory: 16890 MB
#-----------------------------------------------------------
source {scripts\build_debug.tcl} -notrace
Scanning sources...
Finished scanning sources
INFO: [IP_Flow 19-234] Refreshing IP repositories
INFO: [IP_Flow 19-1704] No user IP repositories specified
INFO: [IP_Flow 19-2313] Loaded Vivado IP repository 'D:/Xilinx/Vivado/2023.1/data/ip'.
WARNING: [filemgmt 56-443] The ECC Algorithm string is empty. Setting the Memory Map to default ECC value to ECC_NONE.
WARNING: [filemgmt 56-443] The ECC Algorithm string is empty. Setting the Memory Map to default ECC value to ECC_NONE.
open_project: Time (s): cpu = 00:00:08 ; elapsed = 00:00:09 . Memory (MB): peak = 1537.113 ; gain = 228.285
WARNING: [filemgmt 56-443] The ECC Algorithm string is empty. Setting the Memory Map to default ECC value to ECC_NONE.
WARNING: [filemgmt 56-443] The ECC Algorithm string is empty. Setting the Memory Map to default ECC value to ECC_NONE.
INFO: [IP_Flow 19-1686] Generating 'Instantiation Template' target for IP 'ddr4_0'...
INFO: [IP_Flow 19-1686] Generating 'Synthesis' target for IP 'ddr4_0'...
INFO: [Device 21-403] Loading part xcku060-ffva1156-2-i
INFO: [IP_Flow 19-1686] Generating 'Simulation' target for IP 'ddr4_0'...
INFO: [IP_Flow 19-1686] Generating 'Implementation' target for IP 'ddr4_0'...
INFO: [IP_Flow 19-1686] Generating 'Change Log' target for IP 'ddr4_0'...
WARNING: [filemgmt 56-443] The ECC Algorithm string is empty. Setting the Memory Map to default ECC value to ECC_NONE.
WARNING: [filemgmt 56-443] The ECC Algorithm string is empty. Setting the Memory Map to default ECC value to ECC_NONE.
WARNING: [filemgmt 56-443] The ECC Algorithm string is empty. Setting the Memory Map to default ECC value to ECC_NONE.
WARNING: [filemgmt 56-443] The ECC Algorithm string is empty. Setting the Memory Map to default ECC value to ECC_NONE.
Exporting to file d:/FPGA/prj/project_10/prj_loop/vivado/prj_loop.gen/sources_1/ip/ddr4_0/bd_0/hw_handoff/ddr4_0_microblaze_mcs.hwh
Generated Hardware Definition File d:/FPGA/prj/project_10/prj_loop/vivado/prj_loop.gen/sources_1/ip/ddr4_0/bd_0/synth/ddr4_0_microblaze_mcs.hwdef
generate_target: Time (s): cpu = 00:00:10 ; elapsed = 00:00:13 . Memory (MB): peak = 2372.383 ; gain = 835.270
INFO: [Project 1-1161] Replacing file D:/FPGA/prj/project_10/prj_loop/vivado/prj_loop.srcs/utils_1/imports/synth_1/aurora_mem_bridge.dcp with file D:/FPGA/prj/project_10/prj_loop/vivado/prj_loop.runs/synth_1/aurora_mem_bridge.dcp
[Thu Oct  8 20:58:11 2026] Launched ddr4_0_synth_1...
Run output will be captured here: D:/FPGA/prj/project_10/prj_loop/vivado/prj_loop.runs/ddr4_0_synth_1/runme.log
[Thu Oct  8 20:58:11 2026] Launched synth_1...
Run output will be captured here: D:/FPGA/prj/project_10/prj_loop/vivado/prj_loop.runs/synth_1/runme.log
[Thu Oct  8 20:58:11 2026] Waiting for synth_1 to finish...

*** Running vivado
    with args -log aurora_mem_bridge.vds -m64 -product Vivado -mode batch -messageDb vivado.pb -notrace -source aurora_mem_bridge.tcl



****** Vivado v2023.1 (64-bit)
  **** SW Build 3865809 on Sun May  7 15:05:29 MDT 2023
  **** IP Build 3864474 on Sun May  7 20:36:21 MDT 2023
  **** SharedData Build 3865790 on Sun May 07 13:33:03 MDT 2023
    ** Copyright 1986-2022 Xilinx, Inc. All Rights Reserved.
    ** Copyright 2022-2023 Advanced Micro Devices, Inc. All Rights Reserved.

source aurora_mem_bridge.tcl -notrace
create_project: Time (s): cpu = 00:00:05 ; elapsed = 00:00:05 . Memory (MB): peak = 1468.168 ; gain = 160.500
Command: read_checkpoint -auto_incremental -incremental D:/FPGA/prj/project_10/prj_loop/vivado/prj_loop.srcs/utils_1/imports/synth_1/aurora_mem_bridge.dcp
INFO: [Vivado 12-5825] Read reference checkpoint from D:/FPGA/prj/project_10/prj_loop/vivado/prj_loop.srcs/utils_1/imports/synth_1/aurora_mem_bridge.dcp for incremental synthesis
INFO: [Vivado 12-7989] Please ensure there are no constraint changes
Command: synth_design -top aurora_mem_bridge -part xcku060-ffva1156-2-i
Starting synth_design
Attempting to get a license for feature 'Synthesis' and/or device 'xcku060'
INFO: [Common 17-349] Got license for feature 'Synthesis' and/or device 'xcku060'
INFO: [Device 21-403] Loading part xcku060-ffva1156-2-i
INFO: [Synth 8-7079] Multithreading enabled for synth_design using a maximum of 2 processes.
INFO: [Synth 8-7078] Launching helper process for spawning children vivado processes
INFO: [Synth 8-7075] Helper process launched with PID 28384
INFO: [Synth 8-11241] undeclared symbol 'power_down_i', assumed default net type 'wire' [D:/FPGA/prj/project_9/shared_logic/aurora_64b66b_0_support_ext.v:231]
INFO: [Synth 8-11241] undeclared symbol 'gt_to_common_qpllreset_i', assumed default net type 'wire' [D:/FPGA/prj/project_9/shared_logic/aurora_64b66b_0_support_ext.v:276]
INFO: [Synth 8-11241] undeclared symbol 'tx_lock', assumed default net type 'wire' [D:/FPGA/prj/project_9/shared_logic/aurora_64b66b_0_support_ext.v:370]
---------------------------------------------------------------------------------
Starting RTL Elaboration : Time (s): cpu = 00:00:05 ; elapsed = 00:00:05 . Memory (MB): peak = 2703.805 ; gain = 408.766
---------------------------------------------------------------------------------
INFO: [Synth 8-6157] synthesizing module 'aurora_mem_bridge' [D:/FPGA/prj/project_10/rtl/aurora_mem_bridge.v:43]
INFO: [Synth 8-6157] synthesizing module 'IBUFDS' [D:/Xilinx/Vivado/2023.1/scripts/rt/data/unisim_comp.v:71783]
INFO: [Synth 8-6155] done synthesizing module 'IBUFDS' (0#1) [D:/Xilinx/Vivado/2023.1/scripts/rt/data/unisim_comp.v:71783]
INFO: [Synth 8-6157] synthesizing module 'BUFG' [D:/Xilinx/Vivado/2023.1/scripts/rt/data/unisim_comp.v:1519]
INFO: [Synth 8-6155] done synthesizing module 'BUFG' (0#1) [D:/Xilinx/Vivado/2023.1/scripts/rt/data/unisim_comp.v:1519]
INFO: [Synth 8-6157] synthesizing module 'aurora_64b66b_0_support_ext' [D:/FPGA/prj/project_9/shared_logic/aurora_64b66b_0_support_ext.v:67]
INFO: [Synth 8-6157] synthesizing module 'aurora_64b66b_0_gt_common_wrapper' [D:/FPGA/prj/project_9/shared_logic/aurora_64b66b_0_gt_common_wrapper.v:6]
INFO: [Synth 8-6157] synthesizing module 'aurora_64b66b_0_gt_gthe3_common_wrapper' [D:/FPGA/prj/project_9/shared_logic/aurora_64b66b_0_gt_gthe3_common_wrapper.v:4]
INFO: [Synth 8-6157] synthesizing module 'gtwizard_ultrascale_v1_7_16_gthe3_common' [D:/FPGA/prj/project_9/shared_logic/gtwizard_ultrascale_v1_7_gthe3_common.v:55]
	Parameter GTHE3_COMMON_BIAS_CFG0 bound to: 16'b0000000000000000 
	Parameter GTHE3_COMMON_BIAS_CFG1 bound to: 16'b0000000000000000 
	Parameter GTHE3_COMMON_BIAS_CFG2 bound to: 16'b0000000000000000 
	Parameter GTHE3_COMMON_BIAS_CFG3 bound to: 16'b0000000001000000 
	Parameter GTHE3_COMMON_BIAS_CFG4 bound to: 16'b0000000000000000 
	Parameter GTHE3_COMMON_BIAS_CFG_RSVD bound to: 10'b0000000000 
	Parameter GTHE3_COMMON_COMMON_CFG0 bound to: 16'b0000000000000000 
	Parameter GTHE3_COMMON_COMMON_CFG1 bound to: 16'b0000000000000000 
	Parameter GTHE3_COMMON_POR_CFG bound to: 16'b0000000000000100 
	Parameter GTHE3_COMMON_QPLL0_CFG0 bound to: 16'b0011001000011100 
	Parameter GTHE3_COMMON_QPLL0_CFG1 bound to: 16'b0001000000011000 
	Parameter GTHE3_COMMON_QPLL0_CFG1_G3 bound to: 16'b0001000000011000 
	Parameter GTHE3_COMMON_QPLL0_CFG2 bound to: 16'b0000000001001000 
	Parameter GTHE3_COMMON_QPLL0_CFG2_G3 bound to: 16'b0000000001001000 
	Parameter GTHE3_COMMON_QPLL0_CFG3 bound to: 16'b0000000100100000 
	Parameter GTHE3_COMMON_QPLL0_CFG4 bound to: 16'b0000000000001001 
	Parameter GTHE3_COMMON_QPLL0_CP bound to: 10'b0000011111 
	Parameter GTHE3_COMMON_QPLL0_CP_G3 bound to: 10'b1111111111 
	Parameter GTHE3_COMMON_QPLL0_FBDIV bound to: 66 - type: integer 
	Parameter GTHE3_COMMON_QPLL0_FBDIV_G3 bound to: 80 - type: integer 
	Parameter GTHE3_COMMON_QPLL0_INIT_CFG0 bound to: 16'b0000001010110010 
	Parameter GTHE3_COMMON_QPLL0_INIT_CFG1 bound to: 8'b00000000 
	Parameter GTHE3_COMMON_QPLL0_LOCK_CFG bound to: 16'b0010000111101000 
	Parameter GTHE3_COMMON_QPLL0_LOCK_CFG_G3 bound to: 16'b0010000111101000 
	Parameter GTHE3_COMMON_QPLL0_LPF bound to: 10'b1111111100 
	Parameter GTHE3_COMMON_QPLL0_LPF_G3 bound to: 10'b0000010101 
	Parameter GTHE3_COMMON_QPLL0_REFCLK_DIV bound to: 1 - type: integer 
	Parameter GTHE3_COMMON_QPLL0_SDM_CFG0 bound to: 16'b0000000000000000 
	Parameter GTHE3_COMMON_QPLL0_SDM_CFG1 bound to: 16'b0000000000000000 
	Parameter GTHE3_COMMON_QPLL0_SDM_CFG2 bound to: 16'b0000000000000000 
	Parameter GTHE3_COMMON_QPLL1_CFG0 bound to: 16'b0011001000011100 
	Parameter GTHE3_COMMON_QPLL1_CFG1 bound to: 16'b0001000000011000 
	Parameter GTHE3_COMMON_QPLL1_CFG1_G3 bound to: 16'b0001000000011000 
	Parameter GTHE3_COMMON_QPLL1_CFG2 bound to: 16'b0000000001000000 
	Parameter GTHE3_COMMON_QPLL1_CFG2_G3 bound to: 16'b0000000001000000 
	Parameter GTHE3_COMMON_QPLL1_CFG3 bound to: 16'b0000000100100000 
	Parameter GTHE3_COMMON_QPLL1_CFG4 bound to: 16'b0000000000001001 
	Parameter GTHE3_COMMON_QPLL1_CP bound to: 10'b0001111111 
	Parameter GTHE3_COMMON_QPLL1_CP_G3 bound to: 10'b1111111111 
	Parameter GTHE3_COMMON_QPLL1_FBDIV bound to: 64 - type: integer 
	Parameter GTHE3_COMMON_QPLL1_FBDIV_G3 bound to: 80 - type: integer 
	Parameter GTHE3_COMMON_QPLL1_INIT_CFG0 bound to: 16'b0000001010110010 
	Parameter GTHE3_COMMON_QPLL1_INIT_CFG1 bound to: 8'b00000000 
	Parameter GTHE3_COMMON_QPLL1_LOCK_CFG bound to: 16'b0010000111101000 
	Parameter GTHE3_COMMON_QPLL1_LOCK_CFG_G3 bound to: 16'b0010000111101000 
	Parameter GTHE3_COMMON_QPLL1_LPF bound to: 10'b1111111100 
	Parameter GTHE3_COMMON_QPLL1_LPF_G3 bound to: 10'b0000010101 
	Parameter GTHE3_COMMON_QPLL1_REFCLK_DIV bound to: 1 - type: integer 
	Parameter GTHE3_COMMON_QPLL1_SDM_CFG0 bound to: 16'b0000000000000000 
	Parameter GTHE3_COMMON_QPLL1_SDM_CFG1 bound to: 16'b0000000000000000 
	Parameter GTHE3_COMMON_QPLL1_SDM_CFG2 bound to: 16'b0000000000000000 
	Parameter GTHE3_COMMON_RSVD_ATTR0 bound to: 16'b0000000000000000 
	Parameter GTHE3_COMMON_RSVD_ATTR1 bound to: 16'b0000000000000000 
	Parameter GTHE3_COMMON_RSVD_ATTR2 bound to: 16'b0000000000000000 
	Parameter GTHE3_COMMON_RSVD_ATTR3 bound to: 16'b0000000000000000 
	Parameter GTHE3_COMMON_RXRECCLKOUT0_SEL bound to: 2'b00 
	Parameter GTHE3_COMMON_RXRECCLKOUT1_SEL bound to: 2'b00 
	Parameter GTHE3_COMMON_SARC_EN bound to: 1'b1 
	Parameter GTHE3_COMMON_SARC_SEL bound to: 1'b0 
	Parameter GTHE3_COMMON_SDM0DATA1_0 bound to: 16'b0000000000000000 
	Parameter GTHE3_COMMON_SDM0DATA1_1 bound to: 9'b000000000 
	Parameter GTHE3_COMMON_SDM0INITSEED0_0 bound to: 16'b0000000000000000 
	Parameter GTHE3_COMMON_SDM0INITSEED0_1 bound to: 9'b000000000 
	Parameter GTHE3_COMMON_SDM0_DATA_PIN_SEL bound to: 1'b0 
	Parameter GTHE3_COMMON_SDM0_WIDTH_PIN_SEL bound to: 1'b0 
	Parameter GTHE3_COMMON_SDM1DATA1_0 bound to: 16'b0000000000000000 
	Parameter GTHE3_COMMON_SDM1DATA1_1 bound to: 9'b000000000 
	Parameter GTHE3_COMMON_SDM1INITSEED0_0 bound to: 16'b0000000000000000 
	Parameter GTHE3_COMMON_SDM1INITSEED0_1 bound to: 9'b000000000 
	Parameter GTHE3_COMMON_SDM1_DATA_PIN_SEL bound to: 1'b0 
	Parameter GTHE3_COMMON_SDM1_WIDTH_PIN_SEL bound to: 1'b0 
	Parameter GTHE3_COMMON_SIM_RESET_SPEEDUP bound to: TRUE - type: string 
	Parameter GTHE3_COMMON_SIM_VERSION bound to: 2 - type: integer 
	Parameter GTHE3_COMMON_BGBYPASSB_VAL bound to: 1'b1 
	Parameter GTHE3_COMMON_BGMONITORENB_VAL bound to: 1'b1 
	Parameter GTHE3_COMMON_BGPDB_VAL bound to: 1'b1 
	Parameter GTHE3_COMMON_BGRCALOVRD_VAL bound to: 5'b11111 
	Parameter GTHE3_COMMON_BGRCALOVRDENB_VAL bound to: 1'b1 
	Parameter GTHE3_COMMON_DRPADDR_VAL bound to: 9'b000000000 
	Parameter GTHE3_COMMON_DRPCLK_VAL bound to: 1'b0 
	Parameter GTHE3_COMMON_DRPDI_VAL bound to: 16'b0000000000000000 
	Parameter GTHE3_COMMON_DRPEN_VAL bound to: 1'b0 
	Parameter GTHE3_COMMON_DRPWE_VAL bound to: 1'b0 
	Parameter GTHE3_COMMON_GTGREFCLK0_VAL bound to: 1'b0 
	Parameter GTHE3_COMMON_GTGREFCLK1_VAL bound to: 1'b0 
	Parameter GTHE3_COMMON_GTNORTHREFCLK00_VAL bound to: 1'b0 
	Parameter GTHE3_COMMON_GTNORTHREFCLK01_VAL bound to: 1'b0 
	Parameter GTHE3_COMMON_GTNORTHREFCLK10_VAL bound to: 1'b0 
	Parameter GTHE3_COMMON_GTNORTHREFCLK11_VAL bound to: 1'b0 
	Parameter GTHE3_COMMON_GTREFCLK00_VAL bound to: 1'b0 
	Parameter GTHE3_COMMON_GTREFCLK01_VAL bound to: 1'b0 
	Parameter GTHE3_COMMON_GTREFCLK10_VAL bound to: 1'b0 
	Parameter GTHE3_COMMON_GTREFCLK11_VAL bound to: 1'b0 
	Parameter GTHE3_COMMON_GTSOUTHREFCLK00_VAL bound to: 1'b0 
	Parameter GTHE3_COMMON_GTSOUTHREFCLK01_VAL bound to: 1'b0 
	Parameter GTHE3_COMMON_GTSOUTHREFCLK10_VAL bound to: 1'b0 
	Parameter GTHE3_COMMON_GTSOUTHREFCLK11_VAL bound to: 1'b0 
	Parameter GTHE3_COMMON_PMARSVD0_VAL bound to: 8'b00000000 
	Parameter GTHE3_COMMON_PMARSVD1_VAL bound to: 8'b00000000 
	Parameter GTHE3_COMMON_QPLL0CLKRSVD0_VAL bound to: 1'b0 
	Parameter GTHE3_COMMON_QPLL0CLKRSVD1_VAL bound to: 1'b0 
	Parameter GTHE3_COMMON_QPLL0LOCKDETCLK_VAL bound to: 1'b0 
	Parameter GTHE3_COMMON_QPLL0LOCKEN_VAL bound to: 1'b0 
	Parameter GTHE3_COMMON_QPLL0PD_VAL bound to: 1'b1 
	Parameter GTHE3_COMMON_QPLL0REFCLKSEL_VAL bound to: 3'b001 
	Parameter GTHE3_COMMON_QPLL0RESET_VAL bound to: 1'b1 
	Parameter GTHE3_COMMON_QPLL1CLKRSVD0_VAL bound to: 1'b0 
	Parameter GTHE3_COMMON_QPLL1CLKRSVD1_VAL bound to: 1'b0 
	Parameter GTHE3_COMMON_QPLL1LOCKDETCLK_VAL bound to: 1'b0 
	Parameter GTHE3_COMMON_QPLL1LOCKEN_VAL bound to: 1'b1 
	Parameter GTHE3_COMMON_QPLL1PD_VAL bound to: 1'b0 
	Parameter GTHE3_COMMON_QPLL1REFCLKSEL_VAL bound to: 3'b001 
	Parameter GTHE3_COMMON_QPLL1RESET_VAL bound to: 1'b0 
	Parameter GTHE3_COMMON_QPLLRSVD1_VAL bound to: 8'b00000000 
	Parameter GTHE3_COMMON_QPLLRSVD2_VAL bound to: 5'b00000 
	Parameter GTHE3_COMMON_QPLLRSVD3_VAL bound to: 5'b00000 
	Parameter GTHE3_COMMON_QPLLRSVD4_VAL bound to: 8'b00000000 
	Parameter GTHE3_COMMON_RCALENB_VAL bound to: 1'b1 
	Parameter GTHE3_COMMON_BGBYPASSB_TIE_EN bound to: 1'b1 
	Parameter GTHE3_COMMON_BGMONITORENB_TIE_EN bound to: 1'b1 
	Parameter GTHE3_COMMON_BGPDB_TIE_EN bound to: 1'b1 
	Parameter GTHE3_COMMON_BGRCALOVRD_TIE_EN bound to: 1'b1 
	Parameter GTHE3_COMMON_BGRCALOVRDENB_TIE_EN bound to: 1'b1 
	Parameter GTHE3_COMMON_DRPADDR_TIE_EN bound to: 1'b0 
	Parameter GTHE3_COMMON_DRPCLK_TIE_EN bound to: 1'b0 
	Parameter GTHE3_COMMON_DRPDI_TIE_EN bound to: 1'b0 
	Parameter GTHE3_COMMON_DRPEN_TIE_EN bound to: 1'b0 
	Parameter GTHE3_COMMON_DRPWE_TIE_EN bound to: 1'b0 
	Parameter GTHE3_COMMON_GTGREFCLK0_TIE_EN bound to: 1'b0 
	Parameter GTHE3_COMMON_GTGREFCLK1_TIE_EN bound to: 1'b0 
	Parameter GTHE3_COMMON_GTNORTHREFCLK00_TIE_EN bound to: 1'b0 
	Parameter GTHE3_COMMON_GTNORTHREFCLK01_TIE_EN bound to: 1'b0 
	Parameter GTHE3_COMMON_GTNORTHREFCLK10_TIE_EN bound to: 1'b0 
	Parameter GTHE3_COMMON_GTNORTHREFCLK11_TIE_EN bound to: 1'b0 
	Parameter GTHE3_COMMON_GTREFCLK00_TIE_EN bound to: 1'b0 
	Parameter GTHE3_COMMON_GTREFCLK01_TIE_EN bound to: 1'b0 
	Parameter GTHE3_COMMON_GTREFCLK10_TIE_EN bound to: 1'b0 
	Parameter GTHE3_COMMON_GTREFCLK11_TIE_EN bound to: 1'b0 
	Parameter GTHE3_COMMON_GTSOUTHREFCLK00_TIE_EN bound to: 1'b0 
	Parameter GTHE3_COMMON_GTSOUTHREFCLK01_TIE_EN bound to: 1'b0 
	Parameter GTHE3_COMMON_GTSOUTHREFCLK10_TIE_EN bound to: 1'b0 
	Parameter GTHE3_COMMON_GTSOUTHREFCLK11_TIE_EN bound to: 1'b0 
	Parameter GTHE3_COMMON_PMARSVD0_TIE_EN bound to: 1'b1 
	Parameter GTHE3_COMMON_PMARSVD1_TIE_EN bound to: 1'b1 
	Parameter GTHE3_COMMON_QPLL0CLKRSVD0_TIE_EN bound to: 1'b0 
	Parameter GTHE3_COMMON_QPLL0CLKRSVD1_TIE_EN bound to: 1'b0 
	Parameter GTHE3_COMMON_QPLL0LOCKDETCLK_TIE_EN bound to: 1'b0 
	Parameter GTHE3_COMMON_QPLL0LOCKEN_TIE_EN bound to: 1'b0 
	Parameter GTHE3_COMMON_QPLL0PD_TIE_EN bound to: 1'b0 
	Parameter GTHE3_COMMON_QPLL0REFCLKSEL_TIE_EN bound to: 1'b0 
	Parameter GTHE3_COMMON_QPLL0RESET_TIE_EN bound to: 1'b0 
	Parameter GTHE3_COMMON_QPLL1CLKRSVD0_TIE_EN bound to: 1'b0 
	Parameter GTHE3_COMMON_QPLL1CLKRSVD1_TIE_EN bound to: 1'b0 
	Parameter GTHE3_COMMON_QPLL1LOCKDETCLK_TIE_EN bound to: 1'b0 
	Parameter GTHE3_COMMON_QPLL1LOCKEN_TIE_EN bound to: 1'b0 
	Parameter GTHE3_COMMON_QPLL1PD_TIE_EN bound to: 1'b0 
	Parameter GTHE3_COMMON_QPLL1REFCLKSEL_TIE_EN bound to: 1'b0 
	Parameter GTHE3_COMMON_QPLL1RESET_TIE_EN bound to: 1'b0 
	Parameter GTHE3_COMMON_QPLLRSVD1_TIE_EN bound to: 1'b0 
	Parameter GTHE3_COMMON_QPLLRSVD2_TIE_EN bound to: 1'b0 
	Parameter GTHE3_COMMON_QPLLRSVD3_TIE_EN bound to: 1'b0 
	Parameter GTHE3_COMMON_QPLLRSVD4_TIE_EN bound to: 1'b0 
	Parameter GTHE3_COMMON_RCALENB_TIE_EN bound to: 1'b1 
INFO: [Synth 8-6157] synthesizing module 'GTHE3_COMMON' [D:/Xilinx/Vivado/2023.1/scripts/rt/data/unisim_comp.v:43378]
	Parameter BIAS_CFG0 bound to: 16'b0000000000000000 
	Parameter BIAS_CFG1 bound to: 16'b0000000000000000 
	Parameter BIAS_CFG2 bound to: 16'b0000000000000000 
	Parameter BIAS_CFG3 bound to: 16'b0000000001000000 
	Parameter BIAS_CFG4 bound to: 16'b0000000000000000 
	Parameter BIAS_CFG_RSVD bound to: 10'b0000000000 
	Parameter COMMON_CFG0 bound to: 16'b0000000000000000 
	Parameter COMMON_CFG1 bound to: 16'b0000000000000000 
	Parameter POR_CFG bound to: 16'b0000000000000100 
	Parameter QPLL0_CFG0 bound to: 16'b0011001000011100 
	Parameter QPLL0_CFG1 bound to: 16'b0001000000011000 
	Parameter QPLL0_CFG1_G3 bound to: 16'b0001000000011000 
	Parameter QPLL0_CFG2 bound to: 16'b0000000001001000 
	Parameter QPLL0_CFG2_G3 bound to: 16'b0000000001001000 
	Parameter QPLL0_CFG3 bound to: 16'b0000000100100000 
	Parameter QPLL0_CFG4 bound to: 16'b0000000000001001 
	Parameter QPLL0_CP bound to: 10'b0000011111 
	Parameter QPLL0_CP_G3 bound to: 10'b1111111111 
	Parameter QPLL0_FBDIV bound to: 66 - type: integer 
	Parameter QPLL0_FBDIV_G3 bound to: 80 - type: integer 
	Parameter QPLL0_INIT_CFG0 bound to: 16'b0000001010110010 
	Parameter QPLL0_INIT_CFG1 bound to: 8'b00000000 
	Parameter QPLL0_LOCK_CFG bound to: 16'b0010000111101000 
	Parameter QPLL0_LOCK_CFG_G3 bound to: 16'b0010000111101000 
	Parameter QPLL0_LPF bound to: 10'b1111111100 
	Parameter QPLL0_LPF_G3 bound to: 10'b0000010101 
	Parameter QPLL0_REFCLK_DIV bound to: 1 - type: integer 
	Parameter QPLL0_SDM_CFG0 bound to: 16'b0000000000000000 
	Parameter QPLL0_SDM_CFG1 bound to: 16'b0000000000000000 
	Parameter QPLL0_SDM_CFG2 bound to: 16'b0000000000000000 
	Parameter QPLL1_CFG0 bound to: 16'b0011001000011100 
	Parameter QPLL1_CFG1 bound to: 16'b0001000000011000 
	Parameter QPLL1_CFG1_G3 bound to: 16'b0001000000011000 
	Parameter QPLL1_CFG2 bound to: 16'b0000000001000000 
	Parameter QPLL1_CFG2_G3 bound to: 16'b0000000001000000 
	Parameter QPLL1_CFG3 bound to: 16'b0000000100100000 
	Parameter QPLL1_CFG4 bound to: 16'b0000000000001001 
	Parameter QPLL1_CP bound to: 10'b0001111111 
	Parameter QPLL1_CP_G3 bound to: 10'b1111111111 
	Parameter QPLL1_FBDIV bound to: 64 - type: integer 
	Parameter QPLL1_FBDIV_G3 bound to: 80 - type: integer 
	Parameter QPLL1_INIT_CFG0 bound to: 16'b0000001010110010 
	Parameter QPLL1_INIT_CFG1 bound to: 8'b00000000 
	Parameter QPLL1_LOCK_CFG bound to: 16'b0010000111101000 
	Parameter QPLL1_LOCK_CFG_G3 bound to: 16'b0010000111101000 
	Parameter QPLL1_LPF bound to: 10'b1111111100 
	Parameter QPLL1_LPF_G3 bound to: 10'b0000010101 
	Parameter QPLL1_REFCLK_DIV bound to: 1 - type: integer 
	Parameter QPLL1_SDM_CFG0 bound to: 16'b0000000000000000 
	Parameter QPLL1_SDM_CFG1 bound to: 16'b0000000000000000 
	Parameter QPLL1_SDM_CFG2 bound to: 16'b0000000000000000 
	Parameter RSVD_ATTR0 bound to: 16'b0000000000000000 
	Parameter RSVD_ATTR1 bound to: 16'b0000000000000000 
	Parameter RSVD_ATTR2 bound to: 16'b0000000000000000 
	Parameter RSVD_ATTR3 bound to: 16'b0000000000000000 
	Parameter RXRECCLKOUT0_SEL bound to: 2'b00 
	Parameter RXRECCLKOUT1_SEL bound to: 2'b00 
	Parameter SARC_EN bound to: 1'b1 
	Parameter SARC_SEL bound to: 1'b0 
	Parameter SDM0DATA1_0 bound to: 16'b0000000000000000 
	Parameter SDM0DATA1_1 bound to: 9'b000000000 
	Parameter SDM0INITSEED0_0 bound to: 16'b0000000000000000 
	Parameter SDM0INITSEED0_1 bound to: 9'b000000000 
	Parameter SDM0_DATA_PIN_SEL bound to: 1'b0 
	Parameter SDM0_WIDTH_PIN_SEL bound to: 1'b0 
	Parameter SDM1DATA1_0 bound to: 16'b0000000000000000 
	Parameter SDM1DATA1_1 bound to: 9'b000000000 
	Parameter SDM1INITSEED0_0 bound to: 16'b0000000000000000 
	Parameter SDM1INITSEED0_1 bound to: 9'b000000000 
	Parameter SDM1_DATA_PIN_SEL bound to: 1'b0 
	Parameter SDM1_WIDTH_PIN_SEL bound to: 1'b0 
	Parameter SIM_RESET_SPEEDUP bound to: TRUE - type: string 
	Parameter SIM_VERSION bound to: 2 - type: integer 
INFO: [Synth 8-6155] done synthesizing module 'GTHE3_COMMON' (0#1) [D:/Xilinx/Vivado/2023.1/scripts/rt/data/unisim_comp.v:43378]
INFO: [Synth 8-6155] done synthesizing module 'gtwizard_ultrascale_v1_7_16_gthe3_common' (0#1) [D:/FPGA/prj/project_9/shared_logic/gtwizard_ultrascale_v1_7_gthe3_common.v:55]
INFO: [Synth 8-6155] done synthesizing module 'aurora_64b66b_0_gt_gthe3_common_wrapper' (0#1) [D:/FPGA/prj/project_9/shared_logic/aurora_64b66b_0_gt_gthe3_common_wrapper.v:4]
INFO: [Synth 8-6155] done synthesizing module 'aurora_64b66b_0_gt_common_wrapper' (0#1) [D:/FPGA/prj/project_9/shared_logic/aurora_64b66b_0_gt_common_wrapper.v:6]
INFO: [Synth 8-6157] synthesizing module 'IBUFDS_GTE3' [D:/Xilinx/Vivado/2023.1/scripts/rt/data/unisim_comp.v:71941]
INFO: [Synth 8-6155] done synthesizing module 'IBUFDS_GTE3' (0#1) [D:/Xilinx/Vivado/2023.1/scripts/rt/data/unisim_comp.v:71941]
INFO: [Synth 8-6157] synthesizing module 'aurora_64b66b_0_CLOCK_MODULE' [D:/FPGA/prj/project_9/shared_logic/aurora_64b66b_0_clock_module.v:67]
INFO: [Synth 8-6157] synthesizing module 'aurora_64b66b_0_ultrascale_tx_userclk' [D:/FPGA/prj/project_9/shared_logic/aurora_64b66b_0_ultrascale_tx_userclk.v:60]
INFO: [Synth 8-6157] synthesizing module 'BUFG_GT' [D:/Xilinx/Vivado/2023.1/scripts/rt/data/unisim_comp.v:1695]
INFO: [Synth 8-6155] done synthesizing module 'BUFG_GT' (0#1) [D:/Xilinx/Vivado/2023.1/scripts/rt/data/unisim_comp.v:1695]
INFO: [Synth 8-6155] done synthesizing module 'aurora_64b66b_0_ultrascale_tx_userclk' (0#1) [D:/FPGA/prj/project_9/shared_logic/aurora_64b66b_0_ultrascale_tx_userclk.v:60]
INFO: [Synth 8-6155] done synthesizing module 'aurora_64b66b_0_CLOCK_MODULE' (0#1) [D:/FPGA/prj/project_9/shared_logic/aurora_64b66b_0_clock_module.v:67]
INFO: [Synth 8-6157] synthesizing module 'aurora_64b66b_0_SUPPORT_RESET_LOGIC' [D:/FPGA/prj/project_9/shared_logic/aurora_64b66b_0_support_reset_logic.v:61]
INFO: [Synth 8-6157] synthesizing module 'aurora_64b66b_0_rst_sync_shared' [D:/FPGA/prj/project_9/shared_logic/aurora_64b66b_0_support_reset_logic.v:139]
	Parameter c_mtbf_stages bound to: 5'b00101 
INFO: [Synth 8-6155] done synthesizing module 'aurora_64b66b_0_rst_sync_shared' (0#1) [D:/FPGA/prj/project_9/shared_logic/aurora_64b66b_0_support_reset_logic.v:139]
INFO: [Synth 8-6155] done synthesizing module 'aurora_64b66b_0_SUPPORT_RESET_LOGIC' (0#1) [D:/FPGA/prj/project_9/shared_logic/aurora_64b66b_0_support_reset_logic.v:61]
INFO: [Synth 8-6157] synthesizing module 'aurora_64b66b_0' [D:/FPGA/prj/project_10/prj_loop/vivado/prj_loop.runs/synth_1/.Xil/Vivado-34776-Xuegulin/realtime/aurora_64b66b_0_stub.v:6]
INFO: [Synth 8-6155] done synthesizing module 'aurora_64b66b_0' (0#1) [D:/FPGA/prj/project_10/prj_loop/vivado/prj_loop.runs/synth_1/.Xil/Vivado-34776-Xuegulin/realtime/aurora_64b66b_0_stub.v:6]
WARNING: [Synth 8-7071] port 'gt_powergood' of module 'aurora_64b66b_0' is unconnected for instance 'aurora_64b66b_0_i' [D:/FPGA/prj/project_9/shared_logic/aurora_64b66b_0_support_ext.v:404]
WARNING: [Synth 8-7023] instance 'aurora_64b66b_0_i' of module 'aurora_64b66b_0' has 55 connections declared, but only 54 given [D:/FPGA/prj/project_9/shared_logic/aurora_64b66b_0_support_ext.v:404]
INFO: [Synth 8-6155] done synthesizing module 'aurora_64b66b_0_support_ext' (0#1) [D:/FPGA/prj/project_9/shared_logic/aurora_64b66b_0_support_ext.v:67]
INFO: [Synth 8-6157] synthesizing module 'axis_word_unpack' [D:/FPGA/prj/project_9/rtl/axis_word_unpack.v:30]
INFO: [Synth 8-6155] done synthesizing module 'axis_word_unpack' (0#1) [D:/FPGA/prj/project_9/rtl/axis_word_unpack.v:30]
INFO: [Synth 8-6157] synthesizing module 'axis_word_pack' [D:/FPGA/prj/project_9/rtl/axis_word_pack.v:34]
INFO: [Synth 8-6155] done synthesizing module 'axis_word_pack' (0#1) [D:/FPGA/prj/project_9/rtl/axis_word_pack.v:34]
WARNING: [Synth 8-689] width (16) of port connection 'o_overflow' does not match port width (1) of module 'axis_word_pack' [D:/FPGA/prj/project_10/rtl/aurora_mem_bridge.v:405]
INFO: [Synth 8-6157] synthesizing module 'aurora_64b66b_1_support_shared' [D:/FPGA/prj/project_9/shared_logic/aurora_64b66b_1_support_shared.v:10]
INFO: [Synth 8-6157] synthesizing module 'aurora_64b66b_1' [D:/FPGA/prj/project_10/prj_loop/vivado/prj_loop.runs/synth_1/.Xil/Vivado-34776-Xuegulin/realtime/aurora_64b66b_1_stub.v:6]
INFO: [Synth 8-6155] done synthesizing module 'aurora_64b66b_1' (0#1) [D:/FPGA/prj/project_10/prj_loop/vivado/prj_loop.runs/synth_1/.Xil/Vivado-34776-Xuegulin/realtime/aurora_64b66b_1_stub.v:6]
WARNING: [Synth 8-7071] port 'gt_powergood' of module 'aurora_64b66b_1' is unconnected for instance 'aurora_64b66b_1_i' [D:/FPGA/prj/project_9/shared_logic/aurora_64b66b_1_support_shared.v:95]
WARNING: [Synth 8-7023] instance 'aurora_64b66b_1_i' of module 'aurora_64b66b_1' has 55 connections declared, but only 54 given [D:/FPGA/prj/project_9/shared_logic/aurora_64b66b_1_support_shared.v:95]
INFO: [Synth 8-6155] done synthesizing module 'aurora_64b66b_1_support_shared' (0#1) [D:/FPGA/prj/project_9/shared_logic/aurora_64b66b_1_support_shared.v:10]
INFO: [Synth 8-6157] synthesizing module 'gmii_to_rgmii' [D:/FPGA/prj/project_9/rtl/gmii_to_rgmii/gmii_to_rgmii.v:23]
INFO: [Synth 8-6157] synthesizing module 'rgmii_rx' [D:/FPGA/prj/project_9/rtl/rgmii_rx_fix2.v:7]
INFO: [Synth 8-6157] synthesizing module 'IDELAYE3' [D:/Xilinx/Vivado/2023.1/scripts/rt/data/unisim_comp.v:73963]
	Parameter CASCADE bound to: NONE - type: string 
	Parameter DELAY_FORMAT bound to: TIME - type: string 
	Parameter DELAY_SRC bound to: IDATAIN - type: string 
	Parameter DELAY_TYPE bound to: FIXED - type: string 
	Parameter DELAY_VALUE bound to: 1250 - type: integer 
	Parameter IS_CLK_INVERTED bound to: 1'b0 
	Parameter IS_RST_INVERTED bound to: 1'b0 
	Parameter REFCLK_FREQUENCY bound to: 200.000000 - type: double 
	Parameter SIM_DEVICE bound to: ULTRASCALE - type: string 
	Parameter UPDATE_MODE bound to: ASYNC - type: string 
INFO: [Synth 8-6155] done synthesizing module 'IDELAYE3' (0#1) [D:/Xilinx/Vivado/2023.1/scripts/rt/data/unisim_comp.v:73963]
INFO: [Synth 8-6157] synthesizing module 'IDDRE1' [D:/Xilinx/Vivado/2023.1/scripts/rt/data/unisim_comp.v:73794]
	Parameter DDR_CLK_EDGE bound to: SAME_EDGE_PIPELINED - type: string 
	Parameter IS_CB_INVERTED bound to: 1'b1 
	Parameter IS_C_INVERTED bound to: 1'b0 
INFO: [Synth 8-6155] done synthesizing module 'IDDRE1' (0#1) [D:/Xilinx/Vivado/2023.1/scripts/rt/data/unisim_comp.v:73794]
INFO: [Synth 8-6157] synthesizing module 'BUFIO' [D:/Xilinx/Vivado/2023.1/scripts/rt/data/unisim_comp.v:1791]
INFO: [Synth 8-6155] done synthesizing module 'BUFIO' (0#1) [D:/Xilinx/Vivado/2023.1/scripts/rt/data/unisim_comp.v:1791]
INFO: [Synth 8-6157] synthesizing module 'MMCME3_ADV' [D:/Xilinx/Vivado/2023.1/scripts/rt/data/unisim_comp.v:80502]
	Parameter BANDWIDTH bound to: OPTIMIZED - type: string 
	Parameter CLKFBOUT_MULT_F bound to: 8.000000 - type: double 
	Parameter CLKFBOUT_PHASE bound to: 0.000000 - type: double 
	Parameter CLKIN1_PERIOD bound to: 8.000000 - type: double 
	Parameter CLKOUT0_DIVIDE_F bound to: 5.000000 - type: double 
	Parameter CLKOUT0_DUTY_CYCLE bound to: 0.500000 - type: double 
	Parameter CLKOUT0_PHASE bound to: 0.000000 - type: double 
	Parameter DIVCLK_DIVIDE bound to: 1 - type: integer 
	Parameter REF_JITTER1 bound to: 0.010000 - type: double 
	Parameter STARTUP_WAIT bound to: FALSE - type: string 
INFO: [Synth 8-6155] done synthesizing module 'MMCME3_ADV' (0#1) [D:/Xilinx/Vivado/2023.1/scripts/rt/data/unisim_comp.v:80502]
WARNING: [Synth 8-7071] port 'CDDCDONE' of module 'MMCME3_ADV' is unconnected for instance 'u_mmcm_200m' [D:/FPGA/prj/project_9/rtl/rgmii_rx_fix2.v:48]
WARNING: [Synth 8-7023] instance 'u_mmcm_200m' of module 'MMCME3_ADV' has 35 connections declared, but only 34 given [D:/FPGA/prj/project_9/rtl/rgmii_rx_fix2.v:48]
WARNING: [Synth 8-4446] all outputs are unconnected for this instance and logic may be removed [D:/FPGA/prj/project_9/rtl/rgmii_rx_fix2.v:70]
INFO: [Synth 8-6157] synthesizing module 'IDELAYCTRL' [D:/Xilinx/Vivado/2023.1/scripts/rt/data/unisim_comp.v:73864]
	Parameter SIM_DEVICE bound to: ULTRASCALE - type: string 
INFO: [Synth 8-6155] done synthesizing module 'IDELAYCTRL' (0#1) [D:/Xilinx/Vivado/2023.1/scripts/rt/data/unisim_comp.v:73864]
INFO: [Synth 8-6155] done synthesizing module 'rgmii_rx' (0#1) [D:/FPGA/prj/project_9/rtl/rgmii_rx_fix2.v:7]
INFO: [Synth 8-6157] synthesizing module 'rgmii_tx' [D:/FPGA/prj/project_9/rtl/gmii_to_rgmii/rgmii_tx.v:23]
INFO: [Synth 8-6157] synthesizing module 'ODDRE1' [D:/Xilinx/Vivado/2023.1/scripts/rt/data/unisim_comp.v:94816]
	Parameter IS_C_INVERTED bound to: 1'b0 
	Parameter IS_D1_INVERTED bound to: 1'b0 
	Parameter IS_D2_INVERTED bound to: 1'b0 
	Parameter SIM_DEVICE bound to: ULTRASCALE - type: string 
	Parameter SRVAL bound to: 1'b0 
INFO: [Synth 8-6155] done synthesizing module 'ODDRE1' (0#1) [D:/Xilinx/Vivado/2023.1/scripts/rt/data/unisim_comp.v:94816]
INFO: [Synth 8-6155] done synthesizing module 'rgmii_tx' (0#1) [D:/FPGA/prj/project_9/rtl/gmii_to_rgmii/rgmii_tx.v:23]
INFO: [Synth 8-6155] done synthesizing module 'gmii_to_rgmii' (0#1) [D:/FPGA/prj/project_9/rtl/gmii_to_rgmii/gmii_to_rgmii.v:23]
INFO: [Synth 8-6157] synthesizing module 'arp' [D:/FPGA/prj/project_9/rtl/arp/arp.v:23]
	Parameter BOARD_MAC bound to: 48'b000000000001000100100010001100110100010001010101 
	Parameter BOARD_IP bound to: -1062731510 - type: integer 
	Parameter DES_MAC bound to: 48'b111111111111111111111111111111111111111111111111 
	Parameter DES_IP bound to: -1062731418 - type: integer 
INFO: [Synth 8-6157] synthesizing module 'arp_rx' [D:/FPGA/prj/project_9/rtl/arp/arp_rx.v:23]
	Parameter BOARD_MAC bound to: 48'b000000000001000100100010001100110100010001010101 
	Parameter BOARD_IP bound to: -1062731510 - type: integer 
INFO: [Synth 8-6155] done synthesizing module 'arp_rx' (0#1) [D:/FPGA/prj/project_9/rtl/arp/arp_rx.v:23]
INFO: [Synth 8-6157] synthesizing module 'arp_tx' [D:/FPGA/prj/project_9/rtl/arp/arp_tx.v:23]
	Parameter BOARD_MAC bound to: 48'b000000000001000100100010001100110100010001010101 
	Parameter BOARD_IP bound to: -1062731510 - type: integer 
	Parameter DES_MAC bound to: 48'b111111111111111111111111111111111111111111111111 
	Parameter DES_IP bound to: -1062731418 - type: integer 
INFO: [Synth 8-6155] done synthesizing module 'arp_tx' (0#1) [D:/FPGA/prj/project_9/rtl/arp/arp_tx.v:23]
INFO: [Synth 8-6157] synthesizing module 'crc32_d8' [D:/FPGA/prj/project_9/rtl/arp/crc32_d8.v:22]
INFO: [Synth 8-6155] done synthesizing module 'crc32_d8' (0#1) [D:/FPGA/prj/project_9/rtl/arp/crc32_d8.v:22]
INFO: [Synth 8-6155] done synthesizing module 'arp' (0#1) [D:/FPGA/prj/project_9/rtl/arp/arp.v:23]
INFO: [Synth 8-6157] synthesizing module 'icmp' [D:/FPGA/prj/project_9/rtl/icmp/icmp.v:23]
	Parameter BOARD_MAC bound to: 48'b000000000001000100100010001100110100010001010101 
	Parameter BOARD_IP bound to: -1062731510 - type: integer 
	Parameter DES_MAC bound to: 48'b111111111111111111111111111111111111111111111111 
	Parameter DES_IP bound to: -1062731418 - type: integer 
INFO: [Synth 8-6157] synthesizing module 'icmp_rx' [D:/FPGA/prj/project_9/rtl/icmp/icmp_rx.v:23]
	Parameter BOARD_MAC bound to: 48'b000000000001000100100010001100110100010001010101 
	Parameter BOARD_IP bound to: -1062731510 - type: integer 
INFO: [Synth 8-6155] done synthesizing module 'icmp_rx' (0#1) [D:/FPGA/prj/project_9/rtl/icmp/icmp_rx.v:23]
INFO: [Synth 8-6157] synthesizing module 'icmp_tx' [D:/FPGA/prj/project_9/rtl/icmp/icmp_tx.v:23]
	Parameter BOARD_MAC bound to: 48'b000000000001000100100010001100110100010001010101 
	Parameter BOARD_IP bound to: -1062731510 - type: integer 
	Parameter DES_MAC bound to: 48'b111111111111111111111111111111111111111111111111 
	Parameter DES_IP bound to: -1062731418 - type: integer 
INFO: [Synth 8-6155] done synthesizing module 'icmp_tx' (0#1) [D:/FPGA/prj/project_9/rtl/icmp/icmp_tx.v:23]
INFO: [Synth 8-6155] done synthesizing module 'icmp' (0#1) [D:/FPGA/prj/project_9/rtl/icmp/icmp.v:23]
INFO: [Synth 8-6157] synthesizing module 'udp' [D:/FPGA/prj/project_9/rtl/udp/udp.v:23]
	Parameter BOARD_MAC bound to: 48'b000000000001000100100010001100110100010001010101 
	Parameter BOARD_IP bound to: -1062731510 - type: integer 
	Parameter DES_MAC bound to: 48'b111111111111111111111111111111111111111111111111 
	Parameter DES_IP bound to: -1062731418 - type: integer 
INFO: [Synth 8-6157] synthesizing module 'udp_rx' [D:/FPGA/prj/project_9/rtl/udp/udp_rx.v:23]
	Parameter BOARD_MAC bound to: 48'b000000000001000100100010001100110100010001010101 
	Parameter BOARD_IP bound to: -1062731510 - type: integer 
INFO: [Synth 8-6155] done synthesizing module 'udp_rx' (0#1) [D:/FPGA/prj/project_9/rtl/udp/udp_rx.v:23]
INFO: [Synth 8-6157] synthesizing module 'udp_tx' [D:/FPGA/prj/project_10/prj_loop/rtl_patch/udp_tx.v:23]
	Parameter BOARD_MAC bound to: 48'b000000000001000100100010001100110100010001010101 
	Parameter BOARD_IP bound to: -1062731510 - type: integer 
	Parameter DES_MAC bound to: 48'b111111111111111111111111111111111111111111111111 
	Parameter DES_IP bound to: -1062731418 - type: integer 
INFO: [Synth 8-6155] done synthesizing module 'udp_tx' (0#1) [D:/FPGA/prj/project_10/prj_loop/rtl_patch/udp_tx.v:23]
INFO: [Synth 8-6155] done synthesizing module 'udp' (0#1) [D:/FPGA/prj/project_9/rtl/udp/udp.v:23]
INFO: [Synth 8-6157] synthesizing module 'async_fifo_2048x8b' [D:/FPGA/prj/project_10/prj_loop/vivado/prj_loop.runs/synth_1/.Xil/Vivado-34776-Xuegulin/realtime/async_fifo_2048x8b_stub.v:6]
INFO: [Synth 8-6155] done synthesizing module 'async_fifo_2048x8b' (0#1) [D:/FPGA/prj/project_10/prj_loop/vivado/prj_loop.runs/synth_1/.Xil/Vivado-34776-Xuegulin/realtime/async_fifo_2048x8b_stub.v:6]
INFO: [Synth 8-6157] synthesizing module 'eth_ctrl' [D:/FPGA/prj/project_9/rtl/eth_ctrl.v:23]
INFO: [Synth 8-6155] done synthesizing module 'eth_ctrl' (0#1) [D:/FPGA/prj/project_9/rtl/eth_ctrl.v:23]
INFO: [Synth 8-6157] synthesizing module 'cmd_channel' [D:/FPGA/prj/project_10/prj_loop/rtl_patch/cmd_channel.v:66]
INFO: [Synth 8-226] default block is never used [D:/FPGA/prj/project_10/prj_loop/rtl_patch/cmd_channel.v:429]
INFO: [Synth 8-6155] done synthesizing module 'cmd_channel' (0#1) [D:/FPGA/prj/project_10/prj_loop/rtl_patch/cmd_channel.v:66]
INFO: [Synth 8-6157] synthesizing module 'frame_fifo_pump' [D:/FPGA/prj/project_9/rtl/frame_fifo_pump.v:11]
INFO: [Synth 8-6155] done synthesizing module 'frame_fifo_pump' (0#1) [D:/FPGA/prj/project_9/rtl/frame_fifo_pump.v:11]
INFO: [Synth 8-6157] synthesizing module 'frame_mem_if' [D:/FPGA/prj/project_10/rtl/frame_mem_if.v:30]
	Parameter SLOT_BASE bound to: 1048576 - type: integer 
	Parameter MAX_LEN bound to: 16'b0000011000000010 
INFO: [Synth 8-6157] synthesizing module 'async_fifo' [D:/FPGA/prj/project_10/rtl/async_fifo.v:18]
	Parameter DW bound to: 8 - type: integer 
	Parameter AW bound to: 12 - type: integer 
INFO: [Synth 8-6155] done synthesizing module 'async_fifo' (0#1) [D:/FPGA/prj/project_10/rtl/async_fifo.v:18]
INFO: [Synth 8-6157] synthesizing module 'async_fifo__parameterized0' [D:/FPGA/prj/project_10/rtl/async_fifo.v:18]
	Parameter DW bound to: 16 - type: integer 
	Parameter AW bound to: 3 - type: integer 
INFO: [Synth 8-6155] done synthesizing module 'async_fifo__parameterized0' (0#1) [D:/FPGA/prj/project_10/rtl/async_fifo.v:18]
INFO: [Synth 8-6157] synthesizing module 'async_fifo__parameterized1' [D:/FPGA/prj/project_10/rtl/async_fifo.v:18]
	Parameter DW bound to: 9 - type: integer 
	Parameter AW bound to: 2 - type: integer 
INFO: [Synth 8-6155] done synthesizing module 'async_fifo__parameterized1' (0#1) [D:/FPGA/prj/project_10/rtl/async_fifo.v:18]
INFO: [Synth 8-6157] synthesizing module 'async_fifo__parameterized2' [D:/FPGA/prj/project_10/rtl/async_fifo.v:18]
	Parameter DW bound to: 25 - type: integer 
	Parameter AW bound to: 2 - type: integer 
INFO: [Synth 8-6155] done synthesizing module 'async_fifo__parameterized2' (0#1) [D:/FPGA/prj/project_10/rtl/async_fifo.v:18]
INFO: [Synth 8-226] default block is never used [D:/FPGA/prj/project_10/rtl/frame_mem_if.v:310]
INFO: [Synth 8-6157] synthesizing module 'axi4_master_bridge' [D:/FPGA/prj/project_10/rtl/axi4_master_bridge.v:59]
	Parameter SLOT_BASE bound to: 1048576 - type: integer 
	Parameter MAX_LEN bound to: 16'b0000011000000010 
INFO: [Synth 8-6155] done synthesizing module 'axi4_master_bridge' (0#1) [D:/FPGA/prj/project_10/rtl/axi4_master_bridge.v:59]
INFO: [Synth 8-6155] done synthesizing module 'frame_mem_if' (0#1) [D:/FPGA/prj/project_10/rtl/frame_mem_if.v:30]
INFO: [Synth 8-6157] synthesizing module 'frame_mem_if__parameterized0' [D:/FPGA/prj/project_10/rtl/frame_mem_if.v:30]
	Parameter SLOT_BASE bound to: 2097152 - type: integer 
	Parameter MAX_LEN bound to: 16'b0000011000000010 
INFO: [Synth 8-226] default block is never used [D:/FPGA/prj/project_10/rtl/frame_mem_if.v:310]
INFO: [Synth 8-6157] synthesizing module 'axi4_master_bridge__parameterized0' [D:/FPGA/prj/project_10/rtl/axi4_master_bridge.v:59]
	Parameter SLOT_BASE bound to: 2097152 - type: integer 
	Parameter MAX_LEN bound to: 16'b0000011000000010 
INFO: [Synth 8-6155] done synthesizing module 'axi4_master_bridge__parameterized0' (0#1) [D:/FPGA/prj/project_10/rtl/axi4_master_bridge.v:59]
INFO: [Synth 8-6155] done synthesizing module 'frame_mem_if__parameterized0' (0#1) [D:/FPGA/prj/project_10/rtl/frame_mem_if.v:30]
INFO: [Synth 8-6157] synthesizing module 'axi_arb_2to1' [D:/FPGA/prj/project_10/rtl/axi_arb_2to1.v:27]
INFO: [Synth 8-6155] done synthesizing module 'axi_arb_2to1' (0#1) [D:/FPGA/prj/project_10/rtl/axi_arb_2to1.v:27]
INFO: [Synth 8-6157] synthesizing module 'ddr4_0' [D:/FPGA/prj/project_10/prj_loop/vivado/prj_loop.runs/synth_1/.Xil/Vivado-34776-Xuegulin/realtime/ddr4_0_stub.v:6]
INFO: [Synth 8-6155] done synthesizing module 'ddr4_0' (0#1) [D:/FPGA/prj/project_10/prj_loop/vivado/prj_loop.runs/synth_1/.Xil/Vivado-34776-Xuegulin/realtime/ddr4_0_stub.v:6]
WARNING: [Synth 8-7071] port 'o_hs_busy' of module 'frame_fifo_pump' is unconnected for instance 'u_pump_rev' [D:/FPGA/prj/project_10/rtl/aurora_mem_bridge.v:1017]
WARNING: [Synth 8-7023] instance 'u_pump_rev' of module 'frame_fifo_pump' has 12 connections declared, but only 11 given [D:/FPGA/prj/project_10/rtl/aurora_mem_bridge.v:1017]
INFO: [Synth 8-6155] done synthesizing module 'aurora_mem_bridge' (0#1) [D:/FPGA/prj/project_10/rtl/aurora_mem_bridge.v:43]
WARNING: [Synth 8-6014] Unused sequential element stg6_reg was removed.  [D:/FPGA/prj/project_9/shared_logic/aurora_64b66b_0_support_reset_logic.v:196]
WARNING: [Synth 8-6014] Unused sequential element stg7_reg was removed.  [D:/FPGA/prj/project_9/shared_logic/aurora_64b66b_0_support_reset_logic.v:197]
WARNING: [Synth 8-6014] Unused sequential element stg8_reg was removed.  [D:/FPGA/prj/project_9/shared_logic/aurora_64b66b_0_support_reset_logic.v:198]
WARNING: [Synth 8-6014] Unused sequential element stg9_reg was removed.  [D:/FPGA/prj/project_9/shared_logic/aurora_64b66b_0_support_reset_logic.v:199]
WARNING: [Synth 8-6014] Unused sequential element stg10_reg was removed.  [D:/FPGA/prj/project_9/shared_logic/aurora_64b66b_0_support_reset_logic.v:200]
WARNING: [Synth 8-6014] Unused sequential element stg11_reg was removed.  [D:/FPGA/prj/project_9/shared_logic/aurora_64b66b_0_support_reset_logic.v:201]
WARNING: [Synth 8-6014] Unused sequential element stg12_reg was removed.  [D:/FPGA/prj/project_9/shared_logic/aurora_64b66b_0_support_reset_logic.v:202]
WARNING: [Synth 8-6014] Unused sequential element stg13_reg was removed.  [D:/FPGA/prj/project_9/shared_logic/aurora_64b66b_0_support_reset_logic.v:203]
WARNING: [Synth 8-6014] Unused sequential element stg14_reg was removed.  [D:/FPGA/prj/project_9/shared_logic/aurora_64b66b_0_support_reset_logic.v:204]
WARNING: [Synth 8-6014] Unused sequential element stg15_reg was removed.  [D:/FPGA/prj/project_9/shared_logic/aurora_64b66b_0_support_reset_logic.v:205]
WARNING: [Synth 8-6014] Unused sequential element stg16_reg was removed.  [D:/FPGA/prj/project_9/shared_logic/aurora_64b66b_0_support_reset_logic.v:206]
WARNING: [Synth 8-6014] Unused sequential element stg17_reg was removed.  [D:/FPGA/prj/project_9/shared_logic/aurora_64b66b_0_support_reset_logic.v:207]
WARNING: [Synth 8-6014] Unused sequential element stg18_reg was removed.  [D:/FPGA/prj/project_9/shared_logic/aurora_64b66b_0_support_reset_logic.v:208]
WARNING: [Synth 8-6014] Unused sequential element stg19_reg was removed.  [D:/FPGA/prj/project_9/shared_logic/aurora_64b66b_0_support_reset_logic.v:209]
WARNING: [Synth 8-6014] Unused sequential element stg20_reg was removed.  [D:/FPGA/prj/project_9/shared_logic/aurora_64b66b_0_support_reset_logic.v:210]
WARNING: [Synth 8-6014] Unused sequential element stg21_reg was removed.  [D:/FPGA/prj/project_9/shared_logic/aurora_64b66b_0_support_reset_logic.v:211]
WARNING: [Synth 8-6014] Unused sequential element stg22_reg was removed.  [D:/FPGA/prj/project_9/shared_logic/aurora_64b66b_0_support_reset_logic.v:212]
WARNING: [Synth 8-6014] Unused sequential element stg23_reg was removed.  [D:/FPGA/prj/project_9/shared_logic/aurora_64b66b_0_support_reset_logic.v:213]
WARNING: [Synth 8-6014] Unused sequential element stg24_reg was removed.  [D:/FPGA/prj/project_9/shared_logic/aurora_64b66b_0_support_reset_logic.v:214]
WARNING: [Synth 8-6014] Unused sequential element stg25_reg was removed.  [D:/FPGA/prj/project_9/shared_logic/aurora_64b66b_0_support_reset_logic.v:215]
WARNING: [Synth 8-6014] Unused sequential element stg26_reg was removed.  [D:/FPGA/prj/project_9/shared_logic/aurora_64b66b_0_support_reset_logic.v:216]
WARNING: [Synth 8-6014] Unused sequential element stg27_reg was removed.  [D:/FPGA/prj/project_9/shared_logic/aurora_64b66b_0_support_reset_logic.v:217]
WARNING: [Synth 8-6014] Unused sequential element stg28_reg was removed.  [D:/FPGA/prj/project_9/shared_logic/aurora_64b66b_0_support_reset_logic.v:218]
WARNING: [Synth 8-6014] Unused sequential element stg29_reg was removed.  [D:/FPGA/prj/project_9/shared_logic/aurora_64b66b_0_support_reset_logic.v:219]
WARNING: [Synth 8-6014] Unused sequential element stg30_reg was removed.  [D:/FPGA/prj/project_9/shared_logic/aurora_64b66b_0_support_reset_logic.v:220]
WARNING: [Synth 8-6014] Unused sequential element stg31_reg was removed.  [D:/FPGA/prj/project_9/shared_logic/aurora_64b66b_0_support_reset_logic.v:221]
INFO: [Synth 8-3936] Found unconnected internal register 'dly_gt_rst_r_reg' and it is trimmed from '20' to '19' bits. [D:/FPGA/prj/project_9/shared_logic/aurora_64b66b_0_support_reset_logic.v:132]
WARNING: [Synth 8-6014] Unused sequential element en_reg was removed.  [D:/FPGA/prj/project_9/rtl/axis_word_pack.v:102]
WARNING: [Synth 8-6014] Unused sequential element en_word_reg was removed.  [D:/FPGA/prj/project_9/rtl/axis_word_pack.v:102]
WARNING: [Synth 8-6014] Unused sequential element en_keep_reg was removed.  [D:/FPGA/prj/project_9/rtl/axis_word_pack.v:102]
WARNING: [Synth 8-6014] Unused sequential element en_last_reg was removed.  [D:/FPGA/prj/project_9/rtl/axis_word_pack.v:102]
WARNING: [Synth 8-6014] Unused sequential element icmp_code_reg was removed.  [D:/FPGA/prj/project_9/rtl/icmp/icmp_rx.v:166]
WARNING: [Synth 8-6014] Unused sequential element icmp_checksum_reg was removed.  [D:/FPGA/prj/project_9/rtl/icmp/icmp_rx.v:167]
WARNING: [Synth 8-6014] Unused sequential element rec_en_cnt_reg was removed.  [D:/FPGA/prj/project_9/rtl/icmp/icmp_rx.v:177]
WARNING: [Synth 8-7137] Register ip_head_reg[6] in module icmp_tx has both Set and reset with same priority. This may cause simulation mismatches. Consider rewriting code  [D:/FPGA/prj/project_9/rtl/icmp/icmp_tx.v:217]
WARNING: [Synth 8-7137] Register ip_head_reg[5] in module icmp_tx has both Set and reset with same priority. This may cause simulation mismatches. Consider rewriting code  [D:/FPGA/prj/project_9/rtl/icmp/icmp_tx.v:217]
WARNING: [Synth 8-7137] Register ip_head_reg[4] in module icmp_tx has both Set and reset with same priority. This may cause simulation mismatches. Consider rewriting code  [D:/FPGA/prj/project_9/rtl/icmp/icmp_tx.v:217]
WARNING: [Synth 8-7137] Register ip_head_reg[3] in module icmp_tx has both Set and reset with same priority. This may cause simulation mismatches. Consider rewriting code  [D:/FPGA/prj/project_9/rtl/icmp/icmp_tx.v:217]
WARNING: [Synth 8-7137] Register ip_head_reg[2] in module icmp_tx has both Set and reset with same priority. This may cause simulation mismatches. Consider rewriting code  [D:/FPGA/prj/project_9/rtl/icmp/icmp_tx.v:217]
WARNING: [Synth 8-7137] Register ip_head_reg[0] in module icmp_tx has both Set and reset with same priority. This may cause simulation mismatches. Consider rewriting code  [D:/FPGA/prj/project_9/rtl/icmp/icmp_tx.v:217]
WARNING: [Synth 8-6014] Unused sequential element ip_head_byte_num_reg was removed.  [D:/FPGA/prj/project_9/rtl/udp/udp_rx.v:145]
WARNING: [Synth 8-7137] Register ip_head_reg[6] in module udp_tx has both Set and reset with same priority. This may cause simulation mismatches. Consider rewriting code  [D:/FPGA/prj/project_10/prj_loop/rtl_patch/udp_tx.v:229]
WARNING: [Synth 8-7137] Register ip_head_reg[5] in module udp_tx has both Set and reset with same priority. This may cause simulation mismatches. Consider rewriting code  [D:/FPGA/prj/project_10/prj_loop/rtl_patch/udp_tx.v:229]
WARNING: [Synth 8-7137] Register ip_head_reg[4] in module udp_tx has both Set and reset with same priority. This may cause simulation mismatches. Consider rewriting code  [D:/FPGA/prj/project_10/prj_loop/rtl_patch/udp_tx.v:229]
WARNING: [Synth 8-7137] Register ip_head_reg[3] in module udp_tx has both Set and reset with same priority. This may cause simulation mismatches. Consider rewriting code  [D:/FPGA/prj/project_10/prj_loop/rtl_patch/udp_tx.v:229]
WARNING: [Synth 8-7137] Register ip_head_reg[2] in module udp_tx has both Set and reset with same priority. This may cause simulation mismatches. Consider rewriting code  [D:/FPGA/prj/project_10/prj_loop/rtl_patch/udp_tx.v:229]
WARNING: [Synth 8-7137] Register ip_head_reg[0] in module udp_tx has both Set and reset with same priority. This may cause simulation mismatches. Consider rewriting code  [D:/FPGA/prj/project_10/prj_loop/rtl_patch/udp_tx.v:229]
WARNING: [Synth 8-6014] Unused sequential element cmd_claim_reg was removed.  [D:/FPGA/prj/project_10/prj_loop/rtl_patch/cmd_channel.v:415]
WARNING: [Synth 8-6014] Unused sequential element ucmd_reg was removed.  [D:/FPGA/prj/project_10/prj_loop/rtl_patch/cmd_channel.v:829]
WARNING: [Synth 8-6014] Unused sequential element u_op_reg was removed.  [D:/FPGA/prj/project_10/prj_loop/rtl_patch/cmd_channel.v:830]
WARNING: [Synth 8-6014] Unused sequential element u_a0_reg was removed.  [D:/FPGA/prj/project_10/prj_loop/rtl_patch/cmd_channel.v:831]
WARNING: [Synth 8-6014] Unused sequential element pre_slot_reg was removed.  [D:/FPGA/prj/project_10/rtl/axi4_master_bridge.v:490]
WARNING: [Synth 8-6014] Unused sequential element pre_slot_reg was removed.  [D:/FPGA/prj/project_10/rtl/axi4_master_bridge.v:490]
INFO: [Synth 8-6071] Mark debug on the nets applies keep_hierarchy on instance 'u_aurora'. This will prevent further optimization [D:/FPGA/prj/project_10/rtl/aurora_mem_bridge.v:317]
INFO: [Synth 8-6071] Mark debug on the nets applies keep_hierarchy on instance 'u_pack'. This will prevent further optimization [D:/FPGA/prj/project_10/rtl/aurora_mem_bridge.v:982]
INFO: [Synth 8-6071] Mark debug on the nets applies keep_hierarchy on instance 'u_unpack'. This will prevent further optimization [D:/FPGA/prj/project_10/rtl/aurora_mem_bridge.v:999]
INFO: [Synth 8-6071] Mark debug on the nets applies keep_hierarchy on instance 'u_pump_rev'. This will prevent further optimization [D:/FPGA/prj/project_10/rtl/aurora_mem_bridge.v:1017]
INFO: [Synth 8-6071] Mark debug on the nets applies keep_hierarchy on instance 'u_mem'. This will prevent further optimization [D:/FPGA/prj/project_10/rtl/aurora_mem_bridge.v:635]
INFO: [Synth 8-6071] Mark debug on the nets applies keep_hierarchy on instance 'u_cmd'. This will prevent further optimization [D:/FPGA/prj/project_10/rtl/aurora_mem_bridge.v:587]
INFO: [Synth 8-6071] Mark debug on the nets applies keep_hierarchy on instance 'u_pump_fwd'. This will prevent further optimization [D:/FPGA/prj/project_10/rtl/aurora_mem_bridge.v:617]
INFO: [Synth 8-6071] Mark debug on the nets applies keep_hierarchy on instance 'u_eth_ctrl'. This will prevent further optimization [D:/FPGA/prj/project_10/rtl/aurora_mem_bridge.v:544]
INFO: [Synth 8-6071] Mark debug on the nets applies keep_hierarchy on instance 'u_gmii_to_rgmii'. This will prevent further optimization [D:/FPGA/prj/project_10/rtl/aurora_mem_bridge.v:442]
INFO: [Synth 8-6071] Mark debug on the nets applies keep_hierarchy on instance 'u_arp'. This will prevent further optimization [D:/FPGA/prj/project_10/rtl/aurora_mem_bridge.v:463]
INFO: [Synth 8-6071] Mark debug on the nets applies keep_hierarchy on instance 'u_udp'. This will prevent further optimization [D:/FPGA/prj/project_10/rtl/aurora_mem_bridge.v:509]
INFO: [Synth 8-6071] Mark debug on the nets applies keep_hierarchy on instance 'u_icmp'. This will prevent further optimization [D:/FPGA/prj/project_10/rtl/aurora_mem_bridge.v:485]
INFO: [Synth 8-6071] Mark debug on the nets applies keep_hierarchy on instance 'u_aurora_b'. This will prevent further optimization [D:/FPGA/prj/project_10/rtl/aurora_mem_bridge.v:408]
INFO: [Synth 8-6071] Mark debug on the nets applies keep_hierarchy on instance 'u_pack_b'. This will prevent further optimization [D:/FPGA/prj/project_10/rtl/aurora_mem_bridge.v:394]
INFO: [Synth 8-6071] Mark debug on the nets applies keep_hierarchy on instance 'u_unpack_b'. This will prevent further optimization [D:/FPGA/prj/project_10/rtl/aurora_mem_bridge.v:379]
INFO: [Synth 8-6071] Mark debug on the nets applies keep_hierarchy on instance 'u_ddr4'. This will prevent further optimization [D:/FPGA/prj/project_10/rtl/aurora_mem_bridge.v:939]
INFO: [Synth 8-6071] Mark debug on the nets applies keep_hierarchy on instance 'u_mem2'. This will prevent further optimization [D:/FPGA/prj/project_10/rtl/aurora_mem_bridge.v:772]
WARNING: [Synth 8-3917] design aurora_mem_bridge has port sfp_tx_disable driven by constant 0
WARNING: [Synth 8-3917] design aurora_mem_bridge has port sfp_rs0 driven by constant 1
WARNING: [Synth 8-3917] design aurora_mem_bridge has port sfp_rs1 driven by constant 1
WARNING: [Synth 8-3917] design aurora_mem_bridge has port sfpb_tx_disable driven by constant 0
WARNING: [Synth 8-3917] design aurora_mem_bridge has port sfpb_rs0 driven by constant 1
WARNING: [Synth 8-3917] design aurora_mem_bridge has port sfpb_rs1 driven by constant 1
WARNING: [Synth 8-7129] Port m_axi_rresp[1] in module axi4_master_bridge__parameterized0 is either unconnected or has no load
WARNING: [Synth 8-7129] Port m_axi_rresp[0] in module axi4_master_bridge__parameterized0 is either unconnected or has no load
WARNING: [Synth 8-7129] Port m_axi_rlast in module axi4_master_bridge__parameterized0 is either unconnected or has no load
WARNING: [Synth 8-7129] Port m_axi_bid[3] in module axi4_master_bridge__parameterized0 is either unconnected or has no load
WARNING: [Synth 8-7129] Port m_axi_bid[2] in module axi4_master_bridge__parameterized0 is either unconnected or has no load
WARNING: [Synth 8-7129] Port m_axi_bid[1] in module axi4_master_bridge__parameterized0 is either unconnected or has no load
WARNING: [Synth 8-7129] Port m_axi_bid[0] in module axi4_master_bridge__parameterized0 is either unconnected or has no load
WARNING: [Synth 8-7129] Port m_axi_rid[3] in module axi4_master_bridge__parameterized0 is either unconnected or has no load
WARNING: [Synth 8-7129] Port m_axi_rid[2] in module axi4_master_bridge__parameterized0 is either unconnected or has no load
WARNING: [Synth 8-7129] Port m_axi_rid[1] in module axi4_master_bridge__parameterized0 is either unconnected or has no load
WARNING: [Synth 8-7129] Port m_axi_rid[0] in module axi4_master_bridge__parameterized0 is either unconnected or has no load
WARNING: [Synth 8-7129] Port m_axi_rresp[1] in module axi4_master_bridge is either unconnected or has no load
WARNING: [Synth 8-7129] Port m_axi_rresp[0] in module axi4_master_bridge is either unconnected or has no load
WARNING: [Synth 8-7129] Port m_axi_rlast in module axi4_master_bridge is either unconnected or has no load
WARNING: [Synth 8-7129] Port m_axi_bid[3] in module axi4_master_bridge is either unconnected or has no load
WARNING: [Synth 8-7129] Port m_axi_bid[2] in module axi4_master_bridge is either unconnected or has no load
WARNING: [Synth 8-7129] Port m_axi_bid[1] in module axi4_master_bridge is either unconnected or has no load
WARNING: [Synth 8-7129] Port m_axi_bid[0] in module axi4_master_bridge is either unconnected or has no load
WARNING: [Synth 8-7129] Port m_axi_rid[3] in module axi4_master_bridge is either unconnected or has no load
WARNING: [Synth 8-7129] Port m_axi_rid[2] in module axi4_master_bridge is either unconnected or has no load
WARNING: [Synth 8-7129] Port m_axi_rid[1] in module axi4_master_bridge is either unconnected or has no load
WARNING: [Synth 8-7129] Port m_axi_rid[0] in module axi4_master_bridge is either unconnected or has no load
WARNING: [Synth 8-7129] Port arp_tx_done in module eth_ctrl is either unconnected or has no load
WARNING: [Synth 8-7129] Port crc_data[31] in module udp_tx is either unconnected or has no load
WARNING: [Synth 8-7129] Port crc_data[30] in module udp_tx is either unconnected or has no load
WARNING: [Synth 8-7129] Port crc_data[29] in module udp_tx is either unconnected or has no load
WARNING: [Synth 8-7129] Port crc_data[28] in module udp_tx is either unconnected or has no load
WARNING: [Synth 8-7129] Port crc_data[27] in module udp_tx is either unconnected or has no load
WARNING: [Synth 8-7129] Port crc_data[26] in module udp_tx is either unconnected or has no load
WARNING: [Synth 8-7129] Port crc_data[25] in module udp_tx is either unconnected or has no load
WARNING: [Synth 8-7129] Port crc_data[24] in module udp_tx is either unconnected or has no load
WARNING: [Synth 8-7129] Port crc_data[31] in module icmp_tx is either unconnected or has no load
WARNING: [Synth 8-7129] Port crc_data[30] in module icmp_tx is either unconnected or has no load
WARNING: [Synth 8-7129] Port crc_data[29] in module icmp_tx is either unconnected or has no load
WARNING: [Synth 8-7129] Port crc_data[28] in module icmp_tx is either unconnected or has no load
WARNING: [Synth 8-7129] Port crc_data[27] in module icmp_tx is either unconnected or has no load
WARNING: [Synth 8-7129] Port crc_data[26] in module icmp_tx is either unconnected or has no load
WARNING: [Synth 8-7129] Port crc_data[25] in module icmp_tx is either unconnected or has no load
WARNING: [Synth 8-7129] Port crc_data[24] in module icmp_tx is either unconnected or has no load
WARNING: [Synth 8-7129] Port crc_data[31] in module arp_tx is either unconnected or has no load
WARNING: [Synth 8-7129] Port crc_data[30] in module arp_tx is either unconnected or has no load
WARNING: [Synth 8-7129] Port crc_data[29] in module arp_tx is either unconnected or has no load
WARNING: [Synth 8-7129] Port crc_data[28] in module arp_tx is either unconnected or has no load
WARNING: [Synth 8-7129] Port crc_data[27] in module arp_tx is either unconnected or has no load
WARNING: [Synth 8-7129] Port crc_data[26] in module arp_tx is either unconnected or has no load
WARNING: [Synth 8-7129] Port crc_data[25] in module arp_tx is either unconnected or has no load
WARNING: [Synth 8-7129] Port crc_data[24] in module arp_tx is either unconnected or has no load
WARNING: [Synth 8-7129] Port GTHE3_COMMON_BGBYPASSB[0] in module gtwizard_ultrascale_v1_7_16_gthe3_common is either unconnected or has no load
WARNING: [Synth 8-7129] Port GTHE3_COMMON_BGMONITORENB[0] in module gtwizard_ultrascale_v1_7_16_gthe3_common is either unconnected or has no load
WARNING: [Synth 8-7129] Port GTHE3_COMMON_BGPDB[0] in module gtwizard_ultrascale_v1_7_16_gthe3_common is either unconnected or has no load
WARNING: [Synth 8-7129] Port GTHE3_COMMON_BGRCALOVRD[4] in module gtwizard_ultrascale_v1_7_16_gthe3_common is either unconnected or has no load
WARNING: [Synth 8-7129] Port GTHE3_COMMON_BGRCALOVRD[3] in module gtwizard_ultrascale_v1_7_16_gthe3_common is either unconnected or has no load
WARNING: [Synth 8-7129] Port GTHE3_COMMON_BGRCALOVRD[2] in module gtwizard_ultrascale_v1_7_16_gthe3_common is either unconnected or has no load
WARNING: [Synth 8-7129] Port GTHE3_COMMON_BGRCALOVRD[1] in module gtwizard_ultrascale_v1_7_16_gthe3_common is either unconnected or has no load
WARNING: [Synth 8-7129] Port GTHE3_COMMON_BGRCALOVRD[0] in module gtwizard_ultrascale_v1_7_16_gthe3_common is either unconnected or has no load
WARNING: [Synth 8-7129] Port GTHE3_COMMON_BGRCALOVRDENB[0] in module gtwizard_ultrascale_v1_7_16_gthe3_common is either unconnected or has no load
WARNING: [Synth 8-7129] Port GTHE3_COMMON_PMARSVD0[7] in module gtwizard_ultrascale_v1_7_16_gthe3_common is either unconnected or has no load
WARNING: [Synth 8-7129] Port GTHE3_COMMON_PMARSVD0[6] in module gtwizard_ultrascale_v1_7_16_gthe3_common is either unconnected or has no load
WARNING: [Synth 8-7129] Port GTHE3_COMMON_PMARSVD0[5] in module gtwizard_ultrascale_v1_7_16_gthe3_common is either unconnected or has no load
WARNING: [Synth 8-7129] Port GTHE3_COMMON_PMARSVD0[4] in module gtwizard_ultrascale_v1_7_16_gthe3_common is either unconnected or has no load
WARNING: [Synth 8-7129] Port GTHE3_COMMON_PMARSVD0[3] in module gtwizard_ultrascale_v1_7_16_gthe3_common is either unconnected or has no load
WARNING: [Synth 8-7129] Port GTHE3_COMMON_PMARSVD0[2] in module gtwizard_ultrascale_v1_7_16_gthe3_common is either unconnected or has no load
WARNING: [Synth 8-7129] Port GTHE3_COMMON_PMARSVD0[1] in module gtwizard_ultrascale_v1_7_16_gthe3_common is either unconnected or has no load
WARNING: [Synth 8-7129] Port GTHE3_COMMON_PMARSVD0[0] in module gtwizard_ultrascale_v1_7_16_gthe3_common is either unconnected or has no load
WARNING: [Synth 8-7129] Port GTHE3_COMMON_PMARSVD1[7] in module gtwizard_ultrascale_v1_7_16_gthe3_common is either unconnected or has no load
WARNING: [Synth 8-7129] Port GTHE3_COMMON_PMARSVD1[6] in module gtwizard_ultrascale_v1_7_16_gthe3_common is either unconnected or has no load
WARNING: [Synth 8-7129] Port GTHE3_COMMON_PMARSVD1[5] in module gtwizard_ultrascale_v1_7_16_gthe3_common is either unconnected or has no load
WARNING: [Synth 8-7129] Port GTHE3_COMMON_PMARSVD1[4] in module gtwizard_ultrascale_v1_7_16_gthe3_common is either unconnected or has no load
WARNING: [Synth 8-7129] Port GTHE3_COMMON_PMARSVD1[3] in module gtwizard_ultrascale_v1_7_16_gthe3_common is either unconnected or has no load
WARNING: [Synth 8-7129] Port GTHE3_COMMON_PMARSVD1[2] in module gtwizard_ultrascale_v1_7_16_gthe3_common is either unconnected or has no load
WARNING: [Synth 8-7129] Port GTHE3_COMMON_PMARSVD1[1] in module gtwizard_ultrascale_v1_7_16_gthe3_common is either unconnected or has no load
WARNING: [Synth 8-7129] Port GTHE3_COMMON_PMARSVD1[0] in module gtwizard_ultrascale_v1_7_16_gthe3_common is either unconnected or has no load
WARNING: [Synth 8-7129] Port GTHE3_COMMON_RCALENB[0] in module gtwizard_ultrascale_v1_7_16_gthe3_common is either unconnected or has no load
---------------------------------------------------------------------------------
Finished RTL Elaboration : Time (s): cpu = 00:00:12 ; elapsed = 00:00:12 . Memory (MB): peak = 3129.023 ; gain = 833.984
---------------------------------------------------------------------------------
---------------------------------------------------------------------------------
Start Handling Custom Attributes
---------------------------------------------------------------------------------
---------------------------------------------------------------------------------
Finished Handling Custom Attributes : Time (s): cpu = 00:00:12 ; elapsed = 00:00:13 . Memory (MB): peak = 3145.344 ; gain = 850.305
---------------------------------------------------------------------------------
---------------------------------------------------------------------------------
Finished RTL Optimization Phase 1 : Time (s): cpu = 00:00:12 ; elapsed = 00:00:13 . Memory (MB): peak = 3145.344 ; gain = 850.305
---------------------------------------------------------------------------------
Netlist sorting complete. Time (s): cpu = 00:00:00 ; elapsed = 00:00:00.363 . Memory (MB): peak = 3157.422 ; gain = 0.000
INFO: [Netlist 29-17] Analyzing 21 Unisim elements for replacement
INFO: [Netlist 29-28] Unisim Transformation completed in 0 CPU seconds
INFO: [Project 1-570] Preparing netlist for logic optimization

Processing XDC Constraints
Initializing timing engine
Parsing XDC File [d:/FPGA/prj/project_10/prj_loop/vivado/prj_loop.gen/sources_1/ip/async_fifo_2048x8b/async_fifo_2048x8b/async_fifo_2048x8b_in_context.xdc] for cell 'u_async_fifo_2048x8b'
Finished Parsing XDC File [d:/FPGA/prj/project_10/prj_loop/vivado/prj_loop.gen/sources_1/ip/async_fifo_2048x8b/async_fifo_2048x8b/async_fifo_2048x8b_in_context.xdc] for cell 'u_async_fifo_2048x8b'
Parsing XDC File [d:/FPGA/prj/project_10/prj_loop/vivado/prj_loop.gen/sources_1/ip/ddr4_0/ddr4_0/ddr4_0_in_context.xdc] for cell 'u_ddr4'
Finished Parsing XDC File [d:/FPGA/prj/project_10/prj_loop/vivado/prj_loop.gen/sources_1/ip/ddr4_0/ddr4_0/ddr4_0_in_context.xdc] for cell 'u_ddr4'
Parsing XDC File [d:/FPGA/prj/project_10/prj_loop/vivado/prj_loop.gen/sources_1/ip/aurora_64b66b_1/aurora_64b66b_1/aurora_64b66b_1_in_context.xdc] for cell 'u_aurora_b/aurora_64b66b_1_i'
Finished Parsing XDC File [d:/FPGA/prj/project_10/prj_loop/vivado/prj_loop.gen/sources_1/ip/aurora_64b66b_1/aurora_64b66b_1/aurora_64b66b_1_in_context.xdc] for cell 'u_aurora_b/aurora_64b66b_1_i'
Parsing XDC File [d:/FPGA/prj/project_10/prj_loop/vivado/prj_loop.gen/sources_1/ip/aurora_64b66b_0/aurora_64b66b_0/aurora_64b66b_0_in_context.xdc] for cell 'u_aurora/aurora_64b66b_0_i'
Finished Parsing XDC File [d:/FPGA/prj/project_10/prj_loop/vivado/prj_loop.gen/sources_1/ip/aurora_64b66b_0/aurora_64b66b_0/aurora_64b66b_0_in_context.xdc] for cell 'u_aurora/aurora_64b66b_0_i'
Parsing XDC File [D:/FPGA/prj/project_10/prj_loop/xdc/aurora_mem_bridge.xdc]
INFO: [Timing 38-2] Deriving generated clocks [D:/FPGA/prj/project_10/prj_loop/xdc/aurora_mem_bridge.xdc:92]
Finished Parsing XDC File [D:/FPGA/prj/project_10/prj_loop/xdc/aurora_mem_bridge.xdc]
INFO: [Project 1-236] Implementation specific constraints were found while reading constraint file [D:/FPGA/prj/project_10/prj_loop/xdc/aurora_mem_bridge.xdc]. These constraints will be ignored for synthesis but will be used in implementation. Impacted constraints are listed in the file [.Xil/aurora_mem_bridge_propImpl.xdc].
Resolution: To avoid this warning, move constraints listed in [.Xil/aurora_mem_bridge_propImpl.xdc] to another XDC file and exclude this new file from synthesis with the used_in_synthesis property (File Properties dialog in GUI) and re-run elaboration/synthesis.
Completed Processing XDC Constraints

Netlist sorting complete. Time (s): cpu = 00:00:00 ; elapsed = 00:00:00.007 . Memory (MB): peak = 3273.289 ; gain = 0.000
INFO: [Project 1-111] Unisim Transformation Summary:
  A total of 15 instances were transformed.
  BUFG => BUFGCE: 3 instances
  BUFIO => BUFGCE: 1 instance 
  IBUFDS => IBUFDS (DIFFINBUF, IBUFCTRL): 1 instance 
  IDDRE1 => ISERDESE3 (inverted pins: CLK_B): 5 instances
  ODDRE1 => OSERDESE3: 5 instances

Constraint Validation Runtime : Time (s): cpu = 00:00:00 ; elapsed = 00:00:00.155 . Memory (MB): peak = 3273.289 ; gain = 0.000
WARNING: [Timing 38-316] Clock period '10.000' specified during out-of-context synthesis of instance 'u_async_fifo_2048x8b' at clock pin 'rd_clk' is different from the actual clock period '8.000', this can lead to different synthesis results.
---------------------------------------------------------------------------------
Finished Constraint Validation : Time (s): cpu = 00:00:22 ; elapsed = 00:00:23 . Memory (MB): peak = 3273.289 ; gain = 978.250
---------------------------------------------------------------------------------
---------------------------------------------------------------------------------
Start Loading Part and Timing Information
---------------------------------------------------------------------------------
Loading part: xcku060-ffva1156-2-i
INFO: [Synth 8-6742] Reading net delay rules and data
INFO: [Synth 8-802] inferred FSM for state register 'pst_reg' in module 'cmd_channel'
INFO: [Synth 8-802] inferred FSM for state register 'est_reg' in module 'cmd_channel'
INFO: [Synth 8-802] inferred FSM for state register 'ust_reg' in module 'cmd_channel'
INFO: [Synth 8-802] inferred FSM for state register 'wst_reg' in module 'axi4_master_bridge'
INFO: [Synth 8-802] inferred FSM for state register 'rstate_reg' in module 'axi4_master_bridge'
INFO: [Synth 8-802] inferred FSM for state register 'est_reg' in module 'frame_mem_if'
INFO: [Synth 8-802] inferred FSM for state register 'wst_reg' in module 'axi4_master_bridge__parameterized0'
INFO: [Synth 8-802] inferred FSM for state register 'rstate_reg' in module 'axi4_master_bridge__parameterized0'
INFO: [Synth 8-802] inferred FSM for state register 'est_reg' in module 'frame_mem_if__parameterized0'
INFO: [Synth 8-6904] The RAM "axis_word_unpack:/wf_last_reg" of size (depth=512 x width=1) is automatically implemented using LUTRAM. BRAM implementation would be inefficient 
INFO: [Synth 8-6904] The RAM "axis_word_pack:/q_word_reg" of size (depth=16 x width=64) is automatically implemented using LUTRAM. BRAM implementation would be inefficient 
INFO: [Synth 8-6904] The RAM "axis_word_pack:/q_keep_reg" of size (depth=16 x width=8) is automatically implemented using LUTRAM. BRAM implementation would be inefficient 
INFO: [Synth 8-6904] The RAM "axis_word_pack:/q_last_reg" of size (depth=16 x width=1) is automatically implemented using LUTRAM. BRAM implementation would be inefficient 
---------------------------------------------------------------------------------------------------
                   State |                     New Encoding |                Previous Encoding 
---------------------------------------------------------------------------------------------------
*
                 st_idle |                            00001 |                            00001
             st_preamble |                            00010 |                            00010
             st_eth_head |                            00100 |                            00100
             st_arp_data |                            01000 |                            01000
               st_rx_end |                            10000 |                            10000
---------------------------------------------------------------------------------------------------
INFO: [Synth 8-3898] No Re-encoding of one hot register 'cur_state_reg' in module 'arp_rx'
---------------------------------------------------------------------------------------------------
                   State |                     New Encoding |                Previous Encoding 
---------------------------------------------------------------------------------------------------
*
                 st_idle |                            00001 |                            00001
             st_preamble |                            00010 |                            00010
             st_eth_head |                            00100 |                            00100
             st_arp_data |                            01000 |                            01000
                  st_crc |                            10000 |                            10000
---------------------------------------------------------------------------------------------------
INFO: [Synth 8-3898] No Re-encoding of one hot register 'cur_state_reg' in module 'arp_tx'
---------------------------------------------------------------------------------------------------
                   State |                     New Encoding |                Previous Encoding 
---------------------------------------------------------------------------------------------------
*
                 st_idle |                          0000001 |                          0000001
             st_preamble |                          0000010 |                          0000010
             st_eth_head |                          0000100 |                          0000100
              st_ip_head |                          0001000 |                          0001000
            st_icmp_head |                          0010000 |                          0010000
              st_rx_data |                          0100000 |                          0100000
               st_rx_end |                          1000000 |                          1000000
---------------------------------------------------------------------------------------------------
INFO: [Synth 8-3898] No Re-encoding of one hot register 'cur_state_reg' in module 'icmp_rx'
---------------------------------------------------------------------------------------------------
                   State |                     New Encoding |                Previous Encoding 
---------------------------------------------------------------------------------------------------
*
                 st_idle |                         00000001 |                         00000001
            st_check_sum |                         00000010 |                         00000010
           st_check_icmp |                         00000100 |                         00000100
             st_preamble |                         00001000 |                         00001000
             st_eth_head |                         00010000 |                         00010000
              st_ip_head |                         00100000 |                         00100000
              st_tx_data |                         01000000 |                         01000000
                  st_crc |                         10000000 |                         10000000
---------------------------------------------------------------------------------------------------
INFO: [Synth 8-3898] No Re-encoding of one hot register 'cur_state_reg' in module 'icmp_tx'
---------------------------------------------------------------------------------------------------
                   State |                     New Encoding |                Previous Encoding 
---------------------------------------------------------------------------------------------------
*
                 st_idle |                          0000001 |                          0000001
             st_preamble |                          0000010 |                          0000010
             st_eth_head |                          0000100 |                          0000100
              st_ip_head |                          0001000 |                          0001000
             st_udp_head |                          0010000 |                          0010000
              st_rx_data |                          0100000 |                          0100000
               st_rx_end |                          1000000 |                          1000000
---------------------------------------------------------------------------------------------------
INFO: [Synth 8-3898] No Re-encoding of one hot register 'cur_state_reg' in module 'udp_rx'
---------------------------------------------------------------------------------------------------
                   State |                     New Encoding |                Previous Encoding 
---------------------------------------------------------------------------------------------------
*
                 st_idle |                          0000001 |                          0000001
            st_check_sum |                          0000010 |                          0000010
             st_preamble |                          0000100 |                          0000100
             st_eth_head |                          0001000 |                          0001000
              st_ip_head |                          0010000 |                          0010000
              st_tx_data |                          0100000 |                          0100000
                  st_crc |                          1000000 |                          1000000
---------------------------------------------------------------------------------------------------
INFO: [Synth 8-3898] No Re-encoding of one hot register 'cur_state_reg' in module 'udp_tx'
---------------------------------------------------------------------------------------------------
                   State |                     New Encoding |                Previous Encoding 
---------------------------------------------------------------------------------------------------
                  P_IDLE |                              000 |                              000
                   P_PRE |                              001 |                              001
                   P_ETH |                              010 |                              010
                    P_IP |                              011 |                              011
                P_UDPCHK |                              100 |                              100
                   P_UDP |                              101 |                              101
                   P_PAY |                              110 |                              110
                   P_END |                              111 |                              111
---------------------------------------------------------------------------------------------------
INFO: [Synth 8-3354] encoded FSM with state register 'pst_reg' using encoding 'sequential' in module 'cmd_channel'
---------------------------------------------------------------------------------------------------
                   State |                     New Encoding |                Previous Encoding 
---------------------------------------------------------------------------------------------------
                  U_IDLE |                              000 |                              000
                 U_PULSE |                              001 |                              001
                U_PULSE2 |                              010 |                              010
                  U_RESP |                              011 |                              011
                 U_WREQL |                              100 |                              100
                 U_WBACK |                              101 |                              101
                U_WBACKL |                              110 |                              110
                  iSTATE |                              111 |                              111
*
---------------------------------------------------------------------------------------------------
INFO: [Synth 8-3354] encoded FSM with state register 'ust_reg' using encoding 'sequential' in module 'cmd_channel'
---------------------------------------------------------------------------------------------------
                   State |                     New Encoding |                Previous Encoding 
---------------------------------------------------------------------------------------------------
                  E_IDLE |                      00000000001 |                             0000
                  E_ACKW |                      00000000010 |                             0001
                  E_ACKL |                      00000000100 |                             0010
                    E_BW |                      00000001000 |                             0011
                    E_BL |                      00000010000 |                             0100
                   E_CHK |                      00000100000 |                             0101
                   E_CRC |                      00001000000 |                             0110
                   E_TXW |                      00010000000 |                             0111
                 E_TXPRE |                      00100000000 |                             1000
                    E_TX |                      01000000000 |                             1001
                   E_TXE |                      10000000000 |                             1010
---------------------------------------------------------------------------------------------------
INFO: [Synth 8-3354] encoded FSM with state register 'est_reg' using encoding 'one-hot' in module 'cmd_channel'
INFO: [Synth 8-7030] Implemented Non-Cascaded Block Ram (cascade_height = 1) of width 8 for RAM "frame_fifo_pump:/ram_reg"
INFO: [Synth 8-6904] The RAM "async_fifo__parameterized0:/ram_reg" of size (depth=8 x width=16) is automatically implemented using LUTRAM. BRAM implementation would be inefficient 
INFO: [Synth 8-6904] The RAM "async_fifo__parameterized1:/ram_reg" of size (depth=4 x width=9) is automatically implemented using LUTRAM. BRAM implementation would be inefficient 
INFO: [Synth 8-6904] The RAM "async_fifo__parameterized2:/ram_reg" of size (depth=4 x width=25) is automatically implemented using LUTRAM. BRAM implementation would be inefficient 
---------------------------------------------------------------------------------------------------
                   State |                     New Encoding |                Previous Encoding 
---------------------------------------------------------------------------------------------------
                  W_IDLE |                          0000001 |                              000
                 W_DRAIN |                          0000010 |                              110
                  W_WAIT |                          0000100 |                              001
                    W_AW |                          0001000 |                              010
                  W_FILL |                          0010000 |                              011
                  W_PUSH |                          0100000 |                              100
                     W_B |                          1000000 |                              101
---------------------------------------------------------------------------------------------------
INFO: [Synth 8-3354] encoded FSM with state register 'wst_reg' using encoding 'one-hot' in module 'axi4_master_bridge'
---------------------------------------------------------------------------------------------------
                   State |                     New Encoding |                Previous Encoding 
---------------------------------------------------------------------------------------------------
                  R_IDLE |                           000001 |                              000
                   R_PRE |                           000010 |                              101
                    R_AR |                           000100 |                              001
                     R_R |                           001000 |                              010
                R_UNPACK |                           010000 |                              011
                   R_FIN |                           100000 |                              100
---------------------------------------------------------------------------------------------------
INFO: [Synth 8-3354] encoded FSM with state register 'rstate_reg' using encoding 'one-hot' in module 'axi4_master_bridge'
---------------------------------------------------------------------------------------------------
                   State |                     New Encoding |                Previous Encoding 
---------------------------------------------------------------------------------------------------
                  iSTATE |                               00 |                               00
                 iSTATE0 |                               01 |                               11
                 iSTATE1 |                               10 |                               01
                 iSTATE2 |                               11 |                               10
---------------------------------------------------------------------------------------------------
INFO: [Synth 8-3354] encoded FSM with state register 'est_reg' using encoding 'sequential' in module 'frame_mem_if'
---------------------------------------------------------------------------------------------------
                   State |                     New Encoding |                Previous Encoding 
---------------------------------------------------------------------------------------------------
                  W_IDLE |                          0000001 |                              000
                 W_DRAIN |                          0000010 |                              110
                  W_WAIT |                          0000100 |                              001
                    W_AW |                          0001000 |                              010
                  W_FILL |                          0010000 |                              011
                  W_PUSH |                          0100000 |                              100
                     W_B |                          1000000 |                              101
---------------------------------------------------------------------------------------------------
INFO: [Synth 8-3354] encoded FSM with state register 'wst_reg' using encoding 'one-hot' in module 'axi4_master_bridge__parameterized0'
---------------------------------------------------------------------------------------------------
                   State |                     New Encoding |                Previous Encoding 
---------------------------------------------------------------------------------------------------
                  R_IDLE |                           000001 |                              000
                   R_PRE |                           000010 |                              101
                    R_AR |                           000100 |                              001
                     R_R |                           001000 |                              010
                R_UNPACK |                           010000 |                              011
                   R_FIN |                           100000 |                              100
---------------------------------------------------------------------------------------------------
INFO: [Synth 8-3354] encoded FSM with state register 'rstate_reg' using encoding 'one-hot' in module 'axi4_master_bridge__parameterized0'
---------------------------------------------------------------------------------------------------
                   State |                     New Encoding |                Previous Encoding 
---------------------------------------------------------------------------------------------------
                  iSTATE |                               00 |                               00
                 iSTATE0 |                               01 |                               11
                 iSTATE1 |                               10 |                               01
                 iSTATE2 |                               11 |                               10
---------------------------------------------------------------------------------------------------
INFO: [Synth 8-3354] encoded FSM with state register 'est_reg' using encoding 'sequential' in module 'frame_mem_if__parameterized0'
---------------------------------------------------------------------------------
Finished RTL Optimization Phase 2 : Time (s): cpu = 00:00:45 ; elapsed = 00:00:52 . Memory (MB): peak = 3273.289 ; gain = 978.250
---------------------------------------------------------------------------------


Incremental Synthesis Report Summary:

1. Incremental synthesis run: no

   Reason for not running incremental synthesis : Design change found in an area of the design that prevents previous synthesis information being used


INFO: [Synth 8-7130] Flow is switching to default flow due to incremental criteria not met. If you would like to alter this behaviour and have the flow terminate instead, please set the following parameter config_implementation {autoIncr.Synth.RejectBehavior Terminate}
---------------------------------------------------------------------------------
Start RTL Component Statistics 
---------------------------------------------------------------------------------
Detailed RTL Component Info : 
+---Adders : 
	   2 Input   32 Bit       Adders := 3     
	   4 Input   32 Bit       Adders := 1     
	   2 Input   22 Bit       Adders := 1     
	  10 Input   20 Bit       Adders := 2     
	   4 Input   19 Bit       Adders := 1     
	   3 Input   17 Bit       Adders := 2     
	   2 Input   17 Bit       Adders := 4     
	   2 Input   16 Bit       Adders := 102   
	   2 Input   13 Bit       Adders := 18    
	   3 Input   13 Bit       Adders := 8     
	   2 Input   12 Bit       Adders := 10    
	   2 Input   10 Bit       Adders := 6     
	   2 Input    9 Bit       Adders := 2     
	   2 Input    8 Bit       Adders := 19    
	   2 Input    7 Bit       Adders := 3     
	   2 Input    6 Bit       Adders := 2     
	   2 Input    5 Bit       Adders := 11    
	   2 Input    4 Bit       Adders := 20    
	   3 Input    4 Bit       Adders := 4     
	   8 Input    4 Bit       Adders := 2     
	   2 Input    3 Bit       Adders := 12    
	   3 Input    3 Bit       Adders := 8     
	   2 Input    2 Bit       Adders := 2     
+---XORs : 
	   2 Input     13 Bit         XORs := 8     
	   2 Input     12 Bit         XORs := 6     
	   2 Input      9 Bit         XORs := 2     
	   2 Input      4 Bit         XORs := 4     
	   2 Input      3 Bit         XORs := 8     
	   2 Input      1 Bit         XORs := 172   
	   3 Input      1 Bit         XORs := 24    
	   6 Input      1 Bit         XORs := 28    
	   8 Input      1 Bit         XORs := 4     
	   5 Input      1 Bit         XORs := 16    
	   7 Input      1 Bit         XORs := 28    
	  10 Input      1 Bit         XORs := 8     
	   9 Input      1 Bit         XORs := 12    
	  12 Input      1 Bit         XORs := 4     
	   4 Input      1 Bit         XORs := 4     
+---Registers : 
	              512 Bit    Registers := 4     
	              128 Bit    Registers := 1     
	               64 Bit    Registers := 12    
	               56 Bit    Registers := 1     
	               48 Bit    Registers := 10    
	               32 Bit    Registers := 35    
	               25 Bit    Registers := 2     
	               22 Bit    Registers := 1     
	               19 Bit    Registers := 2     
	               16 Bit    Registers := 630   
	               13 Bit    Registers := 32    
	               12 Bit    Registers := 18    
	               10 Bit    Registers := 4     
	                9 Bit    Registers := 8     
	                8 Bit    Registers := 657   
	                7 Bit    Registers := 3     
	                6 Bit    Registers := 2     
	                5 Bit    Registers := 11    
	                4 Bit    Registers := 33    
	                3 Bit    Registers := 31    
	                2 Bit    Registers := 7     
	                1 Bit    Registers := 1219  
+---RAMs : 
	              32K Bit	(4096 X 8 bit)          RAMs := 4     
	              32K Bit	(512 X 64 bit)          RAMs := 2     
	              16K Bit	(2048 X 8 bit)          RAMs := 2     
	               4K Bit	(512 X 8 bit)          RAMs := 2     
	             1024 Bit	(16 X 64 bit)          RAMs := 2     
	              512 Bit	(512 X 1 bit)          RAMs := 2     
	              128 Bit	(8 X 16 bit)          RAMs := 2     
	              128 Bit	(16 X 8 bit)          RAMs := 2     
	              100 Bit	(4 X 25 bit)          RAMs := 2     
	               36 Bit	(4 X 9 bit)          RAMs := 2     
	               16 Bit	(16 X 1 bit)          RAMs := 2     
+---Muxes : 
	   7 Input  512 Bit        Muxes := 4     
	   2 Input  512 Bit        Muxes := 5     
	   7 Input   64 Bit        Muxes := 4     
	   2 Input   64 Bit        Muxes := 29    
	   5 Input   48 Bit        Muxes := 1     
	   2 Input   48 Bit        Muxes := 2     
	   8 Input   48 Bit        Muxes := 2     
	   2 Input   32 Bit        Muxes := 17    
	   7 Input   32 Bit        Muxes := 4     
	   8 Input   32 Bit        Muxes := 6     
	  11 Input   32 Bit        Muxes := 1     
	   6 Input   25 Bit        Muxes := 2     
	   2 Input   25 Bit        Muxes := 2     
	   3 Input   22 Bit        Muxes := 1     
	   7 Input   16 Bit        Muxes := 11    
	   2 Input   16 Bit        Muxes := 54    
	   4 Input   16 Bit        Muxes := 4     
	   5 Input   16 Bit        Muxes := 5     
	   3 Input   16 Bit        Muxes := 2     
	   6 Input   16 Bit        Muxes := 1     
	   8 Input   16 Bit        Muxes := 6     
	   7 Input   12 Bit        Muxes := 2     
	   2 Input   12 Bit        Muxes := 2     
	   2 Input    8 Bit        Muxes := 53    
	   6 Input    8 Bit        Muxes := 4     
	   7 Input    8 Bit        Muxes := 6     
	   4 Input    8 Bit        Muxes := 9     
	   5 Input    8 Bit        Muxes := 1     
	   9 Input    8 Bit        Muxes := 2     
	   8 Input    8 Bit        Muxes := 1     
	  11 Input    8 Bit        Muxes := 1     
	   2 Input    7 Bit        Muxes := 37    
	   7 Input    7 Bit        Muxes := 2     
	   3 Input    7 Bit        Muxes := 7     
	   8 Input    7 Bit        Muxes := 6     
	  11 Input    7 Bit        Muxes := 2     
	   6 Input    6 Bit        Muxes := 2     
	   2 Input    6 Bit        Muxes := 14    
	   4 Input    6 Bit        Muxes := 1     
	   5 Input    6 Bit        Muxes := 1     
	   2 Input    5 Bit        Muxes := 62    
	   4 Input    5 Bit        Muxes := 4     
	   5 Input    5 Bit        Muxes := 1     
	   3 Input    5 Bit        Muxes := 3     
	   6 Input    5 Bit        Muxes := 4     
	   8 Input    5 Bit        Muxes := 3     
	   7 Input    5 Bit        Muxes := 3     
	   7 Input    4 Bit        Muxes := 2     
	   2 Input    4 Bit        Muxes := 19    
	   6 Input    3 Bit        Muxes := 2     
	   7 Input    3 Bit        Muxes := 2     
	   9 Input    3 Bit        Muxes := 2     
	   2 Input    3 Bit        Muxes := 31    
	   8 Input    3 Bit        Muxes := 2     
	   3 Input    3 Bit        Muxes := 1     
	   5 Input    3 Bit        Muxes := 1     
	   2 Input    2 Bit        Muxes := 25    
	   4 Input    2 Bit        Muxes := 2     
	   8 Input    2 Bit        Muxes := 1     
	   7 Input    2 Bit        Muxes := 1     
	   3 Input    2 Bit        Muxes := 1     
	   2 Input    1 Bit        Muxes := 4913  
	   6 Input    1 Bit        Muxes := 34    
	   7 Input    1 Bit        Muxes := 86    
	   4 Input    1 Bit        Muxes := 41    
	   5 Input    1 Bit        Muxes := 24    
	   8 Input    1 Bit        Muxes := 62    
	   3 Input    1 Bit        Muxes := 5     
	  10 Input    1 Bit        Muxes := 2     
	  11 Input    1 Bit        Muxes := 14    
---------------------------------------------------------------------------------
Finished RTL Component Statistics 
---------------------------------------------------------------------------------
---------------------------------------------------------------------------------
Start Part Resource Summary
---------------------------------------------------------------------------------
Part Resources:
DSPs: 2760 (col length:120)
BRAMs: 2160 (col length: RAMB18 120 RAMB36 60)
---------------------------------------------------------------------------------
Finished Part Resource Summary
---------------------------------------------------------------------------------
---------------------------------------------------------------------------------
Start Cross Boundary and Area Optimization
---------------------------------------------------------------------------------
INFO: [Synth 8-6904] The RAM "u_mem/u_wr_desc/ram_reg" of size (depth=8 x width=16) is automatically implemented using LUTRAM. BRAM implementation would be inefficient 
INFO: [Synth 8-6904] The RAM "u_mem/u_rd_cmd/ram_reg" of size (depth=4 x width=9) is automatically implemented using LUTRAM. BRAM implementation would be inefficient 
INFO: [Synth 8-6904] The RAM "u_mem/u_rd_desc/ram_reg" of size (depth=4 x width=25) is automatically implemented using LUTRAM. BRAM implementation would be inefficient 
INFO: [Synth 8-7030] Implemented Non-Cascaded Block Ram (cascade_height = 1) of width 8 for RAM "u_mem/u_rd_bytes/ram_reg"
INFO: [Synth 8-6904] The RAM "u_mem2/u_wr_desc/ram_reg" of size (depth=8 x width=16) is automatically implemented using LUTRAM. BRAM implementation would be inefficient 
INFO: [Synth 8-6904] The RAM "u_mem2/u_rd_cmd/ram_reg" of size (depth=4 x width=9) is automatically implemented using LUTRAM. BRAM implementation would be inefficient 
INFO: [Synth 8-6904] The RAM "u_mem2/u_rd_desc/ram_reg" of size (depth=4 x width=25) is automatically implemented using LUTRAM. BRAM implementation would be inefficient 
INFO: [Synth 8-7030] Implemented Non-Cascaded Block Ram (cascade_height = 1) of width 8 for RAM "u_mem2/u_rd_bytes/ram_reg"
WARNING: [Synth 8-3917] design aurora_mem_bridge has port sfp_tx_disable driven by constant 0
WARNING: [Synth 8-3917] design aurora_mem_bridge has port sfp_rs0 driven by constant 1
WARNING: [Synth 8-3917] design aurora_mem_bridge has port sfp_rs1 driven by constant 1
WARNING: [Synth 8-3917] design aurora_mem_bridge has port sfpb_tx_disable driven by constant 0
WARNING: [Synth 8-3917] design aurora_mem_bridge has port sfpb_rs0 driven by constant 1
WARNING: [Synth 8-3917] design aurora_mem_bridge has port sfpb_rs1 driven by constant 1
WARNING: [Synth 8-7129] Port m_axi_rresp[1] in module frame_mem_if__parameterized0 is either unconnected or has no load
WARNING: [Synth 8-7129] Port m_axi_rresp[0] in module frame_mem_if__parameterized0 is either unconnected or has no load
WARNING: [Synth 8-7129] Port m_axi_rlast in module frame_mem_if__parameterized0 is either unconnected or has no load
WARNING: [Synth 8-7129] Port m_axi_bid[3] in module frame_mem_if__parameterized0 is either unconnected or has no load
WARNING: [Synth 8-7129] Port m_axi_bid[2] in module frame_mem_if__parameterized0 is either unconnected or has no load
WARNING: [Synth 8-7129] Port m_axi_bid[1] in module frame_mem_if__parameterized0 is either unconnected or has no load
WARNING: [Synth 8-7129] Port m_axi_bid[0] in module frame_mem_if__parameterized0 is either unconnected or has no load
WARNING: [Synth 8-7129] Port m_axi_rid[3] in module frame_mem_if__parameterized0 is either unconnected or has no load
WARNING: [Synth 8-7129] Port m_axi_rid[2] in module frame_mem_if__parameterized0 is either unconnected or has no load
WARNING: [Synth 8-7129] Port m_axi_rid[1] in module frame_mem_if__parameterized0 is either unconnected or has no load
WARNING: [Synth 8-7129] Port m_axi_rid[0] in module frame_mem_if__parameterized0 is either unconnected or has no load
WARNING: [Synth 8-7129] Port m_axi_rresp[1] in module frame_mem_if is either unconnected or has no load
WARNING: [Synth 8-7129] Port m_axi_rresp[0] in module frame_mem_if is either unconnected or has no load
WARNING: [Synth 8-7129] Port m_axi_rlast in module frame_mem_if is either unconnected or has no load
WARNING: [Synth 8-7129] Port m_axi_bid[3] in module frame_mem_if is either unconnected or has no load
WARNING: [Synth 8-7129] Port m_axi_bid[2] in module frame_mem_if is either unconnected or has no load
WARNING: [Synth 8-7129] Port m_axi_bid[1] in module frame_mem_if is either unconnected or has no load
WARNING: [Synth 8-7129] Port m_axi_bid[0] in module frame_mem_if is either unconnected or has no load
WARNING: [Synth 8-7129] Port m_axi_rid[3] in module frame_mem_if is either unconnected or has no load
WARNING: [Synth 8-7129] Port m_axi_rid[2] in module frame_mem_if is either unconnected or has no load
WARNING: [Synth 8-7129] Port m_axi_rid[1] in module frame_mem_if is either unconnected or has no load
WARNING: [Synth 8-7129] Port m_axi_rid[0] in module frame_mem_if is either unconnected or has no load
INFO: [Synth 8-6904] The RAM "u_mem/u_rd_desc/ram_reg" of size (depth=4 x width=25) is automatically implemented using LUTRAM. BRAM implementation would be inefficient 
INFO: [Synth 8-7030] Implemented Non-Cascaded Block Ram (cascade_height = 1) of width 8 for RAM "u_mem/u_rd_bytes/ram_reg"
INFO: [Synth 8-6904] The RAM "u_mem2/u_rd_desc/ram_reg" of size (depth=4 x width=25) is automatically implemented using LUTRAM. BRAM implementation would be inefficient 
INFO: [Synth 8-7030] Implemented Non-Cascaded Block Ram (cascade_height = 1) of width 8 for RAM "u_mem2/u_rd_bytes/ram_reg"
INFO: [Synth 8-6904] The RAM "u_unpack_b/wf_last_reg" of size (depth=512 x width=1) is automatically implemented using LUTRAM. BRAM implementation would be inefficient 
INFO: [Synth 8-4471] merging register 'asm_cnt_reg[2:0]' into 'asm_cnt_reg[2:0]' [D:/FPGA/prj/project_9/rtl/axis_word_pack.v:83]
INFO: [Synth 8-6904] The RAM "u_pack_b/q_word_reg" of size (depth=16 x width=64) is automatically implemented using LUTRAM. BRAM implementation would be inefficient 
INFO: [Synth 8-6904] The RAM "u_pack_b/q_keep_reg" of size (depth=16 x width=8) is automatically implemented using LUTRAM. BRAM implementation would be inefficient 
INFO: [Synth 8-6904] The RAM "u_pack_b/q_last_reg" of size (depth=16 x width=1) is automatically implemented using LUTRAM. BRAM implementation would be inefficient 
INFO: [Synth 8-5544] ROM "p_1_out1" won't be mapped to Block RAM because address size (2) smaller than threshold (5)
INFO: [Synth 8-5544] ROM "p_1_out1" won't be mapped to Block RAM because address size (2) smaller than threshold (5)
INFO: [Synth 8-4471] merging register 'asm_cnt_reg[2:0]' into 'asm_cnt_reg[2:0]' [D:/FPGA/prj/project_9/rtl/axis_word_pack.v:83]
INFO: [Synth 8-6904] The RAM "u_pack/q_word_reg" of size (depth=16 x width=64) is automatically implemented using LUTRAM. BRAM implementation would be inefficient 
INFO: [Synth 8-6904] The RAM "u_pack/q_keep_reg" of size (depth=16 x width=8) is automatically implemented using LUTRAM. BRAM implementation would be inefficient 
INFO: [Synth 8-6904] The RAM "u_pack/q_last_reg" of size (depth=16 x width=1) is automatically implemented using LUTRAM. BRAM implementation would be inefficient 
INFO: [Synth 8-6904] The RAM "u_unpack/wf_last_reg" of size (depth=512 x width=1) is automatically implemented using LUTRAM. BRAM implementation would be inefficient 
WARNING: [Synth 8-7129] Port arp_tx_done in module eth_ctrl is either unconnected or has no load
WARNING: [Synth 8-7129] Port crc_data[31] in module udp_tx is either unconnected or has no load
WARNING: [Synth 8-7129] Port crc_data[30] in module udp_tx is either unconnected or has no load
WARNING: [Synth 8-7129] Port crc_data[29] in module udp_tx is either unconnected or has no load
WARNING: [Synth 8-7129] Port crc_data[28] in module udp_tx is either unconnected or has no load
INFO: [Common 17-14] Message 'Synth 8-7129' appears 100 times and further instances of the messages will be disabled. Use the Tcl command set_msg_config to change the current settings.
INFO: [Synth 8-6904] The RAM "u_unpack_b/wf_last_reg" of size (depth=512 x width=1) is automatically implemented using LUTRAM. BRAM implementation would be inefficient 
INFO: [Synth 8-7030] Implemented Non-Cascaded Block Ram (cascade_height = 1) of width 8 for RAM "u_pump_fwd/ram_reg"
INFO: [Synth 8-6904] The RAM "u_unpack/wf_last_reg" of size (depth=512 x width=1) is automatically implemented using LUTRAM. BRAM implementation would be inefficient 
INFO: [Synth 8-7030] Implemented Non-Cascaded Block Ram (cascade_height = 1) of width 8 for RAM "u_pump_rev/ram_reg"
INFO: [Synth 8-3886] merging instance 'u_icmp/u_icmp_tx/check_buffer_reg[31]' (FDCE) to 'u_icmp/u_icmp_tx/check_buffer_reg[20]'
INFO: [Synth 8-3886] merging instance 'u_icmp/u_icmp_tx/check_buffer_reg[24]' (FDCE) to 'u_icmp/u_icmp_tx/check_buffer_reg[20]'
INFO: [Synth 8-3886] merging instance 'u_icmp/u_icmp_tx/check_buffer_reg[25]' (FDCE) to 'u_icmp/u_icmp_tx/check_buffer_reg[20]'
INFO: [Synth 8-3886] merging instance 'u_icmp/u_icmp_tx/check_buffer_reg[26]' (FDCE) to 'u_icmp/u_icmp_tx/check_buffer_reg[20]'
INFO: [Synth 8-3886] merging instance 'u_icmp/u_icmp_tx/check_buffer_reg[27]' (FDCE) to 'u_icmp/u_icmp_tx/check_buffer_reg[20]'
INFO: [Synth 8-3886] merging instance 'u_icmp/u_icmp_tx/check_buffer_reg[28]' (FDCE) to 'u_icmp/u_icmp_tx/check_buffer_reg[20]'
INFO: [Synth 8-3886] merging instance 'u_icmp/u_icmp_tx/check_buffer_reg[29]' (FDCE) to 'u_icmp/u_icmp_tx/check_buffer_reg[20]'
INFO: [Synth 8-3886] merging instance 'u_icmp/u_icmp_tx/check_buffer_reg[30]' (FDCE) to 'u_icmp/u_icmp_tx/check_buffer_reg[20]'
INFO: [Synth 8-3886] merging instance 'u_icmp/u_icmp_tx/check_buffer_reg[23]' (FDCE) to 'u_icmp/u_icmp_tx/check_buffer_reg[20]'
INFO: [Synth 8-3886] merging instance 'u_icmp/u_icmp_tx/check_buffer_reg[20]' (FDCE) to 'u_icmp/u_icmp_tx/check_buffer_reg[21]'
INFO: [Synth 8-3886] merging instance 'u_icmp/u_icmp_tx/check_buffer_reg[21]' (FDCE) to 'u_icmp/u_icmp_tx/check_buffer_reg[22]'
INFO: [Synth 8-3333] propagating constant 0 across sequential element (u_icmp/\u_icmp_tx/check_buffer_reg[22] )
INFO: [Synth 8-3886] merging instance 'u_udp/u_udp_tx/check_buffer_reg[31]' (FDCE) to 'u_udp/u_udp_tx/check_buffer_reg[20]'
INFO: [Synth 8-3886] merging instance 'u_udp/u_udp_tx/check_buffer_reg[24]' (FDCE) to 'u_udp/u_udp_tx/check_buffer_reg[20]'
INFO: [Synth 8-3886] merging instance 'u_udp/u_udp_tx/check_buffer_reg[25]' (FDCE) to 'u_udp/u_udp_tx/check_buffer_reg[20]'
INFO: [Synth 8-3886] merging instance 'u_udp/u_udp_tx/check_buffer_reg[26]' (FDCE) to 'u_udp/u_udp_tx/check_buffer_reg[20]'
INFO: [Synth 8-3886] merging instance 'u_udp/u_udp_tx/check_buffer_reg[27]' (FDCE) to 'u_udp/u_udp_tx/check_buffer_reg[20]'
INFO: [Synth 8-3886] merging instance 'u_udp/u_udp_tx/check_buffer_reg[28]' (FDCE) to 'u_udp/u_udp_tx/check_buffer_reg[20]'
INFO: [Synth 8-3886] merging instance 'u_udp/u_udp_tx/check_buffer_reg[29]' (FDCE) to 'u_udp/u_udp_tx/check_buffer_reg[20]'
INFO: [Synth 8-3886] merging instance 'u_udp/u_udp_tx/check_buffer_reg[30]' (FDCE) to 'u_udp/u_udp_tx/check_buffer_reg[20]'
INFO: [Synth 8-3886] merging instance 'u_udp/u_udp_tx/check_buffer_reg[23]' (FDCE) to 'u_udp/u_udp_tx/check_buffer_reg[20]'
INFO: [Synth 8-3886] merging instance 'u_udp/u_udp_tx/check_buffer_reg[20]' (FDCE) to 'u_udp/u_udp_tx/check_buffer_reg[21]'
INFO: [Synth 8-3886] merging instance 'u_udp/u_udp_tx/check_buffer_reg[21]' (FDCE) to 'u_udp/u_udp_tx/check_buffer_reg[22]'
INFO: [Synth 8-3333] propagating constant 0 across sequential element (u_udp/\u_udp_tx/check_buffer_reg[22] )
INFO: [Synth 8-3886] merging instance 'u_icmp/u_icmp_rx/ip_head_byte_num_reg[0]' (FDCE) to 'u_icmp/u_icmp_rx/ip_head_byte_num_reg[1]'
INFO: [Synth 8-3333] propagating constant 0 across sequential element (u_icmp/\u_icmp_rx/ip_head_byte_num_reg[1] )
INFO: [Synth 8-3886] merging instance 'u_icmp/u_icmp_tx/total_num_reg[0]' (FDCE) to 'u_icmp/u_icmp_tx/tx_data_num_reg[0]'
INFO: [Synth 8-3333] propagating constant 1 across sequential element (u_icmp/\u_icmp_tx/preamble_reg[7][0] )
INFO: [Synth 8-3333] propagating constant 1 across sequential element (u_icmp/\u_icmp_tx/preamble_reg[6][0] )
INFO: [Synth 8-3333] propagating constant 1 across sequential element (u_icmp/\u_icmp_tx/preamble_reg[5][0] )
INFO: [Synth 8-3333] propagating constant 1 across sequential element (u_icmp/\u_icmp_tx/preamble_reg[4][0] )
INFO: [Synth 8-3333] propagating constant 1 across sequential element (u_icmp/\u_icmp_tx/preamble_reg[3][0] )
INFO: [Synth 8-3333] propagating constant 1 across sequential element (u_icmp/\u_icmp_tx/preamble_reg[2][0] )
INFO: [Synth 8-3333] propagating constant 1 across sequential element (u_icmp/\u_icmp_tx/preamble_reg[1][0] )
INFO: [Synth 8-3333] propagating constant 1 across sequential element (u_icmp/\u_icmp_tx/preamble_reg[0][0] )
INFO: [Synth 8-3333] propagating constant 0 across sequential element (u_icmp/\u_icmp_tx/eth_head_reg[13][0] )
INFO: [Synth 8-3333] propagating constant 0 across sequential element (u_icmp/\u_icmp_tx/eth_head_reg[12][0] )
INFO: [Synth 8-3333] propagating constant 1 across sequential element (u_icmp/\u_icmp_tx/eth_head_reg[11][0] )
INFO: [Synth 8-3333] propagating constant 0 across sequential element (u_icmp/\u_icmp_tx/eth_head_reg[10][0] )
INFO: [Synth 8-3333] propagating constant 1 across sequential element (u_icmp/\u_icmp_tx/eth_head_reg[9][0] )
INFO: [Synth 8-3333] propagating constant 0 across sequential element (u_icmp/\u_icmp_tx/eth_head_reg[8][0] )
INFO: [Synth 8-3333] propagating constant 1 across sequential element (u_icmp/\u_icmp_tx/eth_head_reg[7][0] )
INFO: [Synth 8-3333] propagating constant 0 across sequential element (u_icmp/\u_icmp_tx/eth_head_reg[6][0] )
INFO: [Synth 8-3886] merging instance 'u_icmp/u_icmp_tx/ip_head_reg[3][24]' (FDE) to 'u_icmp/u_icmp_tx/ip_head_reg[3][0]'
INFO: [Synth 8-3886] merging instance 'u_icmp/u_icmp_tx/ip_head_reg[2][24]' (FDE) to 'u_icmp/u_icmp_tx/ip_head_reg[2][25]'
INFO: [Synth 8-3886] merging instance 'u_icmp/u_icmp_tx/ip_head_reg[0][24]' (FDE) to 'u_icmp/u_icmp_tx/ip_head_reg[3][1]'
INFO: [Synth 8-3886] merging instance 'u_icmp/u_icmp_tx/ip_head_reg[5][24]' (FDE) to 'u_icmp/u_icmp_tx/ip_head_reg[5][16]'
INFO: [Synth 8-3886] merging instance 'u_icmp/u_icmp_tx/ip_head_reg[3][16]' (FDE) to 'u_icmp/u_icmp_tx/ip_head_reg[3][0]'
INFO: [Synth 8-3886] merging instance 'u_icmp/u_icmp_tx/ip_head_reg[2][16]' (FDE) to 'u_icmp/u_icmp_tx/ip_head_reg[2][31]'
INFO: [Synth 8-3886] merging instance 'u_icmp/u_icmp_tx/ip_head_reg[0][16]' (FDE) to 'u_icmp/u_icmp_tx/ip_head_reg[3][0]'
INFO: [Synth 8-3886] merging instance 'u_icmp/u_icmp_tx/ip_head_reg[5][16]' (FDE) to 'u_icmp/u_icmp_tx/ip_head_reg[5][25]'
INFO: [Synth 8-3886] merging instance 'u_icmp/u_icmp_tx/ip_head_reg[3][8]' (FDE) to 'u_icmp/u_icmp_tx/ip_head_reg[3][1]'
INFO: [Synth 8-3886] merging instance 'u_icmp/u_icmp_tx/ip_head_reg[1][8]' (FDE) to 'u_icmp/u_icmp_tx/ip_head_reg[1][0]'
INFO: [Synth 8-3886] merging instance 'u_icmp/u_icmp_tx/ip_head_reg[3][0]' (FDE) to 'u_icmp/u_icmp_tx/ip_head_reg[3][2]'
INFO: [Synth 8-3886] merging instance 'u_icmp/u_icmp_tx/ip_head_reg[1][0]' (FDE) to 'u_icmp/u_icmp_tx/ip_head_reg[1][9]'
INFO: [Synth 8-3333] propagating constant 1 across sequential element (u_udp/\u_udp_tx/preamble_reg[7][0] )
INFO: [Synth 8-3333] propagating constant 1 across sequential element (u_udp/\u_udp_tx/preamble_reg[6][0] )
INFO: [Synth 8-3333] propagating constant 1 across sequential element (u_udp/\u_udp_tx/preamble_reg[5][0] )
INFO: [Synth 8-3333] propagating constant 1 across sequential element (u_udp/\u_udp_tx/preamble_reg[4][0] )
INFO: [Synth 8-3333] propagating constant 1 across sequential element (u_udp/\u_udp_tx/preamble_reg[3][0] )
INFO: [Synth 8-3333] propagating constant 1 across sequential element (u_udp/\u_udp_tx/preamble_reg[2][0] )
INFO: [Synth 8-3333] propagating constant 1 across sequential element (u_udp/\u_udp_tx/preamble_reg[1][0] )
INFO: [Synth 8-3333] propagating constant 1 across sequential element (u_udp/\u_udp_tx/preamble_reg[0][0] )
INFO: [Synth 8-3333] propagating constant 0 across sequential element (u_udp/\u_udp_tx/eth_head_reg[13][0] )
INFO: [Synth 8-3333] propagating constant 0 across sequential element (u_udp/\u_udp_tx/eth_head_reg[12][0] )
INFO: [Synth 8-3333] propagating constant 1 across sequential element (u_udp/\u_udp_tx/eth_head_reg[11][0] )
INFO: [Synth 8-3333] propagating constant 0 across sequential element (u_udp/\u_udp_tx/eth_head_reg[10][0] )
INFO: [Synth 8-3333] propagating constant 1 across sequential element (u_udp/\u_udp_tx/eth_head_reg[9][0] )
INFO: [Synth 8-3333] propagating constant 0 across sequential element (u_udp/\u_udp_tx/eth_head_reg[8][0] )
INFO: [Synth 8-3333] propagating constant 1 across sequential element (u_udp/\u_udp_tx/eth_head_reg[7][0] )
INFO: [Synth 8-3333] propagating constant 0 across sequential element (u_udp/\u_udp_tx/eth_head_reg[6][0] )
INFO: [Synth 8-3886] merging instance 'u_udp/u_udp_tx/ip_head_reg[3][24]' (FDE) to 'u_udp/u_udp_tx/ip_head_reg[3][0]'
INFO: [Synth 8-3886] merging instance 'u_udp/u_udp_tx/ip_head_reg[2][24]' (FDE) to 'u_udp/u_udp_tx/ip_head_reg[2][25]'
INFO: [Synth 8-3886] merging instance 'u_udp/u_udp_tx/ip_head_reg[0][24]' (FDE) to 'u_udp/u_udp_tx/ip_head_reg[3][1]'
INFO: [Synth 8-3886] merging instance 'u_udp/u_udp_tx/ip_head_reg[5][24]' (FDE) to 'u_udp/u_udp_tx/ip_head_reg[3][0]'
INFO: [Synth 8-3886] merging instance 'u_udp/u_udp_tx/ip_head_reg[3][16]' (FDE) to 'u_udp/u_udp_tx/ip_head_reg[3][0]'
INFO: [Synth 8-3886] merging instance 'u_udp/u_udp_tx/ip_head_reg[2][16]' (FDE) to 'u_udp/u_udp_tx/ip_head_reg[2][20]'
INFO: [Synth 8-3886] merging instance 'u_udp/u_udp_tx/ip_head_reg[0][16]' (FDE) to 'u_udp/u_udp_tx/ip_head_reg[3][0]'
INFO: [Synth 8-3886] merging instance 'u_udp/u_udp_tx/ip_head_reg[5][16]' (FDE) to 'u_udp/u_udp_tx/ip_head_reg[3][0]'
INFO: [Synth 8-3886] merging instance 'u_udp/u_udp_tx/ip_head_reg[3][8]' (FDE) to 'u_udp/u_udp_tx/ip_head_reg[3][1]'
INFO: [Synth 8-3886] merging instance 'u_udp/u_udp_tx/ip_head_reg[1][8]' (FDE) to 'u_udp/u_udp_tx/ip_head_reg[1][0]'
INFO: [Synth 8-3886] merging instance 'u_udp/u_udp_tx/ip_head_reg[6][8]' (FDE) to 'u_udp/u_udp_tx/ip_head_reg[3][0]'
INFO: [Synth 8-3886] merging instance 'u_udp/u_udp_tx/ip_head_reg[3][0]' (FDE) to 'u_udp/u_udp_tx/ip_head_reg[3][2]'
INFO: [Synth 8-3886] merging instance 'u_udp/u_udp_tx/ip_head_reg[1][0]' (FDE) to 'u_udp/u_udp_tx/ip_head_reg[1][9]'
INFO: [Synth 8-3886] merging instance 'u_udp/u_udp_tx/ip_head_reg[6][0]' (FDE) to 'u_udp/u_udp_tx/ip_head_reg[3][2]'
INFO: [Synth 8-3333] propagating constant 1 across sequential element (u_arp/\u_arp_tx/preamble_reg[7][0] )
INFO: [Synth 8-3333] propagating constant 1 across sequential element (u_arp/\u_arp_tx/preamble_reg[6][0] )
INFO: [Synth 8-3333] propagating constant 1 across sequential element (u_arp/\u_arp_tx/preamble_reg[5][0] )
INFO: [Synth 8-3333] propagating constant 1 across sequential element (u_arp/\u_arp_tx/preamble_reg[4][0] )
INFO: [Synth 8-3333] propagating constant 1 across sequential element (u_arp/\u_arp_tx/preamble_reg[3][0] )
INFO: [Synth 8-3333] propagating constant 1 across sequential element (u_arp/\u_arp_tx/preamble_reg[2][0] )
INFO: [Synth 8-3333] propagating constant 1 across sequential element (u_arp/\u_arp_tx/preamble_reg[1][0] )
INFO: [Synth 8-3333] propagating constant 1 across sequential element (u_arp/\u_arp_tx/preamble_reg[0][0] )
INFO: [Synth 8-3333] propagating constant 0 across sequential element (u_arp/\u_arp_tx/eth_head_reg[13][0] )
INFO: [Synth 8-3333] propagating constant 0 across sequential element (u_arp/\u_arp_tx/eth_head_reg[12][0] )
INFO: [Synth 8-3333] propagating constant 1 across sequential element (u_arp/\u_arp_tx/eth_head_reg[11][0] )
INFO: [Synth 8-3333] propagating constant 0 across sequential element (u_arp/\u_arp_tx/eth_head_reg[10][0] )
INFO: [Synth 8-3333] propagating constant 1 across sequential element (u_arp/\u_arp_tx/eth_head_reg[9][0] )
INFO: [Synth 8-3333] propagating constant 0 across sequential element (u_arp/\u_arp_tx/eth_head_reg[8][0] )
INFO: [Synth 8-3333] propagating constant 1 across sequential element (u_arp/\u_arp_tx/eth_head_reg[7][0] )
INFO: [Synth 8-3333] propagating constant 0 across sequential element (u_arp/\u_arp_tx/eth_head_reg[6][0] )
INFO: [Synth 8-3333] propagating constant 0 across sequential element (u_arp/\u_arp_tx/arp_data_reg[15][0] )
INFO: [Synth 8-3333] propagating constant 0 across sequential element (u_arp/\u_arp_tx/arp_data_reg[14][0] )
INFO: [Synth 8-3333] propagating constant 1 across sequential element (u_arp/\u_arp_tx/arp_data_reg[13][0] )
INFO: [Synth 8-3333] propagating constant 0 across sequential element (u_arp/\u_arp_tx/arp_data_reg[12][0] )
INFO: [Synth 8-3333] propagating constant 1 across sequential element (u_arp/\u_arp_tx/arp_data_reg[11][0] )
INFO: [Synth 8-3333] propagating constant 0 across sequential element (u_arp/\u_arp_tx/arp_data_reg[10][0] )
INFO: [Synth 8-3333] propagating constant 1 across sequential element (u_arp/\u_arp_tx/arp_data_reg[9][0] )
INFO: [Synth 8-3333] propagating constant 0 across sequential element (u_arp/\u_arp_tx/arp_data_reg[8][0] )
INFO: [Synth 8-3333] propagating constant 0 across sequential element (u_arp/\u_arp_tx/arp_data_reg[6][0] )
INFO: [Synth 8-3333] propagating constant 0 across sequential element (u_arp/\u_arp_tx/arp_data_reg[5][0] )
INFO: [Synth 8-3333] propagating constant 0 across sequential element (u_arp/\u_arp_tx/arp_data_reg[4][0] )
INFO: [Synth 8-3333] propagating constant 0 across sequential element (u_arp/\u_arp_tx/arp_data_reg[3][0] )
INFO: [Synth 8-3333] propagating constant 0 across sequential element (u_arp/\u_arp_tx/arp_data_reg[2][0] )
INFO: [Synth 8-3333] propagating constant 1 across sequential element (u_arp/\u_arp_tx/arp_data_reg[1][0] )
INFO: [Synth 8-3333] propagating constant 0 across sequential element (u_arp/\u_arp_tx/arp_data_reg[0][0] )
INFO: [Synth 8-3333] propagating constant 0 across sequential element (u_arp/\u_arp_tx/arp_data_reg[17][0] )
INFO: [Synth 8-3333] propagating constant 1 across sequential element (u_arp/\u_arp_tx/arp_data_reg[16][0] )
INFO: [Synth 8-3333] propagating constant 0 across sequential element (u_icmp/\u_icmp_tx/preamble_reg[7][1] )
INFO: [Synth 8-3333] propagating constant 0 across sequential element (u_icmp/\u_icmp_tx/preamble_reg[6][1] )
INFO: [Synth 8-3333] propagating constant 0 across sequential element (u_icmp/\u_icmp_tx/preamble_reg[5][1] )
INFO: [Synth 8-3333] propagating constant 0 across sequential element (u_icmp/\u_icmp_tx/preamble_reg[4][1] )
INFO: [Synth 8-3333] propagating constant 0 across sequential element (u_icmp/\u_icmp_tx/preamble_reg[3][1] )
INFO: [Synth 8-3333] propagating constant 0 across sequential element (u_icmp/\u_icmp_tx/preamble_reg[2][1] )
INFO: [Synth 8-3333] propagating constant 0 across sequential element (u_icmp/\u_icmp_tx/preamble_reg[1][1] )
INFO: [Synth 8-3333] propagating constant 0 across sequential element (u_icmp/\u_icmp_tx/preamble_reg[0][1] )
INFO: [Synth 8-3333] propagating constant 0 across sequential element (u_icmp/\u_icmp_tx/eth_head_reg[13][1] )
INFO: [Synth 8-3333] propagating constant 0 across sequential element (u_icmp/\u_icmp_tx/eth_head_reg[12][1] )
INFO: [Synth 8-3333] propagating constant 0 across sequential element (u_icmp/\u_icmp_tx/eth_head_reg[11][1] )
INFO: [Synth 8-3333] propagating constant 0 across sequential element (u_icmp/\u_icmp_tx/eth_head_reg[10][1] )
INFO: [Synth 8-3333] propagating constant 1 across sequential element (u_icmp/\u_icmp_tx/eth_head_reg[9][1] )
INFO: [Synth 8-3333] propagating constant 1 across sequential element (u_icmp/\u_icmp_tx/eth_head_reg[8][1] )
INFO: [Synth 8-3333] propagating constant 0 across sequential element (u_icmp/\u_icmp_tx/eth_head_reg[7][1] )
INFO: [Synth 8-3333] propagating constant 0 across sequential element (u_icmp/\u_icmp_tx/eth_head_reg[6][1] )
INFO: [Synth 8-3886] merging instance 'u_icmp/u_icmp_tx/ip_head_reg[3][25]' (FDE) to 'u_icmp/u_icmp_tx/ip_head_reg[3][2]'
INFO: [Synth 8-3886] merging instance 'u_icmp/u_icmp_tx/ip_head_reg[2][25]' (FDE) to 'u_icmp/u_icmp_tx/ip_head_reg[2][17]'
INFO: [Synth 8-3886] merging instance 'u_icmp/u_icmp_tx/ip_head_reg[0][25]' (FDE) to 'u_icmp/u_icmp_tx/ip_head_reg[3][2]'
INFO: [Synth 8-3886] merging instance 'u_icmp/u_icmp_tx/ip_head_reg[5][25]' (FDE) to 'u_icmp/u_icmp_tx/ip_head_reg[5][17]'
INFO: [Synth 8-3886] merging instance 'u_icmp/u_icmp_tx/ip_head_reg[3][17]' (FDE) to 'u_icmp/u_icmp_tx/ip_head_reg[3][2]'
INFO: [Synth 8-3886] merging instance 'u_icmp/u_icmp_tx/ip_head_reg[2][17]' (FDE) to 'u_icmp/u_icmp_tx/ip_head_reg[2][26]'
INFO: [Synth 8-3886] merging instance 'u_icmp/u_icmp_tx/ip_head_reg[0][17]' (FDE) to 'u_icmp/u_icmp_tx/ip_head_reg[3][2]'
INFO: [Synth 8-3886] merging instance 'u_icmp/u_icmp_tx/ip_head_reg[5][17]' (FDE) to 'u_icmp/u_icmp_tx/ip_head_reg[5][26]'
INFO: [Synth 8-3886] merging instance 'u_icmp/u_icmp_tx/ip_head_reg[3][9]' (FDE) to 'u_icmp/u_icmp_tx/ip_head_reg[3][2]'
INFO: [Synth 8-3886] merging instance 'u_icmp/u_icmp_tx/ip_head_reg[1][9]' (FDE) to 'u_icmp/u_icmp_tx/ip_head_reg[1][1]'
INFO: [Synth 8-3886] merging instance 'u_icmp/u_icmp_tx/ip_head_reg[3][1]' (FDE) to 'u_icmp/u_icmp_tx/ip_head_reg[3][3]'
INFO: [Synth 8-3886] merging instance 'u_icmp/u_icmp_tx/ip_head_reg[1][1]' (FDE) to 'u_icmp/u_icmp_tx/ip_head_reg[1][10]'
INFO: [Synth 8-3333] propagating constant 0 across sequential element (u_udp/\u_udp_tx/preamble_reg[7][1] )
INFO: [Synth 8-3333] propagating constant 0 across sequential element (u_udp/\u_udp_tx/preamble_reg[6][1] )
INFO: [Synth 8-3333] propagating constant 0 across sequential element (u_udp/\u_udp_tx/preamble_reg[5][1] )
INFO: [Synth 8-3333] propagating constant 0 across sequential element (u_udp/\u_udp_tx/preamble_reg[4][1] )
INFO: [Synth 8-3333] propagating constant 0 across sequential element (u_udp/\u_udp_tx/preamble_reg[3][1] )
INFO: [Synth 8-3333] propagating constant 0 across sequential element (u_udp/\u_udp_tx/preamble_reg[2][1] )
INFO: [Synth 8-3333] propagating constant 0 across sequential element (u_udp/\u_udp_tx/preamble_reg[1][1] )
INFO: [Synth 8-3333] propagating constant 0 across sequential element (u_udp/\u_udp_tx/preamble_reg[0][1] )
INFO: [Synth 8-3333] propagating constant 0 across sequential element (u_udp/\u_udp_tx/eth_head_reg[13][1] )
INFO: [Synth 8-3333] propagating constant 0 across sequential element (u_udp/\u_udp_tx/eth_head_reg[12][1] )
INFO: [Synth 8-3333] propagating constant 0 across sequential element (u_udp/\u_udp_tx/eth_head_reg[11][1] )
INFO: [Synth 8-3333] propagating constant 0 across sequential element (u_udp/\u_udp_tx/eth_head_reg[10][1] )
INFO: [Synth 8-3333] propagating constant 1 across sequential element (u_udp/\u_udp_tx/eth_head_reg[9][1] )
INFO: [Synth 8-3333] propagating constant 1 across sequential element (u_udp/\u_udp_tx/eth_head_reg[8][1] )
INFO: [Synth 8-3333] propagating constant 0 across sequential element (u_udp/\u_udp_tx/eth_head_reg[7][1] )
INFO: [Synth 8-3333] propagating constant 0 across sequential element (u_udp/\u_udp_tx/eth_head_reg[6][1] )
INFO: [Common 17-14] Message 'Synth 8-3333' appears 100 times and further instances of the messages will be disabled. Use the Tcl command set_msg_config to change the current settings.
INFO: [Common 17-14] Message 'Synth 8-3333' appears 100 times and further instances of the messages will be disabled. Use the Tcl command set_msg_config to change the current settings.
INFO: [Synth 8-3886] merging instance 'u_udp/u_udp_tx/ip_head_reg[3][25]' (FDE) to 'u_udp/u_udp_tx/ip_head_reg[3][2]'
INFO: [Synth 8-3886] merging instance 'u_udp/u_udp_tx/ip_head_reg[2][25]' (FDE) to 'u_udp/u_udp_tx/ip_head_reg[2][17]'
INFO: [Synth 8-3886] merging instance 'u_udp/u_udp_tx/ip_head_reg[0][25]' (FDE) to 'u_udp/u_udp_tx/ip_head_reg[3][2]'
INFO: [Synth 8-3886] merging instance 'u_udp/u_udp_tx/ip_head_reg[5][25]' (FDE) to 'u_udp/u_udp_tx/ip_head_reg[3][2]'
INFO: [Synth 8-3886] merging instance 'u_udp/u_udp_tx/ip_head_reg[3][17]' (FDE) to 'u_udp/u_udp_tx/ip_head_reg[3][2]'
INFO: [Synth 8-3886] merging instance 'u_udp/u_udp_tx/ip_head_reg[2][17]' (FDE) to 'u_udp/u_udp_tx/ip_head_reg[2][26]'
INFO: [Synth 8-3886] merging instance 'u_udp/u_udp_tx/ip_head_reg[0][17]' (FDE) to 'u_udp/u_udp_tx/ip_head_reg[3][2]'
INFO: [Synth 8-3886] merging instance 'u_udp/u_udp_tx/ip_head_reg[5][17]' (FDE) to 'u_udp/u_udp_tx/ip_head_reg[3][1]'
INFO: [Synth 8-3886] merging instance 'u_udp/u_udp_tx/ip_head_reg[3][9]' (FDE) to 'u_udp/u_udp_tx/ip_head_reg[3][2]'
INFO: [Synth 8-3886] merging instance 'u_udp/u_udp_tx/ip_head_reg[1][9]' (FDE) to 'u_udp/u_udp_tx/ip_head_reg[1][1]'
INFO: [Synth 8-3886] merging instance 'u_udp/u_udp_tx/ip_head_reg[6][9]' (FDE) to 'u_udp/u_udp_tx/ip_head_reg[3][2]'
INFO: [Synth 8-3886] merging instance 'u_udp/u_udp_tx/ip_head_reg[3][1]' (FDE) to 'u_udp/u_udp_tx/ip_head_reg[3][3]'
INFO: [Synth 8-3886] merging instance 'u_udp/u_udp_tx/ip_head_reg[1][1]' (FDE) to 'u_udp/u_udp_tx/ip_head_reg[1][10]'
INFO: [Synth 8-3886] merging instance 'u_udp/u_udp_tx/ip_head_reg[6][1]' (FDE) to 'u_udp/u_udp_tx/ip_head_reg[3][2]'
INFO: [Synth 8-3886] merging instance 'u_icmp/u_icmp_tx/ip_head_reg[3][26]' (FDE) to 'u_icmp/u_icmp_tx/ip_head_reg[3][2]'
INFO: [Synth 8-3886] merging instance 'u_icmp/u_icmp_tx/ip_head_reg[2][26]' (FDE) to 'u_icmp/u_icmp_tx/ip_head_reg[2][18]'
INFO: [Synth 8-3886] merging instance 'u_icmp/u_icmp_tx/ip_head_reg[0][26]' (FDE) to 'u_icmp/u_icmp_tx/ip_head_reg[3][3]'
INFO: [Synth 8-3886] merging instance 'u_icmp/u_icmp_tx/ip_head_reg[5][26]' (FDE) to 'u_icmp/u_icmp_tx/ip_head_reg[5][18]'
INFO: [Synth 8-3886] merging instance 'u_icmp/u_icmp_tx/ip_head_reg[3][18]' (FDE) to 'u_icmp/u_icmp_tx/ip_head_reg[3][2]'
INFO: [Synth 8-3886] merging instance 'u_icmp/u_icmp_tx/ip_head_reg[2][18]' (FDE) to 'u_icmp/u_icmp_tx/ip_head_reg[2][27]'
INFO: [Synth 8-3886] merging instance 'u_icmp/u_icmp_tx/ip_head_reg[0][18]' (FDE) to 'u_icmp/u_icmp_tx/ip_head_reg[3][2]'
INFO: [Synth 8-3886] merging instance 'u_icmp/u_icmp_tx/ip_head_reg[5][18]' (FDE) to 'u_icmp/u_icmp_tx/ip_head_reg[5][27]'
INFO: [Synth 8-3886] merging instance 'u_icmp/u_icmp_tx/ip_head_reg[3][10]' (FDE) to 'u_icmp/u_icmp_tx/ip_head_reg[3][2]'
INFO: [Synth 8-3886] merging instance 'u_icmp/u_icmp_tx/ip_head_reg[1][10]' (FDE) to 'u_icmp/u_icmp_tx/ip_head_reg[1][2]'
INFO: [Synth 8-3886] merging instance 'u_icmp/u_icmp_tx/ip_head_reg[3][2]' (FDE) to 'u_icmp/u_icmp_tx/ip_head_reg[3][4]'
INFO: [Synth 8-3886] merging instance 'u_icmp/u_icmp_tx/ip_head_reg[1][2]' (FDE) to 'u_icmp/u_icmp_tx/ip_head_reg[1][11]'
INFO: [Synth 8-3886] merging instance 'u_udp/u_udp_tx/ip_head_reg[3][26]' (FDE) to 'u_udp/u_udp_tx/ip_head_reg[3][2]'
INFO: [Synth 8-3886] merging instance 'u_udp/u_udp_tx/ip_head_reg[2][26]' (FDE) to 'u_udp/u_udp_tx/ip_head_reg[2][18]'
INFO: [Synth 8-3886] merging instance 'u_udp/u_udp_tx/ip_head_reg[0][26]' (FDE) to 'u_udp/u_udp_tx/ip_head_reg[3][3]'
INFO: [Synth 8-3886] merging instance 'u_udp/u_udp_tx/ip_head_reg[5][26]' (FDE) to 'u_udp/u_udp_tx/ip_head_reg[3][3]'
INFO: [Synth 8-3886] merging instance 'u_udp/u_udp_tx/ip_head_reg[3][18]' (FDE) to 'u_udp/u_udp_tx/ip_head_reg[3][2]'
INFO: [Synth 8-3886] merging instance 'u_udp/u_udp_tx/ip_head_reg[2][18]' (FDE) to 'u_udp/u_udp_tx/ip_head_reg[2][27]'
INFO: [Synth 8-3886] merging instance 'u_udp/u_udp_tx/ip_head_reg[0][18]' (FDE) to 'u_udp/u_udp_tx/ip_head_reg[3][2]'
INFO: [Synth 8-3886] merging instance 'u_udp/u_udp_tx/ip_head_reg[5][18]' (FDE) to 'u_udp/u_udp_tx/ip_head_reg[3][2]'
INFO: [Synth 8-3886] merging instance 'u_udp/u_udp_tx/ip_head_reg[3][10]' (FDE) to 'u_udp/u_udp_tx/ip_head_reg[3][2]'
INFO: [Synth 8-3886] merging instance 'u_udp/u_udp_tx/ip_head_reg[1][10]' (FDE) to 'u_udp/u_udp_tx/ip_head_reg[1][2]'
INFO: [Synth 8-3886] merging instance 'u_udp/u_udp_tx/ip_head_reg[6][10]' (FDE) to 'u_udp/u_udp_tx/ip_head_reg[3][2]'
INFO: [Synth 8-3886] merging instance 'u_udp/u_udp_tx/ip_head_reg[3][2]' (FDE) to 'u_udp/u_udp_tx/ip_head_reg[3][4]'
INFO: [Common 17-14] Message 'Synth 8-3886' appears 100 times and further instances of the messages will be disabled. Use the Tcl command set_msg_config to change the current settings.
INFO: [Common 17-14] Message 'Synth 8-3886' appears 100 times and further instances of the messages will be disabled. Use the Tcl command set_msg_config to change the current settings.
---------------------------------------------------------------------------------
Finished Cross Boundary and Area Optimization : Time (s): cpu = 00:01:12 ; elapsed = 00:01:21 . Memory (MB): peak = 3273.289 ; gain = 978.250
---------------------------------------------------------------------------------
---------------------------------------------------------------------------------
Start ROM, RAM, DSP, Shift Register and Retiming Reporting
---------------------------------------------------------------------------------

Block RAM: Preliminary Mapping Report (see note below)
+------------+--------------------+------------------------+---+---+------------------------+---+---+------------------+--------+--------+-----------------+
|Module Name | RTL Object         | PORT A (Depth x Width) | W | R | PORT B (Depth x Width) | W | R | Ports driving FF | RAMB18 | RAMB36 | Cascade Heights | 
+------------+--------------------+------------------------+---+---+------------------------+---+---+------------------+--------+--------+-----------------+
|u_mem       | u_rd_bytes/ram_reg | 4 K x 8(NO_CHANGE)     | W |   | 4 K x 8(WRITE_FIRST)   |   | R | Port A and B     | 0      | 1      | 1               | 
|u_mem2      | u_rd_bytes/ram_reg | 4 K x 8(NO_CHANGE)     | W |   | 4 K x 8(WRITE_FIRST)   |   | R | Port A and B     | 0      | 1      | 1               | 
|u_unpack_b  | wf_data_reg        | 512 x 64(READ_FIRST)   | W |   | 512 x 64(WRITE_FIRST)  |   | R | Port A and B     | 0      | 1      |                 | 
|u_pump_fwd  | ram_reg            | 2 K x 8(NO_CHANGE)     | W |   | 2 K x 8(WRITE_FIRST)   |   | R | Port A and B     | 1      | 0      | 1               | 
|u_unpack    | wf_data_reg        | 512 x 64(READ_FIRST)   | W |   | 512 x 64(WRITE_FIRST)  |   | R | Port A and B     | 0      | 1      |                 | 
|u_pump_rev  | ram_reg            | 2 K x 8(NO_CHANGE)     | W |   | 2 K x 8(WRITE_FIRST)   |   | R | Port A and B     | 1      | 0      | 1               | 
+------------+--------------------+------------------------+---+---+------------------------+---+---+------------------+--------+--------+-----------------+

Note: The table above is a preliminary report that shows the Block RAMs at the current stage of the synthesis flow. Some Block RAMs may be reimplemented as non Block RAM primitives later in the synthesis flow. Multiple instantiated Block RAMs are reported only once. 

Distributed RAM: Preliminary Mapping Report (see note below)
+------------+--------------------+-----------+----------------------+----------------+
|Module Name | RTL Object         | Inference | Size (Depth x Width) | Primitives     | 
+------------+--------------------+-----------+----------------------+----------------+
|u_mem       | u_wr_bytes/ram_reg | Implied   | 4 K x 8              | RAM64M8 x 128  | 
|u_mem       | u_wr_desc/ram_reg  | Implied   | 8 x 16               | RAM32M16 x 2   | 
|u_mem       | u_rd_cmd/ram_reg   | Implied   | 4 x 9                | RAM32M16 x 1   | 
|u_mem       | u_rd_desc/ram_reg  | Implied   | 4 x 25               | RAM32M16 x 2   | 
|u_mem2      | u_wr_bytes/ram_reg | Implied   | 4 K x 8              | RAM64M8 x 128  | 
|u_mem2      | u_wr_desc/ram_reg  | Implied   | 8 x 16               | RAM32M16 x 2   | 
|u_mem2      | u_rd_desc/ram_reg  | Implied   | 4 x 25               | RAM32M16 x 2   | 
|u_unpack_b  | wf_keep_reg        | Implied   | 512 x 8              | RAM64M8 x 16   | 
|u_unpack_b  | wf_last_reg        | Implied   | 512 x 1              | RAM256X1D x 2  | 
|u_pack_b    | q_word_reg         | Implied   | 16 x 64              | RAM32M16 x 5   | 
|u_pack_b    | q_keep_reg         | Implied   | 16 x 8               | RAM32M16 x 1   | 
|u_pack_b    | q_last_reg         | Implied   | 16 x 1               | RAM16X1D x 1   | 
|u_pack      | q_word_reg         | Implied   | 16 x 64              | RAM32M16 x 5   | 
|u_pack      | q_keep_reg         | Implied   | 16 x 8               | RAM32M16 x 1   | 
|u_pack      | q_last_reg         | Implied   | 16 x 1               | RAM16X1D x 1   | 
|u_unpack    | wf_keep_reg        | Implied   | 512 x 8              | RAM64M8 x 16   | 
|u_unpack    | wf_last_reg        | Implied   | 512 x 1              | RAM256X1D x 2  | 
+------------+--------------------+-----------+----------------------+----------------+

Note: The table above is a preliminary report that shows the Distributed RAMs at the current stage of the synthesis flow. Some Distributed RAMs may be reimplemented as non Distributed RAM primitives later in the synthesis flow. Multiple instantiated RAMs are reported only once.
---------------------------------------------------------------------------------
Finished ROM, RAM, DSP, Shift Register and Retiming Reporting
---------------------------------------------------------------------------------
---------------------------------------------------------------------------------
Start Applying XDC Timing Constraints
---------------------------------------------------------------------------------
---------------------------------------------------------------------------------
Finished Applying XDC Timing Constraints : Time (s): cpu = 00:01:19 ; elapsed = 00:01:30 . Memory (MB): peak = 3273.289 ; gain = 978.250
---------------------------------------------------------------------------------
---------------------------------------------------------------------------------
Start Timing Optimization
---------------------------------------------------------------------------------
---------------------------------------------------------------------------------
Finished Timing Optimization : Time (s): cpu = 00:01:26 ; elapsed = 00:01:37 . Memory (MB): peak = 3301.879 ; gain = 1006.840
---------------------------------------------------------------------------------
---------------------------------------------------------------------------------
Start ROM, RAM, DSP, Shift Register and Retiming Reporting
---------------------------------------------------------------------------------

Block RAM: Final Mapping Report
+------------+--------------------+------------------------+---+---+------------------------+---+---+------------------+--------+--------+-----------------+
|Module Name | RTL Object         | PORT A (Depth x Width) | W | R | PORT B (Depth x Width) | W | R | Ports driving FF | RAMB18 | RAMB36 | Cascade Heights | 
+------------+--------------------+------------------------+---+---+------------------------+---+---+------------------+--------+--------+-----------------+
|u_mem       | u_rd_bytes/ram_reg | 4 K x 8(NO_CHANGE)     | W |   | 4 K x 8(WRITE_FIRST)   |   | R | Port A and B     | 0      | 1      | 1               | 
|u_mem2      | u_rd_bytes/ram_reg | 4 K x 8(NO_CHANGE)     | W |   | 4 K x 8(WRITE_FIRST)   |   | R | Port A and B     | 0      | 1      | 1               | 
|u_unpack_b  | wf_data_reg        | 512 x 64(READ_FIRST)   | W |   | 512 x 64(WRITE_FIRST)  |   | R | Port A and B     | 0      | 1      |                 | 
|u_pump_fwd  | ram_reg            | 2 K x 8(NO_CHANGE)     | W |   | 2 K x 8(WRITE_FIRST)   |   | R | Port A and B     | 1      | 0      | 1               | 
|u_unpack    | wf_data_reg        | 512 x 64(READ_FIRST)   | W |   | 512 x 64(WRITE_FIRST)  |   | R | Port A and B     | 0      | 1      |                 | 
|u_pump_rev  | ram_reg            | 2 K x 8(NO_CHANGE)     | W |   | 2 K x 8(WRITE_FIRST)   |   | R | Port A and B     | 1      | 0      | 1               | 
+------------+--------------------+------------------------+---+---+------------------------+---+---+------------------+--------+--------+-----------------+


Distributed RAM: Final Mapping Report
+------------+--------------------+-----------+----------------------+----------------+
|Module Name | RTL Object         | Inference | Size (Depth x Width) | Primitives     | 
+------------+--------------------+-----------+----------------------+----------------+
|u_mem       | u_wr_bytes/ram_reg | Implied   | 4 K x 8              | RAM64M8 x 128  | 
|u_mem       | u_wr_desc/ram_reg  | Implied   | 8 x 16               | RAM32M16 x 2   | 
|u_mem       | u_rd_cmd/ram_reg   | Implied   | 4 x 9                | RAM32M16 x 1   | 
|u_mem       | u_rd_desc/ram_reg  | Implied   | 4 x 25               | RAM32M16 x 2   | 
|u_mem2      | u_wr_bytes/ram_reg | Implied   | 4 K x 8              | RAM64M8 x 128  | 
|u_mem2      | u_wr_desc/ram_reg  | Implied   | 8 x 16               | RAM32M16 x 2   | 
|u_mem2      | u_rd_desc/ram_reg  | Implied   | 4 x 25               | RAM32M16 x 2   | 
|u_unpack_b  | wf_keep_reg        | Implied   | 512 x 8              | RAM64M8 x 16   | 
|u_unpack_b  | wf_last_reg        | Implied   | 512 x 1              | RAM256X1D x 2  | 
|u_pack_b    | q_word_reg         | Implied   | 16 x 64              | RAM32M16 x 5   | 
|u_pack_b    | q_keep_reg         | Implied   | 16 x 8               | RAM32M16 x 1   | 
|u_pack_b    | q_last_reg         | Implied   | 16 x 1               | RAM16X1D x 1   | 
|u_pack      | q_word_reg         | Implied   | 16 x 64              | RAM32M16 x 5   | 
|u_pack      | q_keep_reg         | Implied   | 16 x 8               | RAM32M16 x 1   | 
|u_pack      | q_last_reg         | Implied   | 16 x 1               | RAM16X1D x 1   | 
|u_unpack    | wf_keep_reg        | Implied   | 512 x 8              | RAM64M8 x 16   | 
|u_unpack    | wf_last_reg        | Implied   | 512 x 1              | RAM256X1D x 2  | 
+------------+--------------------+-----------+----------------------+----------------+

---------------------------------------------------------------------------------
Finished ROM, RAM, DSP, Shift Register and Retiming Reporting
---------------------------------------------------------------------------------
---------------------------------------------------------------------------------
Start Technology Mapping
---------------------------------------------------------------------------------
INFO: [Synth 8-7052] The timing for the instance u_mem/i_0/u_rd_bytes/ram_reg_bram_0 (implemented as a Block RAM) might be sub-optimal as no optional output register could be merged into the ram block. Providing additional output register may help in improving timing.
INFO: [Synth 8-7052] The timing for the instance u_mem2/i_0/u_rd_bytes/ram_reg_bram_0 (implemented as a Block RAM) might be sub-optimal as no optional output register could be merged into the ram block. Providing additional output register may help in improving timing.
INFO: [Synth 8-7052] The timing for the instance i_0/u_pump_fwd/ram_reg_bram_0 (implemented as a Block RAM) might be sub-optimal as no optional output register could be merged into the ram block. Providing additional output register may help in improving timing.
INFO: [Synth 8-7052] The timing for the instance i_0/u_pump_rev/ram_reg_bram_0 (implemented as a Block RAM) might be sub-optimal as no optional output register could be merged into the ram block. Providing additional output register may help in improving timing.
---------------------------------------------------------------------------------
Finished Technology Mapping : Time (s): cpu = 00:01:31 ; elapsed = 00:01:49 . Memory (MB): peak = 3301.879 ; gain = 1006.840
---------------------------------------------------------------------------------
---------------------------------------------------------------------------------
Start IO Insertion
---------------------------------------------------------------------------------
---------------------------------------------------------------------------------
Start Flattening Before IO Insertion
---------------------------------------------------------------------------------
---------------------------------------------------------------------------------
Finished Flattening Before IO Insertion
---------------------------------------------------------------------------------
---------------------------------------------------------------------------------
Start Final Netlist Cleanup
---------------------------------------------------------------------------------
INFO: [Synth 8-7052] The timing for the instance u_mem/u_rd_bytes/ram_reg_bram_0 (implemented as a Block RAM) might be sub-optimal as no optional output register could be merged into the ram block. Providing additional output register may help in improving timing.
INFO: [Synth 8-7052] The timing for the instance u_mem2/u_rd_bytes/ram_reg_bram_0 (implemented as a Block RAM) might be sub-optimal as no optional output register could be merged into the ram block. Providing additional output register may help in improving timing.
INFO: [Synth 8-7052] The timing for the instance u_pump_fwd/ram_reg_bram_0 (implemented as a Block RAM) might be sub-optimal as no optional output register could be merged into the ram block. Providing additional output register may help in improving timing.
INFO: [Synth 8-7052] The timing for the instance u_pump_rev/ram_reg_bram_0 (implemented as a Block RAM) might be sub-optimal as no optional output register could be merged into the ram block. Providing additional output register may help in improving timing.
---------------------------------------------------------------------------------
Finished Final Netlist Cleanup
---------------------------------------------------------------------------------
---------------------------------------------------------------------------------
Finished IO Insertion : Time (s): cpu = 00:01:37 ; elapsed = 00:01:56 . Memory (MB): peak = 3301.879 ; gain = 1006.840
---------------------------------------------------------------------------------
---------------------------------------------------------------------------------
Start Renaming Generated Instances
---------------------------------------------------------------------------------
---------------------------------------------------------------------------------
Finished Renaming Generated Instances : Time (s): cpu = 00:01:37 ; elapsed = 00:01:57 . Memory (MB): peak = 3301.879 ; gain = 1006.840
---------------------------------------------------------------------------------
---------------------------------------------------------------------------------
Start Rebuilding User Hierarchy
---------------------------------------------------------------------------------
---------------------------------------------------------------------------------
Finished Rebuilding User Hierarchy : Time (s): cpu = 00:01:39 ; elapsed = 00:01:58 . Memory (MB): peak = 3301.879 ; gain = 1006.840
---------------------------------------------------------------------------------
---------------------------------------------------------------------------------
Start Renaming Generated Ports
---------------------------------------------------------------------------------
---------------------------------------------------------------------------------
Finished Renaming Generated Ports : Time (s): cpu = 00:01:39 ; elapsed = 00:01:58 . Memory (MB): peak = 3301.879 ; gain = 1006.840
---------------------------------------------------------------------------------
---------------------------------------------------------------------------------
Start Handling Custom Attributes
---------------------------------------------------------------------------------
---------------------------------------------------------------------------------
Finished Handling Custom Attributes : Time (s): cpu = 00:01:40 ; elapsed = 00:02:00 . Memory (MB): peak = 3301.879 ; gain = 1006.840
---------------------------------------------------------------------------------
---------------------------------------------------------------------------------
Start Renaming Generated Nets
---------------------------------------------------------------------------------
---------------------------------------------------------------------------------
Finished Renaming Generated Nets : Time (s): cpu = 00:01:40 ; elapsed = 00:02:00 . Memory (MB): peak = 3301.879 ; gain = 1006.840
---------------------------------------------------------------------------------
---------------------------------------------------------------------------------
Start ROM, RAM, DSP, Shift Register and Retiming Reporting
---------------------------------------------------------------------------------

Static Shift Register Report:
+-------------------------------+--------------------------------------------+--------+-------+--------------+--------------------+-------------------+--------+---------+
|Module Name                    | RTL Name                                   | Length | Width | Reset Signal | Pull out first Reg | Pull out last Reg | SRL16E | SRLC32E | 
+-------------------------------+--------------------------------------------+--------+-------+--------------+--------------------+-------------------+--------+---------+
|aurora_64b66b_0_support_ext    | support_reset_logic_i/dly_gt_rst_r_reg[18] | 19     | 1     | NO           | NO                 | YES               | 0      | 1       | 
|aurora_64b66b_1_support_shared | support_reset_logic_i/dly_gt_rst_r_reg[18] | 19     | 1     | NO           | NO                 | YES               | 0      | 1       | 
|gmii_to_rgmii                  | u_rgmii_rx/lock_sr_reg[3]                  | 4      | 1     | NO           | NO                 | YES               | 1      | 0       | 
|aurora_mem_bridge              | rst_sync_reg[2]                            | 3      | 1     | NO           | NO                 | YES               | 1      | 0       | 
|aurora_mem_bridge              | pma_init_stage_reg[127]                    | 128    | 1     | NO           | NO                 | YES               | 0      | 4       | 
+-------------------------------+--------------------------------------------+--------+-------+--------------+--------------------+-------------------+--------+---------+

---------------------------------------------------------------------------------
Finished ROM, RAM, DSP, Shift Register and Retiming Reporting
---------------------------------------------------------------------------------
---------------------------------------------------------------------------------
Start Writing Synthesis Report
---------------------------------------------------------------------------------

Report BlackBoxes: 
+------+-------------------+----------+
|      |BlackBox name      |Instances |
+------+-------------------+----------+
|1     |aurora_64b66b_0    |         1|
|2     |aurora_64b66b_1    |         1|
|3     |async_fifo_2048x8b |         1|
|4     |ddr4_0             |         1|
+------+-------------------+----------+

Report Cell Usage: 
+------+-------------------+------+
|      |Cell               |Count |
+------+-------------------+------+
|1     |async_fifo_2048x8b |     1|
|2     |aurora_64b66b      |     2|
|4     |ddr4               |     1|
|5     |BUFG               |     3|
|6     |BUFG_GT            |     4|
|7     |BUFIO              |     1|
|8     |CARRY8             |   198|
|9     |GTHE3_COMMON       |     1|
|10    |IBUFDS_GTE3        |     1|
|11    |IDDRE1             |     5|
|12    |IDELAYCTRL         |     1|
|13    |IDELAYE3           |     5|
|14    |LUT1               |   229|
|15    |LUT2               |  1113|
|16    |LUT3               |  1691|
|17    |LUT4               |  1354|
|18    |LUT5               |  1709|
|19    |LUT6               |  9786|
|20    |MMCME3_ADV         |     1|
|21    |MUXF7              |  2106|
|22    |MUXF8              |  1028|
|23    |ODDRE1             |     5|
|24    |RAM16X1D           |     2|
|25    |RAM256X1D          |     4|
|26    |RAM32M16           |    19|
|27    |RAM32X1D           |     4|
|28    |RAM64M8            |   144|
|29    |RAM64X1D           |   144|
|30    |RAMB18E2           |     2|
|31    |RAMB36E2           |     4|
|33    |SRL16E             |     2|
|34    |SRLC32E            |     6|
|35    |FDCE               | 19983|
|36    |FDPE               |   301|
|37    |FDRE               |  1077|
|38    |FDSE               |    28|
|39    |IBUF               |     8|
|40    |IBUFDS             |     1|
|41    |OBUF               |    15|
+------+-------------------+------+
---------------------------------------------------------------------------------
Finished Writing Synthesis Report : Time (s): cpu = 00:01:41 ; elapsed = 00:02:00 . Memory (MB): peak = 3301.879 ; gain = 1006.840
---------------------------------------------------------------------------------
Synthesis finished with 0 errors, 0 critical warnings and 54 warnings.
Synthesis Optimization Runtime : Time (s): cpu = 00:01:24 ; elapsed = 00:01:57 . Memory (MB): peak = 3301.879 ; gain = 878.895
Synthesis Optimization Complete : Time (s): cpu = 00:01:41 ; elapsed = 00:02:02 . Memory (MB): peak = 3301.879 ; gain = 1006.840
INFO: [Project 1-571] Translating synthesized netlist
Netlist sorting complete. Time (s): cpu = 00:00:00 ; elapsed = 00:00:00.266 . Memory (MB): peak = 3312.074 ; gain = 0.000
INFO: [Netlist 29-17] Analyzing 3678 Unisim elements for replacement
INFO: [Netlist 29-28] Unisim Transformation completed in 0 CPU seconds
INFO: [Project 1-570] Preparing netlist for logic optimization
INFO: [Opt 31-138] Pushed 0 inverter(s) to 0 load pin(s).
INFO: [Opt 31-326] The CLKFBOUT to CLKFBIN net for instance u_gmii_to_rgmii/u_rgmii_rx/u_mmcm_200m with COMPENSATION=INTERNAL is optimized away to aid design routability
Netlist sorting complete. Time (s): cpu = 00:00:00 ; elapsed = 00:00:00.006 . Memory (MB): peak = 3345.914 ; gain = 0.000
INFO: [Project 1-111] Unisim Transformation Summary:
  A total of 340 instances were transformed.
  BUFG => BUFGCE: 3 instances
  BUFIO => BUFGCE: 1 instance 
  IBUF => IBUF (IBUFCTRL, INBUF): 8 instances
  IBUFDS => IBUFDS (DIFFINBUF, IBUFCTRL): 1 instance 
  IDDRE1 => ISERDESE3 (inverted pins: CLK_B): 5 instances
  ODDRE1 => OSERDESE3: 5 instances
  RAM16X1D => RAM32X1D (RAMD32(x2)): 2 instances
  RAM256X1D => RAM256X1D (MUXF7(x4), MUXF8(x2), RAMD64E(x8)): 4 instances
  RAM32M16 => RAM32M16 (RAMD32(x14), RAMS32(x2)): 19 instances
  RAM32X1D => RAM32X1D (RAMD32(x2)): 4 instances
  RAM64M8 => RAM64M8 (RAMD64E(x8)): 144 instances
  RAM64X1D => RAM64X1D (RAMD64E(x2)): 144 instances

Synth Design complete | Checksum: cd59d544
INFO: [Common 17-83] Releasing license: Synthesis
430 Infos, 176 Warnings, 0 Critical Warnings and 0 Errors encountered.
synth_design completed successfully
synth_design: Time (s): cpu = 00:01:50 ; elapsed = 00:02:13 . Memory (MB): peak = 3345.914 ; gain = 1805.641
INFO: [Common 17-1381] The checkpoint 'D:/FPGA/prj/project_10/prj_loop/vivado/prj_loop.runs/synth_1/aurora_mem_bridge.dcp' has been generated.
INFO: [runtcl-4] Executing : report_utilization -file aurora_mem_bridge_utilization_synth.rpt -pb aurora_mem_bridge_utilization_synth.pb
INFO: [Common 17-206] Exiting Vivado at Thu Oct  8 21:01:02 2026...
[Thu Oct  8 21:01:07 2026] synth_1 finished
wait_on_runs: Time (s): cpu = 00:00:00 ; elapsed = 00:02:56 . Memory (MB): peak = 2372.383 ; gain = 0.000
SYNTH_STATUS: synth_design Complete!
Design is defaulting to impl run constrset: constrs_1
Design is defaulting to synth run part: xcku060-ffva1156-2-i
INFO: [Project 1-454] Reading design checkpoint 'd:/FPGA/prj/project_10/prj_loop/vivado/prj_loop.gen/sources_1/ip/async_fifo_2048x8b/async_fifo_2048x8b.dcp' for cell 'u_async_fifo_2048x8b'
INFO: [Project 1-454] Reading design checkpoint 'd:/FPGA/prj/project_10/prj_loop/vivado/prj_loop.gen/sources_1/ip/ddr4_0/ddr4_0.dcp' for cell 'u_ddr4'
INFO: [Project 1-454] Reading design checkpoint 'd:/FPGA/prj/project_10/prj_loop/vivado/prj_loop.gen/sources_1/ip/aurora_64b66b_0/aurora_64b66b_0.dcp' for cell 'u_aurora/aurora_64b66b_0_i'
INFO: [Project 1-454] Reading design checkpoint 'd:/FPGA/prj/project_10/prj_loop/vivado/prj_loop.gen/sources_1/ip/aurora_64b66b_1/aurora_64b66b_1.dcp' for cell 'u_aurora_b/aurora_64b66b_1_i'
Netlist sorting complete. Time (s): cpu = 00:00:01 ; elapsed = 00:00:00.857 . Memory (MB): peak = 2547.340 ; gain = 0.000
INFO: [Netlist 29-17] Analyzing 4500 Unisim elements for replacement
INFO: [Netlist 29-28] Unisim Transformation completed in 0 CPU seconds
INFO: [Project 1-479] Netlist was created with Vivado 2023.1
INFO: [Project 1-570] Preparing netlist for logic optimization
INFO: [Chipscope 16-324] Core: u_ddr4 UUID: be77b94c-6b62-5435-9417-a480a194404e 
Parsing XDC File [d:/FPGA/prj/project_10/prj_loop/vivado/prj_loop.gen/sources_1/ip/async_fifo_2048x8b/async_fifo_2048x8b.xdc] for cell 'u_async_fifo_2048x8b/U0'
Finished Parsing XDC File [d:/FPGA/prj/project_10/prj_loop/vivado/prj_loop.gen/sources_1/ip/async_fifo_2048x8b/async_fifo_2048x8b.xdc] for cell 'u_async_fifo_2048x8b/U0'
Parsing XDC File [d:/FPGA/prj/project_10/prj_loop/vivado/prj_loop.gen/sources_1/ip/ddr4_0/bd_0/ip/ip_0/bd_9054_microblaze_I_0.xdc] for cell 'u_ddr4/inst/u_ddr4_mem_intfc/u_ddr_cal_riu/mcs0/inst/microblaze_I/U0'
Finished Parsing XDC File [d:/FPGA/prj/project_10/prj_loop/vivado/prj_loop.gen/sources_1/ip/ddr4_0/bd_0/ip/ip_0/bd_9054_microblaze_I_0.xdc] for cell 'u_ddr4/inst/u_ddr4_mem_intfc/u_ddr_cal_riu/mcs0/inst/microblaze_I/U0'
Parsing XDC File [d:/FPGA/prj/project_10/prj_loop/vivado/prj_loop.gen/sources_1/ip/ddr4_0/bd_0/ip/ip_1/bd_9054_rst_0_0_board.xdc] for cell 'u_ddr4/inst/u_ddr4_mem_intfc/u_ddr_cal_riu/mcs0/inst/rst_0/U0'
Finished Parsing XDC File [d:/FPGA/prj/project_10/prj_loop/vivado/prj_loop.gen/sources_1/ip/ddr4_0/bd_0/ip/ip_1/bd_9054_rst_0_0_board.xdc] for cell 'u_ddr4/inst/u_ddr4_mem_intfc/u_ddr_cal_riu/mcs0/inst/rst_0/U0'
Parsing XDC File [d:/FPGA/prj/project_10/prj_loop/vivado/prj_loop.gen/sources_1/ip/ddr4_0/bd_0/ip/ip_1/bd_9054_rst_0_0.xdc] for cell 'u_ddr4/inst/u_ddr4_mem_intfc/u_ddr_cal_riu/mcs0/inst/rst_0/U0'
Finished Parsing XDC File [d:/FPGA/prj/project_10/prj_loop/vivado/prj_loop.gen/sources_1/ip/ddr4_0/bd_0/ip/ip_1/bd_9054_rst_0_0.xdc] for cell 'u_ddr4/inst/u_ddr4_mem_intfc/u_ddr_cal_riu/mcs0/inst/rst_0/U0'
Parsing XDC File [d:/FPGA/prj/project_10/prj_loop/vivado/prj_loop.gen/sources_1/ip/ddr4_0/bd_0/ip/ip_2/bd_9054_ilmb_0.xdc] for cell 'u_ddr4/inst/u_ddr4_mem_intfc/u_ddr_cal_riu/mcs0/inst/ilmb/U0'
Finished Parsing XDC File [d:/FPGA/prj/project_10/prj_loop/vivado/prj_loop.gen/sources_1/ip/ddr4_0/bd_0/ip/ip_2/bd_9054_ilmb_0.xdc] for cell 'u_ddr4/inst/u_ddr4_mem_intfc/u_ddr_cal_riu/mcs0/inst/ilmb/U0'
Parsing XDC File [d:/FPGA/prj/project_10/prj_loop/vivado/prj_loop.gen/sources_1/ip/ddr4_0/bd_0/ip/ip_3/bd_9054_dlmb_0.xdc] for cell 'u_ddr4/inst/u_ddr4_mem_intfc/u_ddr_cal_riu/mcs0/inst/dlmb/U0'
Finished Parsing XDC File [d:/FPGA/prj/project_10/prj_loop/vivado/prj_loop.gen/sources_1/ip/ddr4_0/bd_0/ip/ip_3/bd_9054_dlmb_0.xdc] for cell 'u_ddr4/inst/u_ddr4_mem_intfc/u_ddr_cal_riu/mcs0/inst/dlmb/U0'
Parsing XDC File [d:/FPGA/prj/project_10/prj_loop/vivado/prj_loop.gen/sources_1/ip/ddr4_0/bd_0/ip/ip_10/bd_9054_iomodule_0_0_board.xdc] for cell 'u_ddr4/inst/u_ddr4_mem_intfc/u_ddr_cal_riu/mcs0/inst/iomodule_0/U0'
Finished Parsing XDC File [d:/FPGA/prj/project_10/prj_loop/vivado/prj_loop.gen/sources_1/ip/ddr4_0/bd_0/ip/ip_10/bd_9054_iomodule_0_0_board.xdc] for cell 'u_ddr4/inst/u_ddr4_mem_intfc/u_ddr_cal_riu/mcs0/inst/iomodule_0/U0'
Parsing XDC File [d:/FPGA/prj/project_10/prj_loop/vivado/prj_loop.gen/sources_1/ip/ddr4_0/ip_0/ddr4_0_microblaze_mcs_board.xdc] for cell 'u_ddr4/inst/u_ddr4_mem_intfc/u_ddr_cal_riu/mcs0/inst'
Finished Parsing XDC File [d:/FPGA/prj/project_10/prj_loop/vivado/prj_loop.gen/sources_1/ip/ddr4_0/ip_0/ddr4_0_microblaze_mcs_board.xdc] for cell 'u_ddr4/inst/u_ddr4_mem_intfc/u_ddr_cal_riu/mcs0/inst'
Parsing XDC File [d:/FPGA/prj/project_10/prj_loop/vivado/prj_loop.gen/sources_1/ip/ddr4_0/par/ddr4_0.xdc] for cell 'u_ddr4/inst'
Finished Parsing XDC File [d:/FPGA/prj/project_10/prj_loop/vivado/prj_loop.gen/sources_1/ip/ddr4_0/par/ddr4_0.xdc] for cell 'u_ddr4/inst'
Parsing XDC File [d:/FPGA/prj/project_10/prj_loop/vivado/prj_loop.gen/sources_1/ip/aurora_64b66b_1/ip_1/aurora_64b66b_1_fifo_gen_master.xdc] for cell 'u_aurora_b/aurora_64b66b_1_i/inst/aurora_64b66b_1_wrapper_i/cbcc_gtx0_i/master_fifo.data_fifo/U0'
Finished Parsing XDC File [d:/FPGA/prj/project_10/prj_loop/vivado/prj_loop.gen/sources_1/ip/aurora_64b66b_1/ip_1/aurora_64b66b_1_fifo_gen_master.xdc] for cell 'u_aurora_b/aurora_64b66b_1_i/inst/aurora_64b66b_1_wrapper_i/cbcc_gtx0_i/master_fifo.data_fifo/U0'
Parsing XDC File [d:/FPGA/prj/project_10/prj_loop/vivado/prj_loop.gen/sources_1/ip/aurora_64b66b_1/ip_0/synth/aurora_64b66b_1_gt.xdc] for cell 'u_aurora_b/aurora_64b66b_1_i/inst/aurora_64b66b_1_wrapper_i/aurora_64b66b_1_multi_gt_i/aurora_64b66b_1_gt_i/inst'
Finished Parsing XDC File [d:/FPGA/prj/project_10/prj_loop/vivado/prj_loop.gen/sources_1/ip/aurora_64b66b_1/ip_0/synth/aurora_64b66b_1_gt.xdc] for cell 'u_aurora_b/aurora_64b66b_1_i/inst/aurora_64b66b_1_wrapper_i/aurora_64b66b_1_multi_gt_i/aurora_64b66b_1_gt_i/inst'
Parsing XDC File [d:/FPGA/prj/project_10/prj_loop/vivado/prj_loop.gen/sources_1/ip/aurora_64b66b_1/aurora_64b66b_1.xdc] for cell 'u_aurora_b/aurora_64b66b_1_i/inst'
WARNING: [Vivado_Tcl 4-921] Waiver ID 'CDC-10' -to list should not be empty. [d:/FPGA/prj/project_10/prj_loop/vivado/prj_loop.gen/sources_1/ip/aurora_64b66b_1/aurora_64b66b_1.xdc:125]
WARNING: [Vivado_Tcl 4-921] Waiver ID 'CDC-11' -to list should not be empty. [d:/FPGA/prj/project_10/prj_loop/vivado/prj_loop.gen/sources_1/ip/aurora_64b66b_1/aurora_64b66b_1.xdc:126]
Finished Parsing XDC File [d:/FPGA/prj/project_10/prj_loop/vivado/prj_loop.gen/sources_1/ip/aurora_64b66b_1/aurora_64b66b_1.xdc] for cell 'u_aurora_b/aurora_64b66b_1_i/inst'
Parsing XDC File [d:/FPGA/prj/project_10/prj_loop/vivado/prj_loop.gen/sources_1/ip/aurora_64b66b_0/ip_1/aurora_64b66b_0_fifo_gen_master.xdc] for cell 'u_aurora/aurora_64b66b_0_i/inst/aurora_64b66b_0_wrapper_i/cbcc_gtx0_i/master_fifo.data_fifo/U0'
Finished Parsing XDC File [d:/FPGA/prj/project_10/prj_loop/vivado/prj_loop.gen/sources_1/ip/aurora_64b66b_0/ip_1/aurora_64b66b_0_fifo_gen_master.xdc] for cell 'u_aurora/aurora_64b66b_0_i/inst/aurora_64b66b_0_wrapper_i/cbcc_gtx0_i/master_fifo.data_fifo/U0'
Parsing XDC File [d:/FPGA/prj/project_10/prj_loop/vivado/prj_loop.gen/sources_1/ip/aurora_64b66b_0/ip_0/synth/aurora_64b66b_0_gt.xdc] for cell 'u_aurora/aurora_64b66b_0_i/inst/aurora_64b66b_0_wrapper_i/aurora_64b66b_0_multi_gt_i/aurora_64b66b_0_gt_i/inst'
Finished Parsing XDC File [d:/FPGA/prj/project_10/prj_loop/vivado/prj_loop.gen/sources_1/ip/aurora_64b66b_0/ip_0/synth/aurora_64b66b_0_gt.xdc] for cell 'u_aurora/aurora_64b66b_0_i/inst/aurora_64b66b_0_wrapper_i/aurora_64b66b_0_multi_gt_i/aurora_64b66b_0_gt_i/inst'
Parsing XDC File [d:/FPGA/prj/project_10/prj_loop/vivado/prj_loop.gen/sources_1/ip/aurora_64b66b_0/aurora_64b66b_0.xdc] for cell 'u_aurora/aurora_64b66b_0_i/inst'
WARNING: [Vivado_Tcl 4-921] Waiver ID 'CDC-10' -to list should not be empty. [d:/FPGA/prj/project_10/prj_loop/vivado/prj_loop.gen/sources_1/ip/aurora_64b66b_0/aurora_64b66b_0.xdc:125]
WARNING: [Vivado_Tcl 4-921] Waiver ID 'CDC-11' -to list should not be empty. [d:/FPGA/prj/project_10/prj_loop/vivado/prj_loop.gen/sources_1/ip/aurora_64b66b_0/aurora_64b66b_0.xdc:126]
Finished Parsing XDC File [d:/FPGA/prj/project_10/prj_loop/vivado/prj_loop.gen/sources_1/ip/aurora_64b66b_0/aurora_64b66b_0.xdc] for cell 'u_aurora/aurora_64b66b_0_i/inst'
Parsing XDC File [D:/FPGA/prj/project_10/prj_loop/xdc/aurora_mem_bridge.xdc]
INFO: [Timing 38-35] Done setting XDC timing constraints. [D:/FPGA/prj/project_10/prj_loop/xdc/aurora_mem_bridge.xdc:92]
INFO: [Timing 38-2] Deriving generated clocks [D:/FPGA/prj/project_10/prj_loop/xdc/aurora_mem_bridge.xdc:92]
get_clocks: Time (s): cpu = 00:00:07 ; elapsed = 00:00:06 . Memory (MB): peak = 3063.848 ; gain = 343.375
Finished Parsing XDC File [D:/FPGA/prj/project_10/prj_loop/xdc/aurora_mem_bridge.xdc]
Parsing XDC File [d:/FPGA/prj/project_10/prj_loop/vivado/prj_loop.gen/sources_1/ip/async_fifo_2048x8b/async_fifo_2048x8b_clocks.xdc] for cell 'u_async_fifo_2048x8b/U0'
Finished Parsing XDC File [d:/FPGA/prj/project_10/prj_loop/vivado/prj_loop.gen/sources_1/ip/async_fifo_2048x8b/async_fifo_2048x8b_clocks.xdc] for cell 'u_async_fifo_2048x8b/U0'
Parsing XDC File [d:/FPGA/prj/project_10/prj_loop/vivado/prj_loop.gen/sources_1/ip/ddr4_0/ddr4_0_board.xdc] for cell 'u_ddr4/inst'
Finished Parsing XDC File [d:/FPGA/prj/project_10/prj_loop/vivado/prj_loop.gen/sources_1/ip/ddr4_0/ddr4_0_board.xdc] for cell 'u_ddr4/inst'
Parsing XDC File [d:/FPGA/prj/project_10/prj_loop/vivado/prj_loop.gen/sources_1/ip/aurora_64b66b_1/ip_1/aurora_64b66b_1_fifo_gen_master_clocks.xdc] for cell 'u_aurora_b/aurora_64b66b_1_i/inst/aurora_64b66b_1_wrapper_i/cbcc_gtx0_i/master_fifo.data_fifo/U0'
Finished Parsing XDC File [d:/FPGA/prj/project_10/prj_loop/vivado/prj_loop.gen/sources_1/ip/aurora_64b66b_1/ip_1/aurora_64b66b_1_fifo_gen_master_clocks.xdc] for cell 'u_aurora_b/aurora_64b66b_1_i/inst/aurora_64b66b_1_wrapper_i/cbcc_gtx0_i/master_fifo.data_fifo/U0'
Parsing XDC File [d:/FPGA/prj/project_10/prj_loop/vivado/prj_loop.gen/sources_1/ip/aurora_64b66b_1/aurora_64b66b_1_clocks.xdc] for cell 'u_aurora_b/aurora_64b66b_1_i/inst'
Finished Parsing XDC File [d:/FPGA/prj/project_10/prj_loop/vivado/prj_loop.gen/sources_1/ip/aurora_64b66b_1/aurora_64b66b_1_clocks.xdc] for cell 'u_aurora_b/aurora_64b66b_1_i/inst'
Parsing XDC File [d:/FPGA/prj/project_10/prj_loop/vivado/prj_loop.gen/sources_1/ip/aurora_64b66b_0/ip_1/aurora_64b66b_0_fifo_gen_master_clocks.xdc] for cell 'u_aurora/aurora_64b66b_0_i/inst/aurora_64b66b_0_wrapper_i/cbcc_gtx0_i/master_fifo.data_fifo/U0'
Finished Parsing XDC File [d:/FPGA/prj/project_10/prj_loop/vivado/prj_loop.gen/sources_1/ip/aurora_64b66b_0/ip_1/aurora_64b66b_0_fifo_gen_master_clocks.xdc] for cell 'u_aurora/aurora_64b66b_0_i/inst/aurora_64b66b_0_wrapper_i/cbcc_gtx0_i/master_fifo.data_fifo/U0'
Parsing XDC File [d:/FPGA/prj/project_10/prj_loop/vivado/prj_loop.gen/sources_1/ip/aurora_64b66b_0/aurora_64b66b_0_clocks.xdc] for cell 'u_aurora/aurora_64b66b_0_i/inst'
Finished Parsing XDC File [d:/FPGA/prj/project_10/prj_loop/vivado/prj_loop.gen/sources_1/ip/aurora_64b66b_0/aurora_64b66b_0_clocks.xdc] for cell 'u_aurora/aurora_64b66b_0_i/inst'
WARNING: [XPM_CDC_GRAY: TCL-1000] The source and destination clocks are the same. 
     Instance: u_async_fifo_2048x8b/U0/inst_fifo_gen/gconvfifo.rf/grf.rf/gntv_or_sync_fifo.gcx.clkx/rd_pntr_cdc_inst 
  This will add unnecessary latency to the design. Please check the design for the following: 
 1) Manually instantiated XPM_CDC modules: Xilinx recommends that you remove these modules. 
 2) Xilinx IP that contains XPM_CDC modules: Verify the connections to the IP to determine whether you can safely ignore this message.
 [D:/Xilinx/Vivado/2023.1/data/ip/xpm/xpm_cdc/tcl/xpm_cdc_gray.tcl:16]
WARNING: [XPM_CDC_GRAY: TCL-1000] The source and destination clocks are the same. 
     Instance: u_async_fifo_2048x8b/U0/inst_fifo_gen/gconvfifo.rf/grf.rf/gntv_or_sync_fifo.gcx.clkx/wr_pntr_cdc_inst 
  This will add unnecessary latency to the design. Please check the design for the following: 
 1) Manually instantiated XPM_CDC modules: Xilinx recommends that you remove these modules. 
 2) Xilinx IP that contains XPM_CDC modules: Verify the connections to the IP to determine whether you can safely ignore this message.
 [D:/Xilinx/Vivado/2023.1/data/ip/xpm/xpm_cdc/tcl/xpm_cdc_gray.tcl:16]
INFO: [Project 1-1714] 6 XPM XDC files have been applied to the design.
INFO: [Opt 31-138] Pushed 0 inverter(s) to 0 load pin(s).
INFO: [Opt 31-441] Inserted BUFG_GT_SYNC u_aurora/aurora_64b66b_0_i/inst/aurora_64b66b_0_wrapper_i/aurora_64b66b_0_multi_gt_i/aurora_64b66b_0_gt_i/inst/gen_gtwizard_gthe3_top.aurora_64b66b_0_gt_gtwizard_gthe3_inst/gen_gtwizard_gthe3.gen_channel_container[26].gen_enabled_channel.gthe3_channel_wrapper_inst/channel_inst/BUFG_GT_SYNC_1 for BUFG_GT u_aurora/clock_module_i/ultrascale_tx_userclk_1/gen_gtwiz_userclk_tx_main.bufg_gt_usrclk2_inst
INFO: [Opt 31-441] Inserted BUFG_GT_SYNC u_aurora_b/aurora_64b66b_1_i/inst/aurora_64b66b_1_wrapper_i/aurora_64b66b_1_multi_gt_i/aurora_64b66b_1_gt_i/inst/gen_gtwizard_gthe3_top.aurora_64b66b_1_gt_gtwizard_gthe3_inst/gen_gtwizard_gthe3.gen_channel_container[26].gen_enabled_channel.gthe3_channel_wrapper_inst/channel_inst/BUFG_GT_SYNC_1 for BUFG_GT u_aurora_b/clock_module_i/ultrascale_tx_userclk_1/gen_gtwiz_userclk_tx_main.bufg_gt_usrclk2_inst
INFO: [Opt 31-422] The CLOCK_DOMAINS attribute on the BRAM cell u_async_fifo_2048x8b/U0/inst_fifo_gen/gconvfifo.rf/grf.rf/gntv_or_sync_fifo.mem/gbm.gbmg.gbmga.ngecc.bmg/inst_blk_mem_gen/gnbram.gnativebmg.native_blk_mem_gen/valid.cstr/ramloop[0].ram.r/prim_noinit.ram/DEVICE_8SERIES.NO_BMM_INFO.SDP.SIMPLE_PRIM18.ram has been changed from INDEPENDENT to COMMON to match the clocking topology used for the BRAM.
Generating merged BMM file for the design top 'ddr4_0'...
INFO: [Memdata 28-144] Successfully populated the BRAM INIT strings from the following elf files: d:/FPGA/prj/project_10/prj_loop/vivado/prj_loop.gen/sources_1/ip/ddr4_0/sw/calibration_0/Debug/calibration_ddr.elf 
INFO: [Project 1-1687] 8 scoped IP constraints or related sub-commands were skipped due to synthesis logic optimizations usually triggered by constant connectivity or unconnected output pins. To review the skipped constraints and messages, run the command 'set_param netlist.IPMsgFiltering false' before opening the design.
Netlist sorting complete. Time (s): cpu = 00:00:00 ; elapsed = 00:00:00.016 . Memory (MB): peak = 3063.848 ; gain = 0.000
INFO: [Project 1-111] Unisim Transformation Summary:
  A total of 645 instances were transformed.
  DSP48E1 => DSP48E2 (DSP_ALU, DSP_A_B_DATA, DSP_C_DATA, DSP_MULTIPLIER, DSP_M_DATA, DSP_OUTPUT, DSP_PREADD, DSP_PREADD_DATA): 3 instances
  IBUF => IBUF (IBUFCTRL, INBUF): 8 instances
  IBUFDS => IBUFDS (DIFFINBUF, IBUFCTRL): 1 instance 
  IOBUFDS => IOBUFDS (DIFFINBUF, IBUFCTRL, INV, OBUFT(x2)): 8 instances
  IOBUFE3 => IOBUFE3 (IBUFCTRL, INBUF, OBUFT_DCIEN): 72 instances
  LUT6_2 => LUT6_2 (LUT5, LUT6): 31 instances
  OBUFDS => OBUFDS_DUAL_BUF (INV, OBUF(x2)): 1 instance 
  RAM16X1D => RAM32X1D (RAMD32(x2)): 2 instances
  RAM256X1D => RAM256X1D (MUXF7(x4), MUXF8(x2), RAMD64E(x8)): 4 instances
  RAM32M => RAM32M (RAMD32(x6), RAMS32(x2)): 204 instances
  RAM32M16 => RAM32M16 (RAMD32(x14), RAMS32(x2)): 19 instances
  RAM32X1D => RAM32X1D (RAMD32(x2)): 4 instances
  RAM64M8 => RAM64M8 (RAMD64E(x8)): 144 instances
  RAM64X1D => RAM64X1D (RAMD64E(x2)): 144 instances

open_run: Time (s): cpu = 00:00:24 ; elapsed = 00:00:24 . Memory (MB): peak = 3063.848 ; gain = 691.465
ILA0_CLK_NET: user_clk
ILA1_CLK_NET: u_pump_fwd/wr_clk
ILA2_CLK_NET: user_clk_b
ILA3_CLK_NET: ui_clk
INFO: [Timing 38-480] Writing timing data to binary archive.
Writing XDEF routing.
Writing XDEF routing logical nets.
Writing XDEF routing special nets.
Write XDEF Complete: Time (s): cpu = 00:00:01 ; elapsed = 00:00:00.282 . Memory (MB): peak = 3063.848 ; gain = 0.000
INFO: [Common 17-1381] The checkpoint 'D:/FPGA/prj/project_10/prj_loop/scripts/pre_impl_debug.dcp' has been generated.
write_checkpoint: Time (s): cpu = 00:00:11 ; elapsed = 00:00:08 . Memory (MB): peak = 3063.848 ; gain = 0.000
Command: open_checkpoint D:/FPGA/prj/project_10/prj_loop/scripts/pre_impl_debug.dcp

Starting open_checkpoint Task

Time (s): cpu = 00:00:00 ; elapsed = 00:00:00.034 . Memory (MB): peak = 3063.848 ; gain = 0.000
Netlist sorting complete. Time (s): cpu = 00:00:01 ; elapsed = 00:00:00.849 . Memory (MB): peak = 3063.848 ; gain = 0.000
INFO: [Netlist 29-17] Analyzing 4500 Unisim elements for replacement
INFO: [Netlist 29-28] Unisim Transformation completed in 1 CPU seconds
INFO: [Project 1-479] Netlist was created with Vivado 2023.1
INFO: [Project 1-570] Preparing netlist for logic optimization
INFO: [Timing 38-478] Restoring timing data from binary archive.
INFO: [Timing 38-479] Binary timing data restore complete.
INFO: [Project 1-856] Restoring constraints from binary archive.
INFO: [Project 1-853] Binary constraint restore complete.
Reading XDEF placement.
Reading placer database...
Reading XDEF routing.
Read XDEF Files: Time (s): cpu = 00:00:00 ; elapsed = 00:00:00.276 . Memory (MB): peak = 3063.848 ; gain = 0.000
Restored from archive | CPU: 0.000000 secs | Memory: 0.000000 MB |
Finished XDEF File Restore: Time (s): cpu = 00:00:00 ; elapsed = 00:00:00.277 . Memory (MB): peak = 3063.848 ; gain = 0.000
INFO: [IP_Flow 19-234] Refreshing IP repositories
INFO: [IP_Flow 19-1704] No user IP repositories specified
INFO: [IP_Flow 19-2313] Loaded Vivado IP repository 'D:/Xilinx/Vivado/2023.1/data/ip'.
Netlist sorting complete. Time (s): cpu = 00:00:00 ; elapsed = 00:00:00.033 . Memory (MB): peak = 3124.305 ; gain = 0.000
INFO: [Project 1-111] Unisim Transformation Summary:
  A total of 645 instances were transformed.
  DSP48E1 => DSP48E2 (DSP_ALU, DSP_A_B_DATA, DSP_C_DATA, DSP_MULTIPLIER, DSP_M_DATA, DSP_OUTPUT, DSP_PREADD, DSP_PREADD_DATA): 3 instances
  IBUF => IBUF (IBUFCTRL, INBUF): 8 instances
  IBUFDS => IBUFDS (DIFFINBUF, IBUFCTRL): 1 instance 
  IOBUFDS => IOBUFDS (DIFFINBUF, IBUFCTRL, INV, OBUFT(x2)): 8 instances
  IOBUFE3 => IOBUFE3 (IBUFCTRL, INBUF, OBUFT_DCIEN): 72 instances
  LUT6_2 => LUT6_2 (LUT5, LUT6): 31 instances
  OBUFDS => OBUFDS_DUAL_BUF (INV, OBUF(x2)): 1 instance 
  RAM16X1D => RAM32X1D (RAMD32(x2)): 2 instances
  RAM256X1D => RAM256X1D (MUXF7(x4), MUXF8(x2), RAMD64E(x8)): 4 instances
  RAM32M => RAM32M (RAMD32(x6), RAMS32(x2)): 204 instances
  RAM32M16 => RAM32M16 (RAMD32(x14), RAMS32(x2)): 19 instances
  RAM32X1D => RAM32X1D (RAMD32(x2)): 4 instances
  RAM64M8 => RAM64M8 (RAMD64E(x8)): 144 instances
  RAM64X1D => RAM64X1D (RAMD64E(x2)): 144 instances

INFO: [Project 1-604] Checkpoint was created with Vivado v2023.1 (64-bit) build 3865809
open_checkpoint: Time (s): cpu = 00:00:14 ; elapsed = 00:00:15 . Memory (MB): peak = 3128.277 ; gain = 64.430
INFO: [Chipscope 16-329] Generating Script for core instance : dbg_hub 
INFO: [IP_Flow 19-3806] Processing IP xilinx.com:ip:xsdbm:3.0 for cell dbg_hub_CV.
INFO: [Chipscope 16-329] Generating Script for core instance : u_ila_0 
INFO: [IP_Flow 19-3806] Processing IP xilinx.com:ip:ila:6.2 for cell u_ila_0_CV.
INFO: [Chipscope 16-329] Generating Script for core instance : u_ila_1 
INFO: [IP_Flow 19-3806] Processing IP xilinx.com:ip:ila:6.2 for cell u_ila_1_CV.
INFO: [Chipscope 16-329] Generating Script for core instance : u_ila_2 
INFO: [IP_Flow 19-3806] Processing IP xilinx.com:ip:ila:6.2 for cell u_ila_2_CV.
INFO: [Chipscope 16-329] Generating Script for core instance : u_ila_3 
INFO: [IP_Flow 19-3806] Processing IP xilinx.com:ip:ila:6.2 for cell u_ila_3_CV.
INFO: [Chipscope 16-78] labtools_xsdbm_v3 netlist file is 'd:/FPGA/prj/project_10/prj_loop/.Xil/Vivado-40160-Xuegulin/dbg_hub_CV.0/out/dcp/dbg_hub_0.edf'.
INFO: [Chipscope 16-78] labtools_ila_v6 netlist file is 'd:/FPGA/prj/project_10/prj_loop/.Xil/Vivado-40160-Xuegulin/u_ila_0_CV.0/out/dcp/u_ila_0_1.edf'.
INFO: [Chipscope 16-78] labtools_ila_v6 netlist file is 'd:/FPGA/prj/project_10/prj_loop/.Xil/Vivado-40160-Xuegulin/u_ila_1_CV.0/out/dcp/u_ila_1_2.edf'.
INFO: [Chipscope 16-78] labtools_ila_v6 netlist file is 'd:/FPGA/prj/project_10/prj_loop/.Xil/Vivado-40160-Xuegulin/u_ila_2_CV.0/out/dcp/u_ila_2_3.edf'.
INFO: [Chipscope 16-78] labtools_ila_v6 netlist file is 'd:/FPGA/prj/project_10/prj_loop/.Xil/Vivado-40160-Xuegulin/u_ila_3_CV.0/out/dcp/u_ila_3_4.edf'.
implement_debug_core: Time (s): cpu = 00:00:18 ; elapsed = 00:02:46 . Memory (MB): peak = 3493.250 ; gain = 364.973
Command: opt_design
Attempting to get a license for feature 'Implementation' and/or device 'xcku060'
INFO: [Common 17-349] Got license for feature 'Implementation' and/or device 'xcku060'
Running DRC as a precondition to command opt_design

Starting DRC Task
INFO: [DRC 23-27] Running DRC with 2 threads
INFO: [Project 1-461] DRC finished with 0 Errors
INFO: [Project 1-462] Please refer to the DRC report (report_drc) for more information.

Time (s): cpu = 00:00:03 ; elapsed = 00:00:01 . Memory (MB): peak = 3493.250 ; gain = 0.000

Starting Cache Timing Information Task
Ending Cache Timing Information Task | Checksum: 24bf4b3e7

Time (s): cpu = 00:00:00 ; elapsed = 00:00:00.028 . Memory (MB): peak = 3493.250 ; gain = 0.000

Starting Logic Optimization Task

Phase 1 Generate And Synthesize MIG Cores
INFO: [IP_Flow 19-5647] Added synthesis output to IP cache for IP ddr4_0_phy, cache-ID = 8c5a445bed51b3aa
read_xdc: Time (s): cpu = 00:00:08 ; elapsed = 00:00:05 . Memory (MB): peak = 3846.133 ; gain = 0.000
Netlist sorting complete. Time (s): cpu = 00:00:00 ; elapsed = 00:00:00.019 . Memory (MB): peak = 3846.133 ; gain = 0.000
Phase 1 Generate And Synthesize MIG Cores | Checksum: 1da55d379

Time (s): cpu = 00:00:21 ; elapsed = 00:01:07 . Memory (MB): peak = 3846.133 ; gain = 13.863

Phase 2 Retarget
INFO: [Opt 31-1566] Pulled 23 inverters resulting in an inversion of 405 pins
INFO: [Opt 31-138] Pushed 47 inverter(s) to 3428 load pin(s).
INFO: [Opt 31-49] Retargeted 0 cell(s).
Phase 2 Retarget | Checksum: 1329ce512

Time (s): cpu = 00:00:26 ; elapsed = 00:01:12 . Memory (MB): peak = 3948.449 ; gain = 116.180
INFO: [Opt 31-389] Phase Retarget created 877 cells and removed 5916 cells
INFO: [Opt 31-1021] In phase Retarget, 157 netlist objects are constrained preventing optimization. Please run opt_design with -debug_log to get more detail. 

Phase 3 Constant propagation
INFO: [Opt 31-138] Pushed 0 inverter(s) to 0 load pin(s).
Phase 3 Constant propagation | Checksum: f09f021b

Time (s): cpu = 00:00:26 ; elapsed = 00:01:12 . Memory (MB): peak = 3948.449 ; gain = 116.180
INFO: [Opt 31-389] Phase Constant propagation created 310 cells and removed 1106 cells
INFO: [Opt 31-1021] In phase Constant propagation, 120 netlist objects are constrained preventing optimization. Please run opt_design with -debug_log to get more detail. 

Phase 4 Sweep
Phase 4 Sweep | Checksum: 9febeb7a

Time (s): cpu = 00:00:29 ; elapsed = 00:01:15 . Memory (MB): peak = 3948.449 ; gain = 116.180
INFO: [Opt 31-389] Phase Sweep created 0 cells and removed 1723 cells
INFO: [Opt 31-1021] In phase Sweep, 4440 netlist objects are constrained preventing optimization. Please run opt_design with -debug_log to get more detail. 

Phase 5 BUFG optimization
INFO: [Opt 31-1077] Phase BUFG optimization inserted 0 global clock buffer(s) for CLOCK_LOW_FANOUT.
Phase 5 BUFG optimization | Checksum: a6ef67c8

Time (s): cpu = 00:00:30 ; elapsed = 00:01:16 . Memory (MB): peak = 3948.449 ; gain = 116.180
INFO: [Opt 31-662] Phase BUFG optimization created 1 cells of which 1 are BUFGs and removed 3 cells.

Phase 6 Shift Register Optimization
INFO: [Opt 31-1064] SRL Remap converted 0 SRLs to 0 registers and converted 0 registers of register chains to 0 SRLs
Phase 6 Shift Register Optimization | Checksum: 1be76280a

Time (s): cpu = 00:00:34 ; elapsed = 00:01:20 . Memory (MB): peak = 3948.449 ; gain = 116.180
INFO: [Opt 31-389] Phase Shift Register Optimization created 0 cells and removed 0 cells

Phase 7 Post Processing Netlist
INFO: [Opt 31-1566] Pulled 1 inverters resulting in an inversion of 1 pins
Phase 7 Post Processing Netlist | Checksum: 168ca6276

Time (s): cpu = 00:00:34 ; elapsed = 00:01:20 . Memory (MB): peak = 3948.449 ; gain = 116.180
INFO: [Opt 31-389] Phase Post Processing Netlist created 0 cells and removed 1 cells
INFO: [Opt 31-1021] In phase Post Processing Netlist, 182 netlist objects are constrained preventing optimization. Please run opt_design with -debug_log to get more detail. 
Opt_design Change Summary
=========================


-------------------------------------------------------------------------------------------------------------------------
|  Phase                        |  #Cells created  |  #Cells Removed  |  #Constrained objects preventing optimizations  |
-------------------------------------------------------------------------------------------------------------------------
|  Retarget                     |             877  |            5916  |                                            157  |
|  Constant propagation         |             310  |            1106  |                                            120  |
|  Sweep                        |               0  |            1723  |                                           4440  |
|  BUFG optimization            |               1  |               3  |                                              0  |
|  Shift Register Optimization  |               0  |               0  |                                              0  |
|  Post Processing Netlist      |               0  |               1  |                                            182  |
-------------------------------------------------------------------------------------------------------------------------



Starting Connectivity Check Task

Time (s): cpu = 00:00:01 ; elapsed = 00:00:00.107 . Memory (MB): peak = 3948.449 ; gain = 0.000
Ending Logic Optimization Task | Checksum: 1986fa44a

Time (s): cpu = 00:00:35 ; elapsed = 00:01:20 . Memory (MB): peak = 3948.449 ; gain = 116.180

Starting Power Optimization Task
INFO: [Pwropt 34-132] Skipping clock gating for clocks with a period < 2.00 ns.
INFO: [Power 33-23] Power model is not available for xiphy_riu_or
INFO: [Power 33-23] Power model is not available for genVref.u_hpio_vref
INFO: [Pwropt 34-9] Applying IDT optimizations ...
INFO: [Pwropt 34-10] Applying ODC optimizations ...
INFO: [Timing 38-35] Done setting XDC timing constraints.
Running Vector-less Activity Propagation...

Finished Running Vector-less Activity Propagation


Starting PowerOpt Patch Enables Task
INFO: [Pwropt 34-162] WRITE_MODE attribute of 44 BRAM(s) out of a total of 76 has been updated to save power. Run report_power_opt to get a complete listing of the BRAMs updated.
INFO: [Pwropt 34-201] Structural ODC has moved 0 WE to EN ports
Number of BRAM Ports augmented: 45 newly gated: 0 Total Ports: 152
Ending PowerOpt Patch Enables Task | Checksum: f687ad55

Time (s): cpu = 00:00:01 ; elapsed = 00:00:00.617 . Memory (MB): peak = 6008.844 ; gain = 0.000
Ending Power Optimization Task | Checksum: f687ad55

Time (s): cpu = 00:00:47 ; elapsed = 00:00:34 . Memory (MB): peak = 6008.844 ; gain = 2060.395

Starting Final Cleanup Task

Starting Logic Optimization Task
INFO: [Timing 38-35] Done setting XDC timing constraints.
Ending Logic Optimization Task | Checksum: 180fc01e9

Time (s): cpu = 00:00:07 ; elapsed = 00:00:05 . Memory (MB): peak = 6008.844 ; gain = 0.000
Ending Final Cleanup Task | Checksum: 180fc01e9

Time (s): cpu = 00:00:09 ; elapsed = 00:00:07 . Memory (MB): peak = 6008.844 ; gain = 0.000

Starting Netlist Obfuscation Task
Netlist sorting complete. Time (s): cpu = 00:00:00 ; elapsed = 00:00:00.016 . Memory (MB): peak = 6008.844 ; gain = 0.000
Ending Netlist Obfuscation Task | Checksum: 180fc01e9

Time (s): cpu = 00:00:00 ; elapsed = 00:00:00.029 . Memory (MB): peak = 6008.844 ; gain = 0.000
INFO: [Common 17-83] Releasing license: Implementation
112 Infos, 102 Warnings, 0 Critical Warnings and 0 Errors encountered.
opt_design completed successfully
opt_design: Time (s): cpu = 00:01:35 ; elapsed = 00:02:06 . Memory (MB): peak = 6008.844 ; gain = 2515.594
Command: place_design -directive ExtraTimingOpt
Attempting to get a license for feature 'Implementation' and/or device 'xcku060'
INFO: [Common 17-349] Got license for feature 'Implementation' and/or device 'xcku060'
INFO: [DRC 23-27] Running DRC with 2 threads
INFO: [Vivado_Tcl 4-198] DRC finished with 0 Errors
INFO: [Vivado_Tcl 4-199] Please refer to the DRC report (report_drc) for more information.
Running DRC as a precondition to command place_design
INFO: [DRC 23-27] Running DRC with 2 threads
INFO: [Vivado_Tcl 4-198] DRC finished with 0 Errors
INFO: [Vivado_Tcl 4-199] Please refer to the DRC report (report_drc) for more information.

Starting Placer Task
INFO: [Place 46-5] The placer was invoked with the 'ExtraTimingOpt' directive.
INFO: [Place 30-611] Multithreading enabled for place_design using a maximum of 2 CPUs

Phase 1 Placer Initialization

Phase 1.1 Placer Initialization Netlist Sorting
Netlist sorting complete. Time (s): cpu = 00:00:00 ; elapsed = 00:00:00.016 . Memory (MB): peak = 6008.844 ; gain = 0.000
Phase 1.1 Placer Initialization Netlist Sorting | Checksum: 133615ac8

Time (s): cpu = 00:00:00 ; elapsed = 00:00:00.051 . Memory (MB): peak = 6008.844 ; gain = 0.000
Netlist sorting complete. Time (s): cpu = 00:00:00 ; elapsed = 00:00:00.016 . Memory (MB): peak = 6008.844 ; gain = 0.000

Phase 1.2 IO Placement/ Clock Placement/ Build Placer Device
INFO: [Timing 38-35] Done setting XDC timing constraints.
INFO: [Place 30-1907] u_gmii_to_rgmii/u_rgmii_rx/u_idelayctrl_REPLICATED_0 replication was created for u_gmii_to_rgmii/u_rgmii_rx/u_idelayctrl IDELAYCTRL
Phase 1.2 IO Placement/ Clock Placement/ Build Placer Device | Checksum: c7a4f55b

Time (s): cpu = 00:00:12 ; elapsed = 00:00:09 . Memory (MB): peak = 6008.844 ; gain = 0.000

Phase 1.3 Build Placer Netlist Model
Phase 1.3 Build Placer Netlist Model | Checksum: 15269046b

Time (s): cpu = 00:00:36 ; elapsed = 00:00:27 . Memory (MB): peak = 6008.844 ; gain = 0.000

Phase 1.4 Constrain Clocks/Macros
Phase 1.4 Constrain Clocks/Macros | Checksum: 15269046b

Time (s): cpu = 00:00:36 ; elapsed = 00:00:27 . Memory (MB): peak = 6008.844 ; gain = 0.000
Phase 1 Placer Initialization | Checksum: 15269046b

Time (s): cpu = 00:00:37 ; elapsed = 00:00:27 . Memory (MB): peak = 6008.844 ; gain = 0.000

Phase 2 Global Placement

Phase 2.1 Floorplanning
Phase 2.1 Floorplanning | Checksum: 77fa6109

Time (s): cpu = 00:00:46 ; elapsed = 00:00:33 . Memory (MB): peak = 6008.844 ; gain = 0.000

Phase 2.2 Update Timing before SLR Path Opt
Phase 2.2 Update Timing before SLR Path Opt | Checksum: afe64070

Time (s): cpu = 00:00:52 ; elapsed = 00:00:37 . Memory (MB): peak = 6008.844 ; gain = 0.000

Phase 2.3 Post-Processing in Floorplanning
Phase 2.3 Post-Processing in Floorplanning | Checksum: afe64070

Time (s): cpu = 00:00:53 ; elapsed = 00:00:37 . Memory (MB): peak = 6008.844 ; gain = 0.000

Phase 2.4 Global Placement Core
INFO: [Place 30-3162] Check ILP status : ILP-based clock placer completed successfully.

Phase 2.4.1 UpdateTiming Before Physical Synthesis
Phase 2.4.1 UpdateTiming Before Physical Synthesis | Checksum: 24781de4

Time (s): cpu = 00:02:13 ; elapsed = 00:01:27 . Memory (MB): peak = 6008.844 ; gain = 0.000

Phase 2.4.2 Physical Synthesis In Placer
INFO: [Physopt 32-1035] Found 279 LUTNM shape to break, 1657 LUT instances to create LUTNM shape
INFO: [Physopt 32-1044] Break lutnm for timing: one critical 176, two critical 103, total 279, new lutff created 15
INFO: [Physopt 32-1138] End 1 Pass. Optimized 1028 nets or LUTs. Breaked 279 LUTs, combined 749 existing LUTs and moved 0 existing LUT
INFO: [Physopt 32-76] Pass 1. Identified 4 candidate nets for fanout optimization.
INFO: [Physopt 32-81] Processed net u_ddr4/inst/u_ddr4_mem_intfc/u_ddr_cal_top/u_ddr_cal/u_ddr_cal_addr_decode/u_ddr_cal_cplx/cplx_cal. Replicated 7 times.
INFO: [Physopt 32-81] Processed net u_ddr4/inst/div_clk_rst_r1. Replicated 74 times.
INFO: [Physopt 32-81] Processed net u_ddr4/inst/u_ddr4_mem_intfc/u_ddr_ui/u_ddr_ui_wr_data/app_wdf_rdy_r. Replicated 6 times.
INFO: [Physopt 32-81] Processed net u_ddr4/inst/u_ddr4_mem_intfc/u_ddr_ui/u_ddr_ui_wr_data/app_wdf_rdy_r_copy2. Replicated 5 times.
INFO: [Physopt 32-232] Optimized 4 nets. Created 92 new instances.
INFO: [Physopt 32-775] End 1 Pass. Optimized 4 nets or cells. Created 92 new cells, deleted 0 existing cell and moved 0 existing cell
Netlist sorting complete. Time (s): cpu = 00:00:01 ; elapsed = 00:00:00.218 . Memory (MB): peak = 6008.844 ; gain = 0.000
INFO: [Physopt 32-456] No candidate cells for DSP register optimization found in the design.
INFO: [Physopt 32-775] End 2 Pass. Optimized 0 net or cell. Created 0 new cell, deleted 0 existing cell and moved 0 existing cell
INFO: [Physopt 32-1123] No candidate cells found for Shift Register to Pipeline optimization
INFO: [Physopt 32-775] End 2 Pass. Optimized 0 net or cell. Created 0 new cell, deleted 0 existing cell and moved 0 existing cell
INFO: [Physopt 32-677] No candidate cells for Shift Register optimization found in the design
INFO: [Physopt 32-775] End 1 Pass. Optimized 0 net or cell. Created 0 new cell, deleted 0 existing cell and moved 0 existing cell
INFO: [Physopt 32-526] No candidate cells for BRAM register optimization found in the design
INFO: [Physopt 32-775] End 1 Pass. Optimized 0 net or cell. Created 0 new cell, deleted 0 existing cell and moved 0 existing cell
INFO: [Physopt 32-846] No candidate cells for URAM register optimization found in the design
INFO: [Physopt 32-775] End 1 Pass. Optimized 0 net or cell. Created 0 new cell, deleted 0 existing cell and moved 0 existing cell
INFO: [Physopt 32-846] No candidate cells for URAM register optimization found in the design
INFO: [Physopt 32-775] End 1 Pass. Optimized 0 net or cell. Created 0 new cell, deleted 0 existing cell and moved 0 existing cell
INFO: [Physopt 32-949] No candidate nets found for dynamic/static region interface net replication
INFO: [Physopt 32-775] End 1 Pass. Optimized 0 net or cell. Created 0 new cell, deleted 0 existing cell and moved 0 existing cell
Netlist sorting complete. Time (s): cpu = 00:00:00 ; elapsed = 00:00:00.033 . Memory (MB): peak = 6008.844 ; gain = 0.000
INFO: [Physopt 32-76] Pass 1. Identified 1 candidate net for fanout optimization.
INFO: [Physopt 32-81] Processed net u_ddr4/inst/u_ddr4_infrastructure/SR[0]. Replicated 9 times.
INFO: [Physopt 32-232] Optimized 1 net. Created 9 new instances.
INFO: [Physopt 32-775] End 1 Pass. Optimized 1 net or cell. Created 9 new cells, deleted 0 existing cell and moved 0 existing cell
Netlist sorting complete. Time (s): cpu = 00:00:00 ; elapsed = 00:00:00.167 . Memory (MB): peak = 6008.844 ; gain = 0.000
Netlist sorting complete. Time (s): cpu = 00:00:00 ; elapsed = 00:00:00.019 . Memory (MB): peak = 6008.844 ; gain = 0.000

Summary of Physical Synthesis Optimizations
============================================


-----------------------------------------------------------------------------------------------------------------------------------------------------------
|  Optimization                                     |  Added Cells  |  Removed Cells  |  Optimized Cells/Nets  |  Dont Touch  |  Iterations  |  Elapsed   |
-----------------------------------------------------------------------------------------------------------------------------------------------------------
|  LUT Combining                                    |          279  |            749  |                  1028  |           0  |           1  |  00:00:01  |
|  Retime                                           |            0  |              0  |                     0  |           0  |           1  |  00:00:00  |
|  Very High Fanout                                 |           92  |              0  |                     4  |           0  |           1  |  00:00:04  |
|  DSP Register                                     |            0  |              0  |                     0  |           0  |           1  |  00:00:00  |
|  Shift Register to Pipeline                       |            0  |              0  |                     0  |           0  |           1  |  00:00:00  |
|  Shift Register                                   |            0  |              0  |                     0  |           0  |           1  |  00:00:00  |
|  BRAM Register                                    |            0  |              0  |                     0  |           0  |           1  |  00:00:00  |
|  URAM Register                                    |            0  |              0  |                     0  |           0  |           1  |  00:00:00  |
|  Dynamic/Static Region Interface Net Replication  |            0  |              0  |                     0  |           0  |           1  |  00:00:00  |
|  Fanout                                           |            9  |              0  |                     1  |           0  |           1  |  00:00:00  |
|  Total                                            |          380  |            749  |                  1033  |           0  |          10  |  00:00:05  |
-----------------------------------------------------------------------------------------------------------------------------------------------------------


Phase 2.4.2 Physical Synthesis In Placer | Checksum: 14586fc33

Time (s): cpu = 00:02:26 ; elapsed = 00:01:38 . Memory (MB): peak = 6008.844 ; gain = 0.000
Phase 2.4 Global Placement Core | Checksum: 114db1a8e

Time (s): cpu = 00:02:29 ; elapsed = 00:01:41 . Memory (MB): peak = 6008.844 ; gain = 0.000
Phase 2 Global Placement | Checksum: 114db1a8e

Time (s): cpu = 00:02:29 ; elapsed = 00:01:41 . Memory (MB): peak = 6008.844 ; gain = 0.000

Phase 3 Detail Placement

Phase 3.1 Commit Multi Column Macros
Phase 3.1 Commit Multi Column Macros | Checksum: 18e70e5d6

Time (s): cpu = 00:02:38 ; elapsed = 00:01:46 . Memory (MB): peak = 6008.844 ; gain = 0.000

Phase 3.2 Commit Most Macros & LUTRAMs
Phase 3.2 Commit Most Macros & LUTRAMs | Checksum: a3d3e9c2

Time (s): cpu = 00:02:47 ; elapsed = 00:01:53 . Memory (MB): peak = 6008.844 ; gain = 0.000

Phase 3.3 Small Shape DP

Phase 3.3.1 Small Shape Clustering
Phase 3.3.1 Small Shape Clustering | Checksum: 16c48b7f1

Time (s): cpu = 00:03:13 ; elapsed = 00:02:13 . Memory (MB): peak = 6008.844 ; gain = 0.000

Phase 3.3.2 DP Optimization
Phase 3.3.2 DP Optimization | Checksum: b0f878ca

Time (s): cpu = 00:04:03 ; elapsed = 00:02:43 . Memory (MB): peak = 6008.844 ; gain = 0.000

Phase 3.3.3 Flow Legalize Slice Clusters
Phase 3.3.3 Flow Legalize Slice Clusters | Checksum: 11341bde7

Time (s): cpu = 00:04:03 ; elapsed = 00:02:44 . Memory (MB): peak = 6008.844 ; gain = 0.000

Phase 3.3.4 Slice Area Swap

Phase 3.3.4.1 Slice Area Swap Initial
Phase 3.3.4.1 Slice Area Swap Initial | Checksum: 14bfa9006

Time (s): cpu = 00:04:09 ; elapsed = 00:02:49 . Memory (MB): peak = 6008.844 ; gain = 0.000
Phase 3.3.4 Slice Area Swap | Checksum: 14bfa9006

Time (s): cpu = 00:04:09 ; elapsed = 00:02:50 . Memory (MB): peak = 6008.844 ; gain = 0.000
Phase 3.3 Small Shape DP | Checksum: 12b64563c

Time (s): cpu = 00:04:23 ; elapsed = 00:02:57 . Memory (MB): peak = 6008.844 ; gain = 0.000

Phase 3.4 Re-assign LUT pins
Phase 3.4 Re-assign LUT pins | Checksum: 1fe37c744

Time (s): cpu = 00:04:25 ; elapsed = 00:03:00 . Memory (MB): peak = 6008.844 ; gain = 0.000

Phase 3.5 Pipeline Register Optimization
Phase 3.5 Pipeline Register Optimization | Checksum: c62fcf4d

Time (s): cpu = 00:04:26 ; elapsed = 00:03:00 . Memory (MB): peak = 6008.844 ; gain = 0.000

Phase 3.6 Fast Optimization
Phase 3.6 Fast Optimization | Checksum: b62c4113

Time (s): cpu = 00:05:00 ; elapsed = 00:03:25 . Memory (MB): peak = 6008.844 ; gain = 0.000
Phase 3 Detail Placement | Checksum: b62c4113

Time (s): cpu = 00:05:01 ; elapsed = 00:03:25 . Memory (MB): peak = 6008.844 ; gain = 0.000

Phase 4 Post Placement Optimization and Clean-Up

Phase 4.1 Post Commit Optimization
INFO: [Timing 38-35] Done setting XDC timing constraints.

Phase 4.1.1 Post Placement Optimization
Post Placement Optimization Initialization | Checksum: 6d6629cb

Phase 4.1.1.1 BUFG Insertion

Starting Physical Synthesis Task

Phase 1 Physical Synthesis Initialization
INFO: [Physopt 32-721] Multithreading enabled for phys_opt_design using a maximum of 2 CPUs
INFO: [Physopt 32-619] Estimated Timing Summary | WNS=-0.739 | TNS=-45.897 |
Phase 1 Physical Synthesis Initialization | Checksum: 83fa6c19

Time (s): cpu = 00:00:05 ; elapsed = 00:00:03 . Memory (MB): peak = 6008.844 ; gain = 0.000
INFO: [Place 46-35] Processed net u_mem_i_1_n_0, inserted BUFG to drive 1191 loads.
INFO: [Place 46-56] BUFG insertion identified 1 candidate nets. Inserted BUFG: 1, Replicated BUFG Driver: 0, Skipped due to Placement/Routing Conflicts: 0, Skipped due to Timing Degradation: 0, Skipped due to netlist editing failed: 0.
Ending Physical Synthesis Task | Checksum: 4003260b

Time (s): cpu = 00:00:07 ; elapsed = 00:00:05 . Memory (MB): peak = 6008.844 ; gain = 0.000
Phase 4.1.1.1 BUFG Insertion | Checksum: c6f4f5b2

Time (s): cpu = 00:05:38 ; elapsed = 00:03:50 . Memory (MB): peak = 6008.844 ; gain = 0.000

Phase 4.1.1.2 Post Placement Timing Optimization
INFO: [Place 30-746] Post Placement Timing Summary WNS=0.017. For the most accurate timing information please run report_timing.
Phase 4.1.1.2 Post Placement Timing Optimization | Checksum: 12704893a

Time (s): cpu = 00:08:25 ; elapsed = 00:06:44 . Memory (MB): peak = 6008.844 ; gain = 0.000

Time (s): cpu = 00:08:25 ; elapsed = 00:06:44 . Memory (MB): peak = 6008.844 ; gain = 0.000
Phase 4.1 Post Commit Optimization | Checksum: 12704893a

Time (s): cpu = 00:08:26 ; elapsed = 00:06:45 . Memory (MB): peak = 6008.844 ; gain = 0.000
Netlist sorting complete. Time (s): cpu = 00:00:00 ; elapsed = 00:00:00.032 . Memory (MB): peak = 6008.844 ; gain = 0.000

Phase 4.2 Post Placement Cleanup
Phase 4.2 Post Placement Cleanup | Checksum: 1b5ed9e2b

Time (s): cpu = 00:08:28 ; elapsed = 00:06:47 . Memory (MB): peak = 6008.844 ; gain = 0.000

Phase 4.3 Placer Reporting

Phase 4.3.1 Print Estimated Congestion
INFO: [Place 30-612] Post-Placement Estimated Congestion 
 ____________________________________________________
|           | Global Congestion | Short Congestion  |
| Direction | Region Size       | Region Size       |
|___________|___________________|___________________|
|      North|                4x4|                8x8|
|___________|___________________|___________________|
|      South|                8x8|                8x8|
|___________|___________________|___________________|
|       East|                4x4|                8x8|
|___________|___________________|___________________|
|       West|                4x4|              16x16|
|___________|___________________|___________________|

Phase 4.3.1 Print Estimated Congestion | Checksum: 1b5ed9e2b

Time (s): cpu = 00:08:28 ; elapsed = 00:06:47 . Memory (MB): peak = 6008.844 ; gain = 0.000
Phase 4.3 Placer Reporting | Checksum: 1b5ed9e2b

Time (s): cpu = 00:08:28 ; elapsed = 00:06:48 . Memory (MB): peak = 6008.844 ; gain = 0.000

Phase 4.4 Final Placement Cleanup
Netlist sorting complete. Time (s): cpu = 00:00:00 ; elapsed = 00:00:00.024 . Memory (MB): peak = 6008.844 ; gain = 0.000

Time (s): cpu = 00:08:28 ; elapsed = 00:06:48 . Memory (MB): peak = 6008.844 ; gain = 0.000
Phase 4 Post Placement Optimization and Clean-Up | Checksum: 19235cf1e

Time (s): cpu = 00:08:29 ; elapsed = 00:06:48 . Memory (MB): peak = 6008.844 ; gain = 0.000
Ending Placer Task | Checksum: faae6f2c

Time (s): cpu = 00:08:29 ; elapsed = 00:06:48 . Memory (MB): peak = 6008.844 ; gain = 0.000
INFO: [Common 17-83] Releasing license: Implementation
160 Infos, 102 Warnings, 0 Critical Warnings and 0 Errors encountered.
place_design completed successfully
place_design: Time (s): cpu = 00:08:35 ; elapsed = 00:06:52 . Memory (MB): peak = 6008.844 ; gain = 0.000
Command: phys_opt_design -directive AggressiveExplore
Attempting to get a license for feature 'Implementation' and/or device 'xcku060'
INFO: [Common 17-349] Got license for feature 'Implementation' and/or device 'xcku060'
INFO: [Vivado_Tcl 4-137] Directive used for phys_opt_design is: AggressiveExplore

Starting Initial Update Timing Task

Time (s): cpu = 00:00:28 ; elapsed = 00:00:16 . Memory (MB): peak = 6008.844 ; gain = 0.000
INFO: [Vivado_Tcl 4-383] Design worst setup slack (WNS) is greater than or equal to 0.000 ns. Skipping all physical synthesis optimizations.
INFO: [Vivado_Tcl 4-1435] PhysOpt_Tcl_Interface Runtime Before Starting Physical Synthesis Task | CPU: 29.00s |  WALL: 16.65s
Netlist sorting complete. Time (s): cpu = 00:00:00 ; elapsed = 00:00:00.021 . Memory (MB): peak = 6008.844 ; gain = 0.000

Starting Physical Synthesis Task

Phase 1 Physical Synthesis Initialization
INFO: [Physopt 32-721] Multithreading enabled for phys_opt_design using a maximum of 2 CPUs
INFO: [Physopt 32-619] Estimated Timing Summary | WNS=0.032 | TNS=0.000 |
Phase 1 Physical Synthesis Initialization | Checksum: 21deec697

Time (s): cpu = 00:00:02 ; elapsed = 00:00:01 . Memory (MB): peak = 6008.844 ; gain = 0.000

Phase 2 Hold Fix Optimization
INFO: [Physopt 32-668] Estimated Timing Summary | WNS=0.032 | TNS=0.000 | WHS=-0.507 | THS=-20.854 |
INFO: [Physopt 32-45] Identified 1 candidate net for hold slack optimization.
INFO: [Physopt 32-234] Optimized 1 net. Inserted 0 new ZHOLD_DELAYs. Calibrated 0 existing ZHOLD_DELAYs. Inserted 1 buffer.

INFO: [Physopt 32-668] Estimated Timing Summary | WNS=0.032 | TNS=0.000 | WHS=-0.507 | THS=-20.601 |
Phase 2 Hold Fix Optimization | Checksum: 21deec697

Time (s): cpu = 00:00:04 ; elapsed = 00:00:04 . Memory (MB): peak = 6008.844 ; gain = 0.000
Netlist sorting complete. Time (s): cpu = 00:00:00 ; elapsed = 00:00:00.035 . Memory (MB): peak = 6008.844 ; gain = 0.000
INFO: [Physopt 32-669] Post Physical Optimization Timing Summary | WNS=0.032 | TNS=0.000 | WHS=-0.507 | THS=-20.601 |

Summary of Physical Synthesis Optimizations
============================================


----------------------------------------------------------------------------------------------------------------------------------------------------------------------
|  Optimization            |  WNS Gain (ns)  |  TNS Gain (ns)  |  Added Cells  |  Removed Cells  |  Optimized Cells/Nets  |  Dont Touch  |  Iterations  |  Elapsed   |
----------------------------------------------------------------------------------------------------------------------------------------------------------------------
|  Fanout                  |          0.000  |          0.000  |            0  |              0  |                     0  |           0  |           0  |  00:00:00  |
|  Single Cell Placement   |          0.000  |          0.000  |            0  |              0  |                     0  |           0  |           0  |  00:00:00  |
|  Multi Cell Placement    |          0.000  |          0.000  |            0  |              0  |                     0  |           0  |           0  |  00:00:00  |
|  Rewire                  |          0.000  |          0.000  |            0  |              0  |                     0  |           0  |           0  |  00:00:00  |
|  Critical Cell           |          0.000  |          0.000  |            0  |              0  |                     0  |           0  |           0  |  00:00:00  |
|  SLR Crossing            |          0.000  |          0.000  |            0  |              0  |                     0  |           0  |           0  |  00:00:00  |
|  DSP Register            |          0.000  |          0.000  |            0  |              0  |                     0  |           0  |           0  |  00:00:00  |
|  BRAM Register           |          0.000  |          0.000  |            0  |              0  |                     0  |           0  |           0  |  00:00:00  |
|  URAM Register           |          0.000  |          0.000  |            0  |              0  |                     0  |           0  |           0  |  00:00:00  |
|  Shift Register          |          0.000  |          0.000  |            0  |              0  |                     0  |           0  |           0  |  00:00:00  |
|  Critical Pin            |          0.000  |          0.000  |            0  |              0  |                     0  |           0  |           0  |  00:00:00  |
|  Very High Fanout        |          0.000  |          0.000  |            0  |              0  |                     0  |           0  |           0  |  00:00:00  |
|  Total                   |          0.000  |          0.000  |            0  |              0  |                     0  |           0  |           0  |  00:00:00  |
----------------------------------------------------------------------------------------------------------------------------------------------------------------------


Summary of Hold Fix Optimizations
=================================


--------------------------------------------------------------------------------------------------------------------------------------------------------------
|  Optimization               |  WHS Gain (ns)  |  THS Gain (ns)  |  Added LUTs  |  Added FFs  |  Optimized Nets  |  Dont Touch  |  Iterations  |  Elapsed   |
--------------------------------------------------------------------------------------------------------------------------------------------------------------
|  LUT1 and ZHOLD Insertion   |          0.000  |          0.254  |           1  |          0  |               1  |           0  |           1  |  00:00:02  |
|  Total                      |          0.000  |          0.254  |           1  |          0  |               1  |           0  |           1  |  00:00:02  |
--------------------------------------------------------------------------------------------------------------------------------------------------------------


Netlist sorting complete. Time (s): cpu = 00:00:00 ; elapsed = 00:00:00.019 . Memory (MB): peak = 6008.844 ; gain = 0.000
Ending Physical Synthesis Task | Checksum: 1e435131b

Time (s): cpu = 00:00:05 ; elapsed = 00:00:05 . Memory (MB): peak = 6008.844 ; gain = 0.000
INFO: [Common 17-83] Releasing license: Implementation
172 Infos, 102 Warnings, 0 Critical Warnings and 0 Errors encountered.
phys_opt_design completed successfully
phys_opt_design: Time (s): cpu = 00:00:34 ; elapsed = 00:00:22 . Memory (MB): peak = 6008.844 ; gain = 0.000
Command: route_design -directive NoTimingRelaxation
Attempting to get a license for feature 'Implementation' and/or device 'xcku060'
INFO: [Common 17-349] Got license for feature 'Implementation' and/or device 'xcku060'
INFO: [DRC 23-27] Running DRC with 2 threads
INFO: [Vivado_Tcl 4-198] DRC finished with 0 Errors
INFO: [Vivado_Tcl 4-199] Please refer to the DRC report (report_drc) for more information.
Running DRC as a precondition to command route_design
INFO: [DRC 23-27] Running DRC with 2 threads
INFO: [Vivado_Tcl 4-198] DRC finished with 0 Errors
INFO: [Vivado_Tcl 4-199] Please refer to the DRC report (report_drc) for more information.


Starting Routing Task
INFO: [Route 35-270] Using Router directive 'NoTimingRelaxation'.
INFO: [Route 35-254] Multithreading enabled for route_design using a maximum of 2 CPUs

Phase 1 Build RT Design
Checksum: PlaceDB: f80af88c ConstDB: 0 ShapeSum: 50de6062 RouteDB: 8ee914f1
Post Restoration Checksum: NetGraph: 548d468a | NumContArr: 1e9eab5 | Constraints: 5eb79f46 | Timing: 0
Phase 1 Build RT Design | Checksum: b52ed085

Time (s): cpu = 00:01:48 ; elapsed = 00:01:36 . Memory (MB): peak = 6008.844 ; gain = 0.000

Phase 2 Router Initialization

Phase 2.1 Fix Topology Constraints
Phase 2.1 Fix Topology Constraints | Checksum: b52ed085

Time (s): cpu = 00:01:49 ; elapsed = 00:01:37 . Memory (MB): peak = 6008.844 ; gain = 0.000

Phase 2.2 Pre Route Cleanup
Phase 2.2 Pre Route Cleanup | Checksum: b52ed085

Time (s): cpu = 00:01:49 ; elapsed = 00:01:37 . Memory (MB): peak = 6008.844 ; gain = 0.000

Phase 2.3 Global Clock Net Routing
 Number of Nodes with overlaps = 0
Phase 2.3 Global Clock Net Routing | Checksum: 2154d0c3d

Time (s): cpu = 00:01:54 ; elapsed = 00:01:41 . Memory (MB): peak = 6008.844 ; gain = 0.000

Phase 2.4 Update Timing
Phase 2.4 Update Timing | Checksum: f07f8af2

Time (s): cpu = 00:02:16 ; elapsed = 00:01:55 . Memory (MB): peak = 6008.844 ; gain = 0.000
INFO: [Route 35-416] Intermediate Timing Summary | WNS=0.057  | TNS=0.000  | WHS=-0.326 | THS=-15.034|


Phase 2.5 Update Timing for Bus Skew

Phase 2.5.1 Update Timing
Phase 2.5.1 Update Timing | Checksum: 1d2e49b29

Time (s): cpu = 00:03:00 ; elapsed = 00:02:22 . Memory (MB): peak = 6008.844 ; gain = 0.000
INFO: [Route 35-416] Intermediate Timing Summary | WNS=0.057  | TNS=0.000  | WHS=N/A    | THS=N/A    |

Phase 2.5 Update Timing for Bus Skew | Checksum: e9ef2226

Time (s): cpu = 00:03:00 ; elapsed = 00:02:22 . Memory (MB): peak = 6008.844 ; gain = 0.000

Router Utilization Summary
  Global Vertical Routing Utilization    = 0.00124899 %
  Global Horizontal Routing Utilization  = 0.000915378 %
  Routable Net Status*
  *Does not include unroutable nets such as driverless and loadless.
  Run report_route_status for detailed report.
  Number of Failed Nets               = 89161
    (Failed Nets is the sum of unrouted and partially routed nets)
  Number of Unrouted Nets             = 77101
  Number of Partially Routed Nets     = 12060
  Number of Node Overlaps             = 0

Phase 2 Router Initialization | Checksum: 12dfb0f9d

Time (s): cpu = 00:03:04 ; elapsed = 00:02:24 . Memory (MB): peak = 6008.844 ; gain = 0.000

Phase 3 Initial Routing

Phase 3.1 Global Routing
Phase 3.1 Global Routing | Checksum: 12dfb0f9d

Time (s): cpu = 00:03:04 ; elapsed = 00:02:25 . Memory (MB): peak = 6008.844 ; gain = 0.000
Phase 3 Initial Routing | Checksum: 12aad4f70

Time (s): cpu = 00:03:28 ; elapsed = 00:02:39 . Memory (MB): peak = 6008.844 ; gain = 0.000

Phase 4 Rip-up And Reroute

Phase 4.1 Global Iteration 0
INFO: [Route 35-443] CLB routing congestion detected. Several CLBs have high routing utilization, which can impact timing closure. Congested CLBs and Nets are dumped in: iter_4_CongestedCLBsAndNets.txt
 Number of Nodes with overlaps = 16187
 Number of Nodes with overlaps = 1170
 Number of Nodes with overlaps = 173
 Number of Nodes with overlaps = 49
 Number of Nodes with overlaps = 12
 Number of Nodes with overlaps = 4
 Number of Nodes with overlaps = 2
 Number of Nodes with overlaps = 3
 Number of Nodes with overlaps = 0
INFO: [Route 35-467] Router swapped GT pin u_aurora_b/aurora_64b66b_1_i/inst/aurora_64b66b_1_wrapper_i/aurora_64b66b_1_multi_gt_i/aurora_64b66b_1_gt_i/inst/gen_gtwizard_gthe3_top.aurora_64b66b_1_gt_gtwizard_gthe3_inst/gen_gtwizard_gthe3.gen_channel_container[26].gen_enabled_channel.gthe3_channel_wrapper_inst/channel_inst/gthe3_channel_gen.gen_gthe3_channel_inst[0].GTHE3_CHANNEL_PRIM_INST/GTREFCLK0 to physical pin GTHE3_CHANNEL_X1Y9/MGTREFCLK1
INFO: [Route 35-467] Router swapped GT pin u_aurora/aurora_64b66b_0_i/inst/aurora_64b66b_0_wrapper_i/aurora_64b66b_0_multi_gt_i/aurora_64b66b_0_gt_i/inst/gen_gtwizard_gthe3_top.aurora_64b66b_0_gt_gtwizard_gthe3_inst/gen_gtwizard_gthe3.gen_channel_container[26].gen_enabled_channel.gthe3_channel_wrapper_inst/channel_inst/gthe3_channel_gen.gen_gthe3_channel_inst[0].GTHE3_CHANNEL_PRIM_INST/GTREFCLK0 to physical pin GTHE3_CHANNEL_X1Y11/MGTREFCLK1
INFO: [Route 35-467] Router swapped GT pin u_aurora/ultrascale_gt_common_1/aurora_64b66b_0_gt_gthe3_common_wrapper_i/common_inst/gthe3_common_gen.GTHE3_COMMON_PRIM_INST/GTREFCLK01 to physical pin GTHE3_COMMON_X1Y2/COM2_REFCLKOUT1
INFO: [Route 35-416] Intermediate Timing Summary | WNS=-0.277 | TNS=-11.961| WHS=-0.143 | THS=-2.125 |

Phase 4.1 Global Iteration 0 | Checksum: 22929ec22

Time (s): cpu = 00:05:25 ; elapsed = 00:03:59 . Memory (MB): peak = 6008.844 ; gain = 0.000

Phase 4.2 Global Iteration 1
 Number of Nodes with overlaps = 148
 Number of Nodes with overlaps = 57
 Number of Nodes with overlaps = 19
 Number of Nodes with overlaps = 11
 Number of Nodes with overlaps = 4
 Number of Nodes with overlaps = 0
INFO: [Route 35-416] Intermediate Timing Summary | WNS=-0.099 | TNS=-1.624 | WHS=N/A    | THS=N/A    |

Phase 4.2 Global Iteration 1 | Checksum: 276a812df

Time (s): cpu = 00:05:46 ; elapsed = 00:04:16 . Memory (MB): peak = 6008.844 ; gain = 0.000

Phase 4.3 Global Iteration 2
 Number of Nodes with overlaps = 516
 Number of Nodes with overlaps = 102
 Number of Nodes with overlaps = 30
 Number of Nodes with overlaps = 9
 Number of Nodes with overlaps = 4
 Number of Nodes with overlaps = 1
 Number of Nodes with overlaps = 1
 Number of Nodes with overlaps = 3
 Number of Nodes with overlaps = 1
 Number of Nodes with overlaps = 0
INFO: [Route 35-416] Intermediate Timing Summary | WNS=0.010  | TNS=0.000  | WHS=N/A    | THS=N/A    |

Phase 4.3 Global Iteration 2 | Checksum: 25f678a86

Time (s): cpu = 00:06:04 ; elapsed = 00:04:31 . Memory (MB): peak = 6008.844 ; gain = 0.000
Phase 4 Rip-up And Reroute | Checksum: 25f678a86

Time (s): cpu = 00:06:05 ; elapsed = 00:04:32 . Memory (MB): peak = 6008.844 ; gain = 0.000

Phase 5 Delay and Skew Optimization

Phase 5.1 Delay CleanUp

Phase 5.1.1 Update Timing
Phase 5.1.1 Update Timing | Checksum: 1dcd96ac5

Time (s): cpu = 00:06:18 ; elapsed = 00:04:40 . Memory (MB): peak = 6008.844 ; gain = 0.000
INFO: [Route 35-416] Intermediate Timing Summary | WNS=0.010  | TNS=0.000  | WHS=0.004  | THS=0.000  |

Phase 5.1 Delay CleanUp | Checksum: 2785f2e3f

Time (s): cpu = 00:06:18 ; elapsed = 00:04:40 . Memory (MB): peak = 6008.844 ; gain = 0.000

Phase 5.2 Clock Skew Optimization
Phase 5.2 Clock Skew Optimization | Checksum: 2785f2e3f

Time (s): cpu = 00:06:18 ; elapsed = 00:04:40 . Memory (MB): peak = 6008.844 ; gain = 0.000
Phase 5 Delay and Skew Optimization | Checksum: 2785f2e3f

Time (s): cpu = 00:06:18 ; elapsed = 00:04:40 . Memory (MB): peak = 6008.844 ; gain = 0.000

Phase 6 Post Hold Fix

Phase 6.1 Hold Fix Iter

Phase 6.1.1 Update Timing
Phase 6.1.1 Update Timing | Checksum: 1cf4055d1

Time (s): cpu = 00:06:31 ; elapsed = 00:04:48 . Memory (MB): peak = 6008.844 ; gain = 0.000
INFO: [Route 35-416] Intermediate Timing Summary | WNS=0.010  | TNS=0.000  | WHS=0.004  | THS=0.000  |

Phase 6.1 Hold Fix Iter | Checksum: 2650df460

Time (s): cpu = 00:06:31 ; elapsed = 00:04:48 . Memory (MB): peak = 6008.844 ; gain = 0.000
Phase 6 Post Hold Fix | Checksum: 2650df460

Time (s): cpu = 00:06:32 ; elapsed = 00:04:49 . Memory (MB): peak = 6008.844 ; gain = 0.000

Phase 7 Route finalize

Router Utilization Summary
  Global Vertical Routing Utilization    = 3.73773 %
  Global Horizontal Routing Utilization  = 3.19094 %
  Routable Net Status*
  *Does not include unroutable nets such as driverless and loadless.
  Run report_route_status for detailed report.
  Number of Failed Nets               = 0
    (Failed Nets is the sum of unrouted and partially routed nets)
  Number of Unrouted Nets             = 0
  Number of Partially Routed Nets     = 0
  Number of Node Overlaps             = 0

Phase 7 Route finalize | Checksum: 258121e15

Time (s): cpu = 00:06:36 ; elapsed = 00:04:52 . Memory (MB): peak = 6008.844 ; gain = 0.000

Phase 8 Verifying routed nets

 Verification completed successfully
Phase 8 Verifying routed nets | Checksum: 258121e15

Time (s): cpu = 00:06:36 ; elapsed = 00:04:52 . Memory (MB): peak = 6008.844 ; gain = 0.000

Phase 9 Depositing Routes
Phase 9 Depositing Routes | Checksum: 258121e15

Time (s): cpu = 00:06:41 ; elapsed = 00:04:56 . Memory (MB): peak = 6008.844 ; gain = 0.000

Phase 10 Post Router Timing
INFO: [Route 35-20] Post Routing Timing Summary | WNS=0.010  | TNS=0.000  | WHS=0.004  | THS=0.000  |

Phase 10 Post Router Timing | Checksum: 247ee2592

Time (s): cpu = 00:07:16 ; elapsed = 00:05:20 . Memory (MB): peak = 6008.844 ; gain = 0.000
INFO: [Route 35-61] The design met the timing requirement.
INFO: [Route 35-16] Router Completed Successfully

Phase 11 Post-Route Event Processing
Phase 11 Post-Route Event Processing | Checksum: aec77fce

Time (s): cpu = 00:07:17 ; elapsed = 00:05:21 . Memory (MB): peak = 6008.844 ; gain = 0.000

Time (s): cpu = 00:07:17 ; elapsed = 00:05:21 . Memory (MB): peak = 6008.844 ; gain = 0.000

Routing Is Done.
INFO: [Common 17-83] Releasing license: Implementation
196 Infos, 102 Warnings, 0 Critical Warnings and 0 Errors encountered.
route_design completed successfully
route_design: Time (s): cpu = 00:07:28 ; elapsed = 00:05:28 . Memory (MB): peak = 6008.844 ; gain = 0.000
Command: phys_opt_design -directive AggressiveExplore
Attempting to get a license for feature 'Implementation' and/or device 'xcku060'
INFO: [Common 17-349] Got license for feature 'Implementation' and/or device 'xcku060'
INFO: [Vivado_Tcl 4-241] Physical synthesis in post route mode 
INFO: [Vivado_Tcl 4-137] Directive used for phys_opt_design is: AggressiveExplore

Starting Initial Update Timing Task

Time (s): cpu = 00:00:07 ; elapsed = 00:00:05 . Memory (MB): peak = 6008.844 ; gain = 0.000
INFO: [Vivado_Tcl 4-383] Design worst setup slack (WNS) is greater than or equal to 0.000 ns. Skipping all physical synthesis optimizations.
INFO: [Vivado_Tcl 4-232] No setup violation found. The netlist was not modified.
INFO: [Common 17-83] Releasing license: Implementation
202 Infos, 102 Warnings, 0 Critical Warnings and 0 Errors encountered.
phys_opt_design completed successfully
phys_opt_design: Time (s): cpu = 00:00:09 ; elapsed = 00:00:07 . Memory (MB): peak = 6008.844 ; gain = 0.000
INFO: [Timing 38-91] UpdateTimingParams: Speed grade: -2, Temperature grade: I, Delay Type: min_max.
INFO: [Timing 38-191] Multithreading enabled for timing update using a maximum of 2 CPUs
WARNING: [Timing 38-436] There are set_bus_skew constraint(s) in this design. Please run report_bus_skew to ensure that bus skew requirements are met.
WARNING: [Timing 38-453] Line(s) in the report have been truncated to keep line length below 5000 characters.
report_timing_summary: Time (s): cpu = 00:00:12 ; elapsed = 00:00:07 . Memory (MB): peak = 6008.844 ; gain = 0.000
INFO: [Timing 38-91] UpdateTimingParams: Speed grade: -2, Temperature grade: I, Delay Type: max.
INFO: [Timing 38-191] Multithreading enabled for timing update using a maximum of 2 CPUs
INFO: [Timing 38-78] ReportTimingParams: -max_paths 25 -nworst 1 -delay_type max -sort_by slack.
TIMING: 0.010
WNS_GATE: 0.010
WHS_GATE: 0.004
INFO: [Timing 38-480] Writing timing data to binary archive.
Writing XDEF routing.
Writing XDEF routing logical nets.
Writing XDEF routing special nets.
Write XDEF Complete: Time (s): cpu = 00:00:18 ; elapsed = 00:00:07 . Memory (MB): peak = 6008.844 ; gain = 0.000
INFO: [Common 17-1381] The checkpoint 'D:/FPGA/prj/project_10/prj_loop/scripts/post_route.dcp' has been generated.
write_checkpoint: Time (s): cpu = 00:00:24 ; elapsed = 00:00:14 . Memory (MB): peak = 6008.844 ; gain = 0.000
Command: write_bitstream -force D:/FPGA/prj/project_10/prj_loop/out/aurora_mem_bridge.bit
Attempting to get a license for feature 'Implementation' and/or device 'xcku060'
INFO: [Common 17-349] Got license for feature 'Implementation' and/or device 'xcku060'
Running DRC as a precondition to command write_bitstream
INFO: [IP_Flow 19-1839] IP Catalog is up to date.
INFO: [DRC 23-27] Running DRC with 2 threads
WARNING: [DRC PDCN-1569] LUT equation term check: Used physical LUT pin 'A1' of cell dbg_hub/inst/BSCANID.u_xsdbm_id/SWITCH_N_EXT_BSCAN.bscan_switch/temp_curid[31]_i_1 (pin dbg_hub/inst/BSCANID.u_xsdbm_id/SWITCH_N_EXT_BSCAN.bscan_switch/temp_curid[31]_i_1/I1) is not included in the LUT equation: 'O5=(A5*A3)+(A5*(~A3)*(~A4))+((~A5))'. If this cell is a user instantiated LUT in the design, please remove connectivity to the pin or change the equation and/or INIT string of the LUT to prevent this issue. If the cell is inferred or IP created LUT, please regenerate the IP and/or resynthesize the design to attempt to correct the issue.
WARNING: [DRC PDCN-1569] LUT equation term check: Used physical LUT pin 'A2' of cell dbg_hub/inst/BSCANID.u_xsdbm_id/SWITCH_N_EXT_BSCAN.bscan_switch/temp_curid[31]_i_1 (pin dbg_hub/inst/BSCANID.u_xsdbm_id/SWITCH_N_EXT_BSCAN.bscan_switch/temp_curid[31]_i_1/I0) is not included in the LUT equation: 'O5=(A5*A3)+(A5*(~A3)*(~A4))+((~A5))'. If this cell is a user instantiated LUT in the design, please remove connectivity to the pin or change the equation and/or INIT string of the LUT to prevent this issue. If the cell is inferred or IP created LUT, please regenerate the IP and/or resynthesize the design to attempt to correct the issue.
WARNING: [DRC PDCN-1569] LUT equation term check: Used physical LUT pin 'A5' of cell dbg_hub/inst/BSCANID.u_xsdbm_id/SWITCH_N_EXT_BSCAN.id_state[0]_i_1 (pin dbg_hub/inst/BSCANID.u_xsdbm_id/SWITCH_N_EXT_BSCAN.id_state[0]_i_1/I0) is not included in the LUT equation: 'O6=(A6+~A6)*((A4))'. If this cell is a user instantiated LUT in the design, please remove connectivity to the pin or change the equation and/or INIT string of the LUT to prevent this issue. If the cell is inferred or IP created LUT, please regenerate the IP and/or resynthesize the design to attempt to correct the issue.
WARNING: [DRC RTSTAT-10] No routable loads: 155 net(s) have no routable loads. The problem bus(es) and/or net(s) are u_ddr4/inst/u_ddr4_mem_intfc/u_ddr_cal_riu/LMB_CE_riu, u_ddr4/inst/u_ddr4_mem_intfc/u_ddr_cal_riu/LMB_UE_riu, u_ddr4/inst/u_ddr4_mem_intfc/u_ddr_cal_top/u_ddr_cal/u_xsdb_arbiter/Q[12], u_ddr4/inst/u_ddr4_mem_intfc/u_ddr_cal_top/u_ddr_cal/u_xsdb_arbiter/Q[13], u_ddr4/inst/u_ddr4_mem_intfc/u_ddr_cal_top/u_ddr_cal/u_xsdb_arbiter/Q[14], u_ddr4/inst/u_ddr4_mem_intfc/u_ddr_cal_top/u_ddr_cal/u_xsdb_arbiter/Q[15], u_ddr4/inst/u_ddr4_mem_intfc/u_phy2clb_fixdly_rdy_upp/SYNC[0].sync_reg[1], u_ddr4/inst/u_ddr4_mem_intfc/u_phy2clb_phy_rdy_low/SYNC[0].sync_reg[1], u_ddr4/inst/u_ddr4_mem_intfc/u_phy2clb_fixdly_rdy_low/SYNC[0].sync_reg[1], u_ddr4/inst/u_ddr4_mem_intfc/u_phy2clb_phy_rdy_upp/SYNC[0].sync_reg[1], u_ddr4/inst/u_ddr4_mem_intfc/u_phy2clb_phy_rdy_low/SYNC[1].sync_reg[1], u_ddr4/inst/u_ddr4_mem_intfc/u_phy2clb_fixdly_rdy_upp/SYNC[1].sync_reg[1], u_ddr4/inst/u_ddr4_mem_intfc/u_phy2clb_phy_rdy_upp/SYNC[1].sync_reg[1], u_ddr4/inst/u_ddr4_mem_intfc/u_phy2clb_fixdly_rdy_low/SYNC[1].sync_reg[1], u_ddr4/inst/u_ddr4_mem_intfc/u_phy2clb_fixdly_rdy_low/SYNC[2].sync_reg[1]... and (the first 15 of 149 listed).
INFO: [Vivado 12-3199] DRC finished with 0 Errors, 4 Warnings
INFO: [Vivado 12-3200] Please refer to the DRC report (report_drc) for more information.
INFO: [Designutils 20-2272] Running write_bitstream with 2 threads.
Loading data files...
Loading site data...
Loading route data...
Processing options...
Creating bitmap...
Creating bitstream...
Bitstream compression saved 113310016 bits.
Writing bitstream D:/FPGA/prj/project_10/prj_loop/out/aurora_mem_bridge.bit...
INFO: [Vivado 12-1842] Bitgen Completed Successfully.
INFO: [Common 17-83] Releasing license: Implementation
217 Infos, 108 Warnings, 0 Critical Warnings and 0 Errors encountered.
write_bitstream completed successfully
write_bitstream: Time (s): cpu = 00:01:23 ; elapsed = 00:00:59 . Memory (MB): peak = 6314.438 ; gain = 305.594
DBG_BUILD_DONE: bit=D:/FPGA/prj/project_10/prj_loop/out/aurora_mem_bridge.bit ltx=D:/FPGA/prj/project_10/prj_loop/scripts/probes.ltx
W5_BUILD_OK
INFO: [Common 17-206] Exiting Vivado at Thu Oct  8 21:21:00 2026...
