Sample in Buffer,Sample in Window,TRIGGER,dbg_rx_tdata[63:0],dbg_rx_tkeep[7:0],dbg_rx_tvalid,dbg_rx_tlast,dbg_up_frames[15:0],dbg_up_bytes[15:0],dbg_up_ovf,dbg_up_stall[15:0],dbg_pk_frames[15:0],dbg_pk_ovf,dbg_prev_wr[15:0],dbg_prev_drop[15:0],dbg_ch_up,dbg_lane_up,dbg_hard_err,dbg_soft_err,dbg_pk_ovf_cnt[15:0],dbg_pfwd_rd[15:0],dbg_hard_err_cnt[15:0],dbg_soft_err_cnt[15:0],dbg_ch_up_evt[15:0],dbg_pfwd_stuck_cnt[15:0],dbg_pfwd_stuck,dbg_mem_u_wr[15:0],dbg_mem_u_rd[15:0],dbg_mem_u_drop[15:0],dbg_mem_rden,dbg_mem_ost_s[8:0],dbg_mem2_u_wr[15:0],dbg_mem2_u_rd[15:0],dbg_cmd_mode,dbg_cmd_slot[7:0],dbg_cmd_exec[15:0],dbg_cmd_trig[15:0]
Radix - UNSIGNED,UNSIGNED,UNSIGNED,HEX,HEX,HEX,HEX,HEX,HEX,HEX,HEX,HEX,HEX,HEX,HEX,HEX,HEX,HEX,HEX,HEX,HEX,HEX,HEX,HEX,HEX,HEX,HEX,HEX,HEX,HEX,HEX,HEX,HEX,HEX,HEX,HEX,HEX
0,0,0,df9b01076f4a0000,fc,0,0,00aa,4d1a,0,0000,00aa,0,00aa,0000,1,1,0,0,0000,00b3,0000,0000,0000,0000,0,00b3,00aa,0000,0,009,00aa,00aa,1,a7,0112,00d0
1,1,0,df9b01076f4a0000,fc,0,0,00aa,4d1a,0,0000,00aa,0,00aa,0000,1,1,0,0,0000,00b3,0000,0000,0000,0000,0,00b3,00aa,0000,0,009,00aa,00aa,1,a7,0112,00d0
2,2,0,df9b01076f4a0000,fc,0,0,00aa,4d1a,0,0000,00aa,0,00aa,0000,1,1,0,0,0000,00b3,0000,0000,0000,0000,0,00b3,00aa,0000,0,009,00aa,00aa,1,a7,0112,00d0
3,3,0,df9b01076f4a0000,fc,0,0,00aa,4d1a,0,0000,00aa,0,00aa,0000,1,1,0,0,0000,00b3,0000,0000,0000,0000,0,00b3,00aa,0000,0,009,00aa,00aa,1,a7,0112,00d0
4,4,0,df9b01076f4a0000,fc,0,0,00aa,4d1a,0,0000,00aa,0,00aa,0000,1,1,0,0,0000,00b3,0000,0000,0000,0000,0,00b3,00aa,0000,0,009,00aa,00aa,1,a7,0112,00d0
5,5,0,df9b01076f4a0000,fc,0,0,00aa,4d1a,0,0000,00aa,0,00aa,0000,1,1,0,0,0000,00b3,0000,0000,0000,0000,0,00b3,00aa,0000,0,009,00aa,00aa,1,a7,0112,00d0
6,6,0,df9b01076f4a0000,fc,0,0,00aa,4d1a,0,0000,00aa,0,00aa,0000,1,1,0,0,0000,00b3,0000,0000,0000,0000,0,00b3,00aa,0000,0,009,00aa,00aa,1,a7,0112,00d0
7,7,0,df9b01076f4a0000,fc,0,0,00aa,4d1a,0,0000,00aa,0,00aa,0000,1,1,0,0,0000,00b3,0000,0000,0000,0000,0,00b3,00aa,0000,0,009,00aa,00aa,1,a7,0112,00d0
8,8,0,df9b01076f4a0000,fc,0,0,00aa,4d1a,0,0000,00aa,0,00aa,0000,1,1,0,0,0000,00b3,0000,0000,0000,0000,0,00b3,00aa,0000,0,009,00aa,00aa,1,a7,0112,00d0
9,9,0,df9b01076f4a0000,fc,0,0,00aa,4d1a,0,0000,00aa,0,00aa,0000,1,1,0,0,0000,00b3,0000,0000,0000,0000,0,00b3,00aa,0000,0,009,00aa,00aa,1,a7,0112,00d0
10,10,0,df9b01076f4a0000,fc,0,0,00aa,4d1a,0,0000,00aa,0,00aa,0000,1,1,0,0,0000,00b3,0000,0000,0000,0000,0,00b3,00aa,0000,0,009,00aa,00aa,1,a7,0112,00d0
11,11,0,df9b01076f4a0000,fc,0,0,00aa,4d1a,0,0000,00aa,0,00aa,0000,1,1,0,0,0000,00b3,0000,0000,0000,0000,0,00b3,00aa,0000,0,009,00aa,00aa,1,a7,0112,00d0
12,12,0,df9b01076f4a0000,fc,0,0,00aa,4d1a,0,0000,00aa,0,00aa,0000,1,1,0,0,0000,00b3,0000,0000,0000,0000,0,00b3,00aa,0000,0,009,00aa,00aa,1,a7,0112,00d0
13,13,0,df9b01076f4a0000,fc,0,0,00aa,4d1a,0,0000,00aa,0,00aa,0000,1,1,0,0,0000,00b3,0000,0000,0000,0000,0,00b3,00aa,0000,0,009,00aa,00aa,1,a7,0112,00d0
14,14,0,df9b01076f4a0000,fc,0,0,00aa,4d1a,0,0000,00aa,0,00aa,0000,1,1,0,0,0000,00b3,0000,0000,0000,0000,0,00b3,00aa,0000,0,009,00aa,00aa,1,a7,0112,00d0
15,15,0,df9b01076f4a0000,fc,0,0,00aa,4d1a,0,0000,00aa,0,00aa,0000,1,1,0,0,0000,00b3,0000,0000,0000,0000,0,00b3,00aa,0000,0,009,00aa,00aa,1,a7,0112,00d0
16,16,0,df9b01076f4a0000,fc,0,0,00aa,4d1a,0,0000,00aa,0,00aa,0000,1,1,0,0,0000,00b3,0000,0000,0000,0000,0,00b3,00aa,0000,0,009,00aa,00aa,1,a7,0112,00d0
17,17,0,df9b01076f4a0000,fc,0,0,00aa,4d1a,0,0000,00aa,0,00aa,0000,1,1,0,0,0000,00b3,0000,0000,0000,0000,0,00b3,00aa,0000,0,009,00aa,00aa,1,a7,0112,00d0
18,18,0,df9b01076f4a0000,fc,0,0,00aa,4d1a,0,0000,00aa,0,00aa,0000,1,1,0,0,0000,00b3,0000,0000,0000,0000,0,00b3,00aa,0000,0,009,00aa,00aa,1,a7,0112,00d0
19,19,0,df9b01076f4a0000,fc,0,0,00aa,4d1a,0,0000,00aa,0,00aa,0000,1,1,0,0,0000,00b3,0000,0000,0000,0000,0,00b3,00aa,0000,0,009,00aa,00aa,1,a7,0112,00d0
20,20,0,df9b01076f4a0000,fc,0,0,00aa,4d1a,0,0000,00aa,0,00aa,0000,1,1,0,0,0000,00b3,0000,0000,0000,0000,0,00b3,00aa,0000,0,009,00aa,00aa,1,a7,0112,00d0
21,21,0,df9b01076f4a0000,fc,0,0,00aa,4d1a,0,0000,00aa,0,00aa,0000,1,1,0,0,0000,00b3,0000,0000,0000,0000,0,00b3,00aa,0000,0,009,00aa,00aa,1,a7,0112,00d0
22,22,0,df9b01076f4a0000,fc,0,0,00aa,4d1a,0,0000,00aa,0,00aa,0000,1,1,0,0,0000,00b3,0000,0000,0000,0000,0,00b3,00aa,0000,0,009,00aa,00aa,1,a7,0112,00d0
23,23,0,df9b01076f4a0000,fc,0,0,00aa,4d1a,0,0000,00aa,0,00aa,0000,1,1,0,0,0000,00b3,0000,0000,0000,0000,0,00b3,00aa,0000,0,009,00aa,00aa,1,a7,0112,00d0
24,24,0,df9b01076f4a0000,fc,0,0,00aa,4d1a,0,0000,00aa,0,00aa,0000,1,1,0,0,0000,00b3,0000,0000,0000,0000,0,00b3,00aa,0000,0,009,00aa,00aa,1,a7,0112,00d0
25,25,0,df9b01076f4a0000,fc,0,0,00aa,4d1a,0,0000,00aa,0,00aa,0000,1,1,0,0,0000,00b3,0000,0000,0000,0000,0,00b3,00aa,0000,0,009,00aa,00aa,1,a7,0112,00d0
26,26,0,df9b01076f4a0000,fc,0,0,00aa,4d1a,0,0000,00aa,0,00aa,0000,1,1,0,0,0000,00b3,0000,0000,0000,0000,0,00b3,00aa,0000,0,009,00aa,00aa,1,a7,0112,00d0
27,27,0,df9b01076f4a0000,fc,0,0,00aa,4d1a,0,0000,00aa,0,00aa,0000,1,1,0,0,0000,00b3,0000,0000,0000,0000,0,00b3,00aa,0000,0,009,00aa,00aa,1,a7,0112,00d0
28,28,0,df9b01076f4a0000,fc,0,0,00aa,4d1a,0,0000,00aa,0,00aa,0000,1,1,0,0,0000,00b3,0000,0000,0000,0000,0,00b3,00aa,0000,0,009,00aa,00aa,1,a7,0112,00d0
29,29,0,df9b01076f4a0000,fc,0,0,00aa,4d1a,0,0000,00aa,0,00aa,0000,1,1,0,0,0000,00b3,0000,0000,0000,0000,0,00b3,00aa,0000,0,009,00aa,00aa,1,a7,0112,00d0
30,30,0,df9b01076f4a0000,fc,0,0,00aa,4d1a,0,0000,00aa,0,00aa,0000,1,1,0,0,0000,00b3,0000,0000,0000,0000,0,00b3,00aa,0000,0,009,00aa,00aa,1,a7,0112,00d0
31,31,0,df9b01076f4a0000,fc,0,0,00aa,4d1a,0,0000,00aa,0,00aa,0000,1,1,0,0,0000,00b3,0000,0000,0000,0000,0,00b3,00aa,0000,0,009,00aa,00aa,1,a7,0112,00d0
32,32,0,df9b01076f4a0000,fc,0,0,00aa,4d1a,0,0000,00aa,0,00aa,0000,1,1,0,0,0000,00b3,0000,0000,0000,0000,0,00b3,00aa,0000,0,009,00aa,00aa,1,a7,0112,00d0
33,33,0,df9b01076f4a0000,fc,0,0,00aa,4d1a,0,0000,00aa,0,00aa,0000,1,1,0,0,0000,00b3,0000,0000,0000,0000,0,00b3,00aa,0000,0,009,00aa,00aa,1,a7,0112,00d0
34,34,0,df9b01076f4a0000,fc,0,0,00aa,4d1a,0,0000,00aa,0,00aa,0000,1,1,0,0,0000,00b3,0000,0000,0000,0000,0,00b3,00aa,0000,0,009,00aa,00aa,1,a7,0112,00d0
35,35,0,df9b01076f4a0000,fc,0,0,00aa,4d1a,0,0000,00aa,0,00aa,0000,1,1,0,0,0000,00b3,0000,0000,0000,0000,0,00b3,00aa,0000,0,009,00aa,00aa,1,a7,0112,00d0
36,36,0,df9b01076f4a0000,fc,0,0,00aa,4d1a,0,0000,00aa,0,00aa,0000,1,1,0,0,0000,00b3,0000,0000,0000,0000,0,00b3,00aa,0000,0,009,00aa,00aa,1,a7,0112,00d0
37,37,0,df9b01076f4a0000,fc,0,0,00aa,4d1a,0,0000,00aa,0,00aa,0000,1,1,0,0,0000,00b3,0000,0000,0000,0000,0,00b3,00aa,0000,0,009,00aa,00aa,1,a7,0112,00d0
38,38,0,df9b01076f4a0000,fc,0,0,00aa,4d1a,0,0000,00aa,0,00aa,0000,1,1,0,0,0000,00b3,0000,0000,0000,0000,0,00b3,00aa,0000,0,009,00aa,00aa,1,a7,0112,00d0
39,39,0,df9b01076f4a0000,fc,0,0,00aa,4d1a,0,0000,00aa,0,00aa,0000,1,1,0,0,0000,00b3,0000,0000,0000,0000,0,00b3,00aa,0000,0,009,00aa,00aa,1,a7,0112,00d0
40,40,0,df9b01076f4a0000,fc,0,0,00aa,4d1a,0,0000,00aa,0,00aa,0000,1,1,0,0,0000,00b3,0000,0000,0000,0000,0,00b3,00aa,0000,0,009,00aa,00aa,1,a7,0112,00d0
41,41,0,df9b01076f4a0000,fc,0,0,00aa,4d1a,0,0000,00aa,0,00aa,0000,1,1,0,0,0000,00b3,0000,0000,0000,0000,0,00b3,00aa,0000,0,009,00aa,00aa,1,a7,0112,00d0
42,42,0,df9b01076f4a0000,fc,0,0,00aa,4d1a,0,0000,00aa,0,00aa,0000,1,1,0,0,0000,00b3,0000,0000,0000,0000,0,00b3,00aa,0000,0,009,00aa,00aa,1,a7,0112,00d0
43,43,0,df9b01076f4a0000,fc,0,0,00aa,4d1a,0,0000,00aa,0,00aa,0000,1,1,0,0,0000,00b3,0000,0000,0000,0000,0,00b3,00aa,0000,0,009,00aa,00aa,1,a7,0112,00d0
44,44,0,df9b01076f4a0000,fc,0,0,00aa,4d1a,0,0000,00aa,0,00aa,0000,1,1,0,0,0000,00b3,0000,0000,0000,0000,0,00b3,00aa,0000,0,009,00aa,00aa,1,a7,0112,00d0
45,45,0,df9b01076f4a0000,fc,0,0,00aa,4d1a,0,0000,00aa,0,00aa,0000,1,1,0,0,0000,00b3,0000,0000,0000,0000,0,00b3,00aa,0000,0,009,00aa,00aa,1,a7,0112,00d0
46,46,0,df9b01076f4a0000,fc,0,0,00aa,4d1a,0,0000,00aa,0,00aa,0000,1,1,0,0,0000,00b3,0000,0000,0000,0000,0,00b3,00aa,0000,0,009,00aa,00aa,1,a7,0112,00d0
47,47,0,df9b01076f4a0000,fc,0,0,00aa,4d1a,0,0000,00aa,0,00aa,0000,1,1,0,0,0000,00b3,0000,0000,0000,0000,0,00b3,00aa,0000,0,009,00aa,00aa,1,a7,0112,00d0
48,48,0,df9b01076f4a0000,fc,0,0,00aa,4d1a,0,0000,00aa,0,00aa,0000,1,1,0,0,0000,00b3,0000,0000,0000,0000,0,00b3,00aa,0000,0,009,00aa,00aa,1,a7,0112,00d0
49,49,0,df9b01076f4a0000,fc,0,0,00aa,4d1a,0,0000,00aa,0,00aa,0000,1,1,0,0,0000,00b3,0000,0000,0000,0000,0,00b3,00aa,0000,0,009,00aa,00aa,1,a7,0112,00d0
50,50,0,df9b01076f4a0000,fc,0,0,00aa,4d1a,0,0000,00aa,0,00aa,0000,1,1,0,0,0000,00b3,0000,0000,0000,0000,0,00b3,00aa,0000,0,009,00aa,00aa,1,a7,0112,00d0
51,51,0,df9b01076f4a0000,fc,0,0,00aa,4d1a,0,0000,00aa,0,00aa,0000,1,1,0,0,0000,00b3,0000,0000,0000,0000,0,00b3,00aa,0000,0,009,00aa,00aa,1,a7,0112,00d0
52,52,0,df9b01076f4a0000,fc,0,0,00aa,4d1a,0,0000,00aa,0,00aa,0000,1,1,0,0,0000,00b3,0000,0000,0000,0000,0,00b3,00aa,0000,0,009,00aa,00aa,1,a7,0112,00d0
53,53,0,df9b01076f4a0000,fc,0,0,00aa,4d1a,0,0000,00aa,0,00aa,0000,1,1,0,0,0000,00b3,0000,0000,0000,0000,0,00b3,00aa,0000,0,009,00aa,00aa,1,a7,0112,00d0
54,54,0,df9b01076f4a0000,fc,0,0,00aa,4d1a,0,0000,00aa,0,00aa,0000,1,1,0,0,0000,00b3,0000,0000,0000,0000,0,00b3,00aa,0000,0,009,00aa,00aa,1,a7,0112,00d0
55,55,0,df9b01076f4a0000,fc,0,0,00aa,4d1a,0,0000,00aa,0,00aa,0000,1,1,0,0,0000,00b3,0000,0000,0000,0000,0,00b3,00aa,0000,0,009,00aa,00aa,1,a7,0112,00d0
56,56,0,df9b01076f4a0000,fc,0,0,00aa,4d1a,0,0000,00aa,0,00aa,0000,1,1,0,0,0000,00b3,0000,0000,0000,0000,0,00b3,00aa,0000,0,009,00aa,00aa,1,a7,0112,00d0
57,57,0,df9b01076f4a0000,fc,0,0,00aa,4d1a,0,0000,00aa,0,00aa,0000,1,1,0,0,0000,00b3,0000,0000,0000,0000,0,00b3,00aa,0000,0,009,00aa,00aa,1,a7,0112,00d0
58,58,0,df9b01076f4a0000,fc,0,0,00aa,4d1a,0,0000,00aa,0,00aa,0000,1,1,0,0,0000,00b3,0000,0000,0000,0000,0,00b3,00aa,0000,0,009,00aa,00aa,1,a7,0112,00d0
59,59,0,df9b01076f4a0000,fc,0,0,00aa,4d1a,0,0000,00aa,0,00aa,0000,1,1,0,0,0000,00b3,0000,0000,0000,0000,0,00b3,00aa,0000,0,009,00aa,00aa,1,a7,0112,00d0
60,60,0,df9b01076f4a0000,fc,0,0,00aa,4d1a,0,0000,00aa,0,00aa,0000,1,1,0,0,0000,00b3,0000,0000,0000,0000,0,00b3,00aa,0000,0,009,00aa,00aa,1,a7,0112,00d0
61,61,0,df9b01076f4a0000,fc,0,0,00aa,4d1a,0,0000,00aa,0,00aa,0000,1,1,0,0,0000,00b3,0000,0000,0000,0000,0,00b3,00aa,0000,0,009,00aa,00aa,1,a7,0112,00d0
62,62,0,df9b01076f4a0000,fc,0,0,00aa,4d1a,0,0000,00aa,0,00aa,0000,1,1,0,0,0000,00b3,0000,0000,0000,0000,0,00b3,00aa,0000,0,009,00aa,00aa,1,a7,0112,00d0
63,63,0,df9b01076f4a0000,fc,0,0,00aa,4d1a,0,0000,00aa,0,00aa,0000,1,1,0,0,0000,00b3,0000,0000,0000,0000,0,00b3,00aa,0000,0,009,00aa,00aa,1,a7,0112,00d0
64,64,0,df9b01076f4a0000,fc,0,0,00aa,4d1a,0,0000,00aa,0,00aa,0000,1,1,0,0,0000,00b3,0000,0000,0000,0000,0,00b3,00aa,0000,0,009,00aa,00aa,1,a7,0112,00d0
65,65,0,df9b01076f4a0000,fc,0,0,00aa,4d1a,0,0000,00aa,0,00aa,0000,1,1,0,0,0000,00b3,0000,0000,0000,0000,0,00b3,00aa,0000,0,009,00aa,00aa,1,a7,0112,00d0
66,66,0,df9b01076f4a0000,fc,0,0,00aa,4d1a,0,0000,00aa,0,00aa,0000,1,1,0,0,0000,00b3,0000,0000,0000,0000,0,00b3,00aa,0000,0,009,00aa,00aa,1,a7,0112,00d0
67,67,0,df9b01076f4a0000,fc,0,0,00aa,4d1a,0,0000,00aa,0,00aa,0000,1,1,0,0,0000,00b3,0000,0000,0000,0000,0,00b3,00aa,0000,0,009,00aa,00aa,1,a7,0112,00d0
68,68,0,df9b01076f4a0000,fc,0,0,00aa,4d1a,0,0000,00aa,0,00aa,0000,1,1,0,0,0000,00b3,0000,0000,0000,0000,0,00b3,00aa,0000,0,009,00aa,00aa,1,a7,0112,00d0
69,69,0,df9b01076f4a0000,fc,0,0,00aa,4d1a,0,0000,00aa,0,00aa,0000,1,1,0,0,0000,00b3,0000,0000,0000,0000,0,00b3,00aa,0000,0,009,00aa,00aa,1,a7,0112,00d0
70,70,0,df9b01076f4a0000,fc,0,0,00aa,4d1a,0,0000,00aa,0,00aa,0000,1,1,0,0,0000,00b3,0000,0000,0000,0000,0,00b3,00aa,0000,0,009,00aa,00aa,1,a7,0112,00d0
71,71,0,df9b01076f4a0000,fc,0,0,00aa,4d1a,0,0000,00aa,0,00aa,0000,1,1,0,0,0000,00b3,0000,0000,0000,0000,0,00b3,00aa,0000,0,009,00aa,00aa,1,a7,0112,00d0
72,72,0,df9b01076f4a0000,fc,0,0,00aa,4d1a,0,0000,00aa,0,00aa,0000,1,1,0,0,0000,00b3,0000,0000,0000,0000,0,00b3,00aa,0000,0,009,00aa,00aa,1,a7,0112,00d0
73,73,0,df9b01076f4a0000,fc,0,0,00aa,4d1a,0,0000,00aa,0,00aa,0000,1,1,0,0,0000,00b3,0000,0000,0000,0000,0,00b3,00aa,0000,0,009,00aa,00aa,1,a7,0112,00d0
74,74,0,df9b01076f4a0000,fc,0,0,00aa,4d1a,0,0000,00aa,0,00aa,0000,1,1,0,0,0000,00b3,0000,0000,0000,0000,0,00b3,00aa,0000,0,009,00aa,00aa,1,a7,0112,00d0
75,75,0,df9b01076f4a0000,fc,0,0,00aa,4d1a,0,0000,00aa,0,00aa,0000,1,1,0,0,0000,00b3,0000,0000,0000,0000,0,00b3,00aa,0000,0,009,00aa,00aa,1,a7,0112,00d0
76,76,0,df9b01076f4a0000,fc,0,0,00aa,4d1a,0,0000,00aa,0,00aa,0000,1,1,0,0,0000,00b3,0000,0000,0000,0000,0,00b3,00aa,0000,0,009,00aa,00aa,1,a7,0112,00d0
77,77,0,df9b01076f4a0000,fc,0,0,00aa,4d1a,0,0000,00aa,0,00aa,0000,1,1,0,0,0000,00b3,0000,0000,0000,0000,0,00b3,00aa,0000,0,009,00aa,00aa,1,a7,0112,00d0
78,78,0,df9b01076f4a0000,fc,0,0,00aa,4d1a,0,0000,00aa,0,00aa,0000,1,1,0,0,0000,00b3,0000,0000,0000,0000,0,00b3,00aa,0000,0,009,00aa,00aa,1,a7,0112,00d0
79,79,0,df9b01076f4a0000,fc,0,0,00aa,4d1a,0,0000,00aa,0,00aa,0000,1,1,0,0,0000,00b3,0000,0000,0000,0000,0,00b3,00aa,0000,0,009,00aa,00aa,1,a7,0112,00d0
80,80,0,df9b01076f4a0000,fc,0,0,00aa,4d1a,0,0000,00aa,0,00aa,0000,1,1,0,0,0000,00b3,0000,0000,0000,0000,0,00b3,00aa,0000,0,009,00aa,00aa,1,a7,0112,00d0
81,81,0,df9b01076f4a0000,fc,0,0,00aa,4d1a,0,0000,00aa,0,00aa,0000,1,1,0,0,0000,00b3,0000,0000,0000,0000,0,00b3,00aa,0000,0,009,00aa,00aa,1,a7,0112,00d0
82,82,0,df9b01076f4a0000,fc,0,0,00aa,4d1a,0,0000,00aa,0,00aa,0000,1,1,0,0,0000,00b3,0000,0000,0000,0000,0,00b3,00aa,0000,0,009,00aa,00aa,1,a7,0112,00d0
83,83,0,df9b01076f4a0000,fc,0,0,00aa,4d1a,0,0000,00aa,0,00aa,0000,1,1,0,0,0000,00b3,0000,0000,0000,0000,0,00b3,00aa,0000,0,009,00aa,00aa,1,a7,0112,00d0
84,84,0,df9b01076f4a0000,fc,0,0,00aa,4d1a,0,0000,00aa,0,00aa,0000,1,1,0,0,0000,00b3,0000,0000,0000,0000,0,00b3,00aa,0000,0,009,00aa,00aa,1,a7,0112,00d0
85,85,0,df9b01076f4a0000,fc,0,0,00aa,4d1a,0,0000,00aa,0,00aa,0000,1,1,0,0,0000,00b3,0000,0000,0000,0000,0,00b3,00aa,0000,0,009,00aa,00aa,1,a7,0112,00d0
86,86,0,df9b01076f4a0000,fc,0,0,00aa,4d1a,0,0000,00aa,0,00aa,0000,1,1,0,0,0000,00b3,0000,0000,0000,0000,0,00b3,00aa,0000,0,009,00aa,00aa,1,a7,0112,00d0
87,87,0,df9b01076f4a0000,fc,0,0,00aa,4d1a,0,0000,00aa,0,00aa,0000,1,1,0,0,0000,00b3,0000,0000,0000,0000,0,00b3,00aa,0000,0,009,00aa,00aa,1,a7,0112,00d0
88,88,0,df9b01076f4a0000,fc,0,0,00aa,4d1a,0,0000,00aa,0,00aa,0000,1,1,0,0,0000,00b3,0000,0000,0000,0000,0,00b3,00aa,0000,0,009,00aa,00aa,1,a7,0112,00d0
89,89,0,df9b01076f4a0000,fc,0,0,00aa,4d1a,0,0000,00aa,0,00aa,0000,1,1,0,0,0000,00b3,0000,0000,0000,0000,0,00b3,00aa,0000,0,009,00aa,00aa,1,a7,0112,00d0
90,90,0,df9b01076f4a0000,fc,0,0,00aa,4d1a,0,0000,00aa,0,00aa,0000,1,1,0,0,0000,00b3,0000,0000,0000,0000,0,00b3,00aa,0000,0,009,00aa,00aa,1,a7,0112,00d0
91,91,0,df9b01076f4a0000,fc,0,0,00aa,4d1a,0,0000,00aa,0,00aa,0000,1,1,0,0,0000,00b3,0000,0000,0000,0000,0,00b3,00aa,0000,0,009,00aa,00aa,1,a7,0112,00d0
92,92,0,df9b01076f4a0000,fc,0,0,00aa,4d1a,0,0000,00aa,0,00aa,0000,1,1,0,0,0000,00b3,0000,0000,0000,0000,0,00b3,00aa,0000,0,009,00aa,00aa,1,a7,0112,00d0
93,93,0,df9b01076f4a0000,fc,0,0,00aa,4d1a,0,0000,00aa,0,00aa,0000,1,1,0,0,0000,00b3,0000,0000,0000,0000,0,00b3,00aa,0000,0,009,00aa,00aa,1,a7,0112,00d0
94,94,0,df9b01076f4a0000,fc,0,0,00aa,4d1a,0,0000,00aa,0,00aa,0000,1,1,0,0,0000,00b3,0000,0000,0000,0000,0,00b3,00aa,0000,0,009,00aa,00aa,1,a7,0112,00d0
95,95,0,df9b01076f4a0000,fc,0,0,00aa,4d1a,0,0000,00aa,0,00aa,0000,1,1,0,0,0000,00b3,0000,0000,0000,0000,0,00b3,00aa,0000,0,009,00aa,00aa,1,a7,0112,00d0
96,96,0,df9b01076f4a0000,fc,0,0,00aa,4d1a,0,0000,00aa,0,00aa,0000,1,1,0,0,0000,00b3,0000,0000,0000,0000,0,00b3,00aa,0000,0,009,00aa,00aa,1,a7,0112,00d0
97,97,0,df9b01076f4a0000,fc,0,0,00aa,4d1a,0,0000,00aa,0,00aa,0000,1,1,0,0,0000,00b3,0000,0000,0000,0000,0,00b3,00aa,0000,0,009,00aa,00aa,1,a7,0112,00d0
98,98,0,df9b01076f4a0000,fc,0,0,00aa,4d1a,0,0000,00aa,0,00aa,0000,1,1,0,0,0000,00b3,0000,0000,0000,0000,0,00b3,00aa,0000,0,009,00aa,00aa,1,a7,0112,00d0
99,99,0,df9b01076f4a0000,fc,0,0,00aa,4d1a,0,0000,00aa,0,00aa,0000,1,1,0,0,0000,00b3,0000,0000,0000,0000,0,00b3,00aa,0000,0,009,00aa,00aa,1,a7,0112,00d0
100,100,0,df9b01076f4a0000,fc,0,0,00aa,4d1a,0,0000,00aa,0,00aa,0000,1,1,0,0,0000,00b3,0000,0000,0000,0000,0,00b3,00aa,0000,0,009,00aa,00aa,1,a7,0112,00d0
101,101,0,df9b01076f4a0000,fc,0,0,00aa,4d1a,0,0000,00aa,0,00aa,0000,1,1,0,0,0000,00b3,0000,0000,0000,0000,0,00b3,00aa,0000,0,009,00aa,00aa,1,a7,0112,00d0
102,102,0,df9b01076f4a0000,fc,0,0,00aa,4d1a,0,0000,00aa,0,00aa,0000,1,1,0,0,0000,00b3,0000,0000,0000,0000,0,00b3,00aa,0000,0,009,00aa,00aa,1,a7,0112,00d0
103,103,0,df9b01076f4a0000,fc,0,0,00aa,4d1a,0,0000,00aa,0,00aa,0000,1,1,0,0,0000,00b3,0000,0000,0000,0000,0,00b3,00aa,0000,0,009,00aa,00aa,1,a7,0112,00d0
104,104,0,df9b01076f4a0000,fc,0,0,00aa,4d1a,0,0000,00aa,0,00aa,0000,1,1,0,0,0000,00b3,0000,0000,0000,0000,0,00b3,00aa,0000,0,009,00aa,00aa,1,a7,0112,00d0
105,105,0,df9b01076f4a0000,fc,0,0,00aa,4d1a,0,0000,00aa,0,00aa,0000,1,1,0,0,0000,00b3,0000,0000,0000,0000,0,00b3,00aa,0000,0,009,00aa,00aa,1,a7,0112,00d0
106,106,0,df9b01076f4a0000,fc,0,0,00aa,4d1a,0,0000,00aa,0,00aa,0000,1,1,0,0,0000,00b3,0000,0000,0000,0000,0,00b3,00aa,0000,0,009,00aa,00aa,1,a7,0112,00d0
107,107,0,df9b01076f4a0000,fc,0,0,00aa,4d1a,0,0000,00aa,0,00aa,0000,1,1,0,0,0000,00b3,0000,0000,0000,0000,0,00b3,00aa,0000,0,009,00aa,00aa,1,a7,0112,00d0
108,108,0,df9b01076f4a0000,fc,0,0,00aa,4d1a,0,0000,00aa,0,00aa,0000,1,1,0,0,0000,00b3,0000,0000,0000,0000,0,00b3,00aa,0000,0,009,00aa,00aa,1,a7,0112,00d0
109,109,0,df9b01076f4a0000,fc,0,0,00aa,4d1a,0,0000,00aa,0,00aa,0000,1,1,0,0,0000,00b3,0000,0000,0000,0000,0,00b3,00aa,0000,0,009,00aa,00aa,1,a7,0112,00d0
110,110,0,df9b01076f4a0000,fc,0,0,00aa,4d1a,0,0000,00aa,0,00aa,0000,1,1,0,0,0000,00b3,0000,0000,0000,0000,0,00b3,00aa,0000,0,009,00aa,00aa,1,a7,0112,00d0
111,111,0,df9b01076f4a0000,fc,0,0,00aa,4d1a,0,0000,00aa,0,00aa,0000,1,1,0,0,0000,00b3,0000,0000,0000,0000,0,00b3,00aa,0000,0,009,00aa,00aa,1,a7,0112,00d0
112,112,0,df9b01076f4a0000,fc,0,0,00aa,4d1a,0,0000,00aa,0,00aa,0000,1,1,0,0,0000,00b3,0000,0000,0000,0000,0,00b3,00aa,0000,0,009,00aa,00aa,1,a7,0112,00d0
113,113,0,df9b01076f4a0000,fc,0,0,00aa,4d1a,0,0000,00aa,0,00aa,0000,1,1,0,0,0000,00b3,0000,0000,0000,0000,0,00b3,00aa,0000,0,009,00aa,00aa,1,a7,0112,00d0
114,114,0,df9b01076f4a0000,fc,0,0,00aa,4d1a,0,0000,00aa,0,00aa,0000,1,1,0,0,0000,00b3,0000,0000,0000,0000,0,00b3,00aa,0000,0,009,00aa,00aa,1,a7,0112,00d0
115,115,0,df9b01076f4a0000,fc,0,0,00aa,4d1a,0,0000,00aa,0,00aa,0000,1,1,0,0,0000,00b3,0000,0000,0000,0000,0,00b3,00aa,0000,0,009,00aa,00aa,1,a7,0112,00d0
116,116,0,df9b01076f4a0000,fc,0,0,00aa,4d1a,0,0000,00aa,0,00aa,0000,1,1,0,0,0000,00b3,0000,0000,0000,0000,0,00b3,00aa,0000,0,009,00aa,00aa,1,a7,0112,00d0
117,117,0,df9b01076f4a0000,fc,0,0,00aa,4d1a,0,0000,00aa,0,00aa,0000,1,1,0,0,0000,00b3,0000,0000,0000,0000,0,00b3,00aa,0000,0,009,00aa,00aa,1,a7,0112,00d0
118,118,0,df9b01076f4a0000,fc,0,0,00aa,4d1a,0,0000,00aa,0,00aa,0000,1,1,0,0,0000,00b3,0000,0000,0000,0000,0,00b3,00aa,0000,0,009,00aa,00aa,1,a7,0112,00d0
119,119,0,df9b01076f4a0000,fc,0,0,00aa,4d1a,0,0000,00aa,0,00aa,0000,1,1,0,0,0000,00b3,0000,0000,0000,0000,0,00b3,00aa,0000,0,009,00aa,00aa,1,a7,0112,00d0
120,120,0,df9b01076f4a0000,fc,0,0,00aa,4d1a,0,0000,00aa,0,00aa,0000,1,1,0,0,0000,00b3,0000,0000,0000,0000,0,00b3,00aa,0000,0,009,00aa,00aa,1,a7,0112,00d0
121,121,0,df9b01076f4a0000,fc,0,0,00aa,4d1a,0,0000,00aa,0,00aa,0000,1,1,0,0,0000,00b3,0000,0000,0000,0000,0,00b3,00aa,0000,0,009,00aa,00aa,1,a7,0112,00d0
122,122,0,df9b01076f4a0000,fc,0,0,00aa,4d1a,0,0000,00aa,0,00aa,0000,1,1,0,0,0000,00b3,0000,0000,0000,0000,0,00b3,00aa,0000,0,009,00aa,00aa,1,a7,0112,00d0
123,123,0,df9b01076f4a0000,fc,0,0,00aa,4d1a,0,0000,00aa,0,00aa,0000,1,1,0,0,0000,00b3,0000,0000,0000,0000,0,00b3,00aa,0000,0,009,00aa,00aa,1,a7,0112,00d0
124,124,0,df9b01076f4a0000,fc,0,0,00aa,4d1a,0,0000,00aa,0,00aa,0000,1,1,0,0,0000,00b3,0000,0000,0000,0000,0,00b3,00aa,0000,0,009,00aa,00aa,1,a7,0112,00d0
125,125,0,df9b01076f4a0000,fc,0,0,00aa,4d1a,0,0000,00aa,0,00aa,0000,1,1,0,0,0000,00b3,0000,0000,0000,0000,0,00b3,00aa,0000,0,009,00aa,00aa,1,a7,0112,00d0
126,126,0,df9b01076f4a0000,fc,0,0,00aa,4d1a,0,0000,00aa,0,00aa,0000,1,1,0,0,0000,00b3,0000,0000,0000,0000,0,00b3,00aa,0000,0,009,00aa,00aa,1,a7,0112,00d0
127,127,0,df9b01076f4a0000,fc,0,0,00aa,4d1a,0,0000,00aa,0,00aa,0000,1,1,0,0,0000,00b3,0000,0000,0000,0000,0,00b3,00aa,0000,0,009,00aa,00aa,1,a7,0112,00d0
128,128,0,df9b01076f4a0000,fc,0,0,00aa,4d1a,0,0000,00aa,0,00aa,0000,1,1,0,0,0000,00b3,0000,0000,0000,0000,0,00b3,00aa,0000,0,009,00aa,00aa,1,a7,0112,00d0
129,129,0,df9b01076f4a0000,fc,0,0,00aa,4d1a,0,0000,00aa,0,00aa,0000,1,1,0,0,0000,00b3,0000,0000,0000,0000,0,00b3,00aa,0000,0,009,00aa,00aa,1,a7,0112,00d0
130,130,0,df9b01076f4a0000,fc,0,0,00aa,4d1a,0,0000,00aa,0,00aa,0000,1,1,0,0,0000,00b3,0000,0000,0000,0000,0,00b3,00aa,0000,0,009,00aa,00aa,1,a7,0112,00d0
131,131,0,df9b01076f4a0000,fc,0,0,00aa,4d1a,0,0000,00aa,0,00aa,0000,1,1,0,0,0000,00b3,0000,0000,0000,0000,0,00b3,00aa,0000,0,009,00aa,00aa,1,a7,0112,00d0
132,132,0,df9b01076f4a0000,fc,0,0,00aa,4d1a,0,0000,00aa,0,00aa,0000,1,1,0,0,0000,00b3,0000,0000,0000,0000,0,00b3,00aa,0000,0,009,00aa,00aa,1,a7,0112,00d0
133,133,0,df9b01076f4a0000,fc,0,0,00aa,4d1a,0,0000,00aa,0,00aa,0000,1,1,0,0,0000,00b3,0000,0000,0000,0000,0,00b3,00aa,0000,0,009,00aa,00aa,1,a7,0112,00d0
134,134,0,df9b01076f4a0000,fc,0,0,00aa,4d1a,0,0000,00aa,0,00aa,0000,1,1,0,0,0000,00b3,0000,0000,0000,0000,0,00b3,00aa,0000,0,009,00aa,00aa,1,a7,0112,00d0
135,135,0,df9b01076f4a0000,fc,0,0,00aa,4d1a,0,0000,00aa,0,00aa,0000,1,1,0,0,0000,00b3,0000,0000,0000,0000,0,00b3,00aa,0000,0,009,00aa,00aa,1,a7,0112,00d0
136,136,0,df9b01076f4a0000,fc,0,0,00aa,4d1a,0,0000,00aa,0,00aa,0000,1,1,0,0,0000,00b3,0000,0000,0000,0000,0,00b3,00aa,0000,0,009,00aa,00aa,1,a7,0112,00d0
137,137,0,df9b01076f4a0000,fc,0,0,00aa,4d1a,0,0000,00aa,0,00aa,0000,1,1,0,0,0000,00b3,0000,0000,0000,0000,0,00b3,00aa,0000,0,009,00aa,00aa,1,a7,0112,00d0
138,138,0,df9b01076f4a0000,fc,0,0,00aa,4d1a,0,0000,00aa,0,00aa,0000,1,1,0,0,0000,00b3,0000,0000,0000,0000,0,00b3,00aa,0000,0,009,00aa,00aa,1,a7,0112,00d0
139,139,0,df9b01076f4a0000,fc,0,0,00aa,4d1a,0,0000,00aa,0,00aa,0000,1,1,0,0,0000,00b3,0000,0000,0000,0000,0,00b3,00aa,0000,0,009,00aa,00aa,1,a7,0112,00d0
140,140,0,df9b01076f4a0000,fc,0,0,00aa,4d1a,0,0000,00aa,0,00aa,0000,1,1,0,0,0000,00b3,0000,0000,0000,0000,0,00b3,00aa,0000,0,009,00aa,00aa,1,a7,0112,00d0
141,141,0,df9b01076f4a0000,fc,0,0,00aa,4d1a,0,0000,00aa,0,00aa,0000,1,1,0,0,0000,00b3,0000,0000,0000,0000,0,00b3,00aa,0000,0,009,00aa,00aa,1,a7,0112,00d0
142,142,0,df9b01076f4a0000,fc,0,0,00aa,4d1a,0,0000,00aa,0,00aa,0000,1,1,0,0,0000,00b3,0000,0000,0000,0000,0,00b3,00aa,0000,0,009,00aa,00aa,1,a7,0112,00d0
143,143,0,df9b01076f4a0000,fc,0,0,00aa,4d1a,0,0000,00aa,0,00aa,0000,1,1,0,0,0000,00b3,0000,0000,0000,0000,0,00b3,00aa,0000,0,009,00aa,00aa,1,a7,0112,00d0
144,144,0,df9b01076f4a0000,fc,0,0,00aa,4d1a,0,0000,00aa,0,00aa,0000,1,1,0,0,0000,00b3,0000,0000,0000,0000,0,00b3,00aa,0000,0,009,00aa,00aa,1,a7,0112,00d0
145,145,0,df9b01076f4a0000,fc,0,0,00aa,4d1a,0,0000,00aa,0,00aa,0000,1,1,0,0,0000,00b3,0000,0000,0000,0000,0,00b3,00aa,0000,0,009,00aa,00aa,1,a7,0112,00d0
146,146,0,df9b01076f4a0000,fc,0,0,00aa,4d1a,0,0000,00aa,0,00aa,0000,1,1,0,0,0000,00b3,0000,0000,0000,0000,0,00b3,00aa,0000,0,009,00aa,00aa,1,a7,0112,00d0
147,147,0,df9b01076f4a0000,fc,0,0,00aa,4d1a,0,0000,00aa,0,00aa,0000,1,1,0,0,0000,00b3,0000,0000,0000,0000,0,00b3,00aa,0000,0,009,00aa,00aa,1,a7,0112,00d0
148,148,0,df9b01076f4a0000,fc,0,0,00aa,4d1a,0,0000,00aa,0,00aa,0000,1,1,0,0,0000,00b3,0000,0000,0000,0000,0,00b3,00aa,0000,0,009,00aa,00aa,1,a7,0112,00d0
149,149,0,df9b01076f4a0000,fc,0,0,00aa,4d1a,0,0000,00aa,0,00aa,0000,1,1,0,0,0000,00b3,0000,0000,0000,0000,0,00b3,00aa,0000,0,009,00aa,00aa,1,a7,0112,00d0
150,150,0,df9b01076f4a0000,fc,0,0,00aa,4d1a,0,0000,00aa,0,00aa,0000,1,1,0,0,0000,00b3,0000,0000,0000,0000,0,00b3,00aa,0000,0,009,00aa,00aa,1,a7,0112,00d0
151,151,0,df9b01076f4a0000,fc,0,0,00aa,4d1a,0,0000,00aa,0,00aa,0000,1,1,0,0,0000,00b3,0000,0000,0000,0000,0,00b3,00aa,0000,0,009,00aa,00aa,1,a7,0112,00d0
152,152,0,df9b01076f4a0000,fc,0,0,00aa,4d1a,0,0000,00aa,0,00aa,0000,1,1,0,0,0000,00b3,0000,0000,0000,0000,0,00b3,00aa,0000,0,009,00aa,00aa,1,a7,0112,00d0
153,153,0,df9b01076f4a0000,fc,0,0,00aa,4d1a,0,0000,00aa,0,00aa,0000,1,1,0,0,0000,00b3,0000,0000,0000,0000,0,00b3,00aa,0000,0,009,00aa,00aa,1,a7,0112,00d0
154,154,0,df9b01076f4a0000,fc,0,0,00aa,4d1a,0,0000,00aa,0,00aa,0000,1,1,0,0,0000,00b3,0000,0000,0000,0000,0,00b3,00aa,0000,0,009,00aa,00aa,1,a7,0112,00d0
155,155,0,df9b01076f4a0000,fc,0,0,00aa,4d1a,0,0000,00aa,0,00aa,0000,1,1,0,0,0000,00b3,0000,0000,0000,0000,0,00b3,00aa,0000,0,009,00aa,00aa,1,a7,0112,00d0
156,156,0,df9b01076f4a0000,fc,0,0,00aa,4d1a,0,0000,00aa,0,00aa,0000,1,1,0,0,0000,00b3,0000,0000,0000,0000,0,00b3,00aa,0000,0,009,00aa,00aa,1,a7,0112,00d0
157,157,0,df9b01076f4a0000,fc,0,0,00aa,4d1a,0,0000,00aa,0,00aa,0000,1,1,0,0,0000,00b3,0000,0000,0000,0000,0,00b3,00aa,0000,0,009,00aa,00aa,1,a7,0112,00d0
158,158,0,df9b01076f4a0000,fc,0,0,00aa,4d1a,0,0000,00aa,0,00aa,0000,1,1,0,0,0000,00b3,0000,0000,0000,0000,0,00b3,00aa,0000,0,009,00aa,00aa,1,a7,0112,00d0
159,159,0,df9b01076f4a0000,fc,0,0,00aa,4d1a,0,0000,00aa,0,00aa,0000,1,1,0,0,0000,00b3,0000,0000,0000,0000,0,00b3,00aa,0000,0,009,00aa,00aa,1,a7,0112,00d0
160,160,0,df9b01076f4a0000,fc,0,0,00aa,4d1a,0,0000,00aa,0,00aa,0000,1,1,0,0,0000,00b3,0000,0000,0000,0000,0,00b3,00aa,0000,0,009,00aa,00aa,1,a7,0112,00d0
161,161,0,df9b01076f4a0000,fc,0,0,00aa,4d1a,0,0000,00aa,0,00aa,0000,1,1,0,0,0000,00b3,0000,0000,0000,0000,0,00b3,00aa,0000,0,009,00aa,00aa,1,a7,0112,00d0
162,162,0,df9b01076f4a0000,fc,0,0,00aa,4d1a,0,0000,00aa,0,00aa,0000,1,1,0,0,0000,00b3,0000,0000,0000,0000,0,00b3,00aa,0000,0,009,00aa,00aa,1,a7,0112,00d0
163,163,0,df9b01076f4a0000,fc,0,0,00aa,4d1a,0,0000,00aa,0,00aa,0000,1,1,0,0,0000,00b3,0000,0000,0000,0000,0,00b3,00aa,0000,0,009,00aa,00aa,1,a7,0112,00d0
164,164,0,df9b01076f4a0000,fc,0,0,00aa,4d1a,0,0000,00aa,0,00aa,0000,1,1,0,0,0000,00b3,0000,0000,0000,0000,0,00b3,00aa,0000,0,009,00aa,00aa,1,a7,0112,00d0
165,165,0,df9b01076f4a0000,fc,0,0,00aa,4d1a,0,0000,00aa,0,00aa,0000,1,1,0,0,0000,00b3,0000,0000,0000,0000,0,00b3,00aa,0000,0,009,00aa,00aa,1,a7,0112,00d0
166,166,0,df9b01076f4a0000,fc,0,0,00aa,4d1a,0,0000,00aa,0,00aa,0000,1,1,0,0,0000,00b3,0000,0000,0000,0000,0,00b3,00aa,0000,0,009,00aa,00aa,1,a7,0112,00d0
167,167,0,df9b01076f4a0000,fc,0,0,00aa,4d1a,0,0000,00aa,0,00aa,0000,1,1,0,0,0000,00b3,0000,0000,0000,0000,0,00b3,00aa,0000,0,009,00aa,00aa,1,a7,0112,00d0
168,168,0,df9b01076f4a0000,fc,0,0,00aa,4d1a,0,0000,00aa,0,00aa,0000,1,1,0,0,0000,00b3,0000,0000,0000,0000,0,00b3,00aa,0000,0,009,00aa,00aa,1,a7,0112,00d0
169,169,0,df9b01076f4a0000,fc,0,0,00aa,4d1a,0,0000,00aa,0,00aa,0000,1,1,0,0,0000,00b3,0000,0000,0000,0000,0,00b3,00aa,0000,0,009,00aa,00aa,1,a7,0112,00d0
170,170,0,df9b01076f4a0000,fc,0,0,00aa,4d1a,0,0000,00aa,0,00aa,0000,1,1,0,0,0000,00b3,0000,0000,0000,0000,0,00b3,00aa,0000,0,009,00aa,00aa,1,a7,0112,00d0
171,171,0,df9b01076f4a0000,fc,0,0,00aa,4d1a,0,0000,00aa,0,00aa,0000,1,1,0,0,0000,00b3,0000,0000,0000,0000,0,00b3,00aa,0000,0,009,00aa,00aa,1,a7,0112,00d0
172,172,0,df9b01076f4a0000,fc,0,0,00aa,4d1a,0,0000,00aa,0,00aa,0000,1,1,0,0,0000,00b3,0000,0000,0000,0000,0,00b3,00aa,0000,0,009,00aa,00aa,1,a7,0112,00d0
173,173,0,df9b01076f4a0000,fc,0,0,00aa,4d1a,0,0000,00aa,0,00aa,0000,1,1,0,0,0000,00b3,0000,0000,0000,0000,0,00b3,00aa,0000,0,009,00aa,00aa,1,a7,0112,00d0
174,174,0,df9b01076f4a0000,fc,0,0,00aa,4d1a,0,0000,00aa,0,00aa,0000,1,1,0,0,0000,00b3,0000,0000,0000,0000,0,00b3,00aa,0000,0,009,00aa,00aa,1,a7,0112,00d0
175,175,0,df9b01076f4a0000,fc,0,0,00aa,4d1a,0,0000,00aa,0,00aa,0000,1,1,0,0,0000,00b3,0000,0000,0000,0000,0,00b3,00aa,0000,0,009,00aa,00aa,1,a7,0112,00d0
176,176,0,df9b01076f4a0000,fc,0,0,00aa,4d1a,0,0000,00aa,0,00aa,0000,1,1,0,0,0000,00b3,0000,0000,0000,0000,0,00b3,00aa,0000,0,009,00aa,00aa,1,a7,0112,00d0
177,177,0,df9b01076f4a0000,fc,0,0,00aa,4d1a,0,0000,00aa,0,00aa,0000,1,1,0,0,0000,00b3,0000,0000,0000,0000,0,00b3,00aa,0000,0,009,00aa,00aa,1,a7,0112,00d0
178,178,0,df9b01076f4a0000,fc,0,0,00aa,4d1a,0,0000,00aa,0,00aa,0000,1,1,0,0,0000,00b3,0000,0000,0000,0000,0,00b3,00aa,0000,0,009,00aa,00aa,1,a7,0112,00d0
179,179,0,df9b01076f4a0000,fc,0,0,00aa,4d1a,0,0000,00aa,0,00aa,0000,1,1,0,0,0000,00b3,0000,0000,0000,0000,0,00b3,00aa,0000,0,009,00aa,00aa,1,a7,0112,00d0
180,180,0,df9b01076f4a0000,fc,0,0,00aa,4d1a,0,0000,00aa,0,00aa,0000,1,1,0,0,0000,00b3,0000,0000,0000,0000,0,00b3,00aa,0000,0,009,00aa,00aa,1,a7,0112,00d0
181,181,0,df9b01076f4a0000,fc,0,0,00aa,4d1a,0,0000,00aa,0,00aa,0000,1,1,0,0,0000,00b3,0000,0000,0000,0000,0,00b3,00aa,0000,0,009,00aa,00aa,1,a7,0112,00d0
182,182,0,df9b01076f4a0000,fc,0,0,00aa,4d1a,0,0000,00aa,0,00aa,0000,1,1,0,0,0000,00b3,0000,0000,0000,0000,0,00b3,00aa,0000,0,009,00aa,00aa,1,a7,0112,00d0
183,183,0,df9b01076f4a0000,fc,0,0,00aa,4d1a,0,0000,00aa,0,00aa,0000,1,1,0,0,0000,00b3,0000,0000,0000,0000,0,00b3,00aa,0000,0,009,00aa,00aa,1,a7,0112,00d0
184,184,0,df9b01076f4a0000,fc,0,0,00aa,4d1a,0,0000,00aa,0,00aa,0000,1,1,0,0,0000,00b3,0000,0000,0000,0000,0,00b3,00aa,0000,0,009,00aa,00aa,1,a7,0112,00d0
185,185,0,df9b01076f4a0000,fc,0,0,00aa,4d1a,0,0000,00aa,0,00aa,0000,1,1,0,0,0000,00b3,0000,0000,0000,0000,0,00b3,00aa,0000,0,009,00aa,00aa,1,a7,0112,00d0
186,186,0,df9b01076f4a0000,fc,0,0,00aa,4d1a,0,0000,00aa,0,00aa,0000,1,1,0,0,0000,00b3,0000,0000,0000,0000,0,00b3,00aa,0000,0,009,00aa,00aa,1,a7,0112,00d0
187,187,0,df9b01076f4a0000,fc,0,0,00aa,4d1a,0,0000,00aa,0,00aa,0000,1,1,0,0,0000,00b3,0000,0000,0000,0000,0,00b3,00aa,0000,0,009,00aa,00aa,1,a7,0112,00d0
188,188,0,df9b01076f4a0000,fc,0,0,00aa,4d1a,0,0000,00aa,0,00aa,0000,1,1,0,0,0000,00b3,0000,0000,0000,0000,0,00b3,00aa,0000,0,009,00aa,00aa,1,a7,0112,00d0
189,189,0,df9b01076f4a0000,fc,0,0,00aa,4d1a,0,0000,00aa,0,00aa,0000,1,1,0,0,0000,00b3,0000,0000,0000,0000,0,00b3,00aa,0000,0,009,00aa,00aa,1,a7,0112,00d0
190,190,0,df9b01076f4a0000,fc,0,0,00aa,4d1a,0,0000,00aa,0,00aa,0000,1,1,0,0,0000,00b3,0000,0000,0000,0000,0,00b3,00aa,0000,0,009,00aa,00aa,1,a7,0112,00d0
191,191,0,df9b01076f4a0000,fc,0,0,00aa,4d1a,0,0000,00aa,0,00aa,0000,1,1,0,0,0000,00b3,0000,0000,0000,0000,0,00b3,00aa,0000,0,009,00aa,00aa,1,a7,0112,00d0
192,192,0,df9b01076f4a0000,fc,0,0,00aa,4d1a,0,0000,00aa,0,00aa,0000,1,1,0,0,0000,00b3,0000,0000,0000,0000,0,00b3,00aa,0000,0,009,00aa,00aa,1,a7,0112,00d0
193,193,0,df9b01076f4a0000,fc,0,0,00aa,4d1a,0,0000,00aa,0,00aa,0000,1,1,0,0,0000,00b3,0000,0000,0000,0000,0,00b3,00aa,0000,0,009,00aa,00aa,1,a7,0112,00d0
194,194,0,df9b01076f4a0000,fc,0,0,00aa,4d1a,0,0000,00aa,0,00aa,0000,1,1,0,0,0000,00b3,0000,0000,0000,0000,0,00b3,00aa,0000,0,009,00aa,00aa,1,a7,0112,00d0
195,195,0,df9b01076f4a0000,fc,0,0,00aa,4d1a,0,0000,00aa,0,00aa,0000,1,1,0,0,0000,00b3,0000,0000,0000,0000,0,00b3,00aa,0000,0,009,00aa,00aa,1,a7,0112,00d0
196,196,0,df9b01076f4a0000,fc,0,0,00aa,4d1a,0,0000,00aa,0,00aa,0000,1,1,0,0,0000,00b3,0000,0000,0000,0000,0,00b3,00aa,0000,0,009,00aa,00aa,1,a7,0112,00d0
197,197,0,df9b01076f4a0000,fc,0,0,00aa,4d1a,0,0000,00aa,0,00aa,0000,1,1,0,0,0000,00b3,0000,0000,0000,0000,0,00b3,00aa,0000,0,009,00aa,00aa,1,a7,0112,00d0
198,198,0,df9b01076f4a0000,fc,0,0,00aa,4d1a,0,0000,00aa,0,00aa,0000,1,1,0,0,0000,00b3,0000,0000,0000,0000,0,00b3,00aa,0000,0,009,00aa,00aa,1,a7,0112,00d0
199,199,0,df9b01076f4a0000,fc,0,0,00aa,4d1a,0,0000,00aa,0,00aa,0000,1,1,0,0,0000,00b3,0000,0000,0000,0000,0,00b3,00aa,0000,0,009,00aa,00aa,1,a7,0112,00d0
200,200,0,df9b01076f4a0000,fc,0,0,00aa,4d1a,0,0000,00aa,0,00aa,0000,1,1,0,0,0000,00b3,0000,0000,0000,0000,0,00b3,00aa,0000,0,009,00aa,00aa,1,a7,0112,00d0
201,201,0,df9b01076f4a0000,fc,0,0,00aa,4d1a,0,0000,00aa,0,00aa,0000,1,1,0,0,0000,00b3,0000,0000,0000,0000,0,00b3,00aa,0000,0,009,00aa,00aa,1,a7,0112,00d0
202,202,0,df9b01076f4a0000,fc,0,0,00aa,4d1a,0,0000,00aa,0,00aa,0000,1,1,0,0,0000,00b3,0000,0000,0000,0000,0,00b3,00aa,0000,0,009,00aa,00aa,1,a7,0112,00d0
203,203,0,df9b01076f4a0000,fc,0,0,00aa,4d1a,0,0000,00aa,0,00aa,0000,1,1,0,0,0000,00b3,0000,0000,0000,0000,0,00b3,00aa,0000,0,009,00aa,00aa,1,a7,0112,00d0
204,204,0,df9b01076f4a0000,fc,0,0,00aa,4d1a,0,0000,00aa,0,00aa,0000,1,1,0,0,0000,00b3,0000,0000,0000,0000,0,00b3,00aa,0000,0,009,00aa,00aa,1,a7,0112,00d0
205,205,0,df9b01076f4a0000,fc,0,0,00aa,4d1a,0,0000,00aa,0,00aa,0000,1,1,0,0,0000,00b3,0000,0000,0000,0000,0,00b3,00aa,0000,0,009,00aa,00aa,1,a7,0112,00d0
206,206,0,df9b01076f4a0000,fc,0,0,00aa,4d1a,0,0000,00aa,0,00aa,0000,1,1,0,0,0000,00b3,0000,0000,0000,0000,0,00b3,00aa,0000,0,009,00aa,00aa,1,a7,0112,00d0
207,207,0,df9b01076f4a0000,fc,0,0,00aa,4d1a,0,0000,00aa,0,00aa,0000,1,1,0,0,0000,00b3,0000,0000,0000,0000,0,00b3,00aa,0000,0,009,00aa,00aa,1,a7,0112,00d0
208,208,0,df9b01076f4a0000,fc,0,0,00aa,4d1a,0,0000,00aa,0,00aa,0000,1,1,0,0,0000,00b3,0000,0000,0000,0000,0,00b3,00aa,0000,0,009,00aa,00aa,1,a7,0112,00d0
209,209,0,df9b01076f4a0000,fc,0,0,00aa,4d1a,0,0000,00aa,0,00aa,0000,1,1,0,0,0000,00b3,0000,0000,0000,0000,0,00b3,00aa,0000,0,009,00aa,00aa,1,a7,0112,00d0
210,210,0,df9b01076f4a0000,fc,0,0,00aa,4d1a,0,0000,00aa,0,00aa,0000,1,1,0,0,0000,00b3,0000,0000,0000,0000,0,00b3,00aa,0000,0,009,00aa,00aa,1,a7,0112,00d0
211,211,0,df9b01076f4a0000,fc,0,0,00aa,4d1a,0,0000,00aa,0,00aa,0000,1,1,0,0,0000,00b3,0000,0000,0000,0000,0,00b3,00aa,0000,0,009,00aa,00aa,1,a7,0112,00d0
212,212,0,df9b01076f4a0000,fc,0,0,00aa,4d1a,0,0000,00aa,0,00aa,0000,1,1,0,0,0000,00b3,0000,0000,0000,0000,0,00b3,00aa,0000,0,009,00aa,00aa,1,a7,0112,00d0
213,213,0,df9b01076f4a0000,fc,0,0,00aa,4d1a,0,0000,00aa,0,00aa,0000,1,1,0,0,0000,00b3,0000,0000,0000,0000,0,00b3,00aa,0000,0,009,00aa,00aa,1,a7,0112,00d0
214,214,0,df9b01076f4a0000,fc,0,0,00aa,4d1a,0,0000,00aa,0,00aa,0000,1,1,0,0,0000,00b3,0000,0000,0000,0000,0,00b3,00aa,0000,0,009,00aa,00aa,1,a7,0112,00d0
215,215,0,df9b01076f4a0000,fc,0,0,00aa,4d1a,0,0000,00aa,0,00aa,0000,1,1,0,0,0000,00b3,0000,0000,0000,0000,0,00b3,00aa,0000,0,009,00aa,00aa,1,a7,0112,00d0
216,216,0,df9b01076f4a0000,fc,0,0,00aa,4d1a,0,0000,00aa,0,00aa,0000,1,1,0,0,0000,00b3,0000,0000,0000,0000,0,00b3,00aa,0000,0,009,00aa,00aa,1,a7,0112,00d0
217,217,0,df9b01076f4a0000,fc,0,0,00aa,4d1a,0,0000,00aa,0,00aa,0000,1,1,0,0,0000,00b3,0000,0000,0000,0000,0,00b3,00aa,0000,0,009,00aa,00aa,1,a7,0112,00d0
218,218,0,df9b01076f4a0000,fc,0,0,00aa,4d1a,0,0000,00aa,0,00aa,0000,1,1,0,0,0000,00b3,0000,0000,0000,0000,0,00b3,00aa,0000,0,009,00aa,00aa,1,a7,0112,00d0
219,219,0,df9b01076f4a0000,fc,0,0,00aa,4d1a,0,0000,00aa,0,00aa,0000,1,1,0,0,0000,00b3,0000,0000,0000,0000,0,00b3,00aa,0000,0,009,00aa,00aa,1,a7,0112,00d0
220,220,0,df9b01076f4a0000,fc,0,0,00aa,4d1a,0,0000,00aa,0,00aa,0000,1,1,0,0,0000,00b3,0000,0000,0000,0000,0,00b3,00aa,0000,0,009,00aa,00aa,1,a7,0112,00d0
221,221,0,df9b01076f4a0000,fc,0,0,00aa,4d1a,0,0000,00aa,0,00aa,0000,1,1,0,0,0000,00b3,0000,0000,0000,0000,0,00b3,00aa,0000,0,009,00aa,00aa,1,a7,0112,00d0
222,222,0,df9b01076f4a0000,fc,0,0,00aa,4d1a,0,0000,00aa,0,00aa,0000,1,1,0,0,0000,00b3,0000,0000,0000,0000,0,00b3,00aa,0000,0,009,00aa,00aa,1,a7,0112,00d0
223,223,0,df9b01076f4a0000,fc,0,0,00aa,4d1a,0,0000,00aa,0,00aa,0000,1,1,0,0,0000,00b3,0000,0000,0000,0000,0,00b3,00aa,0000,0,009,00aa,00aa,1,a7,0112,00d0
224,224,0,df9b01076f4a0000,fc,0,0,00aa,4d1a,0,0000,00aa,0,00aa,0000,1,1,0,0,0000,00b3,0000,0000,0000,0000,0,00b3,00aa,0000,0,009,00aa,00aa,1,a7,0112,00d0
225,225,0,df9b01076f4a0000,fc,0,0,00aa,4d1a,0,0000,00aa,0,00aa,0000,1,1,0,0,0000,00b3,0000,0000,0000,0000,0,00b3,00aa,0000,0,009,00aa,00aa,1,a7,0112,00d0
226,226,0,df9b01076f4a0000,fc,0,0,00aa,4d1a,0,0000,00aa,0,00aa,0000,1,1,0,0,0000,00b3,0000,0000,0000,0000,0,00b3,00aa,0000,0,009,00aa,00aa,1,a7,0112,00d0
227,227,0,df9b01076f4a0000,fc,0,0,00aa,4d1a,0,0000,00aa,0,00aa,0000,1,1,0,0,0000,00b3,0000,0000,0000,0000,0,00b3,00aa,0000,0,009,00aa,00aa,1,a7,0112,00d0
228,228,0,df9b01076f4a0000,fc,0,0,00aa,4d1a,0,0000,00aa,0,00aa,0000,1,1,0,0,0000,00b3,0000,0000,0000,0000,0,00b3,00aa,0000,0,009,00aa,00aa,1,a7,0112,00d0
229,229,0,df9b01076f4a0000,fc,0,0,00aa,4d1a,0,0000,00aa,0,00aa,0000,1,1,0,0,0000,00b3,0000,0000,0000,0000,0,00b3,00aa,0000,0,009,00aa,00aa,1,a7,0112,00d0
230,230,0,df9b01076f4a0000,fc,0,0,00aa,4d1a,0,0000,00aa,0,00aa,0000,1,1,0,0,0000,00b3,0000,0000,0000,0000,0,00b3,00aa,0000,0,009,00aa,00aa,1,a7,0112,00d0
231,231,0,df9b01076f4a0000,fc,0,0,00aa,4d1a,0,0000,00aa,0,00aa,0000,1,1,0,0,0000,00b3,0000,0000,0000,0000,0,00b3,00aa,0000,0,009,00aa,00aa,1,a7,0112,00d0
232,232,0,df9b01076f4a0000,fc,0,0,00aa,4d1a,0,0000,00aa,0,00aa,0000,1,1,0,0,0000,00b3,0000,0000,0000,0000,0,00b3,00aa,0000,0,009,00aa,00aa,1,a7,0112,00d0
233,233,0,df9b01076f4a0000,fc,0,0,00aa,4d1a,0,0000,00aa,0,00aa,0000,1,1,0,0,0000,00b3,0000,0000,0000,0000,0,00b3,00aa,0000,0,009,00aa,00aa,1,a7,0112,00d0
234,234,0,df9b01076f4a0000,fc,0,0,00aa,4d1a,0,0000,00aa,0,00aa,0000,1,1,0,0,0000,00b3,0000,0000,0000,0000,0,00b3,00aa,0000,0,009,00aa,00aa,1,a7,0112,00d0
235,235,0,df9b01076f4a0000,fc,0,0,00aa,4d1a,0,0000,00aa,0,00aa,0000,1,1,0,0,0000,00b3,0000,0000,0000,0000,0,00b3,00aa,0000,0,009,00aa,00aa,1,a7,0112,00d0
236,236,0,df9b01076f4a0000,fc,0,0,00aa,4d1a,0,0000,00aa,0,00aa,0000,1,1,0,0,0000,00b3,0000,0000,0000,0000,0,00b3,00aa,0000,0,009,00aa,00aa,1,a7,0112,00d0
237,237,0,df9b01076f4a0000,fc,0,0,00aa,4d1a,0,0000,00aa,0,00aa,0000,1,1,0,0,0000,00b3,0000,0000,0000,0000,0,00b3,00aa,0000,0,009,00aa,00aa,1,a7,0112,00d0
238,238,0,df9b01076f4a0000,fc,0,0,00aa,4d1a,0,0000,00aa,0,00aa,0000,1,1,0,0,0000,00b3,0000,0000,0000,0000,0,00b3,00aa,0000,0,009,00aa,00aa,1,a7,0112,00d0
239,239,0,df9b01076f4a0000,fc,0,0,00aa,4d1a,0,0000,00aa,0,00aa,0000,1,1,0,0,0000,00b3,0000,0000,0000,0000,0,00b3,00aa,0000,0,009,00aa,00aa,1,a7,0112,00d0
240,240,0,df9b01076f4a0000,fc,0,0,00aa,4d1a,0,0000,00aa,0,00aa,0000,1,1,0,0,0000,00b3,0000,0000,0000,0000,0,00b3,00aa,0000,0,009,00aa,00aa,1,a7,0112,00d0
241,241,0,df9b01076f4a0000,fc,0,0,00aa,4d1a,0,0000,00aa,0,00aa,0000,1,1,0,0,0000,00b3,0000,0000,0000,0000,0,00b3,00aa,0000,0,009,00aa,00aa,1,a7,0112,00d0
242,242,0,df9b01076f4a0000,fc,0,0,00aa,4d1a,0,0000,00aa,0,00aa,0000,1,1,0,0,0000,00b3,0000,0000,0000,0000,0,00b3,00aa,0000,0,009,00aa,00aa,1,a7,0112,00d0
243,243,0,df9b01076f4a0000,fc,0,0,00aa,4d1a,0,0000,00aa,0,00aa,0000,1,1,0,0,0000,00b3,0000,0000,0000,0000,0,00b3,00aa,0000,0,009,00aa,00aa,1,a7,0112,00d0
244,244,0,df9b01076f4a0000,fc,0,0,00aa,4d1a,0,0000,00aa,0,00aa,0000,1,1,0,0,0000,00b3,0000,0000,0000,0000,0,00b3,00aa,0000,0,009,00aa,00aa,1,a7,0112,00d0
245,245,0,df9b01076f4a0000,fc,0,0,00aa,4d1a,0,0000,00aa,0,00aa,0000,1,1,0,0,0000,00b3,0000,0000,0000,0000,0,00b3,00aa,0000,0,009,00aa,00aa,1,a7,0112,00d0
246,246,0,df9b01076f4a0000,fc,0,0,00aa,4d1a,0,0000,00aa,0,00aa,0000,1,1,0,0,0000,00b3,0000,0000,0000,0000,0,00b3,00aa,0000,0,009,00aa,00aa,1,a7,0112,00d0
247,247,0,df9b01076f4a0000,fc,0,0,00aa,4d1a,0,0000,00aa,0,00aa,0000,1,1,0,0,0000,00b3,0000,0000,0000,0000,0,00b3,00aa,0000,0,009,00aa,00aa,1,a7,0112,00d0
248,248,0,df9b01076f4a0000,fc,0,0,00aa,4d1a,0,0000,00aa,0,00aa,0000,1,1,0,0,0000,00b3,0000,0000,0000,0000,0,00b3,00aa,0000,0,009,00aa,00aa,1,a7,0112,00d0
249,249,0,df9b01076f4a0000,fc,0,0,00aa,4d1a,0,0000,00aa,0,00aa,0000,1,1,0,0,0000,00b3,0000,0000,0000,0000,0,00b3,00aa,0000,0,009,00aa,00aa,1,a7,0112,00d0
250,250,0,df9b01076f4a0000,fc,0,0,00aa,4d1a,0,0000,00aa,0,00aa,0000,1,1,0,0,0000,00b3,0000,0000,0000,0000,0,00b3,00aa,0000,0,009,00aa,00aa,1,a7,0112,00d0
251,251,0,df9b01076f4a0000,fc,0,0,00aa,4d1a,0,0000,00aa,0,00aa,0000,1,1,0,0,0000,00b3,0000,0000,0000,0000,0,00b3,00aa,0000,0,009,00aa,00aa,1,a7,0112,00d0
252,252,0,df9b01076f4a0000,fc,0,0,00aa,4d1a,0,0000,00aa,0,00aa,0000,1,1,0,0,0000,00b3,0000,0000,0000,0000,0,00b3,00aa,0000,0,009,00aa,00aa,1,a7,0112,00d0
253,253,0,df9b01076f4a0000,fc,0,0,00aa,4d1a,0,0000,00aa,0,00aa,0000,1,1,0,0,0000,00b3,0000,0000,0000,0000,0,00b3,00aa,0000,0,009,00aa,00aa,1,a7,0112,00d0
254,254,0,df9b01076f4a0000,fc,0,0,00aa,4d1a,0,0000,00aa,0,00aa,0000,1,1,0,0,0000,00b3,0000,0000,0000,0000,0,00b3,00aa,0000,0,009,00aa,00aa,1,a7,0112,00d0
255,255,0,df9b01076f4a0000,fc,0,0,00aa,4d1a,0,0000,00aa,0,00aa,0000,1,1,0,0,0000,00b3,0000,0000,0000,0000,0,00b3,00aa,0000,0,009,00aa,00aa,1,a7,0112,00d0
256,256,0,df9b01076f4a0000,fc,0,0,00aa,4d1a,0,0000,00aa,0,00aa,0000,1,1,0,0,0000,00b3,0000,0000,0000,0000,0,00b3,00aa,0000,0,009,00aa,00aa,1,a7,0112,00d0
257,257,0,df9b01076f4a0000,fc,0,0,00aa,4d1a,0,0000,00aa,0,00aa,0000,1,1,0,0,0000,00b3,0000,0000,0000,0000,0,00b3,00aa,0000,0,009,00aa,00aa,1,a7,0112,00d0
258,258,0,df9b01076f4a0000,fc,0,0,00aa,4d1a,0,0000,00aa,0,00aa,0000,1,1,0,0,0000,00b3,0000,0000,0000,0000,0,00b3,00aa,0000,0,009,00aa,00aa,1,a7,0112,00d0
259,259,0,df9b01076f4a0000,fc,0,0,00aa,4d1a,0,0000,00aa,0,00aa,0000,1,1,0,0,0000,00b3,0000,0000,0000,0000,0,00b3,00aa,0000,0,009,00aa,00aa,1,a7,0112,00d0
260,260,0,df9b01076f4a0000,fc,0,0,00aa,4d1a,0,0000,00aa,0,00aa,0000,1,1,0,0,0000,00b3,0000,0000,0000,0000,0,00b3,00aa,0000,0,009,00aa,00aa,1,a7,0112,00d0
261,261,0,df9b01076f4a0000,fc,0,0,00aa,4d1a,0,0000,00aa,0,00aa,0000,1,1,0,0,0000,00b3,0000,0000,0000,0000,0,00b3,00aa,0000,0,009,00aa,00aa,1,a7,0112,00d0
262,262,0,df9b01076f4a0000,fc,0,0,00aa,4d1a,0,0000,00aa,0,00aa,0000,1,1,0,0,0000,00b3,0000,0000,0000,0000,0,00b3,00aa,0000,0,009,00aa,00aa,1,a7,0112,00d0
263,263,0,df9b01076f4a0000,fc,0,0,00aa,4d1a,0,0000,00aa,0,00aa,0000,1,1,0,0,0000,00b3,0000,0000,0000,0000,0,00b3,00aa,0000,0,009,00aa,00aa,1,a7,0112,00d0
264,264,0,df9b01076f4a0000,fc,0,0,00aa,4d1a,0,0000,00aa,0,00aa,0000,1,1,0,0,0000,00b3,0000,0000,0000,0000,0,00b3,00aa,0000,0,009,00aa,00aa,1,a7,0112,00d0
265,265,0,df9b01076f4a0000,fc,0,0,00aa,4d1a,0,0000,00aa,0,00aa,0000,1,1,0,0,0000,00b3,0000,0000,0000,0000,0,00b3,00aa,0000,0,009,00aa,00aa,1,a7,0112,00d0
266,266,0,df9b01076f4a0000,fc,0,0,00aa,4d1a,0,0000,00aa,0,00aa,0000,1,1,0,0,0000,00b3,0000,0000,0000,0000,0,00b3,00aa,0000,0,009,00aa,00aa,1,a7,0112,00d0
267,267,0,df9b01076f4a0000,fc,0,0,00aa,4d1a,0,0000,00aa,0,00aa,0000,1,1,0,0,0000,00b3,0000,0000,0000,0000,0,00b3,00aa,0000,0,009,00aa,00aa,1,a7,0112,00d0
268,268,0,df9b01076f4a0000,fc,0,0,00aa,4d1a,0,0000,00aa,0,00aa,0000,1,1,0,0,0000,00b3,0000,0000,0000,0000,0,00b3,00aa,0000,0,009,00aa,00aa,1,a7,0112,00d0
269,269,0,df9b01076f4a0000,fc,0,0,00aa,4d1a,0,0000,00aa,0,00aa,0000,1,1,0,0,0000,00b3,0000,0000,0000,0000,0,00b3,00aa,0000,0,009,00aa,00aa,1,a7,0112,00d0
270,270,0,df9b01076f4a0000,fc,0,0,00aa,4d1a,0,0000,00aa,0,00aa,0000,1,1,0,0,0000,00b3,0000,0000,0000,0000,0,00b3,00aa,0000,0,009,00aa,00aa,1,a7,0112,00d0
271,271,0,df9b01076f4a0000,fc,0,0,00aa,4d1a,0,0000,00aa,0,00aa,0000,1,1,0,0,0000,00b3,0000,0000,0000,0000,0,00b3,00aa,0000,0,009,00aa,00aa,1,a7,0112,00d0
272,272,0,df9b01076f4a0000,fc,0,0,00aa,4d1a,0,0000,00aa,0,00aa,0000,1,1,0,0,0000,00b3,0000,0000,0000,0000,0,00b3,00aa,0000,0,009,00aa,00aa,1,a7,0112,00d0
273,273,0,df9b01076f4a0000,fc,0,0,00aa,4d1a,0,0000,00aa,0,00aa,0000,1,1,0,0,0000,00b3,0000,0000,0000,0000,0,00b3,00aa,0000,0,009,00aa,00aa,1,a7,0112,00d0
274,274,0,df9b01076f4a0000,fc,0,0,00aa,4d1a,0,0000,00aa,0,00aa,0000,1,1,0,0,0000,00b3,0000,0000,0000,0000,0,00b3,00aa,0000,0,009,00aa,00aa,1,a7,0112,00d0
275,275,0,df9b01076f4a0000,fc,0,0,00aa,4d1a,0,0000,00aa,0,00aa,0000,1,1,0,0,0000,00b3,0000,0000,0000,0000,0,00b3,00aa,0000,0,009,00aa,00aa,1,a7,0112,00d0
276,276,0,df9b01076f4a0000,fc,0,0,00aa,4d1a,0,0000,00aa,0,00aa,0000,1,1,0,0,0000,00b3,0000,0000,0000,0000,0,00b3,00aa,0000,0,009,00aa,00aa,1,a7,0112,00d0
277,277,0,df9b01076f4a0000,fc,0,0,00aa,4d1a,0,0000,00aa,0,00aa,0000,1,1,0,0,0000,00b3,0000,0000,0000,0000,0,00b3,00aa,0000,0,009,00aa,00aa,1,a7,0112,00d0
278,278,0,df9b01076f4a0000,fc,0,0,00aa,4d1a,0,0000,00aa,0,00aa,0000,1,1,0,0,0000,00b3,0000,0000,0000,0000,0,00b3,00aa,0000,0,009,00aa,00aa,1,a7,0112,00d0
279,279,0,df9b01076f4a0000,fc,0,0,00aa,4d1a,0,0000,00aa,0,00aa,0000,1,1,0,0,0000,00b3,0000,0000,0000,0000,0,00b3,00aa,0000,0,009,00aa,00aa,1,a7,0112,00d0
280,280,0,df9b01076f4a0000,fc,0,0,00aa,4d1a,0,0000,00aa,0,00aa,0000,1,1,0,0,0000,00b3,0000,0000,0000,0000,0,00b3,00aa,0000,0,009,00aa,00aa,1,a7,0112,00d0
281,281,0,df9b01076f4a0000,fc,0,0,00aa,4d1a,0,0000,00aa,0,00aa,0000,1,1,0,0,0000,00b3,0000,0000,0000,0000,0,00b3,00aa,0000,0,009,00aa,00aa,1,a7,0112,00d0
282,282,0,df9b01076f4a0000,fc,0,0,00aa,4d1a,0,0000,00aa,0,00aa,0000,1,1,0,0,0000,00b3,0000,0000,0000,0000,0,00b3,00aa,0000,0,009,00aa,00aa,1,a7,0112,00d0
283,283,0,df9b01076f4a0000,fc,0,0,00aa,4d1a,0,0000,00aa,0,00aa,0000,1,1,0,0,0000,00b3,0000,0000,0000,0000,0,00b3,00aa,0000,0,009,00aa,00aa,1,a7,0112,00d0
284,284,0,df9b01076f4a0000,fc,0,0,00aa,4d1a,0,0000,00aa,0,00aa,0000,1,1,0,0,0000,00b3,0000,0000,0000,0000,0,00b3,00aa,0000,0,009,00aa,00aa,1,a7,0112,00d0
285,285,0,df9b01076f4a0000,fc,0,0,00aa,4d1a,0,0000,00aa,0,00aa,0000,1,1,0,0,0000,00b3,0000,0000,0000,0000,0,00b3,00aa,0000,0,009,00aa,00aa,1,a7,0112,00d0
286,286,0,df9b01076f4a0000,fc,0,0,00aa,4d1a,0,0000,00aa,0,00aa,0000,1,1,0,0,0000,00b3,0000,0000,0000,0000,0,00b3,00aa,0000,0,009,00aa,00aa,1,a7,0112,00d0
287,287,0,df9b01076f4a0000,fc,0,0,00aa,4d1a,0,0000,00aa,0,00aa,0000,1,1,0,0,0000,00b3,0000,0000,0000,0000,0,00b3,00aa,0000,0,009,00aa,00aa,1,a7,0112,00d0
288,288,0,df9b01076f4a0000,fc,0,0,00aa,4d1a,0,0000,00aa,0,00aa,0000,1,1,0,0,0000,00b3,0000,0000,0000,0000,0,00b3,00aa,0000,0,009,00aa,00aa,1,a7,0112,00d0
289,289,0,df9b01076f4a0000,fc,0,0,00aa,4d1a,0,0000,00aa,0,00aa,0000,1,1,0,0,0000,00b3,0000,0000,0000,0000,0,00b3,00aa,0000,0,009,00aa,00aa,1,a7,0112,00d0
290,290,0,df9b01076f4a0000,fc,0,0,00aa,4d1a,0,0000,00aa,0,00aa,0000,1,1,0,0,0000,00b3,0000,0000,0000,0000,0,00b3,00aa,0000,0,009,00aa,00aa,1,a7,0112,00d0
291,291,0,df9b01076f4a0000,fc,0,0,00aa,4d1a,0,0000,00aa,0,00aa,0000,1,1,0,0,0000,00b3,0000,0000,0000,0000,0,00b3,00aa,0000,0,009,00aa,00aa,1,a7,0112,00d0
292,292,0,df9b01076f4a0000,fc,0,0,00aa,4d1a,0,0000,00aa,0,00aa,0000,1,1,0,0,0000,00b3,0000,0000,0000,0000,0,00b3,00aa,0000,0,009,00aa,00aa,1,a7,0112,00d0
293,293,0,df9b01076f4a0000,fc,0,0,00aa,4d1a,0,0000,00aa,0,00aa,0000,1,1,0,0,0000,00b3,0000,0000,0000,0000,0,00b3,00aa,0000,0,009,00aa,00aa,1,a7,0112,00d0
294,294,0,df9b01076f4a0000,fc,0,0,00aa,4d1a,0,0000,00aa,0,00aa,0000,1,1,0,0,0000,00b3,0000,0000,0000,0000,0,00b3,00aa,0000,0,009,00aa,00aa,1,a7,0112,00d0
295,295,0,df9b01076f4a0000,fc,0,0,00aa,4d1a,0,0000,00aa,0,00aa,0000,1,1,0,0,0000,00b3,0000,0000,0000,0000,0,00b3,00aa,0000,0,009,00aa,00aa,1,a7,0112,00d0
296,296,0,df9b01076f4a0000,fc,0,0,00aa,4d1a,0,0000,00aa,0,00aa,0000,1,1,0,0,0000,00b3,0000,0000,0000,0000,0,00b3,00aa,0000,0,009,00aa,00aa,1,a7,0112,00d0
297,297,0,df9b01076f4a0000,fc,0,0,00aa,4d1a,0,0000,00aa,0,00aa,0000,1,1,0,0,0000,00b3,0000,0000,0000,0000,0,00b3,00aa,0000,0,009,00aa,00aa,1,a7,0112,00d0
298,298,0,df9b01076f4a0000,fc,0,0,00aa,4d1a,0,0000,00aa,0,00aa,0000,1,1,0,0,0000,00b3,0000,0000,0000,0000,0,00b3,00aa,0000,0,009,00aa,00aa,1,a7,0112,00d0
299,299,0,df9b01076f4a0000,fc,0,0,00aa,4d1a,0,0000,00aa,0,00aa,0000,1,1,0,0,0000,00b3,0000,0000,0000,0000,0,00b3,00aa,0000,0,009,00aa,00aa,1,a7,0112,00d0
300,300,0,df9b01076f4a0000,fc,0,0,00aa,4d1a,0,0000,00aa,0,00aa,0000,1,1,0,0,0000,00b3,0000,0000,0000,0000,0,00b3,00aa,0000,0,009,00aa,00aa,1,a7,0112,00d0
301,301,0,df9b01076f4a0000,fc,0,0,00aa,4d1a,0,0000,00aa,0,00aa,0000,1,1,0,0,0000,00b3,0000,0000,0000,0000,0,00b3,00aa,0000,0,009,00aa,00aa,1,a7,0112,00d0
302,302,0,df9b01076f4a0000,fc,0,0,00aa,4d1a,0,0000,00aa,0,00aa,0000,1,1,0,0,0000,00b3,0000,0000,0000,0000,0,00b3,00aa,0000,0,009,00aa,00aa,1,a7,0112,00d0
303,303,0,df9b01076f4a0000,fc,0,0,00aa,4d1a,0,0000,00aa,0,00aa,0000,1,1,0,0,0000,00b3,0000,0000,0000,0000,0,00b3,00aa,0000,0,009,00aa,00aa,1,a7,0112,00d0
304,304,0,df9b01076f4a0000,fc,0,0,00aa,4d1a,0,0000,00aa,0,00aa,0000,1,1,0,0,0000,00b3,0000,0000,0000,0000,0,00b3,00aa,0000,0,009,00aa,00aa,1,a7,0112,00d0
305,305,0,df9b01076f4a0000,fc,0,0,00aa,4d1a,0,0000,00aa,0,00aa,0000,1,1,0,0,0000,00b3,0000,0000,0000,0000,0,00b3,00aa,0000,0,009,00aa,00aa,1,a7,0112,00d0
306,306,0,df9b01076f4a0000,fc,0,0,00aa,4d1a,0,0000,00aa,0,00aa,0000,1,1,0,0,0000,00b3,0000,0000,0000,0000,0,00b3,00aa,0000,0,009,00aa,00aa,1,a7,0112,00d0
307,307,0,df9b01076f4a0000,fc,0,0,00aa,4d1a,0,0000,00aa,0,00aa,0000,1,1,0,0,0000,00b3,0000,0000,0000,0000,0,00b3,00aa,0000,0,009,00aa,00aa,1,a7,0112,00d0
308,308,0,df9b01076f4a0000,fc,0,0,00aa,4d1a,0,0000,00aa,0,00aa,0000,1,1,0,0,0000,00b3,0000,0000,0000,0000,0,00b3,00aa,0000,0,009,00aa,00aa,1,a7,0112,00d0
309,309,0,df9b01076f4a0000,fc,0,0,00aa,4d1a,0,0000,00aa,0,00aa,0000,1,1,0,0,0000,00b3,0000,0000,0000,0000,0,00b3,00aa,0000,0,009,00aa,00aa,1,a7,0112,00d0
310,310,0,df9b01076f4a0000,fc,0,0,00aa,4d1a,0,0000,00aa,0,00aa,0000,1,1,0,0,0000,00b3,0000,0000,0000,0000,0,00b3,00aa,0000,0,009,00aa,00aa,1,a7,0112,00d0
311,311,0,df9b01076f4a0000,fc,0,0,00aa,4d1a,0,0000,00aa,0,00aa,0000,1,1,0,0,0000,00b3,0000,0000,0000,0000,0,00b3,00aa,0000,0,009,00aa,00aa,1,a7,0112,00d0
312,312,0,df9b01076f4a0000,fc,0,0,00aa,4d1a,0,0000,00aa,0,00aa,0000,1,1,0,0,0000,00b3,0000,0000,0000,0000,0,00b3,00aa,0000,0,009,00aa,00aa,1,a7,0112,00d0
313,313,0,df9b01076f4a0000,fc,0,0,00aa,4d1a,0,0000,00aa,0,00aa,0000,1,1,0,0,0000,00b3,0000,0000,0000,0000,0,00b3,00aa,0000,0,009,00aa,00aa,1,a7,0112,00d0
314,314,0,df9b01076f4a0000,fc,0,0,00aa,4d1a,0,0000,00aa,0,00aa,0000,1,1,0,0,0000,00b3,0000,0000,0000,0000,0,00b3,00aa,0000,0,009,00aa,00aa,1,a7,0112,00d0
315,315,0,df9b01076f4a0000,fc,0,0,00aa,4d1a,0,0000,00aa,0,00aa,0000,1,1,0,0,0000,00b3,0000,0000,0000,0000,0,00b3,00aa,0000,0,009,00aa,00aa,1,a7,0112,00d0
316,316,0,df9b01076f4a0000,fc,0,0,00aa,4d1a,0,0000,00aa,0,00aa,0000,1,1,0,0,0000,00b3,0000,0000,0000,0000,0,00b3,00aa,0000,0,009,00aa,00aa,1,a7,0112,00d0
317,317,0,df9b01076f4a0000,fc,0,0,00aa,4d1a,0,0000,00aa,0,00aa,0000,1,1,0,0,0000,00b3,0000,0000,0000,0000,0,00b3,00aa,0000,0,009,00aa,00aa,1,a7,0112,00d0
318,318,0,df9b01076f4a0000,fc,0,0,00aa,4d1a,0,0000,00aa,0,00aa,0000,1,1,0,0,0000,00b3,0000,0000,0000,0000,0,00b3,00aa,0000,0,009,00aa,00aa,1,a7,0112,00d0
319,319,0,df9b01076f4a0000,fc,0,0,00aa,4d1a,0,0000,00aa,0,00aa,0000,1,1,0,0,0000,00b3,0000,0000,0000,0000,0,00b3,00aa,0000,0,009,00aa,00aa,1,a7,0112,00d0
320,320,0,df9b01076f4a0000,fc,0,0,00aa,4d1a,0,0000,00aa,0,00aa,0000,1,1,0,0,0000,00b3,0000,0000,0000,0000,0,00b3,00aa,0000,0,009,00aa,00aa,1,a7,0112,00d0
321,321,0,df9b01076f4a0000,fc,0,0,00aa,4d1a,0,0000,00aa,0,00aa,0000,1,1,0,0,0000,00b3,0000,0000,0000,0000,0,00b3,00aa,0000,0,009,00aa,00aa,1,a7,0112,00d0
322,322,0,df9b01076f4a0000,fc,0,0,00aa,4d1a,0,0000,00aa,0,00aa,0000,1,1,0,0,0000,00b3,0000,0000,0000,0000,0,00b3,00aa,0000,0,009,00aa,00aa,1,a7,0112,00d0
323,323,0,df9b01076f4a0000,fc,0,0,00aa,4d1a,0,0000,00aa,0,00aa,0000,1,1,0,0,0000,00b3,0000,0000,0000,0000,0,00b3,00aa,0000,0,009,00aa,00aa,1,a7,0112,00d0
324,324,0,df9b01076f4a0000,fc,0,0,00aa,4d1a,0,0000,00aa,0,00aa,0000,1,1,0,0,0000,00b3,0000,0000,0000,0000,0,00b3,00aa,0000,0,009,00aa,00aa,1,a7,0112,00d0
325,325,0,df9b01076f4a0000,fc,0,0,00aa,4d1a,0,0000,00aa,0,00aa,0000,1,1,0,0,0000,00b3,0000,0000,0000,0000,0,00b3,00aa,0000,0,009,00aa,00aa,1,a7,0112,00d0
326,326,0,df9b01076f4a0000,fc,0,0,00aa,4d1a,0,0000,00aa,0,00aa,0000,1,1,0,0,0000,00b3,0000,0000,0000,0000,0,00b3,00aa,0000,0,009,00aa,00aa,1,a7,0112,00d0
327,327,0,df9b01076f4a0000,fc,0,0,00aa,4d1a,0,0000,00aa,0,00aa,0000,1,1,0,0,0000,00b3,0000,0000,0000,0000,0,00b3,00aa,0000,0,009,00aa,00aa,1,a7,0112,00d0
328,328,0,df9b01076f4a0000,fc,0,0,00aa,4d1a,0,0000,00aa,0,00aa,0000,1,1,0,0,0000,00b3,0000,0000,0000,0000,0,00b3,00aa,0000,0,009,00aa,00aa,1,a7,0112,00d0
329,329,0,df9b01076f4a0000,fc,0,0,00aa,4d1a,0,0000,00aa,0,00aa,0000,1,1,0,0,0000,00b3,0000,0000,0000,0000,0,00b3,00aa,0000,0,009,00aa,00aa,1,a7,0112,00d0
330,330,0,df9b01076f4a0000,fc,0,0,00aa,4d1a,0,0000,00aa,0,00aa,0000,1,1,0,0,0000,00b3,0000,0000,0000,0000,0,00b3,00aa,0000,0,009,00aa,00aa,1,a7,0112,00d0
331,331,0,df9b01076f4a0000,fc,0,0,00aa,4d1a,0,0000,00aa,0,00aa,0000,1,1,0,0,0000,00b3,0000,0000,0000,0000,0,00b3,00aa,0000,0,009,00aa,00aa,1,a7,0112,00d0
332,332,0,df9b01076f4a0000,fc,0,0,00aa,4d1a,0,0000,00aa,0,00aa,0000,1,1,0,0,0000,00b3,0000,0000,0000,0000,0,00b3,00aa,0000,0,009,00aa,00aa,1,a7,0112,00d0
333,333,0,df9b01076f4a0000,fc,0,0,00aa,4d1a,0,0000,00aa,0,00aa,0000,1,1,0,0,0000,00b3,0000,0000,0000,0000,0,00b3,00aa,0000,0,009,00aa,00aa,1,a7,0112,00d0
334,334,0,df9b01076f4a0000,fc,0,0,00aa,4d1a,0,0000,00aa,0,00aa,0000,1,1,0,0,0000,00b3,0000,0000,0000,0000,0,00b3,00aa,0000,0,009,00aa,00aa,1,a7,0112,00d0
335,335,0,df9b01076f4a0000,fc,0,0,00aa,4d1a,0,0000,00aa,0,00aa,0000,1,1,0,0,0000,00b3,0000,0000,0000,0000,0,00b3,00aa,0000,0,009,00aa,00aa,1,a7,0112,00d0
336,336,0,df9b01076f4a0000,fc,0,0,00aa,4d1a,0,0000,00aa,0,00aa,0000,1,1,0,0,0000,00b3,0000,0000,0000,0000,0,00b3,00aa,0000,0,009,00aa,00aa,1,a7,0112,00d0
337,337,0,df9b01076f4a0000,fc,0,0,00aa,4d1a,0,0000,00aa,0,00aa,0000,1,1,0,0,0000,00b3,0000,0000,0000,0000,0,00b3,00aa,0000,0,009,00aa,00aa,1,a7,0112,00d0
338,338,0,df9b01076f4a0000,fc,0,0,00aa,4d1a,0,0000,00aa,0,00aa,0000,1,1,0,0,0000,00b3,0000,0000,0000,0000,0,00b3,00aa,0000,0,009,00aa,00aa,1,a7,0112,00d0
339,339,0,df9b01076f4a0000,fc,0,0,00aa,4d1a,0,0000,00aa,0,00aa,0000,1,1,0,0,0000,00b3,0000,0000,0000,0000,0,00b3,00aa,0000,0,009,00aa,00aa,1,a7,0112,00d0
340,340,0,df9b01076f4a0000,fc,0,0,00aa,4d1a,0,0000,00aa,0,00aa,0000,1,1,0,0,0000,00b3,0000,0000,0000,0000,0,00b3,00aa,0000,0,009,00aa,00aa,1,a7,0112,00d0
341,341,0,df9b01076f4a0000,fc,0,0,00aa,4d1a,0,0000,00aa,0,00aa,0000,1,1,0,0,0000,00b3,0000,0000,0000,0000,0,00b3,00aa,0000,0,009,00aa,00aa,1,a7,0112,00d0
342,342,0,df9b01076f4a0000,fc,0,0,00aa,4d1a,0,0000,00aa,0,00aa,0000,1,1,0,0,0000,00b3,0000,0000,0000,0000,0,00b3,00aa,0000,0,009,00aa,00aa,1,a7,0112,00d0
343,343,0,df9b01076f4a0000,fc,0,0,00aa,4d1a,0,0000,00aa,0,00aa,0000,1,1,0,0,0000,00b3,0000,0000,0000,0000,0,00b3,00aa,0000,0,009,00aa,00aa,1,a7,0112,00d0
344,344,0,df9b01076f4a0000,fc,0,0,00aa,4d1a,0,0000,00aa,0,00aa,0000,1,1,0,0,0000,00b3,0000,0000,0000,0000,0,00b3,00aa,0000,0,009,00aa,00aa,1,a7,0112,00d0
345,345,0,df9b01076f4a0000,fc,0,0,00aa,4d1a,0,0000,00aa,0,00aa,0000,1,1,0,0,0000,00b3,0000,0000,0000,0000,0,00b3,00aa,0000,0,009,00aa,00aa,1,a7,0112,00d0
346,346,0,df9b01076f4a0000,fc,0,0,00aa,4d1a,0,0000,00aa,0,00aa,0000,1,1,0,0,0000,00b3,0000,0000,0000,0000,0,00b3,00aa,0000,0,009,00aa,00aa,1,a7,0112,00d0
347,347,0,df9b01076f4a0000,fc,0,0,00aa,4d1a,0,0000,00aa,0,00aa,0000,1,1,0,0,0000,00b3,0000,0000,0000,0000,0,00b3,00aa,0000,0,009,00aa,00aa,1,a7,0112,00d0
348,348,0,df9b01076f4a0000,fc,0,0,00aa,4d1a,0,0000,00aa,0,00aa,0000,1,1,0,0,0000,00b3,0000,0000,0000,0000,0,00b3,00aa,0000,0,009,00aa,00aa,1,a7,0112,00d0
349,349,0,df9b01076f4a0000,fc,0,0,00aa,4d1a,0,0000,00aa,0,00aa,0000,1,1,0,0,0000,00b3,0000,0000,0000,0000,0,00b3,00aa,0000,0,009,00aa,00aa,1,a7,0112,00d0
350,350,0,df9b01076f4a0000,fc,0,0,00aa,4d1a,0,0000,00aa,0,00aa,0000,1,1,0,0,0000,00b3,0000,0000,0000,0000,0,00b3,00aa,0000,0,009,00aa,00aa,1,a7,0112,00d0
351,351,0,df9b01076f4a0000,fc,0,0,00aa,4d1a,0,0000,00aa,0,00aa,0000,1,1,0,0,0000,00b3,0000,0000,0000,0000,0,00b3,00aa,0000,0,009,00aa,00aa,1,a7,0112,00d0
352,352,0,df9b01076f4a0000,fc,0,0,00aa,4d1a,0,0000,00aa,0,00aa,0000,1,1,0,0,0000,00b3,0000,0000,0000,0000,0,00b3,00aa,0000,0,009,00aa,00aa,1,a7,0112,00d0
353,353,0,df9b01076f4a0000,fc,0,0,00aa,4d1a,0,0000,00aa,0,00aa,0000,1,1,0,0,0000,00b3,0000,0000,0000,0000,0,00b3,00aa,0000,0,009,00aa,00aa,1,a7,0112,00d0
354,354,0,df9b01076f4a0000,fc,0,0,00aa,4d1a,0,0000,00aa,0,00aa,0000,1,1,0,0,0000,00b3,0000,0000,0000,0000,0,00b3,00aa,0000,0,009,00aa,00aa,1,a7,0112,00d0
355,355,0,df9b01076f4a0000,fc,0,0,00aa,4d1a,0,0000,00aa,0,00aa,0000,1,1,0,0,0000,00b3,0000,0000,0000,0000,0,00b3,00aa,0000,0,009,00aa,00aa,1,a7,0112,00d0
356,356,0,df9b01076f4a0000,fc,0,0,00aa,4d1a,0,0000,00aa,0,00aa,0000,1,1,0,0,0000,00b3,0000,0000,0000,0000,0,00b3,00aa,0000,0,009,00aa,00aa,1,a7,0112,00d0
357,357,0,df9b01076f4a0000,fc,0,0,00aa,4d1a,0,0000,00aa,0,00aa,0000,1,1,0,0,0000,00b3,0000,0000,0000,0000,0,00b3,00aa,0000,0,009,00aa,00aa,1,a7,0112,00d0
358,358,0,df9b01076f4a0000,fc,0,0,00aa,4d1a,0,0000,00aa,0,00aa,0000,1,1,0,0,0000,00b3,0000,0000,0000,0000,0,00b3,00aa,0000,0,009,00aa,00aa,1,a7,0112,00d0
359,359,0,df9b01076f4a0000,fc,0,0,00aa,4d1a,0,0000,00aa,0,00aa,0000,1,1,0,0,0000,00b3,0000,0000,0000,0000,0,00b3,00aa,0000,0,009,00aa,00aa,1,a7,0112,00d0
360,360,0,df9b01076f4a0000,fc,0,0,00aa,4d1a,0,0000,00aa,0,00aa,0000,1,1,0,0,0000,00b3,0000,0000,0000,0000,0,00b3,00aa,0000,0,009,00aa,00aa,1,a7,0112,00d0
361,361,0,df9b01076f4a0000,fc,0,0,00aa,4d1a,0,0000,00aa,0,00aa,0000,1,1,0,0,0000,00b3,0000,0000,0000,0000,0,00b3,00aa,0000,0,009,00aa,00aa,1,a7,0112,00d0
362,362,0,df9b01076f4a0000,fc,0,0,00aa,4d1a,0,0000,00aa,0,00aa,0000,1,1,0,0,0000,00b3,0000,0000,0000,0000,0,00b3,00aa,0000,0,009,00aa,00aa,1,a7,0112,00d0
363,363,0,df9b01076f4a0000,fc,0,0,00aa,4d1a,0,0000,00aa,0,00aa,0000,1,1,0,0,0000,00b3,0000,0000,0000,0000,0,00b3,00aa,0000,0,009,00aa,00aa,1,a7,0112,00d0
364,364,0,df9b01076f4a0000,fc,0,0,00aa,4d1a,0,0000,00aa,0,00aa,0000,1,1,0,0,0000,00b3,0000,0000,0000,0000,0,00b3,00aa,0000,0,009,00aa,00aa,1,a7,0112,00d0
365,365,0,df9b01076f4a0000,fc,0,0,00aa,4d1a,0,0000,00aa,0,00aa,0000,1,1,0,0,0000,00b3,0000,0000,0000,0000,0,00b3,00aa,0000,0,009,00aa,00aa,1,a7,0112,00d0
366,366,0,df9b01076f4a0000,fc,0,0,00aa,4d1a,0,0000,00aa,0,00aa,0000,1,1,0,0,0000,00b3,0000,0000,0000,0000,0,00b3,00aa,0000,0,009,00aa,00aa,1,a7,0112,00d0
367,367,0,df9b01076f4a0000,fc,0,0,00aa,4d1a,0,0000,00aa,0,00aa,0000,1,1,0,0,0000,00b3,0000,0000,0000,0000,0,00b3,00aa,0000,0,009,00aa,00aa,1,a7,0112,00d0
368,368,0,df9b01076f4a0000,fc,0,0,00aa,4d1a,0,0000,00aa,0,00aa,0000,1,1,0,0,0000,00b3,0000,0000,0000,0000,0,00b3,00aa,0000,0,009,00aa,00aa,1,a7,0112,00d0
369,369,0,df9b01076f4a0000,fc,0,0,00aa,4d1a,0,0000,00aa,0,00aa,0000,1,1,0,0,0000,00b3,0000,0000,0000,0000,0,00b3,00aa,0000,0,009,00aa,00aa,1,a7,0112,00d0
370,370,0,df9b01076f4a0000,fc,0,0,00aa,4d1a,0,0000,00aa,0,00aa,0000,1,1,0,0,0000,00b3,0000,0000,0000,0000,0,00b3,00aa,0000,0,009,00aa,00aa,1,a7,0112,00d0
371,371,0,df9b01076f4a0000,fc,0,0,00aa,4d1a,0,0000,00aa,0,00aa,0000,1,1,0,0,0000,00b3,0000,0000,0000,0000,0,00b3,00aa,0000,0,009,00aa,00aa,1,a7,0112,00d0
372,372,0,df9b01076f4a0000,fc,0,0,00aa,4d1a,0,0000,00aa,0,00aa,0000,1,1,0,0,0000,00b3,0000,0000,0000,0000,0,00b3,00aa,0000,0,009,00aa,00aa,1,a7,0112,00d0
373,373,0,df9b01076f4a0000,fc,0,0,00aa,4d1a,0,0000,00aa,0,00aa,0000,1,1,0,0,0000,00b3,0000,0000,0000,0000,0,00b3,00aa,0000,0,009,00aa,00aa,1,a7,0112,00d0
374,374,0,df9b01076f4a0000,fc,0,0,00aa,4d1a,0,0000,00aa,0,00aa,0000,1,1,0,0,0000,00b3,0000,0000,0000,0000,0,00b3,00aa,0000,0,009,00aa,00aa,1,a7,0112,00d0
375,375,0,df9b01076f4a0000,fc,0,0,00aa,4d1a,0,0000,00aa,0,00aa,0000,1,1,0,0,0000,00b3,0000,0000,0000,0000,0,00b3,00aa,0000,0,009,00aa,00aa,1,a7,0112,00d0
376,376,0,df9b01076f4a0000,fc,0,0,00aa,4d1a,0,0000,00aa,0,00aa,0000,1,1,0,0,0000,00b3,0000,0000,0000,0000,0,00b3,00aa,0000,0,009,00aa,00aa,1,a7,0112,00d0
377,377,0,df9b01076f4a0000,fc,0,0,00aa,4d1a,0,0000,00aa,0,00aa,0000,1,1,0,0,0000,00b3,0000,0000,0000,0000,0,00b3,00aa,0000,0,009,00aa,00aa,1,a7,0112,00d0
378,378,0,df9b01076f4a0000,fc,0,0,00aa,4d1a,0,0000,00aa,0,00aa,0000,1,1,0,0,0000,00b3,0000,0000,0000,0000,0,00b3,00aa,0000,0,009,00aa,00aa,1,a7,0112,00d0
379,379,0,df9b01076f4a0000,fc,0,0,00aa,4d1a,0,0000,00aa,0,00aa,0000,1,1,0,0,0000,00b3,0000,0000,0000,0000,0,00b3,00aa,0000,0,009,00aa,00aa,1,a7,0112,00d0
380,380,0,df9b01076f4a0000,fc,0,0,00aa,4d1a,0,0000,00aa,0,00aa,0000,1,1,0,0,0000,00b3,0000,0000,0000,0000,0,00b3,00aa,0000,0,009,00aa,00aa,1,a7,0112,00d0
381,381,0,df9b01076f4a0000,fc,0,0,00aa,4d1a,0,0000,00aa,0,00aa,0000,1,1,0,0,0000,00b3,0000,0000,0000,0000,0,00b3,00aa,0000,0,009,00aa,00aa,1,a7,0112,00d0
382,382,0,df9b01076f4a0000,fc,0,0,00aa,4d1a,0,0000,00aa,0,00aa,0000,1,1,0,0,0000,00b3,0000,0000,0000,0000,0,00b3,00aa,0000,0,009,00aa,00aa,1,a7,0112,00d0
383,383,0,df9b01076f4a0000,fc,0,0,00aa,4d1a,0,0000,00aa,0,00aa,0000,1,1,0,0,0000,00b3,0000,0000,0000,0000,0,00b3,00aa,0000,0,009,00aa,00aa,1,a7,0112,00d0
384,384,0,df9b01076f4a0000,fc,0,0,00aa,4d1a,0,0000,00aa,0,00aa,0000,1,1,0,0,0000,00b3,0000,0000,0000,0000,0,00b3,00aa,0000,0,009,00aa,00aa,1,a7,0112,00d0
385,385,0,df9b01076f4a0000,fc,0,0,00aa,4d1a,0,0000,00aa,0,00aa,0000,1,1,0,0,0000,00b3,0000,0000,0000,0000,0,00b3,00aa,0000,0,009,00aa,00aa,1,a7,0112,00d0
386,386,0,df9b01076f4a0000,fc,0,0,00aa,4d1a,0,0000,00aa,0,00aa,0000,1,1,0,0,0000,00b3,0000,0000,0000,0000,0,00b3,00aa,0000,0,009,00aa,00aa,1,a7,0112,00d0
387,387,0,df9b01076f4a0000,fc,0,0,00aa,4d1a,0,0000,00aa,0,00aa,0000,1,1,0,0,0000,00b3,0000,0000,0000,0000,0,00b3,00aa,0000,0,009,00aa,00aa,1,a7,0112,00d0
388,388,0,df9b01076f4a0000,fc,0,0,00aa,4d1a,0,0000,00aa,0,00aa,0000,1,1,0,0,0000,00b3,0000,0000,0000,0000,0,00b3,00aa,0000,0,009,00aa,00aa,1,a7,0112,00d0
389,389,0,df9b01076f4a0000,fc,0,0,00aa,4d1a,0,0000,00aa,0,00aa,0000,1,1,0,0,0000,00b3,0000,0000,0000,0000,0,00b3,00aa,0000,0,009,00aa,00aa,1,a7,0112,00d0
390,390,0,df9b01076f4a0000,fc,0,0,00aa,4d1a,0,0000,00aa,0,00aa,0000,1,1,0,0,0000,00b3,0000,0000,0000,0000,0,00b3,00aa,0000,0,009,00aa,00aa,1,a7,0112,00d0
391,391,0,df9b01076f4a0000,fc,0,0,00aa,4d1a,0,0000,00aa,0,00aa,0000,1,1,0,0,0000,00b3,0000,0000,0000,0000,0,00b3,00aa,0000,0,009,00aa,00aa,1,a7,0112,00d0
392,392,0,df9b01076f4a0000,fc,0,0,00aa,4d1a,0,0000,00aa,0,00aa,0000,1,1,0,0,0000,00b3,0000,0000,0000,0000,0,00b3,00aa,0000,0,009,00aa,00aa,1,a7,0112,00d0
393,393,0,df9b01076f4a0000,fc,0,0,00aa,4d1a,0,0000,00aa,0,00aa,0000,1,1,0,0,0000,00b3,0000,0000,0000,0000,0,00b3,00aa,0000,0,009,00aa,00aa,1,a7,0112,00d0
394,394,0,df9b01076f4a0000,fc,0,0,00aa,4d1a,0,0000,00aa,0,00aa,0000,1,1,0,0,0000,00b3,0000,0000,0000,0000,0,00b3,00aa,0000,0,009,00aa,00aa,1,a7,0112,00d0
395,395,0,df9b01076f4a0000,fc,0,0,00aa,4d1a,0,0000,00aa,0,00aa,0000,1,1,0,0,0000,00b3,0000,0000,0000,0000,0,00b3,00aa,0000,0,009,00aa,00aa,1,a7,0112,00d0
396,396,0,df9b01076f4a0000,fc,0,0,00aa,4d1a,0,0000,00aa,0,00aa,0000,1,1,0,0,0000,00b3,0000,0000,0000,0000,0,00b3,00aa,0000,0,009,00aa,00aa,1,a7,0112,00d0
397,397,0,df9b01076f4a0000,fc,0,0,00aa,4d1a,0,0000,00aa,0,00aa,0000,1,1,0,0,0000,00b3,0000,0000,0000,0000,0,00b3,00aa,0000,0,009,00aa,00aa,1,a7,0112,00d0
398,398,0,df9b01076f4a0000,fc,0,0,00aa,4d1a,0,0000,00aa,0,00aa,0000,1,1,0,0,0000,00b3,0000,0000,0000,0000,0,00b3,00aa,0000,0,009,00aa,00aa,1,a7,0112,00d0
399,399,0,df9b01076f4a0000,fc,0,0,00aa,4d1a,0,0000,00aa,0,00aa,0000,1,1,0,0,0000,00b3,0000,0000,0000,0000,0,00b3,00aa,0000,0,009,00aa,00aa,1,a7,0112,00d0
400,400,0,df9b01076f4a0000,fc,0,0,00aa,4d1a,0,0000,00aa,0,00aa,0000,1,1,0,0,0000,00b3,0000,0000,0000,0000,0,00b3,00aa,0000,0,009,00aa,00aa,1,a7,0112,00d0
401,401,0,df9b01076f4a0000,fc,0,0,00aa,4d1a,0,0000,00aa,0,00aa,0000,1,1,0,0,0000,00b3,0000,0000,0000,0000,0,00b3,00aa,0000,0,009,00aa,00aa,1,a7,0112,00d0
402,402,0,df9b01076f4a0000,fc,0,0,00aa,4d1a,0,0000,00aa,0,00aa,0000,1,1,0,0,0000,00b3,0000,0000,0000,0000,0,00b3,00aa,0000,0,009,00aa,00aa,1,a7,0112,00d0
403,403,0,df9b01076f4a0000,fc,0,0,00aa,4d1a,0,0000,00aa,0,00aa,0000,1,1,0,0,0000,00b3,0000,0000,0000,0000,0,00b3,00aa,0000,0,009,00aa,00aa,1,a7,0112,00d0
404,404,0,df9b01076f4a0000,fc,0,0,00aa,4d1a,0,0000,00aa,0,00aa,0000,1,1,0,0,0000,00b3,0000,0000,0000,0000,0,00b3,00aa,0000,0,009,00aa,00aa,1,a7,0112,00d0
405,405,0,df9b01076f4a0000,fc,0,0,00aa,4d1a,0,0000,00aa,0,00aa,0000,1,1,0,0,0000,00b3,0000,0000,0000,0000,0,00b3,00aa,0000,0,009,00aa,00aa,1,a7,0112,00d0
406,406,0,df9b01076f4a0000,fc,0,0,00aa,4d1a,0,0000,00aa,0,00aa,0000,1,1,0,0,0000,00b3,0000,0000,0000,0000,0,00b3,00aa,0000,0,009,00aa,00aa,1,a7,0112,00d0
407,407,0,df9b01076f4a0000,fc,0,0,00aa,4d1a,0,0000,00aa,0,00aa,0000,1,1,0,0,0000,00b3,0000,0000,0000,0000,0,00b3,00aa,0000,0,009,00aa,00aa,1,a7,0112,00d0
408,408,0,df9b01076f4a0000,fc,0,0,00aa,4d1a,0,0000,00aa,0,00aa,0000,1,1,0,0,0000,00b3,0000,0000,0000,0000,0,00b3,00aa,0000,0,009,00aa,00aa,1,a7,0112,00d0
409,409,0,df9b01076f4a0000,fc,0,0,00aa,4d1a,0,0000,00aa,0,00aa,0000,1,1,0,0,0000,00b3,0000,0000,0000,0000,0,00b3,00aa,0000,0,009,00aa,00aa,1,a7,0112,00d0
410,410,0,df9b01076f4a0000,fc,0,0,00aa,4d1a,0,0000,00aa,0,00aa,0000,1,1,0,0,0000,00b3,0000,0000,0000,0000,0,00b3,00aa,0000,0,009,00aa,00aa,1,a7,0112,00d0
411,411,0,df9b01076f4a0000,fc,0,0,00aa,4d1a,0,0000,00aa,0,00aa,0000,1,1,0,0,0000,00b3,0000,0000,0000,0000,0,00b3,00aa,0000,0,009,00aa,00aa,1,a7,0112,00d0
412,412,0,df9b01076f4a0000,fc,0,0,00aa,4d1a,0,0000,00aa,0,00aa,0000,1,1,0,0,0000,00b3,0000,0000,0000,0000,0,00b3,00aa,0000,0,009,00aa,00aa,1,a7,0112,00d0
413,413,0,df9b01076f4a0000,fc,0,0,00aa,4d1a,0,0000,00aa,0,00aa,0000,1,1,0,0,0000,00b3,0000,0000,0000,0000,0,00b3,00aa,0000,0,009,00aa,00aa,1,a7,0112,00d0
414,414,0,df9b01076f4a0000,fc,0,0,00aa,4d1a,0,0000,00aa,0,00aa,0000,1,1,0,0,0000,00b3,0000,0000,0000,0000,0,00b3,00aa,0000,0,009,00aa,00aa,1,a7,0112,00d0
415,415,0,df9b01076f4a0000,fc,0,0,00aa,4d1a,0,0000,00aa,0,00aa,0000,1,1,0,0,0000,00b3,0000,0000,0000,0000,0,00b3,00aa,0000,0,009,00aa,00aa,1,a7,0112,00d0
416,416,0,df9b01076f4a0000,fc,0,0,00aa,4d1a,0,0000,00aa,0,00aa,0000,1,1,0,0,0000,00b3,0000,0000,0000,0000,0,00b3,00aa,0000,0,009,00aa,00aa,1,a7,0112,00d0
417,417,0,df9b01076f4a0000,fc,0,0,00aa,4d1a,0,0000,00aa,0,00aa,0000,1,1,0,0,0000,00b3,0000,0000,0000,0000,0,00b3,00aa,0000,0,009,00aa,00aa,1,a7,0112,00d0
418,418,0,df9b01076f4a0000,fc,0,0,00aa,4d1a,0,0000,00aa,0,00aa,0000,1,1,0,0,0000,00b3,0000,0000,0000,0000,0,00b3,00aa,0000,0,009,00aa,00aa,1,a7,0112,00d0
419,419,0,df9b01076f4a0000,fc,0,0,00aa,4d1a,0,0000,00aa,0,00aa,0000,1,1,0,0,0000,00b3,0000,0000,0000,0000,0,00b3,00aa,0000,0,009,00aa,00aa,1,a7,0112,00d0
420,420,0,df9b01076f4a0000,fc,0,0,00aa,4d1a,0,0000,00aa,0,00aa,0000,1,1,0,0,0000,00b3,0000,0000,0000,0000,0,00b3,00aa,0000,0,009,00aa,00aa,1,a7,0112,00d0
421,421,0,df9b01076f4a0000,fc,0,0,00aa,4d1a,0,0000,00aa,0,00aa,0000,1,1,0,0,0000,00b3,0000,0000,0000,0000,0,00b3,00aa,0000,0,009,00aa,00aa,1,a7,0112,00d0
422,422,0,df9b01076f4a0000,fc,0,0,00aa,4d1a,0,0000,00aa,0,00aa,0000,1,1,0,0,0000,00b3,0000,0000,0000,0000,0,00b3,00aa,0000,0,009,00aa,00aa,1,a7,0112,00d0
423,423,0,df9b01076f4a0000,fc,0,0,00aa,4d1a,0,0000,00aa,0,00aa,0000,1,1,0,0,0000,00b3,0000,0000,0000,0000,0,00b3,00aa,0000,0,009,00aa,00aa,1,a7,0112,00d0
424,424,0,df9b01076f4a0000,fc,0,0,00aa,4d1a,0,0000,00aa,0,00aa,0000,1,1,0,0,0000,00b3,0000,0000,0000,0000,0,00b3,00aa,0000,0,009,00aa,00aa,1,a7,0112,00d0
425,425,0,df9b01076f4a0000,fc,0,0,00aa,4d1a,0,0000,00aa,0,00aa,0000,1,1,0,0,0000,00b3,0000,0000,0000,0000,0,00b3,00aa,0000,0,009,00aa,00aa,1,a7,0112,00d0
426,426,0,df9b01076f4a0000,fc,0,0,00aa,4d1a,0,0000,00aa,0,00aa,0000,1,1,0,0,0000,00b3,0000,0000,0000,0000,0,00b3,00aa,0000,0,009,00aa,00aa,1,a7,0112,00d0
427,427,0,df9b01076f4a0000,fc,0,0,00aa,4d1a,0,0000,00aa,0,00aa,0000,1,1,0,0,0000,00b3,0000,0000,0000,0000,0,00b3,00aa,0000,0,009,00aa,00aa,1,a7,0112,00d0
428,428,0,df9b01076f4a0000,fc,0,0,00aa,4d1a,0,0000,00aa,0,00aa,0000,1,1,0,0,0000,00b3,0000,0000,0000,0000,0,00b3,00aa,0000,0,009,00aa,00aa,1,a7,0112,00d0
429,429,0,df9b01076f4a0000,fc,0,0,00aa,4d1a,0,0000,00aa,0,00aa,0000,1,1,0,0,0000,00b3,0000,0000,0000,0000,0,00b3,00aa,0000,0,009,00aa,00aa,1,a7,0112,00d0
430,430,0,df9b01076f4a0000,fc,0,0,00aa,4d1a,0,0000,00aa,0,00aa,0000,1,1,0,0,0000,00b3,0000,0000,0000,0000,0,00b3,00aa,0000,0,009,00aa,00aa,1,a7,0112,00d0
431,431,0,df9b01076f4a0000,fc,0,0,00aa,4d1a,0,0000,00aa,0,00aa,0000,1,1,0,0,0000,00b3,0000,0000,0000,0000,0,00b3,00aa,0000,0,009,00aa,00aa,1,a7,0112,00d0
432,432,0,df9b01076f4a0000,fc,0,0,00aa,4d1a,0,0000,00aa,0,00aa,0000,1,1,0,0,0000,00b3,0000,0000,0000,0000,0,00b3,00aa,0000,0,009,00aa,00aa,1,a7,0112,00d0
433,433,0,df9b01076f4a0000,fc,0,0,00aa,4d1a,0,0000,00aa,0,00aa,0000,1,1,0,0,0000,00b3,0000,0000,0000,0000,0,00b3,00aa,0000,0,009,00aa,00aa,1,a7,0112,00d0
434,434,0,df9b01076f4a0000,fc,0,0,00aa,4d1a,0,0000,00aa,0,00aa,0000,1,1,0,0,0000,00b3,0000,0000,0000,0000,0,00b3,00aa,0000,0,009,00aa,00aa,1,a7,0112,00d0
435,435,0,df9b01076f4a0000,fc,0,0,00aa,4d1a,0,0000,00aa,0,00aa,0000,1,1,0,0,0000,00b3,0000,0000,0000,0000,0,00b3,00aa,0000,0,009,00aa,00aa,1,a7,0112,00d0
436,436,0,df9b01076f4a0000,fc,0,0,00aa,4d1a,0,0000,00aa,0,00aa,0000,1,1,0,0,0000,00b3,0000,0000,0000,0000,0,00b3,00aa,0000,0,009,00aa,00aa,1,a7,0112,00d0
437,437,0,df9b01076f4a0000,fc,0,0,00aa,4d1a,0,0000,00aa,0,00aa,0000,1,1,0,0,0000,00b3,0000,0000,0000,0000,0,00b3,00aa,0000,0,009,00aa,00aa,1,a7,0112,00d0
438,438,0,df9b01076f4a0000,fc,0,0,00aa,4d1a,0,0000,00aa,0,00aa,0000,1,1,0,0,0000,00b3,0000,0000,0000,0000,0,00b3,00aa,0000,0,009,00aa,00aa,1,a7,0112,00d0
439,439,0,df9b01076f4a0000,fc,0,0,00aa,4d1a,0,0000,00aa,0,00aa,0000,1,1,0,0,0000,00b3,0000,0000,0000,0000,0,00b3,00aa,0000,0,009,00aa,00aa,1,a7,0112,00d0
440,440,0,df9b01076f4a0000,fc,0,0,00aa,4d1a,0,0000,00aa,0,00aa,0000,1,1,0,0,0000,00b3,0000,0000,0000,0000,0,00b3,00aa,0000,0,009,00aa,00aa,1,a7,0112,00d0
441,441,0,df9b01076f4a0000,fc,0,0,00aa,4d1a,0,0000,00aa,0,00aa,0000,1,1,0,0,0000,00b3,0000,0000,0000,0000,0,00b3,00aa,0000,0,009,00aa,00aa,1,a7,0112,00d0
442,442,0,df9b01076f4a0000,fc,0,0,00aa,4d1a,0,0000,00aa,0,00aa,0000,1,1,0,0,0000,00b3,0000,0000,0000,0000,0,00b3,00aa,0000,0,009,00aa,00aa,1,a7,0112,00d0
443,443,0,df9b01076f4a0000,fc,0,0,00aa,4d1a,0,0000,00aa,0,00aa,0000,1,1,0,0,0000,00b3,0000,0000,0000,0000,0,00b3,00aa,0000,0,009,00aa,00aa,1,a7,0112,00d0
444,444,0,df9b01076f4a0000,fc,0,0,00aa,4d1a,0,0000,00aa,0,00aa,0000,1,1,0,0,0000,00b3,0000,0000,0000,0000,0,00b3,00aa,0000,0,009,00aa,00aa,1,a7,0112,00d0
445,445,0,df9b01076f4a0000,fc,0,0,00aa,4d1a,0,0000,00aa,0,00aa,0000,1,1,0,0,0000,00b3,0000,0000,0000,0000,0,00b3,00aa,0000,0,009,00aa,00aa,1,a7,0112,00d0
446,446,0,df9b01076f4a0000,fc,0,0,00aa,4d1a,0,0000,00aa,0,00aa,0000,1,1,0,0,0000,00b3,0000,0000,0000,0000,0,00b3,00aa,0000,0,009,00aa,00aa,1,a7,0112,00d0
447,447,0,df9b01076f4a0000,fc,0,0,00aa,4d1a,0,0000,00aa,0,00aa,0000,1,1,0,0,0000,00b3,0000,0000,0000,0000,0,00b3,00aa,0000,0,009,00aa,00aa,1,a7,0112,00d0
448,448,0,df9b01076f4a0000,fc,0,0,00aa,4d1a,0,0000,00aa,0,00aa,0000,1,1,0,0,0000,00b3,0000,0000,0000,0000,0,00b3,00aa,0000,0,009,00aa,00aa,1,a7,0112,00d0
449,449,0,df9b01076f4a0000,fc,0,0,00aa,4d1a,0,0000,00aa,0,00aa,0000,1,1,0,0,0000,00b3,0000,0000,0000,0000,0,00b3,00aa,0000,0,009,00aa,00aa,1,a7,0112,00d0
450,450,0,df9b01076f4a0000,fc,0,0,00aa,4d1a,0,0000,00aa,0,00aa,0000,1,1,0,0,0000,00b3,0000,0000,0000,0000,0,00b3,00aa,0000,0,009,00aa,00aa,1,a7,0112,00d0
451,451,0,df9b01076f4a0000,fc,0,0,00aa,4d1a,0,0000,00aa,0,00aa,0000,1,1,0,0,0000,00b3,0000,0000,0000,0000,0,00b3,00aa,0000,0,009,00aa,00aa,1,a7,0112,00d0
452,452,0,df9b01076f4a0000,fc,0,0,00aa,4d1a,0,0000,00aa,0,00aa,0000,1,1,0,0,0000,00b3,0000,0000,0000,0000,0,00b3,00aa,0000,0,009,00aa,00aa,1,a7,0112,00d0
453,453,0,df9b01076f4a0000,fc,0,0,00aa,4d1a,0,0000,00aa,0,00aa,0000,1,1,0,0,0000,00b3,0000,0000,0000,0000,0,00b3,00aa,0000,0,009,00aa,00aa,1,a7,0112,00d0
454,454,0,df9b01076f4a0000,fc,0,0,00aa,4d1a,0,0000,00aa,0,00aa,0000,1,1,0,0,0000,00b3,0000,0000,0000,0000,0,00b3,00aa,0000,0,009,00aa,00aa,1,a7,0112,00d0
455,455,0,df9b01076f4a0000,fc,0,0,00aa,4d1a,0,0000,00aa,0,00aa,0000,1,1,0,0,0000,00b3,0000,0000,0000,0000,0,00b3,00aa,0000,0,009,00aa,00aa,1,a7,0112,00d0
456,456,0,df9b01076f4a0000,fc,0,0,00aa,4d1a,0,0000,00aa,0,00aa,0000,1,1,0,0,0000,00b3,0000,0000,0000,0000,0,00b3,00aa,0000,0,009,00aa,00aa,1,a7,0112,00d0
457,457,0,df9b01076f4a0000,fc,0,0,00aa,4d1a,0,0000,00aa,0,00aa,0000,1,1,0,0,0000,00b3,0000,0000,0000,0000,0,00b3,00aa,0000,0,009,00aa,00aa,1,a7,0112,00d0
458,458,0,df9b01076f4a0000,fc,0,0,00aa,4d1a,0,0000,00aa,0,00aa,0000,1,1,0,0,0000,00b3,0000,0000,0000,0000,0,00b3,00aa,0000,0,009,00aa,00aa,1,a7,0112,00d0
459,459,0,df9b01076f4a0000,fc,0,0,00aa,4d1a,0,0000,00aa,0,00aa,0000,1,1,0,0,0000,00b3,0000,0000,0000,0000,0,00b3,00aa,0000,0,009,00aa,00aa,1,a7,0112,00d0
460,460,0,df9b01076f4a0000,fc,0,0,00aa,4d1a,0,0000,00aa,0,00aa,0000,1,1,0,0,0000,00b3,0000,0000,0000,0000,0,00b3,00aa,0000,0,009,00aa,00aa,1,a7,0112,00d0
461,461,0,df9b01076f4a0000,fc,0,0,00aa,4d1a,0,0000,00aa,0,00aa,0000,1,1,0,0,0000,00b3,0000,0000,0000,0000,0,00b3,00aa,0000,0,009,00aa,00aa,1,a7,0112,00d0
462,462,0,df9b01076f4a0000,fc,0,0,00aa,4d1a,0,0000,00aa,0,00aa,0000,1,1,0,0,0000,00b3,0000,0000,0000,0000,0,00b3,00aa,0000,0,009,00aa,00aa,1,a7,0112,00d0
463,463,0,df9b01076f4a0000,fc,0,0,00aa,4d1a,0,0000,00aa,0,00aa,0000,1,1,0,0,0000,00b3,0000,0000,0000,0000,0,00b3,00aa,0000,0,009,00aa,00aa,1,a7,0112,00d0
464,464,0,df9b01076f4a0000,fc,0,0,00aa,4d1a,0,0000,00aa,0,00aa,0000,1,1,0,0,0000,00b3,0000,0000,0000,0000,0,00b3,00aa,0000,0,009,00aa,00aa,1,a7,0112,00d0
465,465,0,df9b01076f4a0000,fc,0,0,00aa,4d1a,0,0000,00aa,0,00aa,0000,1,1,0,0,0000,00b3,0000,0000,0000,0000,0,00b3,00aa,0000,0,009,00aa,00aa,1,a7,0112,00d0
466,466,0,df9b01076f4a0000,fc,0,0,00aa,4d1a,0,0000,00aa,0,00aa,0000,1,1,0,0,0000,00b3,0000,0000,0000,0000,0,00b3,00aa,0000,0,009,00aa,00aa,1,a7,0112,00d0
467,467,0,df9b01076f4a0000,fc,0,0,00aa,4d1a,0,0000,00aa,0,00aa,0000,1,1,0,0,0000,00b3,0000,0000,0000,0000,0,00b3,00aa,0000,0,009,00aa,00aa,1,a7,0112,00d0
468,468,0,df9b01076f4a0000,fc,0,0,00aa,4d1a,0,0000,00aa,0,00aa,0000,1,1,0,0,0000,00b3,0000,0000,0000,0000,0,00b3,00aa,0000,0,009,00aa,00aa,1,a7,0112,00d0
469,469,0,df9b01076f4a0000,fc,0,0,00aa,4d1a,0,0000,00aa,0,00aa,0000,1,1,0,0,0000,00b3,0000,0000,0000,0000,0,00b3,00aa,0000,0,009,00aa,00aa,1,a7,0112,00d0
470,470,0,df9b01076f4a0000,fc,0,0,00aa,4d1a,0,0000,00aa,0,00aa,0000,1,1,0,0,0000,00b3,0000,0000,0000,0000,0,00b3,00aa,0000,0,009,00aa,00aa,1,a7,0112,00d0
471,471,0,df9b01076f4a0000,fc,0,0,00aa,4d1a,0,0000,00aa,0,00aa,0000,1,1,0,0,0000,00b3,0000,0000,0000,0000,0,00b3,00aa,0000,0,009,00aa,00aa,1,a7,0112,00d0
472,472,0,df9b01076f4a0000,fc,0,0,00aa,4d1a,0,0000,00aa,0,00aa,0000,1,1,0,0,0000,00b3,0000,0000,0000,0000,0,00b3,00aa,0000,0,009,00aa,00aa,1,a7,0112,00d0
473,473,0,df9b01076f4a0000,fc,0,0,00aa,4d1a,0,0000,00aa,0,00aa,0000,1,1,0,0,0000,00b3,0000,0000,0000,0000,0,00b3,00aa,0000,0,009,00aa,00aa,1,a7,0112,00d0
474,474,0,df9b01076f4a0000,fc,0,0,00aa,4d1a,0,0000,00aa,0,00aa,0000,1,1,0,0,0000,00b3,0000,0000,0000,0000,0,00b3,00aa,0000,0,009,00aa,00aa,1,a7,0112,00d0
475,475,0,df9b01076f4a0000,fc,0,0,00aa,4d1a,0,0000,00aa,0,00aa,0000,1,1,0,0,0000,00b3,0000,0000,0000,0000,0,00b3,00aa,0000,0,009,00aa,00aa,1,a7,0112,00d0
476,476,0,df9b01076f4a0000,fc,0,0,00aa,4d1a,0,0000,00aa,0,00aa,0000,1,1,0,0,0000,00b3,0000,0000,0000,0000,0,00b3,00aa,0000,0,009,00aa,00aa,1,a7,0112,00d0
477,477,0,df9b01076f4a0000,fc,0,0,00aa,4d1a,0,0000,00aa,0,00aa,0000,1,1,0,0,0000,00b3,0000,0000,0000,0000,0,00b3,00aa,0000,0,009,00aa,00aa,1,a7,0112,00d0
478,478,0,df9b01076f4a0000,fc,0,0,00aa,4d1a,0,0000,00aa,0,00aa,0000,1,1,0,0,0000,00b3,0000,0000,0000,0000,0,00b3,00aa,0000,0,009,00aa,00aa,1,a7,0112,00d0
479,479,0,df9b01076f4a0000,fc,0,0,00aa,4d1a,0,0000,00aa,0,00aa,0000,1,1,0,0,0000,00b3,0000,0000,0000,0000,0,00b3,00aa,0000,0,009,00aa,00aa,1,a7,0112,00d0
480,480,0,df9b01076f4a0000,fc,0,0,00aa,4d1a,0,0000,00aa,0,00aa,0000,1,1,0,0,0000,00b3,0000,0000,0000,0000,0,00b3,00aa,0000,0,009,00aa,00aa,1,a7,0112,00d0
481,481,0,df9b01076f4a0000,fc,0,0,00aa,4d1a,0,0000,00aa,0,00aa,0000,1,1,0,0,0000,00b3,0000,0000,0000,0000,0,00b3,00aa,0000,0,009,00aa,00aa,1,a7,0112,00d0
482,482,0,df9b01076f4a0000,fc,0,0,00aa,4d1a,0,0000,00aa,0,00aa,0000,1,1,0,0,0000,00b3,0000,0000,0000,0000,0,00b3,00aa,0000,0,009,00aa,00aa,1,a7,0112,00d0
483,483,0,df9b01076f4a0000,fc,0,0,00aa,4d1a,0,0000,00aa,0,00aa,0000,1,1,0,0,0000,00b3,0000,0000,0000,0000,0,00b3,00aa,0000,0,009,00aa,00aa,1,a7,0112,00d0
484,484,0,df9b01076f4a0000,fc,0,0,00aa,4d1a,0,0000,00aa,0,00aa,0000,1,1,0,0,0000,00b3,0000,0000,0000,0000,0,00b3,00aa,0000,0,009,00aa,00aa,1,a7,0112,00d0
485,485,0,df9b01076f4a0000,fc,0,0,00aa,4d1a,0,0000,00aa,0,00aa,0000,1,1,0,0,0000,00b3,0000,0000,0000,0000,0,00b3,00aa,0000,0,009,00aa,00aa,1,a7,0112,00d0
486,486,0,df9b01076f4a0000,fc,0,0,00aa,4d1a,0,0000,00aa,0,00aa,0000,1,1,0,0,0000,00b3,0000,0000,0000,0000,0,00b3,00aa,0000,0,009,00aa,00aa,1,a7,0112,00d0
487,487,0,df9b01076f4a0000,fc,0,0,00aa,4d1a,0,0000,00aa,0,00aa,0000,1,1,0,0,0000,00b3,0000,0000,0000,0000,0,00b3,00aa,0000,0,009,00aa,00aa,1,a7,0112,00d0
488,488,0,df9b01076f4a0000,fc,0,0,00aa,4d1a,0,0000,00aa,0,00aa,0000,1,1,0,0,0000,00b3,0000,0000,0000,0000,0,00b3,00aa,0000,0,009,00aa,00aa,1,a7,0112,00d0
489,489,0,df9b01076f4a0000,fc,0,0,00aa,4d1a,0,0000,00aa,0,00aa,0000,1,1,0,0,0000,00b3,0000,0000,0000,0000,0,00b3,00aa,0000,0,009,00aa,00aa,1,a7,0112,00d0
490,490,0,df9b01076f4a0000,fc,0,0,00aa,4d1a,0,0000,00aa,0,00aa,0000,1,1,0,0,0000,00b3,0000,0000,0000,0000,0,00b3,00aa,0000,0,009,00aa,00aa,1,a7,0112,00d0
491,491,0,df9b01076f4a0000,fc,0,0,00aa,4d1a,0,0000,00aa,0,00aa,0000,1,1,0,0,0000,00b3,0000,0000,0000,0000,0,00b3,00aa,0000,0,009,00aa,00aa,1,a7,0112,00d0
492,492,0,df9b01076f4a0000,fc,0,0,00aa,4d1a,0,0000,00aa,0,00aa,0000,1,1,0,0,0000,00b3,0000,0000,0000,0000,0,00b3,00aa,0000,0,009,00aa,00aa,1,a7,0112,00d0
493,493,0,df9b01076f4a0000,fc,0,0,00aa,4d1a,0,0000,00aa,0,00aa,0000,1,1,0,0,0000,00b3,0000,0000,0000,0000,0,00b3,00aa,0000,0,009,00aa,00aa,1,a7,0112,00d0
494,494,0,df9b01076f4a0000,fc,0,0,00aa,4d1a,0,0000,00aa,0,00aa,0000,1,1,0,0,0000,00b3,0000,0000,0000,0000,0,00b3,00aa,0000,0,009,00aa,00aa,1,a7,0112,00d0
495,495,0,df9b01076f4a0000,fc,0,0,00aa,4d1a,0,0000,00aa,0,00aa,0000,1,1,0,0,0000,00b3,0000,0000,0000,0000,0,00b3,00aa,0000,0,009,00aa,00aa,1,a7,0112,00d0
496,496,0,df9b01076f4a0000,fc,0,0,00aa,4d1a,0,0000,00aa,0,00aa,0000,1,1,0,0,0000,00b3,0000,0000,0000,0000,0,00b3,00aa,0000,0,009,00aa,00aa,1,a7,0112,00d0
497,497,0,df9b01076f4a0000,fc,0,0,00aa,4d1a,0,0000,00aa,0,00aa,0000,1,1,0,0,0000,00b3,0000,0000,0000,0000,0,00b3,00aa,0000,0,009,00aa,00aa,1,a7,0112,00d0
498,498,0,df9b01076f4a0000,fc,0,0,00aa,4d1a,0,0000,00aa,0,00aa,0000,1,1,0,0,0000,00b3,0000,0000,0000,0000,0,00b3,00aa,0000,0,009,00aa,00aa,1,a7,0112,00d0
499,499,0,df9b01076f4a0000,fc,0,0,00aa,4d1a,0,0000,00aa,0,00aa,0000,1,1,0,0,0000,00b3,0000,0000,0000,0000,0,00b3,00aa,0000,0,009,00aa,00aa,1,a7,0112,00d0
500,500,0,df9b01076f4a0000,fc,0,0,00aa,4d1a,0,0000,00aa,0,00aa,0000,1,1,0,0,0000,00b3,0000,0000,0000,0000,0,00b3,00aa,0000,0,009,00aa,00aa,1,a7,0112,00d0
501,501,0,df9b01076f4a0000,fc,0,0,00aa,4d1a,0,0000,00aa,0,00aa,0000,1,1,0,0,0000,00b3,0000,0000,0000,0000,0,00b3,00aa,0000,0,009,00aa,00aa,1,a7,0112,00d0
502,502,0,df9b01076f4a0000,fc,0,0,00aa,4d1a,0,0000,00aa,0,00aa,0000,1,1,0,0,0000,00b3,0000,0000,0000,0000,0,00b3,00aa,0000,0,009,00aa,00aa,1,a7,0112,00d0
503,503,0,df9b01076f4a0000,fc,0,0,00aa,4d1a,0,0000,00aa,0,00aa,0000,1,1,0,0,0000,00b3,0000,0000,0000,0000,0,00b3,00aa,0000,0,009,00aa,00aa,1,a7,0112,00d0
504,504,0,df9b01076f4a0000,fc,0,0,00aa,4d1a,0,0000,00aa,0,00aa,0000,1,1,0,0,0000,00b3,0000,0000,0000,0000,0,00b3,00aa,0000,0,009,00aa,00aa,1,a7,0112,00d0
505,505,0,df9b01076f4a0000,fc,0,0,00aa,4d1a,0,0000,00aa,0,00aa,0000,1,1,0,0,0000,00b3,0000,0000,0000,0000,0,00b3,00aa,0000,0,009,00aa,00aa,1,a7,0112,00d0
506,506,0,df9b01076f4a0000,fc,0,0,00aa,4d1a,0,0000,00aa,0,00aa,0000,1,1,0,0,0000,00b3,0000,0000,0000,0000,0,00b3,00aa,0000,0,009,00aa,00aa,1,a7,0112,00d0
507,507,0,df9b01076f4a0000,fc,0,0,00aa,4d1a,0,0000,00aa,0,00aa,0000,1,1,0,0,0000,00b3,0000,0000,0000,0000,0,00b3,00aa,0000,0,009,00aa,00aa,1,a7,0112,00d0
508,508,0,df9b01076f4a0000,fc,0,0,00aa,4d1a,0,0000,00aa,0,00aa,0000,1,1,0,0,0000,00b3,0000,0000,0000,0000,0,00b3,00aa,0000,0,009,00aa,00aa,1,a7,0112,00d0
509,509,0,df9b01076f4a0000,fc,0,0,00aa,4d1a,0,0000,00aa,0,00aa,0000,1,1,0,0,0000,00b3,0000,0000,0000,0000,0,00b3,00aa,0000,0,009,00aa,00aa,1,a7,0112,00d0
510,510,0,df9b01076f4a0000,fc,0,0,00aa,4d1a,0,0000,00aa,0,00aa,0000,1,1,0,0,0000,00b3,0000,0000,0000,0000,0,00b3,00aa,0000,0,009,00aa,00aa,1,a7,0112,00d0
511,511,0,df9b01076f4a0000,fc,0,0,00aa,4d1a,0,0000,00aa,0,00aa,0000,1,1,0,0,0000,00b3,0000,0000,0000,0000,0,00b3,00aa,0000,0,009,00aa,00aa,1,a7,0112,00d0
512,512,0,df9b01076f4a0000,fc,0,0,00aa,4d1a,0,0000,00aa,0,00aa,0000,1,1,0,0,0000,00b3,0000,0000,0000,0000,0,00b3,00aa,0000,0,009,00aa,00aa,1,a7,0112,00d0
513,513,0,df9b01076f4a0000,fc,0,0,00aa,4d1a,0,0000,00aa,0,00aa,0000,1,1,0,0,0000,00b3,0000,0000,0000,0000,0,00b3,00aa,0000,0,009,00aa,00aa,1,a7,0112,00d0
514,514,0,df9b01076f4a0000,fc,0,0,00aa,4d1a,0,0000,00aa,0,00aa,0000,1,1,0,0,0000,00b3,0000,0000,0000,0000,0,00b3,00aa,0000,0,009,00aa,00aa,1,a7,0112,00d0
515,515,0,df9b01076f4a0000,fc,0,0,00aa,4d1a,0,0000,00aa,0,00aa,0000,1,1,0,0,0000,00b3,0000,0000,0000,0000,0,00b3,00aa,0000,0,009,00aa,00aa,1,a7,0112,00d0
516,516,0,df9b01076f4a0000,fc,0,0,00aa,4d1a,0,0000,00aa,0,00aa,0000,1,1,0,0,0000,00b3,0000,0000,0000,0000,0,00b3,00aa,0000,0,009,00aa,00aa,1,a7,0112,00d0
517,517,0,df9b01076f4a0000,fc,0,0,00aa,4d1a,0,0000,00aa,0,00aa,0000,1,1,0,0,0000,00b3,0000,0000,0000,0000,0,00b3,00aa,0000,0,009,00aa,00aa,1,a7,0112,00d0
518,518,0,df9b01076f4a0000,fc,0,0,00aa,4d1a,0,0000,00aa,0,00aa,0000,1,1,0,0,0000,00b3,0000,0000,0000,0000,0,00b3,00aa,0000,0,009,00aa,00aa,1,a7,0112,00d0
519,519,0,df9b01076f4a0000,fc,0,0,00aa,4d1a,0,0000,00aa,0,00aa,0000,1,1,0,0,0000,00b3,0000,0000,0000,0000,0,00b3,00aa,0000,0,009,00aa,00aa,1,a7,0112,00d0
520,520,0,df9b01076f4a0000,fc,0,0,00aa,4d1a,0,0000,00aa,0,00aa,0000,1,1,0,0,0000,00b3,0000,0000,0000,0000,0,00b3,00aa,0000,0,009,00aa,00aa,1,a7,0112,00d0
521,521,0,df9b01076f4a0000,fc,0,0,00aa,4d1a,0,0000,00aa,0,00aa,0000,1,1,0,0,0000,00b3,0000,0000,0000,0000,0,00b3,00aa,0000,0,009,00aa,00aa,1,a7,0112,00d0
522,522,0,df9b01076f4a0000,fc,0,0,00aa,4d1a,0,0000,00aa,0,00aa,0000,1,1,0,0,0000,00b3,0000,0000,0000,0000,0,00b3,00aa,0000,0,009,00aa,00aa,1,a7,0112,00d0
523,523,0,df9b01076f4a0000,fc,0,0,00aa,4d1a,0,0000,00aa,0,00aa,0000,1,1,0,0,0000,00b3,0000,0000,0000,0000,0,00b3,00aa,0000,0,009,00aa,00aa,1,a7,0112,00d0
524,524,0,df9b01076f4a0000,fc,0,0,00aa,4d1a,0,0000,00aa,0,00aa,0000,1,1,0,0,0000,00b3,0000,0000,0000,0000,0,00b3,00aa,0000,0,009,00aa,00aa,1,a7,0112,00d0
525,525,0,df9b01076f4a0000,fc,0,0,00aa,4d1a,0,0000,00aa,0,00aa,0000,1,1,0,0,0000,00b3,0000,0000,0000,0000,0,00b3,00aa,0000,0,009,00aa,00aa,1,a7,0112,00d0
526,526,0,df9b01076f4a0000,fc,0,0,00aa,4d1a,0,0000,00aa,0,00aa,0000,1,1,0,0,0000,00b3,0000,0000,0000,0000,0,00b3,00aa,0000,0,009,00aa,00aa,1,a7,0112,00d0
527,527,0,df9b01076f4a0000,fc,0,0,00aa,4d1a,0,0000,00aa,0,00aa,0000,1,1,0,0,0000,00b3,0000,0000,0000,0000,0,00b3,00aa,0000,0,009,00aa,00aa,1,a7,0112,00d0
528,528,0,df9b01076f4a0000,fc,0,0,00aa,4d1a,0,0000,00aa,0,00aa,0000,1,1,0,0,0000,00b3,0000,0000,0000,0000,0,00b3,00aa,0000,0,009,00aa,00aa,1,a7,0112,00d0
529,529,0,df9b01076f4a0000,fc,0,0,00aa,4d1a,0,0000,00aa,0,00aa,0000,1,1,0,0,0000,00b3,0000,0000,0000,0000,0,00b3,00aa,0000,0,009,00aa,00aa,1,a7,0112,00d0
530,530,0,df9b01076f4a0000,fc,0,0,00aa,4d1a,0,0000,00aa,0,00aa,0000,1,1,0,0,0000,00b3,0000,0000,0000,0000,0,00b3,00aa,0000,0,009,00aa,00aa,1,a7,0112,00d0
531,531,0,df9b01076f4a0000,fc,0,0,00aa,4d1a,0,0000,00aa,0,00aa,0000,1,1,0,0,0000,00b3,0000,0000,0000,0000,0,00b3,00aa,0000,0,009,00aa,00aa,1,a7,0112,00d0
532,532,0,df9b01076f4a0000,fc,0,0,00aa,4d1a,0,0000,00aa,0,00aa,0000,1,1,0,0,0000,00b3,0000,0000,0000,0000,0,00b3,00aa,0000,0,009,00aa,00aa,1,a7,0112,00d0
533,533,0,df9b01076f4a0000,fc,0,0,00aa,4d1a,0,0000,00aa,0,00aa,0000,1,1,0,0,0000,00b3,0000,0000,0000,0000,0,00b3,00aa,0000,0,009,00aa,00aa,1,a7,0112,00d0
534,534,0,df9b01076f4a0000,fc,0,0,00aa,4d1a,0,0000,00aa,0,00aa,0000,1,1,0,0,0000,00b3,0000,0000,0000,0000,0,00b3,00aa,0000,0,009,00aa,00aa,1,a7,0112,00d0
535,535,0,df9b01076f4a0000,fc,0,0,00aa,4d1a,0,0000,00aa,0,00aa,0000,1,1,0,0,0000,00b3,0000,0000,0000,0000,0,00b3,00aa,0000,0,009,00aa,00aa,1,a7,0112,00d0
536,536,0,df9b01076f4a0000,fc,0,0,00aa,4d1a,0,0000,00aa,0,00aa,0000,1,1,0,0,0000,00b3,0000,0000,0000,0000,0,00b3,00aa,0000,0,009,00aa,00aa,1,a7,0112,00d0
537,537,0,df9b01076f4a0000,fc,0,0,00aa,4d1a,0,0000,00aa,0,00aa,0000,1,1,0,0,0000,00b3,0000,0000,0000,0000,0,00b3,00aa,0000,0,009,00aa,00aa,1,a7,0112,00d0
538,538,0,df9b01076f4a0000,fc,0,0,00aa,4d1a,0,0000,00aa,0,00aa,0000,1,1,0,0,0000,00b3,0000,0000,0000,0000,0,00b3,00aa,0000,0,009,00aa,00aa,1,a7,0112,00d0
539,539,0,df9b01076f4a0000,fc,0,0,00aa,4d1a,0,0000,00aa,0,00aa,0000,1,1,0,0,0000,00b3,0000,0000,0000,0000,0,00b3,00aa,0000,0,009,00aa,00aa,1,a7,0112,00d0
540,540,0,df9b01076f4a0000,fc,0,0,00aa,4d1a,0,0000,00aa,0,00aa,0000,1,1,0,0,0000,00b3,0000,0000,0000,0000,0,00b3,00aa,0000,0,009,00aa,00aa,1,a7,0112,00d0
541,541,0,df9b01076f4a0000,fc,0,0,00aa,4d1a,0,0000,00aa,0,00aa,0000,1,1,0,0,0000,00b3,0000,0000,0000,0000,0,00b3,00aa,0000,0,009,00aa,00aa,1,a7,0112,00d0
542,542,0,df9b01076f4a0000,fc,0,0,00aa,4d1a,0,0000,00aa,0,00aa,0000,1,1,0,0,0000,00b3,0000,0000,0000,0000,0,00b3,00aa,0000,0,009,00aa,00aa,1,a7,0112,00d0
543,543,0,df9b01076f4a0000,fc,0,0,00aa,4d1a,0,0000,00aa,0,00aa,0000,1,1,0,0,0000,00b3,0000,0000,0000,0000,0,00b3,00aa,0000,0,009,00aa,00aa,1,a7,0112,00d0
544,544,0,df9b01076f4a0000,fc,0,0,00aa,4d1a,0,0000,00aa,0,00aa,0000,1,1,0,0,0000,00b3,0000,0000,0000,0000,0,00b3,00aa,0000,0,009,00aa,00aa,1,a7,0112,00d0
545,545,0,df9b01076f4a0000,fc,0,0,00aa,4d1a,0,0000,00aa,0,00aa,0000,1,1,0,0,0000,00b3,0000,0000,0000,0000,0,00b3,00aa,0000,0,009,00aa,00aa,1,a7,0112,00d0
546,546,0,df9b01076f4a0000,fc,0,0,00aa,4d1a,0,0000,00aa,0,00aa,0000,1,1,0,0,0000,00b3,0000,0000,0000,0000,0,00b3,00aa,0000,0,009,00aa,00aa,1,a7,0112,00d0
547,547,0,df9b01076f4a0000,fc,0,0,00aa,4d1a,0,0000,00aa,0,00aa,0000,1,1,0,0,0000,00b3,0000,0000,0000,0000,0,00b3,00aa,0000,0,009,00aa,00aa,1,a7,0112,00d0
548,548,0,df9b01076f4a0000,fc,0,0,00aa,4d1a,0,0000,00aa,0,00aa,0000,1,1,0,0,0000,00b3,0000,0000,0000,0000,0,00b3,00aa,0000,0,009,00aa,00aa,1,a7,0112,00d0
549,549,0,df9b01076f4a0000,fc,0,0,00aa,4d1a,0,0000,00aa,0,00aa,0000,1,1,0,0,0000,00b3,0000,0000,0000,0000,0,00b3,00aa,0000,0,009,00aa,00aa,1,a7,0112,00d0
550,550,0,df9b01076f4a0000,fc,0,0,00aa,4d1a,0,0000,00aa,0,00aa,0000,1,1,0,0,0000,00b3,0000,0000,0000,0000,0,00b3,00aa,0000,0,009,00aa,00aa,1,a7,0112,00d0
551,551,0,df9b01076f4a0000,fc,0,0,00aa,4d1a,0,0000,00aa,0,00aa,0000,1,1,0,0,0000,00b3,0000,0000,0000,0000,0,00b3,00aa,0000,0,009,00aa,00aa,1,a7,0112,00d0
552,552,0,df9b01076f4a0000,fc,0,0,00aa,4d1a,0,0000,00aa,0,00aa,0000,1,1,0,0,0000,00b3,0000,0000,0000,0000,0,00b3,00aa,0000,0,009,00aa,00aa,1,a7,0112,00d0
553,553,0,df9b01076f4a0000,fc,0,0,00aa,4d1a,0,0000,00aa,0,00aa,0000,1,1,0,0,0000,00b3,0000,0000,0000,0000,0,00b3,00aa,0000,0,009,00aa,00aa,1,a7,0112,00d0
554,554,0,df9b01076f4a0000,fc,0,0,00aa,4d1a,0,0000,00aa,0,00aa,0000,1,1,0,0,0000,00b3,0000,0000,0000,0000,0,00b3,00aa,0000,0,009,00aa,00aa,1,a7,0112,00d0
555,555,0,df9b01076f4a0000,fc,0,0,00aa,4d1a,0,0000,00aa,0,00aa,0000,1,1,0,0,0000,00b3,0000,0000,0000,0000,0,00b3,00aa,0000,0,009,00aa,00aa,1,a7,0112,00d0
556,556,0,df9b01076f4a0000,fc,0,0,00aa,4d1a,0,0000,00aa,0,00aa,0000,1,1,0,0,0000,00b3,0000,0000,0000,0000,0,00b3,00aa,0000,0,009,00aa,00aa,1,a7,0112,00d0
557,557,0,df9b01076f4a0000,fc,0,0,00aa,4d1a,0,0000,00aa,0,00aa,0000,1,1,0,0,0000,00b3,0000,0000,0000,0000,0,00b3,00aa,0000,0,009,00aa,00aa,1,a7,0112,00d0
558,558,0,df9b01076f4a0000,fc,0,0,00aa,4d1a,0,0000,00aa,0,00aa,0000,1,1,0,0,0000,00b3,0000,0000,0000,0000,0,00b3,00aa,0000,0,009,00aa,00aa,1,a7,0112,00d0
559,559,0,df9b01076f4a0000,fc,0,0,00aa,4d1a,0,0000,00aa,0,00aa,0000,1,1,0,0,0000,00b3,0000,0000,0000,0000,0,00b3,00aa,0000,0,009,00aa,00aa,1,a7,0112,00d0
560,560,0,df9b01076f4a0000,fc,0,0,00aa,4d1a,0,0000,00aa,0,00aa,0000,1,1,0,0,0000,00b3,0000,0000,0000,0000,0,00b3,00aa,0000,0,009,00aa,00aa,1,a7,0112,00d0
561,561,0,df9b01076f4a0000,fc,0,0,00aa,4d1a,0,0000,00aa,0,00aa,0000,1,1,0,0,0000,00b3,0000,0000,0000,0000,0,00b3,00aa,0000,0,009,00aa,00aa,1,a7,0112,00d0
562,562,0,df9b01076f4a0000,fc,0,0,00aa,4d1a,0,0000,00aa,0,00aa,0000,1,1,0,0,0000,00b3,0000,0000,0000,0000,0,00b3,00aa,0000,0,009,00aa,00aa,1,a7,0112,00d0
563,563,0,df9b01076f4a0000,fc,0,0,00aa,4d1a,0,0000,00aa,0,00aa,0000,1,1,0,0,0000,00b3,0000,0000,0000,0000,0,00b3,00aa,0000,0,009,00aa,00aa,1,a7,0112,00d0
564,564,0,df9b01076f4a0000,fc,0,0,00aa,4d1a,0,0000,00aa,0,00aa,0000,1,1,0,0,0000,00b3,0000,0000,0000,0000,0,00b3,00aa,0000,0,009,00aa,00aa,1,a7,0112,00d0
565,565,0,df9b01076f4a0000,fc,0,0,00aa,4d1a,0,0000,00aa,0,00aa,0000,1,1,0,0,0000,00b3,0000,0000,0000,0000,0,00b3,00aa,0000,0,009,00aa,00aa,1,a7,0112,00d0
566,566,0,df9b01076f4a0000,fc,0,0,00aa,4d1a,0,0000,00aa,0,00aa,0000,1,1,0,0,0000,00b3,0000,0000,0000,0000,0,00b3,00aa,0000,0,009,00aa,00aa,1,a7,0112,00d0
567,567,0,df9b01076f4a0000,fc,0,0,00aa,4d1a,0,0000,00aa,0,00aa,0000,1,1,0,0,0000,00b3,0000,0000,0000,0000,0,00b3,00aa,0000,0,009,00aa,00aa,1,a7,0112,00d0
568,568,0,df9b01076f4a0000,fc,0,0,00aa,4d1a,0,0000,00aa,0,00aa,0000,1,1,0,0,0000,00b3,0000,0000,0000,0000,0,00b3,00aa,0000,0,009,00aa,00aa,1,a7,0112,00d0
569,569,0,df9b01076f4a0000,fc,0,0,00aa,4d1a,0,0000,00aa,0,00aa,0000,1,1,0,0,0000,00b3,0000,0000,0000,0000,0,00b3,00aa,0000,0,009,00aa,00aa,1,a7,0112,00d0
570,570,0,df9b01076f4a0000,fc,0,0,00aa,4d1a,0,0000,00aa,0,00aa,0000,1,1,0,0,0000,00b3,0000,0000,0000,0000,0,00b3,00aa,0000,0,009,00aa,00aa,1,a7,0112,00d0
571,571,0,df9b01076f4a0000,fc,0,0,00aa,4d1a,0,0000,00aa,0,00aa,0000,1,1,0,0,0000,00b3,0000,0000,0000,0000,0,00b3,00aa,0000,0,009,00aa,00aa,1,a7,0112,00d0
572,572,0,df9b01076f4a0000,fc,0,0,00aa,4d1a,0,0000,00aa,0,00aa,0000,1,1,0,0,0000,00b3,0000,0000,0000,0000,0,00b3,00aa,0000,0,009,00aa,00aa,1,a7,0112,00d0
573,573,0,df9b01076f4a0000,fc,0,0,00aa,4d1a,0,0000,00aa,0,00aa,0000,1,1,0,0,0000,00b3,0000,0000,0000,0000,0,00b3,00aa,0000,0,009,00aa,00aa,1,a7,0112,00d0
574,574,0,df9b01076f4a0000,fc,0,0,00aa,4d1a,0,0000,00aa,0,00aa,0000,1,1,0,0,0000,00b3,0000,0000,0000,0000,0,00b3,00aa,0000,0,009,00aa,00aa,1,a7,0112,00d0
575,575,0,df9b01076f4a0000,fc,0,0,00aa,4d1a,0,0000,00aa,0,00aa,0000,1,1,0,0,0000,00b3,0000,0000,0000,0000,0,00b3,00aa,0000,0,009,00aa,00aa,1,a7,0112,00d0
576,576,0,df9b01076f4a0000,fc,0,0,00aa,4d1a,0,0000,00aa,0,00aa,0000,1,1,0,0,0000,00b3,0000,0000,0000,0000,0,00b3,00aa,0000,0,009,00aa,00aa,1,a7,0112,00d0
577,577,0,df9b01076f4a0000,fc,0,0,00aa,4d1a,0,0000,00aa,0,00aa,0000,1,1,0,0,0000,00b3,0000,0000,0000,0000,0,00b3,00aa,0000,0,009,00aa,00aa,1,a7,0112,00d0
578,578,0,df9b01076f4a0000,fc,0,0,00aa,4d1a,0,0000,00aa,0,00aa,0000,1,1,0,0,0000,00b3,0000,0000,0000,0000,0,00b3,00aa,0000,0,009,00aa,00aa,1,a7,0112,00d0
579,579,0,df9b01076f4a0000,fc,0,0,00aa,4d1a,0,0000,00aa,0,00aa,0000,1,1,0,0,0000,00b3,0000,0000,0000,0000,0,00b3,00aa,0000,0,009,00aa,00aa,1,a7,0112,00d0
580,580,0,df9b01076f4a0000,fc,0,0,00aa,4d1a,0,0000,00aa,0,00aa,0000,1,1,0,0,0000,00b3,0000,0000,0000,0000,0,00b3,00aa,0000,0,009,00aa,00aa,1,a7,0112,00d0
581,581,0,df9b01076f4a0000,fc,0,0,00aa,4d1a,0,0000,00aa,0,00aa,0000,1,1,0,0,0000,00b3,0000,0000,0000,0000,0,00b3,00aa,0000,0,009,00aa,00aa,1,a7,0112,00d0
582,582,0,df9b01076f4a0000,fc,0,0,00aa,4d1a,0,0000,00aa,0,00aa,0000,1,1,0,0,0000,00b3,0000,0000,0000,0000,0,00b3,00aa,0000,0,009,00aa,00aa,1,a7,0112,00d0
583,583,0,df9b01076f4a0000,fc,0,0,00aa,4d1a,0,0000,00aa,0,00aa,0000,1,1,0,0,0000,00b3,0000,0000,0000,0000,0,00b3,00aa,0000,0,009,00aa,00aa,1,a7,0112,00d0
584,584,0,df9b01076f4a0000,fc,0,0,00aa,4d1a,0,0000,00aa,0,00aa,0000,1,1,0,0,0000,00b3,0000,0000,0000,0000,0,00b3,00aa,0000,0,009,00aa,00aa,1,a7,0112,00d0
585,585,0,df9b01076f4a0000,fc,0,0,00aa,4d1a,0,0000,00aa,0,00aa,0000,1,1,0,0,0000,00b3,0000,0000,0000,0000,0,00b3,00aa,0000,0,009,00aa,00aa,1,a7,0112,00d0
586,586,0,df9b01076f4a0000,fc,0,0,00aa,4d1a,0,0000,00aa,0,00aa,0000,1,1,0,0,0000,00b3,0000,0000,0000,0000,0,00b3,00aa,0000,0,009,00aa,00aa,1,a7,0112,00d0
587,587,0,df9b01076f4a0000,fc,0,0,00aa,4d1a,0,0000,00aa,0,00aa,0000,1,1,0,0,0000,00b3,0000,0000,0000,0000,0,00b3,00aa,0000,0,009,00aa,00aa,1,a7,0112,00d0
588,588,0,df9b01076f4a0000,fc,0,0,00aa,4d1a,0,0000,00aa,0,00aa,0000,1,1,0,0,0000,00b3,0000,0000,0000,0000,0,00b3,00aa,0000,0,009,00aa,00aa,1,a7,0112,00d0
589,589,0,df9b01076f4a0000,fc,0,0,00aa,4d1a,0,0000,00aa,0,00aa,0000,1,1,0,0,0000,00b3,0000,0000,0000,0000,0,00b3,00aa,0000,0,009,00aa,00aa,1,a7,0112,00d0
590,590,0,df9b01076f4a0000,fc,0,0,00aa,4d1a,0,0000,00aa,0,00aa,0000,1,1,0,0,0000,00b3,0000,0000,0000,0000,0,00b3,00aa,0000,0,009,00aa,00aa,1,a7,0112,00d0
591,591,0,df9b01076f4a0000,fc,0,0,00aa,4d1a,0,0000,00aa,0,00aa,0000,1,1,0,0,0000,00b3,0000,0000,0000,0000,0,00b3,00aa,0000,0,009,00aa,00aa,1,a7,0112,00d0
592,592,0,df9b01076f4a0000,fc,0,0,00aa,4d1a,0,0000,00aa,0,00aa,0000,1,1,0,0,0000,00b3,0000,0000,0000,0000,0,00b3,00aa,0000,0,009,00aa,00aa,1,a7,0112,00d0
593,593,0,df9b01076f4a0000,fc,0,0,00aa,4d1a,0,0000,00aa,0,00aa,0000,1,1,0,0,0000,00b3,0000,0000,0000,0000,0,00b3,00aa,0000,0,009,00aa,00aa,1,a7,0112,00d0
594,594,0,df9b01076f4a0000,fc,0,0,00aa,4d1a,0,0000,00aa,0,00aa,0000,1,1,0,0,0000,00b3,0000,0000,0000,0000,0,00b3,00aa,0000,0,009,00aa,00aa,1,a7,0112,00d0
595,595,0,df9b01076f4a0000,fc,0,0,00aa,4d1a,0,0000,00aa,0,00aa,0000,1,1,0,0,0000,00b3,0000,0000,0000,0000,0,00b3,00aa,0000,0,009,00aa,00aa,1,a7,0112,00d0
596,596,0,df9b01076f4a0000,fc,0,0,00aa,4d1a,0,0000,00aa,0,00aa,0000,1,1,0,0,0000,00b3,0000,0000,0000,0000,0,00b3,00aa,0000,0,009,00aa,00aa,1,a7,0112,00d0
597,597,0,df9b01076f4a0000,fc,0,0,00aa,4d1a,0,0000,00aa,0,00aa,0000,1,1,0,0,0000,00b3,0000,0000,0000,0000,0,00b3,00aa,0000,0,009,00aa,00aa,1,a7,0112,00d0
598,598,0,df9b01076f4a0000,fc,0,0,00aa,4d1a,0,0000,00aa,0,00aa,0000,1,1,0,0,0000,00b3,0000,0000,0000,0000,0,00b3,00aa,0000,0,009,00aa,00aa,1,a7,0112,00d0
599,599,0,df9b01076f4a0000,fc,0,0,00aa,4d1a,0,0000,00aa,0,00aa,0000,1,1,0,0,0000,00b3,0000,0000,0000,0000,0,00b3,00aa,0000,0,009,00aa,00aa,1,a7,0112,00d0
600,600,0,df9b01076f4a0000,fc,0,0,00aa,4d1a,0,0000,00aa,0,00aa,0000,1,1,0,0,0000,00b3,0000,0000,0000,0000,0,00b3,00aa,0000,0,009,00aa,00aa,1,a7,0112,00d0
601,601,0,df9b01076f4a0000,fc,0,0,00aa,4d1a,0,0000,00aa,0,00aa,0000,1,1,0,0,0000,00b3,0000,0000,0000,0000,0,00b3,00aa,0000,0,009,00aa,00aa,1,a7,0112,00d0
602,602,0,df9b01076f4a0000,fc,0,0,00aa,4d1a,0,0000,00aa,0,00aa,0000,1,1,0,0,0000,00b3,0000,0000,0000,0000,0,00b3,00aa,0000,0,009,00aa,00aa,1,a7,0112,00d0
603,603,0,df9b01076f4a0000,fc,0,0,00aa,4d1a,0,0000,00aa,0,00aa,0000,1,1,0,0,0000,00b3,0000,0000,0000,0000,0,00b3,00aa,0000,0,009,00aa,00aa,1,a7,0112,00d0
604,604,0,df9b01076f4a0000,fc,0,0,00aa,4d1a,0,0000,00aa,0,00aa,0000,1,1,0,0,0000,00b3,0000,0000,0000,0000,0,00b3,00aa,0000,0,009,00aa,00aa,1,a7,0112,00d0
605,605,0,df9b01076f4a0000,fc,0,0,00aa,4d1a,0,0000,00aa,0,00aa,0000,1,1,0,0,0000,00b3,0000,0000,0000,0000,0,00b3,00aa,0000,0,009,00aa,00aa,1,a7,0112,00d0
606,606,0,df9b01076f4a0000,fc,0,0,00aa,4d1a,0,0000,00aa,0,00aa,0000,1,1,0,0,0000,00b3,0000,0000,0000,0000,0,00b3,00aa,0000,0,009,00aa,00aa,1,a7,0112,00d0
607,607,0,df9b01076f4a0000,fc,0,0,00aa,4d1a,0,0000,00aa,0,00aa,0000,1,1,0,0,0000,00b3,0000,0000,0000,0000,0,00b3,00aa,0000,0,009,00aa,00aa,1,a7,0112,00d0
608,608,0,df9b01076f4a0000,fc,0,0,00aa,4d1a,0,0000,00aa,0,00aa,0000,1,1,0,0,0000,00b3,0000,0000,0000,0000,0,00b3,00aa,0000,0,009,00aa,00aa,1,a7,0112,00d0
609,609,0,df9b01076f4a0000,fc,0,0,00aa,4d1a,0,0000,00aa,0,00aa,0000,1,1,0,0,0000,00b3,0000,0000,0000,0000,0,00b3,00aa,0000,0,009,00aa,00aa,1,a7,0112,00d0
610,610,0,df9b01076f4a0000,fc,0,0,00aa,4d1a,0,0000,00aa,0,00aa,0000,1,1,0,0,0000,00b3,0000,0000,0000,0000,0,00b3,00aa,0000,0,009,00aa,00aa,1,a7,0112,00d0
611,611,0,df9b01076f4a0000,fc,0,0,00aa,4d1a,0,0000,00aa,0,00aa,0000,1,1,0,0,0000,00b3,0000,0000,0000,0000,0,00b3,00aa,0000,0,009,00aa,00aa,1,a7,0112,00d0
612,612,0,df9b01076f4a0000,fc,0,0,00aa,4d1a,0,0000,00aa,0,00aa,0000,1,1,0,0,0000,00b3,0000,0000,0000,0000,0,00b3,00aa,0000,0,009,00aa,00aa,1,a7,0112,00d0
613,613,0,df9b01076f4a0000,fc,0,0,00aa,4d1a,0,0000,00aa,0,00aa,0000,1,1,0,0,0000,00b3,0000,0000,0000,0000,0,00b3,00aa,0000,0,009,00aa,00aa,1,a7,0112,00d0
614,614,0,df9b01076f4a0000,fc,0,0,00aa,4d1a,0,0000,00aa,0,00aa,0000,1,1,0,0,0000,00b3,0000,0000,0000,0000,0,00b3,00aa,0000,0,009,00aa,00aa,1,a7,0112,00d0
615,615,0,df9b01076f4a0000,fc,0,0,00aa,4d1a,0,0000,00aa,0,00aa,0000,1,1,0,0,0000,00b3,0000,0000,0000,0000,0,00b3,00aa,0000,0,009,00aa,00aa,1,a7,0112,00d0
616,616,0,df9b01076f4a0000,fc,0,0,00aa,4d1a,0,0000,00aa,0,00aa,0000,1,1,0,0,0000,00b3,0000,0000,0000,0000,0,00b3,00aa,0000,0,009,00aa,00aa,1,a7,0112,00d0
617,617,0,df9b01076f4a0000,fc,0,0,00aa,4d1a,0,0000,00aa,0,00aa,0000,1,1,0,0,0000,00b3,0000,0000,0000,0000,0,00b3,00aa,0000,0,009,00aa,00aa,1,a7,0112,00d0
618,618,0,df9b01076f4a0000,fc,0,0,00aa,4d1a,0,0000,00aa,0,00aa,0000,1,1,0,0,0000,00b3,0000,0000,0000,0000,0,00b3,00aa,0000,0,009,00aa,00aa,1,a7,0112,00d0
619,619,0,df9b01076f4a0000,fc,0,0,00aa,4d1a,0,0000,00aa,0,00aa,0000,1,1,0,0,0000,00b3,0000,0000,0000,0000,0,00b3,00aa,0000,0,009,00aa,00aa,1,a7,0112,00d0
620,620,0,df9b01076f4a0000,fc,0,0,00aa,4d1a,0,0000,00aa,0,00aa,0000,1,1,0,0,0000,00b3,0000,0000,0000,0000,0,00b3,00aa,0000,0,009,00aa,00aa,1,a7,0112,00d0
621,621,0,df9b01076f4a0000,fc,0,0,00aa,4d1a,0,0000,00aa,0,00aa,0000,1,1,0,0,0000,00b3,0000,0000,0000,0000,0,00b3,00aa,0000,0,009,00aa,00aa,1,a7,0112,00d0
622,622,0,df9b01076f4a0000,fc,0,0,00aa,4d1a,0,0000,00aa,0,00aa,0000,1,1,0,0,0000,00b3,0000,0000,0000,0000,0,00b3,00aa,0000,0,009,00aa,00aa,1,a7,0112,00d0
623,623,0,df9b01076f4a0000,fc,0,0,00aa,4d1a,0,0000,00aa,0,00aa,0000,1,1,0,0,0000,00b3,0000,0000,0000,0000,0,00b3,00aa,0000,0,009,00aa,00aa,1,a7,0112,00d0
624,624,0,df9b01076f4a0000,fc,0,0,00aa,4d1a,0,0000,00aa,0,00aa,0000,1,1,0,0,0000,00b3,0000,0000,0000,0000,0,00b3,00aa,0000,0,009,00aa,00aa,1,a7,0112,00d0
625,625,0,df9b01076f4a0000,fc,0,0,00aa,4d1a,0,0000,00aa,0,00aa,0000,1,1,0,0,0000,00b3,0000,0000,0000,0000,0,00b3,00aa,0000,0,009,00aa,00aa,1,a7,0112,00d0
626,626,0,df9b01076f4a0000,fc,0,0,00aa,4d1a,0,0000,00aa,0,00aa,0000,1,1,0,0,0000,00b3,0000,0000,0000,0000,0,00b3,00aa,0000,0,009,00aa,00aa,1,a7,0112,00d0
627,627,0,df9b01076f4a0000,fc,0,0,00aa,4d1a,0,0000,00aa,0,00aa,0000,1,1,0,0,0000,00b3,0000,0000,0000,0000,0,00b3,00aa,0000,0,009,00aa,00aa,1,a7,0112,00d0
628,628,0,df9b01076f4a0000,fc,0,0,00aa,4d1a,0,0000,00aa,0,00aa,0000,1,1,0,0,0000,00b3,0000,0000,0000,0000,0,00b3,00aa,0000,0,009,00aa,00aa,1,a7,0112,00d0
629,629,0,df9b01076f4a0000,fc,0,0,00aa,4d1a,0,0000,00aa,0,00aa,0000,1,1,0,0,0000,00b3,0000,0000,0000,0000,0,00b3,00aa,0000,0,009,00aa,00aa,1,a7,0112,00d0
630,630,0,df9b01076f4a0000,fc,0,0,00aa,4d1a,0,0000,00aa,0,00aa,0000,1,1,0,0,0000,00b3,0000,0000,0000,0000,0,00b3,00aa,0000,0,009,00aa,00aa,1,a7,0112,00d0
631,631,0,df9b01076f4a0000,fc,0,0,00aa,4d1a,0,0000,00aa,0,00aa,0000,1,1,0,0,0000,00b3,0000,0000,0000,0000,0,00b3,00aa,0000,0,009,00aa,00aa,1,a7,0112,00d0
632,632,0,df9b01076f4a0000,fc,0,0,00aa,4d1a,0,0000,00aa,0,00aa,0000,1,1,0,0,0000,00b3,0000,0000,0000,0000,0,00b3,00aa,0000,0,009,00aa,00aa,1,a7,0112,00d0
633,633,0,df9b01076f4a0000,fc,0,0,00aa,4d1a,0,0000,00aa,0,00aa,0000,1,1,0,0,0000,00b3,0000,0000,0000,0000,0,00b3,00aa,0000,0,009,00aa,00aa,1,a7,0112,00d0
634,634,0,df9b01076f4a0000,fc,0,0,00aa,4d1a,0,0000,00aa,0,00aa,0000,1,1,0,0,0000,00b3,0000,0000,0000,0000,0,00b3,00aa,0000,0,009,00aa,00aa,1,a7,0112,00d0
635,635,0,df9b01076f4a0000,fc,0,0,00aa,4d1a,0,0000,00aa,0,00aa,0000,1,1,0,0,0000,00b3,0000,0000,0000,0000,0,00b3,00aa,0000,0,009,00aa,00aa,1,a7,0112,00d0
636,636,0,df9b01076f4a0000,fc,0,0,00aa,4d1a,0,0000,00aa,0,00aa,0000,1,1,0,0,0000,00b3,0000,0000,0000,0000,0,00b3,00aa,0000,0,009,00aa,00aa,1,a7,0112,00d0
637,637,0,df9b01076f4a0000,fc,0,0,00aa,4d1a,0,0000,00aa,0,00aa,0000,1,1,0,0,0000,00b3,0000,0000,0000,0000,0,00b3,00aa,0000,0,009,00aa,00aa,1,a7,0112,00d0
638,638,0,df9b01076f4a0000,fc,0,0,00aa,4d1a,0,0000,00aa,0,00aa,0000,1,1,0,0,0000,00b3,0000,0000,0000,0000,0,00b3,00aa,0000,0,009,00aa,00aa,1,a7,0112,00d0
639,639,0,df9b01076f4a0000,fc,0,0,00aa,4d1a,0,0000,00aa,0,00aa,0000,1,1,0,0,0000,00b3,0000,0000,0000,0000,0,00b3,00aa,0000,0,009,00aa,00aa,1,a7,0112,00d0
640,640,0,df9b01076f4a0000,fc,0,0,00aa,4d1a,0,0000,00aa,0,00aa,0000,1,1,0,0,0000,00b3,0000,0000,0000,0000,0,00b3,00aa,0000,0,009,00aa,00aa,1,a7,0112,00d0
641,641,0,df9b01076f4a0000,fc,0,0,00aa,4d1a,0,0000,00aa,0,00aa,0000,1,1,0,0,0000,00b3,0000,0000,0000,0000,0,00b3,00aa,0000,0,009,00aa,00aa,1,a7,0112,00d0
642,642,0,df9b01076f4a0000,fc,0,0,00aa,4d1a,0,0000,00aa,0,00aa,0000,1,1,0,0,0000,00b3,0000,0000,0000,0000,0,00b3,00aa,0000,0,009,00aa,00aa,1,a7,0112,00d0
643,643,0,df9b01076f4a0000,fc,0,0,00aa,4d1a,0,0000,00aa,0,00aa,0000,1,1,0,0,0000,00b3,0000,0000,0000,0000,0,00b3,00aa,0000,0,009,00aa,00aa,1,a7,0112,00d0
644,644,0,df9b01076f4a0000,fc,0,0,00aa,4d1a,0,0000,00aa,0,00aa,0000,1,1,0,0,0000,00b3,0000,0000,0000,0000,0,00b3,00aa,0000,0,009,00aa,00aa,1,a7,0112,00d0
645,645,0,df9b01076f4a0000,fc,0,0,00aa,4d1a,0,0000,00aa,0,00aa,0000,1,1,0,0,0000,00b3,0000,0000,0000,0000,0,00b3,00aa,0000,0,009,00aa,00aa,1,a7,0112,00d0
646,646,0,df9b01076f4a0000,fc,0,0,00aa,4d1a,0,0000,00aa,0,00aa,0000,1,1,0,0,0000,00b3,0000,0000,0000,0000,0,00b3,00aa,0000,0,009,00aa,00aa,1,a7,0112,00d0
647,647,0,df9b01076f4a0000,fc,0,0,00aa,4d1a,0,0000,00aa,0,00aa,0000,1,1,0,0,0000,00b3,0000,0000,0000,0000,0,00b3,00aa,0000,0,009,00aa,00aa,1,a7,0112,00d0
648,648,0,df9b01076f4a0000,fc,0,0,00aa,4d1a,0,0000,00aa,0,00aa,0000,1,1,0,0,0000,00b3,0000,0000,0000,0000,0,00b3,00aa,0000,0,009,00aa,00aa,1,a7,0112,00d0
649,649,0,df9b01076f4a0000,fc,0,0,00aa,4d1a,0,0000,00aa,0,00aa,0000,1,1,0,0,0000,00b3,0000,0000,0000,0000,0,00b3,00aa,0000,0,009,00aa,00aa,1,a7,0112,00d0
650,650,0,df9b01076f4a0000,fc,0,0,00aa,4d1a,0,0000,00aa,0,00aa,0000,1,1,0,0,0000,00b3,0000,0000,0000,0000,0,00b3,00aa,0000,0,009,00aa,00aa,1,a7,0112,00d0
651,651,0,df9b01076f4a0000,fc,0,0,00aa,4d1a,0,0000,00aa,0,00aa,0000,1,1,0,0,0000,00b3,0000,0000,0000,0000,0,00b3,00aa,0000,0,009,00aa,00aa,1,a7,0112,00d0
652,652,0,df9b01076f4a0000,fc,0,0,00aa,4d1a,0,0000,00aa,0,00aa,0000,1,1,0,0,0000,00b3,0000,0000,0000,0000,0,00b3,00aa,0000,0,009,00aa,00aa,1,a7,0112,00d0
653,653,0,df9b01076f4a0000,fc,0,0,00aa,4d1a,0,0000,00aa,0,00aa,0000,1,1,0,0,0000,00b3,0000,0000,0000,0000,0,00b3,00aa,0000,0,009,00aa,00aa,1,a7,0112,00d0
654,654,0,df9b01076f4a0000,fc,0,0,00aa,4d1a,0,0000,00aa,0,00aa,0000,1,1,0,0,0000,00b3,0000,0000,0000,0000,0,00b3,00aa,0000,0,009,00aa,00aa,1,a7,0112,00d0
655,655,0,df9b01076f4a0000,fc,0,0,00aa,4d1a,0,0000,00aa,0,00aa,0000,1,1,0,0,0000,00b3,0000,0000,0000,0000,0,00b3,00aa,0000,0,009,00aa,00aa,1,a7,0112,00d0
656,656,0,df9b01076f4a0000,fc,0,0,00aa,4d1a,0,0000,00aa,0,00aa,0000,1,1,0,0,0000,00b3,0000,0000,0000,0000,0,00b3,00aa,0000,0,009,00aa,00aa,1,a7,0112,00d0
657,657,0,df9b01076f4a0000,fc,0,0,00aa,4d1a,0,0000,00aa,0,00aa,0000,1,1,0,0,0000,00b3,0000,0000,0000,0000,0,00b3,00aa,0000,0,009,00aa,00aa,1,a7,0112,00d0
658,658,0,df9b01076f4a0000,fc,0,0,00aa,4d1a,0,0000,00aa,0,00aa,0000,1,1,0,0,0000,00b3,0000,0000,0000,0000,0,00b3,00aa,0000,0,009,00aa,00aa,1,a7,0112,00d0
659,659,0,df9b01076f4a0000,fc,0,0,00aa,4d1a,0,0000,00aa,0,00aa,0000,1,1,0,0,0000,00b3,0000,0000,0000,0000,0,00b3,00aa,0000,0,009,00aa,00aa,1,a7,0112,00d0
660,660,0,df9b01076f4a0000,fc,0,0,00aa,4d1a,0,0000,00aa,0,00aa,0000,1,1,0,0,0000,00b3,0000,0000,0000,0000,0,00b3,00aa,0000,0,009,00aa,00aa,1,a7,0112,00d0
661,661,0,df9b01076f4a0000,fc,0,0,00aa,4d1a,0,0000,00aa,0,00aa,0000,1,1,0,0,0000,00b3,0000,0000,0000,0000,0,00b3,00aa,0000,0,009,00aa,00aa,1,a7,0112,00d0
662,662,0,df9b01076f4a0000,fc,0,0,00aa,4d1a,0,0000,00aa,0,00aa,0000,1,1,0,0,0000,00b3,0000,0000,0000,0000,0,00b3,00aa,0000,0,009,00aa,00aa,1,a7,0112,00d0
663,663,0,df9b01076f4a0000,fc,0,0,00aa,4d1a,0,0000,00aa,0,00aa,0000,1,1,0,0,0000,00b3,0000,0000,0000,0000,0,00b3,00aa,0000,0,009,00aa,00aa,1,a7,0112,00d0
664,664,0,df9b01076f4a0000,fc,0,0,00aa,4d1a,0,0000,00aa,0,00aa,0000,1,1,0,0,0000,00b3,0000,0000,0000,0000,0,00b3,00aa,0000,0,009,00aa,00aa,1,a7,0112,00d0
665,665,0,df9b01076f4a0000,fc,0,0,00aa,4d1a,0,0000,00aa,0,00aa,0000,1,1,0,0,0000,00b3,0000,0000,0000,0000,0,00b3,00aa,0000,0,009,00aa,00aa,1,a7,0112,00d0
666,666,0,df9b01076f4a0000,fc,0,0,00aa,4d1a,0,0000,00aa,0,00aa,0000,1,1,0,0,0000,00b3,0000,0000,0000,0000,0,00b3,00aa,0000,0,009,00aa,00aa,1,a7,0112,00d0
667,667,0,df9b01076f4a0000,fc,0,0,00aa,4d1a,0,0000,00aa,0,00aa,0000,1,1,0,0,0000,00b3,0000,0000,0000,0000,0,00b3,00aa,0000,0,009,00aa,00aa,1,a7,0112,00d0
668,668,0,df9b01076f4a0000,fc,0,0,00aa,4d1a,0,0000,00aa,0,00aa,0000,1,1,0,0,0000,00b3,0000,0000,0000,0000,0,00b3,00aa,0000,0,009,00aa,00aa,1,a7,0112,00d0
669,669,0,df9b01076f4a0000,fc,0,0,00aa,4d1a,0,0000,00aa,0,00aa,0000,1,1,0,0,0000,00b3,0000,0000,0000,0000,0,00b3,00aa,0000,0,009,00aa,00aa,1,a7,0112,00d0
670,670,0,df9b01076f4a0000,fc,0,0,00aa,4d1a,0,0000,00aa,0,00aa,0000,1,1,0,0,0000,00b3,0000,0000,0000,0000,0,00b3,00aa,0000,0,009,00aa,00aa,1,a7,0112,00d0
671,671,0,df9b01076f4a0000,fc,0,0,00aa,4d1a,0,0000,00aa,0,00aa,0000,1,1,0,0,0000,00b3,0000,0000,0000,0000,0,00b3,00aa,0000,0,009,00aa,00aa,1,a7,0112,00d0
672,672,0,df9b01076f4a0000,fc,0,0,00aa,4d1a,0,0000,00aa,0,00aa,0000,1,1,0,0,0000,00b3,0000,0000,0000,0000,0,00b3,00aa,0000,0,009,00aa,00aa,1,a7,0112,00d0
673,673,0,df9b01076f4a0000,fc,0,0,00aa,4d1a,0,0000,00aa,0,00aa,0000,1,1,0,0,0000,00b3,0000,0000,0000,0000,0,00b3,00aa,0000,0,009,00aa,00aa,1,a7,0112,00d0
674,674,0,df9b01076f4a0000,fc,0,0,00aa,4d1a,0,0000,00aa,0,00aa,0000,1,1,0,0,0000,00b3,0000,0000,0000,0000,0,00b3,00aa,0000,0,009,00aa,00aa,1,a7,0112,00d0
675,675,0,df9b01076f4a0000,fc,0,0,00aa,4d1a,0,0000,00aa,0,00aa,0000,1,1,0,0,0000,00b3,0000,0000,0000,0000,0,00b3,00aa,0000,0,009,00aa,00aa,1,a7,0112,00d0
676,676,0,df9b01076f4a0000,fc,0,0,00aa,4d1a,0,0000,00aa,0,00aa,0000,1,1,0,0,0000,00b3,0000,0000,0000,0000,0,00b3,00aa,0000,0,009,00aa,00aa,1,a7,0112,00d0
677,677,0,df9b01076f4a0000,fc,0,0,00aa,4d1a,0,0000,00aa,0,00aa,0000,1,1,0,0,0000,00b3,0000,0000,0000,0000,0,00b3,00aa,0000,0,009,00aa,00aa,1,a7,0112,00d0
678,678,0,df9b01076f4a0000,fc,0,0,00aa,4d1a,0,0000,00aa,0,00aa,0000,1,1,0,0,0000,00b3,0000,0000,0000,0000,0,00b3,00aa,0000,0,009,00aa,00aa,1,a7,0112,00d0
679,679,0,df9b01076f4a0000,fc,0,0,00aa,4d1a,0,0000,00aa,0,00aa,0000,1,1,0,0,0000,00b3,0000,0000,0000,0000,0,00b3,00aa,0000,0,009,00aa,00aa,1,a7,0112,00d0
680,680,0,df9b01076f4a0000,fc,0,0,00aa,4d1a,0,0000,00aa,0,00aa,0000,1,1,0,0,0000,00b3,0000,0000,0000,0000,0,00b3,00aa,0000,0,009,00aa,00aa,1,a7,0112,00d0
681,681,0,df9b01076f4a0000,fc,0,0,00aa,4d1a,0,0000,00aa,0,00aa,0000,1,1,0,0,0000,00b3,0000,0000,0000,0000,0,00b3,00aa,0000,0,009,00aa,00aa,1,a7,0112,00d0
682,682,0,df9b01076f4a0000,fc,0,0,00aa,4d1a,0,0000,00aa,0,00aa,0000,1,1,0,0,0000,00b3,0000,0000,0000,0000,0,00b3,00aa,0000,0,009,00aa,00aa,1,a7,0112,00d0
683,683,0,df9b01076f4a0000,fc,0,0,00aa,4d1a,0,0000,00aa,0,00aa,0000,1,1,0,0,0000,00b3,0000,0000,0000,0000,0,00b3,00aa,0000,0,009,00aa,00aa,1,a7,0112,00d0
684,684,0,df9b01076f4a0000,fc,0,0,00aa,4d1a,0,0000,00aa,0,00aa,0000,1,1,0,0,0000,00b3,0000,0000,0000,0000,0,00b3,00aa,0000,0,009,00aa,00aa,1,a7,0112,00d0
685,685,0,df9b01076f4a0000,fc,0,0,00aa,4d1a,0,0000,00aa,0,00aa,0000,1,1,0,0,0000,00b3,0000,0000,0000,0000,0,00b3,00aa,0000,0,009,00aa,00aa,1,a7,0112,00d0
686,686,0,df9b01076f4a0000,fc,0,0,00aa,4d1a,0,0000,00aa,0,00aa,0000,1,1,0,0,0000,00b3,0000,0000,0000,0000,0,00b3,00aa,0000,0,009,00aa,00aa,1,a7,0112,00d0
687,687,0,df9b01076f4a0000,fc,0,0,00aa,4d1a,0,0000,00aa,0,00aa,0000,1,1,0,0,0000,00b3,0000,0000,0000,0000,0,00b3,00aa,0000,0,009,00aa,00aa,1,a7,0112,00d0
688,688,0,df9b01076f4a0000,fc,0,0,00aa,4d1a,0,0000,00aa,0,00aa,0000,1,1,0,0,0000,00b3,0000,0000,0000,0000,0,00b3,00aa,0000,0,009,00aa,00aa,1,a7,0112,00d0
689,689,0,df9b01076f4a0000,fc,0,0,00aa,4d1a,0,0000,00aa,0,00aa,0000,1,1,0,0,0000,00b3,0000,0000,0000,0000,0,00b3,00aa,0000,0,009,00aa,00aa,1,a7,0112,00d0
690,690,0,df9b01076f4a0000,fc,0,0,00aa,4d1a,0,0000,00aa,0,00aa,0000,1,1,0,0,0000,00b3,0000,0000,0000,0000,0,00b3,00aa,0000,0,009,00aa,00aa,1,a7,0112,00d0
691,691,0,df9b01076f4a0000,fc,0,0,00aa,4d1a,0,0000,00aa,0,00aa,0000,1,1,0,0,0000,00b3,0000,0000,0000,0000,0,00b3,00aa,0000,0,009,00aa,00aa,1,a7,0112,00d0
692,692,0,df9b01076f4a0000,fc,0,0,00aa,4d1a,0,0000,00aa,0,00aa,0000,1,1,0,0,0000,00b3,0000,0000,0000,0000,0,00b3,00aa,0000,0,009,00aa,00aa,1,a7,0112,00d0
693,693,0,df9b01076f4a0000,fc,0,0,00aa,4d1a,0,0000,00aa,0,00aa,0000,1,1,0,0,0000,00b3,0000,0000,0000,0000,0,00b3,00aa,0000,0,009,00aa,00aa,1,a7,0112,00d0
694,694,0,df9b01076f4a0000,fc,0,0,00aa,4d1a,0,0000,00aa,0,00aa,0000,1,1,0,0,0000,00b3,0000,0000,0000,0000,0,00b3,00aa,0000,0,009,00aa,00aa,1,a7,0112,00d0
695,695,0,df9b01076f4a0000,fc,0,0,00aa,4d1a,0,0000,00aa,0,00aa,0000,1,1,0,0,0000,00b3,0000,0000,0000,0000,0,00b3,00aa,0000,0,009,00aa,00aa,1,a7,0112,00d0
696,696,0,df9b01076f4a0000,fc,0,0,00aa,4d1a,0,0000,00aa,0,00aa,0000,1,1,0,0,0000,00b3,0000,0000,0000,0000,0,00b3,00aa,0000,0,009,00aa,00aa,1,a7,0112,00d0
697,697,0,df9b01076f4a0000,fc,0,0,00aa,4d1a,0,0000,00aa,0,00aa,0000,1,1,0,0,0000,00b3,0000,0000,0000,0000,0,00b3,00aa,0000,0,009,00aa,00aa,1,a7,0112,00d0
698,698,0,df9b01076f4a0000,fc,0,0,00aa,4d1a,0,0000,00aa,0,00aa,0000,1,1,0,0,0000,00b3,0000,0000,0000,0000,0,00b3,00aa,0000,0,009,00aa,00aa,1,a7,0112,00d0
699,699,0,df9b01076f4a0000,fc,0,0,00aa,4d1a,0,0000,00aa,0,00aa,0000,1,1,0,0,0000,00b3,0000,0000,0000,0000,0,00b3,00aa,0000,0,009,00aa,00aa,1,a7,0112,00d0
700,700,0,df9b01076f4a0000,fc,0,0,00aa,4d1a,0,0000,00aa,0,00aa,0000,1,1,0,0,0000,00b3,0000,0000,0000,0000,0,00b3,00aa,0000,0,009,00aa,00aa,1,a7,0112,00d0
701,701,0,df9b01076f4a0000,fc,0,0,00aa,4d1a,0,0000,00aa,0,00aa,0000,1,1,0,0,0000,00b3,0000,0000,0000,0000,0,00b3,00aa,0000,0,009,00aa,00aa,1,a7,0112,00d0
702,702,0,df9b01076f4a0000,fc,0,0,00aa,4d1a,0,0000,00aa,0,00aa,0000,1,1,0,0,0000,00b3,0000,0000,0000,0000,0,00b3,00aa,0000,0,009,00aa,00aa,1,a7,0112,00d0
703,703,0,df9b01076f4a0000,fc,0,0,00aa,4d1a,0,0000,00aa,0,00aa,0000,1,1,0,0,0000,00b3,0000,0000,0000,0000,0,00b3,00aa,0000,0,009,00aa,00aa,1,a7,0112,00d0
704,704,0,df9b01076f4a0000,fc,0,0,00aa,4d1a,0,0000,00aa,0,00aa,0000,1,1,0,0,0000,00b3,0000,0000,0000,0000,0,00b3,00aa,0000,0,009,00aa,00aa,1,a7,0112,00d0
705,705,0,df9b01076f4a0000,fc,0,0,00aa,4d1a,0,0000,00aa,0,00aa,0000,1,1,0,0,0000,00b3,0000,0000,0000,0000,0,00b3,00aa,0000,0,009,00aa,00aa,1,a7,0112,00d0
706,706,0,df9b01076f4a0000,fc,0,0,00aa,4d1a,0,0000,00aa,0,00aa,0000,1,1,0,0,0000,00b3,0000,0000,0000,0000,0,00b3,00aa,0000,0,009,00aa,00aa,1,a7,0112,00d0
707,707,0,df9b01076f4a0000,fc,0,0,00aa,4d1a,0,0000,00aa,0,00aa,0000,1,1,0,0,0000,00b3,0000,0000,0000,0000,0,00b3,00aa,0000,0,009,00aa,00aa,1,a7,0112,00d0
708,708,0,df9b01076f4a0000,fc,0,0,00aa,4d1a,0,0000,00aa,0,00aa,0000,1,1,0,0,0000,00b3,0000,0000,0000,0000,0,00b3,00aa,0000,0,009,00aa,00aa,1,a7,0112,00d0
709,709,0,df9b01076f4a0000,fc,0,0,00aa,4d1a,0,0000,00aa,0,00aa,0000,1,1,0,0,0000,00b3,0000,0000,0000,0000,0,00b3,00aa,0000,0,009,00aa,00aa,1,a7,0112,00d0
710,710,0,df9b01076f4a0000,fc,0,0,00aa,4d1a,0,0000,00aa,0,00aa,0000,1,1,0,0,0000,00b3,0000,0000,0000,0000,0,00b3,00aa,0000,0,009,00aa,00aa,1,a7,0112,00d0
711,711,0,df9b01076f4a0000,fc,0,0,00aa,4d1a,0,0000,00aa,0,00aa,0000,1,1,0,0,0000,00b3,0000,0000,0000,0000,0,00b3,00aa,0000,0,009,00aa,00aa,1,a7,0112,00d0
712,712,0,df9b01076f4a0000,fc,0,0,00aa,4d1a,0,0000,00aa,0,00aa,0000,1,1,0,0,0000,00b3,0000,0000,0000,0000,0,00b3,00aa,0000,0,009,00aa,00aa,1,a7,0112,00d0
713,713,0,df9b01076f4a0000,fc,0,0,00aa,4d1a,0,0000,00aa,0,00aa,0000,1,1,0,0,0000,00b3,0000,0000,0000,0000,0,00b3,00aa,0000,0,009,00aa,00aa,1,a7,0112,00d0
714,714,0,df9b01076f4a0000,fc,0,0,00aa,4d1a,0,0000,00aa,0,00aa,0000,1,1,0,0,0000,00b3,0000,0000,0000,0000,0,00b3,00aa,0000,0,009,00aa,00aa,1,a7,0112,00d0
715,715,0,df9b01076f4a0000,fc,0,0,00aa,4d1a,0,0000,00aa,0,00aa,0000,1,1,0,0,0000,00b3,0000,0000,0000,0000,0,00b3,00aa,0000,0,009,00aa,00aa,1,a7,0112,00d0
716,716,0,df9b01076f4a0000,fc,0,0,00aa,4d1a,0,0000,00aa,0,00aa,0000,1,1,0,0,0000,00b3,0000,0000,0000,0000,0,00b3,00aa,0000,0,009,00aa,00aa,1,a7,0112,00d0
717,717,0,df9b01076f4a0000,fc,0,0,00aa,4d1a,0,0000,00aa,0,00aa,0000,1,1,0,0,0000,00b3,0000,0000,0000,0000,0,00b3,00aa,0000,0,009,00aa,00aa,1,a7,0112,00d0
718,718,0,df9b01076f4a0000,fc,0,0,00aa,4d1a,0,0000,00aa,0,00aa,0000,1,1,0,0,0000,00b3,0000,0000,0000,0000,0,00b3,00aa,0000,0,009,00aa,00aa,1,a7,0112,00d0
719,719,0,df9b01076f4a0000,fc,0,0,00aa,4d1a,0,0000,00aa,0,00aa,0000,1,1,0,0,0000,00b3,0000,0000,0000,0000,0,00b3,00aa,0000,0,009,00aa,00aa,1,a7,0112,00d0
720,720,0,df9b01076f4a0000,fc,0,0,00aa,4d1a,0,0000,00aa,0,00aa,0000,1,1,0,0,0000,00b3,0000,0000,0000,0000,0,00b3,00aa,0000,0,009,00aa,00aa,1,a7,0112,00d0
721,721,0,df9b01076f4a0000,fc,0,0,00aa,4d1a,0,0000,00aa,0,00aa,0000,1,1,0,0,0000,00b3,0000,0000,0000,0000,0,00b3,00aa,0000,0,009,00aa,00aa,1,a7,0112,00d0
722,722,0,df9b01076f4a0000,fc,0,0,00aa,4d1a,0,0000,00aa,0,00aa,0000,1,1,0,0,0000,00b3,0000,0000,0000,0000,0,00b3,00aa,0000,0,009,00aa,00aa,1,a7,0112,00d0
723,723,0,df9b01076f4a0000,fc,0,0,00aa,4d1a,0,0000,00aa,0,00aa,0000,1,1,0,0,0000,00b3,0000,0000,0000,0000,0,00b3,00aa,0000,0,009,00aa,00aa,1,a7,0112,00d0
724,724,0,df9b01076f4a0000,fc,0,0,00aa,4d1a,0,0000,00aa,0,00aa,0000,1,1,0,0,0000,00b3,0000,0000,0000,0000,0,00b3,00aa,0000,0,009,00aa,00aa,1,a7,0112,00d0
725,725,0,df9b01076f4a0000,fc,0,0,00aa,4d1a,0,0000,00aa,0,00aa,0000,1,1,0,0,0000,00b3,0000,0000,0000,0000,0,00b3,00aa,0000,0,009,00aa,00aa,1,a7,0112,00d0
726,726,0,df9b01076f4a0000,fc,0,0,00aa,4d1a,0,0000,00aa,0,00aa,0000,1,1,0,0,0000,00b3,0000,0000,0000,0000,0,00b3,00aa,0000,0,009,00aa,00aa,1,a7,0112,00d0
727,727,0,df9b01076f4a0000,fc,0,0,00aa,4d1a,0,0000,00aa,0,00aa,0000,1,1,0,0,0000,00b3,0000,0000,0000,0000,0,00b3,00aa,0000,0,009,00aa,00aa,1,a7,0112,00d0
728,728,0,df9b01076f4a0000,fc,0,0,00aa,4d1a,0,0000,00aa,0,00aa,0000,1,1,0,0,0000,00b3,0000,0000,0000,0000,0,00b3,00aa,0000,0,009,00aa,00aa,1,a7,0112,00d0
729,729,0,df9b01076f4a0000,fc,0,0,00aa,4d1a,0,0000,00aa,0,00aa,0000,1,1,0,0,0000,00b3,0000,0000,0000,0000,0,00b3,00aa,0000,0,009,00aa,00aa,1,a7,0112,00d0
730,730,0,df9b01076f4a0000,fc,0,0,00aa,4d1a,0,0000,00aa,0,00aa,0000,1,1,0,0,0000,00b3,0000,0000,0000,0000,0,00b3,00aa,0000,0,009,00aa,00aa,1,a7,0112,00d0
731,731,0,df9b01076f4a0000,fc,0,0,00aa,4d1a,0,0000,00aa,0,00aa,0000,1,1,0,0,0000,00b3,0000,0000,0000,0000,0,00b3,00aa,0000,0,009,00aa,00aa,1,a7,0112,00d0
732,732,0,df9b01076f4a0000,fc,0,0,00aa,4d1a,0,0000,00aa,0,00aa,0000,1,1,0,0,0000,00b3,0000,0000,0000,0000,0,00b3,00aa,0000,0,009,00aa,00aa,1,a7,0112,00d0
733,733,0,df9b01076f4a0000,fc,0,0,00aa,4d1a,0,0000,00aa,0,00aa,0000,1,1,0,0,0000,00b3,0000,0000,0000,0000,0,00b3,00aa,0000,0,009,00aa,00aa,1,a7,0112,00d0
734,734,0,df9b01076f4a0000,fc,0,0,00aa,4d1a,0,0000,00aa,0,00aa,0000,1,1,0,0,0000,00b3,0000,0000,0000,0000,0,00b3,00aa,0000,0,009,00aa,00aa,1,a7,0112,00d0
735,735,0,df9b01076f4a0000,fc,0,0,00aa,4d1a,0,0000,00aa,0,00aa,0000,1,1,0,0,0000,00b3,0000,0000,0000,0000,0,00b3,00aa,0000,0,009,00aa,00aa,1,a7,0112,00d0
736,736,0,df9b01076f4a0000,fc,0,0,00aa,4d1a,0,0000,00aa,0,00aa,0000,1,1,0,0,0000,00b3,0000,0000,0000,0000,0,00b3,00aa,0000,0,009,00aa,00aa,1,a7,0112,00d0
737,737,0,df9b01076f4a0000,fc,0,0,00aa,4d1a,0,0000,00aa,0,00aa,0000,1,1,0,0,0000,00b3,0000,0000,0000,0000,0,00b3,00aa,0000,0,009,00aa,00aa,1,a7,0112,00d0
738,738,0,df9b01076f4a0000,fc,0,0,00aa,4d1a,0,0000,00aa,0,00aa,0000,1,1,0,0,0000,00b3,0000,0000,0000,0000,0,00b3,00aa,0000,0,009,00aa,00aa,1,a7,0112,00d0
739,739,0,df9b01076f4a0000,fc,0,0,00aa,4d1a,0,0000,00aa,0,00aa,0000,1,1,0,0,0000,00b3,0000,0000,0000,0000,0,00b3,00aa,0000,0,009,00aa,00aa,1,a7,0112,00d0
740,740,0,df9b01076f4a0000,fc,0,0,00aa,4d1a,0,0000,00aa,0,00aa,0000,1,1,0,0,0000,00b3,0000,0000,0000,0000,0,00b3,00aa,0000,0,009,00aa,00aa,1,a7,0112,00d0
741,741,0,df9b01076f4a0000,fc,0,0,00aa,4d1a,0,0000,00aa,0,00aa,0000,1,1,0,0,0000,00b3,0000,0000,0000,0000,0,00b3,00aa,0000,0,009,00aa,00aa,1,a7,0112,00d0
742,742,0,df9b01076f4a0000,fc,0,0,00aa,4d1a,0,0000,00aa,0,00aa,0000,1,1,0,0,0000,00b3,0000,0000,0000,0000,0,00b3,00aa,0000,0,009,00aa,00aa,1,a7,0112,00d0
743,743,0,df9b01076f4a0000,fc,0,0,00aa,4d1a,0,0000,00aa,0,00aa,0000,1,1,0,0,0000,00b3,0000,0000,0000,0000,0,00b3,00aa,0000,0,009,00aa,00aa,1,a7,0112,00d0
744,744,0,df9b01076f4a0000,fc,0,0,00aa,4d1a,0,0000,00aa,0,00aa,0000,1,1,0,0,0000,00b3,0000,0000,0000,0000,0,00b3,00aa,0000,0,009,00aa,00aa,1,a7,0112,00d0
745,745,0,df9b01076f4a0000,fc,0,0,00aa,4d1a,0,0000,00aa,0,00aa,0000,1,1,0,0,0000,00b3,0000,0000,0000,0000,0,00b3,00aa,0000,0,009,00aa,00aa,1,a7,0112,00d0
746,746,0,df9b01076f4a0000,fc,0,0,00aa,4d1a,0,0000,00aa,0,00aa,0000,1,1,0,0,0000,00b3,0000,0000,0000,0000,0,00b3,00aa,0000,0,009,00aa,00aa,1,a7,0112,00d0
747,747,0,df9b01076f4a0000,fc,0,0,00aa,4d1a,0,0000,00aa,0,00aa,0000,1,1,0,0,0000,00b3,0000,0000,0000,0000,0,00b3,00aa,0000,0,009,00aa,00aa,1,a7,0112,00d0
748,748,0,df9b01076f4a0000,fc,0,0,00aa,4d1a,0,0000,00aa,0,00aa,0000,1,1,0,0,0000,00b3,0000,0000,0000,0000,0,00b3,00aa,0000,0,009,00aa,00aa,1,a7,0112,00d0
749,749,0,df9b01076f4a0000,fc,0,0,00aa,4d1a,0,0000,00aa,0,00aa,0000,1,1,0,0,0000,00b3,0000,0000,0000,0000,0,00b3,00aa,0000,0,009,00aa,00aa,1,a7,0112,00d0
750,750,0,df9b01076f4a0000,fc,0,0,00aa,4d1a,0,0000,00aa,0,00aa,0000,1,1,0,0,0000,00b3,0000,0000,0000,0000,0,00b3,00aa,0000,0,009,00aa,00aa,1,a7,0112,00d0
751,751,0,df9b01076f4a0000,fc,0,0,00aa,4d1a,0,0000,00aa,0,00aa,0000,1,1,0,0,0000,00b3,0000,0000,0000,0000,0,00b3,00aa,0000,0,009,00aa,00aa,1,a7,0112,00d0
752,752,0,df9b01076f4a0000,fc,0,0,00aa,4d1a,0,0000,00aa,0,00aa,0000,1,1,0,0,0000,00b3,0000,0000,0000,0000,0,00b3,00aa,0000,0,009,00aa,00aa,1,a7,0112,00d0
753,753,0,df9b01076f4a0000,fc,0,0,00aa,4d1a,0,0000,00aa,0,00aa,0000,1,1,0,0,0000,00b3,0000,0000,0000,0000,0,00b3,00aa,0000,0,009,00aa,00aa,1,a7,0112,00d0
754,754,0,df9b01076f4a0000,fc,0,0,00aa,4d1a,0,0000,00aa,0,00aa,0000,1,1,0,0,0000,00b3,0000,0000,0000,0000,0,00b3,00aa,0000,0,009,00aa,00aa,1,a7,0112,00d0
755,755,0,df9b01076f4a0000,fc,0,0,00aa,4d1a,0,0000,00aa,0,00aa,0000,1,1,0,0,0000,00b3,0000,0000,0000,0000,0,00b3,00aa,0000,0,009,00aa,00aa,1,a7,0112,00d0
756,756,0,df9b01076f4a0000,fc,0,0,00aa,4d1a,0,0000,00aa,0,00aa,0000,1,1,0,0,0000,00b3,0000,0000,0000,0000,0,00b3,00aa,0000,0,009,00aa,00aa,1,a7,0112,00d0
757,757,0,df9b01076f4a0000,fc,0,0,00aa,4d1a,0,0000,00aa,0,00aa,0000,1,1,0,0,0000,00b3,0000,0000,0000,0000,0,00b3,00aa,0000,0,009,00aa,00aa,1,a7,0112,00d0
758,758,0,df9b01076f4a0000,fc,0,0,00aa,4d1a,0,0000,00aa,0,00aa,0000,1,1,0,0,0000,00b3,0000,0000,0000,0000,0,00b3,00aa,0000,0,009,00aa,00aa,1,a7,0112,00d0
759,759,0,df9b01076f4a0000,fc,0,0,00aa,4d1a,0,0000,00aa,0,00aa,0000,1,1,0,0,0000,00b3,0000,0000,0000,0000,0,00b3,00aa,0000,0,009,00aa,00aa,1,a7,0112,00d0
760,760,0,df9b01076f4a0000,fc,0,0,00aa,4d1a,0,0000,00aa,0,00aa,0000,1,1,0,0,0000,00b3,0000,0000,0000,0000,0,00b3,00aa,0000,0,009,00aa,00aa,1,a7,0112,00d0
761,761,0,df9b01076f4a0000,fc,0,0,00aa,4d1a,0,0000,00aa,0,00aa,0000,1,1,0,0,0000,00b3,0000,0000,0000,0000,0,00b3,00aa,0000,0,009,00aa,00aa,1,a7,0112,00d0
762,762,0,df9b01076f4a0000,fc,0,0,00aa,4d1a,0,0000,00aa,0,00aa,0000,1,1,0,0,0000,00b3,0000,0000,0000,0000,0,00b3,00aa,0000,0,009,00aa,00aa,1,a7,0112,00d0
763,763,0,df9b01076f4a0000,fc,0,0,00aa,4d1a,0,0000,00aa,0,00aa,0000,1,1,0,0,0000,00b3,0000,0000,0000,0000,0,00b3,00aa,0000,0,009,00aa,00aa,1,a7,0112,00d0
764,764,0,df9b01076f4a0000,fc,0,0,00aa,4d1a,0,0000,00aa,0,00aa,0000,1,1,0,0,0000,00b3,0000,0000,0000,0000,0,00b3,00aa,0000,0,009,00aa,00aa,1,a7,0112,00d0
765,765,0,df9b01076f4a0000,fc,0,0,00aa,4d1a,0,0000,00aa,0,00aa,0000,1,1,0,0,0000,00b3,0000,0000,0000,0000,0,00b3,00aa,0000,0,009,00aa,00aa,1,a7,0112,00d0
766,766,0,df9b01076f4a0000,fc,0,0,00aa,4d1a,0,0000,00aa,0,00aa,0000,1,1,0,0,0000,00b3,0000,0000,0000,0000,0,00b3,00aa,0000,0,009,00aa,00aa,1,a7,0112,00d0
767,767,0,df9b01076f4a0000,fc,0,0,00aa,4d1a,0,0000,00aa,0,00aa,0000,1,1,0,0,0000,00b3,0000,0000,0000,0000,0,00b3,00aa,0000,0,009,00aa,00aa,1,a7,0112,00d0
768,768,0,df9b01076f4a0000,fc,0,0,00aa,4d1a,0,0000,00aa,0,00aa,0000,1,1,0,0,0000,00b3,0000,0000,0000,0000,0,00b3,00aa,0000,0,009,00aa,00aa,1,a7,0112,00d0
769,769,0,df9b01076f4a0000,fc,0,0,00aa,4d1a,0,0000,00aa,0,00aa,0000,1,1,0,0,0000,00b3,0000,0000,0000,0000,0,00b3,00aa,0000,0,009,00aa,00aa,1,a7,0112,00d0
770,770,0,df9b01076f4a0000,fc,0,0,00aa,4d1a,0,0000,00aa,0,00aa,0000,1,1,0,0,0000,00b3,0000,0000,0000,0000,0,00b3,00aa,0000,0,009,00aa,00aa,1,a7,0112,00d0
771,771,0,df9b01076f4a0000,fc,0,0,00aa,4d1a,0,0000,00aa,0,00aa,0000,1,1,0,0,0000,00b3,0000,0000,0000,0000,0,00b3,00aa,0000,0,009,00aa,00aa,1,a7,0112,00d0
772,772,0,df9b01076f4a0000,fc,0,0,00aa,4d1a,0,0000,00aa,0,00aa,0000,1,1,0,0,0000,00b3,0000,0000,0000,0000,0,00b3,00aa,0000,0,009,00aa,00aa,1,a7,0112,00d0
773,773,0,df9b01076f4a0000,fc,0,0,00aa,4d1a,0,0000,00aa,0,00aa,0000,1,1,0,0,0000,00b3,0000,0000,0000,0000,0,00b3,00aa,0000,0,009,00aa,00aa,1,a7,0112,00d0
774,774,0,df9b01076f4a0000,fc,0,0,00aa,4d1a,0,0000,00aa,0,00aa,0000,1,1,0,0,0000,00b3,0000,0000,0000,0000,0,00b3,00aa,0000,0,009,00aa,00aa,1,a7,0112,00d0
775,775,0,df9b01076f4a0000,fc,0,0,00aa,4d1a,0,0000,00aa,0,00aa,0000,1,1,0,0,0000,00b3,0000,0000,0000,0000,0,00b3,00aa,0000,0,009,00aa,00aa,1,a7,0112,00d0
776,776,0,df9b01076f4a0000,fc,0,0,00aa,4d1a,0,0000,00aa,0,00aa,0000,1,1,0,0,0000,00b3,0000,0000,0000,0000,0,00b3,00aa,0000,0,009,00aa,00aa,1,a7,0112,00d0
777,777,0,df9b01076f4a0000,fc,0,0,00aa,4d1a,0,0000,00aa,0,00aa,0000,1,1,0,0,0000,00b3,0000,0000,0000,0000,0,00b3,00aa,0000,0,009,00aa,00aa,1,a7,0112,00d0
778,778,0,df9b01076f4a0000,fc,0,0,00aa,4d1a,0,0000,00aa,0,00aa,0000,1,1,0,0,0000,00b3,0000,0000,0000,0000,0,00b3,00aa,0000,0,009,00aa,00aa,1,a7,0112,00d0
779,779,0,df9b01076f4a0000,fc,0,0,00aa,4d1a,0,0000,00aa,0,00aa,0000,1,1,0,0,0000,00b3,0000,0000,0000,0000,0,00b3,00aa,0000,0,009,00aa,00aa,1,a7,0112,00d0
780,780,0,df9b01076f4a0000,fc,0,0,00aa,4d1a,0,0000,00aa,0,00aa,0000,1,1,0,0,0000,00b3,0000,0000,0000,0000,0,00b3,00aa,0000,0,009,00aa,00aa,1,a7,0112,00d0
781,781,0,df9b01076f4a0000,fc,0,0,00aa,4d1a,0,0000,00aa,0,00aa,0000,1,1,0,0,0000,00b3,0000,0000,0000,0000,0,00b3,00aa,0000,0,009,00aa,00aa,1,a7,0112,00d0
782,782,0,df9b01076f4a0000,fc,0,0,00aa,4d1a,0,0000,00aa,0,00aa,0000,1,1,0,0,0000,00b3,0000,0000,0000,0000,0,00b3,00aa,0000,0,009,00aa,00aa,1,a7,0112,00d0
783,783,0,df9b01076f4a0000,fc,0,0,00aa,4d1a,0,0000,00aa,0,00aa,0000,1,1,0,0,0000,00b3,0000,0000,0000,0000,0,00b3,00aa,0000,0,009,00aa,00aa,1,a7,0112,00d0
784,784,0,df9b01076f4a0000,fc,0,0,00aa,4d1a,0,0000,00aa,0,00aa,0000,1,1,0,0,0000,00b3,0000,0000,0000,0000,0,00b3,00aa,0000,0,009,00aa,00aa,1,a7,0112,00d0
785,785,0,df9b01076f4a0000,fc,0,0,00aa,4d1a,0,0000,00aa,0,00aa,0000,1,1,0,0,0000,00b3,0000,0000,0000,0000,0,00b3,00aa,0000,0,009,00aa,00aa,1,a7,0112,00d0
786,786,0,df9b01076f4a0000,fc,0,0,00aa,4d1a,0,0000,00aa,0,00aa,0000,1,1,0,0,0000,00b3,0000,0000,0000,0000,0,00b3,00aa,0000,0,009,00aa,00aa,1,a7,0112,00d0
787,787,0,df9b01076f4a0000,fc,0,0,00aa,4d1a,0,0000,00aa,0,00aa,0000,1,1,0,0,0000,00b3,0000,0000,0000,0000,0,00b3,00aa,0000,0,009,00aa,00aa,1,a7,0112,00d0
788,788,0,df9b01076f4a0000,fc,0,0,00aa,4d1a,0,0000,00aa,0,00aa,0000,1,1,0,0,0000,00b3,0000,0000,0000,0000,0,00b3,00aa,0000,0,009,00aa,00aa,1,a7,0112,00d0
789,789,0,df9b01076f4a0000,fc,0,0,00aa,4d1a,0,0000,00aa,0,00aa,0000,1,1,0,0,0000,00b3,0000,0000,0000,0000,0,00b3,00aa,0000,0,009,00aa,00aa,1,a7,0112,00d0
790,790,0,df9b01076f4a0000,fc,0,0,00aa,4d1a,0,0000,00aa,0,00aa,0000,1,1,0,0,0000,00b3,0000,0000,0000,0000,0,00b3,00aa,0000,0,009,00aa,00aa,1,a7,0112,00d0
791,791,0,df9b01076f4a0000,fc,0,0,00aa,4d1a,0,0000,00aa,0,00aa,0000,1,1,0,0,0000,00b3,0000,0000,0000,0000,0,00b3,00aa,0000,0,009,00aa,00aa,1,a7,0112,00d0
792,792,0,df9b01076f4a0000,fc,0,0,00aa,4d1a,0,0000,00aa,0,00aa,0000,1,1,0,0,0000,00b3,0000,0000,0000,0000,0,00b3,00aa,0000,0,009,00aa,00aa,1,a7,0112,00d0
793,793,0,df9b01076f4a0000,fc,0,0,00aa,4d1a,0,0000,00aa,0,00aa,0000,1,1,0,0,0000,00b3,0000,0000,0000,0000,0,00b3,00aa,0000,0,009,00aa,00aa,1,a7,0112,00d0
794,794,0,df9b01076f4a0000,fc,0,0,00aa,4d1a,0,0000,00aa,0,00aa,0000,1,1,0,0,0000,00b3,0000,0000,0000,0000,0,00b3,00aa,0000,0,009,00aa,00aa,1,a7,0112,00d0
795,795,0,df9b01076f4a0000,fc,0,0,00aa,4d1a,0,0000,00aa,0,00aa,0000,1,1,0,0,0000,00b3,0000,0000,0000,0000,0,00b3,00aa,0000,0,009,00aa,00aa,1,a7,0112,00d0
796,796,0,df9b01076f4a0000,fc,0,0,00aa,4d1a,0,0000,00aa,0,00aa,0000,1,1,0,0,0000,00b3,0000,0000,0000,0000,0,00b3,00aa,0000,0,009,00aa,00aa,1,a7,0112,00d0
797,797,0,df9b01076f4a0000,fc,0,0,00aa,4d1a,0,0000,00aa,0,00aa,0000,1,1,0,0,0000,00b3,0000,0000,0000,0000,0,00b3,00aa,0000,0,009,00aa,00aa,1,a7,0112,00d0
798,798,0,df9b01076f4a0000,fc,0,0,00aa,4d1a,0,0000,00aa,0,00aa,0000,1,1,0,0,0000,00b3,0000,0000,0000,0000,0,00b3,00aa,0000,0,009,00aa,00aa,1,a7,0112,00d0
799,799,0,df9b01076f4a0000,fc,0,0,00aa,4d1a,0,0000,00aa,0,00aa,0000,1,1,0,0,0000,00b3,0000,0000,0000,0000,0,00b3,00aa,0000,0,009,00aa,00aa,1,a7,0112,00d0
800,800,0,df9b01076f4a0000,fc,0,0,00aa,4d1a,0,0000,00aa,0,00aa,0000,1,1,0,0,0000,00b3,0000,0000,0000,0000,0,00b3,00aa,0000,0,009,00aa,00aa,1,a7,0112,00d0
801,801,0,df9b01076f4a0000,fc,0,0,00aa,4d1a,0,0000,00aa,0,00aa,0000,1,1,0,0,0000,00b3,0000,0000,0000,0000,0,00b3,00aa,0000,0,009,00aa,00aa,1,a7,0112,00d0
802,802,0,df9b01076f4a0000,fc,0,0,00aa,4d1a,0,0000,00aa,0,00aa,0000,1,1,0,0,0000,00b3,0000,0000,0000,0000,0,00b3,00aa,0000,0,009,00aa,00aa,1,a7,0112,00d0
803,803,0,df9b01076f4a0000,fc,0,0,00aa,4d1a,0,0000,00aa,0,00aa,0000,1,1,0,0,0000,00b3,0000,0000,0000,0000,0,00b3,00aa,0000,0,009,00aa,00aa,1,a7,0112,00d0
804,804,0,df9b01076f4a0000,fc,0,0,00aa,4d1a,0,0000,00aa,0,00aa,0000,1,1,0,0,0000,00b3,0000,0000,0000,0000,0,00b3,00aa,0000,0,009,00aa,00aa,1,a7,0112,00d0
805,805,0,df9b01076f4a0000,fc,0,0,00aa,4d1a,0,0000,00aa,0,00aa,0000,1,1,0,0,0000,00b3,0000,0000,0000,0000,0,00b3,00aa,0000,0,009,00aa,00aa,1,a7,0112,00d0
806,806,0,df9b01076f4a0000,fc,0,0,00aa,4d1a,0,0000,00aa,0,00aa,0000,1,1,0,0,0000,00b3,0000,0000,0000,0000,0,00b3,00aa,0000,0,009,00aa,00aa,1,a7,0112,00d0
807,807,0,df9b01076f4a0000,fc,0,0,00aa,4d1a,0,0000,00aa,0,00aa,0000,1,1,0,0,0000,00b3,0000,0000,0000,0000,0,00b3,00aa,0000,0,009,00aa,00aa,1,a7,0112,00d0
808,808,0,df9b01076f4a0000,fc,0,0,00aa,4d1a,0,0000,00aa,0,00aa,0000,1,1,0,0,0000,00b3,0000,0000,0000,0000,0,00b3,00aa,0000,0,009,00aa,00aa,1,a7,0112,00d0
809,809,0,df9b01076f4a0000,fc,0,0,00aa,4d1a,0,0000,00aa,0,00aa,0000,1,1,0,0,0000,00b3,0000,0000,0000,0000,0,00b3,00aa,0000,0,009,00aa,00aa,1,a7,0112,00d0
810,810,0,df9b01076f4a0000,fc,0,0,00aa,4d1a,0,0000,00aa,0,00aa,0000,1,1,0,0,0000,00b3,0000,0000,0000,0000,0,00b3,00aa,0000,0,009,00aa,00aa,1,a7,0112,00d0
811,811,0,df9b01076f4a0000,fc,0,0,00aa,4d1a,0,0000,00aa,0,00aa,0000,1,1,0,0,0000,00b3,0000,0000,0000,0000,0,00b3,00aa,0000,0,009,00aa,00aa,1,a7,0112,00d0
812,812,0,df9b01076f4a0000,fc,0,0,00aa,4d1a,0,0000,00aa,0,00aa,0000,1,1,0,0,0000,00b3,0000,0000,0000,0000,0,00b3,00aa,0000,0,009,00aa,00aa,1,a7,0112,00d0
813,813,0,df9b01076f4a0000,fc,0,0,00aa,4d1a,0,0000,00aa,0,00aa,0000,1,1,0,0,0000,00b3,0000,0000,0000,0000,0,00b3,00aa,0000,0,009,00aa,00aa,1,a7,0112,00d0
814,814,0,df9b01076f4a0000,fc,0,0,00aa,4d1a,0,0000,00aa,0,00aa,0000,1,1,0,0,0000,00b3,0000,0000,0000,0000,0,00b3,00aa,0000,0,009,00aa,00aa,1,a7,0112,00d0
815,815,0,df9b01076f4a0000,fc,0,0,00aa,4d1a,0,0000,00aa,0,00aa,0000,1,1,0,0,0000,00b3,0000,0000,0000,0000,0,00b3,00aa,0000,0,009,00aa,00aa,1,a7,0112,00d0
816,816,0,df9b01076f4a0000,fc,0,0,00aa,4d1a,0,0000,00aa,0,00aa,0000,1,1,0,0,0000,00b3,0000,0000,0000,0000,0,00b3,00aa,0000,0,009,00aa,00aa,1,a7,0112,00d0
817,817,0,df9b01076f4a0000,fc,0,0,00aa,4d1a,0,0000,00aa,0,00aa,0000,1,1,0,0,0000,00b3,0000,0000,0000,0000,0,00b3,00aa,0000,0,009,00aa,00aa,1,a7,0112,00d0
818,818,0,df9b01076f4a0000,fc,0,0,00aa,4d1a,0,0000,00aa,0,00aa,0000,1,1,0,0,0000,00b3,0000,0000,0000,0000,0,00b3,00aa,0000,0,009,00aa,00aa,1,a7,0112,00d0
819,819,0,df9b01076f4a0000,fc,0,0,00aa,4d1a,0,0000,00aa,0,00aa,0000,1,1,0,0,0000,00b3,0000,0000,0000,0000,0,00b3,00aa,0000,0,009,00aa,00aa,1,a7,0112,00d0
820,820,0,df9b01076f4a0000,fc,0,0,00aa,4d1a,0,0000,00aa,0,00aa,0000,1,1,0,0,0000,00b3,0000,0000,0000,0000,0,00b3,00aa,0000,0,009,00aa,00aa,1,a7,0112,00d0
821,821,0,df9b01076f4a0000,fc,0,0,00aa,4d1a,0,0000,00aa,0,00aa,0000,1,1,0,0,0000,00b3,0000,0000,0000,0000,0,00b3,00aa,0000,0,009,00aa,00aa,1,a7,0112,00d0
822,822,0,df9b01076f4a0000,fc,0,0,00aa,4d1a,0,0000,00aa,0,00aa,0000,1,1,0,0,0000,00b3,0000,0000,0000,0000,0,00b3,00aa,0000,0,009,00aa,00aa,1,a7,0112,00d0
823,823,0,df9b01076f4a0000,fc,0,0,00aa,4d1a,0,0000,00aa,0,00aa,0000,1,1,0,0,0000,00b3,0000,0000,0000,0000,0,00b3,00aa,0000,0,009,00aa,00aa,1,a7,0112,00d0
824,824,0,df9b01076f4a0000,fc,0,0,00aa,4d1a,0,0000,00aa,0,00aa,0000,1,1,0,0,0000,00b3,0000,0000,0000,0000,0,00b3,00aa,0000,0,009,00aa,00aa,1,a7,0112,00d0
825,825,0,df9b01076f4a0000,fc,0,0,00aa,4d1a,0,0000,00aa,0,00aa,0000,1,1,0,0,0000,00b3,0000,0000,0000,0000,0,00b3,00aa,0000,0,009,00aa,00aa,1,a7,0112,00d0
826,826,0,df9b01076f4a0000,fc,0,0,00aa,4d1a,0,0000,00aa,0,00aa,0000,1,1,0,0,0000,00b3,0000,0000,0000,0000,0,00b3,00aa,0000,0,009,00aa,00aa,1,a7,0112,00d0
827,827,0,df9b01076f4a0000,fc,0,0,00aa,4d1a,0,0000,00aa,0,00aa,0000,1,1,0,0,0000,00b3,0000,0000,0000,0000,0,00b3,00aa,0000,0,009,00aa,00aa,1,a7,0112,00d0
828,828,0,df9b01076f4a0000,fc,0,0,00aa,4d1a,0,0000,00aa,0,00aa,0000,1,1,0,0,0000,00b3,0000,0000,0000,0000,0,00b3,00aa,0000,0,009,00aa,00aa,1,a7,0112,00d0
829,829,0,df9b01076f4a0000,fc,0,0,00aa,4d1a,0,0000,00aa,0,00aa,0000,1,1,0,0,0000,00b3,0000,0000,0000,0000,0,00b3,00aa,0000,0,009,00aa,00aa,1,a7,0112,00d0
830,830,0,df9b01076f4a0000,fc,0,0,00aa,4d1a,0,0000,00aa,0,00aa,0000,1,1,0,0,0000,00b3,0000,0000,0000,0000,0,00b3,00aa,0000,0,009,00aa,00aa,1,a7,0112,00d0
831,831,0,df9b01076f4a0000,fc,0,0,00aa,4d1a,0,0000,00aa,0,00aa,0000,1,1,0,0,0000,00b3,0000,0000,0000,0000,0,00b3,00aa,0000,0,009,00aa,00aa,1,a7,0112,00d0
832,832,0,df9b01076f4a0000,fc,0,0,00aa,4d1a,0,0000,00aa,0,00aa,0000,1,1,0,0,0000,00b3,0000,0000,0000,0000,0,00b3,00aa,0000,0,009,00aa,00aa,1,a7,0112,00d0
833,833,0,df9b01076f4a0000,fc,0,0,00aa,4d1a,0,0000,00aa,0,00aa,0000,1,1,0,0,0000,00b3,0000,0000,0000,0000,0,00b3,00aa,0000,0,009,00aa,00aa,1,a7,0112,00d0
834,834,0,df9b01076f4a0000,fc,0,0,00aa,4d1a,0,0000,00aa,0,00aa,0000,1,1,0,0,0000,00b3,0000,0000,0000,0000,0,00b3,00aa,0000,0,009,00aa,00aa,1,a7,0112,00d0
835,835,0,df9b01076f4a0000,fc,0,0,00aa,4d1a,0,0000,00aa,0,00aa,0000,1,1,0,0,0000,00b3,0000,0000,0000,0000,0,00b3,00aa,0000,0,009,00aa,00aa,1,a7,0112,00d0
836,836,0,df9b01076f4a0000,fc,0,0,00aa,4d1a,0,0000,00aa,0,00aa,0000,1,1,0,0,0000,00b3,0000,0000,0000,0000,0,00b3,00aa,0000,0,009,00aa,00aa,1,a7,0112,00d0
837,837,0,df9b01076f4a0000,fc,0,0,00aa,4d1a,0,0000,00aa,0,00aa,0000,1,1,0,0,0000,00b3,0000,0000,0000,0000,0,00b3,00aa,0000,0,009,00aa,00aa,1,a7,0112,00d0
838,838,0,df9b01076f4a0000,fc,0,0,00aa,4d1a,0,0000,00aa,0,00aa,0000,1,1,0,0,0000,00b3,0000,0000,0000,0000,0,00b3,00aa,0000,0,009,00aa,00aa,1,a7,0112,00d0
839,839,0,df9b01076f4a0000,fc,0,0,00aa,4d1a,0,0000,00aa,0,00aa,0000,1,1,0,0,0000,00b3,0000,0000,0000,0000,0,00b3,00aa,0000,0,009,00aa,00aa,1,a7,0112,00d0
840,840,0,df9b01076f4a0000,fc,0,0,00aa,4d1a,0,0000,00aa,0,00aa,0000,1,1,0,0,0000,00b3,0000,0000,0000,0000,0,00b3,00aa,0000,0,009,00aa,00aa,1,a7,0112,00d0
841,841,0,df9b01076f4a0000,fc,0,0,00aa,4d1a,0,0000,00aa,0,00aa,0000,1,1,0,0,0000,00b3,0000,0000,0000,0000,0,00b3,00aa,0000,0,009,00aa,00aa,1,a7,0112,00d0
842,842,0,df9b01076f4a0000,fc,0,0,00aa,4d1a,0,0000,00aa,0,00aa,0000,1,1,0,0,0000,00b3,0000,0000,0000,0000,0,00b3,00aa,0000,0,009,00aa,00aa,1,a7,0112,00d0
843,843,0,df9b01076f4a0000,fc,0,0,00aa,4d1a,0,0000,00aa,0,00aa,0000,1,1,0,0,0000,00b3,0000,0000,0000,0000,0,00b3,00aa,0000,0,009,00aa,00aa,1,a7,0112,00d0
844,844,0,df9b01076f4a0000,fc,0,0,00aa,4d1a,0,0000,00aa,0,00aa,0000,1,1,0,0,0000,00b3,0000,0000,0000,0000,0,00b3,00aa,0000,0,009,00aa,00aa,1,a7,0112,00d0
845,845,0,df9b01076f4a0000,fc,0,0,00aa,4d1a,0,0000,00aa,0,00aa,0000,1,1,0,0,0000,00b3,0000,0000,0000,0000,0,00b3,00aa,0000,0,009,00aa,00aa,1,a7,0112,00d0
846,846,0,df9b01076f4a0000,fc,0,0,00aa,4d1a,0,0000,00aa,0,00aa,0000,1,1,0,0,0000,00b3,0000,0000,0000,0000,0,00b3,00aa,0000,0,009,00aa,00aa,1,a7,0112,00d0
847,847,0,df9b01076f4a0000,fc,0,0,00aa,4d1a,0,0000,00aa,0,00aa,0000,1,1,0,0,0000,00b3,0000,0000,0000,0000,0,00b3,00aa,0000,0,009,00aa,00aa,1,a7,0112,00d0
848,848,0,df9b01076f4a0000,fc,0,0,00aa,4d1a,0,0000,00aa,0,00aa,0000,1,1,0,0,0000,00b3,0000,0000,0000,0000,0,00b3,00aa,0000,0,009,00aa,00aa,1,a7,0112,00d0
849,849,0,df9b01076f4a0000,fc,0,0,00aa,4d1a,0,0000,00aa,0,00aa,0000,1,1,0,0,0000,00b3,0000,0000,0000,0000,0,00b3,00aa,0000,0,009,00aa,00aa,1,a7,0112,00d0
850,850,0,df9b01076f4a0000,fc,0,0,00aa,4d1a,0,0000,00aa,0,00aa,0000,1,1,0,0,0000,00b3,0000,0000,0000,0000,0,00b3,00aa,0000,0,009,00aa,00aa,1,a7,0112,00d0
851,851,0,df9b01076f4a0000,fc,0,0,00aa,4d1a,0,0000,00aa,0,00aa,0000,1,1,0,0,0000,00b3,0000,0000,0000,0000,0,00b3,00aa,0000,0,009,00aa,00aa,1,a7,0112,00d0
852,852,0,df9b01076f4a0000,fc,0,0,00aa,4d1a,0,0000,00aa,0,00aa,0000,1,1,0,0,0000,00b3,0000,0000,0000,0000,0,00b3,00aa,0000,0,009,00aa,00aa,1,a7,0112,00d0
853,853,0,df9b01076f4a0000,fc,0,0,00aa,4d1a,0,0000,00aa,0,00aa,0000,1,1,0,0,0000,00b3,0000,0000,0000,0000,0,00b3,00aa,0000,0,009,00aa,00aa,1,a7,0112,00d0
854,854,0,df9b01076f4a0000,fc,0,0,00aa,4d1a,0,0000,00aa,0,00aa,0000,1,1,0,0,0000,00b3,0000,0000,0000,0000,0,00b3,00aa,0000,0,009,00aa,00aa,1,a7,0112,00d0
855,855,0,df9b01076f4a0000,fc,0,0,00aa,4d1a,0,0000,00aa,0,00aa,0000,1,1,0,0,0000,00b3,0000,0000,0000,0000,0,00b3,00aa,0000,0,009,00aa,00aa,1,a7,0112,00d0
856,856,0,df9b01076f4a0000,fc,0,0,00aa,4d1a,0,0000,00aa,0,00aa,0000,1,1,0,0,0000,00b3,0000,0000,0000,0000,0,00b3,00aa,0000,0,009,00aa,00aa,1,a7,0112,00d0
857,857,0,df9b01076f4a0000,fc,0,0,00aa,4d1a,0,0000,00aa,0,00aa,0000,1,1,0,0,0000,00b3,0000,0000,0000,0000,0,00b3,00aa,0000,0,009,00aa,00aa,1,a7,0112,00d0
858,858,0,df9b01076f4a0000,fc,0,0,00aa,4d1a,0,0000,00aa,0,00aa,0000,1,1,0,0,0000,00b3,0000,0000,0000,0000,0,00b3,00aa,0000,0,009,00aa,00aa,1,a7,0112,00d0
859,859,0,df9b01076f4a0000,fc,0,0,00aa,4d1a,0,0000,00aa,0,00aa,0000,1,1,0,0,0000,00b3,0000,0000,0000,0000,0,00b3,00aa,0000,0,009,00aa,00aa,1,a7,0112,00d0
860,860,0,df9b01076f4a0000,fc,0,0,00aa,4d1a,0,0000,00aa,0,00aa,0000,1,1,0,0,0000,00b3,0000,0000,0000,0000,0,00b3,00aa,0000,0,009,00aa,00aa,1,a7,0112,00d0
861,861,0,df9b01076f4a0000,fc,0,0,00aa,4d1a,0,0000,00aa,0,00aa,0000,1,1,0,0,0000,00b3,0000,0000,0000,0000,0,00b3,00aa,0000,0,009,00aa,00aa,1,a7,0112,00d0
862,862,0,df9b01076f4a0000,fc,0,0,00aa,4d1a,0,0000,00aa,0,00aa,0000,1,1,0,0,0000,00b3,0000,0000,0000,0000,0,00b3,00aa,0000,0,009,00aa,00aa,1,a7,0112,00d0
863,863,0,df9b01076f4a0000,fc,0,0,00aa,4d1a,0,0000,00aa,0,00aa,0000,1,1,0,0,0000,00b3,0000,0000,0000,0000,0,00b3,00aa,0000,0,009,00aa,00aa,1,a7,0112,00d0
864,864,0,df9b01076f4a0000,fc,0,0,00aa,4d1a,0,0000,00aa,0,00aa,0000,1,1,0,0,0000,00b3,0000,0000,0000,0000,0,00b3,00aa,0000,0,009,00aa,00aa,1,a7,0112,00d0
865,865,0,df9b01076f4a0000,fc,0,0,00aa,4d1a,0,0000,00aa,0,00aa,0000,1,1,0,0,0000,00b3,0000,0000,0000,0000,0,00b3,00aa,0000,0,009,00aa,00aa,1,a7,0112,00d0
866,866,0,df9b01076f4a0000,fc,0,0,00aa,4d1a,0,0000,00aa,0,00aa,0000,1,1,0,0,0000,00b3,0000,0000,0000,0000,0,00b3,00aa,0000,0,009,00aa,00aa,1,a7,0112,00d0
867,867,0,df9b01076f4a0000,fc,0,0,00aa,4d1a,0,0000,00aa,0,00aa,0000,1,1,0,0,0000,00b3,0000,0000,0000,0000,0,00b3,00aa,0000,0,009,00aa,00aa,1,a7,0112,00d0
868,868,0,df9b01076f4a0000,fc,0,0,00aa,4d1a,0,0000,00aa,0,00aa,0000,1,1,0,0,0000,00b3,0000,0000,0000,0000,0,00b3,00aa,0000,0,009,00aa,00aa,1,a7,0112,00d0
869,869,0,df9b01076f4a0000,fc,0,0,00aa,4d1a,0,0000,00aa,0,00aa,0000,1,1,0,0,0000,00b3,0000,0000,0000,0000,0,00b3,00aa,0000,0,009,00aa,00aa,1,a7,0112,00d0
870,870,0,df9b01076f4a0000,fc,0,0,00aa,4d1a,0,0000,00aa,0,00aa,0000,1,1,0,0,0000,00b3,0000,0000,0000,0000,0,00b3,00aa,0000,0,009,00aa,00aa,1,a7,0112,00d0
871,871,0,df9b01076f4a0000,fc,0,0,00aa,4d1a,0,0000,00aa,0,00aa,0000,1,1,0,0,0000,00b3,0000,0000,0000,0000,0,00b3,00aa,0000,0,009,00aa,00aa,1,a7,0112,00d0
872,872,0,df9b01076f4a0000,fc,0,0,00aa,4d1a,0,0000,00aa,0,00aa,0000,1,1,0,0,0000,00b3,0000,0000,0000,0000,0,00b3,00aa,0000,0,009,00aa,00aa,1,a7,0112,00d0
873,873,0,df9b01076f4a0000,fc,0,0,00aa,4d1a,0,0000,00aa,0,00aa,0000,1,1,0,0,0000,00b3,0000,0000,0000,0000,0,00b3,00aa,0000,0,009,00aa,00aa,1,a7,0112,00d0
874,874,0,df9b01076f4a0000,fc,0,0,00aa,4d1a,0,0000,00aa,0,00aa,0000,1,1,0,0,0000,00b3,0000,0000,0000,0000,0,00b3,00aa,0000,0,009,00aa,00aa,1,a7,0112,00d0
875,875,0,df9b01076f4a0000,fc,0,0,00aa,4d1a,0,0000,00aa,0,00aa,0000,1,1,0,0,0000,00b3,0000,0000,0000,0000,0,00b3,00aa,0000,0,009,00aa,00aa,1,a7,0112,00d0
876,876,0,df9b01076f4a0000,fc,0,0,00aa,4d1a,0,0000,00aa,0,00aa,0000,1,1,0,0,0000,00b3,0000,0000,0000,0000,0,00b3,00aa,0000,0,009,00aa,00aa,1,a7,0112,00d0
877,877,0,df9b01076f4a0000,fc,0,0,00aa,4d1a,0,0000,00aa,0,00aa,0000,1,1,0,0,0000,00b3,0000,0000,0000,0000,0,00b3,00aa,0000,0,009,00aa,00aa,1,a7,0112,00d0
878,878,0,df9b01076f4a0000,fc,0,0,00aa,4d1a,0,0000,00aa,0,00aa,0000,1,1,0,0,0000,00b3,0000,0000,0000,0000,0,00b3,00aa,0000,0,009,00aa,00aa,1,a7,0112,00d0
879,879,0,df9b01076f4a0000,fc,0,0,00aa,4d1a,0,0000,00aa,0,00aa,0000,1,1,0,0,0000,00b3,0000,0000,0000,0000,0,00b3,00aa,0000,0,009,00aa,00aa,1,a7,0112,00d0
880,880,0,df9b01076f4a0000,fc,0,0,00aa,4d1a,0,0000,00aa,0,00aa,0000,1,1,0,0,0000,00b3,0000,0000,0000,0000,0,00b3,00aa,0000,0,009,00aa,00aa,1,a7,0112,00d0
881,881,0,df9b01076f4a0000,fc,0,0,00aa,4d1a,0,0000,00aa,0,00aa,0000,1,1,0,0,0000,00b3,0000,0000,0000,0000,0,00b3,00aa,0000,0,009,00aa,00aa,1,a7,0112,00d0
882,882,0,df9b01076f4a0000,fc,0,0,00aa,4d1a,0,0000,00aa,0,00aa,0000,1,1,0,0,0000,00b3,0000,0000,0000,0000,0,00b3,00aa,0000,0,009,00aa,00aa,1,a7,0112,00d0
883,883,0,df9b01076f4a0000,fc,0,0,00aa,4d1a,0,0000,00aa,0,00aa,0000,1,1,0,0,0000,00b3,0000,0000,0000,0000,0,00b3,00aa,0000,0,009,00aa,00aa,1,a7,0112,00d0
884,884,0,df9b01076f4a0000,fc,0,0,00aa,4d1a,0,0000,00aa,0,00aa,0000,1,1,0,0,0000,00b3,0000,0000,0000,0000,0,00b3,00aa,0000,0,009,00aa,00aa,1,a7,0112,00d0
885,885,0,df9b01076f4a0000,fc,0,0,00aa,4d1a,0,0000,00aa,0,00aa,0000,1,1,0,0,0000,00b3,0000,0000,0000,0000,0,00b3,00aa,0000,0,009,00aa,00aa,1,a7,0112,00d0
886,886,0,df9b01076f4a0000,fc,0,0,00aa,4d1a,0,0000,00aa,0,00aa,0000,1,1,0,0,0000,00b3,0000,0000,0000,0000,0,00b3,00aa,0000,0,009,00aa,00aa,1,a7,0112,00d0
887,887,0,df9b01076f4a0000,fc,0,0,00aa,4d1a,0,0000,00aa,0,00aa,0000,1,1,0,0,0000,00b3,0000,0000,0000,0000,0,00b3,00aa,0000,0,009,00aa,00aa,1,a7,0112,00d0
888,888,0,df9b01076f4a0000,fc,0,0,00aa,4d1a,0,0000,00aa,0,00aa,0000,1,1,0,0,0000,00b3,0000,0000,0000,0000,0,00b3,00aa,0000,0,009,00aa,00aa,1,a7,0112,00d0
889,889,0,df9b01076f4a0000,fc,0,0,00aa,4d1a,0,0000,00aa,0,00aa,0000,1,1,0,0,0000,00b3,0000,0000,0000,0000,0,00b3,00aa,0000,0,009,00aa,00aa,1,a7,0112,00d0
890,890,0,df9b01076f4a0000,fc,0,0,00aa,4d1a,0,0000,00aa,0,00aa,0000,1,1,0,0,0000,00b3,0000,0000,0000,0000,0,00b3,00aa,0000,0,009,00aa,00aa,1,a7,0112,00d0
891,891,0,df9b01076f4a0000,fc,0,0,00aa,4d1a,0,0000,00aa,0,00aa,0000,1,1,0,0,0000,00b3,0000,0000,0000,0000,0,00b3,00aa,0000,0,009,00aa,00aa,1,a7,0112,00d0
892,892,0,df9b01076f4a0000,fc,0,0,00aa,4d1a,0,0000,00aa,0,00aa,0000,1,1,0,0,0000,00b3,0000,0000,0000,0000,0,00b3,00aa,0000,0,009,00aa,00aa,1,a7,0112,00d0
893,893,0,df9b01076f4a0000,fc,0,0,00aa,4d1a,0,0000,00aa,0,00aa,0000,1,1,0,0,0000,00b3,0000,0000,0000,0000,0,00b3,00aa,0000,0,009,00aa,00aa,1,a7,0112,00d0
894,894,0,df9b01076f4a0000,fc,0,0,00aa,4d1a,0,0000,00aa,0,00aa,0000,1,1,0,0,0000,00b3,0000,0000,0000,0000,0,00b3,00aa,0000,0,009,00aa,00aa,1,a7,0112,00d0
895,895,0,df9b01076f4a0000,fc,0,0,00aa,4d1a,0,0000,00aa,0,00aa,0000,1,1,0,0,0000,00b3,0000,0000,0000,0000,0,00b3,00aa,0000,0,009,00aa,00aa,1,a7,0112,00d0
896,896,0,df9b01076f4a0000,fc,0,0,00aa,4d1a,0,0000,00aa,0,00aa,0000,1,1,0,0,0000,00b3,0000,0000,0000,0000,0,00b3,00aa,0000,0,009,00aa,00aa,1,a7,0112,00d0
897,897,0,df9b01076f4a0000,fc,0,0,00aa,4d1a,0,0000,00aa,0,00aa,0000,1,1,0,0,0000,00b3,0000,0000,0000,0000,0,00b3,00aa,0000,0,009,00aa,00aa,1,a7,0112,00d0
898,898,0,df9b01076f4a0000,fc,0,0,00aa,4d1a,0,0000,00aa,0,00aa,0000,1,1,0,0,0000,00b3,0000,0000,0000,0000,0,00b3,00aa,0000,0,009,00aa,00aa,1,a7,0112,00d0
899,899,0,df9b01076f4a0000,fc,0,0,00aa,4d1a,0,0000,00aa,0,00aa,0000,1,1,0,0,0000,00b3,0000,0000,0000,0000,0,00b3,00aa,0000,0,009,00aa,00aa,1,a7,0112,00d0
900,900,0,df9b01076f4a0000,fc,0,0,00aa,4d1a,0,0000,00aa,0,00aa,0000,1,1,0,0,0000,00b3,0000,0000,0000,0000,0,00b3,00aa,0000,0,009,00aa,00aa,1,a7,0112,00d0
901,901,0,df9b01076f4a0000,fc,0,0,00aa,4d1a,0,0000,00aa,0,00aa,0000,1,1,0,0,0000,00b3,0000,0000,0000,0000,0,00b3,00aa,0000,0,009,00aa,00aa,1,a7,0112,00d0
902,902,0,df9b01076f4a0000,fc,0,0,00aa,4d1a,0,0000,00aa,0,00aa,0000,1,1,0,0,0000,00b3,0000,0000,0000,0000,0,00b3,00aa,0000,0,009,00aa,00aa,1,a7,0112,00d0
903,903,0,df9b01076f4a0000,fc,0,0,00aa,4d1a,0,0000,00aa,0,00aa,0000,1,1,0,0,0000,00b3,0000,0000,0000,0000,0,00b3,00aa,0000,0,009,00aa,00aa,1,a7,0112,00d0
904,904,0,df9b01076f4a0000,fc,0,0,00aa,4d1a,0,0000,00aa,0,00aa,0000,1,1,0,0,0000,00b3,0000,0000,0000,0000,0,00b3,00aa,0000,0,009,00aa,00aa,1,a7,0112,00d0
905,905,0,df9b01076f4a0000,fc,0,0,00aa,4d1a,0,0000,00aa,0,00aa,0000,1,1,0,0,0000,00b3,0000,0000,0000,0000,0,00b3,00aa,0000,0,009,00aa,00aa,1,a7,0112,00d0
906,906,0,df9b01076f4a0000,fc,0,0,00aa,4d1a,0,0000,00aa,0,00aa,0000,1,1,0,0,0000,00b3,0000,0000,0000,0000,0,00b3,00aa,0000,0,009,00aa,00aa,1,a7,0112,00d0
907,907,0,df9b01076f4a0000,fc,0,0,00aa,4d1a,0,0000,00aa,0,00aa,0000,1,1,0,0,0000,00b3,0000,0000,0000,0000,0,00b3,00aa,0000,0,009,00aa,00aa,1,a7,0112,00d0
908,908,0,df9b01076f4a0000,fc,0,0,00aa,4d1a,0,0000,00aa,0,00aa,0000,1,1,0,0,0000,00b3,0000,0000,0000,0000,0,00b3,00aa,0000,0,009,00aa,00aa,1,a7,0112,00d0
909,909,0,df9b01076f4a0000,fc,0,0,00aa,4d1a,0,0000,00aa,0,00aa,0000,1,1,0,0,0000,00b3,0000,0000,0000,0000,0,00b3,00aa,0000,0,009,00aa,00aa,1,a7,0112,00d0
910,910,0,df9b01076f4a0000,fc,0,0,00aa,4d1a,0,0000,00aa,0,00aa,0000,1,1,0,0,0000,00b3,0000,0000,0000,0000,0,00b3,00aa,0000,0,009,00aa,00aa,1,a7,0112,00d0
911,911,0,df9b01076f4a0000,fc,0,0,00aa,4d1a,0,0000,00aa,0,00aa,0000,1,1,0,0,0000,00b3,0000,0000,0000,0000,0,00b3,00aa,0000,0,009,00aa,00aa,1,a7,0112,00d0
912,912,0,df9b01076f4a0000,fc,0,0,00aa,4d1a,0,0000,00aa,0,00aa,0000,1,1,0,0,0000,00b3,0000,0000,0000,0000,0,00b3,00aa,0000,0,009,00aa,00aa,1,a7,0112,00d0
913,913,0,df9b01076f4a0000,fc,0,0,00aa,4d1a,0,0000,00aa,0,00aa,0000,1,1,0,0,0000,00b3,0000,0000,0000,0000,0,00b3,00aa,0000,0,009,00aa,00aa,1,a7,0112,00d0
914,914,0,df9b01076f4a0000,fc,0,0,00aa,4d1a,0,0000,00aa,0,00aa,0000,1,1,0,0,0000,00b3,0000,0000,0000,0000,0,00b3,00aa,0000,0,009,00aa,00aa,1,a7,0112,00d0
915,915,0,df9b01076f4a0000,fc,0,0,00aa,4d1a,0,0000,00aa,0,00aa,0000,1,1,0,0,0000,00b3,0000,0000,0000,0000,0,00b3,00aa,0000,0,009,00aa,00aa,1,a7,0112,00d0
916,916,0,df9b01076f4a0000,fc,0,0,00aa,4d1a,0,0000,00aa,0,00aa,0000,1,1,0,0,0000,00b3,0000,0000,0000,0000,0,00b3,00aa,0000,0,009,00aa,00aa,1,a7,0112,00d0
917,917,0,df9b01076f4a0000,fc,0,0,00aa,4d1a,0,0000,00aa,0,00aa,0000,1,1,0,0,0000,00b3,0000,0000,0000,0000,0,00b3,00aa,0000,0,009,00aa,00aa,1,a7,0112,00d0
918,918,0,df9b01076f4a0000,fc,0,0,00aa,4d1a,0,0000,00aa,0,00aa,0000,1,1,0,0,0000,00b3,0000,0000,0000,0000,0,00b3,00aa,0000,0,009,00aa,00aa,1,a7,0112,00d0
919,919,0,df9b01076f4a0000,fc,0,0,00aa,4d1a,0,0000,00aa,0,00aa,0000,1,1,0,0,0000,00b3,0000,0000,0000,0000,0,00b3,00aa,0000,0,009,00aa,00aa,1,a7,0112,00d0
920,920,0,df9b01076f4a0000,fc,0,0,00aa,4d1a,0,0000,00aa,0,00aa,0000,1,1,0,0,0000,00b3,0000,0000,0000,0000,0,00b3,00aa,0000,0,009,00aa,00aa,1,a7,0112,00d0
921,921,0,df9b01076f4a0000,fc,0,0,00aa,4d1a,0,0000,00aa,0,00aa,0000,1,1,0,0,0000,00b3,0000,0000,0000,0000,0,00b3,00aa,0000,0,009,00aa,00aa,1,a7,0112,00d0
922,922,0,df9b01076f4a0000,fc,0,0,00aa,4d1a,0,0000,00aa,0,00aa,0000,1,1,0,0,0000,00b3,0000,0000,0000,0000,0,00b3,00aa,0000,0,009,00aa,00aa,1,a7,0112,00d0
923,923,0,df9b01076f4a0000,fc,0,0,00aa,4d1a,0,0000,00aa,0,00aa,0000,1,1,0,0,0000,00b3,0000,0000,0000,0000,0,00b3,00aa,0000,0,009,00aa,00aa,1,a7,0112,00d0
924,924,0,df9b01076f4a0000,fc,0,0,00aa,4d1a,0,0000,00aa,0,00aa,0000,1,1,0,0,0000,00b3,0000,0000,0000,0000,0,00b3,00aa,0000,0,009,00aa,00aa,1,a7,0112,00d0
925,925,0,df9b01076f4a0000,fc,0,0,00aa,4d1a,0,0000,00aa,0,00aa,0000,1,1,0,0,0000,00b3,0000,0000,0000,0000,0,00b3,00aa,0000,0,009,00aa,00aa,1,a7,0112,00d0
926,926,0,df9b01076f4a0000,fc,0,0,00aa,4d1a,0,0000,00aa,0,00aa,0000,1,1,0,0,0000,00b3,0000,0000,0000,0000,0,00b3,00aa,0000,0,009,00aa,00aa,1,a7,0112,00d0
927,927,0,df9b01076f4a0000,fc,0,0,00aa,4d1a,0,0000,00aa,0,00aa,0000,1,1,0,0,0000,00b3,0000,0000,0000,0000,0,00b3,00aa,0000,0,009,00aa,00aa,1,a7,0112,00d0
928,928,0,df9b01076f4a0000,fc,0,0,00aa,4d1a,0,0000,00aa,0,00aa,0000,1,1,0,0,0000,00b3,0000,0000,0000,0000,0,00b3,00aa,0000,0,009,00aa,00aa,1,a7,0112,00d0
929,929,0,df9b01076f4a0000,fc,0,0,00aa,4d1a,0,0000,00aa,0,00aa,0000,1,1,0,0,0000,00b3,0000,0000,0000,0000,0,00b3,00aa,0000,0,009,00aa,00aa,1,a7,0112,00d0
930,930,0,df9b01076f4a0000,fc,0,0,00aa,4d1a,0,0000,00aa,0,00aa,0000,1,1,0,0,0000,00b3,0000,0000,0000,0000,0,00b3,00aa,0000,0,009,00aa,00aa,1,a7,0112,00d0
931,931,0,df9b01076f4a0000,fc,0,0,00aa,4d1a,0,0000,00aa,0,00aa,0000,1,1,0,0,0000,00b3,0000,0000,0000,0000,0,00b3,00aa,0000,0,009,00aa,00aa,1,a7,0112,00d0
932,932,0,df9b01076f4a0000,fc,0,0,00aa,4d1a,0,0000,00aa,0,00aa,0000,1,1,0,0,0000,00b3,0000,0000,0000,0000,0,00b3,00aa,0000,0,009,00aa,00aa,1,a7,0112,00d0
933,933,0,df9b01076f4a0000,fc,0,0,00aa,4d1a,0,0000,00aa,0,00aa,0000,1,1,0,0,0000,00b3,0000,0000,0000,0000,0,00b3,00aa,0000,0,009,00aa,00aa,1,a7,0112,00d0
934,934,0,df9b01076f4a0000,fc,0,0,00aa,4d1a,0,0000,00aa,0,00aa,0000,1,1,0,0,0000,00b3,0000,0000,0000,0000,0,00b3,00aa,0000,0,009,00aa,00aa,1,a7,0112,00d0
935,935,0,df9b01076f4a0000,fc,0,0,00aa,4d1a,0,0000,00aa,0,00aa,0000,1,1,0,0,0000,00b3,0000,0000,0000,0000,0,00b3,00aa,0000,0,009,00aa,00aa,1,a7,0112,00d0
936,936,0,df9b01076f4a0000,fc,0,0,00aa,4d1a,0,0000,00aa,0,00aa,0000,1,1,0,0,0000,00b3,0000,0000,0000,0000,0,00b3,00aa,0000,0,009,00aa,00aa,1,a7,0112,00d0
937,937,0,df9b01076f4a0000,fc,0,0,00aa,4d1a,0,0000,00aa,0,00aa,0000,1,1,0,0,0000,00b3,0000,0000,0000,0000,0,00b3,00aa,0000,0,009,00aa,00aa,1,a7,0112,00d0
938,938,0,df9b01076f4a0000,fc,0,0,00aa,4d1a,0,0000,00aa,0,00aa,0000,1,1,0,0,0000,00b3,0000,0000,0000,0000,0,00b3,00aa,0000,0,009,00aa,00aa,1,a7,0112,00d0
939,939,0,df9b01076f4a0000,fc,0,0,00aa,4d1a,0,0000,00aa,0,00aa,0000,1,1,0,0,0000,00b3,0000,0000,0000,0000,0,00b3,00aa,0000,0,009,00aa,00aa,1,a7,0112,00d0
940,940,0,df9b01076f4a0000,fc,0,0,00aa,4d1a,0,0000,00aa,0,00aa,0000,1,1,0,0,0000,00b3,0000,0000,0000,0000,0,00b3,00aa,0000,0,009,00aa,00aa,1,a7,0112,00d0
941,941,0,df9b01076f4a0000,fc,0,0,00aa,4d1a,0,0000,00aa,0,00aa,0000,1,1,0,0,0000,00b3,0000,0000,0000,0000,0,00b3,00aa,0000,0,009,00aa,00aa,1,a7,0112,00d0
942,942,0,df9b01076f4a0000,fc,0,0,00aa,4d1a,0,0000,00aa,0,00aa,0000,1,1,0,0,0000,00b3,0000,0000,0000,0000,0,00b3,00aa,0000,0,009,00aa,00aa,1,a7,0112,00d0
943,943,0,df9b01076f4a0000,fc,0,0,00aa,4d1a,0,0000,00aa,0,00aa,0000,1,1,0,0,0000,00b3,0000,0000,0000,0000,0,00b3,00aa,0000,0,009,00aa,00aa,1,a7,0112,00d0
944,944,0,df9b01076f4a0000,fc,0,0,00aa,4d1a,0,0000,00aa,0,00aa,0000,1,1,0,0,0000,00b3,0000,0000,0000,0000,0,00b3,00aa,0000,0,009,00aa,00aa,1,a7,0112,00d0
945,945,0,df9b01076f4a0000,fc,0,0,00aa,4d1a,0,0000,00aa,0,00aa,0000,1,1,0,0,0000,00b3,0000,0000,0000,0000,0,00b3,00aa,0000,0,009,00aa,00aa,1,a7,0112,00d0
946,946,0,df9b01076f4a0000,fc,0,0,00aa,4d1a,0,0000,00aa,0,00aa,0000,1,1,0,0,0000,00b3,0000,0000,0000,0000,0,00b3,00aa,0000,0,009,00aa,00aa,1,a7,0112,00d0
947,947,0,df9b01076f4a0000,fc,0,0,00aa,4d1a,0,0000,00aa,0,00aa,0000,1,1,0,0,0000,00b3,0000,0000,0000,0000,0,00b3,00aa,0000,0,009,00aa,00aa,1,a7,0112,00d0
948,948,0,df9b01076f4a0000,fc,0,0,00aa,4d1a,0,0000,00aa,0,00aa,0000,1,1,0,0,0000,00b3,0000,0000,0000,0000,0,00b3,00aa,0000,0,009,00aa,00aa,1,a7,0112,00d0
949,949,0,df9b01076f4a0000,fc,0,0,00aa,4d1a,0,0000,00aa,0,00aa,0000,1,1,0,0,0000,00b3,0000,0000,0000,0000,0,00b3,00aa,0000,0,009,00aa,00aa,1,a7,0112,00d0
950,950,0,df9b01076f4a0000,fc,0,0,00aa,4d1a,0,0000,00aa,0,00aa,0000,1,1,0,0,0000,00b3,0000,0000,0000,0000,0,00b3,00aa,0000,0,009,00aa,00aa,1,a7,0112,00d0
951,951,0,df9b01076f4a0000,fc,0,0,00aa,4d1a,0,0000,00aa,0,00aa,0000,1,1,0,0,0000,00b3,0000,0000,0000,0000,0,00b3,00aa,0000,0,009,00aa,00aa,1,a7,0112,00d0
952,952,0,df9b01076f4a0000,fc,0,0,00aa,4d1a,0,0000,00aa,0,00aa,0000,1,1,0,0,0000,00b3,0000,0000,0000,0000,0,00b3,00aa,0000,0,009,00aa,00aa,1,a7,0112,00d0
953,953,0,df9b01076f4a0000,fc,0,0,00aa,4d1a,0,0000,00aa,0,00aa,0000,1,1,0,0,0000,00b3,0000,0000,0000,0000,0,00b3,00aa,0000,0,009,00aa,00aa,1,a7,0112,00d0
954,954,0,df9b01076f4a0000,fc,0,0,00aa,4d1a,0,0000,00aa,0,00aa,0000,1,1,0,0,0000,00b3,0000,0000,0000,0000,0,00b3,00aa,0000,0,009,00aa,00aa,1,a7,0112,00d0
955,955,0,df9b01076f4a0000,fc,0,0,00aa,4d1a,0,0000,00aa,0,00aa,0000,1,1,0,0,0000,00b3,0000,0000,0000,0000,0,00b3,00aa,0000,0,009,00aa,00aa,1,a7,0112,00d0
956,956,0,df9b01076f4a0000,fc,0,0,00aa,4d1a,0,0000,00aa,0,00aa,0000,1,1,0,0,0000,00b3,0000,0000,0000,0000,0,00b3,00aa,0000,0,009,00aa,00aa,1,a7,0112,00d0
957,957,0,df9b01076f4a0000,fc,0,0,00aa,4d1a,0,0000,00aa,0,00aa,0000,1,1,0,0,0000,00b3,0000,0000,0000,0000,0,00b3,00aa,0000,0,009,00aa,00aa,1,a7,0112,00d0
958,958,0,df9b01076f4a0000,fc,0,0,00aa,4d1a,0,0000,00aa,0,00aa,0000,1,1,0,0,0000,00b3,0000,0000,0000,0000,0,00b3,00aa,0000,0,009,00aa,00aa,1,a7,0112,00d0
959,959,0,df9b01076f4a0000,fc,0,0,00aa,4d1a,0,0000,00aa,0,00aa,0000,1,1,0,0,0000,00b3,0000,0000,0000,0000,0,00b3,00aa,0000,0,009,00aa,00aa,1,a7,0112,00d0
960,960,0,df9b01076f4a0000,fc,0,0,00aa,4d1a,0,0000,00aa,0,00aa,0000,1,1,0,0,0000,00b3,0000,0000,0000,0000,0,00b3,00aa,0000,0,009,00aa,00aa,1,a7,0112,00d0
961,961,0,df9b01076f4a0000,fc,0,0,00aa,4d1a,0,0000,00aa,0,00aa,0000,1,1,0,0,0000,00b3,0000,0000,0000,0000,0,00b3,00aa,0000,0,009,00aa,00aa,1,a7,0112,00d0
962,962,0,df9b01076f4a0000,fc,0,0,00aa,4d1a,0,0000,00aa,0,00aa,0000,1,1,0,0,0000,00b3,0000,0000,0000,0000,0,00b3,00aa,0000,0,009,00aa,00aa,1,a7,0112,00d0
963,963,0,df9b01076f4a0000,fc,0,0,00aa,4d1a,0,0000,00aa,0,00aa,0000,1,1,0,0,0000,00b3,0000,0000,0000,0000,0,00b3,00aa,0000,0,009,00aa,00aa,1,a7,0112,00d0
964,964,0,df9b01076f4a0000,fc,0,0,00aa,4d1a,0,0000,00aa,0,00aa,0000,1,1,0,0,0000,00b3,0000,0000,0000,0000,0,00b3,00aa,0000,0,009,00aa,00aa,1,a7,0112,00d0
965,965,0,df9b01076f4a0000,fc,0,0,00aa,4d1a,0,0000,00aa,0,00aa,0000,1,1,0,0,0000,00b3,0000,0000,0000,0000,0,00b3,00aa,0000,0,009,00aa,00aa,1,a7,0112,00d0
966,966,0,df9b01076f4a0000,fc,0,0,00aa,4d1a,0,0000,00aa,0,00aa,0000,1,1,0,0,0000,00b3,0000,0000,0000,0000,0,00b3,00aa,0000,0,009,00aa,00aa,1,a7,0112,00d0
967,967,0,df9b01076f4a0000,fc,0,0,00aa,4d1a,0,0000,00aa,0,00aa,0000,1,1,0,0,0000,00b3,0000,0000,0000,0000,0,00b3,00aa,0000,0,009,00aa,00aa,1,a7,0112,00d0
968,968,0,df9b01076f4a0000,fc,0,0,00aa,4d1a,0,0000,00aa,0,00aa,0000,1,1,0,0,0000,00b3,0000,0000,0000,0000,0,00b3,00aa,0000,0,009,00aa,00aa,1,a7,0112,00d0
969,969,0,df9b01076f4a0000,fc,0,0,00aa,4d1a,0,0000,00aa,0,00aa,0000,1,1,0,0,0000,00b3,0000,0000,0000,0000,0,00b3,00aa,0000,0,009,00aa,00aa,1,a7,0112,00d0
970,970,0,df9b01076f4a0000,fc,0,0,00aa,4d1a,0,0000,00aa,0,00aa,0000,1,1,0,0,0000,00b3,0000,0000,0000,0000,0,00b3,00aa,0000,0,009,00aa,00aa,1,a7,0112,00d0
971,971,0,df9b01076f4a0000,fc,0,0,00aa,4d1a,0,0000,00aa,0,00aa,0000,1,1,0,0,0000,00b3,0000,0000,0000,0000,0,00b3,00aa,0000,0,009,00aa,00aa,1,a7,0112,00d0
972,972,0,df9b01076f4a0000,fc,0,0,00aa,4d1a,0,0000,00aa,0,00aa,0000,1,1,0,0,0000,00b3,0000,0000,0000,0000,0,00b3,00aa,0000,0,009,00aa,00aa,1,a7,0112,00d0
973,973,0,df9b01076f4a0000,fc,0,0,00aa,4d1a,0,0000,00aa,0,00aa,0000,1,1,0,0,0000,00b3,0000,0000,0000,0000,0,00b3,00aa,0000,0,009,00aa,00aa,1,a7,0112,00d0
974,974,0,df9b01076f4a0000,fc,0,0,00aa,4d1a,0,0000,00aa,0,00aa,0000,1,1,0,0,0000,00b3,0000,0000,0000,0000,0,00b3,00aa,0000,0,009,00aa,00aa,1,a7,0112,00d0
975,975,0,df9b01076f4a0000,fc,0,0,00aa,4d1a,0,0000,00aa,0,00aa,0000,1,1,0,0,0000,00b3,0000,0000,0000,0000,0,00b3,00aa,0000,0,009,00aa,00aa,1,a7,0112,00d0
976,976,0,df9b01076f4a0000,fc,0,0,00aa,4d1a,0,0000,00aa,0,00aa,0000,1,1,0,0,0000,00b3,0000,0000,0000,0000,0,00b3,00aa,0000,0,009,00aa,00aa,1,a7,0112,00d0
977,977,0,df9b01076f4a0000,fc,0,0,00aa,4d1a,0,0000,00aa,0,00aa,0000,1,1,0,0,0000,00b3,0000,0000,0000,0000,0,00b3,00aa,0000,0,009,00aa,00aa,1,a7,0112,00d0
978,978,0,df9b01076f4a0000,fc,0,0,00aa,4d1a,0,0000,00aa,0,00aa,0000,1,1,0,0,0000,00b3,0000,0000,0000,0000,0,00b3,00aa,0000,0,009,00aa,00aa,1,a7,0112,00d0
979,979,0,df9b01076f4a0000,fc,0,0,00aa,4d1a,0,0000,00aa,0,00aa,0000,1,1,0,0,0000,00b3,0000,0000,0000,0000,0,00b3,00aa,0000,0,009,00aa,00aa,1,a7,0112,00d0
980,980,0,df9b01076f4a0000,fc,0,0,00aa,4d1a,0,0000,00aa,0,00aa,0000,1,1,0,0,0000,00b3,0000,0000,0000,0000,0,00b3,00aa,0000,0,009,00aa,00aa,1,a7,0112,00d0
981,981,0,df9b01076f4a0000,fc,0,0,00aa,4d1a,0,0000,00aa,0,00aa,0000,1,1,0,0,0000,00b3,0000,0000,0000,0000,0,00b3,00aa,0000,0,009,00aa,00aa,1,a7,0112,00d0
982,982,0,df9b01076f4a0000,fc,0,0,00aa,4d1a,0,0000,00aa,0,00aa,0000,1,1,0,0,0000,00b3,0000,0000,0000,0000,0,00b3,00aa,0000,0,009,00aa,00aa,1,a7,0112,00d0
983,983,0,df9b01076f4a0000,fc,0,0,00aa,4d1a,0,0000,00aa,0,00aa,0000,1,1,0,0,0000,00b3,0000,0000,0000,0000,0,00b3,00aa,0000,0,009,00aa,00aa,1,a7,0112,00d0
984,984,0,df9b01076f4a0000,fc,0,0,00aa,4d1a,0,0000,00aa,0,00aa,0000,1,1,0,0,0000,00b3,0000,0000,0000,0000,0,00b3,00aa,0000,0,009,00aa,00aa,1,a7,0112,00d0
985,985,0,df9b01076f4a0000,fc,0,0,00aa,4d1a,0,0000,00aa,0,00aa,0000,1,1,0,0,0000,00b3,0000,0000,0000,0000,0,00b3,00aa,0000,0,009,00aa,00aa,1,a7,0112,00d0
986,986,0,df9b01076f4a0000,fc,0,0,00aa,4d1a,0,0000,00aa,0,00aa,0000,1,1,0,0,0000,00b3,0000,0000,0000,0000,0,00b3,00aa,0000,0,009,00aa,00aa,1,a7,0112,00d0
987,987,0,df9b01076f4a0000,fc,0,0,00aa,4d1a,0,0000,00aa,0,00aa,0000,1,1,0,0,0000,00b3,0000,0000,0000,0000,0,00b3,00aa,0000,0,009,00aa,00aa,1,a7,0112,00d0
988,988,0,df9b01076f4a0000,fc,0,0,00aa,4d1a,0,0000,00aa,0,00aa,0000,1,1,0,0,0000,00b3,0000,0000,0000,0000,0,00b3,00aa,0000,0,009,00aa,00aa,1,a7,0112,00d0
989,989,0,df9b01076f4a0000,fc,0,0,00aa,4d1a,0,0000,00aa,0,00aa,0000,1,1,0,0,0000,00b3,0000,0000,0000,0000,0,00b3,00aa,0000,0,009,00aa,00aa,1,a7,0112,00d0
990,990,0,df9b01076f4a0000,fc,0,0,00aa,4d1a,0,0000,00aa,0,00aa,0000,1,1,0,0,0000,00b3,0000,0000,0000,0000,0,00b3,00aa,0000,0,009,00aa,00aa,1,a7,0112,00d0
991,991,0,df9b01076f4a0000,fc,0,0,00aa,4d1a,0,0000,00aa,0,00aa,0000,1,1,0,0,0000,00b3,0000,0000,0000,0000,0,00b3,00aa,0000,0,009,00aa,00aa,1,a7,0112,00d0
992,992,0,df9b01076f4a0000,fc,0,0,00aa,4d1a,0,0000,00aa,0,00aa,0000,1,1,0,0,0000,00b3,0000,0000,0000,0000,0,00b3,00aa,0000,0,009,00aa,00aa,1,a7,0112,00d0
993,993,0,df9b01076f4a0000,fc,0,0,00aa,4d1a,0,0000,00aa,0,00aa,0000,1,1,0,0,0000,00b3,0000,0000,0000,0000,0,00b3,00aa,0000,0,009,00aa,00aa,1,a7,0112,00d0
994,994,0,df9b01076f4a0000,fc,0,0,00aa,4d1a,0,0000,00aa,0,00aa,0000,1,1,0,0,0000,00b3,0000,0000,0000,0000,0,00b3,00aa,0000,0,009,00aa,00aa,1,a7,0112,00d0
995,995,0,df9b01076f4a0000,fc,0,0,00aa,4d1a,0,0000,00aa,0,00aa,0000,1,1,0,0,0000,00b3,0000,0000,0000,0000,0,00b3,00aa,0000,0,009,00aa,00aa,1,a7,0112,00d0
996,996,0,df9b01076f4a0000,fc,0,0,00aa,4d1a,0,0000,00aa,0,00aa,0000,1,1,0,0,0000,00b3,0000,0000,0000,0000,0,00b3,00aa,0000,0,009,00aa,00aa,1,a7,0112,00d0
997,997,0,df9b01076f4a0000,fc,0,0,00aa,4d1a,0,0000,00aa,0,00aa,0000,1,1,0,0,0000,00b3,0000,0000,0000,0000,0,00b3,00aa,0000,0,009,00aa,00aa,1,a7,0112,00d0
998,998,0,df9b01076f4a0000,fc,0,0,00aa,4d1a,0,0000,00aa,0,00aa,0000,1,1,0,0,0000,00b3,0000,0000,0000,0000,0,00b3,00aa,0000,0,009,00aa,00aa,1,a7,0112,00d0
999,999,0,df9b01076f4a0000,fc,0,0,00aa,4d1a,0,0000,00aa,0,00aa,0000,1,1,0,0,0000,00b3,0000,0000,0000,0000,0,00b3,00aa,0000,0,009,00aa,00aa,1,a7,0112,00d0
1000,1000,0,df9b01076f4a0000,fc,0,0,00aa,4d1a,0,0000,00aa,0,00aa,0000,1,1,0,0,0000,00b3,0000,0000,0000,0000,0,00b3,00aa,0000,0,009,00aa,00aa,1,a7,0112,00d0
1001,1001,0,df9b01076f4a0000,fc,0,0,00aa,4d1a,0,0000,00aa,0,00aa,0000,1,1,0,0,0000,00b3,0000,0000,0000,0000,0,00b3,00aa,0000,0,009,00aa,00aa,1,a7,0112,00d0
1002,1002,0,df9b01076f4a0000,fc,0,0,00aa,4d1a,0,0000,00aa,0,00aa,0000,1,1,0,0,0000,00b3,0000,0000,0000,0000,0,00b3,00aa,0000,0,009,00aa,00aa,1,a7,0112,00d0
1003,1003,0,df9b01076f4a0000,fc,0,0,00aa,4d1a,0,0000,00aa,0,00aa,0000,1,1,0,0,0000,00b3,0000,0000,0000,0000,0,00b3,00aa,0000,0,009,00aa,00aa,1,a7,0112,00d0
1004,1004,0,df9b01076f4a0000,fc,0,0,00aa,4d1a,0,0000,00aa,0,00aa,0000,1,1,0,0,0000,00b3,0000,0000,0000,0000,0,00b3,00aa,0000,0,009,00aa,00aa,1,a7,0112,00d0
1005,1005,0,df9b01076f4a0000,fc,0,0,00aa,4d1a,0,0000,00aa,0,00aa,0000,1,1,0,0,0000,00b3,0000,0000,0000,0000,0,00b3,00aa,0000,0,009,00aa,00aa,1,a7,0112,00d0
1006,1006,0,df9b01076f4a0000,fc,0,0,00aa,4d1a,0,0000,00aa,0,00aa,0000,1,1,0,0,0000,00b3,0000,0000,0000,0000,0,00b3,00aa,0000,0,009,00aa,00aa,1,a7,0112,00d0
1007,1007,0,df9b01076f4a0000,fc,0,0,00aa,4d1a,0,0000,00aa,0,00aa,0000,1,1,0,0,0000,00b3,0000,0000,0000,0000,0,00b3,00aa,0000,0,009,00aa,00aa,1,a7,0112,00d0
1008,1008,0,df9b01076f4a0000,fc,0,0,00aa,4d1a,0,0000,00aa,0,00aa,0000,1,1,0,0,0000,00b3,0000,0000,0000,0000,0,00b3,00aa,0000,0,009,00aa,00aa,1,a7,0112,00d0
1009,1009,0,df9b01076f4a0000,fc,0,0,00aa,4d1a,0,0000,00aa,0,00aa,0000,1,1,0,0,0000,00b3,0000,0000,0000,0000,0,00b3,00aa,0000,0,009,00aa,00aa,1,a7,0112,00d0
1010,1010,0,df9b01076f4a0000,fc,0,0,00aa,4d1a,0,0000,00aa,0,00aa,0000,1,1,0,0,0000,00b3,0000,0000,0000,0000,0,00b3,00aa,0000,0,009,00aa,00aa,1,a7,0112,00d0
1011,1011,0,df9b01076f4a0000,fc,0,0,00aa,4d1a,0,0000,00aa,0,00aa,0000,1,1,0,0,0000,00b3,0000,0000,0000,0000,0,00b3,00aa,0000,0,009,00aa,00aa,1,a7,0112,00d0
1012,1012,0,df9b01076f4a0000,fc,0,0,00aa,4d1a,0,0000,00aa,0,00aa,0000,1,1,0,0,0000,00b3,0000,0000,0000,0000,0,00b3,00aa,0000,0,009,00aa,00aa,1,a7,0112,00d0
1013,1013,0,df9b01076f4a0000,fc,0,0,00aa,4d1a,0,0000,00aa,0,00aa,0000,1,1,0,0,0000,00b3,0000,0000,0000,0000,0,00b3,00aa,0000,0,009,00aa,00aa,1,a7,0112,00d0
1014,1014,0,df9b01076f4a0000,fc,0,0,00aa,4d1a,0,0000,00aa,0,00aa,0000,1,1,0,0,0000,00b3,0000,0000,0000,0000,0,00b3,00aa,0000,0,009,00aa,00aa,1,a7,0112,00d0
1015,1015,0,df9b01076f4a0000,fc,0,0,00aa,4d1a,0,0000,00aa,0,00aa,0000,1,1,0,0,0000,00b3,0000,0000,0000,0000,0,00b3,00aa,0000,0,009,00aa,00aa,1,a7,0112,00d0
1016,1016,0,df9b01076f4a0000,fc,0,0,00aa,4d1a,0,0000,00aa,0,00aa,0000,1,1,0,0,0000,00b3,0000,0000,0000,0000,0,00b3,00aa,0000,0,009,00aa,00aa,1,a7,0112,00d0
1017,1017,0,df9b01076f4a0000,fc,0,0,00aa,4d1a,0,0000,00aa,0,00aa,0000,1,1,0,0,0000,00b3,0000,0000,0000,0000,0,00b3,00aa,0000,0,009,00aa,00aa,1,a7,0112,00d0
1018,1018,0,df9b01076f4a0000,fc,0,0,00aa,4d1a,0,0000,00aa,0,00aa,0000,1,1,0,0,0000,00b3,0000,0000,0000,0000,0,00b3,00aa,0000,0,009,00aa,00aa,1,a7,0112,00d0
1019,1019,0,df9b01076f4a0000,fc,0,0,00aa,4d1a,0,0000,00aa,0,00aa,0000,1,1,0,0,0000,00b3,0000,0000,0000,0000,0,00b3,00aa,0000,0,009,00aa,00aa,1,a7,0112,00d0
1020,1020,0,df9b01076f4a0000,fc,0,0,00aa,4d1a,0,0000,00aa,0,00aa,0000,1,1,0,0,0000,00b3,0000,0000,0000,0000,0,00b3,00aa,0000,0,009,00aa,00aa,1,a7,0112,00d0
1021,1021,0,df9b01076f4a0000,fc,0,0,00aa,4d1a,0,0000,00aa,0,00aa,0000,1,1,0,0,0000,00b3,0000,0000,0000,0000,0,00b3,00aa,0000,0,009,00aa,00aa,1,a7,0112,00d0
1022,1022,0,df9b01076f4a0000,fc,0,0,00aa,4d1a,0,0000,00aa,0,00aa,0000,1,1,0,0,0000,00b3,0000,0000,0000,0000,0,00b3,00aa,0000,0,009,00aa,00aa,1,a7,0112,00d0
1023,1023,0,df9b01076f4a0000,fc,0,0,00aa,4d1a,0,0000,00aa,0,00aa,0000,1,1,0,0,0000,00b3,0000,0000,0000,0000,0,00b3,00aa,0000,0,009,00aa,00aa,1,a7,0112,00d0
1024,1024,1,df9b01076f4a0000,fc,0,0,00aa,4d1a,0,0000,00aa,0,00aa,0000,1,1,0,0,0000,00b3,0000,0000,0000,0000,0,00b3,00aa,0000,0,009,00aa,00aa,1,a7,0112,00d0
1025,1025,0,df9b01076f4a0000,fc,0,0,00aa,4d1a,0,0000,00aa,0,00aa,0000,1,1,0,0,0000,00b3,0000,0000,0000,0000,0,00b3,00aa,0000,0,009,00aa,00aa,1,a7,0112,00d0
1026,1026,0,df9b01076f4a0000,fc,0,0,00aa,4d1a,0,0000,00aa,0,00aa,0000,1,1,0,0,0000,00b3,0000,0000,0000,0000,0,00b3,00aa,0000,0,009,00aa,00aa,1,a7,0112,00d0
1027,1027,0,df9b01076f4a0000,fc,0,0,00aa,4d1a,0,0000,00aa,0,00aa,0000,1,1,0,0,0000,00b3,0000,0000,0000,0000,0,00b3,00aa,0000,0,009,00aa,00aa,1,a7,0112,00d0
1028,1028,0,df9b01076f4a0000,fc,0,0,00aa,4d1a,0,0000,00aa,0,00aa,0000,1,1,0,0,0000,00b3,0000,0000,0000,0000,0,00b3,00aa,0000,0,009,00aa,00aa,1,a7,0112,00d0
1029,1029,0,df9b01076f4a0000,fc,0,0,00aa,4d1a,0,0000,00aa,0,00aa,0000,1,1,0,0,0000,00b3,0000,0000,0000,0000,0,00b3,00aa,0000,0,009,00aa,00aa,1,a7,0112,00d0
1030,1030,0,df9b01076f4a0000,fc,0,0,00aa,4d1a,0,0000,00aa,0,00aa,0000,1,1,0,0,0000,00b3,0000,0000,0000,0000,0,00b3,00aa,0000,0,009,00aa,00aa,1,a7,0112,00d0
1031,1031,0,df9b01076f4a0000,fc,0,0,00aa,4d1a,0,0000,00aa,0,00aa,0000,1,1,0,0,0000,00b3,0000,0000,0000,0000,0,00b3,00aa,0000,0,009,00aa,00aa,1,a7,0112,00d0
1032,1032,0,df9b01076f4a0000,fc,0,0,00aa,4d1a,0,0000,00aa,0,00aa,0000,1,1,0,0,0000,00b3,0000,0000,0000,0000,0,00b3,00aa,0000,0,009,00aa,00aa,1,a7,0112,00d0
1033,1033,0,df9b01076f4a0000,fc,0,0,00aa,4d1a,0,0000,00aa,0,00aa,0000,1,1,0,0,0000,00b3,0000,0000,0000,0000,0,00b3,00aa,0000,0,009,00aa,00aa,1,a7,0112,00d0
1034,1034,0,df9b01076f4a0000,fc,0,0,00aa,4d1a,0,0000,00aa,0,00aa,0000,1,1,0,0,0000,00b3,0000,0000,0000,0000,0,00b3,00aa,0000,0,009,00aa,00aa,1,a7,0112,00d0
1035,1035,0,df9b01076f4a0000,fc,0,0,00aa,4d1a,0,0000,00aa,0,00aa,0000,1,1,0,0,0000,00b3,0000,0000,0000,0000,0,00b3,00aa,0000,0,009,00aa,00aa,1,a7,0112,00d0
1036,1036,0,df9b01076f4a0000,fc,0,0,00aa,4d1a,0,0000,00aa,0,00aa,0000,1,1,0,0,0000,00b3,0000,0000,0000,0000,0,00b3,00aa,0000,0,009,00aa,00aa,1,a7,0112,00d0
1037,1037,0,df9b01076f4a0000,fc,0,0,00aa,4d1a,0,0000,00aa,0,00aa,0000,1,1,0,0,0000,00b3,0000,0000,0000,0000,0,00b3,00aa,0000,0,009,00aa,00aa,1,a7,0112,00d0
1038,1038,0,df9b01076f4a0000,fc,0,0,00aa,4d1a,0,0000,00aa,0,00aa,0000,1,1,0,0,0000,00b3,0000,0000,0000,0000,0,00b3,00aa,0000,0,009,00aa,00aa,1,a7,0112,00d0
1039,1039,0,df9b01076f4a0000,fc,0,0,00aa,4d1a,0,0000,00aa,0,00aa,0000,1,1,0,0,0000,00b3,0000,0000,0000,0000,0,00b3,00aa,0000,0,009,00aa,00aa,1,a7,0112,00d0
1040,1040,0,df9b01076f4a0000,fc,0,0,00aa,4d1a,0,0000,00aa,0,00aa,0000,1,1,0,0,0000,00b3,0000,0000,0000,0000,0,00b3,00aa,0000,0,009,00aa,00aa,1,a7,0112,00d0
1041,1041,0,df9b01076f4a0000,fc,0,0,00aa,4d1a,0,0000,00aa,0,00aa,0000,1,1,0,0,0000,00b3,0000,0000,0000,0000,0,00b3,00aa,0000,0,009,00aa,00aa,1,a7,0112,00d0
1042,1042,0,df9b01076f4a0000,fc,0,0,00aa,4d1a,0,0000,00aa,0,00aa,0000,1,1,0,0,0000,00b3,0000,0000,0000,0000,0,00b3,00aa,0000,0,009,00aa,00aa,1,a7,0112,00d0
1043,1043,0,df9b01076f4a0000,fc,0,0,00aa,4d1a,0,0000,00aa,0,00aa,0000,1,1,0,0,0000,00b3,0000,0000,0000,0000,0,00b3,00aa,0000,0,009,00aa,00aa,1,a7,0112,00d0
1044,1044,0,df9b01076f4a0000,fc,0,0,00aa,4d1a,0,0000,00aa,0,00aa,0000,1,1,0,0,0000,00b3,0000,0000,0000,0000,0,00b3,00aa,0000,0,009,00aa,00aa,1,a7,0112,00d0
1045,1045,0,df9b01076f4a0000,fc,0,0,00aa,4d1a,0,0000,00aa,0,00aa,0000,1,1,0,0,0000,00b3,0000,0000,0000,0000,0,00b3,00aa,0000,0,009,00aa,00aa,1,a7,0112,00d0
1046,1046,0,df9b01076f4a0000,fc,0,0,00aa,4d1a,0,0000,00aa,0,00aa,0000,1,1,0,0,0000,00b3,0000,0000,0000,0000,0,00b3,00aa,0000,0,009,00aa,00aa,1,a7,0112,00d0
1047,1047,0,df9b01076f4a0000,fc,0,0,00aa,4d1a,0,0000,00aa,0,00aa,0000,1,1,0,0,0000,00b3,0000,0000,0000,0000,0,00b3,00aa,0000,0,009,00aa,00aa,1,a7,0112,00d0
1048,1048,0,df9b01076f4a0000,fc,0,0,00aa,4d1a,0,0000,00aa,0,00aa,0000,1,1,0,0,0000,00b3,0000,0000,0000,0000,0,00b3,00aa,0000,0,009,00aa,00aa,1,a7,0112,00d0
1049,1049,0,df9b01076f4a0000,fc,0,0,00aa,4d1a,0,0000,00aa,0,00aa,0000,1,1,0,0,0000,00b3,0000,0000,0000,0000,0,00b3,00aa,0000,0,009,00aa,00aa,1,a7,0112,00d0
1050,1050,0,df9b01076f4a0000,fc,0,0,00aa,4d1a,0,0000,00aa,0,00aa,0000,1,1,0,0,0000,00b3,0000,0000,0000,0000,0,00b3,00aa,0000,0,009,00aa,00aa,1,a7,0112,00d0
1051,1051,0,df9b01076f4a0000,fc,0,0,00aa,4d1a,0,0000,00aa,0,00aa,0000,1,1,0,0,0000,00b3,0000,0000,0000,0000,0,00b3,00aa,0000,0,009,00aa,00aa,1,a7,0112,00d0
1052,1052,0,df9b01076f4a0000,fc,0,0,00aa,4d1a,0,0000,00aa,0,00aa,0000,1,1,0,0,0000,00b3,0000,0000,0000,0000,0,00b3,00aa,0000,0,009,00aa,00aa,1,a7,0112,00d0
1053,1053,0,df9b01076f4a0000,fc,0,0,00aa,4d1a,0,0000,00aa,0,00aa,0000,1,1,0,0,0000,00b3,0000,0000,0000,0000,0,00b3,00aa,0000,0,009,00aa,00aa,1,a7,0112,00d0
1054,1054,0,df9b01076f4a0000,fc,0,0,00aa,4d1a,0,0000,00aa,0,00aa,0000,1,1,0,0,0000,00b3,0000,0000,0000,0000,0,00b3,00aa,0000,0,009,00aa,00aa,1,a7,0112,00d0
1055,1055,0,df9b01076f4a0000,fc,0,0,00aa,4d1a,0,0000,00aa,0,00aa,0000,1,1,0,0,0000,00b3,0000,0000,0000,0000,0,00b3,00aa,0000,0,009,00aa,00aa,1,a7,0112,00d0
1056,1056,0,df9b01076f4a0000,fc,0,0,00aa,4d1a,0,0000,00aa,0,00aa,0000,1,1,0,0,0000,00b3,0000,0000,0000,0000,0,00b3,00aa,0000,0,009,00aa,00aa,1,a7,0112,00d0
1057,1057,0,df9b01076f4a0000,fc,0,0,00aa,4d1a,0,0000,00aa,0,00aa,0000,1,1,0,0,0000,00b3,0000,0000,0000,0000,0,00b3,00aa,0000,0,009,00aa,00aa,1,a7,0112,00d0
1058,1058,0,df9b01076f4a0000,fc,0,0,00aa,4d1a,0,0000,00aa,0,00aa,0000,1,1,0,0,0000,00b3,0000,0000,0000,0000,0,00b3,00aa,0000,0,009,00aa,00aa,1,a7,0112,00d0
1059,1059,0,df9b01076f4a0000,fc,0,0,00aa,4d1a,0,0000,00aa,0,00aa,0000,1,1,0,0,0000,00b3,0000,0000,0000,0000,0,00b3,00aa,0000,0,009,00aa,00aa,1,a7,0112,00d0
1060,1060,0,df9b01076f4a0000,fc,0,0,00aa,4d1a,0,0000,00aa,0,00aa,0000,1,1,0,0,0000,00b3,0000,0000,0000,0000,0,00b3,00aa,0000,0,009,00aa,00aa,1,a7,0112,00d0
1061,1061,0,df9b01076f4a0000,fc,0,0,00aa,4d1a,0,0000,00aa,0,00aa,0000,1,1,0,0,0000,00b3,0000,0000,0000,0000,0,00b3,00aa,0000,0,009,00aa,00aa,1,a7,0112,00d0
1062,1062,0,df9b01076f4a0000,fc,0,0,00aa,4d1a,0,0000,00aa,0,00aa,0000,1,1,0,0,0000,00b3,0000,0000,0000,0000,0,00b3,00aa,0000,0,009,00aa,00aa,1,a7,0112,00d0
1063,1063,0,df9b01076f4a0000,fc,0,0,00aa,4d1a,0,0000,00aa,0,00aa,0000,1,1,0,0,0000,00b3,0000,0000,0000,0000,0,00b3,00aa,0000,0,009,00aa,00aa,1,a7,0112,00d0
1064,1064,0,df9b01076f4a0000,fc,0,0,00aa,4d1a,0,0000,00aa,0,00aa,0000,1,1,0,0,0000,00b3,0000,0000,0000,0000,0,00b3,00aa,0000,0,009,00aa,00aa,1,a7,0112,00d0
1065,1065,0,df9b01076f4a0000,fc,0,0,00aa,4d1a,0,0000,00aa,0,00aa,0000,1,1,0,0,0000,00b3,0000,0000,0000,0000,0,00b3,00aa,0000,0,009,00aa,00aa,1,a7,0112,00d0
1066,1066,0,df9b01076f4a0000,fc,0,0,00aa,4d1a,0,0000,00aa,0,00aa,0000,1,1,0,0,0000,00b3,0000,0000,0000,0000,0,00b3,00aa,0000,0,009,00aa,00aa,1,a7,0112,00d0
1067,1067,0,df9b01076f4a0000,fc,0,0,00aa,4d1a,0,0000,00aa,0,00aa,0000,1,1,0,0,0000,00b3,0000,0000,0000,0000,0,00b3,00aa,0000,0,009,00aa,00aa,1,a7,0112,00d0
1068,1068,0,df9b01076f4a0000,fc,0,0,00aa,4d1a,0,0000,00aa,0,00aa,0000,1,1,0,0,0000,00b3,0000,0000,0000,0000,0,00b3,00aa,0000,0,009,00aa,00aa,1,a7,0112,00d0
1069,1069,0,df9b01076f4a0000,fc,0,0,00aa,4d1a,0,0000,00aa,0,00aa,0000,1,1,0,0,0000,00b3,0000,0000,0000,0000,0,00b3,00aa,0000,0,009,00aa,00aa,1,a7,0112,00d0
1070,1070,0,df9b01076f4a0000,fc,0,0,00aa,4d1a,0,0000,00aa,0,00aa,0000,1,1,0,0,0000,00b3,0000,0000,0000,0000,0,00b3,00aa,0000,0,009,00aa,00aa,1,a7,0112,00d0
1071,1071,0,df9b01076f4a0000,fc,0,0,00aa,4d1a,0,0000,00aa,0,00aa,0000,1,1,0,0,0000,00b3,0000,0000,0000,0000,0,00b3,00aa,0000,0,009,00aa,00aa,1,a7,0112,00d0
1072,1072,0,df9b01076f4a0000,fc,0,0,00aa,4d1a,0,0000,00aa,0,00aa,0000,1,1,0,0,0000,00b3,0000,0000,0000,0000,0,00b3,00aa,0000,0,009,00aa,00aa,1,a7,0112,00d0
1073,1073,0,df9b01076f4a0000,fc,0,0,00aa,4d1a,0,0000,00aa,0,00aa,0000,1,1,0,0,0000,00b3,0000,0000,0000,0000,0,00b3,00aa,0000,0,009,00aa,00aa,1,a7,0112,00d0
1074,1074,0,df9b01076f4a0000,fc,0,0,00aa,4d1a,0,0000,00aa,0,00aa,0000,1,1,0,0,0000,00b3,0000,0000,0000,0000,0,00b3,00aa,0000,0,009,00aa,00aa,1,a7,0112,00d0
1075,1075,0,df9b01076f4a0000,fc,0,0,00aa,4d1a,0,0000,00aa,0,00aa,0000,1,1,0,0,0000,00b3,0000,0000,0000,0000,0,00b3,00aa,0000,0,009,00aa,00aa,1,a7,0112,00d0
1076,1076,0,df9b01076f4a0000,fc,0,0,00aa,4d1a,0,0000,00aa,0,00aa,0000,1,1,0,0,0000,00b3,0000,0000,0000,0000,0,00b3,00aa,0000,0,009,00aa,00aa,1,a7,0112,00d0
1077,1077,0,df9b01076f4a0000,fc,0,0,00aa,4d1a,0,0000,00aa,0,00aa,0000,1,1,0,0,0000,00b3,0000,0000,0000,0000,0,00b3,00aa,0000,0,009,00aa,00aa,1,a7,0112,00d0
1078,1078,0,df9b01076f4a0000,fc,0,0,00aa,4d1a,0,0000,00aa,0,00aa,0000,1,1,0,0,0000,00b3,0000,0000,0000,0000,0,00b3,00aa,0000,0,009,00aa,00aa,1,a7,0112,00d0
1079,1079,0,df9b01076f4a0000,fc,0,0,00aa,4d1a,0,0000,00aa,0,00aa,0000,1,1,0,0,0000,00b3,0000,0000,0000,0000,0,00b3,00aa,0000,0,009,00aa,00aa,1,a7,0112,00d0
1080,1080,0,df9b01076f4a0000,fc,0,0,00aa,4d1a,0,0000,00aa,0,00aa,0000,1,1,0,0,0000,00b3,0000,0000,0000,0000,0,00b3,00aa,0000,0,009,00aa,00aa,1,a7,0112,00d0
1081,1081,0,df9b01076f4a0000,fc,0,0,00aa,4d1a,0,0000,00aa,0,00aa,0000,1,1,0,0,0000,00b3,0000,0000,0000,0000,0,00b3,00aa,0000,0,009,00aa,00aa,1,a7,0112,00d0
1082,1082,0,df9b01076f4a0000,fc,0,0,00aa,4d1a,0,0000,00aa,0,00aa,0000,1,1,0,0,0000,00b3,0000,0000,0000,0000,0,00b3,00aa,0000,0,009,00aa,00aa,1,a7,0112,00d0
1083,1083,0,df9b01076f4a0000,fc,0,0,00aa,4d1a,0,0000,00aa,0,00aa,0000,1,1,0,0,0000,00b3,0000,0000,0000,0000,0,00b3,00aa,0000,0,009,00aa,00aa,1,a7,0112,00d0
1084,1084,0,df9b01076f4a0000,fc,0,0,00aa,4d1a,0,0000,00aa,0,00aa,0000,1,1,0,0,0000,00b3,0000,0000,0000,0000,0,00b3,00aa,0000,0,009,00aa,00aa,1,a7,0112,00d0
1085,1085,0,df9b01076f4a0000,fc,0,0,00aa,4d1a,0,0000,00aa,0,00aa,0000,1,1,0,0,0000,00b3,0000,0000,0000,0000,0,00b3,00aa,0000,0,009,00aa,00aa,1,a7,0112,00d0
1086,1086,0,df9b01076f4a0000,fc,0,0,00aa,4d1a,0,0000,00aa,0,00aa,0000,1,1,0,0,0000,00b3,0000,0000,0000,0000,0,00b3,00aa,0000,0,009,00aa,00aa,1,a7,0112,00d0
1087,1087,0,df9b01076f4a0000,fc,0,0,00aa,4d1a,0,0000,00aa,0,00aa,0000,1,1,0,0,0000,00b3,0000,0000,0000,0000,0,00b3,00aa,0000,0,009,00aa,00aa,1,a7,0112,00d0
1088,1088,0,df9b01076f4a0000,fc,0,0,00aa,4d1a,0,0000,00aa,0,00aa,0000,1,1,0,0,0000,00b3,0000,0000,0000,0000,0,00b3,00aa,0000,0,009,00aa,00aa,1,a7,0112,00d0
1089,1089,0,df9b01076f4a0000,fc,0,0,00aa,4d1a,0,0000,00aa,0,00aa,0000,1,1,0,0,0000,00b3,0000,0000,0000,0000,0,00b3,00aa,0000,0,009,00aa,00aa,1,a7,0112,00d0
1090,1090,0,df9b01076f4a0000,fc,0,0,00aa,4d1a,0,0000,00aa,0,00aa,0000,1,1,0,0,0000,00b3,0000,0000,0000,0000,0,00b3,00aa,0000,0,009,00aa,00aa,1,a7,0112,00d0
1091,1091,0,df9b01076f4a0000,fc,0,0,00aa,4d1a,0,0000,00aa,0,00aa,0000,1,1,0,0,0000,00b3,0000,0000,0000,0000,0,00b3,00aa,0000,0,009,00aa,00aa,1,a7,0112,00d0
1092,1092,0,df9b01076f4a0000,fc,0,0,00aa,4d1a,0,0000,00aa,0,00aa,0000,1,1,0,0,0000,00b3,0000,0000,0000,0000,0,00b3,00aa,0000,0,009,00aa,00aa,1,a7,0112,00d0
1093,1093,0,df9b01076f4a0000,fc,0,0,00aa,4d1a,0,0000,00aa,0,00aa,0000,1,1,0,0,0000,00b3,0000,0000,0000,0000,0,00b3,00aa,0000,0,009,00aa,00aa,1,a7,0112,00d0
1094,1094,0,df9b01076f4a0000,fc,0,0,00aa,4d1a,0,0000,00aa,0,00aa,0000,1,1,0,0,0000,00b3,0000,0000,0000,0000,0,00b3,00aa,0000,0,009,00aa,00aa,1,a7,0112,00d0
1095,1095,0,df9b01076f4a0000,fc,0,0,00aa,4d1a,0,0000,00aa,0,00aa,0000,1,1,0,0,0000,00b3,0000,0000,0000,0000,0,00b3,00aa,0000,0,009,00aa,00aa,1,a7,0112,00d0
1096,1096,0,df9b01076f4a0000,fc,0,0,00aa,4d1a,0,0000,00aa,0,00aa,0000,1,1,0,0,0000,00b3,0000,0000,0000,0000,0,00b3,00aa,0000,0,009,00aa,00aa,1,a7,0112,00d0
1097,1097,0,df9b01076f4a0000,fc,0,0,00aa,4d1a,0,0000,00aa,0,00aa,0000,1,1,0,0,0000,00b3,0000,0000,0000,0000,0,00b3,00aa,0000,0,009,00aa,00aa,1,a7,0112,00d0
1098,1098,0,df9b01076f4a0000,fc,0,0,00aa,4d1a,0,0000,00aa,0,00aa,0000,1,1,0,0,0000,00b3,0000,0000,0000,0000,0,00b3,00aa,0000,0,009,00aa,00aa,1,a7,0112,00d0
1099,1099,0,df9b01076f4a0000,fc,0,0,00aa,4d1a,0,0000,00aa,0,00aa,0000,1,1,0,0,0000,00b3,0000,0000,0000,0000,0,00b3,00aa,0000,0,009,00aa,00aa,1,a7,0112,00d0
1100,1100,0,df9b01076f4a0000,fc,0,0,00aa,4d1a,0,0000,00aa,0,00aa,0000,1,1,0,0,0000,00b3,0000,0000,0000,0000,0,00b3,00aa,0000,0,009,00aa,00aa,1,a7,0112,00d0
1101,1101,0,df9b01076f4a0000,fc,0,0,00aa,4d1a,0,0000,00aa,0,00aa,0000,1,1,0,0,0000,00b3,0000,0000,0000,0000,0,00b3,00aa,0000,0,009,00aa,00aa,1,a7,0112,00d0
1102,1102,0,df9b01076f4a0000,fc,0,0,00aa,4d1a,0,0000,00aa,0,00aa,0000,1,1,0,0,0000,00b3,0000,0000,0000,0000,0,00b3,00aa,0000,0,009,00aa,00aa,1,a7,0112,00d0
1103,1103,0,df9b01076f4a0000,fc,0,0,00aa,4d1a,0,0000,00aa,0,00aa,0000,1,1,0,0,0000,00b3,0000,0000,0000,0000,0,00b3,00aa,0000,0,009,00aa,00aa,1,a7,0112,00d0
1104,1104,0,df9b01076f4a0000,fc,0,0,00aa,4d1a,0,0000,00aa,0,00aa,0000,1,1,0,0,0000,00b3,0000,0000,0000,0000,0,00b3,00aa,0000,0,009,00aa,00aa,1,a7,0112,00d0
1105,1105,0,df9b01076f4a0000,fc,0,0,00aa,4d1a,0,0000,00aa,0,00aa,0000,1,1,0,0,0000,00b3,0000,0000,0000,0000,0,00b3,00aa,0000,0,009,00aa,00aa,1,a7,0112,00d0
1106,1106,0,df9b01076f4a0000,fc,0,0,00aa,4d1a,0,0000,00aa,0,00aa,0000,1,1,0,0,0000,00b3,0000,0000,0000,0000,0,00b3,00aa,0000,0,009,00aa,00aa,1,a7,0112,00d0
1107,1107,0,df9b01076f4a0000,fc,0,0,00aa,4d1a,0,0000,00aa,0,00aa,0000,1,1,0,0,0000,00b3,0000,0000,0000,0000,0,00b3,00aa,0000,0,009,00aa,00aa,1,a7,0112,00d0
1108,1108,0,df9b01076f4a0000,fc,0,0,00aa,4d1a,0,0000,00aa,0,00aa,0000,1,1,0,0,0000,00b3,0000,0000,0000,0000,0,00b3,00aa,0000,0,009,00aa,00aa,1,a7,0112,00d0
1109,1109,0,df9b01076f4a0000,fc,0,0,00aa,4d1a,0,0000,00aa,0,00aa,0000,1,1,0,0,0000,00b3,0000,0000,0000,0000,0,00b3,00aa,0000,0,009,00aa,00aa,1,a7,0112,00d0
1110,1110,0,df9b01076f4a0000,fc,0,0,00aa,4d1a,0,0000,00aa,0,00aa,0000,1,1,0,0,0000,00b3,0000,0000,0000,0000,0,00b3,00aa,0000,0,009,00aa,00aa,1,a7,0112,00d0
1111,1111,0,df9b01076f4a0000,fc,0,0,00aa,4d1a,0,0000,00aa,0,00aa,0000,1,1,0,0,0000,00b3,0000,0000,0000,0000,0,00b3,00aa,0000,0,009,00aa,00aa,1,a7,0112,00d0
1112,1112,0,df9b01076f4a0000,fc,0,0,00aa,4d1a,0,0000,00aa,0,00aa,0000,1,1,0,0,0000,00b3,0000,0000,0000,0000,0,00b3,00aa,0000,0,009,00aa,00aa,1,a7,0112,00d0
1113,1113,0,df9b01076f4a0000,fc,0,0,00aa,4d1a,0,0000,00aa,0,00aa,0000,1,1,0,0,0000,00b3,0000,0000,0000,0000,0,00b3,00aa,0000,0,009,00aa,00aa,1,a7,0112,00d0
1114,1114,0,df9b01076f4a0000,fc,0,0,00aa,4d1a,0,0000,00aa,0,00aa,0000,1,1,0,0,0000,00b3,0000,0000,0000,0000,0,00b3,00aa,0000,0,009,00aa,00aa,1,a7,0112,00d0
1115,1115,0,df9b01076f4a0000,fc,0,0,00aa,4d1a,0,0000,00aa,0,00aa,0000,1,1,0,0,0000,00b3,0000,0000,0000,0000,0,00b3,00aa,0000,0,009,00aa,00aa,1,a7,0112,00d0
1116,1116,0,df9b01076f4a0000,fc,0,0,00aa,4d1a,0,0000,00aa,0,00aa,0000,1,1,0,0,0000,00b3,0000,0000,0000,0000,0,00b3,00aa,0000,0,009,00aa,00aa,1,a7,0112,00d0
1117,1117,0,df9b01076f4a0000,fc,0,0,00aa,4d1a,0,0000,00aa,0,00aa,0000,1,1,0,0,0000,00b3,0000,0000,0000,0000,0,00b3,00aa,0000,0,009,00aa,00aa,1,a7,0112,00d0
1118,1118,0,df9b01076f4a0000,fc,0,0,00aa,4d1a,0,0000,00aa,0,00aa,0000,1,1,0,0,0000,00b3,0000,0000,0000,0000,0,00b3,00aa,0000,0,009,00aa,00aa,1,a7,0112,00d0
1119,1119,0,df9b01076f4a0000,fc,0,0,00aa,4d1a,0,0000,00aa,0,00aa,0000,1,1,0,0,0000,00b3,0000,0000,0000,0000,0,00b3,00aa,0000,0,009,00aa,00aa,1,a7,0112,00d0
1120,1120,0,df9b01076f4a0000,fc,0,0,00aa,4d1a,0,0000,00aa,0,00aa,0000,1,1,0,0,0000,00b3,0000,0000,0000,0000,0,00b3,00aa,0000,0,009,00aa,00aa,1,a7,0112,00d0
1121,1121,0,df9b01076f4a0000,fc,0,0,00aa,4d1a,0,0000,00aa,0,00aa,0000,1,1,0,0,0000,00b3,0000,0000,0000,0000,0,00b3,00aa,0000,0,009,00aa,00aa,1,a7,0112,00d0
1122,1122,0,df9b01076f4a0000,fc,0,0,00aa,4d1a,0,0000,00aa,0,00aa,0000,1,1,0,0,0000,00b3,0000,0000,0000,0000,0,00b3,00aa,0000,0,009,00aa,00aa,1,a7,0112,00d0
1123,1123,0,df9b01076f4a0000,fc,0,0,00aa,4d1a,0,0000,00aa,0,00aa,0000,1,1,0,0,0000,00b3,0000,0000,0000,0000,0,00b3,00aa,0000,0,009,00aa,00aa,1,a7,0112,00d0
1124,1124,0,df9b01076f4a0000,fc,0,0,00aa,4d1a,0,0000,00aa,0,00aa,0000,1,1,0,0,0000,00b3,0000,0000,0000,0000,0,00b3,00aa,0000,0,009,00aa,00aa,1,a7,0112,00d0
1125,1125,0,df9b01076f4a0000,fc,0,0,00aa,4d1a,0,0000,00aa,0,00aa,0000,1,1,0,0,0000,00b3,0000,0000,0000,0000,0,00b3,00aa,0000,0,009,00aa,00aa,1,a7,0112,00d0
1126,1126,0,df9b01076f4a0000,fc,0,0,00aa,4d1a,0,0000,00aa,0,00aa,0000,1,1,0,0,0000,00b3,0000,0000,0000,0000,0,00b3,00aa,0000,0,009,00aa,00aa,1,a7,0112,00d0
1127,1127,0,df9b01076f4a0000,fc,0,0,00aa,4d1a,0,0000,00aa,0,00aa,0000,1,1,0,0,0000,00b3,0000,0000,0000,0000,0,00b3,00aa,0000,0,009,00aa,00aa,1,a7,0112,00d0
1128,1128,0,df9b01076f4a0000,fc,0,0,00aa,4d1a,0,0000,00aa,0,00aa,0000,1,1,0,0,0000,00b3,0000,0000,0000,0000,0,00b3,00aa,0000,0,009,00aa,00aa,1,a7,0112,00d0
1129,1129,0,df9b01076f4a0000,fc,0,0,00aa,4d1a,0,0000,00aa,0,00aa,0000,1,1,0,0,0000,00b3,0000,0000,0000,0000,0,00b3,00aa,0000,0,009,00aa,00aa,1,a7,0112,00d0
1130,1130,0,df9b01076f4a0000,fc,0,0,00aa,4d1a,0,0000,00aa,0,00aa,0000,1,1,0,0,0000,00b3,0000,0000,0000,0000,0,00b3,00aa,0000,0,009,00aa,00aa,1,a7,0112,00d0
1131,1131,0,df9b01076f4a0000,fc,0,0,00aa,4d1a,0,0000,00aa,0,00aa,0000,1,1,0,0,0000,00b3,0000,0000,0000,0000,0,00b3,00aa,0000,0,009,00aa,00aa,1,a7,0112,00d0
1132,1132,0,df9b01076f4a0000,fc,0,0,00aa,4d1a,0,0000,00aa,0,00aa,0000,1,1,0,0,0000,00b3,0000,0000,0000,0000,0,00b3,00aa,0000,0,009,00aa,00aa,1,a7,0112,00d0
1133,1133,0,df9b01076f4a0000,fc,0,0,00aa,4d1a,0,0000,00aa,0,00aa,0000,1,1,0,0,0000,00b3,0000,0000,0000,0000,0,00b3,00aa,0000,0,009,00aa,00aa,1,a7,0112,00d0
1134,1134,0,df9b01076f4a0000,fc,0,0,00aa,4d1a,0,0000,00aa,0,00aa,0000,1,1,0,0,0000,00b3,0000,0000,0000,0000,0,00b3,00aa,0000,0,009,00aa,00aa,1,a7,0112,00d0
1135,1135,0,df9b01076f4a0000,fc,0,0,00aa,4d1a,0,0000,00aa,0,00aa,0000,1,1,0,0,0000,00b3,0000,0000,0000,0000,0,00b3,00aa,0000,0,009,00aa,00aa,1,a7,0112,00d0
1136,1136,0,df9b01076f4a0000,fc,0,0,00aa,4d1a,0,0000,00aa,0,00aa,0000,1,1,0,0,0000,00b3,0000,0000,0000,0000,0,00b3,00aa,0000,0,009,00aa,00aa,1,a7,0112,00d0
1137,1137,0,df9b01076f4a0000,fc,0,0,00aa,4d1a,0,0000,00aa,0,00aa,0000,1,1,0,0,0000,00b3,0000,0000,0000,0000,0,00b3,00aa,0000,0,009,00aa,00aa,1,a7,0112,00d0
1138,1138,0,df9b01076f4a0000,fc,0,0,00aa,4d1a,0,0000,00aa,0,00aa,0000,1,1,0,0,0000,00b3,0000,0000,0000,0000,0,00b3,00aa,0000,0,009,00aa,00aa,1,a7,0112,00d0
1139,1139,0,df9b01076f4a0000,fc,0,0,00aa,4d1a,0,0000,00aa,0,00aa,0000,1,1,0,0,0000,00b3,0000,0000,0000,0000,0,00b3,00aa,0000,0,009,00aa,00aa,1,a7,0112,00d0
1140,1140,0,df9b01076f4a0000,fc,0,0,00aa,4d1a,0,0000,00aa,0,00aa,0000,1,1,0,0,0000,00b3,0000,0000,0000,0000,0,00b3,00aa,0000,0,009,00aa,00aa,1,a7,0112,00d0
1141,1141,0,df9b01076f4a0000,fc,0,0,00aa,4d1a,0,0000,00aa,0,00aa,0000,1,1,0,0,0000,00b3,0000,0000,0000,0000,0,00b3,00aa,0000,0,009,00aa,00aa,1,a7,0112,00d0
1142,1142,0,df9b01076f4a0000,fc,0,0,00aa,4d1a,0,0000,00aa,0,00aa,0000,1,1,0,0,0000,00b3,0000,0000,0000,0000,0,00b3,00aa,0000,0,009,00aa,00aa,1,a7,0112,00d0
1143,1143,0,df9b01076f4a0000,fc,0,0,00aa,4d1a,0,0000,00aa,0,00aa,0000,1,1,0,0,0000,00b3,0000,0000,0000,0000,0,00b3,00aa,0000,0,009,00aa,00aa,1,a7,0112,00d0
1144,1144,0,df9b01076f4a0000,fc,0,0,00aa,4d1a,0,0000,00aa,0,00aa,0000,1,1,0,0,0000,00b3,0000,0000,0000,0000,0,00b3,00aa,0000,0,009,00aa,00aa,1,a7,0112,00d0
1145,1145,0,df9b01076f4a0000,fc,0,0,00aa,4d1a,0,0000,00aa,0,00aa,0000,1,1,0,0,0000,00b3,0000,0000,0000,0000,0,00b3,00aa,0000,0,009,00aa,00aa,1,a7,0112,00d0
1146,1146,0,df9b01076f4a0000,fc,0,0,00aa,4d1a,0,0000,00aa,0,00aa,0000,1,1,0,0,0000,00b3,0000,0000,0000,0000,0,00b3,00aa,0000,0,009,00aa,00aa,1,a7,0112,00d0
1147,1147,0,df9b01076f4a0000,fc,0,0,00aa,4d1a,0,0000,00aa,0,00aa,0000,1,1,0,0,0000,00b3,0000,0000,0000,0000,0,00b3,00aa,0000,0,009,00aa,00aa,1,a7,0112,00d0
1148,1148,0,df9b01076f4a0000,fc,0,0,00aa,4d1a,0,0000,00aa,0,00aa,0000,1,1,0,0,0000,00b3,0000,0000,0000,0000,0,00b3,00aa,0000,0,009,00aa,00aa,1,a7,0112,00d0
1149,1149,0,df9b01076f4a0000,fc,0,0,00aa,4d1a,0,0000,00aa,0,00aa,0000,1,1,0,0,0000,00b3,0000,0000,0000,0000,0,00b3,00aa,0000,0,009,00aa,00aa,1,a7,0112,00d0
1150,1150,0,df9b01076f4a0000,fc,0,0,00aa,4d1a,0,0000,00aa,0,00aa,0000,1,1,0,0,0000,00b3,0000,0000,0000,0000,0,00b3,00aa,0000,0,009,00aa,00aa,1,a7,0112,00d0
1151,1151,0,df9b01076f4a0000,fc,0,0,00aa,4d1a,0,0000,00aa,0,00aa,0000,1,1,0,0,0000,00b3,0000,0000,0000,0000,0,00b3,00aa,0000,0,009,00aa,00aa,1,a7,0112,00d0
1152,1152,0,df9b01076f4a0000,fc,0,0,00aa,4d1a,0,0000,00aa,0,00aa,0000,1,1,0,0,0000,00b3,0000,0000,0000,0000,0,00b3,00aa,0000,0,009,00aa,00aa,1,a7,0112,00d0
1153,1153,0,df9b01076f4a0000,fc,0,0,00aa,4d1a,0,0000,00aa,0,00aa,0000,1,1,0,0,0000,00b3,0000,0000,0000,0000,0,00b3,00aa,0000,0,009,00aa,00aa,1,a7,0112,00d0
1154,1154,0,df9b01076f4a0000,fc,0,0,00aa,4d1a,0,0000,00aa,0,00aa,0000,1,1,0,0,0000,00b3,0000,0000,0000,0000,0,00b3,00aa,0000,0,009,00aa,00aa,1,a7,0112,00d0
1155,1155,0,df9b01076f4a0000,fc,0,0,00aa,4d1a,0,0000,00aa,0,00aa,0000,1,1,0,0,0000,00b3,0000,0000,0000,0000,0,00b3,00aa,0000,0,009,00aa,00aa,1,a7,0112,00d0
1156,1156,0,df9b01076f4a0000,fc,0,0,00aa,4d1a,0,0000,00aa,0,00aa,0000,1,1,0,0,0000,00b3,0000,0000,0000,0000,0,00b3,00aa,0000,0,009,00aa,00aa,1,a7,0112,00d0
1157,1157,0,df9b01076f4a0000,fc,0,0,00aa,4d1a,0,0000,00aa,0,00aa,0000,1,1,0,0,0000,00b3,0000,0000,0000,0000,0,00b3,00aa,0000,0,009,00aa,00aa,1,a7,0112,00d0
1158,1158,0,df9b01076f4a0000,fc,0,0,00aa,4d1a,0,0000,00aa,0,00aa,0000,1,1,0,0,0000,00b3,0000,0000,0000,0000,0,00b3,00aa,0000,0,009,00aa,00aa,1,a7,0112,00d0
1159,1159,0,df9b01076f4a0000,fc,0,0,00aa,4d1a,0,0000,00aa,0,00aa,0000,1,1,0,0,0000,00b3,0000,0000,0000,0000,0,00b3,00aa,0000,0,009,00aa,00aa,1,a7,0112,00d0
1160,1160,0,df9b01076f4a0000,fc,0,0,00aa,4d1a,0,0000,00aa,0,00aa,0000,1,1,0,0,0000,00b3,0000,0000,0000,0000,0,00b3,00aa,0000,0,009,00aa,00aa,1,a7,0112,00d0
1161,1161,0,df9b01076f4a0000,fc,0,0,00aa,4d1a,0,0000,00aa,0,00aa,0000,1,1,0,0,0000,00b3,0000,0000,0000,0000,0,00b3,00aa,0000,0,009,00aa,00aa,1,a7,0112,00d0
1162,1162,0,df9b01076f4a0000,fc,0,0,00aa,4d1a,0,0000,00aa,0,00aa,0000,1,1,0,0,0000,00b3,0000,0000,0000,0000,0,00b3,00aa,0000,0,009,00aa,00aa,1,a7,0112,00d0
1163,1163,0,df9b01076f4a0000,fc,0,0,00aa,4d1a,0,0000,00aa,0,00aa,0000,1,1,0,0,0000,00b3,0000,0000,0000,0000,0,00b3,00aa,0000,0,009,00aa,00aa,1,a7,0112,00d0
1164,1164,0,df9b01076f4a0000,fc,0,0,00aa,4d1a,0,0000,00aa,0,00aa,0000,1,1,0,0,0000,00b3,0000,0000,0000,0000,0,00b3,00aa,0000,0,009,00aa,00aa,1,a7,0112,00d0
1165,1165,0,df9b01076f4a0000,fc,0,0,00aa,4d1a,0,0000,00aa,0,00aa,0000,1,1,0,0,0000,00b3,0000,0000,0000,0000,0,00b3,00aa,0000,0,009,00aa,00aa,1,a7,0112,00d0
1166,1166,0,df9b01076f4a0000,fc,0,0,00aa,4d1a,0,0000,00aa,0,00aa,0000,1,1,0,0,0000,00b3,0000,0000,0000,0000,0,00b3,00aa,0000,0,009,00aa,00aa,1,a7,0112,00d0
1167,1167,0,df9b01076f4a0000,fc,0,0,00aa,4d1a,0,0000,00aa,0,00aa,0000,1,1,0,0,0000,00b3,0000,0000,0000,0000,0,00b3,00aa,0000,0,009,00aa,00aa,1,a7,0112,00d0
1168,1168,0,df9b01076f4a0000,fc,0,0,00aa,4d1a,0,0000,00aa,0,00aa,0000,1,1,0,0,0000,00b3,0000,0000,0000,0000,0,00b3,00aa,0000,0,009,00aa,00aa,1,a7,0112,00d0
1169,1169,0,df9b01076f4a0000,fc,0,0,00aa,4d1a,0,0000,00aa,0,00aa,0000,1,1,0,0,0000,00b3,0000,0000,0000,0000,0,00b3,00aa,0000,0,009,00aa,00aa,1,a7,0112,00d0
1170,1170,0,df9b01076f4a0000,fc,0,0,00aa,4d1a,0,0000,00aa,0,00aa,0000,1,1,0,0,0000,00b3,0000,0000,0000,0000,0,00b3,00aa,0000,0,009,00aa,00aa,1,a7,0112,00d0
1171,1171,0,df9b01076f4a0000,fc,0,0,00aa,4d1a,0,0000,00aa,0,00aa,0000,1,1,0,0,0000,00b3,0000,0000,0000,0000,0,00b3,00aa,0000,0,009,00aa,00aa,1,a7,0112,00d0
1172,1172,0,df9b01076f4a0000,fc,0,0,00aa,4d1a,0,0000,00aa,0,00aa,0000,1,1,0,0,0000,00b3,0000,0000,0000,0000,0,00b3,00aa,0000,0,009,00aa,00aa,1,a7,0112,00d0
1173,1173,0,df9b01076f4a0000,fc,0,0,00aa,4d1a,0,0000,00aa,0,00aa,0000,1,1,0,0,0000,00b3,0000,0000,0000,0000,0,00b3,00aa,0000,0,009,00aa,00aa,1,a7,0112,00d0
1174,1174,0,df9b01076f4a0000,fc,0,0,00aa,4d1a,0,0000,00aa,0,00aa,0000,1,1,0,0,0000,00b3,0000,0000,0000,0000,0,00b3,00aa,0000,0,009,00aa,00aa,1,a7,0112,00d0
1175,1175,0,df9b01076f4a0000,fc,0,0,00aa,4d1a,0,0000,00aa,0,00aa,0000,1,1,0,0,0000,00b3,0000,0000,0000,0000,0,00b3,00aa,0000,0,009,00aa,00aa,1,a7,0112,00d0
1176,1176,0,df9b01076f4a0000,fc,0,0,00aa,4d1a,0,0000,00aa,0,00aa,0000,1,1,0,0,0000,00b3,0000,0000,0000,0000,0,00b3,00aa,0000,0,009,00aa,00aa,1,a7,0112,00d0
1177,1177,0,df9b01076f4a0000,fc,0,0,00aa,4d1a,0,0000,00aa,0,00aa,0000,1,1,0,0,0000,00b3,0000,0000,0000,0000,0,00b3,00aa,0000,0,009,00aa,00aa,1,a7,0112,00d0
1178,1178,0,df9b01076f4a0000,fc,0,0,00aa,4d1a,0,0000,00aa,0,00aa,0000,1,1,0,0,0000,00b3,0000,0000,0000,0000,0,00b3,00aa,0000,0,009,00aa,00aa,1,a7,0112,00d0
1179,1179,0,df9b01076f4a0000,fc,0,0,00aa,4d1a,0,0000,00aa,0,00aa,0000,1,1,0,0,0000,00b3,0000,0000,0000,0000,0,00b3,00aa,0000,0,009,00aa,00aa,1,a7,0112,00d0
1180,1180,0,df9b01076f4a0000,fc,0,0,00aa,4d1a,0,0000,00aa,0,00aa,0000,1,1,0,0,0000,00b3,0000,0000,0000,0000,0,00b3,00aa,0000,0,009,00aa,00aa,1,a7,0112,00d0
1181,1181,0,df9b01076f4a0000,fc,0,0,00aa,4d1a,0,0000,00aa,0,00aa,0000,1,1,0,0,0000,00b3,0000,0000,0000,0000,0,00b3,00aa,0000,0,009,00aa,00aa,1,a7,0112,00d0
1182,1182,0,df9b01076f4a0000,fc,0,0,00aa,4d1a,0,0000,00aa,0,00aa,0000,1,1,0,0,0000,00b3,0000,0000,0000,0000,0,00b3,00aa,0000,0,009,00aa,00aa,1,a7,0112,00d0
1183,1183,0,df9b01076f4a0000,fc,0,0,00aa,4d1a,0,0000,00aa,0,00aa,0000,1,1,0,0,0000,00b3,0000,0000,0000,0000,0,00b3,00aa,0000,0,009,00aa,00aa,1,a7,0112,00d0
1184,1184,0,df9b01076f4a0000,fc,0,0,00aa,4d1a,0,0000,00aa,0,00aa,0000,1,1,0,0,0000,00b3,0000,0000,0000,0000,0,00b3,00aa,0000,0,009,00aa,00aa,1,a7,0112,00d0
1185,1185,0,df9b01076f4a0000,fc,0,0,00aa,4d1a,0,0000,00aa,0,00aa,0000,1,1,0,0,0000,00b3,0000,0000,0000,0000,0,00b3,00aa,0000,0,009,00aa,00aa,1,a7,0112,00d0
1186,1186,0,df9b01076f4a0000,fc,0,0,00aa,4d1a,0,0000,00aa,0,00aa,0000,1,1,0,0,0000,00b3,0000,0000,0000,0000,0,00b3,00aa,0000,0,009,00aa,00aa,1,a7,0112,00d0
1187,1187,0,df9b01076f4a0000,fc,0,0,00aa,4d1a,0,0000,00aa,0,00aa,0000,1,1,0,0,0000,00b3,0000,0000,0000,0000,0,00b3,00aa,0000,0,009,00aa,00aa,1,a7,0112,00d0
1188,1188,0,df9b01076f4a0000,fc,0,0,00aa,4d1a,0,0000,00aa,0,00aa,0000,1,1,0,0,0000,00b3,0000,0000,0000,0000,0,00b3,00aa,0000,0,009,00aa,00aa,1,a7,0112,00d0
1189,1189,0,df9b01076f4a0000,fc,0,0,00aa,4d1a,0,0000,00aa,0,00aa,0000,1,1,0,0,0000,00b3,0000,0000,0000,0000,0,00b3,00aa,0000,0,009,00aa,00aa,1,a7,0112,00d0
1190,1190,0,df9b01076f4a0000,fc,0,0,00aa,4d1a,0,0000,00aa,0,00aa,0000,1,1,0,0,0000,00b3,0000,0000,0000,0000,0,00b3,00aa,0000,0,009,00aa,00aa,1,a7,0112,00d0
1191,1191,0,df9b01076f4a0000,fc,0,0,00aa,4d1a,0,0000,00aa,0,00aa,0000,1,1,0,0,0000,00b3,0000,0000,0000,0000,0,00b3,00aa,0000,0,009,00aa,00aa,1,a7,0112,00d0
1192,1192,0,df9b01076f4a0000,fc,0,0,00aa,4d1a,0,0000,00aa,0,00aa,0000,1,1,0,0,0000,00b3,0000,0000,0000,0000,0,00b3,00aa,0000,0,009,00aa,00aa,1,a7,0112,00d0
1193,1193,0,df9b01076f4a0000,fc,0,0,00aa,4d1a,0,0000,00aa,0,00aa,0000,1,1,0,0,0000,00b3,0000,0000,0000,0000,0,00b3,00aa,0000,0,009,00aa,00aa,1,a7,0112,00d0
1194,1194,0,df9b01076f4a0000,fc,0,0,00aa,4d1a,0,0000,00aa,0,00aa,0000,1,1,0,0,0000,00b3,0000,0000,0000,0000,0,00b3,00aa,0000,0,009,00aa,00aa,1,a7,0112,00d0
1195,1195,0,df9b01076f4a0000,fc,0,0,00aa,4d1a,0,0000,00aa,0,00aa,0000,1,1,0,0,0000,00b3,0000,0000,0000,0000,0,00b3,00aa,0000,0,009,00aa,00aa,1,a7,0112,00d0
1196,1196,0,df9b01076f4a0000,fc,0,0,00aa,4d1a,0,0000,00aa,0,00aa,0000,1,1,0,0,0000,00b3,0000,0000,0000,0000,0,00b3,00aa,0000,0,009,00aa,00aa,1,a7,0112,00d0
1197,1197,0,df9b01076f4a0000,fc,0,0,00aa,4d1a,0,0000,00aa,0,00aa,0000,1,1,0,0,0000,00b3,0000,0000,0000,0000,0,00b3,00aa,0000,0,009,00aa,00aa,1,a7,0112,00d0
1198,1198,0,df9b01076f4a0000,fc,0,0,00aa,4d1a,0,0000,00aa,0,00aa,0000,1,1,0,0,0000,00b3,0000,0000,0000,0000,0,00b3,00aa,0000,0,009,00aa,00aa,1,a7,0112,00d0
1199,1199,0,df9b01076f4a0000,fc,0,0,00aa,4d1a,0,0000,00aa,0,00aa,0000,1,1,0,0,0000,00b3,0000,0000,0000,0000,0,00b3,00aa,0000,0,009,00aa,00aa,1,a7,0112,00d0
1200,1200,0,df9b01076f4a0000,fc,0,0,00aa,4d1a,0,0000,00aa,0,00aa,0000,1,1,0,0,0000,00b3,0000,0000,0000,0000,0,00b3,00aa,0000,0,009,00aa,00aa,1,a7,0112,00d0
1201,1201,0,df9b01076f4a0000,fc,0,0,00aa,4d1a,0,0000,00aa,0,00aa,0000,1,1,0,0,0000,00b3,0000,0000,0000,0000,0,00b3,00aa,0000,0,009,00aa,00aa,1,a7,0112,00d0
1202,1202,0,df9b01076f4a0000,fc,0,0,00aa,4d1a,0,0000,00aa,0,00aa,0000,1,1,0,0,0000,00b3,0000,0000,0000,0000,0,00b3,00aa,0000,0,009,00aa,00aa,1,a7,0112,00d0
1203,1203,0,df9b01076f4a0000,fc,0,0,00aa,4d1a,0,0000,00aa,0,00aa,0000,1,1,0,0,0000,00b3,0000,0000,0000,0000,0,00b3,00aa,0000,0,009,00aa,00aa,1,a7,0112,00d0
1204,1204,0,df9b01076f4a0000,fc,0,0,00aa,4d1a,0,0000,00aa,0,00aa,0000,1,1,0,0,0000,00b3,0000,0000,0000,0000,0,00b3,00aa,0000,0,009,00aa,00aa,1,a7,0112,00d0
1205,1205,0,df9b01076f4a0000,fc,0,0,00aa,4d1a,0,0000,00aa,0,00aa,0000,1,1,0,0,0000,00b3,0000,0000,0000,0000,0,00b3,00aa,0000,0,009,00aa,00aa,1,a7,0112,00d0
1206,1206,0,df9b01076f4a0000,fc,0,0,00aa,4d1a,0,0000,00aa,0,00aa,0000,1,1,0,0,0000,00b3,0000,0000,0000,0000,0,00b3,00aa,0000,0,009,00aa,00aa,1,a7,0112,00d0
1207,1207,0,df9b01076f4a0000,fc,0,0,00aa,4d1a,0,0000,00aa,0,00aa,0000,1,1,0,0,0000,00b3,0000,0000,0000,0000,0,00b3,00aa,0000,0,009,00aa,00aa,1,a7,0112,00d0
1208,1208,0,df9b01076f4a0000,fc,0,0,00aa,4d1a,0,0000,00aa,0,00aa,0000,1,1,0,0,0000,00b3,0000,0000,0000,0000,0,00b3,00aa,0000,0,009,00aa,00aa,1,a7,0112,00d0
1209,1209,0,df9b01076f4a0000,fc,0,0,00aa,4d1a,0,0000,00aa,0,00aa,0000,1,1,0,0,0000,00b3,0000,0000,0000,0000,0,00b3,00aa,0000,0,009,00aa,00aa,1,a7,0112,00d0
1210,1210,0,df9b01076f4a0000,fc,0,0,00aa,4d1a,0,0000,00aa,0,00aa,0000,1,1,0,0,0000,00b3,0000,0000,0000,0000,0,00b3,00aa,0000,0,009,00aa,00aa,1,a7,0112,00d0
1211,1211,0,df9b01076f4a0000,fc,0,0,00aa,4d1a,0,0000,00aa,0,00aa,0000,1,1,0,0,0000,00b3,0000,0000,0000,0000,0,00b3,00aa,0000,0,009,00aa,00aa,1,a7,0112,00d0
1212,1212,0,df9b01076f4a0000,fc,0,0,00aa,4d1a,0,0000,00aa,0,00aa,0000,1,1,0,0,0000,00b3,0000,0000,0000,0000,0,00b3,00aa,0000,0,009,00aa,00aa,1,a7,0112,00d0
1213,1213,0,df9b01076f4a0000,fc,0,0,00aa,4d1a,0,0000,00aa,0,00aa,0000,1,1,0,0,0000,00b3,0000,0000,0000,0000,0,00b3,00aa,0000,0,009,00aa,00aa,1,a7,0112,00d0
1214,1214,0,df9b01076f4a0000,fc,0,0,00aa,4d1a,0,0000,00aa,0,00aa,0000,1,1,0,0,0000,00b3,0000,0000,0000,0000,0,00b3,00aa,0000,0,009,00aa,00aa,1,a7,0112,00d0
1215,1215,0,df9b01076f4a0000,fc,0,0,00aa,4d1a,0,0000,00aa,0,00aa,0000,1,1,0,0,0000,00b3,0000,0000,0000,0000,0,00b3,00aa,0000,0,009,00aa,00aa,1,a7,0112,00d0
1216,1216,0,df9b01076f4a0000,fc,0,0,00aa,4d1a,0,0000,00aa,0,00aa,0000,1,1,0,0,0000,00b3,0000,0000,0000,0000,0,00b3,00aa,0000,0,009,00aa,00aa,1,a7,0112,00d0
1217,1217,0,df9b01076f4a0000,fc,0,0,00aa,4d1a,0,0000,00aa,0,00aa,0000,1,1,0,0,0000,00b3,0000,0000,0000,0000,0,00b3,00aa,0000,0,009,00aa,00aa,1,a7,0112,00d0
1218,1218,0,df9b01076f4a0000,fc,0,0,00aa,4d1a,0,0000,00aa,0,00aa,0000,1,1,0,0,0000,00b3,0000,0000,0000,0000,0,00b3,00aa,0000,0,009,00aa,00aa,1,a7,0112,00d0
1219,1219,0,df9b01076f4a0000,fc,0,0,00aa,4d1a,0,0000,00aa,0,00aa,0000,1,1,0,0,0000,00b3,0000,0000,0000,0000,0,00b3,00aa,0000,0,009,00aa,00aa,1,a7,0112,00d0
1220,1220,0,df9b01076f4a0000,fc,0,0,00aa,4d1a,0,0000,00aa,0,00aa,0000,1,1,0,0,0000,00b3,0000,0000,0000,0000,0,00b3,00aa,0000,0,009,00aa,00aa,1,a7,0112,00d0
1221,1221,0,df9b01076f4a0000,fc,0,0,00aa,4d1a,0,0000,00aa,0,00aa,0000,1,1,0,0,0000,00b3,0000,0000,0000,0000,0,00b3,00aa,0000,0,009,00aa,00aa,1,a7,0112,00d0
1222,1222,0,df9b01076f4a0000,fc,0,0,00aa,4d1a,0,0000,00aa,0,00aa,0000,1,1,0,0,0000,00b3,0000,0000,0000,0000,0,00b3,00aa,0000,0,009,00aa,00aa,1,a7,0112,00d0
1223,1223,0,df9b01076f4a0000,fc,0,0,00aa,4d1a,0,0000,00aa,0,00aa,0000,1,1,0,0,0000,00b3,0000,0000,0000,0000,0,00b3,00aa,0000,0,009,00aa,00aa,1,a7,0112,00d0
1224,1224,0,df9b01076f4a0000,fc,0,0,00aa,4d1a,0,0000,00aa,0,00aa,0000,1,1,0,0,0000,00b3,0000,0000,0000,0000,0,00b3,00aa,0000,0,009,00aa,00aa,1,a7,0112,00d0
1225,1225,0,df9b01076f4a0000,fc,0,0,00aa,4d1a,0,0000,00aa,0,00aa,0000,1,1,0,0,0000,00b3,0000,0000,0000,0000,0,00b3,00aa,0000,0,009,00aa,00aa,1,a7,0112,00d0
1226,1226,0,df9b01076f4a0000,fc,0,0,00aa,4d1a,0,0000,00aa,0,00aa,0000,1,1,0,0,0000,00b3,0000,0000,0000,0000,0,00b3,00aa,0000,0,009,00aa,00aa,1,a7,0112,00d0
1227,1227,0,df9b01076f4a0000,fc,0,0,00aa,4d1a,0,0000,00aa,0,00aa,0000,1,1,0,0,0000,00b3,0000,0000,0000,0000,0,00b3,00aa,0000,0,009,00aa,00aa,1,a7,0112,00d0
1228,1228,0,df9b01076f4a0000,fc,0,0,00aa,4d1a,0,0000,00aa,0,00aa,0000,1,1,0,0,0000,00b3,0000,0000,0000,0000,0,00b3,00aa,0000,0,009,00aa,00aa,1,a7,0112,00d0
1229,1229,0,df9b01076f4a0000,fc,0,0,00aa,4d1a,0,0000,00aa,0,00aa,0000,1,1,0,0,0000,00b3,0000,0000,0000,0000,0,00b3,00aa,0000,0,009,00aa,00aa,1,a7,0112,00d0
1230,1230,0,df9b01076f4a0000,fc,0,0,00aa,4d1a,0,0000,00aa,0,00aa,0000,1,1,0,0,0000,00b3,0000,0000,0000,0000,0,00b3,00aa,0000,0,009,00aa,00aa,1,a7,0112,00d0
1231,1231,0,df9b01076f4a0000,fc,0,0,00aa,4d1a,0,0000,00aa,0,00aa,0000,1,1,0,0,0000,00b3,0000,0000,0000,0000,0,00b3,00aa,0000,0,009,00aa,00aa,1,a7,0112,00d0
1232,1232,0,df9b01076f4a0000,fc,0,0,00aa,4d1a,0,0000,00aa,0,00aa,0000,1,1,0,0,0000,00b3,0000,0000,0000,0000,0,00b3,00aa,0000,0,009,00aa,00aa,1,a7,0112,00d0
1233,1233,0,df9b01076f4a0000,fc,0,0,00aa,4d1a,0,0000,00aa,0,00aa,0000,1,1,0,0,0000,00b3,0000,0000,0000,0000,0,00b3,00aa,0000,0,009,00aa,00aa,1,a7,0112,00d0
1234,1234,0,df9b01076f4a0000,fc,0,0,00aa,4d1a,0,0000,00aa,0,00aa,0000,1,1,0,0,0000,00b3,0000,0000,0000,0000,0,00b3,00aa,0000,0,009,00aa,00aa,1,a7,0112,00d0
1235,1235,0,df9b01076f4a0000,fc,0,0,00aa,4d1a,0,0000,00aa,0,00aa,0000,1,1,0,0,0000,00b3,0000,0000,0000,0000,0,00b3,00aa,0000,0,009,00aa,00aa,1,a7,0112,00d0
1236,1236,0,df9b01076f4a0000,fc,0,0,00aa,4d1a,0,0000,00aa,0,00aa,0000,1,1,0,0,0000,00b3,0000,0000,0000,0000,0,00b3,00aa,0000,0,009,00aa,00aa,1,a7,0112,00d0
1237,1237,0,df9b01076f4a0000,fc,0,0,00aa,4d1a,0,0000,00aa,0,00aa,0000,1,1,0,0,0000,00b3,0000,0000,0000,0000,0,00b3,00aa,0000,0,009,00aa,00aa,1,a7,0112,00d0
1238,1238,0,df9b01076f4a0000,fc,0,0,00aa,4d1a,0,0000,00aa,0,00aa,0000,1,1,0,0,0000,00b3,0000,0000,0000,0000,0,00b3,00aa,0000,0,009,00aa,00aa,1,a7,0112,00d0
1239,1239,0,df9b01076f4a0000,fc,0,0,00aa,4d1a,0,0000,00aa,0,00aa,0000,1,1,0,0,0000,00b3,0000,0000,0000,0000,0,00b3,00aa,0000,0,009,00aa,00aa,1,a7,0112,00d0
1240,1240,0,df9b01076f4a0000,fc,0,0,00aa,4d1a,0,0000,00aa,0,00aa,0000,1,1,0,0,0000,00b3,0000,0000,0000,0000,0,00b3,00aa,0000,0,009,00aa,00aa,1,a7,0112,00d0
1241,1241,0,df9b01076f4a0000,fc,0,0,00aa,4d1a,0,0000,00aa,0,00aa,0000,1,1,0,0,0000,00b3,0000,0000,0000,0000,0,00b3,00aa,0000,0,009,00aa,00aa,1,a7,0112,00d0
1242,1242,0,df9b01076f4a0000,fc,0,0,00aa,4d1a,0,0000,00aa,0,00aa,0000,1,1,0,0,0000,00b3,0000,0000,0000,0000,0,00b3,00aa,0000,0,009,00aa,00aa,1,a7,0112,00d0
1243,1243,0,df9b01076f4a0000,fc,0,0,00aa,4d1a,0,0000,00aa,0,00aa,0000,1,1,0,0,0000,00b3,0000,0000,0000,0000,0,00b3,00aa,0000,0,009,00aa,00aa,1,a7,0112,00d0
1244,1244,0,df9b01076f4a0000,fc,0,0,00aa,4d1a,0,0000,00aa,0,00aa,0000,1,1,0,0,0000,00b3,0000,0000,0000,0000,0,00b3,00aa,0000,0,009,00aa,00aa,1,a7,0112,00d0
1245,1245,0,df9b01076f4a0000,fc,0,0,00aa,4d1a,0,0000,00aa,0,00aa,0000,1,1,0,0,0000,00b3,0000,0000,0000,0000,0,00b3,00aa,0000,0,009,00aa,00aa,1,a7,0112,00d0
1246,1246,0,df9b01076f4a0000,fc,0,0,00aa,4d1a,0,0000,00aa,0,00aa,0000,1,1,0,0,0000,00b3,0000,0000,0000,0000,0,00b3,00aa,0000,0,009,00aa,00aa,1,a7,0112,00d0
1247,1247,0,df9b01076f4a0000,fc,0,0,00aa,4d1a,0,0000,00aa,0,00aa,0000,1,1,0,0,0000,00b3,0000,0000,0000,0000,0,00b3,00aa,0000,0,009,00aa,00aa,1,a7,0112,00d0
1248,1248,0,df9b01076f4a0000,fc,0,0,00aa,4d1a,0,0000,00aa,0,00aa,0000,1,1,0,0,0000,00b3,0000,0000,0000,0000,0,00b3,00aa,0000,0,009,00aa,00aa,1,a7,0112,00d0
1249,1249,0,df9b01076f4a0000,fc,0,0,00aa,4d1a,0,0000,00aa,0,00aa,0000,1,1,0,0,0000,00b3,0000,0000,0000,0000,0,00b3,00aa,0000,0,009,00aa,00aa,1,a7,0112,00d0
1250,1250,0,df9b01076f4a0000,fc,0,0,00aa,4d1a,0,0000,00aa,0,00aa,0000,1,1,0,0,0000,00b3,0000,0000,0000,0000,0,00b3,00aa,0000,0,009,00aa,00aa,1,a7,0112,00d0
1251,1251,0,df9b01076f4a0000,fc,0,0,00aa,4d1a,0,0000,00aa,0,00aa,0000,1,1,0,0,0000,00b3,0000,0000,0000,0000,0,00b3,00aa,0000,0,009,00aa,00aa,1,a7,0112,00d0
1252,1252,0,df9b01076f4a0000,fc,0,0,00aa,4d1a,0,0000,00aa,0,00aa,0000,1,1,0,0,0000,00b3,0000,0000,0000,0000,0,00b3,00aa,0000,0,009,00aa,00aa,1,a7,0112,00d0
1253,1253,0,df9b01076f4a0000,fc,0,0,00aa,4d1a,0,0000,00aa,0,00aa,0000,1,1,0,0,0000,00b3,0000,0000,0000,0000,0,00b3,00aa,0000,0,009,00aa,00aa,1,a7,0112,00d0
1254,1254,0,df9b01076f4a0000,fc,0,0,00aa,4d1a,0,0000,00aa,0,00aa,0000,1,1,0,0,0000,00b3,0000,0000,0000,0000,0,00b3,00aa,0000,0,009,00aa,00aa,1,a7,0112,00d0
1255,1255,0,df9b01076f4a0000,fc,0,0,00aa,4d1a,0,0000,00aa,0,00aa,0000,1,1,0,0,0000,00b3,0000,0000,0000,0000,0,00b3,00aa,0000,0,009,00aa,00aa,1,a7,0112,00d0
1256,1256,0,df9b01076f4a0000,fc,0,0,00aa,4d1a,0,0000,00aa,0,00aa,0000,1,1,0,0,0000,00b3,0000,0000,0000,0000,0,00b3,00aa,0000,0,009,00aa,00aa,1,a7,0112,00d0
1257,1257,0,df9b01076f4a0000,fc,0,0,00aa,4d1a,0,0000,00aa,0,00aa,0000,1,1,0,0,0000,00b3,0000,0000,0000,0000,0,00b3,00aa,0000,0,009,00aa,00aa,1,a7,0112,00d0
1258,1258,0,df9b01076f4a0000,fc,0,0,00aa,4d1a,0,0000,00aa,0,00aa,0000,1,1,0,0,0000,00b3,0000,0000,0000,0000,0,00b3,00aa,0000,0,009,00aa,00aa,1,a7,0112,00d0
1259,1259,0,df9b01076f4a0000,fc,0,0,00aa,4d1a,0,0000,00aa,0,00aa,0000,1,1,0,0,0000,00b3,0000,0000,0000,0000,0,00b3,00aa,0000,0,009,00aa,00aa,1,a7,0112,00d0
1260,1260,0,df9b01076f4a0000,fc,0,0,00aa,4d1a,0,0000,00aa,0,00aa,0000,1,1,0,0,0000,00b3,0000,0000,0000,0000,0,00b3,00aa,0000,0,009,00aa,00aa,1,a7,0112,00d0
1261,1261,0,df9b01076f4a0000,fc,0,0,00aa,4d1a,0,0000,00aa,0,00aa,0000,1,1,0,0,0000,00b3,0000,0000,0000,0000,0,00b3,00aa,0000,0,009,00aa,00aa,1,a7,0112,00d0
1262,1262,0,df9b01076f4a0000,fc,0,0,00aa,4d1a,0,0000,00aa,0,00aa,0000,1,1,0,0,0000,00b3,0000,0000,0000,0000,0,00b3,00aa,0000,0,009,00aa,00aa,1,a7,0112,00d0
1263,1263,0,df9b01076f4a0000,fc,0,0,00aa,4d1a,0,0000,00aa,0,00aa,0000,1,1,0,0,0000,00b3,0000,0000,0000,0000,0,00b3,00aa,0000,0,009,00aa,00aa,1,a7,0112,00d0
1264,1264,0,df9b01076f4a0000,fc,0,0,00aa,4d1a,0,0000,00aa,0,00aa,0000,1,1,0,0,0000,00b3,0000,0000,0000,0000,0,00b3,00aa,0000,0,009,00aa,00aa,1,a7,0112,00d0
1265,1265,0,df9b01076f4a0000,fc,0,0,00aa,4d1a,0,0000,00aa,0,00aa,0000,1,1,0,0,0000,00b3,0000,0000,0000,0000,0,00b3,00aa,0000,0,009,00aa,00aa,1,a7,0112,00d0
1266,1266,0,df9b01076f4a0000,fc,0,0,00aa,4d1a,0,0000,00aa,0,00aa,0000,1,1,0,0,0000,00b3,0000,0000,0000,0000,0,00b3,00aa,0000,0,009,00aa,00aa,1,a7,0112,00d0
1267,1267,0,df9b01076f4a0000,fc,0,0,00aa,4d1a,0,0000,00aa,0,00aa,0000,1,1,0,0,0000,00b3,0000,0000,0000,0000,0,00b3,00aa,0000,0,009,00aa,00aa,1,a7,0112,00d0
1268,1268,0,df9b01076f4a0000,fc,0,0,00aa,4d1a,0,0000,00aa,0,00aa,0000,1,1,0,0,0000,00b3,0000,0000,0000,0000,0,00b3,00aa,0000,0,009,00aa,00aa,1,a7,0112,00d0
1269,1269,0,df9b01076f4a0000,fc,0,0,00aa,4d1a,0,0000,00aa,0,00aa,0000,1,1,0,0,0000,00b3,0000,0000,0000,0000,0,00b3,00aa,0000,0,009,00aa,00aa,1,a7,0112,00d0
1270,1270,0,df9b01076f4a0000,fc,0,0,00aa,4d1a,0,0000,00aa,0,00aa,0000,1,1,0,0,0000,00b3,0000,0000,0000,0000,0,00b3,00aa,0000,0,009,00aa,00aa,1,a7,0112,00d0
1271,1271,0,df9b01076f4a0000,fc,0,0,00aa,4d1a,0,0000,00aa,0,00aa,0000,1,1,0,0,0000,00b3,0000,0000,0000,0000,0,00b3,00aa,0000,0,009,00aa,00aa,1,a7,0112,00d0
1272,1272,0,df9b01076f4a0000,fc,0,0,00aa,4d1a,0,0000,00aa,0,00aa,0000,1,1,0,0,0000,00b3,0000,0000,0000,0000,0,00b3,00aa,0000,0,009,00aa,00aa,1,a7,0112,00d0
1273,1273,0,df9b01076f4a0000,fc,0,0,00aa,4d1a,0,0000,00aa,0,00aa,0000,1,1,0,0,0000,00b3,0000,0000,0000,0000,0,00b3,00aa,0000,0,009,00aa,00aa,1,a7,0112,00d0
1274,1274,0,df9b01076f4a0000,fc,0,0,00aa,4d1a,0,0000,00aa,0,00aa,0000,1,1,0,0,0000,00b3,0000,0000,0000,0000,0,00b3,00aa,0000,0,009,00aa,00aa,1,a7,0112,00d0
1275,1275,0,df9b01076f4a0000,fc,0,0,00aa,4d1a,0,0000,00aa,0,00aa,0000,1,1,0,0,0000,00b3,0000,0000,0000,0000,0,00b3,00aa,0000,0,009,00aa,00aa,1,a7,0112,00d0
1276,1276,0,df9b01076f4a0000,fc,0,0,00aa,4d1a,0,0000,00aa,0,00aa,0000,1,1,0,0,0000,00b3,0000,0000,0000,0000,0,00b3,00aa,0000,0,009,00aa,00aa,1,a7,0112,00d0
1277,1277,0,df9b01076f4a0000,fc,0,0,00aa,4d1a,0,0000,00aa,0,00aa,0000,1,1,0,0,0000,00b3,0000,0000,0000,0000,0,00b3,00aa,0000,0,009,00aa,00aa,1,a7,0112,00d0
1278,1278,0,df9b01076f4a0000,fc,0,0,00aa,4d1a,0,0000,00aa,0,00aa,0000,1,1,0,0,0000,00b3,0000,0000,0000,0000,0,00b3,00aa,0000,0,009,00aa,00aa,1,a7,0112,00d0
1279,1279,0,df9b01076f4a0000,fc,0,0,00aa,4d1a,0,0000,00aa,0,00aa,0000,1,1,0,0,0000,00b3,0000,0000,0000,0000,0,00b3,00aa,0000,0,009,00aa,00aa,1,a7,0112,00d0
1280,1280,0,df9b01076f4a0000,fc,0,0,00aa,4d1a,0,0000,00aa,0,00aa,0000,1,1,0,0,0000,00b3,0000,0000,0000,0000,0,00b3,00aa,0000,0,009,00aa,00aa,1,a7,0112,00d0
1281,1281,0,df9b01076f4a0000,fc,0,0,00aa,4d1a,0,0000,00aa,0,00aa,0000,1,1,0,0,0000,00b3,0000,0000,0000,0000,0,00b3,00aa,0000,0,009,00aa,00aa,1,a7,0112,00d0
1282,1282,0,df9b01076f4a0000,fc,0,0,00aa,4d1a,0,0000,00aa,0,00aa,0000,1,1,0,0,0000,00b3,0000,0000,0000,0000,0,00b3,00aa,0000,0,009,00aa,00aa,1,a7,0112,00d0
1283,1283,0,df9b01076f4a0000,fc,0,0,00aa,4d1a,0,0000,00aa,0,00aa,0000,1,1,0,0,0000,00b3,0000,0000,0000,0000,0,00b3,00aa,0000,0,009,00aa,00aa,1,a7,0112,00d0
1284,1284,0,df9b01076f4a0000,fc,0,0,00aa,4d1a,0,0000,00aa,0,00aa,0000,1,1,0,0,0000,00b3,0000,0000,0000,0000,0,00b3,00aa,0000,0,009,00aa,00aa,1,a7,0112,00d0
1285,1285,0,df9b01076f4a0000,fc,0,0,00aa,4d1a,0,0000,00aa,0,00aa,0000,1,1,0,0,0000,00b3,0000,0000,0000,0000,0,00b3,00aa,0000,0,009,00aa,00aa,1,a7,0112,00d0
1286,1286,0,df9b01076f4a0000,fc,0,0,00aa,4d1a,0,0000,00aa,0,00aa,0000,1,1,0,0,0000,00b3,0000,0000,0000,0000,0,00b3,00aa,0000,0,009,00aa,00aa,1,a7,0112,00d0
1287,1287,0,df9b01076f4a0000,fc,0,0,00aa,4d1a,0,0000,00aa,0,00aa,0000,1,1,0,0,0000,00b3,0000,0000,0000,0000,0,00b3,00aa,0000,0,009,00aa,00aa,1,a7,0112,00d0
1288,1288,0,df9b01076f4a0000,fc,0,0,00aa,4d1a,0,0000,00aa,0,00aa,0000,1,1,0,0,0000,00b3,0000,0000,0000,0000,0,00b3,00aa,0000,0,009,00aa,00aa,1,a7,0112,00d0
1289,1289,0,df9b01076f4a0000,fc,0,0,00aa,4d1a,0,0000,00aa,0,00aa,0000,1,1,0,0,0000,00b3,0000,0000,0000,0000,0,00b3,00aa,0000,0,009,00aa,00aa,1,a7,0112,00d0
1290,1290,0,df9b01076f4a0000,fc,0,0,00aa,4d1a,0,0000,00aa,0,00aa,0000,1,1,0,0,0000,00b3,0000,0000,0000,0000,0,00b3,00aa,0000,0,009,00aa,00aa,1,a7,0112,00d0
1291,1291,0,df9b01076f4a0000,fc,0,0,00aa,4d1a,0,0000,00aa,0,00aa,0000,1,1,0,0,0000,00b3,0000,0000,0000,0000,0,00b3,00aa,0000,0,009,00aa,00aa,1,a7,0112,00d0
1292,1292,0,df9b01076f4a0000,fc,0,0,00aa,4d1a,0,0000,00aa,0,00aa,0000,1,1,0,0,0000,00b3,0000,0000,0000,0000,0,00b3,00aa,0000,0,009,00aa,00aa,1,a7,0112,00d0
1293,1293,0,df9b01076f4a0000,fc,0,0,00aa,4d1a,0,0000,00aa,0,00aa,0000,1,1,0,0,0000,00b3,0000,0000,0000,0000,0,00b3,00aa,0000,0,009,00aa,00aa,1,a7,0112,00d0
1294,1294,0,df9b01076f4a0000,fc,0,0,00aa,4d1a,0,0000,00aa,0,00aa,0000,1,1,0,0,0000,00b3,0000,0000,0000,0000,0,00b3,00aa,0000,0,009,00aa,00aa,1,a7,0112,00d0
1295,1295,0,df9b01076f4a0000,fc,0,0,00aa,4d1a,0,0000,00aa,0,00aa,0000,1,1,0,0,0000,00b3,0000,0000,0000,0000,0,00b3,00aa,0000,0,009,00aa,00aa,1,a7,0112,00d0
1296,1296,0,df9b01076f4a0000,fc,0,0,00aa,4d1a,0,0000,00aa,0,00aa,0000,1,1,0,0,0000,00b3,0000,0000,0000,0000,0,00b3,00aa,0000,0,009,00aa,00aa,1,a7,0112,00d0
1297,1297,0,df9b01076f4a0000,fc,0,0,00aa,4d1a,0,0000,00aa,0,00aa,0000,1,1,0,0,0000,00b3,0000,0000,0000,0000,0,00b3,00aa,0000,0,009,00aa,00aa,1,a7,0112,00d0
1298,1298,0,df9b01076f4a0000,fc,0,0,00aa,4d1a,0,0000,00aa,0,00aa,0000,1,1,0,0,0000,00b3,0000,0000,0000,0000,0,00b3,00aa,0000,0,009,00aa,00aa,1,a7,0112,00d0
1299,1299,0,df9b01076f4a0000,fc,0,0,00aa,4d1a,0,0000,00aa,0,00aa,0000,1,1,0,0,0000,00b3,0000,0000,0000,0000,0,00b3,00aa,0000,0,009,00aa,00aa,1,a7,0112,00d0
1300,1300,0,df9b01076f4a0000,fc,0,0,00aa,4d1a,0,0000,00aa,0,00aa,0000,1,1,0,0,0000,00b3,0000,0000,0000,0000,0,00b3,00aa,0000,0,009,00aa,00aa,1,a7,0112,00d0
1301,1301,0,df9b01076f4a0000,fc,0,0,00aa,4d1a,0,0000,00aa,0,00aa,0000,1,1,0,0,0000,00b3,0000,0000,0000,0000,0,00b3,00aa,0000,0,009,00aa,00aa,1,a7,0112,00d0
1302,1302,0,df9b01076f4a0000,fc,0,0,00aa,4d1a,0,0000,00aa,0,00aa,0000,1,1,0,0,0000,00b3,0000,0000,0000,0000,0,00b3,00aa,0000,0,009,00aa,00aa,1,a7,0112,00d0
1303,1303,0,df9b01076f4a0000,fc,0,0,00aa,4d1a,0,0000,00aa,0,00aa,0000,1,1,0,0,0000,00b3,0000,0000,0000,0000,0,00b3,00aa,0000,0,009,00aa,00aa,1,a7,0112,00d0
1304,1304,0,df9b01076f4a0000,fc,0,0,00aa,4d1a,0,0000,00aa,0,00aa,0000,1,1,0,0,0000,00b3,0000,0000,0000,0000,0,00b3,00aa,0000,0,009,00aa,00aa,1,a7,0112,00d0
1305,1305,0,df9b01076f4a0000,fc,0,0,00aa,4d1a,0,0000,00aa,0,00aa,0000,1,1,0,0,0000,00b3,0000,0000,0000,0000,0,00b3,00aa,0000,0,009,00aa,00aa,1,a7,0112,00d0
1306,1306,0,df9b01076f4a0000,fc,0,0,00aa,4d1a,0,0000,00aa,0,00aa,0000,1,1,0,0,0000,00b3,0000,0000,0000,0000,0,00b3,00aa,0000,0,009,00aa,00aa,1,a7,0112,00d0
1307,1307,0,df9b01076f4a0000,fc,0,0,00aa,4d1a,0,0000,00aa,0,00aa,0000,1,1,0,0,0000,00b3,0000,0000,0000,0000,0,00b3,00aa,0000,0,009,00aa,00aa,1,a7,0112,00d0
1308,1308,0,df9b01076f4a0000,fc,0,0,00aa,4d1a,0,0000,00aa,0,00aa,0000,1,1,0,0,0000,00b3,0000,0000,0000,0000,0,00b3,00aa,0000,0,009,00aa,00aa,1,a7,0112,00d0
1309,1309,0,df9b01076f4a0000,fc,0,0,00aa,4d1a,0,0000,00aa,0,00aa,0000,1,1,0,0,0000,00b3,0000,0000,0000,0000,0,00b3,00aa,0000,0,009,00aa,00aa,1,a7,0112,00d0
1310,1310,0,df9b01076f4a0000,fc,0,0,00aa,4d1a,0,0000,00aa,0,00aa,0000,1,1,0,0,0000,00b3,0000,0000,0000,0000,0,00b3,00aa,0000,0,009,00aa,00aa,1,a7,0112,00d0
1311,1311,0,df9b01076f4a0000,fc,0,0,00aa,4d1a,0,0000,00aa,0,00aa,0000,1,1,0,0,0000,00b3,0000,0000,0000,0000,0,00b3,00aa,0000,0,009,00aa,00aa,1,a7,0112,00d0
1312,1312,0,df9b01076f4a0000,fc,0,0,00aa,4d1a,0,0000,00aa,0,00aa,0000,1,1,0,0,0000,00b3,0000,0000,0000,0000,0,00b3,00aa,0000,0,009,00aa,00aa,1,a7,0112,00d0
1313,1313,0,df9b01076f4a0000,fc,0,0,00aa,4d1a,0,0000,00aa,0,00aa,0000,1,1,0,0,0000,00b3,0000,0000,0000,0000,0,00b3,00aa,0000,0,009,00aa,00aa,1,a7,0112,00d0
1314,1314,0,df9b01076f4a0000,fc,0,0,00aa,4d1a,0,0000,00aa,0,00aa,0000,1,1,0,0,0000,00b3,0000,0000,0000,0000,0,00b3,00aa,0000,0,009,00aa,00aa,1,a7,0112,00d0
1315,1315,0,df9b01076f4a0000,fc,0,0,00aa,4d1a,0,0000,00aa,0,00aa,0000,1,1,0,0,0000,00b3,0000,0000,0000,0000,0,00b3,00aa,0000,0,009,00aa,00aa,1,a7,0112,00d0
1316,1316,0,df9b01076f4a0000,fc,0,0,00aa,4d1a,0,0000,00aa,0,00aa,0000,1,1,0,0,0000,00b3,0000,0000,0000,0000,0,00b3,00aa,0000,0,009,00aa,00aa,1,a7,0112,00d0
1317,1317,0,df9b01076f4a0000,fc,0,0,00aa,4d1a,0,0000,00aa,0,00aa,0000,1,1,0,0,0000,00b3,0000,0000,0000,0000,0,00b3,00aa,0000,0,009,00aa,00aa,1,a7,0112,00d0
1318,1318,0,df9b01076f4a0000,fc,0,0,00aa,4d1a,0,0000,00aa,0,00aa,0000,1,1,0,0,0000,00b3,0000,0000,0000,0000,0,00b3,00aa,0000,0,009,00aa,00aa,1,a7,0112,00d0
1319,1319,0,df9b01076f4a0000,fc,0,0,00aa,4d1a,0,0000,00aa,0,00aa,0000,1,1,0,0,0000,00b3,0000,0000,0000,0000,0,00b3,00aa,0000,0,009,00aa,00aa,1,a7,0112,00d0
1320,1320,0,df9b01076f4a0000,fc,0,0,00aa,4d1a,0,0000,00aa,0,00aa,0000,1,1,0,0,0000,00b3,0000,0000,0000,0000,0,00b3,00aa,0000,0,009,00aa,00aa,1,a7,0112,00d0
1321,1321,0,df9b01076f4a0000,fc,0,0,00aa,4d1a,0,0000,00aa,0,00aa,0000,1,1,0,0,0000,00b3,0000,0000,0000,0000,0,00b3,00aa,0000,0,009,00aa,00aa,1,a7,0112,00d0
1322,1322,0,df9b01076f4a0000,fc,0,0,00aa,4d1a,0,0000,00aa,0,00aa,0000,1,1,0,0,0000,00b3,0000,0000,0000,0000,0,00b3,00aa,0000,0,009,00aa,00aa,1,a7,0112,00d0
1323,1323,0,df9b01076f4a0000,fc,0,0,00aa,4d1a,0,0000,00aa,0,00aa,0000,1,1,0,0,0000,00b3,0000,0000,0000,0000,0,00b3,00aa,0000,0,009,00aa,00aa,1,a7,0112,00d0
1324,1324,0,df9b01076f4a0000,fc,0,0,00aa,4d1a,0,0000,00aa,0,00aa,0000,1,1,0,0,0000,00b3,0000,0000,0000,0000,0,00b3,00aa,0000,0,009,00aa,00aa,1,a7,0112,00d0
1325,1325,0,df9b01076f4a0000,fc,0,0,00aa,4d1a,0,0000,00aa,0,00aa,0000,1,1,0,0,0000,00b3,0000,0000,0000,0000,0,00b3,00aa,0000,0,009,00aa,00aa,1,a7,0112,00d0
1326,1326,0,df9b01076f4a0000,fc,0,0,00aa,4d1a,0,0000,00aa,0,00aa,0000,1,1,0,0,0000,00b3,0000,0000,0000,0000,0,00b3,00aa,0000,0,009,00aa,00aa,1,a7,0112,00d0
1327,1327,0,df9b01076f4a0000,fc,0,0,00aa,4d1a,0,0000,00aa,0,00aa,0000,1,1,0,0,0000,00b3,0000,0000,0000,0000,0,00b3,00aa,0000,0,009,00aa,00aa,1,a7,0112,00d0
1328,1328,0,df9b01076f4a0000,fc,0,0,00aa,4d1a,0,0000,00aa,0,00aa,0000,1,1,0,0,0000,00b3,0000,0000,0000,0000,0,00b3,00aa,0000,0,009,00aa,00aa,1,a7,0112,00d0
1329,1329,0,df9b01076f4a0000,fc,0,0,00aa,4d1a,0,0000,00aa,0,00aa,0000,1,1,0,0,0000,00b3,0000,0000,0000,0000,0,00b3,00aa,0000,0,009,00aa,00aa,1,a7,0112,00d0
1330,1330,0,df9b01076f4a0000,fc,0,0,00aa,4d1a,0,0000,00aa,0,00aa,0000,1,1,0,0,0000,00b3,0000,0000,0000,0000,0,00b3,00aa,0000,0,009,00aa,00aa,1,a7,0112,00d0
1331,1331,0,df9b01076f4a0000,fc,0,0,00aa,4d1a,0,0000,00aa,0,00aa,0000,1,1,0,0,0000,00b3,0000,0000,0000,0000,0,00b3,00aa,0000,0,009,00aa,00aa,1,a7,0112,00d0
1332,1332,0,df9b01076f4a0000,fc,0,0,00aa,4d1a,0,0000,00aa,0,00aa,0000,1,1,0,0,0000,00b3,0000,0000,0000,0000,0,00b3,00aa,0000,0,009,00aa,00aa,1,a7,0112,00d0
1333,1333,0,df9b01076f4a0000,fc,0,0,00aa,4d1a,0,0000,00aa,0,00aa,0000,1,1,0,0,0000,00b3,0000,0000,0000,0000,0,00b3,00aa,0000,0,009,00aa,00aa,1,a7,0112,00d0
1334,1334,0,df9b01076f4a0000,fc,0,0,00aa,4d1a,0,0000,00aa,0,00aa,0000,1,1,0,0,0000,00b3,0000,0000,0000,0000,0,00b3,00aa,0000,0,009,00aa,00aa,1,a7,0112,00d0
1335,1335,0,df9b01076f4a0000,fc,0,0,00aa,4d1a,0,0000,00aa,0,00aa,0000,1,1,0,0,0000,00b3,0000,0000,0000,0000,0,00b3,00aa,0000,0,009,00aa,00aa,1,a7,0112,00d0
1336,1336,0,df9b01076f4a0000,fc,0,0,00aa,4d1a,0,0000,00aa,0,00aa,0000,1,1,0,0,0000,00b3,0000,0000,0000,0000,0,00b3,00aa,0000,0,009,00aa,00aa,1,a7,0112,00d0
1337,1337,0,df9b01076f4a0000,fc,0,0,00aa,4d1a,0,0000,00aa,0,00aa,0000,1,1,0,0,0000,00b3,0000,0000,0000,0000,0,00b3,00aa,0000,0,009,00aa,00aa,1,a7,0112,00d0
1338,1338,0,df9b01076f4a0000,fc,0,0,00aa,4d1a,0,0000,00aa,0,00aa,0000,1,1,0,0,0000,00b3,0000,0000,0000,0000,0,00b3,00aa,0000,0,009,00aa,00aa,1,a7,0112,00d0
1339,1339,0,df9b01076f4a0000,fc,0,0,00aa,4d1a,0,0000,00aa,0,00aa,0000,1,1,0,0,0000,00b3,0000,0000,0000,0000,0,00b3,00aa,0000,0,009,00aa,00aa,1,a7,0112,00d0
1340,1340,0,df9b01076f4a0000,fc,0,0,00aa,4d1a,0,0000,00aa,0,00aa,0000,1,1,0,0,0000,00b3,0000,0000,0000,0000,0,00b3,00aa,0000,0,009,00aa,00aa,1,a7,0112,00d0
1341,1341,0,df9b01076f4a0000,fc,0,0,00aa,4d1a,0,0000,00aa,0,00aa,0000,1,1,0,0,0000,00b3,0000,0000,0000,0000,0,00b3,00aa,0000,0,009,00aa,00aa,1,a7,0112,00d0
1342,1342,0,df9b01076f4a0000,fc,0,0,00aa,4d1a,0,0000,00aa,0,00aa,0000,1,1,0,0,0000,00b3,0000,0000,0000,0000,0,00b3,00aa,0000,0,009,00aa,00aa,1,a7,0112,00d0
1343,1343,0,df9b01076f4a0000,fc,0,0,00aa,4d1a,0,0000,00aa,0,00aa,0000,1,1,0,0,0000,00b3,0000,0000,0000,0000,0,00b3,00aa,0000,0,009,00aa,00aa,1,a7,0112,00d0
1344,1344,0,df9b01076f4a0000,fc,0,0,00aa,4d1a,0,0000,00aa,0,00aa,0000,1,1,0,0,0000,00b3,0000,0000,0000,0000,0,00b3,00aa,0000,0,009,00aa,00aa,1,a7,0112,00d0
1345,1345,0,df9b01076f4a0000,fc,0,0,00aa,4d1a,0,0000,00aa,0,00aa,0000,1,1,0,0,0000,00b3,0000,0000,0000,0000,0,00b3,00aa,0000,0,009,00aa,00aa,1,a7,0112,00d0
1346,1346,0,df9b01076f4a0000,fc,0,0,00aa,4d1a,0,0000,00aa,0,00aa,0000,1,1,0,0,0000,00b3,0000,0000,0000,0000,0,00b3,00aa,0000,0,009,00aa,00aa,1,a7,0112,00d0
1347,1347,0,df9b01076f4a0000,fc,0,0,00aa,4d1a,0,0000,00aa,0,00aa,0000,1,1,0,0,0000,00b3,0000,0000,0000,0000,0,00b3,00aa,0000,0,009,00aa,00aa,1,a7,0112,00d0
1348,1348,0,df9b01076f4a0000,fc,0,0,00aa,4d1a,0,0000,00aa,0,00aa,0000,1,1,0,0,0000,00b3,0000,0000,0000,0000,0,00b3,00aa,0000,0,009,00aa,00aa,1,a7,0112,00d0
1349,1349,0,df9b01076f4a0000,fc,0,0,00aa,4d1a,0,0000,00aa,0,00aa,0000,1,1,0,0,0000,00b3,0000,0000,0000,0000,0,00b3,00aa,0000,0,009,00aa,00aa,1,a7,0112,00d0
1350,1350,0,df9b01076f4a0000,fc,0,0,00aa,4d1a,0,0000,00aa,0,00aa,0000,1,1,0,0,0000,00b3,0000,0000,0000,0000,0,00b3,00aa,0000,0,009,00aa,00aa,1,a7,0112,00d0
1351,1351,0,df9b01076f4a0000,fc,0,0,00aa,4d1a,0,0000,00aa,0,00aa,0000,1,1,0,0,0000,00b3,0000,0000,0000,0000,0,00b3,00aa,0000,0,009,00aa,00aa,1,a7,0112,00d0
1352,1352,0,df9b01076f4a0000,fc,0,0,00aa,4d1a,0,0000,00aa,0,00aa,0000,1,1,0,0,0000,00b3,0000,0000,0000,0000,0,00b3,00aa,0000,0,009,00aa,00aa,1,a7,0112,00d0
1353,1353,0,df9b01076f4a0000,fc,0,0,00aa,4d1a,0,0000,00aa,0,00aa,0000,1,1,0,0,0000,00b3,0000,0000,0000,0000,0,00b3,00aa,0000,0,009,00aa,00aa,1,a7,0112,00d0
1354,1354,0,df9b01076f4a0000,fc,0,0,00aa,4d1a,0,0000,00aa,0,00aa,0000,1,1,0,0,0000,00b3,0000,0000,0000,0000,0,00b3,00aa,0000,0,009,00aa,00aa,1,a7,0112,00d0
1355,1355,0,df9b01076f4a0000,fc,0,0,00aa,4d1a,0,0000,00aa,0,00aa,0000,1,1,0,0,0000,00b3,0000,0000,0000,0000,0,00b3,00aa,0000,0,009,00aa,00aa,1,a7,0112,00d0
1356,1356,0,df9b01076f4a0000,fc,0,0,00aa,4d1a,0,0000,00aa,0,00aa,0000,1,1,0,0,0000,00b3,0000,0000,0000,0000,0,00b3,00aa,0000,0,009,00aa,00aa,1,a7,0112,00d0
1357,1357,0,df9b01076f4a0000,fc,0,0,00aa,4d1a,0,0000,00aa,0,00aa,0000,1,1,0,0,0000,00b3,0000,0000,0000,0000,0,00b3,00aa,0000,0,009,00aa,00aa,1,a7,0112,00d0
1358,1358,0,df9b01076f4a0000,fc,0,0,00aa,4d1a,0,0000,00aa,0,00aa,0000,1,1,0,0,0000,00b3,0000,0000,0000,0000,0,00b3,00aa,0000,0,009,00aa,00aa,1,a7,0112,00d0
1359,1359,0,df9b01076f4a0000,fc,0,0,00aa,4d1a,0,0000,00aa,0,00aa,0000,1,1,0,0,0000,00b3,0000,0000,0000,0000,0,00b3,00aa,0000,0,009,00aa,00aa,1,a7,0112,00d0
1360,1360,0,df9b01076f4a0000,fc,0,0,00aa,4d1a,0,0000,00aa,0,00aa,0000,1,1,0,0,0000,00b3,0000,0000,0000,0000,0,00b3,00aa,0000,0,009,00aa,00aa,1,a7,0112,00d0
1361,1361,0,df9b01076f4a0000,fc,0,0,00aa,4d1a,0,0000,00aa,0,00aa,0000,1,1,0,0,0000,00b3,0000,0000,0000,0000,0,00b3,00aa,0000,0,009,00aa,00aa,1,a7,0112,00d0
1362,1362,0,df9b01076f4a0000,fc,0,0,00aa,4d1a,0,0000,00aa,0,00aa,0000,1,1,0,0,0000,00b3,0000,0000,0000,0000,0,00b3,00aa,0000,0,009,00aa,00aa,1,a7,0112,00d0
1363,1363,0,df9b01076f4a0000,fc,0,0,00aa,4d1a,0,0000,00aa,0,00aa,0000,1,1,0,0,0000,00b3,0000,0000,0000,0000,0,00b3,00aa,0000,0,009,00aa,00aa,1,a7,0112,00d0
1364,1364,0,df9b01076f4a0000,fc,0,0,00aa,4d1a,0,0000,00aa,0,00aa,0000,1,1,0,0,0000,00b3,0000,0000,0000,0000,0,00b3,00aa,0000,0,009,00aa,00aa,1,a7,0112,00d0
1365,1365,0,df9b01076f4a0000,fc,0,0,00aa,4d1a,0,0000,00aa,0,00aa,0000,1,1,0,0,0000,00b3,0000,0000,0000,0000,0,00b3,00aa,0000,0,009,00aa,00aa,1,a7,0112,00d0
1366,1366,0,df9b01076f4a0000,fc,0,0,00aa,4d1a,0,0000,00aa,0,00aa,0000,1,1,0,0,0000,00b3,0000,0000,0000,0000,0,00b3,00aa,0000,0,009,00aa,00aa,1,a7,0112,00d0
1367,1367,0,df9b01076f4a0000,fc,0,0,00aa,4d1a,0,0000,00aa,0,00aa,0000,1,1,0,0,0000,00b3,0000,0000,0000,0000,0,00b3,00aa,0000,0,009,00aa,00aa,1,a7,0112,00d0
1368,1368,0,df9b01076f4a0000,fc,0,0,00aa,4d1a,0,0000,00aa,0,00aa,0000,1,1,0,0,0000,00b3,0000,0000,0000,0000,0,00b3,00aa,0000,0,009,00aa,00aa,1,a7,0112,00d0
1369,1369,0,df9b01076f4a0000,fc,0,0,00aa,4d1a,0,0000,00aa,0,00aa,0000,1,1,0,0,0000,00b3,0000,0000,0000,0000,0,00b3,00aa,0000,0,009,00aa,00aa,1,a7,0112,00d0
1370,1370,0,df9b01076f4a0000,fc,0,0,00aa,4d1a,0,0000,00aa,0,00aa,0000,1,1,0,0,0000,00b3,0000,0000,0000,0000,0,00b3,00aa,0000,0,009,00aa,00aa,1,a7,0112,00d0
1371,1371,0,df9b01076f4a0000,fc,0,0,00aa,4d1a,0,0000,00aa,0,00aa,0000,1,1,0,0,0000,00b3,0000,0000,0000,0000,0,00b3,00aa,0000,0,009,00aa,00aa,1,a7,0112,00d0
1372,1372,0,df9b01076f4a0000,fc,0,0,00aa,4d1a,0,0000,00aa,0,00aa,0000,1,1,0,0,0000,00b3,0000,0000,0000,0000,0,00b3,00aa,0000,0,009,00aa,00aa,1,a7,0112,00d0
1373,1373,0,df9b01076f4a0000,fc,0,0,00aa,4d1a,0,0000,00aa,0,00aa,0000,1,1,0,0,0000,00b3,0000,0000,0000,0000,0,00b3,00aa,0000,0,009,00aa,00aa,1,a7,0112,00d0
1374,1374,0,df9b01076f4a0000,fc,0,0,00aa,4d1a,0,0000,00aa,0,00aa,0000,1,1,0,0,0000,00b3,0000,0000,0000,0000,0,00b3,00aa,0000,0,009,00aa,00aa,1,a7,0112,00d0
1375,1375,0,df9b01076f4a0000,fc,0,0,00aa,4d1a,0,0000,00aa,0,00aa,0000,1,1,0,0,0000,00b3,0000,0000,0000,0000,0,00b3,00aa,0000,0,009,00aa,00aa,1,a7,0112,00d0
1376,1376,0,df9b01076f4a0000,fc,0,0,00aa,4d1a,0,0000,00aa,0,00aa,0000,1,1,0,0,0000,00b3,0000,0000,0000,0000,0,00b3,00aa,0000,0,009,00aa,00aa,1,a7,0112,00d0
1377,1377,0,df9b01076f4a0000,fc,0,0,00aa,4d1a,0,0000,00aa,0,00aa,0000,1,1,0,0,0000,00b3,0000,0000,0000,0000,0,00b3,00aa,0000,0,009,00aa,00aa,1,a7,0112,00d0
1378,1378,0,df9b01076f4a0000,fc,0,0,00aa,4d1a,0,0000,00aa,0,00aa,0000,1,1,0,0,0000,00b3,0000,0000,0000,0000,0,00b3,00aa,0000,0,009,00aa,00aa,1,a7,0112,00d0
1379,1379,0,df9b01076f4a0000,fc,0,0,00aa,4d1a,0,0000,00aa,0,00aa,0000,1,1,0,0,0000,00b3,0000,0000,0000,0000,0,00b3,00aa,0000,0,009,00aa,00aa,1,a7,0112,00d0
1380,1380,0,df9b01076f4a0000,fc,0,0,00aa,4d1a,0,0000,00aa,0,00aa,0000,1,1,0,0,0000,00b3,0000,0000,0000,0000,0,00b3,00aa,0000,0,009,00aa,00aa,1,a7,0112,00d0
1381,1381,0,df9b01076f4a0000,fc,0,0,00aa,4d1a,0,0000,00aa,0,00aa,0000,1,1,0,0,0000,00b3,0000,0000,0000,0000,0,00b3,00aa,0000,0,009,00aa,00aa,1,a7,0112,00d0
1382,1382,0,df9b01076f4a0000,fc,0,0,00aa,4d1a,0,0000,00aa,0,00aa,0000,1,1,0,0,0000,00b3,0000,0000,0000,0000,0,00b3,00aa,0000,0,009,00aa,00aa,1,a7,0112,00d0
1383,1383,0,df9b01076f4a0000,fc,0,0,00aa,4d1a,0,0000,00aa,0,00aa,0000,1,1,0,0,0000,00b3,0000,0000,0000,0000,0,00b3,00aa,0000,0,009,00aa,00aa,1,a7,0112,00d0
1384,1384,0,df9b01076f4a0000,fc,0,0,00aa,4d1a,0,0000,00aa,0,00aa,0000,1,1,0,0,0000,00b3,0000,0000,0000,0000,0,00b3,00aa,0000,0,009,00aa,00aa,1,a7,0112,00d0
1385,1385,0,df9b01076f4a0000,fc,0,0,00aa,4d1a,0,0000,00aa,0,00aa,0000,1,1,0,0,0000,00b3,0000,0000,0000,0000,0,00b3,00aa,0000,0,009,00aa,00aa,1,a7,0112,00d0
1386,1386,0,df9b01076f4a0000,fc,0,0,00aa,4d1a,0,0000,00aa,0,00aa,0000,1,1,0,0,0000,00b3,0000,0000,0000,0000,0,00b3,00aa,0000,0,009,00aa,00aa,1,a7,0112,00d0
1387,1387,0,df9b01076f4a0000,fc,0,0,00aa,4d1a,0,0000,00aa,0,00aa,0000,1,1,0,0,0000,00b3,0000,0000,0000,0000,0,00b3,00aa,0000,0,009,00aa,00aa,1,a7,0112,00d0
1388,1388,0,df9b01076f4a0000,fc,0,0,00aa,4d1a,0,0000,00aa,0,00aa,0000,1,1,0,0,0000,00b3,0000,0000,0000,0000,0,00b3,00aa,0000,0,009,00aa,00aa,1,a7,0112,00d0
1389,1389,0,df9b01076f4a0000,fc,0,0,00aa,4d1a,0,0000,00aa,0,00aa,0000,1,1,0,0,0000,00b3,0000,0000,0000,0000,0,00b3,00aa,0000,0,009,00aa,00aa,1,a7,0112,00d0
1390,1390,0,df9b01076f4a0000,fc,0,0,00aa,4d1a,0,0000,00aa,0,00aa,0000,1,1,0,0,0000,00b3,0000,0000,0000,0000,0,00b3,00aa,0000,0,009,00aa,00aa,1,a7,0112,00d0
1391,1391,0,df9b01076f4a0000,fc,0,0,00aa,4d1a,0,0000,00aa,0,00aa,0000,1,1,0,0,0000,00b3,0000,0000,0000,0000,0,00b3,00aa,0000,0,009,00aa,00aa,1,a7,0112,00d0
1392,1392,0,df9b01076f4a0000,fc,0,0,00aa,4d1a,0,0000,00aa,0,00aa,0000,1,1,0,0,0000,00b3,0000,0000,0000,0000,0,00b3,00aa,0000,0,009,00aa,00aa,1,a7,0112,00d0
1393,1393,0,df9b01076f4a0000,fc,0,0,00aa,4d1a,0,0000,00aa,0,00aa,0000,1,1,0,0,0000,00b3,0000,0000,0000,0000,0,00b3,00aa,0000,0,009,00aa,00aa,1,a7,0112,00d0
1394,1394,0,df9b01076f4a0000,fc,0,0,00aa,4d1a,0,0000,00aa,0,00aa,0000,1,1,0,0,0000,00b3,0000,0000,0000,0000,0,00b3,00aa,0000,0,009,00aa,00aa,1,a7,0112,00d0
1395,1395,0,df9b01076f4a0000,fc,0,0,00aa,4d1a,0,0000,00aa,0,00aa,0000,1,1,0,0,0000,00b3,0000,0000,0000,0000,0,00b3,00aa,0000,0,009,00aa,00aa,1,a7,0112,00d0
1396,1396,0,df9b01076f4a0000,fc,0,0,00aa,4d1a,0,0000,00aa,0,00aa,0000,1,1,0,0,0000,00b3,0000,0000,0000,0000,0,00b3,00aa,0000,0,009,00aa,00aa,1,a7,0112,00d0
1397,1397,0,df9b01076f4a0000,fc,0,0,00aa,4d1a,0,0000,00aa,0,00aa,0000,1,1,0,0,0000,00b3,0000,0000,0000,0000,0,00b3,00aa,0000,0,009,00aa,00aa,1,a7,0112,00d0
1398,1398,0,df9b01076f4a0000,fc,0,0,00aa,4d1a,0,0000,00aa,0,00aa,0000,1,1,0,0,0000,00b3,0000,0000,0000,0000,0,00b3,00aa,0000,0,009,00aa,00aa,1,a7,0112,00d0
1399,1399,0,df9b01076f4a0000,fc,0,0,00aa,4d1a,0,0000,00aa,0,00aa,0000,1,1,0,0,0000,00b3,0000,0000,0000,0000,0,00b3,00aa,0000,0,009,00aa,00aa,1,a7,0112,00d0
1400,1400,0,df9b01076f4a0000,fc,0,0,00aa,4d1a,0,0000,00aa,0,00aa,0000,1,1,0,0,0000,00b3,0000,0000,0000,0000,0,00b3,00aa,0000,0,009,00aa,00aa,1,a7,0112,00d0
1401,1401,0,df9b01076f4a0000,fc,0,0,00aa,4d1a,0,0000,00aa,0,00aa,0000,1,1,0,0,0000,00b3,0000,0000,0000,0000,0,00b3,00aa,0000,0,009,00aa,00aa,1,a7,0112,00d0
1402,1402,0,df9b01076f4a0000,fc,0,0,00aa,4d1a,0,0000,00aa,0,00aa,0000,1,1,0,0,0000,00b3,0000,0000,0000,0000,0,00b3,00aa,0000,0,009,00aa,00aa,1,a7,0112,00d0
1403,1403,0,df9b01076f4a0000,fc,0,0,00aa,4d1a,0,0000,00aa,0,00aa,0000,1,1,0,0,0000,00b3,0000,0000,0000,0000,0,00b3,00aa,0000,0,009,00aa,00aa,1,a7,0112,00d0
1404,1404,0,df9b01076f4a0000,fc,0,0,00aa,4d1a,0,0000,00aa,0,00aa,0000,1,1,0,0,0000,00b3,0000,0000,0000,0000,0,00b3,00aa,0000,0,009,00aa,00aa,1,a7,0112,00d0
1405,1405,0,df9b01076f4a0000,fc,0,0,00aa,4d1a,0,0000,00aa,0,00aa,0000,1,1,0,0,0000,00b3,0000,0000,0000,0000,0,00b3,00aa,0000,0,009,00aa,00aa,1,a7,0112,00d0
1406,1406,0,df9b01076f4a0000,fc,0,0,00aa,4d1a,0,0000,00aa,0,00aa,0000,1,1,0,0,0000,00b3,0000,0000,0000,0000,0,00b3,00aa,0000,0,009,00aa,00aa,1,a7,0112,00d0
1407,1407,0,df9b01076f4a0000,fc,0,0,00aa,4d1a,0,0000,00aa,0,00aa,0000,1,1,0,0,0000,00b3,0000,0000,0000,0000,0,00b3,00aa,0000,0,009,00aa,00aa,1,a7,0112,00d0
1408,1408,0,df9b01076f4a0000,fc,0,0,00aa,4d1a,0,0000,00aa,0,00aa,0000,1,1,0,0,0000,00b3,0000,0000,0000,0000,0,00b3,00aa,0000,0,009,00aa,00aa,1,a7,0112,00d0
1409,1409,0,df9b01076f4a0000,fc,0,0,00aa,4d1a,0,0000,00aa,0,00aa,0000,1,1,0,0,0000,00b3,0000,0000,0000,0000,0,00b3,00aa,0000,0,009,00aa,00aa,1,a7,0112,00d0
1410,1410,0,df9b01076f4a0000,fc,0,0,00aa,4d1a,0,0000,00aa,0,00aa,0000,1,1,0,0,0000,00b3,0000,0000,0000,0000,0,00b3,00aa,0000,0,009,00aa,00aa,1,a7,0112,00d0
1411,1411,0,df9b01076f4a0000,fc,0,0,00aa,4d1a,0,0000,00aa,0,00aa,0000,1,1,0,0,0000,00b3,0000,0000,0000,0000,0,00b3,00aa,0000,0,009,00aa,00aa,1,a7,0112,00d0
1412,1412,0,df9b01076f4a0000,fc,0,0,00aa,4d1a,0,0000,00aa,0,00aa,0000,1,1,0,0,0000,00b3,0000,0000,0000,0000,0,00b3,00aa,0000,0,009,00aa,00aa,1,a7,0112,00d0
1413,1413,0,df9b01076f4a0000,fc,0,0,00aa,4d1a,0,0000,00aa,0,00aa,0000,1,1,0,0,0000,00b3,0000,0000,0000,0000,0,00b3,00aa,0000,0,009,00aa,00aa,1,a7,0112,00d0
1414,1414,0,df9b01076f4a0000,fc,0,0,00aa,4d1a,0,0000,00aa,0,00aa,0000,1,1,0,0,0000,00b3,0000,0000,0000,0000,0,00b3,00aa,0000,0,009,00aa,00aa,1,a7,0112,00d0
1415,1415,0,df9b01076f4a0000,fc,0,0,00aa,4d1a,0,0000,00aa,0,00aa,0000,1,1,0,0,0000,00b3,0000,0000,0000,0000,0,00b3,00aa,0000,0,009,00aa,00aa,1,a7,0112,00d0
1416,1416,0,df9b01076f4a0000,fc,0,0,00aa,4d1a,0,0000,00aa,0,00aa,0000,1,1,0,0,0000,00b3,0000,0000,0000,0000,0,00b3,00aa,0000,0,009,00aa,00aa,1,a7,0112,00d0
1417,1417,0,df9b01076f4a0000,fc,0,0,00aa,4d1a,0,0000,00aa,0,00aa,0000,1,1,0,0,0000,00b3,0000,0000,0000,0000,0,00b3,00aa,0000,0,009,00aa,00aa,1,a7,0112,00d0
1418,1418,0,df9b01076f4a0000,fc,0,0,00aa,4d1a,0,0000,00aa,0,00aa,0000,1,1,0,0,0000,00b3,0000,0000,0000,0000,0,00b3,00aa,0000,0,009,00aa,00aa,1,a7,0112,00d0
1419,1419,0,df9b01076f4a0000,fc,0,0,00aa,4d1a,0,0000,00aa,0,00aa,0000,1,1,0,0,0000,00b3,0000,0000,0000,0000,0,00b3,00aa,0000,0,009,00aa,00aa,1,a7,0112,00d0
1420,1420,0,df9b01076f4a0000,fc,0,0,00aa,4d1a,0,0000,00aa,0,00aa,0000,1,1,0,0,0000,00b3,0000,0000,0000,0000,0,00b3,00aa,0000,0,009,00aa,00aa,1,a7,0112,00d0
1421,1421,0,df9b01076f4a0000,fc,0,0,00aa,4d1a,0,0000,00aa,0,00aa,0000,1,1,0,0,0000,00b3,0000,0000,0000,0000,0,00b3,00aa,0000,0,009,00aa,00aa,1,a7,0112,00d0
1422,1422,0,df9b01076f4a0000,fc,0,0,00aa,4d1a,0,0000,00aa,0,00aa,0000,1,1,0,0,0000,00b3,0000,0000,0000,0000,0,00b3,00aa,0000,0,009,00aa,00aa,1,a7,0112,00d0
1423,1423,0,df9b01076f4a0000,fc,0,0,00aa,4d1a,0,0000,00aa,0,00aa,0000,1,1,0,0,0000,00b3,0000,0000,0000,0000,0,00b3,00aa,0000,0,009,00aa,00aa,1,a7,0112,00d0
1424,1424,0,df9b01076f4a0000,fc,0,0,00aa,4d1a,0,0000,00aa,0,00aa,0000,1,1,0,0,0000,00b3,0000,0000,0000,0000,0,00b3,00aa,0000,0,009,00aa,00aa,1,a7,0112,00d0
1425,1425,0,df9b01076f4a0000,fc,0,0,00aa,4d1a,0,0000,00aa,0,00aa,0000,1,1,0,0,0000,00b3,0000,0000,0000,0000,0,00b3,00aa,0000,0,009,00aa,00aa,1,a7,0112,00d0
1426,1426,0,df9b01076f4a0000,fc,0,0,00aa,4d1a,0,0000,00aa,0,00aa,0000,1,1,0,0,0000,00b3,0000,0000,0000,0000,0,00b3,00aa,0000,0,009,00aa,00aa,1,a7,0112,00d0
1427,1427,0,df9b01076f4a0000,fc,0,0,00aa,4d1a,0,0000,00aa,0,00aa,0000,1,1,0,0,0000,00b3,0000,0000,0000,0000,0,00b3,00aa,0000,0,009,00aa,00aa,1,a7,0112,00d0
1428,1428,0,df9b01076f4a0000,fc,0,0,00aa,4d1a,0,0000,00aa,0,00aa,0000,1,1,0,0,0000,00b3,0000,0000,0000,0000,0,00b3,00aa,0000,0,009,00aa,00aa,1,a7,0112,00d0
1429,1429,0,df9b01076f4a0000,fc,0,0,00aa,4d1a,0,0000,00aa,0,00aa,0000,1,1,0,0,0000,00b3,0000,0000,0000,0000,0,00b3,00aa,0000,0,009,00aa,00aa,1,a7,0112,00d0
1430,1430,0,df9b01076f4a0000,fc,0,0,00aa,4d1a,0,0000,00aa,0,00aa,0000,1,1,0,0,0000,00b3,0000,0000,0000,0000,0,00b3,00aa,0000,0,009,00aa,00aa,1,a7,0112,00d0
1431,1431,0,df9b01076f4a0000,fc,0,0,00aa,4d1a,0,0000,00aa,0,00aa,0000,1,1,0,0,0000,00b3,0000,0000,0000,0000,0,00b3,00aa,0000,0,009,00aa,00aa,1,a7,0112,00d0
1432,1432,0,df9b01076f4a0000,fc,0,0,00aa,4d1a,0,0000,00aa,0,00aa,0000,1,1,0,0,0000,00b3,0000,0000,0000,0000,0,00b3,00aa,0000,0,009,00aa,00aa,1,a7,0112,00d0
1433,1433,0,df9b01076f4a0000,fc,0,0,00aa,4d1a,0,0000,00aa,0,00aa,0000,1,1,0,0,0000,00b3,0000,0000,0000,0000,0,00b3,00aa,0000,0,009,00aa,00aa,1,a7,0112,00d0
1434,1434,0,df9b01076f4a0000,fc,0,0,00aa,4d1a,0,0000,00aa,0,00aa,0000,1,1,0,0,0000,00b3,0000,0000,0000,0000,0,00b3,00aa,0000,0,009,00aa,00aa,1,a7,0112,00d0
1435,1435,0,df9b01076f4a0000,fc,0,0,00aa,4d1a,0,0000,00aa,0,00aa,0000,1,1,0,0,0000,00b3,0000,0000,0000,0000,0,00b3,00aa,0000,0,009,00aa,00aa,1,a7,0112,00d0
1436,1436,0,df9b01076f4a0000,fc,0,0,00aa,4d1a,0,0000,00aa,0,00aa,0000,1,1,0,0,0000,00b3,0000,0000,0000,0000,0,00b3,00aa,0000,0,009,00aa,00aa,1,a7,0112,00d0
1437,1437,0,df9b01076f4a0000,fc,0,0,00aa,4d1a,0,0000,00aa,0,00aa,0000,1,1,0,0,0000,00b3,0000,0000,0000,0000,0,00b3,00aa,0000,0,009,00aa,00aa,1,a7,0112,00d0
1438,1438,0,df9b01076f4a0000,fc,0,0,00aa,4d1a,0,0000,00aa,0,00aa,0000,1,1,0,0,0000,00b3,0000,0000,0000,0000,0,00b3,00aa,0000,0,009,00aa,00aa,1,a7,0112,00d0
1439,1439,0,df9b01076f4a0000,fc,0,0,00aa,4d1a,0,0000,00aa,0,00aa,0000,1,1,0,0,0000,00b3,0000,0000,0000,0000,0,00b3,00aa,0000,0,009,00aa,00aa,1,a7,0112,00d0
1440,1440,0,df9b01076f4a0000,fc,0,0,00aa,4d1a,0,0000,00aa,0,00aa,0000,1,1,0,0,0000,00b3,0000,0000,0000,0000,0,00b3,00aa,0000,0,009,00aa,00aa,1,a7,0112,00d0
1441,1441,0,df9b01076f4a0000,fc,0,0,00aa,4d1a,0,0000,00aa,0,00aa,0000,1,1,0,0,0000,00b3,0000,0000,0000,0000,0,00b3,00aa,0000,0,009,00aa,00aa,1,a7,0112,00d0
1442,1442,0,df9b01076f4a0000,fc,0,0,00aa,4d1a,0,0000,00aa,0,00aa,0000,1,1,0,0,0000,00b3,0000,0000,0000,0000,0,00b3,00aa,0000,0,009,00aa,00aa,1,a7,0112,00d0
1443,1443,0,df9b01076f4a0000,fc,0,0,00aa,4d1a,0,0000,00aa,0,00aa,0000,1,1,0,0,0000,00b3,0000,0000,0000,0000,0,00b3,00aa,0000,0,009,00aa,00aa,1,a7,0112,00d0
1444,1444,0,df9b01076f4a0000,fc,0,0,00aa,4d1a,0,0000,00aa,0,00aa,0000,1,1,0,0,0000,00b3,0000,0000,0000,0000,0,00b3,00aa,0000,0,009,00aa,00aa,1,a7,0112,00d0
1445,1445,0,df9b01076f4a0000,fc,0,0,00aa,4d1a,0,0000,00aa,0,00aa,0000,1,1,0,0,0000,00b3,0000,0000,0000,0000,0,00b3,00aa,0000,0,009,00aa,00aa,1,a7,0112,00d0
1446,1446,0,df9b01076f4a0000,fc,0,0,00aa,4d1a,0,0000,00aa,0,00aa,0000,1,1,0,0,0000,00b3,0000,0000,0000,0000,0,00b3,00aa,0000,0,009,00aa,00aa,1,a7,0112,00d0
1447,1447,0,df9b01076f4a0000,fc,0,0,00aa,4d1a,0,0000,00aa,0,00aa,0000,1,1,0,0,0000,00b3,0000,0000,0000,0000,0,00b3,00aa,0000,0,009,00aa,00aa,1,a7,0112,00d0
1448,1448,0,df9b01076f4a0000,fc,0,0,00aa,4d1a,0,0000,00aa,0,00aa,0000,1,1,0,0,0000,00b3,0000,0000,0000,0000,0,00b3,00aa,0000,0,009,00aa,00aa,1,a7,0112,00d0
1449,1449,0,df9b01076f4a0000,fc,0,0,00aa,4d1a,0,0000,00aa,0,00aa,0000,1,1,0,0,0000,00b3,0000,0000,0000,0000,0,00b3,00aa,0000,0,009,00aa,00aa,1,a7,0112,00d0
1450,1450,0,df9b01076f4a0000,fc,0,0,00aa,4d1a,0,0000,00aa,0,00aa,0000,1,1,0,0,0000,00b3,0000,0000,0000,0000,0,00b3,00aa,0000,0,009,00aa,00aa,1,a7,0112,00d0
1451,1451,0,df9b01076f4a0000,fc,0,0,00aa,4d1a,0,0000,00aa,0,00aa,0000,1,1,0,0,0000,00b3,0000,0000,0000,0000,0,00b3,00aa,0000,0,009,00aa,00aa,1,a7,0112,00d0
1452,1452,0,df9b01076f4a0000,fc,0,0,00aa,4d1a,0,0000,00aa,0,00aa,0000,1,1,0,0,0000,00b3,0000,0000,0000,0000,0,00b3,00aa,0000,0,009,00aa,00aa,1,a7,0112,00d0
1453,1453,0,df9b01076f4a0000,fc,0,0,00aa,4d1a,0,0000,00aa,0,00aa,0000,1,1,0,0,0000,00b3,0000,0000,0000,0000,0,00b3,00aa,0000,0,009,00aa,00aa,1,a7,0112,00d0
1454,1454,0,df9b01076f4a0000,fc,0,0,00aa,4d1a,0,0000,00aa,0,00aa,0000,1,1,0,0,0000,00b3,0000,0000,0000,0000,0,00b3,00aa,0000,0,009,00aa,00aa,1,a7,0112,00d0
1455,1455,0,df9b01076f4a0000,fc,0,0,00aa,4d1a,0,0000,00aa,0,00aa,0000,1,1,0,0,0000,00b3,0000,0000,0000,0000,0,00b3,00aa,0000,0,009,00aa,00aa,1,a7,0112,00d0
1456,1456,0,df9b01076f4a0000,fc,0,0,00aa,4d1a,0,0000,00aa,0,00aa,0000,1,1,0,0,0000,00b3,0000,0000,0000,0000,0,00b3,00aa,0000,0,009,00aa,00aa,1,a7,0112,00d0
1457,1457,0,df9b01076f4a0000,fc,0,0,00aa,4d1a,0,0000,00aa,0,00aa,0000,1,1,0,0,0000,00b3,0000,0000,0000,0000,0,00b3,00aa,0000,0,009,00aa,00aa,1,a7,0112,00d0
1458,1458,0,df9b01076f4a0000,fc,0,0,00aa,4d1a,0,0000,00aa,0,00aa,0000,1,1,0,0,0000,00b3,0000,0000,0000,0000,0,00b3,00aa,0000,0,009,00aa,00aa,1,a7,0112,00d0
1459,1459,0,df9b01076f4a0000,fc,0,0,00aa,4d1a,0,0000,00aa,0,00aa,0000,1,1,0,0,0000,00b3,0000,0000,0000,0000,0,00b3,00aa,0000,0,009,00aa,00aa,1,a7,0112,00d0
1460,1460,0,df9b01076f4a0000,fc,0,0,00aa,4d1a,0,0000,00aa,0,00aa,0000,1,1,0,0,0000,00b3,0000,0000,0000,0000,0,00b3,00aa,0000,0,009,00aa,00aa,1,a7,0112,00d0
1461,1461,0,df9b01076f4a0000,fc,0,0,00aa,4d1a,0,0000,00aa,0,00aa,0000,1,1,0,0,0000,00b3,0000,0000,0000,0000,0,00b3,00aa,0000,0,009,00aa,00aa,1,a7,0112,00d0
1462,1462,0,df9b01076f4a0000,fc,0,0,00aa,4d1a,0,0000,00aa,0,00aa,0000,1,1,0,0,0000,00b3,0000,0000,0000,0000,0,00b3,00aa,0000,0,009,00aa,00aa,1,a7,0112,00d0
1463,1463,0,df9b01076f4a0000,fc,0,0,00aa,4d1a,0,0000,00aa,0,00aa,0000,1,1,0,0,0000,00b3,0000,0000,0000,0000,0,00b3,00aa,0000,0,009,00aa,00aa,1,a7,0112,00d0
1464,1464,0,df9b01076f4a0000,fc,0,0,00aa,4d1a,0,0000,00aa,0,00aa,0000,1,1,0,0,0000,00b3,0000,0000,0000,0000,0,00b3,00aa,0000,0,009,00aa,00aa,1,a7,0112,00d0
1465,1465,0,df9b01076f4a0000,fc,0,0,00aa,4d1a,0,0000,00aa,0,00aa,0000,1,1,0,0,0000,00b3,0000,0000,0000,0000,0,00b3,00aa,0000,0,009,00aa,00aa,1,a7,0112,00d0
1466,1466,0,df9b01076f4a0000,fc,0,0,00aa,4d1a,0,0000,00aa,0,00aa,0000,1,1,0,0,0000,00b3,0000,0000,0000,0000,0,00b3,00aa,0000,0,009,00aa,00aa,1,a7,0112,00d0
1467,1467,0,df9b01076f4a0000,fc,0,0,00aa,4d1a,0,0000,00aa,0,00aa,0000,1,1,0,0,0000,00b3,0000,0000,0000,0000,0,00b3,00aa,0000,0,009,00aa,00aa,1,a7,0112,00d0
1468,1468,0,df9b01076f4a0000,fc,0,0,00aa,4d1a,0,0000,00aa,0,00aa,0000,1,1,0,0,0000,00b3,0000,0000,0000,0000,0,00b3,00aa,0000,0,009,00aa,00aa,1,a7,0112,00d0
1469,1469,0,df9b01076f4a0000,fc,0,0,00aa,4d1a,0,0000,00aa,0,00aa,0000,1,1,0,0,0000,00b3,0000,0000,0000,0000,0,00b3,00aa,0000,0,009,00aa,00aa,1,a7,0112,00d0
1470,1470,0,df9b01076f4a0000,fc,0,0,00aa,4d1a,0,0000,00aa,0,00aa,0000,1,1,0,0,0000,00b3,0000,0000,0000,0000,0,00b3,00aa,0000,0,009,00aa,00aa,1,a7,0112,00d0
1471,1471,0,df9b01076f4a0000,fc,0,0,00aa,4d1a,0,0000,00aa,0,00aa,0000,1,1,0,0,0000,00b3,0000,0000,0000,0000,0,00b3,00aa,0000,0,009,00aa,00aa,1,a7,0112,00d0
1472,1472,0,df9b01076f4a0000,fc,0,0,00aa,4d1a,0,0000,00aa,0,00aa,0000,1,1,0,0,0000,00b3,0000,0000,0000,0000,0,00b3,00aa,0000,0,009,00aa,00aa,1,a7,0112,00d0
1473,1473,0,df9b01076f4a0000,fc,0,0,00aa,4d1a,0,0000,00aa,0,00aa,0000,1,1,0,0,0000,00b3,0000,0000,0000,0000,0,00b3,00aa,0000,0,009,00aa,00aa,1,a7,0112,00d0
1474,1474,0,df9b01076f4a0000,fc,0,0,00aa,4d1a,0,0000,00aa,0,00aa,0000,1,1,0,0,0000,00b3,0000,0000,0000,0000,0,00b3,00aa,0000,0,009,00aa,00aa,1,a7,0112,00d0
1475,1475,0,df9b01076f4a0000,fc,0,0,00aa,4d1a,0,0000,00aa,0,00aa,0000,1,1,0,0,0000,00b3,0000,0000,0000,0000,0,00b3,00aa,0000,0,009,00aa,00aa,1,a7,0112,00d0
1476,1476,0,df9b01076f4a0000,fc,0,0,00aa,4d1a,0,0000,00aa,0,00aa,0000,1,1,0,0,0000,00b3,0000,0000,0000,0000,0,00b3,00aa,0000,0,009,00aa,00aa,1,a7,0112,00d0
1477,1477,0,df9b01076f4a0000,fc,0,0,00aa,4d1a,0,0000,00aa,0,00aa,0000,1,1,0,0,0000,00b3,0000,0000,0000,0000,0,00b3,00aa,0000,0,009,00aa,00aa,1,a7,0112,00d0
1478,1478,0,df9b01076f4a0000,fc,0,0,00aa,4d1a,0,0000,00aa,0,00aa,0000,1,1,0,0,0000,00b3,0000,0000,0000,0000,0,00b3,00aa,0000,0,009,00aa,00aa,1,a7,0112,00d0
1479,1479,0,df9b01076f4a0000,fc,0,0,00aa,4d1a,0,0000,00aa,0,00aa,0000,1,1,0,0,0000,00b3,0000,0000,0000,0000,0,00b3,00aa,0000,0,009,00aa,00aa,1,a7,0112,00d0
1480,1480,0,df9b01076f4a0000,fc,0,0,00aa,4d1a,0,0000,00aa,0,00aa,0000,1,1,0,0,0000,00b3,0000,0000,0000,0000,0,00b3,00aa,0000,0,009,00aa,00aa,1,a7,0112,00d0
1481,1481,0,df9b01076f4a0000,fc,0,0,00aa,4d1a,0,0000,00aa,0,00aa,0000,1,1,0,0,0000,00b3,0000,0000,0000,0000,0,00b3,00aa,0000,0,009,00aa,00aa,1,a7,0112,00d0
1482,1482,0,df9b01076f4a0000,fc,0,0,00aa,4d1a,0,0000,00aa,0,00aa,0000,1,1,0,0,0000,00b3,0000,0000,0000,0000,0,00b3,00aa,0000,0,009,00aa,00aa,1,a7,0112,00d0
1483,1483,0,df9b01076f4a0000,fc,0,0,00aa,4d1a,0,0000,00aa,0,00aa,0000,1,1,0,0,0000,00b3,0000,0000,0000,0000,0,00b3,00aa,0000,0,009,00aa,00aa,1,a7,0112,00d0
1484,1484,0,df9b01076f4a0000,fc,0,0,00aa,4d1a,0,0000,00aa,0,00aa,0000,1,1,0,0,0000,00b3,0000,0000,0000,0000,0,00b3,00aa,0000,0,009,00aa,00aa,1,a7,0112,00d0
1485,1485,0,df9b01076f4a0000,fc,0,0,00aa,4d1a,0,0000,00aa,0,00aa,0000,1,1,0,0,0000,00b3,0000,0000,0000,0000,0,00b3,00aa,0000,0,009,00aa,00aa,1,a7,0112,00d0
1486,1486,0,df9b01076f4a0000,fc,0,0,00aa,4d1a,0,0000,00aa,0,00aa,0000,1,1,0,0,0000,00b3,0000,0000,0000,0000,0,00b3,00aa,0000,0,009,00aa,00aa,1,a7,0112,00d0
1487,1487,0,df9b01076f4a0000,fc,0,0,00aa,4d1a,0,0000,00aa,0,00aa,0000,1,1,0,0,0000,00b3,0000,0000,0000,0000,0,00b3,00aa,0000,0,009,00aa,00aa,1,a7,0112,00d0
1488,1488,0,df9b01076f4a0000,fc,0,0,00aa,4d1a,0,0000,00aa,0,00aa,0000,1,1,0,0,0000,00b3,0000,0000,0000,0000,0,00b3,00aa,0000,0,009,00aa,00aa,1,a7,0112,00d0
1489,1489,0,df9b01076f4a0000,fc,0,0,00aa,4d1a,0,0000,00aa,0,00aa,0000,1,1,0,0,0000,00b3,0000,0000,0000,0000,0,00b3,00aa,0000,0,009,00aa,00aa,1,a7,0112,00d0
1490,1490,0,df9b01076f4a0000,fc,0,0,00aa,4d1a,0,0000,00aa,0,00aa,0000,1,1,0,0,0000,00b3,0000,0000,0000,0000,0,00b3,00aa,0000,0,009,00aa,00aa,1,a7,0112,00d0
1491,1491,0,df9b01076f4a0000,fc,0,0,00aa,4d1a,0,0000,00aa,0,00aa,0000,1,1,0,0,0000,00b3,0000,0000,0000,0000,0,00b3,00aa,0000,0,009,00aa,00aa,1,a7,0112,00d0
1492,1492,0,df9b01076f4a0000,fc,0,0,00aa,4d1a,0,0000,00aa,0,00aa,0000,1,1,0,0,0000,00b3,0000,0000,0000,0000,0,00b3,00aa,0000,0,009,00aa,00aa,1,a7,0112,00d0
1493,1493,0,df9b01076f4a0000,fc,0,0,00aa,4d1a,0,0000,00aa,0,00aa,0000,1,1,0,0,0000,00b3,0000,0000,0000,0000,0,00b3,00aa,0000,0,009,00aa,00aa,1,a7,0112,00d0
1494,1494,0,df9b01076f4a0000,fc,0,0,00aa,4d1a,0,0000,00aa,0,00aa,0000,1,1,0,0,0000,00b3,0000,0000,0000,0000,0,00b3,00aa,0000,0,009,00aa,00aa,1,a7,0112,00d0
1495,1495,0,df9b01076f4a0000,fc,0,0,00aa,4d1a,0,0000,00aa,0,00aa,0000,1,1,0,0,0000,00b3,0000,0000,0000,0000,0,00b3,00aa,0000,0,009,00aa,00aa,1,a7,0112,00d0
1496,1496,0,df9b01076f4a0000,fc,0,0,00aa,4d1a,0,0000,00aa,0,00aa,0000,1,1,0,0,0000,00b3,0000,0000,0000,0000,0,00b3,00aa,0000,0,009,00aa,00aa,1,a7,0112,00d0
1497,1497,0,df9b01076f4a0000,fc,0,0,00aa,4d1a,0,0000,00aa,0,00aa,0000,1,1,0,0,0000,00b3,0000,0000,0000,0000,0,00b3,00aa,0000,0,009,00aa,00aa,1,a7,0112,00d0
1498,1498,0,df9b01076f4a0000,fc,0,0,00aa,4d1a,0,0000,00aa,0,00aa,0000,1,1,0,0,0000,00b3,0000,0000,0000,0000,0,00b3,00aa,0000,0,009,00aa,00aa,1,a7,0112,00d0
1499,1499,0,df9b01076f4a0000,fc,0,0,00aa,4d1a,0,0000,00aa,0,00aa,0000,1,1,0,0,0000,00b3,0000,0000,0000,0000,0,00b3,00aa,0000,0,009,00aa,00aa,1,a7,0112,00d0
1500,1500,0,df9b01076f4a0000,fc,0,0,00aa,4d1a,0,0000,00aa,0,00aa,0000,1,1,0,0,0000,00b3,0000,0000,0000,0000,0,00b3,00aa,0000,0,009,00aa,00aa,1,a7,0112,00d0
1501,1501,0,df9b01076f4a0000,fc,0,0,00aa,4d1a,0,0000,00aa,0,00aa,0000,1,1,0,0,0000,00b3,0000,0000,0000,0000,0,00b3,00aa,0000,0,009,00aa,00aa,1,a7,0112,00d0
1502,1502,0,df9b01076f4a0000,fc,0,0,00aa,4d1a,0,0000,00aa,0,00aa,0000,1,1,0,0,0000,00b3,0000,0000,0000,0000,0,00b3,00aa,0000,0,009,00aa,00aa,1,a7,0112,00d0
1503,1503,0,df9b01076f4a0000,fc,0,0,00aa,4d1a,0,0000,00aa,0,00aa,0000,1,1,0,0,0000,00b3,0000,0000,0000,0000,0,00b3,00aa,0000,0,009,00aa,00aa,1,a7,0112,00d0
1504,1504,0,df9b01076f4a0000,fc,0,0,00aa,4d1a,0,0000,00aa,0,00aa,0000,1,1,0,0,0000,00b3,0000,0000,0000,0000,0,00b3,00aa,0000,0,009,00aa,00aa,1,a7,0112,00d0
1505,1505,0,df9b01076f4a0000,fc,0,0,00aa,4d1a,0,0000,00aa,0,00aa,0000,1,1,0,0,0000,00b3,0000,0000,0000,0000,0,00b3,00aa,0000,0,009,00aa,00aa,1,a7,0112,00d0
1506,1506,0,df9b01076f4a0000,fc,0,0,00aa,4d1a,0,0000,00aa,0,00aa,0000,1,1,0,0,0000,00b3,0000,0000,0000,0000,0,00b3,00aa,0000,0,009,00aa,00aa,1,a7,0112,00d0
1507,1507,0,df9b01076f4a0000,fc,0,0,00aa,4d1a,0,0000,00aa,0,00aa,0000,1,1,0,0,0000,00b3,0000,0000,0000,0000,0,00b3,00aa,0000,0,009,00aa,00aa,1,a7,0112,00d0
1508,1508,0,df9b01076f4a0000,fc,0,0,00aa,4d1a,0,0000,00aa,0,00aa,0000,1,1,0,0,0000,00b3,0000,0000,0000,0000,0,00b3,00aa,0000,0,009,00aa,00aa,1,a7,0112,00d0
1509,1509,0,df9b01076f4a0000,fc,0,0,00aa,4d1a,0,0000,00aa,0,00aa,0000,1,1,0,0,0000,00b3,0000,0000,0000,0000,0,00b3,00aa,0000,0,009,00aa,00aa,1,a7,0112,00d0
1510,1510,0,df9b01076f4a0000,fc,0,0,00aa,4d1a,0,0000,00aa,0,00aa,0000,1,1,0,0,0000,00b3,0000,0000,0000,0000,0,00b3,00aa,0000,0,009,00aa,00aa,1,a7,0112,00d0
1511,1511,0,df9b01076f4a0000,fc,0,0,00aa,4d1a,0,0000,00aa,0,00aa,0000,1,1,0,0,0000,00b3,0000,0000,0000,0000,0,00b3,00aa,0000,0,009,00aa,00aa,1,a7,0112,00d0
1512,1512,0,df9b01076f4a0000,fc,0,0,00aa,4d1a,0,0000,00aa,0,00aa,0000,1,1,0,0,0000,00b3,0000,0000,0000,0000,0,00b3,00aa,0000,0,009,00aa,00aa,1,a7,0112,00d0
1513,1513,0,df9b01076f4a0000,fc,0,0,00aa,4d1a,0,0000,00aa,0,00aa,0000,1,1,0,0,0000,00b3,0000,0000,0000,0000,0,00b3,00aa,0000,0,009,00aa,00aa,1,a7,0112,00d0
1514,1514,0,df9b01076f4a0000,fc,0,0,00aa,4d1a,0,0000,00aa,0,00aa,0000,1,1,0,0,0000,00b3,0000,0000,0000,0000,0,00b3,00aa,0000,0,009,00aa,00aa,1,a7,0112,00d0
1515,1515,0,df9b01076f4a0000,fc,0,0,00aa,4d1a,0,0000,00aa,0,00aa,0000,1,1,0,0,0000,00b3,0000,0000,0000,0000,0,00b3,00aa,0000,0,009,00aa,00aa,1,a7,0112,00d0
1516,1516,0,df9b01076f4a0000,fc,0,0,00aa,4d1a,0,0000,00aa,0,00aa,0000,1,1,0,0,0000,00b3,0000,0000,0000,0000,0,00b3,00aa,0000,0,009,00aa,00aa,1,a7,0112,00d0
1517,1517,0,df9b01076f4a0000,fc,0,0,00aa,4d1a,0,0000,00aa,0,00aa,0000,1,1,0,0,0000,00b3,0000,0000,0000,0000,0,00b3,00aa,0000,0,009,00aa,00aa,1,a7,0112,00d0
1518,1518,0,df9b01076f4a0000,fc,0,0,00aa,4d1a,0,0000,00aa,0,00aa,0000,1,1,0,0,0000,00b3,0000,0000,0000,0000,0,00b3,00aa,0000,0,009,00aa,00aa,1,a7,0112,00d0
1519,1519,0,df9b01076f4a0000,fc,0,0,00aa,4d1a,0,0000,00aa,0,00aa,0000,1,1,0,0,0000,00b3,0000,0000,0000,0000,0,00b3,00aa,0000,0,009,00aa,00aa,1,a7,0112,00d0
1520,1520,0,df9b01076f4a0000,fc,0,0,00aa,4d1a,0,0000,00aa,0,00aa,0000,1,1,0,0,0000,00b3,0000,0000,0000,0000,0,00b3,00aa,0000,0,009,00aa,00aa,1,a7,0112,00d0
1521,1521,0,df9b01076f4a0000,fc,0,0,00aa,4d1a,0,0000,00aa,0,00aa,0000,1,1,0,0,0000,00b3,0000,0000,0000,0000,0,00b3,00aa,0000,0,009,00aa,00aa,1,a7,0112,00d0
1522,1522,0,df9b01076f4a0000,fc,0,0,00aa,4d1a,0,0000,00aa,0,00aa,0000,1,1,0,0,0000,00b3,0000,0000,0000,0000,0,00b3,00aa,0000,0,009,00aa,00aa,1,a7,0112,00d0
1523,1523,0,df9b01076f4a0000,fc,0,0,00aa,4d1a,0,0000,00aa,0,00aa,0000,1,1,0,0,0000,00b3,0000,0000,0000,0000,0,00b3,00aa,0000,0,009,00aa,00aa,1,a7,0112,00d0
1524,1524,0,df9b01076f4a0000,fc,0,0,00aa,4d1a,0,0000,00aa,0,00aa,0000,1,1,0,0,0000,00b3,0000,0000,0000,0000,0,00b3,00aa,0000,0,009,00aa,00aa,1,a7,0112,00d0
1525,1525,0,df9b01076f4a0000,fc,0,0,00aa,4d1a,0,0000,00aa,0,00aa,0000,1,1,0,0,0000,00b3,0000,0000,0000,0000,0,00b3,00aa,0000,0,009,00aa,00aa,1,a7,0112,00d0
1526,1526,0,df9b01076f4a0000,fc,0,0,00aa,4d1a,0,0000,00aa,0,00aa,0000,1,1,0,0,0000,00b3,0000,0000,0000,0000,0,00b3,00aa,0000,0,009,00aa,00aa,1,a7,0112,00d0
1527,1527,0,df9b01076f4a0000,fc,0,0,00aa,4d1a,0,0000,00aa,0,00aa,0000,1,1,0,0,0000,00b3,0000,0000,0000,0000,0,00b3,00aa,0000,0,009,00aa,00aa,1,a7,0112,00d0
1528,1528,0,df9b01076f4a0000,fc,0,0,00aa,4d1a,0,0000,00aa,0,00aa,0000,1,1,0,0,0000,00b3,0000,0000,0000,0000,0,00b3,00aa,0000,0,009,00aa,00aa,1,a7,0112,00d0
1529,1529,0,df9b01076f4a0000,fc,0,0,00aa,4d1a,0,0000,00aa,0,00aa,0000,1,1,0,0,0000,00b3,0000,0000,0000,0000,0,00b3,00aa,0000,0,009,00aa,00aa,1,a7,0112,00d0
1530,1530,0,df9b01076f4a0000,fc,0,0,00aa,4d1a,0,0000,00aa,0,00aa,0000,1,1,0,0,0000,00b3,0000,0000,0000,0000,0,00b3,00aa,0000,0,009,00aa,00aa,1,a7,0112,00d0
1531,1531,0,df9b01076f4a0000,fc,0,0,00aa,4d1a,0,0000,00aa,0,00aa,0000,1,1,0,0,0000,00b3,0000,0000,0000,0000,0,00b3,00aa,0000,0,009,00aa,00aa,1,a7,0112,00d0
1532,1532,0,df9b01076f4a0000,fc,0,0,00aa,4d1a,0,0000,00aa,0,00aa,0000,1,1,0,0,0000,00b3,0000,0000,0000,0000,0,00b3,00aa,0000,0,009,00aa,00aa,1,a7,0112,00d0
1533,1533,0,df9b01076f4a0000,fc,0,0,00aa,4d1a,0,0000,00aa,0,00aa,0000,1,1,0,0,0000,00b3,0000,0000,0000,0000,0,00b3,00aa,0000,0,009,00aa,00aa,1,a7,0112,00d0
1534,1534,0,df9b01076f4a0000,fc,0,0,00aa,4d1a,0,0000,00aa,0,00aa,0000,1,1,0,0,0000,00b3,0000,0000,0000,0000,0,00b3,00aa,0000,0,009,00aa,00aa,1,a7,0112,00d0
1535,1535,0,df9b01076f4a0000,fc,0,0,00aa,4d1a,0,0000,00aa,0,00aa,0000,1,1,0,0,0000,00b3,0000,0000,0000,0000,0,00b3,00aa,0000,0,009,00aa,00aa,1,a7,0112,00d0
1536,1536,0,df9b01076f4a0000,fc,0,0,00aa,4d1a,0,0000,00aa,0,00aa,0000,1,1,0,0,0000,00b3,0000,0000,0000,0000,0,00b3,00aa,0000,0,009,00aa,00aa,1,a7,0112,00d0
1537,1537,0,df9b01076f4a0000,fc,0,0,00aa,4d1a,0,0000,00aa,0,00aa,0000,1,1,0,0,0000,00b3,0000,0000,0000,0000,0,00b3,00aa,0000,0,009,00aa,00aa,1,a7,0112,00d0
1538,1538,0,df9b01076f4a0000,fc,0,0,00aa,4d1a,0,0000,00aa,0,00aa,0000,1,1,0,0,0000,00b3,0000,0000,0000,0000,0,00b3,00aa,0000,0,009,00aa,00aa,1,a7,0112,00d0
1539,1539,0,df9b01076f4a0000,fc,0,0,00aa,4d1a,0,0000,00aa,0,00aa,0000,1,1,0,0,0000,00b3,0000,0000,0000,0000,0,00b3,00aa,0000,0,009,00aa,00aa,1,a7,0112,00d0
1540,1540,0,df9b01076f4a0000,fc,0,0,00aa,4d1a,0,0000,00aa,0,00aa,0000,1,1,0,0,0000,00b3,0000,0000,0000,0000,0,00b3,00aa,0000,0,009,00aa,00aa,1,a7,0112,00d0
1541,1541,0,df9b01076f4a0000,fc,0,0,00aa,4d1a,0,0000,00aa,0,00aa,0000,1,1,0,0,0000,00b3,0000,0000,0000,0000,0,00b3,00aa,0000,0,009,00aa,00aa,1,a7,0112,00d0
1542,1542,0,df9b01076f4a0000,fc,0,0,00aa,4d1a,0,0000,00aa,0,00aa,0000,1,1,0,0,0000,00b3,0000,0000,0000,0000,0,00b3,00aa,0000,0,009,00aa,00aa,1,a7,0112,00d0
1543,1543,0,df9b01076f4a0000,fc,0,0,00aa,4d1a,0,0000,00aa,0,00aa,0000,1,1,0,0,0000,00b3,0000,0000,0000,0000,0,00b3,00aa,0000,0,009,00aa,00aa,1,a7,0112,00d0
1544,1544,0,df9b01076f4a0000,fc,0,0,00aa,4d1a,0,0000,00aa,0,00aa,0000,1,1,0,0,0000,00b3,0000,0000,0000,0000,0,00b3,00aa,0000,0,009,00aa,00aa,1,a7,0112,00d0
1545,1545,0,df9b01076f4a0000,fc,0,0,00aa,4d1a,0,0000,00aa,0,00aa,0000,1,1,0,0,0000,00b3,0000,0000,0000,0000,0,00b3,00aa,0000,0,009,00aa,00aa,1,a7,0112,00d0
1546,1546,0,df9b01076f4a0000,fc,0,0,00aa,4d1a,0,0000,00aa,0,00aa,0000,1,1,0,0,0000,00b3,0000,0000,0000,0000,0,00b3,00aa,0000,0,009,00aa,00aa,1,a7,0112,00d0
1547,1547,0,df9b01076f4a0000,fc,0,0,00aa,4d1a,0,0000,00aa,0,00aa,0000,1,1,0,0,0000,00b3,0000,0000,0000,0000,0,00b3,00aa,0000,0,009,00aa,00aa,1,a7,0112,00d0
1548,1548,0,df9b01076f4a0000,fc,0,0,00aa,4d1a,0,0000,00aa,0,00aa,0000,1,1,0,0,0000,00b3,0000,0000,0000,0000,0,00b3,00aa,0000,0,009,00aa,00aa,1,a7,0112,00d0
1549,1549,0,df9b01076f4a0000,fc,0,0,00aa,4d1a,0,0000,00aa,0,00aa,0000,1,1,0,0,0000,00b3,0000,0000,0000,0000,0,00b3,00aa,0000,0,009,00aa,00aa,1,a7,0112,00d0
1550,1550,0,df9b01076f4a0000,fc,0,0,00aa,4d1a,0,0000,00aa,0,00aa,0000,1,1,0,0,0000,00b3,0000,0000,0000,0000,0,00b3,00aa,0000,0,009,00aa,00aa,1,a7,0112,00d0
1551,1551,0,df9b01076f4a0000,fc,0,0,00aa,4d1a,0,0000,00aa,0,00aa,0000,1,1,0,0,0000,00b3,0000,0000,0000,0000,0,00b3,00aa,0000,0,009,00aa,00aa,1,a7,0112,00d0
1552,1552,0,df9b01076f4a0000,fc,0,0,00aa,4d1a,0,0000,00aa,0,00aa,0000,1,1,0,0,0000,00b3,0000,0000,0000,0000,0,00b3,00aa,0000,0,009,00aa,00aa,1,a7,0112,00d0
1553,1553,0,df9b01076f4a0000,fc,0,0,00aa,4d1a,0,0000,00aa,0,00aa,0000,1,1,0,0,0000,00b3,0000,0000,0000,0000,0,00b3,00aa,0000,0,009,00aa,00aa,1,a7,0112,00d0
1554,1554,0,df9b01076f4a0000,fc,0,0,00aa,4d1a,0,0000,00aa,0,00aa,0000,1,1,0,0,0000,00b3,0000,0000,0000,0000,0,00b3,00aa,0000,0,009,00aa,00aa,1,a7,0112,00d0
1555,1555,0,df9b01076f4a0000,fc,0,0,00aa,4d1a,0,0000,00aa,0,00aa,0000,1,1,0,0,0000,00b3,0000,0000,0000,0000,0,00b3,00aa,0000,0,009,00aa,00aa,1,a7,0112,00d0
1556,1556,0,df9b01076f4a0000,fc,0,0,00aa,4d1a,0,0000,00aa,0,00aa,0000,1,1,0,0,0000,00b3,0000,0000,0000,0000,0,00b3,00aa,0000,0,009,00aa,00aa,1,a7,0112,00d0
1557,1557,0,df9b01076f4a0000,fc,0,0,00aa,4d1a,0,0000,00aa,0,00aa,0000,1,1,0,0,0000,00b3,0000,0000,0000,0000,0,00b3,00aa,0000,0,009,00aa,00aa,1,a7,0112,00d0
1558,1558,0,df9b01076f4a0000,fc,0,0,00aa,4d1a,0,0000,00aa,0,00aa,0000,1,1,0,0,0000,00b3,0000,0000,0000,0000,0,00b3,00aa,0000,0,009,00aa,00aa,1,a7,0112,00d0
1559,1559,0,df9b01076f4a0000,fc,0,0,00aa,4d1a,0,0000,00aa,0,00aa,0000,1,1,0,0,0000,00b3,0000,0000,0000,0000,0,00b3,00aa,0000,0,009,00aa,00aa,1,a7,0112,00d0
1560,1560,0,df9b01076f4a0000,fc,0,0,00aa,4d1a,0,0000,00aa,0,00aa,0000,1,1,0,0,0000,00b3,0000,0000,0000,0000,0,00b3,00aa,0000,0,009,00aa,00aa,1,a7,0112,00d0
1561,1561,0,df9b01076f4a0000,fc,0,0,00aa,4d1a,0,0000,00aa,0,00aa,0000,1,1,0,0,0000,00b3,0000,0000,0000,0000,0,00b3,00aa,0000,0,009,00aa,00aa,1,a7,0112,00d0
1562,1562,0,df9b01076f4a0000,fc,0,0,00aa,4d1a,0,0000,00aa,0,00aa,0000,1,1,0,0,0000,00b3,0000,0000,0000,0000,0,00b3,00aa,0000,0,009,00aa,00aa,1,a7,0112,00d0
1563,1563,0,df9b01076f4a0000,fc,0,0,00aa,4d1a,0,0000,00aa,0,00aa,0000,1,1,0,0,0000,00b3,0000,0000,0000,0000,0,00b3,00aa,0000,0,009,00aa,00aa,1,a7,0112,00d0
1564,1564,0,df9b01076f4a0000,fc,0,0,00aa,4d1a,0,0000,00aa,0,00aa,0000,1,1,0,0,0000,00b3,0000,0000,0000,0000,0,00b3,00aa,0000,0,009,00aa,00aa,1,a7,0112,00d0
1565,1565,0,df9b01076f4a0000,fc,0,0,00aa,4d1a,0,0000,00aa,0,00aa,0000,1,1,0,0,0000,00b3,0000,0000,0000,0000,0,00b3,00aa,0000,0,009,00aa,00aa,1,a7,0112,00d0
1566,1566,0,df9b01076f4a0000,fc,0,0,00aa,4d1a,0,0000,00aa,0,00aa,0000,1,1,0,0,0000,00b3,0000,0000,0000,0000,0,00b3,00aa,0000,0,009,00aa,00aa,1,a7,0112,00d0
1567,1567,0,df9b01076f4a0000,fc,0,0,00aa,4d1a,0,0000,00aa,0,00aa,0000,1,1,0,0,0000,00b3,0000,0000,0000,0000,0,00b3,00aa,0000,0,009,00aa,00aa,1,a7,0112,00d0
1568,1568,0,df9b01076f4a0000,fc,0,0,00aa,4d1a,0,0000,00aa,0,00aa,0000,1,1,0,0,0000,00b3,0000,0000,0000,0000,0,00b3,00aa,0000,0,009,00aa,00aa,1,a7,0112,00d0
1569,1569,0,df9b01076f4a0000,fc,0,0,00aa,4d1a,0,0000,00aa,0,00aa,0000,1,1,0,0,0000,00b3,0000,0000,0000,0000,0,00b3,00aa,0000,0,009,00aa,00aa,1,a7,0112,00d0
1570,1570,0,df9b01076f4a0000,fc,0,0,00aa,4d1a,0,0000,00aa,0,00aa,0000,1,1,0,0,0000,00b3,0000,0000,0000,0000,0,00b3,00aa,0000,0,009,00aa,00aa,1,a7,0112,00d0
1571,1571,0,df9b01076f4a0000,fc,0,0,00aa,4d1a,0,0000,00aa,0,00aa,0000,1,1,0,0,0000,00b3,0000,0000,0000,0000,0,00b3,00aa,0000,0,009,00aa,00aa,1,a7,0112,00d0
1572,1572,0,df9b01076f4a0000,fc,0,0,00aa,4d1a,0,0000,00aa,0,00aa,0000,1,1,0,0,0000,00b3,0000,0000,0000,0000,0,00b3,00aa,0000,0,009,00aa,00aa,1,a7,0112,00d0
1573,1573,0,df9b01076f4a0000,fc,0,0,00aa,4d1a,0,0000,00aa,0,00aa,0000,1,1,0,0,0000,00b3,0000,0000,0000,0000,0,00b3,00aa,0000,0,009,00aa,00aa,1,a7,0112,00d0
1574,1574,0,df9b01076f4a0000,fc,0,0,00aa,4d1a,0,0000,00aa,0,00aa,0000,1,1,0,0,0000,00b3,0000,0000,0000,0000,0,00b3,00aa,0000,0,009,00aa,00aa,1,a7,0112,00d0
1575,1575,0,df9b01076f4a0000,fc,0,0,00aa,4d1a,0,0000,00aa,0,00aa,0000,1,1,0,0,0000,00b3,0000,0000,0000,0000,0,00b3,00aa,0000,0,009,00aa,00aa,1,a7,0112,00d0
1576,1576,0,df9b01076f4a0000,fc,0,0,00aa,4d1a,0,0000,00aa,0,00aa,0000,1,1,0,0,0000,00b3,0000,0000,0000,0000,0,00b3,00aa,0000,0,009,00aa,00aa,1,a7,0112,00d0
1577,1577,0,df9b01076f4a0000,fc,0,0,00aa,4d1a,0,0000,00aa,0,00aa,0000,1,1,0,0,0000,00b3,0000,0000,0000,0000,0,00b3,00aa,0000,0,009,00aa,00aa,1,a7,0112,00d0
1578,1578,0,df9b01076f4a0000,fc,0,0,00aa,4d1a,0,0000,00aa,0,00aa,0000,1,1,0,0,0000,00b3,0000,0000,0000,0000,0,00b3,00aa,0000,0,009,00aa,00aa,1,a7,0112,00d0
1579,1579,0,df9b01076f4a0000,fc,0,0,00aa,4d1a,0,0000,00aa,0,00aa,0000,1,1,0,0,0000,00b3,0000,0000,0000,0000,0,00b3,00aa,0000,0,009,00aa,00aa,1,a7,0112,00d0
1580,1580,0,df9b01076f4a0000,fc,0,0,00aa,4d1a,0,0000,00aa,0,00aa,0000,1,1,0,0,0000,00b3,0000,0000,0000,0000,0,00b3,00aa,0000,0,009,00aa,00aa,1,a7,0112,00d0
1581,1581,0,df9b01076f4a0000,fc,0,0,00aa,4d1a,0,0000,00aa,0,00aa,0000,1,1,0,0,0000,00b3,0000,0000,0000,0000,0,00b3,00aa,0000,0,009,00aa,00aa,1,a7,0112,00d0
1582,1582,0,df9b01076f4a0000,fc,0,0,00aa,4d1a,0,0000,00aa,0,00aa,0000,1,1,0,0,0000,00b3,0000,0000,0000,0000,0,00b3,00aa,0000,0,009,00aa,00aa,1,a7,0112,00d0
1583,1583,0,df9b01076f4a0000,fc,0,0,00aa,4d1a,0,0000,00aa,0,00aa,0000,1,1,0,0,0000,00b3,0000,0000,0000,0000,0,00b3,00aa,0000,0,009,00aa,00aa,1,a7,0112,00d0
1584,1584,0,df9b01076f4a0000,fc,0,0,00aa,4d1a,0,0000,00aa,0,00aa,0000,1,1,0,0,0000,00b3,0000,0000,0000,0000,0,00b3,00aa,0000,0,009,00aa,00aa,1,a7,0112,00d0
1585,1585,0,df9b01076f4a0000,fc,0,0,00aa,4d1a,0,0000,00aa,0,00aa,0000,1,1,0,0,0000,00b3,0000,0000,0000,0000,0,00b3,00aa,0000,0,009,00aa,00aa,1,a7,0112,00d0
1586,1586,0,df9b01076f4a0000,fc,0,0,00aa,4d1a,0,0000,00aa,0,00aa,0000,1,1,0,0,0000,00b3,0000,0000,0000,0000,0,00b3,00aa,0000,0,009,00aa,00aa,1,a7,0112,00d0
1587,1587,0,df9b01076f4a0000,fc,0,0,00aa,4d1a,0,0000,00aa,0,00aa,0000,1,1,0,0,0000,00b3,0000,0000,0000,0000,0,00b3,00aa,0000,0,009,00aa,00aa,1,a7,0112,00d0
1588,1588,0,df9b01076f4a0000,fc,0,0,00aa,4d1a,0,0000,00aa,0,00aa,0000,1,1,0,0,0000,00b3,0000,0000,0000,0000,0,00b3,00aa,0000,0,009,00aa,00aa,1,a7,0112,00d0
1589,1589,0,df9b01076f4a0000,fc,0,0,00aa,4d1a,0,0000,00aa,0,00aa,0000,1,1,0,0,0000,00b3,0000,0000,0000,0000,0,00b3,00aa,0000,0,009,00aa,00aa,1,a7,0112,00d0
1590,1590,0,df9b01076f4a0000,fc,0,0,00aa,4d1a,0,0000,00aa,0,00aa,0000,1,1,0,0,0000,00b3,0000,0000,0000,0000,0,00b3,00aa,0000,0,009,00aa,00aa,1,a7,0112,00d0
1591,1591,0,df9b01076f4a0000,fc,0,0,00aa,4d1a,0,0000,00aa,0,00aa,0000,1,1,0,0,0000,00b3,0000,0000,0000,0000,0,00b3,00aa,0000,0,009,00aa,00aa,1,a7,0112,00d0
1592,1592,0,df9b01076f4a0000,fc,0,0,00aa,4d1a,0,0000,00aa,0,00aa,0000,1,1,0,0,0000,00b3,0000,0000,0000,0000,0,00b3,00aa,0000,0,009,00aa,00aa,1,a7,0112,00d0
1593,1593,0,df9b01076f4a0000,fc,0,0,00aa,4d1a,0,0000,00aa,0,00aa,0000,1,1,0,0,0000,00b3,0000,0000,0000,0000,0,00b3,00aa,0000,0,009,00aa,00aa,1,a7,0112,00d0
1594,1594,0,df9b01076f4a0000,fc,0,0,00aa,4d1a,0,0000,00aa,0,00aa,0000,1,1,0,0,0000,00b3,0000,0000,0000,0000,0,00b3,00aa,0000,0,009,00aa,00aa,1,a7,0112,00d0
1595,1595,0,df9b01076f4a0000,fc,0,0,00aa,4d1a,0,0000,00aa,0,00aa,0000,1,1,0,0,0000,00b3,0000,0000,0000,0000,0,00b3,00aa,0000,0,009,00aa,00aa,1,a7,0112,00d0
1596,1596,0,df9b01076f4a0000,fc,0,0,00aa,4d1a,0,0000,00aa,0,00aa,0000,1,1,0,0,0000,00b3,0000,0000,0000,0000,0,00b3,00aa,0000,0,009,00aa,00aa,1,a7,0112,00d0
1597,1597,0,df9b01076f4a0000,fc,0,0,00aa,4d1a,0,0000,00aa,0,00aa,0000,1,1,0,0,0000,00b3,0000,0000,0000,0000,0,00b3,00aa,0000,0,009,00aa,00aa,1,a7,0112,00d0
1598,1598,0,df9b01076f4a0000,fc,0,0,00aa,4d1a,0,0000,00aa,0,00aa,0000,1,1,0,0,0000,00b3,0000,0000,0000,0000,0,00b3,00aa,0000,0,009,00aa,00aa,1,a7,0112,00d0
1599,1599,0,df9b01076f4a0000,fc,0,0,00aa,4d1a,0,0000,00aa,0,00aa,0000,1,1,0,0,0000,00b3,0000,0000,0000,0000,0,00b3,00aa,0000,0,009,00aa,00aa,1,a7,0112,00d0
1600,1600,0,df9b01076f4a0000,fc,0,0,00aa,4d1a,0,0000,00aa,0,00aa,0000,1,1,0,0,0000,00b3,0000,0000,0000,0000,0,00b3,00aa,0000,0,009,00aa,00aa,1,a7,0112,00d0
1601,1601,0,df9b01076f4a0000,fc,0,0,00aa,4d1a,0,0000,00aa,0,00aa,0000,1,1,0,0,0000,00b3,0000,0000,0000,0000,0,00b3,00aa,0000,0,009,00aa,00aa,1,a7,0112,00d0
1602,1602,0,df9b01076f4a0000,fc,0,0,00aa,4d1a,0,0000,00aa,0,00aa,0000,1,1,0,0,0000,00b3,0000,0000,0000,0000,0,00b3,00aa,0000,0,009,00aa,00aa,1,a7,0112,00d0
1603,1603,0,df9b01076f4a0000,fc,0,0,00aa,4d1a,0,0000,00aa,0,00aa,0000,1,1,0,0,0000,00b3,0000,0000,0000,0000,0,00b3,00aa,0000,0,009,00aa,00aa,1,a7,0112,00d0
1604,1604,0,df9b01076f4a0000,fc,0,0,00aa,4d1a,0,0000,00aa,0,00aa,0000,1,1,0,0,0000,00b3,0000,0000,0000,0000,0,00b3,00aa,0000,0,009,00aa,00aa,1,a7,0112,00d0
1605,1605,0,df9b01076f4a0000,fc,0,0,00aa,4d1a,0,0000,00aa,0,00aa,0000,1,1,0,0,0000,00b3,0000,0000,0000,0000,0,00b3,00aa,0000,0,009,00aa,00aa,1,a7,0112,00d0
1606,1606,0,df9b01076f4a0000,fc,0,0,00aa,4d1a,0,0000,00aa,0,00aa,0000,1,1,0,0,0000,00b3,0000,0000,0000,0000,0,00b3,00aa,0000,0,009,00aa,00aa,1,a7,0112,00d0
1607,1607,0,df9b01076f4a0000,fc,0,0,00aa,4d1a,0,0000,00aa,0,00aa,0000,1,1,0,0,0000,00b3,0000,0000,0000,0000,0,00b3,00aa,0000,0,009,00aa,00aa,1,a7,0112,00d0
1608,1608,0,df9b01076f4a0000,fc,0,0,00aa,4d1a,0,0000,00aa,0,00aa,0000,1,1,0,0,0000,00b3,0000,0000,0000,0000,0,00b3,00aa,0000,0,009,00aa,00aa,1,a7,0112,00d0
1609,1609,0,df9b01076f4a0000,fc,0,0,00aa,4d1a,0,0000,00aa,0,00aa,0000,1,1,0,0,0000,00b3,0000,0000,0000,0000,0,00b3,00aa,0000,0,009,00aa,00aa,1,a7,0112,00d0
1610,1610,0,df9b01076f4a0000,fc,0,0,00aa,4d1a,0,0000,00aa,0,00aa,0000,1,1,0,0,0000,00b3,0000,0000,0000,0000,0,00b3,00aa,0000,0,009,00aa,00aa,1,a7,0112,00d0
1611,1611,0,df9b01076f4a0000,fc,0,0,00aa,4d1a,0,0000,00aa,0,00aa,0000,1,1,0,0,0000,00b3,0000,0000,0000,0000,0,00b3,00aa,0000,0,009,00aa,00aa,1,a7,0112,00d0
1612,1612,0,df9b01076f4a0000,fc,0,0,00aa,4d1a,0,0000,00aa,0,00aa,0000,1,1,0,0,0000,00b3,0000,0000,0000,0000,0,00b3,00aa,0000,0,009,00aa,00aa,1,a7,0112,00d0
1613,1613,0,df9b01076f4a0000,fc,0,0,00aa,4d1a,0,0000,00aa,0,00aa,0000,1,1,0,0,0000,00b3,0000,0000,0000,0000,0,00b3,00aa,0000,0,009,00aa,00aa,1,a7,0112,00d0
1614,1614,0,df9b01076f4a0000,fc,0,0,00aa,4d1a,0,0000,00aa,0,00aa,0000,1,1,0,0,0000,00b3,0000,0000,0000,0000,0,00b3,00aa,0000,0,009,00aa,00aa,1,a7,0112,00d0
1615,1615,0,df9b01076f4a0000,fc,0,0,00aa,4d1a,0,0000,00aa,0,00aa,0000,1,1,0,0,0000,00b3,0000,0000,0000,0000,0,00b3,00aa,0000,0,009,00aa,00aa,1,a7,0112,00d0
1616,1616,0,df9b01076f4a0000,fc,0,0,00aa,4d1a,0,0000,00aa,0,00aa,0000,1,1,0,0,0000,00b3,0000,0000,0000,0000,0,00b3,00aa,0000,0,009,00aa,00aa,1,a7,0112,00d0
1617,1617,0,df9b01076f4a0000,fc,0,0,00aa,4d1a,0,0000,00aa,0,00aa,0000,1,1,0,0,0000,00b3,0000,0000,0000,0000,0,00b3,00aa,0000,0,009,00aa,00aa,1,a7,0112,00d0
1618,1618,0,df9b01076f4a0000,fc,0,0,00aa,4d1a,0,0000,00aa,0,00aa,0000,1,1,0,0,0000,00b3,0000,0000,0000,0000,0,00b3,00aa,0000,0,009,00aa,00aa,1,a7,0112,00d0
1619,1619,0,df9b01076f4a0000,fc,0,0,00aa,4d1a,0,0000,00aa,0,00aa,0000,1,1,0,0,0000,00b3,0000,0000,0000,0000,0,00b3,00aa,0000,0,009,00aa,00aa,1,a7,0112,00d0
1620,1620,0,df9b01076f4a0000,fc,0,0,00aa,4d1a,0,0000,00aa,0,00aa,0000,1,1,0,0,0000,00b3,0000,0000,0000,0000,0,00b3,00aa,0000,0,009,00aa,00aa,1,a7,0112,00d0
1621,1621,0,df9b01076f4a0000,fc,0,0,00aa,4d1a,0,0000,00aa,0,00aa,0000,1,1,0,0,0000,00b3,0000,0000,0000,0000,0,00b3,00aa,0000,0,009,00aa,00aa,1,a7,0112,00d0
1622,1622,0,df9b01076f4a0000,fc,0,0,00aa,4d1a,0,0000,00aa,0,00aa,0000,1,1,0,0,0000,00b3,0000,0000,0000,0000,0,00b3,00aa,0000,0,009,00aa,00aa,1,a7,0112,00d0
1623,1623,0,df9b01076f4a0000,fc,0,0,00aa,4d1a,0,0000,00aa,0,00aa,0000,1,1,0,0,0000,00b3,0000,0000,0000,0000,0,00b3,00aa,0000,0,009,00aa,00aa,1,a7,0112,00d0
1624,1624,0,df9b01076f4a0000,fc,0,0,00aa,4d1a,0,0000,00aa,0,00aa,0000,1,1,0,0,0000,00b3,0000,0000,0000,0000,0,00b3,00aa,0000,0,009,00aa,00aa,1,a7,0112,00d0
1625,1625,0,df9b01076f4a0000,fc,0,0,00aa,4d1a,0,0000,00aa,0,00aa,0000,1,1,0,0,0000,00b3,0000,0000,0000,0000,0,00b3,00aa,0000,0,009,00aa,00aa,1,a7,0112,00d0
1626,1626,0,df9b01076f4a0000,fc,0,0,00aa,4d1a,0,0000,00aa,0,00aa,0000,1,1,0,0,0000,00b3,0000,0000,0000,0000,0,00b3,00aa,0000,0,009,00aa,00aa,1,a7,0112,00d0
1627,1627,0,df9b01076f4a0000,fc,0,0,00aa,4d1a,0,0000,00aa,0,00aa,0000,1,1,0,0,0000,00b3,0000,0000,0000,0000,0,00b3,00aa,0000,0,009,00aa,00aa,1,a7,0112,00d0
1628,1628,0,df9b01076f4a0000,fc,0,0,00aa,4d1a,0,0000,00aa,0,00aa,0000,1,1,0,0,0000,00b3,0000,0000,0000,0000,0,00b3,00aa,0000,0,009,00aa,00aa,1,a7,0112,00d0
1629,1629,0,df9b01076f4a0000,fc,0,0,00aa,4d1a,0,0000,00aa,0,00aa,0000,1,1,0,0,0000,00b3,0000,0000,0000,0000,0,00b3,00aa,0000,0,009,00aa,00aa,1,a7,0112,00d0
1630,1630,0,df9b01076f4a0000,fc,0,0,00aa,4d1a,0,0000,00aa,0,00aa,0000,1,1,0,0,0000,00b3,0000,0000,0000,0000,0,00b3,00aa,0000,0,009,00aa,00aa,1,a7,0112,00d0
1631,1631,0,df9b01076f4a0000,fc,0,0,00aa,4d1a,0,0000,00aa,0,00aa,0000,1,1,0,0,0000,00b3,0000,0000,0000,0000,0,00b3,00aa,0000,0,009,00aa,00aa,1,a7,0112,00d0
1632,1632,0,df9b01076f4a0000,fc,0,0,00aa,4d1a,0,0000,00aa,0,00aa,0000,1,1,0,0,0000,00b3,0000,0000,0000,0000,0,00b3,00aa,0000,0,009,00aa,00aa,1,a7,0112,00d0
1633,1633,0,df9b01076f4a0000,fc,0,0,00aa,4d1a,0,0000,00aa,0,00aa,0000,1,1,0,0,0000,00b3,0000,0000,0000,0000,0,00b3,00aa,0000,0,009,00aa,00aa,1,a7,0112,00d0
1634,1634,0,df9b01076f4a0000,fc,0,0,00aa,4d1a,0,0000,00aa,0,00aa,0000,1,1,0,0,0000,00b3,0000,0000,0000,0000,0,00b3,00aa,0000,0,009,00aa,00aa,1,a7,0112,00d0
1635,1635,0,df9b01076f4a0000,fc,0,0,00aa,4d1a,0,0000,00aa,0,00aa,0000,1,1,0,0,0000,00b3,0000,0000,0000,0000,0,00b3,00aa,0000,0,009,00aa,00aa,1,a7,0112,00d0
1636,1636,0,df9b01076f4a0000,fc,0,0,00aa,4d1a,0,0000,00aa,0,00aa,0000,1,1,0,0,0000,00b3,0000,0000,0000,0000,0,00b3,00aa,0000,0,009,00aa,00aa,1,a7,0112,00d0
1637,1637,0,df9b01076f4a0000,fc,0,0,00aa,4d1a,0,0000,00aa,0,00aa,0000,1,1,0,0,0000,00b3,0000,0000,0000,0000,0,00b3,00aa,0000,0,009,00aa,00aa,1,a7,0112,00d0
1638,1638,0,df9b01076f4a0000,fc,0,0,00aa,4d1a,0,0000,00aa,0,00aa,0000,1,1,0,0,0000,00b3,0000,0000,0000,0000,0,00b3,00aa,0000,0,009,00aa,00aa,1,a7,0112,00d0
1639,1639,0,df9b01076f4a0000,fc,0,0,00aa,4d1a,0,0000,00aa,0,00aa,0000,1,1,0,0,0000,00b3,0000,0000,0000,0000,0,00b3,00aa,0000,0,009,00aa,00aa,1,a7,0112,00d0
1640,1640,0,df9b01076f4a0000,fc,0,0,00aa,4d1a,0,0000,00aa,0,00aa,0000,1,1,0,0,0000,00b3,0000,0000,0000,0000,0,00b3,00aa,0000,0,009,00aa,00aa,1,a7,0112,00d0
1641,1641,0,df9b01076f4a0000,fc,0,0,00aa,4d1a,0,0000,00aa,0,00aa,0000,1,1,0,0,0000,00b3,0000,0000,0000,0000,0,00b3,00aa,0000,0,009,00aa,00aa,1,a7,0112,00d0
1642,1642,0,df9b01076f4a0000,fc,0,0,00aa,4d1a,0,0000,00aa,0,00aa,0000,1,1,0,0,0000,00b3,0000,0000,0000,0000,0,00b3,00aa,0000,0,009,00aa,00aa,1,a7,0112,00d0
1643,1643,0,df9b01076f4a0000,fc,0,0,00aa,4d1a,0,0000,00aa,0,00aa,0000,1,1,0,0,0000,00b3,0000,0000,0000,0000,0,00b3,00aa,0000,0,009,00aa,00aa,1,a7,0112,00d0
1644,1644,0,df9b01076f4a0000,fc,0,0,00aa,4d1a,0,0000,00aa,0,00aa,0000,1,1,0,0,0000,00b3,0000,0000,0000,0000,0,00b3,00aa,0000,0,009,00aa,00aa,1,a7,0112,00d0
1645,1645,0,df9b01076f4a0000,fc,0,0,00aa,4d1a,0,0000,00aa,0,00aa,0000,1,1,0,0,0000,00b3,0000,0000,0000,0000,0,00b3,00aa,0000,0,009,00aa,00aa,1,a7,0112,00d0
1646,1646,0,df9b01076f4a0000,fc,0,0,00aa,4d1a,0,0000,00aa,0,00aa,0000,1,1,0,0,0000,00b3,0000,0000,0000,0000,0,00b3,00aa,0000,0,009,00aa,00aa,1,a7,0112,00d0
1647,1647,0,df9b01076f4a0000,fc,0,0,00aa,4d1a,0,0000,00aa,0,00aa,0000,1,1,0,0,0000,00b3,0000,0000,0000,0000,0,00b3,00aa,0000,0,009,00aa,00aa,1,a7,0112,00d0
1648,1648,0,df9b01076f4a0000,fc,0,0,00aa,4d1a,0,0000,00aa,0,00aa,0000,1,1,0,0,0000,00b3,0000,0000,0000,0000,0,00b3,00aa,0000,0,009,00aa,00aa,1,a7,0112,00d0
1649,1649,0,df9b01076f4a0000,fc,0,0,00aa,4d1a,0,0000,00aa,0,00aa,0000,1,1,0,0,0000,00b3,0000,0000,0000,0000,0,00b3,00aa,0000,0,009,00aa,00aa,1,a7,0112,00d0
1650,1650,0,df9b01076f4a0000,fc,0,0,00aa,4d1a,0,0000,00aa,0,00aa,0000,1,1,0,0,0000,00b3,0000,0000,0000,0000,0,00b3,00aa,0000,0,009,00aa,00aa,1,a7,0112,00d0
1651,1651,0,df9b01076f4a0000,fc,0,0,00aa,4d1a,0,0000,00aa,0,00aa,0000,1,1,0,0,0000,00b3,0000,0000,0000,0000,0,00b3,00aa,0000,0,009,00aa,00aa,1,a7,0112,00d0
1652,1652,0,df9b01076f4a0000,fc,0,0,00aa,4d1a,0,0000,00aa,0,00aa,0000,1,1,0,0,0000,00b3,0000,0000,0000,0000,0,00b3,00aa,0000,0,009,00aa,00aa,1,a7,0112,00d0
1653,1653,0,df9b01076f4a0000,fc,0,0,00aa,4d1a,0,0000,00aa,0,00aa,0000,1,1,0,0,0000,00b3,0000,0000,0000,0000,0,00b3,00aa,0000,0,009,00aa,00aa,1,a7,0112,00d0
1654,1654,0,df9b01076f4a0000,fc,0,0,00aa,4d1a,0,0000,00aa,0,00aa,0000,1,1,0,0,0000,00b3,0000,0000,0000,0000,0,00b3,00aa,0000,0,009,00aa,00aa,1,a7,0112,00d0
1655,1655,0,df9b01076f4a0000,fc,0,0,00aa,4d1a,0,0000,00aa,0,00aa,0000,1,1,0,0,0000,00b3,0000,0000,0000,0000,0,00b3,00aa,0000,0,009,00aa,00aa,1,a7,0112,00d0
1656,1656,0,df9b01076f4a0000,fc,0,0,00aa,4d1a,0,0000,00aa,0,00aa,0000,1,1,0,0,0000,00b3,0000,0000,0000,0000,0,00b3,00aa,0000,0,009,00aa,00aa,1,a7,0112,00d0
1657,1657,0,df9b01076f4a0000,fc,0,0,00aa,4d1a,0,0000,00aa,0,00aa,0000,1,1,0,0,0000,00b3,0000,0000,0000,0000,0,00b3,00aa,0000,0,009,00aa,00aa,1,a7,0112,00d0
1658,1658,0,df9b01076f4a0000,fc,0,0,00aa,4d1a,0,0000,00aa,0,00aa,0000,1,1,0,0,0000,00b3,0000,0000,0000,0000,0,00b3,00aa,0000,0,009,00aa,00aa,1,a7,0112,00d0
1659,1659,0,df9b01076f4a0000,fc,0,0,00aa,4d1a,0,0000,00aa,0,00aa,0000,1,1,0,0,0000,00b3,0000,0000,0000,0000,0,00b3,00aa,0000,0,009,00aa,00aa,1,a7,0112,00d0
1660,1660,0,df9b01076f4a0000,fc,0,0,00aa,4d1a,0,0000,00aa,0,00aa,0000,1,1,0,0,0000,00b3,0000,0000,0000,0000,0,00b3,00aa,0000,0,009,00aa,00aa,1,a7,0112,00d0
1661,1661,0,df9b01076f4a0000,fc,0,0,00aa,4d1a,0,0000,00aa,0,00aa,0000,1,1,0,0,0000,00b3,0000,0000,0000,0000,0,00b3,00aa,0000,0,009,00aa,00aa,1,a7,0112,00d0
1662,1662,0,df9b01076f4a0000,fc,0,0,00aa,4d1a,0,0000,00aa,0,00aa,0000,1,1,0,0,0000,00b3,0000,0000,0000,0000,0,00b3,00aa,0000,0,009,00aa,00aa,1,a7,0112,00d0
1663,1663,0,df9b01076f4a0000,fc,0,0,00aa,4d1a,0,0000,00aa,0,00aa,0000,1,1,0,0,0000,00b3,0000,0000,0000,0000,0,00b3,00aa,0000,0,009,00aa,00aa,1,a7,0112,00d0
1664,1664,0,df9b01076f4a0000,fc,0,0,00aa,4d1a,0,0000,00aa,0,00aa,0000,1,1,0,0,0000,00b3,0000,0000,0000,0000,0,00b3,00aa,0000,0,009,00aa,00aa,1,a7,0112,00d0
1665,1665,0,df9b01076f4a0000,fc,0,0,00aa,4d1a,0,0000,00aa,0,00aa,0000,1,1,0,0,0000,00b3,0000,0000,0000,0000,0,00b3,00aa,0000,0,009,00aa,00aa,1,a7,0112,00d0
1666,1666,0,df9b01076f4a0000,fc,0,0,00aa,4d1a,0,0000,00aa,0,00aa,0000,1,1,0,0,0000,00b3,0000,0000,0000,0000,0,00b3,00aa,0000,0,009,00aa,00aa,1,a7,0112,00d0
1667,1667,0,df9b01076f4a0000,fc,0,0,00aa,4d1a,0,0000,00aa,0,00aa,0000,1,1,0,0,0000,00b3,0000,0000,0000,0000,0,00b3,00aa,0000,0,009,00aa,00aa,1,a7,0112,00d0
1668,1668,0,df9b01076f4a0000,fc,0,0,00aa,4d1a,0,0000,00aa,0,00aa,0000,1,1,0,0,0000,00b3,0000,0000,0000,0000,0,00b3,00aa,0000,0,009,00aa,00aa,1,a7,0112,00d0
1669,1669,0,df9b01076f4a0000,fc,0,0,00aa,4d1a,0,0000,00aa,0,00aa,0000,1,1,0,0,0000,00b3,0000,0000,0000,0000,0,00b3,00aa,0000,0,009,00aa,00aa,1,a7,0112,00d0
1670,1670,0,df9b01076f4a0000,fc,0,0,00aa,4d1a,0,0000,00aa,0,00aa,0000,1,1,0,0,0000,00b3,0000,0000,0000,0000,0,00b3,00aa,0000,0,009,00aa,00aa,1,a7,0112,00d0
1671,1671,0,df9b01076f4a0000,fc,0,0,00aa,4d1a,0,0000,00aa,0,00aa,0000,1,1,0,0,0000,00b3,0000,0000,0000,0000,0,00b3,00aa,0000,0,009,00aa,00aa,1,a7,0112,00d0
1672,1672,0,df9b01076f4a0000,fc,0,0,00aa,4d1a,0,0000,00aa,0,00aa,0000,1,1,0,0,0000,00b3,0000,0000,0000,0000,0,00b3,00aa,0000,0,009,00aa,00aa,1,a7,0112,00d0
1673,1673,0,df9b01076f4a0000,fc,0,0,00aa,4d1a,0,0000,00aa,0,00aa,0000,1,1,0,0,0000,00b3,0000,0000,0000,0000,0,00b3,00aa,0000,0,009,00aa,00aa,1,a7,0112,00d0
1674,1674,0,df9b01076f4a0000,fc,0,0,00aa,4d1a,0,0000,00aa,0,00aa,0000,1,1,0,0,0000,00b3,0000,0000,0000,0000,0,00b3,00aa,0000,0,009,00aa,00aa,1,a7,0112,00d0
1675,1675,0,df9b01076f4a0000,fc,0,0,00aa,4d1a,0,0000,00aa,0,00aa,0000,1,1,0,0,0000,00b3,0000,0000,0000,0000,0,00b3,00aa,0000,0,009,00aa,00aa,1,a7,0112,00d0
1676,1676,0,df9b01076f4a0000,fc,0,0,00aa,4d1a,0,0000,00aa,0,00aa,0000,1,1,0,0,0000,00b3,0000,0000,0000,0000,0,00b3,00aa,0000,0,009,00aa,00aa,1,a7,0112,00d0
1677,1677,0,df9b01076f4a0000,fc,0,0,00aa,4d1a,0,0000,00aa,0,00aa,0000,1,1,0,0,0000,00b3,0000,0000,0000,0000,0,00b3,00aa,0000,0,009,00aa,00aa,1,a7,0112,00d0
1678,1678,0,df9b01076f4a0000,fc,0,0,00aa,4d1a,0,0000,00aa,0,00aa,0000,1,1,0,0,0000,00b3,0000,0000,0000,0000,0,00b3,00aa,0000,0,009,00aa,00aa,1,a7,0112,00d0
1679,1679,0,df9b01076f4a0000,fc,0,0,00aa,4d1a,0,0000,00aa,0,00aa,0000,1,1,0,0,0000,00b3,0000,0000,0000,0000,0,00b3,00aa,0000,0,009,00aa,00aa,1,a7,0112,00d0
1680,1680,0,df9b01076f4a0000,fc,0,0,00aa,4d1a,0,0000,00aa,0,00aa,0000,1,1,0,0,0000,00b3,0000,0000,0000,0000,0,00b3,00aa,0000,0,009,00aa,00aa,1,a7,0112,00d0
1681,1681,0,df9b01076f4a0000,fc,0,0,00aa,4d1a,0,0000,00aa,0,00aa,0000,1,1,0,0,0000,00b3,0000,0000,0000,0000,0,00b3,00aa,0000,0,009,00aa,00aa,1,a7,0112,00d0
1682,1682,0,df9b01076f4a0000,fc,0,0,00aa,4d1a,0,0000,00aa,0,00aa,0000,1,1,0,0,0000,00b3,0000,0000,0000,0000,0,00b3,00aa,0000,0,009,00aa,00aa,1,a7,0112,00d0
1683,1683,0,df9b01076f4a0000,fc,0,0,00aa,4d1a,0,0000,00aa,0,00aa,0000,1,1,0,0,0000,00b3,0000,0000,0000,0000,0,00b3,00aa,0000,0,009,00aa,00aa,1,a7,0112,00d0
1684,1684,0,df9b01076f4a0000,fc,0,0,00aa,4d1a,0,0000,00aa,0,00aa,0000,1,1,0,0,0000,00b3,0000,0000,0000,0000,0,00b3,00aa,0000,0,009,00aa,00aa,1,a7,0112,00d0
1685,1685,0,df9b01076f4a0000,fc,0,0,00aa,4d1a,0,0000,00aa,0,00aa,0000,1,1,0,0,0000,00b3,0000,0000,0000,0000,0,00b3,00aa,0000,0,009,00aa,00aa,1,a7,0112,00d0
1686,1686,0,df9b01076f4a0000,fc,0,0,00aa,4d1a,0,0000,00aa,0,00aa,0000,1,1,0,0,0000,00b3,0000,0000,0000,0000,0,00b3,00aa,0000,0,009,00aa,00aa,1,a7,0112,00d0
1687,1687,0,df9b01076f4a0000,fc,0,0,00aa,4d1a,0,0000,00aa,0,00aa,0000,1,1,0,0,0000,00b3,0000,0000,0000,0000,0,00b3,00aa,0000,0,009,00aa,00aa,1,a7,0112,00d0
1688,1688,0,df9b01076f4a0000,fc,0,0,00aa,4d1a,0,0000,00aa,0,00aa,0000,1,1,0,0,0000,00b3,0000,0000,0000,0000,0,00b3,00aa,0000,0,009,00aa,00aa,1,a7,0112,00d0
1689,1689,0,df9b01076f4a0000,fc,0,0,00aa,4d1a,0,0000,00aa,0,00aa,0000,1,1,0,0,0000,00b3,0000,0000,0000,0000,0,00b3,00aa,0000,0,009,00aa,00aa,1,a7,0112,00d0
1690,1690,0,df9b01076f4a0000,fc,0,0,00aa,4d1a,0,0000,00aa,0,00aa,0000,1,1,0,0,0000,00b3,0000,0000,0000,0000,0,00b3,00aa,0000,0,009,00aa,00aa,1,a7,0112,00d0
1691,1691,0,df9b01076f4a0000,fc,0,0,00aa,4d1a,0,0000,00aa,0,00aa,0000,1,1,0,0,0000,00b3,0000,0000,0000,0000,0,00b3,00aa,0000,0,009,00aa,00aa,1,a7,0112,00d0
1692,1692,0,df9b01076f4a0000,fc,0,0,00aa,4d1a,0,0000,00aa,0,00aa,0000,1,1,0,0,0000,00b3,0000,0000,0000,0000,0,00b3,00aa,0000,0,009,00aa,00aa,1,a7,0112,00d0
1693,1693,0,df9b01076f4a0000,fc,0,0,00aa,4d1a,0,0000,00aa,0,00aa,0000,1,1,0,0,0000,00b3,0000,0000,0000,0000,0,00b3,00aa,0000,0,009,00aa,00aa,1,a7,0112,00d0
1694,1694,0,df9b01076f4a0000,fc,0,0,00aa,4d1a,0,0000,00aa,0,00aa,0000,1,1,0,0,0000,00b3,0000,0000,0000,0000,0,00b3,00aa,0000,0,009,00aa,00aa,1,a7,0112,00d0
1695,1695,0,df9b01076f4a0000,fc,0,0,00aa,4d1a,0,0000,00aa,0,00aa,0000,1,1,0,0,0000,00b3,0000,0000,0000,0000,0,00b3,00aa,0000,0,009,00aa,00aa,1,a7,0112,00d0
1696,1696,0,df9b01076f4a0000,fc,0,0,00aa,4d1a,0,0000,00aa,0,00aa,0000,1,1,0,0,0000,00b3,0000,0000,0000,0000,0,00b3,00aa,0000,0,009,00aa,00aa,1,a7,0112,00d0
1697,1697,0,df9b01076f4a0000,fc,0,0,00aa,4d1a,0,0000,00aa,0,00aa,0000,1,1,0,0,0000,00b3,0000,0000,0000,0000,0,00b3,00aa,0000,0,009,00aa,00aa,1,a7,0112,00d0
1698,1698,0,df9b01076f4a0000,fc,0,0,00aa,4d1a,0,0000,00aa,0,00aa,0000,1,1,0,0,0000,00b3,0000,0000,0000,0000,0,00b3,00aa,0000,0,009,00aa,00aa,1,a7,0112,00d0
1699,1699,0,df9b01076f4a0000,fc,0,0,00aa,4d1a,0,0000,00aa,0,00aa,0000,1,1,0,0,0000,00b3,0000,0000,0000,0000,0,00b3,00aa,0000,0,009,00aa,00aa,1,a7,0112,00d0
1700,1700,0,df9b01076f4a0000,fc,0,0,00aa,4d1a,0,0000,00aa,0,00aa,0000,1,1,0,0,0000,00b3,0000,0000,0000,0000,0,00b3,00aa,0000,0,009,00aa,00aa,1,a7,0112,00d0
1701,1701,0,df9b01076f4a0000,fc,0,0,00aa,4d1a,0,0000,00aa,0,00aa,0000,1,1,0,0,0000,00b3,0000,0000,0000,0000,0,00b3,00aa,0000,0,009,00aa,00aa,1,a7,0112,00d0
1702,1702,0,df9b01076f4a0000,fc,0,0,00aa,4d1a,0,0000,00aa,0,00aa,0000,1,1,0,0,0000,00b3,0000,0000,0000,0000,0,00b3,00aa,0000,0,009,00aa,00aa,1,a7,0112,00d0
1703,1703,0,df9b01076f4a0000,fc,0,0,00aa,4d1a,0,0000,00aa,0,00aa,0000,1,1,0,0,0000,00b3,0000,0000,0000,0000,0,00b3,00aa,0000,0,009,00aa,00aa,1,a7,0112,00d0
1704,1704,0,df9b01076f4a0000,fc,0,0,00aa,4d1a,0,0000,00aa,0,00aa,0000,1,1,0,0,0000,00b3,0000,0000,0000,0000,0,00b3,00aa,0000,0,009,00aa,00aa,1,a7,0112,00d0
1705,1705,0,df9b01076f4a0000,fc,0,0,00aa,4d1a,0,0000,00aa,0,00aa,0000,1,1,0,0,0000,00b3,0000,0000,0000,0000,0,00b3,00aa,0000,0,009,00aa,00aa,1,a7,0112,00d0
1706,1706,0,df9b01076f4a0000,fc,0,0,00aa,4d1a,0,0000,00aa,0,00aa,0000,1,1,0,0,0000,00b3,0000,0000,0000,0000,0,00b3,00aa,0000,0,009,00aa,00aa,1,a7,0112,00d0
1707,1707,0,df9b01076f4a0000,fc,0,0,00aa,4d1a,0,0000,00aa,0,00aa,0000,1,1,0,0,0000,00b3,0000,0000,0000,0000,0,00b3,00aa,0000,0,009,00aa,00aa,1,a7,0112,00d0
1708,1708,0,df9b01076f4a0000,fc,0,0,00aa,4d1a,0,0000,00aa,0,00aa,0000,1,1,0,0,0000,00b3,0000,0000,0000,0000,0,00b3,00aa,0000,0,009,00aa,00aa,1,a7,0112,00d0
1709,1709,0,df9b01076f4a0000,fc,0,0,00aa,4d1a,0,0000,00aa,0,00aa,0000,1,1,0,0,0000,00b3,0000,0000,0000,0000,0,00b3,00aa,0000,0,009,00aa,00aa,1,a7,0112,00d0
1710,1710,0,df9b01076f4a0000,fc,0,0,00aa,4d1a,0,0000,00aa,0,00aa,0000,1,1,0,0,0000,00b3,0000,0000,0000,0000,0,00b3,00aa,0000,0,009,00aa,00aa,1,a7,0112,00d0
1711,1711,0,df9b01076f4a0000,fc,0,0,00aa,4d1a,0,0000,00aa,0,00aa,0000,1,1,0,0,0000,00b3,0000,0000,0000,0000,0,00b3,00aa,0000,0,009,00aa,00aa,1,a7,0112,00d0
1712,1712,0,df9b01076f4a0000,fc,0,0,00aa,4d1a,0,0000,00aa,0,00aa,0000,1,1,0,0,0000,00b3,0000,0000,0000,0000,0,00b3,00aa,0000,0,009,00aa,00aa,1,a7,0112,00d0
1713,1713,0,df9b01076f4a0000,fc,0,0,00aa,4d1a,0,0000,00aa,0,00aa,0000,1,1,0,0,0000,00b3,0000,0000,0000,0000,0,00b3,00aa,0000,0,009,00aa,00aa,1,a7,0112,00d0
1714,1714,0,df9b01076f4a0000,fc,0,0,00aa,4d1a,0,0000,00aa,0,00aa,0000,1,1,0,0,0000,00b3,0000,0000,0000,0000,0,00b3,00aa,0000,0,009,00aa,00aa,1,a7,0112,00d0
1715,1715,0,df9b01076f4a0000,fc,0,0,00aa,4d1a,0,0000,00aa,0,00aa,0000,1,1,0,0,0000,00b3,0000,0000,0000,0000,0,00b3,00aa,0000,0,009,00aa,00aa,1,a7,0112,00d0
1716,1716,0,df9b01076f4a0000,fc,0,0,00aa,4d1a,0,0000,00aa,0,00aa,0000,1,1,0,0,0000,00b3,0000,0000,0000,0000,0,00b3,00aa,0000,0,009,00aa,00aa,1,a7,0112,00d0
1717,1717,0,df9b01076f4a0000,fc,0,0,00aa,4d1a,0,0000,00aa,0,00aa,0000,1,1,0,0,0000,00b3,0000,0000,0000,0000,0,00b3,00aa,0000,0,009,00aa,00aa,1,a7,0112,00d0
1718,1718,0,df9b01076f4a0000,fc,0,0,00aa,4d1a,0,0000,00aa,0,00aa,0000,1,1,0,0,0000,00b3,0000,0000,0000,0000,0,00b3,00aa,0000,0,009,00aa,00aa,1,a7,0112,00d0
1719,1719,0,df9b01076f4a0000,fc,0,0,00aa,4d1a,0,0000,00aa,0,00aa,0000,1,1,0,0,0000,00b3,0000,0000,0000,0000,0,00b3,00aa,0000,0,009,00aa,00aa,1,a7,0112,00d0
1720,1720,0,df9b01076f4a0000,fc,0,0,00aa,4d1a,0,0000,00aa,0,00aa,0000,1,1,0,0,0000,00b3,0000,0000,0000,0000,0,00b3,00aa,0000,0,009,00aa,00aa,1,a7,0112,00d0
1721,1721,0,df9b01076f4a0000,fc,0,0,00aa,4d1a,0,0000,00aa,0,00aa,0000,1,1,0,0,0000,00b3,0000,0000,0000,0000,0,00b3,00aa,0000,0,009,00aa,00aa,1,a7,0112,00d0
1722,1722,0,df9b01076f4a0000,fc,0,0,00aa,4d1a,0,0000,00aa,0,00aa,0000,1,1,0,0,0000,00b3,0000,0000,0000,0000,0,00b3,00aa,0000,0,009,00aa,00aa,1,a7,0112,00d0
1723,1723,0,df9b01076f4a0000,fc,0,0,00aa,4d1a,0,0000,00aa,0,00aa,0000,1,1,0,0,0000,00b3,0000,0000,0000,0000,0,00b3,00aa,0000,0,009,00aa,00aa,1,a7,0112,00d0
1724,1724,0,df9b01076f4a0000,fc,0,0,00aa,4d1a,0,0000,00aa,0,00aa,0000,1,1,0,0,0000,00b3,0000,0000,0000,0000,0,00b3,00aa,0000,0,009,00aa,00aa,1,a7,0112,00d0
1725,1725,0,df9b01076f4a0000,fc,0,0,00aa,4d1a,0,0000,00aa,0,00aa,0000,1,1,0,0,0000,00b3,0000,0000,0000,0000,0,00b3,00aa,0000,0,009,00aa,00aa,1,a7,0112,00d0
1726,1726,0,df9b01076f4a0000,fc,0,0,00aa,4d1a,0,0000,00aa,0,00aa,0000,1,1,0,0,0000,00b3,0000,0000,0000,0000,0,00b3,00aa,0000,0,009,00aa,00aa,1,a7,0112,00d0
1727,1727,0,df9b01076f4a0000,fc,0,0,00aa,4d1a,0,0000,00aa,0,00aa,0000,1,1,0,0,0000,00b3,0000,0000,0000,0000,0,00b3,00aa,0000,0,009,00aa,00aa,1,a7,0112,00d0
1728,1728,0,df9b01076f4a0000,fc,0,0,00aa,4d1a,0,0000,00aa,0,00aa,0000,1,1,0,0,0000,00b3,0000,0000,0000,0000,0,00b3,00aa,0000,0,009,00aa,00aa,1,a7,0112,00d0
1729,1729,0,df9b01076f4a0000,fc,0,0,00aa,4d1a,0,0000,00aa,0,00aa,0000,1,1,0,0,0000,00b3,0000,0000,0000,0000,0,00b3,00aa,0000,0,009,00aa,00aa,1,a7,0112,00d0
1730,1730,0,df9b01076f4a0000,fc,0,0,00aa,4d1a,0,0000,00aa,0,00aa,0000,1,1,0,0,0000,00b3,0000,0000,0000,0000,0,00b3,00aa,0000,0,009,00aa,00aa,1,a7,0112,00d0
1731,1731,0,df9b01076f4a0000,fc,0,0,00aa,4d1a,0,0000,00aa,0,00aa,0000,1,1,0,0,0000,00b3,0000,0000,0000,0000,0,00b3,00aa,0000,0,009,00aa,00aa,1,a7,0112,00d0
1732,1732,0,df9b01076f4a0000,fc,0,0,00aa,4d1a,0,0000,00aa,0,00aa,0000,1,1,0,0,0000,00b3,0000,0000,0000,0000,0,00b3,00aa,0000,0,009,00aa,00aa,1,a7,0112,00d0
1733,1733,0,df9b01076f4a0000,fc,0,0,00aa,4d1a,0,0000,00aa,0,00aa,0000,1,1,0,0,0000,00b3,0000,0000,0000,0000,0,00b3,00aa,0000,0,009,00aa,00aa,1,a7,0112,00d0
1734,1734,0,df9b01076f4a0000,fc,0,0,00aa,4d1a,0,0000,00aa,0,00aa,0000,1,1,0,0,0000,00b3,0000,0000,0000,0000,0,00b3,00aa,0000,0,009,00aa,00aa,1,a7,0112,00d0
1735,1735,0,df9b01076f4a0000,fc,0,0,00aa,4d1a,0,0000,00aa,0,00aa,0000,1,1,0,0,0000,00b3,0000,0000,0000,0000,0,00b3,00aa,0000,0,009,00aa,00aa,1,a7,0112,00d0
1736,1736,0,df9b01076f4a0000,fc,0,0,00aa,4d1a,0,0000,00aa,0,00aa,0000,1,1,0,0,0000,00b3,0000,0000,0000,0000,0,00b3,00aa,0000,0,009,00aa,00aa,1,a7,0112,00d0
1737,1737,0,df9b01076f4a0000,fc,0,0,00aa,4d1a,0,0000,00aa,0,00aa,0000,1,1,0,0,0000,00b3,0000,0000,0000,0000,0,00b3,00aa,0000,0,009,00aa,00aa,1,a7,0112,00d0
1738,1738,0,df9b01076f4a0000,fc,0,0,00aa,4d1a,0,0000,00aa,0,00aa,0000,1,1,0,0,0000,00b3,0000,0000,0000,0000,0,00b3,00aa,0000,0,009,00aa,00aa,1,a7,0112,00d0
1739,1739,0,df9b01076f4a0000,fc,0,0,00aa,4d1a,0,0000,00aa,0,00aa,0000,1,1,0,0,0000,00b3,0000,0000,0000,0000,0,00b3,00aa,0000,0,009,00aa,00aa,1,a7,0112,00d0
1740,1740,0,df9b01076f4a0000,fc,0,0,00aa,4d1a,0,0000,00aa,0,00aa,0000,1,1,0,0,0000,00b3,0000,0000,0000,0000,0,00b3,00aa,0000,0,009,00aa,00aa,1,a7,0112,00d0
1741,1741,0,df9b01076f4a0000,fc,0,0,00aa,4d1a,0,0000,00aa,0,00aa,0000,1,1,0,0,0000,00b3,0000,0000,0000,0000,0,00b3,00aa,0000,0,009,00aa,00aa,1,a7,0112,00d0
1742,1742,0,df9b01076f4a0000,fc,0,0,00aa,4d1a,0,0000,00aa,0,00aa,0000,1,1,0,0,0000,00b3,0000,0000,0000,0000,0,00b3,00aa,0000,0,009,00aa,00aa,1,a7,0112,00d0
1743,1743,0,df9b01076f4a0000,fc,0,0,00aa,4d1a,0,0000,00aa,0,00aa,0000,1,1,0,0,0000,00b3,0000,0000,0000,0000,0,00b3,00aa,0000,0,009,00aa,00aa,1,a7,0112,00d0
1744,1744,0,df9b01076f4a0000,fc,0,0,00aa,4d1a,0,0000,00aa,0,00aa,0000,1,1,0,0,0000,00b3,0000,0000,0000,0000,0,00b3,00aa,0000,0,009,00aa,00aa,1,a7,0112,00d0
1745,1745,0,df9b01076f4a0000,fc,0,0,00aa,4d1a,0,0000,00aa,0,00aa,0000,1,1,0,0,0000,00b3,0000,0000,0000,0000,0,00b3,00aa,0000,0,009,00aa,00aa,1,a7,0112,00d0
1746,1746,0,df9b01076f4a0000,fc,0,0,00aa,4d1a,0,0000,00aa,0,00aa,0000,1,1,0,0,0000,00b3,0000,0000,0000,0000,0,00b3,00aa,0000,0,009,00aa,00aa,1,a7,0112,00d0
1747,1747,0,df9b01076f4a0000,fc,0,0,00aa,4d1a,0,0000,00aa,0,00aa,0000,1,1,0,0,0000,00b3,0000,0000,0000,0000,0,00b3,00aa,0000,0,009,00aa,00aa,1,a7,0112,00d0
1748,1748,0,df9b01076f4a0000,fc,0,0,00aa,4d1a,0,0000,00aa,0,00aa,0000,1,1,0,0,0000,00b3,0000,0000,0000,0000,0,00b3,00aa,0000,0,009,00aa,00aa,1,a7,0112,00d0
1749,1749,0,df9b01076f4a0000,fc,0,0,00aa,4d1a,0,0000,00aa,0,00aa,0000,1,1,0,0,0000,00b3,0000,0000,0000,0000,0,00b3,00aa,0000,0,009,00aa,00aa,1,a7,0112,00d0
1750,1750,0,df9b01076f4a0000,fc,0,0,00aa,4d1a,0,0000,00aa,0,00aa,0000,1,1,0,0,0000,00b3,0000,0000,0000,0000,0,00b3,00aa,0000,0,009,00aa,00aa,1,a7,0112,00d0
1751,1751,0,df9b01076f4a0000,fc,0,0,00aa,4d1a,0,0000,00aa,0,00aa,0000,1,1,0,0,0000,00b3,0000,0000,0000,0000,0,00b3,00aa,0000,0,009,00aa,00aa,1,a7,0112,00d0
1752,1752,0,df9b01076f4a0000,fc,0,0,00aa,4d1a,0,0000,00aa,0,00aa,0000,1,1,0,0,0000,00b3,0000,0000,0000,0000,0,00b3,00aa,0000,0,009,00aa,00aa,1,a7,0112,00d0
1753,1753,0,df9b01076f4a0000,fc,0,0,00aa,4d1a,0,0000,00aa,0,00aa,0000,1,1,0,0,0000,00b3,0000,0000,0000,0000,0,00b3,00aa,0000,0,009,00aa,00aa,1,a7,0112,00d0
1754,1754,0,df9b01076f4a0000,fc,0,0,00aa,4d1a,0,0000,00aa,0,00aa,0000,1,1,0,0,0000,00b3,0000,0000,0000,0000,0,00b3,00aa,0000,0,009,00aa,00aa,1,a7,0112,00d0
1755,1755,0,df9b01076f4a0000,fc,0,0,00aa,4d1a,0,0000,00aa,0,00aa,0000,1,1,0,0,0000,00b3,0000,0000,0000,0000,0,00b3,00aa,0000,0,009,00aa,00aa,1,a7,0112,00d0
1756,1756,0,df9b01076f4a0000,fc,0,0,00aa,4d1a,0,0000,00aa,0,00aa,0000,1,1,0,0,0000,00b3,0000,0000,0000,0000,0,00b3,00aa,0000,0,009,00aa,00aa,1,a7,0112,00d0
1757,1757,0,df9b01076f4a0000,fc,0,0,00aa,4d1a,0,0000,00aa,0,00aa,0000,1,1,0,0,0000,00b3,0000,0000,0000,0000,0,00b3,00aa,0000,0,009,00aa,00aa,1,a7,0112,00d0
1758,1758,0,df9b01076f4a0000,fc,0,0,00aa,4d1a,0,0000,00aa,0,00aa,0000,1,1,0,0,0000,00b3,0000,0000,0000,0000,0,00b3,00aa,0000,0,009,00aa,00aa,1,a7,0112,00d0
1759,1759,0,df9b01076f4a0000,fc,0,0,00aa,4d1a,0,0000,00aa,0,00aa,0000,1,1,0,0,0000,00b3,0000,0000,0000,0000,0,00b3,00aa,0000,0,009,00aa,00aa,1,a7,0112,00d0
1760,1760,0,df9b01076f4a0000,fc,0,0,00aa,4d1a,0,0000,00aa,0,00aa,0000,1,1,0,0,0000,00b3,0000,0000,0000,0000,0,00b3,00aa,0000,0,009,00aa,00aa,1,a7,0112,00d0
1761,1761,0,df9b01076f4a0000,fc,0,0,00aa,4d1a,0,0000,00aa,0,00aa,0000,1,1,0,0,0000,00b3,0000,0000,0000,0000,0,00b3,00aa,0000,0,009,00aa,00aa,1,a7,0112,00d0
1762,1762,0,df9b01076f4a0000,fc,0,0,00aa,4d1a,0,0000,00aa,0,00aa,0000,1,1,0,0,0000,00b3,0000,0000,0000,0000,0,00b3,00aa,0000,0,009,00aa,00aa,1,a7,0112,00d0
1763,1763,0,df9b01076f4a0000,fc,0,0,00aa,4d1a,0,0000,00aa,0,00aa,0000,1,1,0,0,0000,00b3,0000,0000,0000,0000,0,00b3,00aa,0000,0,009,00aa,00aa,1,a7,0112,00d0
1764,1764,0,df9b01076f4a0000,fc,0,0,00aa,4d1a,0,0000,00aa,0,00aa,0000,1,1,0,0,0000,00b3,0000,0000,0000,0000,0,00b3,00aa,0000,0,009,00aa,00aa,1,a7,0112,00d0
1765,1765,0,df9b01076f4a0000,fc,0,0,00aa,4d1a,0,0000,00aa,0,00aa,0000,1,1,0,0,0000,00b3,0000,0000,0000,0000,0,00b3,00aa,0000,0,009,00aa,00aa,1,a7,0112,00d0
1766,1766,0,df9b01076f4a0000,fc,0,0,00aa,4d1a,0,0000,00aa,0,00aa,0000,1,1,0,0,0000,00b3,0000,0000,0000,0000,0,00b3,00aa,0000,0,009,00aa,00aa,1,a7,0112,00d0
1767,1767,0,df9b01076f4a0000,fc,0,0,00aa,4d1a,0,0000,00aa,0,00aa,0000,1,1,0,0,0000,00b3,0000,0000,0000,0000,0,00b3,00aa,0000,0,009,00aa,00aa,1,a7,0112,00d0
1768,1768,0,df9b01076f4a0000,fc,0,0,00aa,4d1a,0,0000,00aa,0,00aa,0000,1,1,0,0,0000,00b3,0000,0000,0000,0000,0,00b3,00aa,0000,0,009,00aa,00aa,1,a7,0112,00d0
1769,1769,0,df9b01076f4a0000,fc,0,0,00aa,4d1a,0,0000,00aa,0,00aa,0000,1,1,0,0,0000,00b3,0000,0000,0000,0000,0,00b3,00aa,0000,0,009,00aa,00aa,1,a7,0112,00d0
1770,1770,0,df9b01076f4a0000,fc,0,0,00aa,4d1a,0,0000,00aa,0,00aa,0000,1,1,0,0,0000,00b3,0000,0000,0000,0000,0,00b3,00aa,0000,0,009,00aa,00aa,1,a7,0112,00d0
1771,1771,0,df9b01076f4a0000,fc,0,0,00aa,4d1a,0,0000,00aa,0,00aa,0000,1,1,0,0,0000,00b3,0000,0000,0000,0000,0,00b3,00aa,0000,0,009,00aa,00aa,1,a7,0112,00d0
1772,1772,0,df9b01076f4a0000,fc,0,0,00aa,4d1a,0,0000,00aa,0,00aa,0000,1,1,0,0,0000,00b3,0000,0000,0000,0000,0,00b3,00aa,0000,0,009,00aa,00aa,1,a7,0112,00d0
1773,1773,0,df9b01076f4a0000,fc,0,0,00aa,4d1a,0,0000,00aa,0,00aa,0000,1,1,0,0,0000,00b3,0000,0000,0000,0000,0,00b3,00aa,0000,0,009,00aa,00aa,1,a7,0112,00d0
1774,1774,0,df9b01076f4a0000,fc,0,0,00aa,4d1a,0,0000,00aa,0,00aa,0000,1,1,0,0,0000,00b3,0000,0000,0000,0000,0,00b3,00aa,0000,0,009,00aa,00aa,1,a7,0112,00d0
1775,1775,0,df9b01076f4a0000,fc,0,0,00aa,4d1a,0,0000,00aa,0,00aa,0000,1,1,0,0,0000,00b3,0000,0000,0000,0000,0,00b3,00aa,0000,0,009,00aa,00aa,1,a7,0112,00d0
1776,1776,0,df9b01076f4a0000,fc,0,0,00aa,4d1a,0,0000,00aa,0,00aa,0000,1,1,0,0,0000,00b3,0000,0000,0000,0000,0,00b3,00aa,0000,0,009,00aa,00aa,1,a7,0112,00d0
1777,1777,0,df9b01076f4a0000,fc,0,0,00aa,4d1a,0,0000,00aa,0,00aa,0000,1,1,0,0,0000,00b3,0000,0000,0000,0000,0,00b3,00aa,0000,0,009,00aa,00aa,1,a7,0112,00d0
1778,1778,0,df9b01076f4a0000,fc,0,0,00aa,4d1a,0,0000,00aa,0,00aa,0000,1,1,0,0,0000,00b3,0000,0000,0000,0000,0,00b3,00aa,0000,0,009,00aa,00aa,1,a7,0112,00d0
1779,1779,0,df9b01076f4a0000,fc,0,0,00aa,4d1a,0,0000,00aa,0,00aa,0000,1,1,0,0,0000,00b3,0000,0000,0000,0000,0,00b3,00aa,0000,0,009,00aa,00aa,1,a7,0112,00d0
1780,1780,0,df9b01076f4a0000,fc,0,0,00aa,4d1a,0,0000,00aa,0,00aa,0000,1,1,0,0,0000,00b3,0000,0000,0000,0000,0,00b3,00aa,0000,0,009,00aa,00aa,1,a7,0112,00d0
1781,1781,0,df9b01076f4a0000,fc,0,0,00aa,4d1a,0,0000,00aa,0,00aa,0000,1,1,0,0,0000,00b3,0000,0000,0000,0000,0,00b3,00aa,0000,0,009,00aa,00aa,1,a7,0112,00d0
1782,1782,0,df9b01076f4a0000,fc,0,0,00aa,4d1a,0,0000,00aa,0,00aa,0000,1,1,0,0,0000,00b3,0000,0000,0000,0000,0,00b3,00aa,0000,0,009,00aa,00aa,1,a7,0112,00d0
1783,1783,0,df9b01076f4a0000,fc,0,0,00aa,4d1a,0,0000,00aa,0,00aa,0000,1,1,0,0,0000,00b3,0000,0000,0000,0000,0,00b3,00aa,0000,0,009,00aa,00aa,1,a7,0112,00d0
1784,1784,0,df9b01076f4a0000,fc,0,0,00aa,4d1a,0,0000,00aa,0,00aa,0000,1,1,0,0,0000,00b3,0000,0000,0000,0000,0,00b3,00aa,0000,0,009,00aa,00aa,1,a7,0112,00d0
1785,1785,0,df9b01076f4a0000,fc,0,0,00aa,4d1a,0,0000,00aa,0,00aa,0000,1,1,0,0,0000,00b3,0000,0000,0000,0000,0,00b3,00aa,0000,0,009,00aa,00aa,1,a7,0112,00d0
1786,1786,0,df9b01076f4a0000,fc,0,0,00aa,4d1a,0,0000,00aa,0,00aa,0000,1,1,0,0,0000,00b3,0000,0000,0000,0000,0,00b3,00aa,0000,0,009,00aa,00aa,1,a7,0112,00d0
1787,1787,0,df9b01076f4a0000,fc,0,0,00aa,4d1a,0,0000,00aa,0,00aa,0000,1,1,0,0,0000,00b3,0000,0000,0000,0000,0,00b3,00aa,0000,0,009,00aa,00aa,1,a7,0112,00d0
1788,1788,0,df9b01076f4a0000,fc,0,0,00aa,4d1a,0,0000,00aa,0,00aa,0000,1,1,0,0,0000,00b3,0000,0000,0000,0000,0,00b3,00aa,0000,0,009,00aa,00aa,1,a7,0112,00d0
1789,1789,0,df9b01076f4a0000,fc,0,0,00aa,4d1a,0,0000,00aa,0,00aa,0000,1,1,0,0,0000,00b3,0000,0000,0000,0000,0,00b3,00aa,0000,0,009,00aa,00aa,1,a7,0112,00d0
1790,1790,0,df9b01076f4a0000,fc,0,0,00aa,4d1a,0,0000,00aa,0,00aa,0000,1,1,0,0,0000,00b3,0000,0000,0000,0000,0,00b3,00aa,0000,0,009,00aa,00aa,1,a7,0112,00d0
1791,1791,0,df9b01076f4a0000,fc,0,0,00aa,4d1a,0,0000,00aa,0,00aa,0000,1,1,0,0,0000,00b3,0000,0000,0000,0000,0,00b3,00aa,0000,0,009,00aa,00aa,1,a7,0112,00d0
1792,1792,0,df9b01076f4a0000,fc,0,0,00aa,4d1a,0,0000,00aa,0,00aa,0000,1,1,0,0,0000,00b3,0000,0000,0000,0000,0,00b3,00aa,0000,0,009,00aa,00aa,1,a7,0112,00d0
1793,1793,0,df9b01076f4a0000,fc,0,0,00aa,4d1a,0,0000,00aa,0,00aa,0000,1,1,0,0,0000,00b3,0000,0000,0000,0000,0,00b3,00aa,0000,0,009,00aa,00aa,1,a7,0112,00d0
1794,1794,0,df9b01076f4a0000,fc,0,0,00aa,4d1a,0,0000,00aa,0,00aa,0000,1,1,0,0,0000,00b3,0000,0000,0000,0000,0,00b3,00aa,0000,0,009,00aa,00aa,1,a7,0112,00d0
1795,1795,0,df9b01076f4a0000,fc,0,0,00aa,4d1a,0,0000,00aa,0,00aa,0000,1,1,0,0,0000,00b3,0000,0000,0000,0000,0,00b3,00aa,0000,0,009,00aa,00aa,1,a7,0112,00d0
1796,1796,0,df9b01076f4a0000,fc,0,0,00aa,4d1a,0,0000,00aa,0,00aa,0000,1,1,0,0,0000,00b3,0000,0000,0000,0000,0,00b3,00aa,0000,0,009,00aa,00aa,1,a7,0112,00d0
1797,1797,0,df9b01076f4a0000,fc,0,0,00aa,4d1a,0,0000,00aa,0,00aa,0000,1,1,0,0,0000,00b3,0000,0000,0000,0000,0,00b3,00aa,0000,0,009,00aa,00aa,1,a7,0112,00d0
1798,1798,0,df9b01076f4a0000,fc,0,0,00aa,4d1a,0,0000,00aa,0,00aa,0000,1,1,0,0,0000,00b3,0000,0000,0000,0000,0,00b3,00aa,0000,0,009,00aa,00aa,1,a7,0112,00d0
1799,1799,0,df9b01076f4a0000,fc,0,0,00aa,4d1a,0,0000,00aa,0,00aa,0000,1,1,0,0,0000,00b3,0000,0000,0000,0000,0,00b3,00aa,0000,0,009,00aa,00aa,1,a7,0112,00d0
1800,1800,0,df9b01076f4a0000,fc,0,0,00aa,4d1a,0,0000,00aa,0,00aa,0000,1,1,0,0,0000,00b3,0000,0000,0000,0000,0,00b3,00aa,0000,0,009,00aa,00aa,1,a7,0112,00d0
1801,1801,0,df9b01076f4a0000,fc,0,0,00aa,4d1a,0,0000,00aa,0,00aa,0000,1,1,0,0,0000,00b3,0000,0000,0000,0000,0,00b3,00aa,0000,0,009,00aa,00aa,1,a7,0112,00d0
1802,1802,0,df9b01076f4a0000,fc,0,0,00aa,4d1a,0,0000,00aa,0,00aa,0000,1,1,0,0,0000,00b3,0000,0000,0000,0000,0,00b3,00aa,0000,0,009,00aa,00aa,1,a7,0112,00d0
1803,1803,0,df9b01076f4a0000,fc,0,0,00aa,4d1a,0,0000,00aa,0,00aa,0000,1,1,0,0,0000,00b3,0000,0000,0000,0000,0,00b3,00aa,0000,0,009,00aa,00aa,1,a7,0112,00d0
1804,1804,0,df9b01076f4a0000,fc,0,0,00aa,4d1a,0,0000,00aa,0,00aa,0000,1,1,0,0,0000,00b3,0000,0000,0000,0000,0,00b3,00aa,0000,0,009,00aa,00aa,1,a7,0112,00d0
1805,1805,0,df9b01076f4a0000,fc,0,0,00aa,4d1a,0,0000,00aa,0,00aa,0000,1,1,0,0,0000,00b3,0000,0000,0000,0000,0,00b3,00aa,0000,0,009,00aa,00aa,1,a7,0112,00d0
1806,1806,0,df9b01076f4a0000,fc,0,0,00aa,4d1a,0,0000,00aa,0,00aa,0000,1,1,0,0,0000,00b3,0000,0000,0000,0000,0,00b3,00aa,0000,0,009,00aa,00aa,1,a7,0112,00d0
1807,1807,0,df9b01076f4a0000,fc,0,0,00aa,4d1a,0,0000,00aa,0,00aa,0000,1,1,0,0,0000,00b3,0000,0000,0000,0000,0,00b3,00aa,0000,0,009,00aa,00aa,1,a7,0112,00d0
1808,1808,0,df9b01076f4a0000,fc,0,0,00aa,4d1a,0,0000,00aa,0,00aa,0000,1,1,0,0,0000,00b3,0000,0000,0000,0000,0,00b3,00aa,0000,0,009,00aa,00aa,1,a7,0112,00d0
1809,1809,0,df9b01076f4a0000,fc,0,0,00aa,4d1a,0,0000,00aa,0,00aa,0000,1,1,0,0,0000,00b3,0000,0000,0000,0000,0,00b3,00aa,0000,0,009,00aa,00aa,1,a7,0112,00d0
1810,1810,0,df9b01076f4a0000,fc,0,0,00aa,4d1a,0,0000,00aa,0,00aa,0000,1,1,0,0,0000,00b3,0000,0000,0000,0000,0,00b3,00aa,0000,0,009,00aa,00aa,1,a7,0112,00d0
1811,1811,0,df9b01076f4a0000,fc,0,0,00aa,4d1a,0,0000,00aa,0,00aa,0000,1,1,0,0,0000,00b3,0000,0000,0000,0000,0,00b3,00aa,0000,0,009,00aa,00aa,1,a7,0112,00d0
1812,1812,0,df9b01076f4a0000,fc,0,0,00aa,4d1a,0,0000,00aa,0,00aa,0000,1,1,0,0,0000,00b3,0000,0000,0000,0000,0,00b3,00aa,0000,0,009,00aa,00aa,1,a7,0112,00d0
1813,1813,0,df9b01076f4a0000,fc,0,0,00aa,4d1a,0,0000,00aa,0,00aa,0000,1,1,0,0,0000,00b3,0000,0000,0000,0000,0,00b3,00aa,0000,0,009,00aa,00aa,1,a7,0112,00d0
1814,1814,0,df9b01076f4a0000,fc,0,0,00aa,4d1a,0,0000,00aa,0,00aa,0000,1,1,0,0,0000,00b3,0000,0000,0000,0000,0,00b3,00aa,0000,0,009,00aa,00aa,1,a7,0112,00d0
1815,1815,0,df9b01076f4a0000,fc,0,0,00aa,4d1a,0,0000,00aa,0,00aa,0000,1,1,0,0,0000,00b3,0000,0000,0000,0000,0,00b3,00aa,0000,0,009,00aa,00aa,1,a7,0112,00d0
1816,1816,0,df9b01076f4a0000,fc,0,0,00aa,4d1a,0,0000,00aa,0,00aa,0000,1,1,0,0,0000,00b3,0000,0000,0000,0000,0,00b3,00aa,0000,0,009,00aa,00aa,1,a7,0112,00d0
1817,1817,0,df9b01076f4a0000,fc,0,0,00aa,4d1a,0,0000,00aa,0,00aa,0000,1,1,0,0,0000,00b3,0000,0000,0000,0000,0,00b3,00aa,0000,0,009,00aa,00aa,1,a7,0112,00d0
1818,1818,0,df9b01076f4a0000,fc,0,0,00aa,4d1a,0,0000,00aa,0,00aa,0000,1,1,0,0,0000,00b3,0000,0000,0000,0000,0,00b3,00aa,0000,0,009,00aa,00aa,1,a7,0112,00d0
1819,1819,0,df9b01076f4a0000,fc,0,0,00aa,4d1a,0,0000,00aa,0,00aa,0000,1,1,0,0,0000,00b3,0000,0000,0000,0000,0,00b3,00aa,0000,0,009,00aa,00aa,1,a7,0112,00d0
1820,1820,0,df9b01076f4a0000,fc,0,0,00aa,4d1a,0,0000,00aa,0,00aa,0000,1,1,0,0,0000,00b3,0000,0000,0000,0000,0,00b3,00aa,0000,0,009,00aa,00aa,1,a7,0112,00d0
1821,1821,0,df9b01076f4a0000,fc,0,0,00aa,4d1a,0,0000,00aa,0,00aa,0000,1,1,0,0,0000,00b3,0000,0000,0000,0000,0,00b3,00aa,0000,0,009,00aa,00aa,1,a7,0112,00d0
1822,1822,0,df9b01076f4a0000,fc,0,0,00aa,4d1a,0,0000,00aa,0,00aa,0000,1,1,0,0,0000,00b3,0000,0000,0000,0000,0,00b3,00aa,0000,0,009,00aa,00aa,1,a7,0112,00d0
1823,1823,0,df9b01076f4a0000,fc,0,0,00aa,4d1a,0,0000,00aa,0,00aa,0000,1,1,0,0,0000,00b3,0000,0000,0000,0000,0,00b3,00aa,0000,0,009,00aa,00aa,1,a7,0112,00d0
1824,1824,0,df9b01076f4a0000,fc,0,0,00aa,4d1a,0,0000,00aa,0,00aa,0000,1,1,0,0,0000,00b3,0000,0000,0000,0000,0,00b3,00aa,0000,0,009,00aa,00aa,1,a7,0112,00d0
1825,1825,0,df9b01076f4a0000,fc,0,0,00aa,4d1a,0,0000,00aa,0,00aa,0000,1,1,0,0,0000,00b3,0000,0000,0000,0000,0,00b3,00aa,0000,0,009,00aa,00aa,1,a7,0112,00d0
1826,1826,0,df9b01076f4a0000,fc,0,0,00aa,4d1a,0,0000,00aa,0,00aa,0000,1,1,0,0,0000,00b3,0000,0000,0000,0000,0,00b3,00aa,0000,0,009,00aa,00aa,1,a7,0112,00d0
1827,1827,0,df9b01076f4a0000,fc,0,0,00aa,4d1a,0,0000,00aa,0,00aa,0000,1,1,0,0,0000,00b3,0000,0000,0000,0000,0,00b3,00aa,0000,0,009,00aa,00aa,1,a7,0112,00d0
1828,1828,0,df9b01076f4a0000,fc,0,0,00aa,4d1a,0,0000,00aa,0,00aa,0000,1,1,0,0,0000,00b3,0000,0000,0000,0000,0,00b3,00aa,0000,0,009,00aa,00aa,1,a7,0112,00d0
1829,1829,0,df9b01076f4a0000,fc,0,0,00aa,4d1a,0,0000,00aa,0,00aa,0000,1,1,0,0,0000,00b3,0000,0000,0000,0000,0,00b3,00aa,0000,0,009,00aa,00aa,1,a7,0112,00d0
1830,1830,0,df9b01076f4a0000,fc,0,0,00aa,4d1a,0,0000,00aa,0,00aa,0000,1,1,0,0,0000,00b3,0000,0000,0000,0000,0,00b3,00aa,0000,0,009,00aa,00aa,1,a7,0112,00d0
1831,1831,0,df9b01076f4a0000,fc,0,0,00aa,4d1a,0,0000,00aa,0,00aa,0000,1,1,0,0,0000,00b3,0000,0000,0000,0000,0,00b3,00aa,0000,0,009,00aa,00aa,1,a7,0112,00d0
1832,1832,0,df9b01076f4a0000,fc,0,0,00aa,4d1a,0,0000,00aa,0,00aa,0000,1,1,0,0,0000,00b3,0000,0000,0000,0000,0,00b3,00aa,0000,0,009,00aa,00aa,1,a7,0112,00d0
1833,1833,0,df9b01076f4a0000,fc,0,0,00aa,4d1a,0,0000,00aa,0,00aa,0000,1,1,0,0,0000,00b3,0000,0000,0000,0000,0,00b3,00aa,0000,0,009,00aa,00aa,1,a7,0112,00d0
1834,1834,0,df9b01076f4a0000,fc,0,0,00aa,4d1a,0,0000,00aa,0,00aa,0000,1,1,0,0,0000,00b3,0000,0000,0000,0000,0,00b3,00aa,0000,0,009,00aa,00aa,1,a7,0112,00d0
1835,1835,0,df9b01076f4a0000,fc,0,0,00aa,4d1a,0,0000,00aa,0,00aa,0000,1,1,0,0,0000,00b3,0000,0000,0000,0000,0,00b3,00aa,0000,0,009,00aa,00aa,1,a7,0112,00d0
1836,1836,0,df9b01076f4a0000,fc,0,0,00aa,4d1a,0,0000,00aa,0,00aa,0000,1,1,0,0,0000,00b3,0000,0000,0000,0000,0,00b3,00aa,0000,0,009,00aa,00aa,1,a7,0112,00d0
1837,1837,0,df9b01076f4a0000,fc,0,0,00aa,4d1a,0,0000,00aa,0,00aa,0000,1,1,0,0,0000,00b3,0000,0000,0000,0000,0,00b3,00aa,0000,0,009,00aa,00aa,1,a7,0112,00d0
1838,1838,0,df9b01076f4a0000,fc,0,0,00aa,4d1a,0,0000,00aa,0,00aa,0000,1,1,0,0,0000,00b3,0000,0000,0000,0000,0,00b3,00aa,0000,0,009,00aa,00aa,1,a7,0112,00d0
1839,1839,0,df9b01076f4a0000,fc,0,0,00aa,4d1a,0,0000,00aa,0,00aa,0000,1,1,0,0,0000,00b3,0000,0000,0000,0000,0,00b3,00aa,0000,0,009,00aa,00aa,1,a7,0112,00d0
1840,1840,0,df9b01076f4a0000,fc,0,0,00aa,4d1a,0,0000,00aa,0,00aa,0000,1,1,0,0,0000,00b3,0000,0000,0000,0000,0,00b3,00aa,0000,0,009,00aa,00aa,1,a7,0112,00d0
1841,1841,0,df9b01076f4a0000,fc,0,0,00aa,4d1a,0,0000,00aa,0,00aa,0000,1,1,0,0,0000,00b3,0000,0000,0000,0000,0,00b3,00aa,0000,0,009,00aa,00aa,1,a7,0112,00d0
1842,1842,0,df9b01076f4a0000,fc,0,0,00aa,4d1a,0,0000,00aa,0,00aa,0000,1,1,0,0,0000,00b3,0000,0000,0000,0000,0,00b3,00aa,0000,0,009,00aa,00aa,1,a7,0112,00d0
1843,1843,0,df9b01076f4a0000,fc,0,0,00aa,4d1a,0,0000,00aa,0,00aa,0000,1,1,0,0,0000,00b3,0000,0000,0000,0000,0,00b3,00aa,0000,0,009,00aa,00aa,1,a7,0112,00d0
1844,1844,0,df9b01076f4a0000,fc,0,0,00aa,4d1a,0,0000,00aa,0,00aa,0000,1,1,0,0,0000,00b3,0000,0000,0000,0000,0,00b3,00aa,0000,0,009,00aa,00aa,1,a7,0112,00d0
1845,1845,0,df9b01076f4a0000,fc,0,0,00aa,4d1a,0,0000,00aa,0,00aa,0000,1,1,0,0,0000,00b3,0000,0000,0000,0000,0,00b3,00aa,0000,0,009,00aa,00aa,1,a7,0112,00d0
1846,1846,0,df9b01076f4a0000,fc,0,0,00aa,4d1a,0,0000,00aa,0,00aa,0000,1,1,0,0,0000,00b3,0000,0000,0000,0000,0,00b3,00aa,0000,0,009,00aa,00aa,1,a7,0112,00d0
1847,1847,0,df9b01076f4a0000,fc,0,0,00aa,4d1a,0,0000,00aa,0,00aa,0000,1,1,0,0,0000,00b3,0000,0000,0000,0000,0,00b3,00aa,0000,0,009,00aa,00aa,1,a7,0112,00d0
1848,1848,0,df9b01076f4a0000,fc,0,0,00aa,4d1a,0,0000,00aa,0,00aa,0000,1,1,0,0,0000,00b3,0000,0000,0000,0000,0,00b3,00aa,0000,0,009,00aa,00aa,1,a7,0112,00d0
1849,1849,0,df9b01076f4a0000,fc,0,0,00aa,4d1a,0,0000,00aa,0,00aa,0000,1,1,0,0,0000,00b3,0000,0000,0000,0000,0,00b3,00aa,0000,0,009,00aa,00aa,1,a7,0112,00d0
1850,1850,0,df9b01076f4a0000,fc,0,0,00aa,4d1a,0,0000,00aa,0,00aa,0000,1,1,0,0,0000,00b3,0000,0000,0000,0000,0,00b3,00aa,0000,0,009,00aa,00aa,1,a7,0112,00d0
1851,1851,0,df9b01076f4a0000,fc,0,0,00aa,4d1a,0,0000,00aa,0,00aa,0000,1,1,0,0,0000,00b3,0000,0000,0000,0000,0,00b3,00aa,0000,0,009,00aa,00aa,1,a7,0112,00d0
1852,1852,0,df9b01076f4a0000,fc,0,0,00aa,4d1a,0,0000,00aa,0,00aa,0000,1,1,0,0,0000,00b3,0000,0000,0000,0000,0,00b3,00aa,0000,0,009,00aa,00aa,1,a7,0112,00d0
1853,1853,0,df9b01076f4a0000,fc,0,0,00aa,4d1a,0,0000,00aa,0,00aa,0000,1,1,0,0,0000,00b3,0000,0000,0000,0000,0,00b3,00aa,0000,0,009,00aa,00aa,1,a7,0112,00d0
1854,1854,0,df9b01076f4a0000,fc,0,0,00aa,4d1a,0,0000,00aa,0,00aa,0000,1,1,0,0,0000,00b3,0000,0000,0000,0000,0,00b3,00aa,0000,0,009,00aa,00aa,1,a7,0112,00d0
1855,1855,0,df9b01076f4a0000,fc,0,0,00aa,4d1a,0,0000,00aa,0,00aa,0000,1,1,0,0,0000,00b3,0000,0000,0000,0000,0,00b3,00aa,0000,0,009,00aa,00aa,1,a7,0112,00d0
1856,1856,0,df9b01076f4a0000,fc,0,0,00aa,4d1a,0,0000,00aa,0,00aa,0000,1,1,0,0,0000,00b3,0000,0000,0000,0000,0,00b3,00aa,0000,0,009,00aa,00aa,1,a7,0112,00d0
1857,1857,0,df9b01076f4a0000,fc,0,0,00aa,4d1a,0,0000,00aa,0,00aa,0000,1,1,0,0,0000,00b3,0000,0000,0000,0000,0,00b3,00aa,0000,0,009,00aa,00aa,1,a7,0112,00d0
1858,1858,0,df9b01076f4a0000,fc,0,0,00aa,4d1a,0,0000,00aa,0,00aa,0000,1,1,0,0,0000,00b3,0000,0000,0000,0000,0,00b3,00aa,0000,0,009,00aa,00aa,1,a7,0112,00d0
1859,1859,0,df9b01076f4a0000,fc,0,0,00aa,4d1a,0,0000,00aa,0,00aa,0000,1,1,0,0,0000,00b3,0000,0000,0000,0000,0,00b3,00aa,0000,0,009,00aa,00aa,1,a7,0112,00d0
1860,1860,0,df9b01076f4a0000,fc,0,0,00aa,4d1a,0,0000,00aa,0,00aa,0000,1,1,0,0,0000,00b3,0000,0000,0000,0000,0,00b3,00aa,0000,0,009,00aa,00aa,1,a7,0112,00d0
1861,1861,0,df9b01076f4a0000,fc,0,0,00aa,4d1a,0,0000,00aa,0,00aa,0000,1,1,0,0,0000,00b3,0000,0000,0000,0000,0,00b3,00aa,0000,0,009,00aa,00aa,1,a7,0112,00d0
1862,1862,0,df9b01076f4a0000,fc,0,0,00aa,4d1a,0,0000,00aa,0,00aa,0000,1,1,0,0,0000,00b3,0000,0000,0000,0000,0,00b3,00aa,0000,0,009,00aa,00aa,1,a7,0112,00d0
1863,1863,0,df9b01076f4a0000,fc,0,0,00aa,4d1a,0,0000,00aa,0,00aa,0000,1,1,0,0,0000,00b3,0000,0000,0000,0000,0,00b3,00aa,0000,0,009,00aa,00aa,1,a7,0112,00d0
1864,1864,0,df9b01076f4a0000,fc,0,0,00aa,4d1a,0,0000,00aa,0,00aa,0000,1,1,0,0,0000,00b3,0000,0000,0000,0000,0,00b3,00aa,0000,0,009,00aa,00aa,1,a7,0112,00d0
1865,1865,0,df9b01076f4a0000,fc,0,0,00aa,4d1a,0,0000,00aa,0,00aa,0000,1,1,0,0,0000,00b3,0000,0000,0000,0000,0,00b3,00aa,0000,0,009,00aa,00aa,1,a7,0112,00d0
1866,1866,0,df9b01076f4a0000,fc,0,0,00aa,4d1a,0,0000,00aa,0,00aa,0000,1,1,0,0,0000,00b3,0000,0000,0000,0000,0,00b3,00aa,0000,0,009,00aa,00aa,1,a7,0112,00d0
1867,1867,0,df9b01076f4a0000,fc,0,0,00aa,4d1a,0,0000,00aa,0,00aa,0000,1,1,0,0,0000,00b3,0000,0000,0000,0000,0,00b3,00aa,0000,0,009,00aa,00aa,1,a7,0112,00d0
1868,1868,0,df9b01076f4a0000,fc,0,0,00aa,4d1a,0,0000,00aa,0,00aa,0000,1,1,0,0,0000,00b3,0000,0000,0000,0000,0,00b3,00aa,0000,0,009,00aa,00aa,1,a7,0112,00d0
1869,1869,0,df9b01076f4a0000,fc,0,0,00aa,4d1a,0,0000,00aa,0,00aa,0000,1,1,0,0,0000,00b3,0000,0000,0000,0000,0,00b3,00aa,0000,0,009,00aa,00aa,1,a7,0112,00d0
1870,1870,0,df9b01076f4a0000,fc,0,0,00aa,4d1a,0,0000,00aa,0,00aa,0000,1,1,0,0,0000,00b3,0000,0000,0000,0000,0,00b3,00aa,0000,0,009,00aa,00aa,1,a7,0112,00d0
1871,1871,0,df9b01076f4a0000,fc,0,0,00aa,4d1a,0,0000,00aa,0,00aa,0000,1,1,0,0,0000,00b3,0000,0000,0000,0000,0,00b3,00aa,0000,0,009,00aa,00aa,1,a7,0112,00d0
1872,1872,0,df9b01076f4a0000,fc,0,0,00aa,4d1a,0,0000,00aa,0,00aa,0000,1,1,0,0,0000,00b3,0000,0000,0000,0000,0,00b3,00aa,0000,0,009,00aa,00aa,1,a7,0112,00d0
1873,1873,0,df9b01076f4a0000,fc,0,0,00aa,4d1a,0,0000,00aa,0,00aa,0000,1,1,0,0,0000,00b3,0000,0000,0000,0000,0,00b3,00aa,0000,0,009,00aa,00aa,1,a7,0112,00d0
1874,1874,0,df9b01076f4a0000,fc,0,0,00aa,4d1a,0,0000,00aa,0,00aa,0000,1,1,0,0,0000,00b3,0000,0000,0000,0000,0,00b3,00aa,0000,0,009,00aa,00aa,1,a7,0112,00d0
1875,1875,0,df9b01076f4a0000,fc,0,0,00aa,4d1a,0,0000,00aa,0,00aa,0000,1,1,0,0,0000,00b3,0000,0000,0000,0000,0,00b3,00aa,0000,0,009,00aa,00aa,1,a7,0112,00d0
1876,1876,0,df9b01076f4a0000,fc,0,0,00aa,4d1a,0,0000,00aa,0,00aa,0000,1,1,0,0,0000,00b3,0000,0000,0000,0000,0,00b3,00aa,0000,0,009,00aa,00aa,1,a7,0112,00d0
1877,1877,0,df9b01076f4a0000,fc,0,0,00aa,4d1a,0,0000,00aa,0,00aa,0000,1,1,0,0,0000,00b3,0000,0000,0000,0000,0,00b3,00aa,0000,0,009,00aa,00aa,1,a7,0112,00d0
1878,1878,0,df9b01076f4a0000,fc,0,0,00aa,4d1a,0,0000,00aa,0,00aa,0000,1,1,0,0,0000,00b3,0000,0000,0000,0000,0,00b3,00aa,0000,0,009,00aa,00aa,1,a7,0112,00d0
1879,1879,0,df9b01076f4a0000,fc,0,0,00aa,4d1a,0,0000,00aa,0,00aa,0000,1,1,0,0,0000,00b3,0000,0000,0000,0000,0,00b3,00aa,0000,0,009,00aa,00aa,1,a7,0112,00d0
1880,1880,0,df9b01076f4a0000,fc,0,0,00aa,4d1a,0,0000,00aa,0,00aa,0000,1,1,0,0,0000,00b3,0000,0000,0000,0000,0,00b3,00aa,0000,0,009,00aa,00aa,1,a7,0112,00d0
1881,1881,0,df9b01076f4a0000,fc,0,0,00aa,4d1a,0,0000,00aa,0,00aa,0000,1,1,0,0,0000,00b3,0000,0000,0000,0000,0,00b3,00aa,0000,0,009,00aa,00aa,1,a7,0112,00d0
1882,1882,0,df9b01076f4a0000,fc,0,0,00aa,4d1a,0,0000,00aa,0,00aa,0000,1,1,0,0,0000,00b3,0000,0000,0000,0000,0,00b3,00aa,0000,0,009,00aa,00aa,1,a7,0112,00d0
1883,1883,0,df9b01076f4a0000,fc,0,0,00aa,4d1a,0,0000,00aa,0,00aa,0000,1,1,0,0,0000,00b3,0000,0000,0000,0000,0,00b3,00aa,0000,0,009,00aa,00aa,1,a7,0112,00d0
1884,1884,0,df9b01076f4a0000,fc,0,0,00aa,4d1a,0,0000,00aa,0,00aa,0000,1,1,0,0,0000,00b3,0000,0000,0000,0000,0,00b3,00aa,0000,0,009,00aa,00aa,1,a7,0112,00d0
1885,1885,0,df9b01076f4a0000,fc,0,0,00aa,4d1a,0,0000,00aa,0,00aa,0000,1,1,0,0,0000,00b3,0000,0000,0000,0000,0,00b3,00aa,0000,0,009,00aa,00aa,1,a7,0112,00d0
1886,1886,0,df9b01076f4a0000,fc,0,0,00aa,4d1a,0,0000,00aa,0,00aa,0000,1,1,0,0,0000,00b3,0000,0000,0000,0000,0,00b3,00aa,0000,0,009,00aa,00aa,1,a7,0112,00d0
1887,1887,0,df9b01076f4a0000,fc,0,0,00aa,4d1a,0,0000,00aa,0,00aa,0000,1,1,0,0,0000,00b3,0000,0000,0000,0000,0,00b3,00aa,0000,0,009,00aa,00aa,1,a7,0112,00d0
1888,1888,0,df9b01076f4a0000,fc,0,0,00aa,4d1a,0,0000,00aa,0,00aa,0000,1,1,0,0,0000,00b3,0000,0000,0000,0000,0,00b3,00aa,0000,0,009,00aa,00aa,1,a7,0112,00d0
1889,1889,0,df9b01076f4a0000,fc,0,0,00aa,4d1a,0,0000,00aa,0,00aa,0000,1,1,0,0,0000,00b3,0000,0000,0000,0000,0,00b3,00aa,0000,0,009,00aa,00aa,1,a7,0112,00d0
1890,1890,0,df9b01076f4a0000,fc,0,0,00aa,4d1a,0,0000,00aa,0,00aa,0000,1,1,0,0,0000,00b3,0000,0000,0000,0000,0,00b3,00aa,0000,0,009,00aa,00aa,1,a7,0112,00d0
1891,1891,0,df9b01076f4a0000,fc,0,0,00aa,4d1a,0,0000,00aa,0,00aa,0000,1,1,0,0,0000,00b3,0000,0000,0000,0000,0,00b3,00aa,0000,0,009,00aa,00aa,1,a7,0112,00d0
1892,1892,0,df9b01076f4a0000,fc,0,0,00aa,4d1a,0,0000,00aa,0,00aa,0000,1,1,0,0,0000,00b3,0000,0000,0000,0000,0,00b3,00aa,0000,0,009,00aa,00aa,1,a7,0112,00d0
1893,1893,0,df9b01076f4a0000,fc,0,0,00aa,4d1a,0,0000,00aa,0,00aa,0000,1,1,0,0,0000,00b3,0000,0000,0000,0000,0,00b3,00aa,0000,0,009,00aa,00aa,1,a7,0112,00d0
1894,1894,0,df9b01076f4a0000,fc,0,0,00aa,4d1a,0,0000,00aa,0,00aa,0000,1,1,0,0,0000,00b3,0000,0000,0000,0000,0,00b3,00aa,0000,0,009,00aa,00aa,1,a7,0112,00d0
1895,1895,0,df9b01076f4a0000,fc,0,0,00aa,4d1a,0,0000,00aa,0,00aa,0000,1,1,0,0,0000,00b3,0000,0000,0000,0000,0,00b3,00aa,0000,0,009,00aa,00aa,1,a7,0112,00d0
1896,1896,0,df9b01076f4a0000,fc,0,0,00aa,4d1a,0,0000,00aa,0,00aa,0000,1,1,0,0,0000,00b3,0000,0000,0000,0000,0,00b3,00aa,0000,0,009,00aa,00aa,1,a7,0112,00d0
1897,1897,0,df9b01076f4a0000,fc,0,0,00aa,4d1a,0,0000,00aa,0,00aa,0000,1,1,0,0,0000,00b3,0000,0000,0000,0000,0,00b3,00aa,0000,0,009,00aa,00aa,1,a7,0112,00d0
1898,1898,0,df9b01076f4a0000,fc,0,0,00aa,4d1a,0,0000,00aa,0,00aa,0000,1,1,0,0,0000,00b3,0000,0000,0000,0000,0,00b3,00aa,0000,0,009,00aa,00aa,1,a7,0112,00d0
1899,1899,0,df9b01076f4a0000,fc,0,0,00aa,4d1a,0,0000,00aa,0,00aa,0000,1,1,0,0,0000,00b3,0000,0000,0000,0000,0,00b3,00aa,0000,0,009,00aa,00aa,1,a7,0112,00d0
1900,1900,0,df9b01076f4a0000,fc,0,0,00aa,4d1a,0,0000,00aa,0,00aa,0000,1,1,0,0,0000,00b3,0000,0000,0000,0000,0,00b3,00aa,0000,0,009,00aa,00aa,1,a7,0112,00d0
1901,1901,0,df9b01076f4a0000,fc,0,0,00aa,4d1a,0,0000,00aa,0,00aa,0000,1,1,0,0,0000,00b3,0000,0000,0000,0000,0,00b3,00aa,0000,0,009,00aa,00aa,1,a7,0112,00d0
1902,1902,0,df9b01076f4a0000,fc,0,0,00aa,4d1a,0,0000,00aa,0,00aa,0000,1,1,0,0,0000,00b3,0000,0000,0000,0000,0,00b3,00aa,0000,0,009,00aa,00aa,1,a7,0112,00d0
1903,1903,0,df9b01076f4a0000,fc,0,0,00aa,4d1a,0,0000,00aa,0,00aa,0000,1,1,0,0,0000,00b3,0000,0000,0000,0000,0,00b3,00aa,0000,0,009,00aa,00aa,1,a7,0112,00d0
1904,1904,0,df9b01076f4a0000,fc,0,0,00aa,4d1a,0,0000,00aa,0,00aa,0000,1,1,0,0,0000,00b3,0000,0000,0000,0000,0,00b3,00aa,0000,0,009,00aa,00aa,1,a7,0112,00d0
1905,1905,0,df9b01076f4a0000,fc,0,0,00aa,4d1a,0,0000,00aa,0,00aa,0000,1,1,0,0,0000,00b3,0000,0000,0000,0000,0,00b3,00aa,0000,0,009,00aa,00aa,1,a7,0112,00d0
1906,1906,0,df9b01076f4a0000,fc,0,0,00aa,4d1a,0,0000,00aa,0,00aa,0000,1,1,0,0,0000,00b3,0000,0000,0000,0000,0,00b3,00aa,0000,0,009,00aa,00aa,1,a7,0112,00d0
1907,1907,0,df9b01076f4a0000,fc,0,0,00aa,4d1a,0,0000,00aa,0,00aa,0000,1,1,0,0,0000,00b3,0000,0000,0000,0000,0,00b3,00aa,0000,0,009,00aa,00aa,1,a7,0112,00d0
1908,1908,0,df9b01076f4a0000,fc,0,0,00aa,4d1a,0,0000,00aa,0,00aa,0000,1,1,0,0,0000,00b3,0000,0000,0000,0000,0,00b3,00aa,0000,0,009,00aa,00aa,1,a7,0112,00d0
1909,1909,0,df9b01076f4a0000,fc,0,0,00aa,4d1a,0,0000,00aa,0,00aa,0000,1,1,0,0,0000,00b3,0000,0000,0000,0000,0,00b3,00aa,0000,0,009,00aa,00aa,1,a7,0112,00d0
1910,1910,0,df9b01076f4a0000,fc,0,0,00aa,4d1a,0,0000,00aa,0,00aa,0000,1,1,0,0,0000,00b3,0000,0000,0000,0000,0,00b3,00aa,0000,0,009,00aa,00aa,1,a7,0112,00d0
1911,1911,0,df9b01076f4a0000,fc,0,0,00aa,4d1a,0,0000,00aa,0,00aa,0000,1,1,0,0,0000,00b3,0000,0000,0000,0000,0,00b3,00aa,0000,0,009,00aa,00aa,1,a7,0112,00d0
1912,1912,0,df9b01076f4a0000,fc,0,0,00aa,4d1a,0,0000,00aa,0,00aa,0000,1,1,0,0,0000,00b3,0000,0000,0000,0000,0,00b3,00aa,0000,0,009,00aa,00aa,1,a7,0112,00d0
1913,1913,0,df9b01076f4a0000,fc,0,0,00aa,4d1a,0,0000,00aa,0,00aa,0000,1,1,0,0,0000,00b3,0000,0000,0000,0000,0,00b3,00aa,0000,0,009,00aa,00aa,1,a7,0112,00d0
1914,1914,0,df9b01076f4a0000,fc,0,0,00aa,4d1a,0,0000,00aa,0,00aa,0000,1,1,0,0,0000,00b3,0000,0000,0000,0000,0,00b3,00aa,0000,0,009,00aa,00aa,1,a7,0112,00d0
1915,1915,0,df9b01076f4a0000,fc,0,0,00aa,4d1a,0,0000,00aa,0,00aa,0000,1,1,0,0,0000,00b3,0000,0000,0000,0000,0,00b3,00aa,0000,0,009,00aa,00aa,1,a7,0112,00d0
1916,1916,0,df9b01076f4a0000,fc,0,0,00aa,4d1a,0,0000,00aa,0,00aa,0000,1,1,0,0,0000,00b3,0000,0000,0000,0000,0,00b3,00aa,0000,0,009,00aa,00aa,1,a7,0112,00d0
1917,1917,0,df9b01076f4a0000,fc,0,0,00aa,4d1a,0,0000,00aa,0,00aa,0000,1,1,0,0,0000,00b3,0000,0000,0000,0000,0,00b3,00aa,0000,0,009,00aa,00aa,1,a7,0112,00d0
1918,1918,0,df9b01076f4a0000,fc,0,0,00aa,4d1a,0,0000,00aa,0,00aa,0000,1,1,0,0,0000,00b3,0000,0000,0000,0000,0,00b3,00aa,0000,0,009,00aa,00aa,1,a7,0112,00d0
1919,1919,0,df9b01076f4a0000,fc,0,0,00aa,4d1a,0,0000,00aa,0,00aa,0000,1,1,0,0,0000,00b3,0000,0000,0000,0000,0,00b3,00aa,0000,0,009,00aa,00aa,1,a7,0112,00d0
1920,1920,0,df9b01076f4a0000,fc,0,0,00aa,4d1a,0,0000,00aa,0,00aa,0000,1,1,0,0,0000,00b3,0000,0000,0000,0000,0,00b3,00aa,0000,0,009,00aa,00aa,1,a7,0112,00d0
1921,1921,0,df9b01076f4a0000,fc,0,0,00aa,4d1a,0,0000,00aa,0,00aa,0000,1,1,0,0,0000,00b3,0000,0000,0000,0000,0,00b3,00aa,0000,0,009,00aa,00aa,1,a7,0112,00d0
1922,1922,0,df9b01076f4a0000,fc,0,0,00aa,4d1a,0,0000,00aa,0,00aa,0000,1,1,0,0,0000,00b3,0000,0000,0000,0000,0,00b3,00aa,0000,0,009,00aa,00aa,1,a7,0112,00d0
1923,1923,0,df9b01076f4a0000,fc,0,0,00aa,4d1a,0,0000,00aa,0,00aa,0000,1,1,0,0,0000,00b3,0000,0000,0000,0000,0,00b3,00aa,0000,0,009,00aa,00aa,1,a7,0112,00d0
1924,1924,0,df9b01076f4a0000,fc,0,0,00aa,4d1a,0,0000,00aa,0,00aa,0000,1,1,0,0,0000,00b3,0000,0000,0000,0000,0,00b3,00aa,0000,0,009,00aa,00aa,1,a7,0112,00d0
1925,1925,0,df9b01076f4a0000,fc,0,0,00aa,4d1a,0,0000,00aa,0,00aa,0000,1,1,0,0,0000,00b3,0000,0000,0000,0000,0,00b3,00aa,0000,0,009,00aa,00aa,1,a7,0112,00d0
1926,1926,0,df9b01076f4a0000,fc,0,0,00aa,4d1a,0,0000,00aa,0,00aa,0000,1,1,0,0,0000,00b3,0000,0000,0000,0000,0,00b3,00aa,0000,0,009,00aa,00aa,1,a7,0112,00d0
1927,1927,0,df9b01076f4a0000,fc,0,0,00aa,4d1a,0,0000,00aa,0,00aa,0000,1,1,0,0,0000,00b3,0000,0000,0000,0000,0,00b3,00aa,0000,0,009,00aa,00aa,1,a7,0112,00d0
1928,1928,0,df9b01076f4a0000,fc,0,0,00aa,4d1a,0,0000,00aa,0,00aa,0000,1,1,0,0,0000,00b3,0000,0000,0000,0000,0,00b3,00aa,0000,0,009,00aa,00aa,1,a7,0112,00d0
1929,1929,0,df9b01076f4a0000,fc,0,0,00aa,4d1a,0,0000,00aa,0,00aa,0000,1,1,0,0,0000,00b3,0000,0000,0000,0000,0,00b3,00aa,0000,0,009,00aa,00aa,1,a7,0112,00d0
1930,1930,0,df9b01076f4a0000,fc,0,0,00aa,4d1a,0,0000,00aa,0,00aa,0000,1,1,0,0,0000,00b3,0000,0000,0000,0000,0,00b3,00aa,0000,0,009,00aa,00aa,1,a7,0112,00d0
1931,1931,0,df9b01076f4a0000,fc,0,0,00aa,4d1a,0,0000,00aa,0,00aa,0000,1,1,0,0,0000,00b3,0000,0000,0000,0000,0,00b3,00aa,0000,0,009,00aa,00aa,1,a7,0112,00d0
1932,1932,0,df9b01076f4a0000,fc,0,0,00aa,4d1a,0,0000,00aa,0,00aa,0000,1,1,0,0,0000,00b3,0000,0000,0000,0000,0,00b3,00aa,0000,0,009,00aa,00aa,1,a7,0112,00d0
1933,1933,0,df9b01076f4a0000,fc,0,0,00aa,4d1a,0,0000,00aa,0,00aa,0000,1,1,0,0,0000,00b3,0000,0000,0000,0000,0,00b3,00aa,0000,0,009,00aa,00aa,1,a7,0112,00d0
1934,1934,0,df9b01076f4a0000,fc,0,0,00aa,4d1a,0,0000,00aa,0,00aa,0000,1,1,0,0,0000,00b3,0000,0000,0000,0000,0,00b3,00aa,0000,0,009,00aa,00aa,1,a7,0112,00d0
1935,1935,0,df9b01076f4a0000,fc,0,0,00aa,4d1a,0,0000,00aa,0,00aa,0000,1,1,0,0,0000,00b3,0000,0000,0000,0000,0,00b3,00aa,0000,0,009,00aa,00aa,1,a7,0112,00d0
1936,1936,0,df9b01076f4a0000,fc,0,0,00aa,4d1a,0,0000,00aa,0,00aa,0000,1,1,0,0,0000,00b3,0000,0000,0000,0000,0,00b3,00aa,0000,0,009,00aa,00aa,1,a7,0112,00d0
1937,1937,0,df9b01076f4a0000,fc,0,0,00aa,4d1a,0,0000,00aa,0,00aa,0000,1,1,0,0,0000,00b3,0000,0000,0000,0000,0,00b3,00aa,0000,0,009,00aa,00aa,1,a7,0112,00d0
1938,1938,0,df9b01076f4a0000,fc,0,0,00aa,4d1a,0,0000,00aa,0,00aa,0000,1,1,0,0,0000,00b3,0000,0000,0000,0000,0,00b3,00aa,0000,0,009,00aa,00aa,1,a7,0112,00d0
1939,1939,0,df9b01076f4a0000,fc,0,0,00aa,4d1a,0,0000,00aa,0,00aa,0000,1,1,0,0,0000,00b3,0000,0000,0000,0000,0,00b3,00aa,0000,0,009,00aa,00aa,1,a7,0112,00d0
1940,1940,0,df9b01076f4a0000,fc,0,0,00aa,4d1a,0,0000,00aa,0,00aa,0000,1,1,0,0,0000,00b3,0000,0000,0000,0000,0,00b3,00aa,0000,0,009,00aa,00aa,1,a7,0112,00d0
1941,1941,0,df9b01076f4a0000,fc,0,0,00aa,4d1a,0,0000,00aa,0,00aa,0000,1,1,0,0,0000,00b3,0000,0000,0000,0000,0,00b3,00aa,0000,0,009,00aa,00aa,1,a7,0112,00d0
1942,1942,0,df9b01076f4a0000,fc,0,0,00aa,4d1a,0,0000,00aa,0,00aa,0000,1,1,0,0,0000,00b3,0000,0000,0000,0000,0,00b3,00aa,0000,0,009,00aa,00aa,1,a7,0112,00d0
1943,1943,0,df9b01076f4a0000,fc,0,0,00aa,4d1a,0,0000,00aa,0,00aa,0000,1,1,0,0,0000,00b3,0000,0000,0000,0000,0,00b3,00aa,0000,0,009,00aa,00aa,1,a7,0112,00d0
1944,1944,0,df9b01076f4a0000,fc,0,0,00aa,4d1a,0,0000,00aa,0,00aa,0000,1,1,0,0,0000,00b3,0000,0000,0000,0000,0,00b3,00aa,0000,0,009,00aa,00aa,1,a7,0112,00d0
1945,1945,0,df9b01076f4a0000,fc,0,0,00aa,4d1a,0,0000,00aa,0,00aa,0000,1,1,0,0,0000,00b3,0000,0000,0000,0000,0,00b3,00aa,0000,0,009,00aa,00aa,1,a7,0112,00d0
1946,1946,0,df9b01076f4a0000,fc,0,0,00aa,4d1a,0,0000,00aa,0,00aa,0000,1,1,0,0,0000,00b3,0000,0000,0000,0000,0,00b3,00aa,0000,0,009,00aa,00aa,1,a7,0112,00d0
1947,1947,0,df9b01076f4a0000,fc,0,0,00aa,4d1a,0,0000,00aa,0,00aa,0000,1,1,0,0,0000,00b3,0000,0000,0000,0000,0,00b3,00aa,0000,0,009,00aa,00aa,1,a7,0112,00d0
1948,1948,0,df9b01076f4a0000,fc,0,0,00aa,4d1a,0,0000,00aa,0,00aa,0000,1,1,0,0,0000,00b3,0000,0000,0000,0000,0,00b3,00aa,0000,0,009,00aa,00aa,1,a7,0112,00d0
1949,1949,0,df9b01076f4a0000,fc,0,0,00aa,4d1a,0,0000,00aa,0,00aa,0000,1,1,0,0,0000,00b3,0000,0000,0000,0000,0,00b3,00aa,0000,0,009,00aa,00aa,1,a7,0112,00d0
1950,1950,0,df9b01076f4a0000,fc,0,0,00aa,4d1a,0,0000,00aa,0,00aa,0000,1,1,0,0,0000,00b3,0000,0000,0000,0000,0,00b3,00aa,0000,0,009,00aa,00aa,1,a7,0112,00d0
1951,1951,0,df9b01076f4a0000,fc,0,0,00aa,4d1a,0,0000,00aa,0,00aa,0000,1,1,0,0,0000,00b3,0000,0000,0000,0000,0,00b3,00aa,0000,0,009,00aa,00aa,1,a7,0112,00d0
1952,1952,0,df9b01076f4a0000,fc,0,0,00aa,4d1a,0,0000,00aa,0,00aa,0000,1,1,0,0,0000,00b3,0000,0000,0000,0000,0,00b3,00aa,0000,0,009,00aa,00aa,1,a7,0112,00d0
1953,1953,0,df9b01076f4a0000,fc,0,0,00aa,4d1a,0,0000,00aa,0,00aa,0000,1,1,0,0,0000,00b3,0000,0000,0000,0000,0,00b3,00aa,0000,0,009,00aa,00aa,1,a7,0112,00d0
1954,1954,0,df9b01076f4a0000,fc,0,0,00aa,4d1a,0,0000,00aa,0,00aa,0000,1,1,0,0,0000,00b3,0000,0000,0000,0000,0,00b3,00aa,0000,0,009,00aa,00aa,1,a7,0112,00d0
1955,1955,0,df9b01076f4a0000,fc,0,0,00aa,4d1a,0,0000,00aa,0,00aa,0000,1,1,0,0,0000,00b3,0000,0000,0000,0000,0,00b3,00aa,0000,0,009,00aa,00aa,1,a7,0112,00d0
1956,1956,0,df9b01076f4a0000,fc,0,0,00aa,4d1a,0,0000,00aa,0,00aa,0000,1,1,0,0,0000,00b3,0000,0000,0000,0000,0,00b3,00aa,0000,0,009,00aa,00aa,1,a7,0112,00d0
1957,1957,0,df9b01076f4a0000,fc,0,0,00aa,4d1a,0,0000,00aa,0,00aa,0000,1,1,0,0,0000,00b3,0000,0000,0000,0000,0,00b3,00aa,0000,0,009,00aa,00aa,1,a7,0112,00d0
1958,1958,0,df9b01076f4a0000,fc,0,0,00aa,4d1a,0,0000,00aa,0,00aa,0000,1,1,0,0,0000,00b3,0000,0000,0000,0000,0,00b3,00aa,0000,0,009,00aa,00aa,1,a7,0112,00d0
1959,1959,0,df9b01076f4a0000,fc,0,0,00aa,4d1a,0,0000,00aa,0,00aa,0000,1,1,0,0,0000,00b3,0000,0000,0000,0000,0,00b3,00aa,0000,0,009,00aa,00aa,1,a7,0112,00d0
1960,1960,0,df9b01076f4a0000,fc,0,0,00aa,4d1a,0,0000,00aa,0,00aa,0000,1,1,0,0,0000,00b3,0000,0000,0000,0000,0,00b3,00aa,0000,0,009,00aa,00aa,1,a7,0112,00d0
1961,1961,0,df9b01076f4a0000,fc,0,0,00aa,4d1a,0,0000,00aa,0,00aa,0000,1,1,0,0,0000,00b3,0000,0000,0000,0000,0,00b3,00aa,0000,0,009,00aa,00aa,1,a7,0112,00d0
1962,1962,0,df9b01076f4a0000,fc,0,0,00aa,4d1a,0,0000,00aa,0,00aa,0000,1,1,0,0,0000,00b3,0000,0000,0000,0000,0,00b3,00aa,0000,0,009,00aa,00aa,1,a7,0112,00d0
1963,1963,0,df9b01076f4a0000,fc,0,0,00aa,4d1a,0,0000,00aa,0,00aa,0000,1,1,0,0,0000,00b3,0000,0000,0000,0000,0,00b3,00aa,0000,0,009,00aa,00aa,1,a7,0112,00d0
1964,1964,0,df9b01076f4a0000,fc,0,0,00aa,4d1a,0,0000,00aa,0,00aa,0000,1,1,0,0,0000,00b3,0000,0000,0000,0000,0,00b3,00aa,0000,0,009,00aa,00aa,1,a7,0112,00d0
1965,1965,0,df9b01076f4a0000,fc,0,0,00aa,4d1a,0,0000,00aa,0,00aa,0000,1,1,0,0,0000,00b3,0000,0000,0000,0000,0,00b3,00aa,0000,0,009,00aa,00aa,1,a7,0112,00d0
1966,1966,0,df9b01076f4a0000,fc,0,0,00aa,4d1a,0,0000,00aa,0,00aa,0000,1,1,0,0,0000,00b3,0000,0000,0000,0000,0,00b3,00aa,0000,0,009,00aa,00aa,1,a7,0112,00d0
1967,1967,0,df9b01076f4a0000,fc,0,0,00aa,4d1a,0,0000,00aa,0,00aa,0000,1,1,0,0,0000,00b3,0000,0000,0000,0000,0,00b3,00aa,0000,0,009,00aa,00aa,1,a7,0112,00d0
1968,1968,0,df9b01076f4a0000,fc,0,0,00aa,4d1a,0,0000,00aa,0,00aa,0000,1,1,0,0,0000,00b3,0000,0000,0000,0000,0,00b3,00aa,0000,0,009,00aa,00aa,1,a7,0112,00d0
1969,1969,0,df9b01076f4a0000,fc,0,0,00aa,4d1a,0,0000,00aa,0,00aa,0000,1,1,0,0,0000,00b3,0000,0000,0000,0000,0,00b3,00aa,0000,0,009,00aa,00aa,1,a7,0112,00d0
1970,1970,0,df9b01076f4a0000,fc,0,0,00aa,4d1a,0,0000,00aa,0,00aa,0000,1,1,0,0,0000,00b3,0000,0000,0000,0000,0,00b3,00aa,0000,0,009,00aa,00aa,1,a7,0112,00d0
1971,1971,0,df9b01076f4a0000,fc,0,0,00aa,4d1a,0,0000,00aa,0,00aa,0000,1,1,0,0,0000,00b3,0000,0000,0000,0000,0,00b3,00aa,0000,0,009,00aa,00aa,1,a7,0112,00d0
1972,1972,0,df9b01076f4a0000,fc,0,0,00aa,4d1a,0,0000,00aa,0,00aa,0000,1,1,0,0,0000,00b3,0000,0000,0000,0000,0,00b3,00aa,0000,0,009,00aa,00aa,1,a7,0112,00d0
1973,1973,0,df9b01076f4a0000,fc,0,0,00aa,4d1a,0,0000,00aa,0,00aa,0000,1,1,0,0,0000,00b3,0000,0000,0000,0000,0,00b3,00aa,0000,0,009,00aa,00aa,1,a7,0112,00d0
1974,1974,0,df9b01076f4a0000,fc,0,0,00aa,4d1a,0,0000,00aa,0,00aa,0000,1,1,0,0,0000,00b3,0000,0000,0000,0000,0,00b3,00aa,0000,0,009,00aa,00aa,1,a7,0112,00d0
1975,1975,0,df9b01076f4a0000,fc,0,0,00aa,4d1a,0,0000,00aa,0,00aa,0000,1,1,0,0,0000,00b3,0000,0000,0000,0000,0,00b3,00aa,0000,0,009,00aa,00aa,1,a7,0112,00d0
1976,1976,0,df9b01076f4a0000,fc,0,0,00aa,4d1a,0,0000,00aa,0,00aa,0000,1,1,0,0,0000,00b3,0000,0000,0000,0000,0,00b3,00aa,0000,0,009,00aa,00aa,1,a7,0112,00d0
1977,1977,0,df9b01076f4a0000,fc,0,0,00aa,4d1a,0,0000,00aa,0,00aa,0000,1,1,0,0,0000,00b3,0000,0000,0000,0000,0,00b3,00aa,0000,0,009,00aa,00aa,1,a7,0112,00d0
1978,1978,0,df9b01076f4a0000,fc,0,0,00aa,4d1a,0,0000,00aa,0,00aa,0000,1,1,0,0,0000,00b3,0000,0000,0000,0000,0,00b3,00aa,0000,0,009,00aa,00aa,1,a7,0112,00d0
1979,1979,0,df9b01076f4a0000,fc,0,0,00aa,4d1a,0,0000,00aa,0,00aa,0000,1,1,0,0,0000,00b3,0000,0000,0000,0000,0,00b3,00aa,0000,0,009,00aa,00aa,1,a7,0112,00d0
1980,1980,0,df9b01076f4a0000,fc,0,0,00aa,4d1a,0,0000,00aa,0,00aa,0000,1,1,0,0,0000,00b3,0000,0000,0000,0000,0,00b3,00aa,0000,0,009,00aa,00aa,1,a7,0112,00d0
1981,1981,0,df9b01076f4a0000,fc,0,0,00aa,4d1a,0,0000,00aa,0,00aa,0000,1,1,0,0,0000,00b3,0000,0000,0000,0000,0,00b3,00aa,0000,0,009,00aa,00aa,1,a7,0112,00d0
1982,1982,0,df9b01076f4a0000,fc,0,0,00aa,4d1a,0,0000,00aa,0,00aa,0000,1,1,0,0,0000,00b3,0000,0000,0000,0000,0,00b3,00aa,0000,0,009,00aa,00aa,1,a7,0112,00d0
1983,1983,0,df9b01076f4a0000,fc,0,0,00aa,4d1a,0,0000,00aa,0,00aa,0000,1,1,0,0,0000,00b3,0000,0000,0000,0000,0,00b3,00aa,0000,0,009,00aa,00aa,1,a7,0112,00d0
1984,1984,0,df9b01076f4a0000,fc,0,0,00aa,4d1a,0,0000,00aa,0,00aa,0000,1,1,0,0,0000,00b3,0000,0000,0000,0000,0,00b3,00aa,0000,0,009,00aa,00aa,1,a7,0112,00d0
1985,1985,0,df9b01076f4a0000,fc,0,0,00aa,4d1a,0,0000,00aa,0,00aa,0000,1,1,0,0,0000,00b3,0000,0000,0000,0000,0,00b3,00aa,0000,0,009,00aa,00aa,1,a7,0112,00d0
1986,1986,0,df9b01076f4a0000,fc,0,0,00aa,4d1a,0,0000,00aa,0,00aa,0000,1,1,0,0,0000,00b3,0000,0000,0000,0000,0,00b3,00aa,0000,0,009,00aa,00aa,1,a7,0112,00d0
1987,1987,0,df9b01076f4a0000,fc,0,0,00aa,4d1a,0,0000,00aa,0,00aa,0000,1,1,0,0,0000,00b3,0000,0000,0000,0000,0,00b3,00aa,0000,0,009,00aa,00aa,1,a7,0112,00d0
1988,1988,0,df9b01076f4a0000,fc,0,0,00aa,4d1a,0,0000,00aa,0,00aa,0000,1,1,0,0,0000,00b3,0000,0000,0000,0000,0,00b3,00aa,0000,0,009,00aa,00aa,1,a7,0112,00d0
1989,1989,0,df9b01076f4a0000,fc,0,0,00aa,4d1a,0,0000,00aa,0,00aa,0000,1,1,0,0,0000,00b3,0000,0000,0000,0000,0,00b3,00aa,0000,0,009,00aa,00aa,1,a7,0112,00d0
1990,1990,0,df9b01076f4a0000,fc,0,0,00aa,4d1a,0,0000,00aa,0,00aa,0000,1,1,0,0,0000,00b3,0000,0000,0000,0000,0,00b3,00aa,0000,0,009,00aa,00aa,1,a7,0112,00d0
1991,1991,0,df9b01076f4a0000,fc,0,0,00aa,4d1a,0,0000,00aa,0,00aa,0000,1,1,0,0,0000,00b3,0000,0000,0000,0000,0,00b3,00aa,0000,0,009,00aa,00aa,1,a7,0112,00d0
1992,1992,0,df9b01076f4a0000,fc,0,0,00aa,4d1a,0,0000,00aa,0,00aa,0000,1,1,0,0,0000,00b3,0000,0000,0000,0000,0,00b3,00aa,0000,0,009,00aa,00aa,1,a7,0112,00d0
1993,1993,0,df9b01076f4a0000,fc,0,0,00aa,4d1a,0,0000,00aa,0,00aa,0000,1,1,0,0,0000,00b3,0000,0000,0000,0000,0,00b3,00aa,0000,0,009,00aa,00aa,1,a7,0112,00d0
1994,1994,0,df9b01076f4a0000,fc,0,0,00aa,4d1a,0,0000,00aa,0,00aa,0000,1,1,0,0,0000,00b3,0000,0000,0000,0000,0,00b3,00aa,0000,0,009,00aa,00aa,1,a7,0112,00d0
1995,1995,0,df9b01076f4a0000,fc,0,0,00aa,4d1a,0,0000,00aa,0,00aa,0000,1,1,0,0,0000,00b3,0000,0000,0000,0000,0,00b3,00aa,0000,0,009,00aa,00aa,1,a7,0112,00d0
1996,1996,0,df9b01076f4a0000,fc,0,0,00aa,4d1a,0,0000,00aa,0,00aa,0000,1,1,0,0,0000,00b3,0000,0000,0000,0000,0,00b3,00aa,0000,0,009,00aa,00aa,1,a7,0112,00d0
1997,1997,0,df9b01076f4a0000,fc,0,0,00aa,4d1a,0,0000,00aa,0,00aa,0000,1,1,0,0,0000,00b3,0000,0000,0000,0000,0,00b3,00aa,0000,0,009,00aa,00aa,1,a7,0112,00d0
1998,1998,0,df9b01076f4a0000,fc,0,0,00aa,4d1a,0,0000,00aa,0,00aa,0000,1,1,0,0,0000,00b3,0000,0000,0000,0000,0,00b3,00aa,0000,0,009,00aa,00aa,1,a7,0112,00d0
1999,1999,0,df9b01076f4a0000,fc,0,0,00aa,4d1a,0,0000,00aa,0,00aa,0000,1,1,0,0,0000,00b3,0000,0000,0000,0000,0,00b3,00aa,0000,0,009,00aa,00aa,1,a7,0112,00d0
2000,2000,0,df9b01076f4a0000,fc,0,0,00aa,4d1a,0,0000,00aa,0,00aa,0000,1,1,0,0,0000,00b3,0000,0000,0000,0000,0,00b3,00aa,0000,0,009,00aa,00aa,1,a7,0112,00d0
2001,2001,0,df9b01076f4a0000,fc,0,0,00aa,4d1a,0,0000,00aa,0,00aa,0000,1,1,0,0,0000,00b3,0000,0000,0000,0000,0,00b3,00aa,0000,0,009,00aa,00aa,1,a7,0112,00d0
2002,2002,0,df9b01076f4a0000,fc,0,0,00aa,4d1a,0,0000,00aa,0,00aa,0000,1,1,0,0,0000,00b3,0000,0000,0000,0000,0,00b3,00aa,0000,0,009,00aa,00aa,1,a7,0112,00d0
2003,2003,0,df9b01076f4a0000,fc,0,0,00aa,4d1a,0,0000,00aa,0,00aa,0000,1,1,0,0,0000,00b3,0000,0000,0000,0000,0,00b3,00aa,0000,0,009,00aa,00aa,1,a7,0112,00d0
2004,2004,0,df9b01076f4a0000,fc,0,0,00aa,4d1a,0,0000,00aa,0,00aa,0000,1,1,0,0,0000,00b3,0000,0000,0000,0000,0,00b3,00aa,0000,0,009,00aa,00aa,1,a7,0112,00d0
2005,2005,0,df9b01076f4a0000,fc,0,0,00aa,4d1a,0,0000,00aa,0,00aa,0000,1,1,0,0,0000,00b3,0000,0000,0000,0000,0,00b3,00aa,0000,0,009,00aa,00aa,1,a7,0112,00d0
2006,2006,0,df9b01076f4a0000,fc,0,0,00aa,4d1a,0,0000,00aa,0,00aa,0000,1,1,0,0,0000,00b3,0000,0000,0000,0000,0,00b3,00aa,0000,0,009,00aa,00aa,1,a7,0112,00d0
2007,2007,0,df9b01076f4a0000,fc,0,0,00aa,4d1a,0,0000,00aa,0,00aa,0000,1,1,0,0,0000,00b3,0000,0000,0000,0000,0,00b3,00aa,0000,0,009,00aa,00aa,1,a7,0112,00d0
2008,2008,0,df9b01076f4a0000,fc,0,0,00aa,4d1a,0,0000,00aa,0,00aa,0000,1,1,0,0,0000,00b3,0000,0000,0000,0000,0,00b3,00aa,0000,0,009,00aa,00aa,1,a7,0112,00d0
2009,2009,0,df9b01076f4a0000,fc,0,0,00aa,4d1a,0,0000,00aa,0,00aa,0000,1,1,0,0,0000,00b3,0000,0000,0000,0000,0,00b3,00aa,0000,0,009,00aa,00aa,1,a7,0112,00d0
2010,2010,0,df9b01076f4a0000,fc,0,0,00aa,4d1a,0,0000,00aa,0,00aa,0000,1,1,0,0,0000,00b3,0000,0000,0000,0000,0,00b3,00aa,0000,0,009,00aa,00aa,1,a7,0112,00d0
2011,2011,0,df9b01076f4a0000,fc,0,0,00aa,4d1a,0,0000,00aa,0,00aa,0000,1,1,0,0,0000,00b3,0000,0000,0000,0000,0,00b3,00aa,0000,0,009,00aa,00aa,1,a7,0112,00d0
2012,2012,0,df9b01076f4a0000,fc,0,0,00aa,4d1a,0,0000,00aa,0,00aa,0000,1,1,0,0,0000,00b3,0000,0000,0000,0000,0,00b3,00aa,0000,0,009,00aa,00aa,1,a7,0112,00d0
2013,2013,0,df9b01076f4a0000,fc,0,0,00aa,4d1a,0,0000,00aa,0,00aa,0000,1,1,0,0,0000,00b3,0000,0000,0000,0000,0,00b3,00aa,0000,0,009,00aa,00aa,1,a7,0112,00d0
2014,2014,0,df9b01076f4a0000,fc,0,0,00aa,4d1a,0,0000,00aa,0,00aa,0000,1,1,0,0,0000,00b3,0000,0000,0000,0000,0,00b3,00aa,0000,0,009,00aa,00aa,1,a7,0112,00d0
2015,2015,0,df9b01076f4a0000,fc,0,0,00aa,4d1a,0,0000,00aa,0,00aa,0000,1,1,0,0,0000,00b3,0000,0000,0000,0000,0,00b3,00aa,0000,0,009,00aa,00aa,1,a7,0112,00d0
2016,2016,0,df9b01076f4a0000,fc,0,0,00aa,4d1a,0,0000,00aa,0,00aa,0000,1,1,0,0,0000,00b3,0000,0000,0000,0000,0,00b3,00aa,0000,0,009,00aa,00aa,1,a7,0112,00d0
2017,2017,0,df9b01076f4a0000,fc,0,0,00aa,4d1a,0,0000,00aa,0,00aa,0000,1,1,0,0,0000,00b3,0000,0000,0000,0000,0,00b3,00aa,0000,0,009,00aa,00aa,1,a7,0112,00d0
2018,2018,0,df9b01076f4a0000,fc,0,0,00aa,4d1a,0,0000,00aa,0,00aa,0000,1,1,0,0,0000,00b3,0000,0000,0000,0000,0,00b3,00aa,0000,0,009,00aa,00aa,1,a7,0112,00d0
2019,2019,0,df9b01076f4a0000,fc,0,0,00aa,4d1a,0,0000,00aa,0,00aa,0000,1,1,0,0,0000,00b3,0000,0000,0000,0000,0,00b3,00aa,0000,0,009,00aa,00aa,1,a7,0112,00d0
2020,2020,0,df9b01076f4a0000,fc,0,0,00aa,4d1a,0,0000,00aa,0,00aa,0000,1,1,0,0,0000,00b3,0000,0000,0000,0000,0,00b3,00aa,0000,0,009,00aa,00aa,1,a7,0112,00d0
2021,2021,0,df9b01076f4a0000,fc,0,0,00aa,4d1a,0,0000,00aa,0,00aa,0000,1,1,0,0,0000,00b3,0000,0000,0000,0000,0,00b3,00aa,0000,0,009,00aa,00aa,1,a7,0112,00d0
2022,2022,0,df9b01076f4a0000,fc,0,0,00aa,4d1a,0,0000,00aa,0,00aa,0000,1,1,0,0,0000,00b3,0000,0000,0000,0000,0,00b3,00aa,0000,0,009,00aa,00aa,1,a7,0112,00d0
2023,2023,0,df9b01076f4a0000,fc,0,0,00aa,4d1a,0,0000,00aa,0,00aa,0000,1,1,0,0,0000,00b3,0000,0000,0000,0000,0,00b3,00aa,0000,0,009,00aa,00aa,1,a7,0112,00d0
2024,2024,0,df9b01076f4a0000,fc,0,0,00aa,4d1a,0,0000,00aa,0,00aa,0000,1,1,0,0,0000,00b3,0000,0000,0000,0000,0,00b3,00aa,0000,0,009,00aa,00aa,1,a7,0112,00d0
2025,2025,0,df9b01076f4a0000,fc,0,0,00aa,4d1a,0,0000,00aa,0,00aa,0000,1,1,0,0,0000,00b3,0000,0000,0000,0000,0,00b3,00aa,0000,0,009,00aa,00aa,1,a7,0112,00d0
2026,2026,0,df9b01076f4a0000,fc,0,0,00aa,4d1a,0,0000,00aa,0,00aa,0000,1,1,0,0,0000,00b3,0000,0000,0000,0000,0,00b3,00aa,0000,0,009,00aa,00aa,1,a7,0112,00d0
2027,2027,0,df9b01076f4a0000,fc,0,0,00aa,4d1a,0,0000,00aa,0,00aa,0000,1,1,0,0,0000,00b3,0000,0000,0000,0000,0,00b3,00aa,0000,0,009,00aa,00aa,1,a7,0112,00d0
2028,2028,0,df9b01076f4a0000,fc,0,0,00aa,4d1a,0,0000,00aa,0,00aa,0000,1,1,0,0,0000,00b3,0000,0000,0000,0000,0,00b3,00aa,0000,0,009,00aa,00aa,1,a7,0112,00d0
2029,2029,0,df9b01076f4a0000,fc,0,0,00aa,4d1a,0,0000,00aa,0,00aa,0000,1,1,0,0,0000,00b3,0000,0000,0000,0000,0,00b3,00aa,0000,0,009,00aa,00aa,1,a7,0112,00d0
2030,2030,0,df9b01076f4a0000,fc,0,0,00aa,4d1a,0,0000,00aa,0,00aa,0000,1,1,0,0,0000,00b3,0000,0000,0000,0000,0,00b3,00aa,0000,0,009,00aa,00aa,1,a7,0112,00d0
2031,2031,0,df9b01076f4a0000,fc,0,0,00aa,4d1a,0,0000,00aa,0,00aa,0000,1,1,0,0,0000,00b3,0000,0000,0000,0000,0,00b3,00aa,0000,0,009,00aa,00aa,1,a7,0112,00d0
2032,2032,0,df9b01076f4a0000,fc,0,0,00aa,4d1a,0,0000,00aa,0,00aa,0000,1,1,0,0,0000,00b3,0000,0000,0000,0000,0,00b3,00aa,0000,0,009,00aa,00aa,1,a7,0112,00d0
2033,2033,0,df9b01076f4a0000,fc,0,0,00aa,4d1a,0,0000,00aa,0,00aa,0000,1,1,0,0,0000,00b3,0000,0000,0000,0000,0,00b3,00aa,0000,0,009,00aa,00aa,1,a7,0112,00d0
2034,2034,0,df9b01076f4a0000,fc,0,0,00aa,4d1a,0,0000,00aa,0,00aa,0000,1,1,0,0,0000,00b3,0000,0000,0000,0000,0,00b3,00aa,0000,0,009,00aa,00aa,1,a7,0112,00d0
2035,2035,0,df9b01076f4a0000,fc,0,0,00aa,4d1a,0,0000,00aa,0,00aa,0000,1,1,0,0,0000,00b3,0000,0000,0000,0000,0,00b3,00aa,0000,0,009,00aa,00aa,1,a7,0112,00d0
2036,2036,0,df9b01076f4a0000,fc,0,0,00aa,4d1a,0,0000,00aa,0,00aa,0000,1,1,0,0,0000,00b3,0000,0000,0000,0000,0,00b3,00aa,0000,0,009,00aa,00aa,1,a7,0112,00d0
2037,2037,0,df9b01076f4a0000,fc,0,0,00aa,4d1a,0,0000,00aa,0,00aa,0000,1,1,0,0,0000,00b3,0000,0000,0000,0000,0,00b3,00aa,0000,0,009,00aa,00aa,1,a7,0112,00d0
2038,2038,0,df9b01076f4a0000,fc,0,0,00aa,4d1a,0,0000,00aa,0,00aa,0000,1,1,0,0,0000,00b3,0000,0000,0000,0000,0,00b3,00aa,0000,0,009,00aa,00aa,1,a7,0112,00d0
2039,2039,0,df9b01076f4a0000,fc,0,0,00aa,4d1a,0,0000,00aa,0,00aa,0000,1,1,0,0,0000,00b3,0000,0000,0000,0000,0,00b3,00aa,0000,0,009,00aa,00aa,1,a7,0112,00d0
2040,2040,0,df9b01076f4a0000,fc,0,0,00aa,4d1a,0,0000,00aa,0,00aa,0000,1,1,0,0,0000,00b3,0000,0000,0000,0000,0,00b3,00aa,0000,0,009,00aa,00aa,1,a7,0112,00d0
2041,2041,0,df9b01076f4a0000,fc,0,0,00aa,4d1a,0,0000,00aa,0,00aa,0000,1,1,0,0,0000,00b3,0000,0000,0000,0000,0,00b3,00aa,0000,0,009,00aa,00aa,1,a7,0112,00d0
2042,2042,0,df9b01076f4a0000,fc,0,0,00aa,4d1a,0,0000,00aa,0,00aa,0000,1,1,0,0,0000,00b3,0000,0000,0000,0000,0,00b3,00aa,0000,0,009,00aa,00aa,1,a7,0112,00d0
2043,2043,0,df9b01076f4a0000,fc,0,0,00aa,4d1a,0,0000,00aa,0,00aa,0000,1,1,0,0,0000,00b3,0000,0000,0000,0000,0,00b3,00aa,0000,0,009,00aa,00aa,1,a7,0112,00d0
2044,2044,0,df9b01076f4a0000,fc,0,0,00aa,4d1a,0,0000,00aa,0,00aa,0000,1,1,0,0,0000,00b3,0000,0000,0000,0000,0,00b3,00aa,0000,0,009,00aa,00aa,1,a7,0112,00d0
2045,2045,0,df9b01076f4a0000,fc,0,0,00aa,4d1a,0,0000,00aa,0,00aa,0000,1,1,0,0,0000,00b3,0000,0000,0000,0000,0,00b3,00aa,0000,0,009,00aa,00aa,1,a7,0112,00d0
2046,2046,0,df9b01076f4a0000,fc,0,0,00aa,4d1a,0,0000,00aa,0,00aa,0000,1,1,0,0,0000,00b3,0000,0000,0000,0000,0,00b3,00aa,0000,0,009,00aa,00aa,1,a7,0112,00d0
2047,2047,0,df9b01076f4a0000,fc,0,0,00aa,4d1a,0,0000,00aa,0,00aa,0000,1,1,0,0,0000,00b3,0000,0000,0000,0000,0,00b3,00aa,0000,0,009,00aa,00aa,1,a7,0112,00d0
