Sample in Buffer,Sample in Window,TRIGGER,dbg_rx_tdata[63:0],dbg_rx_tkeep[7:0],dbg_rx_tvalid,dbg_rx_tlast,dbg_up_frames[15:0],dbg_up_bytes[15:0],dbg_up_ovf,dbg_up_stall[15:0],dbg_pk_frames[15:0],dbg_pk_ovf,dbg_prev_wr[15:0],dbg_prev_drop[15:0],dbg_ch_up,dbg_lane_up,dbg_hard_err,dbg_soft_err,dbg_pk_ovf_cnt[15:0],dbg_pfwd_rd[15:0],dbg_hard_err_cnt[15:0],dbg_soft_err_cnt[15:0],dbg_ch_up_evt[15:0],dbg_pfwd_stuck_cnt[15:0],dbg_pfwd_stuck,dbg_mem_u_wr[15:0],dbg_mem_u_rd[15:0],dbg_mem_u_drop[15:0],dbg_mem_rden,dbg_mem_ost_s[8:0],dbg_mem2_u_wr[15:0],dbg_mem2_u_rd[15:0],dbg_cmd_mode,dbg_cmd_slot[7:0],dbg_cmd_exec[15:0],dbg_cmd_trig[15:0]
Radix - UNSIGNED,UNSIGNED,UNSIGNED,HEX,HEX,HEX,HEX,HEX,HEX,HEX,HEX,HEX,HEX,HEX,HEX,HEX,HEX,HEX,HEX,HEX,HEX,HEX,HEX,HEX,HEX,HEX,HEX,HEX,HEX,HEX,HEX,HEX,HEX,HEX,HEX,HEX,HEX
0,0,0,344ba49034520000,fc,0,0,016f,bbd0,0,0000,016f,0,016f,0000,1,1,0,0,0000,016f,0000,0000,0000,0000,0,016f,016f,0000,0,000,016f,016f,1,00,0005,0000
1,1,0,344ba49034520000,fc,0,0,016f,bbd0,0,0000,016f,0,016f,0000,1,1,0,0,0000,016f,0000,0000,0000,0000,0,016f,016f,0000,0,000,016f,016f,1,00,0005,0000
2,2,0,344ba49034520000,fc,0,0,016f,bbd0,0,0000,016f,0,016f,0000,1,1,0,0,0000,016f,0000,0000,0000,0000,0,016f,016f,0000,0,000,016f,016f,1,00,0005,0000
3,3,0,344ba49034520000,fc,0,0,016f,bbd0,0,0000,016f,0,016f,0000,1,1,0,0,0000,016f,0000,0000,0000,0000,0,016f,016f,0000,0,000,016f,016f,1,00,0005,0000
4,4,0,344ba49034520000,fc,0,0,016f,bbd0,0,0000,016f,0,016f,0000,1,1,0,0,0000,016f,0000,0000,0000,0000,0,016f,016f,0000,0,000,016f,016f,1,00,0005,0000
5,5,0,344ba49034520000,fc,0,0,016f,bbd0,0,0000,016f,0,016f,0000,1,1,0,0,0000,016f,0000,0000,0000,0000,0,016f,016f,0000,0,000,016f,016f,1,00,0005,0000
6,6,0,344ba49034520000,fc,0,0,016f,bbd0,0,0000,016f,0,016f,0000,1,1,0,0,0000,016f,0000,0000,0000,0000,0,016f,016f,0000,0,000,016f,016f,1,00,0005,0000
7,7,0,344ba49034520000,fc,0,0,016f,bbd0,0,0000,016f,0,016f,0000,1,1,0,0,0000,016f,0000,0000,0000,0000,0,016f,016f,0000,0,000,016f,016f,1,00,0005,0000
8,8,0,344ba49034520000,fc,0,0,016f,bbd0,0,0000,016f,0,016f,0000,1,1,0,0,0000,016f,0000,0000,0000,0000,0,016f,016f,0000,0,000,016f,016f,1,00,0005,0000
9,9,0,344ba49034520000,fc,0,0,016f,bbd0,0,0000,016f,0,016f,0000,1,1,0,0,0000,016f,0000,0000,0000,0000,0,016f,016f,0000,0,000,016f,016f,1,00,0005,0000
10,10,0,344ba49034520000,fc,0,0,016f,bbd0,0,0000,016f,0,016f,0000,1,1,0,0,0000,016f,0000,0000,0000,0000,0,016f,016f,0000,0,000,016f,016f,1,00,0005,0000
11,11,0,344ba49034520000,fc,0,0,016f,bbd0,0,0000,016f,0,016f,0000,1,1,0,0,0000,016f,0000,0000,0000,0000,0,016f,016f,0000,0,000,016f,016f,1,00,0005,0000
12,12,0,344ba49034520000,fc,0,0,016f,bbd0,0,0000,016f,0,016f,0000,1,1,0,0,0000,016f,0000,0000,0000,0000,0,016f,016f,0000,0,000,016f,016f,1,00,0005,0000
13,13,0,344ba49034520000,fc,0,0,016f,bbd0,0,0000,016f,0,016f,0000,1,1,0,0,0000,016f,0000,0000,0000,0000,0,016f,016f,0000,0,000,016f,016f,1,00,0005,0000
14,14,0,344ba49034520000,fc,0,0,016f,bbd0,0,0000,016f,0,016f,0000,1,1,0,0,0000,016f,0000,0000,0000,0000,0,016f,016f,0000,0,000,016f,016f,1,00,0005,0000
15,15,0,344ba49034520000,fc,0,0,016f,bbd0,0,0000,016f,0,016f,0000,1,1,0,0,0000,016f,0000,0000,0000,0000,0,016f,016f,0000,0,000,016f,016f,1,00,0005,0000
16,16,0,344ba49034520000,fc,0,0,016f,bbd0,0,0000,016f,0,016f,0000,1,1,0,0,0000,016f,0000,0000,0000,0000,0,016f,016f,0000,0,000,016f,016f,1,00,0005,0000
17,17,0,344ba49034520000,fc,0,0,016f,bbd0,0,0000,016f,0,016f,0000,1,1,0,0,0000,016f,0000,0000,0000,0000,0,016f,016f,0000,0,000,016f,016f,1,00,0005,0000
18,18,0,344ba49034520000,fc,0,0,016f,bbd0,0,0000,016f,0,016f,0000,1,1,0,0,0000,016f,0000,0000,0000,0000,0,016f,016f,0000,0,000,016f,016f,1,00,0005,0000
19,19,0,344ba49034520000,fc,0,0,016f,bbd0,0,0000,016f,0,016f,0000,1,1,0,0,0000,016f,0000,0000,0000,0000,0,016f,016f,0000,0,000,016f,016f,1,00,0005,0000
20,20,0,344ba49034520000,fc,0,0,016f,bbd0,0,0000,016f,0,016f,0000,1,1,0,0,0000,016f,0000,0000,0000,0000,0,016f,016f,0000,0,000,016f,016f,1,00,0005,0000
21,21,0,344ba49034520000,fc,0,0,016f,bbd0,0,0000,016f,0,016f,0000,1,1,0,0,0000,016f,0000,0000,0000,0000,0,016f,016f,0000,0,000,016f,016f,1,00,0005,0000
22,22,0,344ba49034520000,fc,0,0,016f,bbd0,0,0000,016f,0,016f,0000,1,1,0,0,0000,016f,0000,0000,0000,0000,0,016f,016f,0000,0,000,016f,016f,1,00,0005,0000
23,23,0,344ba49034520000,fc,0,0,016f,bbd0,0,0000,016f,0,016f,0000,1,1,0,0,0000,016f,0000,0000,0000,0000,0,016f,016f,0000,0,000,016f,016f,1,00,0005,0000
24,24,0,344ba49034520000,fc,0,0,016f,bbd0,0,0000,016f,0,016f,0000,1,1,0,0,0000,016f,0000,0000,0000,0000,0,016f,016f,0000,0,000,016f,016f,1,00,0005,0000
25,25,0,344ba49034520000,fc,0,0,016f,bbd0,0,0000,016f,0,016f,0000,1,1,0,0,0000,016f,0000,0000,0000,0000,0,016f,016f,0000,0,000,016f,016f,1,00,0005,0000
26,26,0,344ba49034520000,fc,0,0,016f,bbd0,0,0000,016f,0,016f,0000,1,1,0,0,0000,016f,0000,0000,0000,0000,0,016f,016f,0000,0,000,016f,016f,1,00,0005,0000
27,27,0,344ba49034520000,fc,0,0,016f,bbd0,0,0000,016f,0,016f,0000,1,1,0,0,0000,016f,0000,0000,0000,0000,0,016f,016f,0000,0,000,016f,016f,1,00,0005,0000
28,28,0,344ba49034520000,fc,0,0,016f,bbd0,0,0000,016f,0,016f,0000,1,1,0,0,0000,016f,0000,0000,0000,0000,0,016f,016f,0000,0,000,016f,016f,1,00,0005,0000
29,29,0,344ba49034520000,fc,0,0,016f,bbd0,0,0000,016f,0,016f,0000,1,1,0,0,0000,016f,0000,0000,0000,0000,0,016f,016f,0000,0,000,016f,016f,1,00,0005,0000
30,30,0,344ba49034520000,fc,0,0,016f,bbd0,0,0000,016f,0,016f,0000,1,1,0,0,0000,016f,0000,0000,0000,0000,0,016f,016f,0000,0,000,016f,016f,1,00,0005,0000
31,31,0,344ba49034520000,fc,0,0,016f,bbd0,0,0000,016f,0,016f,0000,1,1,0,0,0000,016f,0000,0000,0000,0000,0,016f,016f,0000,0,000,016f,016f,1,00,0005,0000
32,32,0,344ba49034520000,fc,0,0,016f,bbd0,0,0000,016f,0,016f,0000,1,1,0,0,0000,016f,0000,0000,0000,0000,0,016f,016f,0000,0,000,016f,016f,1,00,0005,0000
33,33,0,344ba49034520000,fc,0,0,016f,bbd0,0,0000,016f,0,016f,0000,1,1,0,0,0000,016f,0000,0000,0000,0000,0,016f,016f,0000,0,000,016f,016f,1,00,0005,0000
34,34,0,344ba49034520000,fc,0,0,016f,bbd0,0,0000,016f,0,016f,0000,1,1,0,0,0000,016f,0000,0000,0000,0000,0,016f,016f,0000,0,000,016f,016f,1,00,0005,0000
35,35,0,344ba49034520000,fc,0,0,016f,bbd0,0,0000,016f,0,016f,0000,1,1,0,0,0000,016f,0000,0000,0000,0000,0,016f,016f,0000,0,000,016f,016f,1,00,0005,0000
36,36,0,344ba49034520000,fc,0,0,016f,bbd0,0,0000,016f,0,016f,0000,1,1,0,0,0000,016f,0000,0000,0000,0000,0,016f,016f,0000,0,000,016f,016f,1,00,0005,0000
37,37,0,344ba49034520000,fc,0,0,016f,bbd0,0,0000,016f,0,016f,0000,1,1,0,0,0000,016f,0000,0000,0000,0000,0,016f,016f,0000,0,000,016f,016f,1,00,0005,0000
38,38,0,344ba49034520000,fc,0,0,016f,bbd0,0,0000,016f,0,016f,0000,1,1,0,0,0000,016f,0000,0000,0000,0000,0,016f,016f,0000,0,000,016f,016f,1,00,0005,0000
39,39,0,344ba49034520000,fc,0,0,016f,bbd0,0,0000,016f,0,016f,0000,1,1,0,0,0000,016f,0000,0000,0000,0000,0,016f,016f,0000,0,000,016f,016f,1,00,0005,0000
40,40,0,344ba49034520000,fc,0,0,016f,bbd0,0,0000,016f,0,016f,0000,1,1,0,0,0000,016f,0000,0000,0000,0000,0,016f,016f,0000,0,000,016f,016f,1,00,0005,0000
41,41,0,344ba49034520000,fc,0,0,016f,bbd0,0,0000,016f,0,016f,0000,1,1,0,0,0000,016f,0000,0000,0000,0000,0,016f,016f,0000,0,000,016f,016f,1,00,0005,0000
42,42,0,344ba49034520000,fc,0,0,016f,bbd0,0,0000,016f,0,016f,0000,1,1,0,0,0000,016f,0000,0000,0000,0000,0,016f,016f,0000,0,000,016f,016f,1,00,0005,0000
43,43,0,344ba49034520000,fc,0,0,016f,bbd0,0,0000,016f,0,016f,0000,1,1,0,0,0000,016f,0000,0000,0000,0000,0,016f,016f,0000,0,000,016f,016f,1,00,0005,0000
44,44,0,344ba49034520000,fc,0,0,016f,bbd0,0,0000,016f,0,016f,0000,1,1,0,0,0000,016f,0000,0000,0000,0000,0,016f,016f,0000,0,000,016f,016f,1,00,0005,0000
45,45,0,344ba49034520000,fc,0,0,016f,bbd0,0,0000,016f,0,016f,0000,1,1,0,0,0000,016f,0000,0000,0000,0000,0,016f,016f,0000,0,000,016f,016f,1,00,0005,0000
46,46,0,344ba49034520000,fc,0,0,016f,bbd0,0,0000,016f,0,016f,0000,1,1,0,0,0000,016f,0000,0000,0000,0000,0,016f,016f,0000,0,000,016f,016f,1,00,0005,0000
47,47,0,344ba49034520000,fc,0,0,016f,bbd0,0,0000,016f,0,016f,0000,1,1,0,0,0000,016f,0000,0000,0000,0000,0,016f,016f,0000,0,000,016f,016f,1,00,0005,0000
48,48,0,344ba49034520000,fc,0,0,016f,bbd0,0,0000,016f,0,016f,0000,1,1,0,0,0000,016f,0000,0000,0000,0000,0,016f,016f,0000,0,000,016f,016f,1,00,0005,0000
49,49,0,344ba49034520000,fc,0,0,016f,bbd0,0,0000,016f,0,016f,0000,1,1,0,0,0000,016f,0000,0000,0000,0000,0,016f,016f,0000,0,000,016f,016f,1,00,0005,0000
50,50,0,344ba49034520000,fc,0,0,016f,bbd0,0,0000,016f,0,016f,0000,1,1,0,0,0000,016f,0000,0000,0000,0000,0,016f,016f,0000,0,000,016f,016f,1,00,0005,0000
51,51,0,344ba49034520000,fc,0,0,016f,bbd0,0,0000,016f,0,016f,0000,1,1,0,0,0000,016f,0000,0000,0000,0000,0,016f,016f,0000,0,000,016f,016f,1,00,0005,0000
52,52,0,344ba49034520000,fc,0,0,016f,bbd0,0,0000,016f,0,016f,0000,1,1,0,0,0000,016f,0000,0000,0000,0000,0,016f,016f,0000,0,000,016f,016f,1,00,0005,0000
53,53,0,344ba49034520000,fc,0,0,016f,bbd0,0,0000,016f,0,016f,0000,1,1,0,0,0000,016f,0000,0000,0000,0000,0,016f,016f,0000,0,000,016f,016f,1,00,0005,0000
54,54,0,344ba49034520000,fc,0,0,016f,bbd0,0,0000,016f,0,016f,0000,1,1,0,0,0000,016f,0000,0000,0000,0000,0,016f,016f,0000,0,000,016f,016f,1,00,0005,0000
55,55,0,344ba49034520000,fc,0,0,016f,bbd0,0,0000,016f,0,016f,0000,1,1,0,0,0000,016f,0000,0000,0000,0000,0,016f,016f,0000,0,000,016f,016f,1,00,0005,0000
56,56,0,344ba49034520000,fc,0,0,016f,bbd0,0,0000,016f,0,016f,0000,1,1,0,0,0000,016f,0000,0000,0000,0000,0,016f,016f,0000,0,000,016f,016f,1,00,0005,0000
57,57,0,344ba49034520000,fc,0,0,016f,bbd0,0,0000,016f,0,016f,0000,1,1,0,0,0000,016f,0000,0000,0000,0000,0,016f,016f,0000,0,000,016f,016f,1,00,0005,0000
58,58,0,344ba49034520000,fc,0,0,016f,bbd0,0,0000,016f,0,016f,0000,1,1,0,0,0000,016f,0000,0000,0000,0000,0,016f,016f,0000,0,000,016f,016f,1,00,0005,0000
59,59,0,344ba49034520000,fc,0,0,016f,bbd0,0,0000,016f,0,016f,0000,1,1,0,0,0000,016f,0000,0000,0000,0000,0,016f,016f,0000,0,000,016f,016f,1,00,0005,0000
60,60,0,344ba49034520000,fc,0,0,016f,bbd0,0,0000,016f,0,016f,0000,1,1,0,0,0000,016f,0000,0000,0000,0000,0,016f,016f,0000,0,000,016f,016f,1,00,0005,0000
61,61,0,344ba49034520000,fc,0,0,016f,bbd0,0,0000,016f,0,016f,0000,1,1,0,0,0000,016f,0000,0000,0000,0000,0,016f,016f,0000,0,000,016f,016f,1,00,0005,0000
62,62,0,344ba49034520000,fc,0,0,016f,bbd0,0,0000,016f,0,016f,0000,1,1,0,0,0000,016f,0000,0000,0000,0000,0,016f,016f,0000,0,000,016f,016f,1,00,0005,0000
63,63,0,344ba49034520000,fc,0,0,016f,bbd0,0,0000,016f,0,016f,0000,1,1,0,0,0000,016f,0000,0000,0000,0000,0,016f,016f,0000,0,000,016f,016f,1,00,0005,0000
64,64,0,344ba49034520000,fc,0,0,016f,bbd0,0,0000,016f,0,016f,0000,1,1,0,0,0000,016f,0000,0000,0000,0000,0,016f,016f,0000,0,000,016f,016f,1,00,0005,0000
65,65,0,344ba49034520000,fc,0,0,016f,bbd0,0,0000,016f,0,016f,0000,1,1,0,0,0000,016f,0000,0000,0000,0000,0,016f,016f,0000,0,000,016f,016f,1,00,0005,0000
66,66,0,344ba49034520000,fc,0,0,016f,bbd0,0,0000,016f,0,016f,0000,1,1,0,0,0000,016f,0000,0000,0000,0000,0,016f,016f,0000,0,000,016f,016f,1,00,0005,0000
67,67,0,344ba49034520000,fc,0,0,016f,bbd0,0,0000,016f,0,016f,0000,1,1,0,0,0000,016f,0000,0000,0000,0000,0,016f,016f,0000,0,000,016f,016f,1,00,0005,0000
68,68,0,344ba49034520000,fc,0,0,016f,bbd0,0,0000,016f,0,016f,0000,1,1,0,0,0000,016f,0000,0000,0000,0000,0,016f,016f,0000,0,000,016f,016f,1,00,0005,0000
69,69,0,344ba49034520000,fc,0,0,016f,bbd0,0,0000,016f,0,016f,0000,1,1,0,0,0000,016f,0000,0000,0000,0000,0,016f,016f,0000,0,000,016f,016f,1,00,0005,0000
70,70,0,344ba49034520000,fc,0,0,016f,bbd0,0,0000,016f,0,016f,0000,1,1,0,0,0000,016f,0000,0000,0000,0000,0,016f,016f,0000,0,000,016f,016f,1,00,0005,0000
71,71,0,344ba49034520000,fc,0,0,016f,bbd0,0,0000,016f,0,016f,0000,1,1,0,0,0000,016f,0000,0000,0000,0000,0,016f,016f,0000,0,000,016f,016f,1,00,0005,0000
72,72,0,344ba49034520000,fc,0,0,016f,bbd0,0,0000,016f,0,016f,0000,1,1,0,0,0000,016f,0000,0000,0000,0000,0,016f,016f,0000,0,000,016f,016f,1,00,0005,0000
73,73,0,344ba49034520000,fc,0,0,016f,bbd0,0,0000,016f,0,016f,0000,1,1,0,0,0000,016f,0000,0000,0000,0000,0,016f,016f,0000,0,000,016f,016f,1,00,0005,0000
74,74,0,344ba49034520000,fc,0,0,016f,bbd0,0,0000,016f,0,016f,0000,1,1,0,0,0000,016f,0000,0000,0000,0000,0,016f,016f,0000,0,000,016f,016f,1,00,0005,0000
75,75,0,344ba49034520000,fc,0,0,016f,bbd0,0,0000,016f,0,016f,0000,1,1,0,0,0000,016f,0000,0000,0000,0000,0,016f,016f,0000,0,000,016f,016f,1,00,0005,0000
76,76,0,344ba49034520000,fc,0,0,016f,bbd0,0,0000,016f,0,016f,0000,1,1,0,0,0000,016f,0000,0000,0000,0000,0,016f,016f,0000,0,000,016f,016f,1,00,0005,0000
77,77,0,344ba49034520000,fc,0,0,016f,bbd0,0,0000,016f,0,016f,0000,1,1,0,0,0000,016f,0000,0000,0000,0000,0,016f,016f,0000,0,000,016f,016f,1,00,0005,0000
78,78,0,344ba49034520000,fc,0,0,016f,bbd0,0,0000,016f,0,016f,0000,1,1,0,0,0000,016f,0000,0000,0000,0000,0,016f,016f,0000,0,000,016f,016f,1,00,0005,0000
79,79,0,344ba49034520000,fc,0,0,016f,bbd0,0,0000,016f,0,016f,0000,1,1,0,0,0000,016f,0000,0000,0000,0000,0,016f,016f,0000,0,000,016f,016f,1,00,0005,0000
80,80,0,344ba49034520000,fc,0,0,016f,bbd0,0,0000,016f,0,016f,0000,1,1,0,0,0000,016f,0000,0000,0000,0000,0,016f,016f,0000,0,000,016f,016f,1,00,0005,0000
81,81,0,344ba49034520000,fc,0,0,016f,bbd0,0,0000,016f,0,016f,0000,1,1,0,0,0000,016f,0000,0000,0000,0000,0,016f,016f,0000,0,000,016f,016f,1,00,0005,0000
82,82,0,344ba49034520000,fc,0,0,016f,bbd0,0,0000,016f,0,016f,0000,1,1,0,0,0000,016f,0000,0000,0000,0000,0,016f,016f,0000,0,000,016f,016f,1,00,0005,0000
83,83,0,344ba49034520000,fc,0,0,016f,bbd0,0,0000,016f,0,016f,0000,1,1,0,0,0000,016f,0000,0000,0000,0000,0,016f,016f,0000,0,000,016f,016f,1,00,0005,0000
84,84,0,344ba49034520000,fc,0,0,016f,bbd0,0,0000,016f,0,016f,0000,1,1,0,0,0000,016f,0000,0000,0000,0000,0,016f,016f,0000,0,000,016f,016f,1,00,0005,0000
85,85,0,344ba49034520000,fc,0,0,016f,bbd0,0,0000,016f,0,016f,0000,1,1,0,0,0000,016f,0000,0000,0000,0000,0,016f,016f,0000,0,000,016f,016f,1,00,0005,0000
86,86,0,344ba49034520000,fc,0,0,016f,bbd0,0,0000,016f,0,016f,0000,1,1,0,0,0000,016f,0000,0000,0000,0000,0,016f,016f,0000,0,000,016f,016f,1,00,0005,0000
87,87,0,344ba49034520000,fc,0,0,016f,bbd0,0,0000,016f,0,016f,0000,1,1,0,0,0000,016f,0000,0000,0000,0000,0,016f,016f,0000,0,000,016f,016f,1,00,0005,0000
88,88,0,344ba49034520000,fc,0,0,016f,bbd0,0,0000,016f,0,016f,0000,1,1,0,0,0000,016f,0000,0000,0000,0000,0,016f,016f,0000,0,000,016f,016f,1,00,0005,0000
89,89,0,344ba49034520000,fc,0,0,016f,bbd0,0,0000,016f,0,016f,0000,1,1,0,0,0000,016f,0000,0000,0000,0000,0,016f,016f,0000,0,000,016f,016f,1,00,0005,0000
90,90,0,344ba49034520000,fc,0,0,016f,bbd0,0,0000,016f,0,016f,0000,1,1,0,0,0000,016f,0000,0000,0000,0000,0,016f,016f,0000,0,000,016f,016f,1,00,0005,0000
91,91,0,344ba49034520000,fc,0,0,016f,bbd0,0,0000,016f,0,016f,0000,1,1,0,0,0000,016f,0000,0000,0000,0000,0,016f,016f,0000,0,000,016f,016f,1,00,0005,0000
92,92,0,344ba49034520000,fc,0,0,016f,bbd0,0,0000,016f,0,016f,0000,1,1,0,0,0000,016f,0000,0000,0000,0000,0,016f,016f,0000,0,000,016f,016f,1,00,0005,0000
93,93,0,344ba49034520000,fc,0,0,016f,bbd0,0,0000,016f,0,016f,0000,1,1,0,0,0000,016f,0000,0000,0000,0000,0,016f,016f,0000,0,000,016f,016f,1,00,0005,0000
94,94,0,344ba49034520000,fc,0,0,016f,bbd0,0,0000,016f,0,016f,0000,1,1,0,0,0000,016f,0000,0000,0000,0000,0,016f,016f,0000,0,000,016f,016f,1,00,0005,0000
95,95,0,344ba49034520000,fc,0,0,016f,bbd0,0,0000,016f,0,016f,0000,1,1,0,0,0000,016f,0000,0000,0000,0000,0,016f,016f,0000,0,000,016f,016f,1,00,0005,0000
96,96,0,344ba49034520000,fc,0,0,016f,bbd0,0,0000,016f,0,016f,0000,1,1,0,0,0000,016f,0000,0000,0000,0000,0,016f,016f,0000,0,000,016f,016f,1,00,0005,0000
97,97,0,344ba49034520000,fc,0,0,016f,bbd0,0,0000,016f,0,016f,0000,1,1,0,0,0000,016f,0000,0000,0000,0000,0,016f,016f,0000,0,000,016f,016f,1,00,0005,0000
98,98,0,344ba49034520000,fc,0,0,016f,bbd0,0,0000,016f,0,016f,0000,1,1,0,0,0000,016f,0000,0000,0000,0000,0,016f,016f,0000,0,000,016f,016f,1,00,0005,0000
99,99,0,344ba49034520000,fc,0,0,016f,bbd0,0,0000,016f,0,016f,0000,1,1,0,0,0000,016f,0000,0000,0000,0000,0,016f,016f,0000,0,000,016f,016f,1,00,0005,0000
100,100,0,344ba49034520000,fc,0,0,016f,bbd0,0,0000,016f,0,016f,0000,1,1,0,0,0000,016f,0000,0000,0000,0000,0,016f,016f,0000,0,000,016f,016f,1,00,0005,0000
101,101,0,344ba49034520000,fc,0,0,016f,bbd0,0,0000,016f,0,016f,0000,1,1,0,0,0000,016f,0000,0000,0000,0000,0,016f,016f,0000,0,000,016f,016f,1,00,0005,0000
102,102,0,344ba49034520000,fc,0,0,016f,bbd0,0,0000,016f,0,016f,0000,1,1,0,0,0000,016f,0000,0000,0000,0000,0,016f,016f,0000,0,000,016f,016f,1,00,0005,0000
103,103,0,344ba49034520000,fc,0,0,016f,bbd0,0,0000,016f,0,016f,0000,1,1,0,0,0000,016f,0000,0000,0000,0000,0,016f,016f,0000,0,000,016f,016f,1,00,0005,0000
104,104,0,344ba49034520000,fc,0,0,016f,bbd0,0,0000,016f,0,016f,0000,1,1,0,0,0000,016f,0000,0000,0000,0000,0,016f,016f,0000,0,000,016f,016f,1,00,0005,0000
105,105,0,344ba49034520000,fc,0,0,016f,bbd0,0,0000,016f,0,016f,0000,1,1,0,0,0000,016f,0000,0000,0000,0000,0,016f,016f,0000,0,000,016f,016f,1,00,0005,0000
106,106,0,344ba49034520000,fc,0,0,016f,bbd0,0,0000,016f,0,016f,0000,1,1,0,0,0000,016f,0000,0000,0000,0000,0,016f,016f,0000,0,000,016f,016f,1,00,0005,0000
107,107,0,344ba49034520000,fc,0,0,016f,bbd0,0,0000,016f,0,016f,0000,1,1,0,0,0000,016f,0000,0000,0000,0000,0,016f,016f,0000,0,000,016f,016f,1,00,0005,0000
108,108,0,344ba49034520000,fc,0,0,016f,bbd0,0,0000,016f,0,016f,0000,1,1,0,0,0000,016f,0000,0000,0000,0000,0,016f,016f,0000,0,000,016f,016f,1,00,0005,0000
109,109,0,344ba49034520000,fc,0,0,016f,bbd0,0,0000,016f,0,016f,0000,1,1,0,0,0000,016f,0000,0000,0000,0000,0,016f,016f,0000,0,000,016f,016f,1,00,0005,0000
110,110,0,344ba49034520000,fc,0,0,016f,bbd0,0,0000,016f,0,016f,0000,1,1,0,0,0000,016f,0000,0000,0000,0000,0,016f,016f,0000,0,000,016f,016f,1,00,0005,0000
111,111,0,344ba49034520000,fc,0,0,016f,bbd0,0,0000,016f,0,016f,0000,1,1,0,0,0000,016f,0000,0000,0000,0000,0,016f,016f,0000,0,000,016f,016f,1,00,0005,0000
112,112,0,344ba49034520000,fc,0,0,016f,bbd0,0,0000,016f,0,016f,0000,1,1,0,0,0000,016f,0000,0000,0000,0000,0,016f,016f,0000,0,000,016f,016f,1,00,0005,0000
113,113,0,344ba49034520000,fc,0,0,016f,bbd0,0,0000,016f,0,016f,0000,1,1,0,0,0000,016f,0000,0000,0000,0000,0,016f,016f,0000,0,000,016f,016f,1,00,0005,0000
114,114,0,344ba49034520000,fc,0,0,016f,bbd0,0,0000,016f,0,016f,0000,1,1,0,0,0000,016f,0000,0000,0000,0000,0,016f,016f,0000,0,000,016f,016f,1,00,0005,0000
115,115,0,344ba49034520000,fc,0,0,016f,bbd0,0,0000,016f,0,016f,0000,1,1,0,0,0000,016f,0000,0000,0000,0000,0,016f,016f,0000,0,000,016f,016f,1,00,0005,0000
116,116,0,344ba49034520000,fc,0,0,016f,bbd0,0,0000,016f,0,016f,0000,1,1,0,0,0000,016f,0000,0000,0000,0000,0,016f,016f,0000,0,000,016f,016f,1,00,0005,0000
117,117,0,344ba49034520000,fc,0,0,016f,bbd0,0,0000,016f,0,016f,0000,1,1,0,0,0000,016f,0000,0000,0000,0000,0,016f,016f,0000,0,000,016f,016f,1,00,0005,0000
118,118,0,344ba49034520000,fc,0,0,016f,bbd0,0,0000,016f,0,016f,0000,1,1,0,0,0000,016f,0000,0000,0000,0000,0,016f,016f,0000,0,000,016f,016f,1,00,0005,0000
119,119,0,344ba49034520000,fc,0,0,016f,bbd0,0,0000,016f,0,016f,0000,1,1,0,0,0000,016f,0000,0000,0000,0000,0,016f,016f,0000,0,000,016f,016f,1,00,0005,0000
120,120,0,344ba49034520000,fc,0,0,016f,bbd0,0,0000,016f,0,016f,0000,1,1,0,0,0000,016f,0000,0000,0000,0000,0,016f,016f,0000,0,000,016f,016f,1,00,0005,0000
121,121,0,344ba49034520000,fc,0,0,016f,bbd0,0,0000,016f,0,016f,0000,1,1,0,0,0000,016f,0000,0000,0000,0000,0,016f,016f,0000,0,000,016f,016f,1,00,0005,0000
122,122,0,344ba49034520000,fc,0,0,016f,bbd0,0,0000,016f,0,016f,0000,1,1,0,0,0000,016f,0000,0000,0000,0000,0,016f,016f,0000,0,000,016f,016f,1,00,0005,0000
123,123,0,344ba49034520000,fc,0,0,016f,bbd0,0,0000,016f,0,016f,0000,1,1,0,0,0000,016f,0000,0000,0000,0000,0,016f,016f,0000,0,000,016f,016f,1,00,0005,0000
124,124,0,344ba49034520000,fc,0,0,016f,bbd0,0,0000,016f,0,016f,0000,1,1,0,0,0000,016f,0000,0000,0000,0000,0,016f,016f,0000,0,000,016f,016f,1,00,0005,0000
125,125,0,344ba49034520000,fc,0,0,016f,bbd0,0,0000,016f,0,016f,0000,1,1,0,0,0000,016f,0000,0000,0000,0000,0,016f,016f,0000,0,000,016f,016f,1,00,0005,0000
126,126,0,344ba49034520000,fc,0,0,016f,bbd0,0,0000,016f,0,016f,0000,1,1,0,0,0000,016f,0000,0000,0000,0000,0,016f,016f,0000,0,000,016f,016f,1,00,0005,0000
127,127,0,344ba49034520000,fc,0,0,016f,bbd0,0,0000,016f,0,016f,0000,1,1,0,0,0000,016f,0000,0000,0000,0000,0,016f,016f,0000,0,000,016f,016f,1,00,0005,0000
128,128,0,344ba49034520000,fc,0,0,016f,bbd0,0,0000,016f,0,016f,0000,1,1,0,0,0000,016f,0000,0000,0000,0000,0,016f,016f,0000,0,000,016f,016f,1,00,0005,0000
129,129,0,344ba49034520000,fc,0,0,016f,bbd0,0,0000,016f,0,016f,0000,1,1,0,0,0000,016f,0000,0000,0000,0000,0,016f,016f,0000,0,000,016f,016f,1,00,0005,0000
130,130,0,344ba49034520000,fc,0,0,016f,bbd0,0,0000,016f,0,016f,0000,1,1,0,0,0000,016f,0000,0000,0000,0000,0,016f,016f,0000,0,000,016f,016f,1,00,0005,0000
131,131,0,344ba49034520000,fc,0,0,016f,bbd0,0,0000,016f,0,016f,0000,1,1,0,0,0000,016f,0000,0000,0000,0000,0,016f,016f,0000,0,000,016f,016f,1,00,0005,0000
132,132,0,344ba49034520000,fc,0,0,016f,bbd0,0,0000,016f,0,016f,0000,1,1,0,0,0000,016f,0000,0000,0000,0000,0,016f,016f,0000,0,000,016f,016f,1,00,0005,0000
133,133,0,344ba49034520000,fc,0,0,016f,bbd0,0,0000,016f,0,016f,0000,1,1,0,0,0000,016f,0000,0000,0000,0000,0,016f,016f,0000,0,000,016f,016f,1,00,0005,0000
134,134,0,344ba49034520000,fc,0,0,016f,bbd0,0,0000,016f,0,016f,0000,1,1,0,0,0000,016f,0000,0000,0000,0000,0,016f,016f,0000,0,000,016f,016f,1,00,0005,0000
135,135,0,344ba49034520000,fc,0,0,016f,bbd0,0,0000,016f,0,016f,0000,1,1,0,0,0000,016f,0000,0000,0000,0000,0,016f,016f,0000,0,000,016f,016f,1,00,0005,0000
136,136,0,344ba49034520000,fc,0,0,016f,bbd0,0,0000,016f,0,016f,0000,1,1,0,0,0000,016f,0000,0000,0000,0000,0,016f,016f,0000,0,000,016f,016f,1,00,0005,0000
137,137,0,344ba49034520000,fc,0,0,016f,bbd0,0,0000,016f,0,016f,0000,1,1,0,0,0000,016f,0000,0000,0000,0000,0,016f,016f,0000,0,000,016f,016f,1,00,0005,0000
138,138,0,344ba49034520000,fc,0,0,016f,bbd0,0,0000,016f,0,016f,0000,1,1,0,0,0000,016f,0000,0000,0000,0000,0,016f,016f,0000,0,000,016f,016f,1,00,0005,0000
139,139,0,344ba49034520000,fc,0,0,016f,bbd0,0,0000,016f,0,016f,0000,1,1,0,0,0000,016f,0000,0000,0000,0000,0,016f,016f,0000,0,000,016f,016f,1,00,0005,0000
140,140,0,344ba49034520000,fc,0,0,016f,bbd0,0,0000,016f,0,016f,0000,1,1,0,0,0000,016f,0000,0000,0000,0000,0,016f,016f,0000,0,000,016f,016f,1,00,0005,0000
141,141,0,344ba49034520000,fc,0,0,016f,bbd0,0,0000,016f,0,016f,0000,1,1,0,0,0000,016f,0000,0000,0000,0000,0,016f,016f,0000,0,000,016f,016f,1,00,0005,0000
142,142,0,344ba49034520000,fc,0,0,016f,bbd0,0,0000,016f,0,016f,0000,1,1,0,0,0000,016f,0000,0000,0000,0000,0,016f,016f,0000,0,000,016f,016f,1,00,0005,0000
143,143,0,344ba49034520000,fc,0,0,016f,bbd0,0,0000,016f,0,016f,0000,1,1,0,0,0000,016f,0000,0000,0000,0000,0,016f,016f,0000,0,000,016f,016f,1,00,0005,0000
144,144,0,344ba49034520000,fc,0,0,016f,bbd0,0,0000,016f,0,016f,0000,1,1,0,0,0000,016f,0000,0000,0000,0000,0,016f,016f,0000,0,000,016f,016f,1,00,0005,0000
145,145,0,344ba49034520000,fc,0,0,016f,bbd0,0,0000,016f,0,016f,0000,1,1,0,0,0000,016f,0000,0000,0000,0000,0,016f,016f,0000,0,000,016f,016f,1,00,0005,0000
146,146,0,344ba49034520000,fc,0,0,016f,bbd0,0,0000,016f,0,016f,0000,1,1,0,0,0000,016f,0000,0000,0000,0000,0,016f,016f,0000,0,000,016f,016f,1,00,0005,0000
147,147,0,344ba49034520000,fc,0,0,016f,bbd0,0,0000,016f,0,016f,0000,1,1,0,0,0000,016f,0000,0000,0000,0000,0,016f,016f,0000,0,000,016f,016f,1,00,0005,0000
148,148,0,344ba49034520000,fc,0,0,016f,bbd0,0,0000,016f,0,016f,0000,1,1,0,0,0000,016f,0000,0000,0000,0000,0,016f,016f,0000,0,000,016f,016f,1,00,0005,0000
149,149,0,344ba49034520000,fc,0,0,016f,bbd0,0,0000,016f,0,016f,0000,1,1,0,0,0000,016f,0000,0000,0000,0000,0,016f,016f,0000,0,000,016f,016f,1,00,0005,0000
150,150,0,344ba49034520000,fc,0,0,016f,bbd0,0,0000,016f,0,016f,0000,1,1,0,0,0000,016f,0000,0000,0000,0000,0,016f,016f,0000,0,000,016f,016f,1,00,0005,0000
151,151,0,344ba49034520000,fc,0,0,016f,bbd0,0,0000,016f,0,016f,0000,1,1,0,0,0000,016f,0000,0000,0000,0000,0,016f,016f,0000,0,000,016f,016f,1,00,0005,0000
152,152,0,344ba49034520000,fc,0,0,016f,bbd0,0,0000,016f,0,016f,0000,1,1,0,0,0000,016f,0000,0000,0000,0000,0,016f,016f,0000,0,000,016f,016f,1,00,0005,0000
153,153,0,344ba49034520000,fc,0,0,016f,bbd0,0,0000,016f,0,016f,0000,1,1,0,0,0000,016f,0000,0000,0000,0000,0,016f,016f,0000,0,000,016f,016f,1,00,0005,0000
154,154,0,344ba49034520000,fc,0,0,016f,bbd0,0,0000,016f,0,016f,0000,1,1,0,0,0000,016f,0000,0000,0000,0000,0,016f,016f,0000,0,000,016f,016f,1,00,0005,0000
155,155,0,344ba49034520000,fc,0,0,016f,bbd0,0,0000,016f,0,016f,0000,1,1,0,0,0000,016f,0000,0000,0000,0000,0,016f,016f,0000,0,000,016f,016f,1,00,0005,0000
156,156,0,344ba49034520000,fc,0,0,016f,bbd0,0,0000,016f,0,016f,0000,1,1,0,0,0000,016f,0000,0000,0000,0000,0,016f,016f,0000,0,000,016f,016f,1,00,0005,0000
157,157,0,344ba49034520000,fc,0,0,016f,bbd0,0,0000,016f,0,016f,0000,1,1,0,0,0000,016f,0000,0000,0000,0000,0,016f,016f,0000,0,000,016f,016f,1,00,0005,0000
158,158,0,344ba49034520000,fc,0,0,016f,bbd0,0,0000,016f,0,016f,0000,1,1,0,0,0000,016f,0000,0000,0000,0000,0,016f,016f,0000,0,000,016f,016f,1,00,0005,0000
159,159,0,344ba49034520000,fc,0,0,016f,bbd0,0,0000,016f,0,016f,0000,1,1,0,0,0000,016f,0000,0000,0000,0000,0,016f,016f,0000,0,000,016f,016f,1,00,0005,0000
160,160,0,344ba49034520000,fc,0,0,016f,bbd0,0,0000,016f,0,016f,0000,1,1,0,0,0000,016f,0000,0000,0000,0000,0,016f,016f,0000,0,000,016f,016f,1,00,0005,0000
161,161,0,344ba49034520000,fc,0,0,016f,bbd0,0,0000,016f,0,016f,0000,1,1,0,0,0000,016f,0000,0000,0000,0000,0,016f,016f,0000,0,000,016f,016f,1,00,0005,0000
162,162,0,344ba49034520000,fc,0,0,016f,bbd0,0,0000,016f,0,016f,0000,1,1,0,0,0000,016f,0000,0000,0000,0000,0,016f,016f,0000,0,000,016f,016f,1,00,0005,0000
163,163,0,344ba49034520000,fc,0,0,016f,bbd0,0,0000,016f,0,016f,0000,1,1,0,0,0000,016f,0000,0000,0000,0000,0,016f,016f,0000,0,000,016f,016f,1,00,0005,0000
164,164,0,344ba49034520000,fc,0,0,016f,bbd0,0,0000,016f,0,016f,0000,1,1,0,0,0000,016f,0000,0000,0000,0000,0,016f,016f,0000,0,000,016f,016f,1,00,0005,0000
165,165,0,344ba49034520000,fc,0,0,016f,bbd0,0,0000,016f,0,016f,0000,1,1,0,0,0000,016f,0000,0000,0000,0000,0,016f,016f,0000,0,000,016f,016f,1,00,0005,0000
166,166,0,344ba49034520000,fc,0,0,016f,bbd0,0,0000,016f,0,016f,0000,1,1,0,0,0000,016f,0000,0000,0000,0000,0,016f,016f,0000,0,000,016f,016f,1,00,0005,0000
167,167,0,344ba49034520000,fc,0,0,016f,bbd0,0,0000,016f,0,016f,0000,1,1,0,0,0000,016f,0000,0000,0000,0000,0,016f,016f,0000,0,000,016f,016f,1,00,0005,0000
168,168,0,344ba49034520000,fc,0,0,016f,bbd0,0,0000,016f,0,016f,0000,1,1,0,0,0000,016f,0000,0000,0000,0000,0,016f,016f,0000,0,000,016f,016f,1,00,0005,0000
169,169,0,344ba49034520000,fc,0,0,016f,bbd0,0,0000,016f,0,016f,0000,1,1,0,0,0000,016f,0000,0000,0000,0000,0,016f,016f,0000,0,000,016f,016f,1,00,0005,0000
170,170,0,344ba49034520000,fc,0,0,016f,bbd0,0,0000,016f,0,016f,0000,1,1,0,0,0000,016f,0000,0000,0000,0000,0,016f,016f,0000,0,000,016f,016f,1,00,0005,0000
171,171,0,344ba49034520000,fc,0,0,016f,bbd0,0,0000,016f,0,016f,0000,1,1,0,0,0000,016f,0000,0000,0000,0000,0,016f,016f,0000,0,000,016f,016f,1,00,0005,0000
172,172,0,344ba49034520000,fc,0,0,016f,bbd0,0,0000,016f,0,016f,0000,1,1,0,0,0000,016f,0000,0000,0000,0000,0,016f,016f,0000,0,000,016f,016f,1,00,0005,0000
173,173,0,344ba49034520000,fc,0,0,016f,bbd0,0,0000,016f,0,016f,0000,1,1,0,0,0000,016f,0000,0000,0000,0000,0,016f,016f,0000,0,000,016f,016f,1,00,0005,0000
174,174,0,344ba49034520000,fc,0,0,016f,bbd0,0,0000,016f,0,016f,0000,1,1,0,0,0000,016f,0000,0000,0000,0000,0,016f,016f,0000,0,000,016f,016f,1,00,0005,0000
175,175,0,344ba49034520000,fc,0,0,016f,bbd0,0,0000,016f,0,016f,0000,1,1,0,0,0000,016f,0000,0000,0000,0000,0,016f,016f,0000,0,000,016f,016f,1,00,0005,0000
176,176,0,344ba49034520000,fc,0,0,016f,bbd0,0,0000,016f,0,016f,0000,1,1,0,0,0000,016f,0000,0000,0000,0000,0,016f,016f,0000,0,000,016f,016f,1,00,0005,0000
177,177,0,344ba49034520000,fc,0,0,016f,bbd0,0,0000,016f,0,016f,0000,1,1,0,0,0000,016f,0000,0000,0000,0000,0,016f,016f,0000,0,000,016f,016f,1,00,0005,0000
178,178,0,344ba49034520000,fc,0,0,016f,bbd0,0,0000,016f,0,016f,0000,1,1,0,0,0000,016f,0000,0000,0000,0000,0,016f,016f,0000,0,000,016f,016f,1,00,0005,0000
179,179,0,344ba49034520000,fc,0,0,016f,bbd0,0,0000,016f,0,016f,0000,1,1,0,0,0000,016f,0000,0000,0000,0000,0,016f,016f,0000,0,000,016f,016f,1,00,0005,0000
180,180,0,344ba49034520000,fc,0,0,016f,bbd0,0,0000,016f,0,016f,0000,1,1,0,0,0000,016f,0000,0000,0000,0000,0,016f,016f,0000,0,000,016f,016f,1,00,0005,0000
181,181,0,344ba49034520000,fc,0,0,016f,bbd0,0,0000,016f,0,016f,0000,1,1,0,0,0000,016f,0000,0000,0000,0000,0,016f,016f,0000,0,000,016f,016f,1,00,0005,0000
182,182,0,344ba49034520000,fc,0,0,016f,bbd0,0,0000,016f,0,016f,0000,1,1,0,0,0000,016f,0000,0000,0000,0000,0,016f,016f,0000,0,000,016f,016f,1,00,0005,0000
183,183,0,344ba49034520000,fc,0,0,016f,bbd0,0,0000,016f,0,016f,0000,1,1,0,0,0000,016f,0000,0000,0000,0000,0,016f,016f,0000,0,000,016f,016f,1,00,0005,0000
184,184,0,344ba49034520000,fc,0,0,016f,bbd0,0,0000,016f,0,016f,0000,1,1,0,0,0000,016f,0000,0000,0000,0000,0,016f,016f,0000,0,000,016f,016f,1,00,0005,0000
185,185,0,344ba49034520000,fc,0,0,016f,bbd0,0,0000,016f,0,016f,0000,1,1,0,0,0000,016f,0000,0000,0000,0000,0,016f,016f,0000,0,000,016f,016f,1,00,0005,0000
186,186,0,344ba49034520000,fc,0,0,016f,bbd0,0,0000,016f,0,016f,0000,1,1,0,0,0000,016f,0000,0000,0000,0000,0,016f,016f,0000,0,000,016f,016f,1,00,0005,0000
187,187,0,344ba49034520000,fc,0,0,016f,bbd0,0,0000,016f,0,016f,0000,1,1,0,0,0000,016f,0000,0000,0000,0000,0,016f,016f,0000,0,000,016f,016f,1,00,0005,0000
188,188,0,344ba49034520000,fc,0,0,016f,bbd0,0,0000,016f,0,016f,0000,1,1,0,0,0000,016f,0000,0000,0000,0000,0,016f,016f,0000,0,000,016f,016f,1,00,0005,0000
189,189,0,344ba49034520000,fc,0,0,016f,bbd0,0,0000,016f,0,016f,0000,1,1,0,0,0000,016f,0000,0000,0000,0000,0,016f,016f,0000,0,000,016f,016f,1,00,0005,0000
190,190,0,344ba49034520000,fc,0,0,016f,bbd0,0,0000,016f,0,016f,0000,1,1,0,0,0000,016f,0000,0000,0000,0000,0,016f,016f,0000,0,000,016f,016f,1,00,0005,0000
191,191,0,344ba49034520000,fc,0,0,016f,bbd0,0,0000,016f,0,016f,0000,1,1,0,0,0000,016f,0000,0000,0000,0000,0,016f,016f,0000,0,000,016f,016f,1,00,0005,0000
192,192,0,344ba49034520000,fc,0,0,016f,bbd0,0,0000,016f,0,016f,0000,1,1,0,0,0000,016f,0000,0000,0000,0000,0,016f,016f,0000,0,000,016f,016f,1,00,0005,0000
193,193,0,344ba49034520000,fc,0,0,016f,bbd0,0,0000,016f,0,016f,0000,1,1,0,0,0000,016f,0000,0000,0000,0000,0,016f,016f,0000,0,000,016f,016f,1,00,0005,0000
194,194,0,344ba49034520000,fc,0,0,016f,bbd0,0,0000,016f,0,016f,0000,1,1,0,0,0000,016f,0000,0000,0000,0000,0,016f,016f,0000,0,000,016f,016f,1,00,0005,0000
195,195,0,344ba49034520000,fc,0,0,016f,bbd0,0,0000,016f,0,016f,0000,1,1,0,0,0000,016f,0000,0000,0000,0000,0,016f,016f,0000,0,000,016f,016f,1,00,0005,0000
196,196,0,344ba49034520000,fc,0,0,016f,bbd0,0,0000,016f,0,016f,0000,1,1,0,0,0000,016f,0000,0000,0000,0000,0,016f,016f,0000,0,000,016f,016f,1,00,0005,0000
197,197,0,344ba49034520000,fc,0,0,016f,bbd0,0,0000,016f,0,016f,0000,1,1,0,0,0000,016f,0000,0000,0000,0000,0,016f,016f,0000,0,000,016f,016f,1,00,0005,0000
198,198,0,344ba49034520000,fc,0,0,016f,bbd0,0,0000,016f,0,016f,0000,1,1,0,0,0000,016f,0000,0000,0000,0000,0,016f,016f,0000,0,000,016f,016f,1,00,0005,0000
199,199,0,344ba49034520000,fc,0,0,016f,bbd0,0,0000,016f,0,016f,0000,1,1,0,0,0000,016f,0000,0000,0000,0000,0,016f,016f,0000,0,000,016f,016f,1,00,0005,0000
200,200,0,344ba49034520000,fc,0,0,016f,bbd0,0,0000,016f,0,016f,0000,1,1,0,0,0000,016f,0000,0000,0000,0000,0,016f,016f,0000,0,000,016f,016f,1,00,0005,0000
201,201,0,344ba49034520000,fc,0,0,016f,bbd0,0,0000,016f,0,016f,0000,1,1,0,0,0000,016f,0000,0000,0000,0000,0,016f,016f,0000,0,000,016f,016f,1,00,0005,0000
202,202,0,344ba49034520000,fc,0,0,016f,bbd0,0,0000,016f,0,016f,0000,1,1,0,0,0000,016f,0000,0000,0000,0000,0,016f,016f,0000,0,000,016f,016f,1,00,0005,0000
203,203,0,344ba49034520000,fc,0,0,016f,bbd0,0,0000,016f,0,016f,0000,1,1,0,0,0000,016f,0000,0000,0000,0000,0,016f,016f,0000,0,000,016f,016f,1,00,0005,0000
204,204,0,344ba49034520000,fc,0,0,016f,bbd0,0,0000,016f,0,016f,0000,1,1,0,0,0000,016f,0000,0000,0000,0000,0,016f,016f,0000,0,000,016f,016f,1,00,0005,0000
205,205,0,344ba49034520000,fc,0,0,016f,bbd0,0,0000,016f,0,016f,0000,1,1,0,0,0000,016f,0000,0000,0000,0000,0,016f,016f,0000,0,000,016f,016f,1,00,0005,0000
206,206,0,344ba49034520000,fc,0,0,016f,bbd0,0,0000,016f,0,016f,0000,1,1,0,0,0000,016f,0000,0000,0000,0000,0,016f,016f,0000,0,000,016f,016f,1,00,0005,0000
207,207,0,344ba49034520000,fc,0,0,016f,bbd0,0,0000,016f,0,016f,0000,1,1,0,0,0000,016f,0000,0000,0000,0000,0,016f,016f,0000,0,000,016f,016f,1,00,0005,0000
208,208,0,344ba49034520000,fc,0,0,016f,bbd0,0,0000,016f,0,016f,0000,1,1,0,0,0000,016f,0000,0000,0000,0000,0,016f,016f,0000,0,000,016f,016f,1,00,0005,0000
209,209,0,344ba49034520000,fc,0,0,016f,bbd0,0,0000,016f,0,016f,0000,1,1,0,0,0000,016f,0000,0000,0000,0000,0,016f,016f,0000,0,000,016f,016f,1,00,0005,0000
210,210,0,344ba49034520000,fc,0,0,016f,bbd0,0,0000,016f,0,016f,0000,1,1,0,0,0000,016f,0000,0000,0000,0000,0,016f,016f,0000,0,000,016f,016f,1,00,0005,0000
211,211,0,344ba49034520000,fc,0,0,016f,bbd0,0,0000,016f,0,016f,0000,1,1,0,0,0000,016f,0000,0000,0000,0000,0,016f,016f,0000,0,000,016f,016f,1,00,0005,0000
212,212,0,344ba49034520000,fc,0,0,016f,bbd0,0,0000,016f,0,016f,0000,1,1,0,0,0000,016f,0000,0000,0000,0000,0,016f,016f,0000,0,000,016f,016f,1,00,0005,0000
213,213,0,344ba49034520000,fc,0,0,016f,bbd0,0,0000,016f,0,016f,0000,1,1,0,0,0000,016f,0000,0000,0000,0000,0,016f,016f,0000,0,000,016f,016f,1,00,0005,0000
214,214,0,344ba49034520000,fc,0,0,016f,bbd0,0,0000,016f,0,016f,0000,1,1,0,0,0000,016f,0000,0000,0000,0000,0,016f,016f,0000,0,000,016f,016f,1,00,0005,0000
215,215,0,344ba49034520000,fc,0,0,016f,bbd0,0,0000,016f,0,016f,0000,1,1,0,0,0000,016f,0000,0000,0000,0000,0,016f,016f,0000,0,000,016f,016f,1,00,0005,0000
216,216,0,344ba49034520000,fc,0,0,016f,bbd0,0,0000,016f,0,016f,0000,1,1,0,0,0000,016f,0000,0000,0000,0000,0,016f,016f,0000,0,000,016f,016f,1,00,0005,0000
217,217,0,344ba49034520000,fc,0,0,016f,bbd0,0,0000,016f,0,016f,0000,1,1,0,0,0000,016f,0000,0000,0000,0000,0,016f,016f,0000,0,000,016f,016f,1,00,0005,0000
218,218,0,344ba49034520000,fc,0,0,016f,bbd0,0,0000,016f,0,016f,0000,1,1,0,0,0000,016f,0000,0000,0000,0000,0,016f,016f,0000,0,000,016f,016f,1,00,0005,0000
219,219,0,344ba49034520000,fc,0,0,016f,bbd0,0,0000,016f,0,016f,0000,1,1,0,0,0000,016f,0000,0000,0000,0000,0,016f,016f,0000,0,000,016f,016f,1,00,0005,0000
220,220,0,344ba49034520000,fc,0,0,016f,bbd0,0,0000,016f,0,016f,0000,1,1,0,0,0000,016f,0000,0000,0000,0000,0,016f,016f,0000,0,000,016f,016f,1,00,0005,0000
221,221,0,344ba49034520000,fc,0,0,016f,bbd0,0,0000,016f,0,016f,0000,1,1,0,0,0000,016f,0000,0000,0000,0000,0,016f,016f,0000,0,000,016f,016f,1,00,0005,0000
222,222,0,344ba49034520000,fc,0,0,016f,bbd0,0,0000,016f,0,016f,0000,1,1,0,0,0000,016f,0000,0000,0000,0000,0,016f,016f,0000,0,000,016f,016f,1,00,0005,0000
223,223,0,344ba49034520000,fc,0,0,016f,bbd0,0,0000,016f,0,016f,0000,1,1,0,0,0000,016f,0000,0000,0000,0000,0,016f,016f,0000,0,000,016f,016f,1,00,0005,0000
224,224,0,344ba49034520000,fc,0,0,016f,bbd0,0,0000,016f,0,016f,0000,1,1,0,0,0000,016f,0000,0000,0000,0000,0,016f,016f,0000,0,000,016f,016f,1,00,0005,0000
225,225,0,344ba49034520000,fc,0,0,016f,bbd0,0,0000,016f,0,016f,0000,1,1,0,0,0000,016f,0000,0000,0000,0000,0,016f,016f,0000,0,000,016f,016f,1,00,0005,0000
226,226,0,344ba49034520000,fc,0,0,016f,bbd0,0,0000,016f,0,016f,0000,1,1,0,0,0000,016f,0000,0000,0000,0000,0,016f,016f,0000,0,000,016f,016f,1,00,0005,0000
227,227,0,344ba49034520000,fc,0,0,016f,bbd0,0,0000,016f,0,016f,0000,1,1,0,0,0000,016f,0000,0000,0000,0000,0,016f,016f,0000,0,000,016f,016f,1,00,0005,0000
228,228,0,344ba49034520000,fc,0,0,016f,bbd0,0,0000,016f,0,016f,0000,1,1,0,0,0000,016f,0000,0000,0000,0000,0,016f,016f,0000,0,000,016f,016f,1,00,0005,0000
229,229,0,344ba49034520000,fc,0,0,016f,bbd0,0,0000,016f,0,016f,0000,1,1,0,0,0000,016f,0000,0000,0000,0000,0,016f,016f,0000,0,000,016f,016f,1,00,0005,0000
230,230,0,344ba49034520000,fc,0,0,016f,bbd0,0,0000,016f,0,016f,0000,1,1,0,0,0000,016f,0000,0000,0000,0000,0,016f,016f,0000,0,000,016f,016f,1,00,0005,0000
231,231,0,344ba49034520000,fc,0,0,016f,bbd0,0,0000,016f,0,016f,0000,1,1,0,0,0000,016f,0000,0000,0000,0000,0,016f,016f,0000,0,000,016f,016f,1,00,0005,0000
232,232,0,344ba49034520000,fc,0,0,016f,bbd0,0,0000,016f,0,016f,0000,1,1,0,0,0000,016f,0000,0000,0000,0000,0,016f,016f,0000,0,000,016f,016f,1,00,0005,0000
233,233,0,344ba49034520000,fc,0,0,016f,bbd0,0,0000,016f,0,016f,0000,1,1,0,0,0000,016f,0000,0000,0000,0000,0,016f,016f,0000,0,000,016f,016f,1,00,0005,0000
234,234,0,344ba49034520000,fc,0,0,016f,bbd0,0,0000,016f,0,016f,0000,1,1,0,0,0000,016f,0000,0000,0000,0000,0,016f,016f,0000,0,000,016f,016f,1,00,0005,0000
235,235,0,344ba49034520000,fc,0,0,016f,bbd0,0,0000,016f,0,016f,0000,1,1,0,0,0000,016f,0000,0000,0000,0000,0,016f,016f,0000,0,000,016f,016f,1,00,0005,0000
236,236,0,344ba49034520000,fc,0,0,016f,bbd0,0,0000,016f,0,016f,0000,1,1,0,0,0000,016f,0000,0000,0000,0000,0,016f,016f,0000,0,000,016f,016f,1,00,0005,0000
237,237,0,344ba49034520000,fc,0,0,016f,bbd0,0,0000,016f,0,016f,0000,1,1,0,0,0000,016f,0000,0000,0000,0000,0,016f,016f,0000,0,000,016f,016f,1,00,0005,0000
238,238,0,344ba49034520000,fc,0,0,016f,bbd0,0,0000,016f,0,016f,0000,1,1,0,0,0000,016f,0000,0000,0000,0000,0,016f,016f,0000,0,000,016f,016f,1,00,0005,0000
239,239,0,344ba49034520000,fc,0,0,016f,bbd0,0,0000,016f,0,016f,0000,1,1,0,0,0000,016f,0000,0000,0000,0000,0,016f,016f,0000,0,000,016f,016f,1,00,0005,0000
240,240,0,344ba49034520000,fc,0,0,016f,bbd0,0,0000,016f,0,016f,0000,1,1,0,0,0000,016f,0000,0000,0000,0000,0,016f,016f,0000,0,000,016f,016f,1,00,0005,0000
241,241,0,344ba49034520000,fc,0,0,016f,bbd0,0,0000,016f,0,016f,0000,1,1,0,0,0000,016f,0000,0000,0000,0000,0,016f,016f,0000,0,000,016f,016f,1,00,0005,0000
242,242,0,344ba49034520000,fc,0,0,016f,bbd0,0,0000,016f,0,016f,0000,1,1,0,0,0000,016f,0000,0000,0000,0000,0,016f,016f,0000,0,000,016f,016f,1,00,0005,0000
243,243,0,344ba49034520000,fc,0,0,016f,bbd0,0,0000,016f,0,016f,0000,1,1,0,0,0000,016f,0000,0000,0000,0000,0,016f,016f,0000,0,000,016f,016f,1,00,0005,0000
244,244,0,344ba49034520000,fc,0,0,016f,bbd0,0,0000,016f,0,016f,0000,1,1,0,0,0000,016f,0000,0000,0000,0000,0,016f,016f,0000,0,000,016f,016f,1,00,0005,0000
245,245,0,344ba49034520000,fc,0,0,016f,bbd0,0,0000,016f,0,016f,0000,1,1,0,0,0000,016f,0000,0000,0000,0000,0,016f,016f,0000,0,000,016f,016f,1,00,0005,0000
246,246,0,344ba49034520000,fc,0,0,016f,bbd0,0,0000,016f,0,016f,0000,1,1,0,0,0000,016f,0000,0000,0000,0000,0,016f,016f,0000,0,000,016f,016f,1,00,0005,0000
247,247,0,344ba49034520000,fc,0,0,016f,bbd0,0,0000,016f,0,016f,0000,1,1,0,0,0000,016f,0000,0000,0000,0000,0,016f,016f,0000,0,000,016f,016f,1,00,0005,0000
248,248,0,344ba49034520000,fc,0,0,016f,bbd0,0,0000,016f,0,016f,0000,1,1,0,0,0000,016f,0000,0000,0000,0000,0,016f,016f,0000,0,000,016f,016f,1,00,0005,0000
249,249,0,344ba49034520000,fc,0,0,016f,bbd0,0,0000,016f,0,016f,0000,1,1,0,0,0000,016f,0000,0000,0000,0000,0,016f,016f,0000,0,000,016f,016f,1,00,0005,0000
250,250,0,344ba49034520000,fc,0,0,016f,bbd0,0,0000,016f,0,016f,0000,1,1,0,0,0000,016f,0000,0000,0000,0000,0,016f,016f,0000,0,000,016f,016f,1,00,0005,0000
251,251,0,344ba49034520000,fc,0,0,016f,bbd0,0,0000,016f,0,016f,0000,1,1,0,0,0000,016f,0000,0000,0000,0000,0,016f,016f,0000,0,000,016f,016f,1,00,0005,0000
252,252,0,344ba49034520000,fc,0,0,016f,bbd0,0,0000,016f,0,016f,0000,1,1,0,0,0000,016f,0000,0000,0000,0000,0,016f,016f,0000,0,000,016f,016f,1,00,0005,0000
253,253,0,344ba49034520000,fc,0,0,016f,bbd0,0,0000,016f,0,016f,0000,1,1,0,0,0000,016f,0000,0000,0000,0000,0,016f,016f,0000,0,000,016f,016f,1,00,0005,0000
254,254,0,344ba49034520000,fc,0,0,016f,bbd0,0,0000,016f,0,016f,0000,1,1,0,0,0000,016f,0000,0000,0000,0000,0,016f,016f,0000,0,000,016f,016f,1,00,0005,0000
255,255,0,344ba49034520000,fc,0,0,016f,bbd0,0,0000,016f,0,016f,0000,1,1,0,0,0000,016f,0000,0000,0000,0000,0,016f,016f,0000,0,000,016f,016f,1,00,0005,0000
256,256,0,344ba49034520000,fc,0,0,016f,bbd0,0,0000,016f,0,016f,0000,1,1,0,0,0000,016f,0000,0000,0000,0000,0,016f,016f,0000,0,000,016f,016f,1,00,0005,0000
257,257,0,344ba49034520000,fc,0,0,016f,bbd0,0,0000,016f,0,016f,0000,1,1,0,0,0000,016f,0000,0000,0000,0000,0,016f,016f,0000,0,000,016f,016f,1,00,0005,0000
258,258,0,344ba49034520000,fc,0,0,016f,bbd0,0,0000,016f,0,016f,0000,1,1,0,0,0000,016f,0000,0000,0000,0000,0,016f,016f,0000,0,000,016f,016f,1,00,0005,0000
259,259,0,344ba49034520000,fc,0,0,016f,bbd0,0,0000,016f,0,016f,0000,1,1,0,0,0000,016f,0000,0000,0000,0000,0,016f,016f,0000,0,000,016f,016f,1,00,0005,0000
260,260,0,344ba49034520000,fc,0,0,016f,bbd0,0,0000,016f,0,016f,0000,1,1,0,0,0000,016f,0000,0000,0000,0000,0,016f,016f,0000,0,000,016f,016f,1,00,0005,0000
261,261,0,344ba49034520000,fc,0,0,016f,bbd0,0,0000,016f,0,016f,0000,1,1,0,0,0000,016f,0000,0000,0000,0000,0,016f,016f,0000,0,000,016f,016f,1,00,0005,0000
262,262,0,344ba49034520000,fc,0,0,016f,bbd0,0,0000,016f,0,016f,0000,1,1,0,0,0000,016f,0000,0000,0000,0000,0,016f,016f,0000,0,000,016f,016f,1,00,0005,0000
263,263,0,344ba49034520000,fc,0,0,016f,bbd0,0,0000,016f,0,016f,0000,1,1,0,0,0000,016f,0000,0000,0000,0000,0,016f,016f,0000,0,000,016f,016f,1,00,0005,0000
264,264,0,344ba49034520000,fc,0,0,016f,bbd0,0,0000,016f,0,016f,0000,1,1,0,0,0000,016f,0000,0000,0000,0000,0,016f,016f,0000,0,000,016f,016f,1,00,0005,0000
265,265,0,344ba49034520000,fc,0,0,016f,bbd0,0,0000,016f,0,016f,0000,1,1,0,0,0000,016f,0000,0000,0000,0000,0,016f,016f,0000,0,000,016f,016f,1,00,0005,0000
266,266,0,344ba49034520000,fc,0,0,016f,bbd0,0,0000,016f,0,016f,0000,1,1,0,0,0000,016f,0000,0000,0000,0000,0,016f,016f,0000,0,000,016f,016f,1,00,0005,0000
267,267,0,344ba49034520000,fc,0,0,016f,bbd0,0,0000,016f,0,016f,0000,1,1,0,0,0000,016f,0000,0000,0000,0000,0,016f,016f,0000,0,000,016f,016f,1,00,0005,0000
268,268,0,344ba49034520000,fc,0,0,016f,bbd0,0,0000,016f,0,016f,0000,1,1,0,0,0000,016f,0000,0000,0000,0000,0,016f,016f,0000,0,000,016f,016f,1,00,0005,0000
269,269,0,344ba49034520000,fc,0,0,016f,bbd0,0,0000,016f,0,016f,0000,1,1,0,0,0000,016f,0000,0000,0000,0000,0,016f,016f,0000,0,000,016f,016f,1,00,0005,0000
270,270,0,344ba49034520000,fc,0,0,016f,bbd0,0,0000,016f,0,016f,0000,1,1,0,0,0000,016f,0000,0000,0000,0000,0,016f,016f,0000,0,000,016f,016f,1,00,0005,0000
271,271,0,344ba49034520000,fc,0,0,016f,bbd0,0,0000,016f,0,016f,0000,1,1,0,0,0000,016f,0000,0000,0000,0000,0,016f,016f,0000,0,000,016f,016f,1,00,0005,0000
272,272,0,344ba49034520000,fc,0,0,016f,bbd0,0,0000,016f,0,016f,0000,1,1,0,0,0000,016f,0000,0000,0000,0000,0,016f,016f,0000,0,000,016f,016f,1,00,0005,0000
273,273,0,344ba49034520000,fc,0,0,016f,bbd0,0,0000,016f,0,016f,0000,1,1,0,0,0000,016f,0000,0000,0000,0000,0,016f,016f,0000,0,000,016f,016f,1,00,0005,0000
274,274,0,344ba49034520000,fc,0,0,016f,bbd0,0,0000,016f,0,016f,0000,1,1,0,0,0000,016f,0000,0000,0000,0000,0,016f,016f,0000,0,000,016f,016f,1,00,0005,0000
275,275,0,344ba49034520000,fc,0,0,016f,bbd0,0,0000,016f,0,016f,0000,1,1,0,0,0000,016f,0000,0000,0000,0000,0,016f,016f,0000,0,000,016f,016f,1,00,0005,0000
276,276,0,344ba49034520000,fc,0,0,016f,bbd0,0,0000,016f,0,016f,0000,1,1,0,0,0000,016f,0000,0000,0000,0000,0,016f,016f,0000,0,000,016f,016f,1,00,0005,0000
277,277,0,344ba49034520000,fc,0,0,016f,bbd0,0,0000,016f,0,016f,0000,1,1,0,0,0000,016f,0000,0000,0000,0000,0,016f,016f,0000,0,000,016f,016f,1,00,0005,0000
278,278,0,344ba49034520000,fc,0,0,016f,bbd0,0,0000,016f,0,016f,0000,1,1,0,0,0000,016f,0000,0000,0000,0000,0,016f,016f,0000,0,000,016f,016f,1,00,0005,0000
279,279,0,344ba49034520000,fc,0,0,016f,bbd0,0,0000,016f,0,016f,0000,1,1,0,0,0000,016f,0000,0000,0000,0000,0,016f,016f,0000,0,000,016f,016f,1,00,0005,0000
280,280,0,344ba49034520000,fc,0,0,016f,bbd0,0,0000,016f,0,016f,0000,1,1,0,0,0000,016f,0000,0000,0000,0000,0,016f,016f,0000,0,000,016f,016f,1,00,0005,0000
281,281,0,344ba49034520000,fc,0,0,016f,bbd0,0,0000,016f,0,016f,0000,1,1,0,0,0000,016f,0000,0000,0000,0000,0,016f,016f,0000,0,000,016f,016f,1,00,0005,0000
282,282,0,344ba49034520000,fc,0,0,016f,bbd0,0,0000,016f,0,016f,0000,1,1,0,0,0000,016f,0000,0000,0000,0000,0,016f,016f,0000,0,000,016f,016f,1,00,0005,0000
283,283,0,344ba49034520000,fc,0,0,016f,bbd0,0,0000,016f,0,016f,0000,1,1,0,0,0000,016f,0000,0000,0000,0000,0,016f,016f,0000,0,000,016f,016f,1,00,0005,0000
284,284,0,344ba49034520000,fc,0,0,016f,bbd0,0,0000,016f,0,016f,0000,1,1,0,0,0000,016f,0000,0000,0000,0000,0,016f,016f,0000,0,000,016f,016f,1,00,0005,0000
285,285,0,344ba49034520000,fc,0,0,016f,bbd0,0,0000,016f,0,016f,0000,1,1,0,0,0000,016f,0000,0000,0000,0000,0,016f,016f,0000,0,000,016f,016f,1,00,0005,0000
286,286,0,344ba49034520000,fc,0,0,016f,bbd0,0,0000,016f,0,016f,0000,1,1,0,0,0000,016f,0000,0000,0000,0000,0,016f,016f,0000,0,000,016f,016f,1,00,0005,0000
287,287,0,344ba49034520000,fc,0,0,016f,bbd0,0,0000,016f,0,016f,0000,1,1,0,0,0000,016f,0000,0000,0000,0000,0,016f,016f,0000,0,000,016f,016f,1,00,0005,0000
288,288,0,344ba49034520000,fc,0,0,016f,bbd0,0,0000,016f,0,016f,0000,1,1,0,0,0000,016f,0000,0000,0000,0000,0,016f,016f,0000,0,000,016f,016f,1,00,0005,0000
289,289,0,344ba49034520000,fc,0,0,016f,bbd0,0,0000,016f,0,016f,0000,1,1,0,0,0000,016f,0000,0000,0000,0000,0,016f,016f,0000,0,000,016f,016f,1,00,0005,0000
290,290,0,344ba49034520000,fc,0,0,016f,bbd0,0,0000,016f,0,016f,0000,1,1,0,0,0000,016f,0000,0000,0000,0000,0,016f,016f,0000,0,000,016f,016f,1,00,0005,0000
291,291,0,344ba49034520000,fc,0,0,016f,bbd0,0,0000,016f,0,016f,0000,1,1,0,0,0000,016f,0000,0000,0000,0000,0,016f,016f,0000,0,000,016f,016f,1,00,0005,0000
292,292,0,344ba49034520000,fc,0,0,016f,bbd0,0,0000,016f,0,016f,0000,1,1,0,0,0000,016f,0000,0000,0000,0000,0,016f,016f,0000,0,000,016f,016f,1,00,0005,0000
293,293,0,344ba49034520000,fc,0,0,016f,bbd0,0,0000,016f,0,016f,0000,1,1,0,0,0000,016f,0000,0000,0000,0000,0,016f,016f,0000,0,000,016f,016f,1,00,0005,0000
294,294,0,344ba49034520000,fc,0,0,016f,bbd0,0,0000,016f,0,016f,0000,1,1,0,0,0000,016f,0000,0000,0000,0000,0,016f,016f,0000,0,000,016f,016f,1,00,0005,0000
295,295,0,344ba49034520000,fc,0,0,016f,bbd0,0,0000,016f,0,016f,0000,1,1,0,0,0000,016f,0000,0000,0000,0000,0,016f,016f,0000,0,000,016f,016f,1,00,0005,0000
296,296,0,344ba49034520000,fc,0,0,016f,bbd0,0,0000,016f,0,016f,0000,1,1,0,0,0000,016f,0000,0000,0000,0000,0,016f,016f,0000,0,000,016f,016f,1,00,0005,0000
297,297,0,344ba49034520000,fc,0,0,016f,bbd0,0,0000,016f,0,016f,0000,1,1,0,0,0000,016f,0000,0000,0000,0000,0,016f,016f,0000,0,000,016f,016f,1,00,0005,0000
298,298,0,344ba49034520000,fc,0,0,016f,bbd0,0,0000,016f,0,016f,0000,1,1,0,0,0000,016f,0000,0000,0000,0000,0,016f,016f,0000,0,000,016f,016f,1,00,0005,0000
299,299,0,344ba49034520000,fc,0,0,016f,bbd0,0,0000,016f,0,016f,0000,1,1,0,0,0000,016f,0000,0000,0000,0000,0,016f,016f,0000,0,000,016f,016f,1,00,0005,0000
300,300,0,344ba49034520000,fc,0,0,016f,bbd0,0,0000,016f,0,016f,0000,1,1,0,0,0000,016f,0000,0000,0000,0000,0,016f,016f,0000,0,000,016f,016f,1,00,0005,0000
301,301,0,344ba49034520000,fc,0,0,016f,bbd0,0,0000,016f,0,016f,0000,1,1,0,0,0000,016f,0000,0000,0000,0000,0,016f,016f,0000,0,000,016f,016f,1,00,0005,0000
302,302,0,344ba49034520000,fc,0,0,016f,bbd0,0,0000,016f,0,016f,0000,1,1,0,0,0000,016f,0000,0000,0000,0000,0,016f,016f,0000,0,000,016f,016f,1,00,0005,0000
303,303,0,344ba49034520000,fc,0,0,016f,bbd0,0,0000,016f,0,016f,0000,1,1,0,0,0000,016f,0000,0000,0000,0000,0,016f,016f,0000,0,000,016f,016f,1,00,0005,0000
304,304,0,344ba49034520000,fc,0,0,016f,bbd0,0,0000,016f,0,016f,0000,1,1,0,0,0000,016f,0000,0000,0000,0000,0,016f,016f,0000,0,000,016f,016f,1,00,0005,0000
305,305,0,344ba49034520000,fc,0,0,016f,bbd0,0,0000,016f,0,016f,0000,1,1,0,0,0000,016f,0000,0000,0000,0000,0,016f,016f,0000,0,000,016f,016f,1,00,0005,0000
306,306,0,344ba49034520000,fc,0,0,016f,bbd0,0,0000,016f,0,016f,0000,1,1,0,0,0000,016f,0000,0000,0000,0000,0,016f,016f,0000,0,000,016f,016f,1,00,0005,0000
307,307,0,344ba49034520000,fc,0,0,016f,bbd0,0,0000,016f,0,016f,0000,1,1,0,0,0000,016f,0000,0000,0000,0000,0,016f,016f,0000,0,000,016f,016f,1,00,0005,0000
308,308,0,344ba49034520000,fc,0,0,016f,bbd0,0,0000,016f,0,016f,0000,1,1,0,0,0000,016f,0000,0000,0000,0000,0,016f,016f,0000,0,000,016f,016f,1,00,0005,0000
309,309,0,344ba49034520000,fc,0,0,016f,bbd0,0,0000,016f,0,016f,0000,1,1,0,0,0000,016f,0000,0000,0000,0000,0,016f,016f,0000,0,000,016f,016f,1,00,0005,0000
310,310,0,344ba49034520000,fc,0,0,016f,bbd0,0,0000,016f,0,016f,0000,1,1,0,0,0000,016f,0000,0000,0000,0000,0,016f,016f,0000,0,000,016f,016f,1,00,0005,0000
311,311,0,344ba49034520000,fc,0,0,016f,bbd0,0,0000,016f,0,016f,0000,1,1,0,0,0000,016f,0000,0000,0000,0000,0,016f,016f,0000,0,000,016f,016f,1,00,0005,0000
312,312,0,344ba49034520000,fc,0,0,016f,bbd0,0,0000,016f,0,016f,0000,1,1,0,0,0000,016f,0000,0000,0000,0000,0,016f,016f,0000,0,000,016f,016f,1,00,0005,0000
313,313,0,344ba49034520000,fc,0,0,016f,bbd0,0,0000,016f,0,016f,0000,1,1,0,0,0000,016f,0000,0000,0000,0000,0,016f,016f,0000,0,000,016f,016f,1,00,0005,0000
314,314,0,344ba49034520000,fc,0,0,016f,bbd0,0,0000,016f,0,016f,0000,1,1,0,0,0000,016f,0000,0000,0000,0000,0,016f,016f,0000,0,000,016f,016f,1,00,0005,0000
315,315,0,344ba49034520000,fc,0,0,016f,bbd0,0,0000,016f,0,016f,0000,1,1,0,0,0000,016f,0000,0000,0000,0000,0,016f,016f,0000,0,000,016f,016f,1,00,0005,0000
316,316,0,344ba49034520000,fc,0,0,016f,bbd0,0,0000,016f,0,016f,0000,1,1,0,0,0000,016f,0000,0000,0000,0000,0,016f,016f,0000,0,000,016f,016f,1,00,0005,0000
317,317,0,344ba49034520000,fc,0,0,016f,bbd0,0,0000,016f,0,016f,0000,1,1,0,0,0000,016f,0000,0000,0000,0000,0,016f,016f,0000,0,000,016f,016f,1,00,0005,0000
318,318,0,344ba49034520000,fc,0,0,016f,bbd0,0,0000,016f,0,016f,0000,1,1,0,0,0000,016f,0000,0000,0000,0000,0,016f,016f,0000,0,000,016f,016f,1,00,0005,0000
319,319,0,344ba49034520000,fc,0,0,016f,bbd0,0,0000,016f,0,016f,0000,1,1,0,0,0000,016f,0000,0000,0000,0000,0,016f,016f,0000,0,000,016f,016f,1,00,0005,0000
320,320,0,344ba49034520000,fc,0,0,016f,bbd0,0,0000,016f,0,016f,0000,1,1,0,0,0000,016f,0000,0000,0000,0000,0,016f,016f,0000,0,000,016f,016f,1,00,0005,0000
321,321,0,344ba49034520000,fc,0,0,016f,bbd0,0,0000,016f,0,016f,0000,1,1,0,0,0000,016f,0000,0000,0000,0000,0,016f,016f,0000,0,000,016f,016f,1,00,0005,0000
322,322,0,344ba49034520000,fc,0,0,016f,bbd0,0,0000,016f,0,016f,0000,1,1,0,0,0000,016f,0000,0000,0000,0000,0,016f,016f,0000,0,000,016f,016f,1,00,0005,0000
323,323,0,344ba49034520000,fc,0,0,016f,bbd0,0,0000,016f,0,016f,0000,1,1,0,0,0000,016f,0000,0000,0000,0000,0,016f,016f,0000,0,000,016f,016f,1,00,0005,0000
324,324,0,344ba49034520000,fc,0,0,016f,bbd0,0,0000,016f,0,016f,0000,1,1,0,0,0000,016f,0000,0000,0000,0000,0,016f,016f,0000,0,000,016f,016f,1,00,0005,0000
325,325,0,344ba49034520000,fc,0,0,016f,bbd0,0,0000,016f,0,016f,0000,1,1,0,0,0000,016f,0000,0000,0000,0000,0,016f,016f,0000,0,000,016f,016f,1,00,0005,0000
326,326,0,344ba49034520000,fc,0,0,016f,bbd0,0,0000,016f,0,016f,0000,1,1,0,0,0000,016f,0000,0000,0000,0000,0,016f,016f,0000,0,000,016f,016f,1,00,0005,0000
327,327,0,344ba49034520000,fc,0,0,016f,bbd0,0,0000,016f,0,016f,0000,1,1,0,0,0000,016f,0000,0000,0000,0000,0,016f,016f,0000,0,000,016f,016f,1,00,0005,0000
328,328,0,344ba49034520000,fc,0,0,016f,bbd0,0,0000,016f,0,016f,0000,1,1,0,0,0000,016f,0000,0000,0000,0000,0,016f,016f,0000,0,000,016f,016f,1,00,0005,0000
329,329,0,344ba49034520000,fc,0,0,016f,bbd0,0,0000,016f,0,016f,0000,1,1,0,0,0000,016f,0000,0000,0000,0000,0,016f,016f,0000,0,000,016f,016f,1,00,0005,0000
330,330,0,344ba49034520000,fc,0,0,016f,bbd0,0,0000,016f,0,016f,0000,1,1,0,0,0000,016f,0000,0000,0000,0000,0,016f,016f,0000,0,000,016f,016f,1,00,0005,0000
331,331,0,344ba49034520000,fc,0,0,016f,bbd0,0,0000,016f,0,016f,0000,1,1,0,0,0000,016f,0000,0000,0000,0000,0,016f,016f,0000,0,000,016f,016f,1,00,0005,0000
332,332,0,344ba49034520000,fc,0,0,016f,bbd0,0,0000,016f,0,016f,0000,1,1,0,0,0000,016f,0000,0000,0000,0000,0,016f,016f,0000,0,000,016f,016f,1,00,0005,0000
333,333,0,344ba49034520000,fc,0,0,016f,bbd0,0,0000,016f,0,016f,0000,1,1,0,0,0000,016f,0000,0000,0000,0000,0,016f,016f,0000,0,000,016f,016f,1,00,0005,0000
334,334,0,344ba49034520000,fc,0,0,016f,bbd0,0,0000,016f,0,016f,0000,1,1,0,0,0000,016f,0000,0000,0000,0000,0,016f,016f,0000,0,000,016f,016f,1,00,0005,0000
335,335,0,344ba49034520000,fc,0,0,016f,bbd0,0,0000,016f,0,016f,0000,1,1,0,0,0000,016f,0000,0000,0000,0000,0,016f,016f,0000,0,000,016f,016f,1,00,0005,0000
336,336,0,344ba49034520000,fc,0,0,016f,bbd0,0,0000,016f,0,016f,0000,1,1,0,0,0000,016f,0000,0000,0000,0000,0,016f,016f,0000,0,000,016f,016f,1,00,0005,0000
337,337,0,344ba49034520000,fc,0,0,016f,bbd0,0,0000,016f,0,016f,0000,1,1,0,0,0000,016f,0000,0000,0000,0000,0,016f,016f,0000,0,000,016f,016f,1,00,0005,0000
338,338,0,344ba49034520000,fc,0,0,016f,bbd0,0,0000,016f,0,016f,0000,1,1,0,0,0000,016f,0000,0000,0000,0000,0,016f,016f,0000,0,000,016f,016f,1,00,0005,0000
339,339,0,344ba49034520000,fc,0,0,016f,bbd0,0,0000,016f,0,016f,0000,1,1,0,0,0000,016f,0000,0000,0000,0000,0,016f,016f,0000,0,000,016f,016f,1,00,0005,0000
340,340,0,344ba49034520000,fc,0,0,016f,bbd0,0,0000,016f,0,016f,0000,1,1,0,0,0000,016f,0000,0000,0000,0000,0,016f,016f,0000,0,000,016f,016f,1,00,0005,0000
341,341,0,344ba49034520000,fc,0,0,016f,bbd0,0,0000,016f,0,016f,0000,1,1,0,0,0000,016f,0000,0000,0000,0000,0,016f,016f,0000,0,000,016f,016f,1,00,0005,0000
342,342,0,344ba49034520000,fc,0,0,016f,bbd0,0,0000,016f,0,016f,0000,1,1,0,0,0000,016f,0000,0000,0000,0000,0,016f,016f,0000,0,000,016f,016f,1,00,0005,0000
343,343,0,344ba49034520000,fc,0,0,016f,bbd0,0,0000,016f,0,016f,0000,1,1,0,0,0000,016f,0000,0000,0000,0000,0,016f,016f,0000,0,000,016f,016f,1,00,0005,0000
344,344,0,344ba49034520000,fc,0,0,016f,bbd0,0,0000,016f,0,016f,0000,1,1,0,0,0000,016f,0000,0000,0000,0000,0,016f,016f,0000,0,000,016f,016f,1,00,0005,0000
345,345,0,344ba49034520000,fc,0,0,016f,bbd0,0,0000,016f,0,016f,0000,1,1,0,0,0000,016f,0000,0000,0000,0000,0,016f,016f,0000,0,000,016f,016f,1,00,0005,0000
346,346,0,344ba49034520000,fc,0,0,016f,bbd0,0,0000,016f,0,016f,0000,1,1,0,0,0000,016f,0000,0000,0000,0000,0,016f,016f,0000,0,000,016f,016f,1,00,0005,0000
347,347,0,344ba49034520000,fc,0,0,016f,bbd0,0,0000,016f,0,016f,0000,1,1,0,0,0000,016f,0000,0000,0000,0000,0,016f,016f,0000,0,000,016f,016f,1,00,0005,0000
348,348,0,344ba49034520000,fc,0,0,016f,bbd0,0,0000,016f,0,016f,0000,1,1,0,0,0000,016f,0000,0000,0000,0000,0,016f,016f,0000,0,000,016f,016f,1,00,0005,0000
349,349,0,344ba49034520000,fc,0,0,016f,bbd0,0,0000,016f,0,016f,0000,1,1,0,0,0000,016f,0000,0000,0000,0000,0,016f,016f,0000,0,000,016f,016f,1,00,0005,0000
350,350,0,344ba49034520000,fc,0,0,016f,bbd0,0,0000,016f,0,016f,0000,1,1,0,0,0000,016f,0000,0000,0000,0000,0,016f,016f,0000,0,000,016f,016f,1,00,0005,0000
351,351,0,344ba49034520000,fc,0,0,016f,bbd0,0,0000,016f,0,016f,0000,1,1,0,0,0000,016f,0000,0000,0000,0000,0,016f,016f,0000,0,000,016f,016f,1,00,0005,0000
352,352,0,344ba49034520000,fc,0,0,016f,bbd0,0,0000,016f,0,016f,0000,1,1,0,0,0000,016f,0000,0000,0000,0000,0,016f,016f,0000,0,000,016f,016f,1,00,0005,0000
353,353,0,344ba49034520000,fc,0,0,016f,bbd0,0,0000,016f,0,016f,0000,1,1,0,0,0000,016f,0000,0000,0000,0000,0,016f,016f,0000,0,000,016f,016f,1,00,0005,0000
354,354,0,344ba49034520000,fc,0,0,016f,bbd0,0,0000,016f,0,016f,0000,1,1,0,0,0000,016f,0000,0000,0000,0000,0,016f,016f,0000,0,000,016f,016f,1,00,0005,0000
355,355,0,344ba49034520000,fc,0,0,016f,bbd0,0,0000,016f,0,016f,0000,1,1,0,0,0000,016f,0000,0000,0000,0000,0,016f,016f,0000,0,000,016f,016f,1,00,0005,0000
356,356,0,344ba49034520000,fc,0,0,016f,bbd0,0,0000,016f,0,016f,0000,1,1,0,0,0000,016f,0000,0000,0000,0000,0,016f,016f,0000,0,000,016f,016f,1,00,0005,0000
357,357,0,344ba49034520000,fc,0,0,016f,bbd0,0,0000,016f,0,016f,0000,1,1,0,0,0000,016f,0000,0000,0000,0000,0,016f,016f,0000,0,000,016f,016f,1,00,0005,0000
358,358,0,344ba49034520000,fc,0,0,016f,bbd0,0,0000,016f,0,016f,0000,1,1,0,0,0000,016f,0000,0000,0000,0000,0,016f,016f,0000,0,000,016f,016f,1,00,0005,0000
359,359,0,344ba49034520000,fc,0,0,016f,bbd0,0,0000,016f,0,016f,0000,1,1,0,0,0000,016f,0000,0000,0000,0000,0,016f,016f,0000,0,000,016f,016f,1,00,0005,0000
360,360,0,344ba49034520000,fc,0,0,016f,bbd0,0,0000,016f,0,016f,0000,1,1,0,0,0000,016f,0000,0000,0000,0000,0,016f,016f,0000,0,000,016f,016f,1,00,0005,0000
361,361,0,344ba49034520000,fc,0,0,016f,bbd0,0,0000,016f,0,016f,0000,1,1,0,0,0000,016f,0000,0000,0000,0000,0,016f,016f,0000,0,000,016f,016f,1,00,0005,0000
362,362,0,344ba49034520000,fc,0,0,016f,bbd0,0,0000,016f,0,016f,0000,1,1,0,0,0000,016f,0000,0000,0000,0000,0,016f,016f,0000,0,000,016f,016f,1,00,0005,0000
363,363,0,344ba49034520000,fc,0,0,016f,bbd0,0,0000,016f,0,016f,0000,1,1,0,0,0000,016f,0000,0000,0000,0000,0,016f,016f,0000,0,000,016f,016f,1,00,0005,0000
364,364,0,344ba49034520000,fc,0,0,016f,bbd0,0,0000,016f,0,016f,0000,1,1,0,0,0000,016f,0000,0000,0000,0000,0,016f,016f,0000,0,000,016f,016f,1,00,0005,0000
365,365,0,344ba49034520000,fc,0,0,016f,bbd0,0,0000,016f,0,016f,0000,1,1,0,0,0000,016f,0000,0000,0000,0000,0,016f,016f,0000,0,000,016f,016f,1,00,0005,0000
366,366,0,344ba49034520000,fc,0,0,016f,bbd0,0,0000,016f,0,016f,0000,1,1,0,0,0000,016f,0000,0000,0000,0000,0,016f,016f,0000,0,000,016f,016f,1,00,0005,0000
367,367,0,344ba49034520000,fc,0,0,016f,bbd0,0,0000,016f,0,016f,0000,1,1,0,0,0000,016f,0000,0000,0000,0000,0,016f,016f,0000,0,000,016f,016f,1,00,0005,0000
368,368,0,344ba49034520000,fc,0,0,016f,bbd0,0,0000,016f,0,016f,0000,1,1,0,0,0000,016f,0000,0000,0000,0000,0,016f,016f,0000,0,000,016f,016f,1,00,0005,0000
369,369,0,344ba49034520000,fc,0,0,016f,bbd0,0,0000,016f,0,016f,0000,1,1,0,0,0000,016f,0000,0000,0000,0000,0,016f,016f,0000,0,000,016f,016f,1,00,0005,0000
370,370,0,344ba49034520000,fc,0,0,016f,bbd0,0,0000,016f,0,016f,0000,1,1,0,0,0000,016f,0000,0000,0000,0000,0,016f,016f,0000,0,000,016f,016f,1,00,0005,0000
371,371,0,344ba49034520000,fc,0,0,016f,bbd0,0,0000,016f,0,016f,0000,1,1,0,0,0000,016f,0000,0000,0000,0000,0,016f,016f,0000,0,000,016f,016f,1,00,0005,0000
372,372,0,344ba49034520000,fc,0,0,016f,bbd0,0,0000,016f,0,016f,0000,1,1,0,0,0000,016f,0000,0000,0000,0000,0,016f,016f,0000,0,000,016f,016f,1,00,0005,0000
373,373,0,344ba49034520000,fc,0,0,016f,bbd0,0,0000,016f,0,016f,0000,1,1,0,0,0000,016f,0000,0000,0000,0000,0,016f,016f,0000,0,000,016f,016f,1,00,0005,0000
374,374,0,344ba49034520000,fc,0,0,016f,bbd0,0,0000,016f,0,016f,0000,1,1,0,0,0000,016f,0000,0000,0000,0000,0,016f,016f,0000,0,000,016f,016f,1,00,0005,0000
375,375,0,344ba49034520000,fc,0,0,016f,bbd0,0,0000,016f,0,016f,0000,1,1,0,0,0000,016f,0000,0000,0000,0000,0,016f,016f,0000,0,000,016f,016f,1,00,0005,0000
376,376,0,344ba49034520000,fc,0,0,016f,bbd0,0,0000,016f,0,016f,0000,1,1,0,0,0000,016f,0000,0000,0000,0000,0,016f,016f,0000,0,000,016f,016f,1,00,0005,0000
377,377,0,344ba49034520000,fc,0,0,016f,bbd0,0,0000,016f,0,016f,0000,1,1,0,0,0000,016f,0000,0000,0000,0000,0,016f,016f,0000,0,000,016f,016f,1,00,0005,0000
378,378,0,344ba49034520000,fc,0,0,016f,bbd0,0,0000,016f,0,016f,0000,1,1,0,0,0000,016f,0000,0000,0000,0000,0,016f,016f,0000,0,000,016f,016f,1,00,0005,0000
379,379,0,344ba49034520000,fc,0,0,016f,bbd0,0,0000,016f,0,016f,0000,1,1,0,0,0000,016f,0000,0000,0000,0000,0,016f,016f,0000,0,000,016f,016f,1,00,0005,0000
380,380,0,344ba49034520000,fc,0,0,016f,bbd0,0,0000,016f,0,016f,0000,1,1,0,0,0000,016f,0000,0000,0000,0000,0,016f,016f,0000,0,000,016f,016f,1,00,0005,0000
381,381,0,344ba49034520000,fc,0,0,016f,bbd0,0,0000,016f,0,016f,0000,1,1,0,0,0000,016f,0000,0000,0000,0000,0,016f,016f,0000,0,000,016f,016f,1,00,0005,0000
382,382,0,344ba49034520000,fc,0,0,016f,bbd0,0,0000,016f,0,016f,0000,1,1,0,0,0000,016f,0000,0000,0000,0000,0,016f,016f,0000,0,000,016f,016f,1,00,0005,0000
383,383,0,344ba49034520000,fc,0,0,016f,bbd0,0,0000,016f,0,016f,0000,1,1,0,0,0000,016f,0000,0000,0000,0000,0,016f,016f,0000,0,000,016f,016f,1,00,0005,0000
384,384,0,344ba49034520000,fc,0,0,016f,bbd0,0,0000,016f,0,016f,0000,1,1,0,0,0000,016f,0000,0000,0000,0000,0,016f,016f,0000,0,000,016f,016f,1,00,0005,0000
385,385,0,344ba49034520000,fc,0,0,016f,bbd0,0,0000,016f,0,016f,0000,1,1,0,0,0000,016f,0000,0000,0000,0000,0,016f,016f,0000,0,000,016f,016f,1,00,0005,0000
386,386,0,344ba49034520000,fc,0,0,016f,bbd0,0,0000,016f,0,016f,0000,1,1,0,0,0000,016f,0000,0000,0000,0000,0,016f,016f,0000,0,000,016f,016f,1,00,0005,0000
387,387,0,344ba49034520000,fc,0,0,016f,bbd0,0,0000,016f,0,016f,0000,1,1,0,0,0000,016f,0000,0000,0000,0000,0,016f,016f,0000,0,000,016f,016f,1,00,0005,0000
388,388,0,344ba49034520000,fc,0,0,016f,bbd0,0,0000,016f,0,016f,0000,1,1,0,0,0000,016f,0000,0000,0000,0000,0,016f,016f,0000,0,000,016f,016f,1,00,0005,0000
389,389,0,344ba49034520000,fc,0,0,016f,bbd0,0,0000,016f,0,016f,0000,1,1,0,0,0000,016f,0000,0000,0000,0000,0,016f,016f,0000,0,000,016f,016f,1,00,0005,0000
390,390,0,344ba49034520000,fc,0,0,016f,bbd0,0,0000,016f,0,016f,0000,1,1,0,0,0000,016f,0000,0000,0000,0000,0,016f,016f,0000,0,000,016f,016f,1,00,0005,0000
391,391,0,344ba49034520000,fc,0,0,016f,bbd0,0,0000,016f,0,016f,0000,1,1,0,0,0000,016f,0000,0000,0000,0000,0,016f,016f,0000,0,000,016f,016f,1,00,0005,0000
392,392,0,344ba49034520000,fc,0,0,016f,bbd0,0,0000,016f,0,016f,0000,1,1,0,0,0000,016f,0000,0000,0000,0000,0,016f,016f,0000,0,000,016f,016f,1,00,0005,0000
393,393,0,344ba49034520000,fc,0,0,016f,bbd0,0,0000,016f,0,016f,0000,1,1,0,0,0000,016f,0000,0000,0000,0000,0,016f,016f,0000,0,000,016f,016f,1,00,0005,0000
394,394,0,344ba49034520000,fc,0,0,016f,bbd0,0,0000,016f,0,016f,0000,1,1,0,0,0000,016f,0000,0000,0000,0000,0,016f,016f,0000,0,000,016f,016f,1,00,0005,0000
395,395,0,344ba49034520000,fc,0,0,016f,bbd0,0,0000,016f,0,016f,0000,1,1,0,0,0000,016f,0000,0000,0000,0000,0,016f,016f,0000,0,000,016f,016f,1,00,0005,0000
396,396,0,344ba49034520000,fc,0,0,016f,bbd0,0,0000,016f,0,016f,0000,1,1,0,0,0000,016f,0000,0000,0000,0000,0,016f,016f,0000,0,000,016f,016f,1,00,0005,0000
397,397,0,344ba49034520000,fc,0,0,016f,bbd0,0,0000,016f,0,016f,0000,1,1,0,0,0000,016f,0000,0000,0000,0000,0,016f,016f,0000,0,000,016f,016f,1,00,0005,0000
398,398,0,344ba49034520000,fc,0,0,016f,bbd0,0,0000,016f,0,016f,0000,1,1,0,0,0000,016f,0000,0000,0000,0000,0,016f,016f,0000,0,000,016f,016f,1,00,0005,0000
399,399,0,344ba49034520000,fc,0,0,016f,bbd0,0,0000,016f,0,016f,0000,1,1,0,0,0000,016f,0000,0000,0000,0000,0,016f,016f,0000,0,000,016f,016f,1,00,0005,0000
400,400,0,344ba49034520000,fc,0,0,016f,bbd0,0,0000,016f,0,016f,0000,1,1,0,0,0000,016f,0000,0000,0000,0000,0,016f,016f,0000,0,000,016f,016f,1,00,0005,0000
401,401,0,344ba49034520000,fc,0,0,016f,bbd0,0,0000,016f,0,016f,0000,1,1,0,0,0000,016f,0000,0000,0000,0000,0,016f,016f,0000,0,000,016f,016f,1,00,0005,0000
402,402,0,344ba49034520000,fc,0,0,016f,bbd0,0,0000,016f,0,016f,0000,1,1,0,0,0000,016f,0000,0000,0000,0000,0,016f,016f,0000,0,000,016f,016f,1,00,0005,0000
403,403,0,344ba49034520000,fc,0,0,016f,bbd0,0,0000,016f,0,016f,0000,1,1,0,0,0000,016f,0000,0000,0000,0000,0,016f,016f,0000,0,000,016f,016f,1,00,0005,0000
404,404,0,344ba49034520000,fc,0,0,016f,bbd0,0,0000,016f,0,016f,0000,1,1,0,0,0000,016f,0000,0000,0000,0000,0,016f,016f,0000,0,000,016f,016f,1,00,0005,0000
405,405,0,344ba49034520000,fc,0,0,016f,bbd0,0,0000,016f,0,016f,0000,1,1,0,0,0000,016f,0000,0000,0000,0000,0,016f,016f,0000,0,000,016f,016f,1,00,0005,0000
406,406,0,344ba49034520000,fc,0,0,016f,bbd0,0,0000,016f,0,016f,0000,1,1,0,0,0000,016f,0000,0000,0000,0000,0,016f,016f,0000,0,000,016f,016f,1,00,0005,0000
407,407,0,344ba49034520000,fc,0,0,016f,bbd0,0,0000,016f,0,016f,0000,1,1,0,0,0000,016f,0000,0000,0000,0000,0,016f,016f,0000,0,000,016f,016f,1,00,0005,0000
408,408,0,344ba49034520000,fc,0,0,016f,bbd0,0,0000,016f,0,016f,0000,1,1,0,0,0000,016f,0000,0000,0000,0000,0,016f,016f,0000,0,000,016f,016f,1,00,0005,0000
409,409,0,344ba49034520000,fc,0,0,016f,bbd0,0,0000,016f,0,016f,0000,1,1,0,0,0000,016f,0000,0000,0000,0000,0,016f,016f,0000,0,000,016f,016f,1,00,0005,0000
410,410,0,344ba49034520000,fc,0,0,016f,bbd0,0,0000,016f,0,016f,0000,1,1,0,0,0000,016f,0000,0000,0000,0000,0,016f,016f,0000,0,000,016f,016f,1,00,0005,0000
411,411,0,344ba49034520000,fc,0,0,016f,bbd0,0,0000,016f,0,016f,0000,1,1,0,0,0000,016f,0000,0000,0000,0000,0,016f,016f,0000,0,000,016f,016f,1,00,0005,0000
412,412,0,344ba49034520000,fc,0,0,016f,bbd0,0,0000,016f,0,016f,0000,1,1,0,0,0000,016f,0000,0000,0000,0000,0,016f,016f,0000,0,000,016f,016f,1,00,0005,0000
413,413,0,344ba49034520000,fc,0,0,016f,bbd0,0,0000,016f,0,016f,0000,1,1,0,0,0000,016f,0000,0000,0000,0000,0,016f,016f,0000,0,000,016f,016f,1,00,0005,0000
414,414,0,344ba49034520000,fc,0,0,016f,bbd0,0,0000,016f,0,016f,0000,1,1,0,0,0000,016f,0000,0000,0000,0000,0,016f,016f,0000,0,000,016f,016f,1,00,0005,0000
415,415,0,344ba49034520000,fc,0,0,016f,bbd0,0,0000,016f,0,016f,0000,1,1,0,0,0000,016f,0000,0000,0000,0000,0,016f,016f,0000,0,000,016f,016f,1,00,0005,0000
416,416,0,344ba49034520000,fc,0,0,016f,bbd0,0,0000,016f,0,016f,0000,1,1,0,0,0000,016f,0000,0000,0000,0000,0,016f,016f,0000,0,000,016f,016f,1,00,0005,0000
417,417,0,344ba49034520000,fc,0,0,016f,bbd0,0,0000,016f,0,016f,0000,1,1,0,0,0000,016f,0000,0000,0000,0000,0,016f,016f,0000,0,000,016f,016f,1,00,0005,0000
418,418,0,344ba49034520000,fc,0,0,016f,bbd0,0,0000,016f,0,016f,0000,1,1,0,0,0000,016f,0000,0000,0000,0000,0,016f,016f,0000,0,000,016f,016f,1,00,0005,0000
419,419,0,344ba49034520000,fc,0,0,016f,bbd0,0,0000,016f,0,016f,0000,1,1,0,0,0000,016f,0000,0000,0000,0000,0,016f,016f,0000,0,000,016f,016f,1,00,0005,0000
420,420,0,344ba49034520000,fc,0,0,016f,bbd0,0,0000,016f,0,016f,0000,1,1,0,0,0000,016f,0000,0000,0000,0000,0,016f,016f,0000,0,000,016f,016f,1,00,0005,0000
421,421,0,344ba49034520000,fc,0,0,016f,bbd0,0,0000,016f,0,016f,0000,1,1,0,0,0000,016f,0000,0000,0000,0000,0,016f,016f,0000,0,000,016f,016f,1,00,0005,0000
422,422,0,344ba49034520000,fc,0,0,016f,bbd0,0,0000,016f,0,016f,0000,1,1,0,0,0000,016f,0000,0000,0000,0000,0,016f,016f,0000,0,000,016f,016f,1,00,0005,0000
423,423,0,344ba49034520000,fc,0,0,016f,bbd0,0,0000,016f,0,016f,0000,1,1,0,0,0000,016f,0000,0000,0000,0000,0,016f,016f,0000,0,000,016f,016f,1,00,0005,0000
424,424,0,344ba49034520000,fc,0,0,016f,bbd0,0,0000,016f,0,016f,0000,1,1,0,0,0000,016f,0000,0000,0000,0000,0,016f,016f,0000,0,000,016f,016f,1,00,0005,0000
425,425,0,344ba49034520000,fc,0,0,016f,bbd0,0,0000,016f,0,016f,0000,1,1,0,0,0000,016f,0000,0000,0000,0000,0,016f,016f,0000,0,000,016f,016f,1,00,0005,0000
426,426,0,344ba49034520000,fc,0,0,016f,bbd0,0,0000,016f,0,016f,0000,1,1,0,0,0000,016f,0000,0000,0000,0000,0,016f,016f,0000,0,000,016f,016f,1,00,0005,0000
427,427,0,344ba49034520000,fc,0,0,016f,bbd0,0,0000,016f,0,016f,0000,1,1,0,0,0000,016f,0000,0000,0000,0000,0,016f,016f,0000,0,000,016f,016f,1,00,0005,0000
428,428,0,344ba49034520000,fc,0,0,016f,bbd0,0,0000,016f,0,016f,0000,1,1,0,0,0000,016f,0000,0000,0000,0000,0,016f,016f,0000,0,000,016f,016f,1,00,0005,0000
429,429,0,344ba49034520000,fc,0,0,016f,bbd0,0,0000,016f,0,016f,0000,1,1,0,0,0000,016f,0000,0000,0000,0000,0,016f,016f,0000,0,000,016f,016f,1,00,0005,0000
430,430,0,344ba49034520000,fc,0,0,016f,bbd0,0,0000,016f,0,016f,0000,1,1,0,0,0000,016f,0000,0000,0000,0000,0,016f,016f,0000,0,000,016f,016f,1,00,0005,0000
431,431,0,344ba49034520000,fc,0,0,016f,bbd0,0,0000,016f,0,016f,0000,1,1,0,0,0000,016f,0000,0000,0000,0000,0,016f,016f,0000,0,000,016f,016f,1,00,0005,0000
432,432,0,344ba49034520000,fc,0,0,016f,bbd0,0,0000,016f,0,016f,0000,1,1,0,0,0000,016f,0000,0000,0000,0000,0,016f,016f,0000,0,000,016f,016f,1,00,0005,0000
433,433,0,344ba49034520000,fc,0,0,016f,bbd0,0,0000,016f,0,016f,0000,1,1,0,0,0000,016f,0000,0000,0000,0000,0,016f,016f,0000,0,000,016f,016f,1,00,0005,0000
434,434,0,344ba49034520000,fc,0,0,016f,bbd0,0,0000,016f,0,016f,0000,1,1,0,0,0000,016f,0000,0000,0000,0000,0,016f,016f,0000,0,000,016f,016f,1,00,0005,0000
435,435,0,344ba49034520000,fc,0,0,016f,bbd0,0,0000,016f,0,016f,0000,1,1,0,0,0000,016f,0000,0000,0000,0000,0,016f,016f,0000,0,000,016f,016f,1,00,0005,0000
436,436,0,344ba49034520000,fc,0,0,016f,bbd0,0,0000,016f,0,016f,0000,1,1,0,0,0000,016f,0000,0000,0000,0000,0,016f,016f,0000,0,000,016f,016f,1,00,0005,0000
437,437,0,344ba49034520000,fc,0,0,016f,bbd0,0,0000,016f,0,016f,0000,1,1,0,0,0000,016f,0000,0000,0000,0000,0,016f,016f,0000,0,000,016f,016f,1,00,0005,0000
438,438,0,344ba49034520000,fc,0,0,016f,bbd0,0,0000,016f,0,016f,0000,1,1,0,0,0000,016f,0000,0000,0000,0000,0,016f,016f,0000,0,000,016f,016f,1,00,0005,0000
439,439,0,344ba49034520000,fc,0,0,016f,bbd0,0,0000,016f,0,016f,0000,1,1,0,0,0000,016f,0000,0000,0000,0000,0,016f,016f,0000,0,000,016f,016f,1,00,0005,0000
440,440,0,344ba49034520000,fc,0,0,016f,bbd0,0,0000,016f,0,016f,0000,1,1,0,0,0000,016f,0000,0000,0000,0000,0,016f,016f,0000,0,000,016f,016f,1,00,0005,0000
441,441,0,344ba49034520000,fc,0,0,016f,bbd0,0,0000,016f,0,016f,0000,1,1,0,0,0000,016f,0000,0000,0000,0000,0,016f,016f,0000,0,000,016f,016f,1,00,0005,0000
442,442,0,344ba49034520000,fc,0,0,016f,bbd0,0,0000,016f,0,016f,0000,1,1,0,0,0000,016f,0000,0000,0000,0000,0,016f,016f,0000,0,000,016f,016f,1,00,0005,0000
443,443,0,344ba49034520000,fc,0,0,016f,bbd0,0,0000,016f,0,016f,0000,1,1,0,0,0000,016f,0000,0000,0000,0000,0,016f,016f,0000,0,000,016f,016f,1,00,0005,0000
444,444,0,344ba49034520000,fc,0,0,016f,bbd0,0,0000,016f,0,016f,0000,1,1,0,0,0000,016f,0000,0000,0000,0000,0,016f,016f,0000,0,000,016f,016f,1,00,0005,0000
445,445,0,344ba49034520000,fc,0,0,016f,bbd0,0,0000,016f,0,016f,0000,1,1,0,0,0000,016f,0000,0000,0000,0000,0,016f,016f,0000,0,000,016f,016f,1,00,0005,0000
446,446,0,344ba49034520000,fc,0,0,016f,bbd0,0,0000,016f,0,016f,0000,1,1,0,0,0000,016f,0000,0000,0000,0000,0,016f,016f,0000,0,000,016f,016f,1,00,0005,0000
447,447,0,344ba49034520000,fc,0,0,016f,bbd0,0,0000,016f,0,016f,0000,1,1,0,0,0000,016f,0000,0000,0000,0000,0,016f,016f,0000,0,000,016f,016f,1,00,0005,0000
448,448,0,344ba49034520000,fc,0,0,016f,bbd0,0,0000,016f,0,016f,0000,1,1,0,0,0000,016f,0000,0000,0000,0000,0,016f,016f,0000,0,000,016f,016f,1,00,0005,0000
449,449,0,344ba49034520000,fc,0,0,016f,bbd0,0,0000,016f,0,016f,0000,1,1,0,0,0000,016f,0000,0000,0000,0000,0,016f,016f,0000,0,000,016f,016f,1,00,0005,0000
450,450,0,344ba49034520000,fc,0,0,016f,bbd0,0,0000,016f,0,016f,0000,1,1,0,0,0000,016f,0000,0000,0000,0000,0,016f,016f,0000,0,000,016f,016f,1,00,0005,0000
451,451,0,344ba49034520000,fc,0,0,016f,bbd0,0,0000,016f,0,016f,0000,1,1,0,0,0000,016f,0000,0000,0000,0000,0,016f,016f,0000,0,000,016f,016f,1,00,0005,0000
452,452,0,344ba49034520000,fc,0,0,016f,bbd0,0,0000,016f,0,016f,0000,1,1,0,0,0000,016f,0000,0000,0000,0000,0,016f,016f,0000,0,000,016f,016f,1,00,0005,0000
453,453,0,344ba49034520000,fc,0,0,016f,bbd0,0,0000,016f,0,016f,0000,1,1,0,0,0000,016f,0000,0000,0000,0000,0,016f,016f,0000,0,000,016f,016f,1,00,0005,0000
454,454,0,344ba49034520000,fc,0,0,016f,bbd0,0,0000,016f,0,016f,0000,1,1,0,0,0000,016f,0000,0000,0000,0000,0,016f,016f,0000,0,000,016f,016f,1,00,0005,0000
455,455,0,344ba49034520000,fc,0,0,016f,bbd0,0,0000,016f,0,016f,0000,1,1,0,0,0000,016f,0000,0000,0000,0000,0,016f,016f,0000,0,000,016f,016f,1,00,0005,0000
456,456,0,344ba49034520000,fc,0,0,016f,bbd0,0,0000,016f,0,016f,0000,1,1,0,0,0000,016f,0000,0000,0000,0000,0,016f,016f,0000,0,000,016f,016f,1,00,0005,0000
457,457,0,344ba49034520000,fc,0,0,016f,bbd0,0,0000,016f,0,016f,0000,1,1,0,0,0000,016f,0000,0000,0000,0000,0,016f,016f,0000,0,000,016f,016f,1,00,0005,0000
458,458,0,344ba49034520000,fc,0,0,016f,bbd0,0,0000,016f,0,016f,0000,1,1,0,0,0000,016f,0000,0000,0000,0000,0,016f,016f,0000,0,000,016f,016f,1,00,0005,0000
459,459,0,344ba49034520000,fc,0,0,016f,bbd0,0,0000,016f,0,016f,0000,1,1,0,0,0000,016f,0000,0000,0000,0000,0,016f,016f,0000,0,000,016f,016f,1,00,0005,0000
460,460,0,344ba49034520000,fc,0,0,016f,bbd0,0,0000,016f,0,016f,0000,1,1,0,0,0000,016f,0000,0000,0000,0000,0,016f,016f,0000,0,000,016f,016f,1,00,0005,0000
461,461,0,344ba49034520000,fc,0,0,016f,bbd0,0,0000,016f,0,016f,0000,1,1,0,0,0000,016f,0000,0000,0000,0000,0,016f,016f,0000,0,000,016f,016f,1,00,0005,0000
462,462,0,344ba49034520000,fc,0,0,016f,bbd0,0,0000,016f,0,016f,0000,1,1,0,0,0000,016f,0000,0000,0000,0000,0,016f,016f,0000,0,000,016f,016f,1,00,0005,0000
463,463,0,344ba49034520000,fc,0,0,016f,bbd0,0,0000,016f,0,016f,0000,1,1,0,0,0000,016f,0000,0000,0000,0000,0,016f,016f,0000,0,000,016f,016f,1,00,0005,0000
464,464,0,344ba49034520000,fc,0,0,016f,bbd0,0,0000,016f,0,016f,0000,1,1,0,0,0000,016f,0000,0000,0000,0000,0,016f,016f,0000,0,000,016f,016f,1,00,0005,0000
465,465,0,344ba49034520000,fc,0,0,016f,bbd0,0,0000,016f,0,016f,0000,1,1,0,0,0000,016f,0000,0000,0000,0000,0,016f,016f,0000,0,000,016f,016f,1,00,0005,0000
466,466,0,344ba49034520000,fc,0,0,016f,bbd0,0,0000,016f,0,016f,0000,1,1,0,0,0000,016f,0000,0000,0000,0000,0,016f,016f,0000,0,000,016f,016f,1,00,0005,0000
467,467,0,344ba49034520000,fc,0,0,016f,bbd0,0,0000,016f,0,016f,0000,1,1,0,0,0000,016f,0000,0000,0000,0000,0,016f,016f,0000,0,000,016f,016f,1,00,0005,0000
468,468,0,344ba49034520000,fc,0,0,016f,bbd0,0,0000,016f,0,016f,0000,1,1,0,0,0000,016f,0000,0000,0000,0000,0,016f,016f,0000,0,000,016f,016f,1,00,0005,0000
469,469,0,344ba49034520000,fc,0,0,016f,bbd0,0,0000,016f,0,016f,0000,1,1,0,0,0000,016f,0000,0000,0000,0000,0,016f,016f,0000,0,000,016f,016f,1,00,0005,0000
470,470,0,344ba49034520000,fc,0,0,016f,bbd0,0,0000,016f,0,016f,0000,1,1,0,0,0000,016f,0000,0000,0000,0000,0,016f,016f,0000,0,000,016f,016f,1,00,0005,0000
471,471,0,344ba49034520000,fc,0,0,016f,bbd0,0,0000,016f,0,016f,0000,1,1,0,0,0000,016f,0000,0000,0000,0000,0,016f,016f,0000,0,000,016f,016f,1,00,0005,0000
472,472,0,344ba49034520000,fc,0,0,016f,bbd0,0,0000,016f,0,016f,0000,1,1,0,0,0000,016f,0000,0000,0000,0000,0,016f,016f,0000,0,000,016f,016f,1,00,0005,0000
473,473,0,344ba49034520000,fc,0,0,016f,bbd0,0,0000,016f,0,016f,0000,1,1,0,0,0000,016f,0000,0000,0000,0000,0,016f,016f,0000,0,000,016f,016f,1,00,0005,0000
474,474,0,344ba49034520000,fc,0,0,016f,bbd0,0,0000,016f,0,016f,0000,1,1,0,0,0000,016f,0000,0000,0000,0000,0,016f,016f,0000,0,000,016f,016f,1,00,0005,0000
475,475,0,344ba49034520000,fc,0,0,016f,bbd0,0,0000,016f,0,016f,0000,1,1,0,0,0000,016f,0000,0000,0000,0000,0,016f,016f,0000,0,000,016f,016f,1,00,0005,0000
476,476,0,344ba49034520000,fc,0,0,016f,bbd0,0,0000,016f,0,016f,0000,1,1,0,0,0000,016f,0000,0000,0000,0000,0,016f,016f,0000,0,000,016f,016f,1,00,0005,0000
477,477,0,344ba49034520000,fc,0,0,016f,bbd0,0,0000,016f,0,016f,0000,1,1,0,0,0000,016f,0000,0000,0000,0000,0,016f,016f,0000,0,000,016f,016f,1,00,0005,0000
478,478,0,344ba49034520000,fc,0,0,016f,bbd0,0,0000,016f,0,016f,0000,1,1,0,0,0000,016f,0000,0000,0000,0000,0,016f,016f,0000,0,000,016f,016f,1,00,0005,0000
479,479,0,344ba49034520000,fc,0,0,016f,bbd0,0,0000,016f,0,016f,0000,1,1,0,0,0000,016f,0000,0000,0000,0000,0,016f,016f,0000,0,000,016f,016f,1,00,0005,0000
480,480,0,344ba49034520000,fc,0,0,016f,bbd0,0,0000,016f,0,016f,0000,1,1,0,0,0000,016f,0000,0000,0000,0000,0,016f,016f,0000,0,000,016f,016f,1,00,0005,0000
481,481,0,344ba49034520000,fc,0,0,016f,bbd0,0,0000,016f,0,016f,0000,1,1,0,0,0000,016f,0000,0000,0000,0000,0,016f,016f,0000,0,000,016f,016f,1,00,0005,0000
482,482,0,344ba49034520000,fc,0,0,016f,bbd0,0,0000,016f,0,016f,0000,1,1,0,0,0000,016f,0000,0000,0000,0000,0,016f,016f,0000,0,000,016f,016f,1,00,0005,0000
483,483,0,344ba49034520000,fc,0,0,016f,bbd0,0,0000,016f,0,016f,0000,1,1,0,0,0000,016f,0000,0000,0000,0000,0,016f,016f,0000,0,000,016f,016f,1,00,0005,0000
484,484,0,344ba49034520000,fc,0,0,016f,bbd0,0,0000,016f,0,016f,0000,1,1,0,0,0000,016f,0000,0000,0000,0000,0,016f,016f,0000,0,000,016f,016f,1,00,0005,0000
485,485,0,344ba49034520000,fc,0,0,016f,bbd0,0,0000,016f,0,016f,0000,1,1,0,0,0000,016f,0000,0000,0000,0000,0,016f,016f,0000,0,000,016f,016f,1,00,0005,0000
486,486,0,344ba49034520000,fc,0,0,016f,bbd0,0,0000,016f,0,016f,0000,1,1,0,0,0000,016f,0000,0000,0000,0000,0,016f,016f,0000,0,000,016f,016f,1,00,0005,0000
487,487,0,344ba49034520000,fc,0,0,016f,bbd0,0,0000,016f,0,016f,0000,1,1,0,0,0000,016f,0000,0000,0000,0000,0,016f,016f,0000,0,000,016f,016f,1,00,0005,0000
488,488,0,344ba49034520000,fc,0,0,016f,bbd0,0,0000,016f,0,016f,0000,1,1,0,0,0000,016f,0000,0000,0000,0000,0,016f,016f,0000,0,000,016f,016f,1,00,0005,0000
489,489,0,344ba49034520000,fc,0,0,016f,bbd0,0,0000,016f,0,016f,0000,1,1,0,0,0000,016f,0000,0000,0000,0000,0,016f,016f,0000,0,000,016f,016f,1,00,0005,0000
490,490,0,344ba49034520000,fc,0,0,016f,bbd0,0,0000,016f,0,016f,0000,1,1,0,0,0000,016f,0000,0000,0000,0000,0,016f,016f,0000,0,000,016f,016f,1,00,0005,0000
491,491,0,344ba49034520000,fc,0,0,016f,bbd0,0,0000,016f,0,016f,0000,1,1,0,0,0000,016f,0000,0000,0000,0000,0,016f,016f,0000,0,000,016f,016f,1,00,0005,0000
492,492,0,344ba49034520000,fc,0,0,016f,bbd0,0,0000,016f,0,016f,0000,1,1,0,0,0000,016f,0000,0000,0000,0000,0,016f,016f,0000,0,000,016f,016f,1,00,0005,0000
493,493,0,344ba49034520000,fc,0,0,016f,bbd0,0,0000,016f,0,016f,0000,1,1,0,0,0000,016f,0000,0000,0000,0000,0,016f,016f,0000,0,000,016f,016f,1,00,0005,0000
494,494,0,344ba49034520000,fc,0,0,016f,bbd0,0,0000,016f,0,016f,0000,1,1,0,0,0000,016f,0000,0000,0000,0000,0,016f,016f,0000,0,000,016f,016f,1,00,0005,0000
495,495,0,344ba49034520000,fc,0,0,016f,bbd0,0,0000,016f,0,016f,0000,1,1,0,0,0000,016f,0000,0000,0000,0000,0,016f,016f,0000,0,000,016f,016f,1,00,0005,0000
496,496,0,344ba49034520000,fc,0,0,016f,bbd0,0,0000,016f,0,016f,0000,1,1,0,0,0000,016f,0000,0000,0000,0000,0,016f,016f,0000,0,000,016f,016f,1,00,0005,0000
497,497,0,344ba49034520000,fc,0,0,016f,bbd0,0,0000,016f,0,016f,0000,1,1,0,0,0000,016f,0000,0000,0000,0000,0,016f,016f,0000,0,000,016f,016f,1,00,0005,0000
498,498,0,344ba49034520000,fc,0,0,016f,bbd0,0,0000,016f,0,016f,0000,1,1,0,0,0000,016f,0000,0000,0000,0000,0,016f,016f,0000,0,000,016f,016f,1,00,0005,0000
499,499,0,344ba49034520000,fc,0,0,016f,bbd0,0,0000,016f,0,016f,0000,1,1,0,0,0000,016f,0000,0000,0000,0000,0,016f,016f,0000,0,000,016f,016f,1,00,0005,0000
500,500,0,344ba49034520000,fc,0,0,016f,bbd0,0,0000,016f,0,016f,0000,1,1,0,0,0000,016f,0000,0000,0000,0000,0,016f,016f,0000,0,000,016f,016f,1,00,0005,0000
501,501,0,344ba49034520000,fc,0,0,016f,bbd0,0,0000,016f,0,016f,0000,1,1,0,0,0000,016f,0000,0000,0000,0000,0,016f,016f,0000,0,000,016f,016f,1,00,0005,0000
502,502,0,344ba49034520000,fc,0,0,016f,bbd0,0,0000,016f,0,016f,0000,1,1,0,0,0000,016f,0000,0000,0000,0000,0,016f,016f,0000,0,000,016f,016f,1,00,0005,0000
503,503,0,344ba49034520000,fc,0,0,016f,bbd0,0,0000,016f,0,016f,0000,1,1,0,0,0000,016f,0000,0000,0000,0000,0,016f,016f,0000,0,000,016f,016f,1,00,0005,0000
504,504,0,344ba49034520000,fc,0,0,016f,bbd0,0,0000,016f,0,016f,0000,1,1,0,0,0000,016f,0000,0000,0000,0000,0,016f,016f,0000,0,000,016f,016f,1,00,0005,0000
505,505,0,344ba49034520000,fc,0,0,016f,bbd0,0,0000,016f,0,016f,0000,1,1,0,0,0000,016f,0000,0000,0000,0000,0,016f,016f,0000,0,000,016f,016f,1,00,0005,0000
506,506,0,344ba49034520000,fc,0,0,016f,bbd0,0,0000,016f,0,016f,0000,1,1,0,0,0000,016f,0000,0000,0000,0000,0,016f,016f,0000,0,000,016f,016f,1,00,0005,0000
507,507,0,344ba49034520000,fc,0,0,016f,bbd0,0,0000,016f,0,016f,0000,1,1,0,0,0000,016f,0000,0000,0000,0000,0,016f,016f,0000,0,000,016f,016f,1,00,0005,0000
508,508,0,344ba49034520000,fc,0,0,016f,bbd0,0,0000,016f,0,016f,0000,1,1,0,0,0000,016f,0000,0000,0000,0000,0,016f,016f,0000,0,000,016f,016f,1,00,0005,0000
509,509,0,344ba49034520000,fc,0,0,016f,bbd0,0,0000,016f,0,016f,0000,1,1,0,0,0000,016f,0000,0000,0000,0000,0,016f,016f,0000,0,000,016f,016f,1,00,0005,0000
510,510,0,344ba49034520000,fc,0,0,016f,bbd0,0,0000,016f,0,016f,0000,1,1,0,0,0000,016f,0000,0000,0000,0000,0,016f,016f,0000,0,000,016f,016f,1,00,0005,0000
511,511,0,344ba49034520000,fc,0,0,016f,bbd0,0,0000,016f,0,016f,0000,1,1,0,0,0000,016f,0000,0000,0000,0000,0,016f,016f,0000,0,000,016f,016f,1,00,0005,0000
512,512,0,344ba49034520000,fc,0,0,016f,bbd0,0,0000,016f,0,016f,0000,1,1,0,0,0000,016f,0000,0000,0000,0000,0,016f,016f,0000,0,000,016f,016f,1,00,0005,0000
513,513,0,344ba49034520000,fc,0,0,016f,bbd0,0,0000,016f,0,016f,0000,1,1,0,0,0000,016f,0000,0000,0000,0000,0,016f,016f,0000,0,000,016f,016f,1,00,0005,0000
514,514,0,344ba49034520000,fc,0,0,016f,bbd0,0,0000,016f,0,016f,0000,1,1,0,0,0000,016f,0000,0000,0000,0000,0,016f,016f,0000,0,000,016f,016f,1,00,0005,0000
515,515,0,344ba49034520000,fc,0,0,016f,bbd0,0,0000,016f,0,016f,0000,1,1,0,0,0000,016f,0000,0000,0000,0000,0,016f,016f,0000,0,000,016f,016f,1,00,0005,0000
516,516,0,344ba49034520000,fc,0,0,016f,bbd0,0,0000,016f,0,016f,0000,1,1,0,0,0000,016f,0000,0000,0000,0000,0,016f,016f,0000,0,000,016f,016f,1,00,0005,0000
517,517,0,344ba49034520000,fc,0,0,016f,bbd0,0,0000,016f,0,016f,0000,1,1,0,0,0000,016f,0000,0000,0000,0000,0,016f,016f,0000,0,000,016f,016f,1,00,0005,0000
518,518,0,344ba49034520000,fc,0,0,016f,bbd0,0,0000,016f,0,016f,0000,1,1,0,0,0000,016f,0000,0000,0000,0000,0,016f,016f,0000,0,000,016f,016f,1,00,0005,0000
519,519,0,344ba49034520000,fc,0,0,016f,bbd0,0,0000,016f,0,016f,0000,1,1,0,0,0000,016f,0000,0000,0000,0000,0,016f,016f,0000,0,000,016f,016f,1,00,0005,0000
520,520,0,344ba49034520000,fc,0,0,016f,bbd0,0,0000,016f,0,016f,0000,1,1,0,0,0000,016f,0000,0000,0000,0000,0,016f,016f,0000,0,000,016f,016f,1,00,0005,0000
521,521,0,344ba49034520000,fc,0,0,016f,bbd0,0,0000,016f,0,016f,0000,1,1,0,0,0000,016f,0000,0000,0000,0000,0,016f,016f,0000,0,000,016f,016f,1,00,0005,0000
522,522,0,344ba49034520000,fc,0,0,016f,bbd0,0,0000,016f,0,016f,0000,1,1,0,0,0000,016f,0000,0000,0000,0000,0,016f,016f,0000,0,000,016f,016f,1,00,0005,0000
523,523,0,344ba49034520000,fc,0,0,016f,bbd0,0,0000,016f,0,016f,0000,1,1,0,0,0000,016f,0000,0000,0000,0000,0,016f,016f,0000,0,000,016f,016f,1,00,0005,0000
524,524,0,344ba49034520000,fc,0,0,016f,bbd0,0,0000,016f,0,016f,0000,1,1,0,0,0000,016f,0000,0000,0000,0000,0,016f,016f,0000,0,000,016f,016f,1,00,0005,0000
525,525,0,344ba49034520000,fc,0,0,016f,bbd0,0,0000,016f,0,016f,0000,1,1,0,0,0000,016f,0000,0000,0000,0000,0,016f,016f,0000,0,000,016f,016f,1,00,0005,0000
526,526,0,344ba49034520000,fc,0,0,016f,bbd0,0,0000,016f,0,016f,0000,1,1,0,0,0000,016f,0000,0000,0000,0000,0,016f,016f,0000,0,000,016f,016f,1,00,0005,0000
527,527,0,344ba49034520000,fc,0,0,016f,bbd0,0,0000,016f,0,016f,0000,1,1,0,0,0000,016f,0000,0000,0000,0000,0,016f,016f,0000,0,000,016f,016f,1,00,0005,0000
528,528,0,344ba49034520000,fc,0,0,016f,bbd0,0,0000,016f,0,016f,0000,1,1,0,0,0000,016f,0000,0000,0000,0000,0,016f,016f,0000,0,000,016f,016f,1,00,0005,0000
529,529,0,344ba49034520000,fc,0,0,016f,bbd0,0,0000,016f,0,016f,0000,1,1,0,0,0000,016f,0000,0000,0000,0000,0,016f,016f,0000,0,000,016f,016f,1,00,0005,0000
530,530,0,344ba49034520000,fc,0,0,016f,bbd0,0,0000,016f,0,016f,0000,1,1,0,0,0000,016f,0000,0000,0000,0000,0,016f,016f,0000,0,000,016f,016f,1,00,0005,0000
531,531,0,344ba49034520000,fc,0,0,016f,bbd0,0,0000,016f,0,016f,0000,1,1,0,0,0000,016f,0000,0000,0000,0000,0,016f,016f,0000,0,000,016f,016f,1,00,0005,0000
532,532,0,344ba49034520000,fc,0,0,016f,bbd0,0,0000,016f,0,016f,0000,1,1,0,0,0000,016f,0000,0000,0000,0000,0,016f,016f,0000,0,000,016f,016f,1,00,0005,0000
533,533,0,344ba49034520000,fc,0,0,016f,bbd0,0,0000,016f,0,016f,0000,1,1,0,0,0000,016f,0000,0000,0000,0000,0,016f,016f,0000,0,000,016f,016f,1,00,0005,0000
534,534,0,344ba49034520000,fc,0,0,016f,bbd0,0,0000,016f,0,016f,0000,1,1,0,0,0000,016f,0000,0000,0000,0000,0,016f,016f,0000,0,000,016f,016f,1,00,0005,0000
535,535,0,344ba49034520000,fc,0,0,016f,bbd0,0,0000,016f,0,016f,0000,1,1,0,0,0000,016f,0000,0000,0000,0000,0,016f,016f,0000,0,000,016f,016f,1,00,0005,0000
536,536,0,344ba49034520000,fc,0,0,016f,bbd0,0,0000,016f,0,016f,0000,1,1,0,0,0000,016f,0000,0000,0000,0000,0,016f,016f,0000,0,000,016f,016f,1,00,0005,0000
537,537,0,344ba49034520000,fc,0,0,016f,bbd0,0,0000,016f,0,016f,0000,1,1,0,0,0000,016f,0000,0000,0000,0000,0,016f,016f,0000,0,000,016f,016f,1,00,0005,0000
538,538,0,344ba49034520000,fc,0,0,016f,bbd0,0,0000,016f,0,016f,0000,1,1,0,0,0000,016f,0000,0000,0000,0000,0,016f,016f,0000,0,000,016f,016f,1,00,0005,0000
539,539,0,344ba49034520000,fc,0,0,016f,bbd0,0,0000,016f,0,016f,0000,1,1,0,0,0000,016f,0000,0000,0000,0000,0,016f,016f,0000,0,000,016f,016f,1,00,0005,0000
540,540,0,344ba49034520000,fc,0,0,016f,bbd0,0,0000,016f,0,016f,0000,1,1,0,0,0000,016f,0000,0000,0000,0000,0,016f,016f,0000,0,000,016f,016f,1,00,0005,0000
541,541,0,344ba49034520000,fc,0,0,016f,bbd0,0,0000,016f,0,016f,0000,1,1,0,0,0000,016f,0000,0000,0000,0000,0,016f,016f,0000,0,000,016f,016f,1,00,0005,0000
542,542,0,344ba49034520000,fc,0,0,016f,bbd0,0,0000,016f,0,016f,0000,1,1,0,0,0000,016f,0000,0000,0000,0000,0,016f,016f,0000,0,000,016f,016f,1,00,0005,0000
543,543,0,344ba49034520000,fc,0,0,016f,bbd0,0,0000,016f,0,016f,0000,1,1,0,0,0000,016f,0000,0000,0000,0000,0,016f,016f,0000,0,000,016f,016f,1,00,0005,0000
544,544,0,344ba49034520000,fc,0,0,016f,bbd0,0,0000,016f,0,016f,0000,1,1,0,0,0000,016f,0000,0000,0000,0000,0,016f,016f,0000,0,000,016f,016f,1,00,0005,0000
545,545,0,344ba49034520000,fc,0,0,016f,bbd0,0,0000,016f,0,016f,0000,1,1,0,0,0000,016f,0000,0000,0000,0000,0,016f,016f,0000,0,000,016f,016f,1,00,0005,0000
546,546,0,344ba49034520000,fc,0,0,016f,bbd0,0,0000,016f,0,016f,0000,1,1,0,0,0000,016f,0000,0000,0000,0000,0,016f,016f,0000,0,000,016f,016f,1,00,0005,0000
547,547,0,344ba49034520000,fc,0,0,016f,bbd0,0,0000,016f,0,016f,0000,1,1,0,0,0000,016f,0000,0000,0000,0000,0,016f,016f,0000,0,000,016f,016f,1,00,0005,0000
548,548,0,344ba49034520000,fc,0,0,016f,bbd0,0,0000,016f,0,016f,0000,1,1,0,0,0000,016f,0000,0000,0000,0000,0,016f,016f,0000,0,000,016f,016f,1,00,0005,0000
549,549,0,344ba49034520000,fc,0,0,016f,bbd0,0,0000,016f,0,016f,0000,1,1,0,0,0000,016f,0000,0000,0000,0000,0,016f,016f,0000,0,000,016f,016f,1,00,0005,0000
550,550,0,344ba49034520000,fc,0,0,016f,bbd0,0,0000,016f,0,016f,0000,1,1,0,0,0000,016f,0000,0000,0000,0000,0,016f,016f,0000,0,000,016f,016f,1,00,0005,0000
551,551,0,344ba49034520000,fc,0,0,016f,bbd0,0,0000,016f,0,016f,0000,1,1,0,0,0000,016f,0000,0000,0000,0000,0,016f,016f,0000,0,000,016f,016f,1,00,0005,0000
552,552,0,344ba49034520000,fc,0,0,016f,bbd0,0,0000,016f,0,016f,0000,1,1,0,0,0000,016f,0000,0000,0000,0000,0,016f,016f,0000,0,000,016f,016f,1,00,0005,0000
553,553,0,344ba49034520000,fc,0,0,016f,bbd0,0,0000,016f,0,016f,0000,1,1,0,0,0000,016f,0000,0000,0000,0000,0,016f,016f,0000,0,000,016f,016f,1,00,0005,0000
554,554,0,344ba49034520000,fc,0,0,016f,bbd0,0,0000,016f,0,016f,0000,1,1,0,0,0000,016f,0000,0000,0000,0000,0,016f,016f,0000,0,000,016f,016f,1,00,0005,0000
555,555,0,344ba49034520000,fc,0,0,016f,bbd0,0,0000,016f,0,016f,0000,1,1,0,0,0000,016f,0000,0000,0000,0000,0,016f,016f,0000,0,000,016f,016f,1,00,0005,0000
556,556,0,344ba49034520000,fc,0,0,016f,bbd0,0,0000,016f,0,016f,0000,1,1,0,0,0000,016f,0000,0000,0000,0000,0,016f,016f,0000,0,000,016f,016f,1,00,0005,0000
557,557,0,344ba49034520000,fc,0,0,016f,bbd0,0,0000,016f,0,016f,0000,1,1,0,0,0000,016f,0000,0000,0000,0000,0,016f,016f,0000,0,000,016f,016f,1,00,0005,0000
558,558,0,344ba49034520000,fc,0,0,016f,bbd0,0,0000,016f,0,016f,0000,1,1,0,0,0000,016f,0000,0000,0000,0000,0,016f,016f,0000,0,000,016f,016f,1,00,0005,0000
559,559,0,344ba49034520000,fc,0,0,016f,bbd0,0,0000,016f,0,016f,0000,1,1,0,0,0000,016f,0000,0000,0000,0000,0,016f,016f,0000,0,000,016f,016f,1,00,0005,0000
560,560,0,344ba49034520000,fc,0,0,016f,bbd0,0,0000,016f,0,016f,0000,1,1,0,0,0000,016f,0000,0000,0000,0000,0,016f,016f,0000,0,000,016f,016f,1,00,0005,0000
561,561,0,344ba49034520000,fc,0,0,016f,bbd0,0,0000,016f,0,016f,0000,1,1,0,0,0000,016f,0000,0000,0000,0000,0,016f,016f,0000,0,000,016f,016f,1,00,0005,0000
562,562,0,344ba49034520000,fc,0,0,016f,bbd0,0,0000,016f,0,016f,0000,1,1,0,0,0000,016f,0000,0000,0000,0000,0,016f,016f,0000,0,000,016f,016f,1,00,0005,0000
563,563,0,344ba49034520000,fc,0,0,016f,bbd0,0,0000,016f,0,016f,0000,1,1,0,0,0000,016f,0000,0000,0000,0000,0,016f,016f,0000,0,000,016f,016f,1,00,0005,0000
564,564,0,344ba49034520000,fc,0,0,016f,bbd0,0,0000,016f,0,016f,0000,1,1,0,0,0000,016f,0000,0000,0000,0000,0,016f,016f,0000,0,000,016f,016f,1,00,0005,0000
565,565,0,344ba49034520000,fc,0,0,016f,bbd0,0,0000,016f,0,016f,0000,1,1,0,0,0000,016f,0000,0000,0000,0000,0,016f,016f,0000,0,000,016f,016f,1,00,0005,0000
566,566,0,344ba49034520000,fc,0,0,016f,bbd0,0,0000,016f,0,016f,0000,1,1,0,0,0000,016f,0000,0000,0000,0000,0,016f,016f,0000,0,000,016f,016f,1,00,0005,0000
567,567,0,344ba49034520000,fc,0,0,016f,bbd0,0,0000,016f,0,016f,0000,1,1,0,0,0000,016f,0000,0000,0000,0000,0,016f,016f,0000,0,000,016f,016f,1,00,0005,0000
568,568,0,344ba49034520000,fc,0,0,016f,bbd0,0,0000,016f,0,016f,0000,1,1,0,0,0000,016f,0000,0000,0000,0000,0,016f,016f,0000,0,000,016f,016f,1,00,0005,0000
569,569,0,344ba49034520000,fc,0,0,016f,bbd0,0,0000,016f,0,016f,0000,1,1,0,0,0000,016f,0000,0000,0000,0000,0,016f,016f,0000,0,000,016f,016f,1,00,0005,0000
570,570,0,344ba49034520000,fc,0,0,016f,bbd0,0,0000,016f,0,016f,0000,1,1,0,0,0000,016f,0000,0000,0000,0000,0,016f,016f,0000,0,000,016f,016f,1,00,0005,0000
571,571,0,344ba49034520000,fc,0,0,016f,bbd0,0,0000,016f,0,016f,0000,1,1,0,0,0000,016f,0000,0000,0000,0000,0,016f,016f,0000,0,000,016f,016f,1,00,0005,0000
572,572,0,344ba49034520000,fc,0,0,016f,bbd0,0,0000,016f,0,016f,0000,1,1,0,0,0000,016f,0000,0000,0000,0000,0,016f,016f,0000,0,000,016f,016f,1,00,0005,0000
573,573,0,344ba49034520000,fc,0,0,016f,bbd0,0,0000,016f,0,016f,0000,1,1,0,0,0000,016f,0000,0000,0000,0000,0,016f,016f,0000,0,000,016f,016f,1,00,0005,0000
574,574,0,344ba49034520000,fc,0,0,016f,bbd0,0,0000,016f,0,016f,0000,1,1,0,0,0000,016f,0000,0000,0000,0000,0,016f,016f,0000,0,000,016f,016f,1,00,0005,0000
575,575,0,344ba49034520000,fc,0,0,016f,bbd0,0,0000,016f,0,016f,0000,1,1,0,0,0000,016f,0000,0000,0000,0000,0,016f,016f,0000,0,000,016f,016f,1,00,0005,0000
576,576,0,344ba49034520000,fc,0,0,016f,bbd0,0,0000,016f,0,016f,0000,1,1,0,0,0000,016f,0000,0000,0000,0000,0,016f,016f,0000,0,000,016f,016f,1,00,0005,0000
577,577,0,344ba49034520000,fc,0,0,016f,bbd0,0,0000,016f,0,016f,0000,1,1,0,0,0000,016f,0000,0000,0000,0000,0,016f,016f,0000,0,000,016f,016f,1,00,0005,0000
578,578,0,344ba49034520000,fc,0,0,016f,bbd0,0,0000,016f,0,016f,0000,1,1,0,0,0000,016f,0000,0000,0000,0000,0,016f,016f,0000,0,000,016f,016f,1,00,0005,0000
579,579,0,344ba49034520000,fc,0,0,016f,bbd0,0,0000,016f,0,016f,0000,1,1,0,0,0000,016f,0000,0000,0000,0000,0,016f,016f,0000,0,000,016f,016f,1,00,0005,0000
580,580,0,344ba49034520000,fc,0,0,016f,bbd0,0,0000,016f,0,016f,0000,1,1,0,0,0000,016f,0000,0000,0000,0000,0,016f,016f,0000,0,000,016f,016f,1,00,0005,0000
581,581,0,344ba49034520000,fc,0,0,016f,bbd0,0,0000,016f,0,016f,0000,1,1,0,0,0000,016f,0000,0000,0000,0000,0,016f,016f,0000,0,000,016f,016f,1,00,0005,0000
582,582,0,344ba49034520000,fc,0,0,016f,bbd0,0,0000,016f,0,016f,0000,1,1,0,0,0000,016f,0000,0000,0000,0000,0,016f,016f,0000,0,000,016f,016f,1,00,0005,0000
583,583,0,344ba49034520000,fc,0,0,016f,bbd0,0,0000,016f,0,016f,0000,1,1,0,0,0000,016f,0000,0000,0000,0000,0,016f,016f,0000,0,000,016f,016f,1,00,0005,0000
584,584,0,344ba49034520000,fc,0,0,016f,bbd0,0,0000,016f,0,016f,0000,1,1,0,0,0000,016f,0000,0000,0000,0000,0,016f,016f,0000,0,000,016f,016f,1,00,0005,0000
585,585,0,344ba49034520000,fc,0,0,016f,bbd0,0,0000,016f,0,016f,0000,1,1,0,0,0000,016f,0000,0000,0000,0000,0,016f,016f,0000,0,000,016f,016f,1,00,0005,0000
586,586,0,344ba49034520000,fc,0,0,016f,bbd0,0,0000,016f,0,016f,0000,1,1,0,0,0000,016f,0000,0000,0000,0000,0,016f,016f,0000,0,000,016f,016f,1,00,0005,0000
587,587,0,344ba49034520000,fc,0,0,016f,bbd0,0,0000,016f,0,016f,0000,1,1,0,0,0000,016f,0000,0000,0000,0000,0,016f,016f,0000,0,000,016f,016f,1,00,0005,0000
588,588,0,344ba49034520000,fc,0,0,016f,bbd0,0,0000,016f,0,016f,0000,1,1,0,0,0000,016f,0000,0000,0000,0000,0,016f,016f,0000,0,000,016f,016f,1,00,0005,0000
589,589,0,344ba49034520000,fc,0,0,016f,bbd0,0,0000,016f,0,016f,0000,1,1,0,0,0000,016f,0000,0000,0000,0000,0,016f,016f,0000,0,000,016f,016f,1,00,0005,0000
590,590,0,344ba49034520000,fc,0,0,016f,bbd0,0,0000,016f,0,016f,0000,1,1,0,0,0000,016f,0000,0000,0000,0000,0,016f,016f,0000,0,000,016f,016f,1,00,0005,0000
591,591,0,344ba49034520000,fc,0,0,016f,bbd0,0,0000,016f,0,016f,0000,1,1,0,0,0000,016f,0000,0000,0000,0000,0,016f,016f,0000,0,000,016f,016f,1,00,0005,0000
592,592,0,344ba49034520000,fc,0,0,016f,bbd0,0,0000,016f,0,016f,0000,1,1,0,0,0000,016f,0000,0000,0000,0000,0,016f,016f,0000,0,000,016f,016f,1,00,0005,0000
593,593,0,344ba49034520000,fc,0,0,016f,bbd0,0,0000,016f,0,016f,0000,1,1,0,0,0000,016f,0000,0000,0000,0000,0,016f,016f,0000,0,000,016f,016f,1,00,0005,0000
594,594,0,344ba49034520000,fc,0,0,016f,bbd0,0,0000,016f,0,016f,0000,1,1,0,0,0000,016f,0000,0000,0000,0000,0,016f,016f,0000,0,000,016f,016f,1,00,0005,0000
595,595,0,344ba49034520000,fc,0,0,016f,bbd0,0,0000,016f,0,016f,0000,1,1,0,0,0000,016f,0000,0000,0000,0000,0,016f,016f,0000,0,000,016f,016f,1,00,0005,0000
596,596,0,344ba49034520000,fc,0,0,016f,bbd0,0,0000,016f,0,016f,0000,1,1,0,0,0000,016f,0000,0000,0000,0000,0,016f,016f,0000,0,000,016f,016f,1,00,0005,0000
597,597,0,344ba49034520000,fc,0,0,016f,bbd0,0,0000,016f,0,016f,0000,1,1,0,0,0000,016f,0000,0000,0000,0000,0,016f,016f,0000,0,000,016f,016f,1,00,0005,0000
598,598,0,344ba49034520000,fc,0,0,016f,bbd0,0,0000,016f,0,016f,0000,1,1,0,0,0000,016f,0000,0000,0000,0000,0,016f,016f,0000,0,000,016f,016f,1,00,0005,0000
599,599,0,344ba49034520000,fc,0,0,016f,bbd0,0,0000,016f,0,016f,0000,1,1,0,0,0000,016f,0000,0000,0000,0000,0,016f,016f,0000,0,000,016f,016f,1,00,0005,0000
600,600,0,344ba49034520000,fc,0,0,016f,bbd0,0,0000,016f,0,016f,0000,1,1,0,0,0000,016f,0000,0000,0000,0000,0,016f,016f,0000,0,000,016f,016f,1,00,0005,0000
601,601,0,344ba49034520000,fc,0,0,016f,bbd0,0,0000,016f,0,016f,0000,1,1,0,0,0000,016f,0000,0000,0000,0000,0,016f,016f,0000,0,000,016f,016f,1,00,0005,0000
602,602,0,344ba49034520000,fc,0,0,016f,bbd0,0,0000,016f,0,016f,0000,1,1,0,0,0000,016f,0000,0000,0000,0000,0,016f,016f,0000,0,000,016f,016f,1,00,0005,0000
603,603,0,344ba49034520000,fc,0,0,016f,bbd0,0,0000,016f,0,016f,0000,1,1,0,0,0000,016f,0000,0000,0000,0000,0,016f,016f,0000,0,000,016f,016f,1,00,0005,0000
604,604,0,344ba49034520000,fc,0,0,016f,bbd0,0,0000,016f,0,016f,0000,1,1,0,0,0000,016f,0000,0000,0000,0000,0,016f,016f,0000,0,000,016f,016f,1,00,0005,0000
605,605,0,344ba49034520000,fc,0,0,016f,bbd0,0,0000,016f,0,016f,0000,1,1,0,0,0000,016f,0000,0000,0000,0000,0,016f,016f,0000,0,000,016f,016f,1,00,0005,0000
606,606,0,344ba49034520000,fc,0,0,016f,bbd0,0,0000,016f,0,016f,0000,1,1,0,0,0000,016f,0000,0000,0000,0000,0,016f,016f,0000,0,000,016f,016f,1,00,0005,0000
607,607,0,344ba49034520000,fc,0,0,016f,bbd0,0,0000,016f,0,016f,0000,1,1,0,0,0000,016f,0000,0000,0000,0000,0,016f,016f,0000,0,000,016f,016f,1,00,0005,0000
608,608,0,344ba49034520000,fc,0,0,016f,bbd0,0,0000,016f,0,016f,0000,1,1,0,0,0000,016f,0000,0000,0000,0000,0,016f,016f,0000,0,000,016f,016f,1,00,0005,0000
609,609,0,344ba49034520000,fc,0,0,016f,bbd0,0,0000,016f,0,016f,0000,1,1,0,0,0000,016f,0000,0000,0000,0000,0,016f,016f,0000,0,000,016f,016f,1,00,0005,0000
610,610,0,344ba49034520000,fc,0,0,016f,bbd0,0,0000,016f,0,016f,0000,1,1,0,0,0000,016f,0000,0000,0000,0000,0,016f,016f,0000,0,000,016f,016f,1,00,0005,0000
611,611,0,344ba49034520000,fc,0,0,016f,bbd0,0,0000,016f,0,016f,0000,1,1,0,0,0000,016f,0000,0000,0000,0000,0,016f,016f,0000,0,000,016f,016f,1,00,0005,0000
612,612,0,344ba49034520000,fc,0,0,016f,bbd0,0,0000,016f,0,016f,0000,1,1,0,0,0000,016f,0000,0000,0000,0000,0,016f,016f,0000,0,000,016f,016f,1,00,0005,0000
613,613,0,344ba49034520000,fc,0,0,016f,bbd0,0,0000,016f,0,016f,0000,1,1,0,0,0000,016f,0000,0000,0000,0000,0,016f,016f,0000,0,000,016f,016f,1,00,0005,0000
614,614,0,344ba49034520000,fc,0,0,016f,bbd0,0,0000,016f,0,016f,0000,1,1,0,0,0000,016f,0000,0000,0000,0000,0,016f,016f,0000,0,000,016f,016f,1,00,0005,0000
615,615,0,344ba49034520000,fc,0,0,016f,bbd0,0,0000,016f,0,016f,0000,1,1,0,0,0000,016f,0000,0000,0000,0000,0,016f,016f,0000,0,000,016f,016f,1,00,0005,0000
616,616,0,344ba49034520000,fc,0,0,016f,bbd0,0,0000,016f,0,016f,0000,1,1,0,0,0000,016f,0000,0000,0000,0000,0,016f,016f,0000,0,000,016f,016f,1,00,0005,0000
617,617,0,344ba49034520000,fc,0,0,016f,bbd0,0,0000,016f,0,016f,0000,1,1,0,0,0000,016f,0000,0000,0000,0000,0,016f,016f,0000,0,000,016f,016f,1,00,0005,0000
618,618,0,344ba49034520000,fc,0,0,016f,bbd0,0,0000,016f,0,016f,0000,1,1,0,0,0000,016f,0000,0000,0000,0000,0,016f,016f,0000,0,000,016f,016f,1,00,0005,0000
619,619,0,344ba49034520000,fc,0,0,016f,bbd0,0,0000,016f,0,016f,0000,1,1,0,0,0000,016f,0000,0000,0000,0000,0,016f,016f,0000,0,000,016f,016f,1,00,0005,0000
620,620,0,344ba49034520000,fc,0,0,016f,bbd0,0,0000,016f,0,016f,0000,1,1,0,0,0000,016f,0000,0000,0000,0000,0,016f,016f,0000,0,000,016f,016f,1,00,0005,0000
621,621,0,344ba49034520000,fc,0,0,016f,bbd0,0,0000,016f,0,016f,0000,1,1,0,0,0000,016f,0000,0000,0000,0000,0,016f,016f,0000,0,000,016f,016f,1,00,0005,0000
622,622,0,344ba49034520000,fc,0,0,016f,bbd0,0,0000,016f,0,016f,0000,1,1,0,0,0000,016f,0000,0000,0000,0000,0,016f,016f,0000,0,000,016f,016f,1,00,0005,0000
623,623,0,344ba49034520000,fc,0,0,016f,bbd0,0,0000,016f,0,016f,0000,1,1,0,0,0000,016f,0000,0000,0000,0000,0,016f,016f,0000,0,000,016f,016f,1,00,0005,0000
624,624,0,344ba49034520000,fc,0,0,016f,bbd0,0,0000,016f,0,016f,0000,1,1,0,0,0000,016f,0000,0000,0000,0000,0,016f,016f,0000,0,000,016f,016f,1,00,0005,0000
625,625,0,344ba49034520000,fc,0,0,016f,bbd0,0,0000,016f,0,016f,0000,1,1,0,0,0000,016f,0000,0000,0000,0000,0,016f,016f,0000,0,000,016f,016f,1,00,0005,0000
626,626,0,344ba49034520000,fc,0,0,016f,bbd0,0,0000,016f,0,016f,0000,1,1,0,0,0000,016f,0000,0000,0000,0000,0,016f,016f,0000,0,000,016f,016f,1,00,0005,0000
627,627,0,344ba49034520000,fc,0,0,016f,bbd0,0,0000,016f,0,016f,0000,1,1,0,0,0000,016f,0000,0000,0000,0000,0,016f,016f,0000,0,000,016f,016f,1,00,0005,0000
628,628,0,344ba49034520000,fc,0,0,016f,bbd0,0,0000,016f,0,016f,0000,1,1,0,0,0000,016f,0000,0000,0000,0000,0,016f,016f,0000,0,000,016f,016f,1,00,0005,0000
629,629,0,344ba49034520000,fc,0,0,016f,bbd0,0,0000,016f,0,016f,0000,1,1,0,0,0000,016f,0000,0000,0000,0000,0,016f,016f,0000,0,000,016f,016f,1,00,0005,0000
630,630,0,344ba49034520000,fc,0,0,016f,bbd0,0,0000,016f,0,016f,0000,1,1,0,0,0000,016f,0000,0000,0000,0000,0,016f,016f,0000,0,000,016f,016f,1,00,0005,0000
631,631,0,344ba49034520000,fc,0,0,016f,bbd0,0,0000,016f,0,016f,0000,1,1,0,0,0000,016f,0000,0000,0000,0000,0,016f,016f,0000,0,000,016f,016f,1,00,0005,0000
632,632,0,344ba49034520000,fc,0,0,016f,bbd0,0,0000,016f,0,016f,0000,1,1,0,0,0000,016f,0000,0000,0000,0000,0,016f,016f,0000,0,000,016f,016f,1,00,0005,0000
633,633,0,344ba49034520000,fc,0,0,016f,bbd0,0,0000,016f,0,016f,0000,1,1,0,0,0000,016f,0000,0000,0000,0000,0,016f,016f,0000,0,000,016f,016f,1,00,0005,0000
634,634,0,344ba49034520000,fc,0,0,016f,bbd0,0,0000,016f,0,016f,0000,1,1,0,0,0000,016f,0000,0000,0000,0000,0,016f,016f,0000,0,000,016f,016f,1,00,0005,0000
635,635,0,344ba49034520000,fc,0,0,016f,bbd0,0,0000,016f,0,016f,0000,1,1,0,0,0000,016f,0000,0000,0000,0000,0,016f,016f,0000,0,000,016f,016f,1,00,0005,0000
636,636,0,344ba49034520000,fc,0,0,016f,bbd0,0,0000,016f,0,016f,0000,1,1,0,0,0000,016f,0000,0000,0000,0000,0,016f,016f,0000,0,000,016f,016f,1,00,0005,0000
637,637,0,344ba49034520000,fc,0,0,016f,bbd0,0,0000,016f,0,016f,0000,1,1,0,0,0000,016f,0000,0000,0000,0000,0,016f,016f,0000,0,000,016f,016f,1,00,0005,0000
638,638,0,344ba49034520000,fc,0,0,016f,bbd0,0,0000,016f,0,016f,0000,1,1,0,0,0000,016f,0000,0000,0000,0000,0,016f,016f,0000,0,000,016f,016f,1,00,0005,0000
639,639,0,344ba49034520000,fc,0,0,016f,bbd0,0,0000,016f,0,016f,0000,1,1,0,0,0000,016f,0000,0000,0000,0000,0,016f,016f,0000,0,000,016f,016f,1,00,0005,0000
640,640,0,344ba49034520000,fc,0,0,016f,bbd0,0,0000,016f,0,016f,0000,1,1,0,0,0000,016f,0000,0000,0000,0000,0,016f,016f,0000,0,000,016f,016f,1,00,0005,0000
641,641,0,344ba49034520000,fc,0,0,016f,bbd0,0,0000,016f,0,016f,0000,1,1,0,0,0000,016f,0000,0000,0000,0000,0,016f,016f,0000,0,000,016f,016f,1,00,0005,0000
642,642,0,344ba49034520000,fc,0,0,016f,bbd0,0,0000,016f,0,016f,0000,1,1,0,0,0000,016f,0000,0000,0000,0000,0,016f,016f,0000,0,000,016f,016f,1,00,0005,0000
643,643,0,344ba49034520000,fc,0,0,016f,bbd0,0,0000,016f,0,016f,0000,1,1,0,0,0000,016f,0000,0000,0000,0000,0,016f,016f,0000,0,000,016f,016f,1,00,0005,0000
644,644,0,344ba49034520000,fc,0,0,016f,bbd0,0,0000,016f,0,016f,0000,1,1,0,0,0000,016f,0000,0000,0000,0000,0,016f,016f,0000,0,000,016f,016f,1,00,0005,0000
645,645,0,344ba49034520000,fc,0,0,016f,bbd0,0,0000,016f,0,016f,0000,1,1,0,0,0000,016f,0000,0000,0000,0000,0,016f,016f,0000,0,000,016f,016f,1,00,0005,0000
646,646,0,344ba49034520000,fc,0,0,016f,bbd0,0,0000,016f,0,016f,0000,1,1,0,0,0000,016f,0000,0000,0000,0000,0,016f,016f,0000,0,000,016f,016f,1,00,0005,0000
647,647,0,344ba49034520000,fc,0,0,016f,bbd0,0,0000,016f,0,016f,0000,1,1,0,0,0000,016f,0000,0000,0000,0000,0,016f,016f,0000,0,000,016f,016f,1,00,0005,0000
648,648,0,344ba49034520000,fc,0,0,016f,bbd0,0,0000,016f,0,016f,0000,1,1,0,0,0000,016f,0000,0000,0000,0000,0,016f,016f,0000,0,000,016f,016f,1,00,0005,0000
649,649,0,344ba49034520000,fc,0,0,016f,bbd0,0,0000,016f,0,016f,0000,1,1,0,0,0000,016f,0000,0000,0000,0000,0,016f,016f,0000,0,000,016f,016f,1,00,0005,0000
650,650,0,344ba49034520000,fc,0,0,016f,bbd0,0,0000,016f,0,016f,0000,1,1,0,0,0000,016f,0000,0000,0000,0000,0,016f,016f,0000,0,000,016f,016f,1,00,0005,0000
651,651,0,344ba49034520000,fc,0,0,016f,bbd0,0,0000,016f,0,016f,0000,1,1,0,0,0000,016f,0000,0000,0000,0000,0,016f,016f,0000,0,000,016f,016f,1,00,0005,0000
652,652,0,344ba49034520000,fc,0,0,016f,bbd0,0,0000,016f,0,016f,0000,1,1,0,0,0000,016f,0000,0000,0000,0000,0,016f,016f,0000,0,000,016f,016f,1,00,0005,0000
653,653,0,344ba49034520000,fc,0,0,016f,bbd0,0,0000,016f,0,016f,0000,1,1,0,0,0000,016f,0000,0000,0000,0000,0,016f,016f,0000,0,000,016f,016f,1,00,0005,0000
654,654,0,344ba49034520000,fc,0,0,016f,bbd0,0,0000,016f,0,016f,0000,1,1,0,0,0000,016f,0000,0000,0000,0000,0,016f,016f,0000,0,000,016f,016f,1,00,0005,0000
655,655,0,344ba49034520000,fc,0,0,016f,bbd0,0,0000,016f,0,016f,0000,1,1,0,0,0000,016f,0000,0000,0000,0000,0,016f,016f,0000,0,000,016f,016f,1,00,0005,0000
656,656,0,344ba49034520000,fc,0,0,016f,bbd0,0,0000,016f,0,016f,0000,1,1,0,0,0000,016f,0000,0000,0000,0000,0,016f,016f,0000,0,000,016f,016f,1,00,0005,0000
657,657,0,344ba49034520000,fc,0,0,016f,bbd0,0,0000,016f,0,016f,0000,1,1,0,0,0000,016f,0000,0000,0000,0000,0,016f,016f,0000,0,000,016f,016f,1,00,0005,0000
658,658,0,344ba49034520000,fc,0,0,016f,bbd0,0,0000,016f,0,016f,0000,1,1,0,0,0000,016f,0000,0000,0000,0000,0,016f,016f,0000,0,000,016f,016f,1,00,0005,0000
659,659,0,344ba49034520000,fc,0,0,016f,bbd0,0,0000,016f,0,016f,0000,1,1,0,0,0000,016f,0000,0000,0000,0000,0,016f,016f,0000,0,000,016f,016f,1,00,0005,0000
660,660,0,344ba49034520000,fc,0,0,016f,bbd0,0,0000,016f,0,016f,0000,1,1,0,0,0000,016f,0000,0000,0000,0000,0,016f,016f,0000,0,000,016f,016f,1,00,0005,0000
661,661,0,344ba49034520000,fc,0,0,016f,bbd0,0,0000,016f,0,016f,0000,1,1,0,0,0000,016f,0000,0000,0000,0000,0,016f,016f,0000,0,000,016f,016f,1,00,0005,0000
662,662,0,344ba49034520000,fc,0,0,016f,bbd0,0,0000,016f,0,016f,0000,1,1,0,0,0000,016f,0000,0000,0000,0000,0,016f,016f,0000,0,000,016f,016f,1,00,0005,0000
663,663,0,344ba49034520000,fc,0,0,016f,bbd0,0,0000,016f,0,016f,0000,1,1,0,0,0000,016f,0000,0000,0000,0000,0,016f,016f,0000,0,000,016f,016f,1,00,0005,0000
664,664,0,344ba49034520000,fc,0,0,016f,bbd0,0,0000,016f,0,016f,0000,1,1,0,0,0000,016f,0000,0000,0000,0000,0,016f,016f,0000,0,000,016f,016f,1,00,0005,0000
665,665,0,344ba49034520000,fc,0,0,016f,bbd0,0,0000,016f,0,016f,0000,1,1,0,0,0000,016f,0000,0000,0000,0000,0,016f,016f,0000,0,000,016f,016f,1,00,0005,0000
666,666,0,344ba49034520000,fc,0,0,016f,bbd0,0,0000,016f,0,016f,0000,1,1,0,0,0000,016f,0000,0000,0000,0000,0,016f,016f,0000,0,000,016f,016f,1,00,0005,0000
667,667,0,344ba49034520000,fc,0,0,016f,bbd0,0,0000,016f,0,016f,0000,1,1,0,0,0000,016f,0000,0000,0000,0000,0,016f,016f,0000,0,000,016f,016f,1,00,0005,0000
668,668,0,344ba49034520000,fc,0,0,016f,bbd0,0,0000,016f,0,016f,0000,1,1,0,0,0000,016f,0000,0000,0000,0000,0,016f,016f,0000,0,000,016f,016f,1,00,0005,0000
669,669,0,344ba49034520000,fc,0,0,016f,bbd0,0,0000,016f,0,016f,0000,1,1,0,0,0000,016f,0000,0000,0000,0000,0,016f,016f,0000,0,000,016f,016f,1,00,0005,0000
670,670,0,344ba49034520000,fc,0,0,016f,bbd0,0,0000,016f,0,016f,0000,1,1,0,0,0000,016f,0000,0000,0000,0000,0,016f,016f,0000,0,000,016f,016f,1,00,0005,0000
671,671,0,344ba49034520000,fc,0,0,016f,bbd0,0,0000,016f,0,016f,0000,1,1,0,0,0000,016f,0000,0000,0000,0000,0,016f,016f,0000,0,000,016f,016f,1,00,0005,0000
672,672,0,344ba49034520000,fc,0,0,016f,bbd0,0,0000,016f,0,016f,0000,1,1,0,0,0000,016f,0000,0000,0000,0000,0,016f,016f,0000,0,000,016f,016f,1,00,0005,0000
673,673,0,344ba49034520000,fc,0,0,016f,bbd0,0,0000,016f,0,016f,0000,1,1,0,0,0000,016f,0000,0000,0000,0000,0,016f,016f,0000,0,000,016f,016f,1,00,0005,0000
674,674,0,344ba49034520000,fc,0,0,016f,bbd0,0,0000,016f,0,016f,0000,1,1,0,0,0000,016f,0000,0000,0000,0000,0,016f,016f,0000,0,000,016f,016f,1,00,0005,0000
675,675,0,344ba49034520000,fc,0,0,016f,bbd0,0,0000,016f,0,016f,0000,1,1,0,0,0000,016f,0000,0000,0000,0000,0,016f,016f,0000,0,000,016f,016f,1,00,0005,0000
676,676,0,344ba49034520000,fc,0,0,016f,bbd0,0,0000,016f,0,016f,0000,1,1,0,0,0000,016f,0000,0000,0000,0000,0,016f,016f,0000,0,000,016f,016f,1,00,0005,0000
677,677,0,344ba49034520000,fc,0,0,016f,bbd0,0,0000,016f,0,016f,0000,1,1,0,0,0000,016f,0000,0000,0000,0000,0,016f,016f,0000,0,000,016f,016f,1,00,0005,0000
678,678,0,344ba49034520000,fc,0,0,016f,bbd0,0,0000,016f,0,016f,0000,1,1,0,0,0000,016f,0000,0000,0000,0000,0,016f,016f,0000,0,000,016f,016f,1,00,0005,0000
679,679,0,344ba49034520000,fc,0,0,016f,bbd0,0,0000,016f,0,016f,0000,1,1,0,0,0000,016f,0000,0000,0000,0000,0,016f,016f,0000,0,000,016f,016f,1,00,0005,0000
680,680,0,344ba49034520000,fc,0,0,016f,bbd0,0,0000,016f,0,016f,0000,1,1,0,0,0000,016f,0000,0000,0000,0000,0,016f,016f,0000,0,000,016f,016f,1,00,0005,0000
681,681,0,344ba49034520000,fc,0,0,016f,bbd0,0,0000,016f,0,016f,0000,1,1,0,0,0000,016f,0000,0000,0000,0000,0,016f,016f,0000,0,000,016f,016f,1,00,0005,0000
682,682,0,344ba49034520000,fc,0,0,016f,bbd0,0,0000,016f,0,016f,0000,1,1,0,0,0000,016f,0000,0000,0000,0000,0,016f,016f,0000,0,000,016f,016f,1,00,0005,0000
683,683,0,344ba49034520000,fc,0,0,016f,bbd0,0,0000,016f,0,016f,0000,1,1,0,0,0000,016f,0000,0000,0000,0000,0,016f,016f,0000,0,000,016f,016f,1,00,0005,0000
684,684,0,344ba49034520000,fc,0,0,016f,bbd0,0,0000,016f,0,016f,0000,1,1,0,0,0000,016f,0000,0000,0000,0000,0,016f,016f,0000,0,000,016f,016f,1,00,0005,0000
685,685,0,344ba49034520000,fc,0,0,016f,bbd0,0,0000,016f,0,016f,0000,1,1,0,0,0000,016f,0000,0000,0000,0000,0,016f,016f,0000,0,000,016f,016f,1,00,0005,0000
686,686,0,344ba49034520000,fc,0,0,016f,bbd0,0,0000,016f,0,016f,0000,1,1,0,0,0000,016f,0000,0000,0000,0000,0,016f,016f,0000,0,000,016f,016f,1,00,0005,0000
687,687,0,344ba49034520000,fc,0,0,016f,bbd0,0,0000,016f,0,016f,0000,1,1,0,0,0000,016f,0000,0000,0000,0000,0,016f,016f,0000,0,000,016f,016f,1,00,0005,0000
688,688,0,344ba49034520000,fc,0,0,016f,bbd0,0,0000,016f,0,016f,0000,1,1,0,0,0000,016f,0000,0000,0000,0000,0,016f,016f,0000,0,000,016f,016f,1,00,0005,0000
689,689,0,344ba49034520000,fc,0,0,016f,bbd0,0,0000,016f,0,016f,0000,1,1,0,0,0000,016f,0000,0000,0000,0000,0,016f,016f,0000,0,000,016f,016f,1,00,0005,0000
690,690,0,344ba49034520000,fc,0,0,016f,bbd0,0,0000,016f,0,016f,0000,1,1,0,0,0000,016f,0000,0000,0000,0000,0,016f,016f,0000,0,000,016f,016f,1,00,0005,0000
691,691,0,344ba49034520000,fc,0,0,016f,bbd0,0,0000,016f,0,016f,0000,1,1,0,0,0000,016f,0000,0000,0000,0000,0,016f,016f,0000,0,000,016f,016f,1,00,0005,0000
692,692,0,344ba49034520000,fc,0,0,016f,bbd0,0,0000,016f,0,016f,0000,1,1,0,0,0000,016f,0000,0000,0000,0000,0,016f,016f,0000,0,000,016f,016f,1,00,0005,0000
693,693,0,344ba49034520000,fc,0,0,016f,bbd0,0,0000,016f,0,016f,0000,1,1,0,0,0000,016f,0000,0000,0000,0000,0,016f,016f,0000,0,000,016f,016f,1,00,0005,0000
694,694,0,344ba49034520000,fc,0,0,016f,bbd0,0,0000,016f,0,016f,0000,1,1,0,0,0000,016f,0000,0000,0000,0000,0,016f,016f,0000,0,000,016f,016f,1,00,0005,0000
695,695,0,344ba49034520000,fc,0,0,016f,bbd0,0,0000,016f,0,016f,0000,1,1,0,0,0000,016f,0000,0000,0000,0000,0,016f,016f,0000,0,000,016f,016f,1,00,0005,0000
696,696,0,344ba49034520000,fc,0,0,016f,bbd0,0,0000,016f,0,016f,0000,1,1,0,0,0000,016f,0000,0000,0000,0000,0,016f,016f,0000,0,000,016f,016f,1,00,0005,0000
697,697,0,344ba49034520000,fc,0,0,016f,bbd0,0,0000,016f,0,016f,0000,1,1,0,0,0000,016f,0000,0000,0000,0000,0,016f,016f,0000,0,000,016f,016f,1,00,0005,0000
698,698,0,344ba49034520000,fc,0,0,016f,bbd0,0,0000,016f,0,016f,0000,1,1,0,0,0000,016f,0000,0000,0000,0000,0,016f,016f,0000,0,000,016f,016f,1,00,0005,0000
699,699,0,344ba49034520000,fc,0,0,016f,bbd0,0,0000,016f,0,016f,0000,1,1,0,0,0000,016f,0000,0000,0000,0000,0,016f,016f,0000,0,000,016f,016f,1,00,0005,0000
700,700,0,344ba49034520000,fc,0,0,016f,bbd0,0,0000,016f,0,016f,0000,1,1,0,0,0000,016f,0000,0000,0000,0000,0,016f,016f,0000,0,000,016f,016f,1,00,0005,0000
701,701,0,344ba49034520000,fc,0,0,016f,bbd0,0,0000,016f,0,016f,0000,1,1,0,0,0000,016f,0000,0000,0000,0000,0,016f,016f,0000,0,000,016f,016f,1,00,0005,0000
702,702,0,344ba49034520000,fc,0,0,016f,bbd0,0,0000,016f,0,016f,0000,1,1,0,0,0000,016f,0000,0000,0000,0000,0,016f,016f,0000,0,000,016f,016f,1,00,0005,0000
703,703,0,344ba49034520000,fc,0,0,016f,bbd0,0,0000,016f,0,016f,0000,1,1,0,0,0000,016f,0000,0000,0000,0000,0,016f,016f,0000,0,000,016f,016f,1,00,0005,0000
704,704,0,344ba49034520000,fc,0,0,016f,bbd0,0,0000,016f,0,016f,0000,1,1,0,0,0000,016f,0000,0000,0000,0000,0,016f,016f,0000,0,000,016f,016f,1,00,0005,0000
705,705,0,344ba49034520000,fc,0,0,016f,bbd0,0,0000,016f,0,016f,0000,1,1,0,0,0000,016f,0000,0000,0000,0000,0,016f,016f,0000,0,000,016f,016f,1,00,0005,0000
706,706,0,344ba49034520000,fc,0,0,016f,bbd0,0,0000,016f,0,016f,0000,1,1,0,0,0000,016f,0000,0000,0000,0000,0,016f,016f,0000,0,000,016f,016f,1,00,0005,0000
707,707,0,344ba49034520000,fc,0,0,016f,bbd0,0,0000,016f,0,016f,0000,1,1,0,0,0000,016f,0000,0000,0000,0000,0,016f,016f,0000,0,000,016f,016f,1,00,0005,0000
708,708,0,344ba49034520000,fc,0,0,016f,bbd0,0,0000,016f,0,016f,0000,1,1,0,0,0000,016f,0000,0000,0000,0000,0,016f,016f,0000,0,000,016f,016f,1,00,0005,0000
709,709,0,344ba49034520000,fc,0,0,016f,bbd0,0,0000,016f,0,016f,0000,1,1,0,0,0000,016f,0000,0000,0000,0000,0,016f,016f,0000,0,000,016f,016f,1,00,0005,0000
710,710,0,344ba49034520000,fc,0,0,016f,bbd0,0,0000,016f,0,016f,0000,1,1,0,0,0000,016f,0000,0000,0000,0000,0,016f,016f,0000,0,000,016f,016f,1,00,0005,0000
711,711,0,344ba49034520000,fc,0,0,016f,bbd0,0,0000,016f,0,016f,0000,1,1,0,0,0000,016f,0000,0000,0000,0000,0,016f,016f,0000,0,000,016f,016f,1,00,0005,0000
712,712,0,344ba49034520000,fc,0,0,016f,bbd0,0,0000,016f,0,016f,0000,1,1,0,0,0000,016f,0000,0000,0000,0000,0,016f,016f,0000,0,000,016f,016f,1,00,0005,0000
713,713,0,344ba49034520000,fc,0,0,016f,bbd0,0,0000,016f,0,016f,0000,1,1,0,0,0000,016f,0000,0000,0000,0000,0,016f,016f,0000,0,000,016f,016f,1,00,0005,0000
714,714,0,344ba49034520000,fc,0,0,016f,bbd0,0,0000,016f,0,016f,0000,1,1,0,0,0000,016f,0000,0000,0000,0000,0,016f,016f,0000,0,000,016f,016f,1,00,0005,0000
715,715,0,344ba49034520000,fc,0,0,016f,bbd0,0,0000,016f,0,016f,0000,1,1,0,0,0000,016f,0000,0000,0000,0000,0,016f,016f,0000,0,000,016f,016f,1,00,0005,0000
716,716,0,344ba49034520000,fc,0,0,016f,bbd0,0,0000,016f,0,016f,0000,1,1,0,0,0000,016f,0000,0000,0000,0000,0,016f,016f,0000,0,000,016f,016f,1,00,0005,0000
717,717,0,344ba49034520000,fc,0,0,016f,bbd0,0,0000,016f,0,016f,0000,1,1,0,0,0000,016f,0000,0000,0000,0000,0,016f,016f,0000,0,000,016f,016f,1,00,0005,0000
718,718,0,344ba49034520000,fc,0,0,016f,bbd0,0,0000,016f,0,016f,0000,1,1,0,0,0000,016f,0000,0000,0000,0000,0,016f,016f,0000,0,000,016f,016f,1,00,0005,0000
719,719,0,344ba49034520000,fc,0,0,016f,bbd0,0,0000,016f,0,016f,0000,1,1,0,0,0000,016f,0000,0000,0000,0000,0,016f,016f,0000,0,000,016f,016f,1,00,0005,0000
720,720,0,344ba49034520000,fc,0,0,016f,bbd0,0,0000,016f,0,016f,0000,1,1,0,0,0000,016f,0000,0000,0000,0000,0,016f,016f,0000,0,000,016f,016f,1,00,0005,0000
721,721,0,344ba49034520000,fc,0,0,016f,bbd0,0,0000,016f,0,016f,0000,1,1,0,0,0000,016f,0000,0000,0000,0000,0,016f,016f,0000,0,000,016f,016f,1,00,0005,0000
722,722,0,344ba49034520000,fc,0,0,016f,bbd0,0,0000,016f,0,016f,0000,1,1,0,0,0000,016f,0000,0000,0000,0000,0,016f,016f,0000,0,000,016f,016f,1,00,0005,0000
723,723,0,344ba49034520000,fc,0,0,016f,bbd0,0,0000,016f,0,016f,0000,1,1,0,0,0000,016f,0000,0000,0000,0000,0,016f,016f,0000,0,000,016f,016f,1,00,0005,0000
724,724,0,344ba49034520000,fc,0,0,016f,bbd0,0,0000,016f,0,016f,0000,1,1,0,0,0000,016f,0000,0000,0000,0000,0,016f,016f,0000,0,000,016f,016f,1,00,0005,0000
725,725,0,344ba49034520000,fc,0,0,016f,bbd0,0,0000,016f,0,016f,0000,1,1,0,0,0000,016f,0000,0000,0000,0000,0,016f,016f,0000,0,000,016f,016f,1,00,0005,0000
726,726,0,344ba49034520000,fc,0,0,016f,bbd0,0,0000,016f,0,016f,0000,1,1,0,0,0000,016f,0000,0000,0000,0000,0,016f,016f,0000,0,000,016f,016f,1,00,0005,0000
727,727,0,344ba49034520000,fc,0,0,016f,bbd0,0,0000,016f,0,016f,0000,1,1,0,0,0000,016f,0000,0000,0000,0000,0,016f,016f,0000,0,000,016f,016f,1,00,0005,0000
728,728,0,344ba49034520000,fc,0,0,016f,bbd0,0,0000,016f,0,016f,0000,1,1,0,0,0000,016f,0000,0000,0000,0000,0,016f,016f,0000,0,000,016f,016f,1,00,0005,0000
729,729,0,344ba49034520000,fc,0,0,016f,bbd0,0,0000,016f,0,016f,0000,1,1,0,0,0000,016f,0000,0000,0000,0000,0,016f,016f,0000,0,000,016f,016f,1,00,0005,0000
730,730,0,344ba49034520000,fc,0,0,016f,bbd0,0,0000,016f,0,016f,0000,1,1,0,0,0000,016f,0000,0000,0000,0000,0,016f,016f,0000,0,000,016f,016f,1,00,0005,0000
731,731,0,344ba49034520000,fc,0,0,016f,bbd0,0,0000,016f,0,016f,0000,1,1,0,0,0000,016f,0000,0000,0000,0000,0,016f,016f,0000,0,000,016f,016f,1,00,0005,0000
732,732,0,344ba49034520000,fc,0,0,016f,bbd0,0,0000,016f,0,016f,0000,1,1,0,0,0000,016f,0000,0000,0000,0000,0,016f,016f,0000,0,000,016f,016f,1,00,0005,0000
733,733,0,344ba49034520000,fc,0,0,016f,bbd0,0,0000,016f,0,016f,0000,1,1,0,0,0000,016f,0000,0000,0000,0000,0,016f,016f,0000,0,000,016f,016f,1,00,0005,0000
734,734,0,344ba49034520000,fc,0,0,016f,bbd0,0,0000,016f,0,016f,0000,1,1,0,0,0000,016f,0000,0000,0000,0000,0,016f,016f,0000,0,000,016f,016f,1,00,0005,0000
735,735,0,344ba49034520000,fc,0,0,016f,bbd0,0,0000,016f,0,016f,0000,1,1,0,0,0000,016f,0000,0000,0000,0000,0,016f,016f,0000,0,000,016f,016f,1,00,0005,0000
736,736,0,344ba49034520000,fc,0,0,016f,bbd0,0,0000,016f,0,016f,0000,1,1,0,0,0000,016f,0000,0000,0000,0000,0,016f,016f,0000,0,000,016f,016f,1,00,0005,0000
737,737,0,344ba49034520000,fc,0,0,016f,bbd0,0,0000,016f,0,016f,0000,1,1,0,0,0000,016f,0000,0000,0000,0000,0,016f,016f,0000,0,000,016f,016f,1,00,0005,0000
738,738,0,344ba49034520000,fc,0,0,016f,bbd0,0,0000,016f,0,016f,0000,1,1,0,0,0000,016f,0000,0000,0000,0000,0,016f,016f,0000,0,000,016f,016f,1,00,0005,0000
739,739,0,344ba49034520000,fc,0,0,016f,bbd0,0,0000,016f,0,016f,0000,1,1,0,0,0000,016f,0000,0000,0000,0000,0,016f,016f,0000,0,000,016f,016f,1,00,0005,0000
740,740,0,344ba49034520000,fc,0,0,016f,bbd0,0,0000,016f,0,016f,0000,1,1,0,0,0000,016f,0000,0000,0000,0000,0,016f,016f,0000,0,000,016f,016f,1,00,0005,0000
741,741,0,344ba49034520000,fc,0,0,016f,bbd0,0,0000,016f,0,016f,0000,1,1,0,0,0000,016f,0000,0000,0000,0000,0,016f,016f,0000,0,000,016f,016f,1,00,0005,0000
742,742,0,344ba49034520000,fc,0,0,016f,bbd0,0,0000,016f,0,016f,0000,1,1,0,0,0000,016f,0000,0000,0000,0000,0,016f,016f,0000,0,000,016f,016f,1,00,0005,0000
743,743,0,344ba49034520000,fc,0,0,016f,bbd0,0,0000,016f,0,016f,0000,1,1,0,0,0000,016f,0000,0000,0000,0000,0,016f,016f,0000,0,000,016f,016f,1,00,0005,0000
744,744,0,344ba49034520000,fc,0,0,016f,bbd0,0,0000,016f,0,016f,0000,1,1,0,0,0000,016f,0000,0000,0000,0000,0,016f,016f,0000,0,000,016f,016f,1,00,0005,0000
745,745,0,344ba49034520000,fc,0,0,016f,bbd0,0,0000,016f,0,016f,0000,1,1,0,0,0000,016f,0000,0000,0000,0000,0,016f,016f,0000,0,000,016f,016f,1,00,0005,0000
746,746,0,344ba49034520000,fc,0,0,016f,bbd0,0,0000,016f,0,016f,0000,1,1,0,0,0000,016f,0000,0000,0000,0000,0,016f,016f,0000,0,000,016f,016f,1,00,0005,0000
747,747,0,344ba49034520000,fc,0,0,016f,bbd0,0,0000,016f,0,016f,0000,1,1,0,0,0000,016f,0000,0000,0000,0000,0,016f,016f,0000,0,000,016f,016f,1,00,0005,0000
748,748,0,344ba49034520000,fc,0,0,016f,bbd0,0,0000,016f,0,016f,0000,1,1,0,0,0000,016f,0000,0000,0000,0000,0,016f,016f,0000,0,000,016f,016f,1,00,0005,0000
749,749,0,344ba49034520000,fc,0,0,016f,bbd0,0,0000,016f,0,016f,0000,1,1,0,0,0000,016f,0000,0000,0000,0000,0,016f,016f,0000,0,000,016f,016f,1,00,0005,0000
750,750,0,344ba49034520000,fc,0,0,016f,bbd0,0,0000,016f,0,016f,0000,1,1,0,0,0000,016f,0000,0000,0000,0000,0,016f,016f,0000,0,000,016f,016f,1,00,0005,0000
751,751,0,344ba49034520000,fc,0,0,016f,bbd0,0,0000,016f,0,016f,0000,1,1,0,0,0000,016f,0000,0000,0000,0000,0,016f,016f,0000,0,000,016f,016f,1,00,0005,0000
752,752,0,344ba49034520000,fc,0,0,016f,bbd0,0,0000,016f,0,016f,0000,1,1,0,0,0000,016f,0000,0000,0000,0000,0,016f,016f,0000,0,000,016f,016f,1,00,0005,0000
753,753,0,344ba49034520000,fc,0,0,016f,bbd0,0,0000,016f,0,016f,0000,1,1,0,0,0000,016f,0000,0000,0000,0000,0,016f,016f,0000,0,000,016f,016f,1,00,0005,0000
754,754,0,344ba49034520000,fc,0,0,016f,bbd0,0,0000,016f,0,016f,0000,1,1,0,0,0000,016f,0000,0000,0000,0000,0,016f,016f,0000,0,000,016f,016f,1,00,0005,0000
755,755,0,344ba49034520000,fc,0,0,016f,bbd0,0,0000,016f,0,016f,0000,1,1,0,0,0000,016f,0000,0000,0000,0000,0,016f,016f,0000,0,000,016f,016f,1,00,0005,0000
756,756,0,344ba49034520000,fc,0,0,016f,bbd0,0,0000,016f,0,016f,0000,1,1,0,0,0000,016f,0000,0000,0000,0000,0,016f,016f,0000,0,000,016f,016f,1,00,0005,0000
757,757,0,344ba49034520000,fc,0,0,016f,bbd0,0,0000,016f,0,016f,0000,1,1,0,0,0000,016f,0000,0000,0000,0000,0,016f,016f,0000,0,000,016f,016f,1,00,0005,0000
758,758,0,344ba49034520000,fc,0,0,016f,bbd0,0,0000,016f,0,016f,0000,1,1,0,0,0000,016f,0000,0000,0000,0000,0,016f,016f,0000,0,000,016f,016f,1,00,0005,0000
759,759,0,344ba49034520000,fc,0,0,016f,bbd0,0,0000,016f,0,016f,0000,1,1,0,0,0000,016f,0000,0000,0000,0000,0,016f,016f,0000,0,000,016f,016f,1,00,0005,0000
760,760,0,344ba49034520000,fc,0,0,016f,bbd0,0,0000,016f,0,016f,0000,1,1,0,0,0000,016f,0000,0000,0000,0000,0,016f,016f,0000,0,000,016f,016f,1,00,0005,0000
761,761,0,344ba49034520000,fc,0,0,016f,bbd0,0,0000,016f,0,016f,0000,1,1,0,0,0000,016f,0000,0000,0000,0000,0,016f,016f,0000,0,000,016f,016f,1,00,0005,0000
762,762,0,344ba49034520000,fc,0,0,016f,bbd0,0,0000,016f,0,016f,0000,1,1,0,0,0000,016f,0000,0000,0000,0000,0,016f,016f,0000,0,000,016f,016f,1,00,0005,0000
763,763,0,344ba49034520000,fc,0,0,016f,bbd0,0,0000,016f,0,016f,0000,1,1,0,0,0000,016f,0000,0000,0000,0000,0,016f,016f,0000,0,000,016f,016f,1,00,0005,0000
764,764,0,344ba49034520000,fc,0,0,016f,bbd0,0,0000,016f,0,016f,0000,1,1,0,0,0000,016f,0000,0000,0000,0000,0,016f,016f,0000,0,000,016f,016f,1,00,0005,0000
765,765,0,344ba49034520000,fc,0,0,016f,bbd0,0,0000,016f,0,016f,0000,1,1,0,0,0000,016f,0000,0000,0000,0000,0,016f,016f,0000,0,000,016f,016f,1,00,0005,0000
766,766,0,344ba49034520000,fc,0,0,016f,bbd0,0,0000,016f,0,016f,0000,1,1,0,0,0000,016f,0000,0000,0000,0000,0,016f,016f,0000,0,000,016f,016f,1,00,0005,0000
767,767,0,344ba49034520000,fc,0,0,016f,bbd0,0,0000,016f,0,016f,0000,1,1,0,0,0000,016f,0000,0000,0000,0000,0,016f,016f,0000,0,000,016f,016f,1,00,0005,0000
768,768,0,344ba49034520000,fc,0,0,016f,bbd0,0,0000,016f,0,016f,0000,1,1,0,0,0000,016f,0000,0000,0000,0000,0,016f,016f,0000,0,000,016f,016f,1,00,0005,0000
769,769,0,344ba49034520000,fc,0,0,016f,bbd0,0,0000,016f,0,016f,0000,1,1,0,0,0000,016f,0000,0000,0000,0000,0,016f,016f,0000,0,000,016f,016f,1,00,0005,0000
770,770,0,344ba49034520000,fc,0,0,016f,bbd0,0,0000,016f,0,016f,0000,1,1,0,0,0000,016f,0000,0000,0000,0000,0,016f,016f,0000,0,000,016f,016f,1,00,0005,0000
771,771,0,344ba49034520000,fc,0,0,016f,bbd0,0,0000,016f,0,016f,0000,1,1,0,0,0000,016f,0000,0000,0000,0000,0,016f,016f,0000,0,000,016f,016f,1,00,0005,0000
772,772,0,344ba49034520000,fc,0,0,016f,bbd0,0,0000,016f,0,016f,0000,1,1,0,0,0000,016f,0000,0000,0000,0000,0,016f,016f,0000,0,000,016f,016f,1,00,0005,0000
773,773,0,344ba49034520000,fc,0,0,016f,bbd0,0,0000,016f,0,016f,0000,1,1,0,0,0000,016f,0000,0000,0000,0000,0,016f,016f,0000,0,000,016f,016f,1,00,0005,0000
774,774,0,344ba49034520000,fc,0,0,016f,bbd0,0,0000,016f,0,016f,0000,1,1,0,0,0000,016f,0000,0000,0000,0000,0,016f,016f,0000,0,000,016f,016f,1,00,0005,0000
775,775,0,344ba49034520000,fc,0,0,016f,bbd0,0,0000,016f,0,016f,0000,1,1,0,0,0000,016f,0000,0000,0000,0000,0,016f,016f,0000,0,000,016f,016f,1,00,0005,0000
776,776,0,344ba49034520000,fc,0,0,016f,bbd0,0,0000,016f,0,016f,0000,1,1,0,0,0000,016f,0000,0000,0000,0000,0,016f,016f,0000,0,000,016f,016f,1,00,0005,0000
777,777,0,344ba49034520000,fc,0,0,016f,bbd0,0,0000,016f,0,016f,0000,1,1,0,0,0000,016f,0000,0000,0000,0000,0,016f,016f,0000,0,000,016f,016f,1,00,0005,0000
778,778,0,344ba49034520000,fc,0,0,016f,bbd0,0,0000,016f,0,016f,0000,1,1,0,0,0000,016f,0000,0000,0000,0000,0,016f,016f,0000,0,000,016f,016f,1,00,0005,0000
779,779,0,344ba49034520000,fc,0,0,016f,bbd0,0,0000,016f,0,016f,0000,1,1,0,0,0000,016f,0000,0000,0000,0000,0,016f,016f,0000,0,000,016f,016f,1,00,0005,0000
780,780,0,344ba49034520000,fc,0,0,016f,bbd0,0,0000,016f,0,016f,0000,1,1,0,0,0000,016f,0000,0000,0000,0000,0,016f,016f,0000,0,000,016f,016f,1,00,0005,0000
781,781,0,344ba49034520000,fc,0,0,016f,bbd0,0,0000,016f,0,016f,0000,1,1,0,0,0000,016f,0000,0000,0000,0000,0,016f,016f,0000,0,000,016f,016f,1,00,0005,0000
782,782,0,344ba49034520000,fc,0,0,016f,bbd0,0,0000,016f,0,016f,0000,1,1,0,0,0000,016f,0000,0000,0000,0000,0,016f,016f,0000,0,000,016f,016f,1,00,0005,0000
783,783,0,344ba49034520000,fc,0,0,016f,bbd0,0,0000,016f,0,016f,0000,1,1,0,0,0000,016f,0000,0000,0000,0000,0,016f,016f,0000,0,000,016f,016f,1,00,0005,0000
784,784,0,344ba49034520000,fc,0,0,016f,bbd0,0,0000,016f,0,016f,0000,1,1,0,0,0000,016f,0000,0000,0000,0000,0,016f,016f,0000,0,000,016f,016f,1,00,0005,0000
785,785,0,344ba49034520000,fc,0,0,016f,bbd0,0,0000,016f,0,016f,0000,1,1,0,0,0000,016f,0000,0000,0000,0000,0,016f,016f,0000,0,000,016f,016f,1,00,0005,0000
786,786,0,344ba49034520000,fc,0,0,016f,bbd0,0,0000,016f,0,016f,0000,1,1,0,0,0000,016f,0000,0000,0000,0000,0,016f,016f,0000,0,000,016f,016f,1,00,0005,0000
787,787,0,344ba49034520000,fc,0,0,016f,bbd0,0,0000,016f,0,016f,0000,1,1,0,0,0000,016f,0000,0000,0000,0000,0,016f,016f,0000,0,000,016f,016f,1,00,0005,0000
788,788,0,344ba49034520000,fc,0,0,016f,bbd0,0,0000,016f,0,016f,0000,1,1,0,0,0000,016f,0000,0000,0000,0000,0,016f,016f,0000,0,000,016f,016f,1,00,0005,0000
789,789,0,344ba49034520000,fc,0,0,016f,bbd0,0,0000,016f,0,016f,0000,1,1,0,0,0000,016f,0000,0000,0000,0000,0,016f,016f,0000,0,000,016f,016f,1,00,0005,0000
790,790,0,344ba49034520000,fc,0,0,016f,bbd0,0,0000,016f,0,016f,0000,1,1,0,0,0000,016f,0000,0000,0000,0000,0,016f,016f,0000,0,000,016f,016f,1,00,0005,0000
791,791,0,344ba49034520000,fc,0,0,016f,bbd0,0,0000,016f,0,016f,0000,1,1,0,0,0000,016f,0000,0000,0000,0000,0,016f,016f,0000,0,000,016f,016f,1,00,0005,0000
792,792,0,344ba49034520000,fc,0,0,016f,bbd0,0,0000,016f,0,016f,0000,1,1,0,0,0000,016f,0000,0000,0000,0000,0,016f,016f,0000,0,000,016f,016f,1,00,0005,0000
793,793,0,344ba49034520000,fc,0,0,016f,bbd0,0,0000,016f,0,016f,0000,1,1,0,0,0000,016f,0000,0000,0000,0000,0,016f,016f,0000,0,000,016f,016f,1,00,0005,0000
794,794,0,344ba49034520000,fc,0,0,016f,bbd0,0,0000,016f,0,016f,0000,1,1,0,0,0000,016f,0000,0000,0000,0000,0,016f,016f,0000,0,000,016f,016f,1,00,0005,0000
795,795,0,344ba49034520000,fc,0,0,016f,bbd0,0,0000,016f,0,016f,0000,1,1,0,0,0000,016f,0000,0000,0000,0000,0,016f,016f,0000,0,000,016f,016f,1,00,0005,0000
796,796,0,344ba49034520000,fc,0,0,016f,bbd0,0,0000,016f,0,016f,0000,1,1,0,0,0000,016f,0000,0000,0000,0000,0,016f,016f,0000,0,000,016f,016f,1,00,0005,0000
797,797,0,344ba49034520000,fc,0,0,016f,bbd0,0,0000,016f,0,016f,0000,1,1,0,0,0000,016f,0000,0000,0000,0000,0,016f,016f,0000,0,000,016f,016f,1,00,0005,0000
798,798,0,344ba49034520000,fc,0,0,016f,bbd0,0,0000,016f,0,016f,0000,1,1,0,0,0000,016f,0000,0000,0000,0000,0,016f,016f,0000,0,000,016f,016f,1,00,0005,0000
799,799,0,344ba49034520000,fc,0,0,016f,bbd0,0,0000,016f,0,016f,0000,1,1,0,0,0000,016f,0000,0000,0000,0000,0,016f,016f,0000,0,000,016f,016f,1,00,0005,0000
800,800,0,344ba49034520000,fc,0,0,016f,bbd0,0,0000,016f,0,016f,0000,1,1,0,0,0000,016f,0000,0000,0000,0000,0,016f,016f,0000,0,000,016f,016f,1,00,0005,0000
801,801,0,344ba49034520000,fc,0,0,016f,bbd0,0,0000,016f,0,016f,0000,1,1,0,0,0000,016f,0000,0000,0000,0000,0,016f,016f,0000,0,000,016f,016f,1,00,0005,0000
802,802,0,344ba49034520000,fc,0,0,016f,bbd0,0,0000,016f,0,016f,0000,1,1,0,0,0000,016f,0000,0000,0000,0000,0,016f,016f,0000,0,000,016f,016f,1,00,0005,0000
803,803,0,344ba49034520000,fc,0,0,016f,bbd0,0,0000,016f,0,016f,0000,1,1,0,0,0000,016f,0000,0000,0000,0000,0,016f,016f,0000,0,000,016f,016f,1,00,0005,0000
804,804,0,344ba49034520000,fc,0,0,016f,bbd0,0,0000,016f,0,016f,0000,1,1,0,0,0000,016f,0000,0000,0000,0000,0,016f,016f,0000,0,000,016f,016f,1,00,0005,0000
805,805,0,344ba49034520000,fc,0,0,016f,bbd0,0,0000,016f,0,016f,0000,1,1,0,0,0000,016f,0000,0000,0000,0000,0,016f,016f,0000,0,000,016f,016f,1,00,0005,0000
806,806,0,344ba49034520000,fc,0,0,016f,bbd0,0,0000,016f,0,016f,0000,1,1,0,0,0000,016f,0000,0000,0000,0000,0,016f,016f,0000,0,000,016f,016f,1,00,0005,0000
807,807,0,344ba49034520000,fc,0,0,016f,bbd0,0,0000,016f,0,016f,0000,1,1,0,0,0000,016f,0000,0000,0000,0000,0,016f,016f,0000,0,000,016f,016f,1,00,0005,0000
808,808,0,344ba49034520000,fc,0,0,016f,bbd0,0,0000,016f,0,016f,0000,1,1,0,0,0000,016f,0000,0000,0000,0000,0,016f,016f,0000,0,000,016f,016f,1,00,0005,0000
809,809,0,344ba49034520000,fc,0,0,016f,bbd0,0,0000,016f,0,016f,0000,1,1,0,0,0000,016f,0000,0000,0000,0000,0,016f,016f,0000,0,000,016f,016f,1,00,0005,0000
810,810,0,344ba49034520000,fc,0,0,016f,bbd0,0,0000,016f,0,016f,0000,1,1,0,0,0000,016f,0000,0000,0000,0000,0,016f,016f,0000,0,000,016f,016f,1,00,0005,0000
811,811,0,344ba49034520000,fc,0,0,016f,bbd0,0,0000,016f,0,016f,0000,1,1,0,0,0000,016f,0000,0000,0000,0000,0,016f,016f,0000,0,000,016f,016f,1,00,0005,0000
812,812,0,344ba49034520000,fc,0,0,016f,bbd0,0,0000,016f,0,016f,0000,1,1,0,0,0000,016f,0000,0000,0000,0000,0,016f,016f,0000,0,000,016f,016f,1,00,0005,0000
813,813,0,344ba49034520000,fc,0,0,016f,bbd0,0,0000,016f,0,016f,0000,1,1,0,0,0000,016f,0000,0000,0000,0000,0,016f,016f,0000,0,000,016f,016f,1,00,0005,0000
814,814,0,344ba49034520000,fc,0,0,016f,bbd0,0,0000,016f,0,016f,0000,1,1,0,0,0000,016f,0000,0000,0000,0000,0,016f,016f,0000,0,000,016f,016f,1,00,0005,0000
815,815,0,344ba49034520000,fc,0,0,016f,bbd0,0,0000,016f,0,016f,0000,1,1,0,0,0000,016f,0000,0000,0000,0000,0,016f,016f,0000,0,000,016f,016f,1,00,0005,0000
816,816,0,344ba49034520000,fc,0,0,016f,bbd0,0,0000,016f,0,016f,0000,1,1,0,0,0000,016f,0000,0000,0000,0000,0,016f,016f,0000,0,000,016f,016f,1,00,0005,0000
817,817,0,344ba49034520000,fc,0,0,016f,bbd0,0,0000,016f,0,016f,0000,1,1,0,0,0000,016f,0000,0000,0000,0000,0,016f,016f,0000,0,000,016f,016f,1,00,0005,0000
818,818,0,344ba49034520000,fc,0,0,016f,bbd0,0,0000,016f,0,016f,0000,1,1,0,0,0000,016f,0000,0000,0000,0000,0,016f,016f,0000,0,000,016f,016f,1,00,0005,0000
819,819,0,344ba49034520000,fc,0,0,016f,bbd0,0,0000,016f,0,016f,0000,1,1,0,0,0000,016f,0000,0000,0000,0000,0,016f,016f,0000,0,000,016f,016f,1,00,0005,0000
820,820,0,344ba49034520000,fc,0,0,016f,bbd0,0,0000,016f,0,016f,0000,1,1,0,0,0000,016f,0000,0000,0000,0000,0,016f,016f,0000,0,000,016f,016f,1,00,0005,0000
821,821,0,344ba49034520000,fc,0,0,016f,bbd0,0,0000,016f,0,016f,0000,1,1,0,0,0000,016f,0000,0000,0000,0000,0,016f,016f,0000,0,000,016f,016f,1,00,0005,0000
822,822,0,344ba49034520000,fc,0,0,016f,bbd0,0,0000,016f,0,016f,0000,1,1,0,0,0000,016f,0000,0000,0000,0000,0,016f,016f,0000,0,000,016f,016f,1,00,0005,0000
823,823,0,344ba49034520000,fc,0,0,016f,bbd0,0,0000,016f,0,016f,0000,1,1,0,0,0000,016f,0000,0000,0000,0000,0,016f,016f,0000,0,000,016f,016f,1,00,0005,0000
824,824,0,344ba49034520000,fc,0,0,016f,bbd0,0,0000,016f,0,016f,0000,1,1,0,0,0000,016f,0000,0000,0000,0000,0,016f,016f,0000,0,000,016f,016f,1,00,0005,0000
825,825,0,344ba49034520000,fc,0,0,016f,bbd0,0,0000,016f,0,016f,0000,1,1,0,0,0000,016f,0000,0000,0000,0000,0,016f,016f,0000,0,000,016f,016f,1,00,0005,0000
826,826,0,344ba49034520000,fc,0,0,016f,bbd0,0,0000,016f,0,016f,0000,1,1,0,0,0000,016f,0000,0000,0000,0000,0,016f,016f,0000,0,000,016f,016f,1,00,0005,0000
827,827,0,344ba49034520000,fc,0,0,016f,bbd0,0,0000,016f,0,016f,0000,1,1,0,0,0000,016f,0000,0000,0000,0000,0,016f,016f,0000,0,000,016f,016f,1,00,0005,0000
828,828,0,344ba49034520000,fc,0,0,016f,bbd0,0,0000,016f,0,016f,0000,1,1,0,0,0000,016f,0000,0000,0000,0000,0,016f,016f,0000,0,000,016f,016f,1,00,0005,0000
829,829,0,344ba49034520000,fc,0,0,016f,bbd0,0,0000,016f,0,016f,0000,1,1,0,0,0000,016f,0000,0000,0000,0000,0,016f,016f,0000,0,000,016f,016f,1,00,0005,0000
830,830,0,344ba49034520000,fc,0,0,016f,bbd0,0,0000,016f,0,016f,0000,1,1,0,0,0000,016f,0000,0000,0000,0000,0,016f,016f,0000,0,000,016f,016f,1,00,0005,0000
831,831,0,344ba49034520000,fc,0,0,016f,bbd0,0,0000,016f,0,016f,0000,1,1,0,0,0000,016f,0000,0000,0000,0000,0,016f,016f,0000,0,000,016f,016f,1,00,0005,0000
832,832,0,344ba49034520000,fc,0,0,016f,bbd0,0,0000,016f,0,016f,0000,1,1,0,0,0000,016f,0000,0000,0000,0000,0,016f,016f,0000,0,000,016f,016f,1,00,0005,0000
833,833,0,344ba49034520000,fc,0,0,016f,bbd0,0,0000,016f,0,016f,0000,1,1,0,0,0000,016f,0000,0000,0000,0000,0,016f,016f,0000,0,000,016f,016f,1,00,0005,0000
834,834,0,344ba49034520000,fc,0,0,016f,bbd0,0,0000,016f,0,016f,0000,1,1,0,0,0000,016f,0000,0000,0000,0000,0,016f,016f,0000,0,000,016f,016f,1,00,0005,0000
835,835,0,344ba49034520000,fc,0,0,016f,bbd0,0,0000,016f,0,016f,0000,1,1,0,0,0000,016f,0000,0000,0000,0000,0,016f,016f,0000,0,000,016f,016f,1,00,0005,0000
836,836,0,344ba49034520000,fc,0,0,016f,bbd0,0,0000,016f,0,016f,0000,1,1,0,0,0000,016f,0000,0000,0000,0000,0,016f,016f,0000,0,000,016f,016f,1,00,0005,0000
837,837,0,344ba49034520000,fc,0,0,016f,bbd0,0,0000,016f,0,016f,0000,1,1,0,0,0000,016f,0000,0000,0000,0000,0,016f,016f,0000,0,000,016f,016f,1,00,0005,0000
838,838,0,344ba49034520000,fc,0,0,016f,bbd0,0,0000,016f,0,016f,0000,1,1,0,0,0000,016f,0000,0000,0000,0000,0,016f,016f,0000,0,000,016f,016f,1,00,0005,0000
839,839,0,344ba49034520000,fc,0,0,016f,bbd0,0,0000,016f,0,016f,0000,1,1,0,0,0000,016f,0000,0000,0000,0000,0,016f,016f,0000,0,000,016f,016f,1,00,0005,0000
840,840,0,344ba49034520000,fc,0,0,016f,bbd0,0,0000,016f,0,016f,0000,1,1,0,0,0000,016f,0000,0000,0000,0000,0,016f,016f,0000,0,000,016f,016f,1,00,0005,0000
841,841,0,344ba49034520000,fc,0,0,016f,bbd0,0,0000,016f,0,016f,0000,1,1,0,0,0000,016f,0000,0000,0000,0000,0,016f,016f,0000,0,000,016f,016f,1,00,0005,0000
842,842,0,344ba49034520000,fc,0,0,016f,bbd0,0,0000,016f,0,016f,0000,1,1,0,0,0000,016f,0000,0000,0000,0000,0,016f,016f,0000,0,000,016f,016f,1,00,0005,0000
843,843,0,344ba49034520000,fc,0,0,016f,bbd0,0,0000,016f,0,016f,0000,1,1,0,0,0000,016f,0000,0000,0000,0000,0,016f,016f,0000,0,000,016f,016f,1,00,0005,0000
844,844,0,344ba49034520000,fc,0,0,016f,bbd0,0,0000,016f,0,016f,0000,1,1,0,0,0000,016f,0000,0000,0000,0000,0,016f,016f,0000,0,000,016f,016f,1,00,0005,0000
845,845,0,344ba49034520000,fc,0,0,016f,bbd0,0,0000,016f,0,016f,0000,1,1,0,0,0000,016f,0000,0000,0000,0000,0,016f,016f,0000,0,000,016f,016f,1,00,0005,0000
846,846,0,344ba49034520000,fc,0,0,016f,bbd0,0,0000,016f,0,016f,0000,1,1,0,0,0000,016f,0000,0000,0000,0000,0,016f,016f,0000,0,000,016f,016f,1,00,0005,0000
847,847,0,344ba49034520000,fc,0,0,016f,bbd0,0,0000,016f,0,016f,0000,1,1,0,0,0000,016f,0000,0000,0000,0000,0,016f,016f,0000,0,000,016f,016f,1,00,0005,0000
848,848,0,344ba49034520000,fc,0,0,016f,bbd0,0,0000,016f,0,016f,0000,1,1,0,0,0000,016f,0000,0000,0000,0000,0,016f,016f,0000,0,000,016f,016f,1,00,0005,0000
849,849,0,344ba49034520000,fc,0,0,016f,bbd0,0,0000,016f,0,016f,0000,1,1,0,0,0000,016f,0000,0000,0000,0000,0,016f,016f,0000,0,000,016f,016f,1,00,0005,0000
850,850,0,344ba49034520000,fc,0,0,016f,bbd0,0,0000,016f,0,016f,0000,1,1,0,0,0000,016f,0000,0000,0000,0000,0,016f,016f,0000,0,000,016f,016f,1,00,0005,0000
851,851,0,344ba49034520000,fc,0,0,016f,bbd0,0,0000,016f,0,016f,0000,1,1,0,0,0000,016f,0000,0000,0000,0000,0,016f,016f,0000,0,000,016f,016f,1,00,0005,0000
852,852,0,344ba49034520000,fc,0,0,016f,bbd0,0,0000,016f,0,016f,0000,1,1,0,0,0000,016f,0000,0000,0000,0000,0,016f,016f,0000,0,000,016f,016f,1,00,0005,0000
853,853,0,344ba49034520000,fc,0,0,016f,bbd0,0,0000,016f,0,016f,0000,1,1,0,0,0000,016f,0000,0000,0000,0000,0,016f,016f,0000,0,000,016f,016f,1,00,0005,0000
854,854,0,344ba49034520000,fc,0,0,016f,bbd0,0,0000,016f,0,016f,0000,1,1,0,0,0000,016f,0000,0000,0000,0000,0,016f,016f,0000,0,000,016f,016f,1,00,0005,0000
855,855,0,344ba49034520000,fc,0,0,016f,bbd0,0,0000,016f,0,016f,0000,1,1,0,0,0000,016f,0000,0000,0000,0000,0,016f,016f,0000,0,000,016f,016f,1,00,0005,0000
856,856,0,344ba49034520000,fc,0,0,016f,bbd0,0,0000,016f,0,016f,0000,1,1,0,0,0000,016f,0000,0000,0000,0000,0,016f,016f,0000,0,000,016f,016f,1,00,0005,0000
857,857,0,344ba49034520000,fc,0,0,016f,bbd0,0,0000,016f,0,016f,0000,1,1,0,0,0000,016f,0000,0000,0000,0000,0,016f,016f,0000,0,000,016f,016f,1,00,0005,0000
858,858,0,344ba49034520000,fc,0,0,016f,bbd0,0,0000,016f,0,016f,0000,1,1,0,0,0000,016f,0000,0000,0000,0000,0,016f,016f,0000,0,000,016f,016f,1,00,0005,0000
859,859,0,344ba49034520000,fc,0,0,016f,bbd0,0,0000,016f,0,016f,0000,1,1,0,0,0000,016f,0000,0000,0000,0000,0,016f,016f,0000,0,000,016f,016f,1,00,0005,0000
860,860,0,344ba49034520000,fc,0,0,016f,bbd0,0,0000,016f,0,016f,0000,1,1,0,0,0000,016f,0000,0000,0000,0000,0,016f,016f,0000,0,000,016f,016f,1,00,0005,0000
861,861,0,344ba49034520000,fc,0,0,016f,bbd0,0,0000,016f,0,016f,0000,1,1,0,0,0000,016f,0000,0000,0000,0000,0,016f,016f,0000,0,000,016f,016f,1,00,0005,0000
862,862,0,344ba49034520000,fc,0,0,016f,bbd0,0,0000,016f,0,016f,0000,1,1,0,0,0000,016f,0000,0000,0000,0000,0,016f,016f,0000,0,000,016f,016f,1,00,0005,0000
863,863,0,344ba49034520000,fc,0,0,016f,bbd0,0,0000,016f,0,016f,0000,1,1,0,0,0000,016f,0000,0000,0000,0000,0,016f,016f,0000,0,000,016f,016f,1,00,0005,0000
864,864,0,344ba49034520000,fc,0,0,016f,bbd0,0,0000,016f,0,016f,0000,1,1,0,0,0000,016f,0000,0000,0000,0000,0,016f,016f,0000,0,000,016f,016f,1,00,0005,0000
865,865,0,344ba49034520000,fc,0,0,016f,bbd0,0,0000,016f,0,016f,0000,1,1,0,0,0000,016f,0000,0000,0000,0000,0,016f,016f,0000,0,000,016f,016f,1,00,0005,0000
866,866,0,344ba49034520000,fc,0,0,016f,bbd0,0,0000,016f,0,016f,0000,1,1,0,0,0000,016f,0000,0000,0000,0000,0,016f,016f,0000,0,000,016f,016f,1,00,0005,0000
867,867,0,344ba49034520000,fc,0,0,016f,bbd0,0,0000,016f,0,016f,0000,1,1,0,0,0000,016f,0000,0000,0000,0000,0,016f,016f,0000,0,000,016f,016f,1,00,0005,0000
868,868,0,344ba49034520000,fc,0,0,016f,bbd0,0,0000,016f,0,016f,0000,1,1,0,0,0000,016f,0000,0000,0000,0000,0,016f,016f,0000,0,000,016f,016f,1,00,0005,0000
869,869,0,344ba49034520000,fc,0,0,016f,bbd0,0,0000,016f,0,016f,0000,1,1,0,0,0000,016f,0000,0000,0000,0000,0,016f,016f,0000,0,000,016f,016f,1,00,0005,0000
870,870,0,344ba49034520000,fc,0,0,016f,bbd0,0,0000,016f,0,016f,0000,1,1,0,0,0000,016f,0000,0000,0000,0000,0,016f,016f,0000,0,000,016f,016f,1,00,0005,0000
871,871,0,344ba49034520000,fc,0,0,016f,bbd0,0,0000,016f,0,016f,0000,1,1,0,0,0000,016f,0000,0000,0000,0000,0,016f,016f,0000,0,000,016f,016f,1,00,0005,0000
872,872,0,344ba49034520000,fc,0,0,016f,bbd0,0,0000,016f,0,016f,0000,1,1,0,0,0000,016f,0000,0000,0000,0000,0,016f,016f,0000,0,000,016f,016f,1,00,0005,0000
873,873,0,344ba49034520000,fc,0,0,016f,bbd0,0,0000,016f,0,016f,0000,1,1,0,0,0000,016f,0000,0000,0000,0000,0,016f,016f,0000,0,000,016f,016f,1,00,0005,0000
874,874,0,344ba49034520000,fc,0,0,016f,bbd0,0,0000,016f,0,016f,0000,1,1,0,0,0000,016f,0000,0000,0000,0000,0,016f,016f,0000,0,000,016f,016f,1,00,0005,0000
875,875,0,344ba49034520000,fc,0,0,016f,bbd0,0,0000,016f,0,016f,0000,1,1,0,0,0000,016f,0000,0000,0000,0000,0,016f,016f,0000,0,000,016f,016f,1,00,0005,0000
876,876,0,344ba49034520000,fc,0,0,016f,bbd0,0,0000,016f,0,016f,0000,1,1,0,0,0000,016f,0000,0000,0000,0000,0,016f,016f,0000,0,000,016f,016f,1,00,0005,0000
877,877,0,344ba49034520000,fc,0,0,016f,bbd0,0,0000,016f,0,016f,0000,1,1,0,0,0000,016f,0000,0000,0000,0000,0,016f,016f,0000,0,000,016f,016f,1,00,0005,0000
878,878,0,344ba49034520000,fc,0,0,016f,bbd0,0,0000,016f,0,016f,0000,1,1,0,0,0000,016f,0000,0000,0000,0000,0,016f,016f,0000,0,000,016f,016f,1,00,0005,0000
879,879,0,344ba49034520000,fc,0,0,016f,bbd0,0,0000,016f,0,016f,0000,1,1,0,0,0000,016f,0000,0000,0000,0000,0,016f,016f,0000,0,000,016f,016f,1,00,0005,0000
880,880,0,344ba49034520000,fc,0,0,016f,bbd0,0,0000,016f,0,016f,0000,1,1,0,0,0000,016f,0000,0000,0000,0000,0,016f,016f,0000,0,000,016f,016f,1,00,0005,0000
881,881,0,344ba49034520000,fc,0,0,016f,bbd0,0,0000,016f,0,016f,0000,1,1,0,0,0000,016f,0000,0000,0000,0000,0,016f,016f,0000,0,000,016f,016f,1,00,0005,0000
882,882,0,344ba49034520000,fc,0,0,016f,bbd0,0,0000,016f,0,016f,0000,1,1,0,0,0000,016f,0000,0000,0000,0000,0,016f,016f,0000,0,000,016f,016f,1,00,0005,0000
883,883,0,344ba49034520000,fc,0,0,016f,bbd0,0,0000,016f,0,016f,0000,1,1,0,0,0000,016f,0000,0000,0000,0000,0,016f,016f,0000,0,000,016f,016f,1,00,0005,0000
884,884,0,344ba49034520000,fc,0,0,016f,bbd0,0,0000,016f,0,016f,0000,1,1,0,0,0000,016f,0000,0000,0000,0000,0,016f,016f,0000,0,000,016f,016f,1,00,0005,0000
885,885,0,344ba49034520000,fc,0,0,016f,bbd0,0,0000,016f,0,016f,0000,1,1,0,0,0000,016f,0000,0000,0000,0000,0,016f,016f,0000,0,000,016f,016f,1,00,0005,0000
886,886,0,344ba49034520000,fc,0,0,016f,bbd0,0,0000,016f,0,016f,0000,1,1,0,0,0000,016f,0000,0000,0000,0000,0,016f,016f,0000,0,000,016f,016f,1,00,0005,0000
887,887,0,344ba49034520000,fc,0,0,016f,bbd0,0,0000,016f,0,016f,0000,1,1,0,0,0000,016f,0000,0000,0000,0000,0,016f,016f,0000,0,000,016f,016f,1,00,0005,0000
888,888,0,344ba49034520000,fc,0,0,016f,bbd0,0,0000,016f,0,016f,0000,1,1,0,0,0000,016f,0000,0000,0000,0000,0,016f,016f,0000,0,000,016f,016f,1,00,0005,0000
889,889,0,344ba49034520000,fc,0,0,016f,bbd0,0,0000,016f,0,016f,0000,1,1,0,0,0000,016f,0000,0000,0000,0000,0,016f,016f,0000,0,000,016f,016f,1,00,0005,0000
890,890,0,344ba49034520000,fc,0,0,016f,bbd0,0,0000,016f,0,016f,0000,1,1,0,0,0000,016f,0000,0000,0000,0000,0,016f,016f,0000,0,000,016f,016f,1,00,0005,0000
891,891,0,344ba49034520000,fc,0,0,016f,bbd0,0,0000,016f,0,016f,0000,1,1,0,0,0000,016f,0000,0000,0000,0000,0,016f,016f,0000,0,000,016f,016f,1,00,0005,0000
892,892,0,344ba49034520000,fc,0,0,016f,bbd0,0,0000,016f,0,016f,0000,1,1,0,0,0000,016f,0000,0000,0000,0000,0,016f,016f,0000,0,000,016f,016f,1,00,0005,0000
893,893,0,344ba49034520000,fc,0,0,016f,bbd0,0,0000,016f,0,016f,0000,1,1,0,0,0000,016f,0000,0000,0000,0000,0,016f,016f,0000,0,000,016f,016f,1,00,0005,0000
894,894,0,344ba49034520000,fc,0,0,016f,bbd0,0,0000,016f,0,016f,0000,1,1,0,0,0000,016f,0000,0000,0000,0000,0,016f,016f,0000,0,000,016f,016f,1,00,0005,0000
895,895,0,344ba49034520000,fc,0,0,016f,bbd0,0,0000,016f,0,016f,0000,1,1,0,0,0000,016f,0000,0000,0000,0000,0,016f,016f,0000,0,000,016f,016f,1,00,0005,0000
896,896,0,344ba49034520000,fc,0,0,016f,bbd0,0,0000,016f,0,016f,0000,1,1,0,0,0000,016f,0000,0000,0000,0000,0,016f,016f,0000,0,000,016f,016f,1,00,0005,0000
897,897,0,344ba49034520000,fc,0,0,016f,bbd0,0,0000,016f,0,016f,0000,1,1,0,0,0000,016f,0000,0000,0000,0000,0,016f,016f,0000,0,000,016f,016f,1,00,0005,0000
898,898,0,344ba49034520000,fc,0,0,016f,bbd0,0,0000,016f,0,016f,0000,1,1,0,0,0000,016f,0000,0000,0000,0000,0,016f,016f,0000,0,000,016f,016f,1,00,0005,0000
899,899,0,344ba49034520000,fc,0,0,016f,bbd0,0,0000,016f,0,016f,0000,1,1,0,0,0000,016f,0000,0000,0000,0000,0,016f,016f,0000,0,000,016f,016f,1,00,0005,0000
900,900,0,344ba49034520000,fc,0,0,016f,bbd0,0,0000,016f,0,016f,0000,1,1,0,0,0000,016f,0000,0000,0000,0000,0,016f,016f,0000,0,000,016f,016f,1,00,0005,0000
901,901,0,344ba49034520000,fc,0,0,016f,bbd0,0,0000,016f,0,016f,0000,1,1,0,0,0000,016f,0000,0000,0000,0000,0,016f,016f,0000,0,000,016f,016f,1,00,0005,0000
902,902,0,344ba49034520000,fc,0,0,016f,bbd0,0,0000,016f,0,016f,0000,1,1,0,0,0000,016f,0000,0000,0000,0000,0,016f,016f,0000,0,000,016f,016f,1,00,0005,0000
903,903,0,344ba49034520000,fc,0,0,016f,bbd0,0,0000,016f,0,016f,0000,1,1,0,0,0000,016f,0000,0000,0000,0000,0,016f,016f,0000,0,000,016f,016f,1,00,0005,0000
904,904,0,344ba49034520000,fc,0,0,016f,bbd0,0,0000,016f,0,016f,0000,1,1,0,0,0000,016f,0000,0000,0000,0000,0,016f,016f,0000,0,000,016f,016f,1,00,0005,0000
905,905,0,344ba49034520000,fc,0,0,016f,bbd0,0,0000,016f,0,016f,0000,1,1,0,0,0000,016f,0000,0000,0000,0000,0,016f,016f,0000,0,000,016f,016f,1,00,0005,0000
906,906,0,344ba49034520000,fc,0,0,016f,bbd0,0,0000,016f,0,016f,0000,1,1,0,0,0000,016f,0000,0000,0000,0000,0,016f,016f,0000,0,000,016f,016f,1,00,0005,0000
907,907,0,344ba49034520000,fc,0,0,016f,bbd0,0,0000,016f,0,016f,0000,1,1,0,0,0000,016f,0000,0000,0000,0000,0,016f,016f,0000,0,000,016f,016f,1,00,0005,0000
908,908,0,344ba49034520000,fc,0,0,016f,bbd0,0,0000,016f,0,016f,0000,1,1,0,0,0000,016f,0000,0000,0000,0000,0,016f,016f,0000,0,000,016f,016f,1,00,0005,0000
909,909,0,344ba49034520000,fc,0,0,016f,bbd0,0,0000,016f,0,016f,0000,1,1,0,0,0000,016f,0000,0000,0000,0000,0,016f,016f,0000,0,000,016f,016f,1,00,0005,0000
910,910,0,344ba49034520000,fc,0,0,016f,bbd0,0,0000,016f,0,016f,0000,1,1,0,0,0000,016f,0000,0000,0000,0000,0,016f,016f,0000,0,000,016f,016f,1,00,0005,0000
911,911,0,344ba49034520000,fc,0,0,016f,bbd0,0,0000,016f,0,016f,0000,1,1,0,0,0000,016f,0000,0000,0000,0000,0,016f,016f,0000,0,000,016f,016f,1,00,0005,0000
912,912,0,344ba49034520000,fc,0,0,016f,bbd0,0,0000,016f,0,016f,0000,1,1,0,0,0000,016f,0000,0000,0000,0000,0,016f,016f,0000,0,000,016f,016f,1,00,0005,0000
913,913,0,344ba49034520000,fc,0,0,016f,bbd0,0,0000,016f,0,016f,0000,1,1,0,0,0000,016f,0000,0000,0000,0000,0,016f,016f,0000,0,000,016f,016f,1,00,0005,0000
914,914,0,344ba49034520000,fc,0,0,016f,bbd0,0,0000,016f,0,016f,0000,1,1,0,0,0000,016f,0000,0000,0000,0000,0,016f,016f,0000,0,000,016f,016f,1,00,0005,0000
915,915,0,344ba49034520000,fc,0,0,016f,bbd0,0,0000,016f,0,016f,0000,1,1,0,0,0000,016f,0000,0000,0000,0000,0,016f,016f,0000,0,000,016f,016f,1,00,0005,0000
916,916,0,344ba49034520000,fc,0,0,016f,bbd0,0,0000,016f,0,016f,0000,1,1,0,0,0000,016f,0000,0000,0000,0000,0,016f,016f,0000,0,000,016f,016f,1,00,0005,0000
917,917,0,344ba49034520000,fc,0,0,016f,bbd0,0,0000,016f,0,016f,0000,1,1,0,0,0000,016f,0000,0000,0000,0000,0,016f,016f,0000,0,000,016f,016f,1,00,0005,0000
918,918,0,344ba49034520000,fc,0,0,016f,bbd0,0,0000,016f,0,016f,0000,1,1,0,0,0000,016f,0000,0000,0000,0000,0,016f,016f,0000,0,000,016f,016f,1,00,0005,0000
919,919,0,344ba49034520000,fc,0,0,016f,bbd0,0,0000,016f,0,016f,0000,1,1,0,0,0000,016f,0000,0000,0000,0000,0,016f,016f,0000,0,000,016f,016f,1,00,0005,0000
920,920,0,344ba49034520000,fc,0,0,016f,bbd0,0,0000,016f,0,016f,0000,1,1,0,0,0000,016f,0000,0000,0000,0000,0,016f,016f,0000,0,000,016f,016f,1,00,0005,0000
921,921,0,344ba49034520000,fc,0,0,016f,bbd0,0,0000,016f,0,016f,0000,1,1,0,0,0000,016f,0000,0000,0000,0000,0,016f,016f,0000,0,000,016f,016f,1,00,0005,0000
922,922,0,344ba49034520000,fc,0,0,016f,bbd0,0,0000,016f,0,016f,0000,1,1,0,0,0000,016f,0000,0000,0000,0000,0,016f,016f,0000,0,000,016f,016f,1,00,0005,0000
923,923,0,344ba49034520000,fc,0,0,016f,bbd0,0,0000,016f,0,016f,0000,1,1,0,0,0000,016f,0000,0000,0000,0000,0,016f,016f,0000,0,000,016f,016f,1,00,0005,0000
924,924,0,344ba49034520000,fc,0,0,016f,bbd0,0,0000,016f,0,016f,0000,1,1,0,0,0000,016f,0000,0000,0000,0000,0,016f,016f,0000,0,000,016f,016f,1,00,0005,0000
925,925,0,344ba49034520000,fc,0,0,016f,bbd0,0,0000,016f,0,016f,0000,1,1,0,0,0000,016f,0000,0000,0000,0000,0,016f,016f,0000,0,000,016f,016f,1,00,0005,0000
926,926,0,344ba49034520000,fc,0,0,016f,bbd0,0,0000,016f,0,016f,0000,1,1,0,0,0000,016f,0000,0000,0000,0000,0,016f,016f,0000,0,000,016f,016f,1,00,0005,0000
927,927,0,344ba49034520000,fc,0,0,016f,bbd0,0,0000,016f,0,016f,0000,1,1,0,0,0000,016f,0000,0000,0000,0000,0,016f,016f,0000,0,000,016f,016f,1,00,0005,0000
928,928,0,344ba49034520000,fc,0,0,016f,bbd0,0,0000,016f,0,016f,0000,1,1,0,0,0000,016f,0000,0000,0000,0000,0,016f,016f,0000,0,000,016f,016f,1,00,0005,0000
929,929,0,344ba49034520000,fc,0,0,016f,bbd0,0,0000,016f,0,016f,0000,1,1,0,0,0000,016f,0000,0000,0000,0000,0,016f,016f,0000,0,000,016f,016f,1,00,0005,0000
930,930,0,344ba49034520000,fc,0,0,016f,bbd0,0,0000,016f,0,016f,0000,1,1,0,0,0000,016f,0000,0000,0000,0000,0,016f,016f,0000,0,000,016f,016f,1,00,0005,0000
931,931,0,344ba49034520000,fc,0,0,016f,bbd0,0,0000,016f,0,016f,0000,1,1,0,0,0000,016f,0000,0000,0000,0000,0,016f,016f,0000,0,000,016f,016f,1,00,0005,0000
932,932,0,344ba49034520000,fc,0,0,016f,bbd0,0,0000,016f,0,016f,0000,1,1,0,0,0000,016f,0000,0000,0000,0000,0,016f,016f,0000,0,000,016f,016f,1,00,0005,0000
933,933,0,344ba49034520000,fc,0,0,016f,bbd0,0,0000,016f,0,016f,0000,1,1,0,0,0000,016f,0000,0000,0000,0000,0,016f,016f,0000,0,000,016f,016f,1,00,0005,0000
934,934,0,344ba49034520000,fc,0,0,016f,bbd0,0,0000,016f,0,016f,0000,1,1,0,0,0000,016f,0000,0000,0000,0000,0,016f,016f,0000,0,000,016f,016f,1,00,0005,0000
935,935,0,344ba49034520000,fc,0,0,016f,bbd0,0,0000,016f,0,016f,0000,1,1,0,0,0000,016f,0000,0000,0000,0000,0,016f,016f,0000,0,000,016f,016f,1,00,0005,0000
936,936,0,344ba49034520000,fc,0,0,016f,bbd0,0,0000,016f,0,016f,0000,1,1,0,0,0000,016f,0000,0000,0000,0000,0,016f,016f,0000,0,000,016f,016f,1,00,0005,0000
937,937,0,344ba49034520000,fc,0,0,016f,bbd0,0,0000,016f,0,016f,0000,1,1,0,0,0000,016f,0000,0000,0000,0000,0,016f,016f,0000,0,000,016f,016f,1,00,0005,0000
938,938,0,344ba49034520000,fc,0,0,016f,bbd0,0,0000,016f,0,016f,0000,1,1,0,0,0000,016f,0000,0000,0000,0000,0,016f,016f,0000,0,000,016f,016f,1,00,0005,0000
939,939,0,344ba49034520000,fc,0,0,016f,bbd0,0,0000,016f,0,016f,0000,1,1,0,0,0000,016f,0000,0000,0000,0000,0,016f,016f,0000,0,000,016f,016f,1,00,0005,0000
940,940,0,344ba49034520000,fc,0,0,016f,bbd0,0,0000,016f,0,016f,0000,1,1,0,0,0000,016f,0000,0000,0000,0000,0,016f,016f,0000,0,000,016f,016f,1,00,0005,0000
941,941,0,344ba49034520000,fc,0,0,016f,bbd0,0,0000,016f,0,016f,0000,1,1,0,0,0000,016f,0000,0000,0000,0000,0,016f,016f,0000,0,000,016f,016f,1,00,0005,0000
942,942,0,344ba49034520000,fc,0,0,016f,bbd0,0,0000,016f,0,016f,0000,1,1,0,0,0000,016f,0000,0000,0000,0000,0,016f,016f,0000,0,000,016f,016f,1,00,0005,0000
943,943,0,344ba49034520000,fc,0,0,016f,bbd0,0,0000,016f,0,016f,0000,1,1,0,0,0000,016f,0000,0000,0000,0000,0,016f,016f,0000,0,000,016f,016f,1,00,0005,0000
944,944,0,344ba49034520000,fc,0,0,016f,bbd0,0,0000,016f,0,016f,0000,1,1,0,0,0000,016f,0000,0000,0000,0000,0,016f,016f,0000,0,000,016f,016f,1,00,0005,0000
945,945,0,344ba49034520000,fc,0,0,016f,bbd0,0,0000,016f,0,016f,0000,1,1,0,0,0000,016f,0000,0000,0000,0000,0,016f,016f,0000,0,000,016f,016f,1,00,0005,0000
946,946,0,344ba49034520000,fc,0,0,016f,bbd0,0,0000,016f,0,016f,0000,1,1,0,0,0000,016f,0000,0000,0000,0000,0,016f,016f,0000,0,000,016f,016f,1,00,0005,0000
947,947,0,344ba49034520000,fc,0,0,016f,bbd0,0,0000,016f,0,016f,0000,1,1,0,0,0000,016f,0000,0000,0000,0000,0,016f,016f,0000,0,000,016f,016f,1,00,0005,0000
948,948,0,344ba49034520000,fc,0,0,016f,bbd0,0,0000,016f,0,016f,0000,1,1,0,0,0000,016f,0000,0000,0000,0000,0,016f,016f,0000,0,000,016f,016f,1,00,0005,0000
949,949,0,344ba49034520000,fc,0,0,016f,bbd0,0,0000,016f,0,016f,0000,1,1,0,0,0000,016f,0000,0000,0000,0000,0,016f,016f,0000,0,000,016f,016f,1,00,0005,0000
950,950,0,344ba49034520000,fc,0,0,016f,bbd0,0,0000,016f,0,016f,0000,1,1,0,0,0000,016f,0000,0000,0000,0000,0,016f,016f,0000,0,000,016f,016f,1,00,0005,0000
951,951,0,344ba49034520000,fc,0,0,016f,bbd0,0,0000,016f,0,016f,0000,1,1,0,0,0000,016f,0000,0000,0000,0000,0,016f,016f,0000,0,000,016f,016f,1,00,0005,0000
952,952,0,344ba49034520000,fc,0,0,016f,bbd0,0,0000,016f,0,016f,0000,1,1,0,0,0000,016f,0000,0000,0000,0000,0,016f,016f,0000,0,000,016f,016f,1,00,0005,0000
953,953,0,344ba49034520000,fc,0,0,016f,bbd0,0,0000,016f,0,016f,0000,1,1,0,0,0000,016f,0000,0000,0000,0000,0,016f,016f,0000,0,000,016f,016f,1,00,0005,0000
954,954,0,344ba49034520000,fc,0,0,016f,bbd0,0,0000,016f,0,016f,0000,1,1,0,0,0000,016f,0000,0000,0000,0000,0,016f,016f,0000,0,000,016f,016f,1,00,0005,0000
955,955,0,344ba49034520000,fc,0,0,016f,bbd0,0,0000,016f,0,016f,0000,1,1,0,0,0000,016f,0000,0000,0000,0000,0,016f,016f,0000,0,000,016f,016f,1,00,0005,0000
956,956,0,344ba49034520000,fc,0,0,016f,bbd0,0,0000,016f,0,016f,0000,1,1,0,0,0000,016f,0000,0000,0000,0000,0,016f,016f,0000,0,000,016f,016f,1,00,0005,0000
957,957,0,344ba49034520000,fc,0,0,016f,bbd0,0,0000,016f,0,016f,0000,1,1,0,0,0000,016f,0000,0000,0000,0000,0,016f,016f,0000,0,000,016f,016f,1,00,0005,0000
958,958,0,344ba49034520000,fc,0,0,016f,bbd0,0,0000,016f,0,016f,0000,1,1,0,0,0000,016f,0000,0000,0000,0000,0,016f,016f,0000,0,000,016f,016f,1,00,0005,0000
959,959,0,344ba49034520000,fc,0,0,016f,bbd0,0,0000,016f,0,016f,0000,1,1,0,0,0000,016f,0000,0000,0000,0000,0,016f,016f,0000,0,000,016f,016f,1,00,0005,0000
960,960,0,344ba49034520000,fc,0,0,016f,bbd0,0,0000,016f,0,016f,0000,1,1,0,0,0000,016f,0000,0000,0000,0000,0,016f,016f,0000,0,000,016f,016f,1,00,0005,0000
961,961,0,344ba49034520000,fc,0,0,016f,bbd0,0,0000,016f,0,016f,0000,1,1,0,0,0000,016f,0000,0000,0000,0000,0,016f,016f,0000,0,000,016f,016f,1,00,0005,0000
962,962,0,344ba49034520000,fc,0,0,016f,bbd0,0,0000,016f,0,016f,0000,1,1,0,0,0000,016f,0000,0000,0000,0000,0,016f,016f,0000,0,000,016f,016f,1,00,0005,0000
963,963,0,344ba49034520000,fc,0,0,016f,bbd0,0,0000,016f,0,016f,0000,1,1,0,0,0000,016f,0000,0000,0000,0000,0,016f,016f,0000,0,000,016f,016f,1,00,0005,0000
964,964,0,344ba49034520000,fc,0,0,016f,bbd0,0,0000,016f,0,016f,0000,1,1,0,0,0000,016f,0000,0000,0000,0000,0,016f,016f,0000,0,000,016f,016f,1,00,0005,0000
965,965,0,344ba49034520000,fc,0,0,016f,bbd0,0,0000,016f,0,016f,0000,1,1,0,0,0000,016f,0000,0000,0000,0000,0,016f,016f,0000,0,000,016f,016f,1,00,0005,0000
966,966,0,344ba49034520000,fc,0,0,016f,bbd0,0,0000,016f,0,016f,0000,1,1,0,0,0000,016f,0000,0000,0000,0000,0,016f,016f,0000,0,000,016f,016f,1,00,0005,0000
967,967,0,344ba49034520000,fc,0,0,016f,bbd0,0,0000,016f,0,016f,0000,1,1,0,0,0000,016f,0000,0000,0000,0000,0,016f,016f,0000,0,000,016f,016f,1,00,0005,0000
968,968,0,344ba49034520000,fc,0,0,016f,bbd0,0,0000,016f,0,016f,0000,1,1,0,0,0000,016f,0000,0000,0000,0000,0,016f,016f,0000,0,000,016f,016f,1,00,0005,0000
969,969,0,344ba49034520000,fc,0,0,016f,bbd0,0,0000,016f,0,016f,0000,1,1,0,0,0000,016f,0000,0000,0000,0000,0,016f,016f,0000,0,000,016f,016f,1,00,0005,0000
970,970,0,344ba49034520000,fc,0,0,016f,bbd0,0,0000,016f,0,016f,0000,1,1,0,0,0000,016f,0000,0000,0000,0000,0,016f,016f,0000,0,000,016f,016f,1,00,0005,0000
971,971,0,344ba49034520000,fc,0,0,016f,bbd0,0,0000,016f,0,016f,0000,1,1,0,0,0000,016f,0000,0000,0000,0000,0,016f,016f,0000,0,000,016f,016f,1,00,0005,0000
972,972,0,344ba49034520000,fc,0,0,016f,bbd0,0,0000,016f,0,016f,0000,1,1,0,0,0000,016f,0000,0000,0000,0000,0,016f,016f,0000,0,000,016f,016f,1,00,0005,0000
973,973,0,344ba49034520000,fc,0,0,016f,bbd0,0,0000,016f,0,016f,0000,1,1,0,0,0000,016f,0000,0000,0000,0000,0,016f,016f,0000,0,000,016f,016f,1,00,0005,0000
974,974,0,344ba49034520000,fc,0,0,016f,bbd0,0,0000,016f,0,016f,0000,1,1,0,0,0000,016f,0000,0000,0000,0000,0,016f,016f,0000,0,000,016f,016f,1,00,0005,0000
975,975,0,344ba49034520000,fc,0,0,016f,bbd0,0,0000,016f,0,016f,0000,1,1,0,0,0000,016f,0000,0000,0000,0000,0,016f,016f,0000,0,000,016f,016f,1,00,0005,0000
976,976,0,344ba49034520000,fc,0,0,016f,bbd0,0,0000,016f,0,016f,0000,1,1,0,0,0000,016f,0000,0000,0000,0000,0,016f,016f,0000,0,000,016f,016f,1,00,0005,0000
977,977,0,344ba49034520000,fc,0,0,016f,bbd0,0,0000,016f,0,016f,0000,1,1,0,0,0000,016f,0000,0000,0000,0000,0,016f,016f,0000,0,000,016f,016f,1,00,0005,0000
978,978,0,344ba49034520000,fc,0,0,016f,bbd0,0,0000,016f,0,016f,0000,1,1,0,0,0000,016f,0000,0000,0000,0000,0,016f,016f,0000,0,000,016f,016f,1,00,0005,0000
979,979,0,344ba49034520000,fc,0,0,016f,bbd0,0,0000,016f,0,016f,0000,1,1,0,0,0000,016f,0000,0000,0000,0000,0,016f,016f,0000,0,000,016f,016f,1,00,0005,0000
980,980,0,344ba49034520000,fc,0,0,016f,bbd0,0,0000,016f,0,016f,0000,1,1,0,0,0000,016f,0000,0000,0000,0000,0,016f,016f,0000,0,000,016f,016f,1,00,0005,0000
981,981,0,344ba49034520000,fc,0,0,016f,bbd0,0,0000,016f,0,016f,0000,1,1,0,0,0000,016f,0000,0000,0000,0000,0,016f,016f,0000,0,000,016f,016f,1,00,0005,0000
982,982,0,344ba49034520000,fc,0,0,016f,bbd0,0,0000,016f,0,016f,0000,1,1,0,0,0000,016f,0000,0000,0000,0000,0,016f,016f,0000,0,000,016f,016f,1,00,0005,0000
983,983,0,344ba49034520000,fc,0,0,016f,bbd0,0,0000,016f,0,016f,0000,1,1,0,0,0000,016f,0000,0000,0000,0000,0,016f,016f,0000,0,000,016f,016f,1,00,0005,0000
984,984,0,344ba49034520000,fc,0,0,016f,bbd0,0,0000,016f,0,016f,0000,1,1,0,0,0000,016f,0000,0000,0000,0000,0,016f,016f,0000,0,000,016f,016f,1,00,0005,0000
985,985,0,344ba49034520000,fc,0,0,016f,bbd0,0,0000,016f,0,016f,0000,1,1,0,0,0000,016f,0000,0000,0000,0000,0,016f,016f,0000,0,000,016f,016f,1,00,0005,0000
986,986,0,344ba49034520000,fc,0,0,016f,bbd0,0,0000,016f,0,016f,0000,1,1,0,0,0000,016f,0000,0000,0000,0000,0,016f,016f,0000,0,000,016f,016f,1,00,0005,0000
987,987,0,344ba49034520000,fc,0,0,016f,bbd0,0,0000,016f,0,016f,0000,1,1,0,0,0000,016f,0000,0000,0000,0000,0,016f,016f,0000,0,000,016f,016f,1,00,0005,0000
988,988,0,344ba49034520000,fc,0,0,016f,bbd0,0,0000,016f,0,016f,0000,1,1,0,0,0000,016f,0000,0000,0000,0000,0,016f,016f,0000,0,000,016f,016f,1,00,0005,0000
989,989,0,344ba49034520000,fc,0,0,016f,bbd0,0,0000,016f,0,016f,0000,1,1,0,0,0000,016f,0000,0000,0000,0000,0,016f,016f,0000,0,000,016f,016f,1,00,0005,0000
990,990,0,344ba49034520000,fc,0,0,016f,bbd0,0,0000,016f,0,016f,0000,1,1,0,0,0000,016f,0000,0000,0000,0000,0,016f,016f,0000,0,000,016f,016f,1,00,0005,0000
991,991,0,344ba49034520000,fc,0,0,016f,bbd0,0,0000,016f,0,016f,0000,1,1,0,0,0000,016f,0000,0000,0000,0000,0,016f,016f,0000,0,000,016f,016f,1,00,0005,0000
992,992,0,344ba49034520000,fc,0,0,016f,bbd0,0,0000,016f,0,016f,0000,1,1,0,0,0000,016f,0000,0000,0000,0000,0,016f,016f,0000,0,000,016f,016f,1,00,0005,0000
993,993,0,344ba49034520000,fc,0,0,016f,bbd0,0,0000,016f,0,016f,0000,1,1,0,0,0000,016f,0000,0000,0000,0000,0,016f,016f,0000,0,000,016f,016f,1,00,0005,0000
994,994,0,344ba49034520000,fc,0,0,016f,bbd0,0,0000,016f,0,016f,0000,1,1,0,0,0000,016f,0000,0000,0000,0000,0,016f,016f,0000,0,000,016f,016f,1,00,0005,0000
995,995,0,344ba49034520000,fc,0,0,016f,bbd0,0,0000,016f,0,016f,0000,1,1,0,0,0000,016f,0000,0000,0000,0000,0,016f,016f,0000,0,000,016f,016f,1,00,0005,0000
996,996,0,344ba49034520000,fc,0,0,016f,bbd0,0,0000,016f,0,016f,0000,1,1,0,0,0000,016f,0000,0000,0000,0000,0,016f,016f,0000,0,000,016f,016f,1,00,0005,0000
997,997,0,344ba49034520000,fc,0,0,016f,bbd0,0,0000,016f,0,016f,0000,1,1,0,0,0000,016f,0000,0000,0000,0000,0,016f,016f,0000,0,000,016f,016f,1,00,0005,0000
998,998,0,344ba49034520000,fc,0,0,016f,bbd0,0,0000,016f,0,016f,0000,1,1,0,0,0000,016f,0000,0000,0000,0000,0,016f,016f,0000,0,000,016f,016f,1,00,0005,0000
999,999,0,344ba49034520000,fc,0,0,016f,bbd0,0,0000,016f,0,016f,0000,1,1,0,0,0000,016f,0000,0000,0000,0000,0,016f,016f,0000,0,000,016f,016f,1,00,0005,0000
1000,1000,0,344ba49034520000,fc,0,0,016f,bbd0,0,0000,016f,0,016f,0000,1,1,0,0,0000,016f,0000,0000,0000,0000,0,016f,016f,0000,0,000,016f,016f,1,00,0005,0000
1001,1001,0,344ba49034520000,fc,0,0,016f,bbd0,0,0000,016f,0,016f,0000,1,1,0,0,0000,016f,0000,0000,0000,0000,0,016f,016f,0000,0,000,016f,016f,1,00,0005,0000
1002,1002,0,344ba49034520000,fc,0,0,016f,bbd0,0,0000,016f,0,016f,0000,1,1,0,0,0000,016f,0000,0000,0000,0000,0,016f,016f,0000,0,000,016f,016f,1,00,0005,0000
1003,1003,0,344ba49034520000,fc,0,0,016f,bbd0,0,0000,016f,0,016f,0000,1,1,0,0,0000,016f,0000,0000,0000,0000,0,016f,016f,0000,0,000,016f,016f,1,00,0005,0000
1004,1004,0,344ba49034520000,fc,0,0,016f,bbd0,0,0000,016f,0,016f,0000,1,1,0,0,0000,016f,0000,0000,0000,0000,0,016f,016f,0000,0,000,016f,016f,1,00,0005,0000
1005,1005,0,344ba49034520000,fc,0,0,016f,bbd0,0,0000,016f,0,016f,0000,1,1,0,0,0000,016f,0000,0000,0000,0000,0,016f,016f,0000,0,000,016f,016f,1,00,0005,0000
1006,1006,0,344ba49034520000,fc,0,0,016f,bbd0,0,0000,016f,0,016f,0000,1,1,0,0,0000,016f,0000,0000,0000,0000,0,016f,016f,0000,0,000,016f,016f,1,00,0005,0000
1007,1007,0,344ba49034520000,fc,0,0,016f,bbd0,0,0000,016f,0,016f,0000,1,1,0,0,0000,016f,0000,0000,0000,0000,0,016f,016f,0000,0,000,016f,016f,1,00,0005,0000
1008,1008,0,344ba49034520000,fc,0,0,016f,bbd0,0,0000,016f,0,016f,0000,1,1,0,0,0000,016f,0000,0000,0000,0000,0,016f,016f,0000,0,000,016f,016f,1,00,0005,0000
1009,1009,0,344ba49034520000,fc,0,0,016f,bbd0,0,0000,016f,0,016f,0000,1,1,0,0,0000,016f,0000,0000,0000,0000,0,016f,016f,0000,0,000,016f,016f,1,00,0005,0000
1010,1010,0,344ba49034520000,fc,0,0,016f,bbd0,0,0000,016f,0,016f,0000,1,1,0,0,0000,016f,0000,0000,0000,0000,0,016f,016f,0000,0,000,016f,016f,1,00,0005,0000
1011,1011,0,344ba49034520000,fc,0,0,016f,bbd0,0,0000,016f,0,016f,0000,1,1,0,0,0000,016f,0000,0000,0000,0000,0,016f,016f,0000,0,000,016f,016f,1,00,0005,0000
1012,1012,0,344ba49034520000,fc,0,0,016f,bbd0,0,0000,016f,0,016f,0000,1,1,0,0,0000,016f,0000,0000,0000,0000,0,016f,016f,0000,0,000,016f,016f,1,00,0005,0000
1013,1013,0,344ba49034520000,fc,0,0,016f,bbd0,0,0000,016f,0,016f,0000,1,1,0,0,0000,016f,0000,0000,0000,0000,0,016f,016f,0000,0,000,016f,016f,1,00,0005,0000
1014,1014,0,344ba49034520000,fc,0,0,016f,bbd0,0,0000,016f,0,016f,0000,1,1,0,0,0000,016f,0000,0000,0000,0000,0,016f,016f,0000,0,000,016f,016f,1,00,0005,0000
1015,1015,0,344ba49034520000,fc,0,0,016f,bbd0,0,0000,016f,0,016f,0000,1,1,0,0,0000,016f,0000,0000,0000,0000,0,016f,016f,0000,0,000,016f,016f,1,00,0005,0000
1016,1016,0,344ba49034520000,fc,0,0,016f,bbd0,0,0000,016f,0,016f,0000,1,1,0,0,0000,016f,0000,0000,0000,0000,0,016f,016f,0000,0,000,016f,016f,1,00,0005,0000
1017,1017,0,344ba49034520000,fc,0,0,016f,bbd0,0,0000,016f,0,016f,0000,1,1,0,0,0000,016f,0000,0000,0000,0000,0,016f,016f,0000,0,000,016f,016f,1,00,0005,0000
1018,1018,0,344ba49034520000,fc,0,0,016f,bbd0,0,0000,016f,0,016f,0000,1,1,0,0,0000,016f,0000,0000,0000,0000,0,016f,016f,0000,0,000,016f,016f,1,00,0005,0000
1019,1019,0,344ba49034520000,fc,0,0,016f,bbd0,0,0000,016f,0,016f,0000,1,1,0,0,0000,016f,0000,0000,0000,0000,0,016f,016f,0000,0,000,016f,016f,1,00,0005,0000
1020,1020,0,344ba49034520000,fc,0,0,016f,bbd0,0,0000,016f,0,016f,0000,1,1,0,0,0000,016f,0000,0000,0000,0000,0,016f,016f,0000,0,000,016f,016f,1,00,0005,0000
1021,1021,0,344ba49034520000,fc,0,0,016f,bbd0,0,0000,016f,0,016f,0000,1,1,0,0,0000,016f,0000,0000,0000,0000,0,016f,016f,0000,0,000,016f,016f,1,00,0005,0000
1022,1022,0,344ba49034520000,fc,0,0,016f,bbd0,0,0000,016f,0,016f,0000,1,1,0,0,0000,016f,0000,0000,0000,0000,0,016f,016f,0000,0,000,016f,016f,1,00,0005,0000
1023,1023,0,344ba49034520000,fc,0,0,016f,bbd0,0,0000,016f,0,016f,0000,1,1,0,0,0000,016f,0000,0000,0000,0000,0,016f,016f,0000,0,000,016f,016f,1,00,0005,0000
1024,1024,1,344ba49034520000,fc,0,0,016f,bbd0,0,0000,016f,0,016f,0000,1,1,0,0,0000,016f,0000,0000,0000,0000,0,016f,016f,0000,0,000,016f,016f,1,00,0005,0000
1025,1025,0,344ba49034520000,fc,0,0,016f,bbd0,0,0000,016f,0,016f,0000,1,1,0,0,0000,016f,0000,0000,0000,0000,0,016f,016f,0000,0,000,016f,016f,1,00,0005,0000
1026,1026,0,344ba49034520000,fc,0,0,016f,bbd0,0,0000,016f,0,016f,0000,1,1,0,0,0000,016f,0000,0000,0000,0000,0,016f,016f,0000,0,000,016f,016f,1,00,0005,0000
1027,1027,0,344ba49034520000,fc,0,0,016f,bbd0,0,0000,016f,0,016f,0000,1,1,0,0,0000,016f,0000,0000,0000,0000,0,016f,016f,0000,0,000,016f,016f,1,00,0005,0000
1028,1028,0,344ba49034520000,fc,0,0,016f,bbd0,0,0000,016f,0,016f,0000,1,1,0,0,0000,016f,0000,0000,0000,0000,0,016f,016f,0000,0,000,016f,016f,1,00,0005,0000
1029,1029,0,344ba49034520000,fc,0,0,016f,bbd0,0,0000,016f,0,016f,0000,1,1,0,0,0000,016f,0000,0000,0000,0000,0,016f,016f,0000,0,000,016f,016f,1,00,0005,0000
1030,1030,0,344ba49034520000,fc,0,0,016f,bbd0,0,0000,016f,0,016f,0000,1,1,0,0,0000,016f,0000,0000,0000,0000,0,016f,016f,0000,0,000,016f,016f,1,00,0005,0000
1031,1031,0,344ba49034520000,fc,0,0,016f,bbd0,0,0000,016f,0,016f,0000,1,1,0,0,0000,016f,0000,0000,0000,0000,0,016f,016f,0000,0,000,016f,016f,1,00,0005,0000
1032,1032,0,344ba49034520000,fc,0,0,016f,bbd0,0,0000,016f,0,016f,0000,1,1,0,0,0000,016f,0000,0000,0000,0000,0,016f,016f,0000,0,000,016f,016f,1,00,0005,0000
1033,1033,0,344ba49034520000,fc,0,0,016f,bbd0,0,0000,016f,0,016f,0000,1,1,0,0,0000,016f,0000,0000,0000,0000,0,016f,016f,0000,0,000,016f,016f,1,00,0005,0000
1034,1034,0,344ba49034520000,fc,0,0,016f,bbd0,0,0000,016f,0,016f,0000,1,1,0,0,0000,016f,0000,0000,0000,0000,0,016f,016f,0000,0,000,016f,016f,1,00,0005,0000
1035,1035,0,344ba49034520000,fc,0,0,016f,bbd0,0,0000,016f,0,016f,0000,1,1,0,0,0000,016f,0000,0000,0000,0000,0,016f,016f,0000,0,000,016f,016f,1,00,0005,0000
1036,1036,0,344ba49034520000,fc,0,0,016f,bbd0,0,0000,016f,0,016f,0000,1,1,0,0,0000,016f,0000,0000,0000,0000,0,016f,016f,0000,0,000,016f,016f,1,00,0005,0000
1037,1037,0,344ba49034520000,fc,0,0,016f,bbd0,0,0000,016f,0,016f,0000,1,1,0,0,0000,016f,0000,0000,0000,0000,0,016f,016f,0000,0,000,016f,016f,1,00,0005,0000
1038,1038,0,344ba49034520000,fc,0,0,016f,bbd0,0,0000,016f,0,016f,0000,1,1,0,0,0000,016f,0000,0000,0000,0000,0,016f,016f,0000,0,000,016f,016f,1,00,0005,0000
1039,1039,0,344ba49034520000,fc,0,0,016f,bbd0,0,0000,016f,0,016f,0000,1,1,0,0,0000,016f,0000,0000,0000,0000,0,016f,016f,0000,0,000,016f,016f,1,00,0005,0000
1040,1040,0,344ba49034520000,fc,0,0,016f,bbd0,0,0000,016f,0,016f,0000,1,1,0,0,0000,016f,0000,0000,0000,0000,0,016f,016f,0000,0,000,016f,016f,1,00,0005,0000
1041,1041,0,344ba49034520000,fc,0,0,016f,bbd0,0,0000,016f,0,016f,0000,1,1,0,0,0000,016f,0000,0000,0000,0000,0,016f,016f,0000,0,000,016f,016f,1,00,0005,0000
1042,1042,0,344ba49034520000,fc,0,0,016f,bbd0,0,0000,016f,0,016f,0000,1,1,0,0,0000,016f,0000,0000,0000,0000,0,016f,016f,0000,0,000,016f,016f,1,00,0005,0000
1043,1043,0,344ba49034520000,fc,0,0,016f,bbd0,0,0000,016f,0,016f,0000,1,1,0,0,0000,016f,0000,0000,0000,0000,0,016f,016f,0000,0,000,016f,016f,1,00,0005,0000
1044,1044,0,344ba49034520000,fc,0,0,016f,bbd0,0,0000,016f,0,016f,0000,1,1,0,0,0000,016f,0000,0000,0000,0000,0,016f,016f,0000,0,000,016f,016f,1,00,0005,0000
1045,1045,0,344ba49034520000,fc,0,0,016f,bbd0,0,0000,016f,0,016f,0000,1,1,0,0,0000,016f,0000,0000,0000,0000,0,016f,016f,0000,0,000,016f,016f,1,00,0005,0000
1046,1046,0,344ba49034520000,fc,0,0,016f,bbd0,0,0000,016f,0,016f,0000,1,1,0,0,0000,016f,0000,0000,0000,0000,0,016f,016f,0000,0,000,016f,016f,1,00,0005,0000
1047,1047,0,344ba49034520000,fc,0,0,016f,bbd0,0,0000,016f,0,016f,0000,1,1,0,0,0000,016f,0000,0000,0000,0000,0,016f,016f,0000,0,000,016f,016f,1,00,0005,0000
1048,1048,0,344ba49034520000,fc,0,0,016f,bbd0,0,0000,016f,0,016f,0000,1,1,0,0,0000,016f,0000,0000,0000,0000,0,016f,016f,0000,0,000,016f,016f,1,00,0005,0000
1049,1049,0,344ba49034520000,fc,0,0,016f,bbd0,0,0000,016f,0,016f,0000,1,1,0,0,0000,016f,0000,0000,0000,0000,0,016f,016f,0000,0,000,016f,016f,1,00,0005,0000
1050,1050,0,344ba49034520000,fc,0,0,016f,bbd0,0,0000,016f,0,016f,0000,1,1,0,0,0000,016f,0000,0000,0000,0000,0,016f,016f,0000,0,000,016f,016f,1,00,0005,0000
1051,1051,0,344ba49034520000,fc,0,0,016f,bbd0,0,0000,016f,0,016f,0000,1,1,0,0,0000,016f,0000,0000,0000,0000,0,016f,016f,0000,0,000,016f,016f,1,00,0005,0000
1052,1052,0,344ba49034520000,fc,0,0,016f,bbd0,0,0000,016f,0,016f,0000,1,1,0,0,0000,016f,0000,0000,0000,0000,0,016f,016f,0000,0,000,016f,016f,1,00,0005,0000
1053,1053,0,344ba49034520000,fc,0,0,016f,bbd0,0,0000,016f,0,016f,0000,1,1,0,0,0000,016f,0000,0000,0000,0000,0,016f,016f,0000,0,000,016f,016f,1,00,0005,0000
1054,1054,0,344ba49034520000,fc,0,0,016f,bbd0,0,0000,016f,0,016f,0000,1,1,0,0,0000,016f,0000,0000,0000,0000,0,016f,016f,0000,0,000,016f,016f,1,00,0005,0000
1055,1055,0,344ba49034520000,fc,0,0,016f,bbd0,0,0000,016f,0,016f,0000,1,1,0,0,0000,016f,0000,0000,0000,0000,0,016f,016f,0000,0,000,016f,016f,1,00,0005,0000
1056,1056,0,344ba49034520000,fc,0,0,016f,bbd0,0,0000,016f,0,016f,0000,1,1,0,0,0000,016f,0000,0000,0000,0000,0,016f,016f,0000,0,000,016f,016f,1,00,0005,0000
1057,1057,0,344ba49034520000,fc,0,0,016f,bbd0,0,0000,016f,0,016f,0000,1,1,0,0,0000,016f,0000,0000,0000,0000,0,016f,016f,0000,0,000,016f,016f,1,00,0005,0000
1058,1058,0,344ba49034520000,fc,0,0,016f,bbd0,0,0000,016f,0,016f,0000,1,1,0,0,0000,016f,0000,0000,0000,0000,0,016f,016f,0000,0,000,016f,016f,1,00,0005,0000
1059,1059,0,344ba49034520000,fc,0,0,016f,bbd0,0,0000,016f,0,016f,0000,1,1,0,0,0000,016f,0000,0000,0000,0000,0,016f,016f,0000,0,000,016f,016f,1,00,0005,0000
1060,1060,0,344ba49034520000,fc,0,0,016f,bbd0,0,0000,016f,0,016f,0000,1,1,0,0,0000,016f,0000,0000,0000,0000,0,016f,016f,0000,0,000,016f,016f,1,00,0005,0000
1061,1061,0,344ba49034520000,fc,0,0,016f,bbd0,0,0000,016f,0,016f,0000,1,1,0,0,0000,016f,0000,0000,0000,0000,0,016f,016f,0000,0,000,016f,016f,1,00,0005,0000
1062,1062,0,344ba49034520000,fc,0,0,016f,bbd0,0,0000,016f,0,016f,0000,1,1,0,0,0000,016f,0000,0000,0000,0000,0,016f,016f,0000,0,000,016f,016f,1,00,0005,0000
1063,1063,0,344ba49034520000,fc,0,0,016f,bbd0,0,0000,016f,0,016f,0000,1,1,0,0,0000,016f,0000,0000,0000,0000,0,016f,016f,0000,0,000,016f,016f,1,00,0005,0000
1064,1064,0,344ba49034520000,fc,0,0,016f,bbd0,0,0000,016f,0,016f,0000,1,1,0,0,0000,016f,0000,0000,0000,0000,0,016f,016f,0000,0,000,016f,016f,1,00,0005,0000
1065,1065,0,344ba49034520000,fc,0,0,016f,bbd0,0,0000,016f,0,016f,0000,1,1,0,0,0000,016f,0000,0000,0000,0000,0,016f,016f,0000,0,000,016f,016f,1,00,0005,0000
1066,1066,0,344ba49034520000,fc,0,0,016f,bbd0,0,0000,016f,0,016f,0000,1,1,0,0,0000,016f,0000,0000,0000,0000,0,016f,016f,0000,0,000,016f,016f,1,00,0005,0000
1067,1067,0,344ba49034520000,fc,0,0,016f,bbd0,0,0000,016f,0,016f,0000,1,1,0,0,0000,016f,0000,0000,0000,0000,0,016f,016f,0000,0,000,016f,016f,1,00,0005,0000
1068,1068,0,344ba49034520000,fc,0,0,016f,bbd0,0,0000,016f,0,016f,0000,1,1,0,0,0000,016f,0000,0000,0000,0000,0,016f,016f,0000,0,000,016f,016f,1,00,0005,0000
1069,1069,0,344ba49034520000,fc,0,0,016f,bbd0,0,0000,016f,0,016f,0000,1,1,0,0,0000,016f,0000,0000,0000,0000,0,016f,016f,0000,0,000,016f,016f,1,00,0005,0000
1070,1070,0,344ba49034520000,fc,0,0,016f,bbd0,0,0000,016f,0,016f,0000,1,1,0,0,0000,016f,0000,0000,0000,0000,0,016f,016f,0000,0,000,016f,016f,1,00,0005,0000
1071,1071,0,344ba49034520000,fc,0,0,016f,bbd0,0,0000,016f,0,016f,0000,1,1,0,0,0000,016f,0000,0000,0000,0000,0,016f,016f,0000,0,000,016f,016f,1,00,0005,0000
1072,1072,0,344ba49034520000,fc,0,0,016f,bbd0,0,0000,016f,0,016f,0000,1,1,0,0,0000,016f,0000,0000,0000,0000,0,016f,016f,0000,0,000,016f,016f,1,00,0005,0000
1073,1073,0,344ba49034520000,fc,0,0,016f,bbd0,0,0000,016f,0,016f,0000,1,1,0,0,0000,016f,0000,0000,0000,0000,0,016f,016f,0000,0,000,016f,016f,1,00,0005,0000
1074,1074,0,344ba49034520000,fc,0,0,016f,bbd0,0,0000,016f,0,016f,0000,1,1,0,0,0000,016f,0000,0000,0000,0000,0,016f,016f,0000,0,000,016f,016f,1,00,0005,0000
1075,1075,0,344ba49034520000,fc,0,0,016f,bbd0,0,0000,016f,0,016f,0000,1,1,0,0,0000,016f,0000,0000,0000,0000,0,016f,016f,0000,0,000,016f,016f,1,00,0005,0000
1076,1076,0,344ba49034520000,fc,0,0,016f,bbd0,0,0000,016f,0,016f,0000,1,1,0,0,0000,016f,0000,0000,0000,0000,0,016f,016f,0000,0,000,016f,016f,1,00,0005,0000
1077,1077,0,344ba49034520000,fc,0,0,016f,bbd0,0,0000,016f,0,016f,0000,1,1,0,0,0000,016f,0000,0000,0000,0000,0,016f,016f,0000,0,000,016f,016f,1,00,0005,0000
1078,1078,0,344ba49034520000,fc,0,0,016f,bbd0,0,0000,016f,0,016f,0000,1,1,0,0,0000,016f,0000,0000,0000,0000,0,016f,016f,0000,0,000,016f,016f,1,00,0005,0000
1079,1079,0,344ba49034520000,fc,0,0,016f,bbd0,0,0000,016f,0,016f,0000,1,1,0,0,0000,016f,0000,0000,0000,0000,0,016f,016f,0000,0,000,016f,016f,1,00,0005,0000
1080,1080,0,344ba49034520000,fc,0,0,016f,bbd0,0,0000,016f,0,016f,0000,1,1,0,0,0000,016f,0000,0000,0000,0000,0,016f,016f,0000,0,000,016f,016f,1,00,0005,0000
1081,1081,0,344ba49034520000,fc,0,0,016f,bbd0,0,0000,016f,0,016f,0000,1,1,0,0,0000,016f,0000,0000,0000,0000,0,016f,016f,0000,0,000,016f,016f,1,00,0005,0000
1082,1082,0,344ba49034520000,fc,0,0,016f,bbd0,0,0000,016f,0,016f,0000,1,1,0,0,0000,016f,0000,0000,0000,0000,0,016f,016f,0000,0,000,016f,016f,1,00,0005,0000
1083,1083,0,344ba49034520000,fc,0,0,016f,bbd0,0,0000,016f,0,016f,0000,1,1,0,0,0000,016f,0000,0000,0000,0000,0,016f,016f,0000,0,000,016f,016f,1,00,0005,0000
1084,1084,0,344ba49034520000,fc,0,0,016f,bbd0,0,0000,016f,0,016f,0000,1,1,0,0,0000,016f,0000,0000,0000,0000,0,016f,016f,0000,0,000,016f,016f,1,00,0005,0000
1085,1085,0,344ba49034520000,fc,0,0,016f,bbd0,0,0000,016f,0,016f,0000,1,1,0,0,0000,016f,0000,0000,0000,0000,0,016f,016f,0000,0,000,016f,016f,1,00,0005,0000
1086,1086,0,344ba49034520000,fc,0,0,016f,bbd0,0,0000,016f,0,016f,0000,1,1,0,0,0000,016f,0000,0000,0000,0000,0,016f,016f,0000,0,000,016f,016f,1,00,0005,0000
1087,1087,0,344ba49034520000,fc,0,0,016f,bbd0,0,0000,016f,0,016f,0000,1,1,0,0,0000,016f,0000,0000,0000,0000,0,016f,016f,0000,0,000,016f,016f,1,00,0005,0000
1088,1088,0,344ba49034520000,fc,0,0,016f,bbd0,0,0000,016f,0,016f,0000,1,1,0,0,0000,016f,0000,0000,0000,0000,0,016f,016f,0000,0,000,016f,016f,1,00,0005,0000
1089,1089,0,344ba49034520000,fc,0,0,016f,bbd0,0,0000,016f,0,016f,0000,1,1,0,0,0000,016f,0000,0000,0000,0000,0,016f,016f,0000,0,000,016f,016f,1,00,0005,0000
1090,1090,0,344ba49034520000,fc,0,0,016f,bbd0,0,0000,016f,0,016f,0000,1,1,0,0,0000,016f,0000,0000,0000,0000,0,016f,016f,0000,0,000,016f,016f,1,00,0005,0000
1091,1091,0,344ba49034520000,fc,0,0,016f,bbd0,0,0000,016f,0,016f,0000,1,1,0,0,0000,016f,0000,0000,0000,0000,0,016f,016f,0000,0,000,016f,016f,1,00,0005,0000
1092,1092,0,344ba49034520000,fc,0,0,016f,bbd0,0,0000,016f,0,016f,0000,1,1,0,0,0000,016f,0000,0000,0000,0000,0,016f,016f,0000,0,000,016f,016f,1,00,0005,0000
1093,1093,0,344ba49034520000,fc,0,0,016f,bbd0,0,0000,016f,0,016f,0000,1,1,0,0,0000,016f,0000,0000,0000,0000,0,016f,016f,0000,0,000,016f,016f,1,00,0005,0000
1094,1094,0,344ba49034520000,fc,0,0,016f,bbd0,0,0000,016f,0,016f,0000,1,1,0,0,0000,016f,0000,0000,0000,0000,0,016f,016f,0000,0,000,016f,016f,1,00,0005,0000
1095,1095,0,344ba49034520000,fc,0,0,016f,bbd0,0,0000,016f,0,016f,0000,1,1,0,0,0000,016f,0000,0000,0000,0000,0,016f,016f,0000,0,000,016f,016f,1,00,0005,0000
1096,1096,0,344ba49034520000,fc,0,0,016f,bbd0,0,0000,016f,0,016f,0000,1,1,0,0,0000,016f,0000,0000,0000,0000,0,016f,016f,0000,0,000,016f,016f,1,00,0005,0000
1097,1097,0,344ba49034520000,fc,0,0,016f,bbd0,0,0000,016f,0,016f,0000,1,1,0,0,0000,016f,0000,0000,0000,0000,0,016f,016f,0000,0,000,016f,016f,1,00,0005,0000
1098,1098,0,344ba49034520000,fc,0,0,016f,bbd0,0,0000,016f,0,016f,0000,1,1,0,0,0000,016f,0000,0000,0000,0000,0,016f,016f,0000,0,000,016f,016f,1,00,0005,0000
1099,1099,0,344ba49034520000,fc,0,0,016f,bbd0,0,0000,016f,0,016f,0000,1,1,0,0,0000,016f,0000,0000,0000,0000,0,016f,016f,0000,0,000,016f,016f,1,00,0005,0000
1100,1100,0,344ba49034520000,fc,0,0,016f,bbd0,0,0000,016f,0,016f,0000,1,1,0,0,0000,016f,0000,0000,0000,0000,0,016f,016f,0000,0,000,016f,016f,1,00,0005,0000
1101,1101,0,344ba49034520000,fc,0,0,016f,bbd0,0,0000,016f,0,016f,0000,1,1,0,0,0000,016f,0000,0000,0000,0000,0,016f,016f,0000,0,000,016f,016f,1,00,0005,0000
1102,1102,0,344ba49034520000,fc,0,0,016f,bbd0,0,0000,016f,0,016f,0000,1,1,0,0,0000,016f,0000,0000,0000,0000,0,016f,016f,0000,0,000,016f,016f,1,00,0005,0000
1103,1103,0,344ba49034520000,fc,0,0,016f,bbd0,0,0000,016f,0,016f,0000,1,1,0,0,0000,016f,0000,0000,0000,0000,0,016f,016f,0000,0,000,016f,016f,1,00,0005,0000
1104,1104,0,344ba49034520000,fc,0,0,016f,bbd0,0,0000,016f,0,016f,0000,1,1,0,0,0000,016f,0000,0000,0000,0000,0,016f,016f,0000,0,000,016f,016f,1,00,0005,0000
1105,1105,0,344ba49034520000,fc,0,0,016f,bbd0,0,0000,016f,0,016f,0000,1,1,0,0,0000,016f,0000,0000,0000,0000,0,016f,016f,0000,0,000,016f,016f,1,00,0005,0000
1106,1106,0,344ba49034520000,fc,0,0,016f,bbd0,0,0000,016f,0,016f,0000,1,1,0,0,0000,016f,0000,0000,0000,0000,0,016f,016f,0000,0,000,016f,016f,1,00,0005,0000
1107,1107,0,344ba49034520000,fc,0,0,016f,bbd0,0,0000,016f,0,016f,0000,1,1,0,0,0000,016f,0000,0000,0000,0000,0,016f,016f,0000,0,000,016f,016f,1,00,0005,0000
1108,1108,0,344ba49034520000,fc,0,0,016f,bbd0,0,0000,016f,0,016f,0000,1,1,0,0,0000,016f,0000,0000,0000,0000,0,016f,016f,0000,0,000,016f,016f,1,00,0005,0000
1109,1109,0,344ba49034520000,fc,0,0,016f,bbd0,0,0000,016f,0,016f,0000,1,1,0,0,0000,016f,0000,0000,0000,0000,0,016f,016f,0000,0,000,016f,016f,1,00,0005,0000
1110,1110,0,344ba49034520000,fc,0,0,016f,bbd0,0,0000,016f,0,016f,0000,1,1,0,0,0000,016f,0000,0000,0000,0000,0,016f,016f,0000,0,000,016f,016f,1,00,0005,0000
1111,1111,0,344ba49034520000,fc,0,0,016f,bbd0,0,0000,016f,0,016f,0000,1,1,0,0,0000,016f,0000,0000,0000,0000,0,016f,016f,0000,0,000,016f,016f,1,00,0005,0000
1112,1112,0,344ba49034520000,fc,0,0,016f,bbd0,0,0000,016f,0,016f,0000,1,1,0,0,0000,016f,0000,0000,0000,0000,0,016f,016f,0000,0,000,016f,016f,1,00,0005,0000
1113,1113,0,344ba49034520000,fc,0,0,016f,bbd0,0,0000,016f,0,016f,0000,1,1,0,0,0000,016f,0000,0000,0000,0000,0,016f,016f,0000,0,000,016f,016f,1,00,0005,0000
1114,1114,0,344ba49034520000,fc,0,0,016f,bbd0,0,0000,016f,0,016f,0000,1,1,0,0,0000,016f,0000,0000,0000,0000,0,016f,016f,0000,0,000,016f,016f,1,00,0005,0000
1115,1115,0,344ba49034520000,fc,0,0,016f,bbd0,0,0000,016f,0,016f,0000,1,1,0,0,0000,016f,0000,0000,0000,0000,0,016f,016f,0000,0,000,016f,016f,1,00,0005,0000
1116,1116,0,344ba49034520000,fc,0,0,016f,bbd0,0,0000,016f,0,016f,0000,1,1,0,0,0000,016f,0000,0000,0000,0000,0,016f,016f,0000,0,000,016f,016f,1,00,0005,0000
1117,1117,0,344ba49034520000,fc,0,0,016f,bbd0,0,0000,016f,0,016f,0000,1,1,0,0,0000,016f,0000,0000,0000,0000,0,016f,016f,0000,0,000,016f,016f,1,00,0005,0000
1118,1118,0,344ba49034520000,fc,0,0,016f,bbd0,0,0000,016f,0,016f,0000,1,1,0,0,0000,016f,0000,0000,0000,0000,0,016f,016f,0000,0,000,016f,016f,1,00,0005,0000
1119,1119,0,344ba49034520000,fc,0,0,016f,bbd0,0,0000,016f,0,016f,0000,1,1,0,0,0000,016f,0000,0000,0000,0000,0,016f,016f,0000,0,000,016f,016f,1,00,0005,0000
1120,1120,0,344ba49034520000,fc,0,0,016f,bbd0,0,0000,016f,0,016f,0000,1,1,0,0,0000,016f,0000,0000,0000,0000,0,016f,016f,0000,0,000,016f,016f,1,00,0005,0000
1121,1121,0,344ba49034520000,fc,0,0,016f,bbd0,0,0000,016f,0,016f,0000,1,1,0,0,0000,016f,0000,0000,0000,0000,0,016f,016f,0000,0,000,016f,016f,1,00,0005,0000
1122,1122,0,344ba49034520000,fc,0,0,016f,bbd0,0,0000,016f,0,016f,0000,1,1,0,0,0000,016f,0000,0000,0000,0000,0,016f,016f,0000,0,000,016f,016f,1,00,0005,0000
1123,1123,0,344ba49034520000,fc,0,0,016f,bbd0,0,0000,016f,0,016f,0000,1,1,0,0,0000,016f,0000,0000,0000,0000,0,016f,016f,0000,0,000,016f,016f,1,00,0005,0000
1124,1124,0,344ba49034520000,fc,0,0,016f,bbd0,0,0000,016f,0,016f,0000,1,1,0,0,0000,016f,0000,0000,0000,0000,0,016f,016f,0000,0,000,016f,016f,1,00,0005,0000
1125,1125,0,344ba49034520000,fc,0,0,016f,bbd0,0,0000,016f,0,016f,0000,1,1,0,0,0000,016f,0000,0000,0000,0000,0,016f,016f,0000,0,000,016f,016f,1,00,0005,0000
1126,1126,0,344ba49034520000,fc,0,0,016f,bbd0,0,0000,016f,0,016f,0000,1,1,0,0,0000,016f,0000,0000,0000,0000,0,016f,016f,0000,0,000,016f,016f,1,00,0005,0000
1127,1127,0,344ba49034520000,fc,0,0,016f,bbd0,0,0000,016f,0,016f,0000,1,1,0,0,0000,016f,0000,0000,0000,0000,0,016f,016f,0000,0,000,016f,016f,1,00,0005,0000
1128,1128,0,344ba49034520000,fc,0,0,016f,bbd0,0,0000,016f,0,016f,0000,1,1,0,0,0000,016f,0000,0000,0000,0000,0,016f,016f,0000,0,000,016f,016f,1,00,0005,0000
1129,1129,0,344ba49034520000,fc,0,0,016f,bbd0,0,0000,016f,0,016f,0000,1,1,0,0,0000,016f,0000,0000,0000,0000,0,016f,016f,0000,0,000,016f,016f,1,00,0005,0000
1130,1130,0,344ba49034520000,fc,0,0,016f,bbd0,0,0000,016f,0,016f,0000,1,1,0,0,0000,016f,0000,0000,0000,0000,0,016f,016f,0000,0,000,016f,016f,1,00,0005,0000
1131,1131,0,344ba49034520000,fc,0,0,016f,bbd0,0,0000,016f,0,016f,0000,1,1,0,0,0000,016f,0000,0000,0000,0000,0,016f,016f,0000,0,000,016f,016f,1,00,0005,0000
1132,1132,0,344ba49034520000,fc,0,0,016f,bbd0,0,0000,016f,0,016f,0000,1,1,0,0,0000,016f,0000,0000,0000,0000,0,016f,016f,0000,0,000,016f,016f,1,00,0005,0000
1133,1133,0,344ba49034520000,fc,0,0,016f,bbd0,0,0000,016f,0,016f,0000,1,1,0,0,0000,016f,0000,0000,0000,0000,0,016f,016f,0000,0,000,016f,016f,1,00,0005,0000
1134,1134,0,344ba49034520000,fc,0,0,016f,bbd0,0,0000,016f,0,016f,0000,1,1,0,0,0000,016f,0000,0000,0000,0000,0,016f,016f,0000,0,000,016f,016f,1,00,0005,0000
1135,1135,0,344ba49034520000,fc,0,0,016f,bbd0,0,0000,016f,0,016f,0000,1,1,0,0,0000,016f,0000,0000,0000,0000,0,016f,016f,0000,0,000,016f,016f,1,00,0005,0000
1136,1136,0,344ba49034520000,fc,0,0,016f,bbd0,0,0000,016f,0,016f,0000,1,1,0,0,0000,016f,0000,0000,0000,0000,0,016f,016f,0000,0,000,016f,016f,1,00,0005,0000
1137,1137,0,344ba49034520000,fc,0,0,016f,bbd0,0,0000,016f,0,016f,0000,1,1,0,0,0000,016f,0000,0000,0000,0000,0,016f,016f,0000,0,000,016f,016f,1,00,0005,0000
1138,1138,0,344ba49034520000,fc,0,0,016f,bbd0,0,0000,016f,0,016f,0000,1,1,0,0,0000,016f,0000,0000,0000,0000,0,016f,016f,0000,0,000,016f,016f,1,00,0005,0000
1139,1139,0,344ba49034520000,fc,0,0,016f,bbd0,0,0000,016f,0,016f,0000,1,1,0,0,0000,016f,0000,0000,0000,0000,0,016f,016f,0000,0,000,016f,016f,1,00,0005,0000
1140,1140,0,344ba49034520000,fc,0,0,016f,bbd0,0,0000,016f,0,016f,0000,1,1,0,0,0000,016f,0000,0000,0000,0000,0,016f,016f,0000,0,000,016f,016f,1,00,0005,0000
1141,1141,0,344ba49034520000,fc,0,0,016f,bbd0,0,0000,016f,0,016f,0000,1,1,0,0,0000,016f,0000,0000,0000,0000,0,016f,016f,0000,0,000,016f,016f,1,00,0005,0000
1142,1142,0,344ba49034520000,fc,0,0,016f,bbd0,0,0000,016f,0,016f,0000,1,1,0,0,0000,016f,0000,0000,0000,0000,0,016f,016f,0000,0,000,016f,016f,1,00,0005,0000
1143,1143,0,344ba49034520000,fc,0,0,016f,bbd0,0,0000,016f,0,016f,0000,1,1,0,0,0000,016f,0000,0000,0000,0000,0,016f,016f,0000,0,000,016f,016f,1,00,0005,0000
1144,1144,0,344ba49034520000,fc,0,0,016f,bbd0,0,0000,016f,0,016f,0000,1,1,0,0,0000,016f,0000,0000,0000,0000,0,016f,016f,0000,0,000,016f,016f,1,00,0005,0000
1145,1145,0,344ba49034520000,fc,0,0,016f,bbd0,0,0000,016f,0,016f,0000,1,1,0,0,0000,016f,0000,0000,0000,0000,0,016f,016f,0000,0,000,016f,016f,1,00,0005,0000
1146,1146,0,344ba49034520000,fc,0,0,016f,bbd0,0,0000,016f,0,016f,0000,1,1,0,0,0000,016f,0000,0000,0000,0000,0,016f,016f,0000,0,000,016f,016f,1,00,0005,0000
1147,1147,0,344ba49034520000,fc,0,0,016f,bbd0,0,0000,016f,0,016f,0000,1,1,0,0,0000,016f,0000,0000,0000,0000,0,016f,016f,0000,0,000,016f,016f,1,00,0005,0000
1148,1148,0,344ba49034520000,fc,0,0,016f,bbd0,0,0000,016f,0,016f,0000,1,1,0,0,0000,016f,0000,0000,0000,0000,0,016f,016f,0000,0,000,016f,016f,1,00,0005,0000
1149,1149,0,344ba49034520000,fc,0,0,016f,bbd0,0,0000,016f,0,016f,0000,1,1,0,0,0000,016f,0000,0000,0000,0000,0,016f,016f,0000,0,000,016f,016f,1,00,0005,0000
1150,1150,0,344ba49034520000,fc,0,0,016f,bbd0,0,0000,016f,0,016f,0000,1,1,0,0,0000,016f,0000,0000,0000,0000,0,016f,016f,0000,0,000,016f,016f,1,00,0005,0000
1151,1151,0,344ba49034520000,fc,0,0,016f,bbd0,0,0000,016f,0,016f,0000,1,1,0,0,0000,016f,0000,0000,0000,0000,0,016f,016f,0000,0,000,016f,016f,1,00,0005,0000
1152,1152,0,344ba49034520000,fc,0,0,016f,bbd0,0,0000,016f,0,016f,0000,1,1,0,0,0000,016f,0000,0000,0000,0000,0,016f,016f,0000,0,000,016f,016f,1,00,0005,0000
1153,1153,0,344ba49034520000,fc,0,0,016f,bbd0,0,0000,016f,0,016f,0000,1,1,0,0,0000,016f,0000,0000,0000,0000,0,016f,016f,0000,0,000,016f,016f,1,00,0005,0000
1154,1154,0,344ba49034520000,fc,0,0,016f,bbd0,0,0000,016f,0,016f,0000,1,1,0,0,0000,016f,0000,0000,0000,0000,0,016f,016f,0000,0,000,016f,016f,1,00,0005,0000
1155,1155,0,344ba49034520000,fc,0,0,016f,bbd0,0,0000,016f,0,016f,0000,1,1,0,0,0000,016f,0000,0000,0000,0000,0,016f,016f,0000,0,000,016f,016f,1,00,0005,0000
1156,1156,0,344ba49034520000,fc,0,0,016f,bbd0,0,0000,016f,0,016f,0000,1,1,0,0,0000,016f,0000,0000,0000,0000,0,016f,016f,0000,0,000,016f,016f,1,00,0005,0000
1157,1157,0,344ba49034520000,fc,0,0,016f,bbd0,0,0000,016f,0,016f,0000,1,1,0,0,0000,016f,0000,0000,0000,0000,0,016f,016f,0000,0,000,016f,016f,1,00,0005,0000
1158,1158,0,344ba49034520000,fc,0,0,016f,bbd0,0,0000,016f,0,016f,0000,1,1,0,0,0000,016f,0000,0000,0000,0000,0,016f,016f,0000,0,000,016f,016f,1,00,0005,0000
1159,1159,0,344ba49034520000,fc,0,0,016f,bbd0,0,0000,016f,0,016f,0000,1,1,0,0,0000,016f,0000,0000,0000,0000,0,016f,016f,0000,0,000,016f,016f,1,00,0005,0000
1160,1160,0,344ba49034520000,fc,0,0,016f,bbd0,0,0000,016f,0,016f,0000,1,1,0,0,0000,016f,0000,0000,0000,0000,0,016f,016f,0000,0,000,016f,016f,1,00,0005,0000
1161,1161,0,344ba49034520000,fc,0,0,016f,bbd0,0,0000,016f,0,016f,0000,1,1,0,0,0000,016f,0000,0000,0000,0000,0,016f,016f,0000,0,000,016f,016f,1,00,0005,0000
1162,1162,0,344ba49034520000,fc,0,0,016f,bbd0,0,0000,016f,0,016f,0000,1,1,0,0,0000,016f,0000,0000,0000,0000,0,016f,016f,0000,0,000,016f,016f,1,00,0005,0000
1163,1163,0,344ba49034520000,fc,0,0,016f,bbd0,0,0000,016f,0,016f,0000,1,1,0,0,0000,016f,0000,0000,0000,0000,0,016f,016f,0000,0,000,016f,016f,1,00,0005,0000
1164,1164,0,344ba49034520000,fc,0,0,016f,bbd0,0,0000,016f,0,016f,0000,1,1,0,0,0000,016f,0000,0000,0000,0000,0,016f,016f,0000,0,000,016f,016f,1,00,0005,0000
1165,1165,0,344ba49034520000,fc,0,0,016f,bbd0,0,0000,016f,0,016f,0000,1,1,0,0,0000,016f,0000,0000,0000,0000,0,016f,016f,0000,0,000,016f,016f,1,00,0005,0000
1166,1166,0,344ba49034520000,fc,0,0,016f,bbd0,0,0000,016f,0,016f,0000,1,1,0,0,0000,016f,0000,0000,0000,0000,0,016f,016f,0000,0,000,016f,016f,1,00,0005,0000
1167,1167,0,344ba49034520000,fc,0,0,016f,bbd0,0,0000,016f,0,016f,0000,1,1,0,0,0000,016f,0000,0000,0000,0000,0,016f,016f,0000,0,000,016f,016f,1,00,0005,0000
1168,1168,0,344ba49034520000,fc,0,0,016f,bbd0,0,0000,016f,0,016f,0000,1,1,0,0,0000,016f,0000,0000,0000,0000,0,016f,016f,0000,0,000,016f,016f,1,00,0005,0000
1169,1169,0,344ba49034520000,fc,0,0,016f,bbd0,0,0000,016f,0,016f,0000,1,1,0,0,0000,016f,0000,0000,0000,0000,0,016f,016f,0000,0,000,016f,016f,1,00,0005,0000
1170,1170,0,344ba49034520000,fc,0,0,016f,bbd0,0,0000,016f,0,016f,0000,1,1,0,0,0000,016f,0000,0000,0000,0000,0,016f,016f,0000,0,000,016f,016f,1,00,0005,0000
1171,1171,0,344ba49034520000,fc,0,0,016f,bbd0,0,0000,016f,0,016f,0000,1,1,0,0,0000,016f,0000,0000,0000,0000,0,016f,016f,0000,0,000,016f,016f,1,00,0005,0000
1172,1172,0,344ba49034520000,fc,0,0,016f,bbd0,0,0000,016f,0,016f,0000,1,1,0,0,0000,016f,0000,0000,0000,0000,0,016f,016f,0000,0,000,016f,016f,1,00,0005,0000
1173,1173,0,344ba49034520000,fc,0,0,016f,bbd0,0,0000,016f,0,016f,0000,1,1,0,0,0000,016f,0000,0000,0000,0000,0,016f,016f,0000,0,000,016f,016f,1,00,0005,0000
1174,1174,0,344ba49034520000,fc,0,0,016f,bbd0,0,0000,016f,0,016f,0000,1,1,0,0,0000,016f,0000,0000,0000,0000,0,016f,016f,0000,0,000,016f,016f,1,00,0005,0000
1175,1175,0,344ba49034520000,fc,0,0,016f,bbd0,0,0000,016f,0,016f,0000,1,1,0,0,0000,016f,0000,0000,0000,0000,0,016f,016f,0000,0,000,016f,016f,1,00,0005,0000
1176,1176,0,344ba49034520000,fc,0,0,016f,bbd0,0,0000,016f,0,016f,0000,1,1,0,0,0000,016f,0000,0000,0000,0000,0,016f,016f,0000,0,000,016f,016f,1,00,0005,0000
1177,1177,0,344ba49034520000,fc,0,0,016f,bbd0,0,0000,016f,0,016f,0000,1,1,0,0,0000,016f,0000,0000,0000,0000,0,016f,016f,0000,0,000,016f,016f,1,00,0005,0000
1178,1178,0,344ba49034520000,fc,0,0,016f,bbd0,0,0000,016f,0,016f,0000,1,1,0,0,0000,016f,0000,0000,0000,0000,0,016f,016f,0000,0,000,016f,016f,1,00,0005,0000
1179,1179,0,344ba49034520000,fc,0,0,016f,bbd0,0,0000,016f,0,016f,0000,1,1,0,0,0000,016f,0000,0000,0000,0000,0,016f,016f,0000,0,000,016f,016f,1,00,0005,0000
1180,1180,0,344ba49034520000,fc,0,0,016f,bbd0,0,0000,016f,0,016f,0000,1,1,0,0,0000,016f,0000,0000,0000,0000,0,016f,016f,0000,0,000,016f,016f,1,00,0005,0000
1181,1181,0,344ba49034520000,fc,0,0,016f,bbd0,0,0000,016f,0,016f,0000,1,1,0,0,0000,016f,0000,0000,0000,0000,0,016f,016f,0000,0,000,016f,016f,1,00,0005,0000
1182,1182,0,344ba49034520000,fc,0,0,016f,bbd0,0,0000,016f,0,016f,0000,1,1,0,0,0000,016f,0000,0000,0000,0000,0,016f,016f,0000,0,000,016f,016f,1,00,0005,0000
1183,1183,0,344ba49034520000,fc,0,0,016f,bbd0,0,0000,016f,0,016f,0000,1,1,0,0,0000,016f,0000,0000,0000,0000,0,016f,016f,0000,0,000,016f,016f,1,00,0005,0000
1184,1184,0,344ba49034520000,fc,0,0,016f,bbd0,0,0000,016f,0,016f,0000,1,1,0,0,0000,016f,0000,0000,0000,0000,0,016f,016f,0000,0,000,016f,016f,1,00,0005,0000
1185,1185,0,344ba49034520000,fc,0,0,016f,bbd0,0,0000,016f,0,016f,0000,1,1,0,0,0000,016f,0000,0000,0000,0000,0,016f,016f,0000,0,000,016f,016f,1,00,0005,0000
1186,1186,0,344ba49034520000,fc,0,0,016f,bbd0,0,0000,016f,0,016f,0000,1,1,0,0,0000,016f,0000,0000,0000,0000,0,016f,016f,0000,0,000,016f,016f,1,00,0005,0000
1187,1187,0,344ba49034520000,fc,0,0,016f,bbd0,0,0000,016f,0,016f,0000,1,1,0,0,0000,016f,0000,0000,0000,0000,0,016f,016f,0000,0,000,016f,016f,1,00,0005,0000
1188,1188,0,344ba49034520000,fc,0,0,016f,bbd0,0,0000,016f,0,016f,0000,1,1,0,0,0000,016f,0000,0000,0000,0000,0,016f,016f,0000,0,000,016f,016f,1,00,0005,0000
1189,1189,0,344ba49034520000,fc,0,0,016f,bbd0,0,0000,016f,0,016f,0000,1,1,0,0,0000,016f,0000,0000,0000,0000,0,016f,016f,0000,0,000,016f,016f,1,00,0005,0000
1190,1190,0,344ba49034520000,fc,0,0,016f,bbd0,0,0000,016f,0,016f,0000,1,1,0,0,0000,016f,0000,0000,0000,0000,0,016f,016f,0000,0,000,016f,016f,1,00,0005,0000
1191,1191,0,344ba49034520000,fc,0,0,016f,bbd0,0,0000,016f,0,016f,0000,1,1,0,0,0000,016f,0000,0000,0000,0000,0,016f,016f,0000,0,000,016f,016f,1,00,0005,0000
1192,1192,0,344ba49034520000,fc,0,0,016f,bbd0,0,0000,016f,0,016f,0000,1,1,0,0,0000,016f,0000,0000,0000,0000,0,016f,016f,0000,0,000,016f,016f,1,00,0005,0000
1193,1193,0,344ba49034520000,fc,0,0,016f,bbd0,0,0000,016f,0,016f,0000,1,1,0,0,0000,016f,0000,0000,0000,0000,0,016f,016f,0000,0,000,016f,016f,1,00,0005,0000
1194,1194,0,344ba49034520000,fc,0,0,016f,bbd0,0,0000,016f,0,016f,0000,1,1,0,0,0000,016f,0000,0000,0000,0000,0,016f,016f,0000,0,000,016f,016f,1,00,0005,0000
1195,1195,0,344ba49034520000,fc,0,0,016f,bbd0,0,0000,016f,0,016f,0000,1,1,0,0,0000,016f,0000,0000,0000,0000,0,016f,016f,0000,0,000,016f,016f,1,00,0005,0000
1196,1196,0,344ba49034520000,fc,0,0,016f,bbd0,0,0000,016f,0,016f,0000,1,1,0,0,0000,016f,0000,0000,0000,0000,0,016f,016f,0000,0,000,016f,016f,1,00,0005,0000
1197,1197,0,344ba49034520000,fc,0,0,016f,bbd0,0,0000,016f,0,016f,0000,1,1,0,0,0000,016f,0000,0000,0000,0000,0,016f,016f,0000,0,000,016f,016f,1,00,0005,0000
1198,1198,0,344ba49034520000,fc,0,0,016f,bbd0,0,0000,016f,0,016f,0000,1,1,0,0,0000,016f,0000,0000,0000,0000,0,016f,016f,0000,0,000,016f,016f,1,00,0005,0000
1199,1199,0,344ba49034520000,fc,0,0,016f,bbd0,0,0000,016f,0,016f,0000,1,1,0,0,0000,016f,0000,0000,0000,0000,0,016f,016f,0000,0,000,016f,016f,1,00,0005,0000
1200,1200,0,344ba49034520000,fc,0,0,016f,bbd0,0,0000,016f,0,016f,0000,1,1,0,0,0000,016f,0000,0000,0000,0000,0,016f,016f,0000,0,000,016f,016f,1,00,0005,0000
1201,1201,0,344ba49034520000,fc,0,0,016f,bbd0,0,0000,016f,0,016f,0000,1,1,0,0,0000,016f,0000,0000,0000,0000,0,016f,016f,0000,0,000,016f,016f,1,00,0005,0000
1202,1202,0,344ba49034520000,fc,0,0,016f,bbd0,0,0000,016f,0,016f,0000,1,1,0,0,0000,016f,0000,0000,0000,0000,0,016f,016f,0000,0,000,016f,016f,1,00,0005,0000
1203,1203,0,344ba49034520000,fc,0,0,016f,bbd0,0,0000,016f,0,016f,0000,1,1,0,0,0000,016f,0000,0000,0000,0000,0,016f,016f,0000,0,000,016f,016f,1,00,0005,0000
1204,1204,0,344ba49034520000,fc,0,0,016f,bbd0,0,0000,016f,0,016f,0000,1,1,0,0,0000,016f,0000,0000,0000,0000,0,016f,016f,0000,0,000,016f,016f,1,00,0005,0000
1205,1205,0,344ba49034520000,fc,0,0,016f,bbd0,0,0000,016f,0,016f,0000,1,1,0,0,0000,016f,0000,0000,0000,0000,0,016f,016f,0000,0,000,016f,016f,1,00,0005,0000
1206,1206,0,344ba49034520000,fc,0,0,016f,bbd0,0,0000,016f,0,016f,0000,1,1,0,0,0000,016f,0000,0000,0000,0000,0,016f,016f,0000,0,000,016f,016f,1,00,0005,0000
1207,1207,0,344ba49034520000,fc,0,0,016f,bbd0,0,0000,016f,0,016f,0000,1,1,0,0,0000,016f,0000,0000,0000,0000,0,016f,016f,0000,0,000,016f,016f,1,00,0005,0000
1208,1208,0,344ba49034520000,fc,0,0,016f,bbd0,0,0000,016f,0,016f,0000,1,1,0,0,0000,016f,0000,0000,0000,0000,0,016f,016f,0000,0,000,016f,016f,1,00,0005,0000
1209,1209,0,344ba49034520000,fc,0,0,016f,bbd0,0,0000,016f,0,016f,0000,1,1,0,0,0000,016f,0000,0000,0000,0000,0,016f,016f,0000,0,000,016f,016f,1,00,0005,0000
1210,1210,0,344ba49034520000,fc,0,0,016f,bbd0,0,0000,016f,0,016f,0000,1,1,0,0,0000,016f,0000,0000,0000,0000,0,016f,016f,0000,0,000,016f,016f,1,00,0005,0000
1211,1211,0,344ba49034520000,fc,0,0,016f,bbd0,0,0000,016f,0,016f,0000,1,1,0,0,0000,016f,0000,0000,0000,0000,0,016f,016f,0000,0,000,016f,016f,1,00,0005,0000
1212,1212,0,344ba49034520000,fc,0,0,016f,bbd0,0,0000,016f,0,016f,0000,1,1,0,0,0000,016f,0000,0000,0000,0000,0,016f,016f,0000,0,000,016f,016f,1,00,0005,0000
1213,1213,0,344ba49034520000,fc,0,0,016f,bbd0,0,0000,016f,0,016f,0000,1,1,0,0,0000,016f,0000,0000,0000,0000,0,016f,016f,0000,0,000,016f,016f,1,00,0005,0000
1214,1214,0,344ba49034520000,fc,0,0,016f,bbd0,0,0000,016f,0,016f,0000,1,1,0,0,0000,016f,0000,0000,0000,0000,0,016f,016f,0000,0,000,016f,016f,1,00,0005,0000
1215,1215,0,344ba49034520000,fc,0,0,016f,bbd0,0,0000,016f,0,016f,0000,1,1,0,0,0000,016f,0000,0000,0000,0000,0,016f,016f,0000,0,000,016f,016f,1,00,0005,0000
1216,1216,0,344ba49034520000,fc,0,0,016f,bbd0,0,0000,016f,0,016f,0000,1,1,0,0,0000,016f,0000,0000,0000,0000,0,016f,016f,0000,0,000,016f,016f,1,00,0005,0000
1217,1217,0,344ba49034520000,fc,0,0,016f,bbd0,0,0000,016f,0,016f,0000,1,1,0,0,0000,016f,0000,0000,0000,0000,0,016f,016f,0000,0,000,016f,016f,1,00,0005,0000
1218,1218,0,344ba49034520000,fc,0,0,016f,bbd0,0,0000,016f,0,016f,0000,1,1,0,0,0000,016f,0000,0000,0000,0000,0,016f,016f,0000,0,000,016f,016f,1,00,0005,0000
1219,1219,0,344ba49034520000,fc,0,0,016f,bbd0,0,0000,016f,0,016f,0000,1,1,0,0,0000,016f,0000,0000,0000,0000,0,016f,016f,0000,0,000,016f,016f,1,00,0005,0000
1220,1220,0,344ba49034520000,fc,0,0,016f,bbd0,0,0000,016f,0,016f,0000,1,1,0,0,0000,016f,0000,0000,0000,0000,0,016f,016f,0000,0,000,016f,016f,1,00,0005,0000
1221,1221,0,344ba49034520000,fc,0,0,016f,bbd0,0,0000,016f,0,016f,0000,1,1,0,0,0000,016f,0000,0000,0000,0000,0,016f,016f,0000,0,000,016f,016f,1,00,0005,0000
1222,1222,0,344ba49034520000,fc,0,0,016f,bbd0,0,0000,016f,0,016f,0000,1,1,0,0,0000,016f,0000,0000,0000,0000,0,016f,016f,0000,0,000,016f,016f,1,00,0005,0000
1223,1223,0,344ba49034520000,fc,0,0,016f,bbd0,0,0000,016f,0,016f,0000,1,1,0,0,0000,016f,0000,0000,0000,0000,0,016f,016f,0000,0,000,016f,016f,1,00,0005,0000
1224,1224,0,344ba49034520000,fc,0,0,016f,bbd0,0,0000,016f,0,016f,0000,1,1,0,0,0000,016f,0000,0000,0000,0000,0,016f,016f,0000,0,000,016f,016f,1,00,0005,0000
1225,1225,0,344ba49034520000,fc,0,0,016f,bbd0,0,0000,016f,0,016f,0000,1,1,0,0,0000,016f,0000,0000,0000,0000,0,016f,016f,0000,0,000,016f,016f,1,00,0005,0000
1226,1226,0,344ba49034520000,fc,0,0,016f,bbd0,0,0000,016f,0,016f,0000,1,1,0,0,0000,016f,0000,0000,0000,0000,0,016f,016f,0000,0,000,016f,016f,1,00,0005,0000
1227,1227,0,344ba49034520000,fc,0,0,016f,bbd0,0,0000,016f,0,016f,0000,1,1,0,0,0000,016f,0000,0000,0000,0000,0,016f,016f,0000,0,000,016f,016f,1,00,0005,0000
1228,1228,0,344ba49034520000,fc,0,0,016f,bbd0,0,0000,016f,0,016f,0000,1,1,0,0,0000,016f,0000,0000,0000,0000,0,016f,016f,0000,0,000,016f,016f,1,00,0005,0000
1229,1229,0,344ba49034520000,fc,0,0,016f,bbd0,0,0000,016f,0,016f,0000,1,1,0,0,0000,016f,0000,0000,0000,0000,0,016f,016f,0000,0,000,016f,016f,1,00,0005,0000
1230,1230,0,344ba49034520000,fc,0,0,016f,bbd0,0,0000,016f,0,016f,0000,1,1,0,0,0000,016f,0000,0000,0000,0000,0,016f,016f,0000,0,000,016f,016f,1,00,0005,0000
1231,1231,0,344ba49034520000,fc,0,0,016f,bbd0,0,0000,016f,0,016f,0000,1,1,0,0,0000,016f,0000,0000,0000,0000,0,016f,016f,0000,0,000,016f,016f,1,00,0005,0000
1232,1232,0,344ba49034520000,fc,0,0,016f,bbd0,0,0000,016f,0,016f,0000,1,1,0,0,0000,016f,0000,0000,0000,0000,0,016f,016f,0000,0,000,016f,016f,1,00,0005,0000
1233,1233,0,344ba49034520000,fc,0,0,016f,bbd0,0,0000,016f,0,016f,0000,1,1,0,0,0000,016f,0000,0000,0000,0000,0,016f,016f,0000,0,000,016f,016f,1,00,0005,0000
1234,1234,0,344ba49034520000,fc,0,0,016f,bbd0,0,0000,016f,0,016f,0000,1,1,0,0,0000,016f,0000,0000,0000,0000,0,016f,016f,0000,0,000,016f,016f,1,00,0005,0000
1235,1235,0,344ba49034520000,fc,0,0,016f,bbd0,0,0000,016f,0,016f,0000,1,1,0,0,0000,016f,0000,0000,0000,0000,0,016f,016f,0000,0,000,016f,016f,1,00,0005,0000
1236,1236,0,344ba49034520000,fc,0,0,016f,bbd0,0,0000,016f,0,016f,0000,1,1,0,0,0000,016f,0000,0000,0000,0000,0,016f,016f,0000,0,000,016f,016f,1,00,0005,0000
1237,1237,0,344ba49034520000,fc,0,0,016f,bbd0,0,0000,016f,0,016f,0000,1,1,0,0,0000,016f,0000,0000,0000,0000,0,016f,016f,0000,0,000,016f,016f,1,00,0005,0000
1238,1238,0,344ba49034520000,fc,0,0,016f,bbd0,0,0000,016f,0,016f,0000,1,1,0,0,0000,016f,0000,0000,0000,0000,0,016f,016f,0000,0,000,016f,016f,1,00,0005,0000
1239,1239,0,344ba49034520000,fc,0,0,016f,bbd0,0,0000,016f,0,016f,0000,1,1,0,0,0000,016f,0000,0000,0000,0000,0,016f,016f,0000,0,000,016f,016f,1,00,0005,0000
1240,1240,0,344ba49034520000,fc,0,0,016f,bbd0,0,0000,016f,0,016f,0000,1,1,0,0,0000,016f,0000,0000,0000,0000,0,016f,016f,0000,0,000,016f,016f,1,00,0005,0000
1241,1241,0,344ba49034520000,fc,0,0,016f,bbd0,0,0000,016f,0,016f,0000,1,1,0,0,0000,016f,0000,0000,0000,0000,0,016f,016f,0000,0,000,016f,016f,1,00,0005,0000
1242,1242,0,344ba49034520000,fc,0,0,016f,bbd0,0,0000,016f,0,016f,0000,1,1,0,0,0000,016f,0000,0000,0000,0000,0,016f,016f,0000,0,000,016f,016f,1,00,0005,0000
1243,1243,0,344ba49034520000,fc,0,0,016f,bbd0,0,0000,016f,0,016f,0000,1,1,0,0,0000,016f,0000,0000,0000,0000,0,016f,016f,0000,0,000,016f,016f,1,00,0005,0000
1244,1244,0,344ba49034520000,fc,0,0,016f,bbd0,0,0000,016f,0,016f,0000,1,1,0,0,0000,016f,0000,0000,0000,0000,0,016f,016f,0000,0,000,016f,016f,1,00,0005,0000
1245,1245,0,344ba49034520000,fc,0,0,016f,bbd0,0,0000,016f,0,016f,0000,1,1,0,0,0000,016f,0000,0000,0000,0000,0,016f,016f,0000,0,000,016f,016f,1,00,0005,0000
1246,1246,0,344ba49034520000,fc,0,0,016f,bbd0,0,0000,016f,0,016f,0000,1,1,0,0,0000,016f,0000,0000,0000,0000,0,016f,016f,0000,0,000,016f,016f,1,00,0005,0000
1247,1247,0,344ba49034520000,fc,0,0,016f,bbd0,0,0000,016f,0,016f,0000,1,1,0,0,0000,016f,0000,0000,0000,0000,0,016f,016f,0000,0,000,016f,016f,1,00,0005,0000
1248,1248,0,344ba49034520000,fc,0,0,016f,bbd0,0,0000,016f,0,016f,0000,1,1,0,0,0000,016f,0000,0000,0000,0000,0,016f,016f,0000,0,000,016f,016f,1,00,0005,0000
1249,1249,0,344ba49034520000,fc,0,0,016f,bbd0,0,0000,016f,0,016f,0000,1,1,0,0,0000,016f,0000,0000,0000,0000,0,016f,016f,0000,0,000,016f,016f,1,00,0005,0000
1250,1250,0,344ba49034520000,fc,0,0,016f,bbd0,0,0000,016f,0,016f,0000,1,1,0,0,0000,016f,0000,0000,0000,0000,0,016f,016f,0000,0,000,016f,016f,1,00,0005,0000
1251,1251,0,344ba49034520000,fc,0,0,016f,bbd0,0,0000,016f,0,016f,0000,1,1,0,0,0000,016f,0000,0000,0000,0000,0,016f,016f,0000,0,000,016f,016f,1,00,0005,0000
1252,1252,0,344ba49034520000,fc,0,0,016f,bbd0,0,0000,016f,0,016f,0000,1,1,0,0,0000,016f,0000,0000,0000,0000,0,016f,016f,0000,0,000,016f,016f,1,00,0005,0000
1253,1253,0,344ba49034520000,fc,0,0,016f,bbd0,0,0000,016f,0,016f,0000,1,1,0,0,0000,016f,0000,0000,0000,0000,0,016f,016f,0000,0,000,016f,016f,1,00,0005,0000
1254,1254,0,344ba49034520000,fc,0,0,016f,bbd0,0,0000,016f,0,016f,0000,1,1,0,0,0000,016f,0000,0000,0000,0000,0,016f,016f,0000,0,000,016f,016f,1,00,0005,0000
1255,1255,0,344ba49034520000,fc,0,0,016f,bbd0,0,0000,016f,0,016f,0000,1,1,0,0,0000,016f,0000,0000,0000,0000,0,016f,016f,0000,0,000,016f,016f,1,00,0005,0000
1256,1256,0,344ba49034520000,fc,0,0,016f,bbd0,0,0000,016f,0,016f,0000,1,1,0,0,0000,016f,0000,0000,0000,0000,0,016f,016f,0000,0,000,016f,016f,1,00,0005,0000
1257,1257,0,344ba49034520000,fc,0,0,016f,bbd0,0,0000,016f,0,016f,0000,1,1,0,0,0000,016f,0000,0000,0000,0000,0,016f,016f,0000,0,000,016f,016f,1,00,0005,0000
1258,1258,0,344ba49034520000,fc,0,0,016f,bbd0,0,0000,016f,0,016f,0000,1,1,0,0,0000,016f,0000,0000,0000,0000,0,016f,016f,0000,0,000,016f,016f,1,00,0005,0000
1259,1259,0,344ba49034520000,fc,0,0,016f,bbd0,0,0000,016f,0,016f,0000,1,1,0,0,0000,016f,0000,0000,0000,0000,0,016f,016f,0000,0,000,016f,016f,1,00,0005,0000
1260,1260,0,344ba49034520000,fc,0,0,016f,bbd0,0,0000,016f,0,016f,0000,1,1,0,0,0000,016f,0000,0000,0000,0000,0,016f,016f,0000,0,000,016f,016f,1,00,0005,0000
1261,1261,0,344ba49034520000,fc,0,0,016f,bbd0,0,0000,016f,0,016f,0000,1,1,0,0,0000,016f,0000,0000,0000,0000,0,016f,016f,0000,0,000,016f,016f,1,00,0005,0000
1262,1262,0,344ba49034520000,fc,0,0,016f,bbd0,0,0000,016f,0,016f,0000,1,1,0,0,0000,016f,0000,0000,0000,0000,0,016f,016f,0000,0,000,016f,016f,1,00,0005,0000
1263,1263,0,344ba49034520000,fc,0,0,016f,bbd0,0,0000,016f,0,016f,0000,1,1,0,0,0000,016f,0000,0000,0000,0000,0,016f,016f,0000,0,000,016f,016f,1,00,0005,0000
1264,1264,0,344ba49034520000,fc,0,0,016f,bbd0,0,0000,016f,0,016f,0000,1,1,0,0,0000,016f,0000,0000,0000,0000,0,016f,016f,0000,0,000,016f,016f,1,00,0005,0000
1265,1265,0,344ba49034520000,fc,0,0,016f,bbd0,0,0000,016f,0,016f,0000,1,1,0,0,0000,016f,0000,0000,0000,0000,0,016f,016f,0000,0,000,016f,016f,1,00,0005,0000
1266,1266,0,344ba49034520000,fc,0,0,016f,bbd0,0,0000,016f,0,016f,0000,1,1,0,0,0000,016f,0000,0000,0000,0000,0,016f,016f,0000,0,000,016f,016f,1,00,0005,0000
1267,1267,0,344ba49034520000,fc,0,0,016f,bbd0,0,0000,016f,0,016f,0000,1,1,0,0,0000,016f,0000,0000,0000,0000,0,016f,016f,0000,0,000,016f,016f,1,00,0005,0000
1268,1268,0,344ba49034520000,fc,0,0,016f,bbd0,0,0000,016f,0,016f,0000,1,1,0,0,0000,016f,0000,0000,0000,0000,0,016f,016f,0000,0,000,016f,016f,1,00,0005,0000
1269,1269,0,344ba49034520000,fc,0,0,016f,bbd0,0,0000,016f,0,016f,0000,1,1,0,0,0000,016f,0000,0000,0000,0000,0,016f,016f,0000,0,000,016f,016f,1,00,0005,0000
1270,1270,0,344ba49034520000,fc,0,0,016f,bbd0,0,0000,016f,0,016f,0000,1,1,0,0,0000,016f,0000,0000,0000,0000,0,016f,016f,0000,0,000,016f,016f,1,00,0005,0000
1271,1271,0,344ba49034520000,fc,0,0,016f,bbd0,0,0000,016f,0,016f,0000,1,1,0,0,0000,016f,0000,0000,0000,0000,0,016f,016f,0000,0,000,016f,016f,1,00,0005,0000
1272,1272,0,344ba49034520000,fc,0,0,016f,bbd0,0,0000,016f,0,016f,0000,1,1,0,0,0000,016f,0000,0000,0000,0000,0,016f,016f,0000,0,000,016f,016f,1,00,0005,0000
1273,1273,0,344ba49034520000,fc,0,0,016f,bbd0,0,0000,016f,0,016f,0000,1,1,0,0,0000,016f,0000,0000,0000,0000,0,016f,016f,0000,0,000,016f,016f,1,00,0005,0000
1274,1274,0,344ba49034520000,fc,0,0,016f,bbd0,0,0000,016f,0,016f,0000,1,1,0,0,0000,016f,0000,0000,0000,0000,0,016f,016f,0000,0,000,016f,016f,1,00,0005,0000
1275,1275,0,344ba49034520000,fc,0,0,016f,bbd0,0,0000,016f,0,016f,0000,1,1,0,0,0000,016f,0000,0000,0000,0000,0,016f,016f,0000,0,000,016f,016f,1,00,0005,0000
1276,1276,0,344ba49034520000,fc,0,0,016f,bbd0,0,0000,016f,0,016f,0000,1,1,0,0,0000,016f,0000,0000,0000,0000,0,016f,016f,0000,0,000,016f,016f,1,00,0005,0000
1277,1277,0,344ba49034520000,fc,0,0,016f,bbd0,0,0000,016f,0,016f,0000,1,1,0,0,0000,016f,0000,0000,0000,0000,0,016f,016f,0000,0,000,016f,016f,1,00,0005,0000
1278,1278,0,344ba49034520000,fc,0,0,016f,bbd0,0,0000,016f,0,016f,0000,1,1,0,0,0000,016f,0000,0000,0000,0000,0,016f,016f,0000,0,000,016f,016f,1,00,0005,0000
1279,1279,0,344ba49034520000,fc,0,0,016f,bbd0,0,0000,016f,0,016f,0000,1,1,0,0,0000,016f,0000,0000,0000,0000,0,016f,016f,0000,0,000,016f,016f,1,00,0005,0000
1280,1280,0,344ba49034520000,fc,0,0,016f,bbd0,0,0000,016f,0,016f,0000,1,1,0,0,0000,016f,0000,0000,0000,0000,0,016f,016f,0000,0,000,016f,016f,1,00,0005,0000
1281,1281,0,344ba49034520000,fc,0,0,016f,bbd0,0,0000,016f,0,016f,0000,1,1,0,0,0000,016f,0000,0000,0000,0000,0,016f,016f,0000,0,000,016f,016f,1,00,0005,0000
1282,1282,0,344ba49034520000,fc,0,0,016f,bbd0,0,0000,016f,0,016f,0000,1,1,0,0,0000,016f,0000,0000,0000,0000,0,016f,016f,0000,0,000,016f,016f,1,00,0005,0000
1283,1283,0,344ba49034520000,fc,0,0,016f,bbd0,0,0000,016f,0,016f,0000,1,1,0,0,0000,016f,0000,0000,0000,0000,0,016f,016f,0000,0,000,016f,016f,1,00,0005,0000
1284,1284,0,344ba49034520000,fc,0,0,016f,bbd0,0,0000,016f,0,016f,0000,1,1,0,0,0000,016f,0000,0000,0000,0000,0,016f,016f,0000,0,000,016f,016f,1,00,0005,0000
1285,1285,0,344ba49034520000,fc,0,0,016f,bbd0,0,0000,016f,0,016f,0000,1,1,0,0,0000,016f,0000,0000,0000,0000,0,016f,016f,0000,0,000,016f,016f,1,00,0005,0000
1286,1286,0,344ba49034520000,fc,0,0,016f,bbd0,0,0000,016f,0,016f,0000,1,1,0,0,0000,016f,0000,0000,0000,0000,0,016f,016f,0000,0,000,016f,016f,1,00,0005,0000
1287,1287,0,344ba49034520000,fc,0,0,016f,bbd0,0,0000,016f,0,016f,0000,1,1,0,0,0000,016f,0000,0000,0000,0000,0,016f,016f,0000,0,000,016f,016f,1,00,0005,0000
1288,1288,0,344ba49034520000,fc,0,0,016f,bbd0,0,0000,016f,0,016f,0000,1,1,0,0,0000,016f,0000,0000,0000,0000,0,016f,016f,0000,0,000,016f,016f,1,00,0005,0000
1289,1289,0,344ba49034520000,fc,0,0,016f,bbd0,0,0000,016f,0,016f,0000,1,1,0,0,0000,016f,0000,0000,0000,0000,0,016f,016f,0000,0,000,016f,016f,1,00,0005,0000
1290,1290,0,344ba49034520000,fc,0,0,016f,bbd0,0,0000,016f,0,016f,0000,1,1,0,0,0000,016f,0000,0000,0000,0000,0,016f,016f,0000,0,000,016f,016f,1,00,0005,0000
1291,1291,0,344ba49034520000,fc,0,0,016f,bbd0,0,0000,016f,0,016f,0000,1,1,0,0,0000,016f,0000,0000,0000,0000,0,016f,016f,0000,0,000,016f,016f,1,00,0005,0000
1292,1292,0,344ba49034520000,fc,0,0,016f,bbd0,0,0000,016f,0,016f,0000,1,1,0,0,0000,016f,0000,0000,0000,0000,0,016f,016f,0000,0,000,016f,016f,1,00,0005,0000
1293,1293,0,344ba49034520000,fc,0,0,016f,bbd0,0,0000,016f,0,016f,0000,1,1,0,0,0000,016f,0000,0000,0000,0000,0,016f,016f,0000,0,000,016f,016f,1,00,0005,0000
1294,1294,0,344ba49034520000,fc,0,0,016f,bbd0,0,0000,016f,0,016f,0000,1,1,0,0,0000,016f,0000,0000,0000,0000,0,016f,016f,0000,0,000,016f,016f,1,00,0005,0000
1295,1295,0,344ba49034520000,fc,0,0,016f,bbd0,0,0000,016f,0,016f,0000,1,1,0,0,0000,016f,0000,0000,0000,0000,0,016f,016f,0000,0,000,016f,016f,1,00,0005,0000
1296,1296,0,344ba49034520000,fc,0,0,016f,bbd0,0,0000,016f,0,016f,0000,1,1,0,0,0000,016f,0000,0000,0000,0000,0,016f,016f,0000,0,000,016f,016f,1,00,0005,0000
1297,1297,0,344ba49034520000,fc,0,0,016f,bbd0,0,0000,016f,0,016f,0000,1,1,0,0,0000,016f,0000,0000,0000,0000,0,016f,016f,0000,0,000,016f,016f,1,00,0005,0000
1298,1298,0,344ba49034520000,fc,0,0,016f,bbd0,0,0000,016f,0,016f,0000,1,1,0,0,0000,016f,0000,0000,0000,0000,0,016f,016f,0000,0,000,016f,016f,1,00,0005,0000
1299,1299,0,344ba49034520000,fc,0,0,016f,bbd0,0,0000,016f,0,016f,0000,1,1,0,0,0000,016f,0000,0000,0000,0000,0,016f,016f,0000,0,000,016f,016f,1,00,0005,0000
1300,1300,0,344ba49034520000,fc,0,0,016f,bbd0,0,0000,016f,0,016f,0000,1,1,0,0,0000,016f,0000,0000,0000,0000,0,016f,016f,0000,0,000,016f,016f,1,00,0005,0000
1301,1301,0,344ba49034520000,fc,0,0,016f,bbd0,0,0000,016f,0,016f,0000,1,1,0,0,0000,016f,0000,0000,0000,0000,0,016f,016f,0000,0,000,016f,016f,1,00,0005,0000
1302,1302,0,344ba49034520000,fc,0,0,016f,bbd0,0,0000,016f,0,016f,0000,1,1,0,0,0000,016f,0000,0000,0000,0000,0,016f,016f,0000,0,000,016f,016f,1,00,0005,0000
1303,1303,0,344ba49034520000,fc,0,0,016f,bbd0,0,0000,016f,0,016f,0000,1,1,0,0,0000,016f,0000,0000,0000,0000,0,016f,016f,0000,0,000,016f,016f,1,00,0005,0000
1304,1304,0,344ba49034520000,fc,0,0,016f,bbd0,0,0000,016f,0,016f,0000,1,1,0,0,0000,016f,0000,0000,0000,0000,0,016f,016f,0000,0,000,016f,016f,1,00,0005,0000
1305,1305,0,344ba49034520000,fc,0,0,016f,bbd0,0,0000,016f,0,016f,0000,1,1,0,0,0000,016f,0000,0000,0000,0000,0,016f,016f,0000,0,000,016f,016f,1,00,0005,0000
1306,1306,0,344ba49034520000,fc,0,0,016f,bbd0,0,0000,016f,0,016f,0000,1,1,0,0,0000,016f,0000,0000,0000,0000,0,016f,016f,0000,0,000,016f,016f,1,00,0005,0000
1307,1307,0,344ba49034520000,fc,0,0,016f,bbd0,0,0000,016f,0,016f,0000,1,1,0,0,0000,016f,0000,0000,0000,0000,0,016f,016f,0000,0,000,016f,016f,1,00,0005,0000
1308,1308,0,344ba49034520000,fc,0,0,016f,bbd0,0,0000,016f,0,016f,0000,1,1,0,0,0000,016f,0000,0000,0000,0000,0,016f,016f,0000,0,000,016f,016f,1,00,0005,0000
1309,1309,0,344ba49034520000,fc,0,0,016f,bbd0,0,0000,016f,0,016f,0000,1,1,0,0,0000,016f,0000,0000,0000,0000,0,016f,016f,0000,0,000,016f,016f,1,00,0005,0000
1310,1310,0,344ba49034520000,fc,0,0,016f,bbd0,0,0000,016f,0,016f,0000,1,1,0,0,0000,016f,0000,0000,0000,0000,0,016f,016f,0000,0,000,016f,016f,1,00,0005,0000
1311,1311,0,344ba49034520000,fc,0,0,016f,bbd0,0,0000,016f,0,016f,0000,1,1,0,0,0000,016f,0000,0000,0000,0000,0,016f,016f,0000,0,000,016f,016f,1,00,0005,0000
1312,1312,0,344ba49034520000,fc,0,0,016f,bbd0,0,0000,016f,0,016f,0000,1,1,0,0,0000,016f,0000,0000,0000,0000,0,016f,016f,0000,0,000,016f,016f,1,00,0005,0000
1313,1313,0,344ba49034520000,fc,0,0,016f,bbd0,0,0000,016f,0,016f,0000,1,1,0,0,0000,016f,0000,0000,0000,0000,0,016f,016f,0000,0,000,016f,016f,1,00,0005,0000
1314,1314,0,344ba49034520000,fc,0,0,016f,bbd0,0,0000,016f,0,016f,0000,1,1,0,0,0000,016f,0000,0000,0000,0000,0,016f,016f,0000,0,000,016f,016f,1,00,0005,0000
1315,1315,0,344ba49034520000,fc,0,0,016f,bbd0,0,0000,016f,0,016f,0000,1,1,0,0,0000,016f,0000,0000,0000,0000,0,016f,016f,0000,0,000,016f,016f,1,00,0005,0000
1316,1316,0,344ba49034520000,fc,0,0,016f,bbd0,0,0000,016f,0,016f,0000,1,1,0,0,0000,016f,0000,0000,0000,0000,0,016f,016f,0000,0,000,016f,016f,1,00,0005,0000
1317,1317,0,344ba49034520000,fc,0,0,016f,bbd0,0,0000,016f,0,016f,0000,1,1,0,0,0000,016f,0000,0000,0000,0000,0,016f,016f,0000,0,000,016f,016f,1,00,0005,0000
1318,1318,0,344ba49034520000,fc,0,0,016f,bbd0,0,0000,016f,0,016f,0000,1,1,0,0,0000,016f,0000,0000,0000,0000,0,016f,016f,0000,0,000,016f,016f,1,00,0005,0000
1319,1319,0,344ba49034520000,fc,0,0,016f,bbd0,0,0000,016f,0,016f,0000,1,1,0,0,0000,016f,0000,0000,0000,0000,0,016f,016f,0000,0,000,016f,016f,1,00,0005,0000
1320,1320,0,344ba49034520000,fc,0,0,016f,bbd0,0,0000,016f,0,016f,0000,1,1,0,0,0000,016f,0000,0000,0000,0000,0,016f,016f,0000,0,000,016f,016f,1,00,0005,0000
1321,1321,0,344ba49034520000,fc,0,0,016f,bbd0,0,0000,016f,0,016f,0000,1,1,0,0,0000,016f,0000,0000,0000,0000,0,016f,016f,0000,0,000,016f,016f,1,00,0005,0000
1322,1322,0,344ba49034520000,fc,0,0,016f,bbd0,0,0000,016f,0,016f,0000,1,1,0,0,0000,016f,0000,0000,0000,0000,0,016f,016f,0000,0,000,016f,016f,1,00,0005,0000
1323,1323,0,344ba49034520000,fc,0,0,016f,bbd0,0,0000,016f,0,016f,0000,1,1,0,0,0000,016f,0000,0000,0000,0000,0,016f,016f,0000,0,000,016f,016f,1,00,0005,0000
1324,1324,0,344ba49034520000,fc,0,0,016f,bbd0,0,0000,016f,0,016f,0000,1,1,0,0,0000,016f,0000,0000,0000,0000,0,016f,016f,0000,0,000,016f,016f,1,00,0005,0000
1325,1325,0,344ba49034520000,fc,0,0,016f,bbd0,0,0000,016f,0,016f,0000,1,1,0,0,0000,016f,0000,0000,0000,0000,0,016f,016f,0000,0,000,016f,016f,1,00,0005,0000
1326,1326,0,344ba49034520000,fc,0,0,016f,bbd0,0,0000,016f,0,016f,0000,1,1,0,0,0000,016f,0000,0000,0000,0000,0,016f,016f,0000,0,000,016f,016f,1,00,0005,0000
1327,1327,0,344ba49034520000,fc,0,0,016f,bbd0,0,0000,016f,0,016f,0000,1,1,0,0,0000,016f,0000,0000,0000,0000,0,016f,016f,0000,0,000,016f,016f,1,00,0005,0000
1328,1328,0,344ba49034520000,fc,0,0,016f,bbd0,0,0000,016f,0,016f,0000,1,1,0,0,0000,016f,0000,0000,0000,0000,0,016f,016f,0000,0,000,016f,016f,1,00,0005,0000
1329,1329,0,344ba49034520000,fc,0,0,016f,bbd0,0,0000,016f,0,016f,0000,1,1,0,0,0000,016f,0000,0000,0000,0000,0,016f,016f,0000,0,000,016f,016f,1,00,0005,0000
1330,1330,0,344ba49034520000,fc,0,0,016f,bbd0,0,0000,016f,0,016f,0000,1,1,0,0,0000,016f,0000,0000,0000,0000,0,016f,016f,0000,0,000,016f,016f,1,00,0005,0000
1331,1331,0,344ba49034520000,fc,0,0,016f,bbd0,0,0000,016f,0,016f,0000,1,1,0,0,0000,016f,0000,0000,0000,0000,0,016f,016f,0000,0,000,016f,016f,1,00,0005,0000
1332,1332,0,344ba49034520000,fc,0,0,016f,bbd0,0,0000,016f,0,016f,0000,1,1,0,0,0000,016f,0000,0000,0000,0000,0,016f,016f,0000,0,000,016f,016f,1,00,0005,0000
1333,1333,0,344ba49034520000,fc,0,0,016f,bbd0,0,0000,016f,0,016f,0000,1,1,0,0,0000,016f,0000,0000,0000,0000,0,016f,016f,0000,0,000,016f,016f,1,00,0005,0000
1334,1334,0,344ba49034520000,fc,0,0,016f,bbd0,0,0000,016f,0,016f,0000,1,1,0,0,0000,016f,0000,0000,0000,0000,0,016f,016f,0000,0,000,016f,016f,1,00,0005,0000
1335,1335,0,344ba49034520000,fc,0,0,016f,bbd0,0,0000,016f,0,016f,0000,1,1,0,0,0000,016f,0000,0000,0000,0000,0,016f,016f,0000,0,000,016f,016f,1,00,0005,0000
1336,1336,0,344ba49034520000,fc,0,0,016f,bbd0,0,0000,016f,0,016f,0000,1,1,0,0,0000,016f,0000,0000,0000,0000,0,016f,016f,0000,0,000,016f,016f,1,00,0005,0000
1337,1337,0,344ba49034520000,fc,0,0,016f,bbd0,0,0000,016f,0,016f,0000,1,1,0,0,0000,016f,0000,0000,0000,0000,0,016f,016f,0000,0,000,016f,016f,1,00,0005,0000
1338,1338,0,344ba49034520000,fc,0,0,016f,bbd0,0,0000,016f,0,016f,0000,1,1,0,0,0000,016f,0000,0000,0000,0000,0,016f,016f,0000,0,000,016f,016f,1,00,0005,0000
1339,1339,0,344ba49034520000,fc,0,0,016f,bbd0,0,0000,016f,0,016f,0000,1,1,0,0,0000,016f,0000,0000,0000,0000,0,016f,016f,0000,0,000,016f,016f,1,00,0005,0000
1340,1340,0,344ba49034520000,fc,0,0,016f,bbd0,0,0000,016f,0,016f,0000,1,1,0,0,0000,016f,0000,0000,0000,0000,0,016f,016f,0000,0,000,016f,016f,1,00,0005,0000
1341,1341,0,344ba49034520000,fc,0,0,016f,bbd0,0,0000,016f,0,016f,0000,1,1,0,0,0000,016f,0000,0000,0000,0000,0,016f,016f,0000,0,000,016f,016f,1,00,0005,0000
1342,1342,0,344ba49034520000,fc,0,0,016f,bbd0,0,0000,016f,0,016f,0000,1,1,0,0,0000,016f,0000,0000,0000,0000,0,016f,016f,0000,0,000,016f,016f,1,00,0005,0000
1343,1343,0,344ba49034520000,fc,0,0,016f,bbd0,0,0000,016f,0,016f,0000,1,1,0,0,0000,016f,0000,0000,0000,0000,0,016f,016f,0000,0,000,016f,016f,1,00,0005,0000
1344,1344,0,344ba49034520000,fc,0,0,016f,bbd0,0,0000,016f,0,016f,0000,1,1,0,0,0000,016f,0000,0000,0000,0000,0,016f,016f,0000,0,000,016f,016f,1,00,0005,0000
1345,1345,0,344ba49034520000,fc,0,0,016f,bbd0,0,0000,016f,0,016f,0000,1,1,0,0,0000,016f,0000,0000,0000,0000,0,016f,016f,0000,0,000,016f,016f,1,00,0005,0000
1346,1346,0,344ba49034520000,fc,0,0,016f,bbd0,0,0000,016f,0,016f,0000,1,1,0,0,0000,016f,0000,0000,0000,0000,0,016f,016f,0000,0,000,016f,016f,1,00,0005,0000
1347,1347,0,344ba49034520000,fc,0,0,016f,bbd0,0,0000,016f,0,016f,0000,1,1,0,0,0000,016f,0000,0000,0000,0000,0,016f,016f,0000,0,000,016f,016f,1,00,0005,0000
1348,1348,0,344ba49034520000,fc,0,0,016f,bbd0,0,0000,016f,0,016f,0000,1,1,0,0,0000,016f,0000,0000,0000,0000,0,016f,016f,0000,0,000,016f,016f,1,00,0005,0000
1349,1349,0,344ba49034520000,fc,0,0,016f,bbd0,0,0000,016f,0,016f,0000,1,1,0,0,0000,016f,0000,0000,0000,0000,0,016f,016f,0000,0,000,016f,016f,1,00,0005,0000
1350,1350,0,344ba49034520000,fc,0,0,016f,bbd0,0,0000,016f,0,016f,0000,1,1,0,0,0000,016f,0000,0000,0000,0000,0,016f,016f,0000,0,000,016f,016f,1,00,0005,0000
1351,1351,0,344ba49034520000,fc,0,0,016f,bbd0,0,0000,016f,0,016f,0000,1,1,0,0,0000,016f,0000,0000,0000,0000,0,016f,016f,0000,0,000,016f,016f,1,00,0005,0000
1352,1352,0,344ba49034520000,fc,0,0,016f,bbd0,0,0000,016f,0,016f,0000,1,1,0,0,0000,016f,0000,0000,0000,0000,0,016f,016f,0000,0,000,016f,016f,1,00,0005,0000
1353,1353,0,344ba49034520000,fc,0,0,016f,bbd0,0,0000,016f,0,016f,0000,1,1,0,0,0000,016f,0000,0000,0000,0000,0,016f,016f,0000,0,000,016f,016f,1,00,0005,0000
1354,1354,0,344ba49034520000,fc,0,0,016f,bbd0,0,0000,016f,0,016f,0000,1,1,0,0,0000,016f,0000,0000,0000,0000,0,016f,016f,0000,0,000,016f,016f,1,00,0005,0000
1355,1355,0,344ba49034520000,fc,0,0,016f,bbd0,0,0000,016f,0,016f,0000,1,1,0,0,0000,016f,0000,0000,0000,0000,0,016f,016f,0000,0,000,016f,016f,1,00,0005,0000
1356,1356,0,344ba49034520000,fc,0,0,016f,bbd0,0,0000,016f,0,016f,0000,1,1,0,0,0000,016f,0000,0000,0000,0000,0,016f,016f,0000,0,000,016f,016f,1,00,0005,0000
1357,1357,0,344ba49034520000,fc,0,0,016f,bbd0,0,0000,016f,0,016f,0000,1,1,0,0,0000,016f,0000,0000,0000,0000,0,016f,016f,0000,0,000,016f,016f,1,00,0005,0000
1358,1358,0,344ba49034520000,fc,0,0,016f,bbd0,0,0000,016f,0,016f,0000,1,1,0,0,0000,016f,0000,0000,0000,0000,0,016f,016f,0000,0,000,016f,016f,1,00,0005,0000
1359,1359,0,344ba49034520000,fc,0,0,016f,bbd0,0,0000,016f,0,016f,0000,1,1,0,0,0000,016f,0000,0000,0000,0000,0,016f,016f,0000,0,000,016f,016f,1,00,0005,0000
1360,1360,0,344ba49034520000,fc,0,0,016f,bbd0,0,0000,016f,0,016f,0000,1,1,0,0,0000,016f,0000,0000,0000,0000,0,016f,016f,0000,0,000,016f,016f,1,00,0005,0000
1361,1361,0,344ba49034520000,fc,0,0,016f,bbd0,0,0000,016f,0,016f,0000,1,1,0,0,0000,016f,0000,0000,0000,0000,0,016f,016f,0000,0,000,016f,016f,1,00,0005,0000
1362,1362,0,344ba49034520000,fc,0,0,016f,bbd0,0,0000,016f,0,016f,0000,1,1,0,0,0000,016f,0000,0000,0000,0000,0,016f,016f,0000,0,000,016f,016f,1,00,0005,0000
1363,1363,0,344ba49034520000,fc,0,0,016f,bbd0,0,0000,016f,0,016f,0000,1,1,0,0,0000,016f,0000,0000,0000,0000,0,016f,016f,0000,0,000,016f,016f,1,00,0005,0000
1364,1364,0,344ba49034520000,fc,0,0,016f,bbd0,0,0000,016f,0,016f,0000,1,1,0,0,0000,016f,0000,0000,0000,0000,0,016f,016f,0000,0,000,016f,016f,1,00,0005,0000
1365,1365,0,344ba49034520000,fc,0,0,016f,bbd0,0,0000,016f,0,016f,0000,1,1,0,0,0000,016f,0000,0000,0000,0000,0,016f,016f,0000,0,000,016f,016f,1,00,0005,0000
1366,1366,0,344ba49034520000,fc,0,0,016f,bbd0,0,0000,016f,0,016f,0000,1,1,0,0,0000,016f,0000,0000,0000,0000,0,016f,016f,0000,0,000,016f,016f,1,00,0005,0000
1367,1367,0,344ba49034520000,fc,0,0,016f,bbd0,0,0000,016f,0,016f,0000,1,1,0,0,0000,016f,0000,0000,0000,0000,0,016f,016f,0000,0,000,016f,016f,1,00,0005,0000
1368,1368,0,344ba49034520000,fc,0,0,016f,bbd0,0,0000,016f,0,016f,0000,1,1,0,0,0000,016f,0000,0000,0000,0000,0,016f,016f,0000,0,000,016f,016f,1,00,0005,0000
1369,1369,0,344ba49034520000,fc,0,0,016f,bbd0,0,0000,016f,0,016f,0000,1,1,0,0,0000,016f,0000,0000,0000,0000,0,016f,016f,0000,0,000,016f,016f,1,00,0005,0000
1370,1370,0,344ba49034520000,fc,0,0,016f,bbd0,0,0000,016f,0,016f,0000,1,1,0,0,0000,016f,0000,0000,0000,0000,0,016f,016f,0000,0,000,016f,016f,1,00,0005,0000
1371,1371,0,344ba49034520000,fc,0,0,016f,bbd0,0,0000,016f,0,016f,0000,1,1,0,0,0000,016f,0000,0000,0000,0000,0,016f,016f,0000,0,000,016f,016f,1,00,0005,0000
1372,1372,0,344ba49034520000,fc,0,0,016f,bbd0,0,0000,016f,0,016f,0000,1,1,0,0,0000,016f,0000,0000,0000,0000,0,016f,016f,0000,0,000,016f,016f,1,00,0005,0000
1373,1373,0,344ba49034520000,fc,0,0,016f,bbd0,0,0000,016f,0,016f,0000,1,1,0,0,0000,016f,0000,0000,0000,0000,0,016f,016f,0000,0,000,016f,016f,1,00,0005,0000
1374,1374,0,344ba49034520000,fc,0,0,016f,bbd0,0,0000,016f,0,016f,0000,1,1,0,0,0000,016f,0000,0000,0000,0000,0,016f,016f,0000,0,000,016f,016f,1,00,0005,0000
1375,1375,0,344ba49034520000,fc,0,0,016f,bbd0,0,0000,016f,0,016f,0000,1,1,0,0,0000,016f,0000,0000,0000,0000,0,016f,016f,0000,0,000,016f,016f,1,00,0005,0000
1376,1376,0,344ba49034520000,fc,0,0,016f,bbd0,0,0000,016f,0,016f,0000,1,1,0,0,0000,016f,0000,0000,0000,0000,0,016f,016f,0000,0,000,016f,016f,1,00,0005,0000
1377,1377,0,344ba49034520000,fc,0,0,016f,bbd0,0,0000,016f,0,016f,0000,1,1,0,0,0000,016f,0000,0000,0000,0000,0,016f,016f,0000,0,000,016f,016f,1,00,0005,0000
1378,1378,0,344ba49034520000,fc,0,0,016f,bbd0,0,0000,016f,0,016f,0000,1,1,0,0,0000,016f,0000,0000,0000,0000,0,016f,016f,0000,0,000,016f,016f,1,00,0005,0000
1379,1379,0,344ba49034520000,fc,0,0,016f,bbd0,0,0000,016f,0,016f,0000,1,1,0,0,0000,016f,0000,0000,0000,0000,0,016f,016f,0000,0,000,016f,016f,1,00,0005,0000
1380,1380,0,344ba49034520000,fc,0,0,016f,bbd0,0,0000,016f,0,016f,0000,1,1,0,0,0000,016f,0000,0000,0000,0000,0,016f,016f,0000,0,000,016f,016f,1,00,0005,0000
1381,1381,0,344ba49034520000,fc,0,0,016f,bbd0,0,0000,016f,0,016f,0000,1,1,0,0,0000,016f,0000,0000,0000,0000,0,016f,016f,0000,0,000,016f,016f,1,00,0005,0000
1382,1382,0,344ba49034520000,fc,0,0,016f,bbd0,0,0000,016f,0,016f,0000,1,1,0,0,0000,016f,0000,0000,0000,0000,0,016f,016f,0000,0,000,016f,016f,1,00,0005,0000
1383,1383,0,344ba49034520000,fc,0,0,016f,bbd0,0,0000,016f,0,016f,0000,1,1,0,0,0000,016f,0000,0000,0000,0000,0,016f,016f,0000,0,000,016f,016f,1,00,0005,0000
1384,1384,0,344ba49034520000,fc,0,0,016f,bbd0,0,0000,016f,0,016f,0000,1,1,0,0,0000,016f,0000,0000,0000,0000,0,016f,016f,0000,0,000,016f,016f,1,00,0005,0000
1385,1385,0,344ba49034520000,fc,0,0,016f,bbd0,0,0000,016f,0,016f,0000,1,1,0,0,0000,016f,0000,0000,0000,0000,0,016f,016f,0000,0,000,016f,016f,1,00,0005,0000
1386,1386,0,344ba49034520000,fc,0,0,016f,bbd0,0,0000,016f,0,016f,0000,1,1,0,0,0000,016f,0000,0000,0000,0000,0,016f,016f,0000,0,000,016f,016f,1,00,0005,0000
1387,1387,0,344ba49034520000,fc,0,0,016f,bbd0,0,0000,016f,0,016f,0000,1,1,0,0,0000,016f,0000,0000,0000,0000,0,016f,016f,0000,0,000,016f,016f,1,00,0005,0000
1388,1388,0,344ba49034520000,fc,0,0,016f,bbd0,0,0000,016f,0,016f,0000,1,1,0,0,0000,016f,0000,0000,0000,0000,0,016f,016f,0000,0,000,016f,016f,1,00,0005,0000
1389,1389,0,344ba49034520000,fc,0,0,016f,bbd0,0,0000,016f,0,016f,0000,1,1,0,0,0000,016f,0000,0000,0000,0000,0,016f,016f,0000,0,000,016f,016f,1,00,0005,0000
1390,1390,0,344ba49034520000,fc,0,0,016f,bbd0,0,0000,016f,0,016f,0000,1,1,0,0,0000,016f,0000,0000,0000,0000,0,016f,016f,0000,0,000,016f,016f,1,00,0005,0000
1391,1391,0,344ba49034520000,fc,0,0,016f,bbd0,0,0000,016f,0,016f,0000,1,1,0,0,0000,016f,0000,0000,0000,0000,0,016f,016f,0000,0,000,016f,016f,1,00,0005,0000
1392,1392,0,344ba49034520000,fc,0,0,016f,bbd0,0,0000,016f,0,016f,0000,1,1,0,0,0000,016f,0000,0000,0000,0000,0,016f,016f,0000,0,000,016f,016f,1,00,0005,0000
1393,1393,0,344ba49034520000,fc,0,0,016f,bbd0,0,0000,016f,0,016f,0000,1,1,0,0,0000,016f,0000,0000,0000,0000,0,016f,016f,0000,0,000,016f,016f,1,00,0005,0000
1394,1394,0,344ba49034520000,fc,0,0,016f,bbd0,0,0000,016f,0,016f,0000,1,1,0,0,0000,016f,0000,0000,0000,0000,0,016f,016f,0000,0,000,016f,016f,1,00,0005,0000
1395,1395,0,344ba49034520000,fc,0,0,016f,bbd0,0,0000,016f,0,016f,0000,1,1,0,0,0000,016f,0000,0000,0000,0000,0,016f,016f,0000,0,000,016f,016f,1,00,0005,0000
1396,1396,0,344ba49034520000,fc,0,0,016f,bbd0,0,0000,016f,0,016f,0000,1,1,0,0,0000,016f,0000,0000,0000,0000,0,016f,016f,0000,0,000,016f,016f,1,00,0005,0000
1397,1397,0,344ba49034520000,fc,0,0,016f,bbd0,0,0000,016f,0,016f,0000,1,1,0,0,0000,016f,0000,0000,0000,0000,0,016f,016f,0000,0,000,016f,016f,1,00,0005,0000
1398,1398,0,344ba49034520000,fc,0,0,016f,bbd0,0,0000,016f,0,016f,0000,1,1,0,0,0000,016f,0000,0000,0000,0000,0,016f,016f,0000,0,000,016f,016f,1,00,0005,0000
1399,1399,0,344ba49034520000,fc,0,0,016f,bbd0,0,0000,016f,0,016f,0000,1,1,0,0,0000,016f,0000,0000,0000,0000,0,016f,016f,0000,0,000,016f,016f,1,00,0005,0000
1400,1400,0,344ba49034520000,fc,0,0,016f,bbd0,0,0000,016f,0,016f,0000,1,1,0,0,0000,016f,0000,0000,0000,0000,0,016f,016f,0000,0,000,016f,016f,1,00,0005,0000
1401,1401,0,344ba49034520000,fc,0,0,016f,bbd0,0,0000,016f,0,016f,0000,1,1,0,0,0000,016f,0000,0000,0000,0000,0,016f,016f,0000,0,000,016f,016f,1,00,0005,0000
1402,1402,0,344ba49034520000,fc,0,0,016f,bbd0,0,0000,016f,0,016f,0000,1,1,0,0,0000,016f,0000,0000,0000,0000,0,016f,016f,0000,0,000,016f,016f,1,00,0005,0000
1403,1403,0,344ba49034520000,fc,0,0,016f,bbd0,0,0000,016f,0,016f,0000,1,1,0,0,0000,016f,0000,0000,0000,0000,0,016f,016f,0000,0,000,016f,016f,1,00,0005,0000
1404,1404,0,344ba49034520000,fc,0,0,016f,bbd0,0,0000,016f,0,016f,0000,1,1,0,0,0000,016f,0000,0000,0000,0000,0,016f,016f,0000,0,000,016f,016f,1,00,0005,0000
1405,1405,0,344ba49034520000,fc,0,0,016f,bbd0,0,0000,016f,0,016f,0000,1,1,0,0,0000,016f,0000,0000,0000,0000,0,016f,016f,0000,0,000,016f,016f,1,00,0005,0000
1406,1406,0,344ba49034520000,fc,0,0,016f,bbd0,0,0000,016f,0,016f,0000,1,1,0,0,0000,016f,0000,0000,0000,0000,0,016f,016f,0000,0,000,016f,016f,1,00,0005,0000
1407,1407,0,344ba49034520000,fc,0,0,016f,bbd0,0,0000,016f,0,016f,0000,1,1,0,0,0000,016f,0000,0000,0000,0000,0,016f,016f,0000,0,000,016f,016f,1,00,0005,0000
1408,1408,0,344ba49034520000,fc,0,0,016f,bbd0,0,0000,016f,0,016f,0000,1,1,0,0,0000,016f,0000,0000,0000,0000,0,016f,016f,0000,0,000,016f,016f,1,00,0005,0000
1409,1409,0,344ba49034520000,fc,0,0,016f,bbd0,0,0000,016f,0,016f,0000,1,1,0,0,0000,016f,0000,0000,0000,0000,0,016f,016f,0000,0,000,016f,016f,1,00,0005,0000
1410,1410,0,344ba49034520000,fc,0,0,016f,bbd0,0,0000,016f,0,016f,0000,1,1,0,0,0000,016f,0000,0000,0000,0000,0,016f,016f,0000,0,000,016f,016f,1,00,0005,0000
1411,1411,0,344ba49034520000,fc,0,0,016f,bbd0,0,0000,016f,0,016f,0000,1,1,0,0,0000,016f,0000,0000,0000,0000,0,016f,016f,0000,0,000,016f,016f,1,00,0005,0000
1412,1412,0,344ba49034520000,fc,0,0,016f,bbd0,0,0000,016f,0,016f,0000,1,1,0,0,0000,016f,0000,0000,0000,0000,0,016f,016f,0000,0,000,016f,016f,1,00,0005,0000
1413,1413,0,344ba49034520000,fc,0,0,016f,bbd0,0,0000,016f,0,016f,0000,1,1,0,0,0000,016f,0000,0000,0000,0000,0,016f,016f,0000,0,000,016f,016f,1,00,0005,0000
1414,1414,0,344ba49034520000,fc,0,0,016f,bbd0,0,0000,016f,0,016f,0000,1,1,0,0,0000,016f,0000,0000,0000,0000,0,016f,016f,0000,0,000,016f,016f,1,00,0005,0000
1415,1415,0,344ba49034520000,fc,0,0,016f,bbd0,0,0000,016f,0,016f,0000,1,1,0,0,0000,016f,0000,0000,0000,0000,0,016f,016f,0000,0,000,016f,016f,1,00,0005,0000
1416,1416,0,344ba49034520000,fc,0,0,016f,bbd0,0,0000,016f,0,016f,0000,1,1,0,0,0000,016f,0000,0000,0000,0000,0,016f,016f,0000,0,000,016f,016f,1,00,0005,0000
1417,1417,0,344ba49034520000,fc,0,0,016f,bbd0,0,0000,016f,0,016f,0000,1,1,0,0,0000,016f,0000,0000,0000,0000,0,016f,016f,0000,0,000,016f,016f,1,00,0005,0000
1418,1418,0,344ba49034520000,fc,0,0,016f,bbd0,0,0000,016f,0,016f,0000,1,1,0,0,0000,016f,0000,0000,0000,0000,0,016f,016f,0000,0,000,016f,016f,1,00,0005,0000
1419,1419,0,344ba49034520000,fc,0,0,016f,bbd0,0,0000,016f,0,016f,0000,1,1,0,0,0000,016f,0000,0000,0000,0000,0,016f,016f,0000,0,000,016f,016f,1,00,0005,0000
1420,1420,0,344ba49034520000,fc,0,0,016f,bbd0,0,0000,016f,0,016f,0000,1,1,0,0,0000,016f,0000,0000,0000,0000,0,016f,016f,0000,0,000,016f,016f,1,00,0005,0000
1421,1421,0,344ba49034520000,fc,0,0,016f,bbd0,0,0000,016f,0,016f,0000,1,1,0,0,0000,016f,0000,0000,0000,0000,0,016f,016f,0000,0,000,016f,016f,1,00,0005,0000
1422,1422,0,344ba49034520000,fc,0,0,016f,bbd0,0,0000,016f,0,016f,0000,1,1,0,0,0000,016f,0000,0000,0000,0000,0,016f,016f,0000,0,000,016f,016f,1,00,0005,0000
1423,1423,0,344ba49034520000,fc,0,0,016f,bbd0,0,0000,016f,0,016f,0000,1,1,0,0,0000,016f,0000,0000,0000,0000,0,016f,016f,0000,0,000,016f,016f,1,00,0005,0000
1424,1424,0,344ba49034520000,fc,0,0,016f,bbd0,0,0000,016f,0,016f,0000,1,1,0,0,0000,016f,0000,0000,0000,0000,0,016f,016f,0000,0,000,016f,016f,1,00,0005,0000
1425,1425,0,344ba49034520000,fc,0,0,016f,bbd0,0,0000,016f,0,016f,0000,1,1,0,0,0000,016f,0000,0000,0000,0000,0,016f,016f,0000,0,000,016f,016f,1,00,0005,0000
1426,1426,0,344ba49034520000,fc,0,0,016f,bbd0,0,0000,016f,0,016f,0000,1,1,0,0,0000,016f,0000,0000,0000,0000,0,016f,016f,0000,0,000,016f,016f,1,00,0005,0000
1427,1427,0,344ba49034520000,fc,0,0,016f,bbd0,0,0000,016f,0,016f,0000,1,1,0,0,0000,016f,0000,0000,0000,0000,0,016f,016f,0000,0,000,016f,016f,1,00,0005,0000
1428,1428,0,344ba49034520000,fc,0,0,016f,bbd0,0,0000,016f,0,016f,0000,1,1,0,0,0000,016f,0000,0000,0000,0000,0,016f,016f,0000,0,000,016f,016f,1,00,0005,0000
1429,1429,0,344ba49034520000,fc,0,0,016f,bbd0,0,0000,016f,0,016f,0000,1,1,0,0,0000,016f,0000,0000,0000,0000,0,016f,016f,0000,0,000,016f,016f,1,00,0005,0000
1430,1430,0,344ba49034520000,fc,0,0,016f,bbd0,0,0000,016f,0,016f,0000,1,1,0,0,0000,016f,0000,0000,0000,0000,0,016f,016f,0000,0,000,016f,016f,1,00,0005,0000
1431,1431,0,344ba49034520000,fc,0,0,016f,bbd0,0,0000,016f,0,016f,0000,1,1,0,0,0000,016f,0000,0000,0000,0000,0,016f,016f,0000,0,000,016f,016f,1,00,0005,0000
1432,1432,0,344ba49034520000,fc,0,0,016f,bbd0,0,0000,016f,0,016f,0000,1,1,0,0,0000,016f,0000,0000,0000,0000,0,016f,016f,0000,0,000,016f,016f,1,00,0005,0000
1433,1433,0,344ba49034520000,fc,0,0,016f,bbd0,0,0000,016f,0,016f,0000,1,1,0,0,0000,016f,0000,0000,0000,0000,0,016f,016f,0000,0,000,016f,016f,1,00,0005,0000
1434,1434,0,344ba49034520000,fc,0,0,016f,bbd0,0,0000,016f,0,016f,0000,1,1,0,0,0000,016f,0000,0000,0000,0000,0,016f,016f,0000,0,000,016f,016f,1,00,0005,0000
1435,1435,0,344ba49034520000,fc,0,0,016f,bbd0,0,0000,016f,0,016f,0000,1,1,0,0,0000,016f,0000,0000,0000,0000,0,016f,016f,0000,0,000,016f,016f,1,00,0005,0000
1436,1436,0,344ba49034520000,fc,0,0,016f,bbd0,0,0000,016f,0,016f,0000,1,1,0,0,0000,016f,0000,0000,0000,0000,0,016f,016f,0000,0,000,016f,016f,1,00,0005,0000
1437,1437,0,344ba49034520000,fc,0,0,016f,bbd0,0,0000,016f,0,016f,0000,1,1,0,0,0000,016f,0000,0000,0000,0000,0,016f,016f,0000,0,000,016f,016f,1,00,0005,0000
1438,1438,0,344ba49034520000,fc,0,0,016f,bbd0,0,0000,016f,0,016f,0000,1,1,0,0,0000,016f,0000,0000,0000,0000,0,016f,016f,0000,0,000,016f,016f,1,00,0005,0000
1439,1439,0,344ba49034520000,fc,0,0,016f,bbd0,0,0000,016f,0,016f,0000,1,1,0,0,0000,016f,0000,0000,0000,0000,0,016f,016f,0000,0,000,016f,016f,1,00,0005,0000
1440,1440,0,344ba49034520000,fc,0,0,016f,bbd0,0,0000,016f,0,016f,0000,1,1,0,0,0000,016f,0000,0000,0000,0000,0,016f,016f,0000,0,000,016f,016f,1,00,0005,0000
1441,1441,0,344ba49034520000,fc,0,0,016f,bbd0,0,0000,016f,0,016f,0000,1,1,0,0,0000,016f,0000,0000,0000,0000,0,016f,016f,0000,0,000,016f,016f,1,00,0005,0000
1442,1442,0,344ba49034520000,fc,0,0,016f,bbd0,0,0000,016f,0,016f,0000,1,1,0,0,0000,016f,0000,0000,0000,0000,0,016f,016f,0000,0,000,016f,016f,1,00,0005,0000
1443,1443,0,344ba49034520000,fc,0,0,016f,bbd0,0,0000,016f,0,016f,0000,1,1,0,0,0000,016f,0000,0000,0000,0000,0,016f,016f,0000,0,000,016f,016f,1,00,0005,0000
1444,1444,0,344ba49034520000,fc,0,0,016f,bbd0,0,0000,016f,0,016f,0000,1,1,0,0,0000,016f,0000,0000,0000,0000,0,016f,016f,0000,0,000,016f,016f,1,00,0005,0000
1445,1445,0,344ba49034520000,fc,0,0,016f,bbd0,0,0000,016f,0,016f,0000,1,1,0,0,0000,016f,0000,0000,0000,0000,0,016f,016f,0000,0,000,016f,016f,1,00,0005,0000
1446,1446,0,344ba49034520000,fc,0,0,016f,bbd0,0,0000,016f,0,016f,0000,1,1,0,0,0000,016f,0000,0000,0000,0000,0,016f,016f,0000,0,000,016f,016f,1,00,0005,0000
1447,1447,0,344ba49034520000,fc,0,0,016f,bbd0,0,0000,016f,0,016f,0000,1,1,0,0,0000,016f,0000,0000,0000,0000,0,016f,016f,0000,0,000,016f,016f,1,00,0005,0000
1448,1448,0,344ba49034520000,fc,0,0,016f,bbd0,0,0000,016f,0,016f,0000,1,1,0,0,0000,016f,0000,0000,0000,0000,0,016f,016f,0000,0,000,016f,016f,1,00,0005,0000
1449,1449,0,344ba49034520000,fc,0,0,016f,bbd0,0,0000,016f,0,016f,0000,1,1,0,0,0000,016f,0000,0000,0000,0000,0,016f,016f,0000,0,000,016f,016f,1,00,0005,0000
1450,1450,0,344ba49034520000,fc,0,0,016f,bbd0,0,0000,016f,0,016f,0000,1,1,0,0,0000,016f,0000,0000,0000,0000,0,016f,016f,0000,0,000,016f,016f,1,00,0005,0000
1451,1451,0,344ba49034520000,fc,0,0,016f,bbd0,0,0000,016f,0,016f,0000,1,1,0,0,0000,016f,0000,0000,0000,0000,0,016f,016f,0000,0,000,016f,016f,1,00,0005,0000
1452,1452,0,344ba49034520000,fc,0,0,016f,bbd0,0,0000,016f,0,016f,0000,1,1,0,0,0000,016f,0000,0000,0000,0000,0,016f,016f,0000,0,000,016f,016f,1,00,0005,0000
1453,1453,0,344ba49034520000,fc,0,0,016f,bbd0,0,0000,016f,0,016f,0000,1,1,0,0,0000,016f,0000,0000,0000,0000,0,016f,016f,0000,0,000,016f,016f,1,00,0005,0000
1454,1454,0,344ba49034520000,fc,0,0,016f,bbd0,0,0000,016f,0,016f,0000,1,1,0,0,0000,016f,0000,0000,0000,0000,0,016f,016f,0000,0,000,016f,016f,1,00,0005,0000
1455,1455,0,344ba49034520000,fc,0,0,016f,bbd0,0,0000,016f,0,016f,0000,1,1,0,0,0000,016f,0000,0000,0000,0000,0,016f,016f,0000,0,000,016f,016f,1,00,0005,0000
1456,1456,0,344ba49034520000,fc,0,0,016f,bbd0,0,0000,016f,0,016f,0000,1,1,0,0,0000,016f,0000,0000,0000,0000,0,016f,016f,0000,0,000,016f,016f,1,00,0005,0000
1457,1457,0,344ba49034520000,fc,0,0,016f,bbd0,0,0000,016f,0,016f,0000,1,1,0,0,0000,016f,0000,0000,0000,0000,0,016f,016f,0000,0,000,016f,016f,1,00,0005,0000
1458,1458,0,344ba49034520000,fc,0,0,016f,bbd0,0,0000,016f,0,016f,0000,1,1,0,0,0000,016f,0000,0000,0000,0000,0,016f,016f,0000,0,000,016f,016f,1,00,0005,0000
1459,1459,0,344ba49034520000,fc,0,0,016f,bbd0,0,0000,016f,0,016f,0000,1,1,0,0,0000,016f,0000,0000,0000,0000,0,016f,016f,0000,0,000,016f,016f,1,00,0005,0000
1460,1460,0,344ba49034520000,fc,0,0,016f,bbd0,0,0000,016f,0,016f,0000,1,1,0,0,0000,016f,0000,0000,0000,0000,0,016f,016f,0000,0,000,016f,016f,1,00,0005,0000
1461,1461,0,344ba49034520000,fc,0,0,016f,bbd0,0,0000,016f,0,016f,0000,1,1,0,0,0000,016f,0000,0000,0000,0000,0,016f,016f,0000,0,000,016f,016f,1,00,0005,0000
1462,1462,0,344ba49034520000,fc,0,0,016f,bbd0,0,0000,016f,0,016f,0000,1,1,0,0,0000,016f,0000,0000,0000,0000,0,016f,016f,0000,0,000,016f,016f,1,00,0005,0000
1463,1463,0,344ba49034520000,fc,0,0,016f,bbd0,0,0000,016f,0,016f,0000,1,1,0,0,0000,016f,0000,0000,0000,0000,0,016f,016f,0000,0,000,016f,016f,1,00,0005,0000
1464,1464,0,344ba49034520000,fc,0,0,016f,bbd0,0,0000,016f,0,016f,0000,1,1,0,0,0000,016f,0000,0000,0000,0000,0,016f,016f,0000,0,000,016f,016f,1,00,0005,0000
1465,1465,0,344ba49034520000,fc,0,0,016f,bbd0,0,0000,016f,0,016f,0000,1,1,0,0,0000,016f,0000,0000,0000,0000,0,016f,016f,0000,0,000,016f,016f,1,00,0005,0000
1466,1466,0,344ba49034520000,fc,0,0,016f,bbd0,0,0000,016f,0,016f,0000,1,1,0,0,0000,016f,0000,0000,0000,0000,0,016f,016f,0000,0,000,016f,016f,1,00,0005,0000
1467,1467,0,344ba49034520000,fc,0,0,016f,bbd0,0,0000,016f,0,016f,0000,1,1,0,0,0000,016f,0000,0000,0000,0000,0,016f,016f,0000,0,000,016f,016f,1,00,0005,0000
1468,1468,0,344ba49034520000,fc,0,0,016f,bbd0,0,0000,016f,0,016f,0000,1,1,0,0,0000,016f,0000,0000,0000,0000,0,016f,016f,0000,0,000,016f,016f,1,00,0005,0000
1469,1469,0,344ba49034520000,fc,0,0,016f,bbd0,0,0000,016f,0,016f,0000,1,1,0,0,0000,016f,0000,0000,0000,0000,0,016f,016f,0000,0,000,016f,016f,1,00,0005,0000
1470,1470,0,344ba49034520000,fc,0,0,016f,bbd0,0,0000,016f,0,016f,0000,1,1,0,0,0000,016f,0000,0000,0000,0000,0,016f,016f,0000,0,000,016f,016f,1,00,0005,0000
1471,1471,0,344ba49034520000,fc,0,0,016f,bbd0,0,0000,016f,0,016f,0000,1,1,0,0,0000,016f,0000,0000,0000,0000,0,016f,016f,0000,0,000,016f,016f,1,00,0005,0000
1472,1472,0,344ba49034520000,fc,0,0,016f,bbd0,0,0000,016f,0,016f,0000,1,1,0,0,0000,016f,0000,0000,0000,0000,0,016f,016f,0000,0,000,016f,016f,1,00,0005,0000
1473,1473,0,344ba49034520000,fc,0,0,016f,bbd0,0,0000,016f,0,016f,0000,1,1,0,0,0000,016f,0000,0000,0000,0000,0,016f,016f,0000,0,000,016f,016f,1,00,0005,0000
1474,1474,0,344ba49034520000,fc,0,0,016f,bbd0,0,0000,016f,0,016f,0000,1,1,0,0,0000,016f,0000,0000,0000,0000,0,016f,016f,0000,0,000,016f,016f,1,00,0005,0000
1475,1475,0,344ba49034520000,fc,0,0,016f,bbd0,0,0000,016f,0,016f,0000,1,1,0,0,0000,016f,0000,0000,0000,0000,0,016f,016f,0000,0,000,016f,016f,1,00,0005,0000
1476,1476,0,344ba49034520000,fc,0,0,016f,bbd0,0,0000,016f,0,016f,0000,1,1,0,0,0000,016f,0000,0000,0000,0000,0,016f,016f,0000,0,000,016f,016f,1,00,0005,0000
1477,1477,0,344ba49034520000,fc,0,0,016f,bbd0,0,0000,016f,0,016f,0000,1,1,0,0,0000,016f,0000,0000,0000,0000,0,016f,016f,0000,0,000,016f,016f,1,00,0005,0000
1478,1478,0,344ba49034520000,fc,0,0,016f,bbd0,0,0000,016f,0,016f,0000,1,1,0,0,0000,016f,0000,0000,0000,0000,0,016f,016f,0000,0,000,016f,016f,1,00,0005,0000
1479,1479,0,344ba49034520000,fc,0,0,016f,bbd0,0,0000,016f,0,016f,0000,1,1,0,0,0000,016f,0000,0000,0000,0000,0,016f,016f,0000,0,000,016f,016f,1,00,0005,0000
1480,1480,0,344ba49034520000,fc,0,0,016f,bbd0,0,0000,016f,0,016f,0000,1,1,0,0,0000,016f,0000,0000,0000,0000,0,016f,016f,0000,0,000,016f,016f,1,00,0005,0000
1481,1481,0,344ba49034520000,fc,0,0,016f,bbd0,0,0000,016f,0,016f,0000,1,1,0,0,0000,016f,0000,0000,0000,0000,0,016f,016f,0000,0,000,016f,016f,1,00,0005,0000
1482,1482,0,344ba49034520000,fc,0,0,016f,bbd0,0,0000,016f,0,016f,0000,1,1,0,0,0000,016f,0000,0000,0000,0000,0,016f,016f,0000,0,000,016f,016f,1,00,0005,0000
1483,1483,0,344ba49034520000,fc,0,0,016f,bbd0,0,0000,016f,0,016f,0000,1,1,0,0,0000,016f,0000,0000,0000,0000,0,016f,016f,0000,0,000,016f,016f,1,00,0005,0000
1484,1484,0,344ba49034520000,fc,0,0,016f,bbd0,0,0000,016f,0,016f,0000,1,1,0,0,0000,016f,0000,0000,0000,0000,0,016f,016f,0000,0,000,016f,016f,1,00,0005,0000
1485,1485,0,344ba49034520000,fc,0,0,016f,bbd0,0,0000,016f,0,016f,0000,1,1,0,0,0000,016f,0000,0000,0000,0000,0,016f,016f,0000,0,000,016f,016f,1,00,0005,0000
1486,1486,0,344ba49034520000,fc,0,0,016f,bbd0,0,0000,016f,0,016f,0000,1,1,0,0,0000,016f,0000,0000,0000,0000,0,016f,016f,0000,0,000,016f,016f,1,00,0005,0000
1487,1487,0,344ba49034520000,fc,0,0,016f,bbd0,0,0000,016f,0,016f,0000,1,1,0,0,0000,016f,0000,0000,0000,0000,0,016f,016f,0000,0,000,016f,016f,1,00,0005,0000
1488,1488,0,344ba49034520000,fc,0,0,016f,bbd0,0,0000,016f,0,016f,0000,1,1,0,0,0000,016f,0000,0000,0000,0000,0,016f,016f,0000,0,000,016f,016f,1,00,0005,0000
1489,1489,0,344ba49034520000,fc,0,0,016f,bbd0,0,0000,016f,0,016f,0000,1,1,0,0,0000,016f,0000,0000,0000,0000,0,016f,016f,0000,0,000,016f,016f,1,00,0005,0000
1490,1490,0,344ba49034520000,fc,0,0,016f,bbd0,0,0000,016f,0,016f,0000,1,1,0,0,0000,016f,0000,0000,0000,0000,0,016f,016f,0000,0,000,016f,016f,1,00,0005,0000
1491,1491,0,344ba49034520000,fc,0,0,016f,bbd0,0,0000,016f,0,016f,0000,1,1,0,0,0000,016f,0000,0000,0000,0000,0,016f,016f,0000,0,000,016f,016f,1,00,0005,0000
1492,1492,0,344ba49034520000,fc,0,0,016f,bbd0,0,0000,016f,0,016f,0000,1,1,0,0,0000,016f,0000,0000,0000,0000,0,016f,016f,0000,0,000,016f,016f,1,00,0005,0000
1493,1493,0,344ba49034520000,fc,0,0,016f,bbd0,0,0000,016f,0,016f,0000,1,1,0,0,0000,016f,0000,0000,0000,0000,0,016f,016f,0000,0,000,016f,016f,1,00,0005,0000
1494,1494,0,344ba49034520000,fc,0,0,016f,bbd0,0,0000,016f,0,016f,0000,1,1,0,0,0000,016f,0000,0000,0000,0000,0,016f,016f,0000,0,000,016f,016f,1,00,0005,0000
1495,1495,0,344ba49034520000,fc,0,0,016f,bbd0,0,0000,016f,0,016f,0000,1,1,0,0,0000,016f,0000,0000,0000,0000,0,016f,016f,0000,0,000,016f,016f,1,00,0005,0000
1496,1496,0,344ba49034520000,fc,0,0,016f,bbd0,0,0000,016f,0,016f,0000,1,1,0,0,0000,016f,0000,0000,0000,0000,0,016f,016f,0000,0,000,016f,016f,1,00,0005,0000
1497,1497,0,344ba49034520000,fc,0,0,016f,bbd0,0,0000,016f,0,016f,0000,1,1,0,0,0000,016f,0000,0000,0000,0000,0,016f,016f,0000,0,000,016f,016f,1,00,0005,0000
1498,1498,0,344ba49034520000,fc,0,0,016f,bbd0,0,0000,016f,0,016f,0000,1,1,0,0,0000,016f,0000,0000,0000,0000,0,016f,016f,0000,0,000,016f,016f,1,00,0005,0000
1499,1499,0,344ba49034520000,fc,0,0,016f,bbd0,0,0000,016f,0,016f,0000,1,1,0,0,0000,016f,0000,0000,0000,0000,0,016f,016f,0000,0,000,016f,016f,1,00,0005,0000
1500,1500,0,344ba49034520000,fc,0,0,016f,bbd0,0,0000,016f,0,016f,0000,1,1,0,0,0000,016f,0000,0000,0000,0000,0,016f,016f,0000,0,000,016f,016f,1,00,0005,0000
1501,1501,0,344ba49034520000,fc,0,0,016f,bbd0,0,0000,016f,0,016f,0000,1,1,0,0,0000,016f,0000,0000,0000,0000,0,016f,016f,0000,0,000,016f,016f,1,00,0005,0000
1502,1502,0,344ba49034520000,fc,0,0,016f,bbd0,0,0000,016f,0,016f,0000,1,1,0,0,0000,016f,0000,0000,0000,0000,0,016f,016f,0000,0,000,016f,016f,1,00,0005,0000
1503,1503,0,344ba49034520000,fc,0,0,016f,bbd0,0,0000,016f,0,016f,0000,1,1,0,0,0000,016f,0000,0000,0000,0000,0,016f,016f,0000,0,000,016f,016f,1,00,0005,0000
1504,1504,0,344ba49034520000,fc,0,0,016f,bbd0,0,0000,016f,0,016f,0000,1,1,0,0,0000,016f,0000,0000,0000,0000,0,016f,016f,0000,0,000,016f,016f,1,00,0005,0000
1505,1505,0,344ba49034520000,fc,0,0,016f,bbd0,0,0000,016f,0,016f,0000,1,1,0,0,0000,016f,0000,0000,0000,0000,0,016f,016f,0000,0,000,016f,016f,1,00,0005,0000
1506,1506,0,344ba49034520000,fc,0,0,016f,bbd0,0,0000,016f,0,016f,0000,1,1,0,0,0000,016f,0000,0000,0000,0000,0,016f,016f,0000,0,000,016f,016f,1,00,0005,0000
1507,1507,0,344ba49034520000,fc,0,0,016f,bbd0,0,0000,016f,0,016f,0000,1,1,0,0,0000,016f,0000,0000,0000,0000,0,016f,016f,0000,0,000,016f,016f,1,00,0005,0000
1508,1508,0,344ba49034520000,fc,0,0,016f,bbd0,0,0000,016f,0,016f,0000,1,1,0,0,0000,016f,0000,0000,0000,0000,0,016f,016f,0000,0,000,016f,016f,1,00,0005,0000
1509,1509,0,344ba49034520000,fc,0,0,016f,bbd0,0,0000,016f,0,016f,0000,1,1,0,0,0000,016f,0000,0000,0000,0000,0,016f,016f,0000,0,000,016f,016f,1,00,0005,0000
1510,1510,0,344ba49034520000,fc,0,0,016f,bbd0,0,0000,016f,0,016f,0000,1,1,0,0,0000,016f,0000,0000,0000,0000,0,016f,016f,0000,0,000,016f,016f,1,00,0005,0000
1511,1511,0,344ba49034520000,fc,0,0,016f,bbd0,0,0000,016f,0,016f,0000,1,1,0,0,0000,016f,0000,0000,0000,0000,0,016f,016f,0000,0,000,016f,016f,1,00,0005,0000
1512,1512,0,344ba49034520000,fc,0,0,016f,bbd0,0,0000,016f,0,016f,0000,1,1,0,0,0000,016f,0000,0000,0000,0000,0,016f,016f,0000,0,000,016f,016f,1,00,0005,0000
1513,1513,0,344ba49034520000,fc,0,0,016f,bbd0,0,0000,016f,0,016f,0000,1,1,0,0,0000,016f,0000,0000,0000,0000,0,016f,016f,0000,0,000,016f,016f,1,00,0005,0000
1514,1514,0,344ba49034520000,fc,0,0,016f,bbd0,0,0000,016f,0,016f,0000,1,1,0,0,0000,016f,0000,0000,0000,0000,0,016f,016f,0000,0,000,016f,016f,1,00,0005,0000
1515,1515,0,344ba49034520000,fc,0,0,016f,bbd0,0,0000,016f,0,016f,0000,1,1,0,0,0000,016f,0000,0000,0000,0000,0,016f,016f,0000,0,000,016f,016f,1,00,0005,0000
1516,1516,0,344ba49034520000,fc,0,0,016f,bbd0,0,0000,016f,0,016f,0000,1,1,0,0,0000,016f,0000,0000,0000,0000,0,016f,016f,0000,0,000,016f,016f,1,00,0005,0000
1517,1517,0,344ba49034520000,fc,0,0,016f,bbd0,0,0000,016f,0,016f,0000,1,1,0,0,0000,016f,0000,0000,0000,0000,0,016f,016f,0000,0,000,016f,016f,1,00,0005,0000
1518,1518,0,344ba49034520000,fc,0,0,016f,bbd0,0,0000,016f,0,016f,0000,1,1,0,0,0000,016f,0000,0000,0000,0000,0,016f,016f,0000,0,000,016f,016f,1,00,0005,0000
1519,1519,0,344ba49034520000,fc,0,0,016f,bbd0,0,0000,016f,0,016f,0000,1,1,0,0,0000,016f,0000,0000,0000,0000,0,016f,016f,0000,0,000,016f,016f,1,00,0005,0000
1520,1520,0,344ba49034520000,fc,0,0,016f,bbd0,0,0000,016f,0,016f,0000,1,1,0,0,0000,016f,0000,0000,0000,0000,0,016f,016f,0000,0,000,016f,016f,1,00,0005,0000
1521,1521,0,344ba49034520000,fc,0,0,016f,bbd0,0,0000,016f,0,016f,0000,1,1,0,0,0000,016f,0000,0000,0000,0000,0,016f,016f,0000,0,000,016f,016f,1,00,0005,0000
1522,1522,0,344ba49034520000,fc,0,0,016f,bbd0,0,0000,016f,0,016f,0000,1,1,0,0,0000,016f,0000,0000,0000,0000,0,016f,016f,0000,0,000,016f,016f,1,00,0005,0000
1523,1523,0,344ba49034520000,fc,0,0,016f,bbd0,0,0000,016f,0,016f,0000,1,1,0,0,0000,016f,0000,0000,0000,0000,0,016f,016f,0000,0,000,016f,016f,1,00,0005,0000
1524,1524,0,344ba49034520000,fc,0,0,016f,bbd0,0,0000,016f,0,016f,0000,1,1,0,0,0000,016f,0000,0000,0000,0000,0,016f,016f,0000,0,000,016f,016f,1,00,0005,0000
1525,1525,0,344ba49034520000,fc,0,0,016f,bbd0,0,0000,016f,0,016f,0000,1,1,0,0,0000,016f,0000,0000,0000,0000,0,016f,016f,0000,0,000,016f,016f,1,00,0005,0000
1526,1526,0,344ba49034520000,fc,0,0,016f,bbd0,0,0000,016f,0,016f,0000,1,1,0,0,0000,016f,0000,0000,0000,0000,0,016f,016f,0000,0,000,016f,016f,1,00,0005,0000
1527,1527,0,344ba49034520000,fc,0,0,016f,bbd0,0,0000,016f,0,016f,0000,1,1,0,0,0000,016f,0000,0000,0000,0000,0,016f,016f,0000,0,000,016f,016f,1,00,0005,0000
1528,1528,0,344ba49034520000,fc,0,0,016f,bbd0,0,0000,016f,0,016f,0000,1,1,0,0,0000,016f,0000,0000,0000,0000,0,016f,016f,0000,0,000,016f,016f,1,00,0005,0000
1529,1529,0,344ba49034520000,fc,0,0,016f,bbd0,0,0000,016f,0,016f,0000,1,1,0,0,0000,016f,0000,0000,0000,0000,0,016f,016f,0000,0,000,016f,016f,1,00,0005,0000
1530,1530,0,344ba49034520000,fc,0,0,016f,bbd0,0,0000,016f,0,016f,0000,1,1,0,0,0000,016f,0000,0000,0000,0000,0,016f,016f,0000,0,000,016f,016f,1,00,0005,0000
1531,1531,0,344ba49034520000,fc,0,0,016f,bbd0,0,0000,016f,0,016f,0000,1,1,0,0,0000,016f,0000,0000,0000,0000,0,016f,016f,0000,0,000,016f,016f,1,00,0005,0000
1532,1532,0,344ba49034520000,fc,0,0,016f,bbd0,0,0000,016f,0,016f,0000,1,1,0,0,0000,016f,0000,0000,0000,0000,0,016f,016f,0000,0,000,016f,016f,1,00,0005,0000
1533,1533,0,344ba49034520000,fc,0,0,016f,bbd0,0,0000,016f,0,016f,0000,1,1,0,0,0000,016f,0000,0000,0000,0000,0,016f,016f,0000,0,000,016f,016f,1,00,0005,0000
1534,1534,0,344ba49034520000,fc,0,0,016f,bbd0,0,0000,016f,0,016f,0000,1,1,0,0,0000,016f,0000,0000,0000,0000,0,016f,016f,0000,0,000,016f,016f,1,00,0005,0000
1535,1535,0,344ba49034520000,fc,0,0,016f,bbd0,0,0000,016f,0,016f,0000,1,1,0,0,0000,016f,0000,0000,0000,0000,0,016f,016f,0000,0,000,016f,016f,1,00,0005,0000
1536,1536,0,344ba49034520000,fc,0,0,016f,bbd0,0,0000,016f,0,016f,0000,1,1,0,0,0000,016f,0000,0000,0000,0000,0,016f,016f,0000,0,000,016f,016f,1,00,0005,0000
1537,1537,0,344ba49034520000,fc,0,0,016f,bbd0,0,0000,016f,0,016f,0000,1,1,0,0,0000,016f,0000,0000,0000,0000,0,016f,016f,0000,0,000,016f,016f,1,00,0005,0000
1538,1538,0,344ba49034520000,fc,0,0,016f,bbd0,0,0000,016f,0,016f,0000,1,1,0,0,0000,016f,0000,0000,0000,0000,0,016f,016f,0000,0,000,016f,016f,1,00,0005,0000
1539,1539,0,344ba49034520000,fc,0,0,016f,bbd0,0,0000,016f,0,016f,0000,1,1,0,0,0000,016f,0000,0000,0000,0000,0,016f,016f,0000,0,000,016f,016f,1,00,0005,0000
1540,1540,0,344ba49034520000,fc,0,0,016f,bbd0,0,0000,016f,0,016f,0000,1,1,0,0,0000,016f,0000,0000,0000,0000,0,016f,016f,0000,0,000,016f,016f,1,00,0005,0000
1541,1541,0,344ba49034520000,fc,0,0,016f,bbd0,0,0000,016f,0,016f,0000,1,1,0,0,0000,016f,0000,0000,0000,0000,0,016f,016f,0000,0,000,016f,016f,1,00,0005,0000
1542,1542,0,344ba49034520000,fc,0,0,016f,bbd0,0,0000,016f,0,016f,0000,1,1,0,0,0000,016f,0000,0000,0000,0000,0,016f,016f,0000,0,000,016f,016f,1,00,0005,0000
1543,1543,0,344ba49034520000,fc,0,0,016f,bbd0,0,0000,016f,0,016f,0000,1,1,0,0,0000,016f,0000,0000,0000,0000,0,016f,016f,0000,0,000,016f,016f,1,00,0005,0000
1544,1544,0,344ba49034520000,fc,0,0,016f,bbd0,0,0000,016f,0,016f,0000,1,1,0,0,0000,016f,0000,0000,0000,0000,0,016f,016f,0000,0,000,016f,016f,1,00,0005,0000
1545,1545,0,344ba49034520000,fc,0,0,016f,bbd0,0,0000,016f,0,016f,0000,1,1,0,0,0000,016f,0000,0000,0000,0000,0,016f,016f,0000,0,000,016f,016f,1,00,0005,0000
1546,1546,0,344ba49034520000,fc,0,0,016f,bbd0,0,0000,016f,0,016f,0000,1,1,0,0,0000,016f,0000,0000,0000,0000,0,016f,016f,0000,0,000,016f,016f,1,00,0005,0000
1547,1547,0,344ba49034520000,fc,0,0,016f,bbd0,0,0000,016f,0,016f,0000,1,1,0,0,0000,016f,0000,0000,0000,0000,0,016f,016f,0000,0,000,016f,016f,1,00,0005,0000
1548,1548,0,344ba49034520000,fc,0,0,016f,bbd0,0,0000,016f,0,016f,0000,1,1,0,0,0000,016f,0000,0000,0000,0000,0,016f,016f,0000,0,000,016f,016f,1,00,0005,0000
1549,1549,0,344ba49034520000,fc,0,0,016f,bbd0,0,0000,016f,0,016f,0000,1,1,0,0,0000,016f,0000,0000,0000,0000,0,016f,016f,0000,0,000,016f,016f,1,00,0005,0000
1550,1550,0,344ba49034520000,fc,0,0,016f,bbd0,0,0000,016f,0,016f,0000,1,1,0,0,0000,016f,0000,0000,0000,0000,0,016f,016f,0000,0,000,016f,016f,1,00,0005,0000
1551,1551,0,344ba49034520000,fc,0,0,016f,bbd0,0,0000,016f,0,016f,0000,1,1,0,0,0000,016f,0000,0000,0000,0000,0,016f,016f,0000,0,000,016f,016f,1,00,0005,0000
1552,1552,0,344ba49034520000,fc,0,0,016f,bbd0,0,0000,016f,0,016f,0000,1,1,0,0,0000,016f,0000,0000,0000,0000,0,016f,016f,0000,0,000,016f,016f,1,00,0005,0000
1553,1553,0,344ba49034520000,fc,0,0,016f,bbd0,0,0000,016f,0,016f,0000,1,1,0,0,0000,016f,0000,0000,0000,0000,0,016f,016f,0000,0,000,016f,016f,1,00,0005,0000
1554,1554,0,344ba49034520000,fc,0,0,016f,bbd0,0,0000,016f,0,016f,0000,1,1,0,0,0000,016f,0000,0000,0000,0000,0,016f,016f,0000,0,000,016f,016f,1,00,0005,0000
1555,1555,0,344ba49034520000,fc,0,0,016f,bbd0,0,0000,016f,0,016f,0000,1,1,0,0,0000,016f,0000,0000,0000,0000,0,016f,016f,0000,0,000,016f,016f,1,00,0005,0000
1556,1556,0,344ba49034520000,fc,0,0,016f,bbd0,0,0000,016f,0,016f,0000,1,1,0,0,0000,016f,0000,0000,0000,0000,0,016f,016f,0000,0,000,016f,016f,1,00,0005,0000
1557,1557,0,344ba49034520000,fc,0,0,016f,bbd0,0,0000,016f,0,016f,0000,1,1,0,0,0000,016f,0000,0000,0000,0000,0,016f,016f,0000,0,000,016f,016f,1,00,0005,0000
1558,1558,0,344ba49034520000,fc,0,0,016f,bbd0,0,0000,016f,0,016f,0000,1,1,0,0,0000,016f,0000,0000,0000,0000,0,016f,016f,0000,0,000,016f,016f,1,00,0005,0000
1559,1559,0,344ba49034520000,fc,0,0,016f,bbd0,0,0000,016f,0,016f,0000,1,1,0,0,0000,016f,0000,0000,0000,0000,0,016f,016f,0000,0,000,016f,016f,1,00,0005,0000
1560,1560,0,344ba49034520000,fc,0,0,016f,bbd0,0,0000,016f,0,016f,0000,1,1,0,0,0000,016f,0000,0000,0000,0000,0,016f,016f,0000,0,000,016f,016f,1,00,0005,0000
1561,1561,0,344ba49034520000,fc,0,0,016f,bbd0,0,0000,016f,0,016f,0000,1,1,0,0,0000,016f,0000,0000,0000,0000,0,016f,016f,0000,0,000,016f,016f,1,00,0005,0000
1562,1562,0,344ba49034520000,fc,0,0,016f,bbd0,0,0000,016f,0,016f,0000,1,1,0,0,0000,016f,0000,0000,0000,0000,0,016f,016f,0000,0,000,016f,016f,1,00,0005,0000
1563,1563,0,344ba49034520000,fc,0,0,016f,bbd0,0,0000,016f,0,016f,0000,1,1,0,0,0000,016f,0000,0000,0000,0000,0,016f,016f,0000,0,000,016f,016f,1,00,0005,0000
1564,1564,0,344ba49034520000,fc,0,0,016f,bbd0,0,0000,016f,0,016f,0000,1,1,0,0,0000,016f,0000,0000,0000,0000,0,016f,016f,0000,0,000,016f,016f,1,00,0005,0000
1565,1565,0,344ba49034520000,fc,0,0,016f,bbd0,0,0000,016f,0,016f,0000,1,1,0,0,0000,016f,0000,0000,0000,0000,0,016f,016f,0000,0,000,016f,016f,1,00,0005,0000
1566,1566,0,344ba49034520000,fc,0,0,016f,bbd0,0,0000,016f,0,016f,0000,1,1,0,0,0000,016f,0000,0000,0000,0000,0,016f,016f,0000,0,000,016f,016f,1,00,0005,0000
1567,1567,0,344ba49034520000,fc,0,0,016f,bbd0,0,0000,016f,0,016f,0000,1,1,0,0,0000,016f,0000,0000,0000,0000,0,016f,016f,0000,0,000,016f,016f,1,00,0005,0000
1568,1568,0,344ba49034520000,fc,0,0,016f,bbd0,0,0000,016f,0,016f,0000,1,1,0,0,0000,016f,0000,0000,0000,0000,0,016f,016f,0000,0,000,016f,016f,1,00,0005,0000
1569,1569,0,344ba49034520000,fc,0,0,016f,bbd0,0,0000,016f,0,016f,0000,1,1,0,0,0000,016f,0000,0000,0000,0000,0,016f,016f,0000,0,000,016f,016f,1,00,0005,0000
1570,1570,0,344ba49034520000,fc,0,0,016f,bbd0,0,0000,016f,0,016f,0000,1,1,0,0,0000,016f,0000,0000,0000,0000,0,016f,016f,0000,0,000,016f,016f,1,00,0005,0000
1571,1571,0,344ba49034520000,fc,0,0,016f,bbd0,0,0000,016f,0,016f,0000,1,1,0,0,0000,016f,0000,0000,0000,0000,0,016f,016f,0000,0,000,016f,016f,1,00,0005,0000
1572,1572,0,344ba49034520000,fc,0,0,016f,bbd0,0,0000,016f,0,016f,0000,1,1,0,0,0000,016f,0000,0000,0000,0000,0,016f,016f,0000,0,000,016f,016f,1,00,0005,0000
1573,1573,0,344ba49034520000,fc,0,0,016f,bbd0,0,0000,016f,0,016f,0000,1,1,0,0,0000,016f,0000,0000,0000,0000,0,016f,016f,0000,0,000,016f,016f,1,00,0005,0000
1574,1574,0,344ba49034520000,fc,0,0,016f,bbd0,0,0000,016f,0,016f,0000,1,1,0,0,0000,016f,0000,0000,0000,0000,0,016f,016f,0000,0,000,016f,016f,1,00,0005,0000
1575,1575,0,344ba49034520000,fc,0,0,016f,bbd0,0,0000,016f,0,016f,0000,1,1,0,0,0000,016f,0000,0000,0000,0000,0,016f,016f,0000,0,000,016f,016f,1,00,0005,0000
1576,1576,0,344ba49034520000,fc,0,0,016f,bbd0,0,0000,016f,0,016f,0000,1,1,0,0,0000,016f,0000,0000,0000,0000,0,016f,016f,0000,0,000,016f,016f,1,00,0005,0000
1577,1577,0,344ba49034520000,fc,0,0,016f,bbd0,0,0000,016f,0,016f,0000,1,1,0,0,0000,016f,0000,0000,0000,0000,0,016f,016f,0000,0,000,016f,016f,1,00,0005,0000
1578,1578,0,344ba49034520000,fc,0,0,016f,bbd0,0,0000,016f,0,016f,0000,1,1,0,0,0000,016f,0000,0000,0000,0000,0,016f,016f,0000,0,000,016f,016f,1,00,0005,0000
1579,1579,0,344ba49034520000,fc,0,0,016f,bbd0,0,0000,016f,0,016f,0000,1,1,0,0,0000,016f,0000,0000,0000,0000,0,016f,016f,0000,0,000,016f,016f,1,00,0005,0000
1580,1580,0,344ba49034520000,fc,0,0,016f,bbd0,0,0000,016f,0,016f,0000,1,1,0,0,0000,016f,0000,0000,0000,0000,0,016f,016f,0000,0,000,016f,016f,1,00,0005,0000
1581,1581,0,344ba49034520000,fc,0,0,016f,bbd0,0,0000,016f,0,016f,0000,1,1,0,0,0000,016f,0000,0000,0000,0000,0,016f,016f,0000,0,000,016f,016f,1,00,0005,0000
1582,1582,0,344ba49034520000,fc,0,0,016f,bbd0,0,0000,016f,0,016f,0000,1,1,0,0,0000,016f,0000,0000,0000,0000,0,016f,016f,0000,0,000,016f,016f,1,00,0005,0000
1583,1583,0,344ba49034520000,fc,0,0,016f,bbd0,0,0000,016f,0,016f,0000,1,1,0,0,0000,016f,0000,0000,0000,0000,0,016f,016f,0000,0,000,016f,016f,1,00,0005,0000
1584,1584,0,344ba49034520000,fc,0,0,016f,bbd0,0,0000,016f,0,016f,0000,1,1,0,0,0000,016f,0000,0000,0000,0000,0,016f,016f,0000,0,000,016f,016f,1,00,0005,0000
1585,1585,0,344ba49034520000,fc,0,0,016f,bbd0,0,0000,016f,0,016f,0000,1,1,0,0,0000,016f,0000,0000,0000,0000,0,016f,016f,0000,0,000,016f,016f,1,00,0005,0000
1586,1586,0,344ba49034520000,fc,0,0,016f,bbd0,0,0000,016f,0,016f,0000,1,1,0,0,0000,016f,0000,0000,0000,0000,0,016f,016f,0000,0,000,016f,016f,1,00,0005,0000
1587,1587,0,344ba49034520000,fc,0,0,016f,bbd0,0,0000,016f,0,016f,0000,1,1,0,0,0000,016f,0000,0000,0000,0000,0,016f,016f,0000,0,000,016f,016f,1,00,0005,0000
1588,1588,0,344ba49034520000,fc,0,0,016f,bbd0,0,0000,016f,0,016f,0000,1,1,0,0,0000,016f,0000,0000,0000,0000,0,016f,016f,0000,0,000,016f,016f,1,00,0005,0000
1589,1589,0,344ba49034520000,fc,0,0,016f,bbd0,0,0000,016f,0,016f,0000,1,1,0,0,0000,016f,0000,0000,0000,0000,0,016f,016f,0000,0,000,016f,016f,1,00,0005,0000
1590,1590,0,344ba49034520000,fc,0,0,016f,bbd0,0,0000,016f,0,016f,0000,1,1,0,0,0000,016f,0000,0000,0000,0000,0,016f,016f,0000,0,000,016f,016f,1,00,0005,0000
1591,1591,0,344ba49034520000,fc,0,0,016f,bbd0,0,0000,016f,0,016f,0000,1,1,0,0,0000,016f,0000,0000,0000,0000,0,016f,016f,0000,0,000,016f,016f,1,00,0005,0000
1592,1592,0,344ba49034520000,fc,0,0,016f,bbd0,0,0000,016f,0,016f,0000,1,1,0,0,0000,016f,0000,0000,0000,0000,0,016f,016f,0000,0,000,016f,016f,1,00,0005,0000
1593,1593,0,344ba49034520000,fc,0,0,016f,bbd0,0,0000,016f,0,016f,0000,1,1,0,0,0000,016f,0000,0000,0000,0000,0,016f,016f,0000,0,000,016f,016f,1,00,0005,0000
1594,1594,0,344ba49034520000,fc,0,0,016f,bbd0,0,0000,016f,0,016f,0000,1,1,0,0,0000,016f,0000,0000,0000,0000,0,016f,016f,0000,0,000,016f,016f,1,00,0005,0000
1595,1595,0,344ba49034520000,fc,0,0,016f,bbd0,0,0000,016f,0,016f,0000,1,1,0,0,0000,016f,0000,0000,0000,0000,0,016f,016f,0000,0,000,016f,016f,1,00,0005,0000
1596,1596,0,344ba49034520000,fc,0,0,016f,bbd0,0,0000,016f,0,016f,0000,1,1,0,0,0000,016f,0000,0000,0000,0000,0,016f,016f,0000,0,000,016f,016f,1,00,0005,0000
1597,1597,0,344ba49034520000,fc,0,0,016f,bbd0,0,0000,016f,0,016f,0000,1,1,0,0,0000,016f,0000,0000,0000,0000,0,016f,016f,0000,0,000,016f,016f,1,00,0005,0000
1598,1598,0,344ba49034520000,fc,0,0,016f,bbd0,0,0000,016f,0,016f,0000,1,1,0,0,0000,016f,0000,0000,0000,0000,0,016f,016f,0000,0,000,016f,016f,1,00,0005,0000
1599,1599,0,344ba49034520000,fc,0,0,016f,bbd0,0,0000,016f,0,016f,0000,1,1,0,0,0000,016f,0000,0000,0000,0000,0,016f,016f,0000,0,000,016f,016f,1,00,0005,0000
1600,1600,0,344ba49034520000,fc,0,0,016f,bbd0,0,0000,016f,0,016f,0000,1,1,0,0,0000,016f,0000,0000,0000,0000,0,016f,016f,0000,0,000,016f,016f,1,00,0005,0000
1601,1601,0,344ba49034520000,fc,0,0,016f,bbd0,0,0000,016f,0,016f,0000,1,1,0,0,0000,016f,0000,0000,0000,0000,0,016f,016f,0000,0,000,016f,016f,1,00,0005,0000
1602,1602,0,344ba49034520000,fc,0,0,016f,bbd0,0,0000,016f,0,016f,0000,1,1,0,0,0000,016f,0000,0000,0000,0000,0,016f,016f,0000,0,000,016f,016f,1,00,0005,0000
1603,1603,0,344ba49034520000,fc,0,0,016f,bbd0,0,0000,016f,0,016f,0000,1,1,0,0,0000,016f,0000,0000,0000,0000,0,016f,016f,0000,0,000,016f,016f,1,00,0005,0000
1604,1604,0,344ba49034520000,fc,0,0,016f,bbd0,0,0000,016f,0,016f,0000,1,1,0,0,0000,016f,0000,0000,0000,0000,0,016f,016f,0000,0,000,016f,016f,1,00,0005,0000
1605,1605,0,344ba49034520000,fc,0,0,016f,bbd0,0,0000,016f,0,016f,0000,1,1,0,0,0000,016f,0000,0000,0000,0000,0,016f,016f,0000,0,000,016f,016f,1,00,0005,0000
1606,1606,0,344ba49034520000,fc,0,0,016f,bbd0,0,0000,016f,0,016f,0000,1,1,0,0,0000,016f,0000,0000,0000,0000,0,016f,016f,0000,0,000,016f,016f,1,00,0005,0000
1607,1607,0,344ba49034520000,fc,0,0,016f,bbd0,0,0000,016f,0,016f,0000,1,1,0,0,0000,016f,0000,0000,0000,0000,0,016f,016f,0000,0,000,016f,016f,1,00,0005,0000
1608,1608,0,344ba49034520000,fc,0,0,016f,bbd0,0,0000,016f,0,016f,0000,1,1,0,0,0000,016f,0000,0000,0000,0000,0,016f,016f,0000,0,000,016f,016f,1,00,0005,0000
1609,1609,0,344ba49034520000,fc,0,0,016f,bbd0,0,0000,016f,0,016f,0000,1,1,0,0,0000,016f,0000,0000,0000,0000,0,016f,016f,0000,0,000,016f,016f,1,00,0005,0000
1610,1610,0,344ba49034520000,fc,0,0,016f,bbd0,0,0000,016f,0,016f,0000,1,1,0,0,0000,016f,0000,0000,0000,0000,0,016f,016f,0000,0,000,016f,016f,1,00,0005,0000
1611,1611,0,344ba49034520000,fc,0,0,016f,bbd0,0,0000,016f,0,016f,0000,1,1,0,0,0000,016f,0000,0000,0000,0000,0,016f,016f,0000,0,000,016f,016f,1,00,0005,0000
1612,1612,0,344ba49034520000,fc,0,0,016f,bbd0,0,0000,016f,0,016f,0000,1,1,0,0,0000,016f,0000,0000,0000,0000,0,016f,016f,0000,0,000,016f,016f,1,00,0005,0000
1613,1613,0,344ba49034520000,fc,0,0,016f,bbd0,0,0000,016f,0,016f,0000,1,1,0,0,0000,016f,0000,0000,0000,0000,0,016f,016f,0000,0,000,016f,016f,1,00,0005,0000
1614,1614,0,344ba49034520000,fc,0,0,016f,bbd0,0,0000,016f,0,016f,0000,1,1,0,0,0000,016f,0000,0000,0000,0000,0,016f,016f,0000,0,000,016f,016f,1,00,0005,0000
1615,1615,0,344ba49034520000,fc,0,0,016f,bbd0,0,0000,016f,0,016f,0000,1,1,0,0,0000,016f,0000,0000,0000,0000,0,016f,016f,0000,0,000,016f,016f,1,00,0005,0000
1616,1616,0,344ba49034520000,fc,0,0,016f,bbd0,0,0000,016f,0,016f,0000,1,1,0,0,0000,016f,0000,0000,0000,0000,0,016f,016f,0000,0,000,016f,016f,1,00,0005,0000
1617,1617,0,344ba49034520000,fc,0,0,016f,bbd0,0,0000,016f,0,016f,0000,1,1,0,0,0000,016f,0000,0000,0000,0000,0,016f,016f,0000,0,000,016f,016f,1,00,0005,0000
1618,1618,0,344ba49034520000,fc,0,0,016f,bbd0,0,0000,016f,0,016f,0000,1,1,0,0,0000,016f,0000,0000,0000,0000,0,016f,016f,0000,0,000,016f,016f,1,00,0005,0000
1619,1619,0,344ba49034520000,fc,0,0,016f,bbd0,0,0000,016f,0,016f,0000,1,1,0,0,0000,016f,0000,0000,0000,0000,0,016f,016f,0000,0,000,016f,016f,1,00,0005,0000
1620,1620,0,344ba49034520000,fc,0,0,016f,bbd0,0,0000,016f,0,016f,0000,1,1,0,0,0000,016f,0000,0000,0000,0000,0,016f,016f,0000,0,000,016f,016f,1,00,0005,0000
1621,1621,0,344ba49034520000,fc,0,0,016f,bbd0,0,0000,016f,0,016f,0000,1,1,0,0,0000,016f,0000,0000,0000,0000,0,016f,016f,0000,0,000,016f,016f,1,00,0005,0000
1622,1622,0,344ba49034520000,fc,0,0,016f,bbd0,0,0000,016f,0,016f,0000,1,1,0,0,0000,016f,0000,0000,0000,0000,0,016f,016f,0000,0,000,016f,016f,1,00,0005,0000
1623,1623,0,344ba49034520000,fc,0,0,016f,bbd0,0,0000,016f,0,016f,0000,1,1,0,0,0000,016f,0000,0000,0000,0000,0,016f,016f,0000,0,000,016f,016f,1,00,0005,0000
1624,1624,0,344ba49034520000,fc,0,0,016f,bbd0,0,0000,016f,0,016f,0000,1,1,0,0,0000,016f,0000,0000,0000,0000,0,016f,016f,0000,0,000,016f,016f,1,00,0005,0000
1625,1625,0,344ba49034520000,fc,0,0,016f,bbd0,0,0000,016f,0,016f,0000,1,1,0,0,0000,016f,0000,0000,0000,0000,0,016f,016f,0000,0,000,016f,016f,1,00,0005,0000
1626,1626,0,344ba49034520000,fc,0,0,016f,bbd0,0,0000,016f,0,016f,0000,1,1,0,0,0000,016f,0000,0000,0000,0000,0,016f,016f,0000,0,000,016f,016f,1,00,0005,0000
1627,1627,0,344ba49034520000,fc,0,0,016f,bbd0,0,0000,016f,0,016f,0000,1,1,0,0,0000,016f,0000,0000,0000,0000,0,016f,016f,0000,0,000,016f,016f,1,00,0005,0000
1628,1628,0,344ba49034520000,fc,0,0,016f,bbd0,0,0000,016f,0,016f,0000,1,1,0,0,0000,016f,0000,0000,0000,0000,0,016f,016f,0000,0,000,016f,016f,1,00,0005,0000
1629,1629,0,344ba49034520000,fc,0,0,016f,bbd0,0,0000,016f,0,016f,0000,1,1,0,0,0000,016f,0000,0000,0000,0000,0,016f,016f,0000,0,000,016f,016f,1,00,0005,0000
1630,1630,0,344ba49034520000,fc,0,0,016f,bbd0,0,0000,016f,0,016f,0000,1,1,0,0,0000,016f,0000,0000,0000,0000,0,016f,016f,0000,0,000,016f,016f,1,00,0005,0000
1631,1631,0,344ba49034520000,fc,0,0,016f,bbd0,0,0000,016f,0,016f,0000,1,1,0,0,0000,016f,0000,0000,0000,0000,0,016f,016f,0000,0,000,016f,016f,1,00,0005,0000
1632,1632,0,344ba49034520000,fc,0,0,016f,bbd0,0,0000,016f,0,016f,0000,1,1,0,0,0000,016f,0000,0000,0000,0000,0,016f,016f,0000,0,000,016f,016f,1,00,0005,0000
1633,1633,0,344ba49034520000,fc,0,0,016f,bbd0,0,0000,016f,0,016f,0000,1,1,0,0,0000,016f,0000,0000,0000,0000,0,016f,016f,0000,0,000,016f,016f,1,00,0005,0000
1634,1634,0,344ba49034520000,fc,0,0,016f,bbd0,0,0000,016f,0,016f,0000,1,1,0,0,0000,016f,0000,0000,0000,0000,0,016f,016f,0000,0,000,016f,016f,1,00,0005,0000
1635,1635,0,344ba49034520000,fc,0,0,016f,bbd0,0,0000,016f,0,016f,0000,1,1,0,0,0000,016f,0000,0000,0000,0000,0,016f,016f,0000,0,000,016f,016f,1,00,0005,0000
1636,1636,0,344ba49034520000,fc,0,0,016f,bbd0,0,0000,016f,0,016f,0000,1,1,0,0,0000,016f,0000,0000,0000,0000,0,016f,016f,0000,0,000,016f,016f,1,00,0005,0000
1637,1637,0,344ba49034520000,fc,0,0,016f,bbd0,0,0000,016f,0,016f,0000,1,1,0,0,0000,016f,0000,0000,0000,0000,0,016f,016f,0000,0,000,016f,016f,1,00,0005,0000
1638,1638,0,344ba49034520000,fc,0,0,016f,bbd0,0,0000,016f,0,016f,0000,1,1,0,0,0000,016f,0000,0000,0000,0000,0,016f,016f,0000,0,000,016f,016f,1,00,0005,0000
1639,1639,0,344ba49034520000,fc,0,0,016f,bbd0,0,0000,016f,0,016f,0000,1,1,0,0,0000,016f,0000,0000,0000,0000,0,016f,016f,0000,0,000,016f,016f,1,00,0005,0000
1640,1640,0,344ba49034520000,fc,0,0,016f,bbd0,0,0000,016f,0,016f,0000,1,1,0,0,0000,016f,0000,0000,0000,0000,0,016f,016f,0000,0,000,016f,016f,1,00,0005,0000
1641,1641,0,344ba49034520000,fc,0,0,016f,bbd0,0,0000,016f,0,016f,0000,1,1,0,0,0000,016f,0000,0000,0000,0000,0,016f,016f,0000,0,000,016f,016f,1,00,0005,0000
1642,1642,0,344ba49034520000,fc,0,0,016f,bbd0,0,0000,016f,0,016f,0000,1,1,0,0,0000,016f,0000,0000,0000,0000,0,016f,016f,0000,0,000,016f,016f,1,00,0005,0000
1643,1643,0,344ba49034520000,fc,0,0,016f,bbd0,0,0000,016f,0,016f,0000,1,1,0,0,0000,016f,0000,0000,0000,0000,0,016f,016f,0000,0,000,016f,016f,1,00,0005,0000
1644,1644,0,344ba49034520000,fc,0,0,016f,bbd0,0,0000,016f,0,016f,0000,1,1,0,0,0000,016f,0000,0000,0000,0000,0,016f,016f,0000,0,000,016f,016f,1,00,0005,0000
1645,1645,0,344ba49034520000,fc,0,0,016f,bbd0,0,0000,016f,0,016f,0000,1,1,0,0,0000,016f,0000,0000,0000,0000,0,016f,016f,0000,0,000,016f,016f,1,00,0005,0000
1646,1646,0,344ba49034520000,fc,0,0,016f,bbd0,0,0000,016f,0,016f,0000,1,1,0,0,0000,016f,0000,0000,0000,0000,0,016f,016f,0000,0,000,016f,016f,1,00,0005,0000
1647,1647,0,344ba49034520000,fc,0,0,016f,bbd0,0,0000,016f,0,016f,0000,1,1,0,0,0000,016f,0000,0000,0000,0000,0,016f,016f,0000,0,000,016f,016f,1,00,0005,0000
1648,1648,0,344ba49034520000,fc,0,0,016f,bbd0,0,0000,016f,0,016f,0000,1,1,0,0,0000,016f,0000,0000,0000,0000,0,016f,016f,0000,0,000,016f,016f,1,00,0005,0000
1649,1649,0,344ba49034520000,fc,0,0,016f,bbd0,0,0000,016f,0,016f,0000,1,1,0,0,0000,016f,0000,0000,0000,0000,0,016f,016f,0000,0,000,016f,016f,1,00,0005,0000
1650,1650,0,344ba49034520000,fc,0,0,016f,bbd0,0,0000,016f,0,016f,0000,1,1,0,0,0000,016f,0000,0000,0000,0000,0,016f,016f,0000,0,000,016f,016f,1,00,0005,0000
1651,1651,0,344ba49034520000,fc,0,0,016f,bbd0,0,0000,016f,0,016f,0000,1,1,0,0,0000,016f,0000,0000,0000,0000,0,016f,016f,0000,0,000,016f,016f,1,00,0005,0000
1652,1652,0,344ba49034520000,fc,0,0,016f,bbd0,0,0000,016f,0,016f,0000,1,1,0,0,0000,016f,0000,0000,0000,0000,0,016f,016f,0000,0,000,016f,016f,1,00,0005,0000
1653,1653,0,344ba49034520000,fc,0,0,016f,bbd0,0,0000,016f,0,016f,0000,1,1,0,0,0000,016f,0000,0000,0000,0000,0,016f,016f,0000,0,000,016f,016f,1,00,0005,0000
1654,1654,0,344ba49034520000,fc,0,0,016f,bbd0,0,0000,016f,0,016f,0000,1,1,0,0,0000,016f,0000,0000,0000,0000,0,016f,016f,0000,0,000,016f,016f,1,00,0005,0000
1655,1655,0,344ba49034520000,fc,0,0,016f,bbd0,0,0000,016f,0,016f,0000,1,1,0,0,0000,016f,0000,0000,0000,0000,0,016f,016f,0000,0,000,016f,016f,1,00,0005,0000
1656,1656,0,344ba49034520000,fc,0,0,016f,bbd0,0,0000,016f,0,016f,0000,1,1,0,0,0000,016f,0000,0000,0000,0000,0,016f,016f,0000,0,000,016f,016f,1,00,0005,0000
1657,1657,0,344ba49034520000,fc,0,0,016f,bbd0,0,0000,016f,0,016f,0000,1,1,0,0,0000,016f,0000,0000,0000,0000,0,016f,016f,0000,0,000,016f,016f,1,00,0005,0000
1658,1658,0,344ba49034520000,fc,0,0,016f,bbd0,0,0000,016f,0,016f,0000,1,1,0,0,0000,016f,0000,0000,0000,0000,0,016f,016f,0000,0,000,016f,016f,1,00,0005,0000
1659,1659,0,344ba49034520000,fc,0,0,016f,bbd0,0,0000,016f,0,016f,0000,1,1,0,0,0000,016f,0000,0000,0000,0000,0,016f,016f,0000,0,000,016f,016f,1,00,0005,0000
1660,1660,0,344ba49034520000,fc,0,0,016f,bbd0,0,0000,016f,0,016f,0000,1,1,0,0,0000,016f,0000,0000,0000,0000,0,016f,016f,0000,0,000,016f,016f,1,00,0005,0000
1661,1661,0,344ba49034520000,fc,0,0,016f,bbd0,0,0000,016f,0,016f,0000,1,1,0,0,0000,016f,0000,0000,0000,0000,0,016f,016f,0000,0,000,016f,016f,1,00,0005,0000
1662,1662,0,344ba49034520000,fc,0,0,016f,bbd0,0,0000,016f,0,016f,0000,1,1,0,0,0000,016f,0000,0000,0000,0000,0,016f,016f,0000,0,000,016f,016f,1,00,0005,0000
1663,1663,0,344ba49034520000,fc,0,0,016f,bbd0,0,0000,016f,0,016f,0000,1,1,0,0,0000,016f,0000,0000,0000,0000,0,016f,016f,0000,0,000,016f,016f,1,00,0005,0000
1664,1664,0,344ba49034520000,fc,0,0,016f,bbd0,0,0000,016f,0,016f,0000,1,1,0,0,0000,016f,0000,0000,0000,0000,0,016f,016f,0000,0,000,016f,016f,1,00,0005,0000
1665,1665,0,344ba49034520000,fc,0,0,016f,bbd0,0,0000,016f,0,016f,0000,1,1,0,0,0000,016f,0000,0000,0000,0000,0,016f,016f,0000,0,000,016f,016f,1,00,0005,0000
1666,1666,0,344ba49034520000,fc,0,0,016f,bbd0,0,0000,016f,0,016f,0000,1,1,0,0,0000,016f,0000,0000,0000,0000,0,016f,016f,0000,0,000,016f,016f,1,00,0005,0000
1667,1667,0,344ba49034520000,fc,0,0,016f,bbd0,0,0000,016f,0,016f,0000,1,1,0,0,0000,016f,0000,0000,0000,0000,0,016f,016f,0000,0,000,016f,016f,1,00,0005,0000
1668,1668,0,344ba49034520000,fc,0,0,016f,bbd0,0,0000,016f,0,016f,0000,1,1,0,0,0000,016f,0000,0000,0000,0000,0,016f,016f,0000,0,000,016f,016f,1,00,0005,0000
1669,1669,0,344ba49034520000,fc,0,0,016f,bbd0,0,0000,016f,0,016f,0000,1,1,0,0,0000,016f,0000,0000,0000,0000,0,016f,016f,0000,0,000,016f,016f,1,00,0005,0000
1670,1670,0,344ba49034520000,fc,0,0,016f,bbd0,0,0000,016f,0,016f,0000,1,1,0,0,0000,016f,0000,0000,0000,0000,0,016f,016f,0000,0,000,016f,016f,1,00,0005,0000
1671,1671,0,344ba49034520000,fc,0,0,016f,bbd0,0,0000,016f,0,016f,0000,1,1,0,0,0000,016f,0000,0000,0000,0000,0,016f,016f,0000,0,000,016f,016f,1,00,0005,0000
1672,1672,0,344ba49034520000,fc,0,0,016f,bbd0,0,0000,016f,0,016f,0000,1,1,0,0,0000,016f,0000,0000,0000,0000,0,016f,016f,0000,0,000,016f,016f,1,00,0005,0000
1673,1673,0,344ba49034520000,fc,0,0,016f,bbd0,0,0000,016f,0,016f,0000,1,1,0,0,0000,016f,0000,0000,0000,0000,0,016f,016f,0000,0,000,016f,016f,1,00,0005,0000
1674,1674,0,344ba49034520000,fc,0,0,016f,bbd0,0,0000,016f,0,016f,0000,1,1,0,0,0000,016f,0000,0000,0000,0000,0,016f,016f,0000,0,000,016f,016f,1,00,0005,0000
1675,1675,0,344ba49034520000,fc,0,0,016f,bbd0,0,0000,016f,0,016f,0000,1,1,0,0,0000,016f,0000,0000,0000,0000,0,016f,016f,0000,0,000,016f,016f,1,00,0005,0000
1676,1676,0,344ba49034520000,fc,0,0,016f,bbd0,0,0000,016f,0,016f,0000,1,1,0,0,0000,016f,0000,0000,0000,0000,0,016f,016f,0000,0,000,016f,016f,1,00,0005,0000
1677,1677,0,344ba49034520000,fc,0,0,016f,bbd0,0,0000,016f,0,016f,0000,1,1,0,0,0000,016f,0000,0000,0000,0000,0,016f,016f,0000,0,000,016f,016f,1,00,0005,0000
1678,1678,0,344ba49034520000,fc,0,0,016f,bbd0,0,0000,016f,0,016f,0000,1,1,0,0,0000,016f,0000,0000,0000,0000,0,016f,016f,0000,0,000,016f,016f,1,00,0005,0000
1679,1679,0,344ba49034520000,fc,0,0,016f,bbd0,0,0000,016f,0,016f,0000,1,1,0,0,0000,016f,0000,0000,0000,0000,0,016f,016f,0000,0,000,016f,016f,1,00,0005,0000
1680,1680,0,344ba49034520000,fc,0,0,016f,bbd0,0,0000,016f,0,016f,0000,1,1,0,0,0000,016f,0000,0000,0000,0000,0,016f,016f,0000,0,000,016f,016f,1,00,0005,0000
1681,1681,0,344ba49034520000,fc,0,0,016f,bbd0,0,0000,016f,0,016f,0000,1,1,0,0,0000,016f,0000,0000,0000,0000,0,016f,016f,0000,0,000,016f,016f,1,00,0005,0000
1682,1682,0,344ba49034520000,fc,0,0,016f,bbd0,0,0000,016f,0,016f,0000,1,1,0,0,0000,016f,0000,0000,0000,0000,0,016f,016f,0000,0,000,016f,016f,1,00,0005,0000
1683,1683,0,344ba49034520000,fc,0,0,016f,bbd0,0,0000,016f,0,016f,0000,1,1,0,0,0000,016f,0000,0000,0000,0000,0,016f,016f,0000,0,000,016f,016f,1,00,0005,0000
1684,1684,0,344ba49034520000,fc,0,0,016f,bbd0,0,0000,016f,0,016f,0000,1,1,0,0,0000,016f,0000,0000,0000,0000,0,016f,016f,0000,0,000,016f,016f,1,00,0005,0000
1685,1685,0,344ba49034520000,fc,0,0,016f,bbd0,0,0000,016f,0,016f,0000,1,1,0,0,0000,016f,0000,0000,0000,0000,0,016f,016f,0000,0,000,016f,016f,1,00,0005,0000
1686,1686,0,344ba49034520000,fc,0,0,016f,bbd0,0,0000,016f,0,016f,0000,1,1,0,0,0000,016f,0000,0000,0000,0000,0,016f,016f,0000,0,000,016f,016f,1,00,0005,0000
1687,1687,0,344ba49034520000,fc,0,0,016f,bbd0,0,0000,016f,0,016f,0000,1,1,0,0,0000,016f,0000,0000,0000,0000,0,016f,016f,0000,0,000,016f,016f,1,00,0005,0000
1688,1688,0,344ba49034520000,fc,0,0,016f,bbd0,0,0000,016f,0,016f,0000,1,1,0,0,0000,016f,0000,0000,0000,0000,0,016f,016f,0000,0,000,016f,016f,1,00,0005,0000
1689,1689,0,344ba49034520000,fc,0,0,016f,bbd0,0,0000,016f,0,016f,0000,1,1,0,0,0000,016f,0000,0000,0000,0000,0,016f,016f,0000,0,000,016f,016f,1,00,0005,0000
1690,1690,0,344ba49034520000,fc,0,0,016f,bbd0,0,0000,016f,0,016f,0000,1,1,0,0,0000,016f,0000,0000,0000,0000,0,016f,016f,0000,0,000,016f,016f,1,00,0005,0000
1691,1691,0,344ba49034520000,fc,0,0,016f,bbd0,0,0000,016f,0,016f,0000,1,1,0,0,0000,016f,0000,0000,0000,0000,0,016f,016f,0000,0,000,016f,016f,1,00,0005,0000
1692,1692,0,344ba49034520000,fc,0,0,016f,bbd0,0,0000,016f,0,016f,0000,1,1,0,0,0000,016f,0000,0000,0000,0000,0,016f,016f,0000,0,000,016f,016f,1,00,0005,0000
1693,1693,0,344ba49034520000,fc,0,0,016f,bbd0,0,0000,016f,0,016f,0000,1,1,0,0,0000,016f,0000,0000,0000,0000,0,016f,016f,0000,0,000,016f,016f,1,00,0005,0000
1694,1694,0,344ba49034520000,fc,0,0,016f,bbd0,0,0000,016f,0,016f,0000,1,1,0,0,0000,016f,0000,0000,0000,0000,0,016f,016f,0000,0,000,016f,016f,1,00,0005,0000
1695,1695,0,344ba49034520000,fc,0,0,016f,bbd0,0,0000,016f,0,016f,0000,1,1,0,0,0000,016f,0000,0000,0000,0000,0,016f,016f,0000,0,000,016f,016f,1,00,0005,0000
1696,1696,0,344ba49034520000,fc,0,0,016f,bbd0,0,0000,016f,0,016f,0000,1,1,0,0,0000,016f,0000,0000,0000,0000,0,016f,016f,0000,0,000,016f,016f,1,00,0005,0000
1697,1697,0,344ba49034520000,fc,0,0,016f,bbd0,0,0000,016f,0,016f,0000,1,1,0,0,0000,016f,0000,0000,0000,0000,0,016f,016f,0000,0,000,016f,016f,1,00,0005,0000
1698,1698,0,344ba49034520000,fc,0,0,016f,bbd0,0,0000,016f,0,016f,0000,1,1,0,0,0000,016f,0000,0000,0000,0000,0,016f,016f,0000,0,000,016f,016f,1,00,0005,0000
1699,1699,0,344ba49034520000,fc,0,0,016f,bbd0,0,0000,016f,0,016f,0000,1,1,0,0,0000,016f,0000,0000,0000,0000,0,016f,016f,0000,0,000,016f,016f,1,00,0005,0000
1700,1700,0,344ba49034520000,fc,0,0,016f,bbd0,0,0000,016f,0,016f,0000,1,1,0,0,0000,016f,0000,0000,0000,0000,0,016f,016f,0000,0,000,016f,016f,1,00,0005,0000
1701,1701,0,344ba49034520000,fc,0,0,016f,bbd0,0,0000,016f,0,016f,0000,1,1,0,0,0000,016f,0000,0000,0000,0000,0,016f,016f,0000,0,000,016f,016f,1,00,0005,0000
1702,1702,0,344ba49034520000,fc,0,0,016f,bbd0,0,0000,016f,0,016f,0000,1,1,0,0,0000,016f,0000,0000,0000,0000,0,016f,016f,0000,0,000,016f,016f,1,00,0005,0000
1703,1703,0,344ba49034520000,fc,0,0,016f,bbd0,0,0000,016f,0,016f,0000,1,1,0,0,0000,016f,0000,0000,0000,0000,0,016f,016f,0000,0,000,016f,016f,1,00,0005,0000
1704,1704,0,344ba49034520000,fc,0,0,016f,bbd0,0,0000,016f,0,016f,0000,1,1,0,0,0000,016f,0000,0000,0000,0000,0,016f,016f,0000,0,000,016f,016f,1,00,0005,0000
1705,1705,0,344ba49034520000,fc,0,0,016f,bbd0,0,0000,016f,0,016f,0000,1,1,0,0,0000,016f,0000,0000,0000,0000,0,016f,016f,0000,0,000,016f,016f,1,00,0005,0000
1706,1706,0,344ba49034520000,fc,0,0,016f,bbd0,0,0000,016f,0,016f,0000,1,1,0,0,0000,016f,0000,0000,0000,0000,0,016f,016f,0000,0,000,016f,016f,1,00,0005,0000
1707,1707,0,344ba49034520000,fc,0,0,016f,bbd0,0,0000,016f,0,016f,0000,1,1,0,0,0000,016f,0000,0000,0000,0000,0,016f,016f,0000,0,000,016f,016f,1,00,0005,0000
1708,1708,0,344ba49034520000,fc,0,0,016f,bbd0,0,0000,016f,0,016f,0000,1,1,0,0,0000,016f,0000,0000,0000,0000,0,016f,016f,0000,0,000,016f,016f,1,00,0005,0000
1709,1709,0,344ba49034520000,fc,0,0,016f,bbd0,0,0000,016f,0,016f,0000,1,1,0,0,0000,016f,0000,0000,0000,0000,0,016f,016f,0000,0,000,016f,016f,1,00,0005,0000
1710,1710,0,344ba49034520000,fc,0,0,016f,bbd0,0,0000,016f,0,016f,0000,1,1,0,0,0000,016f,0000,0000,0000,0000,0,016f,016f,0000,0,000,016f,016f,1,00,0005,0000
1711,1711,0,344ba49034520000,fc,0,0,016f,bbd0,0,0000,016f,0,016f,0000,1,1,0,0,0000,016f,0000,0000,0000,0000,0,016f,016f,0000,0,000,016f,016f,1,00,0005,0000
1712,1712,0,344ba49034520000,fc,0,0,016f,bbd0,0,0000,016f,0,016f,0000,1,1,0,0,0000,016f,0000,0000,0000,0000,0,016f,016f,0000,0,000,016f,016f,1,00,0005,0000
1713,1713,0,344ba49034520000,fc,0,0,016f,bbd0,0,0000,016f,0,016f,0000,1,1,0,0,0000,016f,0000,0000,0000,0000,0,016f,016f,0000,0,000,016f,016f,1,00,0005,0000
1714,1714,0,344ba49034520000,fc,0,0,016f,bbd0,0,0000,016f,0,016f,0000,1,1,0,0,0000,016f,0000,0000,0000,0000,0,016f,016f,0000,0,000,016f,016f,1,00,0005,0000
1715,1715,0,344ba49034520000,fc,0,0,016f,bbd0,0,0000,016f,0,016f,0000,1,1,0,0,0000,016f,0000,0000,0000,0000,0,016f,016f,0000,0,000,016f,016f,1,00,0005,0000
1716,1716,0,344ba49034520000,fc,0,0,016f,bbd0,0,0000,016f,0,016f,0000,1,1,0,0,0000,016f,0000,0000,0000,0000,0,016f,016f,0000,0,000,016f,016f,1,00,0005,0000
1717,1717,0,344ba49034520000,fc,0,0,016f,bbd0,0,0000,016f,0,016f,0000,1,1,0,0,0000,016f,0000,0000,0000,0000,0,016f,016f,0000,0,000,016f,016f,1,00,0005,0000
1718,1718,0,344ba49034520000,fc,0,0,016f,bbd0,0,0000,016f,0,016f,0000,1,1,0,0,0000,016f,0000,0000,0000,0000,0,016f,016f,0000,0,000,016f,016f,1,00,0005,0000
1719,1719,0,344ba49034520000,fc,0,0,016f,bbd0,0,0000,016f,0,016f,0000,1,1,0,0,0000,016f,0000,0000,0000,0000,0,016f,016f,0000,0,000,016f,016f,1,00,0005,0000
1720,1720,0,344ba49034520000,fc,0,0,016f,bbd0,0,0000,016f,0,016f,0000,1,1,0,0,0000,016f,0000,0000,0000,0000,0,016f,016f,0000,0,000,016f,016f,1,00,0005,0000
1721,1721,0,344ba49034520000,fc,0,0,016f,bbd0,0,0000,016f,0,016f,0000,1,1,0,0,0000,016f,0000,0000,0000,0000,0,016f,016f,0000,0,000,016f,016f,1,00,0005,0000
1722,1722,0,344ba49034520000,fc,0,0,016f,bbd0,0,0000,016f,0,016f,0000,1,1,0,0,0000,016f,0000,0000,0000,0000,0,016f,016f,0000,0,000,016f,016f,1,00,0005,0000
1723,1723,0,344ba49034520000,fc,0,0,016f,bbd0,0,0000,016f,0,016f,0000,1,1,0,0,0000,016f,0000,0000,0000,0000,0,016f,016f,0000,0,000,016f,016f,1,00,0005,0000
1724,1724,0,344ba49034520000,fc,0,0,016f,bbd0,0,0000,016f,0,016f,0000,1,1,0,0,0000,016f,0000,0000,0000,0000,0,016f,016f,0000,0,000,016f,016f,1,00,0005,0000
1725,1725,0,344ba49034520000,fc,0,0,016f,bbd0,0,0000,016f,0,016f,0000,1,1,0,0,0000,016f,0000,0000,0000,0000,0,016f,016f,0000,0,000,016f,016f,1,00,0005,0000
1726,1726,0,344ba49034520000,fc,0,0,016f,bbd0,0,0000,016f,0,016f,0000,1,1,0,0,0000,016f,0000,0000,0000,0000,0,016f,016f,0000,0,000,016f,016f,1,00,0005,0000
1727,1727,0,344ba49034520000,fc,0,0,016f,bbd0,0,0000,016f,0,016f,0000,1,1,0,0,0000,016f,0000,0000,0000,0000,0,016f,016f,0000,0,000,016f,016f,1,00,0005,0000
1728,1728,0,344ba49034520000,fc,0,0,016f,bbd0,0,0000,016f,0,016f,0000,1,1,0,0,0000,016f,0000,0000,0000,0000,0,016f,016f,0000,0,000,016f,016f,1,00,0005,0000
1729,1729,0,344ba49034520000,fc,0,0,016f,bbd0,0,0000,016f,0,016f,0000,1,1,0,0,0000,016f,0000,0000,0000,0000,0,016f,016f,0000,0,000,016f,016f,1,00,0005,0000
1730,1730,0,344ba49034520000,fc,0,0,016f,bbd0,0,0000,016f,0,016f,0000,1,1,0,0,0000,016f,0000,0000,0000,0000,0,016f,016f,0000,0,000,016f,016f,1,00,0005,0000
1731,1731,0,344ba49034520000,fc,0,0,016f,bbd0,0,0000,016f,0,016f,0000,1,1,0,0,0000,016f,0000,0000,0000,0000,0,016f,016f,0000,0,000,016f,016f,1,00,0005,0000
1732,1732,0,344ba49034520000,fc,0,0,016f,bbd0,0,0000,016f,0,016f,0000,1,1,0,0,0000,016f,0000,0000,0000,0000,0,016f,016f,0000,0,000,016f,016f,1,00,0005,0000
1733,1733,0,344ba49034520000,fc,0,0,016f,bbd0,0,0000,016f,0,016f,0000,1,1,0,0,0000,016f,0000,0000,0000,0000,0,016f,016f,0000,0,000,016f,016f,1,00,0005,0000
1734,1734,0,344ba49034520000,fc,0,0,016f,bbd0,0,0000,016f,0,016f,0000,1,1,0,0,0000,016f,0000,0000,0000,0000,0,016f,016f,0000,0,000,016f,016f,1,00,0005,0000
1735,1735,0,344ba49034520000,fc,0,0,016f,bbd0,0,0000,016f,0,016f,0000,1,1,0,0,0000,016f,0000,0000,0000,0000,0,016f,016f,0000,0,000,016f,016f,1,00,0005,0000
1736,1736,0,344ba49034520000,fc,0,0,016f,bbd0,0,0000,016f,0,016f,0000,1,1,0,0,0000,016f,0000,0000,0000,0000,0,016f,016f,0000,0,000,016f,016f,1,00,0005,0000
1737,1737,0,344ba49034520000,fc,0,0,016f,bbd0,0,0000,016f,0,016f,0000,1,1,0,0,0000,016f,0000,0000,0000,0000,0,016f,016f,0000,0,000,016f,016f,1,00,0005,0000
1738,1738,0,344ba49034520000,fc,0,0,016f,bbd0,0,0000,016f,0,016f,0000,1,1,0,0,0000,016f,0000,0000,0000,0000,0,016f,016f,0000,0,000,016f,016f,1,00,0005,0000
1739,1739,0,344ba49034520000,fc,0,0,016f,bbd0,0,0000,016f,0,016f,0000,1,1,0,0,0000,016f,0000,0000,0000,0000,0,016f,016f,0000,0,000,016f,016f,1,00,0005,0000
1740,1740,0,344ba49034520000,fc,0,0,016f,bbd0,0,0000,016f,0,016f,0000,1,1,0,0,0000,016f,0000,0000,0000,0000,0,016f,016f,0000,0,000,016f,016f,1,00,0005,0000
1741,1741,0,344ba49034520000,fc,0,0,016f,bbd0,0,0000,016f,0,016f,0000,1,1,0,0,0000,016f,0000,0000,0000,0000,0,016f,016f,0000,0,000,016f,016f,1,00,0005,0000
1742,1742,0,344ba49034520000,fc,0,0,016f,bbd0,0,0000,016f,0,016f,0000,1,1,0,0,0000,016f,0000,0000,0000,0000,0,016f,016f,0000,0,000,016f,016f,1,00,0005,0000
1743,1743,0,344ba49034520000,fc,0,0,016f,bbd0,0,0000,016f,0,016f,0000,1,1,0,0,0000,016f,0000,0000,0000,0000,0,016f,016f,0000,0,000,016f,016f,1,00,0005,0000
1744,1744,0,344ba49034520000,fc,0,0,016f,bbd0,0,0000,016f,0,016f,0000,1,1,0,0,0000,016f,0000,0000,0000,0000,0,016f,016f,0000,0,000,016f,016f,1,00,0005,0000
1745,1745,0,344ba49034520000,fc,0,0,016f,bbd0,0,0000,016f,0,016f,0000,1,1,0,0,0000,016f,0000,0000,0000,0000,0,016f,016f,0000,0,000,016f,016f,1,00,0005,0000
1746,1746,0,344ba49034520000,fc,0,0,016f,bbd0,0,0000,016f,0,016f,0000,1,1,0,0,0000,016f,0000,0000,0000,0000,0,016f,016f,0000,0,000,016f,016f,1,00,0005,0000
1747,1747,0,344ba49034520000,fc,0,0,016f,bbd0,0,0000,016f,0,016f,0000,1,1,0,0,0000,016f,0000,0000,0000,0000,0,016f,016f,0000,0,000,016f,016f,1,00,0005,0000
1748,1748,0,344ba49034520000,fc,0,0,016f,bbd0,0,0000,016f,0,016f,0000,1,1,0,0,0000,016f,0000,0000,0000,0000,0,016f,016f,0000,0,000,016f,016f,1,00,0005,0000
1749,1749,0,344ba49034520000,fc,0,0,016f,bbd0,0,0000,016f,0,016f,0000,1,1,0,0,0000,016f,0000,0000,0000,0000,0,016f,016f,0000,0,000,016f,016f,1,00,0005,0000
1750,1750,0,344ba49034520000,fc,0,0,016f,bbd0,0,0000,016f,0,016f,0000,1,1,0,0,0000,016f,0000,0000,0000,0000,0,016f,016f,0000,0,000,016f,016f,1,00,0005,0000
1751,1751,0,344ba49034520000,fc,0,0,016f,bbd0,0,0000,016f,0,016f,0000,1,1,0,0,0000,016f,0000,0000,0000,0000,0,016f,016f,0000,0,000,016f,016f,1,00,0005,0000
1752,1752,0,344ba49034520000,fc,0,0,016f,bbd0,0,0000,016f,0,016f,0000,1,1,0,0,0000,016f,0000,0000,0000,0000,0,016f,016f,0000,0,000,016f,016f,1,00,0005,0000
1753,1753,0,344ba49034520000,fc,0,0,016f,bbd0,0,0000,016f,0,016f,0000,1,1,0,0,0000,016f,0000,0000,0000,0000,0,016f,016f,0000,0,000,016f,016f,1,00,0005,0000
1754,1754,0,344ba49034520000,fc,0,0,016f,bbd0,0,0000,016f,0,016f,0000,1,1,0,0,0000,016f,0000,0000,0000,0000,0,016f,016f,0000,0,000,016f,016f,1,00,0005,0000
1755,1755,0,344ba49034520000,fc,0,0,016f,bbd0,0,0000,016f,0,016f,0000,1,1,0,0,0000,016f,0000,0000,0000,0000,0,016f,016f,0000,0,000,016f,016f,1,00,0005,0000
1756,1756,0,344ba49034520000,fc,0,0,016f,bbd0,0,0000,016f,0,016f,0000,1,1,0,0,0000,016f,0000,0000,0000,0000,0,016f,016f,0000,0,000,016f,016f,1,00,0005,0000
1757,1757,0,344ba49034520000,fc,0,0,016f,bbd0,0,0000,016f,0,016f,0000,1,1,0,0,0000,016f,0000,0000,0000,0000,0,016f,016f,0000,0,000,016f,016f,1,00,0005,0000
1758,1758,0,344ba49034520000,fc,0,0,016f,bbd0,0,0000,016f,0,016f,0000,1,1,0,0,0000,016f,0000,0000,0000,0000,0,016f,016f,0000,0,000,016f,016f,1,00,0005,0000
1759,1759,0,344ba49034520000,fc,0,0,016f,bbd0,0,0000,016f,0,016f,0000,1,1,0,0,0000,016f,0000,0000,0000,0000,0,016f,016f,0000,0,000,016f,016f,1,00,0005,0000
1760,1760,0,344ba49034520000,fc,0,0,016f,bbd0,0,0000,016f,0,016f,0000,1,1,0,0,0000,016f,0000,0000,0000,0000,0,016f,016f,0000,0,000,016f,016f,1,00,0005,0000
1761,1761,0,344ba49034520000,fc,0,0,016f,bbd0,0,0000,016f,0,016f,0000,1,1,0,0,0000,016f,0000,0000,0000,0000,0,016f,016f,0000,0,000,016f,016f,1,00,0005,0000
1762,1762,0,344ba49034520000,fc,0,0,016f,bbd0,0,0000,016f,0,016f,0000,1,1,0,0,0000,016f,0000,0000,0000,0000,0,016f,016f,0000,0,000,016f,016f,1,00,0005,0000
1763,1763,0,344ba49034520000,fc,0,0,016f,bbd0,0,0000,016f,0,016f,0000,1,1,0,0,0000,016f,0000,0000,0000,0000,0,016f,016f,0000,0,000,016f,016f,1,00,0005,0000
1764,1764,0,344ba49034520000,fc,0,0,016f,bbd0,0,0000,016f,0,016f,0000,1,1,0,0,0000,016f,0000,0000,0000,0000,0,016f,016f,0000,0,000,016f,016f,1,00,0005,0000
1765,1765,0,344ba49034520000,fc,0,0,016f,bbd0,0,0000,016f,0,016f,0000,1,1,0,0,0000,016f,0000,0000,0000,0000,0,016f,016f,0000,0,000,016f,016f,1,00,0005,0000
1766,1766,0,344ba49034520000,fc,0,0,016f,bbd0,0,0000,016f,0,016f,0000,1,1,0,0,0000,016f,0000,0000,0000,0000,0,016f,016f,0000,0,000,016f,016f,1,00,0005,0000
1767,1767,0,344ba49034520000,fc,0,0,016f,bbd0,0,0000,016f,0,016f,0000,1,1,0,0,0000,016f,0000,0000,0000,0000,0,016f,016f,0000,0,000,016f,016f,1,00,0005,0000
1768,1768,0,344ba49034520000,fc,0,0,016f,bbd0,0,0000,016f,0,016f,0000,1,1,0,0,0000,016f,0000,0000,0000,0000,0,016f,016f,0000,0,000,016f,016f,1,00,0005,0000
1769,1769,0,344ba49034520000,fc,0,0,016f,bbd0,0,0000,016f,0,016f,0000,1,1,0,0,0000,016f,0000,0000,0000,0000,0,016f,016f,0000,0,000,016f,016f,1,00,0005,0000
1770,1770,0,344ba49034520000,fc,0,0,016f,bbd0,0,0000,016f,0,016f,0000,1,1,0,0,0000,016f,0000,0000,0000,0000,0,016f,016f,0000,0,000,016f,016f,1,00,0005,0000
1771,1771,0,344ba49034520000,fc,0,0,016f,bbd0,0,0000,016f,0,016f,0000,1,1,0,0,0000,016f,0000,0000,0000,0000,0,016f,016f,0000,0,000,016f,016f,1,00,0005,0000
1772,1772,0,344ba49034520000,fc,0,0,016f,bbd0,0,0000,016f,0,016f,0000,1,1,0,0,0000,016f,0000,0000,0000,0000,0,016f,016f,0000,0,000,016f,016f,1,00,0005,0000
1773,1773,0,344ba49034520000,fc,0,0,016f,bbd0,0,0000,016f,0,016f,0000,1,1,0,0,0000,016f,0000,0000,0000,0000,0,016f,016f,0000,0,000,016f,016f,1,00,0005,0000
1774,1774,0,344ba49034520000,fc,0,0,016f,bbd0,0,0000,016f,0,016f,0000,1,1,0,0,0000,016f,0000,0000,0000,0000,0,016f,016f,0000,0,000,016f,016f,1,00,0005,0000
1775,1775,0,344ba49034520000,fc,0,0,016f,bbd0,0,0000,016f,0,016f,0000,1,1,0,0,0000,016f,0000,0000,0000,0000,0,016f,016f,0000,0,000,016f,016f,1,00,0005,0000
1776,1776,0,344ba49034520000,fc,0,0,016f,bbd0,0,0000,016f,0,016f,0000,1,1,0,0,0000,016f,0000,0000,0000,0000,0,016f,016f,0000,0,000,016f,016f,1,00,0005,0000
1777,1777,0,344ba49034520000,fc,0,0,016f,bbd0,0,0000,016f,0,016f,0000,1,1,0,0,0000,016f,0000,0000,0000,0000,0,016f,016f,0000,0,000,016f,016f,1,00,0005,0000
1778,1778,0,344ba49034520000,fc,0,0,016f,bbd0,0,0000,016f,0,016f,0000,1,1,0,0,0000,016f,0000,0000,0000,0000,0,016f,016f,0000,0,000,016f,016f,1,00,0005,0000
1779,1779,0,344ba49034520000,fc,0,0,016f,bbd0,0,0000,016f,0,016f,0000,1,1,0,0,0000,016f,0000,0000,0000,0000,0,016f,016f,0000,0,000,016f,016f,1,00,0005,0000
1780,1780,0,344ba49034520000,fc,0,0,016f,bbd0,0,0000,016f,0,016f,0000,1,1,0,0,0000,016f,0000,0000,0000,0000,0,016f,016f,0000,0,000,016f,016f,1,00,0005,0000
1781,1781,0,344ba49034520000,fc,0,0,016f,bbd0,0,0000,016f,0,016f,0000,1,1,0,0,0000,016f,0000,0000,0000,0000,0,016f,016f,0000,0,000,016f,016f,1,00,0005,0000
1782,1782,0,344ba49034520000,fc,0,0,016f,bbd0,0,0000,016f,0,016f,0000,1,1,0,0,0000,016f,0000,0000,0000,0000,0,016f,016f,0000,0,000,016f,016f,1,00,0005,0000
1783,1783,0,344ba49034520000,fc,0,0,016f,bbd0,0,0000,016f,0,016f,0000,1,1,0,0,0000,016f,0000,0000,0000,0000,0,016f,016f,0000,0,000,016f,016f,1,00,0005,0000
1784,1784,0,344ba49034520000,fc,0,0,016f,bbd0,0,0000,016f,0,016f,0000,1,1,0,0,0000,016f,0000,0000,0000,0000,0,016f,016f,0000,0,000,016f,016f,1,00,0005,0000
1785,1785,0,344ba49034520000,fc,0,0,016f,bbd0,0,0000,016f,0,016f,0000,1,1,0,0,0000,016f,0000,0000,0000,0000,0,016f,016f,0000,0,000,016f,016f,1,00,0005,0000
1786,1786,0,344ba49034520000,fc,0,0,016f,bbd0,0,0000,016f,0,016f,0000,1,1,0,0,0000,016f,0000,0000,0000,0000,0,016f,016f,0000,0,000,016f,016f,1,00,0005,0000
1787,1787,0,344ba49034520000,fc,0,0,016f,bbd0,0,0000,016f,0,016f,0000,1,1,0,0,0000,016f,0000,0000,0000,0000,0,016f,016f,0000,0,000,016f,016f,1,00,0005,0000
1788,1788,0,344ba49034520000,fc,0,0,016f,bbd0,0,0000,016f,0,016f,0000,1,1,0,0,0000,016f,0000,0000,0000,0000,0,016f,016f,0000,0,000,016f,016f,1,00,0005,0000
1789,1789,0,344ba49034520000,fc,0,0,016f,bbd0,0,0000,016f,0,016f,0000,1,1,0,0,0000,016f,0000,0000,0000,0000,0,016f,016f,0000,0,000,016f,016f,1,00,0005,0000
1790,1790,0,344ba49034520000,fc,0,0,016f,bbd0,0,0000,016f,0,016f,0000,1,1,0,0,0000,016f,0000,0000,0000,0000,0,016f,016f,0000,0,000,016f,016f,1,00,0005,0000
1791,1791,0,344ba49034520000,fc,0,0,016f,bbd0,0,0000,016f,0,016f,0000,1,1,0,0,0000,016f,0000,0000,0000,0000,0,016f,016f,0000,0,000,016f,016f,1,00,0005,0000
1792,1792,0,344ba49034520000,fc,0,0,016f,bbd0,0,0000,016f,0,016f,0000,1,1,0,0,0000,016f,0000,0000,0000,0000,0,016f,016f,0000,0,000,016f,016f,1,00,0005,0000
1793,1793,0,344ba49034520000,fc,0,0,016f,bbd0,0,0000,016f,0,016f,0000,1,1,0,0,0000,016f,0000,0000,0000,0000,0,016f,016f,0000,0,000,016f,016f,1,00,0005,0000
1794,1794,0,344ba49034520000,fc,0,0,016f,bbd0,0,0000,016f,0,016f,0000,1,1,0,0,0000,016f,0000,0000,0000,0000,0,016f,016f,0000,0,000,016f,016f,1,00,0005,0000
1795,1795,0,344ba49034520000,fc,0,0,016f,bbd0,0,0000,016f,0,016f,0000,1,1,0,0,0000,016f,0000,0000,0000,0000,0,016f,016f,0000,0,000,016f,016f,1,00,0005,0000
1796,1796,0,344ba49034520000,fc,0,0,016f,bbd0,0,0000,016f,0,016f,0000,1,1,0,0,0000,016f,0000,0000,0000,0000,0,016f,016f,0000,0,000,016f,016f,1,00,0005,0000
1797,1797,0,344ba49034520000,fc,0,0,016f,bbd0,0,0000,016f,0,016f,0000,1,1,0,0,0000,016f,0000,0000,0000,0000,0,016f,016f,0000,0,000,016f,016f,1,00,0005,0000
1798,1798,0,344ba49034520000,fc,0,0,016f,bbd0,0,0000,016f,0,016f,0000,1,1,0,0,0000,016f,0000,0000,0000,0000,0,016f,016f,0000,0,000,016f,016f,1,00,0005,0000
1799,1799,0,344ba49034520000,fc,0,0,016f,bbd0,0,0000,016f,0,016f,0000,1,1,0,0,0000,016f,0000,0000,0000,0000,0,016f,016f,0000,0,000,016f,016f,1,00,0005,0000
1800,1800,0,344ba49034520000,fc,0,0,016f,bbd0,0,0000,016f,0,016f,0000,1,1,0,0,0000,016f,0000,0000,0000,0000,0,016f,016f,0000,0,000,016f,016f,1,00,0005,0000
1801,1801,0,344ba49034520000,fc,0,0,016f,bbd0,0,0000,016f,0,016f,0000,1,1,0,0,0000,016f,0000,0000,0000,0000,0,016f,016f,0000,0,000,016f,016f,1,00,0005,0000
1802,1802,0,344ba49034520000,fc,0,0,016f,bbd0,0,0000,016f,0,016f,0000,1,1,0,0,0000,016f,0000,0000,0000,0000,0,016f,016f,0000,0,000,016f,016f,1,00,0005,0000
1803,1803,0,344ba49034520000,fc,0,0,016f,bbd0,0,0000,016f,0,016f,0000,1,1,0,0,0000,016f,0000,0000,0000,0000,0,016f,016f,0000,0,000,016f,016f,1,00,0005,0000
1804,1804,0,344ba49034520000,fc,0,0,016f,bbd0,0,0000,016f,0,016f,0000,1,1,0,0,0000,016f,0000,0000,0000,0000,0,016f,016f,0000,0,000,016f,016f,1,00,0005,0000
1805,1805,0,344ba49034520000,fc,0,0,016f,bbd0,0,0000,016f,0,016f,0000,1,1,0,0,0000,016f,0000,0000,0000,0000,0,016f,016f,0000,0,000,016f,016f,1,00,0005,0000
1806,1806,0,344ba49034520000,fc,0,0,016f,bbd0,0,0000,016f,0,016f,0000,1,1,0,0,0000,016f,0000,0000,0000,0000,0,016f,016f,0000,0,000,016f,016f,1,00,0005,0000
1807,1807,0,344ba49034520000,fc,0,0,016f,bbd0,0,0000,016f,0,016f,0000,1,1,0,0,0000,016f,0000,0000,0000,0000,0,016f,016f,0000,0,000,016f,016f,1,00,0005,0000
1808,1808,0,344ba49034520000,fc,0,0,016f,bbd0,0,0000,016f,0,016f,0000,1,1,0,0,0000,016f,0000,0000,0000,0000,0,016f,016f,0000,0,000,016f,016f,1,00,0005,0000
1809,1809,0,344ba49034520000,fc,0,0,016f,bbd0,0,0000,016f,0,016f,0000,1,1,0,0,0000,016f,0000,0000,0000,0000,0,016f,016f,0000,0,000,016f,016f,1,00,0005,0000
1810,1810,0,344ba49034520000,fc,0,0,016f,bbd0,0,0000,016f,0,016f,0000,1,1,0,0,0000,016f,0000,0000,0000,0000,0,016f,016f,0000,0,000,016f,016f,1,00,0005,0000
1811,1811,0,344ba49034520000,fc,0,0,016f,bbd0,0,0000,016f,0,016f,0000,1,1,0,0,0000,016f,0000,0000,0000,0000,0,016f,016f,0000,0,000,016f,016f,1,00,0005,0000
1812,1812,0,344ba49034520000,fc,0,0,016f,bbd0,0,0000,016f,0,016f,0000,1,1,0,0,0000,016f,0000,0000,0000,0000,0,016f,016f,0000,0,000,016f,016f,1,00,0005,0000
1813,1813,0,344ba49034520000,fc,0,0,016f,bbd0,0,0000,016f,0,016f,0000,1,1,0,0,0000,016f,0000,0000,0000,0000,0,016f,016f,0000,0,000,016f,016f,1,00,0005,0000
1814,1814,0,344ba49034520000,fc,0,0,016f,bbd0,0,0000,016f,0,016f,0000,1,1,0,0,0000,016f,0000,0000,0000,0000,0,016f,016f,0000,0,000,016f,016f,1,00,0005,0000
1815,1815,0,344ba49034520000,fc,0,0,016f,bbd0,0,0000,016f,0,016f,0000,1,1,0,0,0000,016f,0000,0000,0000,0000,0,016f,016f,0000,0,000,016f,016f,1,00,0005,0000
1816,1816,0,344ba49034520000,fc,0,0,016f,bbd0,0,0000,016f,0,016f,0000,1,1,0,0,0000,016f,0000,0000,0000,0000,0,016f,016f,0000,0,000,016f,016f,1,00,0005,0000
1817,1817,0,344ba49034520000,fc,0,0,016f,bbd0,0,0000,016f,0,016f,0000,1,1,0,0,0000,016f,0000,0000,0000,0000,0,016f,016f,0000,0,000,016f,016f,1,00,0005,0000
1818,1818,0,344ba49034520000,fc,0,0,016f,bbd0,0,0000,016f,0,016f,0000,1,1,0,0,0000,016f,0000,0000,0000,0000,0,016f,016f,0000,0,000,016f,016f,1,00,0005,0000
1819,1819,0,344ba49034520000,fc,0,0,016f,bbd0,0,0000,016f,0,016f,0000,1,1,0,0,0000,016f,0000,0000,0000,0000,0,016f,016f,0000,0,000,016f,016f,1,00,0005,0000
1820,1820,0,344ba49034520000,fc,0,0,016f,bbd0,0,0000,016f,0,016f,0000,1,1,0,0,0000,016f,0000,0000,0000,0000,0,016f,016f,0000,0,000,016f,016f,1,00,0005,0000
1821,1821,0,344ba49034520000,fc,0,0,016f,bbd0,0,0000,016f,0,016f,0000,1,1,0,0,0000,016f,0000,0000,0000,0000,0,016f,016f,0000,0,000,016f,016f,1,00,0005,0000
1822,1822,0,344ba49034520000,fc,0,0,016f,bbd0,0,0000,016f,0,016f,0000,1,1,0,0,0000,016f,0000,0000,0000,0000,0,016f,016f,0000,0,000,016f,016f,1,00,0005,0000
1823,1823,0,344ba49034520000,fc,0,0,016f,bbd0,0,0000,016f,0,016f,0000,1,1,0,0,0000,016f,0000,0000,0000,0000,0,016f,016f,0000,0,000,016f,016f,1,00,0005,0000
1824,1824,0,344ba49034520000,fc,0,0,016f,bbd0,0,0000,016f,0,016f,0000,1,1,0,0,0000,016f,0000,0000,0000,0000,0,016f,016f,0000,0,000,016f,016f,1,00,0005,0000
1825,1825,0,344ba49034520000,fc,0,0,016f,bbd0,0,0000,016f,0,016f,0000,1,1,0,0,0000,016f,0000,0000,0000,0000,0,016f,016f,0000,0,000,016f,016f,1,00,0005,0000
1826,1826,0,344ba49034520000,fc,0,0,016f,bbd0,0,0000,016f,0,016f,0000,1,1,0,0,0000,016f,0000,0000,0000,0000,0,016f,016f,0000,0,000,016f,016f,1,00,0005,0000
1827,1827,0,344ba49034520000,fc,0,0,016f,bbd0,0,0000,016f,0,016f,0000,1,1,0,0,0000,016f,0000,0000,0000,0000,0,016f,016f,0000,0,000,016f,016f,1,00,0005,0000
1828,1828,0,344ba49034520000,fc,0,0,016f,bbd0,0,0000,016f,0,016f,0000,1,1,0,0,0000,016f,0000,0000,0000,0000,0,016f,016f,0000,0,000,016f,016f,1,00,0005,0000
1829,1829,0,344ba49034520000,fc,0,0,016f,bbd0,0,0000,016f,0,016f,0000,1,1,0,0,0000,016f,0000,0000,0000,0000,0,016f,016f,0000,0,000,016f,016f,1,00,0005,0000
1830,1830,0,344ba49034520000,fc,0,0,016f,bbd0,0,0000,016f,0,016f,0000,1,1,0,0,0000,016f,0000,0000,0000,0000,0,016f,016f,0000,0,000,016f,016f,1,00,0005,0000
1831,1831,0,344ba49034520000,fc,0,0,016f,bbd0,0,0000,016f,0,016f,0000,1,1,0,0,0000,016f,0000,0000,0000,0000,0,016f,016f,0000,0,000,016f,016f,1,00,0005,0000
1832,1832,0,344ba49034520000,fc,0,0,016f,bbd0,0,0000,016f,0,016f,0000,1,1,0,0,0000,016f,0000,0000,0000,0000,0,016f,016f,0000,0,000,016f,016f,1,00,0005,0000
1833,1833,0,344ba49034520000,fc,0,0,016f,bbd0,0,0000,016f,0,016f,0000,1,1,0,0,0000,016f,0000,0000,0000,0000,0,016f,016f,0000,0,000,016f,016f,1,00,0005,0000
1834,1834,0,344ba49034520000,fc,0,0,016f,bbd0,0,0000,016f,0,016f,0000,1,1,0,0,0000,016f,0000,0000,0000,0000,0,016f,016f,0000,0,000,016f,016f,1,00,0005,0000
1835,1835,0,344ba49034520000,fc,0,0,016f,bbd0,0,0000,016f,0,016f,0000,1,1,0,0,0000,016f,0000,0000,0000,0000,0,016f,016f,0000,0,000,016f,016f,1,00,0005,0000
1836,1836,0,344ba49034520000,fc,0,0,016f,bbd0,0,0000,016f,0,016f,0000,1,1,0,0,0000,016f,0000,0000,0000,0000,0,016f,016f,0000,0,000,016f,016f,1,00,0005,0000
1837,1837,0,344ba49034520000,fc,0,0,016f,bbd0,0,0000,016f,0,016f,0000,1,1,0,0,0000,016f,0000,0000,0000,0000,0,016f,016f,0000,0,000,016f,016f,1,00,0005,0000
1838,1838,0,344ba49034520000,fc,0,0,016f,bbd0,0,0000,016f,0,016f,0000,1,1,0,0,0000,016f,0000,0000,0000,0000,0,016f,016f,0000,0,000,016f,016f,1,00,0005,0000
1839,1839,0,344ba49034520000,fc,0,0,016f,bbd0,0,0000,016f,0,016f,0000,1,1,0,0,0000,016f,0000,0000,0000,0000,0,016f,016f,0000,0,000,016f,016f,1,00,0005,0000
1840,1840,0,344ba49034520000,fc,0,0,016f,bbd0,0,0000,016f,0,016f,0000,1,1,0,0,0000,016f,0000,0000,0000,0000,0,016f,016f,0000,0,000,016f,016f,1,00,0005,0000
1841,1841,0,344ba49034520000,fc,0,0,016f,bbd0,0,0000,016f,0,016f,0000,1,1,0,0,0000,016f,0000,0000,0000,0000,0,016f,016f,0000,0,000,016f,016f,1,00,0005,0000
1842,1842,0,344ba49034520000,fc,0,0,016f,bbd0,0,0000,016f,0,016f,0000,1,1,0,0,0000,016f,0000,0000,0000,0000,0,016f,016f,0000,0,000,016f,016f,1,00,0005,0000
1843,1843,0,344ba49034520000,fc,0,0,016f,bbd0,0,0000,016f,0,016f,0000,1,1,0,0,0000,016f,0000,0000,0000,0000,0,016f,016f,0000,0,000,016f,016f,1,00,0005,0000
1844,1844,0,344ba49034520000,fc,0,0,016f,bbd0,0,0000,016f,0,016f,0000,1,1,0,0,0000,016f,0000,0000,0000,0000,0,016f,016f,0000,0,000,016f,016f,1,00,0005,0000
1845,1845,0,344ba49034520000,fc,0,0,016f,bbd0,0,0000,016f,0,016f,0000,1,1,0,0,0000,016f,0000,0000,0000,0000,0,016f,016f,0000,0,000,016f,016f,1,00,0005,0000
1846,1846,0,344ba49034520000,fc,0,0,016f,bbd0,0,0000,016f,0,016f,0000,1,1,0,0,0000,016f,0000,0000,0000,0000,0,016f,016f,0000,0,000,016f,016f,1,00,0005,0000
1847,1847,0,344ba49034520000,fc,0,0,016f,bbd0,0,0000,016f,0,016f,0000,1,1,0,0,0000,016f,0000,0000,0000,0000,0,016f,016f,0000,0,000,016f,016f,1,00,0005,0000
1848,1848,0,344ba49034520000,fc,0,0,016f,bbd0,0,0000,016f,0,016f,0000,1,1,0,0,0000,016f,0000,0000,0000,0000,0,016f,016f,0000,0,000,016f,016f,1,00,0005,0000
1849,1849,0,344ba49034520000,fc,0,0,016f,bbd0,0,0000,016f,0,016f,0000,1,1,0,0,0000,016f,0000,0000,0000,0000,0,016f,016f,0000,0,000,016f,016f,1,00,0005,0000
1850,1850,0,344ba49034520000,fc,0,0,016f,bbd0,0,0000,016f,0,016f,0000,1,1,0,0,0000,016f,0000,0000,0000,0000,0,016f,016f,0000,0,000,016f,016f,1,00,0005,0000
1851,1851,0,344ba49034520000,fc,0,0,016f,bbd0,0,0000,016f,0,016f,0000,1,1,0,0,0000,016f,0000,0000,0000,0000,0,016f,016f,0000,0,000,016f,016f,1,00,0005,0000
1852,1852,0,344ba49034520000,fc,0,0,016f,bbd0,0,0000,016f,0,016f,0000,1,1,0,0,0000,016f,0000,0000,0000,0000,0,016f,016f,0000,0,000,016f,016f,1,00,0005,0000
1853,1853,0,344ba49034520000,fc,0,0,016f,bbd0,0,0000,016f,0,016f,0000,1,1,0,0,0000,016f,0000,0000,0000,0000,0,016f,016f,0000,0,000,016f,016f,1,00,0005,0000
1854,1854,0,344ba49034520000,fc,0,0,016f,bbd0,0,0000,016f,0,016f,0000,1,1,0,0,0000,016f,0000,0000,0000,0000,0,016f,016f,0000,0,000,016f,016f,1,00,0005,0000
1855,1855,0,344ba49034520000,fc,0,0,016f,bbd0,0,0000,016f,0,016f,0000,1,1,0,0,0000,016f,0000,0000,0000,0000,0,016f,016f,0000,0,000,016f,016f,1,00,0005,0000
1856,1856,0,344ba49034520000,fc,0,0,016f,bbd0,0,0000,016f,0,016f,0000,1,1,0,0,0000,016f,0000,0000,0000,0000,0,016f,016f,0000,0,000,016f,016f,1,00,0005,0000
1857,1857,0,344ba49034520000,fc,0,0,016f,bbd0,0,0000,016f,0,016f,0000,1,1,0,0,0000,016f,0000,0000,0000,0000,0,016f,016f,0000,0,000,016f,016f,1,00,0005,0000
1858,1858,0,344ba49034520000,fc,0,0,016f,bbd0,0,0000,016f,0,016f,0000,1,1,0,0,0000,016f,0000,0000,0000,0000,0,016f,016f,0000,0,000,016f,016f,1,00,0005,0000
1859,1859,0,344ba49034520000,fc,0,0,016f,bbd0,0,0000,016f,0,016f,0000,1,1,0,0,0000,016f,0000,0000,0000,0000,0,016f,016f,0000,0,000,016f,016f,1,00,0005,0000
1860,1860,0,344ba49034520000,fc,0,0,016f,bbd0,0,0000,016f,0,016f,0000,1,1,0,0,0000,016f,0000,0000,0000,0000,0,016f,016f,0000,0,000,016f,016f,1,00,0005,0000
1861,1861,0,344ba49034520000,fc,0,0,016f,bbd0,0,0000,016f,0,016f,0000,1,1,0,0,0000,016f,0000,0000,0000,0000,0,016f,016f,0000,0,000,016f,016f,1,00,0005,0000
1862,1862,0,344ba49034520000,fc,0,0,016f,bbd0,0,0000,016f,0,016f,0000,1,1,0,0,0000,016f,0000,0000,0000,0000,0,016f,016f,0000,0,000,016f,016f,1,00,0005,0000
1863,1863,0,344ba49034520000,fc,0,0,016f,bbd0,0,0000,016f,0,016f,0000,1,1,0,0,0000,016f,0000,0000,0000,0000,0,016f,016f,0000,0,000,016f,016f,1,00,0005,0000
1864,1864,0,344ba49034520000,fc,0,0,016f,bbd0,0,0000,016f,0,016f,0000,1,1,0,0,0000,016f,0000,0000,0000,0000,0,016f,016f,0000,0,000,016f,016f,1,00,0005,0000
1865,1865,0,344ba49034520000,fc,0,0,016f,bbd0,0,0000,016f,0,016f,0000,1,1,0,0,0000,016f,0000,0000,0000,0000,0,016f,016f,0000,0,000,016f,016f,1,00,0005,0000
1866,1866,0,344ba49034520000,fc,0,0,016f,bbd0,0,0000,016f,0,016f,0000,1,1,0,0,0000,016f,0000,0000,0000,0000,0,016f,016f,0000,0,000,016f,016f,1,00,0005,0000
1867,1867,0,344ba49034520000,fc,0,0,016f,bbd0,0,0000,016f,0,016f,0000,1,1,0,0,0000,016f,0000,0000,0000,0000,0,016f,016f,0000,0,000,016f,016f,1,00,0005,0000
1868,1868,0,344ba49034520000,fc,0,0,016f,bbd0,0,0000,016f,0,016f,0000,1,1,0,0,0000,016f,0000,0000,0000,0000,0,016f,016f,0000,0,000,016f,016f,1,00,0005,0000
1869,1869,0,344ba49034520000,fc,0,0,016f,bbd0,0,0000,016f,0,016f,0000,1,1,0,0,0000,016f,0000,0000,0000,0000,0,016f,016f,0000,0,000,016f,016f,1,00,0005,0000
1870,1870,0,344ba49034520000,fc,0,0,016f,bbd0,0,0000,016f,0,016f,0000,1,1,0,0,0000,016f,0000,0000,0000,0000,0,016f,016f,0000,0,000,016f,016f,1,00,0005,0000
1871,1871,0,344ba49034520000,fc,0,0,016f,bbd0,0,0000,016f,0,016f,0000,1,1,0,0,0000,016f,0000,0000,0000,0000,0,016f,016f,0000,0,000,016f,016f,1,00,0005,0000
1872,1872,0,344ba49034520000,fc,0,0,016f,bbd0,0,0000,016f,0,016f,0000,1,1,0,0,0000,016f,0000,0000,0000,0000,0,016f,016f,0000,0,000,016f,016f,1,00,0005,0000
1873,1873,0,344ba49034520000,fc,0,0,016f,bbd0,0,0000,016f,0,016f,0000,1,1,0,0,0000,016f,0000,0000,0000,0000,0,016f,016f,0000,0,000,016f,016f,1,00,0005,0000
1874,1874,0,344ba49034520000,fc,0,0,016f,bbd0,0,0000,016f,0,016f,0000,1,1,0,0,0000,016f,0000,0000,0000,0000,0,016f,016f,0000,0,000,016f,016f,1,00,0005,0000
1875,1875,0,344ba49034520000,fc,0,0,016f,bbd0,0,0000,016f,0,016f,0000,1,1,0,0,0000,016f,0000,0000,0000,0000,0,016f,016f,0000,0,000,016f,016f,1,00,0005,0000
1876,1876,0,344ba49034520000,fc,0,0,016f,bbd0,0,0000,016f,0,016f,0000,1,1,0,0,0000,016f,0000,0000,0000,0000,0,016f,016f,0000,0,000,016f,016f,1,00,0005,0000
1877,1877,0,344ba49034520000,fc,0,0,016f,bbd0,0,0000,016f,0,016f,0000,1,1,0,0,0000,016f,0000,0000,0000,0000,0,016f,016f,0000,0,000,016f,016f,1,00,0005,0000
1878,1878,0,344ba49034520000,fc,0,0,016f,bbd0,0,0000,016f,0,016f,0000,1,1,0,0,0000,016f,0000,0000,0000,0000,0,016f,016f,0000,0,000,016f,016f,1,00,0005,0000
1879,1879,0,344ba49034520000,fc,0,0,016f,bbd0,0,0000,016f,0,016f,0000,1,1,0,0,0000,016f,0000,0000,0000,0000,0,016f,016f,0000,0,000,016f,016f,1,00,0005,0000
1880,1880,0,344ba49034520000,fc,0,0,016f,bbd0,0,0000,016f,0,016f,0000,1,1,0,0,0000,016f,0000,0000,0000,0000,0,016f,016f,0000,0,000,016f,016f,1,00,0005,0000
1881,1881,0,344ba49034520000,fc,0,0,016f,bbd0,0,0000,016f,0,016f,0000,1,1,0,0,0000,016f,0000,0000,0000,0000,0,016f,016f,0000,0,000,016f,016f,1,00,0005,0000
1882,1882,0,344ba49034520000,fc,0,0,016f,bbd0,0,0000,016f,0,016f,0000,1,1,0,0,0000,016f,0000,0000,0000,0000,0,016f,016f,0000,0,000,016f,016f,1,00,0005,0000
1883,1883,0,344ba49034520000,fc,0,0,016f,bbd0,0,0000,016f,0,016f,0000,1,1,0,0,0000,016f,0000,0000,0000,0000,0,016f,016f,0000,0,000,016f,016f,1,00,0005,0000
1884,1884,0,344ba49034520000,fc,0,0,016f,bbd0,0,0000,016f,0,016f,0000,1,1,0,0,0000,016f,0000,0000,0000,0000,0,016f,016f,0000,0,000,016f,016f,1,00,0005,0000
1885,1885,0,344ba49034520000,fc,0,0,016f,bbd0,0,0000,016f,0,016f,0000,1,1,0,0,0000,016f,0000,0000,0000,0000,0,016f,016f,0000,0,000,016f,016f,1,00,0005,0000
1886,1886,0,344ba49034520000,fc,0,0,016f,bbd0,0,0000,016f,0,016f,0000,1,1,0,0,0000,016f,0000,0000,0000,0000,0,016f,016f,0000,0,000,016f,016f,1,00,0005,0000
1887,1887,0,344ba49034520000,fc,0,0,016f,bbd0,0,0000,016f,0,016f,0000,1,1,0,0,0000,016f,0000,0000,0000,0000,0,016f,016f,0000,0,000,016f,016f,1,00,0005,0000
1888,1888,0,344ba49034520000,fc,0,0,016f,bbd0,0,0000,016f,0,016f,0000,1,1,0,0,0000,016f,0000,0000,0000,0000,0,016f,016f,0000,0,000,016f,016f,1,00,0005,0000
1889,1889,0,344ba49034520000,fc,0,0,016f,bbd0,0,0000,016f,0,016f,0000,1,1,0,0,0000,016f,0000,0000,0000,0000,0,016f,016f,0000,0,000,016f,016f,1,00,0005,0000
1890,1890,0,344ba49034520000,fc,0,0,016f,bbd0,0,0000,016f,0,016f,0000,1,1,0,0,0000,016f,0000,0000,0000,0000,0,016f,016f,0000,0,000,016f,016f,1,00,0005,0000
1891,1891,0,344ba49034520000,fc,0,0,016f,bbd0,0,0000,016f,0,016f,0000,1,1,0,0,0000,016f,0000,0000,0000,0000,0,016f,016f,0000,0,000,016f,016f,1,00,0005,0000
1892,1892,0,344ba49034520000,fc,0,0,016f,bbd0,0,0000,016f,0,016f,0000,1,1,0,0,0000,016f,0000,0000,0000,0000,0,016f,016f,0000,0,000,016f,016f,1,00,0005,0000
1893,1893,0,344ba49034520000,fc,0,0,016f,bbd0,0,0000,016f,0,016f,0000,1,1,0,0,0000,016f,0000,0000,0000,0000,0,016f,016f,0000,0,000,016f,016f,1,00,0005,0000
1894,1894,0,344ba49034520000,fc,0,0,016f,bbd0,0,0000,016f,0,016f,0000,1,1,0,0,0000,016f,0000,0000,0000,0000,0,016f,016f,0000,0,000,016f,016f,1,00,0005,0000
1895,1895,0,344ba49034520000,fc,0,0,016f,bbd0,0,0000,016f,0,016f,0000,1,1,0,0,0000,016f,0000,0000,0000,0000,0,016f,016f,0000,0,000,016f,016f,1,00,0005,0000
1896,1896,0,344ba49034520000,fc,0,0,016f,bbd0,0,0000,016f,0,016f,0000,1,1,0,0,0000,016f,0000,0000,0000,0000,0,016f,016f,0000,0,000,016f,016f,1,00,0005,0000
1897,1897,0,344ba49034520000,fc,0,0,016f,bbd0,0,0000,016f,0,016f,0000,1,1,0,0,0000,016f,0000,0000,0000,0000,0,016f,016f,0000,0,000,016f,016f,1,00,0005,0000
1898,1898,0,344ba49034520000,fc,0,0,016f,bbd0,0,0000,016f,0,016f,0000,1,1,0,0,0000,016f,0000,0000,0000,0000,0,016f,016f,0000,0,000,016f,016f,1,00,0005,0000
1899,1899,0,344ba49034520000,fc,0,0,016f,bbd0,0,0000,016f,0,016f,0000,1,1,0,0,0000,016f,0000,0000,0000,0000,0,016f,016f,0000,0,000,016f,016f,1,00,0005,0000
1900,1900,0,344ba49034520000,fc,0,0,016f,bbd0,0,0000,016f,0,016f,0000,1,1,0,0,0000,016f,0000,0000,0000,0000,0,016f,016f,0000,0,000,016f,016f,1,00,0005,0000
1901,1901,0,344ba49034520000,fc,0,0,016f,bbd0,0,0000,016f,0,016f,0000,1,1,0,0,0000,016f,0000,0000,0000,0000,0,016f,016f,0000,0,000,016f,016f,1,00,0005,0000
1902,1902,0,344ba49034520000,fc,0,0,016f,bbd0,0,0000,016f,0,016f,0000,1,1,0,0,0000,016f,0000,0000,0000,0000,0,016f,016f,0000,0,000,016f,016f,1,00,0005,0000
1903,1903,0,344ba49034520000,fc,0,0,016f,bbd0,0,0000,016f,0,016f,0000,1,1,0,0,0000,016f,0000,0000,0000,0000,0,016f,016f,0000,0,000,016f,016f,1,00,0005,0000
1904,1904,0,344ba49034520000,fc,0,0,016f,bbd0,0,0000,016f,0,016f,0000,1,1,0,0,0000,016f,0000,0000,0000,0000,0,016f,016f,0000,0,000,016f,016f,1,00,0005,0000
1905,1905,0,344ba49034520000,fc,0,0,016f,bbd0,0,0000,016f,0,016f,0000,1,1,0,0,0000,016f,0000,0000,0000,0000,0,016f,016f,0000,0,000,016f,016f,1,00,0005,0000
1906,1906,0,344ba49034520000,fc,0,0,016f,bbd0,0,0000,016f,0,016f,0000,1,1,0,0,0000,016f,0000,0000,0000,0000,0,016f,016f,0000,0,000,016f,016f,1,00,0005,0000
1907,1907,0,344ba49034520000,fc,0,0,016f,bbd0,0,0000,016f,0,016f,0000,1,1,0,0,0000,016f,0000,0000,0000,0000,0,016f,016f,0000,0,000,016f,016f,1,00,0005,0000
1908,1908,0,344ba49034520000,fc,0,0,016f,bbd0,0,0000,016f,0,016f,0000,1,1,0,0,0000,016f,0000,0000,0000,0000,0,016f,016f,0000,0,000,016f,016f,1,00,0005,0000
1909,1909,0,344ba49034520000,fc,0,0,016f,bbd0,0,0000,016f,0,016f,0000,1,1,0,0,0000,016f,0000,0000,0000,0000,0,016f,016f,0000,0,000,016f,016f,1,00,0005,0000
1910,1910,0,344ba49034520000,fc,0,0,016f,bbd0,0,0000,016f,0,016f,0000,1,1,0,0,0000,016f,0000,0000,0000,0000,0,016f,016f,0000,0,000,016f,016f,1,00,0005,0000
1911,1911,0,344ba49034520000,fc,0,0,016f,bbd0,0,0000,016f,0,016f,0000,1,1,0,0,0000,016f,0000,0000,0000,0000,0,016f,016f,0000,0,000,016f,016f,1,00,0005,0000
1912,1912,0,344ba49034520000,fc,0,0,016f,bbd0,0,0000,016f,0,016f,0000,1,1,0,0,0000,016f,0000,0000,0000,0000,0,016f,016f,0000,0,000,016f,016f,1,00,0005,0000
1913,1913,0,344ba49034520000,fc,0,0,016f,bbd0,0,0000,016f,0,016f,0000,1,1,0,0,0000,016f,0000,0000,0000,0000,0,016f,016f,0000,0,000,016f,016f,1,00,0005,0000
1914,1914,0,344ba49034520000,fc,0,0,016f,bbd0,0,0000,016f,0,016f,0000,1,1,0,0,0000,016f,0000,0000,0000,0000,0,016f,016f,0000,0,000,016f,016f,1,00,0005,0000
1915,1915,0,344ba49034520000,fc,0,0,016f,bbd0,0,0000,016f,0,016f,0000,1,1,0,0,0000,016f,0000,0000,0000,0000,0,016f,016f,0000,0,000,016f,016f,1,00,0005,0000
1916,1916,0,344ba49034520000,fc,0,0,016f,bbd0,0,0000,016f,0,016f,0000,1,1,0,0,0000,016f,0000,0000,0000,0000,0,016f,016f,0000,0,000,016f,016f,1,00,0005,0000
1917,1917,0,344ba49034520000,fc,0,0,016f,bbd0,0,0000,016f,0,016f,0000,1,1,0,0,0000,016f,0000,0000,0000,0000,0,016f,016f,0000,0,000,016f,016f,1,00,0005,0000
1918,1918,0,344ba49034520000,fc,0,0,016f,bbd0,0,0000,016f,0,016f,0000,1,1,0,0,0000,016f,0000,0000,0000,0000,0,016f,016f,0000,0,000,016f,016f,1,00,0005,0000
1919,1919,0,344ba49034520000,fc,0,0,016f,bbd0,0,0000,016f,0,016f,0000,1,1,0,0,0000,016f,0000,0000,0000,0000,0,016f,016f,0000,0,000,016f,016f,1,00,0005,0000
1920,1920,0,344ba49034520000,fc,0,0,016f,bbd0,0,0000,016f,0,016f,0000,1,1,0,0,0000,016f,0000,0000,0000,0000,0,016f,016f,0000,0,000,016f,016f,1,00,0005,0000
1921,1921,0,344ba49034520000,fc,0,0,016f,bbd0,0,0000,016f,0,016f,0000,1,1,0,0,0000,016f,0000,0000,0000,0000,0,016f,016f,0000,0,000,016f,016f,1,00,0005,0000
1922,1922,0,344ba49034520000,fc,0,0,016f,bbd0,0,0000,016f,0,016f,0000,1,1,0,0,0000,016f,0000,0000,0000,0000,0,016f,016f,0000,0,000,016f,016f,1,00,0005,0000
1923,1923,0,344ba49034520000,fc,0,0,016f,bbd0,0,0000,016f,0,016f,0000,1,1,0,0,0000,016f,0000,0000,0000,0000,0,016f,016f,0000,0,000,016f,016f,1,00,0005,0000
1924,1924,0,344ba49034520000,fc,0,0,016f,bbd0,0,0000,016f,0,016f,0000,1,1,0,0,0000,016f,0000,0000,0000,0000,0,016f,016f,0000,0,000,016f,016f,1,00,0005,0000
1925,1925,0,344ba49034520000,fc,0,0,016f,bbd0,0,0000,016f,0,016f,0000,1,1,0,0,0000,016f,0000,0000,0000,0000,0,016f,016f,0000,0,000,016f,016f,1,00,0005,0000
1926,1926,0,344ba49034520000,fc,0,0,016f,bbd0,0,0000,016f,0,016f,0000,1,1,0,0,0000,016f,0000,0000,0000,0000,0,016f,016f,0000,0,000,016f,016f,1,00,0005,0000
1927,1927,0,344ba49034520000,fc,0,0,016f,bbd0,0,0000,016f,0,016f,0000,1,1,0,0,0000,016f,0000,0000,0000,0000,0,016f,016f,0000,0,000,016f,016f,1,00,0005,0000
1928,1928,0,344ba49034520000,fc,0,0,016f,bbd0,0,0000,016f,0,016f,0000,1,1,0,0,0000,016f,0000,0000,0000,0000,0,016f,016f,0000,0,000,016f,016f,1,00,0005,0000
1929,1929,0,344ba49034520000,fc,0,0,016f,bbd0,0,0000,016f,0,016f,0000,1,1,0,0,0000,016f,0000,0000,0000,0000,0,016f,016f,0000,0,000,016f,016f,1,00,0005,0000
1930,1930,0,344ba49034520000,fc,0,0,016f,bbd0,0,0000,016f,0,016f,0000,1,1,0,0,0000,016f,0000,0000,0000,0000,0,016f,016f,0000,0,000,016f,016f,1,00,0005,0000
1931,1931,0,344ba49034520000,fc,0,0,016f,bbd0,0,0000,016f,0,016f,0000,1,1,0,0,0000,016f,0000,0000,0000,0000,0,016f,016f,0000,0,000,016f,016f,1,00,0005,0000
1932,1932,0,344ba49034520000,fc,0,0,016f,bbd0,0,0000,016f,0,016f,0000,1,1,0,0,0000,016f,0000,0000,0000,0000,0,016f,016f,0000,0,000,016f,016f,1,00,0005,0000
1933,1933,0,344ba49034520000,fc,0,0,016f,bbd0,0,0000,016f,0,016f,0000,1,1,0,0,0000,016f,0000,0000,0000,0000,0,016f,016f,0000,0,000,016f,016f,1,00,0005,0000
1934,1934,0,344ba49034520000,fc,0,0,016f,bbd0,0,0000,016f,0,016f,0000,1,1,0,0,0000,016f,0000,0000,0000,0000,0,016f,016f,0000,0,000,016f,016f,1,00,0005,0000
1935,1935,0,344ba49034520000,fc,0,0,016f,bbd0,0,0000,016f,0,016f,0000,1,1,0,0,0000,016f,0000,0000,0000,0000,0,016f,016f,0000,0,000,016f,016f,1,00,0005,0000
1936,1936,0,344ba49034520000,fc,0,0,016f,bbd0,0,0000,016f,0,016f,0000,1,1,0,0,0000,016f,0000,0000,0000,0000,0,016f,016f,0000,0,000,016f,016f,1,00,0005,0000
1937,1937,0,344ba49034520000,fc,0,0,016f,bbd0,0,0000,016f,0,016f,0000,1,1,0,0,0000,016f,0000,0000,0000,0000,0,016f,016f,0000,0,000,016f,016f,1,00,0005,0000
1938,1938,0,344ba49034520000,fc,0,0,016f,bbd0,0,0000,016f,0,016f,0000,1,1,0,0,0000,016f,0000,0000,0000,0000,0,016f,016f,0000,0,000,016f,016f,1,00,0005,0000
1939,1939,0,344ba49034520000,fc,0,0,016f,bbd0,0,0000,016f,0,016f,0000,1,1,0,0,0000,016f,0000,0000,0000,0000,0,016f,016f,0000,0,000,016f,016f,1,00,0005,0000
1940,1940,0,344ba49034520000,fc,0,0,016f,bbd0,0,0000,016f,0,016f,0000,1,1,0,0,0000,016f,0000,0000,0000,0000,0,016f,016f,0000,0,000,016f,016f,1,00,0005,0000
1941,1941,0,344ba49034520000,fc,0,0,016f,bbd0,0,0000,016f,0,016f,0000,1,1,0,0,0000,016f,0000,0000,0000,0000,0,016f,016f,0000,0,000,016f,016f,1,00,0005,0000
1942,1942,0,344ba49034520000,fc,0,0,016f,bbd0,0,0000,016f,0,016f,0000,1,1,0,0,0000,016f,0000,0000,0000,0000,0,016f,016f,0000,0,000,016f,016f,1,00,0005,0000
1943,1943,0,344ba49034520000,fc,0,0,016f,bbd0,0,0000,016f,0,016f,0000,1,1,0,0,0000,016f,0000,0000,0000,0000,0,016f,016f,0000,0,000,016f,016f,1,00,0005,0000
1944,1944,0,344ba49034520000,fc,0,0,016f,bbd0,0,0000,016f,0,016f,0000,1,1,0,0,0000,016f,0000,0000,0000,0000,0,016f,016f,0000,0,000,016f,016f,1,00,0005,0000
1945,1945,0,344ba49034520000,fc,0,0,016f,bbd0,0,0000,016f,0,016f,0000,1,1,0,0,0000,016f,0000,0000,0000,0000,0,016f,016f,0000,0,000,016f,016f,1,00,0005,0000
1946,1946,0,344ba49034520000,fc,0,0,016f,bbd0,0,0000,016f,0,016f,0000,1,1,0,0,0000,016f,0000,0000,0000,0000,0,016f,016f,0000,0,000,016f,016f,1,00,0005,0000
1947,1947,0,344ba49034520000,fc,0,0,016f,bbd0,0,0000,016f,0,016f,0000,1,1,0,0,0000,016f,0000,0000,0000,0000,0,016f,016f,0000,0,000,016f,016f,1,00,0005,0000
1948,1948,0,344ba49034520000,fc,0,0,016f,bbd0,0,0000,016f,0,016f,0000,1,1,0,0,0000,016f,0000,0000,0000,0000,0,016f,016f,0000,0,000,016f,016f,1,00,0005,0000
1949,1949,0,344ba49034520000,fc,0,0,016f,bbd0,0,0000,016f,0,016f,0000,1,1,0,0,0000,016f,0000,0000,0000,0000,0,016f,016f,0000,0,000,016f,016f,1,00,0005,0000
1950,1950,0,344ba49034520000,fc,0,0,016f,bbd0,0,0000,016f,0,016f,0000,1,1,0,0,0000,016f,0000,0000,0000,0000,0,016f,016f,0000,0,000,016f,016f,1,00,0005,0000
1951,1951,0,344ba49034520000,fc,0,0,016f,bbd0,0,0000,016f,0,016f,0000,1,1,0,0,0000,016f,0000,0000,0000,0000,0,016f,016f,0000,0,000,016f,016f,1,00,0005,0000
1952,1952,0,344ba49034520000,fc,0,0,016f,bbd0,0,0000,016f,0,016f,0000,1,1,0,0,0000,016f,0000,0000,0000,0000,0,016f,016f,0000,0,000,016f,016f,1,00,0005,0000
1953,1953,0,344ba49034520000,fc,0,0,016f,bbd0,0,0000,016f,0,016f,0000,1,1,0,0,0000,016f,0000,0000,0000,0000,0,016f,016f,0000,0,000,016f,016f,1,00,0005,0000
1954,1954,0,344ba49034520000,fc,0,0,016f,bbd0,0,0000,016f,0,016f,0000,1,1,0,0,0000,016f,0000,0000,0000,0000,0,016f,016f,0000,0,000,016f,016f,1,00,0005,0000
1955,1955,0,344ba49034520000,fc,0,0,016f,bbd0,0,0000,016f,0,016f,0000,1,1,0,0,0000,016f,0000,0000,0000,0000,0,016f,016f,0000,0,000,016f,016f,1,00,0005,0000
1956,1956,0,344ba49034520000,fc,0,0,016f,bbd0,0,0000,016f,0,016f,0000,1,1,0,0,0000,016f,0000,0000,0000,0000,0,016f,016f,0000,0,000,016f,016f,1,00,0005,0000
1957,1957,0,344ba49034520000,fc,0,0,016f,bbd0,0,0000,016f,0,016f,0000,1,1,0,0,0000,016f,0000,0000,0000,0000,0,016f,016f,0000,0,000,016f,016f,1,00,0005,0000
1958,1958,0,344ba49034520000,fc,0,0,016f,bbd0,0,0000,016f,0,016f,0000,1,1,0,0,0000,016f,0000,0000,0000,0000,0,016f,016f,0000,0,000,016f,016f,1,00,0005,0000
1959,1959,0,344ba49034520000,fc,0,0,016f,bbd0,0,0000,016f,0,016f,0000,1,1,0,0,0000,016f,0000,0000,0000,0000,0,016f,016f,0000,0,000,016f,016f,1,00,0005,0000
1960,1960,0,344ba49034520000,fc,0,0,016f,bbd0,0,0000,016f,0,016f,0000,1,1,0,0,0000,016f,0000,0000,0000,0000,0,016f,016f,0000,0,000,016f,016f,1,00,0005,0000
1961,1961,0,344ba49034520000,fc,0,0,016f,bbd0,0,0000,016f,0,016f,0000,1,1,0,0,0000,016f,0000,0000,0000,0000,0,016f,016f,0000,0,000,016f,016f,1,00,0005,0000
1962,1962,0,344ba49034520000,fc,0,0,016f,bbd0,0,0000,016f,0,016f,0000,1,1,0,0,0000,016f,0000,0000,0000,0000,0,016f,016f,0000,0,000,016f,016f,1,00,0005,0000
1963,1963,0,344ba49034520000,fc,0,0,016f,bbd0,0,0000,016f,0,016f,0000,1,1,0,0,0000,016f,0000,0000,0000,0000,0,016f,016f,0000,0,000,016f,016f,1,00,0005,0000
1964,1964,0,344ba49034520000,fc,0,0,016f,bbd0,0,0000,016f,0,016f,0000,1,1,0,0,0000,016f,0000,0000,0000,0000,0,016f,016f,0000,0,000,016f,016f,1,00,0005,0000
1965,1965,0,344ba49034520000,fc,0,0,016f,bbd0,0,0000,016f,0,016f,0000,1,1,0,0,0000,016f,0000,0000,0000,0000,0,016f,016f,0000,0,000,016f,016f,1,00,0005,0000
1966,1966,0,344ba49034520000,fc,0,0,016f,bbd0,0,0000,016f,0,016f,0000,1,1,0,0,0000,016f,0000,0000,0000,0000,0,016f,016f,0000,0,000,016f,016f,1,00,0005,0000
1967,1967,0,344ba49034520000,fc,0,0,016f,bbd0,0,0000,016f,0,016f,0000,1,1,0,0,0000,016f,0000,0000,0000,0000,0,016f,016f,0000,0,000,016f,016f,1,00,0005,0000
1968,1968,0,344ba49034520000,fc,0,0,016f,bbd0,0,0000,016f,0,016f,0000,1,1,0,0,0000,016f,0000,0000,0000,0000,0,016f,016f,0000,0,000,016f,016f,1,00,0005,0000
1969,1969,0,344ba49034520000,fc,0,0,016f,bbd0,0,0000,016f,0,016f,0000,1,1,0,0,0000,016f,0000,0000,0000,0000,0,016f,016f,0000,0,000,016f,016f,1,00,0005,0000
1970,1970,0,344ba49034520000,fc,0,0,016f,bbd0,0,0000,016f,0,016f,0000,1,1,0,0,0000,016f,0000,0000,0000,0000,0,016f,016f,0000,0,000,016f,016f,1,00,0005,0000
1971,1971,0,344ba49034520000,fc,0,0,016f,bbd0,0,0000,016f,0,016f,0000,1,1,0,0,0000,016f,0000,0000,0000,0000,0,016f,016f,0000,0,000,016f,016f,1,00,0005,0000
1972,1972,0,344ba49034520000,fc,0,0,016f,bbd0,0,0000,016f,0,016f,0000,1,1,0,0,0000,016f,0000,0000,0000,0000,0,016f,016f,0000,0,000,016f,016f,1,00,0005,0000
1973,1973,0,344ba49034520000,fc,0,0,016f,bbd0,0,0000,016f,0,016f,0000,1,1,0,0,0000,016f,0000,0000,0000,0000,0,016f,016f,0000,0,000,016f,016f,1,00,0005,0000
1974,1974,0,344ba49034520000,fc,0,0,016f,bbd0,0,0000,016f,0,016f,0000,1,1,0,0,0000,016f,0000,0000,0000,0000,0,016f,016f,0000,0,000,016f,016f,1,00,0005,0000
1975,1975,0,344ba49034520000,fc,0,0,016f,bbd0,0,0000,016f,0,016f,0000,1,1,0,0,0000,016f,0000,0000,0000,0000,0,016f,016f,0000,0,000,016f,016f,1,00,0005,0000
1976,1976,0,344ba49034520000,fc,0,0,016f,bbd0,0,0000,016f,0,016f,0000,1,1,0,0,0000,016f,0000,0000,0000,0000,0,016f,016f,0000,0,000,016f,016f,1,00,0005,0000
1977,1977,0,344ba49034520000,fc,0,0,016f,bbd0,0,0000,016f,0,016f,0000,1,1,0,0,0000,016f,0000,0000,0000,0000,0,016f,016f,0000,0,000,016f,016f,1,00,0005,0000
1978,1978,0,344ba49034520000,fc,0,0,016f,bbd0,0,0000,016f,0,016f,0000,1,1,0,0,0000,016f,0000,0000,0000,0000,0,016f,016f,0000,0,000,016f,016f,1,00,0005,0000
1979,1979,0,344ba49034520000,fc,0,0,016f,bbd0,0,0000,016f,0,016f,0000,1,1,0,0,0000,016f,0000,0000,0000,0000,0,016f,016f,0000,0,000,016f,016f,1,00,0005,0000
1980,1980,0,344ba49034520000,fc,0,0,016f,bbd0,0,0000,016f,0,016f,0000,1,1,0,0,0000,016f,0000,0000,0000,0000,0,016f,016f,0000,0,000,016f,016f,1,00,0005,0000
1981,1981,0,344ba49034520000,fc,0,0,016f,bbd0,0,0000,016f,0,016f,0000,1,1,0,0,0000,016f,0000,0000,0000,0000,0,016f,016f,0000,0,000,016f,016f,1,00,0005,0000
1982,1982,0,344ba49034520000,fc,0,0,016f,bbd0,0,0000,016f,0,016f,0000,1,1,0,0,0000,016f,0000,0000,0000,0000,0,016f,016f,0000,0,000,016f,016f,1,00,0005,0000
1983,1983,0,344ba49034520000,fc,0,0,016f,bbd0,0,0000,016f,0,016f,0000,1,1,0,0,0000,016f,0000,0000,0000,0000,0,016f,016f,0000,0,000,016f,016f,1,00,0005,0000
1984,1984,0,344ba49034520000,fc,0,0,016f,bbd0,0,0000,016f,0,016f,0000,1,1,0,0,0000,016f,0000,0000,0000,0000,0,016f,016f,0000,0,000,016f,016f,1,00,0005,0000
1985,1985,0,344ba49034520000,fc,0,0,016f,bbd0,0,0000,016f,0,016f,0000,1,1,0,0,0000,016f,0000,0000,0000,0000,0,016f,016f,0000,0,000,016f,016f,1,00,0005,0000
1986,1986,0,344ba49034520000,fc,0,0,016f,bbd0,0,0000,016f,0,016f,0000,1,1,0,0,0000,016f,0000,0000,0000,0000,0,016f,016f,0000,0,000,016f,016f,1,00,0005,0000
1987,1987,0,344ba49034520000,fc,0,0,016f,bbd0,0,0000,016f,0,016f,0000,1,1,0,0,0000,016f,0000,0000,0000,0000,0,016f,016f,0000,0,000,016f,016f,1,00,0005,0000
1988,1988,0,344ba49034520000,fc,0,0,016f,bbd0,0,0000,016f,0,016f,0000,1,1,0,0,0000,016f,0000,0000,0000,0000,0,016f,016f,0000,0,000,016f,016f,1,00,0005,0000
1989,1989,0,344ba49034520000,fc,0,0,016f,bbd0,0,0000,016f,0,016f,0000,1,1,0,0,0000,016f,0000,0000,0000,0000,0,016f,016f,0000,0,000,016f,016f,1,00,0005,0000
1990,1990,0,344ba49034520000,fc,0,0,016f,bbd0,0,0000,016f,0,016f,0000,1,1,0,0,0000,016f,0000,0000,0000,0000,0,016f,016f,0000,0,000,016f,016f,1,00,0005,0000
1991,1991,0,344ba49034520000,fc,0,0,016f,bbd0,0,0000,016f,0,016f,0000,1,1,0,0,0000,016f,0000,0000,0000,0000,0,016f,016f,0000,0,000,016f,016f,1,00,0005,0000
1992,1992,0,344ba49034520000,fc,0,0,016f,bbd0,0,0000,016f,0,016f,0000,1,1,0,0,0000,016f,0000,0000,0000,0000,0,016f,016f,0000,0,000,016f,016f,1,00,0005,0000
1993,1993,0,344ba49034520000,fc,0,0,016f,bbd0,0,0000,016f,0,016f,0000,1,1,0,0,0000,016f,0000,0000,0000,0000,0,016f,016f,0000,0,000,016f,016f,1,00,0005,0000
1994,1994,0,344ba49034520000,fc,0,0,016f,bbd0,0,0000,016f,0,016f,0000,1,1,0,0,0000,016f,0000,0000,0000,0000,0,016f,016f,0000,0,000,016f,016f,1,00,0005,0000
1995,1995,0,344ba49034520000,fc,0,0,016f,bbd0,0,0000,016f,0,016f,0000,1,1,0,0,0000,016f,0000,0000,0000,0000,0,016f,016f,0000,0,000,016f,016f,1,00,0005,0000
1996,1996,0,344ba49034520000,fc,0,0,016f,bbd0,0,0000,016f,0,016f,0000,1,1,0,0,0000,016f,0000,0000,0000,0000,0,016f,016f,0000,0,000,016f,016f,1,00,0005,0000
1997,1997,0,344ba49034520000,fc,0,0,016f,bbd0,0,0000,016f,0,016f,0000,1,1,0,0,0000,016f,0000,0000,0000,0000,0,016f,016f,0000,0,000,016f,016f,1,00,0005,0000
1998,1998,0,344ba49034520000,fc,0,0,016f,bbd0,0,0000,016f,0,016f,0000,1,1,0,0,0000,016f,0000,0000,0000,0000,0,016f,016f,0000,0,000,016f,016f,1,00,0005,0000
1999,1999,0,344ba49034520000,fc,0,0,016f,bbd0,0,0000,016f,0,016f,0000,1,1,0,0,0000,016f,0000,0000,0000,0000,0,016f,016f,0000,0,000,016f,016f,1,00,0005,0000
2000,2000,0,344ba49034520000,fc,0,0,016f,bbd0,0,0000,016f,0,016f,0000,1,1,0,0,0000,016f,0000,0000,0000,0000,0,016f,016f,0000,0,000,016f,016f,1,00,0005,0000
2001,2001,0,344ba49034520000,fc,0,0,016f,bbd0,0,0000,016f,0,016f,0000,1,1,0,0,0000,016f,0000,0000,0000,0000,0,016f,016f,0000,0,000,016f,016f,1,00,0005,0000
2002,2002,0,344ba49034520000,fc,0,0,016f,bbd0,0,0000,016f,0,016f,0000,1,1,0,0,0000,016f,0000,0000,0000,0000,0,016f,016f,0000,0,000,016f,016f,1,00,0005,0000
2003,2003,0,344ba49034520000,fc,0,0,016f,bbd0,0,0000,016f,0,016f,0000,1,1,0,0,0000,016f,0000,0000,0000,0000,0,016f,016f,0000,0,000,016f,016f,1,00,0005,0000
2004,2004,0,344ba49034520000,fc,0,0,016f,bbd0,0,0000,016f,0,016f,0000,1,1,0,0,0000,016f,0000,0000,0000,0000,0,016f,016f,0000,0,000,016f,016f,1,00,0005,0000
2005,2005,0,344ba49034520000,fc,0,0,016f,bbd0,0,0000,016f,0,016f,0000,1,1,0,0,0000,016f,0000,0000,0000,0000,0,016f,016f,0000,0,000,016f,016f,1,00,0005,0000
2006,2006,0,344ba49034520000,fc,0,0,016f,bbd0,0,0000,016f,0,016f,0000,1,1,0,0,0000,016f,0000,0000,0000,0000,0,016f,016f,0000,0,000,016f,016f,1,00,0005,0000
2007,2007,0,344ba49034520000,fc,0,0,016f,bbd0,0,0000,016f,0,016f,0000,1,1,0,0,0000,016f,0000,0000,0000,0000,0,016f,016f,0000,0,000,016f,016f,1,00,0005,0000
2008,2008,0,344ba49034520000,fc,0,0,016f,bbd0,0,0000,016f,0,016f,0000,1,1,0,0,0000,016f,0000,0000,0000,0000,0,016f,016f,0000,0,000,016f,016f,1,00,0005,0000
2009,2009,0,344ba49034520000,fc,0,0,016f,bbd0,0,0000,016f,0,016f,0000,1,1,0,0,0000,016f,0000,0000,0000,0000,0,016f,016f,0000,0,000,016f,016f,1,00,0005,0000
2010,2010,0,344ba49034520000,fc,0,0,016f,bbd0,0,0000,016f,0,016f,0000,1,1,0,0,0000,016f,0000,0000,0000,0000,0,016f,016f,0000,0,000,016f,016f,1,00,0005,0000
2011,2011,0,344ba49034520000,fc,0,0,016f,bbd0,0,0000,016f,0,016f,0000,1,1,0,0,0000,016f,0000,0000,0000,0000,0,016f,016f,0000,0,000,016f,016f,1,00,0005,0000
2012,2012,0,344ba49034520000,fc,0,0,016f,bbd0,0,0000,016f,0,016f,0000,1,1,0,0,0000,016f,0000,0000,0000,0000,0,016f,016f,0000,0,000,016f,016f,1,00,0005,0000
2013,2013,0,344ba49034520000,fc,0,0,016f,bbd0,0,0000,016f,0,016f,0000,1,1,0,0,0000,016f,0000,0000,0000,0000,0,016f,016f,0000,0,000,016f,016f,1,00,0005,0000
2014,2014,0,344ba49034520000,fc,0,0,016f,bbd0,0,0000,016f,0,016f,0000,1,1,0,0,0000,016f,0000,0000,0000,0000,0,016f,016f,0000,0,000,016f,016f,1,00,0005,0000
2015,2015,0,344ba49034520000,fc,0,0,016f,bbd0,0,0000,016f,0,016f,0000,1,1,0,0,0000,016f,0000,0000,0000,0000,0,016f,016f,0000,0,000,016f,016f,1,00,0005,0000
2016,2016,0,344ba49034520000,fc,0,0,016f,bbd0,0,0000,016f,0,016f,0000,1,1,0,0,0000,016f,0000,0000,0000,0000,0,016f,016f,0000,0,000,016f,016f,1,00,0005,0000
2017,2017,0,344ba49034520000,fc,0,0,016f,bbd0,0,0000,016f,0,016f,0000,1,1,0,0,0000,016f,0000,0000,0000,0000,0,016f,016f,0000,0,000,016f,016f,1,00,0005,0000
2018,2018,0,344ba49034520000,fc,0,0,016f,bbd0,0,0000,016f,0,016f,0000,1,1,0,0,0000,016f,0000,0000,0000,0000,0,016f,016f,0000,0,000,016f,016f,1,00,0005,0000
2019,2019,0,344ba49034520000,fc,0,0,016f,bbd0,0,0000,016f,0,016f,0000,1,1,0,0,0000,016f,0000,0000,0000,0000,0,016f,016f,0000,0,000,016f,016f,1,00,0005,0000
2020,2020,0,344ba49034520000,fc,0,0,016f,bbd0,0,0000,016f,0,016f,0000,1,1,0,0,0000,016f,0000,0000,0000,0000,0,016f,016f,0000,0,000,016f,016f,1,00,0005,0000
2021,2021,0,344ba49034520000,fc,0,0,016f,bbd0,0,0000,016f,0,016f,0000,1,1,0,0,0000,016f,0000,0000,0000,0000,0,016f,016f,0000,0,000,016f,016f,1,00,0005,0000
2022,2022,0,344ba49034520000,fc,0,0,016f,bbd0,0,0000,016f,0,016f,0000,1,1,0,0,0000,016f,0000,0000,0000,0000,0,016f,016f,0000,0,000,016f,016f,1,00,0005,0000
2023,2023,0,344ba49034520000,fc,0,0,016f,bbd0,0,0000,016f,0,016f,0000,1,1,0,0,0000,016f,0000,0000,0000,0000,0,016f,016f,0000,0,000,016f,016f,1,00,0005,0000
2024,2024,0,344ba49034520000,fc,0,0,016f,bbd0,0,0000,016f,0,016f,0000,1,1,0,0,0000,016f,0000,0000,0000,0000,0,016f,016f,0000,0,000,016f,016f,1,00,0005,0000
2025,2025,0,344ba49034520000,fc,0,0,016f,bbd0,0,0000,016f,0,016f,0000,1,1,0,0,0000,016f,0000,0000,0000,0000,0,016f,016f,0000,0,000,016f,016f,1,00,0005,0000
2026,2026,0,344ba49034520000,fc,0,0,016f,bbd0,0,0000,016f,0,016f,0000,1,1,0,0,0000,016f,0000,0000,0000,0000,0,016f,016f,0000,0,000,016f,016f,1,00,0005,0000
2027,2027,0,344ba49034520000,fc,0,0,016f,bbd0,0,0000,016f,0,016f,0000,1,1,0,0,0000,016f,0000,0000,0000,0000,0,016f,016f,0000,0,000,016f,016f,1,00,0005,0000
2028,2028,0,344ba49034520000,fc,0,0,016f,bbd0,0,0000,016f,0,016f,0000,1,1,0,0,0000,016f,0000,0000,0000,0000,0,016f,016f,0000,0,000,016f,016f,1,00,0005,0000
2029,2029,0,344ba49034520000,fc,0,0,016f,bbd0,0,0000,016f,0,016f,0000,1,1,0,0,0000,016f,0000,0000,0000,0000,0,016f,016f,0000,0,000,016f,016f,1,00,0005,0000
2030,2030,0,344ba49034520000,fc,0,0,016f,bbd0,0,0000,016f,0,016f,0000,1,1,0,0,0000,016f,0000,0000,0000,0000,0,016f,016f,0000,0,000,016f,016f,1,00,0005,0000
2031,2031,0,344ba49034520000,fc,0,0,016f,bbd0,0,0000,016f,0,016f,0000,1,1,0,0,0000,016f,0000,0000,0000,0000,0,016f,016f,0000,0,000,016f,016f,1,00,0005,0000
2032,2032,0,344ba49034520000,fc,0,0,016f,bbd0,0,0000,016f,0,016f,0000,1,1,0,0,0000,016f,0000,0000,0000,0000,0,016f,016f,0000,0,000,016f,016f,1,00,0005,0000
2033,2033,0,344ba49034520000,fc,0,0,016f,bbd0,0,0000,016f,0,016f,0000,1,1,0,0,0000,016f,0000,0000,0000,0000,0,016f,016f,0000,0,000,016f,016f,1,00,0005,0000
2034,2034,0,344ba49034520000,fc,0,0,016f,bbd0,0,0000,016f,0,016f,0000,1,1,0,0,0000,016f,0000,0000,0000,0000,0,016f,016f,0000,0,000,016f,016f,1,00,0005,0000
2035,2035,0,344ba49034520000,fc,0,0,016f,bbd0,0,0000,016f,0,016f,0000,1,1,0,0,0000,016f,0000,0000,0000,0000,0,016f,016f,0000,0,000,016f,016f,1,00,0005,0000
2036,2036,0,344ba49034520000,fc,0,0,016f,bbd0,0,0000,016f,0,016f,0000,1,1,0,0,0000,016f,0000,0000,0000,0000,0,016f,016f,0000,0,000,016f,016f,1,00,0005,0000
2037,2037,0,344ba49034520000,fc,0,0,016f,bbd0,0,0000,016f,0,016f,0000,1,1,0,0,0000,016f,0000,0000,0000,0000,0,016f,016f,0000,0,000,016f,016f,1,00,0005,0000
2038,2038,0,344ba49034520000,fc,0,0,016f,bbd0,0,0000,016f,0,016f,0000,1,1,0,0,0000,016f,0000,0000,0000,0000,0,016f,016f,0000,0,000,016f,016f,1,00,0005,0000
2039,2039,0,344ba49034520000,fc,0,0,016f,bbd0,0,0000,016f,0,016f,0000,1,1,0,0,0000,016f,0000,0000,0000,0000,0,016f,016f,0000,0,000,016f,016f,1,00,0005,0000
2040,2040,0,344ba49034520000,fc,0,0,016f,bbd0,0,0000,016f,0,016f,0000,1,1,0,0,0000,016f,0000,0000,0000,0000,0,016f,016f,0000,0,000,016f,016f,1,00,0005,0000
2041,2041,0,344ba49034520000,fc,0,0,016f,bbd0,0,0000,016f,0,016f,0000,1,1,0,0,0000,016f,0000,0000,0000,0000,0,016f,016f,0000,0,000,016f,016f,1,00,0005,0000
2042,2042,0,344ba49034520000,fc,0,0,016f,bbd0,0,0000,016f,0,016f,0000,1,1,0,0,0000,016f,0000,0000,0000,0000,0,016f,016f,0000,0,000,016f,016f,1,00,0005,0000
2043,2043,0,344ba49034520000,fc,0,0,016f,bbd0,0,0000,016f,0,016f,0000,1,1,0,0,0000,016f,0000,0000,0000,0000,0,016f,016f,0000,0,000,016f,016f,1,00,0005,0000
2044,2044,0,344ba49034520000,fc,0,0,016f,bbd0,0,0000,016f,0,016f,0000,1,1,0,0,0000,016f,0000,0000,0000,0000,0,016f,016f,0000,0,000,016f,016f,1,00,0005,0000
2045,2045,0,344ba49034520000,fc,0,0,016f,bbd0,0,0000,016f,0,016f,0000,1,1,0,0,0000,016f,0000,0000,0000,0000,0,016f,016f,0000,0,000,016f,016f,1,00,0005,0000
2046,2046,0,344ba49034520000,fc,0,0,016f,bbd0,0,0000,016f,0,016f,0000,1,1,0,0,0000,016f,0000,0000,0000,0000,0,016f,016f,0000,0,000,016f,016f,1,00,0005,0000
2047,2047,0,344ba49034520000,fc,0,0,016f,bbd0,0,0000,016f,0,016f,0000,1,1,0,0,0000,016f,0000,0000,0000,0000,0,016f,016f,0000,0,000,016f,016f,1,00,0005,0000
