Sample in Buffer,Sample in Window,TRIGGER,dbg_rx_tdata[63:0],dbg_rx_tkeep[7:0],dbg_rx_tvalid,dbg_rx_tlast,dbg_up_frames[15:0],dbg_up_bytes[15:0],dbg_up_ovf,dbg_up_stall[15:0],dbg_pk_frames[15:0],dbg_pk_ovf,dbg_prev_wr[15:0],dbg_prev_drop[15:0],dbg_ch_up,dbg_lane_up,dbg_hard_err,dbg_soft_err,dbg_pk_ovf_cnt[15:0],dbg_pfwd_rd[15:0],dbg_hard_err_cnt[15:0],dbg_soft_err_cnt[15:0],dbg_ch_up_evt[15:0],dbg_pfwd_stuck_cnt[15:0],dbg_pfwd_stuck,dbg_mem_u_wr[15:0],dbg_mem_u_rd[15:0],dbg_mem_u_drop[15:0],dbg_mem_rden,dbg_mem_ost_s[8:0],dbg_mem2_u_wr[15:0],dbg_mem2_u_rd[15:0]
Radix - UNSIGNED,UNSIGNED,UNSIGNED,HEX,HEX,HEX,HEX,HEX,HEX,HEX,HEX,HEX,HEX,HEX,HEX,HEX,HEX,HEX,HEX,HEX,HEX,HEX,HEX,HEX,HEX,HEX,HEX,HEX,HEX,HEX,HEX,HEX,HEX
0,0,0,0000000000000000,80,0,0,2b04,800a,0,0000,2b04,0,2afc,0008,1,1,0,0,0000,2b04,0000,0000,0000,0000,0,2b04,2b04,0000,0,000,2b04,2b04
1,1,0,0000000000000000,80,0,0,2b04,800a,0,0000,2b04,0,2afc,0008,1,1,0,0,0000,2b04,0000,0000,0000,0000,0,2b04,2b04,0000,0,000,2b04,2b04
2,2,0,0000000000000000,80,0,0,2b04,800a,0,0000,2b04,0,2afc,0008,1,1,0,0,0000,2b04,0000,0000,0000,0000,0,2b04,2b04,0000,0,000,2b04,2b04
3,3,0,0000000000000000,80,0,0,2b04,800a,0,0000,2b04,0,2afc,0008,1,1,0,0,0000,2b04,0000,0000,0000,0000,0,2b04,2b04,0000,0,000,2b04,2b04
4,4,0,0000000000000000,80,0,0,2b04,800a,0,0000,2b04,0,2afc,0008,1,1,0,0,0000,2b04,0000,0000,0000,0000,0,2b04,2b04,0000,0,000,2b04,2b04
5,5,0,0000000000000000,80,0,0,2b04,800a,0,0000,2b04,0,2afc,0008,1,1,0,0,0000,2b04,0000,0000,0000,0000,0,2b04,2b04,0000,0,000,2b04,2b04
6,6,0,0000000000000000,80,0,0,2b04,800a,0,0000,2b04,0,2afc,0008,1,1,0,0,0000,2b04,0000,0000,0000,0000,0,2b04,2b04,0000,0,000,2b04,2b04
7,7,0,0000000000000000,80,0,0,2b04,800a,0,0000,2b04,0,2afc,0008,1,1,0,0,0000,2b04,0000,0000,0000,0000,0,2b04,2b04,0000,0,000,2b04,2b04
8,8,0,0000000000000000,80,0,0,2b04,800a,0,0000,2b04,0,2afc,0008,1,1,0,0,0000,2b04,0000,0000,0000,0000,0,2b04,2b04,0000,0,000,2b04,2b04
9,9,0,0000000000000000,80,0,0,2b04,800a,0,0000,2b04,0,2afc,0008,1,1,0,0,0000,2b04,0000,0000,0000,0000,0,2b04,2b04,0000,0,000,2b04,2b04
10,10,0,0000000000000000,80,0,0,2b04,800a,0,0000,2b04,0,2afc,0008,1,1,0,0,0000,2b04,0000,0000,0000,0000,0,2b04,2b04,0000,0,000,2b04,2b04
11,11,0,0000000000000000,80,0,0,2b04,800a,0,0000,2b04,0,2afc,0008,1,1,0,0,0000,2b04,0000,0000,0000,0000,0,2b04,2b04,0000,0,000,2b04,2b04
12,12,0,0000000000000000,80,0,0,2b04,800a,0,0000,2b04,0,2afc,0008,1,1,0,0,0000,2b04,0000,0000,0000,0000,0,2b04,2b04,0000,0,000,2b04,2b04
13,13,0,0000000000000000,80,0,0,2b04,800a,0,0000,2b04,0,2afc,0008,1,1,0,0,0000,2b04,0000,0000,0000,0000,0,2b04,2b04,0000,0,000,2b04,2b04
14,14,0,0000000000000000,80,0,0,2b04,800a,0,0000,2b04,0,2afc,0008,1,1,0,0,0000,2b04,0000,0000,0000,0000,0,2b04,2b04,0000,0,000,2b04,2b04
15,15,0,0000000000000000,80,0,0,2b04,800a,0,0000,2b04,0,2afc,0008,1,1,0,0,0000,2b04,0000,0000,0000,0000,0,2b04,2b04,0000,0,000,2b04,2b04
16,16,0,0000000000000000,80,0,0,2b04,800a,0,0000,2b04,0,2afc,0008,1,1,0,0,0000,2b04,0000,0000,0000,0000,0,2b04,2b04,0000,0,000,2b04,2b04
17,17,0,0000000000000000,80,0,0,2b04,800a,0,0000,2b04,0,2afc,0008,1,1,0,0,0000,2b04,0000,0000,0000,0000,0,2b04,2b04,0000,0,000,2b04,2b04
18,18,0,0000000000000000,80,0,0,2b04,800a,0,0000,2b04,0,2afc,0008,1,1,0,0,0000,2b04,0000,0000,0000,0000,0,2b04,2b04,0000,0,000,2b04,2b04
19,19,0,0000000000000000,80,0,0,2b04,800a,0,0000,2b04,0,2afc,0008,1,1,0,0,0000,2b04,0000,0000,0000,0000,0,2b04,2b04,0000,0,000,2b04,2b04
20,20,0,0000000000000000,80,0,0,2b04,800a,0,0000,2b04,0,2afc,0008,1,1,0,0,0000,2b04,0000,0000,0000,0000,0,2b04,2b04,0000,0,000,2b04,2b04
21,21,0,0000000000000000,80,0,0,2b04,800a,0,0000,2b04,0,2afc,0008,1,1,0,0,0000,2b04,0000,0000,0000,0000,0,2b04,2b04,0000,0,000,2b04,2b04
22,22,0,0000000000000000,80,0,0,2b04,800a,0,0000,2b04,0,2afc,0008,1,1,0,0,0000,2b04,0000,0000,0000,0000,0,2b04,2b04,0000,0,000,2b04,2b04
23,23,0,0000000000000000,80,0,0,2b04,800a,0,0000,2b04,0,2afc,0008,1,1,0,0,0000,2b04,0000,0000,0000,0000,0,2b04,2b04,0000,0,000,2b04,2b04
24,24,0,0000000000000000,80,0,0,2b04,800a,0,0000,2b04,0,2afc,0008,1,1,0,0,0000,2b04,0000,0000,0000,0000,0,2b04,2b04,0000,0,000,2b04,2b04
25,25,0,0000000000000000,80,0,0,2b04,800a,0,0000,2b04,0,2afc,0008,1,1,0,0,0000,2b04,0000,0000,0000,0000,0,2b04,2b04,0000,0,000,2b04,2b04
26,26,0,0000000000000000,80,0,0,2b04,800a,0,0000,2b04,0,2afc,0008,1,1,0,0,0000,2b04,0000,0000,0000,0000,0,2b04,2b04,0000,0,000,2b04,2b04
27,27,0,0000000000000000,80,0,0,2b04,800a,0,0000,2b04,0,2afc,0008,1,1,0,0,0000,2b04,0000,0000,0000,0000,0,2b04,2b04,0000,0,000,2b04,2b04
28,28,0,0000000000000000,80,0,0,2b04,800a,0,0000,2b04,0,2afc,0008,1,1,0,0,0000,2b04,0000,0000,0000,0000,0,2b04,2b04,0000,0,000,2b04,2b04
29,29,0,0000000000000000,80,0,0,2b04,800a,0,0000,2b04,0,2afc,0008,1,1,0,0,0000,2b04,0000,0000,0000,0000,0,2b04,2b04,0000,0,000,2b04,2b04
30,30,0,0000000000000000,80,0,0,2b04,800a,0,0000,2b04,0,2afc,0008,1,1,0,0,0000,2b04,0000,0000,0000,0000,0,2b04,2b04,0000,0,000,2b04,2b04
31,31,0,0000000000000000,80,0,0,2b04,800a,0,0000,2b04,0,2afc,0008,1,1,0,0,0000,2b04,0000,0000,0000,0000,0,2b04,2b04,0000,0,000,2b04,2b04
32,32,0,0000000000000000,80,0,0,2b04,800a,0,0000,2b04,0,2afc,0008,1,1,0,0,0000,2b04,0000,0000,0000,0000,0,2b04,2b04,0000,0,000,2b04,2b04
33,33,0,0000000000000000,80,0,0,2b04,800a,0,0000,2b04,0,2afc,0008,1,1,0,0,0000,2b04,0000,0000,0000,0000,0,2b04,2b04,0000,0,000,2b04,2b04
34,34,0,0000000000000000,80,0,0,2b04,800a,0,0000,2b04,0,2afc,0008,1,1,0,0,0000,2b04,0000,0000,0000,0000,0,2b04,2b04,0000,0,000,2b04,2b04
35,35,0,0000000000000000,80,0,0,2b04,800a,0,0000,2b04,0,2afc,0008,1,1,0,0,0000,2b04,0000,0000,0000,0000,0,2b04,2b04,0000,0,000,2b04,2b04
36,36,0,0000000000000000,80,0,0,2b04,800a,0,0000,2b04,0,2afc,0008,1,1,0,0,0000,2b04,0000,0000,0000,0000,0,2b04,2b04,0000,0,000,2b04,2b04
37,37,0,0000000000000000,80,0,0,2b04,800a,0,0000,2b04,0,2afc,0008,1,1,0,0,0000,2b04,0000,0000,0000,0000,0,2b04,2b04,0000,0,000,2b04,2b04
38,38,0,0000000000000000,80,0,0,2b04,800a,0,0000,2b04,0,2afc,0008,1,1,0,0,0000,2b04,0000,0000,0000,0000,0,2b04,2b04,0000,0,000,2b04,2b04
39,39,0,0000000000000000,80,0,0,2b04,800a,0,0000,2b04,0,2afc,0008,1,1,0,0,0000,2b04,0000,0000,0000,0000,0,2b04,2b04,0000,0,000,2b04,2b04
40,40,0,0000000000000000,80,0,0,2b04,800a,0,0000,2b04,0,2afc,0008,1,1,0,0,0000,2b04,0000,0000,0000,0000,0,2b04,2b04,0000,0,000,2b04,2b04
41,41,0,0000000000000000,80,0,0,2b04,800a,0,0000,2b04,0,2afc,0008,1,1,0,0,0000,2b04,0000,0000,0000,0000,0,2b04,2b04,0000,0,000,2b04,2b04
42,42,0,0000000000000000,80,0,0,2b04,800a,0,0000,2b04,0,2afc,0008,1,1,0,0,0000,2b04,0000,0000,0000,0000,0,2b04,2b04,0000,0,000,2b04,2b04
43,43,0,0000000000000000,80,0,0,2b04,800a,0,0000,2b04,0,2afc,0008,1,1,0,0,0000,2b04,0000,0000,0000,0000,0,2b04,2b04,0000,0,000,2b04,2b04
44,44,0,0000000000000000,80,0,0,2b04,800a,0,0000,2b04,0,2afc,0008,1,1,0,0,0000,2b04,0000,0000,0000,0000,0,2b04,2b04,0000,0,000,2b04,2b04
45,45,0,0000000000000000,80,0,0,2b04,800a,0,0000,2b04,0,2afc,0008,1,1,0,0,0000,2b04,0000,0000,0000,0000,0,2b04,2b04,0000,0,000,2b04,2b04
46,46,0,0000000000000000,80,0,0,2b04,800a,0,0000,2b04,0,2afc,0008,1,1,0,0,0000,2b04,0000,0000,0000,0000,0,2b04,2b04,0000,0,000,2b04,2b04
47,47,0,0000000000000000,80,0,0,2b04,800a,0,0000,2b04,0,2afc,0008,1,1,0,0,0000,2b04,0000,0000,0000,0000,0,2b04,2b04,0000,0,000,2b04,2b04
48,48,0,0000000000000000,80,0,0,2b04,800a,0,0000,2b04,0,2afc,0008,1,1,0,0,0000,2b04,0000,0000,0000,0000,0,2b04,2b04,0000,0,000,2b04,2b04
49,49,0,0000000000000000,80,0,0,2b04,800a,0,0000,2b04,0,2afc,0008,1,1,0,0,0000,2b04,0000,0000,0000,0000,0,2b04,2b04,0000,0,000,2b04,2b04
50,50,0,0000000000000000,80,0,0,2b04,800a,0,0000,2b04,0,2afc,0008,1,1,0,0,0000,2b04,0000,0000,0000,0000,0,2b04,2b04,0000,0,000,2b04,2b04
51,51,0,0000000000000000,80,0,0,2b04,800a,0,0000,2b04,0,2afc,0008,1,1,0,0,0000,2b04,0000,0000,0000,0000,0,2b04,2b04,0000,0,000,2b04,2b04
52,52,0,0000000000000000,80,0,0,2b04,800a,0,0000,2b04,0,2afc,0008,1,1,0,0,0000,2b04,0000,0000,0000,0000,0,2b04,2b04,0000,0,000,2b04,2b04
53,53,0,0000000000000000,80,0,0,2b04,800a,0,0000,2b04,0,2afc,0008,1,1,0,0,0000,2b04,0000,0000,0000,0000,0,2b04,2b04,0000,0,000,2b04,2b04
54,54,0,0000000000000000,80,0,0,2b04,800a,0,0000,2b04,0,2afc,0008,1,1,0,0,0000,2b04,0000,0000,0000,0000,0,2b04,2b04,0000,0,000,2b04,2b04
55,55,0,0000000000000000,80,0,0,2b04,800a,0,0000,2b04,0,2afc,0008,1,1,0,0,0000,2b04,0000,0000,0000,0000,0,2b04,2b04,0000,0,000,2b04,2b04
56,56,0,0000000000000000,80,0,0,2b04,800a,0,0000,2b04,0,2afc,0008,1,1,0,0,0000,2b04,0000,0000,0000,0000,0,2b04,2b04,0000,0,000,2b04,2b04
57,57,0,0000000000000000,80,0,0,2b04,800a,0,0000,2b04,0,2afc,0008,1,1,0,0,0000,2b04,0000,0000,0000,0000,0,2b04,2b04,0000,0,000,2b04,2b04
58,58,0,0000000000000000,80,0,0,2b04,800a,0,0000,2b04,0,2afc,0008,1,1,0,0,0000,2b04,0000,0000,0000,0000,0,2b04,2b04,0000,0,000,2b04,2b04
59,59,0,0000000000000000,80,0,0,2b04,800a,0,0000,2b04,0,2afc,0008,1,1,0,0,0000,2b04,0000,0000,0000,0000,0,2b04,2b04,0000,0,000,2b04,2b04
60,60,0,0000000000000000,80,0,0,2b04,800a,0,0000,2b04,0,2afc,0008,1,1,0,0,0000,2b04,0000,0000,0000,0000,0,2b04,2b04,0000,0,000,2b04,2b04
61,61,0,0000000000000000,80,0,0,2b04,800a,0,0000,2b04,0,2afc,0008,1,1,0,0,0000,2b04,0000,0000,0000,0000,0,2b04,2b04,0000,0,000,2b04,2b04
62,62,0,0000000000000000,80,0,0,2b04,800a,0,0000,2b04,0,2afc,0008,1,1,0,0,0000,2b04,0000,0000,0000,0000,0,2b04,2b04,0000,0,000,2b04,2b04
63,63,0,0000000000000000,80,0,0,2b04,800a,0,0000,2b04,0,2afc,0008,1,1,0,0,0000,2b04,0000,0000,0000,0000,0,2b04,2b04,0000,0,000,2b04,2b04
64,64,0,0000000000000000,80,0,0,2b04,800a,0,0000,2b04,0,2afc,0008,1,1,0,0,0000,2b04,0000,0000,0000,0000,0,2b04,2b04,0000,0,000,2b04,2b04
65,65,0,0000000000000000,80,0,0,2b04,800a,0,0000,2b04,0,2afc,0008,1,1,0,0,0000,2b04,0000,0000,0000,0000,0,2b04,2b04,0000,0,000,2b04,2b04
66,66,0,0000000000000000,80,0,0,2b04,800a,0,0000,2b04,0,2afc,0008,1,1,0,0,0000,2b04,0000,0000,0000,0000,0,2b04,2b04,0000,0,000,2b04,2b04
67,67,0,0000000000000000,80,0,0,2b04,800a,0,0000,2b04,0,2afc,0008,1,1,0,0,0000,2b04,0000,0000,0000,0000,0,2b04,2b04,0000,0,000,2b04,2b04
68,68,0,0000000000000000,80,0,0,2b04,800a,0,0000,2b04,0,2afc,0008,1,1,0,0,0000,2b04,0000,0000,0000,0000,0,2b04,2b04,0000,0,000,2b04,2b04
69,69,0,0000000000000000,80,0,0,2b04,800a,0,0000,2b04,0,2afc,0008,1,1,0,0,0000,2b04,0000,0000,0000,0000,0,2b04,2b04,0000,0,000,2b04,2b04
70,70,0,0000000000000000,80,0,0,2b04,800a,0,0000,2b04,0,2afc,0008,1,1,0,0,0000,2b04,0000,0000,0000,0000,0,2b04,2b04,0000,0,000,2b04,2b04
71,71,0,0000000000000000,80,0,0,2b04,800a,0,0000,2b04,0,2afc,0008,1,1,0,0,0000,2b04,0000,0000,0000,0000,0,2b04,2b04,0000,0,000,2b04,2b04
72,72,0,0000000000000000,80,0,0,2b04,800a,0,0000,2b04,0,2afc,0008,1,1,0,0,0000,2b04,0000,0000,0000,0000,0,2b04,2b04,0000,0,000,2b04,2b04
73,73,0,0000000000000000,80,0,0,2b04,800a,0,0000,2b04,0,2afc,0008,1,1,0,0,0000,2b04,0000,0000,0000,0000,0,2b04,2b04,0000,0,000,2b04,2b04
74,74,0,0000000000000000,80,0,0,2b04,800a,0,0000,2b04,0,2afc,0008,1,1,0,0,0000,2b04,0000,0000,0000,0000,0,2b04,2b04,0000,0,000,2b04,2b04
75,75,0,0000000000000000,80,0,0,2b04,800a,0,0000,2b04,0,2afc,0008,1,1,0,0,0000,2b04,0000,0000,0000,0000,0,2b04,2b04,0000,0,000,2b04,2b04
76,76,0,0000000000000000,80,0,0,2b04,800a,0,0000,2b04,0,2afc,0008,1,1,0,0,0000,2b04,0000,0000,0000,0000,0,2b04,2b04,0000,0,000,2b04,2b04
77,77,0,0000000000000000,80,0,0,2b04,800a,0,0000,2b04,0,2afc,0008,1,1,0,0,0000,2b04,0000,0000,0000,0000,0,2b04,2b04,0000,0,000,2b04,2b04
78,78,0,0000000000000000,80,0,0,2b04,800a,0,0000,2b04,0,2afc,0008,1,1,0,0,0000,2b04,0000,0000,0000,0000,0,2b04,2b04,0000,0,000,2b04,2b04
79,79,0,0000000000000000,80,0,0,2b04,800a,0,0000,2b04,0,2afc,0008,1,1,0,0,0000,2b04,0000,0000,0000,0000,0,2b04,2b04,0000,0,000,2b04,2b04
80,80,0,0000000000000000,80,0,0,2b04,800a,0,0000,2b04,0,2afc,0008,1,1,0,0,0000,2b04,0000,0000,0000,0000,0,2b04,2b04,0000,0,000,2b04,2b04
81,81,0,0000000000000000,80,0,0,2b04,800a,0,0000,2b04,0,2afc,0008,1,1,0,0,0000,2b04,0000,0000,0000,0000,0,2b04,2b04,0000,0,000,2b04,2b04
82,82,0,0000000000000000,80,0,0,2b04,800a,0,0000,2b04,0,2afc,0008,1,1,0,0,0000,2b04,0000,0000,0000,0000,0,2b04,2b04,0000,0,000,2b04,2b04
83,83,0,0000000000000000,80,0,0,2b04,800a,0,0000,2b04,0,2afc,0008,1,1,0,0,0000,2b04,0000,0000,0000,0000,0,2b04,2b04,0000,0,000,2b04,2b04
84,84,0,0000000000000000,80,0,0,2b04,800a,0,0000,2b04,0,2afc,0008,1,1,0,0,0000,2b04,0000,0000,0000,0000,0,2b04,2b04,0000,0,000,2b04,2b04
85,85,0,0000000000000000,80,0,0,2b04,800a,0,0000,2b04,0,2afc,0008,1,1,0,0,0000,2b04,0000,0000,0000,0000,0,2b04,2b04,0000,0,000,2b04,2b04
86,86,0,0000000000000000,80,0,0,2b04,800a,0,0000,2b04,0,2afc,0008,1,1,0,0,0000,2b04,0000,0000,0000,0000,0,2b04,2b04,0000,0,000,2b04,2b04
87,87,0,0000000000000000,80,0,0,2b04,800a,0,0000,2b04,0,2afc,0008,1,1,0,0,0000,2b04,0000,0000,0000,0000,0,2b04,2b04,0000,0,000,2b04,2b04
88,88,0,0000000000000000,80,0,0,2b04,800a,0,0000,2b04,0,2afc,0008,1,1,0,0,0000,2b04,0000,0000,0000,0000,0,2b04,2b04,0000,0,000,2b04,2b04
89,89,0,0000000000000000,80,0,0,2b04,800a,0,0000,2b04,0,2afc,0008,1,1,0,0,0000,2b04,0000,0000,0000,0000,0,2b04,2b04,0000,0,000,2b04,2b04
90,90,0,0000000000000000,80,0,0,2b04,800a,0,0000,2b04,0,2afc,0008,1,1,0,0,0000,2b04,0000,0000,0000,0000,0,2b04,2b04,0000,0,000,2b04,2b04
91,91,0,0000000000000000,80,0,0,2b04,800a,0,0000,2b04,0,2afc,0008,1,1,0,0,0000,2b04,0000,0000,0000,0000,0,2b04,2b04,0000,0,000,2b04,2b04
92,92,0,0000000000000000,80,0,0,2b04,800a,0,0000,2b04,0,2afc,0008,1,1,0,0,0000,2b04,0000,0000,0000,0000,0,2b04,2b04,0000,0,000,2b04,2b04
93,93,0,0000000000000000,80,0,0,2b04,800a,0,0000,2b04,0,2afc,0008,1,1,0,0,0000,2b04,0000,0000,0000,0000,0,2b04,2b04,0000,0,000,2b04,2b04
94,94,0,0000000000000000,80,0,0,2b04,800a,0,0000,2b04,0,2afc,0008,1,1,0,0,0000,2b04,0000,0000,0000,0000,0,2b04,2b04,0000,0,000,2b04,2b04
95,95,0,0000000000000000,80,0,0,2b04,800a,0,0000,2b04,0,2afc,0008,1,1,0,0,0000,2b04,0000,0000,0000,0000,0,2b04,2b04,0000,0,000,2b04,2b04
96,96,0,0000000000000000,80,0,0,2b04,800a,0,0000,2b04,0,2afc,0008,1,1,0,0,0000,2b04,0000,0000,0000,0000,0,2b04,2b04,0000,0,000,2b04,2b04
97,97,0,0000000000000000,80,0,0,2b04,800a,0,0000,2b04,0,2afc,0008,1,1,0,0,0000,2b04,0000,0000,0000,0000,0,2b04,2b04,0000,0,000,2b04,2b04
98,98,0,0000000000000000,80,0,0,2b04,800a,0,0000,2b04,0,2afc,0008,1,1,0,0,0000,2b04,0000,0000,0000,0000,0,2b04,2b04,0000,0,000,2b04,2b04
99,99,0,0000000000000000,80,0,0,2b04,800a,0,0000,2b04,0,2afc,0008,1,1,0,0,0000,2b04,0000,0000,0000,0000,0,2b04,2b04,0000,0,000,2b04,2b04
100,100,0,0000000000000000,80,0,0,2b04,800a,0,0000,2b04,0,2afc,0008,1,1,0,0,0000,2b04,0000,0000,0000,0000,0,2b04,2b04,0000,0,000,2b04,2b04
101,101,0,0000000000000000,80,0,0,2b04,800a,0,0000,2b04,0,2afc,0008,1,1,0,0,0000,2b04,0000,0000,0000,0000,0,2b04,2b04,0000,0,000,2b04,2b04
102,102,0,0000000000000000,80,0,0,2b04,800a,0,0000,2b04,0,2afc,0008,1,1,0,0,0000,2b04,0000,0000,0000,0000,0,2b04,2b04,0000,0,000,2b04,2b04
103,103,0,0000000000000000,80,0,0,2b04,800a,0,0000,2b04,0,2afc,0008,1,1,0,0,0000,2b04,0000,0000,0000,0000,0,2b04,2b04,0000,0,000,2b04,2b04
104,104,0,0000000000000000,80,0,0,2b04,800a,0,0000,2b04,0,2afc,0008,1,1,0,0,0000,2b04,0000,0000,0000,0000,0,2b04,2b04,0000,0,000,2b04,2b04
105,105,0,0000000000000000,80,0,0,2b04,800a,0,0000,2b04,0,2afc,0008,1,1,0,0,0000,2b04,0000,0000,0000,0000,0,2b04,2b04,0000,0,000,2b04,2b04
106,106,0,0000000000000000,80,0,0,2b04,800a,0,0000,2b04,0,2afc,0008,1,1,0,0,0000,2b04,0000,0000,0000,0000,0,2b04,2b04,0000,0,000,2b04,2b04
107,107,0,0000000000000000,80,0,0,2b04,800a,0,0000,2b04,0,2afc,0008,1,1,0,0,0000,2b04,0000,0000,0000,0000,0,2b04,2b04,0000,0,000,2b04,2b04
108,108,0,0000000000000000,80,0,0,2b04,800a,0,0000,2b04,0,2afc,0008,1,1,0,0,0000,2b04,0000,0000,0000,0000,0,2b04,2b04,0000,0,000,2b04,2b04
109,109,0,0000000000000000,80,0,0,2b04,800a,0,0000,2b04,0,2afc,0008,1,1,0,0,0000,2b04,0000,0000,0000,0000,0,2b04,2b04,0000,0,000,2b04,2b04
110,110,0,0000000000000000,80,0,0,2b04,800a,0,0000,2b04,0,2afc,0008,1,1,0,0,0000,2b04,0000,0000,0000,0000,0,2b04,2b04,0000,0,000,2b04,2b04
111,111,0,0000000000000000,80,0,0,2b04,800a,0,0000,2b04,0,2afc,0008,1,1,0,0,0000,2b04,0000,0000,0000,0000,0,2b04,2b04,0000,0,000,2b04,2b04
112,112,0,0000000000000000,80,0,0,2b04,800a,0,0000,2b04,0,2afc,0008,1,1,0,0,0000,2b04,0000,0000,0000,0000,0,2b04,2b04,0000,0,000,2b04,2b04
113,113,0,0000000000000000,80,0,0,2b04,800a,0,0000,2b04,0,2afc,0008,1,1,0,0,0000,2b04,0000,0000,0000,0000,0,2b04,2b04,0000,0,000,2b04,2b04
114,114,0,0000000000000000,80,0,0,2b04,800a,0,0000,2b04,0,2afc,0008,1,1,0,0,0000,2b04,0000,0000,0000,0000,0,2b04,2b04,0000,0,000,2b04,2b04
115,115,0,0000000000000000,80,0,0,2b04,800a,0,0000,2b04,0,2afc,0008,1,1,0,0,0000,2b04,0000,0000,0000,0000,0,2b04,2b04,0000,0,000,2b04,2b04
116,116,0,0000000000000000,80,0,0,2b04,800a,0,0000,2b04,0,2afc,0008,1,1,0,0,0000,2b04,0000,0000,0000,0000,0,2b04,2b04,0000,0,000,2b04,2b04
117,117,0,0000000000000000,80,0,0,2b04,800a,0,0000,2b04,0,2afc,0008,1,1,0,0,0000,2b04,0000,0000,0000,0000,0,2b04,2b04,0000,0,000,2b04,2b04
118,118,0,0000000000000000,80,0,0,2b04,800a,0,0000,2b04,0,2afc,0008,1,1,0,0,0000,2b04,0000,0000,0000,0000,0,2b04,2b04,0000,0,000,2b04,2b04
119,119,0,0000000000000000,80,0,0,2b04,800a,0,0000,2b04,0,2afc,0008,1,1,0,0,0000,2b04,0000,0000,0000,0000,0,2b04,2b04,0000,0,000,2b04,2b04
120,120,0,0000000000000000,80,0,0,2b04,800a,0,0000,2b04,0,2afc,0008,1,1,0,0,0000,2b04,0000,0000,0000,0000,0,2b04,2b04,0000,0,000,2b04,2b04
121,121,0,0000000000000000,80,0,0,2b04,800a,0,0000,2b04,0,2afc,0008,1,1,0,0,0000,2b04,0000,0000,0000,0000,0,2b04,2b04,0000,0,000,2b04,2b04
122,122,0,0000000000000000,80,0,0,2b04,800a,0,0000,2b04,0,2afc,0008,1,1,0,0,0000,2b04,0000,0000,0000,0000,0,2b04,2b04,0000,0,000,2b04,2b04
123,123,0,0000000000000000,80,0,0,2b04,800a,0,0000,2b04,0,2afc,0008,1,1,0,0,0000,2b04,0000,0000,0000,0000,0,2b04,2b04,0000,0,000,2b04,2b04
124,124,0,0000000000000000,80,0,0,2b04,800a,0,0000,2b04,0,2afc,0008,1,1,0,0,0000,2b04,0000,0000,0000,0000,0,2b04,2b04,0000,0,000,2b04,2b04
125,125,0,0000000000000000,80,0,0,2b04,800a,0,0000,2b04,0,2afc,0008,1,1,0,0,0000,2b04,0000,0000,0000,0000,0,2b04,2b04,0000,0,000,2b04,2b04
126,126,0,0000000000000000,80,0,0,2b04,800a,0,0000,2b04,0,2afc,0008,1,1,0,0,0000,2b04,0000,0000,0000,0000,0,2b04,2b04,0000,0,000,2b04,2b04
127,127,0,0000000000000000,80,0,0,2b04,800a,0,0000,2b04,0,2afc,0008,1,1,0,0,0000,2b04,0000,0000,0000,0000,0,2b04,2b04,0000,0,000,2b04,2b04
128,128,0,0000000000000000,80,0,0,2b04,800a,0,0000,2b04,0,2afc,0008,1,1,0,0,0000,2b04,0000,0000,0000,0000,0,2b04,2b04,0000,0,000,2b04,2b04
129,129,0,0000000000000000,80,0,0,2b04,800a,0,0000,2b04,0,2afc,0008,1,1,0,0,0000,2b04,0000,0000,0000,0000,0,2b04,2b04,0000,0,000,2b04,2b04
130,130,0,0000000000000000,80,0,0,2b04,800a,0,0000,2b04,0,2afc,0008,1,1,0,0,0000,2b04,0000,0000,0000,0000,0,2b04,2b04,0000,0,000,2b04,2b04
131,131,0,0000000000000000,80,0,0,2b04,800a,0,0000,2b04,0,2afc,0008,1,1,0,0,0000,2b04,0000,0000,0000,0000,0,2b04,2b04,0000,0,000,2b04,2b04
132,132,0,0000000000000000,80,0,0,2b04,800a,0,0000,2b04,0,2afc,0008,1,1,0,0,0000,2b04,0000,0000,0000,0000,0,2b04,2b04,0000,0,000,2b04,2b04
133,133,0,0000000000000000,80,0,0,2b04,800a,0,0000,2b04,0,2afc,0008,1,1,0,0,0000,2b04,0000,0000,0000,0000,0,2b04,2b04,0000,0,000,2b04,2b04
134,134,0,0000000000000000,80,0,0,2b04,800a,0,0000,2b04,0,2afc,0008,1,1,0,0,0000,2b04,0000,0000,0000,0000,0,2b04,2b04,0000,0,000,2b04,2b04
135,135,0,0000000000000000,80,0,0,2b04,800a,0,0000,2b04,0,2afc,0008,1,1,0,0,0000,2b04,0000,0000,0000,0000,0,2b04,2b04,0000,0,000,2b04,2b04
136,136,0,0000000000000000,80,0,0,2b04,800a,0,0000,2b04,0,2afc,0008,1,1,0,0,0000,2b04,0000,0000,0000,0000,0,2b04,2b04,0000,0,000,2b04,2b04
137,137,0,0000000000000000,80,0,0,2b04,800a,0,0000,2b04,0,2afc,0008,1,1,0,0,0000,2b04,0000,0000,0000,0000,0,2b04,2b04,0000,0,000,2b04,2b04
138,138,0,0000000000000000,80,0,0,2b04,800a,0,0000,2b04,0,2afc,0008,1,1,0,0,0000,2b04,0000,0000,0000,0000,0,2b04,2b04,0000,0,000,2b04,2b04
139,139,0,0000000000000000,80,0,0,2b04,800a,0,0000,2b04,0,2afc,0008,1,1,0,0,0000,2b04,0000,0000,0000,0000,0,2b04,2b04,0000,0,000,2b04,2b04
140,140,0,0000000000000000,80,0,0,2b04,800a,0,0000,2b04,0,2afc,0008,1,1,0,0,0000,2b04,0000,0000,0000,0000,0,2b04,2b04,0000,0,000,2b04,2b04
141,141,0,0000000000000000,80,0,0,2b04,800a,0,0000,2b04,0,2afc,0008,1,1,0,0,0000,2b04,0000,0000,0000,0000,0,2b04,2b04,0000,0,000,2b04,2b04
142,142,0,0000000000000000,80,0,0,2b04,800a,0,0000,2b04,0,2afc,0008,1,1,0,0,0000,2b04,0000,0000,0000,0000,0,2b04,2b04,0000,0,000,2b04,2b04
143,143,0,0000000000000000,80,0,0,2b04,800a,0,0000,2b04,0,2afc,0008,1,1,0,0,0000,2b04,0000,0000,0000,0000,0,2b04,2b04,0000,0,000,2b04,2b04
144,144,0,0000000000000000,80,0,0,2b04,800a,0,0000,2b04,0,2afc,0008,1,1,0,0,0000,2b04,0000,0000,0000,0000,0,2b04,2b04,0000,0,000,2b04,2b04
145,145,0,0000000000000000,80,0,0,2b04,800a,0,0000,2b04,0,2afc,0008,1,1,0,0,0000,2b04,0000,0000,0000,0000,0,2b04,2b04,0000,0,000,2b04,2b04
146,146,0,0000000000000000,80,0,0,2b04,800a,0,0000,2b04,0,2afc,0008,1,1,0,0,0000,2b04,0000,0000,0000,0000,0,2b04,2b04,0000,0,000,2b04,2b04
147,147,0,0000000000000000,80,0,0,2b04,800a,0,0000,2b04,0,2afc,0008,1,1,0,0,0000,2b04,0000,0000,0000,0000,0,2b04,2b04,0000,0,000,2b04,2b04
148,148,0,0000000000000000,80,0,0,2b04,800a,0,0000,2b04,0,2afc,0008,1,1,0,0,0000,2b04,0000,0000,0000,0000,0,2b04,2b04,0000,0,000,2b04,2b04
149,149,0,0000000000000000,80,0,0,2b04,800a,0,0000,2b04,0,2afc,0008,1,1,0,0,0000,2b04,0000,0000,0000,0000,0,2b04,2b04,0000,0,000,2b04,2b04
150,150,0,0000000000000000,80,0,0,2b04,800a,0,0000,2b04,0,2afc,0008,1,1,0,0,0000,2b04,0000,0000,0000,0000,0,2b04,2b04,0000,0,000,2b04,2b04
151,151,0,0000000000000000,80,0,0,2b04,800a,0,0000,2b04,0,2afc,0008,1,1,0,0,0000,2b04,0000,0000,0000,0000,0,2b04,2b04,0000,0,000,2b04,2b04
152,152,0,0000000000000000,80,0,0,2b04,800a,0,0000,2b04,0,2afc,0008,1,1,0,0,0000,2b04,0000,0000,0000,0000,0,2b04,2b04,0000,0,000,2b04,2b04
153,153,0,0000000000000000,80,0,0,2b04,800a,0,0000,2b04,0,2afc,0008,1,1,0,0,0000,2b04,0000,0000,0000,0000,0,2b04,2b04,0000,0,000,2b04,2b04
154,154,0,0000000000000000,80,0,0,2b04,800a,0,0000,2b04,0,2afc,0008,1,1,0,0,0000,2b04,0000,0000,0000,0000,0,2b04,2b04,0000,0,000,2b04,2b04
155,155,0,0000000000000000,80,0,0,2b04,800a,0,0000,2b04,0,2afc,0008,1,1,0,0,0000,2b04,0000,0000,0000,0000,0,2b04,2b04,0000,0,000,2b04,2b04
156,156,0,0000000000000000,80,0,0,2b04,800a,0,0000,2b04,0,2afc,0008,1,1,0,0,0000,2b04,0000,0000,0000,0000,0,2b04,2b04,0000,0,000,2b04,2b04
157,157,0,0000000000000000,80,0,0,2b04,800a,0,0000,2b04,0,2afc,0008,1,1,0,0,0000,2b04,0000,0000,0000,0000,0,2b04,2b04,0000,0,000,2b04,2b04
158,158,0,0000000000000000,80,0,0,2b04,800a,0,0000,2b04,0,2afc,0008,1,1,0,0,0000,2b04,0000,0000,0000,0000,0,2b04,2b04,0000,0,000,2b04,2b04
159,159,0,0000000000000000,80,0,0,2b04,800a,0,0000,2b04,0,2afc,0008,1,1,0,0,0000,2b04,0000,0000,0000,0000,0,2b04,2b04,0000,0,000,2b04,2b04
160,160,0,0000000000000000,80,0,0,2b04,800a,0,0000,2b04,0,2afc,0008,1,1,0,0,0000,2b04,0000,0000,0000,0000,0,2b04,2b04,0000,0,000,2b04,2b04
161,161,0,0000000000000000,80,0,0,2b04,800a,0,0000,2b04,0,2afc,0008,1,1,0,0,0000,2b04,0000,0000,0000,0000,0,2b04,2b04,0000,0,000,2b04,2b04
162,162,0,0000000000000000,80,0,0,2b04,800a,0,0000,2b04,0,2afc,0008,1,1,0,0,0000,2b04,0000,0000,0000,0000,0,2b04,2b04,0000,0,000,2b04,2b04
163,163,0,0000000000000000,80,0,0,2b04,800a,0,0000,2b04,0,2afc,0008,1,1,0,0,0000,2b04,0000,0000,0000,0000,0,2b04,2b04,0000,0,000,2b04,2b04
164,164,0,0000000000000000,80,0,0,2b04,800a,0,0000,2b04,0,2afc,0008,1,1,0,0,0000,2b04,0000,0000,0000,0000,0,2b04,2b04,0000,0,000,2b04,2b04
165,165,0,0000000000000000,80,0,0,2b04,800a,0,0000,2b04,0,2afc,0008,1,1,0,0,0000,2b04,0000,0000,0000,0000,0,2b04,2b04,0000,0,000,2b04,2b04
166,166,0,0000000000000000,80,0,0,2b04,800a,0,0000,2b04,0,2afc,0008,1,1,0,0,0000,2b04,0000,0000,0000,0000,0,2b04,2b04,0000,0,000,2b04,2b04
167,167,0,0000000000000000,80,0,0,2b04,800a,0,0000,2b04,0,2afc,0008,1,1,0,0,0000,2b04,0000,0000,0000,0000,0,2b04,2b04,0000,0,000,2b04,2b04
168,168,0,0000000000000000,80,0,0,2b04,800a,0,0000,2b04,0,2afc,0008,1,1,0,0,0000,2b04,0000,0000,0000,0000,0,2b04,2b04,0000,0,000,2b04,2b04
169,169,0,0000000000000000,80,0,0,2b04,800a,0,0000,2b04,0,2afc,0008,1,1,0,0,0000,2b04,0000,0000,0000,0000,0,2b04,2b04,0000,0,000,2b04,2b04
170,170,0,0000000000000000,80,0,0,2b04,800a,0,0000,2b04,0,2afc,0008,1,1,0,0,0000,2b04,0000,0000,0000,0000,0,2b04,2b04,0000,0,000,2b04,2b04
171,171,0,0000000000000000,80,0,0,2b04,800a,0,0000,2b04,0,2afc,0008,1,1,0,0,0000,2b04,0000,0000,0000,0000,0,2b04,2b04,0000,0,000,2b04,2b04
172,172,0,0000000000000000,80,0,0,2b04,800a,0,0000,2b04,0,2afc,0008,1,1,0,0,0000,2b04,0000,0000,0000,0000,0,2b04,2b04,0000,0,000,2b04,2b04
173,173,0,0000000000000000,80,0,0,2b04,800a,0,0000,2b04,0,2afc,0008,1,1,0,0,0000,2b04,0000,0000,0000,0000,0,2b04,2b04,0000,0,000,2b04,2b04
174,174,0,0000000000000000,80,0,0,2b04,800a,0,0000,2b04,0,2afc,0008,1,1,0,0,0000,2b04,0000,0000,0000,0000,0,2b04,2b04,0000,0,000,2b04,2b04
175,175,0,0000000000000000,80,0,0,2b04,800a,0,0000,2b04,0,2afc,0008,1,1,0,0,0000,2b04,0000,0000,0000,0000,0,2b04,2b04,0000,0,000,2b04,2b04
176,176,0,0000000000000000,80,0,0,2b04,800a,0,0000,2b04,0,2afc,0008,1,1,0,0,0000,2b04,0000,0000,0000,0000,0,2b04,2b04,0000,0,000,2b04,2b04
177,177,0,0000000000000000,80,0,0,2b04,800a,0,0000,2b04,0,2afc,0008,1,1,0,0,0000,2b04,0000,0000,0000,0000,0,2b04,2b04,0000,0,000,2b04,2b04
178,178,0,0000000000000000,80,0,0,2b04,800a,0,0000,2b04,0,2afc,0008,1,1,0,0,0000,2b04,0000,0000,0000,0000,0,2b04,2b04,0000,0,000,2b04,2b04
179,179,0,0000000000000000,80,0,0,2b04,800a,0,0000,2b04,0,2afc,0008,1,1,0,0,0000,2b04,0000,0000,0000,0000,0,2b04,2b04,0000,0,000,2b04,2b04
180,180,0,0000000000000000,80,0,0,2b04,800a,0,0000,2b04,0,2afc,0008,1,1,0,0,0000,2b04,0000,0000,0000,0000,0,2b04,2b04,0000,0,000,2b04,2b04
181,181,0,0000000000000000,80,0,0,2b04,800a,0,0000,2b04,0,2afc,0008,1,1,0,0,0000,2b04,0000,0000,0000,0000,0,2b04,2b04,0000,0,000,2b04,2b04
182,182,0,0000000000000000,80,0,0,2b04,800a,0,0000,2b04,0,2afc,0008,1,1,0,0,0000,2b04,0000,0000,0000,0000,0,2b04,2b04,0000,0,000,2b04,2b04
183,183,0,0000000000000000,80,0,0,2b04,800a,0,0000,2b04,0,2afc,0008,1,1,0,0,0000,2b04,0000,0000,0000,0000,0,2b04,2b04,0000,0,000,2b04,2b04
184,184,0,0000000000000000,80,0,0,2b04,800a,0,0000,2b04,0,2afc,0008,1,1,0,0,0000,2b04,0000,0000,0000,0000,0,2b04,2b04,0000,0,000,2b04,2b04
185,185,0,0000000000000000,80,0,0,2b04,800a,0,0000,2b04,0,2afc,0008,1,1,0,0,0000,2b04,0000,0000,0000,0000,0,2b04,2b04,0000,0,000,2b04,2b04
186,186,0,0000000000000000,80,0,0,2b04,800a,0,0000,2b04,0,2afc,0008,1,1,0,0,0000,2b04,0000,0000,0000,0000,0,2b04,2b04,0000,0,000,2b04,2b04
187,187,0,0000000000000000,80,0,0,2b04,800a,0,0000,2b04,0,2afc,0008,1,1,0,0,0000,2b04,0000,0000,0000,0000,0,2b04,2b04,0000,0,000,2b04,2b04
188,188,0,0000000000000000,80,0,0,2b04,800a,0,0000,2b04,0,2afc,0008,1,1,0,0,0000,2b04,0000,0000,0000,0000,0,2b04,2b04,0000,0,000,2b04,2b04
189,189,0,0000000000000000,80,0,0,2b04,800a,0,0000,2b04,0,2afc,0008,1,1,0,0,0000,2b04,0000,0000,0000,0000,0,2b04,2b04,0000,0,000,2b04,2b04
190,190,0,0000000000000000,80,0,0,2b04,800a,0,0000,2b04,0,2afc,0008,1,1,0,0,0000,2b04,0000,0000,0000,0000,0,2b04,2b04,0000,0,000,2b04,2b04
191,191,0,0000000000000000,80,0,0,2b04,800a,0,0000,2b04,0,2afc,0008,1,1,0,0,0000,2b04,0000,0000,0000,0000,0,2b04,2b04,0000,0,000,2b04,2b04
192,192,0,0000000000000000,80,0,0,2b04,800a,0,0000,2b04,0,2afc,0008,1,1,0,0,0000,2b04,0000,0000,0000,0000,0,2b04,2b04,0000,0,000,2b04,2b04
193,193,0,0000000000000000,80,0,0,2b04,800a,0,0000,2b04,0,2afc,0008,1,1,0,0,0000,2b04,0000,0000,0000,0000,0,2b04,2b04,0000,0,000,2b04,2b04
194,194,0,0000000000000000,80,0,0,2b04,800a,0,0000,2b04,0,2afc,0008,1,1,0,0,0000,2b04,0000,0000,0000,0000,0,2b04,2b04,0000,0,000,2b04,2b04
195,195,0,0000000000000000,80,0,0,2b04,800a,0,0000,2b04,0,2afc,0008,1,1,0,0,0000,2b04,0000,0000,0000,0000,0,2b04,2b04,0000,0,000,2b04,2b04
196,196,0,0000000000000000,80,0,0,2b04,800a,0,0000,2b04,0,2afc,0008,1,1,0,0,0000,2b04,0000,0000,0000,0000,0,2b04,2b04,0000,0,000,2b04,2b04
197,197,0,0000000000000000,80,0,0,2b04,800a,0,0000,2b04,0,2afc,0008,1,1,0,0,0000,2b04,0000,0000,0000,0000,0,2b04,2b04,0000,0,000,2b04,2b04
198,198,0,0000000000000000,80,0,0,2b04,800a,0,0000,2b04,0,2afc,0008,1,1,0,0,0000,2b04,0000,0000,0000,0000,0,2b04,2b04,0000,0,000,2b04,2b04
199,199,0,0000000000000000,80,0,0,2b04,800a,0,0000,2b04,0,2afc,0008,1,1,0,0,0000,2b04,0000,0000,0000,0000,0,2b04,2b04,0000,0,000,2b04,2b04
200,200,0,0000000000000000,80,0,0,2b04,800a,0,0000,2b04,0,2afc,0008,1,1,0,0,0000,2b04,0000,0000,0000,0000,0,2b04,2b04,0000,0,000,2b04,2b04
201,201,0,0000000000000000,80,0,0,2b04,800a,0,0000,2b04,0,2afc,0008,1,1,0,0,0000,2b04,0000,0000,0000,0000,0,2b04,2b04,0000,0,000,2b04,2b04
202,202,0,0000000000000000,80,0,0,2b04,800a,0,0000,2b04,0,2afc,0008,1,1,0,0,0000,2b04,0000,0000,0000,0000,0,2b04,2b04,0000,0,000,2b04,2b04
203,203,0,0000000000000000,80,0,0,2b04,800a,0,0000,2b04,0,2afc,0008,1,1,0,0,0000,2b04,0000,0000,0000,0000,0,2b04,2b04,0000,0,000,2b04,2b04
204,204,0,0000000000000000,80,0,0,2b04,800a,0,0000,2b04,0,2afc,0008,1,1,0,0,0000,2b04,0000,0000,0000,0000,0,2b04,2b04,0000,0,000,2b04,2b04
205,205,0,0000000000000000,80,0,0,2b04,800a,0,0000,2b04,0,2afc,0008,1,1,0,0,0000,2b04,0000,0000,0000,0000,0,2b04,2b04,0000,0,000,2b04,2b04
206,206,0,0000000000000000,80,0,0,2b04,800a,0,0000,2b04,0,2afc,0008,1,1,0,0,0000,2b04,0000,0000,0000,0000,0,2b04,2b04,0000,0,000,2b04,2b04
207,207,0,0000000000000000,80,0,0,2b04,800a,0,0000,2b04,0,2afc,0008,1,1,0,0,0000,2b04,0000,0000,0000,0000,0,2b04,2b04,0000,0,000,2b04,2b04
208,208,0,0000000000000000,80,0,0,2b04,800a,0,0000,2b04,0,2afc,0008,1,1,0,0,0000,2b04,0000,0000,0000,0000,0,2b04,2b04,0000,0,000,2b04,2b04
209,209,0,0000000000000000,80,0,0,2b04,800a,0,0000,2b04,0,2afc,0008,1,1,0,0,0000,2b04,0000,0000,0000,0000,0,2b04,2b04,0000,0,000,2b04,2b04
210,210,0,0000000000000000,80,0,0,2b04,800a,0,0000,2b04,0,2afc,0008,1,1,0,0,0000,2b04,0000,0000,0000,0000,0,2b04,2b04,0000,0,000,2b04,2b04
211,211,0,0000000000000000,80,0,0,2b04,800a,0,0000,2b04,0,2afc,0008,1,1,0,0,0000,2b04,0000,0000,0000,0000,0,2b04,2b04,0000,0,000,2b04,2b04
212,212,0,0000000000000000,80,0,0,2b04,800a,0,0000,2b04,0,2afc,0008,1,1,0,0,0000,2b04,0000,0000,0000,0000,0,2b04,2b04,0000,0,000,2b04,2b04
213,213,0,0000000000000000,80,0,0,2b04,800a,0,0000,2b04,0,2afc,0008,1,1,0,0,0000,2b04,0000,0000,0000,0000,0,2b04,2b04,0000,0,000,2b04,2b04
214,214,0,0000000000000000,80,0,0,2b04,800a,0,0000,2b04,0,2afc,0008,1,1,0,0,0000,2b04,0000,0000,0000,0000,0,2b04,2b04,0000,0,000,2b04,2b04
215,215,0,0000000000000000,80,0,0,2b04,800a,0,0000,2b04,0,2afc,0008,1,1,0,0,0000,2b04,0000,0000,0000,0000,0,2b04,2b04,0000,0,000,2b04,2b04
216,216,0,0000000000000000,80,0,0,2b04,800a,0,0000,2b04,0,2afc,0008,1,1,0,0,0000,2b04,0000,0000,0000,0000,0,2b04,2b04,0000,0,000,2b04,2b04
217,217,0,0000000000000000,80,0,0,2b04,800a,0,0000,2b04,0,2afc,0008,1,1,0,0,0000,2b04,0000,0000,0000,0000,0,2b04,2b04,0000,0,000,2b04,2b04
218,218,0,0000000000000000,80,0,0,2b04,800a,0,0000,2b04,0,2afc,0008,1,1,0,0,0000,2b04,0000,0000,0000,0000,0,2b04,2b04,0000,0,000,2b04,2b04
219,219,0,0000000000000000,80,0,0,2b04,800a,0,0000,2b04,0,2afc,0008,1,1,0,0,0000,2b04,0000,0000,0000,0000,0,2b04,2b04,0000,0,000,2b04,2b04
220,220,0,0000000000000000,80,0,0,2b04,800a,0,0000,2b04,0,2afc,0008,1,1,0,0,0000,2b04,0000,0000,0000,0000,0,2b04,2b04,0000,0,000,2b04,2b04
221,221,0,0000000000000000,80,0,0,2b04,800a,0,0000,2b04,0,2afc,0008,1,1,0,0,0000,2b04,0000,0000,0000,0000,0,2b04,2b04,0000,0,000,2b04,2b04
222,222,0,0000000000000000,80,0,0,2b04,800a,0,0000,2b04,0,2afc,0008,1,1,0,0,0000,2b04,0000,0000,0000,0000,0,2b04,2b04,0000,0,000,2b04,2b04
223,223,0,0000000000000000,80,0,0,2b04,800a,0,0000,2b04,0,2afc,0008,1,1,0,0,0000,2b04,0000,0000,0000,0000,0,2b04,2b04,0000,0,000,2b04,2b04
224,224,0,0000000000000000,80,0,0,2b04,800a,0,0000,2b04,0,2afc,0008,1,1,0,0,0000,2b04,0000,0000,0000,0000,0,2b04,2b04,0000,0,000,2b04,2b04
225,225,0,0000000000000000,80,0,0,2b04,800a,0,0000,2b04,0,2afc,0008,1,1,0,0,0000,2b04,0000,0000,0000,0000,0,2b04,2b04,0000,0,000,2b04,2b04
226,226,0,0000000000000000,80,0,0,2b04,800a,0,0000,2b04,0,2afc,0008,1,1,0,0,0000,2b04,0000,0000,0000,0000,0,2b04,2b04,0000,0,000,2b04,2b04
227,227,0,0000000000000000,80,0,0,2b04,800a,0,0000,2b04,0,2afc,0008,1,1,0,0,0000,2b04,0000,0000,0000,0000,0,2b04,2b04,0000,0,000,2b04,2b04
228,228,0,0000000000000000,80,0,0,2b04,800a,0,0000,2b04,0,2afc,0008,1,1,0,0,0000,2b04,0000,0000,0000,0000,0,2b04,2b04,0000,0,000,2b04,2b04
229,229,0,0000000000000000,80,0,0,2b04,800a,0,0000,2b04,0,2afc,0008,1,1,0,0,0000,2b04,0000,0000,0000,0000,0,2b04,2b04,0000,0,000,2b04,2b04
230,230,0,0000000000000000,80,0,0,2b04,800a,0,0000,2b04,0,2afc,0008,1,1,0,0,0000,2b04,0000,0000,0000,0000,0,2b04,2b04,0000,0,000,2b04,2b04
231,231,0,0000000000000000,80,0,0,2b04,800a,0,0000,2b04,0,2afc,0008,1,1,0,0,0000,2b04,0000,0000,0000,0000,0,2b04,2b04,0000,0,000,2b04,2b04
232,232,0,0000000000000000,80,0,0,2b04,800a,0,0000,2b04,0,2afc,0008,1,1,0,0,0000,2b04,0000,0000,0000,0000,0,2b04,2b04,0000,0,000,2b04,2b04
233,233,0,0000000000000000,80,0,0,2b04,800a,0,0000,2b04,0,2afc,0008,1,1,0,0,0000,2b04,0000,0000,0000,0000,0,2b04,2b04,0000,0,000,2b04,2b04
234,234,0,0000000000000000,80,0,0,2b04,800a,0,0000,2b04,0,2afc,0008,1,1,0,0,0000,2b04,0000,0000,0000,0000,0,2b04,2b04,0000,0,000,2b04,2b04
235,235,0,0000000000000000,80,0,0,2b04,800a,0,0000,2b04,0,2afc,0008,1,1,0,0,0000,2b04,0000,0000,0000,0000,0,2b04,2b04,0000,0,000,2b04,2b04
236,236,0,0000000000000000,80,0,0,2b04,800a,0,0000,2b04,0,2afc,0008,1,1,0,0,0000,2b04,0000,0000,0000,0000,0,2b04,2b04,0000,0,000,2b04,2b04
237,237,0,0000000000000000,80,0,0,2b04,800a,0,0000,2b04,0,2afc,0008,1,1,0,0,0000,2b04,0000,0000,0000,0000,0,2b04,2b04,0000,0,000,2b04,2b04
238,238,0,0000000000000000,80,0,0,2b04,800a,0,0000,2b04,0,2afc,0008,1,1,0,0,0000,2b04,0000,0000,0000,0000,0,2b04,2b04,0000,0,000,2b04,2b04
239,239,0,0000000000000000,80,0,0,2b04,800a,0,0000,2b04,0,2afc,0008,1,1,0,0,0000,2b04,0000,0000,0000,0000,0,2b04,2b04,0000,0,000,2b04,2b04
240,240,0,0000000000000000,80,0,0,2b04,800a,0,0000,2b04,0,2afc,0008,1,1,0,0,0000,2b04,0000,0000,0000,0000,0,2b04,2b04,0000,0,000,2b04,2b04
241,241,0,0000000000000000,80,0,0,2b04,800a,0,0000,2b04,0,2afc,0008,1,1,0,0,0000,2b04,0000,0000,0000,0000,0,2b04,2b04,0000,0,000,2b04,2b04
242,242,0,0000000000000000,80,0,0,2b04,800a,0,0000,2b04,0,2afc,0008,1,1,0,0,0000,2b04,0000,0000,0000,0000,0,2b04,2b04,0000,0,000,2b04,2b04
243,243,0,0000000000000000,80,0,0,2b04,800a,0,0000,2b04,0,2afc,0008,1,1,0,0,0000,2b04,0000,0000,0000,0000,0,2b04,2b04,0000,0,000,2b04,2b04
244,244,0,0000000000000000,80,0,0,2b04,800a,0,0000,2b04,0,2afc,0008,1,1,0,0,0000,2b04,0000,0000,0000,0000,0,2b04,2b04,0000,0,000,2b04,2b04
245,245,0,0000000000000000,80,0,0,2b04,800a,0,0000,2b04,0,2afc,0008,1,1,0,0,0000,2b04,0000,0000,0000,0000,0,2b04,2b04,0000,0,000,2b04,2b04
246,246,0,0000000000000000,80,0,0,2b04,800a,0,0000,2b04,0,2afc,0008,1,1,0,0,0000,2b04,0000,0000,0000,0000,0,2b04,2b04,0000,0,000,2b04,2b04
247,247,0,0000000000000000,80,0,0,2b04,800a,0,0000,2b04,0,2afc,0008,1,1,0,0,0000,2b04,0000,0000,0000,0000,0,2b04,2b04,0000,0,000,2b04,2b04
248,248,0,0000000000000000,80,0,0,2b04,800a,0,0000,2b04,0,2afc,0008,1,1,0,0,0000,2b04,0000,0000,0000,0000,0,2b04,2b04,0000,0,000,2b04,2b04
249,249,0,0000000000000000,80,0,0,2b04,800a,0,0000,2b04,0,2afc,0008,1,1,0,0,0000,2b04,0000,0000,0000,0000,0,2b04,2b04,0000,0,000,2b04,2b04
250,250,0,0000000000000000,80,0,0,2b04,800a,0,0000,2b04,0,2afc,0008,1,1,0,0,0000,2b04,0000,0000,0000,0000,0,2b04,2b04,0000,0,000,2b04,2b04
251,251,0,0000000000000000,80,0,0,2b04,800a,0,0000,2b04,0,2afc,0008,1,1,0,0,0000,2b04,0000,0000,0000,0000,0,2b04,2b04,0000,0,000,2b04,2b04
252,252,0,0000000000000000,80,0,0,2b04,800a,0,0000,2b04,0,2afc,0008,1,1,0,0,0000,2b04,0000,0000,0000,0000,0,2b04,2b04,0000,0,000,2b04,2b04
253,253,0,0000000000000000,80,0,0,2b04,800a,0,0000,2b04,0,2afc,0008,1,1,0,0,0000,2b04,0000,0000,0000,0000,0,2b04,2b04,0000,0,000,2b04,2b04
254,254,0,0000000000000000,80,0,0,2b04,800a,0,0000,2b04,0,2afc,0008,1,1,0,0,0000,2b04,0000,0000,0000,0000,0,2b04,2b04,0000,0,000,2b04,2b04
255,255,0,0000000000000000,80,0,0,2b04,800a,0,0000,2b04,0,2afc,0008,1,1,0,0,0000,2b04,0000,0000,0000,0000,0,2b04,2b04,0000,0,000,2b04,2b04
256,256,0,0000000000000000,80,0,0,2b04,800a,0,0000,2b04,0,2afc,0008,1,1,0,0,0000,2b04,0000,0000,0000,0000,0,2b04,2b04,0000,0,000,2b04,2b04
257,257,0,0000000000000000,80,0,0,2b04,800a,0,0000,2b04,0,2afc,0008,1,1,0,0,0000,2b04,0000,0000,0000,0000,0,2b04,2b04,0000,0,000,2b04,2b04
258,258,0,0000000000000000,80,0,0,2b04,800a,0,0000,2b04,0,2afc,0008,1,1,0,0,0000,2b04,0000,0000,0000,0000,0,2b04,2b04,0000,0,000,2b04,2b04
259,259,0,0000000000000000,80,0,0,2b04,800a,0,0000,2b04,0,2afc,0008,1,1,0,0,0000,2b04,0000,0000,0000,0000,0,2b04,2b04,0000,0,000,2b04,2b04
260,260,0,0000000000000000,80,0,0,2b04,800a,0,0000,2b04,0,2afc,0008,1,1,0,0,0000,2b04,0000,0000,0000,0000,0,2b04,2b04,0000,0,000,2b04,2b04
261,261,0,0000000000000000,80,0,0,2b04,800a,0,0000,2b04,0,2afc,0008,1,1,0,0,0000,2b04,0000,0000,0000,0000,0,2b04,2b04,0000,0,000,2b04,2b04
262,262,0,0000000000000000,80,0,0,2b04,800a,0,0000,2b04,0,2afc,0008,1,1,0,0,0000,2b04,0000,0000,0000,0000,0,2b04,2b04,0000,0,000,2b04,2b04
263,263,0,0000000000000000,80,0,0,2b04,800a,0,0000,2b04,0,2afc,0008,1,1,0,0,0000,2b04,0000,0000,0000,0000,0,2b04,2b04,0000,0,000,2b04,2b04
264,264,0,0000000000000000,80,0,0,2b04,800a,0,0000,2b04,0,2afc,0008,1,1,0,0,0000,2b04,0000,0000,0000,0000,0,2b04,2b04,0000,0,000,2b04,2b04
265,265,0,0000000000000000,80,0,0,2b04,800a,0,0000,2b04,0,2afc,0008,1,1,0,0,0000,2b04,0000,0000,0000,0000,0,2b04,2b04,0000,0,000,2b04,2b04
266,266,0,0000000000000000,80,0,0,2b04,800a,0,0000,2b04,0,2afc,0008,1,1,0,0,0000,2b04,0000,0000,0000,0000,0,2b04,2b04,0000,0,000,2b04,2b04
267,267,0,0000000000000000,80,0,0,2b04,800a,0,0000,2b04,0,2afc,0008,1,1,0,0,0000,2b04,0000,0000,0000,0000,0,2b04,2b04,0000,0,000,2b04,2b04
268,268,0,0000000000000000,80,0,0,2b04,800a,0,0000,2b04,0,2afc,0008,1,1,0,0,0000,2b04,0000,0000,0000,0000,0,2b04,2b04,0000,0,000,2b04,2b04
269,269,0,0000000000000000,80,0,0,2b04,800a,0,0000,2b04,0,2afc,0008,1,1,0,0,0000,2b04,0000,0000,0000,0000,0,2b04,2b04,0000,0,000,2b04,2b04
270,270,0,0000000000000000,80,0,0,2b04,800a,0,0000,2b04,0,2afc,0008,1,1,0,0,0000,2b04,0000,0000,0000,0000,0,2b04,2b04,0000,0,000,2b04,2b04
271,271,0,0000000000000000,80,0,0,2b04,800a,0,0000,2b04,0,2afc,0008,1,1,0,0,0000,2b04,0000,0000,0000,0000,0,2b04,2b04,0000,0,000,2b04,2b04
272,272,0,0000000000000000,80,0,0,2b04,800a,0,0000,2b04,0,2afc,0008,1,1,0,0,0000,2b04,0000,0000,0000,0000,0,2b04,2b04,0000,0,000,2b04,2b04
273,273,0,0000000000000000,80,0,0,2b04,800a,0,0000,2b04,0,2afc,0008,1,1,0,0,0000,2b04,0000,0000,0000,0000,0,2b04,2b04,0000,0,000,2b04,2b04
274,274,0,0000000000000000,80,0,0,2b04,800a,0,0000,2b04,0,2afc,0008,1,1,0,0,0000,2b04,0000,0000,0000,0000,0,2b04,2b04,0000,0,000,2b04,2b04
275,275,0,0000000000000000,80,0,0,2b04,800a,0,0000,2b04,0,2afc,0008,1,1,0,0,0000,2b04,0000,0000,0000,0000,0,2b04,2b04,0000,0,000,2b04,2b04
276,276,0,0000000000000000,80,0,0,2b04,800a,0,0000,2b04,0,2afc,0008,1,1,0,0,0000,2b04,0000,0000,0000,0000,0,2b04,2b04,0000,0,000,2b04,2b04
277,277,0,0000000000000000,80,0,0,2b04,800a,0,0000,2b04,0,2afc,0008,1,1,0,0,0000,2b04,0000,0000,0000,0000,0,2b04,2b04,0000,0,000,2b04,2b04
278,278,0,0000000000000000,80,0,0,2b04,800a,0,0000,2b04,0,2afc,0008,1,1,0,0,0000,2b04,0000,0000,0000,0000,0,2b04,2b04,0000,0,000,2b04,2b04
279,279,0,0000000000000000,80,0,0,2b04,800a,0,0000,2b04,0,2afc,0008,1,1,0,0,0000,2b04,0000,0000,0000,0000,0,2b04,2b04,0000,0,000,2b04,2b04
280,280,0,0000000000000000,80,0,0,2b04,800a,0,0000,2b04,0,2afc,0008,1,1,0,0,0000,2b04,0000,0000,0000,0000,0,2b04,2b04,0000,0,000,2b04,2b04
281,281,0,0000000000000000,80,0,0,2b04,800a,0,0000,2b04,0,2afc,0008,1,1,0,0,0000,2b04,0000,0000,0000,0000,0,2b04,2b04,0000,0,000,2b04,2b04
282,282,0,0000000000000000,80,0,0,2b04,800a,0,0000,2b04,0,2afc,0008,1,1,0,0,0000,2b04,0000,0000,0000,0000,0,2b04,2b04,0000,0,000,2b04,2b04
283,283,0,0000000000000000,80,0,0,2b04,800a,0,0000,2b04,0,2afc,0008,1,1,0,0,0000,2b04,0000,0000,0000,0000,0,2b04,2b04,0000,0,000,2b04,2b04
284,284,0,0000000000000000,80,0,0,2b04,800a,0,0000,2b04,0,2afc,0008,1,1,0,0,0000,2b04,0000,0000,0000,0000,0,2b04,2b04,0000,0,000,2b04,2b04
285,285,0,0000000000000000,80,0,0,2b04,800a,0,0000,2b04,0,2afc,0008,1,1,0,0,0000,2b04,0000,0000,0000,0000,0,2b04,2b04,0000,0,000,2b04,2b04
286,286,0,0000000000000000,80,0,0,2b04,800a,0,0000,2b04,0,2afc,0008,1,1,0,0,0000,2b04,0000,0000,0000,0000,0,2b04,2b04,0000,0,000,2b04,2b04
287,287,0,0000000000000000,80,0,0,2b04,800a,0,0000,2b04,0,2afc,0008,1,1,0,0,0000,2b04,0000,0000,0000,0000,0,2b04,2b04,0000,0,000,2b04,2b04
288,288,0,0000000000000000,80,0,0,2b04,800a,0,0000,2b04,0,2afc,0008,1,1,0,0,0000,2b04,0000,0000,0000,0000,0,2b04,2b04,0000,0,000,2b04,2b04
289,289,0,0000000000000000,80,0,0,2b04,800a,0,0000,2b04,0,2afc,0008,1,1,0,0,0000,2b04,0000,0000,0000,0000,0,2b04,2b04,0000,0,000,2b04,2b04
290,290,0,0000000000000000,80,0,0,2b04,800a,0,0000,2b04,0,2afc,0008,1,1,0,0,0000,2b04,0000,0000,0000,0000,0,2b04,2b04,0000,0,000,2b04,2b04
291,291,0,0000000000000000,80,0,0,2b04,800a,0,0000,2b04,0,2afc,0008,1,1,0,0,0000,2b04,0000,0000,0000,0000,0,2b04,2b04,0000,0,000,2b04,2b04
292,292,0,0000000000000000,80,0,0,2b04,800a,0,0000,2b04,0,2afc,0008,1,1,0,0,0000,2b04,0000,0000,0000,0000,0,2b04,2b04,0000,0,000,2b04,2b04
293,293,0,0000000000000000,80,0,0,2b04,800a,0,0000,2b04,0,2afc,0008,1,1,0,0,0000,2b04,0000,0000,0000,0000,0,2b04,2b04,0000,0,000,2b04,2b04
294,294,0,0000000000000000,80,0,0,2b04,800a,0,0000,2b04,0,2afc,0008,1,1,0,0,0000,2b04,0000,0000,0000,0000,0,2b04,2b04,0000,0,000,2b04,2b04
295,295,0,0000000000000000,80,0,0,2b04,800a,0,0000,2b04,0,2afc,0008,1,1,0,0,0000,2b04,0000,0000,0000,0000,0,2b04,2b04,0000,0,000,2b04,2b04
296,296,0,0000000000000000,80,0,0,2b04,800a,0,0000,2b04,0,2afc,0008,1,1,0,0,0000,2b04,0000,0000,0000,0000,0,2b04,2b04,0000,0,000,2b04,2b04
297,297,0,0000000000000000,80,0,0,2b04,800a,0,0000,2b04,0,2afc,0008,1,1,0,0,0000,2b04,0000,0000,0000,0000,0,2b04,2b04,0000,0,000,2b04,2b04
298,298,0,0000000000000000,80,0,0,2b04,800a,0,0000,2b04,0,2afc,0008,1,1,0,0,0000,2b04,0000,0000,0000,0000,0,2b04,2b04,0000,0,000,2b04,2b04
299,299,0,0000000000000000,80,0,0,2b04,800a,0,0000,2b04,0,2afc,0008,1,1,0,0,0000,2b04,0000,0000,0000,0000,0,2b04,2b04,0000,0,000,2b04,2b04
300,300,0,0000000000000000,80,0,0,2b04,800a,0,0000,2b04,0,2afc,0008,1,1,0,0,0000,2b04,0000,0000,0000,0000,0,2b04,2b04,0000,0,000,2b04,2b04
301,301,0,0000000000000000,80,0,0,2b04,800a,0,0000,2b04,0,2afc,0008,1,1,0,0,0000,2b04,0000,0000,0000,0000,0,2b04,2b04,0000,0,000,2b04,2b04
302,302,0,0000000000000000,80,0,0,2b04,800a,0,0000,2b04,0,2afc,0008,1,1,0,0,0000,2b04,0000,0000,0000,0000,0,2b04,2b04,0000,0,000,2b04,2b04
303,303,0,0000000000000000,80,0,0,2b04,800a,0,0000,2b04,0,2afc,0008,1,1,0,0,0000,2b04,0000,0000,0000,0000,0,2b04,2b04,0000,0,000,2b04,2b04
304,304,0,0000000000000000,80,0,0,2b04,800a,0,0000,2b04,0,2afc,0008,1,1,0,0,0000,2b04,0000,0000,0000,0000,0,2b04,2b04,0000,0,000,2b04,2b04
305,305,0,0000000000000000,80,0,0,2b04,800a,0,0000,2b04,0,2afc,0008,1,1,0,0,0000,2b04,0000,0000,0000,0000,0,2b04,2b04,0000,0,000,2b04,2b04
306,306,0,0000000000000000,80,0,0,2b04,800a,0,0000,2b04,0,2afc,0008,1,1,0,0,0000,2b04,0000,0000,0000,0000,0,2b04,2b04,0000,0,000,2b04,2b04
307,307,0,0000000000000000,80,0,0,2b04,800a,0,0000,2b04,0,2afc,0008,1,1,0,0,0000,2b04,0000,0000,0000,0000,0,2b04,2b04,0000,0,000,2b04,2b04
308,308,0,0000000000000000,80,0,0,2b04,800a,0,0000,2b04,0,2afc,0008,1,1,0,0,0000,2b04,0000,0000,0000,0000,0,2b04,2b04,0000,0,000,2b04,2b04
309,309,0,0000000000000000,80,0,0,2b04,800a,0,0000,2b04,0,2afc,0008,1,1,0,0,0000,2b04,0000,0000,0000,0000,0,2b04,2b04,0000,0,000,2b04,2b04
310,310,0,0000000000000000,80,0,0,2b04,800a,0,0000,2b04,0,2afc,0008,1,1,0,0,0000,2b04,0000,0000,0000,0000,0,2b04,2b04,0000,0,000,2b04,2b04
311,311,0,0000000000000000,80,0,0,2b04,800a,0,0000,2b04,0,2afc,0008,1,1,0,0,0000,2b04,0000,0000,0000,0000,0,2b04,2b04,0000,0,000,2b04,2b04
312,312,0,0000000000000000,80,0,0,2b04,800a,0,0000,2b04,0,2afc,0008,1,1,0,0,0000,2b04,0000,0000,0000,0000,0,2b04,2b04,0000,0,000,2b04,2b04
313,313,0,0000000000000000,80,0,0,2b04,800a,0,0000,2b04,0,2afc,0008,1,1,0,0,0000,2b04,0000,0000,0000,0000,0,2b04,2b04,0000,0,000,2b04,2b04
314,314,0,0000000000000000,80,0,0,2b04,800a,0,0000,2b04,0,2afc,0008,1,1,0,0,0000,2b04,0000,0000,0000,0000,0,2b04,2b04,0000,0,000,2b04,2b04
315,315,0,0000000000000000,80,0,0,2b04,800a,0,0000,2b04,0,2afc,0008,1,1,0,0,0000,2b04,0000,0000,0000,0000,0,2b04,2b04,0000,0,000,2b04,2b04
316,316,0,0000000000000000,80,0,0,2b04,800a,0,0000,2b04,0,2afc,0008,1,1,0,0,0000,2b04,0000,0000,0000,0000,0,2b04,2b04,0000,0,000,2b04,2b04
317,317,0,0000000000000000,80,0,0,2b04,800a,0,0000,2b04,0,2afc,0008,1,1,0,0,0000,2b04,0000,0000,0000,0000,0,2b04,2b04,0000,0,000,2b04,2b04
318,318,0,0000000000000000,80,0,0,2b04,800a,0,0000,2b04,0,2afc,0008,1,1,0,0,0000,2b04,0000,0000,0000,0000,0,2b04,2b04,0000,0,000,2b04,2b04
319,319,0,0000000000000000,80,0,0,2b04,800a,0,0000,2b04,0,2afc,0008,1,1,0,0,0000,2b04,0000,0000,0000,0000,0,2b04,2b04,0000,0,000,2b04,2b04
320,320,0,0000000000000000,80,0,0,2b04,800a,0,0000,2b04,0,2afc,0008,1,1,0,0,0000,2b04,0000,0000,0000,0000,0,2b04,2b04,0000,0,000,2b04,2b04
321,321,0,0000000000000000,80,0,0,2b04,800a,0,0000,2b04,0,2afc,0008,1,1,0,0,0000,2b04,0000,0000,0000,0000,0,2b04,2b04,0000,0,000,2b04,2b04
322,322,0,0000000000000000,80,0,0,2b04,800a,0,0000,2b04,0,2afc,0008,1,1,0,0,0000,2b04,0000,0000,0000,0000,0,2b04,2b04,0000,0,000,2b04,2b04
323,323,0,0000000000000000,80,0,0,2b04,800a,0,0000,2b04,0,2afc,0008,1,1,0,0,0000,2b04,0000,0000,0000,0000,0,2b04,2b04,0000,0,000,2b04,2b04
324,324,0,0000000000000000,80,0,0,2b04,800a,0,0000,2b04,0,2afc,0008,1,1,0,0,0000,2b04,0000,0000,0000,0000,0,2b04,2b04,0000,0,000,2b04,2b04
325,325,0,0000000000000000,80,0,0,2b04,800a,0,0000,2b04,0,2afc,0008,1,1,0,0,0000,2b04,0000,0000,0000,0000,0,2b04,2b04,0000,0,000,2b04,2b04
326,326,0,0000000000000000,80,0,0,2b04,800a,0,0000,2b04,0,2afc,0008,1,1,0,0,0000,2b04,0000,0000,0000,0000,0,2b04,2b04,0000,0,000,2b04,2b04
327,327,0,0000000000000000,80,0,0,2b04,800a,0,0000,2b04,0,2afc,0008,1,1,0,0,0000,2b04,0000,0000,0000,0000,0,2b04,2b04,0000,0,000,2b04,2b04
328,328,0,0000000000000000,80,0,0,2b04,800a,0,0000,2b04,0,2afc,0008,1,1,0,0,0000,2b04,0000,0000,0000,0000,0,2b04,2b04,0000,0,000,2b04,2b04
329,329,0,0000000000000000,80,0,0,2b04,800a,0,0000,2b04,0,2afc,0008,1,1,0,0,0000,2b04,0000,0000,0000,0000,0,2b04,2b04,0000,0,000,2b04,2b04
330,330,0,0000000000000000,80,0,0,2b04,800a,0,0000,2b04,0,2afc,0008,1,1,0,0,0000,2b04,0000,0000,0000,0000,0,2b04,2b04,0000,0,000,2b04,2b04
331,331,0,0000000000000000,80,0,0,2b04,800a,0,0000,2b04,0,2afc,0008,1,1,0,0,0000,2b04,0000,0000,0000,0000,0,2b04,2b04,0000,0,000,2b04,2b04
332,332,0,0000000000000000,80,0,0,2b04,800a,0,0000,2b04,0,2afc,0008,1,1,0,0,0000,2b04,0000,0000,0000,0000,0,2b04,2b04,0000,0,000,2b04,2b04
333,333,0,0000000000000000,80,0,0,2b04,800a,0,0000,2b04,0,2afc,0008,1,1,0,0,0000,2b04,0000,0000,0000,0000,0,2b04,2b04,0000,0,000,2b04,2b04
334,334,0,0000000000000000,80,0,0,2b04,800a,0,0000,2b04,0,2afc,0008,1,1,0,0,0000,2b04,0000,0000,0000,0000,0,2b04,2b04,0000,0,000,2b04,2b04
335,335,0,0000000000000000,80,0,0,2b04,800a,0,0000,2b04,0,2afc,0008,1,1,0,0,0000,2b04,0000,0000,0000,0000,0,2b04,2b04,0000,0,000,2b04,2b04
336,336,0,0000000000000000,80,0,0,2b04,800a,0,0000,2b04,0,2afc,0008,1,1,0,0,0000,2b04,0000,0000,0000,0000,0,2b04,2b04,0000,0,000,2b04,2b04
337,337,0,0000000000000000,80,0,0,2b04,800a,0,0000,2b04,0,2afc,0008,1,1,0,0,0000,2b04,0000,0000,0000,0000,0,2b04,2b04,0000,0,000,2b04,2b04
338,338,0,0000000000000000,80,0,0,2b04,800a,0,0000,2b04,0,2afc,0008,1,1,0,0,0000,2b04,0000,0000,0000,0000,0,2b04,2b04,0000,0,000,2b04,2b04
339,339,0,0000000000000000,80,0,0,2b04,800a,0,0000,2b04,0,2afc,0008,1,1,0,0,0000,2b04,0000,0000,0000,0000,0,2b04,2b04,0000,0,000,2b04,2b04
340,340,0,0000000000000000,80,0,0,2b04,800a,0,0000,2b04,0,2afc,0008,1,1,0,0,0000,2b04,0000,0000,0000,0000,0,2b04,2b04,0000,0,000,2b04,2b04
341,341,0,0000000000000000,80,0,0,2b04,800a,0,0000,2b04,0,2afc,0008,1,1,0,0,0000,2b04,0000,0000,0000,0000,0,2b04,2b04,0000,0,000,2b04,2b04
342,342,0,0000000000000000,80,0,0,2b04,800a,0,0000,2b04,0,2afc,0008,1,1,0,0,0000,2b04,0000,0000,0000,0000,0,2b04,2b04,0000,0,000,2b04,2b04
343,343,0,0000000000000000,80,0,0,2b04,800a,0,0000,2b04,0,2afc,0008,1,1,0,0,0000,2b04,0000,0000,0000,0000,0,2b04,2b04,0000,0,000,2b04,2b04
344,344,0,0000000000000000,80,0,0,2b04,800a,0,0000,2b04,0,2afc,0008,1,1,0,0,0000,2b04,0000,0000,0000,0000,0,2b04,2b04,0000,0,000,2b04,2b04
345,345,0,0000000000000000,80,0,0,2b04,800a,0,0000,2b04,0,2afc,0008,1,1,0,0,0000,2b04,0000,0000,0000,0000,0,2b04,2b04,0000,0,000,2b04,2b04
346,346,0,0000000000000000,80,0,0,2b04,800a,0,0000,2b04,0,2afc,0008,1,1,0,0,0000,2b04,0000,0000,0000,0000,0,2b04,2b04,0000,0,000,2b04,2b04
347,347,0,0000000000000000,80,0,0,2b04,800a,0,0000,2b04,0,2afc,0008,1,1,0,0,0000,2b04,0000,0000,0000,0000,0,2b04,2b04,0000,0,000,2b04,2b04
348,348,0,0000000000000000,80,0,0,2b04,800a,0,0000,2b04,0,2afc,0008,1,1,0,0,0000,2b04,0000,0000,0000,0000,0,2b04,2b04,0000,0,000,2b04,2b04
349,349,0,0000000000000000,80,0,0,2b04,800a,0,0000,2b04,0,2afc,0008,1,1,0,0,0000,2b04,0000,0000,0000,0000,0,2b04,2b04,0000,0,000,2b04,2b04
350,350,0,0000000000000000,80,0,0,2b04,800a,0,0000,2b04,0,2afc,0008,1,1,0,0,0000,2b04,0000,0000,0000,0000,0,2b04,2b04,0000,0,000,2b04,2b04
351,351,0,0000000000000000,80,0,0,2b04,800a,0,0000,2b04,0,2afc,0008,1,1,0,0,0000,2b04,0000,0000,0000,0000,0,2b04,2b04,0000,0,000,2b04,2b04
352,352,0,0000000000000000,80,0,0,2b04,800a,0,0000,2b04,0,2afc,0008,1,1,0,0,0000,2b04,0000,0000,0000,0000,0,2b04,2b04,0000,0,000,2b04,2b04
353,353,0,0000000000000000,80,0,0,2b04,800a,0,0000,2b04,0,2afc,0008,1,1,0,0,0000,2b04,0000,0000,0000,0000,0,2b04,2b04,0000,0,000,2b04,2b04
354,354,0,0000000000000000,80,0,0,2b04,800a,0,0000,2b04,0,2afc,0008,1,1,0,0,0000,2b04,0000,0000,0000,0000,0,2b04,2b04,0000,0,000,2b04,2b04
355,355,0,0000000000000000,80,0,0,2b04,800a,0,0000,2b04,0,2afc,0008,1,1,0,0,0000,2b04,0000,0000,0000,0000,0,2b04,2b04,0000,0,000,2b04,2b04
356,356,0,0000000000000000,80,0,0,2b04,800a,0,0000,2b04,0,2afc,0008,1,1,0,0,0000,2b04,0000,0000,0000,0000,0,2b04,2b04,0000,0,000,2b04,2b04
357,357,0,0000000000000000,80,0,0,2b04,800a,0,0000,2b04,0,2afc,0008,1,1,0,0,0000,2b04,0000,0000,0000,0000,0,2b04,2b04,0000,0,000,2b04,2b04
358,358,0,0000000000000000,80,0,0,2b04,800a,0,0000,2b04,0,2afc,0008,1,1,0,0,0000,2b04,0000,0000,0000,0000,0,2b04,2b04,0000,0,000,2b04,2b04
359,359,0,0000000000000000,80,0,0,2b04,800a,0,0000,2b04,0,2afc,0008,1,1,0,0,0000,2b04,0000,0000,0000,0000,0,2b04,2b04,0000,0,000,2b04,2b04
360,360,0,0000000000000000,80,0,0,2b04,800a,0,0000,2b04,0,2afc,0008,1,1,0,0,0000,2b04,0000,0000,0000,0000,0,2b04,2b04,0000,0,000,2b04,2b04
361,361,0,0000000000000000,80,0,0,2b04,800a,0,0000,2b04,0,2afc,0008,1,1,0,0,0000,2b04,0000,0000,0000,0000,0,2b04,2b04,0000,0,000,2b04,2b04
362,362,0,0000000000000000,80,0,0,2b04,800a,0,0000,2b04,0,2afc,0008,1,1,0,0,0000,2b04,0000,0000,0000,0000,0,2b04,2b04,0000,0,000,2b04,2b04
363,363,0,0000000000000000,80,0,0,2b04,800a,0,0000,2b04,0,2afc,0008,1,1,0,0,0000,2b04,0000,0000,0000,0000,0,2b04,2b04,0000,0,000,2b04,2b04
364,364,0,0000000000000000,80,0,0,2b04,800a,0,0000,2b04,0,2afc,0008,1,1,0,0,0000,2b04,0000,0000,0000,0000,0,2b04,2b04,0000,0,000,2b04,2b04
365,365,0,0000000000000000,80,0,0,2b04,800a,0,0000,2b04,0,2afc,0008,1,1,0,0,0000,2b04,0000,0000,0000,0000,0,2b04,2b04,0000,0,000,2b04,2b04
366,366,0,0000000000000000,80,0,0,2b04,800a,0,0000,2b04,0,2afc,0008,1,1,0,0,0000,2b04,0000,0000,0000,0000,0,2b04,2b04,0000,0,000,2b04,2b04
367,367,0,0000000000000000,80,0,0,2b04,800a,0,0000,2b04,0,2afc,0008,1,1,0,0,0000,2b04,0000,0000,0000,0000,0,2b04,2b04,0000,0,000,2b04,2b04
368,368,0,0000000000000000,80,0,0,2b04,800a,0,0000,2b04,0,2afc,0008,1,1,0,0,0000,2b04,0000,0000,0000,0000,0,2b04,2b04,0000,0,000,2b04,2b04
369,369,0,0000000000000000,80,0,0,2b04,800a,0,0000,2b04,0,2afc,0008,1,1,0,0,0000,2b04,0000,0000,0000,0000,0,2b04,2b04,0000,0,000,2b04,2b04
370,370,0,0000000000000000,80,0,0,2b04,800a,0,0000,2b04,0,2afc,0008,1,1,0,0,0000,2b04,0000,0000,0000,0000,0,2b04,2b04,0000,0,000,2b04,2b04
371,371,0,0000000000000000,80,0,0,2b04,800a,0,0000,2b04,0,2afc,0008,1,1,0,0,0000,2b04,0000,0000,0000,0000,0,2b04,2b04,0000,0,000,2b04,2b04
372,372,0,0000000000000000,80,0,0,2b04,800a,0,0000,2b04,0,2afc,0008,1,1,0,0,0000,2b04,0000,0000,0000,0000,0,2b04,2b04,0000,0,000,2b04,2b04
373,373,0,0000000000000000,80,0,0,2b04,800a,0,0000,2b04,0,2afc,0008,1,1,0,0,0000,2b04,0000,0000,0000,0000,0,2b04,2b04,0000,0,000,2b04,2b04
374,374,0,0000000000000000,80,0,0,2b04,800a,0,0000,2b04,0,2afc,0008,1,1,0,0,0000,2b04,0000,0000,0000,0000,0,2b04,2b04,0000,0,000,2b04,2b04
375,375,0,0000000000000000,80,0,0,2b04,800a,0,0000,2b04,0,2afc,0008,1,1,0,0,0000,2b04,0000,0000,0000,0000,0,2b04,2b04,0000,0,000,2b04,2b04
376,376,0,0000000000000000,80,0,0,2b04,800a,0,0000,2b04,0,2afc,0008,1,1,0,0,0000,2b04,0000,0000,0000,0000,0,2b04,2b04,0000,0,000,2b04,2b04
377,377,0,0000000000000000,80,0,0,2b04,800a,0,0000,2b04,0,2afc,0008,1,1,0,0,0000,2b04,0000,0000,0000,0000,0,2b04,2b04,0000,0,000,2b04,2b04
378,378,0,0000000000000000,80,0,0,2b04,800a,0,0000,2b04,0,2afc,0008,1,1,0,0,0000,2b04,0000,0000,0000,0000,0,2b04,2b04,0000,0,000,2b04,2b04
379,379,0,0000000000000000,80,0,0,2b04,800a,0,0000,2b04,0,2afc,0008,1,1,0,0,0000,2b04,0000,0000,0000,0000,0,2b04,2b04,0000,0,000,2b04,2b04
380,380,0,0000000000000000,80,0,0,2b04,800a,0,0000,2b04,0,2afc,0008,1,1,0,0,0000,2b04,0000,0000,0000,0000,0,2b04,2b04,0000,0,000,2b04,2b04
381,381,0,0000000000000000,80,0,0,2b04,800a,0,0000,2b04,0,2afc,0008,1,1,0,0,0000,2b04,0000,0000,0000,0000,0,2b04,2b04,0000,0,000,2b04,2b04
382,382,0,0000000000000000,80,0,0,2b04,800a,0,0000,2b04,0,2afc,0008,1,1,0,0,0000,2b04,0000,0000,0000,0000,0,2b04,2b04,0000,0,000,2b04,2b04
383,383,0,0000000000000000,80,0,0,2b04,800a,0,0000,2b04,0,2afc,0008,1,1,0,0,0000,2b04,0000,0000,0000,0000,0,2b04,2b04,0000,0,000,2b04,2b04
384,384,0,0000000000000000,80,0,0,2b04,800a,0,0000,2b04,0,2afc,0008,1,1,0,0,0000,2b04,0000,0000,0000,0000,0,2b04,2b04,0000,0,000,2b04,2b04
385,385,0,0000000000000000,80,0,0,2b04,800a,0,0000,2b04,0,2afc,0008,1,1,0,0,0000,2b04,0000,0000,0000,0000,0,2b04,2b04,0000,0,000,2b04,2b04
386,386,0,0000000000000000,80,0,0,2b04,800a,0,0000,2b04,0,2afc,0008,1,1,0,0,0000,2b04,0000,0000,0000,0000,0,2b04,2b04,0000,0,000,2b04,2b04
387,387,0,0000000000000000,80,0,0,2b04,800a,0,0000,2b04,0,2afc,0008,1,1,0,0,0000,2b04,0000,0000,0000,0000,0,2b04,2b04,0000,0,000,2b04,2b04
388,388,0,0000000000000000,80,0,0,2b04,800a,0,0000,2b04,0,2afc,0008,1,1,0,0,0000,2b04,0000,0000,0000,0000,0,2b04,2b04,0000,0,000,2b04,2b04
389,389,0,0000000000000000,80,0,0,2b04,800a,0,0000,2b04,0,2afc,0008,1,1,0,0,0000,2b04,0000,0000,0000,0000,0,2b04,2b04,0000,0,000,2b04,2b04
390,390,0,0000000000000000,80,0,0,2b04,800a,0,0000,2b04,0,2afc,0008,1,1,0,0,0000,2b04,0000,0000,0000,0000,0,2b04,2b04,0000,0,000,2b04,2b04
391,391,0,0000000000000000,80,0,0,2b04,800a,0,0000,2b04,0,2afc,0008,1,1,0,0,0000,2b04,0000,0000,0000,0000,0,2b04,2b04,0000,0,000,2b04,2b04
392,392,0,0000000000000000,80,0,0,2b04,800a,0,0000,2b04,0,2afc,0008,1,1,0,0,0000,2b04,0000,0000,0000,0000,0,2b04,2b04,0000,0,000,2b04,2b04
393,393,0,0000000000000000,80,0,0,2b04,800a,0,0000,2b04,0,2afc,0008,1,1,0,0,0000,2b04,0000,0000,0000,0000,0,2b04,2b04,0000,0,000,2b04,2b04
394,394,0,0000000000000000,80,0,0,2b04,800a,0,0000,2b04,0,2afc,0008,1,1,0,0,0000,2b04,0000,0000,0000,0000,0,2b04,2b04,0000,0,000,2b04,2b04
395,395,0,0000000000000000,80,0,0,2b04,800a,0,0000,2b04,0,2afc,0008,1,1,0,0,0000,2b04,0000,0000,0000,0000,0,2b04,2b04,0000,0,000,2b04,2b04
396,396,0,0000000000000000,80,0,0,2b04,800a,0,0000,2b04,0,2afc,0008,1,1,0,0,0000,2b04,0000,0000,0000,0000,0,2b04,2b04,0000,0,000,2b04,2b04
397,397,0,0000000000000000,80,0,0,2b04,800a,0,0000,2b04,0,2afc,0008,1,1,0,0,0000,2b04,0000,0000,0000,0000,0,2b04,2b04,0000,0,000,2b04,2b04
398,398,0,0000000000000000,80,0,0,2b04,800a,0,0000,2b04,0,2afc,0008,1,1,0,0,0000,2b04,0000,0000,0000,0000,0,2b04,2b04,0000,0,000,2b04,2b04
399,399,0,0000000000000000,80,0,0,2b04,800a,0,0000,2b04,0,2afc,0008,1,1,0,0,0000,2b04,0000,0000,0000,0000,0,2b04,2b04,0000,0,000,2b04,2b04
400,400,0,0000000000000000,80,0,0,2b04,800a,0,0000,2b04,0,2afc,0008,1,1,0,0,0000,2b04,0000,0000,0000,0000,0,2b04,2b04,0000,0,000,2b04,2b04
401,401,0,0000000000000000,80,0,0,2b04,800a,0,0000,2b04,0,2afc,0008,1,1,0,0,0000,2b04,0000,0000,0000,0000,0,2b04,2b04,0000,0,000,2b04,2b04
402,402,0,0000000000000000,80,0,0,2b04,800a,0,0000,2b04,0,2afc,0008,1,1,0,0,0000,2b04,0000,0000,0000,0000,0,2b04,2b04,0000,0,000,2b04,2b04
403,403,0,0000000000000000,80,0,0,2b04,800a,0,0000,2b04,0,2afc,0008,1,1,0,0,0000,2b04,0000,0000,0000,0000,0,2b04,2b04,0000,0,000,2b04,2b04
404,404,0,0000000000000000,80,0,0,2b04,800a,0,0000,2b04,0,2afc,0008,1,1,0,0,0000,2b04,0000,0000,0000,0000,0,2b04,2b04,0000,0,000,2b04,2b04
405,405,0,0000000000000000,80,0,0,2b04,800a,0,0000,2b04,0,2afc,0008,1,1,0,0,0000,2b04,0000,0000,0000,0000,0,2b04,2b04,0000,0,000,2b04,2b04
406,406,0,0000000000000000,80,0,0,2b04,800a,0,0000,2b04,0,2afc,0008,1,1,0,0,0000,2b04,0000,0000,0000,0000,0,2b04,2b04,0000,0,000,2b04,2b04
407,407,0,0000000000000000,80,0,0,2b04,800a,0,0000,2b04,0,2afc,0008,1,1,0,0,0000,2b04,0000,0000,0000,0000,0,2b04,2b04,0000,0,000,2b04,2b04
408,408,0,0000000000000000,80,0,0,2b04,800a,0,0000,2b04,0,2afc,0008,1,1,0,0,0000,2b04,0000,0000,0000,0000,0,2b04,2b04,0000,0,000,2b04,2b04
409,409,0,0000000000000000,80,0,0,2b04,800a,0,0000,2b04,0,2afc,0008,1,1,0,0,0000,2b04,0000,0000,0000,0000,0,2b04,2b04,0000,0,000,2b04,2b04
410,410,0,0000000000000000,80,0,0,2b04,800a,0,0000,2b04,0,2afc,0008,1,1,0,0,0000,2b04,0000,0000,0000,0000,0,2b04,2b04,0000,0,000,2b04,2b04
411,411,0,0000000000000000,80,0,0,2b04,800a,0,0000,2b04,0,2afc,0008,1,1,0,0,0000,2b04,0000,0000,0000,0000,0,2b04,2b04,0000,0,000,2b04,2b04
412,412,0,0000000000000000,80,0,0,2b04,800a,0,0000,2b04,0,2afc,0008,1,1,0,0,0000,2b04,0000,0000,0000,0000,0,2b04,2b04,0000,0,000,2b04,2b04
413,413,0,0000000000000000,80,0,0,2b04,800a,0,0000,2b04,0,2afc,0008,1,1,0,0,0000,2b04,0000,0000,0000,0000,0,2b04,2b04,0000,0,000,2b04,2b04
414,414,0,0000000000000000,80,0,0,2b04,800a,0,0000,2b04,0,2afc,0008,1,1,0,0,0000,2b04,0000,0000,0000,0000,0,2b04,2b04,0000,0,000,2b04,2b04
415,415,0,0000000000000000,80,0,0,2b04,800a,0,0000,2b04,0,2afc,0008,1,1,0,0,0000,2b04,0000,0000,0000,0000,0,2b04,2b04,0000,0,000,2b04,2b04
416,416,0,0000000000000000,80,0,0,2b04,800a,0,0000,2b04,0,2afc,0008,1,1,0,0,0000,2b04,0000,0000,0000,0000,0,2b04,2b04,0000,0,000,2b04,2b04
417,417,0,0000000000000000,80,0,0,2b04,800a,0,0000,2b04,0,2afc,0008,1,1,0,0,0000,2b04,0000,0000,0000,0000,0,2b04,2b04,0000,0,000,2b04,2b04
418,418,0,0000000000000000,80,0,0,2b04,800a,0,0000,2b04,0,2afc,0008,1,1,0,0,0000,2b04,0000,0000,0000,0000,0,2b04,2b04,0000,0,000,2b04,2b04
419,419,0,0000000000000000,80,0,0,2b04,800a,0,0000,2b04,0,2afc,0008,1,1,0,0,0000,2b04,0000,0000,0000,0000,0,2b04,2b04,0000,0,000,2b04,2b04
420,420,0,0000000000000000,80,0,0,2b04,800a,0,0000,2b04,0,2afc,0008,1,1,0,0,0000,2b04,0000,0000,0000,0000,0,2b04,2b04,0000,0,000,2b04,2b04
421,421,0,0000000000000000,80,0,0,2b04,800a,0,0000,2b04,0,2afc,0008,1,1,0,0,0000,2b04,0000,0000,0000,0000,0,2b04,2b04,0000,0,000,2b04,2b04
422,422,0,0000000000000000,80,0,0,2b04,800a,0,0000,2b04,0,2afc,0008,1,1,0,0,0000,2b04,0000,0000,0000,0000,0,2b04,2b04,0000,0,000,2b04,2b04
423,423,0,0000000000000000,80,0,0,2b04,800a,0,0000,2b04,0,2afc,0008,1,1,0,0,0000,2b04,0000,0000,0000,0000,0,2b04,2b04,0000,0,000,2b04,2b04
424,424,0,0000000000000000,80,0,0,2b04,800a,0,0000,2b04,0,2afc,0008,1,1,0,0,0000,2b04,0000,0000,0000,0000,0,2b04,2b04,0000,0,000,2b04,2b04
425,425,0,0000000000000000,80,0,0,2b04,800a,0,0000,2b04,0,2afc,0008,1,1,0,0,0000,2b04,0000,0000,0000,0000,0,2b04,2b04,0000,0,000,2b04,2b04
426,426,0,0000000000000000,80,0,0,2b04,800a,0,0000,2b04,0,2afc,0008,1,1,0,0,0000,2b04,0000,0000,0000,0000,0,2b04,2b04,0000,0,000,2b04,2b04
427,427,0,0000000000000000,80,0,0,2b04,800a,0,0000,2b04,0,2afc,0008,1,1,0,0,0000,2b04,0000,0000,0000,0000,0,2b04,2b04,0000,0,000,2b04,2b04
428,428,0,0000000000000000,80,0,0,2b04,800a,0,0000,2b04,0,2afc,0008,1,1,0,0,0000,2b04,0000,0000,0000,0000,0,2b04,2b04,0000,0,000,2b04,2b04
429,429,0,0000000000000000,80,0,0,2b04,800a,0,0000,2b04,0,2afc,0008,1,1,0,0,0000,2b04,0000,0000,0000,0000,0,2b04,2b04,0000,0,000,2b04,2b04
430,430,0,0000000000000000,80,0,0,2b04,800a,0,0000,2b04,0,2afc,0008,1,1,0,0,0000,2b04,0000,0000,0000,0000,0,2b04,2b04,0000,0,000,2b04,2b04
431,431,0,0000000000000000,80,0,0,2b04,800a,0,0000,2b04,0,2afc,0008,1,1,0,0,0000,2b04,0000,0000,0000,0000,0,2b04,2b04,0000,0,000,2b04,2b04
432,432,0,0000000000000000,80,0,0,2b04,800a,0,0000,2b04,0,2afc,0008,1,1,0,0,0000,2b04,0000,0000,0000,0000,0,2b04,2b04,0000,0,000,2b04,2b04
433,433,0,0000000000000000,80,0,0,2b04,800a,0,0000,2b04,0,2afc,0008,1,1,0,0,0000,2b04,0000,0000,0000,0000,0,2b04,2b04,0000,0,000,2b04,2b04
434,434,0,0000000000000000,80,0,0,2b04,800a,0,0000,2b04,0,2afc,0008,1,1,0,0,0000,2b04,0000,0000,0000,0000,0,2b04,2b04,0000,0,000,2b04,2b04
435,435,0,0000000000000000,80,0,0,2b04,800a,0,0000,2b04,0,2afc,0008,1,1,0,0,0000,2b04,0000,0000,0000,0000,0,2b04,2b04,0000,0,000,2b04,2b04
436,436,0,0000000000000000,80,0,0,2b04,800a,0,0000,2b04,0,2afc,0008,1,1,0,0,0000,2b04,0000,0000,0000,0000,0,2b04,2b04,0000,0,000,2b04,2b04
437,437,0,0000000000000000,80,0,0,2b04,800a,0,0000,2b04,0,2afc,0008,1,1,0,0,0000,2b04,0000,0000,0000,0000,0,2b04,2b04,0000,0,000,2b04,2b04
438,438,0,0000000000000000,80,0,0,2b04,800a,0,0000,2b04,0,2afc,0008,1,1,0,0,0000,2b04,0000,0000,0000,0000,0,2b04,2b04,0000,0,000,2b04,2b04
439,439,0,0000000000000000,80,0,0,2b04,800a,0,0000,2b04,0,2afc,0008,1,1,0,0,0000,2b04,0000,0000,0000,0000,0,2b04,2b04,0000,0,000,2b04,2b04
440,440,0,0000000000000000,80,0,0,2b04,800a,0,0000,2b04,0,2afc,0008,1,1,0,0,0000,2b04,0000,0000,0000,0000,0,2b04,2b04,0000,0,000,2b04,2b04
441,441,0,0000000000000000,80,0,0,2b04,800a,0,0000,2b04,0,2afc,0008,1,1,0,0,0000,2b04,0000,0000,0000,0000,0,2b04,2b04,0000,0,000,2b04,2b04
442,442,0,0000000000000000,80,0,0,2b04,800a,0,0000,2b04,0,2afc,0008,1,1,0,0,0000,2b04,0000,0000,0000,0000,0,2b04,2b04,0000,0,000,2b04,2b04
443,443,0,0000000000000000,80,0,0,2b04,800a,0,0000,2b04,0,2afc,0008,1,1,0,0,0000,2b04,0000,0000,0000,0000,0,2b04,2b04,0000,0,000,2b04,2b04
444,444,0,0000000000000000,80,0,0,2b04,800a,0,0000,2b04,0,2afc,0008,1,1,0,0,0000,2b04,0000,0000,0000,0000,0,2b04,2b04,0000,0,000,2b04,2b04
445,445,0,0000000000000000,80,0,0,2b04,800a,0,0000,2b04,0,2afc,0008,1,1,0,0,0000,2b04,0000,0000,0000,0000,0,2b04,2b04,0000,0,000,2b04,2b04
446,446,0,0000000000000000,80,0,0,2b04,800a,0,0000,2b04,0,2afc,0008,1,1,0,0,0000,2b04,0000,0000,0000,0000,0,2b04,2b04,0000,0,000,2b04,2b04
447,447,0,0000000000000000,80,0,0,2b04,800a,0,0000,2b04,0,2afc,0008,1,1,0,0,0000,2b04,0000,0000,0000,0000,0,2b04,2b04,0000,0,000,2b04,2b04
448,448,0,0000000000000000,80,0,0,2b04,800a,0,0000,2b04,0,2afc,0008,1,1,0,0,0000,2b04,0000,0000,0000,0000,0,2b04,2b04,0000,0,000,2b04,2b04
449,449,0,0000000000000000,80,0,0,2b04,800a,0,0000,2b04,0,2afc,0008,1,1,0,0,0000,2b04,0000,0000,0000,0000,0,2b04,2b04,0000,0,000,2b04,2b04
450,450,0,0000000000000000,80,0,0,2b04,800a,0,0000,2b04,0,2afc,0008,1,1,0,0,0000,2b04,0000,0000,0000,0000,0,2b04,2b04,0000,0,000,2b04,2b04
451,451,0,0000000000000000,80,0,0,2b04,800a,0,0000,2b04,0,2afc,0008,1,1,0,0,0000,2b04,0000,0000,0000,0000,0,2b04,2b04,0000,0,000,2b04,2b04
452,452,0,0000000000000000,80,0,0,2b04,800a,0,0000,2b04,0,2afc,0008,1,1,0,0,0000,2b04,0000,0000,0000,0000,0,2b04,2b04,0000,0,000,2b04,2b04
453,453,0,0000000000000000,80,0,0,2b04,800a,0,0000,2b04,0,2afc,0008,1,1,0,0,0000,2b04,0000,0000,0000,0000,0,2b04,2b04,0000,0,000,2b04,2b04
454,454,0,0000000000000000,80,0,0,2b04,800a,0,0000,2b04,0,2afc,0008,1,1,0,0,0000,2b04,0000,0000,0000,0000,0,2b04,2b04,0000,0,000,2b04,2b04
455,455,0,0000000000000000,80,0,0,2b04,800a,0,0000,2b04,0,2afc,0008,1,1,0,0,0000,2b04,0000,0000,0000,0000,0,2b04,2b04,0000,0,000,2b04,2b04
456,456,0,0000000000000000,80,0,0,2b04,800a,0,0000,2b04,0,2afc,0008,1,1,0,0,0000,2b04,0000,0000,0000,0000,0,2b04,2b04,0000,0,000,2b04,2b04
457,457,0,0000000000000000,80,0,0,2b04,800a,0,0000,2b04,0,2afc,0008,1,1,0,0,0000,2b04,0000,0000,0000,0000,0,2b04,2b04,0000,0,000,2b04,2b04
458,458,0,0000000000000000,80,0,0,2b04,800a,0,0000,2b04,0,2afc,0008,1,1,0,0,0000,2b04,0000,0000,0000,0000,0,2b04,2b04,0000,0,000,2b04,2b04
459,459,0,0000000000000000,80,0,0,2b04,800a,0,0000,2b04,0,2afc,0008,1,1,0,0,0000,2b04,0000,0000,0000,0000,0,2b04,2b04,0000,0,000,2b04,2b04
460,460,0,0000000000000000,80,0,0,2b04,800a,0,0000,2b04,0,2afc,0008,1,1,0,0,0000,2b04,0000,0000,0000,0000,0,2b04,2b04,0000,0,000,2b04,2b04
461,461,0,0000000000000000,80,0,0,2b04,800a,0,0000,2b04,0,2afc,0008,1,1,0,0,0000,2b04,0000,0000,0000,0000,0,2b04,2b04,0000,0,000,2b04,2b04
462,462,0,0000000000000000,80,0,0,2b04,800a,0,0000,2b04,0,2afc,0008,1,1,0,0,0000,2b04,0000,0000,0000,0000,0,2b04,2b04,0000,0,000,2b04,2b04
463,463,0,0000000000000000,80,0,0,2b04,800a,0,0000,2b04,0,2afc,0008,1,1,0,0,0000,2b04,0000,0000,0000,0000,0,2b04,2b04,0000,0,000,2b04,2b04
464,464,0,0000000000000000,80,0,0,2b04,800a,0,0000,2b04,0,2afc,0008,1,1,0,0,0000,2b04,0000,0000,0000,0000,0,2b04,2b04,0000,0,000,2b04,2b04
465,465,0,0000000000000000,80,0,0,2b04,800a,0,0000,2b04,0,2afc,0008,1,1,0,0,0000,2b04,0000,0000,0000,0000,0,2b04,2b04,0000,0,000,2b04,2b04
466,466,0,0000000000000000,80,0,0,2b04,800a,0,0000,2b04,0,2afc,0008,1,1,0,0,0000,2b04,0000,0000,0000,0000,0,2b04,2b04,0000,0,000,2b04,2b04
467,467,0,0000000000000000,80,0,0,2b04,800a,0,0000,2b04,0,2afc,0008,1,1,0,0,0000,2b04,0000,0000,0000,0000,0,2b04,2b04,0000,0,000,2b04,2b04
468,468,0,0000000000000000,80,0,0,2b04,800a,0,0000,2b04,0,2afc,0008,1,1,0,0,0000,2b04,0000,0000,0000,0000,0,2b04,2b04,0000,0,000,2b04,2b04
469,469,0,0000000000000000,80,0,0,2b04,800a,0,0000,2b04,0,2afc,0008,1,1,0,0,0000,2b04,0000,0000,0000,0000,0,2b04,2b04,0000,0,000,2b04,2b04
470,470,0,0000000000000000,80,0,0,2b04,800a,0,0000,2b04,0,2afc,0008,1,1,0,0,0000,2b04,0000,0000,0000,0000,0,2b04,2b04,0000,0,000,2b04,2b04
471,471,0,0000000000000000,80,0,0,2b04,800a,0,0000,2b04,0,2afc,0008,1,1,0,0,0000,2b04,0000,0000,0000,0000,0,2b04,2b04,0000,0,000,2b04,2b04
472,472,0,0000000000000000,80,0,0,2b04,800a,0,0000,2b04,0,2afc,0008,1,1,0,0,0000,2b04,0000,0000,0000,0000,0,2b04,2b04,0000,0,000,2b04,2b04
473,473,0,0000000000000000,80,0,0,2b04,800a,0,0000,2b04,0,2afc,0008,1,1,0,0,0000,2b04,0000,0000,0000,0000,0,2b04,2b04,0000,0,000,2b04,2b04
474,474,0,0000000000000000,80,0,0,2b04,800a,0,0000,2b04,0,2afc,0008,1,1,0,0,0000,2b04,0000,0000,0000,0000,0,2b04,2b04,0000,0,000,2b04,2b04
475,475,0,0000000000000000,80,0,0,2b04,800a,0,0000,2b04,0,2afc,0008,1,1,0,0,0000,2b04,0000,0000,0000,0000,0,2b04,2b04,0000,0,000,2b04,2b04
476,476,0,0000000000000000,80,0,0,2b04,800a,0,0000,2b04,0,2afc,0008,1,1,0,0,0000,2b04,0000,0000,0000,0000,0,2b04,2b04,0000,0,000,2b04,2b04
477,477,0,0000000000000000,80,0,0,2b04,800a,0,0000,2b04,0,2afc,0008,1,1,0,0,0000,2b04,0000,0000,0000,0000,0,2b04,2b04,0000,0,000,2b04,2b04
478,478,0,0000000000000000,80,0,0,2b04,800a,0,0000,2b04,0,2afc,0008,1,1,0,0,0000,2b04,0000,0000,0000,0000,0,2b04,2b04,0000,0,000,2b04,2b04
479,479,0,0000000000000000,80,0,0,2b04,800a,0,0000,2b04,0,2afc,0008,1,1,0,0,0000,2b04,0000,0000,0000,0000,0,2b04,2b04,0000,0,000,2b04,2b04
480,480,0,0000000000000000,80,0,0,2b04,800a,0,0000,2b04,0,2afc,0008,1,1,0,0,0000,2b04,0000,0000,0000,0000,0,2b04,2b04,0000,0,000,2b04,2b04
481,481,0,0000000000000000,80,0,0,2b04,800a,0,0000,2b04,0,2afc,0008,1,1,0,0,0000,2b04,0000,0000,0000,0000,0,2b04,2b04,0000,0,000,2b04,2b04
482,482,0,0000000000000000,80,0,0,2b04,800a,0,0000,2b04,0,2afc,0008,1,1,0,0,0000,2b04,0000,0000,0000,0000,0,2b04,2b04,0000,0,000,2b04,2b04
483,483,0,0000000000000000,80,0,0,2b04,800a,0,0000,2b04,0,2afc,0008,1,1,0,0,0000,2b04,0000,0000,0000,0000,0,2b04,2b04,0000,0,000,2b04,2b04
484,484,0,0000000000000000,80,0,0,2b04,800a,0,0000,2b04,0,2afc,0008,1,1,0,0,0000,2b04,0000,0000,0000,0000,0,2b04,2b04,0000,0,000,2b04,2b04
485,485,0,0000000000000000,80,0,0,2b04,800a,0,0000,2b04,0,2afc,0008,1,1,0,0,0000,2b04,0000,0000,0000,0000,0,2b04,2b04,0000,0,000,2b04,2b04
486,486,0,0000000000000000,80,0,0,2b04,800a,0,0000,2b04,0,2afc,0008,1,1,0,0,0000,2b04,0000,0000,0000,0000,0,2b04,2b04,0000,0,000,2b04,2b04
487,487,0,0000000000000000,80,0,0,2b04,800a,0,0000,2b04,0,2afc,0008,1,1,0,0,0000,2b04,0000,0000,0000,0000,0,2b04,2b04,0000,0,000,2b04,2b04
488,488,0,0000000000000000,80,0,0,2b04,800a,0,0000,2b04,0,2afc,0008,1,1,0,0,0000,2b04,0000,0000,0000,0000,0,2b04,2b04,0000,0,000,2b04,2b04
489,489,0,0000000000000000,80,0,0,2b04,800a,0,0000,2b04,0,2afc,0008,1,1,0,0,0000,2b04,0000,0000,0000,0000,0,2b04,2b04,0000,0,000,2b04,2b04
490,490,0,0000000000000000,80,0,0,2b04,800a,0,0000,2b04,0,2afc,0008,1,1,0,0,0000,2b04,0000,0000,0000,0000,0,2b04,2b04,0000,0,000,2b04,2b04
491,491,0,0000000000000000,80,0,0,2b04,800a,0,0000,2b04,0,2afc,0008,1,1,0,0,0000,2b04,0000,0000,0000,0000,0,2b04,2b04,0000,0,000,2b04,2b04
492,492,0,0000000000000000,80,0,0,2b04,800a,0,0000,2b04,0,2afc,0008,1,1,0,0,0000,2b04,0000,0000,0000,0000,0,2b04,2b04,0000,0,000,2b04,2b04
493,493,0,0000000000000000,80,0,0,2b04,800a,0,0000,2b04,0,2afc,0008,1,1,0,0,0000,2b04,0000,0000,0000,0000,0,2b04,2b04,0000,0,000,2b04,2b04
494,494,0,0000000000000000,80,0,0,2b04,800a,0,0000,2b04,0,2afc,0008,1,1,0,0,0000,2b04,0000,0000,0000,0000,0,2b04,2b04,0000,0,000,2b04,2b04
495,495,0,0000000000000000,80,0,0,2b04,800a,0,0000,2b04,0,2afc,0008,1,1,0,0,0000,2b04,0000,0000,0000,0000,0,2b04,2b04,0000,0,000,2b04,2b04
496,496,0,0000000000000000,80,0,0,2b04,800a,0,0000,2b04,0,2afc,0008,1,1,0,0,0000,2b04,0000,0000,0000,0000,0,2b04,2b04,0000,0,000,2b04,2b04
497,497,0,0000000000000000,80,0,0,2b04,800a,0,0000,2b04,0,2afc,0008,1,1,0,0,0000,2b04,0000,0000,0000,0000,0,2b04,2b04,0000,0,000,2b04,2b04
498,498,0,0000000000000000,80,0,0,2b04,800a,0,0000,2b04,0,2afc,0008,1,1,0,0,0000,2b04,0000,0000,0000,0000,0,2b04,2b04,0000,0,000,2b04,2b04
499,499,0,0000000000000000,80,0,0,2b04,800a,0,0000,2b04,0,2afc,0008,1,1,0,0,0000,2b04,0000,0000,0000,0000,0,2b04,2b04,0000,0,000,2b04,2b04
500,500,0,0000000000000000,80,0,0,2b04,800a,0,0000,2b04,0,2afc,0008,1,1,0,0,0000,2b04,0000,0000,0000,0000,0,2b04,2b04,0000,0,000,2b04,2b04
501,501,0,0000000000000000,80,0,0,2b04,800a,0,0000,2b04,0,2afc,0008,1,1,0,0,0000,2b04,0000,0000,0000,0000,0,2b04,2b04,0000,0,000,2b04,2b04
502,502,0,0000000000000000,80,0,0,2b04,800a,0,0000,2b04,0,2afc,0008,1,1,0,0,0000,2b04,0000,0000,0000,0000,0,2b04,2b04,0000,0,000,2b04,2b04
503,503,0,0000000000000000,80,0,0,2b04,800a,0,0000,2b04,0,2afc,0008,1,1,0,0,0000,2b04,0000,0000,0000,0000,0,2b04,2b04,0000,0,000,2b04,2b04
504,504,0,0000000000000000,80,0,0,2b04,800a,0,0000,2b04,0,2afc,0008,1,1,0,0,0000,2b04,0000,0000,0000,0000,0,2b04,2b04,0000,0,000,2b04,2b04
505,505,0,0000000000000000,80,0,0,2b04,800a,0,0000,2b04,0,2afc,0008,1,1,0,0,0000,2b04,0000,0000,0000,0000,0,2b04,2b04,0000,0,000,2b04,2b04
506,506,0,0000000000000000,80,0,0,2b04,800a,0,0000,2b04,0,2afc,0008,1,1,0,0,0000,2b04,0000,0000,0000,0000,0,2b04,2b04,0000,0,000,2b04,2b04
507,507,0,0000000000000000,80,0,0,2b04,800a,0,0000,2b04,0,2afc,0008,1,1,0,0,0000,2b04,0000,0000,0000,0000,0,2b04,2b04,0000,0,000,2b04,2b04
508,508,0,0000000000000000,80,0,0,2b04,800a,0,0000,2b04,0,2afc,0008,1,1,0,0,0000,2b04,0000,0000,0000,0000,0,2b04,2b04,0000,0,000,2b04,2b04
509,509,0,0000000000000000,80,0,0,2b04,800a,0,0000,2b04,0,2afc,0008,1,1,0,0,0000,2b04,0000,0000,0000,0000,0,2b04,2b04,0000,0,000,2b04,2b04
510,510,0,0000000000000000,80,0,0,2b04,800a,0,0000,2b04,0,2afc,0008,1,1,0,0,0000,2b04,0000,0000,0000,0000,0,2b04,2b04,0000,0,000,2b04,2b04
511,511,0,0000000000000000,80,0,0,2b04,800a,0,0000,2b04,0,2afc,0008,1,1,0,0,0000,2b04,0000,0000,0000,0000,0,2b04,2b04,0000,0,000,2b04,2b04
512,512,0,0000000000000000,80,0,0,2b04,800a,0,0000,2b04,0,2afc,0008,1,1,0,0,0000,2b04,0000,0000,0000,0000,0,2b04,2b04,0000,0,000,2b04,2b04
513,513,0,0000000000000000,80,0,0,2b04,800a,0,0000,2b04,0,2afc,0008,1,1,0,0,0000,2b04,0000,0000,0000,0000,0,2b04,2b04,0000,0,000,2b04,2b04
514,514,0,0000000000000000,80,0,0,2b04,800a,0,0000,2b04,0,2afc,0008,1,1,0,0,0000,2b04,0000,0000,0000,0000,0,2b04,2b04,0000,0,000,2b04,2b04
515,515,0,0000000000000000,80,0,0,2b04,800a,0,0000,2b04,0,2afc,0008,1,1,0,0,0000,2b04,0000,0000,0000,0000,0,2b04,2b04,0000,0,000,2b04,2b04
516,516,0,0000000000000000,80,0,0,2b04,800a,0,0000,2b04,0,2afc,0008,1,1,0,0,0000,2b04,0000,0000,0000,0000,0,2b04,2b04,0000,0,000,2b04,2b04
517,517,0,0000000000000000,80,0,0,2b04,800a,0,0000,2b04,0,2afc,0008,1,1,0,0,0000,2b04,0000,0000,0000,0000,0,2b04,2b04,0000,0,000,2b04,2b04
518,518,0,0000000000000000,80,0,0,2b04,800a,0,0000,2b04,0,2afc,0008,1,1,0,0,0000,2b04,0000,0000,0000,0000,0,2b04,2b04,0000,0,000,2b04,2b04
519,519,0,0000000000000000,80,0,0,2b04,800a,0,0000,2b04,0,2afc,0008,1,1,0,0,0000,2b04,0000,0000,0000,0000,0,2b04,2b04,0000,0,000,2b04,2b04
520,520,0,0000000000000000,80,0,0,2b04,800a,0,0000,2b04,0,2afc,0008,1,1,0,0,0000,2b04,0000,0000,0000,0000,0,2b04,2b04,0000,0,000,2b04,2b04
521,521,0,0000000000000000,80,0,0,2b04,800a,0,0000,2b04,0,2afc,0008,1,1,0,0,0000,2b04,0000,0000,0000,0000,0,2b04,2b04,0000,0,000,2b04,2b04
522,522,0,0000000000000000,80,0,0,2b04,800a,0,0000,2b04,0,2afc,0008,1,1,0,0,0000,2b04,0000,0000,0000,0000,0,2b04,2b04,0000,0,000,2b04,2b04
523,523,0,0000000000000000,80,0,0,2b04,800a,0,0000,2b04,0,2afc,0008,1,1,0,0,0000,2b04,0000,0000,0000,0000,0,2b04,2b04,0000,0,000,2b04,2b04
524,524,0,0000000000000000,80,0,0,2b04,800a,0,0000,2b04,0,2afc,0008,1,1,0,0,0000,2b04,0000,0000,0000,0000,0,2b04,2b04,0000,0,000,2b04,2b04
525,525,0,0000000000000000,80,0,0,2b04,800a,0,0000,2b04,0,2afc,0008,1,1,0,0,0000,2b04,0000,0000,0000,0000,0,2b04,2b04,0000,0,000,2b04,2b04
526,526,0,0000000000000000,80,0,0,2b04,800a,0,0000,2b04,0,2afc,0008,1,1,0,0,0000,2b04,0000,0000,0000,0000,0,2b04,2b04,0000,0,000,2b04,2b04
527,527,0,0000000000000000,80,0,0,2b04,800a,0,0000,2b04,0,2afc,0008,1,1,0,0,0000,2b04,0000,0000,0000,0000,0,2b04,2b04,0000,0,000,2b04,2b04
528,528,0,0000000000000000,80,0,0,2b04,800a,0,0000,2b04,0,2afc,0008,1,1,0,0,0000,2b04,0000,0000,0000,0000,0,2b04,2b04,0000,0,000,2b04,2b04
529,529,0,0000000000000000,80,0,0,2b04,800a,0,0000,2b04,0,2afc,0008,1,1,0,0,0000,2b04,0000,0000,0000,0000,0,2b04,2b04,0000,0,000,2b04,2b04
530,530,0,0000000000000000,80,0,0,2b04,800a,0,0000,2b04,0,2afc,0008,1,1,0,0,0000,2b04,0000,0000,0000,0000,0,2b04,2b04,0000,0,000,2b04,2b04
531,531,0,0000000000000000,80,0,0,2b04,800a,0,0000,2b04,0,2afc,0008,1,1,0,0,0000,2b04,0000,0000,0000,0000,0,2b04,2b04,0000,0,000,2b04,2b04
532,532,0,0000000000000000,80,0,0,2b04,800a,0,0000,2b04,0,2afc,0008,1,1,0,0,0000,2b04,0000,0000,0000,0000,0,2b04,2b04,0000,0,000,2b04,2b04
533,533,0,0000000000000000,80,0,0,2b04,800a,0,0000,2b04,0,2afc,0008,1,1,0,0,0000,2b04,0000,0000,0000,0000,0,2b04,2b04,0000,0,000,2b04,2b04
534,534,0,0000000000000000,80,0,0,2b04,800a,0,0000,2b04,0,2afc,0008,1,1,0,0,0000,2b04,0000,0000,0000,0000,0,2b04,2b04,0000,0,000,2b04,2b04
535,535,0,0000000000000000,80,0,0,2b04,800a,0,0000,2b04,0,2afc,0008,1,1,0,0,0000,2b04,0000,0000,0000,0000,0,2b04,2b04,0000,0,000,2b04,2b04
536,536,0,0000000000000000,80,0,0,2b04,800a,0,0000,2b04,0,2afc,0008,1,1,0,0,0000,2b04,0000,0000,0000,0000,0,2b04,2b04,0000,0,000,2b04,2b04
537,537,0,0000000000000000,80,0,0,2b04,800a,0,0000,2b04,0,2afc,0008,1,1,0,0,0000,2b04,0000,0000,0000,0000,0,2b04,2b04,0000,0,000,2b04,2b04
538,538,0,0000000000000000,80,0,0,2b04,800a,0,0000,2b04,0,2afc,0008,1,1,0,0,0000,2b04,0000,0000,0000,0000,0,2b04,2b04,0000,0,000,2b04,2b04
539,539,0,0000000000000000,80,0,0,2b04,800a,0,0000,2b04,0,2afc,0008,1,1,0,0,0000,2b04,0000,0000,0000,0000,0,2b04,2b04,0000,0,000,2b04,2b04
540,540,0,0000000000000000,80,0,0,2b04,800a,0,0000,2b04,0,2afc,0008,1,1,0,0,0000,2b04,0000,0000,0000,0000,0,2b04,2b04,0000,0,000,2b04,2b04
541,541,0,0000000000000000,80,0,0,2b04,800a,0,0000,2b04,0,2afc,0008,1,1,0,0,0000,2b04,0000,0000,0000,0000,0,2b04,2b04,0000,0,000,2b04,2b04
542,542,0,0000000000000000,80,0,0,2b04,800a,0,0000,2b04,0,2afc,0008,1,1,0,0,0000,2b04,0000,0000,0000,0000,0,2b04,2b04,0000,0,000,2b04,2b04
543,543,0,0000000000000000,80,0,0,2b04,800a,0,0000,2b04,0,2afc,0008,1,1,0,0,0000,2b04,0000,0000,0000,0000,0,2b04,2b04,0000,0,000,2b04,2b04
544,544,0,0000000000000000,80,0,0,2b04,800a,0,0000,2b04,0,2afc,0008,1,1,0,0,0000,2b04,0000,0000,0000,0000,0,2b04,2b04,0000,0,000,2b04,2b04
545,545,0,0000000000000000,80,0,0,2b04,800a,0,0000,2b04,0,2afc,0008,1,1,0,0,0000,2b04,0000,0000,0000,0000,0,2b04,2b04,0000,0,000,2b04,2b04
546,546,0,0000000000000000,80,0,0,2b04,800a,0,0000,2b04,0,2afc,0008,1,1,0,0,0000,2b04,0000,0000,0000,0000,0,2b04,2b04,0000,0,000,2b04,2b04
547,547,0,0000000000000000,80,0,0,2b04,800a,0,0000,2b04,0,2afc,0008,1,1,0,0,0000,2b04,0000,0000,0000,0000,0,2b04,2b04,0000,0,000,2b04,2b04
548,548,0,0000000000000000,80,0,0,2b04,800a,0,0000,2b04,0,2afc,0008,1,1,0,0,0000,2b04,0000,0000,0000,0000,0,2b04,2b04,0000,0,000,2b04,2b04
549,549,0,0000000000000000,80,0,0,2b04,800a,0,0000,2b04,0,2afc,0008,1,1,0,0,0000,2b04,0000,0000,0000,0000,0,2b04,2b04,0000,0,000,2b04,2b04
550,550,0,0000000000000000,80,0,0,2b04,800a,0,0000,2b04,0,2afc,0008,1,1,0,0,0000,2b04,0000,0000,0000,0000,0,2b04,2b04,0000,0,000,2b04,2b04
551,551,0,0000000000000000,80,0,0,2b04,800a,0,0000,2b04,0,2afc,0008,1,1,0,0,0000,2b04,0000,0000,0000,0000,0,2b04,2b04,0000,0,000,2b04,2b04
552,552,0,0000000000000000,80,0,0,2b04,800a,0,0000,2b04,0,2afc,0008,1,1,0,0,0000,2b04,0000,0000,0000,0000,0,2b04,2b04,0000,0,000,2b04,2b04
553,553,0,0000000000000000,80,0,0,2b04,800a,0,0000,2b04,0,2afc,0008,1,1,0,0,0000,2b04,0000,0000,0000,0000,0,2b04,2b04,0000,0,000,2b04,2b04
554,554,0,0000000000000000,80,0,0,2b04,800a,0,0000,2b04,0,2afc,0008,1,1,0,0,0000,2b04,0000,0000,0000,0000,0,2b04,2b04,0000,0,000,2b04,2b04
555,555,0,0000000000000000,80,0,0,2b04,800a,0,0000,2b04,0,2afc,0008,1,1,0,0,0000,2b04,0000,0000,0000,0000,0,2b04,2b04,0000,0,000,2b04,2b04
556,556,0,0000000000000000,80,0,0,2b04,800a,0,0000,2b04,0,2afc,0008,1,1,0,0,0000,2b04,0000,0000,0000,0000,0,2b04,2b04,0000,0,000,2b04,2b04
557,557,0,0000000000000000,80,0,0,2b04,800a,0,0000,2b04,0,2afc,0008,1,1,0,0,0000,2b04,0000,0000,0000,0000,0,2b04,2b04,0000,0,000,2b04,2b04
558,558,0,0000000000000000,80,0,0,2b04,800a,0,0000,2b04,0,2afc,0008,1,1,0,0,0000,2b04,0000,0000,0000,0000,0,2b04,2b04,0000,0,000,2b04,2b04
559,559,0,0000000000000000,80,0,0,2b04,800a,0,0000,2b04,0,2afc,0008,1,1,0,0,0000,2b04,0000,0000,0000,0000,0,2b04,2b04,0000,0,000,2b04,2b04
560,560,0,0000000000000000,80,0,0,2b04,800a,0,0000,2b04,0,2afc,0008,1,1,0,0,0000,2b04,0000,0000,0000,0000,0,2b04,2b04,0000,0,000,2b04,2b04
561,561,0,0000000000000000,80,0,0,2b04,800a,0,0000,2b04,0,2afc,0008,1,1,0,0,0000,2b04,0000,0000,0000,0000,0,2b04,2b04,0000,0,000,2b04,2b04
562,562,0,0000000000000000,80,0,0,2b04,800a,0,0000,2b04,0,2afc,0008,1,1,0,0,0000,2b04,0000,0000,0000,0000,0,2b04,2b04,0000,0,000,2b04,2b04
563,563,0,0000000000000000,80,0,0,2b04,800a,0,0000,2b04,0,2afc,0008,1,1,0,0,0000,2b04,0000,0000,0000,0000,0,2b04,2b04,0000,0,000,2b04,2b04
564,564,0,0000000000000000,80,0,0,2b04,800a,0,0000,2b04,0,2afc,0008,1,1,0,0,0000,2b04,0000,0000,0000,0000,0,2b04,2b04,0000,0,000,2b04,2b04
565,565,0,0000000000000000,80,0,0,2b04,800a,0,0000,2b04,0,2afc,0008,1,1,0,0,0000,2b04,0000,0000,0000,0000,0,2b04,2b04,0000,0,000,2b04,2b04
566,566,0,0000000000000000,80,0,0,2b04,800a,0,0000,2b04,0,2afc,0008,1,1,0,0,0000,2b04,0000,0000,0000,0000,0,2b04,2b04,0000,0,000,2b04,2b04
567,567,0,0000000000000000,80,0,0,2b04,800a,0,0000,2b04,0,2afc,0008,1,1,0,0,0000,2b04,0000,0000,0000,0000,0,2b04,2b04,0000,0,000,2b04,2b04
568,568,0,0000000000000000,80,0,0,2b04,800a,0,0000,2b04,0,2afc,0008,1,1,0,0,0000,2b04,0000,0000,0000,0000,0,2b04,2b04,0000,0,000,2b04,2b04
569,569,0,0000000000000000,80,0,0,2b04,800a,0,0000,2b04,0,2afc,0008,1,1,0,0,0000,2b04,0000,0000,0000,0000,0,2b04,2b04,0000,0,000,2b04,2b04
570,570,0,0000000000000000,80,0,0,2b04,800a,0,0000,2b04,0,2afc,0008,1,1,0,0,0000,2b04,0000,0000,0000,0000,0,2b04,2b04,0000,0,000,2b04,2b04
571,571,0,0000000000000000,80,0,0,2b04,800a,0,0000,2b04,0,2afc,0008,1,1,0,0,0000,2b04,0000,0000,0000,0000,0,2b04,2b04,0000,0,000,2b04,2b04
572,572,0,0000000000000000,80,0,0,2b04,800a,0,0000,2b04,0,2afc,0008,1,1,0,0,0000,2b04,0000,0000,0000,0000,0,2b04,2b04,0000,0,000,2b04,2b04
573,573,0,0000000000000000,80,0,0,2b04,800a,0,0000,2b04,0,2afc,0008,1,1,0,0,0000,2b04,0000,0000,0000,0000,0,2b04,2b04,0000,0,000,2b04,2b04
574,574,0,0000000000000000,80,0,0,2b04,800a,0,0000,2b04,0,2afc,0008,1,1,0,0,0000,2b04,0000,0000,0000,0000,0,2b04,2b04,0000,0,000,2b04,2b04
575,575,0,0000000000000000,80,0,0,2b04,800a,0,0000,2b04,0,2afc,0008,1,1,0,0,0000,2b04,0000,0000,0000,0000,0,2b04,2b04,0000,0,000,2b04,2b04
576,576,0,0000000000000000,80,0,0,2b04,800a,0,0000,2b04,0,2afc,0008,1,1,0,0,0000,2b04,0000,0000,0000,0000,0,2b04,2b04,0000,0,000,2b04,2b04
577,577,0,0000000000000000,80,0,0,2b04,800a,0,0000,2b04,0,2afc,0008,1,1,0,0,0000,2b04,0000,0000,0000,0000,0,2b04,2b04,0000,0,000,2b04,2b04
578,578,0,0000000000000000,80,0,0,2b04,800a,0,0000,2b04,0,2afc,0008,1,1,0,0,0000,2b04,0000,0000,0000,0000,0,2b04,2b04,0000,0,000,2b04,2b04
579,579,0,0000000000000000,80,0,0,2b04,800a,0,0000,2b04,0,2afc,0008,1,1,0,0,0000,2b04,0000,0000,0000,0000,0,2b04,2b04,0000,0,000,2b04,2b04
580,580,0,0000000000000000,80,0,0,2b04,800a,0,0000,2b04,0,2afc,0008,1,1,0,0,0000,2b04,0000,0000,0000,0000,0,2b04,2b04,0000,0,000,2b04,2b04
581,581,0,0000000000000000,80,0,0,2b04,800a,0,0000,2b04,0,2afc,0008,1,1,0,0,0000,2b04,0000,0000,0000,0000,0,2b04,2b04,0000,0,000,2b04,2b04
582,582,0,0000000000000000,80,0,0,2b04,800a,0,0000,2b04,0,2afc,0008,1,1,0,0,0000,2b04,0000,0000,0000,0000,0,2b04,2b04,0000,0,000,2b04,2b04
583,583,0,0000000000000000,80,0,0,2b04,800a,0,0000,2b04,0,2afc,0008,1,1,0,0,0000,2b04,0000,0000,0000,0000,0,2b04,2b04,0000,0,000,2b04,2b04
584,584,0,0000000000000000,80,0,0,2b04,800a,0,0000,2b04,0,2afc,0008,1,1,0,0,0000,2b04,0000,0000,0000,0000,0,2b04,2b04,0000,0,000,2b04,2b04
585,585,0,0000000000000000,80,0,0,2b04,800a,0,0000,2b04,0,2afc,0008,1,1,0,0,0000,2b04,0000,0000,0000,0000,0,2b04,2b04,0000,0,000,2b04,2b04
586,586,0,0000000000000000,80,0,0,2b04,800a,0,0000,2b04,0,2afc,0008,1,1,0,0,0000,2b04,0000,0000,0000,0000,0,2b04,2b04,0000,0,000,2b04,2b04
587,587,0,0000000000000000,80,0,0,2b04,800a,0,0000,2b04,0,2afc,0008,1,1,0,0,0000,2b04,0000,0000,0000,0000,0,2b04,2b04,0000,0,000,2b04,2b04
588,588,0,0000000000000000,80,0,0,2b04,800a,0,0000,2b04,0,2afc,0008,1,1,0,0,0000,2b04,0000,0000,0000,0000,0,2b04,2b04,0000,0,000,2b04,2b04
589,589,0,0000000000000000,80,0,0,2b04,800a,0,0000,2b04,0,2afc,0008,1,1,0,0,0000,2b04,0000,0000,0000,0000,0,2b04,2b04,0000,0,000,2b04,2b04
590,590,0,0000000000000000,80,0,0,2b04,800a,0,0000,2b04,0,2afc,0008,1,1,0,0,0000,2b04,0000,0000,0000,0000,0,2b04,2b04,0000,0,000,2b04,2b04
591,591,0,0000000000000000,80,0,0,2b04,800a,0,0000,2b04,0,2afc,0008,1,1,0,0,0000,2b04,0000,0000,0000,0000,0,2b04,2b04,0000,0,000,2b04,2b04
592,592,0,0000000000000000,80,0,0,2b04,800a,0,0000,2b04,0,2afc,0008,1,1,0,0,0000,2b04,0000,0000,0000,0000,0,2b04,2b04,0000,0,000,2b04,2b04
593,593,0,0000000000000000,80,0,0,2b04,800a,0,0000,2b04,0,2afc,0008,1,1,0,0,0000,2b04,0000,0000,0000,0000,0,2b04,2b04,0000,0,000,2b04,2b04
594,594,0,0000000000000000,80,0,0,2b04,800a,0,0000,2b04,0,2afc,0008,1,1,0,0,0000,2b04,0000,0000,0000,0000,0,2b04,2b04,0000,0,000,2b04,2b04
595,595,0,0000000000000000,80,0,0,2b04,800a,0,0000,2b04,0,2afc,0008,1,1,0,0,0000,2b04,0000,0000,0000,0000,0,2b04,2b04,0000,0,000,2b04,2b04
596,596,0,0000000000000000,80,0,0,2b04,800a,0,0000,2b04,0,2afc,0008,1,1,0,0,0000,2b04,0000,0000,0000,0000,0,2b04,2b04,0000,0,000,2b04,2b04
597,597,0,0000000000000000,80,0,0,2b04,800a,0,0000,2b04,0,2afc,0008,1,1,0,0,0000,2b04,0000,0000,0000,0000,0,2b04,2b04,0000,0,000,2b04,2b04
598,598,0,0000000000000000,80,0,0,2b04,800a,0,0000,2b04,0,2afc,0008,1,1,0,0,0000,2b04,0000,0000,0000,0000,0,2b04,2b04,0000,0,000,2b04,2b04
599,599,0,0000000000000000,80,0,0,2b04,800a,0,0000,2b04,0,2afc,0008,1,1,0,0,0000,2b04,0000,0000,0000,0000,0,2b04,2b04,0000,0,000,2b04,2b04
600,600,0,0000000000000000,80,0,0,2b04,800a,0,0000,2b04,0,2afc,0008,1,1,0,0,0000,2b04,0000,0000,0000,0000,0,2b04,2b04,0000,0,000,2b04,2b04
601,601,0,0000000000000000,80,0,0,2b04,800a,0,0000,2b04,0,2afc,0008,1,1,0,0,0000,2b04,0000,0000,0000,0000,0,2b04,2b04,0000,0,000,2b04,2b04
602,602,0,0000000000000000,80,0,0,2b04,800a,0,0000,2b04,0,2afc,0008,1,1,0,0,0000,2b04,0000,0000,0000,0000,0,2b04,2b04,0000,0,000,2b04,2b04
603,603,0,0000000000000000,80,0,0,2b04,800a,0,0000,2b04,0,2afc,0008,1,1,0,0,0000,2b04,0000,0000,0000,0000,0,2b04,2b04,0000,0,000,2b04,2b04
604,604,0,0000000000000000,80,0,0,2b04,800a,0,0000,2b04,0,2afc,0008,1,1,0,0,0000,2b04,0000,0000,0000,0000,0,2b04,2b04,0000,0,000,2b04,2b04
605,605,0,0000000000000000,80,0,0,2b04,800a,0,0000,2b04,0,2afc,0008,1,1,0,0,0000,2b04,0000,0000,0000,0000,0,2b04,2b04,0000,0,000,2b04,2b04
606,606,0,0000000000000000,80,0,0,2b04,800a,0,0000,2b04,0,2afc,0008,1,1,0,0,0000,2b04,0000,0000,0000,0000,0,2b04,2b04,0000,0,000,2b04,2b04
607,607,0,0000000000000000,80,0,0,2b04,800a,0,0000,2b04,0,2afc,0008,1,1,0,0,0000,2b04,0000,0000,0000,0000,0,2b04,2b04,0000,0,000,2b04,2b04
608,608,0,0000000000000000,80,0,0,2b04,800a,0,0000,2b04,0,2afc,0008,1,1,0,0,0000,2b04,0000,0000,0000,0000,0,2b04,2b04,0000,0,000,2b04,2b04
609,609,0,0000000000000000,80,0,0,2b04,800a,0,0000,2b04,0,2afc,0008,1,1,0,0,0000,2b04,0000,0000,0000,0000,0,2b04,2b04,0000,0,000,2b04,2b04
610,610,0,0000000000000000,80,0,0,2b04,800a,0,0000,2b04,0,2afc,0008,1,1,0,0,0000,2b04,0000,0000,0000,0000,0,2b04,2b04,0000,0,000,2b04,2b04
611,611,0,0000000000000000,80,0,0,2b04,800a,0,0000,2b04,0,2afc,0008,1,1,0,0,0000,2b04,0000,0000,0000,0000,0,2b04,2b04,0000,0,000,2b04,2b04
612,612,0,0000000000000000,80,0,0,2b04,800a,0,0000,2b04,0,2afc,0008,1,1,0,0,0000,2b04,0000,0000,0000,0000,0,2b04,2b04,0000,0,000,2b04,2b04
613,613,0,0000000000000000,80,0,0,2b04,800a,0,0000,2b04,0,2afc,0008,1,1,0,0,0000,2b04,0000,0000,0000,0000,0,2b04,2b04,0000,0,000,2b04,2b04
614,614,0,0000000000000000,80,0,0,2b04,800a,0,0000,2b04,0,2afc,0008,1,1,0,0,0000,2b04,0000,0000,0000,0000,0,2b04,2b04,0000,0,000,2b04,2b04
615,615,0,0000000000000000,80,0,0,2b04,800a,0,0000,2b04,0,2afc,0008,1,1,0,0,0000,2b04,0000,0000,0000,0000,0,2b04,2b04,0000,0,000,2b04,2b04
616,616,0,0000000000000000,80,0,0,2b04,800a,0,0000,2b04,0,2afc,0008,1,1,0,0,0000,2b04,0000,0000,0000,0000,0,2b04,2b04,0000,0,000,2b04,2b04
617,617,0,0000000000000000,80,0,0,2b04,800a,0,0000,2b04,0,2afc,0008,1,1,0,0,0000,2b04,0000,0000,0000,0000,0,2b04,2b04,0000,0,000,2b04,2b04
618,618,0,0000000000000000,80,0,0,2b04,800a,0,0000,2b04,0,2afc,0008,1,1,0,0,0000,2b04,0000,0000,0000,0000,0,2b04,2b04,0000,0,000,2b04,2b04
619,619,0,0000000000000000,80,0,0,2b04,800a,0,0000,2b04,0,2afc,0008,1,1,0,0,0000,2b04,0000,0000,0000,0000,0,2b04,2b04,0000,0,000,2b04,2b04
620,620,0,0000000000000000,80,0,0,2b04,800a,0,0000,2b04,0,2afc,0008,1,1,0,0,0000,2b04,0000,0000,0000,0000,0,2b04,2b04,0000,0,000,2b04,2b04
621,621,0,0000000000000000,80,0,0,2b04,800a,0,0000,2b04,0,2afc,0008,1,1,0,0,0000,2b04,0000,0000,0000,0000,0,2b04,2b04,0000,0,000,2b04,2b04
622,622,0,0000000000000000,80,0,0,2b04,800a,0,0000,2b04,0,2afc,0008,1,1,0,0,0000,2b04,0000,0000,0000,0000,0,2b04,2b04,0000,0,000,2b04,2b04
623,623,0,0000000000000000,80,0,0,2b04,800a,0,0000,2b04,0,2afc,0008,1,1,0,0,0000,2b04,0000,0000,0000,0000,0,2b04,2b04,0000,0,000,2b04,2b04
624,624,0,0000000000000000,80,0,0,2b04,800a,0,0000,2b04,0,2afc,0008,1,1,0,0,0000,2b04,0000,0000,0000,0000,0,2b04,2b04,0000,0,000,2b04,2b04
625,625,0,0000000000000000,80,0,0,2b04,800a,0,0000,2b04,0,2afc,0008,1,1,0,0,0000,2b04,0000,0000,0000,0000,0,2b04,2b04,0000,0,000,2b04,2b04
626,626,0,0000000000000000,80,0,0,2b04,800a,0,0000,2b04,0,2afc,0008,1,1,0,0,0000,2b04,0000,0000,0000,0000,0,2b04,2b04,0000,0,000,2b04,2b04
627,627,0,0000000000000000,80,0,0,2b04,800a,0,0000,2b04,0,2afc,0008,1,1,0,0,0000,2b04,0000,0000,0000,0000,0,2b04,2b04,0000,0,000,2b04,2b04
628,628,0,0000000000000000,80,0,0,2b04,800a,0,0000,2b04,0,2afc,0008,1,1,0,0,0000,2b04,0000,0000,0000,0000,0,2b04,2b04,0000,0,000,2b04,2b04
629,629,0,0000000000000000,80,0,0,2b04,800a,0,0000,2b04,0,2afc,0008,1,1,0,0,0000,2b04,0000,0000,0000,0000,0,2b04,2b04,0000,0,000,2b04,2b04
630,630,0,0000000000000000,80,0,0,2b04,800a,0,0000,2b04,0,2afc,0008,1,1,0,0,0000,2b04,0000,0000,0000,0000,0,2b04,2b04,0000,0,000,2b04,2b04
631,631,0,0000000000000000,80,0,0,2b04,800a,0,0000,2b04,0,2afc,0008,1,1,0,0,0000,2b04,0000,0000,0000,0000,0,2b04,2b04,0000,0,000,2b04,2b04
632,632,0,0000000000000000,80,0,0,2b04,800a,0,0000,2b04,0,2afc,0008,1,1,0,0,0000,2b04,0000,0000,0000,0000,0,2b04,2b04,0000,0,000,2b04,2b04
633,633,0,0000000000000000,80,0,0,2b04,800a,0,0000,2b04,0,2afc,0008,1,1,0,0,0000,2b04,0000,0000,0000,0000,0,2b04,2b04,0000,0,000,2b04,2b04
634,634,0,0000000000000000,80,0,0,2b04,800a,0,0000,2b04,0,2afc,0008,1,1,0,0,0000,2b04,0000,0000,0000,0000,0,2b04,2b04,0000,0,000,2b04,2b04
635,635,0,0000000000000000,80,0,0,2b04,800a,0,0000,2b04,0,2afc,0008,1,1,0,0,0000,2b04,0000,0000,0000,0000,0,2b04,2b04,0000,0,000,2b04,2b04
636,636,0,0000000000000000,80,0,0,2b04,800a,0,0000,2b04,0,2afc,0008,1,1,0,0,0000,2b04,0000,0000,0000,0000,0,2b04,2b04,0000,0,000,2b04,2b04
637,637,0,0000000000000000,80,0,0,2b04,800a,0,0000,2b04,0,2afc,0008,1,1,0,0,0000,2b04,0000,0000,0000,0000,0,2b04,2b04,0000,0,000,2b04,2b04
638,638,0,0000000000000000,80,0,0,2b04,800a,0,0000,2b04,0,2afc,0008,1,1,0,0,0000,2b04,0000,0000,0000,0000,0,2b04,2b04,0000,0,000,2b04,2b04
639,639,0,0000000000000000,80,0,0,2b04,800a,0,0000,2b04,0,2afc,0008,1,1,0,0,0000,2b04,0000,0000,0000,0000,0,2b04,2b04,0000,0,000,2b04,2b04
640,640,0,0000000000000000,80,0,0,2b04,800a,0,0000,2b04,0,2afc,0008,1,1,0,0,0000,2b04,0000,0000,0000,0000,0,2b04,2b04,0000,0,000,2b04,2b04
641,641,0,0000000000000000,80,0,0,2b04,800a,0,0000,2b04,0,2afc,0008,1,1,0,0,0000,2b04,0000,0000,0000,0000,0,2b04,2b04,0000,0,000,2b04,2b04
642,642,0,0000000000000000,80,0,0,2b04,800a,0,0000,2b04,0,2afc,0008,1,1,0,0,0000,2b04,0000,0000,0000,0000,0,2b04,2b04,0000,0,000,2b04,2b04
643,643,0,0000000000000000,80,0,0,2b04,800a,0,0000,2b04,0,2afc,0008,1,1,0,0,0000,2b04,0000,0000,0000,0000,0,2b04,2b04,0000,0,000,2b04,2b04
644,644,0,0000000000000000,80,0,0,2b04,800a,0,0000,2b04,0,2afc,0008,1,1,0,0,0000,2b04,0000,0000,0000,0000,0,2b04,2b04,0000,0,000,2b04,2b04
645,645,0,0000000000000000,80,0,0,2b04,800a,0,0000,2b04,0,2afc,0008,1,1,0,0,0000,2b04,0000,0000,0000,0000,0,2b04,2b04,0000,0,000,2b04,2b04
646,646,0,0000000000000000,80,0,0,2b04,800a,0,0000,2b04,0,2afc,0008,1,1,0,0,0000,2b04,0000,0000,0000,0000,0,2b04,2b04,0000,0,000,2b04,2b04
647,647,0,0000000000000000,80,0,0,2b04,800a,0,0000,2b04,0,2afc,0008,1,1,0,0,0000,2b04,0000,0000,0000,0000,0,2b04,2b04,0000,0,000,2b04,2b04
648,648,0,0000000000000000,80,0,0,2b04,800a,0,0000,2b04,0,2afc,0008,1,1,0,0,0000,2b04,0000,0000,0000,0000,0,2b04,2b04,0000,0,000,2b04,2b04
649,649,0,0000000000000000,80,0,0,2b04,800a,0,0000,2b04,0,2afc,0008,1,1,0,0,0000,2b04,0000,0000,0000,0000,0,2b04,2b04,0000,0,000,2b04,2b04
650,650,0,0000000000000000,80,0,0,2b04,800a,0,0000,2b04,0,2afc,0008,1,1,0,0,0000,2b04,0000,0000,0000,0000,0,2b04,2b04,0000,0,000,2b04,2b04
651,651,0,0000000000000000,80,0,0,2b04,800a,0,0000,2b04,0,2afc,0008,1,1,0,0,0000,2b04,0000,0000,0000,0000,0,2b04,2b04,0000,0,000,2b04,2b04
652,652,0,0000000000000000,80,0,0,2b04,800a,0,0000,2b04,0,2afc,0008,1,1,0,0,0000,2b04,0000,0000,0000,0000,0,2b04,2b04,0000,0,000,2b04,2b04
653,653,0,0000000000000000,80,0,0,2b04,800a,0,0000,2b04,0,2afc,0008,1,1,0,0,0000,2b04,0000,0000,0000,0000,0,2b04,2b04,0000,0,000,2b04,2b04
654,654,0,0000000000000000,80,0,0,2b04,800a,0,0000,2b04,0,2afc,0008,1,1,0,0,0000,2b04,0000,0000,0000,0000,0,2b04,2b04,0000,0,000,2b04,2b04
655,655,0,0000000000000000,80,0,0,2b04,800a,0,0000,2b04,0,2afc,0008,1,1,0,0,0000,2b04,0000,0000,0000,0000,0,2b04,2b04,0000,0,000,2b04,2b04
656,656,0,0000000000000000,80,0,0,2b04,800a,0,0000,2b04,0,2afc,0008,1,1,0,0,0000,2b04,0000,0000,0000,0000,0,2b04,2b04,0000,0,000,2b04,2b04
657,657,0,0000000000000000,80,0,0,2b04,800a,0,0000,2b04,0,2afc,0008,1,1,0,0,0000,2b04,0000,0000,0000,0000,0,2b04,2b04,0000,0,000,2b04,2b04
658,658,0,0000000000000000,80,0,0,2b04,800a,0,0000,2b04,0,2afc,0008,1,1,0,0,0000,2b04,0000,0000,0000,0000,0,2b04,2b04,0000,0,000,2b04,2b04
659,659,0,0000000000000000,80,0,0,2b04,800a,0,0000,2b04,0,2afc,0008,1,1,0,0,0000,2b04,0000,0000,0000,0000,0,2b04,2b04,0000,0,000,2b04,2b04
660,660,0,0000000000000000,80,0,0,2b04,800a,0,0000,2b04,0,2afc,0008,1,1,0,0,0000,2b04,0000,0000,0000,0000,0,2b04,2b04,0000,0,000,2b04,2b04
661,661,0,0000000000000000,80,0,0,2b04,800a,0,0000,2b04,0,2afc,0008,1,1,0,0,0000,2b04,0000,0000,0000,0000,0,2b04,2b04,0000,0,000,2b04,2b04
662,662,0,0000000000000000,80,0,0,2b04,800a,0,0000,2b04,0,2afc,0008,1,1,0,0,0000,2b04,0000,0000,0000,0000,0,2b04,2b04,0000,0,000,2b04,2b04
663,663,0,0000000000000000,80,0,0,2b04,800a,0,0000,2b04,0,2afc,0008,1,1,0,0,0000,2b04,0000,0000,0000,0000,0,2b04,2b04,0000,0,000,2b04,2b04
664,664,0,0000000000000000,80,0,0,2b04,800a,0,0000,2b04,0,2afc,0008,1,1,0,0,0000,2b04,0000,0000,0000,0000,0,2b04,2b04,0000,0,000,2b04,2b04
665,665,0,0000000000000000,80,0,0,2b04,800a,0,0000,2b04,0,2afc,0008,1,1,0,0,0000,2b04,0000,0000,0000,0000,0,2b04,2b04,0000,0,000,2b04,2b04
666,666,0,0000000000000000,80,0,0,2b04,800a,0,0000,2b04,0,2afc,0008,1,1,0,0,0000,2b04,0000,0000,0000,0000,0,2b04,2b04,0000,0,000,2b04,2b04
667,667,0,0000000000000000,80,0,0,2b04,800a,0,0000,2b04,0,2afc,0008,1,1,0,0,0000,2b04,0000,0000,0000,0000,0,2b04,2b04,0000,0,000,2b04,2b04
668,668,0,0000000000000000,80,0,0,2b04,800a,0,0000,2b04,0,2afc,0008,1,1,0,0,0000,2b04,0000,0000,0000,0000,0,2b04,2b04,0000,0,000,2b04,2b04
669,669,0,0000000000000000,80,0,0,2b04,800a,0,0000,2b04,0,2afc,0008,1,1,0,0,0000,2b04,0000,0000,0000,0000,0,2b04,2b04,0000,0,000,2b04,2b04
670,670,0,0000000000000000,80,0,0,2b04,800a,0,0000,2b04,0,2afc,0008,1,1,0,0,0000,2b04,0000,0000,0000,0000,0,2b04,2b04,0000,0,000,2b04,2b04
671,671,0,0000000000000000,80,0,0,2b04,800a,0,0000,2b04,0,2afc,0008,1,1,0,0,0000,2b04,0000,0000,0000,0000,0,2b04,2b04,0000,0,000,2b04,2b04
672,672,0,0000000000000000,80,0,0,2b04,800a,0,0000,2b04,0,2afc,0008,1,1,0,0,0000,2b04,0000,0000,0000,0000,0,2b04,2b04,0000,0,000,2b04,2b04
673,673,0,0000000000000000,80,0,0,2b04,800a,0,0000,2b04,0,2afc,0008,1,1,0,0,0000,2b04,0000,0000,0000,0000,0,2b04,2b04,0000,0,000,2b04,2b04
674,674,0,0000000000000000,80,0,0,2b04,800a,0,0000,2b04,0,2afc,0008,1,1,0,0,0000,2b04,0000,0000,0000,0000,0,2b04,2b04,0000,0,000,2b04,2b04
675,675,0,0000000000000000,80,0,0,2b04,800a,0,0000,2b04,0,2afc,0008,1,1,0,0,0000,2b04,0000,0000,0000,0000,0,2b04,2b04,0000,0,000,2b04,2b04
676,676,0,0000000000000000,80,0,0,2b04,800a,0,0000,2b04,0,2afc,0008,1,1,0,0,0000,2b04,0000,0000,0000,0000,0,2b04,2b04,0000,0,000,2b04,2b04
677,677,0,0000000000000000,80,0,0,2b04,800a,0,0000,2b04,0,2afc,0008,1,1,0,0,0000,2b04,0000,0000,0000,0000,0,2b04,2b04,0000,0,000,2b04,2b04
678,678,0,0000000000000000,80,0,0,2b04,800a,0,0000,2b04,0,2afc,0008,1,1,0,0,0000,2b04,0000,0000,0000,0000,0,2b04,2b04,0000,0,000,2b04,2b04
679,679,0,0000000000000000,80,0,0,2b04,800a,0,0000,2b04,0,2afc,0008,1,1,0,0,0000,2b04,0000,0000,0000,0000,0,2b04,2b04,0000,0,000,2b04,2b04
680,680,0,0000000000000000,80,0,0,2b04,800a,0,0000,2b04,0,2afc,0008,1,1,0,0,0000,2b04,0000,0000,0000,0000,0,2b04,2b04,0000,0,000,2b04,2b04
681,681,0,0000000000000000,80,0,0,2b04,800a,0,0000,2b04,0,2afc,0008,1,1,0,0,0000,2b04,0000,0000,0000,0000,0,2b04,2b04,0000,0,000,2b04,2b04
682,682,0,0000000000000000,80,0,0,2b04,800a,0,0000,2b04,0,2afc,0008,1,1,0,0,0000,2b04,0000,0000,0000,0000,0,2b04,2b04,0000,0,000,2b04,2b04
683,683,0,0000000000000000,80,0,0,2b04,800a,0,0000,2b04,0,2afc,0008,1,1,0,0,0000,2b04,0000,0000,0000,0000,0,2b04,2b04,0000,0,000,2b04,2b04
684,684,0,0000000000000000,80,0,0,2b04,800a,0,0000,2b04,0,2afc,0008,1,1,0,0,0000,2b04,0000,0000,0000,0000,0,2b04,2b04,0000,0,000,2b04,2b04
685,685,0,0000000000000000,80,0,0,2b04,800a,0,0000,2b04,0,2afc,0008,1,1,0,0,0000,2b04,0000,0000,0000,0000,0,2b04,2b04,0000,0,000,2b04,2b04
686,686,0,0000000000000000,80,0,0,2b04,800a,0,0000,2b04,0,2afc,0008,1,1,0,0,0000,2b04,0000,0000,0000,0000,0,2b04,2b04,0000,0,000,2b04,2b04
687,687,0,0000000000000000,80,0,0,2b04,800a,0,0000,2b04,0,2afc,0008,1,1,0,0,0000,2b04,0000,0000,0000,0000,0,2b04,2b04,0000,0,000,2b04,2b04
688,688,0,0000000000000000,80,0,0,2b04,800a,0,0000,2b04,0,2afc,0008,1,1,0,0,0000,2b04,0000,0000,0000,0000,0,2b04,2b04,0000,0,000,2b04,2b04
689,689,0,0000000000000000,80,0,0,2b04,800a,0,0000,2b04,0,2afc,0008,1,1,0,0,0000,2b04,0000,0000,0000,0000,0,2b04,2b04,0000,0,000,2b04,2b04
690,690,0,0000000000000000,80,0,0,2b04,800a,0,0000,2b04,0,2afc,0008,1,1,0,0,0000,2b04,0000,0000,0000,0000,0,2b04,2b04,0000,0,000,2b04,2b04
691,691,0,0000000000000000,80,0,0,2b04,800a,0,0000,2b04,0,2afc,0008,1,1,0,0,0000,2b04,0000,0000,0000,0000,0,2b04,2b04,0000,0,000,2b04,2b04
692,692,0,0000000000000000,80,0,0,2b04,800a,0,0000,2b04,0,2afc,0008,1,1,0,0,0000,2b04,0000,0000,0000,0000,0,2b04,2b04,0000,0,000,2b04,2b04
693,693,0,0000000000000000,80,0,0,2b04,800a,0,0000,2b04,0,2afc,0008,1,1,0,0,0000,2b04,0000,0000,0000,0000,0,2b04,2b04,0000,0,000,2b04,2b04
694,694,0,0000000000000000,80,0,0,2b04,800a,0,0000,2b04,0,2afc,0008,1,1,0,0,0000,2b04,0000,0000,0000,0000,0,2b04,2b04,0000,0,000,2b04,2b04
695,695,0,0000000000000000,80,0,0,2b04,800a,0,0000,2b04,0,2afc,0008,1,1,0,0,0000,2b04,0000,0000,0000,0000,0,2b04,2b04,0000,0,000,2b04,2b04
696,696,0,0000000000000000,80,0,0,2b04,800a,0,0000,2b04,0,2afc,0008,1,1,0,0,0000,2b04,0000,0000,0000,0000,0,2b04,2b04,0000,0,000,2b04,2b04
697,697,0,0000000000000000,80,0,0,2b04,800a,0,0000,2b04,0,2afc,0008,1,1,0,0,0000,2b04,0000,0000,0000,0000,0,2b04,2b04,0000,0,000,2b04,2b04
698,698,0,0000000000000000,80,0,0,2b04,800a,0,0000,2b04,0,2afc,0008,1,1,0,0,0000,2b04,0000,0000,0000,0000,0,2b04,2b04,0000,0,000,2b04,2b04
699,699,0,0000000000000000,80,0,0,2b04,800a,0,0000,2b04,0,2afc,0008,1,1,0,0,0000,2b04,0000,0000,0000,0000,0,2b04,2b04,0000,0,000,2b04,2b04
700,700,0,0000000000000000,80,0,0,2b04,800a,0,0000,2b04,0,2afc,0008,1,1,0,0,0000,2b04,0000,0000,0000,0000,0,2b04,2b04,0000,0,000,2b04,2b04
701,701,0,0000000000000000,80,0,0,2b04,800a,0,0000,2b04,0,2afc,0008,1,1,0,0,0000,2b04,0000,0000,0000,0000,0,2b04,2b04,0000,0,000,2b04,2b04
702,702,0,0000000000000000,80,0,0,2b04,800a,0,0000,2b04,0,2afc,0008,1,1,0,0,0000,2b04,0000,0000,0000,0000,0,2b04,2b04,0000,0,000,2b04,2b04
703,703,0,0000000000000000,80,0,0,2b04,800a,0,0000,2b04,0,2afc,0008,1,1,0,0,0000,2b04,0000,0000,0000,0000,0,2b04,2b04,0000,0,000,2b04,2b04
704,704,0,0000000000000000,80,0,0,2b04,800a,0,0000,2b04,0,2afc,0008,1,1,0,0,0000,2b04,0000,0000,0000,0000,0,2b04,2b04,0000,0,000,2b04,2b04
705,705,0,0000000000000000,80,0,0,2b04,800a,0,0000,2b04,0,2afc,0008,1,1,0,0,0000,2b04,0000,0000,0000,0000,0,2b04,2b04,0000,0,000,2b04,2b04
706,706,0,0000000000000000,80,0,0,2b04,800a,0,0000,2b04,0,2afc,0008,1,1,0,0,0000,2b04,0000,0000,0000,0000,0,2b04,2b04,0000,0,000,2b04,2b04
707,707,0,0000000000000000,80,0,0,2b04,800a,0,0000,2b04,0,2afc,0008,1,1,0,0,0000,2b04,0000,0000,0000,0000,0,2b04,2b04,0000,0,000,2b04,2b04
708,708,0,0000000000000000,80,0,0,2b04,800a,0,0000,2b04,0,2afc,0008,1,1,0,0,0000,2b04,0000,0000,0000,0000,0,2b04,2b04,0000,0,000,2b04,2b04
709,709,0,0000000000000000,80,0,0,2b04,800a,0,0000,2b04,0,2afc,0008,1,1,0,0,0000,2b04,0000,0000,0000,0000,0,2b04,2b04,0000,0,000,2b04,2b04
710,710,0,0000000000000000,80,0,0,2b04,800a,0,0000,2b04,0,2afc,0008,1,1,0,0,0000,2b04,0000,0000,0000,0000,0,2b04,2b04,0000,0,000,2b04,2b04
711,711,0,0000000000000000,80,0,0,2b04,800a,0,0000,2b04,0,2afc,0008,1,1,0,0,0000,2b04,0000,0000,0000,0000,0,2b04,2b04,0000,0,000,2b04,2b04
712,712,0,0000000000000000,80,0,0,2b04,800a,0,0000,2b04,0,2afc,0008,1,1,0,0,0000,2b04,0000,0000,0000,0000,0,2b04,2b04,0000,0,000,2b04,2b04
713,713,0,0000000000000000,80,0,0,2b04,800a,0,0000,2b04,0,2afc,0008,1,1,0,0,0000,2b04,0000,0000,0000,0000,0,2b04,2b04,0000,0,000,2b04,2b04
714,714,0,0000000000000000,80,0,0,2b04,800a,0,0000,2b04,0,2afc,0008,1,1,0,0,0000,2b04,0000,0000,0000,0000,0,2b04,2b04,0000,0,000,2b04,2b04
715,715,0,0000000000000000,80,0,0,2b04,800a,0,0000,2b04,0,2afc,0008,1,1,0,0,0000,2b04,0000,0000,0000,0000,0,2b04,2b04,0000,0,000,2b04,2b04
716,716,0,0000000000000000,80,0,0,2b04,800a,0,0000,2b04,0,2afc,0008,1,1,0,0,0000,2b04,0000,0000,0000,0000,0,2b04,2b04,0000,0,000,2b04,2b04
717,717,0,0000000000000000,80,0,0,2b04,800a,0,0000,2b04,0,2afc,0008,1,1,0,0,0000,2b04,0000,0000,0000,0000,0,2b04,2b04,0000,0,000,2b04,2b04
718,718,0,0000000000000000,80,0,0,2b04,800a,0,0000,2b04,0,2afc,0008,1,1,0,0,0000,2b04,0000,0000,0000,0000,0,2b04,2b04,0000,0,000,2b04,2b04
719,719,0,0000000000000000,80,0,0,2b04,800a,0,0000,2b04,0,2afc,0008,1,1,0,0,0000,2b04,0000,0000,0000,0000,0,2b04,2b04,0000,0,000,2b04,2b04
720,720,0,0000000000000000,80,0,0,2b04,800a,0,0000,2b04,0,2afc,0008,1,1,0,0,0000,2b04,0000,0000,0000,0000,0,2b04,2b04,0000,0,000,2b04,2b04
721,721,0,0000000000000000,80,0,0,2b04,800a,0,0000,2b04,0,2afc,0008,1,1,0,0,0000,2b04,0000,0000,0000,0000,0,2b04,2b04,0000,0,000,2b04,2b04
722,722,0,0000000000000000,80,0,0,2b04,800a,0,0000,2b04,0,2afc,0008,1,1,0,0,0000,2b04,0000,0000,0000,0000,0,2b04,2b04,0000,0,000,2b04,2b04
723,723,0,0000000000000000,80,0,0,2b04,800a,0,0000,2b04,0,2afc,0008,1,1,0,0,0000,2b04,0000,0000,0000,0000,0,2b04,2b04,0000,0,000,2b04,2b04
724,724,0,0000000000000000,80,0,0,2b04,800a,0,0000,2b04,0,2afc,0008,1,1,0,0,0000,2b04,0000,0000,0000,0000,0,2b04,2b04,0000,0,000,2b04,2b04
725,725,0,0000000000000000,80,0,0,2b04,800a,0,0000,2b04,0,2afc,0008,1,1,0,0,0000,2b04,0000,0000,0000,0000,0,2b04,2b04,0000,0,000,2b04,2b04
726,726,0,0000000000000000,80,0,0,2b04,800a,0,0000,2b04,0,2afc,0008,1,1,0,0,0000,2b04,0000,0000,0000,0000,0,2b04,2b04,0000,0,000,2b04,2b04
727,727,0,0000000000000000,80,0,0,2b04,800a,0,0000,2b04,0,2afc,0008,1,1,0,0,0000,2b04,0000,0000,0000,0000,0,2b04,2b04,0000,0,000,2b04,2b04
728,728,0,0000000000000000,80,0,0,2b04,800a,0,0000,2b04,0,2afc,0008,1,1,0,0,0000,2b04,0000,0000,0000,0000,0,2b04,2b04,0000,0,000,2b04,2b04
729,729,0,0000000000000000,80,0,0,2b04,800a,0,0000,2b04,0,2afc,0008,1,1,0,0,0000,2b04,0000,0000,0000,0000,0,2b04,2b04,0000,0,000,2b04,2b04
730,730,0,0000000000000000,80,0,0,2b04,800a,0,0000,2b04,0,2afc,0008,1,1,0,0,0000,2b04,0000,0000,0000,0000,0,2b04,2b04,0000,0,000,2b04,2b04
731,731,0,0000000000000000,80,0,0,2b04,800a,0,0000,2b04,0,2afc,0008,1,1,0,0,0000,2b04,0000,0000,0000,0000,0,2b04,2b04,0000,0,000,2b04,2b04
732,732,0,0000000000000000,80,0,0,2b04,800a,0,0000,2b04,0,2afc,0008,1,1,0,0,0000,2b04,0000,0000,0000,0000,0,2b04,2b04,0000,0,000,2b04,2b04
733,733,0,0000000000000000,80,0,0,2b04,800a,0,0000,2b04,0,2afc,0008,1,1,0,0,0000,2b04,0000,0000,0000,0000,0,2b04,2b04,0000,0,000,2b04,2b04
734,734,0,0000000000000000,80,0,0,2b04,800a,0,0000,2b04,0,2afc,0008,1,1,0,0,0000,2b04,0000,0000,0000,0000,0,2b04,2b04,0000,0,000,2b04,2b04
735,735,0,0000000000000000,80,0,0,2b04,800a,0,0000,2b04,0,2afc,0008,1,1,0,0,0000,2b04,0000,0000,0000,0000,0,2b04,2b04,0000,0,000,2b04,2b04
736,736,0,0000000000000000,80,0,0,2b04,800a,0,0000,2b04,0,2afc,0008,1,1,0,0,0000,2b04,0000,0000,0000,0000,0,2b04,2b04,0000,0,000,2b04,2b04
737,737,0,0000000000000000,80,0,0,2b04,800a,0,0000,2b04,0,2afc,0008,1,1,0,0,0000,2b04,0000,0000,0000,0000,0,2b04,2b04,0000,0,000,2b04,2b04
738,738,0,0000000000000000,80,0,0,2b04,800a,0,0000,2b04,0,2afc,0008,1,1,0,0,0000,2b04,0000,0000,0000,0000,0,2b04,2b04,0000,0,000,2b04,2b04
739,739,0,0000000000000000,80,0,0,2b04,800a,0,0000,2b04,0,2afc,0008,1,1,0,0,0000,2b04,0000,0000,0000,0000,0,2b04,2b04,0000,0,000,2b04,2b04
740,740,0,0000000000000000,80,0,0,2b04,800a,0,0000,2b04,0,2afc,0008,1,1,0,0,0000,2b04,0000,0000,0000,0000,0,2b04,2b04,0000,0,000,2b04,2b04
741,741,0,0000000000000000,80,0,0,2b04,800a,0,0000,2b04,0,2afc,0008,1,1,0,0,0000,2b04,0000,0000,0000,0000,0,2b04,2b04,0000,0,000,2b04,2b04
742,742,0,0000000000000000,80,0,0,2b04,800a,0,0000,2b04,0,2afc,0008,1,1,0,0,0000,2b04,0000,0000,0000,0000,0,2b04,2b04,0000,0,000,2b04,2b04
743,743,0,0000000000000000,80,0,0,2b04,800a,0,0000,2b04,0,2afc,0008,1,1,0,0,0000,2b04,0000,0000,0000,0000,0,2b04,2b04,0000,0,000,2b04,2b04
744,744,0,0000000000000000,80,0,0,2b04,800a,0,0000,2b04,0,2afc,0008,1,1,0,0,0000,2b04,0000,0000,0000,0000,0,2b04,2b04,0000,0,000,2b04,2b04
745,745,0,0000000000000000,80,0,0,2b04,800a,0,0000,2b04,0,2afc,0008,1,1,0,0,0000,2b04,0000,0000,0000,0000,0,2b04,2b04,0000,0,000,2b04,2b04
746,746,0,0000000000000000,80,0,0,2b04,800a,0,0000,2b04,0,2afc,0008,1,1,0,0,0000,2b04,0000,0000,0000,0000,0,2b04,2b04,0000,0,000,2b04,2b04
747,747,0,0000000000000000,80,0,0,2b04,800a,0,0000,2b04,0,2afc,0008,1,1,0,0,0000,2b04,0000,0000,0000,0000,0,2b04,2b04,0000,0,000,2b04,2b04
748,748,0,0000000000000000,80,0,0,2b04,800a,0,0000,2b04,0,2afc,0008,1,1,0,0,0000,2b04,0000,0000,0000,0000,0,2b04,2b04,0000,0,000,2b04,2b04
749,749,0,0000000000000000,80,0,0,2b04,800a,0,0000,2b04,0,2afc,0008,1,1,0,0,0000,2b04,0000,0000,0000,0000,0,2b04,2b04,0000,0,000,2b04,2b04
750,750,0,0000000000000000,80,0,0,2b04,800a,0,0000,2b04,0,2afc,0008,1,1,0,0,0000,2b04,0000,0000,0000,0000,0,2b04,2b04,0000,0,000,2b04,2b04
751,751,0,0000000000000000,80,0,0,2b04,800a,0,0000,2b04,0,2afc,0008,1,1,0,0,0000,2b04,0000,0000,0000,0000,0,2b04,2b04,0000,0,000,2b04,2b04
752,752,0,0000000000000000,80,0,0,2b04,800a,0,0000,2b04,0,2afc,0008,1,1,0,0,0000,2b04,0000,0000,0000,0000,0,2b04,2b04,0000,0,000,2b04,2b04
753,753,0,0000000000000000,80,0,0,2b04,800a,0,0000,2b04,0,2afc,0008,1,1,0,0,0000,2b04,0000,0000,0000,0000,0,2b04,2b04,0000,0,000,2b04,2b04
754,754,0,0000000000000000,80,0,0,2b04,800a,0,0000,2b04,0,2afc,0008,1,1,0,0,0000,2b04,0000,0000,0000,0000,0,2b04,2b04,0000,0,000,2b04,2b04
755,755,0,0000000000000000,80,0,0,2b04,800a,0,0000,2b04,0,2afc,0008,1,1,0,0,0000,2b04,0000,0000,0000,0000,0,2b04,2b04,0000,0,000,2b04,2b04
756,756,0,0000000000000000,80,0,0,2b04,800a,0,0000,2b04,0,2afc,0008,1,1,0,0,0000,2b04,0000,0000,0000,0000,0,2b04,2b04,0000,0,000,2b04,2b04
757,757,0,0000000000000000,80,0,0,2b04,800a,0,0000,2b04,0,2afc,0008,1,1,0,0,0000,2b04,0000,0000,0000,0000,0,2b04,2b04,0000,0,000,2b04,2b04
758,758,0,0000000000000000,80,0,0,2b04,800a,0,0000,2b04,0,2afc,0008,1,1,0,0,0000,2b04,0000,0000,0000,0000,0,2b04,2b04,0000,0,000,2b04,2b04
759,759,0,0000000000000000,80,0,0,2b04,800a,0,0000,2b04,0,2afc,0008,1,1,0,0,0000,2b04,0000,0000,0000,0000,0,2b04,2b04,0000,0,000,2b04,2b04
760,760,0,0000000000000000,80,0,0,2b04,800a,0,0000,2b04,0,2afc,0008,1,1,0,0,0000,2b04,0000,0000,0000,0000,0,2b04,2b04,0000,0,000,2b04,2b04
761,761,0,0000000000000000,80,0,0,2b04,800a,0,0000,2b04,0,2afc,0008,1,1,0,0,0000,2b04,0000,0000,0000,0000,0,2b04,2b04,0000,0,000,2b04,2b04
762,762,0,0000000000000000,80,0,0,2b04,800a,0,0000,2b04,0,2afc,0008,1,1,0,0,0000,2b04,0000,0000,0000,0000,0,2b04,2b04,0000,0,000,2b04,2b04
763,763,0,0000000000000000,80,0,0,2b04,800a,0,0000,2b04,0,2afc,0008,1,1,0,0,0000,2b04,0000,0000,0000,0000,0,2b04,2b04,0000,0,000,2b04,2b04
764,764,0,0000000000000000,80,0,0,2b04,800a,0,0000,2b04,0,2afc,0008,1,1,0,0,0000,2b04,0000,0000,0000,0000,0,2b04,2b04,0000,0,000,2b04,2b04
765,765,0,0000000000000000,80,0,0,2b04,800a,0,0000,2b04,0,2afc,0008,1,1,0,0,0000,2b04,0000,0000,0000,0000,0,2b04,2b04,0000,0,000,2b04,2b04
766,766,0,0000000000000000,80,0,0,2b04,800a,0,0000,2b04,0,2afc,0008,1,1,0,0,0000,2b04,0000,0000,0000,0000,0,2b04,2b04,0000,0,000,2b04,2b04
767,767,0,0000000000000000,80,0,0,2b04,800a,0,0000,2b04,0,2afc,0008,1,1,0,0,0000,2b04,0000,0000,0000,0000,0,2b04,2b04,0000,0,000,2b04,2b04
768,768,0,0000000000000000,80,0,0,2b04,800a,0,0000,2b04,0,2afc,0008,1,1,0,0,0000,2b04,0000,0000,0000,0000,0,2b04,2b04,0000,0,000,2b04,2b04
769,769,0,0000000000000000,80,0,0,2b04,800a,0,0000,2b04,0,2afc,0008,1,1,0,0,0000,2b04,0000,0000,0000,0000,0,2b04,2b04,0000,0,000,2b04,2b04
770,770,0,0000000000000000,80,0,0,2b04,800a,0,0000,2b04,0,2afc,0008,1,1,0,0,0000,2b04,0000,0000,0000,0000,0,2b04,2b04,0000,0,000,2b04,2b04
771,771,0,0000000000000000,80,0,0,2b04,800a,0,0000,2b04,0,2afc,0008,1,1,0,0,0000,2b04,0000,0000,0000,0000,0,2b04,2b04,0000,0,000,2b04,2b04
772,772,0,0000000000000000,80,0,0,2b04,800a,0,0000,2b04,0,2afc,0008,1,1,0,0,0000,2b04,0000,0000,0000,0000,0,2b04,2b04,0000,0,000,2b04,2b04
773,773,0,0000000000000000,80,0,0,2b04,800a,0,0000,2b04,0,2afc,0008,1,1,0,0,0000,2b04,0000,0000,0000,0000,0,2b04,2b04,0000,0,000,2b04,2b04
774,774,0,0000000000000000,80,0,0,2b04,800a,0,0000,2b04,0,2afc,0008,1,1,0,0,0000,2b04,0000,0000,0000,0000,0,2b04,2b04,0000,0,000,2b04,2b04
775,775,0,0000000000000000,80,0,0,2b04,800a,0,0000,2b04,0,2afc,0008,1,1,0,0,0000,2b04,0000,0000,0000,0000,0,2b04,2b04,0000,0,000,2b04,2b04
776,776,0,0000000000000000,80,0,0,2b04,800a,0,0000,2b04,0,2afc,0008,1,1,0,0,0000,2b04,0000,0000,0000,0000,0,2b04,2b04,0000,0,000,2b04,2b04
777,777,0,0000000000000000,80,0,0,2b04,800a,0,0000,2b04,0,2afc,0008,1,1,0,0,0000,2b04,0000,0000,0000,0000,0,2b04,2b04,0000,0,000,2b04,2b04
778,778,0,0000000000000000,80,0,0,2b04,800a,0,0000,2b04,0,2afc,0008,1,1,0,0,0000,2b04,0000,0000,0000,0000,0,2b04,2b04,0000,0,000,2b04,2b04
779,779,0,0000000000000000,80,0,0,2b04,800a,0,0000,2b04,0,2afc,0008,1,1,0,0,0000,2b04,0000,0000,0000,0000,0,2b04,2b04,0000,0,000,2b04,2b04
780,780,0,0000000000000000,80,0,0,2b04,800a,0,0000,2b04,0,2afc,0008,1,1,0,0,0000,2b04,0000,0000,0000,0000,0,2b04,2b04,0000,0,000,2b04,2b04
781,781,0,0000000000000000,80,0,0,2b04,800a,0,0000,2b04,0,2afc,0008,1,1,0,0,0000,2b04,0000,0000,0000,0000,0,2b04,2b04,0000,0,000,2b04,2b04
782,782,0,0000000000000000,80,0,0,2b04,800a,0,0000,2b04,0,2afc,0008,1,1,0,0,0000,2b04,0000,0000,0000,0000,0,2b04,2b04,0000,0,000,2b04,2b04
783,783,0,0000000000000000,80,0,0,2b04,800a,0,0000,2b04,0,2afc,0008,1,1,0,0,0000,2b04,0000,0000,0000,0000,0,2b04,2b04,0000,0,000,2b04,2b04
784,784,0,0000000000000000,80,0,0,2b04,800a,0,0000,2b04,0,2afc,0008,1,1,0,0,0000,2b04,0000,0000,0000,0000,0,2b04,2b04,0000,0,000,2b04,2b04
785,785,0,0000000000000000,80,0,0,2b04,800a,0,0000,2b04,0,2afc,0008,1,1,0,0,0000,2b04,0000,0000,0000,0000,0,2b04,2b04,0000,0,000,2b04,2b04
786,786,0,0000000000000000,80,0,0,2b04,800a,0,0000,2b04,0,2afc,0008,1,1,0,0,0000,2b04,0000,0000,0000,0000,0,2b04,2b04,0000,0,000,2b04,2b04
787,787,0,0000000000000000,80,0,0,2b04,800a,0,0000,2b04,0,2afc,0008,1,1,0,0,0000,2b04,0000,0000,0000,0000,0,2b04,2b04,0000,0,000,2b04,2b04
788,788,0,0000000000000000,80,0,0,2b04,800a,0,0000,2b04,0,2afc,0008,1,1,0,0,0000,2b04,0000,0000,0000,0000,0,2b04,2b04,0000,0,000,2b04,2b04
789,789,0,0000000000000000,80,0,0,2b04,800a,0,0000,2b04,0,2afc,0008,1,1,0,0,0000,2b04,0000,0000,0000,0000,0,2b04,2b04,0000,0,000,2b04,2b04
790,790,0,0000000000000000,80,0,0,2b04,800a,0,0000,2b04,0,2afc,0008,1,1,0,0,0000,2b04,0000,0000,0000,0000,0,2b04,2b04,0000,0,000,2b04,2b04
791,791,0,0000000000000000,80,0,0,2b04,800a,0,0000,2b04,0,2afc,0008,1,1,0,0,0000,2b04,0000,0000,0000,0000,0,2b04,2b04,0000,0,000,2b04,2b04
792,792,0,0000000000000000,80,0,0,2b04,800a,0,0000,2b04,0,2afc,0008,1,1,0,0,0000,2b04,0000,0000,0000,0000,0,2b04,2b04,0000,0,000,2b04,2b04
793,793,0,0000000000000000,80,0,0,2b04,800a,0,0000,2b04,0,2afc,0008,1,1,0,0,0000,2b04,0000,0000,0000,0000,0,2b04,2b04,0000,0,000,2b04,2b04
794,794,0,0000000000000000,80,0,0,2b04,800a,0,0000,2b04,0,2afc,0008,1,1,0,0,0000,2b04,0000,0000,0000,0000,0,2b04,2b04,0000,0,000,2b04,2b04
795,795,0,0000000000000000,80,0,0,2b04,800a,0,0000,2b04,0,2afc,0008,1,1,0,0,0000,2b04,0000,0000,0000,0000,0,2b04,2b04,0000,0,000,2b04,2b04
796,796,0,0000000000000000,80,0,0,2b04,800a,0,0000,2b04,0,2afc,0008,1,1,0,0,0000,2b04,0000,0000,0000,0000,0,2b04,2b04,0000,0,000,2b04,2b04
797,797,0,0000000000000000,80,0,0,2b04,800a,0,0000,2b04,0,2afc,0008,1,1,0,0,0000,2b04,0000,0000,0000,0000,0,2b04,2b04,0000,0,000,2b04,2b04
798,798,0,0000000000000000,80,0,0,2b04,800a,0,0000,2b04,0,2afc,0008,1,1,0,0,0000,2b04,0000,0000,0000,0000,0,2b04,2b04,0000,0,000,2b04,2b04
799,799,0,0000000000000000,80,0,0,2b04,800a,0,0000,2b04,0,2afc,0008,1,1,0,0,0000,2b04,0000,0000,0000,0000,0,2b04,2b04,0000,0,000,2b04,2b04
800,800,0,0000000000000000,80,0,0,2b04,800a,0,0000,2b04,0,2afc,0008,1,1,0,0,0000,2b04,0000,0000,0000,0000,0,2b04,2b04,0000,0,000,2b04,2b04
801,801,0,0000000000000000,80,0,0,2b04,800a,0,0000,2b04,0,2afc,0008,1,1,0,0,0000,2b04,0000,0000,0000,0000,0,2b04,2b04,0000,0,000,2b04,2b04
802,802,0,0000000000000000,80,0,0,2b04,800a,0,0000,2b04,0,2afc,0008,1,1,0,0,0000,2b04,0000,0000,0000,0000,0,2b04,2b04,0000,0,000,2b04,2b04
803,803,0,0000000000000000,80,0,0,2b04,800a,0,0000,2b04,0,2afc,0008,1,1,0,0,0000,2b04,0000,0000,0000,0000,0,2b04,2b04,0000,0,000,2b04,2b04
804,804,0,0000000000000000,80,0,0,2b04,800a,0,0000,2b04,0,2afc,0008,1,1,0,0,0000,2b04,0000,0000,0000,0000,0,2b04,2b04,0000,0,000,2b04,2b04
805,805,0,0000000000000000,80,0,0,2b04,800a,0,0000,2b04,0,2afc,0008,1,1,0,0,0000,2b04,0000,0000,0000,0000,0,2b04,2b04,0000,0,000,2b04,2b04
806,806,0,0000000000000000,80,0,0,2b04,800a,0,0000,2b04,0,2afc,0008,1,1,0,0,0000,2b04,0000,0000,0000,0000,0,2b04,2b04,0000,0,000,2b04,2b04
807,807,0,0000000000000000,80,0,0,2b04,800a,0,0000,2b04,0,2afc,0008,1,1,0,0,0000,2b04,0000,0000,0000,0000,0,2b04,2b04,0000,0,000,2b04,2b04
808,808,0,0000000000000000,80,0,0,2b04,800a,0,0000,2b04,0,2afc,0008,1,1,0,0,0000,2b04,0000,0000,0000,0000,0,2b04,2b04,0000,0,000,2b04,2b04
809,809,0,0000000000000000,80,0,0,2b04,800a,0,0000,2b04,0,2afc,0008,1,1,0,0,0000,2b04,0000,0000,0000,0000,0,2b04,2b04,0000,0,000,2b04,2b04
810,810,0,0000000000000000,80,0,0,2b04,800a,0,0000,2b04,0,2afc,0008,1,1,0,0,0000,2b04,0000,0000,0000,0000,0,2b04,2b04,0000,0,000,2b04,2b04
811,811,0,0000000000000000,80,0,0,2b04,800a,0,0000,2b04,0,2afc,0008,1,1,0,0,0000,2b04,0000,0000,0000,0000,0,2b04,2b04,0000,0,000,2b04,2b04
812,812,0,0000000000000000,80,0,0,2b04,800a,0,0000,2b04,0,2afc,0008,1,1,0,0,0000,2b04,0000,0000,0000,0000,0,2b04,2b04,0000,0,000,2b04,2b04
813,813,0,0000000000000000,80,0,0,2b04,800a,0,0000,2b04,0,2afc,0008,1,1,0,0,0000,2b04,0000,0000,0000,0000,0,2b04,2b04,0000,0,000,2b04,2b04
814,814,0,0000000000000000,80,0,0,2b04,800a,0,0000,2b04,0,2afc,0008,1,1,0,0,0000,2b04,0000,0000,0000,0000,0,2b04,2b04,0000,0,000,2b04,2b04
815,815,0,0000000000000000,80,0,0,2b04,800a,0,0000,2b04,0,2afc,0008,1,1,0,0,0000,2b04,0000,0000,0000,0000,0,2b04,2b04,0000,0,000,2b04,2b04
816,816,0,0000000000000000,80,0,0,2b04,800a,0,0000,2b04,0,2afc,0008,1,1,0,0,0000,2b04,0000,0000,0000,0000,0,2b04,2b04,0000,0,000,2b04,2b04
817,817,0,0000000000000000,80,0,0,2b04,800a,0,0000,2b04,0,2afc,0008,1,1,0,0,0000,2b04,0000,0000,0000,0000,0,2b04,2b04,0000,0,000,2b04,2b04
818,818,0,0000000000000000,80,0,0,2b04,800a,0,0000,2b04,0,2afc,0008,1,1,0,0,0000,2b04,0000,0000,0000,0000,0,2b04,2b04,0000,0,000,2b04,2b04
819,819,0,0000000000000000,80,0,0,2b04,800a,0,0000,2b04,0,2afc,0008,1,1,0,0,0000,2b04,0000,0000,0000,0000,0,2b04,2b04,0000,0,000,2b04,2b04
820,820,0,0000000000000000,80,0,0,2b04,800a,0,0000,2b04,0,2afc,0008,1,1,0,0,0000,2b04,0000,0000,0000,0000,0,2b04,2b04,0000,0,000,2b04,2b04
821,821,0,0000000000000000,80,0,0,2b04,800a,0,0000,2b04,0,2afc,0008,1,1,0,0,0000,2b04,0000,0000,0000,0000,0,2b04,2b04,0000,0,000,2b04,2b04
822,822,0,0000000000000000,80,0,0,2b04,800a,0,0000,2b04,0,2afc,0008,1,1,0,0,0000,2b04,0000,0000,0000,0000,0,2b04,2b04,0000,0,000,2b04,2b04
823,823,0,0000000000000000,80,0,0,2b04,800a,0,0000,2b04,0,2afc,0008,1,1,0,0,0000,2b04,0000,0000,0000,0000,0,2b04,2b04,0000,0,000,2b04,2b04
824,824,0,0000000000000000,80,0,0,2b04,800a,0,0000,2b04,0,2afc,0008,1,1,0,0,0000,2b04,0000,0000,0000,0000,0,2b04,2b04,0000,0,000,2b04,2b04
825,825,0,0000000000000000,80,0,0,2b04,800a,0,0000,2b04,0,2afc,0008,1,1,0,0,0000,2b04,0000,0000,0000,0000,0,2b04,2b04,0000,0,000,2b04,2b04
826,826,0,0000000000000000,80,0,0,2b04,800a,0,0000,2b04,0,2afc,0008,1,1,0,0,0000,2b04,0000,0000,0000,0000,0,2b04,2b04,0000,0,000,2b04,2b04
827,827,0,0000000000000000,80,0,0,2b04,800a,0,0000,2b04,0,2afc,0008,1,1,0,0,0000,2b04,0000,0000,0000,0000,0,2b04,2b04,0000,0,000,2b04,2b04
828,828,0,0000000000000000,80,0,0,2b04,800a,0,0000,2b04,0,2afc,0008,1,1,0,0,0000,2b04,0000,0000,0000,0000,0,2b04,2b04,0000,0,000,2b04,2b04
829,829,0,0000000000000000,80,0,0,2b04,800a,0,0000,2b04,0,2afc,0008,1,1,0,0,0000,2b04,0000,0000,0000,0000,0,2b04,2b04,0000,0,000,2b04,2b04
830,830,0,0000000000000000,80,0,0,2b04,800a,0,0000,2b04,0,2afc,0008,1,1,0,0,0000,2b04,0000,0000,0000,0000,0,2b04,2b04,0000,0,000,2b04,2b04
831,831,0,0000000000000000,80,0,0,2b04,800a,0,0000,2b04,0,2afc,0008,1,1,0,0,0000,2b04,0000,0000,0000,0000,0,2b04,2b04,0000,0,000,2b04,2b04
832,832,0,0000000000000000,80,0,0,2b04,800a,0,0000,2b04,0,2afc,0008,1,1,0,0,0000,2b04,0000,0000,0000,0000,0,2b04,2b04,0000,0,000,2b04,2b04
833,833,0,0000000000000000,80,0,0,2b04,800a,0,0000,2b04,0,2afc,0008,1,1,0,0,0000,2b04,0000,0000,0000,0000,0,2b04,2b04,0000,0,000,2b04,2b04
834,834,0,0000000000000000,80,0,0,2b04,800a,0,0000,2b04,0,2afc,0008,1,1,0,0,0000,2b04,0000,0000,0000,0000,0,2b04,2b04,0000,0,000,2b04,2b04
835,835,0,0000000000000000,80,0,0,2b04,800a,0,0000,2b04,0,2afc,0008,1,1,0,0,0000,2b04,0000,0000,0000,0000,0,2b04,2b04,0000,0,000,2b04,2b04
836,836,0,0000000000000000,80,0,0,2b04,800a,0,0000,2b04,0,2afc,0008,1,1,0,0,0000,2b04,0000,0000,0000,0000,0,2b04,2b04,0000,0,000,2b04,2b04
837,837,0,0000000000000000,80,0,0,2b04,800a,0,0000,2b04,0,2afc,0008,1,1,0,0,0000,2b04,0000,0000,0000,0000,0,2b04,2b04,0000,0,000,2b04,2b04
838,838,0,0000000000000000,80,0,0,2b04,800a,0,0000,2b04,0,2afc,0008,1,1,0,0,0000,2b04,0000,0000,0000,0000,0,2b04,2b04,0000,0,000,2b04,2b04
839,839,0,0000000000000000,80,0,0,2b04,800a,0,0000,2b04,0,2afc,0008,1,1,0,0,0000,2b04,0000,0000,0000,0000,0,2b04,2b04,0000,0,000,2b04,2b04
840,840,0,0000000000000000,80,0,0,2b04,800a,0,0000,2b04,0,2afc,0008,1,1,0,0,0000,2b04,0000,0000,0000,0000,0,2b04,2b04,0000,0,000,2b04,2b04
841,841,0,0000000000000000,80,0,0,2b04,800a,0,0000,2b04,0,2afc,0008,1,1,0,0,0000,2b04,0000,0000,0000,0000,0,2b04,2b04,0000,0,000,2b04,2b04
842,842,0,0000000000000000,80,0,0,2b04,800a,0,0000,2b04,0,2afc,0008,1,1,0,0,0000,2b04,0000,0000,0000,0000,0,2b04,2b04,0000,0,000,2b04,2b04
843,843,0,0000000000000000,80,0,0,2b04,800a,0,0000,2b04,0,2afc,0008,1,1,0,0,0000,2b04,0000,0000,0000,0000,0,2b04,2b04,0000,0,000,2b04,2b04
844,844,0,0000000000000000,80,0,0,2b04,800a,0,0000,2b04,0,2afc,0008,1,1,0,0,0000,2b04,0000,0000,0000,0000,0,2b04,2b04,0000,0,000,2b04,2b04
845,845,0,0000000000000000,80,0,0,2b04,800a,0,0000,2b04,0,2afc,0008,1,1,0,0,0000,2b04,0000,0000,0000,0000,0,2b04,2b04,0000,0,000,2b04,2b04
846,846,0,0000000000000000,80,0,0,2b04,800a,0,0000,2b04,0,2afc,0008,1,1,0,0,0000,2b04,0000,0000,0000,0000,0,2b04,2b04,0000,0,000,2b04,2b04
847,847,0,0000000000000000,80,0,0,2b04,800a,0,0000,2b04,0,2afc,0008,1,1,0,0,0000,2b04,0000,0000,0000,0000,0,2b04,2b04,0000,0,000,2b04,2b04
848,848,0,0000000000000000,80,0,0,2b04,800a,0,0000,2b04,0,2afc,0008,1,1,0,0,0000,2b04,0000,0000,0000,0000,0,2b04,2b04,0000,0,000,2b04,2b04
849,849,0,0000000000000000,80,0,0,2b04,800a,0,0000,2b04,0,2afc,0008,1,1,0,0,0000,2b04,0000,0000,0000,0000,0,2b04,2b04,0000,0,000,2b04,2b04
850,850,0,0000000000000000,80,0,0,2b04,800a,0,0000,2b04,0,2afc,0008,1,1,0,0,0000,2b04,0000,0000,0000,0000,0,2b04,2b04,0000,0,000,2b04,2b04
851,851,0,0000000000000000,80,0,0,2b04,800a,0,0000,2b04,0,2afc,0008,1,1,0,0,0000,2b04,0000,0000,0000,0000,0,2b04,2b04,0000,0,000,2b04,2b04
852,852,0,0000000000000000,80,0,0,2b04,800a,0,0000,2b04,0,2afc,0008,1,1,0,0,0000,2b04,0000,0000,0000,0000,0,2b04,2b04,0000,0,000,2b04,2b04
853,853,0,0000000000000000,80,0,0,2b04,800a,0,0000,2b04,0,2afc,0008,1,1,0,0,0000,2b04,0000,0000,0000,0000,0,2b04,2b04,0000,0,000,2b04,2b04
854,854,0,0000000000000000,80,0,0,2b04,800a,0,0000,2b04,0,2afc,0008,1,1,0,0,0000,2b04,0000,0000,0000,0000,0,2b04,2b04,0000,0,000,2b04,2b04
855,855,0,0000000000000000,80,0,0,2b04,800a,0,0000,2b04,0,2afc,0008,1,1,0,0,0000,2b04,0000,0000,0000,0000,0,2b04,2b04,0000,0,000,2b04,2b04
856,856,0,0000000000000000,80,0,0,2b04,800a,0,0000,2b04,0,2afc,0008,1,1,0,0,0000,2b04,0000,0000,0000,0000,0,2b04,2b04,0000,0,000,2b04,2b04
857,857,0,0000000000000000,80,0,0,2b04,800a,0,0000,2b04,0,2afc,0008,1,1,0,0,0000,2b04,0000,0000,0000,0000,0,2b04,2b04,0000,0,000,2b04,2b04
858,858,0,0000000000000000,80,0,0,2b04,800a,0,0000,2b04,0,2afc,0008,1,1,0,0,0000,2b04,0000,0000,0000,0000,0,2b04,2b04,0000,0,000,2b04,2b04
859,859,0,0000000000000000,80,0,0,2b04,800a,0,0000,2b04,0,2afc,0008,1,1,0,0,0000,2b04,0000,0000,0000,0000,0,2b04,2b04,0000,0,000,2b04,2b04
860,860,0,0000000000000000,80,0,0,2b04,800a,0,0000,2b04,0,2afc,0008,1,1,0,0,0000,2b04,0000,0000,0000,0000,0,2b04,2b04,0000,0,000,2b04,2b04
861,861,0,0000000000000000,80,0,0,2b04,800a,0,0000,2b04,0,2afc,0008,1,1,0,0,0000,2b04,0000,0000,0000,0000,0,2b04,2b04,0000,0,000,2b04,2b04
862,862,0,0000000000000000,80,0,0,2b04,800a,0,0000,2b04,0,2afc,0008,1,1,0,0,0000,2b04,0000,0000,0000,0000,0,2b04,2b04,0000,0,000,2b04,2b04
863,863,0,0000000000000000,80,0,0,2b04,800a,0,0000,2b04,0,2afc,0008,1,1,0,0,0000,2b04,0000,0000,0000,0000,0,2b04,2b04,0000,0,000,2b04,2b04
864,864,0,0000000000000000,80,0,0,2b04,800a,0,0000,2b04,0,2afc,0008,1,1,0,0,0000,2b04,0000,0000,0000,0000,0,2b04,2b04,0000,0,000,2b04,2b04
865,865,0,0000000000000000,80,0,0,2b04,800a,0,0000,2b04,0,2afc,0008,1,1,0,0,0000,2b04,0000,0000,0000,0000,0,2b04,2b04,0000,0,000,2b04,2b04
866,866,0,0000000000000000,80,0,0,2b04,800a,0,0000,2b04,0,2afc,0008,1,1,0,0,0000,2b04,0000,0000,0000,0000,0,2b04,2b04,0000,0,000,2b04,2b04
867,867,0,0000000000000000,80,0,0,2b04,800a,0,0000,2b04,0,2afc,0008,1,1,0,0,0000,2b04,0000,0000,0000,0000,0,2b04,2b04,0000,0,000,2b04,2b04
868,868,0,0000000000000000,80,0,0,2b04,800a,0,0000,2b04,0,2afc,0008,1,1,0,0,0000,2b04,0000,0000,0000,0000,0,2b04,2b04,0000,0,000,2b04,2b04
869,869,0,0000000000000000,80,0,0,2b04,800a,0,0000,2b04,0,2afc,0008,1,1,0,0,0000,2b04,0000,0000,0000,0000,0,2b04,2b04,0000,0,000,2b04,2b04
870,870,0,0000000000000000,80,0,0,2b04,800a,0,0000,2b04,0,2afc,0008,1,1,0,0,0000,2b04,0000,0000,0000,0000,0,2b04,2b04,0000,0,000,2b04,2b04
871,871,0,0000000000000000,80,0,0,2b04,800a,0,0000,2b04,0,2afc,0008,1,1,0,0,0000,2b04,0000,0000,0000,0000,0,2b04,2b04,0000,0,000,2b04,2b04
872,872,0,0000000000000000,80,0,0,2b04,800a,0,0000,2b04,0,2afc,0008,1,1,0,0,0000,2b04,0000,0000,0000,0000,0,2b04,2b04,0000,0,000,2b04,2b04
873,873,0,0000000000000000,80,0,0,2b04,800a,0,0000,2b04,0,2afc,0008,1,1,0,0,0000,2b04,0000,0000,0000,0000,0,2b04,2b04,0000,0,000,2b04,2b04
874,874,0,0000000000000000,80,0,0,2b04,800a,0,0000,2b04,0,2afc,0008,1,1,0,0,0000,2b04,0000,0000,0000,0000,0,2b04,2b04,0000,0,000,2b04,2b04
875,875,0,0000000000000000,80,0,0,2b04,800a,0,0000,2b04,0,2afc,0008,1,1,0,0,0000,2b04,0000,0000,0000,0000,0,2b04,2b04,0000,0,000,2b04,2b04
876,876,0,0000000000000000,80,0,0,2b04,800a,0,0000,2b04,0,2afc,0008,1,1,0,0,0000,2b04,0000,0000,0000,0000,0,2b04,2b04,0000,0,000,2b04,2b04
877,877,0,0000000000000000,80,0,0,2b04,800a,0,0000,2b04,0,2afc,0008,1,1,0,0,0000,2b04,0000,0000,0000,0000,0,2b04,2b04,0000,0,000,2b04,2b04
878,878,0,0000000000000000,80,0,0,2b04,800a,0,0000,2b04,0,2afc,0008,1,1,0,0,0000,2b04,0000,0000,0000,0000,0,2b04,2b04,0000,0,000,2b04,2b04
879,879,0,0000000000000000,80,0,0,2b04,800a,0,0000,2b04,0,2afc,0008,1,1,0,0,0000,2b04,0000,0000,0000,0000,0,2b04,2b04,0000,0,000,2b04,2b04
880,880,0,0000000000000000,80,0,0,2b04,800a,0,0000,2b04,0,2afc,0008,1,1,0,0,0000,2b04,0000,0000,0000,0000,0,2b04,2b04,0000,0,000,2b04,2b04
881,881,0,0000000000000000,80,0,0,2b04,800a,0,0000,2b04,0,2afc,0008,1,1,0,0,0000,2b04,0000,0000,0000,0000,0,2b04,2b04,0000,0,000,2b04,2b04
882,882,0,0000000000000000,80,0,0,2b04,800a,0,0000,2b04,0,2afc,0008,1,1,0,0,0000,2b04,0000,0000,0000,0000,0,2b04,2b04,0000,0,000,2b04,2b04
883,883,0,0000000000000000,80,0,0,2b04,800a,0,0000,2b04,0,2afc,0008,1,1,0,0,0000,2b04,0000,0000,0000,0000,0,2b04,2b04,0000,0,000,2b04,2b04
884,884,0,0000000000000000,80,0,0,2b04,800a,0,0000,2b04,0,2afc,0008,1,1,0,0,0000,2b04,0000,0000,0000,0000,0,2b04,2b04,0000,0,000,2b04,2b04
885,885,0,0000000000000000,80,0,0,2b04,800a,0,0000,2b04,0,2afc,0008,1,1,0,0,0000,2b04,0000,0000,0000,0000,0,2b04,2b04,0000,0,000,2b04,2b04
886,886,0,0000000000000000,80,0,0,2b04,800a,0,0000,2b04,0,2afc,0008,1,1,0,0,0000,2b04,0000,0000,0000,0000,0,2b04,2b04,0000,0,000,2b04,2b04
887,887,0,0000000000000000,80,0,0,2b04,800a,0,0000,2b04,0,2afc,0008,1,1,0,0,0000,2b04,0000,0000,0000,0000,0,2b04,2b04,0000,0,000,2b04,2b04
888,888,0,0000000000000000,80,0,0,2b04,800a,0,0000,2b04,0,2afc,0008,1,1,0,0,0000,2b04,0000,0000,0000,0000,0,2b04,2b04,0000,0,000,2b04,2b04
889,889,0,0000000000000000,80,0,0,2b04,800a,0,0000,2b04,0,2afc,0008,1,1,0,0,0000,2b04,0000,0000,0000,0000,0,2b04,2b04,0000,0,000,2b04,2b04
890,890,0,0000000000000000,80,0,0,2b04,800a,0,0000,2b04,0,2afc,0008,1,1,0,0,0000,2b04,0000,0000,0000,0000,0,2b04,2b04,0000,0,000,2b04,2b04
891,891,0,0000000000000000,80,0,0,2b04,800a,0,0000,2b04,0,2afc,0008,1,1,0,0,0000,2b04,0000,0000,0000,0000,0,2b04,2b04,0000,0,000,2b04,2b04
892,892,0,0000000000000000,80,0,0,2b04,800a,0,0000,2b04,0,2afc,0008,1,1,0,0,0000,2b04,0000,0000,0000,0000,0,2b04,2b04,0000,0,000,2b04,2b04
893,893,0,0000000000000000,80,0,0,2b04,800a,0,0000,2b04,0,2afc,0008,1,1,0,0,0000,2b04,0000,0000,0000,0000,0,2b04,2b04,0000,0,000,2b04,2b04
894,894,0,0000000000000000,80,0,0,2b04,800a,0,0000,2b04,0,2afc,0008,1,1,0,0,0000,2b04,0000,0000,0000,0000,0,2b04,2b04,0000,0,000,2b04,2b04
895,895,0,0000000000000000,80,0,0,2b04,800a,0,0000,2b04,0,2afc,0008,1,1,0,0,0000,2b04,0000,0000,0000,0000,0,2b04,2b04,0000,0,000,2b04,2b04
896,896,0,0000000000000000,80,0,0,2b04,800a,0,0000,2b04,0,2afc,0008,1,1,0,0,0000,2b04,0000,0000,0000,0000,0,2b04,2b04,0000,0,000,2b04,2b04
897,897,0,0000000000000000,80,0,0,2b04,800a,0,0000,2b04,0,2afc,0008,1,1,0,0,0000,2b04,0000,0000,0000,0000,0,2b04,2b04,0000,0,000,2b04,2b04
898,898,0,0000000000000000,80,0,0,2b04,800a,0,0000,2b04,0,2afc,0008,1,1,0,0,0000,2b04,0000,0000,0000,0000,0,2b04,2b04,0000,0,000,2b04,2b04
899,899,0,0000000000000000,80,0,0,2b04,800a,0,0000,2b04,0,2afc,0008,1,1,0,0,0000,2b04,0000,0000,0000,0000,0,2b04,2b04,0000,0,000,2b04,2b04
900,900,0,0000000000000000,80,0,0,2b04,800a,0,0000,2b04,0,2afc,0008,1,1,0,0,0000,2b04,0000,0000,0000,0000,0,2b04,2b04,0000,0,000,2b04,2b04
901,901,0,0000000000000000,80,0,0,2b04,800a,0,0000,2b04,0,2afc,0008,1,1,0,0,0000,2b04,0000,0000,0000,0000,0,2b04,2b04,0000,0,000,2b04,2b04
902,902,0,0000000000000000,80,0,0,2b04,800a,0,0000,2b04,0,2afc,0008,1,1,0,0,0000,2b04,0000,0000,0000,0000,0,2b04,2b04,0000,0,000,2b04,2b04
903,903,0,0000000000000000,80,0,0,2b04,800a,0,0000,2b04,0,2afc,0008,1,1,0,0,0000,2b04,0000,0000,0000,0000,0,2b04,2b04,0000,0,000,2b04,2b04
904,904,0,0000000000000000,80,0,0,2b04,800a,0,0000,2b04,0,2afc,0008,1,1,0,0,0000,2b04,0000,0000,0000,0000,0,2b04,2b04,0000,0,000,2b04,2b04
905,905,0,0000000000000000,80,0,0,2b04,800a,0,0000,2b04,0,2afc,0008,1,1,0,0,0000,2b04,0000,0000,0000,0000,0,2b04,2b04,0000,0,000,2b04,2b04
906,906,0,0000000000000000,80,0,0,2b04,800a,0,0000,2b04,0,2afc,0008,1,1,0,0,0000,2b04,0000,0000,0000,0000,0,2b04,2b04,0000,0,000,2b04,2b04
907,907,0,0000000000000000,80,0,0,2b04,800a,0,0000,2b04,0,2afc,0008,1,1,0,0,0000,2b04,0000,0000,0000,0000,0,2b04,2b04,0000,0,000,2b04,2b04
908,908,0,0000000000000000,80,0,0,2b04,800a,0,0000,2b04,0,2afc,0008,1,1,0,0,0000,2b04,0000,0000,0000,0000,0,2b04,2b04,0000,0,000,2b04,2b04
909,909,0,0000000000000000,80,0,0,2b04,800a,0,0000,2b04,0,2afc,0008,1,1,0,0,0000,2b04,0000,0000,0000,0000,0,2b04,2b04,0000,0,000,2b04,2b04
910,910,0,0000000000000000,80,0,0,2b04,800a,0,0000,2b04,0,2afc,0008,1,1,0,0,0000,2b04,0000,0000,0000,0000,0,2b04,2b04,0000,0,000,2b04,2b04
911,911,0,0000000000000000,80,0,0,2b04,800a,0,0000,2b04,0,2afc,0008,1,1,0,0,0000,2b04,0000,0000,0000,0000,0,2b04,2b04,0000,0,000,2b04,2b04
912,912,0,0000000000000000,80,0,0,2b04,800a,0,0000,2b04,0,2afc,0008,1,1,0,0,0000,2b04,0000,0000,0000,0000,0,2b04,2b04,0000,0,000,2b04,2b04
913,913,0,0000000000000000,80,0,0,2b04,800a,0,0000,2b04,0,2afc,0008,1,1,0,0,0000,2b04,0000,0000,0000,0000,0,2b04,2b04,0000,0,000,2b04,2b04
914,914,0,0000000000000000,80,0,0,2b04,800a,0,0000,2b04,0,2afc,0008,1,1,0,0,0000,2b04,0000,0000,0000,0000,0,2b04,2b04,0000,0,000,2b04,2b04
915,915,0,0000000000000000,80,0,0,2b04,800a,0,0000,2b04,0,2afc,0008,1,1,0,0,0000,2b04,0000,0000,0000,0000,0,2b04,2b04,0000,0,000,2b04,2b04
916,916,0,0000000000000000,80,0,0,2b04,800a,0,0000,2b04,0,2afc,0008,1,1,0,0,0000,2b04,0000,0000,0000,0000,0,2b04,2b04,0000,0,000,2b04,2b04
917,917,0,0000000000000000,80,0,0,2b04,800a,0,0000,2b04,0,2afc,0008,1,1,0,0,0000,2b04,0000,0000,0000,0000,0,2b04,2b04,0000,0,000,2b04,2b04
918,918,0,0000000000000000,80,0,0,2b04,800a,0,0000,2b04,0,2afc,0008,1,1,0,0,0000,2b04,0000,0000,0000,0000,0,2b04,2b04,0000,0,000,2b04,2b04
919,919,0,0000000000000000,80,0,0,2b04,800a,0,0000,2b04,0,2afc,0008,1,1,0,0,0000,2b04,0000,0000,0000,0000,0,2b04,2b04,0000,0,000,2b04,2b04
920,920,0,0000000000000000,80,0,0,2b04,800a,0,0000,2b04,0,2afc,0008,1,1,0,0,0000,2b04,0000,0000,0000,0000,0,2b04,2b04,0000,0,000,2b04,2b04
921,921,0,0000000000000000,80,0,0,2b04,800a,0,0000,2b04,0,2afc,0008,1,1,0,0,0000,2b04,0000,0000,0000,0000,0,2b04,2b04,0000,0,000,2b04,2b04
922,922,0,0000000000000000,80,0,0,2b04,800a,0,0000,2b04,0,2afc,0008,1,1,0,0,0000,2b04,0000,0000,0000,0000,0,2b04,2b04,0000,0,000,2b04,2b04
923,923,0,0000000000000000,80,0,0,2b04,800a,0,0000,2b04,0,2afc,0008,1,1,0,0,0000,2b04,0000,0000,0000,0000,0,2b04,2b04,0000,0,000,2b04,2b04
924,924,0,0000000000000000,80,0,0,2b04,800a,0,0000,2b04,0,2afc,0008,1,1,0,0,0000,2b04,0000,0000,0000,0000,0,2b04,2b04,0000,0,000,2b04,2b04
925,925,0,0000000000000000,80,0,0,2b04,800a,0,0000,2b04,0,2afc,0008,1,1,0,0,0000,2b04,0000,0000,0000,0000,0,2b04,2b04,0000,0,000,2b04,2b04
926,926,0,0000000000000000,80,0,0,2b04,800a,0,0000,2b04,0,2afc,0008,1,1,0,0,0000,2b04,0000,0000,0000,0000,0,2b04,2b04,0000,0,000,2b04,2b04
927,927,0,0000000000000000,80,0,0,2b04,800a,0,0000,2b04,0,2afc,0008,1,1,0,0,0000,2b04,0000,0000,0000,0000,0,2b04,2b04,0000,0,000,2b04,2b04
928,928,0,0000000000000000,80,0,0,2b04,800a,0,0000,2b04,0,2afc,0008,1,1,0,0,0000,2b04,0000,0000,0000,0000,0,2b04,2b04,0000,0,000,2b04,2b04
929,929,0,0000000000000000,80,0,0,2b04,800a,0,0000,2b04,0,2afc,0008,1,1,0,0,0000,2b04,0000,0000,0000,0000,0,2b04,2b04,0000,0,000,2b04,2b04
930,930,0,0000000000000000,80,0,0,2b04,800a,0,0000,2b04,0,2afc,0008,1,1,0,0,0000,2b04,0000,0000,0000,0000,0,2b04,2b04,0000,0,000,2b04,2b04
931,931,0,0000000000000000,80,0,0,2b04,800a,0,0000,2b04,0,2afc,0008,1,1,0,0,0000,2b04,0000,0000,0000,0000,0,2b04,2b04,0000,0,000,2b04,2b04
932,932,0,0000000000000000,80,0,0,2b04,800a,0,0000,2b04,0,2afc,0008,1,1,0,0,0000,2b04,0000,0000,0000,0000,0,2b04,2b04,0000,0,000,2b04,2b04
933,933,0,0000000000000000,80,0,0,2b04,800a,0,0000,2b04,0,2afc,0008,1,1,0,0,0000,2b04,0000,0000,0000,0000,0,2b04,2b04,0000,0,000,2b04,2b04
934,934,0,0000000000000000,80,0,0,2b04,800a,0,0000,2b04,0,2afc,0008,1,1,0,0,0000,2b04,0000,0000,0000,0000,0,2b04,2b04,0000,0,000,2b04,2b04
935,935,0,0000000000000000,80,0,0,2b04,800a,0,0000,2b04,0,2afc,0008,1,1,0,0,0000,2b04,0000,0000,0000,0000,0,2b04,2b04,0000,0,000,2b04,2b04
936,936,0,0000000000000000,80,0,0,2b04,800a,0,0000,2b04,0,2afc,0008,1,1,0,0,0000,2b04,0000,0000,0000,0000,0,2b04,2b04,0000,0,000,2b04,2b04
937,937,0,0000000000000000,80,0,0,2b04,800a,0,0000,2b04,0,2afc,0008,1,1,0,0,0000,2b04,0000,0000,0000,0000,0,2b04,2b04,0000,0,000,2b04,2b04
938,938,0,0000000000000000,80,0,0,2b04,800a,0,0000,2b04,0,2afc,0008,1,1,0,0,0000,2b04,0000,0000,0000,0000,0,2b04,2b04,0000,0,000,2b04,2b04
939,939,0,0000000000000000,80,0,0,2b04,800a,0,0000,2b04,0,2afc,0008,1,1,0,0,0000,2b04,0000,0000,0000,0000,0,2b04,2b04,0000,0,000,2b04,2b04
940,940,0,0000000000000000,80,0,0,2b04,800a,0,0000,2b04,0,2afc,0008,1,1,0,0,0000,2b04,0000,0000,0000,0000,0,2b04,2b04,0000,0,000,2b04,2b04
941,941,0,0000000000000000,80,0,0,2b04,800a,0,0000,2b04,0,2afc,0008,1,1,0,0,0000,2b04,0000,0000,0000,0000,0,2b04,2b04,0000,0,000,2b04,2b04
942,942,0,0000000000000000,80,0,0,2b04,800a,0,0000,2b04,0,2afc,0008,1,1,0,0,0000,2b04,0000,0000,0000,0000,0,2b04,2b04,0000,0,000,2b04,2b04
943,943,0,0000000000000000,80,0,0,2b04,800a,0,0000,2b04,0,2afc,0008,1,1,0,0,0000,2b04,0000,0000,0000,0000,0,2b04,2b04,0000,0,000,2b04,2b04
944,944,0,0000000000000000,80,0,0,2b04,800a,0,0000,2b04,0,2afc,0008,1,1,0,0,0000,2b04,0000,0000,0000,0000,0,2b04,2b04,0000,0,000,2b04,2b04
945,945,0,0000000000000000,80,0,0,2b04,800a,0,0000,2b04,0,2afc,0008,1,1,0,0,0000,2b04,0000,0000,0000,0000,0,2b04,2b04,0000,0,000,2b04,2b04
946,946,0,0000000000000000,80,0,0,2b04,800a,0,0000,2b04,0,2afc,0008,1,1,0,0,0000,2b04,0000,0000,0000,0000,0,2b04,2b04,0000,0,000,2b04,2b04
947,947,0,0000000000000000,80,0,0,2b04,800a,0,0000,2b04,0,2afc,0008,1,1,0,0,0000,2b04,0000,0000,0000,0000,0,2b04,2b04,0000,0,000,2b04,2b04
948,948,0,0000000000000000,80,0,0,2b04,800a,0,0000,2b04,0,2afc,0008,1,1,0,0,0000,2b04,0000,0000,0000,0000,0,2b04,2b04,0000,0,000,2b04,2b04
949,949,0,0000000000000000,80,0,0,2b04,800a,0,0000,2b04,0,2afc,0008,1,1,0,0,0000,2b04,0000,0000,0000,0000,0,2b04,2b04,0000,0,000,2b04,2b04
950,950,0,0000000000000000,80,0,0,2b04,800a,0,0000,2b04,0,2afc,0008,1,1,0,0,0000,2b04,0000,0000,0000,0000,0,2b04,2b04,0000,0,000,2b04,2b04
951,951,0,0000000000000000,80,0,0,2b04,800a,0,0000,2b04,0,2afc,0008,1,1,0,0,0000,2b04,0000,0000,0000,0000,0,2b04,2b04,0000,0,000,2b04,2b04
952,952,0,0000000000000000,80,0,0,2b04,800a,0,0000,2b04,0,2afc,0008,1,1,0,0,0000,2b04,0000,0000,0000,0000,0,2b04,2b04,0000,0,000,2b04,2b04
953,953,0,0000000000000000,80,0,0,2b04,800a,0,0000,2b04,0,2afc,0008,1,1,0,0,0000,2b04,0000,0000,0000,0000,0,2b04,2b04,0000,0,000,2b04,2b04
954,954,0,0000000000000000,80,0,0,2b04,800a,0,0000,2b04,0,2afc,0008,1,1,0,0,0000,2b04,0000,0000,0000,0000,0,2b04,2b04,0000,0,000,2b04,2b04
955,955,0,0000000000000000,80,0,0,2b04,800a,0,0000,2b04,0,2afc,0008,1,1,0,0,0000,2b04,0000,0000,0000,0000,0,2b04,2b04,0000,0,000,2b04,2b04
956,956,0,0000000000000000,80,0,0,2b04,800a,0,0000,2b04,0,2afc,0008,1,1,0,0,0000,2b04,0000,0000,0000,0000,0,2b04,2b04,0000,0,000,2b04,2b04
957,957,0,0000000000000000,80,0,0,2b04,800a,0,0000,2b04,0,2afc,0008,1,1,0,0,0000,2b04,0000,0000,0000,0000,0,2b04,2b04,0000,0,000,2b04,2b04
958,958,0,0000000000000000,80,0,0,2b04,800a,0,0000,2b04,0,2afc,0008,1,1,0,0,0000,2b04,0000,0000,0000,0000,0,2b04,2b04,0000,0,000,2b04,2b04
959,959,0,0000000000000000,80,0,0,2b04,800a,0,0000,2b04,0,2afc,0008,1,1,0,0,0000,2b04,0000,0000,0000,0000,0,2b04,2b04,0000,0,000,2b04,2b04
960,960,0,0000000000000000,80,0,0,2b04,800a,0,0000,2b04,0,2afc,0008,1,1,0,0,0000,2b04,0000,0000,0000,0000,0,2b04,2b04,0000,0,000,2b04,2b04
961,961,0,0000000000000000,80,0,0,2b04,800a,0,0000,2b04,0,2afc,0008,1,1,0,0,0000,2b04,0000,0000,0000,0000,0,2b04,2b04,0000,0,000,2b04,2b04
962,962,0,0000000000000000,80,0,0,2b04,800a,0,0000,2b04,0,2afc,0008,1,1,0,0,0000,2b04,0000,0000,0000,0000,0,2b04,2b04,0000,0,000,2b04,2b04
963,963,0,0000000000000000,80,0,0,2b04,800a,0,0000,2b04,0,2afc,0008,1,1,0,0,0000,2b04,0000,0000,0000,0000,0,2b04,2b04,0000,0,000,2b04,2b04
964,964,0,0000000000000000,80,0,0,2b04,800a,0,0000,2b04,0,2afc,0008,1,1,0,0,0000,2b04,0000,0000,0000,0000,0,2b04,2b04,0000,0,000,2b04,2b04
965,965,0,0000000000000000,80,0,0,2b04,800a,0,0000,2b04,0,2afc,0008,1,1,0,0,0000,2b04,0000,0000,0000,0000,0,2b04,2b04,0000,0,000,2b04,2b04
966,966,0,0000000000000000,80,0,0,2b04,800a,0,0000,2b04,0,2afc,0008,1,1,0,0,0000,2b04,0000,0000,0000,0000,0,2b04,2b04,0000,0,000,2b04,2b04
967,967,0,0000000000000000,80,0,0,2b04,800a,0,0000,2b04,0,2afc,0008,1,1,0,0,0000,2b04,0000,0000,0000,0000,0,2b04,2b04,0000,0,000,2b04,2b04
968,968,0,0000000000000000,80,0,0,2b04,800a,0,0000,2b04,0,2afc,0008,1,1,0,0,0000,2b04,0000,0000,0000,0000,0,2b04,2b04,0000,0,000,2b04,2b04
969,969,0,0000000000000000,80,0,0,2b04,800a,0,0000,2b04,0,2afc,0008,1,1,0,0,0000,2b04,0000,0000,0000,0000,0,2b04,2b04,0000,0,000,2b04,2b04
970,970,0,0000000000000000,80,0,0,2b04,800a,0,0000,2b04,0,2afc,0008,1,1,0,0,0000,2b04,0000,0000,0000,0000,0,2b04,2b04,0000,0,000,2b04,2b04
971,971,0,0000000000000000,80,0,0,2b04,800a,0,0000,2b04,0,2afc,0008,1,1,0,0,0000,2b04,0000,0000,0000,0000,0,2b04,2b04,0000,0,000,2b04,2b04
972,972,0,0000000000000000,80,0,0,2b04,800a,0,0000,2b04,0,2afc,0008,1,1,0,0,0000,2b04,0000,0000,0000,0000,0,2b04,2b04,0000,0,000,2b04,2b04
973,973,0,0000000000000000,80,0,0,2b04,800a,0,0000,2b04,0,2afc,0008,1,1,0,0,0000,2b04,0000,0000,0000,0000,0,2b04,2b04,0000,0,000,2b04,2b04
974,974,0,0000000000000000,80,0,0,2b04,800a,0,0000,2b04,0,2afc,0008,1,1,0,0,0000,2b04,0000,0000,0000,0000,0,2b04,2b04,0000,0,000,2b04,2b04
975,975,0,0000000000000000,80,0,0,2b04,800a,0,0000,2b04,0,2afc,0008,1,1,0,0,0000,2b04,0000,0000,0000,0000,0,2b04,2b04,0000,0,000,2b04,2b04
976,976,0,0000000000000000,80,0,0,2b04,800a,0,0000,2b04,0,2afc,0008,1,1,0,0,0000,2b04,0000,0000,0000,0000,0,2b04,2b04,0000,0,000,2b04,2b04
977,977,0,0000000000000000,80,0,0,2b04,800a,0,0000,2b04,0,2afc,0008,1,1,0,0,0000,2b04,0000,0000,0000,0000,0,2b04,2b04,0000,0,000,2b04,2b04
978,978,0,0000000000000000,80,0,0,2b04,800a,0,0000,2b04,0,2afc,0008,1,1,0,0,0000,2b04,0000,0000,0000,0000,0,2b04,2b04,0000,0,000,2b04,2b04
979,979,0,0000000000000000,80,0,0,2b04,800a,0,0000,2b04,0,2afc,0008,1,1,0,0,0000,2b04,0000,0000,0000,0000,0,2b04,2b04,0000,0,000,2b04,2b04
980,980,0,0000000000000000,80,0,0,2b04,800a,0,0000,2b04,0,2afc,0008,1,1,0,0,0000,2b04,0000,0000,0000,0000,0,2b04,2b04,0000,0,000,2b04,2b04
981,981,0,0000000000000000,80,0,0,2b04,800a,0,0000,2b04,0,2afc,0008,1,1,0,0,0000,2b04,0000,0000,0000,0000,0,2b04,2b04,0000,0,000,2b04,2b04
982,982,0,0000000000000000,80,0,0,2b04,800a,0,0000,2b04,0,2afc,0008,1,1,0,0,0000,2b04,0000,0000,0000,0000,0,2b04,2b04,0000,0,000,2b04,2b04
983,983,0,0000000000000000,80,0,0,2b04,800a,0,0000,2b04,0,2afc,0008,1,1,0,0,0000,2b04,0000,0000,0000,0000,0,2b04,2b04,0000,0,000,2b04,2b04
984,984,0,0000000000000000,80,0,0,2b04,800a,0,0000,2b04,0,2afc,0008,1,1,0,0,0000,2b04,0000,0000,0000,0000,0,2b04,2b04,0000,0,000,2b04,2b04
985,985,0,0000000000000000,80,0,0,2b04,800a,0,0000,2b04,0,2afc,0008,1,1,0,0,0000,2b04,0000,0000,0000,0000,0,2b04,2b04,0000,0,000,2b04,2b04
986,986,0,0000000000000000,80,0,0,2b04,800a,0,0000,2b04,0,2afc,0008,1,1,0,0,0000,2b04,0000,0000,0000,0000,0,2b04,2b04,0000,0,000,2b04,2b04
987,987,0,0000000000000000,80,0,0,2b04,800a,0,0000,2b04,0,2afc,0008,1,1,0,0,0000,2b04,0000,0000,0000,0000,0,2b04,2b04,0000,0,000,2b04,2b04
988,988,0,0000000000000000,80,0,0,2b04,800a,0,0000,2b04,0,2afc,0008,1,1,0,0,0000,2b04,0000,0000,0000,0000,0,2b04,2b04,0000,0,000,2b04,2b04
989,989,0,0000000000000000,80,0,0,2b04,800a,0,0000,2b04,0,2afc,0008,1,1,0,0,0000,2b04,0000,0000,0000,0000,0,2b04,2b04,0000,0,000,2b04,2b04
990,990,0,0000000000000000,80,0,0,2b04,800a,0,0000,2b04,0,2afc,0008,1,1,0,0,0000,2b04,0000,0000,0000,0000,0,2b04,2b04,0000,0,000,2b04,2b04
991,991,0,0000000000000000,80,0,0,2b04,800a,0,0000,2b04,0,2afc,0008,1,1,0,0,0000,2b04,0000,0000,0000,0000,0,2b04,2b04,0000,0,000,2b04,2b04
992,992,0,0000000000000000,80,0,0,2b04,800a,0,0000,2b04,0,2afc,0008,1,1,0,0,0000,2b04,0000,0000,0000,0000,0,2b04,2b04,0000,0,000,2b04,2b04
993,993,0,0000000000000000,80,0,0,2b04,800a,0,0000,2b04,0,2afc,0008,1,1,0,0,0000,2b04,0000,0000,0000,0000,0,2b04,2b04,0000,0,000,2b04,2b04
994,994,0,0000000000000000,80,0,0,2b04,800a,0,0000,2b04,0,2afc,0008,1,1,0,0,0000,2b04,0000,0000,0000,0000,0,2b04,2b04,0000,0,000,2b04,2b04
995,995,0,0000000000000000,80,0,0,2b04,800a,0,0000,2b04,0,2afc,0008,1,1,0,0,0000,2b04,0000,0000,0000,0000,0,2b04,2b04,0000,0,000,2b04,2b04
996,996,0,0000000000000000,80,0,0,2b04,800a,0,0000,2b04,0,2afc,0008,1,1,0,0,0000,2b04,0000,0000,0000,0000,0,2b04,2b04,0000,0,000,2b04,2b04
997,997,0,0000000000000000,80,0,0,2b04,800a,0,0000,2b04,0,2afc,0008,1,1,0,0,0000,2b04,0000,0000,0000,0000,0,2b04,2b04,0000,0,000,2b04,2b04
998,998,0,0000000000000000,80,0,0,2b04,800a,0,0000,2b04,0,2afc,0008,1,1,0,0,0000,2b04,0000,0000,0000,0000,0,2b04,2b04,0000,0,000,2b04,2b04
999,999,0,0000000000000000,80,0,0,2b04,800a,0,0000,2b04,0,2afc,0008,1,1,0,0,0000,2b04,0000,0000,0000,0000,0,2b04,2b04,0000,0,000,2b04,2b04
1000,1000,0,0000000000000000,80,0,0,2b04,800a,0,0000,2b04,0,2afc,0008,1,1,0,0,0000,2b04,0000,0000,0000,0000,0,2b04,2b04,0000,0,000,2b04,2b04
1001,1001,0,0000000000000000,80,0,0,2b04,800a,0,0000,2b04,0,2afc,0008,1,1,0,0,0000,2b04,0000,0000,0000,0000,0,2b04,2b04,0000,0,000,2b04,2b04
1002,1002,0,0000000000000000,80,0,0,2b04,800a,0,0000,2b04,0,2afc,0008,1,1,0,0,0000,2b04,0000,0000,0000,0000,0,2b04,2b04,0000,0,000,2b04,2b04
1003,1003,0,0000000000000000,80,0,0,2b04,800a,0,0000,2b04,0,2afc,0008,1,1,0,0,0000,2b04,0000,0000,0000,0000,0,2b04,2b04,0000,0,000,2b04,2b04
1004,1004,0,0000000000000000,80,0,0,2b04,800a,0,0000,2b04,0,2afc,0008,1,1,0,0,0000,2b04,0000,0000,0000,0000,0,2b04,2b04,0000,0,000,2b04,2b04
1005,1005,0,0000000000000000,80,0,0,2b04,800a,0,0000,2b04,0,2afc,0008,1,1,0,0,0000,2b04,0000,0000,0000,0000,0,2b04,2b04,0000,0,000,2b04,2b04
1006,1006,0,0000000000000000,80,0,0,2b04,800a,0,0000,2b04,0,2afc,0008,1,1,0,0,0000,2b04,0000,0000,0000,0000,0,2b04,2b04,0000,0,000,2b04,2b04
1007,1007,0,0000000000000000,80,0,0,2b04,800a,0,0000,2b04,0,2afc,0008,1,1,0,0,0000,2b04,0000,0000,0000,0000,0,2b04,2b04,0000,0,000,2b04,2b04
1008,1008,0,0000000000000000,80,0,0,2b04,800a,0,0000,2b04,0,2afc,0008,1,1,0,0,0000,2b04,0000,0000,0000,0000,0,2b04,2b04,0000,0,000,2b04,2b04
1009,1009,0,0000000000000000,80,0,0,2b04,800a,0,0000,2b04,0,2afc,0008,1,1,0,0,0000,2b04,0000,0000,0000,0000,0,2b04,2b04,0000,0,000,2b04,2b04
1010,1010,0,0000000000000000,80,0,0,2b04,800a,0,0000,2b04,0,2afc,0008,1,1,0,0,0000,2b04,0000,0000,0000,0000,0,2b04,2b04,0000,0,000,2b04,2b04
1011,1011,0,0000000000000000,80,0,0,2b04,800a,0,0000,2b04,0,2afc,0008,1,1,0,0,0000,2b04,0000,0000,0000,0000,0,2b04,2b04,0000,0,000,2b04,2b04
1012,1012,0,0000000000000000,80,0,0,2b04,800a,0,0000,2b04,0,2afc,0008,1,1,0,0,0000,2b04,0000,0000,0000,0000,0,2b04,2b04,0000,0,000,2b04,2b04
1013,1013,0,0000000000000000,80,0,0,2b04,800a,0,0000,2b04,0,2afc,0008,1,1,0,0,0000,2b04,0000,0000,0000,0000,0,2b04,2b04,0000,0,000,2b04,2b04
1014,1014,0,0000000000000000,80,0,0,2b04,800a,0,0000,2b04,0,2afc,0008,1,1,0,0,0000,2b04,0000,0000,0000,0000,0,2b04,2b04,0000,0,000,2b04,2b04
1015,1015,0,0000000000000000,80,0,0,2b04,800a,0,0000,2b04,0,2afc,0008,1,1,0,0,0000,2b04,0000,0000,0000,0000,0,2b04,2b04,0000,0,000,2b04,2b04
1016,1016,0,0000000000000000,80,0,0,2b04,800a,0,0000,2b04,0,2afc,0008,1,1,0,0,0000,2b04,0000,0000,0000,0000,0,2b04,2b04,0000,0,000,2b04,2b04
1017,1017,0,0000000000000000,80,0,0,2b04,800a,0,0000,2b04,0,2afc,0008,1,1,0,0,0000,2b04,0000,0000,0000,0000,0,2b04,2b04,0000,0,000,2b04,2b04
1018,1018,0,0000000000000000,80,0,0,2b04,800a,0,0000,2b04,0,2afc,0008,1,1,0,0,0000,2b04,0000,0000,0000,0000,0,2b04,2b04,0000,0,000,2b04,2b04
1019,1019,0,0000000000000000,80,0,0,2b04,800a,0,0000,2b04,0,2afc,0008,1,1,0,0,0000,2b04,0000,0000,0000,0000,0,2b04,2b04,0000,0,000,2b04,2b04
1020,1020,0,0000000000000000,80,0,0,2b04,800a,0,0000,2b04,0,2afc,0008,1,1,0,0,0000,2b04,0000,0000,0000,0000,0,2b04,2b04,0000,0,000,2b04,2b04
1021,1021,0,0000000000000000,80,0,0,2b04,800a,0,0000,2b04,0,2afc,0008,1,1,0,0,0000,2b04,0000,0000,0000,0000,0,2b04,2b04,0000,0,000,2b04,2b04
1022,1022,0,0000000000000000,80,0,0,2b04,800a,0,0000,2b04,0,2afc,0008,1,1,0,0,0000,2b04,0000,0000,0000,0000,0,2b04,2b04,0000,0,000,2b04,2b04
1023,1023,0,0000000000000000,80,0,0,2b04,800a,0,0000,2b04,0,2afc,0008,1,1,0,0,0000,2b04,0000,0000,0000,0000,0,2b04,2b04,0000,0,000,2b04,2b04
1024,1024,1,0000000000000000,80,0,0,2b04,800a,0,0000,2b04,0,2afc,0008,1,1,0,0,0000,2b04,0000,0000,0000,0000,0,2b04,2b04,0000,0,000,2b04,2b04
1025,1025,0,0000000000000000,80,0,0,2b04,800a,0,0000,2b04,0,2afc,0008,1,1,0,0,0000,2b04,0000,0000,0000,0000,0,2b04,2b04,0000,0,000,2b04,2b04
1026,1026,0,0000000000000000,80,0,0,2b04,800a,0,0000,2b04,0,2afc,0008,1,1,0,0,0000,2b04,0000,0000,0000,0000,0,2b04,2b04,0000,0,000,2b04,2b04
1027,1027,0,0000000000000000,80,0,0,2b04,800a,0,0000,2b04,0,2afc,0008,1,1,0,0,0000,2b04,0000,0000,0000,0000,0,2b04,2b04,0000,0,000,2b04,2b04
1028,1028,0,0000000000000000,80,0,0,2b04,800a,0,0000,2b04,0,2afc,0008,1,1,0,0,0000,2b04,0000,0000,0000,0000,0,2b04,2b04,0000,0,000,2b04,2b04
1029,1029,0,0000000000000000,80,0,0,2b04,800a,0,0000,2b04,0,2afc,0008,1,1,0,0,0000,2b04,0000,0000,0000,0000,0,2b04,2b04,0000,0,000,2b04,2b04
1030,1030,0,0000000000000000,80,0,0,2b04,800a,0,0000,2b04,0,2afc,0008,1,1,0,0,0000,2b04,0000,0000,0000,0000,0,2b04,2b04,0000,0,000,2b04,2b04
1031,1031,0,0000000000000000,80,0,0,2b04,800a,0,0000,2b04,0,2afc,0008,1,1,0,0,0000,2b04,0000,0000,0000,0000,0,2b04,2b04,0000,0,000,2b04,2b04
1032,1032,0,0000000000000000,80,0,0,2b04,800a,0,0000,2b04,0,2afc,0008,1,1,0,0,0000,2b04,0000,0000,0000,0000,0,2b04,2b04,0000,0,000,2b04,2b04
1033,1033,0,0000000000000000,80,0,0,2b04,800a,0,0000,2b04,0,2afc,0008,1,1,0,0,0000,2b04,0000,0000,0000,0000,0,2b04,2b04,0000,0,000,2b04,2b04
1034,1034,0,0000000000000000,80,0,0,2b04,800a,0,0000,2b04,0,2afc,0008,1,1,0,0,0000,2b04,0000,0000,0000,0000,0,2b04,2b04,0000,0,000,2b04,2b04
1035,1035,0,0000000000000000,80,0,0,2b04,800a,0,0000,2b04,0,2afc,0008,1,1,0,0,0000,2b04,0000,0000,0000,0000,0,2b04,2b04,0000,0,000,2b04,2b04
1036,1036,0,0000000000000000,80,0,0,2b04,800a,0,0000,2b04,0,2afc,0008,1,1,0,0,0000,2b04,0000,0000,0000,0000,0,2b04,2b04,0000,0,000,2b04,2b04
1037,1037,0,0000000000000000,80,0,0,2b04,800a,0,0000,2b04,0,2afc,0008,1,1,0,0,0000,2b04,0000,0000,0000,0000,0,2b04,2b04,0000,0,000,2b04,2b04
1038,1038,0,0000000000000000,80,0,0,2b04,800a,0,0000,2b04,0,2afc,0008,1,1,0,0,0000,2b04,0000,0000,0000,0000,0,2b04,2b04,0000,0,000,2b04,2b04
1039,1039,0,0000000000000000,80,0,0,2b04,800a,0,0000,2b04,0,2afc,0008,1,1,0,0,0000,2b04,0000,0000,0000,0000,0,2b04,2b04,0000,0,000,2b04,2b04
1040,1040,0,0000000000000000,80,0,0,2b04,800a,0,0000,2b04,0,2afc,0008,1,1,0,0,0000,2b04,0000,0000,0000,0000,0,2b04,2b04,0000,0,000,2b04,2b04
1041,1041,0,0000000000000000,80,0,0,2b04,800a,0,0000,2b04,0,2afc,0008,1,1,0,0,0000,2b04,0000,0000,0000,0000,0,2b04,2b04,0000,0,000,2b04,2b04
1042,1042,0,0000000000000000,80,0,0,2b04,800a,0,0000,2b04,0,2afc,0008,1,1,0,0,0000,2b04,0000,0000,0000,0000,0,2b04,2b04,0000,0,000,2b04,2b04
1043,1043,0,0000000000000000,80,0,0,2b04,800a,0,0000,2b04,0,2afc,0008,1,1,0,0,0000,2b04,0000,0000,0000,0000,0,2b04,2b04,0000,0,000,2b04,2b04
1044,1044,0,0000000000000000,80,0,0,2b04,800a,0,0000,2b04,0,2afc,0008,1,1,0,0,0000,2b04,0000,0000,0000,0000,0,2b04,2b04,0000,0,000,2b04,2b04
1045,1045,0,0000000000000000,80,0,0,2b04,800a,0,0000,2b04,0,2afc,0008,1,1,0,0,0000,2b04,0000,0000,0000,0000,0,2b04,2b04,0000,0,000,2b04,2b04
1046,1046,0,0000000000000000,80,0,0,2b04,800a,0,0000,2b04,0,2afc,0008,1,1,0,0,0000,2b04,0000,0000,0000,0000,0,2b04,2b04,0000,0,000,2b04,2b04
1047,1047,0,0000000000000000,80,0,0,2b04,800a,0,0000,2b04,0,2afc,0008,1,1,0,0,0000,2b04,0000,0000,0000,0000,0,2b04,2b04,0000,0,000,2b04,2b04
1048,1048,0,0000000000000000,80,0,0,2b04,800a,0,0000,2b04,0,2afc,0008,1,1,0,0,0000,2b04,0000,0000,0000,0000,0,2b04,2b04,0000,0,000,2b04,2b04
1049,1049,0,0000000000000000,80,0,0,2b04,800a,0,0000,2b04,0,2afc,0008,1,1,0,0,0000,2b04,0000,0000,0000,0000,0,2b04,2b04,0000,0,000,2b04,2b04
1050,1050,0,0000000000000000,80,0,0,2b04,800a,0,0000,2b04,0,2afc,0008,1,1,0,0,0000,2b04,0000,0000,0000,0000,0,2b04,2b04,0000,0,000,2b04,2b04
1051,1051,0,0000000000000000,80,0,0,2b04,800a,0,0000,2b04,0,2afc,0008,1,1,0,0,0000,2b04,0000,0000,0000,0000,0,2b04,2b04,0000,0,000,2b04,2b04
1052,1052,0,0000000000000000,80,0,0,2b04,800a,0,0000,2b04,0,2afc,0008,1,1,0,0,0000,2b04,0000,0000,0000,0000,0,2b04,2b04,0000,0,000,2b04,2b04
1053,1053,0,0000000000000000,80,0,0,2b04,800a,0,0000,2b04,0,2afc,0008,1,1,0,0,0000,2b04,0000,0000,0000,0000,0,2b04,2b04,0000,0,000,2b04,2b04
1054,1054,0,0000000000000000,80,0,0,2b04,800a,0,0000,2b04,0,2afc,0008,1,1,0,0,0000,2b04,0000,0000,0000,0000,0,2b04,2b04,0000,0,000,2b04,2b04
1055,1055,0,0000000000000000,80,0,0,2b04,800a,0,0000,2b04,0,2afc,0008,1,1,0,0,0000,2b04,0000,0000,0000,0000,0,2b04,2b04,0000,0,000,2b04,2b04
1056,1056,0,0000000000000000,80,0,0,2b04,800a,0,0000,2b04,0,2afc,0008,1,1,0,0,0000,2b04,0000,0000,0000,0000,0,2b04,2b04,0000,0,000,2b04,2b04
1057,1057,0,0000000000000000,80,0,0,2b04,800a,0,0000,2b04,0,2afc,0008,1,1,0,0,0000,2b04,0000,0000,0000,0000,0,2b04,2b04,0000,0,000,2b04,2b04
1058,1058,0,0000000000000000,80,0,0,2b04,800a,0,0000,2b04,0,2afc,0008,1,1,0,0,0000,2b04,0000,0000,0000,0000,0,2b04,2b04,0000,0,000,2b04,2b04
1059,1059,0,0000000000000000,80,0,0,2b04,800a,0,0000,2b04,0,2afc,0008,1,1,0,0,0000,2b04,0000,0000,0000,0000,0,2b04,2b04,0000,0,000,2b04,2b04
1060,1060,0,0000000000000000,80,0,0,2b04,800a,0,0000,2b04,0,2afc,0008,1,1,0,0,0000,2b04,0000,0000,0000,0000,0,2b04,2b04,0000,0,000,2b04,2b04
1061,1061,0,0000000000000000,80,0,0,2b04,800a,0,0000,2b04,0,2afc,0008,1,1,0,0,0000,2b04,0000,0000,0000,0000,0,2b04,2b04,0000,0,000,2b04,2b04
1062,1062,0,0000000000000000,80,0,0,2b04,800a,0,0000,2b04,0,2afc,0008,1,1,0,0,0000,2b04,0000,0000,0000,0000,0,2b04,2b04,0000,0,000,2b04,2b04
1063,1063,0,0000000000000000,80,0,0,2b04,800a,0,0000,2b04,0,2afc,0008,1,1,0,0,0000,2b04,0000,0000,0000,0000,0,2b04,2b04,0000,0,000,2b04,2b04
1064,1064,0,0000000000000000,80,0,0,2b04,800a,0,0000,2b04,0,2afc,0008,1,1,0,0,0000,2b04,0000,0000,0000,0000,0,2b04,2b04,0000,0,000,2b04,2b04
1065,1065,0,0000000000000000,80,0,0,2b04,800a,0,0000,2b04,0,2afc,0008,1,1,0,0,0000,2b04,0000,0000,0000,0000,0,2b04,2b04,0000,0,000,2b04,2b04
1066,1066,0,0000000000000000,80,0,0,2b04,800a,0,0000,2b04,0,2afc,0008,1,1,0,0,0000,2b04,0000,0000,0000,0000,0,2b04,2b04,0000,0,000,2b04,2b04
1067,1067,0,0000000000000000,80,0,0,2b04,800a,0,0000,2b04,0,2afc,0008,1,1,0,0,0000,2b04,0000,0000,0000,0000,0,2b04,2b04,0000,0,000,2b04,2b04
1068,1068,0,0000000000000000,80,0,0,2b04,800a,0,0000,2b04,0,2afc,0008,1,1,0,0,0000,2b04,0000,0000,0000,0000,0,2b04,2b04,0000,0,000,2b04,2b04
1069,1069,0,0000000000000000,80,0,0,2b04,800a,0,0000,2b04,0,2afc,0008,1,1,0,0,0000,2b04,0000,0000,0000,0000,0,2b04,2b04,0000,0,000,2b04,2b04
1070,1070,0,0000000000000000,80,0,0,2b04,800a,0,0000,2b04,0,2afc,0008,1,1,0,0,0000,2b04,0000,0000,0000,0000,0,2b04,2b04,0000,0,000,2b04,2b04
1071,1071,0,0000000000000000,80,0,0,2b04,800a,0,0000,2b04,0,2afc,0008,1,1,0,0,0000,2b04,0000,0000,0000,0000,0,2b04,2b04,0000,0,000,2b04,2b04
1072,1072,0,0000000000000000,80,0,0,2b04,800a,0,0000,2b04,0,2afc,0008,1,1,0,0,0000,2b04,0000,0000,0000,0000,0,2b04,2b04,0000,0,000,2b04,2b04
1073,1073,0,0000000000000000,80,0,0,2b04,800a,0,0000,2b04,0,2afc,0008,1,1,0,0,0000,2b04,0000,0000,0000,0000,0,2b04,2b04,0000,0,000,2b04,2b04
1074,1074,0,0000000000000000,80,0,0,2b04,800a,0,0000,2b04,0,2afc,0008,1,1,0,0,0000,2b04,0000,0000,0000,0000,0,2b04,2b04,0000,0,000,2b04,2b04
1075,1075,0,0000000000000000,80,0,0,2b04,800a,0,0000,2b04,0,2afc,0008,1,1,0,0,0000,2b04,0000,0000,0000,0000,0,2b04,2b04,0000,0,000,2b04,2b04
1076,1076,0,0000000000000000,80,0,0,2b04,800a,0,0000,2b04,0,2afc,0008,1,1,0,0,0000,2b04,0000,0000,0000,0000,0,2b04,2b04,0000,0,000,2b04,2b04
1077,1077,0,0000000000000000,80,0,0,2b04,800a,0,0000,2b04,0,2afc,0008,1,1,0,0,0000,2b04,0000,0000,0000,0000,0,2b04,2b04,0000,0,000,2b04,2b04
1078,1078,0,0000000000000000,80,0,0,2b04,800a,0,0000,2b04,0,2afc,0008,1,1,0,0,0000,2b04,0000,0000,0000,0000,0,2b04,2b04,0000,0,000,2b04,2b04
1079,1079,0,0000000000000000,80,0,0,2b04,800a,0,0000,2b04,0,2afc,0008,1,1,0,0,0000,2b04,0000,0000,0000,0000,0,2b04,2b04,0000,0,000,2b04,2b04
1080,1080,0,0000000000000000,80,0,0,2b04,800a,0,0000,2b04,0,2afc,0008,1,1,0,0,0000,2b04,0000,0000,0000,0000,0,2b04,2b04,0000,0,000,2b04,2b04
1081,1081,0,0000000000000000,80,0,0,2b04,800a,0,0000,2b04,0,2afc,0008,1,1,0,0,0000,2b04,0000,0000,0000,0000,0,2b04,2b04,0000,0,000,2b04,2b04
1082,1082,0,0000000000000000,80,0,0,2b04,800a,0,0000,2b04,0,2afc,0008,1,1,0,0,0000,2b04,0000,0000,0000,0000,0,2b04,2b04,0000,0,000,2b04,2b04
1083,1083,0,0000000000000000,80,0,0,2b04,800a,0,0000,2b04,0,2afc,0008,1,1,0,0,0000,2b04,0000,0000,0000,0000,0,2b04,2b04,0000,0,000,2b04,2b04
1084,1084,0,0000000000000000,80,0,0,2b04,800a,0,0000,2b04,0,2afc,0008,1,1,0,0,0000,2b04,0000,0000,0000,0000,0,2b04,2b04,0000,0,000,2b04,2b04
1085,1085,0,0000000000000000,80,0,0,2b04,800a,0,0000,2b04,0,2afc,0008,1,1,0,0,0000,2b04,0000,0000,0000,0000,0,2b04,2b04,0000,0,000,2b04,2b04
1086,1086,0,0000000000000000,80,0,0,2b04,800a,0,0000,2b04,0,2afc,0008,1,1,0,0,0000,2b04,0000,0000,0000,0000,0,2b04,2b04,0000,0,000,2b04,2b04
1087,1087,0,0000000000000000,80,0,0,2b04,800a,0,0000,2b04,0,2afc,0008,1,1,0,0,0000,2b04,0000,0000,0000,0000,0,2b04,2b04,0000,0,000,2b04,2b04
1088,1088,0,0000000000000000,80,0,0,2b04,800a,0,0000,2b04,0,2afc,0008,1,1,0,0,0000,2b04,0000,0000,0000,0000,0,2b04,2b04,0000,0,000,2b04,2b04
1089,1089,0,0000000000000000,80,0,0,2b04,800a,0,0000,2b04,0,2afc,0008,1,1,0,0,0000,2b04,0000,0000,0000,0000,0,2b04,2b04,0000,0,000,2b04,2b04
1090,1090,0,0000000000000000,80,0,0,2b04,800a,0,0000,2b04,0,2afc,0008,1,1,0,0,0000,2b04,0000,0000,0000,0000,0,2b04,2b04,0000,0,000,2b04,2b04
1091,1091,0,0000000000000000,80,0,0,2b04,800a,0,0000,2b04,0,2afc,0008,1,1,0,0,0000,2b04,0000,0000,0000,0000,0,2b04,2b04,0000,0,000,2b04,2b04
1092,1092,0,0000000000000000,80,0,0,2b04,800a,0,0000,2b04,0,2afc,0008,1,1,0,0,0000,2b04,0000,0000,0000,0000,0,2b04,2b04,0000,0,000,2b04,2b04
1093,1093,0,0000000000000000,80,0,0,2b04,800a,0,0000,2b04,0,2afc,0008,1,1,0,0,0000,2b04,0000,0000,0000,0000,0,2b04,2b04,0000,0,000,2b04,2b04
1094,1094,0,0000000000000000,80,0,0,2b04,800a,0,0000,2b04,0,2afc,0008,1,1,0,0,0000,2b04,0000,0000,0000,0000,0,2b04,2b04,0000,0,000,2b04,2b04
1095,1095,0,0000000000000000,80,0,0,2b04,800a,0,0000,2b04,0,2afc,0008,1,1,0,0,0000,2b04,0000,0000,0000,0000,0,2b04,2b04,0000,0,000,2b04,2b04
1096,1096,0,0000000000000000,80,0,0,2b04,800a,0,0000,2b04,0,2afc,0008,1,1,0,0,0000,2b04,0000,0000,0000,0000,0,2b04,2b04,0000,0,000,2b04,2b04
1097,1097,0,0000000000000000,80,0,0,2b04,800a,0,0000,2b04,0,2afc,0008,1,1,0,0,0000,2b04,0000,0000,0000,0000,0,2b04,2b04,0000,0,000,2b04,2b04
1098,1098,0,0000000000000000,80,0,0,2b04,800a,0,0000,2b04,0,2afc,0008,1,1,0,0,0000,2b04,0000,0000,0000,0000,0,2b04,2b04,0000,0,000,2b04,2b04
1099,1099,0,0000000000000000,80,0,0,2b04,800a,0,0000,2b04,0,2afc,0008,1,1,0,0,0000,2b04,0000,0000,0000,0000,0,2b04,2b04,0000,0,000,2b04,2b04
1100,1100,0,0000000000000000,80,0,0,2b04,800a,0,0000,2b04,0,2afc,0008,1,1,0,0,0000,2b04,0000,0000,0000,0000,0,2b04,2b04,0000,0,000,2b04,2b04
1101,1101,0,0000000000000000,80,0,0,2b04,800a,0,0000,2b04,0,2afc,0008,1,1,0,0,0000,2b04,0000,0000,0000,0000,0,2b04,2b04,0000,0,000,2b04,2b04
1102,1102,0,0000000000000000,80,0,0,2b04,800a,0,0000,2b04,0,2afc,0008,1,1,0,0,0000,2b04,0000,0000,0000,0000,0,2b04,2b04,0000,0,000,2b04,2b04
1103,1103,0,0000000000000000,80,0,0,2b04,800a,0,0000,2b04,0,2afc,0008,1,1,0,0,0000,2b04,0000,0000,0000,0000,0,2b04,2b04,0000,0,000,2b04,2b04
1104,1104,0,0000000000000000,80,0,0,2b04,800a,0,0000,2b04,0,2afc,0008,1,1,0,0,0000,2b04,0000,0000,0000,0000,0,2b04,2b04,0000,0,000,2b04,2b04
1105,1105,0,0000000000000000,80,0,0,2b04,800a,0,0000,2b04,0,2afc,0008,1,1,0,0,0000,2b04,0000,0000,0000,0000,0,2b04,2b04,0000,0,000,2b04,2b04
1106,1106,0,0000000000000000,80,0,0,2b04,800a,0,0000,2b04,0,2afc,0008,1,1,0,0,0000,2b04,0000,0000,0000,0000,0,2b04,2b04,0000,0,000,2b04,2b04
1107,1107,0,0000000000000000,80,0,0,2b04,800a,0,0000,2b04,0,2afc,0008,1,1,0,0,0000,2b04,0000,0000,0000,0000,0,2b04,2b04,0000,0,000,2b04,2b04
1108,1108,0,0000000000000000,80,0,0,2b04,800a,0,0000,2b04,0,2afc,0008,1,1,0,0,0000,2b04,0000,0000,0000,0000,0,2b04,2b04,0000,0,000,2b04,2b04
1109,1109,0,0000000000000000,80,0,0,2b04,800a,0,0000,2b04,0,2afc,0008,1,1,0,0,0000,2b04,0000,0000,0000,0000,0,2b04,2b04,0000,0,000,2b04,2b04
1110,1110,0,0000000000000000,80,0,0,2b04,800a,0,0000,2b04,0,2afc,0008,1,1,0,0,0000,2b04,0000,0000,0000,0000,0,2b04,2b04,0000,0,000,2b04,2b04
1111,1111,0,0000000000000000,80,0,0,2b04,800a,0,0000,2b04,0,2afc,0008,1,1,0,0,0000,2b04,0000,0000,0000,0000,0,2b04,2b04,0000,0,000,2b04,2b04
1112,1112,0,0000000000000000,80,0,0,2b04,800a,0,0000,2b04,0,2afc,0008,1,1,0,0,0000,2b04,0000,0000,0000,0000,0,2b04,2b04,0000,0,000,2b04,2b04
1113,1113,0,0000000000000000,80,0,0,2b04,800a,0,0000,2b04,0,2afc,0008,1,1,0,0,0000,2b04,0000,0000,0000,0000,0,2b04,2b04,0000,0,000,2b04,2b04
1114,1114,0,0000000000000000,80,0,0,2b04,800a,0,0000,2b04,0,2afc,0008,1,1,0,0,0000,2b04,0000,0000,0000,0000,0,2b04,2b04,0000,0,000,2b04,2b04
1115,1115,0,0000000000000000,80,0,0,2b04,800a,0,0000,2b04,0,2afc,0008,1,1,0,0,0000,2b04,0000,0000,0000,0000,0,2b04,2b04,0000,0,000,2b04,2b04
1116,1116,0,0000000000000000,80,0,0,2b04,800a,0,0000,2b04,0,2afc,0008,1,1,0,0,0000,2b04,0000,0000,0000,0000,0,2b04,2b04,0000,0,000,2b04,2b04
1117,1117,0,0000000000000000,80,0,0,2b04,800a,0,0000,2b04,0,2afc,0008,1,1,0,0,0000,2b04,0000,0000,0000,0000,0,2b04,2b04,0000,0,000,2b04,2b04
1118,1118,0,0000000000000000,80,0,0,2b04,800a,0,0000,2b04,0,2afc,0008,1,1,0,0,0000,2b04,0000,0000,0000,0000,0,2b04,2b04,0000,0,000,2b04,2b04
1119,1119,0,0000000000000000,80,0,0,2b04,800a,0,0000,2b04,0,2afc,0008,1,1,0,0,0000,2b04,0000,0000,0000,0000,0,2b04,2b04,0000,0,000,2b04,2b04
1120,1120,0,0000000000000000,80,0,0,2b04,800a,0,0000,2b04,0,2afc,0008,1,1,0,0,0000,2b04,0000,0000,0000,0000,0,2b04,2b04,0000,0,000,2b04,2b04
1121,1121,0,0000000000000000,80,0,0,2b04,800a,0,0000,2b04,0,2afc,0008,1,1,0,0,0000,2b04,0000,0000,0000,0000,0,2b04,2b04,0000,0,000,2b04,2b04
1122,1122,0,0000000000000000,80,0,0,2b04,800a,0,0000,2b04,0,2afc,0008,1,1,0,0,0000,2b04,0000,0000,0000,0000,0,2b04,2b04,0000,0,000,2b04,2b04
1123,1123,0,0000000000000000,80,0,0,2b04,800a,0,0000,2b04,0,2afc,0008,1,1,0,0,0000,2b04,0000,0000,0000,0000,0,2b04,2b04,0000,0,000,2b04,2b04
1124,1124,0,0000000000000000,80,0,0,2b04,800a,0,0000,2b04,0,2afc,0008,1,1,0,0,0000,2b04,0000,0000,0000,0000,0,2b04,2b04,0000,0,000,2b04,2b04
1125,1125,0,0000000000000000,80,0,0,2b04,800a,0,0000,2b04,0,2afc,0008,1,1,0,0,0000,2b04,0000,0000,0000,0000,0,2b04,2b04,0000,0,000,2b04,2b04
1126,1126,0,0000000000000000,80,0,0,2b04,800a,0,0000,2b04,0,2afc,0008,1,1,0,0,0000,2b04,0000,0000,0000,0000,0,2b04,2b04,0000,0,000,2b04,2b04
1127,1127,0,0000000000000000,80,0,0,2b04,800a,0,0000,2b04,0,2afc,0008,1,1,0,0,0000,2b04,0000,0000,0000,0000,0,2b04,2b04,0000,0,000,2b04,2b04
1128,1128,0,0000000000000000,80,0,0,2b04,800a,0,0000,2b04,0,2afc,0008,1,1,0,0,0000,2b04,0000,0000,0000,0000,0,2b04,2b04,0000,0,000,2b04,2b04
1129,1129,0,0000000000000000,80,0,0,2b04,800a,0,0000,2b04,0,2afc,0008,1,1,0,0,0000,2b04,0000,0000,0000,0000,0,2b04,2b04,0000,0,000,2b04,2b04
1130,1130,0,0000000000000000,80,0,0,2b04,800a,0,0000,2b04,0,2afc,0008,1,1,0,0,0000,2b04,0000,0000,0000,0000,0,2b04,2b04,0000,0,000,2b04,2b04
1131,1131,0,0000000000000000,80,0,0,2b04,800a,0,0000,2b04,0,2afc,0008,1,1,0,0,0000,2b04,0000,0000,0000,0000,0,2b04,2b04,0000,0,000,2b04,2b04
1132,1132,0,0000000000000000,80,0,0,2b04,800a,0,0000,2b04,0,2afc,0008,1,1,0,0,0000,2b04,0000,0000,0000,0000,0,2b04,2b04,0000,0,000,2b04,2b04
1133,1133,0,0000000000000000,80,0,0,2b04,800a,0,0000,2b04,0,2afc,0008,1,1,0,0,0000,2b04,0000,0000,0000,0000,0,2b04,2b04,0000,0,000,2b04,2b04
1134,1134,0,0000000000000000,80,0,0,2b04,800a,0,0000,2b04,0,2afc,0008,1,1,0,0,0000,2b04,0000,0000,0000,0000,0,2b04,2b04,0000,0,000,2b04,2b04
1135,1135,0,0000000000000000,80,0,0,2b04,800a,0,0000,2b04,0,2afc,0008,1,1,0,0,0000,2b04,0000,0000,0000,0000,0,2b04,2b04,0000,0,000,2b04,2b04
1136,1136,0,0000000000000000,80,0,0,2b04,800a,0,0000,2b04,0,2afc,0008,1,1,0,0,0000,2b04,0000,0000,0000,0000,0,2b04,2b04,0000,0,000,2b04,2b04
1137,1137,0,0000000000000000,80,0,0,2b04,800a,0,0000,2b04,0,2afc,0008,1,1,0,0,0000,2b04,0000,0000,0000,0000,0,2b04,2b04,0000,0,000,2b04,2b04
1138,1138,0,0000000000000000,80,0,0,2b04,800a,0,0000,2b04,0,2afc,0008,1,1,0,0,0000,2b04,0000,0000,0000,0000,0,2b04,2b04,0000,0,000,2b04,2b04
1139,1139,0,0000000000000000,80,0,0,2b04,800a,0,0000,2b04,0,2afc,0008,1,1,0,0,0000,2b04,0000,0000,0000,0000,0,2b04,2b04,0000,0,000,2b04,2b04
1140,1140,0,0000000000000000,80,0,0,2b04,800a,0,0000,2b04,0,2afc,0008,1,1,0,0,0000,2b04,0000,0000,0000,0000,0,2b04,2b04,0000,0,000,2b04,2b04
1141,1141,0,0000000000000000,80,0,0,2b04,800a,0,0000,2b04,0,2afc,0008,1,1,0,0,0000,2b04,0000,0000,0000,0000,0,2b04,2b04,0000,0,000,2b04,2b04
1142,1142,0,0000000000000000,80,0,0,2b04,800a,0,0000,2b04,0,2afc,0008,1,1,0,0,0000,2b04,0000,0000,0000,0000,0,2b04,2b04,0000,0,000,2b04,2b04
1143,1143,0,0000000000000000,80,0,0,2b04,800a,0,0000,2b04,0,2afc,0008,1,1,0,0,0000,2b04,0000,0000,0000,0000,0,2b04,2b04,0000,0,000,2b04,2b04
1144,1144,0,0000000000000000,80,0,0,2b04,800a,0,0000,2b04,0,2afc,0008,1,1,0,0,0000,2b04,0000,0000,0000,0000,0,2b04,2b04,0000,0,000,2b04,2b04
1145,1145,0,0000000000000000,80,0,0,2b04,800a,0,0000,2b04,0,2afc,0008,1,1,0,0,0000,2b04,0000,0000,0000,0000,0,2b04,2b04,0000,0,000,2b04,2b04
1146,1146,0,0000000000000000,80,0,0,2b04,800a,0,0000,2b04,0,2afc,0008,1,1,0,0,0000,2b04,0000,0000,0000,0000,0,2b04,2b04,0000,0,000,2b04,2b04
1147,1147,0,0000000000000000,80,0,0,2b04,800a,0,0000,2b04,0,2afc,0008,1,1,0,0,0000,2b04,0000,0000,0000,0000,0,2b04,2b04,0000,0,000,2b04,2b04
1148,1148,0,0000000000000000,80,0,0,2b04,800a,0,0000,2b04,0,2afc,0008,1,1,0,0,0000,2b04,0000,0000,0000,0000,0,2b04,2b04,0000,0,000,2b04,2b04
1149,1149,0,0000000000000000,80,0,0,2b04,800a,0,0000,2b04,0,2afc,0008,1,1,0,0,0000,2b04,0000,0000,0000,0000,0,2b04,2b04,0000,0,000,2b04,2b04
1150,1150,0,0000000000000000,80,0,0,2b04,800a,0,0000,2b04,0,2afc,0008,1,1,0,0,0000,2b04,0000,0000,0000,0000,0,2b04,2b04,0000,0,000,2b04,2b04
1151,1151,0,0000000000000000,80,0,0,2b04,800a,0,0000,2b04,0,2afc,0008,1,1,0,0,0000,2b04,0000,0000,0000,0000,0,2b04,2b04,0000,0,000,2b04,2b04
1152,1152,0,0000000000000000,80,0,0,2b04,800a,0,0000,2b04,0,2afc,0008,1,1,0,0,0000,2b04,0000,0000,0000,0000,0,2b04,2b04,0000,0,000,2b04,2b04
1153,1153,0,0000000000000000,80,0,0,2b04,800a,0,0000,2b04,0,2afc,0008,1,1,0,0,0000,2b04,0000,0000,0000,0000,0,2b04,2b04,0000,0,000,2b04,2b04
1154,1154,0,0000000000000000,80,0,0,2b04,800a,0,0000,2b04,0,2afc,0008,1,1,0,0,0000,2b04,0000,0000,0000,0000,0,2b04,2b04,0000,0,000,2b04,2b04
1155,1155,0,0000000000000000,80,0,0,2b04,800a,0,0000,2b04,0,2afc,0008,1,1,0,0,0000,2b04,0000,0000,0000,0000,0,2b04,2b04,0000,0,000,2b04,2b04
1156,1156,0,0000000000000000,80,0,0,2b04,800a,0,0000,2b04,0,2afc,0008,1,1,0,0,0000,2b04,0000,0000,0000,0000,0,2b04,2b04,0000,0,000,2b04,2b04
1157,1157,0,0000000000000000,80,0,0,2b04,800a,0,0000,2b04,0,2afc,0008,1,1,0,0,0000,2b04,0000,0000,0000,0000,0,2b04,2b04,0000,0,000,2b04,2b04
1158,1158,0,0000000000000000,80,0,0,2b04,800a,0,0000,2b04,0,2afc,0008,1,1,0,0,0000,2b04,0000,0000,0000,0000,0,2b04,2b04,0000,0,000,2b04,2b04
1159,1159,0,0000000000000000,80,0,0,2b04,800a,0,0000,2b04,0,2afc,0008,1,1,0,0,0000,2b04,0000,0000,0000,0000,0,2b04,2b04,0000,0,000,2b04,2b04
1160,1160,0,0000000000000000,80,0,0,2b04,800a,0,0000,2b04,0,2afc,0008,1,1,0,0,0000,2b04,0000,0000,0000,0000,0,2b04,2b04,0000,0,000,2b04,2b04
1161,1161,0,0000000000000000,80,0,0,2b04,800a,0,0000,2b04,0,2afc,0008,1,1,0,0,0000,2b04,0000,0000,0000,0000,0,2b04,2b04,0000,0,000,2b04,2b04
1162,1162,0,0000000000000000,80,0,0,2b04,800a,0,0000,2b04,0,2afc,0008,1,1,0,0,0000,2b04,0000,0000,0000,0000,0,2b04,2b04,0000,0,000,2b04,2b04
1163,1163,0,0000000000000000,80,0,0,2b04,800a,0,0000,2b04,0,2afc,0008,1,1,0,0,0000,2b04,0000,0000,0000,0000,0,2b04,2b04,0000,0,000,2b04,2b04
1164,1164,0,0000000000000000,80,0,0,2b04,800a,0,0000,2b04,0,2afc,0008,1,1,0,0,0000,2b04,0000,0000,0000,0000,0,2b04,2b04,0000,0,000,2b04,2b04
1165,1165,0,0000000000000000,80,0,0,2b04,800a,0,0000,2b04,0,2afc,0008,1,1,0,0,0000,2b04,0000,0000,0000,0000,0,2b04,2b04,0000,0,000,2b04,2b04
1166,1166,0,0000000000000000,80,0,0,2b04,800a,0,0000,2b04,0,2afc,0008,1,1,0,0,0000,2b04,0000,0000,0000,0000,0,2b04,2b04,0000,0,000,2b04,2b04
1167,1167,0,0000000000000000,80,0,0,2b04,800a,0,0000,2b04,0,2afc,0008,1,1,0,0,0000,2b04,0000,0000,0000,0000,0,2b04,2b04,0000,0,000,2b04,2b04
1168,1168,0,0000000000000000,80,0,0,2b04,800a,0,0000,2b04,0,2afc,0008,1,1,0,0,0000,2b04,0000,0000,0000,0000,0,2b04,2b04,0000,0,000,2b04,2b04
1169,1169,0,0000000000000000,80,0,0,2b04,800a,0,0000,2b04,0,2afc,0008,1,1,0,0,0000,2b04,0000,0000,0000,0000,0,2b04,2b04,0000,0,000,2b04,2b04
1170,1170,0,0000000000000000,80,0,0,2b04,800a,0,0000,2b04,0,2afc,0008,1,1,0,0,0000,2b04,0000,0000,0000,0000,0,2b04,2b04,0000,0,000,2b04,2b04
1171,1171,0,0000000000000000,80,0,0,2b04,800a,0,0000,2b04,0,2afc,0008,1,1,0,0,0000,2b04,0000,0000,0000,0000,0,2b04,2b04,0000,0,000,2b04,2b04
1172,1172,0,0000000000000000,80,0,0,2b04,800a,0,0000,2b04,0,2afc,0008,1,1,0,0,0000,2b04,0000,0000,0000,0000,0,2b04,2b04,0000,0,000,2b04,2b04
1173,1173,0,0000000000000000,80,0,0,2b04,800a,0,0000,2b04,0,2afc,0008,1,1,0,0,0000,2b04,0000,0000,0000,0000,0,2b04,2b04,0000,0,000,2b04,2b04
1174,1174,0,0000000000000000,80,0,0,2b04,800a,0,0000,2b04,0,2afc,0008,1,1,0,0,0000,2b04,0000,0000,0000,0000,0,2b04,2b04,0000,0,000,2b04,2b04
1175,1175,0,0000000000000000,80,0,0,2b04,800a,0,0000,2b04,0,2afc,0008,1,1,0,0,0000,2b04,0000,0000,0000,0000,0,2b04,2b04,0000,0,000,2b04,2b04
1176,1176,0,0000000000000000,80,0,0,2b04,800a,0,0000,2b04,0,2afc,0008,1,1,0,0,0000,2b04,0000,0000,0000,0000,0,2b04,2b04,0000,0,000,2b04,2b04
1177,1177,0,0000000000000000,80,0,0,2b04,800a,0,0000,2b04,0,2afc,0008,1,1,0,0,0000,2b04,0000,0000,0000,0000,0,2b04,2b04,0000,0,000,2b04,2b04
1178,1178,0,0000000000000000,80,0,0,2b04,800a,0,0000,2b04,0,2afc,0008,1,1,0,0,0000,2b04,0000,0000,0000,0000,0,2b04,2b04,0000,0,000,2b04,2b04
1179,1179,0,0000000000000000,80,0,0,2b04,800a,0,0000,2b04,0,2afc,0008,1,1,0,0,0000,2b04,0000,0000,0000,0000,0,2b04,2b04,0000,0,000,2b04,2b04
1180,1180,0,0000000000000000,80,0,0,2b04,800a,0,0000,2b04,0,2afc,0008,1,1,0,0,0000,2b04,0000,0000,0000,0000,0,2b04,2b04,0000,0,000,2b04,2b04
1181,1181,0,0000000000000000,80,0,0,2b04,800a,0,0000,2b04,0,2afc,0008,1,1,0,0,0000,2b04,0000,0000,0000,0000,0,2b04,2b04,0000,0,000,2b04,2b04
1182,1182,0,0000000000000000,80,0,0,2b04,800a,0,0000,2b04,0,2afc,0008,1,1,0,0,0000,2b04,0000,0000,0000,0000,0,2b04,2b04,0000,0,000,2b04,2b04
1183,1183,0,0000000000000000,80,0,0,2b04,800a,0,0000,2b04,0,2afc,0008,1,1,0,0,0000,2b04,0000,0000,0000,0000,0,2b04,2b04,0000,0,000,2b04,2b04
1184,1184,0,0000000000000000,80,0,0,2b04,800a,0,0000,2b04,0,2afc,0008,1,1,0,0,0000,2b04,0000,0000,0000,0000,0,2b04,2b04,0000,0,000,2b04,2b04
1185,1185,0,0000000000000000,80,0,0,2b04,800a,0,0000,2b04,0,2afc,0008,1,1,0,0,0000,2b04,0000,0000,0000,0000,0,2b04,2b04,0000,0,000,2b04,2b04
1186,1186,0,0000000000000000,80,0,0,2b04,800a,0,0000,2b04,0,2afc,0008,1,1,0,0,0000,2b04,0000,0000,0000,0000,0,2b04,2b04,0000,0,000,2b04,2b04
1187,1187,0,0000000000000000,80,0,0,2b04,800a,0,0000,2b04,0,2afc,0008,1,1,0,0,0000,2b04,0000,0000,0000,0000,0,2b04,2b04,0000,0,000,2b04,2b04
1188,1188,0,0000000000000000,80,0,0,2b04,800a,0,0000,2b04,0,2afc,0008,1,1,0,0,0000,2b04,0000,0000,0000,0000,0,2b04,2b04,0000,0,000,2b04,2b04
1189,1189,0,0000000000000000,80,0,0,2b04,800a,0,0000,2b04,0,2afc,0008,1,1,0,0,0000,2b04,0000,0000,0000,0000,0,2b04,2b04,0000,0,000,2b04,2b04
1190,1190,0,0000000000000000,80,0,0,2b04,800a,0,0000,2b04,0,2afc,0008,1,1,0,0,0000,2b04,0000,0000,0000,0000,0,2b04,2b04,0000,0,000,2b04,2b04
1191,1191,0,0000000000000000,80,0,0,2b04,800a,0,0000,2b04,0,2afc,0008,1,1,0,0,0000,2b04,0000,0000,0000,0000,0,2b04,2b04,0000,0,000,2b04,2b04
1192,1192,0,0000000000000000,80,0,0,2b04,800a,0,0000,2b04,0,2afc,0008,1,1,0,0,0000,2b04,0000,0000,0000,0000,0,2b04,2b04,0000,0,000,2b04,2b04
1193,1193,0,0000000000000000,80,0,0,2b04,800a,0,0000,2b04,0,2afc,0008,1,1,0,0,0000,2b04,0000,0000,0000,0000,0,2b04,2b04,0000,0,000,2b04,2b04
1194,1194,0,0000000000000000,80,0,0,2b04,800a,0,0000,2b04,0,2afc,0008,1,1,0,0,0000,2b04,0000,0000,0000,0000,0,2b04,2b04,0000,0,000,2b04,2b04
1195,1195,0,0000000000000000,80,0,0,2b04,800a,0,0000,2b04,0,2afc,0008,1,1,0,0,0000,2b04,0000,0000,0000,0000,0,2b04,2b04,0000,0,000,2b04,2b04
1196,1196,0,0000000000000000,80,0,0,2b04,800a,0,0000,2b04,0,2afc,0008,1,1,0,0,0000,2b04,0000,0000,0000,0000,0,2b04,2b04,0000,0,000,2b04,2b04
1197,1197,0,0000000000000000,80,0,0,2b04,800a,0,0000,2b04,0,2afc,0008,1,1,0,0,0000,2b04,0000,0000,0000,0000,0,2b04,2b04,0000,0,000,2b04,2b04
1198,1198,0,0000000000000000,80,0,0,2b04,800a,0,0000,2b04,0,2afc,0008,1,1,0,0,0000,2b04,0000,0000,0000,0000,0,2b04,2b04,0000,0,000,2b04,2b04
1199,1199,0,0000000000000000,80,0,0,2b04,800a,0,0000,2b04,0,2afc,0008,1,1,0,0,0000,2b04,0000,0000,0000,0000,0,2b04,2b04,0000,0,000,2b04,2b04
1200,1200,0,0000000000000000,80,0,0,2b04,800a,0,0000,2b04,0,2afc,0008,1,1,0,0,0000,2b04,0000,0000,0000,0000,0,2b04,2b04,0000,0,000,2b04,2b04
1201,1201,0,0000000000000000,80,0,0,2b04,800a,0,0000,2b04,0,2afc,0008,1,1,0,0,0000,2b04,0000,0000,0000,0000,0,2b04,2b04,0000,0,000,2b04,2b04
1202,1202,0,0000000000000000,80,0,0,2b04,800a,0,0000,2b04,0,2afc,0008,1,1,0,0,0000,2b04,0000,0000,0000,0000,0,2b04,2b04,0000,0,000,2b04,2b04
1203,1203,0,0000000000000000,80,0,0,2b04,800a,0,0000,2b04,0,2afc,0008,1,1,0,0,0000,2b04,0000,0000,0000,0000,0,2b04,2b04,0000,0,000,2b04,2b04
1204,1204,0,0000000000000000,80,0,0,2b04,800a,0,0000,2b04,0,2afc,0008,1,1,0,0,0000,2b04,0000,0000,0000,0000,0,2b04,2b04,0000,0,000,2b04,2b04
1205,1205,0,0000000000000000,80,0,0,2b04,800a,0,0000,2b04,0,2afc,0008,1,1,0,0,0000,2b04,0000,0000,0000,0000,0,2b04,2b04,0000,0,000,2b04,2b04
1206,1206,0,0000000000000000,80,0,0,2b04,800a,0,0000,2b04,0,2afc,0008,1,1,0,0,0000,2b04,0000,0000,0000,0000,0,2b04,2b04,0000,0,000,2b04,2b04
1207,1207,0,0000000000000000,80,0,0,2b04,800a,0,0000,2b04,0,2afc,0008,1,1,0,0,0000,2b04,0000,0000,0000,0000,0,2b04,2b04,0000,0,000,2b04,2b04
1208,1208,0,0000000000000000,80,0,0,2b04,800a,0,0000,2b04,0,2afc,0008,1,1,0,0,0000,2b04,0000,0000,0000,0000,0,2b04,2b04,0000,0,000,2b04,2b04
1209,1209,0,0000000000000000,80,0,0,2b04,800a,0,0000,2b04,0,2afc,0008,1,1,0,0,0000,2b04,0000,0000,0000,0000,0,2b04,2b04,0000,0,000,2b04,2b04
1210,1210,0,0000000000000000,80,0,0,2b04,800a,0,0000,2b04,0,2afc,0008,1,1,0,0,0000,2b04,0000,0000,0000,0000,0,2b04,2b04,0000,0,000,2b04,2b04
1211,1211,0,0000000000000000,80,0,0,2b04,800a,0,0000,2b04,0,2afc,0008,1,1,0,0,0000,2b04,0000,0000,0000,0000,0,2b04,2b04,0000,0,000,2b04,2b04
1212,1212,0,0000000000000000,80,0,0,2b04,800a,0,0000,2b04,0,2afc,0008,1,1,0,0,0000,2b04,0000,0000,0000,0000,0,2b04,2b04,0000,0,000,2b04,2b04
1213,1213,0,0000000000000000,80,0,0,2b04,800a,0,0000,2b04,0,2afc,0008,1,1,0,0,0000,2b04,0000,0000,0000,0000,0,2b04,2b04,0000,0,000,2b04,2b04
1214,1214,0,0000000000000000,80,0,0,2b04,800a,0,0000,2b04,0,2afc,0008,1,1,0,0,0000,2b04,0000,0000,0000,0000,0,2b04,2b04,0000,0,000,2b04,2b04
1215,1215,0,0000000000000000,80,0,0,2b04,800a,0,0000,2b04,0,2afc,0008,1,1,0,0,0000,2b04,0000,0000,0000,0000,0,2b04,2b04,0000,0,000,2b04,2b04
1216,1216,0,0000000000000000,80,0,0,2b04,800a,0,0000,2b04,0,2afc,0008,1,1,0,0,0000,2b04,0000,0000,0000,0000,0,2b04,2b04,0000,0,000,2b04,2b04
1217,1217,0,0000000000000000,80,0,0,2b04,800a,0,0000,2b04,0,2afc,0008,1,1,0,0,0000,2b04,0000,0000,0000,0000,0,2b04,2b04,0000,0,000,2b04,2b04
1218,1218,0,0000000000000000,80,0,0,2b04,800a,0,0000,2b04,0,2afc,0008,1,1,0,0,0000,2b04,0000,0000,0000,0000,0,2b04,2b04,0000,0,000,2b04,2b04
1219,1219,0,0000000000000000,80,0,0,2b04,800a,0,0000,2b04,0,2afc,0008,1,1,0,0,0000,2b04,0000,0000,0000,0000,0,2b04,2b04,0000,0,000,2b04,2b04
1220,1220,0,0000000000000000,80,0,0,2b04,800a,0,0000,2b04,0,2afc,0008,1,1,0,0,0000,2b04,0000,0000,0000,0000,0,2b04,2b04,0000,0,000,2b04,2b04
1221,1221,0,0000000000000000,80,0,0,2b04,800a,0,0000,2b04,0,2afc,0008,1,1,0,0,0000,2b04,0000,0000,0000,0000,0,2b04,2b04,0000,0,000,2b04,2b04
1222,1222,0,0000000000000000,80,0,0,2b04,800a,0,0000,2b04,0,2afc,0008,1,1,0,0,0000,2b04,0000,0000,0000,0000,0,2b04,2b04,0000,0,000,2b04,2b04
1223,1223,0,0000000000000000,80,0,0,2b04,800a,0,0000,2b04,0,2afc,0008,1,1,0,0,0000,2b04,0000,0000,0000,0000,0,2b04,2b04,0000,0,000,2b04,2b04
1224,1224,0,0000000000000000,80,0,0,2b04,800a,0,0000,2b04,0,2afc,0008,1,1,0,0,0000,2b04,0000,0000,0000,0000,0,2b04,2b04,0000,0,000,2b04,2b04
1225,1225,0,0000000000000000,80,0,0,2b04,800a,0,0000,2b04,0,2afc,0008,1,1,0,0,0000,2b04,0000,0000,0000,0000,0,2b04,2b04,0000,0,000,2b04,2b04
1226,1226,0,0000000000000000,80,0,0,2b04,800a,0,0000,2b04,0,2afc,0008,1,1,0,0,0000,2b04,0000,0000,0000,0000,0,2b04,2b04,0000,0,000,2b04,2b04
1227,1227,0,0000000000000000,80,0,0,2b04,800a,0,0000,2b04,0,2afc,0008,1,1,0,0,0000,2b04,0000,0000,0000,0000,0,2b04,2b04,0000,0,000,2b04,2b04
1228,1228,0,0000000000000000,80,0,0,2b04,800a,0,0000,2b04,0,2afc,0008,1,1,0,0,0000,2b04,0000,0000,0000,0000,0,2b04,2b04,0000,0,000,2b04,2b04
1229,1229,0,0000000000000000,80,0,0,2b04,800a,0,0000,2b04,0,2afc,0008,1,1,0,0,0000,2b04,0000,0000,0000,0000,0,2b04,2b04,0000,0,000,2b04,2b04
1230,1230,0,0000000000000000,80,0,0,2b04,800a,0,0000,2b04,0,2afc,0008,1,1,0,0,0000,2b04,0000,0000,0000,0000,0,2b04,2b04,0000,0,000,2b04,2b04
1231,1231,0,0000000000000000,80,0,0,2b04,800a,0,0000,2b04,0,2afc,0008,1,1,0,0,0000,2b04,0000,0000,0000,0000,0,2b04,2b04,0000,0,000,2b04,2b04
1232,1232,0,0000000000000000,80,0,0,2b04,800a,0,0000,2b04,0,2afc,0008,1,1,0,0,0000,2b04,0000,0000,0000,0000,0,2b04,2b04,0000,0,000,2b04,2b04
1233,1233,0,0000000000000000,80,0,0,2b04,800a,0,0000,2b04,0,2afc,0008,1,1,0,0,0000,2b04,0000,0000,0000,0000,0,2b04,2b04,0000,0,000,2b04,2b04
1234,1234,0,0000000000000000,80,0,0,2b04,800a,0,0000,2b04,0,2afc,0008,1,1,0,0,0000,2b04,0000,0000,0000,0000,0,2b04,2b04,0000,0,000,2b04,2b04
1235,1235,0,0000000000000000,80,0,0,2b04,800a,0,0000,2b04,0,2afc,0008,1,1,0,0,0000,2b04,0000,0000,0000,0000,0,2b04,2b04,0000,0,000,2b04,2b04
1236,1236,0,0000000000000000,80,0,0,2b04,800a,0,0000,2b04,0,2afc,0008,1,1,0,0,0000,2b04,0000,0000,0000,0000,0,2b04,2b04,0000,0,000,2b04,2b04
1237,1237,0,0000000000000000,80,0,0,2b04,800a,0,0000,2b04,0,2afc,0008,1,1,0,0,0000,2b04,0000,0000,0000,0000,0,2b04,2b04,0000,0,000,2b04,2b04
1238,1238,0,0000000000000000,80,0,0,2b04,800a,0,0000,2b04,0,2afc,0008,1,1,0,0,0000,2b04,0000,0000,0000,0000,0,2b04,2b04,0000,0,000,2b04,2b04
1239,1239,0,0000000000000000,80,0,0,2b04,800a,0,0000,2b04,0,2afc,0008,1,1,0,0,0000,2b04,0000,0000,0000,0000,0,2b04,2b04,0000,0,000,2b04,2b04
1240,1240,0,0000000000000000,80,0,0,2b04,800a,0,0000,2b04,0,2afc,0008,1,1,0,0,0000,2b04,0000,0000,0000,0000,0,2b04,2b04,0000,0,000,2b04,2b04
1241,1241,0,0000000000000000,80,0,0,2b04,800a,0,0000,2b04,0,2afc,0008,1,1,0,0,0000,2b04,0000,0000,0000,0000,0,2b04,2b04,0000,0,000,2b04,2b04
1242,1242,0,0000000000000000,80,0,0,2b04,800a,0,0000,2b04,0,2afc,0008,1,1,0,0,0000,2b04,0000,0000,0000,0000,0,2b04,2b04,0000,0,000,2b04,2b04
1243,1243,0,0000000000000000,80,0,0,2b04,800a,0,0000,2b04,0,2afc,0008,1,1,0,0,0000,2b04,0000,0000,0000,0000,0,2b04,2b04,0000,0,000,2b04,2b04
1244,1244,0,0000000000000000,80,0,0,2b04,800a,0,0000,2b04,0,2afc,0008,1,1,0,0,0000,2b04,0000,0000,0000,0000,0,2b04,2b04,0000,0,000,2b04,2b04
1245,1245,0,0000000000000000,80,0,0,2b04,800a,0,0000,2b04,0,2afc,0008,1,1,0,0,0000,2b04,0000,0000,0000,0000,0,2b04,2b04,0000,0,000,2b04,2b04
1246,1246,0,0000000000000000,80,0,0,2b04,800a,0,0000,2b04,0,2afc,0008,1,1,0,0,0000,2b04,0000,0000,0000,0000,0,2b04,2b04,0000,0,000,2b04,2b04
1247,1247,0,0000000000000000,80,0,0,2b04,800a,0,0000,2b04,0,2afc,0008,1,1,0,0,0000,2b04,0000,0000,0000,0000,0,2b04,2b04,0000,0,000,2b04,2b04
1248,1248,0,0000000000000000,80,0,0,2b04,800a,0,0000,2b04,0,2afc,0008,1,1,0,0,0000,2b04,0000,0000,0000,0000,0,2b04,2b04,0000,0,000,2b04,2b04
1249,1249,0,0000000000000000,80,0,0,2b04,800a,0,0000,2b04,0,2afc,0008,1,1,0,0,0000,2b04,0000,0000,0000,0000,0,2b04,2b04,0000,0,000,2b04,2b04
1250,1250,0,0000000000000000,80,0,0,2b04,800a,0,0000,2b04,0,2afc,0008,1,1,0,0,0000,2b04,0000,0000,0000,0000,0,2b04,2b04,0000,0,000,2b04,2b04
1251,1251,0,0000000000000000,80,0,0,2b04,800a,0,0000,2b04,0,2afc,0008,1,1,0,0,0000,2b04,0000,0000,0000,0000,0,2b04,2b04,0000,0,000,2b04,2b04
1252,1252,0,0000000000000000,80,0,0,2b04,800a,0,0000,2b04,0,2afc,0008,1,1,0,0,0000,2b04,0000,0000,0000,0000,0,2b04,2b04,0000,0,000,2b04,2b04
1253,1253,0,0000000000000000,80,0,0,2b04,800a,0,0000,2b04,0,2afc,0008,1,1,0,0,0000,2b04,0000,0000,0000,0000,0,2b04,2b04,0000,0,000,2b04,2b04
1254,1254,0,0000000000000000,80,0,0,2b04,800a,0,0000,2b04,0,2afc,0008,1,1,0,0,0000,2b04,0000,0000,0000,0000,0,2b04,2b04,0000,0,000,2b04,2b04
1255,1255,0,0000000000000000,80,0,0,2b04,800a,0,0000,2b04,0,2afc,0008,1,1,0,0,0000,2b04,0000,0000,0000,0000,0,2b04,2b04,0000,0,000,2b04,2b04
1256,1256,0,0000000000000000,80,0,0,2b04,800a,0,0000,2b04,0,2afc,0008,1,1,0,0,0000,2b04,0000,0000,0000,0000,0,2b04,2b04,0000,0,000,2b04,2b04
1257,1257,0,0000000000000000,80,0,0,2b04,800a,0,0000,2b04,0,2afc,0008,1,1,0,0,0000,2b04,0000,0000,0000,0000,0,2b04,2b04,0000,0,000,2b04,2b04
1258,1258,0,0000000000000000,80,0,0,2b04,800a,0,0000,2b04,0,2afc,0008,1,1,0,0,0000,2b04,0000,0000,0000,0000,0,2b04,2b04,0000,0,000,2b04,2b04
1259,1259,0,0000000000000000,80,0,0,2b04,800a,0,0000,2b04,0,2afc,0008,1,1,0,0,0000,2b04,0000,0000,0000,0000,0,2b04,2b04,0000,0,000,2b04,2b04
1260,1260,0,0000000000000000,80,0,0,2b04,800a,0,0000,2b04,0,2afc,0008,1,1,0,0,0000,2b04,0000,0000,0000,0000,0,2b04,2b04,0000,0,000,2b04,2b04
1261,1261,0,0000000000000000,80,0,0,2b04,800a,0,0000,2b04,0,2afc,0008,1,1,0,0,0000,2b04,0000,0000,0000,0000,0,2b04,2b04,0000,0,000,2b04,2b04
1262,1262,0,0000000000000000,80,0,0,2b04,800a,0,0000,2b04,0,2afc,0008,1,1,0,0,0000,2b04,0000,0000,0000,0000,0,2b04,2b04,0000,0,000,2b04,2b04
1263,1263,0,0000000000000000,80,0,0,2b04,800a,0,0000,2b04,0,2afc,0008,1,1,0,0,0000,2b04,0000,0000,0000,0000,0,2b04,2b04,0000,0,000,2b04,2b04
1264,1264,0,0000000000000000,80,0,0,2b04,800a,0,0000,2b04,0,2afc,0008,1,1,0,0,0000,2b04,0000,0000,0000,0000,0,2b04,2b04,0000,0,000,2b04,2b04
1265,1265,0,0000000000000000,80,0,0,2b04,800a,0,0000,2b04,0,2afc,0008,1,1,0,0,0000,2b04,0000,0000,0000,0000,0,2b04,2b04,0000,0,000,2b04,2b04
1266,1266,0,0000000000000000,80,0,0,2b04,800a,0,0000,2b04,0,2afc,0008,1,1,0,0,0000,2b04,0000,0000,0000,0000,0,2b04,2b04,0000,0,000,2b04,2b04
1267,1267,0,0000000000000000,80,0,0,2b04,800a,0,0000,2b04,0,2afc,0008,1,1,0,0,0000,2b04,0000,0000,0000,0000,0,2b04,2b04,0000,0,000,2b04,2b04
1268,1268,0,0000000000000000,80,0,0,2b04,800a,0,0000,2b04,0,2afc,0008,1,1,0,0,0000,2b04,0000,0000,0000,0000,0,2b04,2b04,0000,0,000,2b04,2b04
1269,1269,0,0000000000000000,80,0,0,2b04,800a,0,0000,2b04,0,2afc,0008,1,1,0,0,0000,2b04,0000,0000,0000,0000,0,2b04,2b04,0000,0,000,2b04,2b04
1270,1270,0,0000000000000000,80,0,0,2b04,800a,0,0000,2b04,0,2afc,0008,1,1,0,0,0000,2b04,0000,0000,0000,0000,0,2b04,2b04,0000,0,000,2b04,2b04
1271,1271,0,0000000000000000,80,0,0,2b04,800a,0,0000,2b04,0,2afc,0008,1,1,0,0,0000,2b04,0000,0000,0000,0000,0,2b04,2b04,0000,0,000,2b04,2b04
1272,1272,0,0000000000000000,80,0,0,2b04,800a,0,0000,2b04,0,2afc,0008,1,1,0,0,0000,2b04,0000,0000,0000,0000,0,2b04,2b04,0000,0,000,2b04,2b04
1273,1273,0,0000000000000000,80,0,0,2b04,800a,0,0000,2b04,0,2afc,0008,1,1,0,0,0000,2b04,0000,0000,0000,0000,0,2b04,2b04,0000,0,000,2b04,2b04
1274,1274,0,0000000000000000,80,0,0,2b04,800a,0,0000,2b04,0,2afc,0008,1,1,0,0,0000,2b04,0000,0000,0000,0000,0,2b04,2b04,0000,0,000,2b04,2b04
1275,1275,0,0000000000000000,80,0,0,2b04,800a,0,0000,2b04,0,2afc,0008,1,1,0,0,0000,2b04,0000,0000,0000,0000,0,2b04,2b04,0000,0,000,2b04,2b04
1276,1276,0,0000000000000000,80,0,0,2b04,800a,0,0000,2b04,0,2afc,0008,1,1,0,0,0000,2b04,0000,0000,0000,0000,0,2b04,2b04,0000,0,000,2b04,2b04
1277,1277,0,0000000000000000,80,0,0,2b04,800a,0,0000,2b04,0,2afc,0008,1,1,0,0,0000,2b04,0000,0000,0000,0000,0,2b04,2b04,0000,0,000,2b04,2b04
1278,1278,0,0000000000000000,80,0,0,2b04,800a,0,0000,2b04,0,2afc,0008,1,1,0,0,0000,2b04,0000,0000,0000,0000,0,2b04,2b04,0000,0,000,2b04,2b04
1279,1279,0,0000000000000000,80,0,0,2b04,800a,0,0000,2b04,0,2afc,0008,1,1,0,0,0000,2b04,0000,0000,0000,0000,0,2b04,2b04,0000,0,000,2b04,2b04
1280,1280,0,0000000000000000,80,0,0,2b04,800a,0,0000,2b04,0,2afc,0008,1,1,0,0,0000,2b04,0000,0000,0000,0000,0,2b04,2b04,0000,0,000,2b04,2b04
1281,1281,0,0000000000000000,80,0,0,2b04,800a,0,0000,2b04,0,2afc,0008,1,1,0,0,0000,2b04,0000,0000,0000,0000,0,2b04,2b04,0000,0,000,2b04,2b04
1282,1282,0,0000000000000000,80,0,0,2b04,800a,0,0000,2b04,0,2afc,0008,1,1,0,0,0000,2b04,0000,0000,0000,0000,0,2b04,2b04,0000,0,000,2b04,2b04
1283,1283,0,0000000000000000,80,0,0,2b04,800a,0,0000,2b04,0,2afc,0008,1,1,0,0,0000,2b04,0000,0000,0000,0000,0,2b04,2b04,0000,0,000,2b04,2b04
1284,1284,0,0000000000000000,80,0,0,2b04,800a,0,0000,2b04,0,2afc,0008,1,1,0,0,0000,2b04,0000,0000,0000,0000,0,2b04,2b04,0000,0,000,2b04,2b04
1285,1285,0,0000000000000000,80,0,0,2b04,800a,0,0000,2b04,0,2afc,0008,1,1,0,0,0000,2b04,0000,0000,0000,0000,0,2b04,2b04,0000,0,000,2b04,2b04
1286,1286,0,0000000000000000,80,0,0,2b04,800a,0,0000,2b04,0,2afc,0008,1,1,0,0,0000,2b04,0000,0000,0000,0000,0,2b04,2b04,0000,0,000,2b04,2b04
1287,1287,0,0000000000000000,80,0,0,2b04,800a,0,0000,2b04,0,2afc,0008,1,1,0,0,0000,2b04,0000,0000,0000,0000,0,2b04,2b04,0000,0,000,2b04,2b04
1288,1288,0,0000000000000000,80,0,0,2b04,800a,0,0000,2b04,0,2afc,0008,1,1,0,0,0000,2b04,0000,0000,0000,0000,0,2b04,2b04,0000,0,000,2b04,2b04
1289,1289,0,0000000000000000,80,0,0,2b04,800a,0,0000,2b04,0,2afc,0008,1,1,0,0,0000,2b04,0000,0000,0000,0000,0,2b04,2b04,0000,0,000,2b04,2b04
1290,1290,0,0000000000000000,80,0,0,2b04,800a,0,0000,2b04,0,2afc,0008,1,1,0,0,0000,2b04,0000,0000,0000,0000,0,2b04,2b04,0000,0,000,2b04,2b04
1291,1291,0,0000000000000000,80,0,0,2b04,800a,0,0000,2b04,0,2afc,0008,1,1,0,0,0000,2b04,0000,0000,0000,0000,0,2b04,2b04,0000,0,000,2b04,2b04
1292,1292,0,0000000000000000,80,0,0,2b04,800a,0,0000,2b04,0,2afc,0008,1,1,0,0,0000,2b04,0000,0000,0000,0000,0,2b04,2b04,0000,0,000,2b04,2b04
1293,1293,0,0000000000000000,80,0,0,2b04,800a,0,0000,2b04,0,2afc,0008,1,1,0,0,0000,2b04,0000,0000,0000,0000,0,2b04,2b04,0000,0,000,2b04,2b04
1294,1294,0,0000000000000000,80,0,0,2b04,800a,0,0000,2b04,0,2afc,0008,1,1,0,0,0000,2b04,0000,0000,0000,0000,0,2b04,2b04,0000,0,000,2b04,2b04
1295,1295,0,0000000000000000,80,0,0,2b04,800a,0,0000,2b04,0,2afc,0008,1,1,0,0,0000,2b04,0000,0000,0000,0000,0,2b04,2b04,0000,0,000,2b04,2b04
1296,1296,0,0000000000000000,80,0,0,2b04,800a,0,0000,2b04,0,2afc,0008,1,1,0,0,0000,2b04,0000,0000,0000,0000,0,2b04,2b04,0000,0,000,2b04,2b04
1297,1297,0,0000000000000000,80,0,0,2b04,800a,0,0000,2b04,0,2afc,0008,1,1,0,0,0000,2b04,0000,0000,0000,0000,0,2b04,2b04,0000,0,000,2b04,2b04
1298,1298,0,0000000000000000,80,0,0,2b04,800a,0,0000,2b04,0,2afc,0008,1,1,0,0,0000,2b04,0000,0000,0000,0000,0,2b04,2b04,0000,0,000,2b04,2b04
1299,1299,0,0000000000000000,80,0,0,2b04,800a,0,0000,2b04,0,2afc,0008,1,1,0,0,0000,2b04,0000,0000,0000,0000,0,2b04,2b04,0000,0,000,2b04,2b04
1300,1300,0,0000000000000000,80,0,0,2b04,800a,0,0000,2b04,0,2afc,0008,1,1,0,0,0000,2b04,0000,0000,0000,0000,0,2b04,2b04,0000,0,000,2b04,2b04
1301,1301,0,0000000000000000,80,0,0,2b04,800a,0,0000,2b04,0,2afc,0008,1,1,0,0,0000,2b04,0000,0000,0000,0000,0,2b04,2b04,0000,0,000,2b04,2b04
1302,1302,0,0000000000000000,80,0,0,2b04,800a,0,0000,2b04,0,2afc,0008,1,1,0,0,0000,2b04,0000,0000,0000,0000,0,2b04,2b04,0000,0,000,2b04,2b04
1303,1303,0,0000000000000000,80,0,0,2b04,800a,0,0000,2b04,0,2afc,0008,1,1,0,0,0000,2b04,0000,0000,0000,0000,0,2b04,2b04,0000,0,000,2b04,2b04
1304,1304,0,0000000000000000,80,0,0,2b04,800a,0,0000,2b04,0,2afc,0008,1,1,0,0,0000,2b04,0000,0000,0000,0000,0,2b04,2b04,0000,0,000,2b04,2b04
1305,1305,0,0000000000000000,80,0,0,2b04,800a,0,0000,2b04,0,2afc,0008,1,1,0,0,0000,2b04,0000,0000,0000,0000,0,2b04,2b04,0000,0,000,2b04,2b04
1306,1306,0,0000000000000000,80,0,0,2b04,800a,0,0000,2b04,0,2afc,0008,1,1,0,0,0000,2b04,0000,0000,0000,0000,0,2b04,2b04,0000,0,000,2b04,2b04
1307,1307,0,0000000000000000,80,0,0,2b04,800a,0,0000,2b04,0,2afc,0008,1,1,0,0,0000,2b04,0000,0000,0000,0000,0,2b04,2b04,0000,0,000,2b04,2b04
1308,1308,0,0000000000000000,80,0,0,2b04,800a,0,0000,2b04,0,2afc,0008,1,1,0,0,0000,2b04,0000,0000,0000,0000,0,2b04,2b04,0000,0,000,2b04,2b04
1309,1309,0,0000000000000000,80,0,0,2b04,800a,0,0000,2b04,0,2afc,0008,1,1,0,0,0000,2b04,0000,0000,0000,0000,0,2b04,2b04,0000,0,000,2b04,2b04
1310,1310,0,0000000000000000,80,0,0,2b04,800a,0,0000,2b04,0,2afc,0008,1,1,0,0,0000,2b04,0000,0000,0000,0000,0,2b04,2b04,0000,0,000,2b04,2b04
1311,1311,0,0000000000000000,80,0,0,2b04,800a,0,0000,2b04,0,2afc,0008,1,1,0,0,0000,2b04,0000,0000,0000,0000,0,2b04,2b04,0000,0,000,2b04,2b04
1312,1312,0,0000000000000000,80,0,0,2b04,800a,0,0000,2b04,0,2afc,0008,1,1,0,0,0000,2b04,0000,0000,0000,0000,0,2b04,2b04,0000,0,000,2b04,2b04
1313,1313,0,0000000000000000,80,0,0,2b04,800a,0,0000,2b04,0,2afc,0008,1,1,0,0,0000,2b04,0000,0000,0000,0000,0,2b04,2b04,0000,0,000,2b04,2b04
1314,1314,0,0000000000000000,80,0,0,2b04,800a,0,0000,2b04,0,2afc,0008,1,1,0,0,0000,2b04,0000,0000,0000,0000,0,2b04,2b04,0000,0,000,2b04,2b04
1315,1315,0,0000000000000000,80,0,0,2b04,800a,0,0000,2b04,0,2afc,0008,1,1,0,0,0000,2b04,0000,0000,0000,0000,0,2b04,2b04,0000,0,000,2b04,2b04
1316,1316,0,0000000000000000,80,0,0,2b04,800a,0,0000,2b04,0,2afc,0008,1,1,0,0,0000,2b04,0000,0000,0000,0000,0,2b04,2b04,0000,0,000,2b04,2b04
1317,1317,0,0000000000000000,80,0,0,2b04,800a,0,0000,2b04,0,2afc,0008,1,1,0,0,0000,2b04,0000,0000,0000,0000,0,2b04,2b04,0000,0,000,2b04,2b04
1318,1318,0,0000000000000000,80,0,0,2b04,800a,0,0000,2b04,0,2afc,0008,1,1,0,0,0000,2b04,0000,0000,0000,0000,0,2b04,2b04,0000,0,000,2b04,2b04
1319,1319,0,0000000000000000,80,0,0,2b04,800a,0,0000,2b04,0,2afc,0008,1,1,0,0,0000,2b04,0000,0000,0000,0000,0,2b04,2b04,0000,0,000,2b04,2b04
1320,1320,0,0000000000000000,80,0,0,2b04,800a,0,0000,2b04,0,2afc,0008,1,1,0,0,0000,2b04,0000,0000,0000,0000,0,2b04,2b04,0000,0,000,2b04,2b04
1321,1321,0,0000000000000000,80,0,0,2b04,800a,0,0000,2b04,0,2afc,0008,1,1,0,0,0000,2b04,0000,0000,0000,0000,0,2b04,2b04,0000,0,000,2b04,2b04
1322,1322,0,0000000000000000,80,0,0,2b04,800a,0,0000,2b04,0,2afc,0008,1,1,0,0,0000,2b04,0000,0000,0000,0000,0,2b04,2b04,0000,0,000,2b04,2b04
1323,1323,0,0000000000000000,80,0,0,2b04,800a,0,0000,2b04,0,2afc,0008,1,1,0,0,0000,2b04,0000,0000,0000,0000,0,2b04,2b04,0000,0,000,2b04,2b04
1324,1324,0,0000000000000000,80,0,0,2b04,800a,0,0000,2b04,0,2afc,0008,1,1,0,0,0000,2b04,0000,0000,0000,0000,0,2b04,2b04,0000,0,000,2b04,2b04
1325,1325,0,0000000000000000,80,0,0,2b04,800a,0,0000,2b04,0,2afc,0008,1,1,0,0,0000,2b04,0000,0000,0000,0000,0,2b04,2b04,0000,0,000,2b04,2b04
1326,1326,0,0000000000000000,80,0,0,2b04,800a,0,0000,2b04,0,2afc,0008,1,1,0,0,0000,2b04,0000,0000,0000,0000,0,2b04,2b04,0000,0,000,2b04,2b04
1327,1327,0,0000000000000000,80,0,0,2b04,800a,0,0000,2b04,0,2afc,0008,1,1,0,0,0000,2b04,0000,0000,0000,0000,0,2b04,2b04,0000,0,000,2b04,2b04
1328,1328,0,0000000000000000,80,0,0,2b04,800a,0,0000,2b04,0,2afc,0008,1,1,0,0,0000,2b04,0000,0000,0000,0000,0,2b04,2b04,0000,0,000,2b04,2b04
1329,1329,0,0000000000000000,80,0,0,2b04,800a,0,0000,2b04,0,2afc,0008,1,1,0,0,0000,2b04,0000,0000,0000,0000,0,2b04,2b04,0000,0,000,2b04,2b04
1330,1330,0,0000000000000000,80,0,0,2b04,800a,0,0000,2b04,0,2afc,0008,1,1,0,0,0000,2b04,0000,0000,0000,0000,0,2b04,2b04,0000,0,000,2b04,2b04
1331,1331,0,0000000000000000,80,0,0,2b04,800a,0,0000,2b04,0,2afc,0008,1,1,0,0,0000,2b04,0000,0000,0000,0000,0,2b04,2b04,0000,0,000,2b04,2b04
1332,1332,0,0000000000000000,80,0,0,2b04,800a,0,0000,2b04,0,2afc,0008,1,1,0,0,0000,2b04,0000,0000,0000,0000,0,2b04,2b04,0000,0,000,2b04,2b04
1333,1333,0,0000000000000000,80,0,0,2b04,800a,0,0000,2b04,0,2afc,0008,1,1,0,0,0000,2b04,0000,0000,0000,0000,0,2b04,2b04,0000,0,000,2b04,2b04
1334,1334,0,0000000000000000,80,0,0,2b04,800a,0,0000,2b04,0,2afc,0008,1,1,0,0,0000,2b04,0000,0000,0000,0000,0,2b04,2b04,0000,0,000,2b04,2b04
1335,1335,0,0000000000000000,80,0,0,2b04,800a,0,0000,2b04,0,2afc,0008,1,1,0,0,0000,2b04,0000,0000,0000,0000,0,2b04,2b04,0000,0,000,2b04,2b04
1336,1336,0,0000000000000000,80,0,0,2b04,800a,0,0000,2b04,0,2afc,0008,1,1,0,0,0000,2b04,0000,0000,0000,0000,0,2b04,2b04,0000,0,000,2b04,2b04
1337,1337,0,0000000000000000,80,0,0,2b04,800a,0,0000,2b04,0,2afc,0008,1,1,0,0,0000,2b04,0000,0000,0000,0000,0,2b04,2b04,0000,0,000,2b04,2b04
1338,1338,0,0000000000000000,80,0,0,2b04,800a,0,0000,2b04,0,2afc,0008,1,1,0,0,0000,2b04,0000,0000,0000,0000,0,2b04,2b04,0000,0,000,2b04,2b04
1339,1339,0,0000000000000000,80,0,0,2b04,800a,0,0000,2b04,0,2afc,0008,1,1,0,0,0000,2b04,0000,0000,0000,0000,0,2b04,2b04,0000,0,000,2b04,2b04
1340,1340,0,0000000000000000,80,0,0,2b04,800a,0,0000,2b04,0,2afc,0008,1,1,0,0,0000,2b04,0000,0000,0000,0000,0,2b04,2b04,0000,0,000,2b04,2b04
1341,1341,0,0000000000000000,80,0,0,2b04,800a,0,0000,2b04,0,2afc,0008,1,1,0,0,0000,2b04,0000,0000,0000,0000,0,2b04,2b04,0000,0,000,2b04,2b04
1342,1342,0,0000000000000000,80,0,0,2b04,800a,0,0000,2b04,0,2afc,0008,1,1,0,0,0000,2b04,0000,0000,0000,0000,0,2b04,2b04,0000,0,000,2b04,2b04
1343,1343,0,0000000000000000,80,0,0,2b04,800a,0,0000,2b04,0,2afc,0008,1,1,0,0,0000,2b04,0000,0000,0000,0000,0,2b04,2b04,0000,0,000,2b04,2b04
1344,1344,0,0000000000000000,80,0,0,2b04,800a,0,0000,2b04,0,2afc,0008,1,1,0,0,0000,2b04,0000,0000,0000,0000,0,2b04,2b04,0000,0,000,2b04,2b04
1345,1345,0,0000000000000000,80,0,0,2b04,800a,0,0000,2b04,0,2afc,0008,1,1,0,0,0000,2b04,0000,0000,0000,0000,0,2b04,2b04,0000,0,000,2b04,2b04
1346,1346,0,0000000000000000,80,0,0,2b04,800a,0,0000,2b04,0,2afc,0008,1,1,0,0,0000,2b04,0000,0000,0000,0000,0,2b04,2b04,0000,0,000,2b04,2b04
1347,1347,0,0000000000000000,80,0,0,2b04,800a,0,0000,2b04,0,2afc,0008,1,1,0,0,0000,2b04,0000,0000,0000,0000,0,2b04,2b04,0000,0,000,2b04,2b04
1348,1348,0,0000000000000000,80,0,0,2b04,800a,0,0000,2b04,0,2afc,0008,1,1,0,0,0000,2b04,0000,0000,0000,0000,0,2b04,2b04,0000,0,000,2b04,2b04
1349,1349,0,0000000000000000,80,0,0,2b04,800a,0,0000,2b04,0,2afc,0008,1,1,0,0,0000,2b04,0000,0000,0000,0000,0,2b04,2b04,0000,0,000,2b04,2b04
1350,1350,0,0000000000000000,80,0,0,2b04,800a,0,0000,2b04,0,2afc,0008,1,1,0,0,0000,2b04,0000,0000,0000,0000,0,2b04,2b04,0000,0,000,2b04,2b04
1351,1351,0,0000000000000000,80,0,0,2b04,800a,0,0000,2b04,0,2afc,0008,1,1,0,0,0000,2b04,0000,0000,0000,0000,0,2b04,2b04,0000,0,000,2b04,2b04
1352,1352,0,0000000000000000,80,0,0,2b04,800a,0,0000,2b04,0,2afc,0008,1,1,0,0,0000,2b04,0000,0000,0000,0000,0,2b04,2b04,0000,0,000,2b04,2b04
1353,1353,0,0000000000000000,80,0,0,2b04,800a,0,0000,2b04,0,2afc,0008,1,1,0,0,0000,2b04,0000,0000,0000,0000,0,2b04,2b04,0000,0,000,2b04,2b04
1354,1354,0,0000000000000000,80,0,0,2b04,800a,0,0000,2b04,0,2afc,0008,1,1,0,0,0000,2b04,0000,0000,0000,0000,0,2b04,2b04,0000,0,000,2b04,2b04
1355,1355,0,0000000000000000,80,0,0,2b04,800a,0,0000,2b04,0,2afc,0008,1,1,0,0,0000,2b04,0000,0000,0000,0000,0,2b04,2b04,0000,0,000,2b04,2b04
1356,1356,0,0000000000000000,80,0,0,2b04,800a,0,0000,2b04,0,2afc,0008,1,1,0,0,0000,2b04,0000,0000,0000,0000,0,2b04,2b04,0000,0,000,2b04,2b04
1357,1357,0,0000000000000000,80,0,0,2b04,800a,0,0000,2b04,0,2afc,0008,1,1,0,0,0000,2b04,0000,0000,0000,0000,0,2b04,2b04,0000,0,000,2b04,2b04
1358,1358,0,0000000000000000,80,0,0,2b04,800a,0,0000,2b04,0,2afc,0008,1,1,0,0,0000,2b04,0000,0000,0000,0000,0,2b04,2b04,0000,0,000,2b04,2b04
1359,1359,0,0000000000000000,80,0,0,2b04,800a,0,0000,2b04,0,2afc,0008,1,1,0,0,0000,2b04,0000,0000,0000,0000,0,2b04,2b04,0000,0,000,2b04,2b04
1360,1360,0,0000000000000000,80,0,0,2b04,800a,0,0000,2b04,0,2afc,0008,1,1,0,0,0000,2b04,0000,0000,0000,0000,0,2b04,2b04,0000,0,000,2b04,2b04
1361,1361,0,0000000000000000,80,0,0,2b04,800a,0,0000,2b04,0,2afc,0008,1,1,0,0,0000,2b04,0000,0000,0000,0000,0,2b04,2b04,0000,0,000,2b04,2b04
1362,1362,0,0000000000000000,80,0,0,2b04,800a,0,0000,2b04,0,2afc,0008,1,1,0,0,0000,2b04,0000,0000,0000,0000,0,2b04,2b04,0000,0,000,2b04,2b04
1363,1363,0,0000000000000000,80,0,0,2b04,800a,0,0000,2b04,0,2afc,0008,1,1,0,0,0000,2b04,0000,0000,0000,0000,0,2b04,2b04,0000,0,000,2b04,2b04
1364,1364,0,0000000000000000,80,0,0,2b04,800a,0,0000,2b04,0,2afc,0008,1,1,0,0,0000,2b04,0000,0000,0000,0000,0,2b04,2b04,0000,0,000,2b04,2b04
1365,1365,0,0000000000000000,80,0,0,2b04,800a,0,0000,2b04,0,2afc,0008,1,1,0,0,0000,2b04,0000,0000,0000,0000,0,2b04,2b04,0000,0,000,2b04,2b04
1366,1366,0,0000000000000000,80,0,0,2b04,800a,0,0000,2b04,0,2afc,0008,1,1,0,0,0000,2b04,0000,0000,0000,0000,0,2b04,2b04,0000,0,000,2b04,2b04
1367,1367,0,0000000000000000,80,0,0,2b04,800a,0,0000,2b04,0,2afc,0008,1,1,0,0,0000,2b04,0000,0000,0000,0000,0,2b04,2b04,0000,0,000,2b04,2b04
1368,1368,0,0000000000000000,80,0,0,2b04,800a,0,0000,2b04,0,2afc,0008,1,1,0,0,0000,2b04,0000,0000,0000,0000,0,2b04,2b04,0000,0,000,2b04,2b04
1369,1369,0,0000000000000000,80,0,0,2b04,800a,0,0000,2b04,0,2afc,0008,1,1,0,0,0000,2b04,0000,0000,0000,0000,0,2b04,2b04,0000,0,000,2b04,2b04
1370,1370,0,0000000000000000,80,0,0,2b04,800a,0,0000,2b04,0,2afc,0008,1,1,0,0,0000,2b04,0000,0000,0000,0000,0,2b04,2b04,0000,0,000,2b04,2b04
1371,1371,0,0000000000000000,80,0,0,2b04,800a,0,0000,2b04,0,2afc,0008,1,1,0,0,0000,2b04,0000,0000,0000,0000,0,2b04,2b04,0000,0,000,2b04,2b04
1372,1372,0,0000000000000000,80,0,0,2b04,800a,0,0000,2b04,0,2afc,0008,1,1,0,0,0000,2b04,0000,0000,0000,0000,0,2b04,2b04,0000,0,000,2b04,2b04
1373,1373,0,0000000000000000,80,0,0,2b04,800a,0,0000,2b04,0,2afc,0008,1,1,0,0,0000,2b04,0000,0000,0000,0000,0,2b04,2b04,0000,0,000,2b04,2b04
1374,1374,0,0000000000000000,80,0,0,2b04,800a,0,0000,2b04,0,2afc,0008,1,1,0,0,0000,2b04,0000,0000,0000,0000,0,2b04,2b04,0000,0,000,2b04,2b04
1375,1375,0,0000000000000000,80,0,0,2b04,800a,0,0000,2b04,0,2afc,0008,1,1,0,0,0000,2b04,0000,0000,0000,0000,0,2b04,2b04,0000,0,000,2b04,2b04
1376,1376,0,0000000000000000,80,0,0,2b04,800a,0,0000,2b04,0,2afc,0008,1,1,0,0,0000,2b04,0000,0000,0000,0000,0,2b04,2b04,0000,0,000,2b04,2b04
1377,1377,0,0000000000000000,80,0,0,2b04,800a,0,0000,2b04,0,2afc,0008,1,1,0,0,0000,2b04,0000,0000,0000,0000,0,2b04,2b04,0000,0,000,2b04,2b04
1378,1378,0,0000000000000000,80,0,0,2b04,800a,0,0000,2b04,0,2afc,0008,1,1,0,0,0000,2b04,0000,0000,0000,0000,0,2b04,2b04,0000,0,000,2b04,2b04
1379,1379,0,0000000000000000,80,0,0,2b04,800a,0,0000,2b04,0,2afc,0008,1,1,0,0,0000,2b04,0000,0000,0000,0000,0,2b04,2b04,0000,0,000,2b04,2b04
1380,1380,0,0000000000000000,80,0,0,2b04,800a,0,0000,2b04,0,2afc,0008,1,1,0,0,0000,2b04,0000,0000,0000,0000,0,2b04,2b04,0000,0,000,2b04,2b04
1381,1381,0,0000000000000000,80,0,0,2b04,800a,0,0000,2b04,0,2afc,0008,1,1,0,0,0000,2b04,0000,0000,0000,0000,0,2b04,2b04,0000,0,000,2b04,2b04
1382,1382,0,0000000000000000,80,0,0,2b04,800a,0,0000,2b04,0,2afc,0008,1,1,0,0,0000,2b04,0000,0000,0000,0000,0,2b04,2b04,0000,0,000,2b04,2b04
1383,1383,0,0000000000000000,80,0,0,2b04,800a,0,0000,2b04,0,2afc,0008,1,1,0,0,0000,2b04,0000,0000,0000,0000,0,2b04,2b04,0000,0,000,2b04,2b04
1384,1384,0,0000000000000000,80,0,0,2b04,800a,0,0000,2b04,0,2afc,0008,1,1,0,0,0000,2b04,0000,0000,0000,0000,0,2b04,2b04,0000,0,000,2b04,2b04
1385,1385,0,0000000000000000,80,0,0,2b04,800a,0,0000,2b04,0,2afc,0008,1,1,0,0,0000,2b04,0000,0000,0000,0000,0,2b04,2b04,0000,0,000,2b04,2b04
1386,1386,0,0000000000000000,80,0,0,2b04,800a,0,0000,2b04,0,2afc,0008,1,1,0,0,0000,2b04,0000,0000,0000,0000,0,2b04,2b04,0000,0,000,2b04,2b04
1387,1387,0,0000000000000000,80,0,0,2b04,800a,0,0000,2b04,0,2afc,0008,1,1,0,0,0000,2b04,0000,0000,0000,0000,0,2b04,2b04,0000,0,000,2b04,2b04
1388,1388,0,0000000000000000,80,0,0,2b04,800a,0,0000,2b04,0,2afc,0008,1,1,0,0,0000,2b04,0000,0000,0000,0000,0,2b04,2b04,0000,0,000,2b04,2b04
1389,1389,0,0000000000000000,80,0,0,2b04,800a,0,0000,2b04,0,2afc,0008,1,1,0,0,0000,2b04,0000,0000,0000,0000,0,2b04,2b04,0000,0,000,2b04,2b04
1390,1390,0,0000000000000000,80,0,0,2b04,800a,0,0000,2b04,0,2afc,0008,1,1,0,0,0000,2b04,0000,0000,0000,0000,0,2b04,2b04,0000,0,000,2b04,2b04
1391,1391,0,0000000000000000,80,0,0,2b04,800a,0,0000,2b04,0,2afc,0008,1,1,0,0,0000,2b04,0000,0000,0000,0000,0,2b04,2b04,0000,0,000,2b04,2b04
1392,1392,0,0000000000000000,80,0,0,2b04,800a,0,0000,2b04,0,2afc,0008,1,1,0,0,0000,2b04,0000,0000,0000,0000,0,2b04,2b04,0000,0,000,2b04,2b04
1393,1393,0,0000000000000000,80,0,0,2b04,800a,0,0000,2b04,0,2afc,0008,1,1,0,0,0000,2b04,0000,0000,0000,0000,0,2b04,2b04,0000,0,000,2b04,2b04
1394,1394,0,0000000000000000,80,0,0,2b04,800a,0,0000,2b04,0,2afc,0008,1,1,0,0,0000,2b04,0000,0000,0000,0000,0,2b04,2b04,0000,0,000,2b04,2b04
1395,1395,0,0000000000000000,80,0,0,2b04,800a,0,0000,2b04,0,2afc,0008,1,1,0,0,0000,2b04,0000,0000,0000,0000,0,2b04,2b04,0000,0,000,2b04,2b04
1396,1396,0,0000000000000000,80,0,0,2b04,800a,0,0000,2b04,0,2afc,0008,1,1,0,0,0000,2b04,0000,0000,0000,0000,0,2b04,2b04,0000,0,000,2b04,2b04
1397,1397,0,0000000000000000,80,0,0,2b04,800a,0,0000,2b04,0,2afc,0008,1,1,0,0,0000,2b04,0000,0000,0000,0000,0,2b04,2b04,0000,0,000,2b04,2b04
1398,1398,0,0000000000000000,80,0,0,2b04,800a,0,0000,2b04,0,2afc,0008,1,1,0,0,0000,2b04,0000,0000,0000,0000,0,2b04,2b04,0000,0,000,2b04,2b04
1399,1399,0,0000000000000000,80,0,0,2b04,800a,0,0000,2b04,0,2afc,0008,1,1,0,0,0000,2b04,0000,0000,0000,0000,0,2b04,2b04,0000,0,000,2b04,2b04
1400,1400,0,0000000000000000,80,0,0,2b04,800a,0,0000,2b04,0,2afc,0008,1,1,0,0,0000,2b04,0000,0000,0000,0000,0,2b04,2b04,0000,0,000,2b04,2b04
1401,1401,0,0000000000000000,80,0,0,2b04,800a,0,0000,2b04,0,2afc,0008,1,1,0,0,0000,2b04,0000,0000,0000,0000,0,2b04,2b04,0000,0,000,2b04,2b04
1402,1402,0,0000000000000000,80,0,0,2b04,800a,0,0000,2b04,0,2afc,0008,1,1,0,0,0000,2b04,0000,0000,0000,0000,0,2b04,2b04,0000,0,000,2b04,2b04
1403,1403,0,0000000000000000,80,0,0,2b04,800a,0,0000,2b04,0,2afc,0008,1,1,0,0,0000,2b04,0000,0000,0000,0000,0,2b04,2b04,0000,0,000,2b04,2b04
1404,1404,0,0000000000000000,80,0,0,2b04,800a,0,0000,2b04,0,2afc,0008,1,1,0,0,0000,2b04,0000,0000,0000,0000,0,2b04,2b04,0000,0,000,2b04,2b04
1405,1405,0,0000000000000000,80,0,0,2b04,800a,0,0000,2b04,0,2afc,0008,1,1,0,0,0000,2b04,0000,0000,0000,0000,0,2b04,2b04,0000,0,000,2b04,2b04
1406,1406,0,0000000000000000,80,0,0,2b04,800a,0,0000,2b04,0,2afc,0008,1,1,0,0,0000,2b04,0000,0000,0000,0000,0,2b04,2b04,0000,0,000,2b04,2b04
1407,1407,0,0000000000000000,80,0,0,2b04,800a,0,0000,2b04,0,2afc,0008,1,1,0,0,0000,2b04,0000,0000,0000,0000,0,2b04,2b04,0000,0,000,2b04,2b04
1408,1408,0,0000000000000000,80,0,0,2b04,800a,0,0000,2b04,0,2afc,0008,1,1,0,0,0000,2b04,0000,0000,0000,0000,0,2b04,2b04,0000,0,000,2b04,2b04
1409,1409,0,0000000000000000,80,0,0,2b04,800a,0,0000,2b04,0,2afc,0008,1,1,0,0,0000,2b04,0000,0000,0000,0000,0,2b04,2b04,0000,0,000,2b04,2b04
1410,1410,0,0000000000000000,80,0,0,2b04,800a,0,0000,2b04,0,2afc,0008,1,1,0,0,0000,2b04,0000,0000,0000,0000,0,2b04,2b04,0000,0,000,2b04,2b04
1411,1411,0,0000000000000000,80,0,0,2b04,800a,0,0000,2b04,0,2afc,0008,1,1,0,0,0000,2b04,0000,0000,0000,0000,0,2b04,2b04,0000,0,000,2b04,2b04
1412,1412,0,0000000000000000,80,0,0,2b04,800a,0,0000,2b04,0,2afc,0008,1,1,0,0,0000,2b04,0000,0000,0000,0000,0,2b04,2b04,0000,0,000,2b04,2b04
1413,1413,0,0000000000000000,80,0,0,2b04,800a,0,0000,2b04,0,2afc,0008,1,1,0,0,0000,2b04,0000,0000,0000,0000,0,2b04,2b04,0000,0,000,2b04,2b04
1414,1414,0,0000000000000000,80,0,0,2b04,800a,0,0000,2b04,0,2afc,0008,1,1,0,0,0000,2b04,0000,0000,0000,0000,0,2b04,2b04,0000,0,000,2b04,2b04
1415,1415,0,0000000000000000,80,0,0,2b04,800a,0,0000,2b04,0,2afc,0008,1,1,0,0,0000,2b04,0000,0000,0000,0000,0,2b04,2b04,0000,0,000,2b04,2b04
1416,1416,0,0000000000000000,80,0,0,2b04,800a,0,0000,2b04,0,2afc,0008,1,1,0,0,0000,2b04,0000,0000,0000,0000,0,2b04,2b04,0000,0,000,2b04,2b04
1417,1417,0,0000000000000000,80,0,0,2b04,800a,0,0000,2b04,0,2afc,0008,1,1,0,0,0000,2b04,0000,0000,0000,0000,0,2b04,2b04,0000,0,000,2b04,2b04
1418,1418,0,0000000000000000,80,0,0,2b04,800a,0,0000,2b04,0,2afc,0008,1,1,0,0,0000,2b04,0000,0000,0000,0000,0,2b04,2b04,0000,0,000,2b04,2b04
1419,1419,0,0000000000000000,80,0,0,2b04,800a,0,0000,2b04,0,2afc,0008,1,1,0,0,0000,2b04,0000,0000,0000,0000,0,2b04,2b04,0000,0,000,2b04,2b04
1420,1420,0,0000000000000000,80,0,0,2b04,800a,0,0000,2b04,0,2afc,0008,1,1,0,0,0000,2b04,0000,0000,0000,0000,0,2b04,2b04,0000,0,000,2b04,2b04
1421,1421,0,0000000000000000,80,0,0,2b04,800a,0,0000,2b04,0,2afc,0008,1,1,0,0,0000,2b04,0000,0000,0000,0000,0,2b04,2b04,0000,0,000,2b04,2b04
1422,1422,0,0000000000000000,80,0,0,2b04,800a,0,0000,2b04,0,2afc,0008,1,1,0,0,0000,2b04,0000,0000,0000,0000,0,2b04,2b04,0000,0,000,2b04,2b04
1423,1423,0,0000000000000000,80,0,0,2b04,800a,0,0000,2b04,0,2afc,0008,1,1,0,0,0000,2b04,0000,0000,0000,0000,0,2b04,2b04,0000,0,000,2b04,2b04
1424,1424,0,0000000000000000,80,0,0,2b04,800a,0,0000,2b04,0,2afc,0008,1,1,0,0,0000,2b04,0000,0000,0000,0000,0,2b04,2b04,0000,0,000,2b04,2b04
1425,1425,0,0000000000000000,80,0,0,2b04,800a,0,0000,2b04,0,2afc,0008,1,1,0,0,0000,2b04,0000,0000,0000,0000,0,2b04,2b04,0000,0,000,2b04,2b04
1426,1426,0,0000000000000000,80,0,0,2b04,800a,0,0000,2b04,0,2afc,0008,1,1,0,0,0000,2b04,0000,0000,0000,0000,0,2b04,2b04,0000,0,000,2b04,2b04
1427,1427,0,0000000000000000,80,0,0,2b04,800a,0,0000,2b04,0,2afc,0008,1,1,0,0,0000,2b04,0000,0000,0000,0000,0,2b04,2b04,0000,0,000,2b04,2b04
1428,1428,0,0000000000000000,80,0,0,2b04,800a,0,0000,2b04,0,2afc,0008,1,1,0,0,0000,2b04,0000,0000,0000,0000,0,2b04,2b04,0000,0,000,2b04,2b04
1429,1429,0,0000000000000000,80,0,0,2b04,800a,0,0000,2b04,0,2afc,0008,1,1,0,0,0000,2b04,0000,0000,0000,0000,0,2b04,2b04,0000,0,000,2b04,2b04
1430,1430,0,0000000000000000,80,0,0,2b04,800a,0,0000,2b04,0,2afc,0008,1,1,0,0,0000,2b04,0000,0000,0000,0000,0,2b04,2b04,0000,0,000,2b04,2b04
1431,1431,0,0000000000000000,80,0,0,2b04,800a,0,0000,2b04,0,2afc,0008,1,1,0,0,0000,2b04,0000,0000,0000,0000,0,2b04,2b04,0000,0,000,2b04,2b04
1432,1432,0,0000000000000000,80,0,0,2b04,800a,0,0000,2b04,0,2afc,0008,1,1,0,0,0000,2b04,0000,0000,0000,0000,0,2b04,2b04,0000,0,000,2b04,2b04
1433,1433,0,0000000000000000,80,0,0,2b04,800a,0,0000,2b04,0,2afc,0008,1,1,0,0,0000,2b04,0000,0000,0000,0000,0,2b04,2b04,0000,0,000,2b04,2b04
1434,1434,0,0000000000000000,80,0,0,2b04,800a,0,0000,2b04,0,2afc,0008,1,1,0,0,0000,2b04,0000,0000,0000,0000,0,2b04,2b04,0000,0,000,2b04,2b04
1435,1435,0,0000000000000000,80,0,0,2b04,800a,0,0000,2b04,0,2afc,0008,1,1,0,0,0000,2b04,0000,0000,0000,0000,0,2b04,2b04,0000,0,000,2b04,2b04
1436,1436,0,0000000000000000,80,0,0,2b04,800a,0,0000,2b04,0,2afc,0008,1,1,0,0,0000,2b04,0000,0000,0000,0000,0,2b04,2b04,0000,0,000,2b04,2b04
1437,1437,0,0000000000000000,80,0,0,2b04,800a,0,0000,2b04,0,2afc,0008,1,1,0,0,0000,2b04,0000,0000,0000,0000,0,2b04,2b04,0000,0,000,2b04,2b04
1438,1438,0,0000000000000000,80,0,0,2b04,800a,0,0000,2b04,0,2afc,0008,1,1,0,0,0000,2b04,0000,0000,0000,0000,0,2b04,2b04,0000,0,000,2b04,2b04
1439,1439,0,0000000000000000,80,0,0,2b04,800a,0,0000,2b04,0,2afc,0008,1,1,0,0,0000,2b04,0000,0000,0000,0000,0,2b04,2b04,0000,0,000,2b04,2b04
1440,1440,0,0000000000000000,80,0,0,2b04,800a,0,0000,2b04,0,2afc,0008,1,1,0,0,0000,2b04,0000,0000,0000,0000,0,2b04,2b04,0000,0,000,2b04,2b04
1441,1441,0,0000000000000000,80,0,0,2b04,800a,0,0000,2b04,0,2afc,0008,1,1,0,0,0000,2b04,0000,0000,0000,0000,0,2b04,2b04,0000,0,000,2b04,2b04
1442,1442,0,0000000000000000,80,0,0,2b04,800a,0,0000,2b04,0,2afc,0008,1,1,0,0,0000,2b04,0000,0000,0000,0000,0,2b04,2b04,0000,0,000,2b04,2b04
1443,1443,0,0000000000000000,80,0,0,2b04,800a,0,0000,2b04,0,2afc,0008,1,1,0,0,0000,2b04,0000,0000,0000,0000,0,2b04,2b04,0000,0,000,2b04,2b04
1444,1444,0,0000000000000000,80,0,0,2b04,800a,0,0000,2b04,0,2afc,0008,1,1,0,0,0000,2b04,0000,0000,0000,0000,0,2b04,2b04,0000,0,000,2b04,2b04
1445,1445,0,0000000000000000,80,0,0,2b04,800a,0,0000,2b04,0,2afc,0008,1,1,0,0,0000,2b04,0000,0000,0000,0000,0,2b04,2b04,0000,0,000,2b04,2b04
1446,1446,0,0000000000000000,80,0,0,2b04,800a,0,0000,2b04,0,2afc,0008,1,1,0,0,0000,2b04,0000,0000,0000,0000,0,2b04,2b04,0000,0,000,2b04,2b04
1447,1447,0,0000000000000000,80,0,0,2b04,800a,0,0000,2b04,0,2afc,0008,1,1,0,0,0000,2b04,0000,0000,0000,0000,0,2b04,2b04,0000,0,000,2b04,2b04
1448,1448,0,0000000000000000,80,0,0,2b04,800a,0,0000,2b04,0,2afc,0008,1,1,0,0,0000,2b04,0000,0000,0000,0000,0,2b04,2b04,0000,0,000,2b04,2b04
1449,1449,0,0000000000000000,80,0,0,2b04,800a,0,0000,2b04,0,2afc,0008,1,1,0,0,0000,2b04,0000,0000,0000,0000,0,2b04,2b04,0000,0,000,2b04,2b04
1450,1450,0,0000000000000000,80,0,0,2b04,800a,0,0000,2b04,0,2afc,0008,1,1,0,0,0000,2b04,0000,0000,0000,0000,0,2b04,2b04,0000,0,000,2b04,2b04
1451,1451,0,0000000000000000,80,0,0,2b04,800a,0,0000,2b04,0,2afc,0008,1,1,0,0,0000,2b04,0000,0000,0000,0000,0,2b04,2b04,0000,0,000,2b04,2b04
1452,1452,0,0000000000000000,80,0,0,2b04,800a,0,0000,2b04,0,2afc,0008,1,1,0,0,0000,2b04,0000,0000,0000,0000,0,2b04,2b04,0000,0,000,2b04,2b04
1453,1453,0,0000000000000000,80,0,0,2b04,800a,0,0000,2b04,0,2afc,0008,1,1,0,0,0000,2b04,0000,0000,0000,0000,0,2b04,2b04,0000,0,000,2b04,2b04
1454,1454,0,0000000000000000,80,0,0,2b04,800a,0,0000,2b04,0,2afc,0008,1,1,0,0,0000,2b04,0000,0000,0000,0000,0,2b04,2b04,0000,0,000,2b04,2b04
1455,1455,0,0000000000000000,80,0,0,2b04,800a,0,0000,2b04,0,2afc,0008,1,1,0,0,0000,2b04,0000,0000,0000,0000,0,2b04,2b04,0000,0,000,2b04,2b04
1456,1456,0,0000000000000000,80,0,0,2b04,800a,0,0000,2b04,0,2afc,0008,1,1,0,0,0000,2b04,0000,0000,0000,0000,0,2b04,2b04,0000,0,000,2b04,2b04
1457,1457,0,0000000000000000,80,0,0,2b04,800a,0,0000,2b04,0,2afc,0008,1,1,0,0,0000,2b04,0000,0000,0000,0000,0,2b04,2b04,0000,0,000,2b04,2b04
1458,1458,0,0000000000000000,80,0,0,2b04,800a,0,0000,2b04,0,2afc,0008,1,1,0,0,0000,2b04,0000,0000,0000,0000,0,2b04,2b04,0000,0,000,2b04,2b04
1459,1459,0,0000000000000000,80,0,0,2b04,800a,0,0000,2b04,0,2afc,0008,1,1,0,0,0000,2b04,0000,0000,0000,0000,0,2b04,2b04,0000,0,000,2b04,2b04
1460,1460,0,0000000000000000,80,0,0,2b04,800a,0,0000,2b04,0,2afc,0008,1,1,0,0,0000,2b04,0000,0000,0000,0000,0,2b04,2b04,0000,0,000,2b04,2b04
1461,1461,0,0000000000000000,80,0,0,2b04,800a,0,0000,2b04,0,2afc,0008,1,1,0,0,0000,2b04,0000,0000,0000,0000,0,2b04,2b04,0000,0,000,2b04,2b04
1462,1462,0,0000000000000000,80,0,0,2b04,800a,0,0000,2b04,0,2afc,0008,1,1,0,0,0000,2b04,0000,0000,0000,0000,0,2b04,2b04,0000,0,000,2b04,2b04
1463,1463,0,0000000000000000,80,0,0,2b04,800a,0,0000,2b04,0,2afc,0008,1,1,0,0,0000,2b04,0000,0000,0000,0000,0,2b04,2b04,0000,0,000,2b04,2b04
1464,1464,0,0000000000000000,80,0,0,2b04,800a,0,0000,2b04,0,2afc,0008,1,1,0,0,0000,2b04,0000,0000,0000,0000,0,2b04,2b04,0000,0,000,2b04,2b04
1465,1465,0,0000000000000000,80,0,0,2b04,800a,0,0000,2b04,0,2afc,0008,1,1,0,0,0000,2b04,0000,0000,0000,0000,0,2b04,2b04,0000,0,000,2b04,2b04
1466,1466,0,0000000000000000,80,0,0,2b04,800a,0,0000,2b04,0,2afc,0008,1,1,0,0,0000,2b04,0000,0000,0000,0000,0,2b04,2b04,0000,0,000,2b04,2b04
1467,1467,0,0000000000000000,80,0,0,2b04,800a,0,0000,2b04,0,2afc,0008,1,1,0,0,0000,2b04,0000,0000,0000,0000,0,2b04,2b04,0000,0,000,2b04,2b04
1468,1468,0,0000000000000000,80,0,0,2b04,800a,0,0000,2b04,0,2afc,0008,1,1,0,0,0000,2b04,0000,0000,0000,0000,0,2b04,2b04,0000,0,000,2b04,2b04
1469,1469,0,0000000000000000,80,0,0,2b04,800a,0,0000,2b04,0,2afc,0008,1,1,0,0,0000,2b04,0000,0000,0000,0000,0,2b04,2b04,0000,0,000,2b04,2b04
1470,1470,0,0000000000000000,80,0,0,2b04,800a,0,0000,2b04,0,2afc,0008,1,1,0,0,0000,2b04,0000,0000,0000,0000,0,2b04,2b04,0000,0,000,2b04,2b04
1471,1471,0,0000000000000000,80,0,0,2b04,800a,0,0000,2b04,0,2afc,0008,1,1,0,0,0000,2b04,0000,0000,0000,0000,0,2b04,2b04,0000,0,000,2b04,2b04
1472,1472,0,0000000000000000,80,0,0,2b04,800a,0,0000,2b04,0,2afc,0008,1,1,0,0,0000,2b04,0000,0000,0000,0000,0,2b04,2b04,0000,0,000,2b04,2b04
1473,1473,0,0000000000000000,80,0,0,2b04,800a,0,0000,2b04,0,2afc,0008,1,1,0,0,0000,2b04,0000,0000,0000,0000,0,2b04,2b04,0000,0,000,2b04,2b04
1474,1474,0,0000000000000000,80,0,0,2b04,800a,0,0000,2b04,0,2afc,0008,1,1,0,0,0000,2b04,0000,0000,0000,0000,0,2b04,2b04,0000,0,000,2b04,2b04
1475,1475,0,0000000000000000,80,0,0,2b04,800a,0,0000,2b04,0,2afc,0008,1,1,0,0,0000,2b04,0000,0000,0000,0000,0,2b04,2b04,0000,0,000,2b04,2b04
1476,1476,0,0000000000000000,80,0,0,2b04,800a,0,0000,2b04,0,2afc,0008,1,1,0,0,0000,2b04,0000,0000,0000,0000,0,2b04,2b04,0000,0,000,2b04,2b04
1477,1477,0,0000000000000000,80,0,0,2b04,800a,0,0000,2b04,0,2afc,0008,1,1,0,0,0000,2b04,0000,0000,0000,0000,0,2b04,2b04,0000,0,000,2b04,2b04
1478,1478,0,0000000000000000,80,0,0,2b04,800a,0,0000,2b04,0,2afc,0008,1,1,0,0,0000,2b04,0000,0000,0000,0000,0,2b04,2b04,0000,0,000,2b04,2b04
1479,1479,0,0000000000000000,80,0,0,2b04,800a,0,0000,2b04,0,2afc,0008,1,1,0,0,0000,2b04,0000,0000,0000,0000,0,2b04,2b04,0000,0,000,2b04,2b04
1480,1480,0,0000000000000000,80,0,0,2b04,800a,0,0000,2b04,0,2afc,0008,1,1,0,0,0000,2b04,0000,0000,0000,0000,0,2b04,2b04,0000,0,000,2b04,2b04
1481,1481,0,0000000000000000,80,0,0,2b04,800a,0,0000,2b04,0,2afc,0008,1,1,0,0,0000,2b04,0000,0000,0000,0000,0,2b04,2b04,0000,0,000,2b04,2b04
1482,1482,0,0000000000000000,80,0,0,2b04,800a,0,0000,2b04,0,2afc,0008,1,1,0,0,0000,2b04,0000,0000,0000,0000,0,2b04,2b04,0000,0,000,2b04,2b04
1483,1483,0,0000000000000000,80,0,0,2b04,800a,0,0000,2b04,0,2afc,0008,1,1,0,0,0000,2b04,0000,0000,0000,0000,0,2b04,2b04,0000,0,000,2b04,2b04
1484,1484,0,0000000000000000,80,0,0,2b04,800a,0,0000,2b04,0,2afc,0008,1,1,0,0,0000,2b04,0000,0000,0000,0000,0,2b04,2b04,0000,0,000,2b04,2b04
1485,1485,0,0000000000000000,80,0,0,2b04,800a,0,0000,2b04,0,2afc,0008,1,1,0,0,0000,2b04,0000,0000,0000,0000,0,2b04,2b04,0000,0,000,2b04,2b04
1486,1486,0,0000000000000000,80,0,0,2b04,800a,0,0000,2b04,0,2afc,0008,1,1,0,0,0000,2b04,0000,0000,0000,0000,0,2b04,2b04,0000,0,000,2b04,2b04
1487,1487,0,0000000000000000,80,0,0,2b04,800a,0,0000,2b04,0,2afc,0008,1,1,0,0,0000,2b04,0000,0000,0000,0000,0,2b04,2b04,0000,0,000,2b04,2b04
1488,1488,0,0000000000000000,80,0,0,2b04,800a,0,0000,2b04,0,2afc,0008,1,1,0,0,0000,2b04,0000,0000,0000,0000,0,2b04,2b04,0000,0,000,2b04,2b04
1489,1489,0,0000000000000000,80,0,0,2b04,800a,0,0000,2b04,0,2afc,0008,1,1,0,0,0000,2b04,0000,0000,0000,0000,0,2b04,2b04,0000,0,000,2b04,2b04
1490,1490,0,0000000000000000,80,0,0,2b04,800a,0,0000,2b04,0,2afc,0008,1,1,0,0,0000,2b04,0000,0000,0000,0000,0,2b04,2b04,0000,0,000,2b04,2b04
1491,1491,0,0000000000000000,80,0,0,2b04,800a,0,0000,2b04,0,2afc,0008,1,1,0,0,0000,2b04,0000,0000,0000,0000,0,2b04,2b04,0000,0,000,2b04,2b04
1492,1492,0,0000000000000000,80,0,0,2b04,800a,0,0000,2b04,0,2afc,0008,1,1,0,0,0000,2b04,0000,0000,0000,0000,0,2b04,2b04,0000,0,000,2b04,2b04
1493,1493,0,0000000000000000,80,0,0,2b04,800a,0,0000,2b04,0,2afc,0008,1,1,0,0,0000,2b04,0000,0000,0000,0000,0,2b04,2b04,0000,0,000,2b04,2b04
1494,1494,0,0000000000000000,80,0,0,2b04,800a,0,0000,2b04,0,2afc,0008,1,1,0,0,0000,2b04,0000,0000,0000,0000,0,2b04,2b04,0000,0,000,2b04,2b04
1495,1495,0,0000000000000000,80,0,0,2b04,800a,0,0000,2b04,0,2afc,0008,1,1,0,0,0000,2b04,0000,0000,0000,0000,0,2b04,2b04,0000,0,000,2b04,2b04
1496,1496,0,0000000000000000,80,0,0,2b04,800a,0,0000,2b04,0,2afc,0008,1,1,0,0,0000,2b04,0000,0000,0000,0000,0,2b04,2b04,0000,0,000,2b04,2b04
1497,1497,0,0000000000000000,80,0,0,2b04,800a,0,0000,2b04,0,2afc,0008,1,1,0,0,0000,2b04,0000,0000,0000,0000,0,2b04,2b04,0000,0,000,2b04,2b04
1498,1498,0,0000000000000000,80,0,0,2b04,800a,0,0000,2b04,0,2afc,0008,1,1,0,0,0000,2b04,0000,0000,0000,0000,0,2b04,2b04,0000,0,000,2b04,2b04
1499,1499,0,0000000000000000,80,0,0,2b04,800a,0,0000,2b04,0,2afc,0008,1,1,0,0,0000,2b04,0000,0000,0000,0000,0,2b04,2b04,0000,0,000,2b04,2b04
1500,1500,0,0000000000000000,80,0,0,2b04,800a,0,0000,2b04,0,2afc,0008,1,1,0,0,0000,2b04,0000,0000,0000,0000,0,2b04,2b04,0000,0,000,2b04,2b04
1501,1501,0,0000000000000000,80,0,0,2b04,800a,0,0000,2b04,0,2afc,0008,1,1,0,0,0000,2b04,0000,0000,0000,0000,0,2b04,2b04,0000,0,000,2b04,2b04
1502,1502,0,0000000000000000,80,0,0,2b04,800a,0,0000,2b04,0,2afc,0008,1,1,0,0,0000,2b04,0000,0000,0000,0000,0,2b04,2b04,0000,0,000,2b04,2b04
1503,1503,0,0000000000000000,80,0,0,2b04,800a,0,0000,2b04,0,2afc,0008,1,1,0,0,0000,2b04,0000,0000,0000,0000,0,2b04,2b04,0000,0,000,2b04,2b04
1504,1504,0,0000000000000000,80,0,0,2b04,800a,0,0000,2b04,0,2afc,0008,1,1,0,0,0000,2b04,0000,0000,0000,0000,0,2b04,2b04,0000,0,000,2b04,2b04
1505,1505,0,0000000000000000,80,0,0,2b04,800a,0,0000,2b04,0,2afc,0008,1,1,0,0,0000,2b04,0000,0000,0000,0000,0,2b04,2b04,0000,0,000,2b04,2b04
1506,1506,0,0000000000000000,80,0,0,2b04,800a,0,0000,2b04,0,2afc,0008,1,1,0,0,0000,2b04,0000,0000,0000,0000,0,2b04,2b04,0000,0,000,2b04,2b04
1507,1507,0,0000000000000000,80,0,0,2b04,800a,0,0000,2b04,0,2afc,0008,1,1,0,0,0000,2b04,0000,0000,0000,0000,0,2b04,2b04,0000,0,000,2b04,2b04
1508,1508,0,0000000000000000,80,0,0,2b04,800a,0,0000,2b04,0,2afc,0008,1,1,0,0,0000,2b04,0000,0000,0000,0000,0,2b04,2b04,0000,0,000,2b04,2b04
1509,1509,0,0000000000000000,80,0,0,2b04,800a,0,0000,2b04,0,2afc,0008,1,1,0,0,0000,2b04,0000,0000,0000,0000,0,2b04,2b04,0000,0,000,2b04,2b04
1510,1510,0,0000000000000000,80,0,0,2b04,800a,0,0000,2b04,0,2afc,0008,1,1,0,0,0000,2b04,0000,0000,0000,0000,0,2b04,2b04,0000,0,000,2b04,2b04
1511,1511,0,0000000000000000,80,0,0,2b04,800a,0,0000,2b04,0,2afc,0008,1,1,0,0,0000,2b04,0000,0000,0000,0000,0,2b04,2b04,0000,0,000,2b04,2b04
1512,1512,0,0000000000000000,80,0,0,2b04,800a,0,0000,2b04,0,2afc,0008,1,1,0,0,0000,2b04,0000,0000,0000,0000,0,2b04,2b04,0000,0,000,2b04,2b04
1513,1513,0,0000000000000000,80,0,0,2b04,800a,0,0000,2b04,0,2afc,0008,1,1,0,0,0000,2b04,0000,0000,0000,0000,0,2b04,2b04,0000,0,000,2b04,2b04
1514,1514,0,0000000000000000,80,0,0,2b04,800a,0,0000,2b04,0,2afc,0008,1,1,0,0,0000,2b04,0000,0000,0000,0000,0,2b04,2b04,0000,0,000,2b04,2b04
1515,1515,0,0000000000000000,80,0,0,2b04,800a,0,0000,2b04,0,2afc,0008,1,1,0,0,0000,2b04,0000,0000,0000,0000,0,2b04,2b04,0000,0,000,2b04,2b04
1516,1516,0,0000000000000000,80,0,0,2b04,800a,0,0000,2b04,0,2afc,0008,1,1,0,0,0000,2b04,0000,0000,0000,0000,0,2b04,2b04,0000,0,000,2b04,2b04
1517,1517,0,0000000000000000,80,0,0,2b04,800a,0,0000,2b04,0,2afc,0008,1,1,0,0,0000,2b04,0000,0000,0000,0000,0,2b04,2b04,0000,0,000,2b04,2b04
1518,1518,0,0000000000000000,80,0,0,2b04,800a,0,0000,2b04,0,2afc,0008,1,1,0,0,0000,2b04,0000,0000,0000,0000,0,2b04,2b04,0000,0,000,2b04,2b04
1519,1519,0,0000000000000000,80,0,0,2b04,800a,0,0000,2b04,0,2afc,0008,1,1,0,0,0000,2b04,0000,0000,0000,0000,0,2b04,2b04,0000,0,000,2b04,2b04
1520,1520,0,0000000000000000,80,0,0,2b04,800a,0,0000,2b04,0,2afc,0008,1,1,0,0,0000,2b04,0000,0000,0000,0000,0,2b04,2b04,0000,0,000,2b04,2b04
1521,1521,0,0000000000000000,80,0,0,2b04,800a,0,0000,2b04,0,2afc,0008,1,1,0,0,0000,2b04,0000,0000,0000,0000,0,2b04,2b04,0000,0,000,2b04,2b04
1522,1522,0,0000000000000000,80,0,0,2b04,800a,0,0000,2b04,0,2afc,0008,1,1,0,0,0000,2b04,0000,0000,0000,0000,0,2b04,2b04,0000,0,000,2b04,2b04
1523,1523,0,0000000000000000,80,0,0,2b04,800a,0,0000,2b04,0,2afc,0008,1,1,0,0,0000,2b04,0000,0000,0000,0000,0,2b04,2b04,0000,0,000,2b04,2b04
1524,1524,0,0000000000000000,80,0,0,2b04,800a,0,0000,2b04,0,2afc,0008,1,1,0,0,0000,2b04,0000,0000,0000,0000,0,2b04,2b04,0000,0,000,2b04,2b04
1525,1525,0,0000000000000000,80,0,0,2b04,800a,0,0000,2b04,0,2afc,0008,1,1,0,0,0000,2b04,0000,0000,0000,0000,0,2b04,2b04,0000,0,000,2b04,2b04
1526,1526,0,0000000000000000,80,0,0,2b04,800a,0,0000,2b04,0,2afc,0008,1,1,0,0,0000,2b04,0000,0000,0000,0000,0,2b04,2b04,0000,0,000,2b04,2b04
1527,1527,0,0000000000000000,80,0,0,2b04,800a,0,0000,2b04,0,2afc,0008,1,1,0,0,0000,2b04,0000,0000,0000,0000,0,2b04,2b04,0000,0,000,2b04,2b04
1528,1528,0,0000000000000000,80,0,0,2b04,800a,0,0000,2b04,0,2afc,0008,1,1,0,0,0000,2b04,0000,0000,0000,0000,0,2b04,2b04,0000,0,000,2b04,2b04
1529,1529,0,0000000000000000,80,0,0,2b04,800a,0,0000,2b04,0,2afc,0008,1,1,0,0,0000,2b04,0000,0000,0000,0000,0,2b04,2b04,0000,0,000,2b04,2b04
1530,1530,0,0000000000000000,80,0,0,2b04,800a,0,0000,2b04,0,2afc,0008,1,1,0,0,0000,2b04,0000,0000,0000,0000,0,2b04,2b04,0000,0,000,2b04,2b04
1531,1531,0,0000000000000000,80,0,0,2b04,800a,0,0000,2b04,0,2afc,0008,1,1,0,0,0000,2b04,0000,0000,0000,0000,0,2b04,2b04,0000,0,000,2b04,2b04
1532,1532,0,0000000000000000,80,0,0,2b04,800a,0,0000,2b04,0,2afc,0008,1,1,0,0,0000,2b04,0000,0000,0000,0000,0,2b04,2b04,0000,0,000,2b04,2b04
1533,1533,0,0000000000000000,80,0,0,2b04,800a,0,0000,2b04,0,2afc,0008,1,1,0,0,0000,2b04,0000,0000,0000,0000,0,2b04,2b04,0000,0,000,2b04,2b04
1534,1534,0,0000000000000000,80,0,0,2b04,800a,0,0000,2b04,0,2afc,0008,1,1,0,0,0000,2b04,0000,0000,0000,0000,0,2b04,2b04,0000,0,000,2b04,2b04
1535,1535,0,0000000000000000,80,0,0,2b04,800a,0,0000,2b04,0,2afc,0008,1,1,0,0,0000,2b04,0000,0000,0000,0000,0,2b04,2b04,0000,0,000,2b04,2b04
1536,1536,0,0000000000000000,80,0,0,2b04,800a,0,0000,2b04,0,2afc,0008,1,1,0,0,0000,2b04,0000,0000,0000,0000,0,2b04,2b04,0000,0,000,2b04,2b04
1537,1537,0,0000000000000000,80,0,0,2b04,800a,0,0000,2b04,0,2afc,0008,1,1,0,0,0000,2b04,0000,0000,0000,0000,0,2b04,2b04,0000,0,000,2b04,2b04
1538,1538,0,0000000000000000,80,0,0,2b04,800a,0,0000,2b04,0,2afc,0008,1,1,0,0,0000,2b04,0000,0000,0000,0000,0,2b04,2b04,0000,0,000,2b04,2b04
1539,1539,0,0000000000000000,80,0,0,2b04,800a,0,0000,2b04,0,2afc,0008,1,1,0,0,0000,2b04,0000,0000,0000,0000,0,2b04,2b04,0000,0,000,2b04,2b04
1540,1540,0,0000000000000000,80,0,0,2b04,800a,0,0000,2b04,0,2afc,0008,1,1,0,0,0000,2b04,0000,0000,0000,0000,0,2b04,2b04,0000,0,000,2b04,2b04
1541,1541,0,0000000000000000,80,0,0,2b04,800a,0,0000,2b04,0,2afc,0008,1,1,0,0,0000,2b04,0000,0000,0000,0000,0,2b04,2b04,0000,0,000,2b04,2b04
1542,1542,0,0000000000000000,80,0,0,2b04,800a,0,0000,2b04,0,2afc,0008,1,1,0,0,0000,2b04,0000,0000,0000,0000,0,2b04,2b04,0000,0,000,2b04,2b04
1543,1543,0,0000000000000000,80,0,0,2b04,800a,0,0000,2b04,0,2afc,0008,1,1,0,0,0000,2b04,0000,0000,0000,0000,0,2b04,2b04,0000,0,000,2b04,2b04
1544,1544,0,0000000000000000,80,0,0,2b04,800a,0,0000,2b04,0,2afc,0008,1,1,0,0,0000,2b04,0000,0000,0000,0000,0,2b04,2b04,0000,0,000,2b04,2b04
1545,1545,0,0000000000000000,80,0,0,2b04,800a,0,0000,2b04,0,2afc,0008,1,1,0,0,0000,2b04,0000,0000,0000,0000,0,2b04,2b04,0000,0,000,2b04,2b04
1546,1546,0,0000000000000000,80,0,0,2b04,800a,0,0000,2b04,0,2afc,0008,1,1,0,0,0000,2b04,0000,0000,0000,0000,0,2b04,2b04,0000,0,000,2b04,2b04
1547,1547,0,0000000000000000,80,0,0,2b04,800a,0,0000,2b04,0,2afc,0008,1,1,0,0,0000,2b04,0000,0000,0000,0000,0,2b04,2b04,0000,0,000,2b04,2b04
1548,1548,0,0000000000000000,80,0,0,2b04,800a,0,0000,2b04,0,2afc,0008,1,1,0,0,0000,2b04,0000,0000,0000,0000,0,2b04,2b04,0000,0,000,2b04,2b04
1549,1549,0,0000000000000000,80,0,0,2b04,800a,0,0000,2b04,0,2afc,0008,1,1,0,0,0000,2b04,0000,0000,0000,0000,0,2b04,2b04,0000,0,000,2b04,2b04
1550,1550,0,0000000000000000,80,0,0,2b04,800a,0,0000,2b04,0,2afc,0008,1,1,0,0,0000,2b04,0000,0000,0000,0000,0,2b04,2b04,0000,0,000,2b04,2b04
1551,1551,0,0000000000000000,80,0,0,2b04,800a,0,0000,2b04,0,2afc,0008,1,1,0,0,0000,2b04,0000,0000,0000,0000,0,2b04,2b04,0000,0,000,2b04,2b04
1552,1552,0,0000000000000000,80,0,0,2b04,800a,0,0000,2b04,0,2afc,0008,1,1,0,0,0000,2b04,0000,0000,0000,0000,0,2b04,2b04,0000,0,000,2b04,2b04
1553,1553,0,0000000000000000,80,0,0,2b04,800a,0,0000,2b04,0,2afc,0008,1,1,0,0,0000,2b04,0000,0000,0000,0000,0,2b04,2b04,0000,0,000,2b04,2b04
1554,1554,0,0000000000000000,80,0,0,2b04,800a,0,0000,2b04,0,2afc,0008,1,1,0,0,0000,2b04,0000,0000,0000,0000,0,2b04,2b04,0000,0,000,2b04,2b04
1555,1555,0,0000000000000000,80,0,0,2b04,800a,0,0000,2b04,0,2afc,0008,1,1,0,0,0000,2b04,0000,0000,0000,0000,0,2b04,2b04,0000,0,000,2b04,2b04
1556,1556,0,0000000000000000,80,0,0,2b04,800a,0,0000,2b04,0,2afc,0008,1,1,0,0,0000,2b04,0000,0000,0000,0000,0,2b04,2b04,0000,0,000,2b04,2b04
1557,1557,0,0000000000000000,80,0,0,2b04,800a,0,0000,2b04,0,2afc,0008,1,1,0,0,0000,2b04,0000,0000,0000,0000,0,2b04,2b04,0000,0,000,2b04,2b04
1558,1558,0,0000000000000000,80,0,0,2b04,800a,0,0000,2b04,0,2afc,0008,1,1,0,0,0000,2b04,0000,0000,0000,0000,0,2b04,2b04,0000,0,000,2b04,2b04
1559,1559,0,0000000000000000,80,0,0,2b04,800a,0,0000,2b04,0,2afc,0008,1,1,0,0,0000,2b04,0000,0000,0000,0000,0,2b04,2b04,0000,0,000,2b04,2b04
1560,1560,0,0000000000000000,80,0,0,2b04,800a,0,0000,2b04,0,2afc,0008,1,1,0,0,0000,2b04,0000,0000,0000,0000,0,2b04,2b04,0000,0,000,2b04,2b04
1561,1561,0,0000000000000000,80,0,0,2b04,800a,0,0000,2b04,0,2afc,0008,1,1,0,0,0000,2b04,0000,0000,0000,0000,0,2b04,2b04,0000,0,000,2b04,2b04
1562,1562,0,0000000000000000,80,0,0,2b04,800a,0,0000,2b04,0,2afc,0008,1,1,0,0,0000,2b04,0000,0000,0000,0000,0,2b04,2b04,0000,0,000,2b04,2b04
1563,1563,0,0000000000000000,80,0,0,2b04,800a,0,0000,2b04,0,2afc,0008,1,1,0,0,0000,2b04,0000,0000,0000,0000,0,2b04,2b04,0000,0,000,2b04,2b04
1564,1564,0,0000000000000000,80,0,0,2b04,800a,0,0000,2b04,0,2afc,0008,1,1,0,0,0000,2b04,0000,0000,0000,0000,0,2b04,2b04,0000,0,000,2b04,2b04
1565,1565,0,0000000000000000,80,0,0,2b04,800a,0,0000,2b04,0,2afc,0008,1,1,0,0,0000,2b04,0000,0000,0000,0000,0,2b04,2b04,0000,0,000,2b04,2b04
1566,1566,0,0000000000000000,80,0,0,2b04,800a,0,0000,2b04,0,2afc,0008,1,1,0,0,0000,2b04,0000,0000,0000,0000,0,2b04,2b04,0000,0,000,2b04,2b04
1567,1567,0,0000000000000000,80,0,0,2b04,800a,0,0000,2b04,0,2afc,0008,1,1,0,0,0000,2b04,0000,0000,0000,0000,0,2b04,2b04,0000,0,000,2b04,2b04
1568,1568,0,0000000000000000,80,0,0,2b04,800a,0,0000,2b04,0,2afc,0008,1,1,0,0,0000,2b04,0000,0000,0000,0000,0,2b04,2b04,0000,0,000,2b04,2b04
1569,1569,0,0000000000000000,80,0,0,2b04,800a,0,0000,2b04,0,2afc,0008,1,1,0,0,0000,2b04,0000,0000,0000,0000,0,2b04,2b04,0000,0,000,2b04,2b04
1570,1570,0,0000000000000000,80,0,0,2b04,800a,0,0000,2b04,0,2afc,0008,1,1,0,0,0000,2b04,0000,0000,0000,0000,0,2b04,2b04,0000,0,000,2b04,2b04
1571,1571,0,0000000000000000,80,0,0,2b04,800a,0,0000,2b04,0,2afc,0008,1,1,0,0,0000,2b04,0000,0000,0000,0000,0,2b04,2b04,0000,0,000,2b04,2b04
1572,1572,0,0000000000000000,80,0,0,2b04,800a,0,0000,2b04,0,2afc,0008,1,1,0,0,0000,2b04,0000,0000,0000,0000,0,2b04,2b04,0000,0,000,2b04,2b04
1573,1573,0,0000000000000000,80,0,0,2b04,800a,0,0000,2b04,0,2afc,0008,1,1,0,0,0000,2b04,0000,0000,0000,0000,0,2b04,2b04,0000,0,000,2b04,2b04
1574,1574,0,0000000000000000,80,0,0,2b04,800a,0,0000,2b04,0,2afc,0008,1,1,0,0,0000,2b04,0000,0000,0000,0000,0,2b04,2b04,0000,0,000,2b04,2b04
1575,1575,0,0000000000000000,80,0,0,2b04,800a,0,0000,2b04,0,2afc,0008,1,1,0,0,0000,2b04,0000,0000,0000,0000,0,2b04,2b04,0000,0,000,2b04,2b04
1576,1576,0,0000000000000000,80,0,0,2b04,800a,0,0000,2b04,0,2afc,0008,1,1,0,0,0000,2b04,0000,0000,0000,0000,0,2b04,2b04,0000,0,000,2b04,2b04
1577,1577,0,0000000000000000,80,0,0,2b04,800a,0,0000,2b04,0,2afc,0008,1,1,0,0,0000,2b04,0000,0000,0000,0000,0,2b04,2b04,0000,0,000,2b04,2b04
1578,1578,0,0000000000000000,80,0,0,2b04,800a,0,0000,2b04,0,2afc,0008,1,1,0,0,0000,2b04,0000,0000,0000,0000,0,2b04,2b04,0000,0,000,2b04,2b04
1579,1579,0,0000000000000000,80,0,0,2b04,800a,0,0000,2b04,0,2afc,0008,1,1,0,0,0000,2b04,0000,0000,0000,0000,0,2b04,2b04,0000,0,000,2b04,2b04
1580,1580,0,0000000000000000,80,0,0,2b04,800a,0,0000,2b04,0,2afc,0008,1,1,0,0,0000,2b04,0000,0000,0000,0000,0,2b04,2b04,0000,0,000,2b04,2b04
1581,1581,0,0000000000000000,80,0,0,2b04,800a,0,0000,2b04,0,2afc,0008,1,1,0,0,0000,2b04,0000,0000,0000,0000,0,2b04,2b04,0000,0,000,2b04,2b04
1582,1582,0,0000000000000000,80,0,0,2b04,800a,0,0000,2b04,0,2afc,0008,1,1,0,0,0000,2b04,0000,0000,0000,0000,0,2b04,2b04,0000,0,000,2b04,2b04
1583,1583,0,0000000000000000,80,0,0,2b04,800a,0,0000,2b04,0,2afc,0008,1,1,0,0,0000,2b04,0000,0000,0000,0000,0,2b04,2b04,0000,0,000,2b04,2b04
1584,1584,0,0000000000000000,80,0,0,2b04,800a,0,0000,2b04,0,2afc,0008,1,1,0,0,0000,2b04,0000,0000,0000,0000,0,2b04,2b04,0000,0,000,2b04,2b04
1585,1585,0,0000000000000000,80,0,0,2b04,800a,0,0000,2b04,0,2afc,0008,1,1,0,0,0000,2b04,0000,0000,0000,0000,0,2b04,2b04,0000,0,000,2b04,2b04
1586,1586,0,0000000000000000,80,0,0,2b04,800a,0,0000,2b04,0,2afc,0008,1,1,0,0,0000,2b04,0000,0000,0000,0000,0,2b04,2b04,0000,0,000,2b04,2b04
1587,1587,0,0000000000000000,80,0,0,2b04,800a,0,0000,2b04,0,2afc,0008,1,1,0,0,0000,2b04,0000,0000,0000,0000,0,2b04,2b04,0000,0,000,2b04,2b04
1588,1588,0,0000000000000000,80,0,0,2b04,800a,0,0000,2b04,0,2afc,0008,1,1,0,0,0000,2b04,0000,0000,0000,0000,0,2b04,2b04,0000,0,000,2b04,2b04
1589,1589,0,0000000000000000,80,0,0,2b04,800a,0,0000,2b04,0,2afc,0008,1,1,0,0,0000,2b04,0000,0000,0000,0000,0,2b04,2b04,0000,0,000,2b04,2b04
1590,1590,0,0000000000000000,80,0,0,2b04,800a,0,0000,2b04,0,2afc,0008,1,1,0,0,0000,2b04,0000,0000,0000,0000,0,2b04,2b04,0000,0,000,2b04,2b04
1591,1591,0,0000000000000000,80,0,0,2b04,800a,0,0000,2b04,0,2afc,0008,1,1,0,0,0000,2b04,0000,0000,0000,0000,0,2b04,2b04,0000,0,000,2b04,2b04
1592,1592,0,0000000000000000,80,0,0,2b04,800a,0,0000,2b04,0,2afc,0008,1,1,0,0,0000,2b04,0000,0000,0000,0000,0,2b04,2b04,0000,0,000,2b04,2b04
1593,1593,0,0000000000000000,80,0,0,2b04,800a,0,0000,2b04,0,2afc,0008,1,1,0,0,0000,2b04,0000,0000,0000,0000,0,2b04,2b04,0000,0,000,2b04,2b04
1594,1594,0,0000000000000000,80,0,0,2b04,800a,0,0000,2b04,0,2afc,0008,1,1,0,0,0000,2b04,0000,0000,0000,0000,0,2b04,2b04,0000,0,000,2b04,2b04
1595,1595,0,0000000000000000,80,0,0,2b04,800a,0,0000,2b04,0,2afc,0008,1,1,0,0,0000,2b04,0000,0000,0000,0000,0,2b04,2b04,0000,0,000,2b04,2b04
1596,1596,0,0000000000000000,80,0,0,2b04,800a,0,0000,2b04,0,2afc,0008,1,1,0,0,0000,2b04,0000,0000,0000,0000,0,2b04,2b04,0000,0,000,2b04,2b04
1597,1597,0,0000000000000000,80,0,0,2b04,800a,0,0000,2b04,0,2afc,0008,1,1,0,0,0000,2b04,0000,0000,0000,0000,0,2b04,2b04,0000,0,000,2b04,2b04
1598,1598,0,0000000000000000,80,0,0,2b04,800a,0,0000,2b04,0,2afc,0008,1,1,0,0,0000,2b04,0000,0000,0000,0000,0,2b04,2b04,0000,0,000,2b04,2b04
1599,1599,0,0000000000000000,80,0,0,2b04,800a,0,0000,2b04,0,2afc,0008,1,1,0,0,0000,2b04,0000,0000,0000,0000,0,2b04,2b04,0000,0,000,2b04,2b04
1600,1600,0,0000000000000000,80,0,0,2b04,800a,0,0000,2b04,0,2afc,0008,1,1,0,0,0000,2b04,0000,0000,0000,0000,0,2b04,2b04,0000,0,000,2b04,2b04
1601,1601,0,0000000000000000,80,0,0,2b04,800a,0,0000,2b04,0,2afc,0008,1,1,0,0,0000,2b04,0000,0000,0000,0000,0,2b04,2b04,0000,0,000,2b04,2b04
1602,1602,0,0000000000000000,80,0,0,2b04,800a,0,0000,2b04,0,2afc,0008,1,1,0,0,0000,2b04,0000,0000,0000,0000,0,2b04,2b04,0000,0,000,2b04,2b04
1603,1603,0,0000000000000000,80,0,0,2b04,800a,0,0000,2b04,0,2afc,0008,1,1,0,0,0000,2b04,0000,0000,0000,0000,0,2b04,2b04,0000,0,000,2b04,2b04
1604,1604,0,0000000000000000,80,0,0,2b04,800a,0,0000,2b04,0,2afc,0008,1,1,0,0,0000,2b04,0000,0000,0000,0000,0,2b04,2b04,0000,0,000,2b04,2b04
1605,1605,0,0000000000000000,80,0,0,2b04,800a,0,0000,2b04,0,2afc,0008,1,1,0,0,0000,2b04,0000,0000,0000,0000,0,2b04,2b04,0000,0,000,2b04,2b04
1606,1606,0,0000000000000000,80,0,0,2b04,800a,0,0000,2b04,0,2afc,0008,1,1,0,0,0000,2b04,0000,0000,0000,0000,0,2b04,2b04,0000,0,000,2b04,2b04
1607,1607,0,0000000000000000,80,0,0,2b04,800a,0,0000,2b04,0,2afc,0008,1,1,0,0,0000,2b04,0000,0000,0000,0000,0,2b04,2b04,0000,0,000,2b04,2b04
1608,1608,0,0000000000000000,80,0,0,2b04,800a,0,0000,2b04,0,2afc,0008,1,1,0,0,0000,2b04,0000,0000,0000,0000,0,2b04,2b04,0000,0,000,2b04,2b04
1609,1609,0,0000000000000000,80,0,0,2b04,800a,0,0000,2b04,0,2afc,0008,1,1,0,0,0000,2b04,0000,0000,0000,0000,0,2b04,2b04,0000,0,000,2b04,2b04
1610,1610,0,0000000000000000,80,0,0,2b04,800a,0,0000,2b04,0,2afc,0008,1,1,0,0,0000,2b04,0000,0000,0000,0000,0,2b04,2b04,0000,0,000,2b04,2b04
1611,1611,0,0000000000000000,80,0,0,2b04,800a,0,0000,2b04,0,2afc,0008,1,1,0,0,0000,2b04,0000,0000,0000,0000,0,2b04,2b04,0000,0,000,2b04,2b04
1612,1612,0,0000000000000000,80,0,0,2b04,800a,0,0000,2b04,0,2afc,0008,1,1,0,0,0000,2b04,0000,0000,0000,0000,0,2b04,2b04,0000,0,000,2b04,2b04
1613,1613,0,0000000000000000,80,0,0,2b04,800a,0,0000,2b04,0,2afc,0008,1,1,0,0,0000,2b04,0000,0000,0000,0000,0,2b04,2b04,0000,0,000,2b04,2b04
1614,1614,0,0000000000000000,80,0,0,2b04,800a,0,0000,2b04,0,2afc,0008,1,1,0,0,0000,2b04,0000,0000,0000,0000,0,2b04,2b04,0000,0,000,2b04,2b04
1615,1615,0,0000000000000000,80,0,0,2b04,800a,0,0000,2b04,0,2afc,0008,1,1,0,0,0000,2b04,0000,0000,0000,0000,0,2b04,2b04,0000,0,000,2b04,2b04
1616,1616,0,0000000000000000,80,0,0,2b04,800a,0,0000,2b04,0,2afc,0008,1,1,0,0,0000,2b04,0000,0000,0000,0000,0,2b04,2b04,0000,0,000,2b04,2b04
1617,1617,0,0000000000000000,80,0,0,2b04,800a,0,0000,2b04,0,2afc,0008,1,1,0,0,0000,2b04,0000,0000,0000,0000,0,2b04,2b04,0000,0,000,2b04,2b04
1618,1618,0,0000000000000000,80,0,0,2b04,800a,0,0000,2b04,0,2afc,0008,1,1,0,0,0000,2b04,0000,0000,0000,0000,0,2b04,2b04,0000,0,000,2b04,2b04
1619,1619,0,0000000000000000,80,0,0,2b04,800a,0,0000,2b04,0,2afc,0008,1,1,0,0,0000,2b04,0000,0000,0000,0000,0,2b04,2b04,0000,0,000,2b04,2b04
1620,1620,0,0000000000000000,80,0,0,2b04,800a,0,0000,2b04,0,2afc,0008,1,1,0,0,0000,2b04,0000,0000,0000,0000,0,2b04,2b04,0000,0,000,2b04,2b04
1621,1621,0,0000000000000000,80,0,0,2b04,800a,0,0000,2b04,0,2afc,0008,1,1,0,0,0000,2b04,0000,0000,0000,0000,0,2b04,2b04,0000,0,000,2b04,2b04
1622,1622,0,0000000000000000,80,0,0,2b04,800a,0,0000,2b04,0,2afc,0008,1,1,0,0,0000,2b04,0000,0000,0000,0000,0,2b04,2b04,0000,0,000,2b04,2b04
1623,1623,0,0000000000000000,80,0,0,2b04,800a,0,0000,2b04,0,2afc,0008,1,1,0,0,0000,2b04,0000,0000,0000,0000,0,2b04,2b04,0000,0,000,2b04,2b04
1624,1624,0,0000000000000000,80,0,0,2b04,800a,0,0000,2b04,0,2afc,0008,1,1,0,0,0000,2b04,0000,0000,0000,0000,0,2b04,2b04,0000,0,000,2b04,2b04
1625,1625,0,0000000000000000,80,0,0,2b04,800a,0,0000,2b04,0,2afc,0008,1,1,0,0,0000,2b04,0000,0000,0000,0000,0,2b04,2b04,0000,0,000,2b04,2b04
1626,1626,0,0000000000000000,80,0,0,2b04,800a,0,0000,2b04,0,2afc,0008,1,1,0,0,0000,2b04,0000,0000,0000,0000,0,2b04,2b04,0000,0,000,2b04,2b04
1627,1627,0,0000000000000000,80,0,0,2b04,800a,0,0000,2b04,0,2afc,0008,1,1,0,0,0000,2b04,0000,0000,0000,0000,0,2b04,2b04,0000,0,000,2b04,2b04
1628,1628,0,0000000000000000,80,0,0,2b04,800a,0,0000,2b04,0,2afc,0008,1,1,0,0,0000,2b04,0000,0000,0000,0000,0,2b04,2b04,0000,0,000,2b04,2b04
1629,1629,0,0000000000000000,80,0,0,2b04,800a,0,0000,2b04,0,2afc,0008,1,1,0,0,0000,2b04,0000,0000,0000,0000,0,2b04,2b04,0000,0,000,2b04,2b04
1630,1630,0,0000000000000000,80,0,0,2b04,800a,0,0000,2b04,0,2afc,0008,1,1,0,0,0000,2b04,0000,0000,0000,0000,0,2b04,2b04,0000,0,000,2b04,2b04
1631,1631,0,0000000000000000,80,0,0,2b04,800a,0,0000,2b04,0,2afc,0008,1,1,0,0,0000,2b04,0000,0000,0000,0000,0,2b04,2b04,0000,0,000,2b04,2b04
1632,1632,0,0000000000000000,80,0,0,2b04,800a,0,0000,2b04,0,2afc,0008,1,1,0,0,0000,2b04,0000,0000,0000,0000,0,2b04,2b04,0000,0,000,2b04,2b04
1633,1633,0,0000000000000000,80,0,0,2b04,800a,0,0000,2b04,0,2afc,0008,1,1,0,0,0000,2b04,0000,0000,0000,0000,0,2b04,2b04,0000,0,000,2b04,2b04
1634,1634,0,0000000000000000,80,0,0,2b04,800a,0,0000,2b04,0,2afc,0008,1,1,0,0,0000,2b04,0000,0000,0000,0000,0,2b04,2b04,0000,0,000,2b04,2b04
1635,1635,0,0000000000000000,80,0,0,2b04,800a,0,0000,2b04,0,2afc,0008,1,1,0,0,0000,2b04,0000,0000,0000,0000,0,2b04,2b04,0000,0,000,2b04,2b04
1636,1636,0,0000000000000000,80,0,0,2b04,800a,0,0000,2b04,0,2afc,0008,1,1,0,0,0000,2b04,0000,0000,0000,0000,0,2b04,2b04,0000,0,000,2b04,2b04
1637,1637,0,0000000000000000,80,0,0,2b04,800a,0,0000,2b04,0,2afc,0008,1,1,0,0,0000,2b04,0000,0000,0000,0000,0,2b04,2b04,0000,0,000,2b04,2b04
1638,1638,0,0000000000000000,80,0,0,2b04,800a,0,0000,2b04,0,2afc,0008,1,1,0,0,0000,2b04,0000,0000,0000,0000,0,2b04,2b04,0000,0,000,2b04,2b04
1639,1639,0,0000000000000000,80,0,0,2b04,800a,0,0000,2b04,0,2afc,0008,1,1,0,0,0000,2b04,0000,0000,0000,0000,0,2b04,2b04,0000,0,000,2b04,2b04
1640,1640,0,0000000000000000,80,0,0,2b04,800a,0,0000,2b04,0,2afc,0008,1,1,0,0,0000,2b04,0000,0000,0000,0000,0,2b04,2b04,0000,0,000,2b04,2b04
1641,1641,0,0000000000000000,80,0,0,2b04,800a,0,0000,2b04,0,2afc,0008,1,1,0,0,0000,2b04,0000,0000,0000,0000,0,2b04,2b04,0000,0,000,2b04,2b04
1642,1642,0,0000000000000000,80,0,0,2b04,800a,0,0000,2b04,0,2afc,0008,1,1,0,0,0000,2b04,0000,0000,0000,0000,0,2b04,2b04,0000,0,000,2b04,2b04
1643,1643,0,0000000000000000,80,0,0,2b04,800a,0,0000,2b04,0,2afc,0008,1,1,0,0,0000,2b04,0000,0000,0000,0000,0,2b04,2b04,0000,0,000,2b04,2b04
1644,1644,0,0000000000000000,80,0,0,2b04,800a,0,0000,2b04,0,2afc,0008,1,1,0,0,0000,2b04,0000,0000,0000,0000,0,2b04,2b04,0000,0,000,2b04,2b04
1645,1645,0,0000000000000000,80,0,0,2b04,800a,0,0000,2b04,0,2afc,0008,1,1,0,0,0000,2b04,0000,0000,0000,0000,0,2b04,2b04,0000,0,000,2b04,2b04
1646,1646,0,0000000000000000,80,0,0,2b04,800a,0,0000,2b04,0,2afc,0008,1,1,0,0,0000,2b04,0000,0000,0000,0000,0,2b04,2b04,0000,0,000,2b04,2b04
1647,1647,0,0000000000000000,80,0,0,2b04,800a,0,0000,2b04,0,2afc,0008,1,1,0,0,0000,2b04,0000,0000,0000,0000,0,2b04,2b04,0000,0,000,2b04,2b04
1648,1648,0,0000000000000000,80,0,0,2b04,800a,0,0000,2b04,0,2afc,0008,1,1,0,0,0000,2b04,0000,0000,0000,0000,0,2b04,2b04,0000,0,000,2b04,2b04
1649,1649,0,0000000000000000,80,0,0,2b04,800a,0,0000,2b04,0,2afc,0008,1,1,0,0,0000,2b04,0000,0000,0000,0000,0,2b04,2b04,0000,0,000,2b04,2b04
1650,1650,0,0000000000000000,80,0,0,2b04,800a,0,0000,2b04,0,2afc,0008,1,1,0,0,0000,2b04,0000,0000,0000,0000,0,2b04,2b04,0000,0,000,2b04,2b04
1651,1651,0,0000000000000000,80,0,0,2b04,800a,0,0000,2b04,0,2afc,0008,1,1,0,0,0000,2b04,0000,0000,0000,0000,0,2b04,2b04,0000,0,000,2b04,2b04
1652,1652,0,0000000000000000,80,0,0,2b04,800a,0,0000,2b04,0,2afc,0008,1,1,0,0,0000,2b04,0000,0000,0000,0000,0,2b04,2b04,0000,0,000,2b04,2b04
1653,1653,0,0000000000000000,80,0,0,2b04,800a,0,0000,2b04,0,2afc,0008,1,1,0,0,0000,2b04,0000,0000,0000,0000,0,2b04,2b04,0000,0,000,2b04,2b04
1654,1654,0,0000000000000000,80,0,0,2b04,800a,0,0000,2b04,0,2afc,0008,1,1,0,0,0000,2b04,0000,0000,0000,0000,0,2b04,2b04,0000,0,000,2b04,2b04
1655,1655,0,0000000000000000,80,0,0,2b04,800a,0,0000,2b04,0,2afc,0008,1,1,0,0,0000,2b04,0000,0000,0000,0000,0,2b04,2b04,0000,0,000,2b04,2b04
1656,1656,0,0000000000000000,80,0,0,2b04,800a,0,0000,2b04,0,2afc,0008,1,1,0,0,0000,2b04,0000,0000,0000,0000,0,2b04,2b04,0000,0,000,2b04,2b04
1657,1657,0,0000000000000000,80,0,0,2b04,800a,0,0000,2b04,0,2afc,0008,1,1,0,0,0000,2b04,0000,0000,0000,0000,0,2b04,2b04,0000,0,000,2b04,2b04
1658,1658,0,0000000000000000,80,0,0,2b04,800a,0,0000,2b04,0,2afc,0008,1,1,0,0,0000,2b04,0000,0000,0000,0000,0,2b04,2b04,0000,0,000,2b04,2b04
1659,1659,0,0000000000000000,80,0,0,2b04,800a,0,0000,2b04,0,2afc,0008,1,1,0,0,0000,2b04,0000,0000,0000,0000,0,2b04,2b04,0000,0,000,2b04,2b04
1660,1660,0,0000000000000000,80,0,0,2b04,800a,0,0000,2b04,0,2afc,0008,1,1,0,0,0000,2b04,0000,0000,0000,0000,0,2b04,2b04,0000,0,000,2b04,2b04
1661,1661,0,0000000000000000,80,0,0,2b04,800a,0,0000,2b04,0,2afc,0008,1,1,0,0,0000,2b04,0000,0000,0000,0000,0,2b04,2b04,0000,0,000,2b04,2b04
1662,1662,0,0000000000000000,80,0,0,2b04,800a,0,0000,2b04,0,2afc,0008,1,1,0,0,0000,2b04,0000,0000,0000,0000,0,2b04,2b04,0000,0,000,2b04,2b04
1663,1663,0,0000000000000000,80,0,0,2b04,800a,0,0000,2b04,0,2afc,0008,1,1,0,0,0000,2b04,0000,0000,0000,0000,0,2b04,2b04,0000,0,000,2b04,2b04
1664,1664,0,0000000000000000,80,0,0,2b04,800a,0,0000,2b04,0,2afc,0008,1,1,0,0,0000,2b04,0000,0000,0000,0000,0,2b04,2b04,0000,0,000,2b04,2b04
1665,1665,0,0000000000000000,80,0,0,2b04,800a,0,0000,2b04,0,2afc,0008,1,1,0,0,0000,2b04,0000,0000,0000,0000,0,2b04,2b04,0000,0,000,2b04,2b04
1666,1666,0,0000000000000000,80,0,0,2b04,800a,0,0000,2b04,0,2afc,0008,1,1,0,0,0000,2b04,0000,0000,0000,0000,0,2b04,2b04,0000,0,000,2b04,2b04
1667,1667,0,0000000000000000,80,0,0,2b04,800a,0,0000,2b04,0,2afc,0008,1,1,0,0,0000,2b04,0000,0000,0000,0000,0,2b04,2b04,0000,0,000,2b04,2b04
1668,1668,0,0000000000000000,80,0,0,2b04,800a,0,0000,2b04,0,2afc,0008,1,1,0,0,0000,2b04,0000,0000,0000,0000,0,2b04,2b04,0000,0,000,2b04,2b04
1669,1669,0,0000000000000000,80,0,0,2b04,800a,0,0000,2b04,0,2afc,0008,1,1,0,0,0000,2b04,0000,0000,0000,0000,0,2b04,2b04,0000,0,000,2b04,2b04
1670,1670,0,0000000000000000,80,0,0,2b04,800a,0,0000,2b04,0,2afc,0008,1,1,0,0,0000,2b04,0000,0000,0000,0000,0,2b04,2b04,0000,0,000,2b04,2b04
1671,1671,0,0000000000000000,80,0,0,2b04,800a,0,0000,2b04,0,2afc,0008,1,1,0,0,0000,2b04,0000,0000,0000,0000,0,2b04,2b04,0000,0,000,2b04,2b04
1672,1672,0,0000000000000000,80,0,0,2b04,800a,0,0000,2b04,0,2afc,0008,1,1,0,0,0000,2b04,0000,0000,0000,0000,0,2b04,2b04,0000,0,000,2b04,2b04
1673,1673,0,0000000000000000,80,0,0,2b04,800a,0,0000,2b04,0,2afc,0008,1,1,0,0,0000,2b04,0000,0000,0000,0000,0,2b04,2b04,0000,0,000,2b04,2b04
1674,1674,0,0000000000000000,80,0,0,2b04,800a,0,0000,2b04,0,2afc,0008,1,1,0,0,0000,2b04,0000,0000,0000,0000,0,2b04,2b04,0000,0,000,2b04,2b04
1675,1675,0,0000000000000000,80,0,0,2b04,800a,0,0000,2b04,0,2afc,0008,1,1,0,0,0000,2b04,0000,0000,0000,0000,0,2b04,2b04,0000,0,000,2b04,2b04
1676,1676,0,0000000000000000,80,0,0,2b04,800a,0,0000,2b04,0,2afc,0008,1,1,0,0,0000,2b04,0000,0000,0000,0000,0,2b04,2b04,0000,0,000,2b04,2b04
1677,1677,0,0000000000000000,80,0,0,2b04,800a,0,0000,2b04,0,2afc,0008,1,1,0,0,0000,2b04,0000,0000,0000,0000,0,2b04,2b04,0000,0,000,2b04,2b04
1678,1678,0,0000000000000000,80,0,0,2b04,800a,0,0000,2b04,0,2afc,0008,1,1,0,0,0000,2b04,0000,0000,0000,0000,0,2b04,2b04,0000,0,000,2b04,2b04
1679,1679,0,0000000000000000,80,0,0,2b04,800a,0,0000,2b04,0,2afc,0008,1,1,0,0,0000,2b04,0000,0000,0000,0000,0,2b04,2b04,0000,0,000,2b04,2b04
1680,1680,0,0000000000000000,80,0,0,2b04,800a,0,0000,2b04,0,2afc,0008,1,1,0,0,0000,2b04,0000,0000,0000,0000,0,2b04,2b04,0000,0,000,2b04,2b04
1681,1681,0,0000000000000000,80,0,0,2b04,800a,0,0000,2b04,0,2afc,0008,1,1,0,0,0000,2b04,0000,0000,0000,0000,0,2b04,2b04,0000,0,000,2b04,2b04
1682,1682,0,0000000000000000,80,0,0,2b04,800a,0,0000,2b04,0,2afc,0008,1,1,0,0,0000,2b04,0000,0000,0000,0000,0,2b04,2b04,0000,0,000,2b04,2b04
1683,1683,0,0000000000000000,80,0,0,2b04,800a,0,0000,2b04,0,2afc,0008,1,1,0,0,0000,2b04,0000,0000,0000,0000,0,2b04,2b04,0000,0,000,2b04,2b04
1684,1684,0,0000000000000000,80,0,0,2b04,800a,0,0000,2b04,0,2afc,0008,1,1,0,0,0000,2b04,0000,0000,0000,0000,0,2b04,2b04,0000,0,000,2b04,2b04
1685,1685,0,0000000000000000,80,0,0,2b04,800a,0,0000,2b04,0,2afc,0008,1,1,0,0,0000,2b04,0000,0000,0000,0000,0,2b04,2b04,0000,0,000,2b04,2b04
1686,1686,0,0000000000000000,80,0,0,2b04,800a,0,0000,2b04,0,2afc,0008,1,1,0,0,0000,2b04,0000,0000,0000,0000,0,2b04,2b04,0000,0,000,2b04,2b04
1687,1687,0,0000000000000000,80,0,0,2b04,800a,0,0000,2b04,0,2afc,0008,1,1,0,0,0000,2b04,0000,0000,0000,0000,0,2b04,2b04,0000,0,000,2b04,2b04
1688,1688,0,0000000000000000,80,0,0,2b04,800a,0,0000,2b04,0,2afc,0008,1,1,0,0,0000,2b04,0000,0000,0000,0000,0,2b04,2b04,0000,0,000,2b04,2b04
1689,1689,0,0000000000000000,80,0,0,2b04,800a,0,0000,2b04,0,2afc,0008,1,1,0,0,0000,2b04,0000,0000,0000,0000,0,2b04,2b04,0000,0,000,2b04,2b04
1690,1690,0,0000000000000000,80,0,0,2b04,800a,0,0000,2b04,0,2afc,0008,1,1,0,0,0000,2b04,0000,0000,0000,0000,0,2b04,2b04,0000,0,000,2b04,2b04
1691,1691,0,0000000000000000,80,0,0,2b04,800a,0,0000,2b04,0,2afc,0008,1,1,0,0,0000,2b04,0000,0000,0000,0000,0,2b04,2b04,0000,0,000,2b04,2b04
1692,1692,0,0000000000000000,80,0,0,2b04,800a,0,0000,2b04,0,2afc,0008,1,1,0,0,0000,2b04,0000,0000,0000,0000,0,2b04,2b04,0000,0,000,2b04,2b04
1693,1693,0,0000000000000000,80,0,0,2b04,800a,0,0000,2b04,0,2afc,0008,1,1,0,0,0000,2b04,0000,0000,0000,0000,0,2b04,2b04,0000,0,000,2b04,2b04
1694,1694,0,0000000000000000,80,0,0,2b04,800a,0,0000,2b04,0,2afc,0008,1,1,0,0,0000,2b04,0000,0000,0000,0000,0,2b04,2b04,0000,0,000,2b04,2b04
1695,1695,0,0000000000000000,80,0,0,2b04,800a,0,0000,2b04,0,2afc,0008,1,1,0,0,0000,2b04,0000,0000,0000,0000,0,2b04,2b04,0000,0,000,2b04,2b04
1696,1696,0,0000000000000000,80,0,0,2b04,800a,0,0000,2b04,0,2afc,0008,1,1,0,0,0000,2b04,0000,0000,0000,0000,0,2b04,2b04,0000,0,000,2b04,2b04
1697,1697,0,0000000000000000,80,0,0,2b04,800a,0,0000,2b04,0,2afc,0008,1,1,0,0,0000,2b04,0000,0000,0000,0000,0,2b04,2b04,0000,0,000,2b04,2b04
1698,1698,0,0000000000000000,80,0,0,2b04,800a,0,0000,2b04,0,2afc,0008,1,1,0,0,0000,2b04,0000,0000,0000,0000,0,2b04,2b04,0000,0,000,2b04,2b04
1699,1699,0,0000000000000000,80,0,0,2b04,800a,0,0000,2b04,0,2afc,0008,1,1,0,0,0000,2b04,0000,0000,0000,0000,0,2b04,2b04,0000,0,000,2b04,2b04
1700,1700,0,0000000000000000,80,0,0,2b04,800a,0,0000,2b04,0,2afc,0008,1,1,0,0,0000,2b04,0000,0000,0000,0000,0,2b04,2b04,0000,0,000,2b04,2b04
1701,1701,0,0000000000000000,80,0,0,2b04,800a,0,0000,2b04,0,2afc,0008,1,1,0,0,0000,2b04,0000,0000,0000,0000,0,2b04,2b04,0000,0,000,2b04,2b04
1702,1702,0,0000000000000000,80,0,0,2b04,800a,0,0000,2b04,0,2afc,0008,1,1,0,0,0000,2b04,0000,0000,0000,0000,0,2b04,2b04,0000,0,000,2b04,2b04
1703,1703,0,0000000000000000,80,0,0,2b04,800a,0,0000,2b04,0,2afc,0008,1,1,0,0,0000,2b04,0000,0000,0000,0000,0,2b04,2b04,0000,0,000,2b04,2b04
1704,1704,0,0000000000000000,80,0,0,2b04,800a,0,0000,2b04,0,2afc,0008,1,1,0,0,0000,2b04,0000,0000,0000,0000,0,2b04,2b04,0000,0,000,2b04,2b04
1705,1705,0,0000000000000000,80,0,0,2b04,800a,0,0000,2b04,0,2afc,0008,1,1,0,0,0000,2b04,0000,0000,0000,0000,0,2b04,2b04,0000,0,000,2b04,2b04
1706,1706,0,0000000000000000,80,0,0,2b04,800a,0,0000,2b04,0,2afc,0008,1,1,0,0,0000,2b04,0000,0000,0000,0000,0,2b04,2b04,0000,0,000,2b04,2b04
1707,1707,0,0000000000000000,80,0,0,2b04,800a,0,0000,2b04,0,2afc,0008,1,1,0,0,0000,2b04,0000,0000,0000,0000,0,2b04,2b04,0000,0,000,2b04,2b04
1708,1708,0,0000000000000000,80,0,0,2b04,800a,0,0000,2b04,0,2afc,0008,1,1,0,0,0000,2b04,0000,0000,0000,0000,0,2b04,2b04,0000,0,000,2b04,2b04
1709,1709,0,0000000000000000,80,0,0,2b04,800a,0,0000,2b04,0,2afc,0008,1,1,0,0,0000,2b04,0000,0000,0000,0000,0,2b04,2b04,0000,0,000,2b04,2b04
1710,1710,0,0000000000000000,80,0,0,2b04,800a,0,0000,2b04,0,2afc,0008,1,1,0,0,0000,2b04,0000,0000,0000,0000,0,2b04,2b04,0000,0,000,2b04,2b04
1711,1711,0,0000000000000000,80,0,0,2b04,800a,0,0000,2b04,0,2afc,0008,1,1,0,0,0000,2b04,0000,0000,0000,0000,0,2b04,2b04,0000,0,000,2b04,2b04
1712,1712,0,0000000000000000,80,0,0,2b04,800a,0,0000,2b04,0,2afc,0008,1,1,0,0,0000,2b04,0000,0000,0000,0000,0,2b04,2b04,0000,0,000,2b04,2b04
1713,1713,0,0000000000000000,80,0,0,2b04,800a,0,0000,2b04,0,2afc,0008,1,1,0,0,0000,2b04,0000,0000,0000,0000,0,2b04,2b04,0000,0,000,2b04,2b04
1714,1714,0,0000000000000000,80,0,0,2b04,800a,0,0000,2b04,0,2afc,0008,1,1,0,0,0000,2b04,0000,0000,0000,0000,0,2b04,2b04,0000,0,000,2b04,2b04
1715,1715,0,0000000000000000,80,0,0,2b04,800a,0,0000,2b04,0,2afc,0008,1,1,0,0,0000,2b04,0000,0000,0000,0000,0,2b04,2b04,0000,0,000,2b04,2b04
1716,1716,0,0000000000000000,80,0,0,2b04,800a,0,0000,2b04,0,2afc,0008,1,1,0,0,0000,2b04,0000,0000,0000,0000,0,2b04,2b04,0000,0,000,2b04,2b04
1717,1717,0,0000000000000000,80,0,0,2b04,800a,0,0000,2b04,0,2afc,0008,1,1,0,0,0000,2b04,0000,0000,0000,0000,0,2b04,2b04,0000,0,000,2b04,2b04
1718,1718,0,0000000000000000,80,0,0,2b04,800a,0,0000,2b04,0,2afc,0008,1,1,0,0,0000,2b04,0000,0000,0000,0000,0,2b04,2b04,0000,0,000,2b04,2b04
1719,1719,0,0000000000000000,80,0,0,2b04,800a,0,0000,2b04,0,2afc,0008,1,1,0,0,0000,2b04,0000,0000,0000,0000,0,2b04,2b04,0000,0,000,2b04,2b04
1720,1720,0,0000000000000000,80,0,0,2b04,800a,0,0000,2b04,0,2afc,0008,1,1,0,0,0000,2b04,0000,0000,0000,0000,0,2b04,2b04,0000,0,000,2b04,2b04
1721,1721,0,0000000000000000,80,0,0,2b04,800a,0,0000,2b04,0,2afc,0008,1,1,0,0,0000,2b04,0000,0000,0000,0000,0,2b04,2b04,0000,0,000,2b04,2b04
1722,1722,0,0000000000000000,80,0,0,2b04,800a,0,0000,2b04,0,2afc,0008,1,1,0,0,0000,2b04,0000,0000,0000,0000,0,2b04,2b04,0000,0,000,2b04,2b04
1723,1723,0,0000000000000000,80,0,0,2b04,800a,0,0000,2b04,0,2afc,0008,1,1,0,0,0000,2b04,0000,0000,0000,0000,0,2b04,2b04,0000,0,000,2b04,2b04
1724,1724,0,0000000000000000,80,0,0,2b04,800a,0,0000,2b04,0,2afc,0008,1,1,0,0,0000,2b04,0000,0000,0000,0000,0,2b04,2b04,0000,0,000,2b04,2b04
1725,1725,0,0000000000000000,80,0,0,2b04,800a,0,0000,2b04,0,2afc,0008,1,1,0,0,0000,2b04,0000,0000,0000,0000,0,2b04,2b04,0000,0,000,2b04,2b04
1726,1726,0,0000000000000000,80,0,0,2b04,800a,0,0000,2b04,0,2afc,0008,1,1,0,0,0000,2b04,0000,0000,0000,0000,0,2b04,2b04,0000,0,000,2b04,2b04
1727,1727,0,0000000000000000,80,0,0,2b04,800a,0,0000,2b04,0,2afc,0008,1,1,0,0,0000,2b04,0000,0000,0000,0000,0,2b04,2b04,0000,0,000,2b04,2b04
1728,1728,0,0000000000000000,80,0,0,2b04,800a,0,0000,2b04,0,2afc,0008,1,1,0,0,0000,2b04,0000,0000,0000,0000,0,2b04,2b04,0000,0,000,2b04,2b04
1729,1729,0,0000000000000000,80,0,0,2b04,800a,0,0000,2b04,0,2afc,0008,1,1,0,0,0000,2b04,0000,0000,0000,0000,0,2b04,2b04,0000,0,000,2b04,2b04
1730,1730,0,0000000000000000,80,0,0,2b04,800a,0,0000,2b04,0,2afc,0008,1,1,0,0,0000,2b04,0000,0000,0000,0000,0,2b04,2b04,0000,0,000,2b04,2b04
1731,1731,0,0000000000000000,80,0,0,2b04,800a,0,0000,2b04,0,2afc,0008,1,1,0,0,0000,2b04,0000,0000,0000,0000,0,2b04,2b04,0000,0,000,2b04,2b04
1732,1732,0,0000000000000000,80,0,0,2b04,800a,0,0000,2b04,0,2afc,0008,1,1,0,0,0000,2b04,0000,0000,0000,0000,0,2b04,2b04,0000,0,000,2b04,2b04
1733,1733,0,0000000000000000,80,0,0,2b04,800a,0,0000,2b04,0,2afc,0008,1,1,0,0,0000,2b04,0000,0000,0000,0000,0,2b04,2b04,0000,0,000,2b04,2b04
1734,1734,0,0000000000000000,80,0,0,2b04,800a,0,0000,2b04,0,2afc,0008,1,1,0,0,0000,2b04,0000,0000,0000,0000,0,2b04,2b04,0000,0,000,2b04,2b04
1735,1735,0,0000000000000000,80,0,0,2b04,800a,0,0000,2b04,0,2afc,0008,1,1,0,0,0000,2b04,0000,0000,0000,0000,0,2b04,2b04,0000,0,000,2b04,2b04
1736,1736,0,0000000000000000,80,0,0,2b04,800a,0,0000,2b04,0,2afc,0008,1,1,0,0,0000,2b04,0000,0000,0000,0000,0,2b04,2b04,0000,0,000,2b04,2b04
1737,1737,0,0000000000000000,80,0,0,2b04,800a,0,0000,2b04,0,2afc,0008,1,1,0,0,0000,2b04,0000,0000,0000,0000,0,2b04,2b04,0000,0,000,2b04,2b04
1738,1738,0,0000000000000000,80,0,0,2b04,800a,0,0000,2b04,0,2afc,0008,1,1,0,0,0000,2b04,0000,0000,0000,0000,0,2b04,2b04,0000,0,000,2b04,2b04
1739,1739,0,0000000000000000,80,0,0,2b04,800a,0,0000,2b04,0,2afc,0008,1,1,0,0,0000,2b04,0000,0000,0000,0000,0,2b04,2b04,0000,0,000,2b04,2b04
1740,1740,0,0000000000000000,80,0,0,2b04,800a,0,0000,2b04,0,2afc,0008,1,1,0,0,0000,2b04,0000,0000,0000,0000,0,2b04,2b04,0000,0,000,2b04,2b04
1741,1741,0,0000000000000000,80,0,0,2b04,800a,0,0000,2b04,0,2afc,0008,1,1,0,0,0000,2b04,0000,0000,0000,0000,0,2b04,2b04,0000,0,000,2b04,2b04
1742,1742,0,0000000000000000,80,0,0,2b04,800a,0,0000,2b04,0,2afc,0008,1,1,0,0,0000,2b04,0000,0000,0000,0000,0,2b04,2b04,0000,0,000,2b04,2b04
1743,1743,0,0000000000000000,80,0,0,2b04,800a,0,0000,2b04,0,2afc,0008,1,1,0,0,0000,2b04,0000,0000,0000,0000,0,2b04,2b04,0000,0,000,2b04,2b04
1744,1744,0,0000000000000000,80,0,0,2b04,800a,0,0000,2b04,0,2afc,0008,1,1,0,0,0000,2b04,0000,0000,0000,0000,0,2b04,2b04,0000,0,000,2b04,2b04
1745,1745,0,0000000000000000,80,0,0,2b04,800a,0,0000,2b04,0,2afc,0008,1,1,0,0,0000,2b04,0000,0000,0000,0000,0,2b04,2b04,0000,0,000,2b04,2b04
1746,1746,0,0000000000000000,80,0,0,2b04,800a,0,0000,2b04,0,2afc,0008,1,1,0,0,0000,2b04,0000,0000,0000,0000,0,2b04,2b04,0000,0,000,2b04,2b04
1747,1747,0,0000000000000000,80,0,0,2b04,800a,0,0000,2b04,0,2afc,0008,1,1,0,0,0000,2b04,0000,0000,0000,0000,0,2b04,2b04,0000,0,000,2b04,2b04
1748,1748,0,0000000000000000,80,0,0,2b04,800a,0,0000,2b04,0,2afc,0008,1,1,0,0,0000,2b04,0000,0000,0000,0000,0,2b04,2b04,0000,0,000,2b04,2b04
1749,1749,0,0000000000000000,80,0,0,2b04,800a,0,0000,2b04,0,2afc,0008,1,1,0,0,0000,2b04,0000,0000,0000,0000,0,2b04,2b04,0000,0,000,2b04,2b04
1750,1750,0,0000000000000000,80,0,0,2b04,800a,0,0000,2b04,0,2afc,0008,1,1,0,0,0000,2b04,0000,0000,0000,0000,0,2b04,2b04,0000,0,000,2b04,2b04
1751,1751,0,0000000000000000,80,0,0,2b04,800a,0,0000,2b04,0,2afc,0008,1,1,0,0,0000,2b04,0000,0000,0000,0000,0,2b04,2b04,0000,0,000,2b04,2b04
1752,1752,0,0000000000000000,80,0,0,2b04,800a,0,0000,2b04,0,2afc,0008,1,1,0,0,0000,2b04,0000,0000,0000,0000,0,2b04,2b04,0000,0,000,2b04,2b04
1753,1753,0,0000000000000000,80,0,0,2b04,800a,0,0000,2b04,0,2afc,0008,1,1,0,0,0000,2b04,0000,0000,0000,0000,0,2b04,2b04,0000,0,000,2b04,2b04
1754,1754,0,0000000000000000,80,0,0,2b04,800a,0,0000,2b04,0,2afc,0008,1,1,0,0,0000,2b04,0000,0000,0000,0000,0,2b04,2b04,0000,0,000,2b04,2b04
1755,1755,0,0000000000000000,80,0,0,2b04,800a,0,0000,2b04,0,2afc,0008,1,1,0,0,0000,2b04,0000,0000,0000,0000,0,2b04,2b04,0000,0,000,2b04,2b04
1756,1756,0,0000000000000000,80,0,0,2b04,800a,0,0000,2b04,0,2afc,0008,1,1,0,0,0000,2b04,0000,0000,0000,0000,0,2b04,2b04,0000,0,000,2b04,2b04
1757,1757,0,0000000000000000,80,0,0,2b04,800a,0,0000,2b04,0,2afc,0008,1,1,0,0,0000,2b04,0000,0000,0000,0000,0,2b04,2b04,0000,0,000,2b04,2b04
1758,1758,0,0000000000000000,80,0,0,2b04,800a,0,0000,2b04,0,2afc,0008,1,1,0,0,0000,2b04,0000,0000,0000,0000,0,2b04,2b04,0000,0,000,2b04,2b04
1759,1759,0,0000000000000000,80,0,0,2b04,800a,0,0000,2b04,0,2afc,0008,1,1,0,0,0000,2b04,0000,0000,0000,0000,0,2b04,2b04,0000,0,000,2b04,2b04
1760,1760,0,0000000000000000,80,0,0,2b04,800a,0,0000,2b04,0,2afc,0008,1,1,0,0,0000,2b04,0000,0000,0000,0000,0,2b04,2b04,0000,0,000,2b04,2b04
1761,1761,0,0000000000000000,80,0,0,2b04,800a,0,0000,2b04,0,2afc,0008,1,1,0,0,0000,2b04,0000,0000,0000,0000,0,2b04,2b04,0000,0,000,2b04,2b04
1762,1762,0,0000000000000000,80,0,0,2b04,800a,0,0000,2b04,0,2afc,0008,1,1,0,0,0000,2b04,0000,0000,0000,0000,0,2b04,2b04,0000,0,000,2b04,2b04
1763,1763,0,0000000000000000,80,0,0,2b04,800a,0,0000,2b04,0,2afc,0008,1,1,0,0,0000,2b04,0000,0000,0000,0000,0,2b04,2b04,0000,0,000,2b04,2b04
1764,1764,0,0000000000000000,80,0,0,2b04,800a,0,0000,2b04,0,2afc,0008,1,1,0,0,0000,2b04,0000,0000,0000,0000,0,2b04,2b04,0000,0,000,2b04,2b04
1765,1765,0,0000000000000000,80,0,0,2b04,800a,0,0000,2b04,0,2afc,0008,1,1,0,0,0000,2b04,0000,0000,0000,0000,0,2b04,2b04,0000,0,000,2b04,2b04
1766,1766,0,0000000000000000,80,0,0,2b04,800a,0,0000,2b04,0,2afc,0008,1,1,0,0,0000,2b04,0000,0000,0000,0000,0,2b04,2b04,0000,0,000,2b04,2b04
1767,1767,0,0000000000000000,80,0,0,2b04,800a,0,0000,2b04,0,2afc,0008,1,1,0,0,0000,2b04,0000,0000,0000,0000,0,2b04,2b04,0000,0,000,2b04,2b04
1768,1768,0,0000000000000000,80,0,0,2b04,800a,0,0000,2b04,0,2afc,0008,1,1,0,0,0000,2b04,0000,0000,0000,0000,0,2b04,2b04,0000,0,000,2b04,2b04
1769,1769,0,0000000000000000,80,0,0,2b04,800a,0,0000,2b04,0,2afc,0008,1,1,0,0,0000,2b04,0000,0000,0000,0000,0,2b04,2b04,0000,0,000,2b04,2b04
1770,1770,0,0000000000000000,80,0,0,2b04,800a,0,0000,2b04,0,2afc,0008,1,1,0,0,0000,2b04,0000,0000,0000,0000,0,2b04,2b04,0000,0,000,2b04,2b04
1771,1771,0,0000000000000000,80,0,0,2b04,800a,0,0000,2b04,0,2afc,0008,1,1,0,0,0000,2b04,0000,0000,0000,0000,0,2b04,2b04,0000,0,000,2b04,2b04
1772,1772,0,0000000000000000,80,0,0,2b04,800a,0,0000,2b04,0,2afc,0008,1,1,0,0,0000,2b04,0000,0000,0000,0000,0,2b04,2b04,0000,0,000,2b04,2b04
1773,1773,0,0000000000000000,80,0,0,2b04,800a,0,0000,2b04,0,2afc,0008,1,1,0,0,0000,2b04,0000,0000,0000,0000,0,2b04,2b04,0000,0,000,2b04,2b04
1774,1774,0,0000000000000000,80,0,0,2b04,800a,0,0000,2b04,0,2afc,0008,1,1,0,0,0000,2b04,0000,0000,0000,0000,0,2b04,2b04,0000,0,000,2b04,2b04
1775,1775,0,0000000000000000,80,0,0,2b04,800a,0,0000,2b04,0,2afc,0008,1,1,0,0,0000,2b04,0000,0000,0000,0000,0,2b04,2b04,0000,0,000,2b04,2b04
1776,1776,0,0000000000000000,80,0,0,2b04,800a,0,0000,2b04,0,2afc,0008,1,1,0,0,0000,2b04,0000,0000,0000,0000,0,2b04,2b04,0000,0,000,2b04,2b04
1777,1777,0,0000000000000000,80,0,0,2b04,800a,0,0000,2b04,0,2afc,0008,1,1,0,0,0000,2b04,0000,0000,0000,0000,0,2b04,2b04,0000,0,000,2b04,2b04
1778,1778,0,0000000000000000,80,0,0,2b04,800a,0,0000,2b04,0,2afc,0008,1,1,0,0,0000,2b04,0000,0000,0000,0000,0,2b04,2b04,0000,0,000,2b04,2b04
1779,1779,0,0000000000000000,80,0,0,2b04,800a,0,0000,2b04,0,2afc,0008,1,1,0,0,0000,2b04,0000,0000,0000,0000,0,2b04,2b04,0000,0,000,2b04,2b04
1780,1780,0,0000000000000000,80,0,0,2b04,800a,0,0000,2b04,0,2afc,0008,1,1,0,0,0000,2b04,0000,0000,0000,0000,0,2b04,2b04,0000,0,000,2b04,2b04
1781,1781,0,0000000000000000,80,0,0,2b04,800a,0,0000,2b04,0,2afc,0008,1,1,0,0,0000,2b04,0000,0000,0000,0000,0,2b04,2b04,0000,0,000,2b04,2b04
1782,1782,0,0000000000000000,80,0,0,2b04,800a,0,0000,2b04,0,2afc,0008,1,1,0,0,0000,2b04,0000,0000,0000,0000,0,2b04,2b04,0000,0,000,2b04,2b04
1783,1783,0,0000000000000000,80,0,0,2b04,800a,0,0000,2b04,0,2afc,0008,1,1,0,0,0000,2b04,0000,0000,0000,0000,0,2b04,2b04,0000,0,000,2b04,2b04
1784,1784,0,0000000000000000,80,0,0,2b04,800a,0,0000,2b04,0,2afc,0008,1,1,0,0,0000,2b04,0000,0000,0000,0000,0,2b04,2b04,0000,0,000,2b04,2b04
1785,1785,0,0000000000000000,80,0,0,2b04,800a,0,0000,2b04,0,2afc,0008,1,1,0,0,0000,2b04,0000,0000,0000,0000,0,2b04,2b04,0000,0,000,2b04,2b04
1786,1786,0,0000000000000000,80,0,0,2b04,800a,0,0000,2b04,0,2afc,0008,1,1,0,0,0000,2b04,0000,0000,0000,0000,0,2b04,2b04,0000,0,000,2b04,2b04
1787,1787,0,0000000000000000,80,0,0,2b04,800a,0,0000,2b04,0,2afc,0008,1,1,0,0,0000,2b04,0000,0000,0000,0000,0,2b04,2b04,0000,0,000,2b04,2b04
1788,1788,0,0000000000000000,80,0,0,2b04,800a,0,0000,2b04,0,2afc,0008,1,1,0,0,0000,2b04,0000,0000,0000,0000,0,2b04,2b04,0000,0,000,2b04,2b04
1789,1789,0,0000000000000000,80,0,0,2b04,800a,0,0000,2b04,0,2afc,0008,1,1,0,0,0000,2b04,0000,0000,0000,0000,0,2b04,2b04,0000,0,000,2b04,2b04
1790,1790,0,0000000000000000,80,0,0,2b04,800a,0,0000,2b04,0,2afc,0008,1,1,0,0,0000,2b04,0000,0000,0000,0000,0,2b04,2b04,0000,0,000,2b04,2b04
1791,1791,0,0000000000000000,80,0,0,2b04,800a,0,0000,2b04,0,2afc,0008,1,1,0,0,0000,2b04,0000,0000,0000,0000,0,2b04,2b04,0000,0,000,2b04,2b04
1792,1792,0,0000000000000000,80,0,0,2b04,800a,0,0000,2b04,0,2afc,0008,1,1,0,0,0000,2b04,0000,0000,0000,0000,0,2b04,2b04,0000,0,000,2b04,2b04
1793,1793,0,0000000000000000,80,0,0,2b04,800a,0,0000,2b04,0,2afc,0008,1,1,0,0,0000,2b04,0000,0000,0000,0000,0,2b04,2b04,0000,0,000,2b04,2b04
1794,1794,0,0000000000000000,80,0,0,2b04,800a,0,0000,2b04,0,2afc,0008,1,1,0,0,0000,2b04,0000,0000,0000,0000,0,2b04,2b04,0000,0,000,2b04,2b04
1795,1795,0,0000000000000000,80,0,0,2b04,800a,0,0000,2b04,0,2afc,0008,1,1,0,0,0000,2b04,0000,0000,0000,0000,0,2b04,2b04,0000,0,000,2b04,2b04
1796,1796,0,0000000000000000,80,0,0,2b04,800a,0,0000,2b04,0,2afc,0008,1,1,0,0,0000,2b04,0000,0000,0000,0000,0,2b04,2b04,0000,0,000,2b04,2b04
1797,1797,0,0000000000000000,80,0,0,2b04,800a,0,0000,2b04,0,2afc,0008,1,1,0,0,0000,2b04,0000,0000,0000,0000,0,2b04,2b04,0000,0,000,2b04,2b04
1798,1798,0,0000000000000000,80,0,0,2b04,800a,0,0000,2b04,0,2afc,0008,1,1,0,0,0000,2b04,0000,0000,0000,0000,0,2b04,2b04,0000,0,000,2b04,2b04
1799,1799,0,0000000000000000,80,0,0,2b04,800a,0,0000,2b04,0,2afc,0008,1,1,0,0,0000,2b04,0000,0000,0000,0000,0,2b04,2b04,0000,0,000,2b04,2b04
1800,1800,0,0000000000000000,80,0,0,2b04,800a,0,0000,2b04,0,2afc,0008,1,1,0,0,0000,2b04,0000,0000,0000,0000,0,2b04,2b04,0000,0,000,2b04,2b04
1801,1801,0,0000000000000000,80,0,0,2b04,800a,0,0000,2b04,0,2afc,0008,1,1,0,0,0000,2b04,0000,0000,0000,0000,0,2b04,2b04,0000,0,000,2b04,2b04
1802,1802,0,0000000000000000,80,0,0,2b04,800a,0,0000,2b04,0,2afc,0008,1,1,0,0,0000,2b04,0000,0000,0000,0000,0,2b04,2b04,0000,0,000,2b04,2b04
1803,1803,0,0000000000000000,80,0,0,2b04,800a,0,0000,2b04,0,2afc,0008,1,1,0,0,0000,2b04,0000,0000,0000,0000,0,2b04,2b04,0000,0,000,2b04,2b04
1804,1804,0,0000000000000000,80,0,0,2b04,800a,0,0000,2b04,0,2afc,0008,1,1,0,0,0000,2b04,0000,0000,0000,0000,0,2b04,2b04,0000,0,000,2b04,2b04
1805,1805,0,0000000000000000,80,0,0,2b04,800a,0,0000,2b04,0,2afc,0008,1,1,0,0,0000,2b04,0000,0000,0000,0000,0,2b04,2b04,0000,0,000,2b04,2b04
1806,1806,0,0000000000000000,80,0,0,2b04,800a,0,0000,2b04,0,2afc,0008,1,1,0,0,0000,2b04,0000,0000,0000,0000,0,2b04,2b04,0000,0,000,2b04,2b04
1807,1807,0,0000000000000000,80,0,0,2b04,800a,0,0000,2b04,0,2afc,0008,1,1,0,0,0000,2b04,0000,0000,0000,0000,0,2b04,2b04,0000,0,000,2b04,2b04
1808,1808,0,0000000000000000,80,0,0,2b04,800a,0,0000,2b04,0,2afc,0008,1,1,0,0,0000,2b04,0000,0000,0000,0000,0,2b04,2b04,0000,0,000,2b04,2b04
1809,1809,0,0000000000000000,80,0,0,2b04,800a,0,0000,2b04,0,2afc,0008,1,1,0,0,0000,2b04,0000,0000,0000,0000,0,2b04,2b04,0000,0,000,2b04,2b04
1810,1810,0,0000000000000000,80,0,0,2b04,800a,0,0000,2b04,0,2afc,0008,1,1,0,0,0000,2b04,0000,0000,0000,0000,0,2b04,2b04,0000,0,000,2b04,2b04
1811,1811,0,0000000000000000,80,0,0,2b04,800a,0,0000,2b04,0,2afc,0008,1,1,0,0,0000,2b04,0000,0000,0000,0000,0,2b04,2b04,0000,0,000,2b04,2b04
1812,1812,0,0000000000000000,80,0,0,2b04,800a,0,0000,2b04,0,2afc,0008,1,1,0,0,0000,2b04,0000,0000,0000,0000,0,2b04,2b04,0000,0,000,2b04,2b04
1813,1813,0,0000000000000000,80,0,0,2b04,800a,0,0000,2b04,0,2afc,0008,1,1,0,0,0000,2b04,0000,0000,0000,0000,0,2b04,2b04,0000,0,000,2b04,2b04
1814,1814,0,0000000000000000,80,0,0,2b04,800a,0,0000,2b04,0,2afc,0008,1,1,0,0,0000,2b04,0000,0000,0000,0000,0,2b04,2b04,0000,0,000,2b04,2b04
1815,1815,0,0000000000000000,80,0,0,2b04,800a,0,0000,2b04,0,2afc,0008,1,1,0,0,0000,2b04,0000,0000,0000,0000,0,2b04,2b04,0000,0,000,2b04,2b04
1816,1816,0,0000000000000000,80,0,0,2b04,800a,0,0000,2b04,0,2afc,0008,1,1,0,0,0000,2b04,0000,0000,0000,0000,0,2b04,2b04,0000,0,000,2b04,2b04
1817,1817,0,0000000000000000,80,0,0,2b04,800a,0,0000,2b04,0,2afc,0008,1,1,0,0,0000,2b04,0000,0000,0000,0000,0,2b04,2b04,0000,0,000,2b04,2b04
1818,1818,0,0000000000000000,80,0,0,2b04,800a,0,0000,2b04,0,2afc,0008,1,1,0,0,0000,2b04,0000,0000,0000,0000,0,2b04,2b04,0000,0,000,2b04,2b04
1819,1819,0,0000000000000000,80,0,0,2b04,800a,0,0000,2b04,0,2afc,0008,1,1,0,0,0000,2b04,0000,0000,0000,0000,0,2b04,2b04,0000,0,000,2b04,2b04
1820,1820,0,0000000000000000,80,0,0,2b04,800a,0,0000,2b04,0,2afc,0008,1,1,0,0,0000,2b04,0000,0000,0000,0000,0,2b04,2b04,0000,0,000,2b04,2b04
1821,1821,0,0000000000000000,80,0,0,2b04,800a,0,0000,2b04,0,2afc,0008,1,1,0,0,0000,2b04,0000,0000,0000,0000,0,2b04,2b04,0000,0,000,2b04,2b04
1822,1822,0,0000000000000000,80,0,0,2b04,800a,0,0000,2b04,0,2afc,0008,1,1,0,0,0000,2b04,0000,0000,0000,0000,0,2b04,2b04,0000,0,000,2b04,2b04
1823,1823,0,0000000000000000,80,0,0,2b04,800a,0,0000,2b04,0,2afc,0008,1,1,0,0,0000,2b04,0000,0000,0000,0000,0,2b04,2b04,0000,0,000,2b04,2b04
1824,1824,0,0000000000000000,80,0,0,2b04,800a,0,0000,2b04,0,2afc,0008,1,1,0,0,0000,2b04,0000,0000,0000,0000,0,2b04,2b04,0000,0,000,2b04,2b04
1825,1825,0,0000000000000000,80,0,0,2b04,800a,0,0000,2b04,0,2afc,0008,1,1,0,0,0000,2b04,0000,0000,0000,0000,0,2b04,2b04,0000,0,000,2b04,2b04
1826,1826,0,0000000000000000,80,0,0,2b04,800a,0,0000,2b04,0,2afc,0008,1,1,0,0,0000,2b04,0000,0000,0000,0000,0,2b04,2b04,0000,0,000,2b04,2b04
1827,1827,0,0000000000000000,80,0,0,2b04,800a,0,0000,2b04,0,2afc,0008,1,1,0,0,0000,2b04,0000,0000,0000,0000,0,2b04,2b04,0000,0,000,2b04,2b04
1828,1828,0,0000000000000000,80,0,0,2b04,800a,0,0000,2b04,0,2afc,0008,1,1,0,0,0000,2b04,0000,0000,0000,0000,0,2b04,2b04,0000,0,000,2b04,2b04
1829,1829,0,0000000000000000,80,0,0,2b04,800a,0,0000,2b04,0,2afc,0008,1,1,0,0,0000,2b04,0000,0000,0000,0000,0,2b04,2b04,0000,0,000,2b04,2b04
1830,1830,0,0000000000000000,80,0,0,2b04,800a,0,0000,2b04,0,2afc,0008,1,1,0,0,0000,2b04,0000,0000,0000,0000,0,2b04,2b04,0000,0,000,2b04,2b04
1831,1831,0,0000000000000000,80,0,0,2b04,800a,0,0000,2b04,0,2afc,0008,1,1,0,0,0000,2b04,0000,0000,0000,0000,0,2b04,2b04,0000,0,000,2b04,2b04
1832,1832,0,0000000000000000,80,0,0,2b04,800a,0,0000,2b04,0,2afc,0008,1,1,0,0,0000,2b04,0000,0000,0000,0000,0,2b04,2b04,0000,0,000,2b04,2b04
1833,1833,0,0000000000000000,80,0,0,2b04,800a,0,0000,2b04,0,2afc,0008,1,1,0,0,0000,2b04,0000,0000,0000,0000,0,2b04,2b04,0000,0,000,2b04,2b04
1834,1834,0,0000000000000000,80,0,0,2b04,800a,0,0000,2b04,0,2afc,0008,1,1,0,0,0000,2b04,0000,0000,0000,0000,0,2b04,2b04,0000,0,000,2b04,2b04
1835,1835,0,0000000000000000,80,0,0,2b04,800a,0,0000,2b04,0,2afc,0008,1,1,0,0,0000,2b04,0000,0000,0000,0000,0,2b04,2b04,0000,0,000,2b04,2b04
1836,1836,0,0000000000000000,80,0,0,2b04,800a,0,0000,2b04,0,2afc,0008,1,1,0,0,0000,2b04,0000,0000,0000,0000,0,2b04,2b04,0000,0,000,2b04,2b04
1837,1837,0,0000000000000000,80,0,0,2b04,800a,0,0000,2b04,0,2afc,0008,1,1,0,0,0000,2b04,0000,0000,0000,0000,0,2b04,2b04,0000,0,000,2b04,2b04
1838,1838,0,0000000000000000,80,0,0,2b04,800a,0,0000,2b04,0,2afc,0008,1,1,0,0,0000,2b04,0000,0000,0000,0000,0,2b04,2b04,0000,0,000,2b04,2b04
1839,1839,0,0000000000000000,80,0,0,2b04,800a,0,0000,2b04,0,2afc,0008,1,1,0,0,0000,2b04,0000,0000,0000,0000,0,2b04,2b04,0000,0,000,2b04,2b04
1840,1840,0,0000000000000000,80,0,0,2b04,800a,0,0000,2b04,0,2afc,0008,1,1,0,0,0000,2b04,0000,0000,0000,0000,0,2b04,2b04,0000,0,000,2b04,2b04
1841,1841,0,0000000000000000,80,0,0,2b04,800a,0,0000,2b04,0,2afc,0008,1,1,0,0,0000,2b04,0000,0000,0000,0000,0,2b04,2b04,0000,0,000,2b04,2b04
1842,1842,0,0000000000000000,80,0,0,2b04,800a,0,0000,2b04,0,2afc,0008,1,1,0,0,0000,2b04,0000,0000,0000,0000,0,2b04,2b04,0000,0,000,2b04,2b04
1843,1843,0,0000000000000000,80,0,0,2b04,800a,0,0000,2b04,0,2afc,0008,1,1,0,0,0000,2b04,0000,0000,0000,0000,0,2b04,2b04,0000,0,000,2b04,2b04
1844,1844,0,0000000000000000,80,0,0,2b04,800a,0,0000,2b04,0,2afc,0008,1,1,0,0,0000,2b04,0000,0000,0000,0000,0,2b04,2b04,0000,0,000,2b04,2b04
1845,1845,0,0000000000000000,80,0,0,2b04,800a,0,0000,2b04,0,2afc,0008,1,1,0,0,0000,2b04,0000,0000,0000,0000,0,2b04,2b04,0000,0,000,2b04,2b04
1846,1846,0,0000000000000000,80,0,0,2b04,800a,0,0000,2b04,0,2afc,0008,1,1,0,0,0000,2b04,0000,0000,0000,0000,0,2b04,2b04,0000,0,000,2b04,2b04
1847,1847,0,0000000000000000,80,0,0,2b04,800a,0,0000,2b04,0,2afc,0008,1,1,0,0,0000,2b04,0000,0000,0000,0000,0,2b04,2b04,0000,0,000,2b04,2b04
1848,1848,0,0000000000000000,80,0,0,2b04,800a,0,0000,2b04,0,2afc,0008,1,1,0,0,0000,2b04,0000,0000,0000,0000,0,2b04,2b04,0000,0,000,2b04,2b04
1849,1849,0,0000000000000000,80,0,0,2b04,800a,0,0000,2b04,0,2afc,0008,1,1,0,0,0000,2b04,0000,0000,0000,0000,0,2b04,2b04,0000,0,000,2b04,2b04
1850,1850,0,0000000000000000,80,0,0,2b04,800a,0,0000,2b04,0,2afc,0008,1,1,0,0,0000,2b04,0000,0000,0000,0000,0,2b04,2b04,0000,0,000,2b04,2b04
1851,1851,0,0000000000000000,80,0,0,2b04,800a,0,0000,2b04,0,2afc,0008,1,1,0,0,0000,2b04,0000,0000,0000,0000,0,2b04,2b04,0000,0,000,2b04,2b04
1852,1852,0,0000000000000000,80,0,0,2b04,800a,0,0000,2b04,0,2afc,0008,1,1,0,0,0000,2b04,0000,0000,0000,0000,0,2b04,2b04,0000,0,000,2b04,2b04
1853,1853,0,0000000000000000,80,0,0,2b04,800a,0,0000,2b04,0,2afc,0008,1,1,0,0,0000,2b04,0000,0000,0000,0000,0,2b04,2b04,0000,0,000,2b04,2b04
1854,1854,0,0000000000000000,80,0,0,2b04,800a,0,0000,2b04,0,2afc,0008,1,1,0,0,0000,2b04,0000,0000,0000,0000,0,2b04,2b04,0000,0,000,2b04,2b04
1855,1855,0,0000000000000000,80,0,0,2b04,800a,0,0000,2b04,0,2afc,0008,1,1,0,0,0000,2b04,0000,0000,0000,0000,0,2b04,2b04,0000,0,000,2b04,2b04
1856,1856,0,0000000000000000,80,0,0,2b04,800a,0,0000,2b04,0,2afc,0008,1,1,0,0,0000,2b04,0000,0000,0000,0000,0,2b04,2b04,0000,0,000,2b04,2b04
1857,1857,0,0000000000000000,80,0,0,2b04,800a,0,0000,2b04,0,2afc,0008,1,1,0,0,0000,2b04,0000,0000,0000,0000,0,2b04,2b04,0000,0,000,2b04,2b04
1858,1858,0,0000000000000000,80,0,0,2b04,800a,0,0000,2b04,0,2afc,0008,1,1,0,0,0000,2b04,0000,0000,0000,0000,0,2b04,2b04,0000,0,000,2b04,2b04
1859,1859,0,0000000000000000,80,0,0,2b04,800a,0,0000,2b04,0,2afc,0008,1,1,0,0,0000,2b04,0000,0000,0000,0000,0,2b04,2b04,0000,0,000,2b04,2b04
1860,1860,0,0000000000000000,80,0,0,2b04,800a,0,0000,2b04,0,2afc,0008,1,1,0,0,0000,2b04,0000,0000,0000,0000,0,2b04,2b04,0000,0,000,2b04,2b04
1861,1861,0,0000000000000000,80,0,0,2b04,800a,0,0000,2b04,0,2afc,0008,1,1,0,0,0000,2b04,0000,0000,0000,0000,0,2b04,2b04,0000,0,000,2b04,2b04
1862,1862,0,0000000000000000,80,0,0,2b04,800a,0,0000,2b04,0,2afc,0008,1,1,0,0,0000,2b04,0000,0000,0000,0000,0,2b04,2b04,0000,0,000,2b04,2b04
1863,1863,0,0000000000000000,80,0,0,2b04,800a,0,0000,2b04,0,2afc,0008,1,1,0,0,0000,2b04,0000,0000,0000,0000,0,2b04,2b04,0000,0,000,2b04,2b04
1864,1864,0,0000000000000000,80,0,0,2b04,800a,0,0000,2b04,0,2afc,0008,1,1,0,0,0000,2b04,0000,0000,0000,0000,0,2b04,2b04,0000,0,000,2b04,2b04
1865,1865,0,0000000000000000,80,0,0,2b04,800a,0,0000,2b04,0,2afc,0008,1,1,0,0,0000,2b04,0000,0000,0000,0000,0,2b04,2b04,0000,0,000,2b04,2b04
1866,1866,0,0000000000000000,80,0,0,2b04,800a,0,0000,2b04,0,2afc,0008,1,1,0,0,0000,2b04,0000,0000,0000,0000,0,2b04,2b04,0000,0,000,2b04,2b04
1867,1867,0,0000000000000000,80,0,0,2b04,800a,0,0000,2b04,0,2afc,0008,1,1,0,0,0000,2b04,0000,0000,0000,0000,0,2b04,2b04,0000,0,000,2b04,2b04
1868,1868,0,0000000000000000,80,0,0,2b04,800a,0,0000,2b04,0,2afc,0008,1,1,0,0,0000,2b04,0000,0000,0000,0000,0,2b04,2b04,0000,0,000,2b04,2b04
1869,1869,0,0000000000000000,80,0,0,2b04,800a,0,0000,2b04,0,2afc,0008,1,1,0,0,0000,2b04,0000,0000,0000,0000,0,2b04,2b04,0000,0,000,2b04,2b04
1870,1870,0,0000000000000000,80,0,0,2b04,800a,0,0000,2b04,0,2afc,0008,1,1,0,0,0000,2b04,0000,0000,0000,0000,0,2b04,2b04,0000,0,000,2b04,2b04
1871,1871,0,0000000000000000,80,0,0,2b04,800a,0,0000,2b04,0,2afc,0008,1,1,0,0,0000,2b04,0000,0000,0000,0000,0,2b04,2b04,0000,0,000,2b04,2b04
1872,1872,0,0000000000000000,80,0,0,2b04,800a,0,0000,2b04,0,2afc,0008,1,1,0,0,0000,2b04,0000,0000,0000,0000,0,2b04,2b04,0000,0,000,2b04,2b04
1873,1873,0,0000000000000000,80,0,0,2b04,800a,0,0000,2b04,0,2afc,0008,1,1,0,0,0000,2b04,0000,0000,0000,0000,0,2b04,2b04,0000,0,000,2b04,2b04
1874,1874,0,0000000000000000,80,0,0,2b04,800a,0,0000,2b04,0,2afc,0008,1,1,0,0,0000,2b04,0000,0000,0000,0000,0,2b04,2b04,0000,0,000,2b04,2b04
1875,1875,0,0000000000000000,80,0,0,2b04,800a,0,0000,2b04,0,2afc,0008,1,1,0,0,0000,2b04,0000,0000,0000,0000,0,2b04,2b04,0000,0,000,2b04,2b04
1876,1876,0,0000000000000000,80,0,0,2b04,800a,0,0000,2b04,0,2afc,0008,1,1,0,0,0000,2b04,0000,0000,0000,0000,0,2b04,2b04,0000,0,000,2b04,2b04
1877,1877,0,0000000000000000,80,0,0,2b04,800a,0,0000,2b04,0,2afc,0008,1,1,0,0,0000,2b04,0000,0000,0000,0000,0,2b04,2b04,0000,0,000,2b04,2b04
1878,1878,0,0000000000000000,80,0,0,2b04,800a,0,0000,2b04,0,2afc,0008,1,1,0,0,0000,2b04,0000,0000,0000,0000,0,2b04,2b04,0000,0,000,2b04,2b04
1879,1879,0,0000000000000000,80,0,0,2b04,800a,0,0000,2b04,0,2afc,0008,1,1,0,0,0000,2b04,0000,0000,0000,0000,0,2b04,2b04,0000,0,000,2b04,2b04
1880,1880,0,0000000000000000,80,0,0,2b04,800a,0,0000,2b04,0,2afc,0008,1,1,0,0,0000,2b04,0000,0000,0000,0000,0,2b04,2b04,0000,0,000,2b04,2b04
1881,1881,0,0000000000000000,80,0,0,2b04,800a,0,0000,2b04,0,2afc,0008,1,1,0,0,0000,2b04,0000,0000,0000,0000,0,2b04,2b04,0000,0,000,2b04,2b04
1882,1882,0,0000000000000000,80,0,0,2b04,800a,0,0000,2b04,0,2afc,0008,1,1,0,0,0000,2b04,0000,0000,0000,0000,0,2b04,2b04,0000,0,000,2b04,2b04
1883,1883,0,0000000000000000,80,0,0,2b04,800a,0,0000,2b04,0,2afc,0008,1,1,0,0,0000,2b04,0000,0000,0000,0000,0,2b04,2b04,0000,0,000,2b04,2b04
1884,1884,0,0000000000000000,80,0,0,2b04,800a,0,0000,2b04,0,2afc,0008,1,1,0,0,0000,2b04,0000,0000,0000,0000,0,2b04,2b04,0000,0,000,2b04,2b04
1885,1885,0,0000000000000000,80,0,0,2b04,800a,0,0000,2b04,0,2afc,0008,1,1,0,0,0000,2b04,0000,0000,0000,0000,0,2b04,2b04,0000,0,000,2b04,2b04
1886,1886,0,0000000000000000,80,0,0,2b04,800a,0,0000,2b04,0,2afc,0008,1,1,0,0,0000,2b04,0000,0000,0000,0000,0,2b04,2b04,0000,0,000,2b04,2b04
1887,1887,0,0000000000000000,80,0,0,2b04,800a,0,0000,2b04,0,2afc,0008,1,1,0,0,0000,2b04,0000,0000,0000,0000,0,2b04,2b04,0000,0,000,2b04,2b04
1888,1888,0,0000000000000000,80,0,0,2b04,800a,0,0000,2b04,0,2afc,0008,1,1,0,0,0000,2b04,0000,0000,0000,0000,0,2b04,2b04,0000,0,000,2b04,2b04
1889,1889,0,0000000000000000,80,0,0,2b04,800a,0,0000,2b04,0,2afc,0008,1,1,0,0,0000,2b04,0000,0000,0000,0000,0,2b04,2b04,0000,0,000,2b04,2b04
1890,1890,0,0000000000000000,80,0,0,2b04,800a,0,0000,2b04,0,2afc,0008,1,1,0,0,0000,2b04,0000,0000,0000,0000,0,2b04,2b04,0000,0,000,2b04,2b04
1891,1891,0,0000000000000000,80,0,0,2b04,800a,0,0000,2b04,0,2afc,0008,1,1,0,0,0000,2b04,0000,0000,0000,0000,0,2b04,2b04,0000,0,000,2b04,2b04
1892,1892,0,0000000000000000,80,0,0,2b04,800a,0,0000,2b04,0,2afc,0008,1,1,0,0,0000,2b04,0000,0000,0000,0000,0,2b04,2b04,0000,0,000,2b04,2b04
1893,1893,0,0000000000000000,80,0,0,2b04,800a,0,0000,2b04,0,2afc,0008,1,1,0,0,0000,2b04,0000,0000,0000,0000,0,2b04,2b04,0000,0,000,2b04,2b04
1894,1894,0,0000000000000000,80,0,0,2b04,800a,0,0000,2b04,0,2afc,0008,1,1,0,0,0000,2b04,0000,0000,0000,0000,0,2b04,2b04,0000,0,000,2b04,2b04
1895,1895,0,0000000000000000,80,0,0,2b04,800a,0,0000,2b04,0,2afc,0008,1,1,0,0,0000,2b04,0000,0000,0000,0000,0,2b04,2b04,0000,0,000,2b04,2b04
1896,1896,0,0000000000000000,80,0,0,2b04,800a,0,0000,2b04,0,2afc,0008,1,1,0,0,0000,2b04,0000,0000,0000,0000,0,2b04,2b04,0000,0,000,2b04,2b04
1897,1897,0,0000000000000000,80,0,0,2b04,800a,0,0000,2b04,0,2afc,0008,1,1,0,0,0000,2b04,0000,0000,0000,0000,0,2b04,2b04,0000,0,000,2b04,2b04
1898,1898,0,0000000000000000,80,0,0,2b04,800a,0,0000,2b04,0,2afc,0008,1,1,0,0,0000,2b04,0000,0000,0000,0000,0,2b04,2b04,0000,0,000,2b04,2b04
1899,1899,0,0000000000000000,80,0,0,2b04,800a,0,0000,2b04,0,2afc,0008,1,1,0,0,0000,2b04,0000,0000,0000,0000,0,2b04,2b04,0000,0,000,2b04,2b04
1900,1900,0,0000000000000000,80,0,0,2b04,800a,0,0000,2b04,0,2afc,0008,1,1,0,0,0000,2b04,0000,0000,0000,0000,0,2b04,2b04,0000,0,000,2b04,2b04
1901,1901,0,0000000000000000,80,0,0,2b04,800a,0,0000,2b04,0,2afc,0008,1,1,0,0,0000,2b04,0000,0000,0000,0000,0,2b04,2b04,0000,0,000,2b04,2b04
1902,1902,0,0000000000000000,80,0,0,2b04,800a,0,0000,2b04,0,2afc,0008,1,1,0,0,0000,2b04,0000,0000,0000,0000,0,2b04,2b04,0000,0,000,2b04,2b04
1903,1903,0,0000000000000000,80,0,0,2b04,800a,0,0000,2b04,0,2afc,0008,1,1,0,0,0000,2b04,0000,0000,0000,0000,0,2b04,2b04,0000,0,000,2b04,2b04
1904,1904,0,0000000000000000,80,0,0,2b04,800a,0,0000,2b04,0,2afc,0008,1,1,0,0,0000,2b04,0000,0000,0000,0000,0,2b04,2b04,0000,0,000,2b04,2b04
1905,1905,0,0000000000000000,80,0,0,2b04,800a,0,0000,2b04,0,2afc,0008,1,1,0,0,0000,2b04,0000,0000,0000,0000,0,2b04,2b04,0000,0,000,2b04,2b04
1906,1906,0,0000000000000000,80,0,0,2b04,800a,0,0000,2b04,0,2afc,0008,1,1,0,0,0000,2b04,0000,0000,0000,0000,0,2b04,2b04,0000,0,000,2b04,2b04
1907,1907,0,0000000000000000,80,0,0,2b04,800a,0,0000,2b04,0,2afc,0008,1,1,0,0,0000,2b04,0000,0000,0000,0000,0,2b04,2b04,0000,0,000,2b04,2b04
1908,1908,0,0000000000000000,80,0,0,2b04,800a,0,0000,2b04,0,2afc,0008,1,1,0,0,0000,2b04,0000,0000,0000,0000,0,2b04,2b04,0000,0,000,2b04,2b04
1909,1909,0,0000000000000000,80,0,0,2b04,800a,0,0000,2b04,0,2afc,0008,1,1,0,0,0000,2b04,0000,0000,0000,0000,0,2b04,2b04,0000,0,000,2b04,2b04
1910,1910,0,0000000000000000,80,0,0,2b04,800a,0,0000,2b04,0,2afc,0008,1,1,0,0,0000,2b04,0000,0000,0000,0000,0,2b04,2b04,0000,0,000,2b04,2b04
1911,1911,0,0000000000000000,80,0,0,2b04,800a,0,0000,2b04,0,2afc,0008,1,1,0,0,0000,2b04,0000,0000,0000,0000,0,2b04,2b04,0000,0,000,2b04,2b04
1912,1912,0,0000000000000000,80,0,0,2b04,800a,0,0000,2b04,0,2afc,0008,1,1,0,0,0000,2b04,0000,0000,0000,0000,0,2b04,2b04,0000,0,000,2b04,2b04
1913,1913,0,0000000000000000,80,0,0,2b04,800a,0,0000,2b04,0,2afc,0008,1,1,0,0,0000,2b04,0000,0000,0000,0000,0,2b04,2b04,0000,0,000,2b04,2b04
1914,1914,0,0000000000000000,80,0,0,2b04,800a,0,0000,2b04,0,2afc,0008,1,1,0,0,0000,2b04,0000,0000,0000,0000,0,2b04,2b04,0000,0,000,2b04,2b04
1915,1915,0,0000000000000000,80,0,0,2b04,800a,0,0000,2b04,0,2afc,0008,1,1,0,0,0000,2b04,0000,0000,0000,0000,0,2b04,2b04,0000,0,000,2b04,2b04
1916,1916,0,0000000000000000,80,0,0,2b04,800a,0,0000,2b04,0,2afc,0008,1,1,0,0,0000,2b04,0000,0000,0000,0000,0,2b04,2b04,0000,0,000,2b04,2b04
1917,1917,0,0000000000000000,80,0,0,2b04,800a,0,0000,2b04,0,2afc,0008,1,1,0,0,0000,2b04,0000,0000,0000,0000,0,2b04,2b04,0000,0,000,2b04,2b04
1918,1918,0,0000000000000000,80,0,0,2b04,800a,0,0000,2b04,0,2afc,0008,1,1,0,0,0000,2b04,0000,0000,0000,0000,0,2b04,2b04,0000,0,000,2b04,2b04
1919,1919,0,0000000000000000,80,0,0,2b04,800a,0,0000,2b04,0,2afc,0008,1,1,0,0,0000,2b04,0000,0000,0000,0000,0,2b04,2b04,0000,0,000,2b04,2b04
1920,1920,0,0000000000000000,80,0,0,2b04,800a,0,0000,2b04,0,2afc,0008,1,1,0,0,0000,2b04,0000,0000,0000,0000,0,2b04,2b04,0000,0,000,2b04,2b04
1921,1921,0,0000000000000000,80,0,0,2b04,800a,0,0000,2b04,0,2afc,0008,1,1,0,0,0000,2b04,0000,0000,0000,0000,0,2b04,2b04,0000,0,000,2b04,2b04
1922,1922,0,0000000000000000,80,0,0,2b04,800a,0,0000,2b04,0,2afc,0008,1,1,0,0,0000,2b04,0000,0000,0000,0000,0,2b04,2b04,0000,0,000,2b04,2b04
1923,1923,0,0000000000000000,80,0,0,2b04,800a,0,0000,2b04,0,2afc,0008,1,1,0,0,0000,2b04,0000,0000,0000,0000,0,2b04,2b04,0000,0,000,2b04,2b04
1924,1924,0,0000000000000000,80,0,0,2b04,800a,0,0000,2b04,0,2afc,0008,1,1,0,0,0000,2b04,0000,0000,0000,0000,0,2b04,2b04,0000,0,000,2b04,2b04
1925,1925,0,0000000000000000,80,0,0,2b04,800a,0,0000,2b04,0,2afc,0008,1,1,0,0,0000,2b04,0000,0000,0000,0000,0,2b04,2b04,0000,0,000,2b04,2b04
1926,1926,0,0000000000000000,80,0,0,2b04,800a,0,0000,2b04,0,2afc,0008,1,1,0,0,0000,2b04,0000,0000,0000,0000,0,2b04,2b04,0000,0,000,2b04,2b04
1927,1927,0,0000000000000000,80,0,0,2b04,800a,0,0000,2b04,0,2afc,0008,1,1,0,0,0000,2b04,0000,0000,0000,0000,0,2b04,2b04,0000,0,000,2b04,2b04
1928,1928,0,0000000000000000,80,0,0,2b04,800a,0,0000,2b04,0,2afc,0008,1,1,0,0,0000,2b04,0000,0000,0000,0000,0,2b04,2b04,0000,0,000,2b04,2b04
1929,1929,0,0000000000000000,80,0,0,2b04,800a,0,0000,2b04,0,2afc,0008,1,1,0,0,0000,2b04,0000,0000,0000,0000,0,2b04,2b04,0000,0,000,2b04,2b04
1930,1930,0,0000000000000000,80,0,0,2b04,800a,0,0000,2b04,0,2afc,0008,1,1,0,0,0000,2b04,0000,0000,0000,0000,0,2b04,2b04,0000,0,000,2b04,2b04
1931,1931,0,0000000000000000,80,0,0,2b04,800a,0,0000,2b04,0,2afc,0008,1,1,0,0,0000,2b04,0000,0000,0000,0000,0,2b04,2b04,0000,0,000,2b04,2b04
1932,1932,0,0000000000000000,80,0,0,2b04,800a,0,0000,2b04,0,2afc,0008,1,1,0,0,0000,2b04,0000,0000,0000,0000,0,2b04,2b04,0000,0,000,2b04,2b04
1933,1933,0,0000000000000000,80,0,0,2b04,800a,0,0000,2b04,0,2afc,0008,1,1,0,0,0000,2b04,0000,0000,0000,0000,0,2b04,2b04,0000,0,000,2b04,2b04
1934,1934,0,0000000000000000,80,0,0,2b04,800a,0,0000,2b04,0,2afc,0008,1,1,0,0,0000,2b04,0000,0000,0000,0000,0,2b04,2b04,0000,0,000,2b04,2b04
1935,1935,0,0000000000000000,80,0,0,2b04,800a,0,0000,2b04,0,2afc,0008,1,1,0,0,0000,2b04,0000,0000,0000,0000,0,2b04,2b04,0000,0,000,2b04,2b04
1936,1936,0,0000000000000000,80,0,0,2b04,800a,0,0000,2b04,0,2afc,0008,1,1,0,0,0000,2b04,0000,0000,0000,0000,0,2b04,2b04,0000,0,000,2b04,2b04
1937,1937,0,0000000000000000,80,0,0,2b04,800a,0,0000,2b04,0,2afc,0008,1,1,0,0,0000,2b04,0000,0000,0000,0000,0,2b04,2b04,0000,0,000,2b04,2b04
1938,1938,0,0000000000000000,80,0,0,2b04,800a,0,0000,2b04,0,2afc,0008,1,1,0,0,0000,2b04,0000,0000,0000,0000,0,2b04,2b04,0000,0,000,2b04,2b04
1939,1939,0,0000000000000000,80,0,0,2b04,800a,0,0000,2b04,0,2afc,0008,1,1,0,0,0000,2b04,0000,0000,0000,0000,0,2b04,2b04,0000,0,000,2b04,2b04
1940,1940,0,0000000000000000,80,0,0,2b04,800a,0,0000,2b04,0,2afc,0008,1,1,0,0,0000,2b04,0000,0000,0000,0000,0,2b04,2b04,0000,0,000,2b04,2b04
1941,1941,0,0000000000000000,80,0,0,2b04,800a,0,0000,2b04,0,2afc,0008,1,1,0,0,0000,2b04,0000,0000,0000,0000,0,2b04,2b04,0000,0,000,2b04,2b04
1942,1942,0,0000000000000000,80,0,0,2b04,800a,0,0000,2b04,0,2afc,0008,1,1,0,0,0000,2b04,0000,0000,0000,0000,0,2b04,2b04,0000,0,000,2b04,2b04
1943,1943,0,0000000000000000,80,0,0,2b04,800a,0,0000,2b04,0,2afc,0008,1,1,0,0,0000,2b04,0000,0000,0000,0000,0,2b04,2b04,0000,0,000,2b04,2b04
1944,1944,0,0000000000000000,80,0,0,2b04,800a,0,0000,2b04,0,2afc,0008,1,1,0,0,0000,2b04,0000,0000,0000,0000,0,2b04,2b04,0000,0,000,2b04,2b04
1945,1945,0,0000000000000000,80,0,0,2b04,800a,0,0000,2b04,0,2afc,0008,1,1,0,0,0000,2b04,0000,0000,0000,0000,0,2b04,2b04,0000,0,000,2b04,2b04
1946,1946,0,0000000000000000,80,0,0,2b04,800a,0,0000,2b04,0,2afc,0008,1,1,0,0,0000,2b04,0000,0000,0000,0000,0,2b04,2b04,0000,0,000,2b04,2b04
1947,1947,0,0000000000000000,80,0,0,2b04,800a,0,0000,2b04,0,2afc,0008,1,1,0,0,0000,2b04,0000,0000,0000,0000,0,2b04,2b04,0000,0,000,2b04,2b04
1948,1948,0,0000000000000000,80,0,0,2b04,800a,0,0000,2b04,0,2afc,0008,1,1,0,0,0000,2b04,0000,0000,0000,0000,0,2b04,2b04,0000,0,000,2b04,2b04
1949,1949,0,0000000000000000,80,0,0,2b04,800a,0,0000,2b04,0,2afc,0008,1,1,0,0,0000,2b04,0000,0000,0000,0000,0,2b04,2b04,0000,0,000,2b04,2b04
1950,1950,0,0000000000000000,80,0,0,2b04,800a,0,0000,2b04,0,2afc,0008,1,1,0,0,0000,2b04,0000,0000,0000,0000,0,2b04,2b04,0000,0,000,2b04,2b04
1951,1951,0,0000000000000000,80,0,0,2b04,800a,0,0000,2b04,0,2afc,0008,1,1,0,0,0000,2b04,0000,0000,0000,0000,0,2b04,2b04,0000,0,000,2b04,2b04
1952,1952,0,0000000000000000,80,0,0,2b04,800a,0,0000,2b04,0,2afc,0008,1,1,0,0,0000,2b04,0000,0000,0000,0000,0,2b04,2b04,0000,0,000,2b04,2b04
1953,1953,0,0000000000000000,80,0,0,2b04,800a,0,0000,2b04,0,2afc,0008,1,1,0,0,0000,2b04,0000,0000,0000,0000,0,2b04,2b04,0000,0,000,2b04,2b04
1954,1954,0,0000000000000000,80,0,0,2b04,800a,0,0000,2b04,0,2afc,0008,1,1,0,0,0000,2b04,0000,0000,0000,0000,0,2b04,2b04,0000,0,000,2b04,2b04
1955,1955,0,0000000000000000,80,0,0,2b04,800a,0,0000,2b04,0,2afc,0008,1,1,0,0,0000,2b04,0000,0000,0000,0000,0,2b04,2b04,0000,0,000,2b04,2b04
1956,1956,0,0000000000000000,80,0,0,2b04,800a,0,0000,2b04,0,2afc,0008,1,1,0,0,0000,2b04,0000,0000,0000,0000,0,2b04,2b04,0000,0,000,2b04,2b04
1957,1957,0,0000000000000000,80,0,0,2b04,800a,0,0000,2b04,0,2afc,0008,1,1,0,0,0000,2b04,0000,0000,0000,0000,0,2b04,2b04,0000,0,000,2b04,2b04
1958,1958,0,0000000000000000,80,0,0,2b04,800a,0,0000,2b04,0,2afc,0008,1,1,0,0,0000,2b04,0000,0000,0000,0000,0,2b04,2b04,0000,0,000,2b04,2b04
1959,1959,0,0000000000000000,80,0,0,2b04,800a,0,0000,2b04,0,2afc,0008,1,1,0,0,0000,2b04,0000,0000,0000,0000,0,2b04,2b04,0000,0,000,2b04,2b04
1960,1960,0,0000000000000000,80,0,0,2b04,800a,0,0000,2b04,0,2afc,0008,1,1,0,0,0000,2b04,0000,0000,0000,0000,0,2b04,2b04,0000,0,000,2b04,2b04
1961,1961,0,0000000000000000,80,0,0,2b04,800a,0,0000,2b04,0,2afc,0008,1,1,0,0,0000,2b04,0000,0000,0000,0000,0,2b04,2b04,0000,0,000,2b04,2b04
1962,1962,0,0000000000000000,80,0,0,2b04,800a,0,0000,2b04,0,2afc,0008,1,1,0,0,0000,2b04,0000,0000,0000,0000,0,2b04,2b04,0000,0,000,2b04,2b04
1963,1963,0,0000000000000000,80,0,0,2b04,800a,0,0000,2b04,0,2afc,0008,1,1,0,0,0000,2b04,0000,0000,0000,0000,0,2b04,2b04,0000,0,000,2b04,2b04
1964,1964,0,0000000000000000,80,0,0,2b04,800a,0,0000,2b04,0,2afc,0008,1,1,0,0,0000,2b04,0000,0000,0000,0000,0,2b04,2b04,0000,0,000,2b04,2b04
1965,1965,0,0000000000000000,80,0,0,2b04,800a,0,0000,2b04,0,2afc,0008,1,1,0,0,0000,2b04,0000,0000,0000,0000,0,2b04,2b04,0000,0,000,2b04,2b04
1966,1966,0,0000000000000000,80,0,0,2b04,800a,0,0000,2b04,0,2afc,0008,1,1,0,0,0000,2b04,0000,0000,0000,0000,0,2b04,2b04,0000,0,000,2b04,2b04
1967,1967,0,0000000000000000,80,0,0,2b04,800a,0,0000,2b04,0,2afc,0008,1,1,0,0,0000,2b04,0000,0000,0000,0000,0,2b04,2b04,0000,0,000,2b04,2b04
1968,1968,0,0000000000000000,80,0,0,2b04,800a,0,0000,2b04,0,2afc,0008,1,1,0,0,0000,2b04,0000,0000,0000,0000,0,2b04,2b04,0000,0,000,2b04,2b04
1969,1969,0,0000000000000000,80,0,0,2b04,800a,0,0000,2b04,0,2afc,0008,1,1,0,0,0000,2b04,0000,0000,0000,0000,0,2b04,2b04,0000,0,000,2b04,2b04
1970,1970,0,0000000000000000,80,0,0,2b04,800a,0,0000,2b04,0,2afc,0008,1,1,0,0,0000,2b04,0000,0000,0000,0000,0,2b04,2b04,0000,0,000,2b04,2b04
1971,1971,0,0000000000000000,80,0,0,2b04,800a,0,0000,2b04,0,2afc,0008,1,1,0,0,0000,2b04,0000,0000,0000,0000,0,2b04,2b04,0000,0,000,2b04,2b04
1972,1972,0,0000000000000000,80,0,0,2b04,800a,0,0000,2b04,0,2afc,0008,1,1,0,0,0000,2b04,0000,0000,0000,0000,0,2b04,2b04,0000,0,000,2b04,2b04
1973,1973,0,0000000000000000,80,0,0,2b04,800a,0,0000,2b04,0,2afc,0008,1,1,0,0,0000,2b04,0000,0000,0000,0000,0,2b04,2b04,0000,0,000,2b04,2b04
1974,1974,0,0000000000000000,80,0,0,2b04,800a,0,0000,2b04,0,2afc,0008,1,1,0,0,0000,2b04,0000,0000,0000,0000,0,2b04,2b04,0000,0,000,2b04,2b04
1975,1975,0,0000000000000000,80,0,0,2b04,800a,0,0000,2b04,0,2afc,0008,1,1,0,0,0000,2b04,0000,0000,0000,0000,0,2b04,2b04,0000,0,000,2b04,2b04
1976,1976,0,0000000000000000,80,0,0,2b04,800a,0,0000,2b04,0,2afc,0008,1,1,0,0,0000,2b04,0000,0000,0000,0000,0,2b04,2b04,0000,0,000,2b04,2b04
1977,1977,0,0000000000000000,80,0,0,2b04,800a,0,0000,2b04,0,2afc,0008,1,1,0,0,0000,2b04,0000,0000,0000,0000,0,2b04,2b04,0000,0,000,2b04,2b04
1978,1978,0,0000000000000000,80,0,0,2b04,800a,0,0000,2b04,0,2afc,0008,1,1,0,0,0000,2b04,0000,0000,0000,0000,0,2b04,2b04,0000,0,000,2b04,2b04
1979,1979,0,0000000000000000,80,0,0,2b04,800a,0,0000,2b04,0,2afc,0008,1,1,0,0,0000,2b04,0000,0000,0000,0000,0,2b04,2b04,0000,0,000,2b04,2b04
1980,1980,0,0000000000000000,80,0,0,2b04,800a,0,0000,2b04,0,2afc,0008,1,1,0,0,0000,2b04,0000,0000,0000,0000,0,2b04,2b04,0000,0,000,2b04,2b04
1981,1981,0,0000000000000000,80,0,0,2b04,800a,0,0000,2b04,0,2afc,0008,1,1,0,0,0000,2b04,0000,0000,0000,0000,0,2b04,2b04,0000,0,000,2b04,2b04
1982,1982,0,0000000000000000,80,0,0,2b04,800a,0,0000,2b04,0,2afc,0008,1,1,0,0,0000,2b04,0000,0000,0000,0000,0,2b04,2b04,0000,0,000,2b04,2b04
1983,1983,0,0000000000000000,80,0,0,2b04,800a,0,0000,2b04,0,2afc,0008,1,1,0,0,0000,2b04,0000,0000,0000,0000,0,2b04,2b04,0000,0,000,2b04,2b04
1984,1984,0,0000000000000000,80,0,0,2b04,800a,0,0000,2b04,0,2afc,0008,1,1,0,0,0000,2b04,0000,0000,0000,0000,0,2b04,2b04,0000,0,000,2b04,2b04
1985,1985,0,0000000000000000,80,0,0,2b04,800a,0,0000,2b04,0,2afc,0008,1,1,0,0,0000,2b04,0000,0000,0000,0000,0,2b04,2b04,0000,0,000,2b04,2b04
1986,1986,0,0000000000000000,80,0,0,2b04,800a,0,0000,2b04,0,2afc,0008,1,1,0,0,0000,2b04,0000,0000,0000,0000,0,2b04,2b04,0000,0,000,2b04,2b04
1987,1987,0,0000000000000000,80,0,0,2b04,800a,0,0000,2b04,0,2afc,0008,1,1,0,0,0000,2b04,0000,0000,0000,0000,0,2b04,2b04,0000,0,000,2b04,2b04
1988,1988,0,0000000000000000,80,0,0,2b04,800a,0,0000,2b04,0,2afc,0008,1,1,0,0,0000,2b04,0000,0000,0000,0000,0,2b04,2b04,0000,0,000,2b04,2b04
1989,1989,0,0000000000000000,80,0,0,2b04,800a,0,0000,2b04,0,2afc,0008,1,1,0,0,0000,2b04,0000,0000,0000,0000,0,2b04,2b04,0000,0,000,2b04,2b04
1990,1990,0,0000000000000000,80,0,0,2b04,800a,0,0000,2b04,0,2afc,0008,1,1,0,0,0000,2b04,0000,0000,0000,0000,0,2b04,2b04,0000,0,000,2b04,2b04
1991,1991,0,0000000000000000,80,0,0,2b04,800a,0,0000,2b04,0,2afc,0008,1,1,0,0,0000,2b04,0000,0000,0000,0000,0,2b04,2b04,0000,0,000,2b04,2b04
1992,1992,0,0000000000000000,80,0,0,2b04,800a,0,0000,2b04,0,2afc,0008,1,1,0,0,0000,2b04,0000,0000,0000,0000,0,2b04,2b04,0000,0,000,2b04,2b04
1993,1993,0,0000000000000000,80,0,0,2b04,800a,0,0000,2b04,0,2afc,0008,1,1,0,0,0000,2b04,0000,0000,0000,0000,0,2b04,2b04,0000,0,000,2b04,2b04
1994,1994,0,0000000000000000,80,0,0,2b04,800a,0,0000,2b04,0,2afc,0008,1,1,0,0,0000,2b04,0000,0000,0000,0000,0,2b04,2b04,0000,0,000,2b04,2b04
1995,1995,0,0000000000000000,80,0,0,2b04,800a,0,0000,2b04,0,2afc,0008,1,1,0,0,0000,2b04,0000,0000,0000,0000,0,2b04,2b04,0000,0,000,2b04,2b04
1996,1996,0,0000000000000000,80,0,0,2b04,800a,0,0000,2b04,0,2afc,0008,1,1,0,0,0000,2b04,0000,0000,0000,0000,0,2b04,2b04,0000,0,000,2b04,2b04
1997,1997,0,0000000000000000,80,0,0,2b04,800a,0,0000,2b04,0,2afc,0008,1,1,0,0,0000,2b04,0000,0000,0000,0000,0,2b04,2b04,0000,0,000,2b04,2b04
1998,1998,0,0000000000000000,80,0,0,2b04,800a,0,0000,2b04,0,2afc,0008,1,1,0,0,0000,2b04,0000,0000,0000,0000,0,2b04,2b04,0000,0,000,2b04,2b04
1999,1999,0,0000000000000000,80,0,0,2b04,800a,0,0000,2b04,0,2afc,0008,1,1,0,0,0000,2b04,0000,0000,0000,0000,0,2b04,2b04,0000,0,000,2b04,2b04
2000,2000,0,0000000000000000,80,0,0,2b04,800a,0,0000,2b04,0,2afc,0008,1,1,0,0,0000,2b04,0000,0000,0000,0000,0,2b04,2b04,0000,0,000,2b04,2b04
2001,2001,0,0000000000000000,80,0,0,2b04,800a,0,0000,2b04,0,2afc,0008,1,1,0,0,0000,2b04,0000,0000,0000,0000,0,2b04,2b04,0000,0,000,2b04,2b04
2002,2002,0,0000000000000000,80,0,0,2b04,800a,0,0000,2b04,0,2afc,0008,1,1,0,0,0000,2b04,0000,0000,0000,0000,0,2b04,2b04,0000,0,000,2b04,2b04
2003,2003,0,0000000000000000,80,0,0,2b04,800a,0,0000,2b04,0,2afc,0008,1,1,0,0,0000,2b04,0000,0000,0000,0000,0,2b04,2b04,0000,0,000,2b04,2b04
2004,2004,0,0000000000000000,80,0,0,2b04,800a,0,0000,2b04,0,2afc,0008,1,1,0,0,0000,2b04,0000,0000,0000,0000,0,2b04,2b04,0000,0,000,2b04,2b04
2005,2005,0,0000000000000000,80,0,0,2b04,800a,0,0000,2b04,0,2afc,0008,1,1,0,0,0000,2b04,0000,0000,0000,0000,0,2b04,2b04,0000,0,000,2b04,2b04
2006,2006,0,0000000000000000,80,0,0,2b04,800a,0,0000,2b04,0,2afc,0008,1,1,0,0,0000,2b04,0000,0000,0000,0000,0,2b04,2b04,0000,0,000,2b04,2b04
2007,2007,0,0000000000000000,80,0,0,2b04,800a,0,0000,2b04,0,2afc,0008,1,1,0,0,0000,2b04,0000,0000,0000,0000,0,2b04,2b04,0000,0,000,2b04,2b04
2008,2008,0,0000000000000000,80,0,0,2b04,800a,0,0000,2b04,0,2afc,0008,1,1,0,0,0000,2b04,0000,0000,0000,0000,0,2b04,2b04,0000,0,000,2b04,2b04
2009,2009,0,0000000000000000,80,0,0,2b04,800a,0,0000,2b04,0,2afc,0008,1,1,0,0,0000,2b04,0000,0000,0000,0000,0,2b04,2b04,0000,0,000,2b04,2b04
2010,2010,0,0000000000000000,80,0,0,2b04,800a,0,0000,2b04,0,2afc,0008,1,1,0,0,0000,2b04,0000,0000,0000,0000,0,2b04,2b04,0000,0,000,2b04,2b04
2011,2011,0,0000000000000000,80,0,0,2b04,800a,0,0000,2b04,0,2afc,0008,1,1,0,0,0000,2b04,0000,0000,0000,0000,0,2b04,2b04,0000,0,000,2b04,2b04
2012,2012,0,0000000000000000,80,0,0,2b04,800a,0,0000,2b04,0,2afc,0008,1,1,0,0,0000,2b04,0000,0000,0000,0000,0,2b04,2b04,0000,0,000,2b04,2b04
2013,2013,0,0000000000000000,80,0,0,2b04,800a,0,0000,2b04,0,2afc,0008,1,1,0,0,0000,2b04,0000,0000,0000,0000,0,2b04,2b04,0000,0,000,2b04,2b04
2014,2014,0,0000000000000000,80,0,0,2b04,800a,0,0000,2b04,0,2afc,0008,1,1,0,0,0000,2b04,0000,0000,0000,0000,0,2b04,2b04,0000,0,000,2b04,2b04
2015,2015,0,0000000000000000,80,0,0,2b04,800a,0,0000,2b04,0,2afc,0008,1,1,0,0,0000,2b04,0000,0000,0000,0000,0,2b04,2b04,0000,0,000,2b04,2b04
2016,2016,0,0000000000000000,80,0,0,2b04,800a,0,0000,2b04,0,2afc,0008,1,1,0,0,0000,2b04,0000,0000,0000,0000,0,2b04,2b04,0000,0,000,2b04,2b04
2017,2017,0,0000000000000000,80,0,0,2b04,800a,0,0000,2b04,0,2afc,0008,1,1,0,0,0000,2b04,0000,0000,0000,0000,0,2b04,2b04,0000,0,000,2b04,2b04
2018,2018,0,0000000000000000,80,0,0,2b04,800a,0,0000,2b04,0,2afc,0008,1,1,0,0,0000,2b04,0000,0000,0000,0000,0,2b04,2b04,0000,0,000,2b04,2b04
2019,2019,0,0000000000000000,80,0,0,2b04,800a,0,0000,2b04,0,2afc,0008,1,1,0,0,0000,2b04,0000,0000,0000,0000,0,2b04,2b04,0000,0,000,2b04,2b04
2020,2020,0,0000000000000000,80,0,0,2b04,800a,0,0000,2b04,0,2afc,0008,1,1,0,0,0000,2b04,0000,0000,0000,0000,0,2b04,2b04,0000,0,000,2b04,2b04
2021,2021,0,0000000000000000,80,0,0,2b04,800a,0,0000,2b04,0,2afc,0008,1,1,0,0,0000,2b04,0000,0000,0000,0000,0,2b04,2b04,0000,0,000,2b04,2b04
2022,2022,0,0000000000000000,80,0,0,2b04,800a,0,0000,2b04,0,2afc,0008,1,1,0,0,0000,2b04,0000,0000,0000,0000,0,2b04,2b04,0000,0,000,2b04,2b04
2023,2023,0,0000000000000000,80,0,0,2b04,800a,0,0000,2b04,0,2afc,0008,1,1,0,0,0000,2b04,0000,0000,0000,0000,0,2b04,2b04,0000,0,000,2b04,2b04
2024,2024,0,0000000000000000,80,0,0,2b04,800a,0,0000,2b04,0,2afc,0008,1,1,0,0,0000,2b04,0000,0000,0000,0000,0,2b04,2b04,0000,0,000,2b04,2b04
2025,2025,0,0000000000000000,80,0,0,2b04,800a,0,0000,2b04,0,2afc,0008,1,1,0,0,0000,2b04,0000,0000,0000,0000,0,2b04,2b04,0000,0,000,2b04,2b04
2026,2026,0,0000000000000000,80,0,0,2b04,800a,0,0000,2b04,0,2afc,0008,1,1,0,0,0000,2b04,0000,0000,0000,0000,0,2b04,2b04,0000,0,000,2b04,2b04
2027,2027,0,0000000000000000,80,0,0,2b04,800a,0,0000,2b04,0,2afc,0008,1,1,0,0,0000,2b04,0000,0000,0000,0000,0,2b04,2b04,0000,0,000,2b04,2b04
2028,2028,0,0000000000000000,80,0,0,2b04,800a,0,0000,2b04,0,2afc,0008,1,1,0,0,0000,2b04,0000,0000,0000,0000,0,2b04,2b04,0000,0,000,2b04,2b04
2029,2029,0,0000000000000000,80,0,0,2b04,800a,0,0000,2b04,0,2afc,0008,1,1,0,0,0000,2b04,0000,0000,0000,0000,0,2b04,2b04,0000,0,000,2b04,2b04
2030,2030,0,0000000000000000,80,0,0,2b04,800a,0,0000,2b04,0,2afc,0008,1,1,0,0,0000,2b04,0000,0000,0000,0000,0,2b04,2b04,0000,0,000,2b04,2b04
2031,2031,0,0000000000000000,80,0,0,2b04,800a,0,0000,2b04,0,2afc,0008,1,1,0,0,0000,2b04,0000,0000,0000,0000,0,2b04,2b04,0000,0,000,2b04,2b04
2032,2032,0,0000000000000000,80,0,0,2b04,800a,0,0000,2b04,0,2afc,0008,1,1,0,0,0000,2b04,0000,0000,0000,0000,0,2b04,2b04,0000,0,000,2b04,2b04
2033,2033,0,0000000000000000,80,0,0,2b04,800a,0,0000,2b04,0,2afc,0008,1,1,0,0,0000,2b04,0000,0000,0000,0000,0,2b04,2b04,0000,0,000,2b04,2b04
2034,2034,0,0000000000000000,80,0,0,2b04,800a,0,0000,2b04,0,2afc,0008,1,1,0,0,0000,2b04,0000,0000,0000,0000,0,2b04,2b04,0000,0,000,2b04,2b04
2035,2035,0,0000000000000000,80,0,0,2b04,800a,0,0000,2b04,0,2afc,0008,1,1,0,0,0000,2b04,0000,0000,0000,0000,0,2b04,2b04,0000,0,000,2b04,2b04
2036,2036,0,0000000000000000,80,0,0,2b04,800a,0,0000,2b04,0,2afc,0008,1,1,0,0,0000,2b04,0000,0000,0000,0000,0,2b04,2b04,0000,0,000,2b04,2b04
2037,2037,0,0000000000000000,80,0,0,2b04,800a,0,0000,2b04,0,2afc,0008,1,1,0,0,0000,2b04,0000,0000,0000,0000,0,2b04,2b04,0000,0,000,2b04,2b04
2038,2038,0,0000000000000000,80,0,0,2b04,800a,0,0000,2b04,0,2afc,0008,1,1,0,0,0000,2b04,0000,0000,0000,0000,0,2b04,2b04,0000,0,000,2b04,2b04
2039,2039,0,0000000000000000,80,0,0,2b04,800a,0,0000,2b04,0,2afc,0008,1,1,0,0,0000,2b04,0000,0000,0000,0000,0,2b04,2b04,0000,0,000,2b04,2b04
2040,2040,0,0000000000000000,80,0,0,2b04,800a,0,0000,2b04,0,2afc,0008,1,1,0,0,0000,2b04,0000,0000,0000,0000,0,2b04,2b04,0000,0,000,2b04,2b04
2041,2041,0,0000000000000000,80,0,0,2b04,800a,0,0000,2b04,0,2afc,0008,1,1,0,0,0000,2b04,0000,0000,0000,0000,0,2b04,2b04,0000,0,000,2b04,2b04
2042,2042,0,0000000000000000,80,0,0,2b04,800a,0,0000,2b04,0,2afc,0008,1,1,0,0,0000,2b04,0000,0000,0000,0000,0,2b04,2b04,0000,0,000,2b04,2b04
2043,2043,0,0000000000000000,80,0,0,2b04,800a,0,0000,2b04,0,2afc,0008,1,1,0,0,0000,2b04,0000,0000,0000,0000,0,2b04,2b04,0000,0,000,2b04,2b04
2044,2044,0,0000000000000000,80,0,0,2b04,800a,0,0000,2b04,0,2afc,0008,1,1,0,0,0000,2b04,0000,0000,0000,0000,0,2b04,2b04,0000,0,000,2b04,2b04
2045,2045,0,0000000000000000,80,0,0,2b04,800a,0,0000,2b04,0,2afc,0008,1,1,0,0,0000,2b04,0000,0000,0000,0000,0,2b04,2b04,0000,0,000,2b04,2b04
2046,2046,0,0000000000000000,80,0,0,2b04,800a,0,0000,2b04,0,2afc,0008,1,1,0,0,0000,2b04,0000,0000,0000,0000,0,2b04,2b04,0000,0,000,2b04,2b04
2047,2047,0,0000000000000000,80,0,0,2b04,800a,0,0000,2b04,0,2afc,0008,1,1,0,0,0000,2b04,0000,0000,0000,0000,0,2b04,2b04,0000,0,000,2b04,2b04
