Sample in Buffer,Sample in Window,TRIGGER,dbg_rx_tdata[63:0],dbg_rx_tkeep[7:0],dbg_rx_tvalid,dbg_rx_tlast,dbg_up_frames[15:0],dbg_up_bytes[15:0],dbg_up_ovf,dbg_up_stall[15:0],dbg_pk_frames[15:0],dbg_pk_ovf,dbg_prev_wr[15:0],dbg_prev_drop[15:0],dbg_ch_up,dbg_lane_up,dbg_hard_err,dbg_soft_err,dbg_pk_ovf_cnt[15:0],dbg_pfwd_rd[15:0],dbg_hard_err_cnt[15:0],dbg_soft_err_cnt[15:0],dbg_ch_up_evt[15:0],dbg_pfwd_stuck_cnt[15:0],dbg_pfwd_stuck,dbg_mem_u_wr[15:0],dbg_mem_u_rd[15:0],dbg_mem_u_drop[15:0],dbg_mem_rden,dbg_mem_ost_s[8:0],dbg_mem2_u_wr[15:0],dbg_mem2_u_rd[15:0],dbg_cmd_mode,dbg_cmd_slot[7:0],dbg_cmd_exec[15:0],dbg_cmd_trig[15:0]
Radix - UNSIGNED,UNSIGNED,UNSIGNED,HEX,HEX,HEX,HEX,HEX,HEX,HEX,HEX,HEX,HEX,HEX,HEX,HEX,HEX,HEX,HEX,HEX,HEX,HEX,HEX,HEX,HEX,HEX,HEX,HEX,HEX,HEX,HEX,HEX,HEX,HEX,HEX,HEX,HEX
0,0,0,5d3813eec9a40000,ff,0,0,0101,73f2,0,0000,0101,0,0101,0000,1,1,0,0,0000,014e,0000,0000,0000,0000,0,014e,0101,0000,0,015,0101,0101,1,42,01e4,0170
1,1,0,5d3813eec9a40000,ff,0,0,0101,73f2,0,0000,0101,0,0101,0000,1,1,0,0,0000,014e,0000,0000,0000,0000,0,014e,0101,0000,0,015,0101,0101,1,42,01e4,0170
2,2,0,5d3813eec9a40000,ff,0,0,0101,73f2,0,0000,0101,0,0101,0000,1,1,0,0,0000,014e,0000,0000,0000,0000,0,014e,0101,0000,0,015,0101,0101,1,42,01e4,0170
3,3,0,5d3813eec9a40000,ff,0,0,0101,73f2,0,0000,0101,0,0101,0000,1,1,0,0,0000,014e,0000,0000,0000,0000,0,014e,0101,0000,0,015,0101,0101,1,42,01e4,0170
4,4,0,5d3813eec9a40000,ff,0,0,0101,73f2,0,0000,0101,0,0101,0000,1,1,0,0,0000,014e,0000,0000,0000,0000,0,014e,0101,0000,0,015,0101,0101,1,42,01e4,0170
5,5,0,5d3813eec9a40000,ff,0,0,0101,73f2,0,0000,0101,0,0101,0000,1,1,0,0,0000,014e,0000,0000,0000,0000,0,014e,0101,0000,0,015,0101,0101,1,42,01e4,0170
6,6,0,5d3813eec9a40000,ff,0,0,0101,73f2,0,0000,0101,0,0101,0000,1,1,0,0,0000,014e,0000,0000,0000,0000,0,014e,0101,0000,0,015,0101,0101,1,42,01e4,0170
7,7,0,5d3813eec9a40000,ff,0,0,0101,73f2,0,0000,0101,0,0101,0000,1,1,0,0,0000,014e,0000,0000,0000,0000,0,014e,0101,0000,0,015,0101,0101,1,42,01e4,0170
8,8,0,5d3813eec9a40000,ff,0,0,0101,73f2,0,0000,0101,0,0101,0000,1,1,0,0,0000,014e,0000,0000,0000,0000,0,014e,0101,0000,0,015,0101,0101,1,42,01e4,0170
9,9,0,5d3813eec9a40000,ff,0,0,0101,73f2,0,0000,0101,0,0101,0000,1,1,0,0,0000,014e,0000,0000,0000,0000,0,014e,0101,0000,0,015,0101,0101,1,42,01e4,0170
10,10,0,5d3813eec9a40000,ff,0,0,0101,73f2,0,0000,0101,0,0101,0000,1,1,0,0,0000,014e,0000,0000,0000,0000,0,014e,0101,0000,0,015,0101,0101,1,42,01e4,0170
11,11,0,5d3813eec9a40000,ff,0,0,0101,73f2,0,0000,0101,0,0101,0000,1,1,0,0,0000,014e,0000,0000,0000,0000,0,014e,0101,0000,0,015,0101,0101,1,42,01e4,0170
12,12,0,5d3813eec9a40000,ff,0,0,0101,73f2,0,0000,0101,0,0101,0000,1,1,0,0,0000,014e,0000,0000,0000,0000,0,014e,0101,0000,0,015,0101,0101,1,42,01e4,0170
13,13,0,5d3813eec9a40000,ff,0,0,0101,73f2,0,0000,0101,0,0101,0000,1,1,0,0,0000,014e,0000,0000,0000,0000,0,014e,0101,0000,0,015,0101,0101,1,42,01e4,0170
14,14,0,5d3813eec9a40000,ff,0,0,0101,73f2,0,0000,0101,0,0101,0000,1,1,0,0,0000,014e,0000,0000,0000,0000,0,014e,0101,0000,0,015,0101,0101,1,42,01e4,0170
15,15,0,5d3813eec9a40000,ff,0,0,0101,73f2,0,0000,0101,0,0101,0000,1,1,0,0,0000,014e,0000,0000,0000,0000,0,014e,0101,0000,0,015,0101,0101,1,42,01e4,0170
16,16,0,5d3813eec9a40000,ff,0,0,0101,73f2,0,0000,0101,0,0101,0000,1,1,0,0,0000,014e,0000,0000,0000,0000,0,014e,0101,0000,0,015,0101,0101,1,42,01e4,0170
17,17,0,5d3813eec9a40000,ff,0,0,0101,73f2,0,0000,0101,0,0101,0000,1,1,0,0,0000,014e,0000,0000,0000,0000,0,014e,0101,0000,0,015,0101,0101,1,42,01e4,0170
18,18,0,5d3813eec9a40000,ff,0,0,0101,73f2,0,0000,0101,0,0101,0000,1,1,0,0,0000,014e,0000,0000,0000,0000,0,014e,0101,0000,0,015,0101,0101,1,42,01e4,0170
19,19,0,5d3813eec9a40000,ff,0,0,0101,73f2,0,0000,0101,0,0101,0000,1,1,0,0,0000,014e,0000,0000,0000,0000,0,014e,0101,0000,0,015,0101,0101,1,42,01e4,0170
20,20,0,5d3813eec9a40000,ff,0,0,0101,73f2,0,0000,0101,0,0101,0000,1,1,0,0,0000,014e,0000,0000,0000,0000,0,014e,0101,0000,0,015,0101,0101,1,42,01e4,0170
21,21,0,5d3813eec9a40000,ff,0,0,0101,73f2,0,0000,0101,0,0101,0000,1,1,0,0,0000,014e,0000,0000,0000,0000,0,014e,0101,0000,0,015,0101,0101,1,42,01e4,0170
22,22,0,5d3813eec9a40000,ff,0,0,0101,73f2,0,0000,0101,0,0101,0000,1,1,0,0,0000,014e,0000,0000,0000,0000,0,014e,0101,0000,0,015,0101,0101,1,42,01e4,0170
23,23,0,5d3813eec9a40000,ff,0,0,0101,73f2,0,0000,0101,0,0101,0000,1,1,0,0,0000,014e,0000,0000,0000,0000,0,014e,0101,0000,0,015,0101,0101,1,42,01e4,0170
24,24,0,5d3813eec9a40000,ff,0,0,0101,73f2,0,0000,0101,0,0101,0000,1,1,0,0,0000,014e,0000,0000,0000,0000,0,014e,0101,0000,0,015,0101,0101,1,42,01e4,0170
25,25,0,5d3813eec9a40000,ff,0,0,0101,73f2,0,0000,0101,0,0101,0000,1,1,0,0,0000,014e,0000,0000,0000,0000,0,014e,0101,0000,0,015,0101,0101,1,42,01e4,0170
26,26,0,5d3813eec9a40000,ff,0,0,0101,73f2,0,0000,0101,0,0101,0000,1,1,0,0,0000,014e,0000,0000,0000,0000,0,014e,0101,0000,0,015,0101,0101,1,42,01e4,0170
27,27,0,5d3813eec9a40000,ff,0,0,0101,73f2,0,0000,0101,0,0101,0000,1,1,0,0,0000,014e,0000,0000,0000,0000,0,014e,0101,0000,0,015,0101,0101,1,42,01e4,0170
28,28,0,5d3813eec9a40000,ff,0,0,0101,73f2,0,0000,0101,0,0101,0000,1,1,0,0,0000,014e,0000,0000,0000,0000,0,014e,0101,0000,0,015,0101,0101,1,42,01e4,0170
29,29,0,5d3813eec9a40000,ff,0,0,0101,73f2,0,0000,0101,0,0101,0000,1,1,0,0,0000,014e,0000,0000,0000,0000,0,014e,0101,0000,0,015,0101,0101,1,42,01e4,0170
30,30,0,5d3813eec9a40000,ff,0,0,0101,73f2,0,0000,0101,0,0101,0000,1,1,0,0,0000,014e,0000,0000,0000,0000,0,014e,0101,0000,0,015,0101,0101,1,42,01e4,0170
31,31,0,5d3813eec9a40000,ff,0,0,0101,73f2,0,0000,0101,0,0101,0000,1,1,0,0,0000,014e,0000,0000,0000,0000,0,014e,0101,0000,0,015,0101,0101,1,42,01e4,0170
32,32,0,5d3813eec9a40000,ff,0,0,0101,73f2,0,0000,0101,0,0101,0000,1,1,0,0,0000,014e,0000,0000,0000,0000,0,014e,0101,0000,0,015,0101,0101,1,42,01e4,0170
33,33,0,5d3813eec9a40000,ff,0,0,0101,73f2,0,0000,0101,0,0101,0000,1,1,0,0,0000,014e,0000,0000,0000,0000,0,014e,0101,0000,0,015,0101,0101,1,42,01e4,0170
34,34,0,5d3813eec9a40000,ff,0,0,0101,73f2,0,0000,0101,0,0101,0000,1,1,0,0,0000,014e,0000,0000,0000,0000,0,014e,0101,0000,0,015,0101,0101,1,42,01e4,0170
35,35,0,5d3813eec9a40000,ff,0,0,0101,73f2,0,0000,0101,0,0101,0000,1,1,0,0,0000,014e,0000,0000,0000,0000,0,014e,0101,0000,0,015,0101,0101,1,42,01e4,0170
36,36,0,5d3813eec9a40000,ff,0,0,0101,73f2,0,0000,0101,0,0101,0000,1,1,0,0,0000,014e,0000,0000,0000,0000,0,014e,0101,0000,0,015,0101,0101,1,42,01e4,0170
37,37,0,5d3813eec9a40000,ff,0,0,0101,73f2,0,0000,0101,0,0101,0000,1,1,0,0,0000,014e,0000,0000,0000,0000,0,014e,0101,0000,0,015,0101,0101,1,42,01e4,0170
38,38,0,5d3813eec9a40000,ff,0,0,0101,73f2,0,0000,0101,0,0101,0000,1,1,0,0,0000,014e,0000,0000,0000,0000,0,014e,0101,0000,0,015,0101,0101,1,42,01e4,0170
39,39,0,5d3813eec9a40000,ff,0,0,0101,73f2,0,0000,0101,0,0101,0000,1,1,0,0,0000,014e,0000,0000,0000,0000,0,014e,0101,0000,0,015,0101,0101,1,42,01e4,0170
40,40,0,5d3813eec9a40000,ff,0,0,0101,73f2,0,0000,0101,0,0101,0000,1,1,0,0,0000,014e,0000,0000,0000,0000,0,014e,0101,0000,0,015,0101,0101,1,42,01e4,0170
41,41,0,5d3813eec9a40000,ff,0,0,0101,73f2,0,0000,0101,0,0101,0000,1,1,0,0,0000,014e,0000,0000,0000,0000,0,014e,0101,0000,0,015,0101,0101,1,42,01e4,0170
42,42,0,5d3813eec9a40000,ff,0,0,0101,73f2,0,0000,0101,0,0101,0000,1,1,0,0,0000,014e,0000,0000,0000,0000,0,014e,0101,0000,0,015,0101,0101,1,42,01e4,0170
43,43,0,5d3813eec9a40000,ff,0,0,0101,73f2,0,0000,0101,0,0101,0000,1,1,0,0,0000,014e,0000,0000,0000,0000,0,014e,0101,0000,0,015,0101,0101,1,42,01e4,0170
44,44,0,5d3813eec9a40000,ff,0,0,0101,73f2,0,0000,0101,0,0101,0000,1,1,0,0,0000,014e,0000,0000,0000,0000,0,014e,0101,0000,0,015,0101,0101,1,42,01e4,0170
45,45,0,5d3813eec9a40000,ff,0,0,0101,73f2,0,0000,0101,0,0101,0000,1,1,0,0,0000,014e,0000,0000,0000,0000,0,014e,0101,0000,0,015,0101,0101,1,42,01e4,0170
46,46,0,5d3813eec9a40000,ff,0,0,0101,73f2,0,0000,0101,0,0101,0000,1,1,0,0,0000,014e,0000,0000,0000,0000,0,014e,0101,0000,0,015,0101,0101,1,42,01e4,0170
47,47,0,5d3813eec9a40000,ff,0,0,0101,73f2,0,0000,0101,0,0101,0000,1,1,0,0,0000,014e,0000,0000,0000,0000,0,014e,0101,0000,0,015,0101,0101,1,42,01e4,0170
48,48,0,5d3813eec9a40000,ff,0,0,0101,73f2,0,0000,0101,0,0101,0000,1,1,0,0,0000,014e,0000,0000,0000,0000,0,014e,0101,0000,0,015,0101,0101,1,42,01e4,0170
49,49,0,5d3813eec9a40000,ff,0,0,0101,73f2,0,0000,0101,0,0101,0000,1,1,0,0,0000,014e,0000,0000,0000,0000,0,014e,0101,0000,0,015,0101,0101,1,42,01e4,0170
50,50,0,5d3813eec9a40000,ff,0,0,0101,73f2,0,0000,0101,0,0101,0000,1,1,0,0,0000,014e,0000,0000,0000,0000,0,014e,0101,0000,0,015,0101,0101,1,42,01e4,0170
51,51,0,5d3813eec9a40000,ff,0,0,0101,73f2,0,0000,0101,0,0101,0000,1,1,0,0,0000,014e,0000,0000,0000,0000,0,014e,0101,0000,0,015,0101,0101,1,42,01e4,0170
52,52,0,5d3813eec9a40000,ff,0,0,0101,73f2,0,0000,0101,0,0101,0000,1,1,0,0,0000,014e,0000,0000,0000,0000,0,014e,0101,0000,0,015,0101,0101,1,42,01e4,0170
53,53,0,5d3813eec9a40000,ff,0,0,0101,73f2,0,0000,0101,0,0101,0000,1,1,0,0,0000,014e,0000,0000,0000,0000,0,014e,0101,0000,0,015,0101,0101,1,42,01e4,0170
54,54,0,5d3813eec9a40000,ff,0,0,0101,73f2,0,0000,0101,0,0101,0000,1,1,0,0,0000,014e,0000,0000,0000,0000,0,014e,0101,0000,0,015,0101,0101,1,42,01e4,0170
55,55,0,5d3813eec9a40000,ff,0,0,0101,73f2,0,0000,0101,0,0101,0000,1,1,0,0,0000,014e,0000,0000,0000,0000,0,014e,0101,0000,0,015,0101,0101,1,42,01e4,0170
56,56,0,5d3813eec9a40000,ff,0,0,0101,73f2,0,0000,0101,0,0101,0000,1,1,0,0,0000,014e,0000,0000,0000,0000,0,014e,0101,0000,0,015,0101,0101,1,42,01e4,0170
57,57,0,5d3813eec9a40000,ff,0,0,0101,73f2,0,0000,0101,0,0101,0000,1,1,0,0,0000,014e,0000,0000,0000,0000,0,014e,0101,0000,0,015,0101,0101,1,42,01e4,0170
58,58,0,5d3813eec9a40000,ff,0,0,0101,73f2,0,0000,0101,0,0101,0000,1,1,0,0,0000,014e,0000,0000,0000,0000,0,014e,0101,0000,0,015,0101,0101,1,42,01e4,0170
59,59,0,5d3813eec9a40000,ff,0,0,0101,73f2,0,0000,0101,0,0101,0000,1,1,0,0,0000,014e,0000,0000,0000,0000,0,014e,0101,0000,0,015,0101,0101,1,42,01e4,0170
60,60,0,5d3813eec9a40000,ff,0,0,0101,73f2,0,0000,0101,0,0101,0000,1,1,0,0,0000,014e,0000,0000,0000,0000,0,014e,0101,0000,0,015,0101,0101,1,42,01e4,0170
61,61,0,5d3813eec9a40000,ff,0,0,0101,73f2,0,0000,0101,0,0101,0000,1,1,0,0,0000,014e,0000,0000,0000,0000,0,014e,0101,0000,0,015,0101,0101,1,42,01e4,0170
62,62,0,5d3813eec9a40000,ff,0,0,0101,73f2,0,0000,0101,0,0101,0000,1,1,0,0,0000,014e,0000,0000,0000,0000,0,014e,0101,0000,0,015,0101,0101,1,42,01e4,0170
63,63,0,5d3813eec9a40000,ff,0,0,0101,73f2,0,0000,0101,0,0101,0000,1,1,0,0,0000,014e,0000,0000,0000,0000,0,014e,0101,0000,0,015,0101,0101,1,42,01e4,0170
64,64,0,5d3813eec9a40000,ff,0,0,0101,73f2,0,0000,0101,0,0101,0000,1,1,0,0,0000,014e,0000,0000,0000,0000,0,014e,0101,0000,0,015,0101,0101,1,42,01e4,0170
65,65,0,5d3813eec9a40000,ff,0,0,0101,73f2,0,0000,0101,0,0101,0000,1,1,0,0,0000,014e,0000,0000,0000,0000,0,014e,0101,0000,0,015,0101,0101,1,42,01e4,0170
66,66,0,5d3813eec9a40000,ff,0,0,0101,73f2,0,0000,0101,0,0101,0000,1,1,0,0,0000,014e,0000,0000,0000,0000,0,014e,0101,0000,0,015,0101,0101,1,42,01e4,0170
67,67,0,5d3813eec9a40000,ff,0,0,0101,73f2,0,0000,0101,0,0101,0000,1,1,0,0,0000,014e,0000,0000,0000,0000,0,014e,0101,0000,0,015,0101,0101,1,42,01e4,0170
68,68,0,5d3813eec9a40000,ff,0,0,0101,73f2,0,0000,0101,0,0101,0000,1,1,0,0,0000,014e,0000,0000,0000,0000,0,014e,0101,0000,0,015,0101,0101,1,42,01e4,0170
69,69,0,5d3813eec9a40000,ff,0,0,0101,73f2,0,0000,0101,0,0101,0000,1,1,0,0,0000,014e,0000,0000,0000,0000,0,014e,0101,0000,0,015,0101,0101,1,42,01e4,0170
70,70,0,5d3813eec9a40000,ff,0,0,0101,73f2,0,0000,0101,0,0101,0000,1,1,0,0,0000,014e,0000,0000,0000,0000,0,014e,0101,0000,0,015,0101,0101,1,42,01e4,0170
71,71,0,5d3813eec9a40000,ff,0,0,0101,73f2,0,0000,0101,0,0101,0000,1,1,0,0,0000,014e,0000,0000,0000,0000,0,014e,0101,0000,0,015,0101,0101,1,42,01e4,0170
72,72,0,5d3813eec9a40000,ff,0,0,0101,73f2,0,0000,0101,0,0101,0000,1,1,0,0,0000,014e,0000,0000,0000,0000,0,014e,0101,0000,0,015,0101,0101,1,42,01e4,0170
73,73,0,5d3813eec9a40000,ff,0,0,0101,73f2,0,0000,0101,0,0101,0000,1,1,0,0,0000,014e,0000,0000,0000,0000,0,014e,0101,0000,0,015,0101,0101,1,42,01e4,0170
74,74,0,5d3813eec9a40000,ff,0,0,0101,73f2,0,0000,0101,0,0101,0000,1,1,0,0,0000,014e,0000,0000,0000,0000,0,014e,0101,0000,0,015,0101,0101,1,42,01e4,0170
75,75,0,5d3813eec9a40000,ff,0,0,0101,73f2,0,0000,0101,0,0101,0000,1,1,0,0,0000,014e,0000,0000,0000,0000,0,014e,0101,0000,0,015,0101,0101,1,42,01e4,0170
76,76,0,5d3813eec9a40000,ff,0,0,0101,73f2,0,0000,0101,0,0101,0000,1,1,0,0,0000,014e,0000,0000,0000,0000,0,014e,0101,0000,0,015,0101,0101,1,42,01e4,0170
77,77,0,5d3813eec9a40000,ff,0,0,0101,73f2,0,0000,0101,0,0101,0000,1,1,0,0,0000,014e,0000,0000,0000,0000,0,014e,0101,0000,0,015,0101,0101,1,42,01e4,0170
78,78,0,5d3813eec9a40000,ff,0,0,0101,73f2,0,0000,0101,0,0101,0000,1,1,0,0,0000,014e,0000,0000,0000,0000,0,014e,0101,0000,0,015,0101,0101,1,42,01e4,0170
79,79,0,5d3813eec9a40000,ff,0,0,0101,73f2,0,0000,0101,0,0101,0000,1,1,0,0,0000,014e,0000,0000,0000,0000,0,014e,0101,0000,0,015,0101,0101,1,42,01e4,0170
80,80,0,5d3813eec9a40000,ff,0,0,0101,73f2,0,0000,0101,0,0101,0000,1,1,0,0,0000,014e,0000,0000,0000,0000,0,014e,0101,0000,0,015,0101,0101,1,42,01e4,0170
81,81,0,5d3813eec9a40000,ff,0,0,0101,73f2,0,0000,0101,0,0101,0000,1,1,0,0,0000,014e,0000,0000,0000,0000,0,014e,0101,0000,0,015,0101,0101,1,42,01e4,0170
82,82,0,5d3813eec9a40000,ff,0,0,0101,73f2,0,0000,0101,0,0101,0000,1,1,0,0,0000,014e,0000,0000,0000,0000,0,014e,0101,0000,0,015,0101,0101,1,42,01e4,0170
83,83,0,5d3813eec9a40000,ff,0,0,0101,73f2,0,0000,0101,0,0101,0000,1,1,0,0,0000,014e,0000,0000,0000,0000,0,014e,0101,0000,0,015,0101,0101,1,42,01e4,0170
84,84,0,5d3813eec9a40000,ff,0,0,0101,73f2,0,0000,0101,0,0101,0000,1,1,0,0,0000,014e,0000,0000,0000,0000,0,014e,0101,0000,0,015,0101,0101,1,42,01e4,0170
85,85,0,5d3813eec9a40000,ff,0,0,0101,73f2,0,0000,0101,0,0101,0000,1,1,0,0,0000,014e,0000,0000,0000,0000,0,014e,0101,0000,0,015,0101,0101,1,42,01e4,0170
86,86,0,5d3813eec9a40000,ff,0,0,0101,73f2,0,0000,0101,0,0101,0000,1,1,0,0,0000,014e,0000,0000,0000,0000,0,014e,0101,0000,0,015,0101,0101,1,42,01e4,0170
87,87,0,5d3813eec9a40000,ff,0,0,0101,73f2,0,0000,0101,0,0101,0000,1,1,0,0,0000,014e,0000,0000,0000,0000,0,014e,0101,0000,0,015,0101,0101,1,42,01e4,0170
88,88,0,5d3813eec9a40000,ff,0,0,0101,73f2,0,0000,0101,0,0101,0000,1,1,0,0,0000,014e,0000,0000,0000,0000,0,014e,0101,0000,0,015,0101,0101,1,42,01e4,0170
89,89,0,5d3813eec9a40000,ff,0,0,0101,73f2,0,0000,0101,0,0101,0000,1,1,0,0,0000,014e,0000,0000,0000,0000,0,014e,0101,0000,0,015,0101,0101,1,42,01e4,0170
90,90,0,5d3813eec9a40000,ff,0,0,0101,73f2,0,0000,0101,0,0101,0000,1,1,0,0,0000,014e,0000,0000,0000,0000,0,014e,0101,0000,0,015,0101,0101,1,42,01e4,0170
91,91,0,5d3813eec9a40000,ff,0,0,0101,73f2,0,0000,0101,0,0101,0000,1,1,0,0,0000,014e,0000,0000,0000,0000,0,014e,0101,0000,0,015,0101,0101,1,42,01e4,0170
92,92,0,5d3813eec9a40000,ff,0,0,0101,73f2,0,0000,0101,0,0101,0000,1,1,0,0,0000,014e,0000,0000,0000,0000,0,014e,0101,0000,0,015,0101,0101,1,42,01e4,0170
93,93,0,5d3813eec9a40000,ff,0,0,0101,73f2,0,0000,0101,0,0101,0000,1,1,0,0,0000,014e,0000,0000,0000,0000,0,014e,0101,0000,0,015,0101,0101,1,42,01e4,0170
94,94,0,5d3813eec9a40000,ff,0,0,0101,73f2,0,0000,0101,0,0101,0000,1,1,0,0,0000,014e,0000,0000,0000,0000,0,014e,0101,0000,0,015,0101,0101,1,42,01e4,0170
95,95,0,5d3813eec9a40000,ff,0,0,0101,73f2,0,0000,0101,0,0101,0000,1,1,0,0,0000,014e,0000,0000,0000,0000,0,014e,0101,0000,0,015,0101,0101,1,42,01e4,0170
96,96,0,5d3813eec9a40000,ff,0,0,0101,73f2,0,0000,0101,0,0101,0000,1,1,0,0,0000,014e,0000,0000,0000,0000,0,014e,0101,0000,0,015,0101,0101,1,42,01e4,0170
97,97,0,5d3813eec9a40000,ff,0,0,0101,73f2,0,0000,0101,0,0101,0000,1,1,0,0,0000,014e,0000,0000,0000,0000,0,014e,0101,0000,0,015,0101,0101,1,42,01e4,0170
98,98,0,5d3813eec9a40000,ff,0,0,0101,73f2,0,0000,0101,0,0101,0000,1,1,0,0,0000,014e,0000,0000,0000,0000,0,014e,0101,0000,0,015,0101,0101,1,42,01e4,0170
99,99,0,5d3813eec9a40000,ff,0,0,0101,73f2,0,0000,0101,0,0101,0000,1,1,0,0,0000,014e,0000,0000,0000,0000,0,014e,0101,0000,0,015,0101,0101,1,42,01e4,0170
100,100,0,5d3813eec9a40000,ff,0,0,0101,73f2,0,0000,0101,0,0101,0000,1,1,0,0,0000,014e,0000,0000,0000,0000,0,014e,0101,0000,0,015,0101,0101,1,42,01e4,0170
101,101,0,5d3813eec9a40000,ff,0,0,0101,73f2,0,0000,0101,0,0101,0000,1,1,0,0,0000,014e,0000,0000,0000,0000,0,014e,0101,0000,0,015,0101,0101,1,42,01e4,0170
102,102,0,5d3813eec9a40000,ff,0,0,0101,73f2,0,0000,0101,0,0101,0000,1,1,0,0,0000,014e,0000,0000,0000,0000,0,014e,0101,0000,0,015,0101,0101,1,42,01e4,0170
103,103,0,5d3813eec9a40000,ff,0,0,0101,73f2,0,0000,0101,0,0101,0000,1,1,0,0,0000,014e,0000,0000,0000,0000,0,014e,0101,0000,0,015,0101,0101,1,42,01e4,0170
104,104,0,5d3813eec9a40000,ff,0,0,0101,73f2,0,0000,0101,0,0101,0000,1,1,0,0,0000,014e,0000,0000,0000,0000,0,014e,0101,0000,0,015,0101,0101,1,42,01e4,0170
105,105,0,5d3813eec9a40000,ff,0,0,0101,73f2,0,0000,0101,0,0101,0000,1,1,0,0,0000,014e,0000,0000,0000,0000,0,014e,0101,0000,0,015,0101,0101,1,42,01e4,0170
106,106,0,5d3813eec9a40000,ff,0,0,0101,73f2,0,0000,0101,0,0101,0000,1,1,0,0,0000,014e,0000,0000,0000,0000,0,014e,0101,0000,0,015,0101,0101,1,42,01e4,0170
107,107,0,5d3813eec9a40000,ff,0,0,0101,73f2,0,0000,0101,0,0101,0000,1,1,0,0,0000,014e,0000,0000,0000,0000,0,014e,0101,0000,0,015,0101,0101,1,42,01e4,0170
108,108,0,5d3813eec9a40000,ff,0,0,0101,73f2,0,0000,0101,0,0101,0000,1,1,0,0,0000,014e,0000,0000,0000,0000,0,014e,0101,0000,0,015,0101,0101,1,42,01e4,0170
109,109,0,5d3813eec9a40000,ff,0,0,0101,73f2,0,0000,0101,0,0101,0000,1,1,0,0,0000,014e,0000,0000,0000,0000,0,014e,0101,0000,0,015,0101,0101,1,42,01e4,0170
110,110,0,5d3813eec9a40000,ff,0,0,0101,73f2,0,0000,0101,0,0101,0000,1,1,0,0,0000,014e,0000,0000,0000,0000,0,014e,0101,0000,0,015,0101,0101,1,42,01e4,0170
111,111,0,5d3813eec9a40000,ff,0,0,0101,73f2,0,0000,0101,0,0101,0000,1,1,0,0,0000,014e,0000,0000,0000,0000,0,014e,0101,0000,0,015,0101,0101,1,42,01e4,0170
112,112,0,5d3813eec9a40000,ff,0,0,0101,73f2,0,0000,0101,0,0101,0000,1,1,0,0,0000,014e,0000,0000,0000,0000,0,014e,0101,0000,0,015,0101,0101,1,42,01e4,0170
113,113,0,5d3813eec9a40000,ff,0,0,0101,73f2,0,0000,0101,0,0101,0000,1,1,0,0,0000,014e,0000,0000,0000,0000,0,014e,0101,0000,0,015,0101,0101,1,42,01e4,0170
114,114,0,5d3813eec9a40000,ff,0,0,0101,73f2,0,0000,0101,0,0101,0000,1,1,0,0,0000,014e,0000,0000,0000,0000,0,014e,0101,0000,0,015,0101,0101,1,42,01e4,0170
115,115,0,5d3813eec9a40000,ff,0,0,0101,73f2,0,0000,0101,0,0101,0000,1,1,0,0,0000,014e,0000,0000,0000,0000,0,014e,0101,0000,0,015,0101,0101,1,42,01e4,0170
116,116,0,5d3813eec9a40000,ff,0,0,0101,73f2,0,0000,0101,0,0101,0000,1,1,0,0,0000,014e,0000,0000,0000,0000,0,014e,0101,0000,0,015,0101,0101,1,42,01e4,0170
117,117,0,5d3813eec9a40000,ff,0,0,0101,73f2,0,0000,0101,0,0101,0000,1,1,0,0,0000,014e,0000,0000,0000,0000,0,014e,0101,0000,0,015,0101,0101,1,42,01e4,0170
118,118,0,5d3813eec9a40000,ff,0,0,0101,73f2,0,0000,0101,0,0101,0000,1,1,0,0,0000,014e,0000,0000,0000,0000,0,014e,0101,0000,0,015,0101,0101,1,42,01e4,0170
119,119,0,5d3813eec9a40000,ff,0,0,0101,73f2,0,0000,0101,0,0101,0000,1,1,0,0,0000,014e,0000,0000,0000,0000,0,014e,0101,0000,0,015,0101,0101,1,42,01e4,0170
120,120,0,5d3813eec9a40000,ff,0,0,0101,73f2,0,0000,0101,0,0101,0000,1,1,0,0,0000,014e,0000,0000,0000,0000,0,014e,0101,0000,0,015,0101,0101,1,42,01e4,0170
121,121,0,5d3813eec9a40000,ff,0,0,0101,73f2,0,0000,0101,0,0101,0000,1,1,0,0,0000,014e,0000,0000,0000,0000,0,014e,0101,0000,0,015,0101,0101,1,42,01e4,0170
122,122,0,5d3813eec9a40000,ff,0,0,0101,73f2,0,0000,0101,0,0101,0000,1,1,0,0,0000,014e,0000,0000,0000,0000,0,014e,0101,0000,0,015,0101,0101,1,42,01e4,0170
123,123,0,5d3813eec9a40000,ff,0,0,0101,73f2,0,0000,0101,0,0101,0000,1,1,0,0,0000,014e,0000,0000,0000,0000,0,014e,0101,0000,0,015,0101,0101,1,42,01e4,0170
124,124,0,5d3813eec9a40000,ff,0,0,0101,73f2,0,0000,0101,0,0101,0000,1,1,0,0,0000,014e,0000,0000,0000,0000,0,014e,0101,0000,0,015,0101,0101,1,42,01e4,0170
125,125,0,5d3813eec9a40000,ff,0,0,0101,73f2,0,0000,0101,0,0101,0000,1,1,0,0,0000,014e,0000,0000,0000,0000,0,014e,0101,0000,0,015,0101,0101,1,42,01e4,0170
126,126,0,5d3813eec9a40000,ff,0,0,0101,73f2,0,0000,0101,0,0101,0000,1,1,0,0,0000,014e,0000,0000,0000,0000,0,014e,0101,0000,0,015,0101,0101,1,42,01e4,0170
127,127,0,5d3813eec9a40000,ff,0,0,0101,73f2,0,0000,0101,0,0101,0000,1,1,0,0,0000,014e,0000,0000,0000,0000,0,014e,0101,0000,0,015,0101,0101,1,42,01e4,0170
128,128,0,5d3813eec9a40000,ff,0,0,0101,73f2,0,0000,0101,0,0101,0000,1,1,0,0,0000,014e,0000,0000,0000,0000,0,014e,0101,0000,0,015,0101,0101,1,42,01e4,0170
129,129,0,5d3813eec9a40000,ff,0,0,0101,73f2,0,0000,0101,0,0101,0000,1,1,0,0,0000,014e,0000,0000,0000,0000,0,014e,0101,0000,0,015,0101,0101,1,42,01e4,0170
130,130,0,5d3813eec9a40000,ff,0,0,0101,73f2,0,0000,0101,0,0101,0000,1,1,0,0,0000,014e,0000,0000,0000,0000,0,014e,0101,0000,0,015,0101,0101,1,42,01e4,0170
131,131,0,5d3813eec9a40000,ff,0,0,0101,73f2,0,0000,0101,0,0101,0000,1,1,0,0,0000,014e,0000,0000,0000,0000,0,014e,0101,0000,0,015,0101,0101,1,42,01e4,0170
132,132,0,5d3813eec9a40000,ff,0,0,0101,73f2,0,0000,0101,0,0101,0000,1,1,0,0,0000,014e,0000,0000,0000,0000,0,014e,0101,0000,0,015,0101,0101,1,42,01e4,0170
133,133,0,5d3813eec9a40000,ff,0,0,0101,73f2,0,0000,0101,0,0101,0000,1,1,0,0,0000,014e,0000,0000,0000,0000,0,014e,0101,0000,0,015,0101,0101,1,42,01e4,0170
134,134,0,5d3813eec9a40000,ff,0,0,0101,73f2,0,0000,0101,0,0101,0000,1,1,0,0,0000,014e,0000,0000,0000,0000,0,014e,0101,0000,0,015,0101,0101,1,42,01e4,0170
135,135,0,5d3813eec9a40000,ff,0,0,0101,73f2,0,0000,0101,0,0101,0000,1,1,0,0,0000,014e,0000,0000,0000,0000,0,014e,0101,0000,0,015,0101,0101,1,42,01e4,0170
136,136,0,5d3813eec9a40000,ff,0,0,0101,73f2,0,0000,0101,0,0101,0000,1,1,0,0,0000,014e,0000,0000,0000,0000,0,014e,0101,0000,0,015,0101,0101,1,42,01e4,0170
137,137,0,5d3813eec9a40000,ff,0,0,0101,73f2,0,0000,0101,0,0101,0000,1,1,0,0,0000,014e,0000,0000,0000,0000,0,014e,0101,0000,0,015,0101,0101,1,42,01e4,0170
138,138,0,5d3813eec9a40000,ff,0,0,0101,73f2,0,0000,0101,0,0101,0000,1,1,0,0,0000,014e,0000,0000,0000,0000,0,014e,0101,0000,0,015,0101,0101,1,42,01e4,0170
139,139,0,5d3813eec9a40000,ff,0,0,0101,73f2,0,0000,0101,0,0101,0000,1,1,0,0,0000,014e,0000,0000,0000,0000,0,014e,0101,0000,0,015,0101,0101,1,42,01e4,0170
140,140,0,5d3813eec9a40000,ff,0,0,0101,73f2,0,0000,0101,0,0101,0000,1,1,0,0,0000,014e,0000,0000,0000,0000,0,014e,0101,0000,0,015,0101,0101,1,42,01e4,0170
141,141,0,5d3813eec9a40000,ff,0,0,0101,73f2,0,0000,0101,0,0101,0000,1,1,0,0,0000,014e,0000,0000,0000,0000,0,014e,0101,0000,0,015,0101,0101,1,42,01e4,0170
142,142,0,5d3813eec9a40000,ff,0,0,0101,73f2,0,0000,0101,0,0101,0000,1,1,0,0,0000,014e,0000,0000,0000,0000,0,014e,0101,0000,0,015,0101,0101,1,42,01e4,0170
143,143,0,5d3813eec9a40000,ff,0,0,0101,73f2,0,0000,0101,0,0101,0000,1,1,0,0,0000,014e,0000,0000,0000,0000,0,014e,0101,0000,0,015,0101,0101,1,42,01e4,0170
144,144,0,5d3813eec9a40000,ff,0,0,0101,73f2,0,0000,0101,0,0101,0000,1,1,0,0,0000,014e,0000,0000,0000,0000,0,014e,0101,0000,0,015,0101,0101,1,42,01e4,0170
145,145,0,5d3813eec9a40000,ff,0,0,0101,73f2,0,0000,0101,0,0101,0000,1,1,0,0,0000,014e,0000,0000,0000,0000,0,014e,0101,0000,0,015,0101,0101,1,42,01e4,0170
146,146,0,5d3813eec9a40000,ff,0,0,0101,73f2,0,0000,0101,0,0101,0000,1,1,0,0,0000,014e,0000,0000,0000,0000,0,014e,0101,0000,0,015,0101,0101,1,42,01e4,0170
147,147,0,5d3813eec9a40000,ff,0,0,0101,73f2,0,0000,0101,0,0101,0000,1,1,0,0,0000,014e,0000,0000,0000,0000,0,014e,0101,0000,0,015,0101,0101,1,42,01e4,0170
148,148,0,5d3813eec9a40000,ff,0,0,0101,73f2,0,0000,0101,0,0101,0000,1,1,0,0,0000,014e,0000,0000,0000,0000,0,014e,0101,0000,0,015,0101,0101,1,42,01e4,0170
149,149,0,5d3813eec9a40000,ff,0,0,0101,73f2,0,0000,0101,0,0101,0000,1,1,0,0,0000,014e,0000,0000,0000,0000,0,014e,0101,0000,0,015,0101,0101,1,42,01e4,0170
150,150,0,5d3813eec9a40000,ff,0,0,0101,73f2,0,0000,0101,0,0101,0000,1,1,0,0,0000,014e,0000,0000,0000,0000,0,014e,0101,0000,0,015,0101,0101,1,42,01e4,0170
151,151,0,5d3813eec9a40000,ff,0,0,0101,73f2,0,0000,0101,0,0101,0000,1,1,0,0,0000,014e,0000,0000,0000,0000,0,014e,0101,0000,0,015,0101,0101,1,42,01e4,0170
152,152,0,5d3813eec9a40000,ff,0,0,0101,73f2,0,0000,0101,0,0101,0000,1,1,0,0,0000,014e,0000,0000,0000,0000,0,014e,0101,0000,0,015,0101,0101,1,42,01e4,0170
153,153,0,5d3813eec9a40000,ff,0,0,0101,73f2,0,0000,0101,0,0101,0000,1,1,0,0,0000,014e,0000,0000,0000,0000,0,014e,0101,0000,0,015,0101,0101,1,42,01e4,0170
154,154,0,5d3813eec9a40000,ff,0,0,0101,73f2,0,0000,0101,0,0101,0000,1,1,0,0,0000,014e,0000,0000,0000,0000,0,014e,0101,0000,0,015,0101,0101,1,42,01e4,0170
155,155,0,5d3813eec9a40000,ff,0,0,0101,73f2,0,0000,0101,0,0101,0000,1,1,0,0,0000,014e,0000,0000,0000,0000,0,014e,0101,0000,0,015,0101,0101,1,42,01e4,0170
156,156,0,5d3813eec9a40000,ff,0,0,0101,73f2,0,0000,0101,0,0101,0000,1,1,0,0,0000,014e,0000,0000,0000,0000,0,014e,0101,0000,0,015,0101,0101,1,42,01e4,0170
157,157,0,5d3813eec9a40000,ff,0,0,0101,73f2,0,0000,0101,0,0101,0000,1,1,0,0,0000,014e,0000,0000,0000,0000,0,014e,0101,0000,0,015,0101,0101,1,42,01e4,0170
158,158,0,5d3813eec9a40000,ff,0,0,0101,73f2,0,0000,0101,0,0101,0000,1,1,0,0,0000,014e,0000,0000,0000,0000,0,014e,0101,0000,0,015,0101,0101,1,42,01e4,0170
159,159,0,5d3813eec9a40000,ff,0,0,0101,73f2,0,0000,0101,0,0101,0000,1,1,0,0,0000,014e,0000,0000,0000,0000,0,014e,0101,0000,0,015,0101,0101,1,42,01e4,0170
160,160,0,5d3813eec9a40000,ff,0,0,0101,73f2,0,0000,0101,0,0101,0000,1,1,0,0,0000,014e,0000,0000,0000,0000,0,014e,0101,0000,0,015,0101,0101,1,42,01e4,0170
161,161,0,5d3813eec9a40000,ff,0,0,0101,73f2,0,0000,0101,0,0101,0000,1,1,0,0,0000,014e,0000,0000,0000,0000,0,014e,0101,0000,0,015,0101,0101,1,42,01e4,0170
162,162,0,5d3813eec9a40000,ff,0,0,0101,73f2,0,0000,0101,0,0101,0000,1,1,0,0,0000,014e,0000,0000,0000,0000,0,014e,0101,0000,0,015,0101,0101,1,42,01e4,0170
163,163,0,5d3813eec9a40000,ff,0,0,0101,73f2,0,0000,0101,0,0101,0000,1,1,0,0,0000,014e,0000,0000,0000,0000,0,014e,0101,0000,0,015,0101,0101,1,42,01e4,0170
164,164,0,5d3813eec9a40000,ff,0,0,0101,73f2,0,0000,0101,0,0101,0000,1,1,0,0,0000,014e,0000,0000,0000,0000,0,014e,0101,0000,0,015,0101,0101,1,42,01e4,0170
165,165,0,5d3813eec9a40000,ff,0,0,0101,73f2,0,0000,0101,0,0101,0000,1,1,0,0,0000,014e,0000,0000,0000,0000,0,014e,0101,0000,0,015,0101,0101,1,42,01e4,0170
166,166,0,5d3813eec9a40000,ff,0,0,0101,73f2,0,0000,0101,0,0101,0000,1,1,0,0,0000,014e,0000,0000,0000,0000,0,014e,0101,0000,0,015,0101,0101,1,42,01e4,0170
167,167,0,5d3813eec9a40000,ff,0,0,0101,73f2,0,0000,0101,0,0101,0000,1,1,0,0,0000,014e,0000,0000,0000,0000,0,014e,0101,0000,0,015,0101,0101,1,42,01e4,0170
168,168,0,5d3813eec9a40000,ff,0,0,0101,73f2,0,0000,0101,0,0101,0000,1,1,0,0,0000,014e,0000,0000,0000,0000,0,014e,0101,0000,0,015,0101,0101,1,42,01e4,0170
169,169,0,5d3813eec9a40000,ff,0,0,0101,73f2,0,0000,0101,0,0101,0000,1,1,0,0,0000,014e,0000,0000,0000,0000,0,014e,0101,0000,0,015,0101,0101,1,42,01e4,0170
170,170,0,5d3813eec9a40000,ff,0,0,0101,73f2,0,0000,0101,0,0101,0000,1,1,0,0,0000,014e,0000,0000,0000,0000,0,014e,0101,0000,0,015,0101,0101,1,42,01e4,0170
171,171,0,5d3813eec9a40000,ff,0,0,0101,73f2,0,0000,0101,0,0101,0000,1,1,0,0,0000,014e,0000,0000,0000,0000,0,014e,0101,0000,0,015,0101,0101,1,42,01e4,0170
172,172,0,5d3813eec9a40000,ff,0,0,0101,73f2,0,0000,0101,0,0101,0000,1,1,0,0,0000,014e,0000,0000,0000,0000,0,014e,0101,0000,0,015,0101,0101,1,42,01e4,0170
173,173,0,5d3813eec9a40000,ff,0,0,0101,73f2,0,0000,0101,0,0101,0000,1,1,0,0,0000,014e,0000,0000,0000,0000,0,014e,0101,0000,0,015,0101,0101,1,42,01e4,0170
174,174,0,5d3813eec9a40000,ff,0,0,0101,73f2,0,0000,0101,0,0101,0000,1,1,0,0,0000,014e,0000,0000,0000,0000,0,014e,0101,0000,0,015,0101,0101,1,42,01e4,0170
175,175,0,5d3813eec9a40000,ff,0,0,0101,73f2,0,0000,0101,0,0101,0000,1,1,0,0,0000,014e,0000,0000,0000,0000,0,014e,0101,0000,0,015,0101,0101,1,42,01e4,0170
176,176,0,5d3813eec9a40000,ff,0,0,0101,73f2,0,0000,0101,0,0101,0000,1,1,0,0,0000,014e,0000,0000,0000,0000,0,014e,0101,0000,0,015,0101,0101,1,42,01e4,0170
177,177,0,5d3813eec9a40000,ff,0,0,0101,73f2,0,0000,0101,0,0101,0000,1,1,0,0,0000,014e,0000,0000,0000,0000,0,014e,0101,0000,0,015,0101,0101,1,42,01e4,0170
178,178,0,5d3813eec9a40000,ff,0,0,0101,73f2,0,0000,0101,0,0101,0000,1,1,0,0,0000,014e,0000,0000,0000,0000,0,014e,0101,0000,0,015,0101,0101,1,42,01e4,0170
179,179,0,5d3813eec9a40000,ff,0,0,0101,73f2,0,0000,0101,0,0101,0000,1,1,0,0,0000,014e,0000,0000,0000,0000,0,014e,0101,0000,0,015,0101,0101,1,42,01e4,0170
180,180,0,5d3813eec9a40000,ff,0,0,0101,73f2,0,0000,0101,0,0101,0000,1,1,0,0,0000,014e,0000,0000,0000,0000,0,014e,0101,0000,0,015,0101,0101,1,42,01e4,0170
181,181,0,5d3813eec9a40000,ff,0,0,0101,73f2,0,0000,0101,0,0101,0000,1,1,0,0,0000,014e,0000,0000,0000,0000,0,014e,0101,0000,0,015,0101,0101,1,42,01e4,0170
182,182,0,5d3813eec9a40000,ff,0,0,0101,73f2,0,0000,0101,0,0101,0000,1,1,0,0,0000,014e,0000,0000,0000,0000,0,014e,0101,0000,0,015,0101,0101,1,42,01e4,0170
183,183,0,5d3813eec9a40000,ff,0,0,0101,73f2,0,0000,0101,0,0101,0000,1,1,0,0,0000,014e,0000,0000,0000,0000,0,014e,0101,0000,0,015,0101,0101,1,42,01e4,0170
184,184,0,5d3813eec9a40000,ff,0,0,0101,73f2,0,0000,0101,0,0101,0000,1,1,0,0,0000,014e,0000,0000,0000,0000,0,014e,0101,0000,0,015,0101,0101,1,42,01e4,0170
185,185,0,5d3813eec9a40000,ff,0,0,0101,73f2,0,0000,0101,0,0101,0000,1,1,0,0,0000,014e,0000,0000,0000,0000,0,014e,0101,0000,0,015,0101,0101,1,42,01e4,0170
186,186,0,5d3813eec9a40000,ff,0,0,0101,73f2,0,0000,0101,0,0101,0000,1,1,0,0,0000,014e,0000,0000,0000,0000,0,014e,0101,0000,0,015,0101,0101,1,42,01e4,0170
187,187,0,5d3813eec9a40000,ff,0,0,0101,73f2,0,0000,0101,0,0101,0000,1,1,0,0,0000,014e,0000,0000,0000,0000,0,014e,0101,0000,0,015,0101,0101,1,42,01e4,0170
188,188,0,5d3813eec9a40000,ff,0,0,0101,73f2,0,0000,0101,0,0101,0000,1,1,0,0,0000,014e,0000,0000,0000,0000,0,014e,0101,0000,0,015,0101,0101,1,42,01e4,0170
189,189,0,5d3813eec9a40000,ff,0,0,0101,73f2,0,0000,0101,0,0101,0000,1,1,0,0,0000,014e,0000,0000,0000,0000,0,014e,0101,0000,0,015,0101,0101,1,42,01e4,0170
190,190,0,5d3813eec9a40000,ff,0,0,0101,73f2,0,0000,0101,0,0101,0000,1,1,0,0,0000,014e,0000,0000,0000,0000,0,014e,0101,0000,0,015,0101,0101,1,42,01e4,0170
191,191,0,5d3813eec9a40000,ff,0,0,0101,73f2,0,0000,0101,0,0101,0000,1,1,0,0,0000,014e,0000,0000,0000,0000,0,014e,0101,0000,0,015,0101,0101,1,42,01e4,0170
192,192,0,5d3813eec9a40000,ff,0,0,0101,73f2,0,0000,0101,0,0101,0000,1,1,0,0,0000,014e,0000,0000,0000,0000,0,014e,0101,0000,0,015,0101,0101,1,42,01e4,0170
193,193,0,5d3813eec9a40000,ff,0,0,0101,73f2,0,0000,0101,0,0101,0000,1,1,0,0,0000,014e,0000,0000,0000,0000,0,014e,0101,0000,0,015,0101,0101,1,42,01e4,0170
194,194,0,5d3813eec9a40000,ff,0,0,0101,73f2,0,0000,0101,0,0101,0000,1,1,0,0,0000,014e,0000,0000,0000,0000,0,014e,0101,0000,0,015,0101,0101,1,42,01e4,0170
195,195,0,5d3813eec9a40000,ff,0,0,0101,73f2,0,0000,0101,0,0101,0000,1,1,0,0,0000,014e,0000,0000,0000,0000,0,014e,0101,0000,0,015,0101,0101,1,42,01e4,0170
196,196,0,5d3813eec9a40000,ff,0,0,0101,73f2,0,0000,0101,0,0101,0000,1,1,0,0,0000,014e,0000,0000,0000,0000,0,014e,0101,0000,0,015,0101,0101,1,42,01e4,0170
197,197,0,5d3813eec9a40000,ff,0,0,0101,73f2,0,0000,0101,0,0101,0000,1,1,0,0,0000,014e,0000,0000,0000,0000,0,014e,0101,0000,0,015,0101,0101,1,42,01e4,0170
198,198,0,5d3813eec9a40000,ff,0,0,0101,73f2,0,0000,0101,0,0101,0000,1,1,0,0,0000,014e,0000,0000,0000,0000,0,014e,0101,0000,0,015,0101,0101,1,42,01e4,0170
199,199,0,5d3813eec9a40000,ff,0,0,0101,73f2,0,0000,0101,0,0101,0000,1,1,0,0,0000,014e,0000,0000,0000,0000,0,014e,0101,0000,0,015,0101,0101,1,42,01e4,0170
200,200,0,5d3813eec9a40000,ff,0,0,0101,73f2,0,0000,0101,0,0101,0000,1,1,0,0,0000,014e,0000,0000,0000,0000,0,014e,0101,0000,0,015,0101,0101,1,42,01e4,0170
201,201,0,5d3813eec9a40000,ff,0,0,0101,73f2,0,0000,0101,0,0101,0000,1,1,0,0,0000,014e,0000,0000,0000,0000,0,014e,0101,0000,0,015,0101,0101,1,42,01e4,0170
202,202,0,5d3813eec9a40000,ff,0,0,0101,73f2,0,0000,0101,0,0101,0000,1,1,0,0,0000,014e,0000,0000,0000,0000,0,014e,0101,0000,0,015,0101,0101,1,42,01e4,0170
203,203,0,5d3813eec9a40000,ff,0,0,0101,73f2,0,0000,0101,0,0101,0000,1,1,0,0,0000,014e,0000,0000,0000,0000,0,014e,0101,0000,0,015,0101,0101,1,42,01e4,0170
204,204,0,5d3813eec9a40000,ff,0,0,0101,73f2,0,0000,0101,0,0101,0000,1,1,0,0,0000,014e,0000,0000,0000,0000,0,014e,0101,0000,0,015,0101,0101,1,42,01e4,0170
205,205,0,5d3813eec9a40000,ff,0,0,0101,73f2,0,0000,0101,0,0101,0000,1,1,0,0,0000,014e,0000,0000,0000,0000,0,014e,0101,0000,0,015,0101,0101,1,42,01e4,0170
206,206,0,5d3813eec9a40000,ff,0,0,0101,73f2,0,0000,0101,0,0101,0000,1,1,0,0,0000,014e,0000,0000,0000,0000,0,014e,0101,0000,0,015,0101,0101,1,42,01e4,0170
207,207,0,5d3813eec9a40000,ff,0,0,0101,73f2,0,0000,0101,0,0101,0000,1,1,0,0,0000,014e,0000,0000,0000,0000,0,014e,0101,0000,0,015,0101,0101,1,42,01e4,0170
208,208,0,5d3813eec9a40000,ff,0,0,0101,73f2,0,0000,0101,0,0101,0000,1,1,0,0,0000,014e,0000,0000,0000,0000,0,014e,0101,0000,0,015,0101,0101,1,42,01e4,0170
209,209,0,5d3813eec9a40000,ff,0,0,0101,73f2,0,0000,0101,0,0101,0000,1,1,0,0,0000,014e,0000,0000,0000,0000,0,014e,0101,0000,0,015,0101,0101,1,42,01e4,0170
210,210,0,5d3813eec9a40000,ff,0,0,0101,73f2,0,0000,0101,0,0101,0000,1,1,0,0,0000,014e,0000,0000,0000,0000,0,014e,0101,0000,0,015,0101,0101,1,42,01e4,0170
211,211,0,5d3813eec9a40000,ff,0,0,0101,73f2,0,0000,0101,0,0101,0000,1,1,0,0,0000,014e,0000,0000,0000,0000,0,014e,0101,0000,0,015,0101,0101,1,42,01e4,0170
212,212,0,5d3813eec9a40000,ff,0,0,0101,73f2,0,0000,0101,0,0101,0000,1,1,0,0,0000,014e,0000,0000,0000,0000,0,014e,0101,0000,0,015,0101,0101,1,42,01e4,0170
213,213,0,5d3813eec9a40000,ff,0,0,0101,73f2,0,0000,0101,0,0101,0000,1,1,0,0,0000,014e,0000,0000,0000,0000,0,014e,0101,0000,0,015,0101,0101,1,42,01e4,0170
214,214,0,5d3813eec9a40000,ff,0,0,0101,73f2,0,0000,0101,0,0101,0000,1,1,0,0,0000,014e,0000,0000,0000,0000,0,014e,0101,0000,0,015,0101,0101,1,42,01e4,0170
215,215,0,5d3813eec9a40000,ff,0,0,0101,73f2,0,0000,0101,0,0101,0000,1,1,0,0,0000,014e,0000,0000,0000,0000,0,014e,0101,0000,0,015,0101,0101,1,42,01e4,0170
216,216,0,5d3813eec9a40000,ff,0,0,0101,73f2,0,0000,0101,0,0101,0000,1,1,0,0,0000,014e,0000,0000,0000,0000,0,014e,0101,0000,0,015,0101,0101,1,42,01e4,0170
217,217,0,5d3813eec9a40000,ff,0,0,0101,73f2,0,0000,0101,0,0101,0000,1,1,0,0,0000,014e,0000,0000,0000,0000,0,014e,0101,0000,0,015,0101,0101,1,42,01e4,0170
218,218,0,5d3813eec9a40000,ff,0,0,0101,73f2,0,0000,0101,0,0101,0000,1,1,0,0,0000,014e,0000,0000,0000,0000,0,014e,0101,0000,0,015,0101,0101,1,42,01e4,0170
219,219,0,5d3813eec9a40000,ff,0,0,0101,73f2,0,0000,0101,0,0101,0000,1,1,0,0,0000,014e,0000,0000,0000,0000,0,014e,0101,0000,0,015,0101,0101,1,42,01e4,0170
220,220,0,5d3813eec9a40000,ff,0,0,0101,73f2,0,0000,0101,0,0101,0000,1,1,0,0,0000,014e,0000,0000,0000,0000,0,014e,0101,0000,0,015,0101,0101,1,42,01e4,0170
221,221,0,5d3813eec9a40000,ff,0,0,0101,73f2,0,0000,0101,0,0101,0000,1,1,0,0,0000,014e,0000,0000,0000,0000,0,014e,0101,0000,0,015,0101,0101,1,42,01e4,0170
222,222,0,5d3813eec9a40000,ff,0,0,0101,73f2,0,0000,0101,0,0101,0000,1,1,0,0,0000,014e,0000,0000,0000,0000,0,014e,0101,0000,0,015,0101,0101,1,42,01e4,0170
223,223,0,5d3813eec9a40000,ff,0,0,0101,73f2,0,0000,0101,0,0101,0000,1,1,0,0,0000,014e,0000,0000,0000,0000,0,014e,0101,0000,0,015,0101,0101,1,42,01e4,0170
224,224,0,5d3813eec9a40000,ff,0,0,0101,73f2,0,0000,0101,0,0101,0000,1,1,0,0,0000,014e,0000,0000,0000,0000,0,014e,0101,0000,0,015,0101,0101,1,42,01e4,0170
225,225,0,5d3813eec9a40000,ff,0,0,0101,73f2,0,0000,0101,0,0101,0000,1,1,0,0,0000,014e,0000,0000,0000,0000,0,014e,0101,0000,0,015,0101,0101,1,42,01e4,0170
226,226,0,5d3813eec9a40000,ff,0,0,0101,73f2,0,0000,0101,0,0101,0000,1,1,0,0,0000,014e,0000,0000,0000,0000,0,014e,0101,0000,0,015,0101,0101,1,42,01e4,0170
227,227,0,5d3813eec9a40000,ff,0,0,0101,73f2,0,0000,0101,0,0101,0000,1,1,0,0,0000,014e,0000,0000,0000,0000,0,014e,0101,0000,0,015,0101,0101,1,42,01e4,0170
228,228,0,5d3813eec9a40000,ff,0,0,0101,73f2,0,0000,0101,0,0101,0000,1,1,0,0,0000,014e,0000,0000,0000,0000,0,014e,0101,0000,0,015,0101,0101,1,42,01e4,0170
229,229,0,5d3813eec9a40000,ff,0,0,0101,73f2,0,0000,0101,0,0101,0000,1,1,0,0,0000,014e,0000,0000,0000,0000,0,014e,0101,0000,0,015,0101,0101,1,42,01e4,0170
230,230,0,5d3813eec9a40000,ff,0,0,0101,73f2,0,0000,0101,0,0101,0000,1,1,0,0,0000,014e,0000,0000,0000,0000,0,014e,0101,0000,0,015,0101,0101,1,42,01e4,0170
231,231,0,5d3813eec9a40000,ff,0,0,0101,73f2,0,0000,0101,0,0101,0000,1,1,0,0,0000,014e,0000,0000,0000,0000,0,014e,0101,0000,0,015,0101,0101,1,42,01e4,0170
232,232,0,5d3813eec9a40000,ff,0,0,0101,73f2,0,0000,0101,0,0101,0000,1,1,0,0,0000,014e,0000,0000,0000,0000,0,014e,0101,0000,0,015,0101,0101,1,42,01e4,0170
233,233,0,5d3813eec9a40000,ff,0,0,0101,73f2,0,0000,0101,0,0101,0000,1,1,0,0,0000,014e,0000,0000,0000,0000,0,014e,0101,0000,0,015,0101,0101,1,42,01e4,0170
234,234,0,5d3813eec9a40000,ff,0,0,0101,73f2,0,0000,0101,0,0101,0000,1,1,0,0,0000,014e,0000,0000,0000,0000,0,014e,0101,0000,0,015,0101,0101,1,42,01e4,0170
235,235,0,5d3813eec9a40000,ff,0,0,0101,73f2,0,0000,0101,0,0101,0000,1,1,0,0,0000,014e,0000,0000,0000,0000,0,014e,0101,0000,0,015,0101,0101,1,42,01e4,0170
236,236,0,5d3813eec9a40000,ff,0,0,0101,73f2,0,0000,0101,0,0101,0000,1,1,0,0,0000,014e,0000,0000,0000,0000,0,014e,0101,0000,0,015,0101,0101,1,42,01e4,0170
237,237,0,5d3813eec9a40000,ff,0,0,0101,73f2,0,0000,0101,0,0101,0000,1,1,0,0,0000,014e,0000,0000,0000,0000,0,014e,0101,0000,0,015,0101,0101,1,42,01e4,0170
238,238,0,5d3813eec9a40000,ff,0,0,0101,73f2,0,0000,0101,0,0101,0000,1,1,0,0,0000,014e,0000,0000,0000,0000,0,014e,0101,0000,0,015,0101,0101,1,42,01e4,0170
239,239,0,5d3813eec9a40000,ff,0,0,0101,73f2,0,0000,0101,0,0101,0000,1,1,0,0,0000,014e,0000,0000,0000,0000,0,014e,0101,0000,0,015,0101,0101,1,42,01e4,0170
240,240,0,5d3813eec9a40000,ff,0,0,0101,73f2,0,0000,0101,0,0101,0000,1,1,0,0,0000,014e,0000,0000,0000,0000,0,014e,0101,0000,0,015,0101,0101,1,42,01e4,0170
241,241,0,5d3813eec9a40000,ff,0,0,0101,73f2,0,0000,0101,0,0101,0000,1,1,0,0,0000,014e,0000,0000,0000,0000,0,014e,0101,0000,0,015,0101,0101,1,42,01e4,0170
242,242,0,5d3813eec9a40000,ff,0,0,0101,73f2,0,0000,0101,0,0101,0000,1,1,0,0,0000,014e,0000,0000,0000,0000,0,014e,0101,0000,0,015,0101,0101,1,42,01e4,0170
243,243,0,5d3813eec9a40000,ff,0,0,0101,73f2,0,0000,0101,0,0101,0000,1,1,0,0,0000,014e,0000,0000,0000,0000,0,014e,0101,0000,0,015,0101,0101,1,42,01e4,0170
244,244,0,5d3813eec9a40000,ff,0,0,0101,73f2,0,0000,0101,0,0101,0000,1,1,0,0,0000,014e,0000,0000,0000,0000,0,014e,0101,0000,0,015,0101,0101,1,42,01e4,0170
245,245,0,5d3813eec9a40000,ff,0,0,0101,73f2,0,0000,0101,0,0101,0000,1,1,0,0,0000,014e,0000,0000,0000,0000,0,014e,0101,0000,0,015,0101,0101,1,42,01e4,0170
246,246,0,5d3813eec9a40000,ff,0,0,0101,73f2,0,0000,0101,0,0101,0000,1,1,0,0,0000,014e,0000,0000,0000,0000,0,014e,0101,0000,0,015,0101,0101,1,42,01e4,0170
247,247,0,5d3813eec9a40000,ff,0,0,0101,73f2,0,0000,0101,0,0101,0000,1,1,0,0,0000,014e,0000,0000,0000,0000,0,014e,0101,0000,0,015,0101,0101,1,42,01e4,0170
248,248,0,5d3813eec9a40000,ff,0,0,0101,73f2,0,0000,0101,0,0101,0000,1,1,0,0,0000,014e,0000,0000,0000,0000,0,014e,0101,0000,0,015,0101,0101,1,42,01e4,0170
249,249,0,5d3813eec9a40000,ff,0,0,0101,73f2,0,0000,0101,0,0101,0000,1,1,0,0,0000,014e,0000,0000,0000,0000,0,014e,0101,0000,0,015,0101,0101,1,42,01e4,0170
250,250,0,5d3813eec9a40000,ff,0,0,0101,73f2,0,0000,0101,0,0101,0000,1,1,0,0,0000,014e,0000,0000,0000,0000,0,014e,0101,0000,0,015,0101,0101,1,42,01e4,0170
251,251,0,5d3813eec9a40000,ff,0,0,0101,73f2,0,0000,0101,0,0101,0000,1,1,0,0,0000,014e,0000,0000,0000,0000,0,014e,0101,0000,0,015,0101,0101,1,42,01e4,0170
252,252,0,5d3813eec9a40000,ff,0,0,0101,73f2,0,0000,0101,0,0101,0000,1,1,0,0,0000,014e,0000,0000,0000,0000,0,014e,0101,0000,0,015,0101,0101,1,42,01e4,0170
253,253,0,5d3813eec9a40000,ff,0,0,0101,73f2,0,0000,0101,0,0101,0000,1,1,0,0,0000,014e,0000,0000,0000,0000,0,014e,0101,0000,0,015,0101,0101,1,42,01e4,0170
254,254,0,5d3813eec9a40000,ff,0,0,0101,73f2,0,0000,0101,0,0101,0000,1,1,0,0,0000,014e,0000,0000,0000,0000,0,014e,0101,0000,0,015,0101,0101,1,42,01e4,0170
255,255,0,5d3813eec9a40000,ff,0,0,0101,73f2,0,0000,0101,0,0101,0000,1,1,0,0,0000,014e,0000,0000,0000,0000,0,014e,0101,0000,0,015,0101,0101,1,42,01e4,0170
256,256,0,5d3813eec9a40000,ff,0,0,0101,73f2,0,0000,0101,0,0101,0000,1,1,0,0,0000,014e,0000,0000,0000,0000,0,014e,0101,0000,0,015,0101,0101,1,42,01e4,0170
257,257,0,5d3813eec9a40000,ff,0,0,0101,73f2,0,0000,0101,0,0101,0000,1,1,0,0,0000,014e,0000,0000,0000,0000,0,014e,0101,0000,0,015,0101,0101,1,42,01e4,0170
258,258,0,5d3813eec9a40000,ff,0,0,0101,73f2,0,0000,0101,0,0101,0000,1,1,0,0,0000,014e,0000,0000,0000,0000,0,014e,0101,0000,0,015,0101,0101,1,42,01e4,0170
259,259,0,5d3813eec9a40000,ff,0,0,0101,73f2,0,0000,0101,0,0101,0000,1,1,0,0,0000,014e,0000,0000,0000,0000,0,014e,0101,0000,0,015,0101,0101,1,42,01e4,0170
260,260,0,5d3813eec9a40000,ff,0,0,0101,73f2,0,0000,0101,0,0101,0000,1,1,0,0,0000,014e,0000,0000,0000,0000,0,014e,0101,0000,0,015,0101,0101,1,42,01e4,0170
261,261,0,5d3813eec9a40000,ff,0,0,0101,73f2,0,0000,0101,0,0101,0000,1,1,0,0,0000,014e,0000,0000,0000,0000,0,014e,0101,0000,0,015,0101,0101,1,42,01e4,0170
262,262,0,5d3813eec9a40000,ff,0,0,0101,73f2,0,0000,0101,0,0101,0000,1,1,0,0,0000,014e,0000,0000,0000,0000,0,014e,0101,0000,0,015,0101,0101,1,42,01e4,0170
263,263,0,5d3813eec9a40000,ff,0,0,0101,73f2,0,0000,0101,0,0101,0000,1,1,0,0,0000,014e,0000,0000,0000,0000,0,014e,0101,0000,0,015,0101,0101,1,42,01e4,0170
264,264,0,5d3813eec9a40000,ff,0,0,0101,73f2,0,0000,0101,0,0101,0000,1,1,0,0,0000,014e,0000,0000,0000,0000,0,014e,0101,0000,0,015,0101,0101,1,42,01e4,0170
265,265,0,5d3813eec9a40000,ff,0,0,0101,73f2,0,0000,0101,0,0101,0000,1,1,0,0,0000,014e,0000,0000,0000,0000,0,014e,0101,0000,0,015,0101,0101,1,42,01e4,0170
266,266,0,5d3813eec9a40000,ff,0,0,0101,73f2,0,0000,0101,0,0101,0000,1,1,0,0,0000,014e,0000,0000,0000,0000,0,014e,0101,0000,0,015,0101,0101,1,42,01e4,0170
267,267,0,5d3813eec9a40000,ff,0,0,0101,73f2,0,0000,0101,0,0101,0000,1,1,0,0,0000,014e,0000,0000,0000,0000,0,014e,0101,0000,0,015,0101,0101,1,42,01e4,0170
268,268,0,5d3813eec9a40000,ff,0,0,0101,73f2,0,0000,0101,0,0101,0000,1,1,0,0,0000,014e,0000,0000,0000,0000,0,014e,0101,0000,0,015,0101,0101,1,42,01e4,0170
269,269,0,5d3813eec9a40000,ff,0,0,0101,73f2,0,0000,0101,0,0101,0000,1,1,0,0,0000,014e,0000,0000,0000,0000,0,014e,0101,0000,0,015,0101,0101,1,42,01e4,0170
270,270,0,5d3813eec9a40000,ff,0,0,0101,73f2,0,0000,0101,0,0101,0000,1,1,0,0,0000,014e,0000,0000,0000,0000,0,014e,0101,0000,0,015,0101,0101,1,42,01e4,0170
271,271,0,5d3813eec9a40000,ff,0,0,0101,73f2,0,0000,0101,0,0101,0000,1,1,0,0,0000,014e,0000,0000,0000,0000,0,014e,0101,0000,0,015,0101,0101,1,42,01e4,0170
272,272,0,5d3813eec9a40000,ff,0,0,0101,73f2,0,0000,0101,0,0101,0000,1,1,0,0,0000,014e,0000,0000,0000,0000,0,014e,0101,0000,0,015,0101,0101,1,42,01e4,0170
273,273,0,5d3813eec9a40000,ff,0,0,0101,73f2,0,0000,0101,0,0101,0000,1,1,0,0,0000,014e,0000,0000,0000,0000,0,014e,0101,0000,0,015,0101,0101,1,42,01e4,0170
274,274,0,5d3813eec9a40000,ff,0,0,0101,73f2,0,0000,0101,0,0101,0000,1,1,0,0,0000,014e,0000,0000,0000,0000,0,014e,0101,0000,0,015,0101,0101,1,42,01e4,0170
275,275,0,5d3813eec9a40000,ff,0,0,0101,73f2,0,0000,0101,0,0101,0000,1,1,0,0,0000,014e,0000,0000,0000,0000,0,014e,0101,0000,0,015,0101,0101,1,42,01e4,0170
276,276,0,5d3813eec9a40000,ff,0,0,0101,73f2,0,0000,0101,0,0101,0000,1,1,0,0,0000,014e,0000,0000,0000,0000,0,014e,0101,0000,0,015,0101,0101,1,42,01e4,0170
277,277,0,5d3813eec9a40000,ff,0,0,0101,73f2,0,0000,0101,0,0101,0000,1,1,0,0,0000,014e,0000,0000,0000,0000,0,014e,0101,0000,0,015,0101,0101,1,42,01e4,0170
278,278,0,5d3813eec9a40000,ff,0,0,0101,73f2,0,0000,0101,0,0101,0000,1,1,0,0,0000,014e,0000,0000,0000,0000,0,014e,0101,0000,0,015,0101,0101,1,42,01e4,0170
279,279,0,5d3813eec9a40000,ff,0,0,0101,73f2,0,0000,0101,0,0101,0000,1,1,0,0,0000,014e,0000,0000,0000,0000,0,014e,0101,0000,0,015,0101,0101,1,42,01e4,0170
280,280,0,5d3813eec9a40000,ff,0,0,0101,73f2,0,0000,0101,0,0101,0000,1,1,0,0,0000,014e,0000,0000,0000,0000,0,014e,0101,0000,0,015,0101,0101,1,42,01e4,0170
281,281,0,5d3813eec9a40000,ff,0,0,0101,73f2,0,0000,0101,0,0101,0000,1,1,0,0,0000,014e,0000,0000,0000,0000,0,014e,0101,0000,0,015,0101,0101,1,42,01e4,0170
282,282,0,5d3813eec9a40000,ff,0,0,0101,73f2,0,0000,0101,0,0101,0000,1,1,0,0,0000,014e,0000,0000,0000,0000,0,014e,0101,0000,0,015,0101,0101,1,42,01e4,0170
283,283,0,5d3813eec9a40000,ff,0,0,0101,73f2,0,0000,0101,0,0101,0000,1,1,0,0,0000,014e,0000,0000,0000,0000,0,014e,0101,0000,0,015,0101,0101,1,42,01e4,0170
284,284,0,5d3813eec9a40000,ff,0,0,0101,73f2,0,0000,0101,0,0101,0000,1,1,0,0,0000,014e,0000,0000,0000,0000,0,014e,0101,0000,0,015,0101,0101,1,42,01e4,0170
285,285,0,5d3813eec9a40000,ff,0,0,0101,73f2,0,0000,0101,0,0101,0000,1,1,0,0,0000,014e,0000,0000,0000,0000,0,014e,0101,0000,0,015,0101,0101,1,42,01e4,0170
286,286,0,5d3813eec9a40000,ff,0,0,0101,73f2,0,0000,0101,0,0101,0000,1,1,0,0,0000,014e,0000,0000,0000,0000,0,014e,0101,0000,0,015,0101,0101,1,42,01e4,0170
287,287,0,5d3813eec9a40000,ff,0,0,0101,73f2,0,0000,0101,0,0101,0000,1,1,0,0,0000,014e,0000,0000,0000,0000,0,014e,0101,0000,0,015,0101,0101,1,42,01e4,0170
288,288,0,5d3813eec9a40000,ff,0,0,0101,73f2,0,0000,0101,0,0101,0000,1,1,0,0,0000,014e,0000,0000,0000,0000,0,014e,0101,0000,0,015,0101,0101,1,42,01e4,0170
289,289,0,5d3813eec9a40000,ff,0,0,0101,73f2,0,0000,0101,0,0101,0000,1,1,0,0,0000,014e,0000,0000,0000,0000,0,014e,0101,0000,0,015,0101,0101,1,42,01e4,0170
290,290,0,5d3813eec9a40000,ff,0,0,0101,73f2,0,0000,0101,0,0101,0000,1,1,0,0,0000,014e,0000,0000,0000,0000,0,014e,0101,0000,0,015,0101,0101,1,42,01e4,0170
291,291,0,5d3813eec9a40000,ff,0,0,0101,73f2,0,0000,0101,0,0101,0000,1,1,0,0,0000,014e,0000,0000,0000,0000,0,014e,0101,0000,0,015,0101,0101,1,42,01e4,0170
292,292,0,5d3813eec9a40000,ff,0,0,0101,73f2,0,0000,0101,0,0101,0000,1,1,0,0,0000,014e,0000,0000,0000,0000,0,014e,0101,0000,0,015,0101,0101,1,42,01e4,0170
293,293,0,5d3813eec9a40000,ff,0,0,0101,73f2,0,0000,0101,0,0101,0000,1,1,0,0,0000,014e,0000,0000,0000,0000,0,014e,0101,0000,0,015,0101,0101,1,42,01e4,0170
294,294,0,5d3813eec9a40000,ff,0,0,0101,73f2,0,0000,0101,0,0101,0000,1,1,0,0,0000,014e,0000,0000,0000,0000,0,014e,0101,0000,0,015,0101,0101,1,42,01e4,0170
295,295,0,5d3813eec9a40000,ff,0,0,0101,73f2,0,0000,0101,0,0101,0000,1,1,0,0,0000,014e,0000,0000,0000,0000,0,014e,0101,0000,0,015,0101,0101,1,42,01e4,0170
296,296,0,5d3813eec9a40000,ff,0,0,0101,73f2,0,0000,0101,0,0101,0000,1,1,0,0,0000,014e,0000,0000,0000,0000,0,014e,0101,0000,0,015,0101,0101,1,42,01e4,0170
297,297,0,5d3813eec9a40000,ff,0,0,0101,73f2,0,0000,0101,0,0101,0000,1,1,0,0,0000,014e,0000,0000,0000,0000,0,014e,0101,0000,0,015,0101,0101,1,42,01e4,0170
298,298,0,5d3813eec9a40000,ff,0,0,0101,73f2,0,0000,0101,0,0101,0000,1,1,0,0,0000,014e,0000,0000,0000,0000,0,014e,0101,0000,0,015,0101,0101,1,42,01e4,0170
299,299,0,5d3813eec9a40000,ff,0,0,0101,73f2,0,0000,0101,0,0101,0000,1,1,0,0,0000,014e,0000,0000,0000,0000,0,014e,0101,0000,0,015,0101,0101,1,42,01e4,0170
300,300,0,5d3813eec9a40000,ff,0,0,0101,73f2,0,0000,0101,0,0101,0000,1,1,0,0,0000,014e,0000,0000,0000,0000,0,014e,0101,0000,0,015,0101,0101,1,42,01e4,0170
301,301,0,5d3813eec9a40000,ff,0,0,0101,73f2,0,0000,0101,0,0101,0000,1,1,0,0,0000,014e,0000,0000,0000,0000,0,014e,0101,0000,0,015,0101,0101,1,42,01e4,0170
302,302,0,5d3813eec9a40000,ff,0,0,0101,73f2,0,0000,0101,0,0101,0000,1,1,0,0,0000,014e,0000,0000,0000,0000,0,014e,0101,0000,0,015,0101,0101,1,42,01e4,0170
303,303,0,5d3813eec9a40000,ff,0,0,0101,73f2,0,0000,0101,0,0101,0000,1,1,0,0,0000,014e,0000,0000,0000,0000,0,014e,0101,0000,0,015,0101,0101,1,42,01e4,0170
304,304,0,5d3813eec9a40000,ff,0,0,0101,73f2,0,0000,0101,0,0101,0000,1,1,0,0,0000,014e,0000,0000,0000,0000,0,014e,0101,0000,0,015,0101,0101,1,42,01e4,0170
305,305,0,5d3813eec9a40000,ff,0,0,0101,73f2,0,0000,0101,0,0101,0000,1,1,0,0,0000,014e,0000,0000,0000,0000,0,014e,0101,0000,0,015,0101,0101,1,42,01e4,0170
306,306,0,5d3813eec9a40000,ff,0,0,0101,73f2,0,0000,0101,0,0101,0000,1,1,0,0,0000,014e,0000,0000,0000,0000,0,014e,0101,0000,0,015,0101,0101,1,42,01e4,0170
307,307,0,5d3813eec9a40000,ff,0,0,0101,73f2,0,0000,0101,0,0101,0000,1,1,0,0,0000,014e,0000,0000,0000,0000,0,014e,0101,0000,0,015,0101,0101,1,42,01e4,0170
308,308,0,5d3813eec9a40000,ff,0,0,0101,73f2,0,0000,0101,0,0101,0000,1,1,0,0,0000,014e,0000,0000,0000,0000,0,014e,0101,0000,0,015,0101,0101,1,42,01e4,0170
309,309,0,5d3813eec9a40000,ff,0,0,0101,73f2,0,0000,0101,0,0101,0000,1,1,0,0,0000,014e,0000,0000,0000,0000,0,014e,0101,0000,0,015,0101,0101,1,42,01e4,0170
310,310,0,5d3813eec9a40000,ff,0,0,0101,73f2,0,0000,0101,0,0101,0000,1,1,0,0,0000,014e,0000,0000,0000,0000,0,014e,0101,0000,0,015,0101,0101,1,42,01e4,0170
311,311,0,5d3813eec9a40000,ff,0,0,0101,73f2,0,0000,0101,0,0101,0000,1,1,0,0,0000,014e,0000,0000,0000,0000,0,014e,0101,0000,0,015,0101,0101,1,42,01e4,0170
312,312,0,5d3813eec9a40000,ff,0,0,0101,73f2,0,0000,0101,0,0101,0000,1,1,0,0,0000,014e,0000,0000,0000,0000,0,014e,0101,0000,0,015,0101,0101,1,42,01e4,0170
313,313,0,5d3813eec9a40000,ff,0,0,0101,73f2,0,0000,0101,0,0101,0000,1,1,0,0,0000,014e,0000,0000,0000,0000,0,014e,0101,0000,0,015,0101,0101,1,42,01e4,0170
314,314,0,5d3813eec9a40000,ff,0,0,0101,73f2,0,0000,0101,0,0101,0000,1,1,0,0,0000,014e,0000,0000,0000,0000,0,014e,0101,0000,0,015,0101,0101,1,42,01e4,0170
315,315,0,5d3813eec9a40000,ff,0,0,0101,73f2,0,0000,0101,0,0101,0000,1,1,0,0,0000,014e,0000,0000,0000,0000,0,014e,0101,0000,0,015,0101,0101,1,42,01e4,0170
316,316,0,5d3813eec9a40000,ff,0,0,0101,73f2,0,0000,0101,0,0101,0000,1,1,0,0,0000,014e,0000,0000,0000,0000,0,014e,0101,0000,0,015,0101,0101,1,42,01e4,0170
317,317,0,5d3813eec9a40000,ff,0,0,0101,73f2,0,0000,0101,0,0101,0000,1,1,0,0,0000,014e,0000,0000,0000,0000,0,014e,0101,0000,0,015,0101,0101,1,42,01e4,0170
318,318,0,5d3813eec9a40000,ff,0,0,0101,73f2,0,0000,0101,0,0101,0000,1,1,0,0,0000,014e,0000,0000,0000,0000,0,014e,0101,0000,0,015,0101,0101,1,42,01e4,0170
319,319,0,5d3813eec9a40000,ff,0,0,0101,73f2,0,0000,0101,0,0101,0000,1,1,0,0,0000,014e,0000,0000,0000,0000,0,014e,0101,0000,0,015,0101,0101,1,42,01e4,0170
320,320,0,5d3813eec9a40000,ff,0,0,0101,73f2,0,0000,0101,0,0101,0000,1,1,0,0,0000,014e,0000,0000,0000,0000,0,014e,0101,0000,0,015,0101,0101,1,42,01e4,0170
321,321,0,5d3813eec9a40000,ff,0,0,0101,73f2,0,0000,0101,0,0101,0000,1,1,0,0,0000,014e,0000,0000,0000,0000,0,014e,0101,0000,0,015,0101,0101,1,42,01e4,0170
322,322,0,5d3813eec9a40000,ff,0,0,0101,73f2,0,0000,0101,0,0101,0000,1,1,0,0,0000,014e,0000,0000,0000,0000,0,014e,0101,0000,0,015,0101,0101,1,42,01e4,0170
323,323,0,5d3813eec9a40000,ff,0,0,0101,73f2,0,0000,0101,0,0101,0000,1,1,0,0,0000,014e,0000,0000,0000,0000,0,014e,0101,0000,0,015,0101,0101,1,42,01e4,0170
324,324,0,5d3813eec9a40000,ff,0,0,0101,73f2,0,0000,0101,0,0101,0000,1,1,0,0,0000,014e,0000,0000,0000,0000,0,014e,0101,0000,0,015,0101,0101,1,42,01e4,0170
325,325,0,5d3813eec9a40000,ff,0,0,0101,73f2,0,0000,0101,0,0101,0000,1,1,0,0,0000,014e,0000,0000,0000,0000,0,014e,0101,0000,0,015,0101,0101,1,42,01e4,0170
326,326,0,5d3813eec9a40000,ff,0,0,0101,73f2,0,0000,0101,0,0101,0000,1,1,0,0,0000,014e,0000,0000,0000,0000,0,014e,0101,0000,0,015,0101,0101,1,42,01e4,0170
327,327,0,5d3813eec9a40000,ff,0,0,0101,73f2,0,0000,0101,0,0101,0000,1,1,0,0,0000,014e,0000,0000,0000,0000,0,014e,0101,0000,0,015,0101,0101,1,42,01e4,0170
328,328,0,5d3813eec9a40000,ff,0,0,0101,73f2,0,0000,0101,0,0101,0000,1,1,0,0,0000,014e,0000,0000,0000,0000,0,014e,0101,0000,0,015,0101,0101,1,42,01e4,0170
329,329,0,5d3813eec9a40000,ff,0,0,0101,73f2,0,0000,0101,0,0101,0000,1,1,0,0,0000,014e,0000,0000,0000,0000,0,014e,0101,0000,0,015,0101,0101,1,42,01e4,0170
330,330,0,5d3813eec9a40000,ff,0,0,0101,73f2,0,0000,0101,0,0101,0000,1,1,0,0,0000,014e,0000,0000,0000,0000,0,014e,0101,0000,0,015,0101,0101,1,42,01e4,0170
331,331,0,5d3813eec9a40000,ff,0,0,0101,73f2,0,0000,0101,0,0101,0000,1,1,0,0,0000,014e,0000,0000,0000,0000,0,014e,0101,0000,0,015,0101,0101,1,42,01e4,0170
332,332,0,5d3813eec9a40000,ff,0,0,0101,73f2,0,0000,0101,0,0101,0000,1,1,0,0,0000,014e,0000,0000,0000,0000,0,014e,0101,0000,0,015,0101,0101,1,42,01e4,0170
333,333,0,5d3813eec9a40000,ff,0,0,0101,73f2,0,0000,0101,0,0101,0000,1,1,0,0,0000,014e,0000,0000,0000,0000,0,014e,0101,0000,0,015,0101,0101,1,42,01e4,0170
334,334,0,5d3813eec9a40000,ff,0,0,0101,73f2,0,0000,0101,0,0101,0000,1,1,0,0,0000,014e,0000,0000,0000,0000,0,014e,0101,0000,0,015,0101,0101,1,42,01e4,0170
335,335,0,5d3813eec9a40000,ff,0,0,0101,73f2,0,0000,0101,0,0101,0000,1,1,0,0,0000,014e,0000,0000,0000,0000,0,014e,0101,0000,0,015,0101,0101,1,42,01e4,0170
336,336,0,5d3813eec9a40000,ff,0,0,0101,73f2,0,0000,0101,0,0101,0000,1,1,0,0,0000,014e,0000,0000,0000,0000,0,014e,0101,0000,0,015,0101,0101,1,42,01e4,0170
337,337,0,5d3813eec9a40000,ff,0,0,0101,73f2,0,0000,0101,0,0101,0000,1,1,0,0,0000,014e,0000,0000,0000,0000,0,014e,0101,0000,0,015,0101,0101,1,42,01e4,0170
338,338,0,5d3813eec9a40000,ff,0,0,0101,73f2,0,0000,0101,0,0101,0000,1,1,0,0,0000,014e,0000,0000,0000,0000,0,014e,0101,0000,0,015,0101,0101,1,42,01e4,0170
339,339,0,5d3813eec9a40000,ff,0,0,0101,73f2,0,0000,0101,0,0101,0000,1,1,0,0,0000,014e,0000,0000,0000,0000,0,014e,0101,0000,0,015,0101,0101,1,42,01e4,0170
340,340,0,5d3813eec9a40000,ff,0,0,0101,73f2,0,0000,0101,0,0101,0000,1,1,0,0,0000,014e,0000,0000,0000,0000,0,014e,0101,0000,0,015,0101,0101,1,42,01e4,0170
341,341,0,5d3813eec9a40000,ff,0,0,0101,73f2,0,0000,0101,0,0101,0000,1,1,0,0,0000,014e,0000,0000,0000,0000,0,014e,0101,0000,0,015,0101,0101,1,42,01e4,0170
342,342,0,5d3813eec9a40000,ff,0,0,0101,73f2,0,0000,0101,0,0101,0000,1,1,0,0,0000,014e,0000,0000,0000,0000,0,014e,0101,0000,0,015,0101,0101,1,42,01e4,0170
343,343,0,5d3813eec9a40000,ff,0,0,0101,73f2,0,0000,0101,0,0101,0000,1,1,0,0,0000,014e,0000,0000,0000,0000,0,014e,0101,0000,0,015,0101,0101,1,42,01e4,0170
344,344,0,5d3813eec9a40000,ff,0,0,0101,73f2,0,0000,0101,0,0101,0000,1,1,0,0,0000,014e,0000,0000,0000,0000,0,014e,0101,0000,0,015,0101,0101,1,42,01e4,0170
345,345,0,5d3813eec9a40000,ff,0,0,0101,73f2,0,0000,0101,0,0101,0000,1,1,0,0,0000,014e,0000,0000,0000,0000,0,014e,0101,0000,0,015,0101,0101,1,42,01e4,0170
346,346,0,5d3813eec9a40000,ff,0,0,0101,73f2,0,0000,0101,0,0101,0000,1,1,0,0,0000,014e,0000,0000,0000,0000,0,014e,0101,0000,0,015,0101,0101,1,42,01e4,0170
347,347,0,5d3813eec9a40000,ff,0,0,0101,73f2,0,0000,0101,0,0101,0000,1,1,0,0,0000,014e,0000,0000,0000,0000,0,014e,0101,0000,0,015,0101,0101,1,42,01e4,0170
348,348,0,5d3813eec9a40000,ff,0,0,0101,73f2,0,0000,0101,0,0101,0000,1,1,0,0,0000,014e,0000,0000,0000,0000,0,014e,0101,0000,0,015,0101,0101,1,42,01e4,0170
349,349,0,5d3813eec9a40000,ff,0,0,0101,73f2,0,0000,0101,0,0101,0000,1,1,0,0,0000,014e,0000,0000,0000,0000,0,014e,0101,0000,0,015,0101,0101,1,42,01e4,0170
350,350,0,5d3813eec9a40000,ff,0,0,0101,73f2,0,0000,0101,0,0101,0000,1,1,0,0,0000,014e,0000,0000,0000,0000,0,014e,0101,0000,0,015,0101,0101,1,42,01e4,0170
351,351,0,5d3813eec9a40000,ff,0,0,0101,73f2,0,0000,0101,0,0101,0000,1,1,0,0,0000,014e,0000,0000,0000,0000,0,014e,0101,0000,0,015,0101,0101,1,42,01e4,0170
352,352,0,5d3813eec9a40000,ff,0,0,0101,73f2,0,0000,0101,0,0101,0000,1,1,0,0,0000,014e,0000,0000,0000,0000,0,014e,0101,0000,0,015,0101,0101,1,42,01e4,0170
353,353,0,5d3813eec9a40000,ff,0,0,0101,73f2,0,0000,0101,0,0101,0000,1,1,0,0,0000,014e,0000,0000,0000,0000,0,014e,0101,0000,0,015,0101,0101,1,42,01e4,0170
354,354,0,5d3813eec9a40000,ff,0,0,0101,73f2,0,0000,0101,0,0101,0000,1,1,0,0,0000,014e,0000,0000,0000,0000,0,014e,0101,0000,0,015,0101,0101,1,42,01e4,0170
355,355,0,5d3813eec9a40000,ff,0,0,0101,73f2,0,0000,0101,0,0101,0000,1,1,0,0,0000,014e,0000,0000,0000,0000,0,014e,0101,0000,0,015,0101,0101,1,42,01e4,0170
356,356,0,5d3813eec9a40000,ff,0,0,0101,73f2,0,0000,0101,0,0101,0000,1,1,0,0,0000,014e,0000,0000,0000,0000,0,014e,0101,0000,0,015,0101,0101,1,42,01e4,0170
357,357,0,5d3813eec9a40000,ff,0,0,0101,73f2,0,0000,0101,0,0101,0000,1,1,0,0,0000,014e,0000,0000,0000,0000,0,014e,0101,0000,0,015,0101,0101,1,42,01e4,0170
358,358,0,5d3813eec9a40000,ff,0,0,0101,73f2,0,0000,0101,0,0101,0000,1,1,0,0,0000,014e,0000,0000,0000,0000,0,014e,0101,0000,0,015,0101,0101,1,42,01e4,0170
359,359,0,5d3813eec9a40000,ff,0,0,0101,73f2,0,0000,0101,0,0101,0000,1,1,0,0,0000,014e,0000,0000,0000,0000,0,014e,0101,0000,0,015,0101,0101,1,42,01e4,0170
360,360,0,5d3813eec9a40000,ff,0,0,0101,73f2,0,0000,0101,0,0101,0000,1,1,0,0,0000,014e,0000,0000,0000,0000,0,014e,0101,0000,0,015,0101,0101,1,42,01e4,0170
361,361,0,5d3813eec9a40000,ff,0,0,0101,73f2,0,0000,0101,0,0101,0000,1,1,0,0,0000,014e,0000,0000,0000,0000,0,014e,0101,0000,0,015,0101,0101,1,42,01e4,0170
362,362,0,5d3813eec9a40000,ff,0,0,0101,73f2,0,0000,0101,0,0101,0000,1,1,0,0,0000,014e,0000,0000,0000,0000,0,014e,0101,0000,0,015,0101,0101,1,42,01e4,0170
363,363,0,5d3813eec9a40000,ff,0,0,0101,73f2,0,0000,0101,0,0101,0000,1,1,0,0,0000,014e,0000,0000,0000,0000,0,014e,0101,0000,0,015,0101,0101,1,42,01e4,0170
364,364,0,5d3813eec9a40000,ff,0,0,0101,73f2,0,0000,0101,0,0101,0000,1,1,0,0,0000,014e,0000,0000,0000,0000,0,014e,0101,0000,0,015,0101,0101,1,42,01e4,0170
365,365,0,5d3813eec9a40000,ff,0,0,0101,73f2,0,0000,0101,0,0101,0000,1,1,0,0,0000,014e,0000,0000,0000,0000,0,014e,0101,0000,0,015,0101,0101,1,42,01e4,0170
366,366,0,5d3813eec9a40000,ff,0,0,0101,73f2,0,0000,0101,0,0101,0000,1,1,0,0,0000,014e,0000,0000,0000,0000,0,014e,0101,0000,0,015,0101,0101,1,42,01e4,0170
367,367,0,5d3813eec9a40000,ff,0,0,0101,73f2,0,0000,0101,0,0101,0000,1,1,0,0,0000,014e,0000,0000,0000,0000,0,014e,0101,0000,0,015,0101,0101,1,42,01e4,0170
368,368,0,5d3813eec9a40000,ff,0,0,0101,73f2,0,0000,0101,0,0101,0000,1,1,0,0,0000,014e,0000,0000,0000,0000,0,014e,0101,0000,0,015,0101,0101,1,42,01e4,0170
369,369,0,5d3813eec9a40000,ff,0,0,0101,73f2,0,0000,0101,0,0101,0000,1,1,0,0,0000,014e,0000,0000,0000,0000,0,014e,0101,0000,0,015,0101,0101,1,42,01e4,0170
370,370,0,5d3813eec9a40000,ff,0,0,0101,73f2,0,0000,0101,0,0101,0000,1,1,0,0,0000,014e,0000,0000,0000,0000,0,014e,0101,0000,0,015,0101,0101,1,42,01e4,0170
371,371,0,5d3813eec9a40000,ff,0,0,0101,73f2,0,0000,0101,0,0101,0000,1,1,0,0,0000,014e,0000,0000,0000,0000,0,014e,0101,0000,0,015,0101,0101,1,42,01e4,0170
372,372,0,5d3813eec9a40000,ff,0,0,0101,73f2,0,0000,0101,0,0101,0000,1,1,0,0,0000,014e,0000,0000,0000,0000,0,014e,0101,0000,0,015,0101,0101,1,42,01e4,0170
373,373,0,5d3813eec9a40000,ff,0,0,0101,73f2,0,0000,0101,0,0101,0000,1,1,0,0,0000,014e,0000,0000,0000,0000,0,014e,0101,0000,0,015,0101,0101,1,42,01e4,0170
374,374,0,5d3813eec9a40000,ff,0,0,0101,73f2,0,0000,0101,0,0101,0000,1,1,0,0,0000,014e,0000,0000,0000,0000,0,014e,0101,0000,0,015,0101,0101,1,42,01e4,0170
375,375,0,5d3813eec9a40000,ff,0,0,0101,73f2,0,0000,0101,0,0101,0000,1,1,0,0,0000,014e,0000,0000,0000,0000,0,014e,0101,0000,0,015,0101,0101,1,42,01e4,0170
376,376,0,5d3813eec9a40000,ff,0,0,0101,73f2,0,0000,0101,0,0101,0000,1,1,0,0,0000,014e,0000,0000,0000,0000,0,014e,0101,0000,0,015,0101,0101,1,42,01e4,0170
377,377,0,5d3813eec9a40000,ff,0,0,0101,73f2,0,0000,0101,0,0101,0000,1,1,0,0,0000,014e,0000,0000,0000,0000,0,014e,0101,0000,0,015,0101,0101,1,42,01e4,0170
378,378,0,5d3813eec9a40000,ff,0,0,0101,73f2,0,0000,0101,0,0101,0000,1,1,0,0,0000,014e,0000,0000,0000,0000,0,014e,0101,0000,0,015,0101,0101,1,42,01e4,0170
379,379,0,5d3813eec9a40000,ff,0,0,0101,73f2,0,0000,0101,0,0101,0000,1,1,0,0,0000,014e,0000,0000,0000,0000,0,014e,0101,0000,0,015,0101,0101,1,42,01e4,0170
380,380,0,5d3813eec9a40000,ff,0,0,0101,73f2,0,0000,0101,0,0101,0000,1,1,0,0,0000,014e,0000,0000,0000,0000,0,014e,0101,0000,0,015,0101,0101,1,42,01e4,0170
381,381,0,5d3813eec9a40000,ff,0,0,0101,73f2,0,0000,0101,0,0101,0000,1,1,0,0,0000,014e,0000,0000,0000,0000,0,014e,0101,0000,0,015,0101,0101,1,42,01e4,0170
382,382,0,5d3813eec9a40000,ff,0,0,0101,73f2,0,0000,0101,0,0101,0000,1,1,0,0,0000,014e,0000,0000,0000,0000,0,014e,0101,0000,0,015,0101,0101,1,42,01e4,0170
383,383,0,5d3813eec9a40000,ff,0,0,0101,73f2,0,0000,0101,0,0101,0000,1,1,0,0,0000,014e,0000,0000,0000,0000,0,014e,0101,0000,0,015,0101,0101,1,42,01e4,0170
384,384,0,5d3813eec9a40000,ff,0,0,0101,73f2,0,0000,0101,0,0101,0000,1,1,0,0,0000,014e,0000,0000,0000,0000,0,014e,0101,0000,0,015,0101,0101,1,42,01e4,0170
385,385,0,5d3813eec9a40000,ff,0,0,0101,73f2,0,0000,0101,0,0101,0000,1,1,0,0,0000,014e,0000,0000,0000,0000,0,014e,0101,0000,0,015,0101,0101,1,42,01e4,0170
386,386,0,5d3813eec9a40000,ff,0,0,0101,73f2,0,0000,0101,0,0101,0000,1,1,0,0,0000,014e,0000,0000,0000,0000,0,014e,0101,0000,0,015,0101,0101,1,42,01e4,0170
387,387,0,5d3813eec9a40000,ff,0,0,0101,73f2,0,0000,0101,0,0101,0000,1,1,0,0,0000,014e,0000,0000,0000,0000,0,014e,0101,0000,0,015,0101,0101,1,42,01e4,0170
388,388,0,5d3813eec9a40000,ff,0,0,0101,73f2,0,0000,0101,0,0101,0000,1,1,0,0,0000,014e,0000,0000,0000,0000,0,014e,0101,0000,0,015,0101,0101,1,42,01e4,0170
389,389,0,5d3813eec9a40000,ff,0,0,0101,73f2,0,0000,0101,0,0101,0000,1,1,0,0,0000,014e,0000,0000,0000,0000,0,014e,0101,0000,0,015,0101,0101,1,42,01e4,0170
390,390,0,5d3813eec9a40000,ff,0,0,0101,73f2,0,0000,0101,0,0101,0000,1,1,0,0,0000,014e,0000,0000,0000,0000,0,014e,0101,0000,0,015,0101,0101,1,42,01e4,0170
391,391,0,5d3813eec9a40000,ff,0,0,0101,73f2,0,0000,0101,0,0101,0000,1,1,0,0,0000,014e,0000,0000,0000,0000,0,014e,0101,0000,0,015,0101,0101,1,42,01e4,0170
392,392,0,5d3813eec9a40000,ff,0,0,0101,73f2,0,0000,0101,0,0101,0000,1,1,0,0,0000,014e,0000,0000,0000,0000,0,014e,0101,0000,0,015,0101,0101,1,42,01e4,0170
393,393,0,5d3813eec9a40000,ff,0,0,0101,73f2,0,0000,0101,0,0101,0000,1,1,0,0,0000,014e,0000,0000,0000,0000,0,014e,0101,0000,0,015,0101,0101,1,42,01e4,0170
394,394,0,5d3813eec9a40000,ff,0,0,0101,73f2,0,0000,0101,0,0101,0000,1,1,0,0,0000,014e,0000,0000,0000,0000,0,014e,0101,0000,0,015,0101,0101,1,42,01e4,0170
395,395,0,5d3813eec9a40000,ff,0,0,0101,73f2,0,0000,0101,0,0101,0000,1,1,0,0,0000,014e,0000,0000,0000,0000,0,014e,0101,0000,0,015,0101,0101,1,42,01e4,0170
396,396,0,5d3813eec9a40000,ff,0,0,0101,73f2,0,0000,0101,0,0101,0000,1,1,0,0,0000,014e,0000,0000,0000,0000,0,014e,0101,0000,0,015,0101,0101,1,42,01e4,0170
397,397,0,5d3813eec9a40000,ff,0,0,0101,73f2,0,0000,0101,0,0101,0000,1,1,0,0,0000,014e,0000,0000,0000,0000,0,014e,0101,0000,0,015,0101,0101,1,42,01e4,0170
398,398,0,5d3813eec9a40000,ff,0,0,0101,73f2,0,0000,0101,0,0101,0000,1,1,0,0,0000,014e,0000,0000,0000,0000,0,014e,0101,0000,0,015,0101,0101,1,42,01e4,0170
399,399,0,5d3813eec9a40000,ff,0,0,0101,73f2,0,0000,0101,0,0101,0000,1,1,0,0,0000,014e,0000,0000,0000,0000,0,014e,0101,0000,0,015,0101,0101,1,42,01e4,0170
400,400,0,5d3813eec9a40000,ff,0,0,0101,73f2,0,0000,0101,0,0101,0000,1,1,0,0,0000,014e,0000,0000,0000,0000,0,014e,0101,0000,0,015,0101,0101,1,42,01e4,0170
401,401,0,5d3813eec9a40000,ff,0,0,0101,73f2,0,0000,0101,0,0101,0000,1,1,0,0,0000,014e,0000,0000,0000,0000,0,014e,0101,0000,0,015,0101,0101,1,42,01e4,0170
402,402,0,5d3813eec9a40000,ff,0,0,0101,73f2,0,0000,0101,0,0101,0000,1,1,0,0,0000,014e,0000,0000,0000,0000,0,014e,0101,0000,0,015,0101,0101,1,42,01e4,0170
403,403,0,5d3813eec9a40000,ff,0,0,0101,73f2,0,0000,0101,0,0101,0000,1,1,0,0,0000,014e,0000,0000,0000,0000,0,014e,0101,0000,0,015,0101,0101,1,42,01e4,0170
404,404,0,5d3813eec9a40000,ff,0,0,0101,73f2,0,0000,0101,0,0101,0000,1,1,0,0,0000,014e,0000,0000,0000,0000,0,014e,0101,0000,0,015,0101,0101,1,42,01e4,0170
405,405,0,5d3813eec9a40000,ff,0,0,0101,73f2,0,0000,0101,0,0101,0000,1,1,0,0,0000,014e,0000,0000,0000,0000,0,014e,0101,0000,0,015,0101,0101,1,42,01e4,0170
406,406,0,5d3813eec9a40000,ff,0,0,0101,73f2,0,0000,0101,0,0101,0000,1,1,0,0,0000,014e,0000,0000,0000,0000,0,014e,0101,0000,0,015,0101,0101,1,42,01e4,0170
407,407,0,5d3813eec9a40000,ff,0,0,0101,73f2,0,0000,0101,0,0101,0000,1,1,0,0,0000,014e,0000,0000,0000,0000,0,014e,0101,0000,0,015,0101,0101,1,42,01e4,0170
408,408,0,5d3813eec9a40000,ff,0,0,0101,73f2,0,0000,0101,0,0101,0000,1,1,0,0,0000,014e,0000,0000,0000,0000,0,014e,0101,0000,0,015,0101,0101,1,42,01e4,0170
409,409,0,5d3813eec9a40000,ff,0,0,0101,73f2,0,0000,0101,0,0101,0000,1,1,0,0,0000,014e,0000,0000,0000,0000,0,014e,0101,0000,0,015,0101,0101,1,42,01e4,0170
410,410,0,5d3813eec9a40000,ff,0,0,0101,73f2,0,0000,0101,0,0101,0000,1,1,0,0,0000,014e,0000,0000,0000,0000,0,014e,0101,0000,0,015,0101,0101,1,42,01e4,0170
411,411,0,5d3813eec9a40000,ff,0,0,0101,73f2,0,0000,0101,0,0101,0000,1,1,0,0,0000,014e,0000,0000,0000,0000,0,014e,0101,0000,0,015,0101,0101,1,42,01e4,0170
412,412,0,5d3813eec9a40000,ff,0,0,0101,73f2,0,0000,0101,0,0101,0000,1,1,0,0,0000,014e,0000,0000,0000,0000,0,014e,0101,0000,0,015,0101,0101,1,42,01e4,0170
413,413,0,5d3813eec9a40000,ff,0,0,0101,73f2,0,0000,0101,0,0101,0000,1,1,0,0,0000,014e,0000,0000,0000,0000,0,014e,0101,0000,0,015,0101,0101,1,42,01e4,0170
414,414,0,5d3813eec9a40000,ff,0,0,0101,73f2,0,0000,0101,0,0101,0000,1,1,0,0,0000,014e,0000,0000,0000,0000,0,014e,0101,0000,0,015,0101,0101,1,42,01e4,0170
415,415,0,5d3813eec9a40000,ff,0,0,0101,73f2,0,0000,0101,0,0101,0000,1,1,0,0,0000,014e,0000,0000,0000,0000,0,014e,0101,0000,0,015,0101,0101,1,42,01e4,0170
416,416,0,5d3813eec9a40000,ff,0,0,0101,73f2,0,0000,0101,0,0101,0000,1,1,0,0,0000,014e,0000,0000,0000,0000,0,014e,0101,0000,0,015,0101,0101,1,42,01e4,0170
417,417,0,5d3813eec9a40000,ff,0,0,0101,73f2,0,0000,0101,0,0101,0000,1,1,0,0,0000,014e,0000,0000,0000,0000,0,014e,0101,0000,0,015,0101,0101,1,42,01e4,0170
418,418,0,5d3813eec9a40000,ff,0,0,0101,73f2,0,0000,0101,0,0101,0000,1,1,0,0,0000,014e,0000,0000,0000,0000,0,014e,0101,0000,0,015,0101,0101,1,42,01e4,0170
419,419,0,5d3813eec9a40000,ff,0,0,0101,73f2,0,0000,0101,0,0101,0000,1,1,0,0,0000,014e,0000,0000,0000,0000,0,014e,0101,0000,0,015,0101,0101,1,42,01e4,0170
420,420,0,5d3813eec9a40000,ff,0,0,0101,73f2,0,0000,0101,0,0101,0000,1,1,0,0,0000,014e,0000,0000,0000,0000,0,014e,0101,0000,0,015,0101,0101,1,42,01e4,0170
421,421,0,5d3813eec9a40000,ff,0,0,0101,73f2,0,0000,0101,0,0101,0000,1,1,0,0,0000,014e,0000,0000,0000,0000,0,014e,0101,0000,0,015,0101,0101,1,42,01e4,0170
422,422,0,5d3813eec9a40000,ff,0,0,0101,73f2,0,0000,0101,0,0101,0000,1,1,0,0,0000,014e,0000,0000,0000,0000,0,014e,0101,0000,0,015,0101,0101,1,42,01e4,0170
423,423,0,5d3813eec9a40000,ff,0,0,0101,73f2,0,0000,0101,0,0101,0000,1,1,0,0,0000,014e,0000,0000,0000,0000,0,014e,0101,0000,0,015,0101,0101,1,42,01e4,0170
424,424,0,5d3813eec9a40000,ff,0,0,0101,73f2,0,0000,0101,0,0101,0000,1,1,0,0,0000,014e,0000,0000,0000,0000,0,014e,0101,0000,0,015,0101,0101,1,42,01e4,0170
425,425,0,5d3813eec9a40000,ff,0,0,0101,73f2,0,0000,0101,0,0101,0000,1,1,0,0,0000,014e,0000,0000,0000,0000,0,014e,0101,0000,0,015,0101,0101,1,42,01e4,0170
426,426,0,5d3813eec9a40000,ff,0,0,0101,73f2,0,0000,0101,0,0101,0000,1,1,0,0,0000,014e,0000,0000,0000,0000,0,014e,0101,0000,0,015,0101,0101,1,42,01e4,0170
427,427,0,5d3813eec9a40000,ff,0,0,0101,73f2,0,0000,0101,0,0101,0000,1,1,0,0,0000,014e,0000,0000,0000,0000,0,014e,0101,0000,0,015,0101,0101,1,42,01e4,0170
428,428,0,5d3813eec9a40000,ff,0,0,0101,73f2,0,0000,0101,0,0101,0000,1,1,0,0,0000,014e,0000,0000,0000,0000,0,014e,0101,0000,0,015,0101,0101,1,42,01e4,0170
429,429,0,5d3813eec9a40000,ff,0,0,0101,73f2,0,0000,0101,0,0101,0000,1,1,0,0,0000,014e,0000,0000,0000,0000,0,014e,0101,0000,0,015,0101,0101,1,42,01e4,0170
430,430,0,5d3813eec9a40000,ff,0,0,0101,73f2,0,0000,0101,0,0101,0000,1,1,0,0,0000,014e,0000,0000,0000,0000,0,014e,0101,0000,0,015,0101,0101,1,42,01e4,0170
431,431,0,5d3813eec9a40000,ff,0,0,0101,73f2,0,0000,0101,0,0101,0000,1,1,0,0,0000,014e,0000,0000,0000,0000,0,014e,0101,0000,0,015,0101,0101,1,42,01e4,0170
432,432,0,5d3813eec9a40000,ff,0,0,0101,73f2,0,0000,0101,0,0101,0000,1,1,0,0,0000,014e,0000,0000,0000,0000,0,014e,0101,0000,0,015,0101,0101,1,42,01e4,0170
433,433,0,5d3813eec9a40000,ff,0,0,0101,73f2,0,0000,0101,0,0101,0000,1,1,0,0,0000,014e,0000,0000,0000,0000,0,014e,0101,0000,0,015,0101,0101,1,42,01e4,0170
434,434,0,5d3813eec9a40000,ff,0,0,0101,73f2,0,0000,0101,0,0101,0000,1,1,0,0,0000,014e,0000,0000,0000,0000,0,014e,0101,0000,0,015,0101,0101,1,42,01e4,0170
435,435,0,5d3813eec9a40000,ff,0,0,0101,73f2,0,0000,0101,0,0101,0000,1,1,0,0,0000,014e,0000,0000,0000,0000,0,014e,0101,0000,0,015,0101,0101,1,42,01e4,0170
436,436,0,5d3813eec9a40000,ff,0,0,0101,73f2,0,0000,0101,0,0101,0000,1,1,0,0,0000,014e,0000,0000,0000,0000,0,014e,0101,0000,0,015,0101,0101,1,42,01e4,0170
437,437,0,5d3813eec9a40000,ff,0,0,0101,73f2,0,0000,0101,0,0101,0000,1,1,0,0,0000,014e,0000,0000,0000,0000,0,014e,0101,0000,0,015,0101,0101,1,42,01e4,0170
438,438,0,5d3813eec9a40000,ff,0,0,0101,73f2,0,0000,0101,0,0101,0000,1,1,0,0,0000,014e,0000,0000,0000,0000,0,014e,0101,0000,0,015,0101,0101,1,42,01e4,0170
439,439,0,5d3813eec9a40000,ff,0,0,0101,73f2,0,0000,0101,0,0101,0000,1,1,0,0,0000,014e,0000,0000,0000,0000,0,014e,0101,0000,0,015,0101,0101,1,42,01e4,0170
440,440,0,5d3813eec9a40000,ff,0,0,0101,73f2,0,0000,0101,0,0101,0000,1,1,0,0,0000,014e,0000,0000,0000,0000,0,014e,0101,0000,0,015,0101,0101,1,42,01e4,0170
441,441,0,5d3813eec9a40000,ff,0,0,0101,73f2,0,0000,0101,0,0101,0000,1,1,0,0,0000,014e,0000,0000,0000,0000,0,014e,0101,0000,0,015,0101,0101,1,42,01e4,0170
442,442,0,5d3813eec9a40000,ff,0,0,0101,73f2,0,0000,0101,0,0101,0000,1,1,0,0,0000,014e,0000,0000,0000,0000,0,014e,0101,0000,0,015,0101,0101,1,42,01e4,0170
443,443,0,5d3813eec9a40000,ff,0,0,0101,73f2,0,0000,0101,0,0101,0000,1,1,0,0,0000,014e,0000,0000,0000,0000,0,014e,0101,0000,0,015,0101,0101,1,42,01e4,0170
444,444,0,5d3813eec9a40000,ff,0,0,0101,73f2,0,0000,0101,0,0101,0000,1,1,0,0,0000,014e,0000,0000,0000,0000,0,014e,0101,0000,0,015,0101,0101,1,42,01e4,0170
445,445,0,5d3813eec9a40000,ff,0,0,0101,73f2,0,0000,0101,0,0101,0000,1,1,0,0,0000,014e,0000,0000,0000,0000,0,014e,0101,0000,0,015,0101,0101,1,42,01e4,0170
446,446,0,5d3813eec9a40000,ff,0,0,0101,73f2,0,0000,0101,0,0101,0000,1,1,0,0,0000,014e,0000,0000,0000,0000,0,014e,0101,0000,0,015,0101,0101,1,42,01e4,0170
447,447,0,5d3813eec9a40000,ff,0,0,0101,73f2,0,0000,0101,0,0101,0000,1,1,0,0,0000,014e,0000,0000,0000,0000,0,014e,0101,0000,0,015,0101,0101,1,42,01e4,0170
448,448,0,5d3813eec9a40000,ff,0,0,0101,73f2,0,0000,0101,0,0101,0000,1,1,0,0,0000,014e,0000,0000,0000,0000,0,014e,0101,0000,0,015,0101,0101,1,42,01e4,0170
449,449,0,5d3813eec9a40000,ff,0,0,0101,73f2,0,0000,0101,0,0101,0000,1,1,0,0,0000,014e,0000,0000,0000,0000,0,014e,0101,0000,0,015,0101,0101,1,42,01e4,0170
450,450,0,5d3813eec9a40000,ff,0,0,0101,73f2,0,0000,0101,0,0101,0000,1,1,0,0,0000,014e,0000,0000,0000,0000,0,014e,0101,0000,0,015,0101,0101,1,42,01e4,0170
451,451,0,5d3813eec9a40000,ff,0,0,0101,73f2,0,0000,0101,0,0101,0000,1,1,0,0,0000,014e,0000,0000,0000,0000,0,014e,0101,0000,0,015,0101,0101,1,42,01e4,0170
452,452,0,5d3813eec9a40000,ff,0,0,0101,73f2,0,0000,0101,0,0101,0000,1,1,0,0,0000,014e,0000,0000,0000,0000,0,014e,0101,0000,0,015,0101,0101,1,42,01e4,0170
453,453,0,5d3813eec9a40000,ff,0,0,0101,73f2,0,0000,0101,0,0101,0000,1,1,0,0,0000,014e,0000,0000,0000,0000,0,014e,0101,0000,0,015,0101,0101,1,42,01e4,0170
454,454,0,5d3813eec9a40000,ff,0,0,0101,73f2,0,0000,0101,0,0101,0000,1,1,0,0,0000,014e,0000,0000,0000,0000,0,014e,0101,0000,0,015,0101,0101,1,42,01e4,0170
455,455,0,5d3813eec9a40000,ff,0,0,0101,73f2,0,0000,0101,0,0101,0000,1,1,0,0,0000,014e,0000,0000,0000,0000,0,014e,0101,0000,0,015,0101,0101,1,42,01e4,0170
456,456,0,5d3813eec9a40000,ff,0,0,0101,73f2,0,0000,0101,0,0101,0000,1,1,0,0,0000,014e,0000,0000,0000,0000,0,014e,0101,0000,0,015,0101,0101,1,42,01e4,0170
457,457,0,5d3813eec9a40000,ff,0,0,0101,73f2,0,0000,0101,0,0101,0000,1,1,0,0,0000,014e,0000,0000,0000,0000,0,014e,0101,0000,0,015,0101,0101,1,42,01e4,0170
458,458,0,5d3813eec9a40000,ff,0,0,0101,73f2,0,0000,0101,0,0101,0000,1,1,0,0,0000,014e,0000,0000,0000,0000,0,014e,0101,0000,0,015,0101,0101,1,42,01e4,0170
459,459,0,5d3813eec9a40000,ff,0,0,0101,73f2,0,0000,0101,0,0101,0000,1,1,0,0,0000,014e,0000,0000,0000,0000,0,014e,0101,0000,0,015,0101,0101,1,42,01e4,0170
460,460,0,5d3813eec9a40000,ff,0,0,0101,73f2,0,0000,0101,0,0101,0000,1,1,0,0,0000,014e,0000,0000,0000,0000,0,014e,0101,0000,0,015,0101,0101,1,42,01e4,0170
461,461,0,5d3813eec9a40000,ff,0,0,0101,73f2,0,0000,0101,0,0101,0000,1,1,0,0,0000,014e,0000,0000,0000,0000,0,014e,0101,0000,0,015,0101,0101,1,42,01e4,0170
462,462,0,5d3813eec9a40000,ff,0,0,0101,73f2,0,0000,0101,0,0101,0000,1,1,0,0,0000,014e,0000,0000,0000,0000,0,014e,0101,0000,0,015,0101,0101,1,42,01e4,0170
463,463,0,5d3813eec9a40000,ff,0,0,0101,73f2,0,0000,0101,0,0101,0000,1,1,0,0,0000,014e,0000,0000,0000,0000,0,014e,0101,0000,0,015,0101,0101,1,42,01e4,0170
464,464,0,5d3813eec9a40000,ff,0,0,0101,73f2,0,0000,0101,0,0101,0000,1,1,0,0,0000,014e,0000,0000,0000,0000,0,014e,0101,0000,0,015,0101,0101,1,42,01e4,0170
465,465,0,5d3813eec9a40000,ff,0,0,0101,73f2,0,0000,0101,0,0101,0000,1,1,0,0,0000,014e,0000,0000,0000,0000,0,014e,0101,0000,0,015,0101,0101,1,42,01e4,0170
466,466,0,5d3813eec9a40000,ff,0,0,0101,73f2,0,0000,0101,0,0101,0000,1,1,0,0,0000,014e,0000,0000,0000,0000,0,014e,0101,0000,0,015,0101,0101,1,42,01e4,0170
467,467,0,5d3813eec9a40000,ff,0,0,0101,73f2,0,0000,0101,0,0101,0000,1,1,0,0,0000,014e,0000,0000,0000,0000,0,014e,0101,0000,0,015,0101,0101,1,42,01e4,0170
468,468,0,5d3813eec9a40000,ff,0,0,0101,73f2,0,0000,0101,0,0101,0000,1,1,0,0,0000,014e,0000,0000,0000,0000,0,014e,0101,0000,0,015,0101,0101,1,42,01e4,0170
469,469,0,5d3813eec9a40000,ff,0,0,0101,73f2,0,0000,0101,0,0101,0000,1,1,0,0,0000,014e,0000,0000,0000,0000,0,014e,0101,0000,0,015,0101,0101,1,42,01e4,0170
470,470,0,5d3813eec9a40000,ff,0,0,0101,73f2,0,0000,0101,0,0101,0000,1,1,0,0,0000,014e,0000,0000,0000,0000,0,014e,0101,0000,0,015,0101,0101,1,42,01e4,0170
471,471,0,5d3813eec9a40000,ff,0,0,0101,73f2,0,0000,0101,0,0101,0000,1,1,0,0,0000,014e,0000,0000,0000,0000,0,014e,0101,0000,0,015,0101,0101,1,42,01e4,0170
472,472,0,5d3813eec9a40000,ff,0,0,0101,73f2,0,0000,0101,0,0101,0000,1,1,0,0,0000,014e,0000,0000,0000,0000,0,014e,0101,0000,0,015,0101,0101,1,42,01e4,0170
473,473,0,5d3813eec9a40000,ff,0,0,0101,73f2,0,0000,0101,0,0101,0000,1,1,0,0,0000,014e,0000,0000,0000,0000,0,014e,0101,0000,0,015,0101,0101,1,42,01e4,0170
474,474,0,5d3813eec9a40000,ff,0,0,0101,73f2,0,0000,0101,0,0101,0000,1,1,0,0,0000,014e,0000,0000,0000,0000,0,014e,0101,0000,0,015,0101,0101,1,42,01e4,0170
475,475,0,5d3813eec9a40000,ff,0,0,0101,73f2,0,0000,0101,0,0101,0000,1,1,0,0,0000,014e,0000,0000,0000,0000,0,014e,0101,0000,0,015,0101,0101,1,42,01e4,0170
476,476,0,5d3813eec9a40000,ff,0,0,0101,73f2,0,0000,0101,0,0101,0000,1,1,0,0,0000,014e,0000,0000,0000,0000,0,014e,0101,0000,0,015,0101,0101,1,42,01e4,0170
477,477,0,5d3813eec9a40000,ff,0,0,0101,73f2,0,0000,0101,0,0101,0000,1,1,0,0,0000,014e,0000,0000,0000,0000,0,014e,0101,0000,0,015,0101,0101,1,42,01e4,0170
478,478,0,5d3813eec9a40000,ff,0,0,0101,73f2,0,0000,0101,0,0101,0000,1,1,0,0,0000,014e,0000,0000,0000,0000,0,014e,0101,0000,0,015,0101,0101,1,42,01e4,0170
479,479,0,5d3813eec9a40000,ff,0,0,0101,73f2,0,0000,0101,0,0101,0000,1,1,0,0,0000,014e,0000,0000,0000,0000,0,014e,0101,0000,0,015,0101,0101,1,42,01e4,0170
480,480,0,5d3813eec9a40000,ff,0,0,0101,73f2,0,0000,0101,0,0101,0000,1,1,0,0,0000,014e,0000,0000,0000,0000,0,014e,0101,0000,0,015,0101,0101,1,42,01e4,0170
481,481,0,5d3813eec9a40000,ff,0,0,0101,73f2,0,0000,0101,0,0101,0000,1,1,0,0,0000,014e,0000,0000,0000,0000,0,014e,0101,0000,0,015,0101,0101,1,42,01e4,0170
482,482,0,5d3813eec9a40000,ff,0,0,0101,73f2,0,0000,0101,0,0101,0000,1,1,0,0,0000,014e,0000,0000,0000,0000,0,014e,0101,0000,0,015,0101,0101,1,42,01e4,0170
483,483,0,5d3813eec9a40000,ff,0,0,0101,73f2,0,0000,0101,0,0101,0000,1,1,0,0,0000,014e,0000,0000,0000,0000,0,014e,0101,0000,0,015,0101,0101,1,42,01e4,0170
484,484,0,5d3813eec9a40000,ff,0,0,0101,73f2,0,0000,0101,0,0101,0000,1,1,0,0,0000,014e,0000,0000,0000,0000,0,014e,0101,0000,0,015,0101,0101,1,42,01e4,0170
485,485,0,5d3813eec9a40000,ff,0,0,0101,73f2,0,0000,0101,0,0101,0000,1,1,0,0,0000,014e,0000,0000,0000,0000,0,014e,0101,0000,0,015,0101,0101,1,42,01e4,0170
486,486,0,5d3813eec9a40000,ff,0,0,0101,73f2,0,0000,0101,0,0101,0000,1,1,0,0,0000,014e,0000,0000,0000,0000,0,014e,0101,0000,0,015,0101,0101,1,42,01e4,0170
487,487,0,5d3813eec9a40000,ff,0,0,0101,73f2,0,0000,0101,0,0101,0000,1,1,0,0,0000,014e,0000,0000,0000,0000,0,014e,0101,0000,0,015,0101,0101,1,42,01e4,0170
488,488,0,5d3813eec9a40000,ff,0,0,0101,73f2,0,0000,0101,0,0101,0000,1,1,0,0,0000,014e,0000,0000,0000,0000,0,014e,0101,0000,0,015,0101,0101,1,42,01e4,0170
489,489,0,5d3813eec9a40000,ff,0,0,0101,73f2,0,0000,0101,0,0101,0000,1,1,0,0,0000,014e,0000,0000,0000,0000,0,014e,0101,0000,0,015,0101,0101,1,42,01e4,0170
490,490,0,5d3813eec9a40000,ff,0,0,0101,73f2,0,0000,0101,0,0101,0000,1,1,0,0,0000,014e,0000,0000,0000,0000,0,014e,0101,0000,0,015,0101,0101,1,42,01e4,0170
491,491,0,5d3813eec9a40000,ff,0,0,0101,73f2,0,0000,0101,0,0101,0000,1,1,0,0,0000,014e,0000,0000,0000,0000,0,014e,0101,0000,0,015,0101,0101,1,42,01e4,0170
492,492,0,5d3813eec9a40000,ff,0,0,0101,73f2,0,0000,0101,0,0101,0000,1,1,0,0,0000,014e,0000,0000,0000,0000,0,014e,0101,0000,0,015,0101,0101,1,42,01e4,0170
493,493,0,5d3813eec9a40000,ff,0,0,0101,73f2,0,0000,0101,0,0101,0000,1,1,0,0,0000,014e,0000,0000,0000,0000,0,014e,0101,0000,0,015,0101,0101,1,42,01e4,0170
494,494,0,5d3813eec9a40000,ff,0,0,0101,73f2,0,0000,0101,0,0101,0000,1,1,0,0,0000,014e,0000,0000,0000,0000,0,014e,0101,0000,0,015,0101,0101,1,42,01e4,0170
495,495,0,5d3813eec9a40000,ff,0,0,0101,73f2,0,0000,0101,0,0101,0000,1,1,0,0,0000,014e,0000,0000,0000,0000,0,014e,0101,0000,0,015,0101,0101,1,42,01e4,0170
496,496,0,5d3813eec9a40000,ff,0,0,0101,73f2,0,0000,0101,0,0101,0000,1,1,0,0,0000,014e,0000,0000,0000,0000,0,014e,0101,0000,0,015,0101,0101,1,42,01e4,0170
497,497,0,5d3813eec9a40000,ff,0,0,0101,73f2,0,0000,0101,0,0101,0000,1,1,0,0,0000,014e,0000,0000,0000,0000,0,014e,0101,0000,0,015,0101,0101,1,42,01e4,0170
498,498,0,5d3813eec9a40000,ff,0,0,0101,73f2,0,0000,0101,0,0101,0000,1,1,0,0,0000,014e,0000,0000,0000,0000,0,014e,0101,0000,0,015,0101,0101,1,42,01e4,0170
499,499,0,5d3813eec9a40000,ff,0,0,0101,73f2,0,0000,0101,0,0101,0000,1,1,0,0,0000,014e,0000,0000,0000,0000,0,014e,0101,0000,0,015,0101,0101,1,42,01e4,0170
500,500,0,5d3813eec9a40000,ff,0,0,0101,73f2,0,0000,0101,0,0101,0000,1,1,0,0,0000,014e,0000,0000,0000,0000,0,014e,0101,0000,0,015,0101,0101,1,42,01e4,0170
501,501,0,5d3813eec9a40000,ff,0,0,0101,73f2,0,0000,0101,0,0101,0000,1,1,0,0,0000,014e,0000,0000,0000,0000,0,014e,0101,0000,0,015,0101,0101,1,42,01e4,0170
502,502,0,5d3813eec9a40000,ff,0,0,0101,73f2,0,0000,0101,0,0101,0000,1,1,0,0,0000,014e,0000,0000,0000,0000,0,014e,0101,0000,0,015,0101,0101,1,42,01e4,0170
503,503,0,5d3813eec9a40000,ff,0,0,0101,73f2,0,0000,0101,0,0101,0000,1,1,0,0,0000,014e,0000,0000,0000,0000,0,014e,0101,0000,0,015,0101,0101,1,42,01e4,0170
504,504,0,5d3813eec9a40000,ff,0,0,0101,73f2,0,0000,0101,0,0101,0000,1,1,0,0,0000,014e,0000,0000,0000,0000,0,014e,0101,0000,0,015,0101,0101,1,42,01e4,0170
505,505,0,5d3813eec9a40000,ff,0,0,0101,73f2,0,0000,0101,0,0101,0000,1,1,0,0,0000,014e,0000,0000,0000,0000,0,014e,0101,0000,0,015,0101,0101,1,42,01e4,0170
506,506,0,5d3813eec9a40000,ff,0,0,0101,73f2,0,0000,0101,0,0101,0000,1,1,0,0,0000,014e,0000,0000,0000,0000,0,014e,0101,0000,0,015,0101,0101,1,42,01e4,0170
507,507,0,5d3813eec9a40000,ff,0,0,0101,73f2,0,0000,0101,0,0101,0000,1,1,0,0,0000,014e,0000,0000,0000,0000,0,014e,0101,0000,0,015,0101,0101,1,42,01e4,0170
508,508,0,5d3813eec9a40000,ff,0,0,0101,73f2,0,0000,0101,0,0101,0000,1,1,0,0,0000,014e,0000,0000,0000,0000,0,014e,0101,0000,0,015,0101,0101,1,42,01e4,0170
509,509,0,5d3813eec9a40000,ff,0,0,0101,73f2,0,0000,0101,0,0101,0000,1,1,0,0,0000,014e,0000,0000,0000,0000,0,014e,0101,0000,0,015,0101,0101,1,42,01e4,0170
510,510,0,5d3813eec9a40000,ff,0,0,0101,73f2,0,0000,0101,0,0101,0000,1,1,0,0,0000,014e,0000,0000,0000,0000,0,014e,0101,0000,0,015,0101,0101,1,42,01e4,0170
511,511,0,5d3813eec9a40000,ff,0,0,0101,73f2,0,0000,0101,0,0101,0000,1,1,0,0,0000,014e,0000,0000,0000,0000,0,014e,0101,0000,0,015,0101,0101,1,42,01e4,0170
512,512,0,5d3813eec9a40000,ff,0,0,0101,73f2,0,0000,0101,0,0101,0000,1,1,0,0,0000,014e,0000,0000,0000,0000,0,014e,0101,0000,0,015,0101,0101,1,42,01e4,0170
513,513,0,5d3813eec9a40000,ff,0,0,0101,73f2,0,0000,0101,0,0101,0000,1,1,0,0,0000,014e,0000,0000,0000,0000,0,014e,0101,0000,0,015,0101,0101,1,42,01e4,0170
514,514,0,5d3813eec9a40000,ff,0,0,0101,73f2,0,0000,0101,0,0101,0000,1,1,0,0,0000,014e,0000,0000,0000,0000,0,014e,0101,0000,0,015,0101,0101,1,42,01e4,0170
515,515,0,5d3813eec9a40000,ff,0,0,0101,73f2,0,0000,0101,0,0101,0000,1,1,0,0,0000,014e,0000,0000,0000,0000,0,014e,0101,0000,0,015,0101,0101,1,42,01e4,0170
516,516,0,5d3813eec9a40000,ff,0,0,0101,73f2,0,0000,0101,0,0101,0000,1,1,0,0,0000,014e,0000,0000,0000,0000,0,014e,0101,0000,0,015,0101,0101,1,42,01e4,0170
517,517,0,5d3813eec9a40000,ff,0,0,0101,73f2,0,0000,0101,0,0101,0000,1,1,0,0,0000,014e,0000,0000,0000,0000,0,014e,0101,0000,0,015,0101,0101,1,42,01e4,0170
518,518,0,5d3813eec9a40000,ff,0,0,0101,73f2,0,0000,0101,0,0101,0000,1,1,0,0,0000,014e,0000,0000,0000,0000,0,014e,0101,0000,0,015,0101,0101,1,42,01e4,0170
519,519,0,5d3813eec9a40000,ff,0,0,0101,73f2,0,0000,0101,0,0101,0000,1,1,0,0,0000,014e,0000,0000,0000,0000,0,014e,0101,0000,0,015,0101,0101,1,42,01e4,0170
520,520,0,5d3813eec9a40000,ff,0,0,0101,73f2,0,0000,0101,0,0101,0000,1,1,0,0,0000,014e,0000,0000,0000,0000,0,014e,0101,0000,0,015,0101,0101,1,42,01e4,0170
521,521,0,5d3813eec9a40000,ff,0,0,0101,73f2,0,0000,0101,0,0101,0000,1,1,0,0,0000,014e,0000,0000,0000,0000,0,014e,0101,0000,0,015,0101,0101,1,42,01e4,0170
522,522,0,5d3813eec9a40000,ff,0,0,0101,73f2,0,0000,0101,0,0101,0000,1,1,0,0,0000,014e,0000,0000,0000,0000,0,014e,0101,0000,0,015,0101,0101,1,42,01e4,0170
523,523,0,5d3813eec9a40000,ff,0,0,0101,73f2,0,0000,0101,0,0101,0000,1,1,0,0,0000,014e,0000,0000,0000,0000,0,014e,0101,0000,0,015,0101,0101,1,42,01e4,0170
524,524,0,5d3813eec9a40000,ff,0,0,0101,73f2,0,0000,0101,0,0101,0000,1,1,0,0,0000,014e,0000,0000,0000,0000,0,014e,0101,0000,0,015,0101,0101,1,42,01e4,0170
525,525,0,5d3813eec9a40000,ff,0,0,0101,73f2,0,0000,0101,0,0101,0000,1,1,0,0,0000,014e,0000,0000,0000,0000,0,014e,0101,0000,0,015,0101,0101,1,42,01e4,0170
526,526,0,5d3813eec9a40000,ff,0,0,0101,73f2,0,0000,0101,0,0101,0000,1,1,0,0,0000,014e,0000,0000,0000,0000,0,014e,0101,0000,0,015,0101,0101,1,42,01e4,0170
527,527,0,5d3813eec9a40000,ff,0,0,0101,73f2,0,0000,0101,0,0101,0000,1,1,0,0,0000,014e,0000,0000,0000,0000,0,014e,0101,0000,0,015,0101,0101,1,42,01e4,0170
528,528,0,5d3813eec9a40000,ff,0,0,0101,73f2,0,0000,0101,0,0101,0000,1,1,0,0,0000,014e,0000,0000,0000,0000,0,014e,0101,0000,0,015,0101,0101,1,42,01e4,0170
529,529,0,5d3813eec9a40000,ff,0,0,0101,73f2,0,0000,0101,0,0101,0000,1,1,0,0,0000,014e,0000,0000,0000,0000,0,014e,0101,0000,0,015,0101,0101,1,42,01e4,0170
530,530,0,5d3813eec9a40000,ff,0,0,0101,73f2,0,0000,0101,0,0101,0000,1,1,0,0,0000,014e,0000,0000,0000,0000,0,014e,0101,0000,0,015,0101,0101,1,42,01e4,0170
531,531,0,5d3813eec9a40000,ff,0,0,0101,73f2,0,0000,0101,0,0101,0000,1,1,0,0,0000,014e,0000,0000,0000,0000,0,014e,0101,0000,0,015,0101,0101,1,42,01e4,0170
532,532,0,5d3813eec9a40000,ff,0,0,0101,73f2,0,0000,0101,0,0101,0000,1,1,0,0,0000,014e,0000,0000,0000,0000,0,014e,0101,0000,0,015,0101,0101,1,42,01e4,0170
533,533,0,5d3813eec9a40000,ff,0,0,0101,73f2,0,0000,0101,0,0101,0000,1,1,0,0,0000,014e,0000,0000,0000,0000,0,014e,0101,0000,0,015,0101,0101,1,42,01e4,0170
534,534,0,5d3813eec9a40000,ff,0,0,0101,73f2,0,0000,0101,0,0101,0000,1,1,0,0,0000,014e,0000,0000,0000,0000,0,014e,0101,0000,0,015,0101,0101,1,42,01e4,0170
535,535,0,5d3813eec9a40000,ff,0,0,0101,73f2,0,0000,0101,0,0101,0000,1,1,0,0,0000,014e,0000,0000,0000,0000,0,014e,0101,0000,0,015,0101,0101,1,42,01e4,0170
536,536,0,5d3813eec9a40000,ff,0,0,0101,73f2,0,0000,0101,0,0101,0000,1,1,0,0,0000,014e,0000,0000,0000,0000,0,014e,0101,0000,0,015,0101,0101,1,42,01e4,0170
537,537,0,5d3813eec9a40000,ff,0,0,0101,73f2,0,0000,0101,0,0101,0000,1,1,0,0,0000,014e,0000,0000,0000,0000,0,014e,0101,0000,0,015,0101,0101,1,42,01e4,0170
538,538,0,5d3813eec9a40000,ff,0,0,0101,73f2,0,0000,0101,0,0101,0000,1,1,0,0,0000,014e,0000,0000,0000,0000,0,014e,0101,0000,0,015,0101,0101,1,42,01e4,0170
539,539,0,5d3813eec9a40000,ff,0,0,0101,73f2,0,0000,0101,0,0101,0000,1,1,0,0,0000,014e,0000,0000,0000,0000,0,014e,0101,0000,0,015,0101,0101,1,42,01e4,0170
540,540,0,5d3813eec9a40000,ff,0,0,0101,73f2,0,0000,0101,0,0101,0000,1,1,0,0,0000,014e,0000,0000,0000,0000,0,014e,0101,0000,0,015,0101,0101,1,42,01e4,0170
541,541,0,5d3813eec9a40000,ff,0,0,0101,73f2,0,0000,0101,0,0101,0000,1,1,0,0,0000,014e,0000,0000,0000,0000,0,014e,0101,0000,0,015,0101,0101,1,42,01e4,0170
542,542,0,5d3813eec9a40000,ff,0,0,0101,73f2,0,0000,0101,0,0101,0000,1,1,0,0,0000,014e,0000,0000,0000,0000,0,014e,0101,0000,0,015,0101,0101,1,42,01e4,0170
543,543,0,5d3813eec9a40000,ff,0,0,0101,73f2,0,0000,0101,0,0101,0000,1,1,0,0,0000,014e,0000,0000,0000,0000,0,014e,0101,0000,0,015,0101,0101,1,42,01e4,0170
544,544,0,5d3813eec9a40000,ff,0,0,0101,73f2,0,0000,0101,0,0101,0000,1,1,0,0,0000,014e,0000,0000,0000,0000,0,014e,0101,0000,0,015,0101,0101,1,42,01e4,0170
545,545,0,5d3813eec9a40000,ff,0,0,0101,73f2,0,0000,0101,0,0101,0000,1,1,0,0,0000,014e,0000,0000,0000,0000,0,014e,0101,0000,0,015,0101,0101,1,42,01e4,0170
546,546,0,5d3813eec9a40000,ff,0,0,0101,73f2,0,0000,0101,0,0101,0000,1,1,0,0,0000,014e,0000,0000,0000,0000,0,014e,0101,0000,0,015,0101,0101,1,42,01e4,0170
547,547,0,5d3813eec9a40000,ff,0,0,0101,73f2,0,0000,0101,0,0101,0000,1,1,0,0,0000,014e,0000,0000,0000,0000,0,014e,0101,0000,0,015,0101,0101,1,42,01e4,0170
548,548,0,5d3813eec9a40000,ff,0,0,0101,73f2,0,0000,0101,0,0101,0000,1,1,0,0,0000,014e,0000,0000,0000,0000,0,014e,0101,0000,0,015,0101,0101,1,42,01e4,0170
549,549,0,5d3813eec9a40000,ff,0,0,0101,73f2,0,0000,0101,0,0101,0000,1,1,0,0,0000,014e,0000,0000,0000,0000,0,014e,0101,0000,0,015,0101,0101,1,42,01e4,0170
550,550,0,5d3813eec9a40000,ff,0,0,0101,73f2,0,0000,0101,0,0101,0000,1,1,0,0,0000,014e,0000,0000,0000,0000,0,014e,0101,0000,0,015,0101,0101,1,42,01e4,0170
551,551,0,5d3813eec9a40000,ff,0,0,0101,73f2,0,0000,0101,0,0101,0000,1,1,0,0,0000,014e,0000,0000,0000,0000,0,014e,0101,0000,0,015,0101,0101,1,42,01e4,0170
552,552,0,5d3813eec9a40000,ff,0,0,0101,73f2,0,0000,0101,0,0101,0000,1,1,0,0,0000,014e,0000,0000,0000,0000,0,014e,0101,0000,0,015,0101,0101,1,42,01e4,0170
553,553,0,5d3813eec9a40000,ff,0,0,0101,73f2,0,0000,0101,0,0101,0000,1,1,0,0,0000,014e,0000,0000,0000,0000,0,014e,0101,0000,0,015,0101,0101,1,42,01e4,0170
554,554,0,5d3813eec9a40000,ff,0,0,0101,73f2,0,0000,0101,0,0101,0000,1,1,0,0,0000,014e,0000,0000,0000,0000,0,014e,0101,0000,0,015,0101,0101,1,42,01e4,0170
555,555,0,5d3813eec9a40000,ff,0,0,0101,73f2,0,0000,0101,0,0101,0000,1,1,0,0,0000,014e,0000,0000,0000,0000,0,014e,0101,0000,0,015,0101,0101,1,42,01e4,0170
556,556,0,5d3813eec9a40000,ff,0,0,0101,73f2,0,0000,0101,0,0101,0000,1,1,0,0,0000,014e,0000,0000,0000,0000,0,014e,0101,0000,0,015,0101,0101,1,42,01e4,0170
557,557,0,5d3813eec9a40000,ff,0,0,0101,73f2,0,0000,0101,0,0101,0000,1,1,0,0,0000,014e,0000,0000,0000,0000,0,014e,0101,0000,0,015,0101,0101,1,42,01e4,0170
558,558,0,5d3813eec9a40000,ff,0,0,0101,73f2,0,0000,0101,0,0101,0000,1,1,0,0,0000,014e,0000,0000,0000,0000,0,014e,0101,0000,0,015,0101,0101,1,42,01e4,0170
559,559,0,5d3813eec9a40000,ff,0,0,0101,73f2,0,0000,0101,0,0101,0000,1,1,0,0,0000,014e,0000,0000,0000,0000,0,014e,0101,0000,0,015,0101,0101,1,42,01e4,0170
560,560,0,5d3813eec9a40000,ff,0,0,0101,73f2,0,0000,0101,0,0101,0000,1,1,0,0,0000,014e,0000,0000,0000,0000,0,014e,0101,0000,0,015,0101,0101,1,42,01e4,0170
561,561,0,5d3813eec9a40000,ff,0,0,0101,73f2,0,0000,0101,0,0101,0000,1,1,0,0,0000,014e,0000,0000,0000,0000,0,014e,0101,0000,0,015,0101,0101,1,42,01e4,0170
562,562,0,5d3813eec9a40000,ff,0,0,0101,73f2,0,0000,0101,0,0101,0000,1,1,0,0,0000,014e,0000,0000,0000,0000,0,014e,0101,0000,0,015,0101,0101,1,42,01e4,0170
563,563,0,5d3813eec9a40000,ff,0,0,0101,73f2,0,0000,0101,0,0101,0000,1,1,0,0,0000,014e,0000,0000,0000,0000,0,014e,0101,0000,0,015,0101,0101,1,42,01e4,0170
564,564,0,5d3813eec9a40000,ff,0,0,0101,73f2,0,0000,0101,0,0101,0000,1,1,0,0,0000,014e,0000,0000,0000,0000,0,014e,0101,0000,0,015,0101,0101,1,42,01e4,0170
565,565,0,5d3813eec9a40000,ff,0,0,0101,73f2,0,0000,0101,0,0101,0000,1,1,0,0,0000,014e,0000,0000,0000,0000,0,014e,0101,0000,0,015,0101,0101,1,42,01e4,0170
566,566,0,5d3813eec9a40000,ff,0,0,0101,73f2,0,0000,0101,0,0101,0000,1,1,0,0,0000,014e,0000,0000,0000,0000,0,014e,0101,0000,0,015,0101,0101,1,42,01e4,0170
567,567,0,5d3813eec9a40000,ff,0,0,0101,73f2,0,0000,0101,0,0101,0000,1,1,0,0,0000,014e,0000,0000,0000,0000,0,014e,0101,0000,0,015,0101,0101,1,42,01e4,0170
568,568,0,5d3813eec9a40000,ff,0,0,0101,73f2,0,0000,0101,0,0101,0000,1,1,0,0,0000,014e,0000,0000,0000,0000,0,014e,0101,0000,0,015,0101,0101,1,42,01e4,0170
569,569,0,5d3813eec9a40000,ff,0,0,0101,73f2,0,0000,0101,0,0101,0000,1,1,0,0,0000,014e,0000,0000,0000,0000,0,014e,0101,0000,0,015,0101,0101,1,42,01e4,0170
570,570,0,5d3813eec9a40000,ff,0,0,0101,73f2,0,0000,0101,0,0101,0000,1,1,0,0,0000,014e,0000,0000,0000,0000,0,014e,0101,0000,0,015,0101,0101,1,42,01e4,0170
571,571,0,5d3813eec9a40000,ff,0,0,0101,73f2,0,0000,0101,0,0101,0000,1,1,0,0,0000,014e,0000,0000,0000,0000,0,014e,0101,0000,0,015,0101,0101,1,42,01e4,0170
572,572,0,5d3813eec9a40000,ff,0,0,0101,73f2,0,0000,0101,0,0101,0000,1,1,0,0,0000,014e,0000,0000,0000,0000,0,014e,0101,0000,0,015,0101,0101,1,42,01e4,0170
573,573,0,5d3813eec9a40000,ff,0,0,0101,73f2,0,0000,0101,0,0101,0000,1,1,0,0,0000,014e,0000,0000,0000,0000,0,014e,0101,0000,0,015,0101,0101,1,42,01e4,0170
574,574,0,5d3813eec9a40000,ff,0,0,0101,73f2,0,0000,0101,0,0101,0000,1,1,0,0,0000,014e,0000,0000,0000,0000,0,014e,0101,0000,0,015,0101,0101,1,42,01e4,0170
575,575,0,5d3813eec9a40000,ff,0,0,0101,73f2,0,0000,0101,0,0101,0000,1,1,0,0,0000,014e,0000,0000,0000,0000,0,014e,0101,0000,0,015,0101,0101,1,42,01e4,0170
576,576,0,5d3813eec9a40000,ff,0,0,0101,73f2,0,0000,0101,0,0101,0000,1,1,0,0,0000,014e,0000,0000,0000,0000,0,014e,0101,0000,0,015,0101,0101,1,42,01e4,0170
577,577,0,5d3813eec9a40000,ff,0,0,0101,73f2,0,0000,0101,0,0101,0000,1,1,0,0,0000,014e,0000,0000,0000,0000,0,014e,0101,0000,0,015,0101,0101,1,42,01e4,0170
578,578,0,5d3813eec9a40000,ff,0,0,0101,73f2,0,0000,0101,0,0101,0000,1,1,0,0,0000,014e,0000,0000,0000,0000,0,014e,0101,0000,0,015,0101,0101,1,42,01e4,0170
579,579,0,5d3813eec9a40000,ff,0,0,0101,73f2,0,0000,0101,0,0101,0000,1,1,0,0,0000,014e,0000,0000,0000,0000,0,014e,0101,0000,0,015,0101,0101,1,42,01e4,0170
580,580,0,5d3813eec9a40000,ff,0,0,0101,73f2,0,0000,0101,0,0101,0000,1,1,0,0,0000,014e,0000,0000,0000,0000,0,014e,0101,0000,0,015,0101,0101,1,42,01e4,0170
581,581,0,5d3813eec9a40000,ff,0,0,0101,73f2,0,0000,0101,0,0101,0000,1,1,0,0,0000,014e,0000,0000,0000,0000,0,014e,0101,0000,0,015,0101,0101,1,42,01e4,0170
582,582,0,5d3813eec9a40000,ff,0,0,0101,73f2,0,0000,0101,0,0101,0000,1,1,0,0,0000,014e,0000,0000,0000,0000,0,014e,0101,0000,0,015,0101,0101,1,42,01e4,0170
583,583,0,5d3813eec9a40000,ff,0,0,0101,73f2,0,0000,0101,0,0101,0000,1,1,0,0,0000,014e,0000,0000,0000,0000,0,014e,0101,0000,0,015,0101,0101,1,42,01e4,0170
584,584,0,5d3813eec9a40000,ff,0,0,0101,73f2,0,0000,0101,0,0101,0000,1,1,0,0,0000,014e,0000,0000,0000,0000,0,014e,0101,0000,0,015,0101,0101,1,42,01e4,0170
585,585,0,5d3813eec9a40000,ff,0,0,0101,73f2,0,0000,0101,0,0101,0000,1,1,0,0,0000,014e,0000,0000,0000,0000,0,014e,0101,0000,0,015,0101,0101,1,42,01e4,0170
586,586,0,5d3813eec9a40000,ff,0,0,0101,73f2,0,0000,0101,0,0101,0000,1,1,0,0,0000,014e,0000,0000,0000,0000,0,014e,0101,0000,0,015,0101,0101,1,42,01e4,0170
587,587,0,5d3813eec9a40000,ff,0,0,0101,73f2,0,0000,0101,0,0101,0000,1,1,0,0,0000,014e,0000,0000,0000,0000,0,014e,0101,0000,0,015,0101,0101,1,42,01e4,0170
588,588,0,5d3813eec9a40000,ff,0,0,0101,73f2,0,0000,0101,0,0101,0000,1,1,0,0,0000,014e,0000,0000,0000,0000,0,014e,0101,0000,0,015,0101,0101,1,42,01e4,0170
589,589,0,5d3813eec9a40000,ff,0,0,0101,73f2,0,0000,0101,0,0101,0000,1,1,0,0,0000,014e,0000,0000,0000,0000,0,014e,0101,0000,0,015,0101,0101,1,42,01e4,0170
590,590,0,5d3813eec9a40000,ff,0,0,0101,73f2,0,0000,0101,0,0101,0000,1,1,0,0,0000,014e,0000,0000,0000,0000,0,014e,0101,0000,0,015,0101,0101,1,42,01e4,0170
591,591,0,5d3813eec9a40000,ff,0,0,0101,73f2,0,0000,0101,0,0101,0000,1,1,0,0,0000,014e,0000,0000,0000,0000,0,014e,0101,0000,0,015,0101,0101,1,42,01e4,0170
592,592,0,5d3813eec9a40000,ff,0,0,0101,73f2,0,0000,0101,0,0101,0000,1,1,0,0,0000,014e,0000,0000,0000,0000,0,014e,0101,0000,0,015,0101,0101,1,42,01e4,0170
593,593,0,5d3813eec9a40000,ff,0,0,0101,73f2,0,0000,0101,0,0101,0000,1,1,0,0,0000,014e,0000,0000,0000,0000,0,014e,0101,0000,0,015,0101,0101,1,42,01e4,0170
594,594,0,5d3813eec9a40000,ff,0,0,0101,73f2,0,0000,0101,0,0101,0000,1,1,0,0,0000,014e,0000,0000,0000,0000,0,014e,0101,0000,0,015,0101,0101,1,42,01e4,0170
595,595,0,5d3813eec9a40000,ff,0,0,0101,73f2,0,0000,0101,0,0101,0000,1,1,0,0,0000,014e,0000,0000,0000,0000,0,014e,0101,0000,0,015,0101,0101,1,42,01e4,0170
596,596,0,5d3813eec9a40000,ff,0,0,0101,73f2,0,0000,0101,0,0101,0000,1,1,0,0,0000,014e,0000,0000,0000,0000,0,014e,0101,0000,0,015,0101,0101,1,42,01e4,0170
597,597,0,5d3813eec9a40000,ff,0,0,0101,73f2,0,0000,0101,0,0101,0000,1,1,0,0,0000,014e,0000,0000,0000,0000,0,014e,0101,0000,0,015,0101,0101,1,42,01e4,0170
598,598,0,5d3813eec9a40000,ff,0,0,0101,73f2,0,0000,0101,0,0101,0000,1,1,0,0,0000,014e,0000,0000,0000,0000,0,014e,0101,0000,0,015,0101,0101,1,42,01e4,0170
599,599,0,5d3813eec9a40000,ff,0,0,0101,73f2,0,0000,0101,0,0101,0000,1,1,0,0,0000,014e,0000,0000,0000,0000,0,014e,0101,0000,0,015,0101,0101,1,42,01e4,0170
600,600,0,5d3813eec9a40000,ff,0,0,0101,73f2,0,0000,0101,0,0101,0000,1,1,0,0,0000,014e,0000,0000,0000,0000,0,014e,0101,0000,0,015,0101,0101,1,42,01e4,0170
601,601,0,5d3813eec9a40000,ff,0,0,0101,73f2,0,0000,0101,0,0101,0000,1,1,0,0,0000,014e,0000,0000,0000,0000,0,014e,0101,0000,0,015,0101,0101,1,42,01e4,0170
602,602,0,5d3813eec9a40000,ff,0,0,0101,73f2,0,0000,0101,0,0101,0000,1,1,0,0,0000,014e,0000,0000,0000,0000,0,014e,0101,0000,0,015,0101,0101,1,42,01e4,0170
603,603,0,5d3813eec9a40000,ff,0,0,0101,73f2,0,0000,0101,0,0101,0000,1,1,0,0,0000,014e,0000,0000,0000,0000,0,014e,0101,0000,0,015,0101,0101,1,42,01e4,0170
604,604,0,5d3813eec9a40000,ff,0,0,0101,73f2,0,0000,0101,0,0101,0000,1,1,0,0,0000,014e,0000,0000,0000,0000,0,014e,0101,0000,0,015,0101,0101,1,42,01e4,0170
605,605,0,5d3813eec9a40000,ff,0,0,0101,73f2,0,0000,0101,0,0101,0000,1,1,0,0,0000,014e,0000,0000,0000,0000,0,014e,0101,0000,0,015,0101,0101,1,42,01e4,0170
606,606,0,5d3813eec9a40000,ff,0,0,0101,73f2,0,0000,0101,0,0101,0000,1,1,0,0,0000,014e,0000,0000,0000,0000,0,014e,0101,0000,0,015,0101,0101,1,42,01e4,0170
607,607,0,5d3813eec9a40000,ff,0,0,0101,73f2,0,0000,0101,0,0101,0000,1,1,0,0,0000,014e,0000,0000,0000,0000,0,014e,0101,0000,0,015,0101,0101,1,42,01e4,0170
608,608,0,5d3813eec9a40000,ff,0,0,0101,73f2,0,0000,0101,0,0101,0000,1,1,0,0,0000,014e,0000,0000,0000,0000,0,014e,0101,0000,0,015,0101,0101,1,42,01e4,0170
609,609,0,5d3813eec9a40000,ff,0,0,0101,73f2,0,0000,0101,0,0101,0000,1,1,0,0,0000,014e,0000,0000,0000,0000,0,014e,0101,0000,0,015,0101,0101,1,42,01e4,0170
610,610,0,5d3813eec9a40000,ff,0,0,0101,73f2,0,0000,0101,0,0101,0000,1,1,0,0,0000,014e,0000,0000,0000,0000,0,014e,0101,0000,0,015,0101,0101,1,42,01e4,0170
611,611,0,5d3813eec9a40000,ff,0,0,0101,73f2,0,0000,0101,0,0101,0000,1,1,0,0,0000,014e,0000,0000,0000,0000,0,014e,0101,0000,0,015,0101,0101,1,42,01e4,0170
612,612,0,5d3813eec9a40000,ff,0,0,0101,73f2,0,0000,0101,0,0101,0000,1,1,0,0,0000,014e,0000,0000,0000,0000,0,014e,0101,0000,0,015,0101,0101,1,42,01e4,0170
613,613,0,5d3813eec9a40000,ff,0,0,0101,73f2,0,0000,0101,0,0101,0000,1,1,0,0,0000,014e,0000,0000,0000,0000,0,014e,0101,0000,0,015,0101,0101,1,42,01e4,0170
614,614,0,5d3813eec9a40000,ff,0,0,0101,73f2,0,0000,0101,0,0101,0000,1,1,0,0,0000,014e,0000,0000,0000,0000,0,014e,0101,0000,0,015,0101,0101,1,42,01e4,0170
615,615,0,5d3813eec9a40000,ff,0,0,0101,73f2,0,0000,0101,0,0101,0000,1,1,0,0,0000,014e,0000,0000,0000,0000,0,014e,0101,0000,0,015,0101,0101,1,42,01e4,0170
616,616,0,5d3813eec9a40000,ff,0,0,0101,73f2,0,0000,0101,0,0101,0000,1,1,0,0,0000,014e,0000,0000,0000,0000,0,014e,0101,0000,0,015,0101,0101,1,42,01e4,0170
617,617,0,5d3813eec9a40000,ff,0,0,0101,73f2,0,0000,0101,0,0101,0000,1,1,0,0,0000,014e,0000,0000,0000,0000,0,014e,0101,0000,0,015,0101,0101,1,42,01e4,0170
618,618,0,5d3813eec9a40000,ff,0,0,0101,73f2,0,0000,0101,0,0101,0000,1,1,0,0,0000,014e,0000,0000,0000,0000,0,014e,0101,0000,0,015,0101,0101,1,42,01e4,0170
619,619,0,5d3813eec9a40000,ff,0,0,0101,73f2,0,0000,0101,0,0101,0000,1,1,0,0,0000,014e,0000,0000,0000,0000,0,014e,0101,0000,0,015,0101,0101,1,42,01e4,0170
620,620,0,5d3813eec9a40000,ff,0,0,0101,73f2,0,0000,0101,0,0101,0000,1,1,0,0,0000,014e,0000,0000,0000,0000,0,014e,0101,0000,0,015,0101,0101,1,42,01e4,0170
621,621,0,5d3813eec9a40000,ff,0,0,0101,73f2,0,0000,0101,0,0101,0000,1,1,0,0,0000,014e,0000,0000,0000,0000,0,014e,0101,0000,0,015,0101,0101,1,42,01e4,0170
622,622,0,5d3813eec9a40000,ff,0,0,0101,73f2,0,0000,0101,0,0101,0000,1,1,0,0,0000,014e,0000,0000,0000,0000,0,014e,0101,0000,0,015,0101,0101,1,42,01e4,0170
623,623,0,5d3813eec9a40000,ff,0,0,0101,73f2,0,0000,0101,0,0101,0000,1,1,0,0,0000,014e,0000,0000,0000,0000,0,014e,0101,0000,0,015,0101,0101,1,42,01e4,0170
624,624,0,5d3813eec9a40000,ff,0,0,0101,73f2,0,0000,0101,0,0101,0000,1,1,0,0,0000,014e,0000,0000,0000,0000,0,014e,0101,0000,0,015,0101,0101,1,42,01e4,0170
625,625,0,5d3813eec9a40000,ff,0,0,0101,73f2,0,0000,0101,0,0101,0000,1,1,0,0,0000,014e,0000,0000,0000,0000,0,014e,0101,0000,0,015,0101,0101,1,42,01e4,0170
626,626,0,5d3813eec9a40000,ff,0,0,0101,73f2,0,0000,0101,0,0101,0000,1,1,0,0,0000,014e,0000,0000,0000,0000,0,014e,0101,0000,0,015,0101,0101,1,42,01e4,0170
627,627,0,5d3813eec9a40000,ff,0,0,0101,73f2,0,0000,0101,0,0101,0000,1,1,0,0,0000,014e,0000,0000,0000,0000,0,014e,0101,0000,0,015,0101,0101,1,42,01e4,0170
628,628,0,5d3813eec9a40000,ff,0,0,0101,73f2,0,0000,0101,0,0101,0000,1,1,0,0,0000,014e,0000,0000,0000,0000,0,014e,0101,0000,0,015,0101,0101,1,42,01e4,0170
629,629,0,5d3813eec9a40000,ff,0,0,0101,73f2,0,0000,0101,0,0101,0000,1,1,0,0,0000,014e,0000,0000,0000,0000,0,014e,0101,0000,0,015,0101,0101,1,42,01e4,0170
630,630,0,5d3813eec9a40000,ff,0,0,0101,73f2,0,0000,0101,0,0101,0000,1,1,0,0,0000,014e,0000,0000,0000,0000,0,014e,0101,0000,0,015,0101,0101,1,42,01e4,0170
631,631,0,5d3813eec9a40000,ff,0,0,0101,73f2,0,0000,0101,0,0101,0000,1,1,0,0,0000,014e,0000,0000,0000,0000,0,014e,0101,0000,0,015,0101,0101,1,42,01e4,0170
632,632,0,5d3813eec9a40000,ff,0,0,0101,73f2,0,0000,0101,0,0101,0000,1,1,0,0,0000,014e,0000,0000,0000,0000,0,014e,0101,0000,0,015,0101,0101,1,42,01e4,0170
633,633,0,5d3813eec9a40000,ff,0,0,0101,73f2,0,0000,0101,0,0101,0000,1,1,0,0,0000,014e,0000,0000,0000,0000,0,014e,0101,0000,0,015,0101,0101,1,42,01e4,0170
634,634,0,5d3813eec9a40000,ff,0,0,0101,73f2,0,0000,0101,0,0101,0000,1,1,0,0,0000,014e,0000,0000,0000,0000,0,014e,0101,0000,0,015,0101,0101,1,42,01e4,0170
635,635,0,5d3813eec9a40000,ff,0,0,0101,73f2,0,0000,0101,0,0101,0000,1,1,0,0,0000,014e,0000,0000,0000,0000,0,014e,0101,0000,0,015,0101,0101,1,42,01e4,0170
636,636,0,5d3813eec9a40000,ff,0,0,0101,73f2,0,0000,0101,0,0101,0000,1,1,0,0,0000,014e,0000,0000,0000,0000,0,014e,0101,0000,0,015,0101,0101,1,42,01e4,0170
637,637,0,5d3813eec9a40000,ff,0,0,0101,73f2,0,0000,0101,0,0101,0000,1,1,0,0,0000,014e,0000,0000,0000,0000,0,014e,0101,0000,0,015,0101,0101,1,42,01e4,0170
638,638,0,5d3813eec9a40000,ff,0,0,0101,73f2,0,0000,0101,0,0101,0000,1,1,0,0,0000,014e,0000,0000,0000,0000,0,014e,0101,0000,0,015,0101,0101,1,42,01e4,0170
639,639,0,5d3813eec9a40000,ff,0,0,0101,73f2,0,0000,0101,0,0101,0000,1,1,0,0,0000,014e,0000,0000,0000,0000,0,014e,0101,0000,0,015,0101,0101,1,42,01e4,0170
640,640,0,5d3813eec9a40000,ff,0,0,0101,73f2,0,0000,0101,0,0101,0000,1,1,0,0,0000,014e,0000,0000,0000,0000,0,014e,0101,0000,0,015,0101,0101,1,42,01e4,0170
641,641,0,5d3813eec9a40000,ff,0,0,0101,73f2,0,0000,0101,0,0101,0000,1,1,0,0,0000,014e,0000,0000,0000,0000,0,014e,0101,0000,0,015,0101,0101,1,42,01e4,0170
642,642,0,5d3813eec9a40000,ff,0,0,0101,73f2,0,0000,0101,0,0101,0000,1,1,0,0,0000,014e,0000,0000,0000,0000,0,014e,0101,0000,0,015,0101,0101,1,42,01e4,0170
643,643,0,5d3813eec9a40000,ff,0,0,0101,73f2,0,0000,0101,0,0101,0000,1,1,0,0,0000,014e,0000,0000,0000,0000,0,014e,0101,0000,0,015,0101,0101,1,42,01e4,0170
644,644,0,5d3813eec9a40000,ff,0,0,0101,73f2,0,0000,0101,0,0101,0000,1,1,0,0,0000,014e,0000,0000,0000,0000,0,014e,0101,0000,0,015,0101,0101,1,42,01e4,0170
645,645,0,5d3813eec9a40000,ff,0,0,0101,73f2,0,0000,0101,0,0101,0000,1,1,0,0,0000,014e,0000,0000,0000,0000,0,014e,0101,0000,0,015,0101,0101,1,42,01e4,0170
646,646,0,5d3813eec9a40000,ff,0,0,0101,73f2,0,0000,0101,0,0101,0000,1,1,0,0,0000,014e,0000,0000,0000,0000,0,014e,0101,0000,0,015,0101,0101,1,42,01e4,0170
647,647,0,5d3813eec9a40000,ff,0,0,0101,73f2,0,0000,0101,0,0101,0000,1,1,0,0,0000,014e,0000,0000,0000,0000,0,014e,0101,0000,0,015,0101,0101,1,42,01e4,0170
648,648,0,5d3813eec9a40000,ff,0,0,0101,73f2,0,0000,0101,0,0101,0000,1,1,0,0,0000,014e,0000,0000,0000,0000,0,014e,0101,0000,0,015,0101,0101,1,42,01e4,0170
649,649,0,5d3813eec9a40000,ff,0,0,0101,73f2,0,0000,0101,0,0101,0000,1,1,0,0,0000,014e,0000,0000,0000,0000,0,014e,0101,0000,0,015,0101,0101,1,42,01e4,0170
650,650,0,5d3813eec9a40000,ff,0,0,0101,73f2,0,0000,0101,0,0101,0000,1,1,0,0,0000,014e,0000,0000,0000,0000,0,014e,0101,0000,0,015,0101,0101,1,42,01e4,0170
651,651,0,5d3813eec9a40000,ff,0,0,0101,73f2,0,0000,0101,0,0101,0000,1,1,0,0,0000,014e,0000,0000,0000,0000,0,014e,0101,0000,0,015,0101,0101,1,42,01e4,0170
652,652,0,5d3813eec9a40000,ff,0,0,0101,73f2,0,0000,0101,0,0101,0000,1,1,0,0,0000,014e,0000,0000,0000,0000,0,014e,0101,0000,0,015,0101,0101,1,42,01e4,0170
653,653,0,5d3813eec9a40000,ff,0,0,0101,73f2,0,0000,0101,0,0101,0000,1,1,0,0,0000,014e,0000,0000,0000,0000,0,014e,0101,0000,0,015,0101,0101,1,42,01e4,0170
654,654,0,5d3813eec9a40000,ff,0,0,0101,73f2,0,0000,0101,0,0101,0000,1,1,0,0,0000,014e,0000,0000,0000,0000,0,014e,0101,0000,0,015,0101,0101,1,42,01e4,0170
655,655,0,5d3813eec9a40000,ff,0,0,0101,73f2,0,0000,0101,0,0101,0000,1,1,0,0,0000,014e,0000,0000,0000,0000,0,014e,0101,0000,0,015,0101,0101,1,42,01e4,0170
656,656,0,5d3813eec9a40000,ff,0,0,0101,73f2,0,0000,0101,0,0101,0000,1,1,0,0,0000,014e,0000,0000,0000,0000,0,014e,0101,0000,0,015,0101,0101,1,42,01e4,0170
657,657,0,5d3813eec9a40000,ff,0,0,0101,73f2,0,0000,0101,0,0101,0000,1,1,0,0,0000,014e,0000,0000,0000,0000,0,014e,0101,0000,0,015,0101,0101,1,42,01e4,0170
658,658,0,5d3813eec9a40000,ff,0,0,0101,73f2,0,0000,0101,0,0101,0000,1,1,0,0,0000,014e,0000,0000,0000,0000,0,014e,0101,0000,0,015,0101,0101,1,42,01e4,0170
659,659,0,5d3813eec9a40000,ff,0,0,0101,73f2,0,0000,0101,0,0101,0000,1,1,0,0,0000,014e,0000,0000,0000,0000,0,014e,0101,0000,0,015,0101,0101,1,42,01e4,0170
660,660,0,5d3813eec9a40000,ff,0,0,0101,73f2,0,0000,0101,0,0101,0000,1,1,0,0,0000,014e,0000,0000,0000,0000,0,014e,0101,0000,0,015,0101,0101,1,42,01e4,0170
661,661,0,5d3813eec9a40000,ff,0,0,0101,73f2,0,0000,0101,0,0101,0000,1,1,0,0,0000,014e,0000,0000,0000,0000,0,014e,0101,0000,0,015,0101,0101,1,42,01e4,0170
662,662,0,5d3813eec9a40000,ff,0,0,0101,73f2,0,0000,0101,0,0101,0000,1,1,0,0,0000,014e,0000,0000,0000,0000,0,014e,0101,0000,0,015,0101,0101,1,42,01e4,0170
663,663,0,5d3813eec9a40000,ff,0,0,0101,73f2,0,0000,0101,0,0101,0000,1,1,0,0,0000,014e,0000,0000,0000,0000,0,014e,0101,0000,0,015,0101,0101,1,42,01e4,0170
664,664,0,5d3813eec9a40000,ff,0,0,0101,73f2,0,0000,0101,0,0101,0000,1,1,0,0,0000,014e,0000,0000,0000,0000,0,014e,0101,0000,0,015,0101,0101,1,42,01e4,0170
665,665,0,5d3813eec9a40000,ff,0,0,0101,73f2,0,0000,0101,0,0101,0000,1,1,0,0,0000,014e,0000,0000,0000,0000,0,014e,0101,0000,0,015,0101,0101,1,42,01e4,0170
666,666,0,5d3813eec9a40000,ff,0,0,0101,73f2,0,0000,0101,0,0101,0000,1,1,0,0,0000,014e,0000,0000,0000,0000,0,014e,0101,0000,0,015,0101,0101,1,42,01e4,0170
667,667,0,5d3813eec9a40000,ff,0,0,0101,73f2,0,0000,0101,0,0101,0000,1,1,0,0,0000,014e,0000,0000,0000,0000,0,014e,0101,0000,0,015,0101,0101,1,42,01e4,0170
668,668,0,5d3813eec9a40000,ff,0,0,0101,73f2,0,0000,0101,0,0101,0000,1,1,0,0,0000,014e,0000,0000,0000,0000,0,014e,0101,0000,0,015,0101,0101,1,42,01e4,0170
669,669,0,5d3813eec9a40000,ff,0,0,0101,73f2,0,0000,0101,0,0101,0000,1,1,0,0,0000,014e,0000,0000,0000,0000,0,014e,0101,0000,0,015,0101,0101,1,42,01e4,0170
670,670,0,5d3813eec9a40000,ff,0,0,0101,73f2,0,0000,0101,0,0101,0000,1,1,0,0,0000,014e,0000,0000,0000,0000,0,014e,0101,0000,0,015,0101,0101,1,42,01e4,0170
671,671,0,5d3813eec9a40000,ff,0,0,0101,73f2,0,0000,0101,0,0101,0000,1,1,0,0,0000,014e,0000,0000,0000,0000,0,014e,0101,0000,0,015,0101,0101,1,42,01e4,0170
672,672,0,5d3813eec9a40000,ff,0,0,0101,73f2,0,0000,0101,0,0101,0000,1,1,0,0,0000,014e,0000,0000,0000,0000,0,014e,0101,0000,0,015,0101,0101,1,42,01e4,0170
673,673,0,5d3813eec9a40000,ff,0,0,0101,73f2,0,0000,0101,0,0101,0000,1,1,0,0,0000,014e,0000,0000,0000,0000,0,014e,0101,0000,0,015,0101,0101,1,42,01e4,0170
674,674,0,5d3813eec9a40000,ff,0,0,0101,73f2,0,0000,0101,0,0101,0000,1,1,0,0,0000,014e,0000,0000,0000,0000,0,014e,0101,0000,0,015,0101,0101,1,42,01e4,0170
675,675,0,5d3813eec9a40000,ff,0,0,0101,73f2,0,0000,0101,0,0101,0000,1,1,0,0,0000,014e,0000,0000,0000,0000,0,014e,0101,0000,0,015,0101,0101,1,42,01e4,0170
676,676,0,5d3813eec9a40000,ff,0,0,0101,73f2,0,0000,0101,0,0101,0000,1,1,0,0,0000,014e,0000,0000,0000,0000,0,014e,0101,0000,0,015,0101,0101,1,42,01e4,0170
677,677,0,5d3813eec9a40000,ff,0,0,0101,73f2,0,0000,0101,0,0101,0000,1,1,0,0,0000,014e,0000,0000,0000,0000,0,014e,0101,0000,0,015,0101,0101,1,42,01e4,0170
678,678,0,5d3813eec9a40000,ff,0,0,0101,73f2,0,0000,0101,0,0101,0000,1,1,0,0,0000,014e,0000,0000,0000,0000,0,014e,0101,0000,0,015,0101,0101,1,42,01e4,0170
679,679,0,5d3813eec9a40000,ff,0,0,0101,73f2,0,0000,0101,0,0101,0000,1,1,0,0,0000,014e,0000,0000,0000,0000,0,014e,0101,0000,0,015,0101,0101,1,42,01e4,0170
680,680,0,5d3813eec9a40000,ff,0,0,0101,73f2,0,0000,0101,0,0101,0000,1,1,0,0,0000,014e,0000,0000,0000,0000,0,014e,0101,0000,0,015,0101,0101,1,42,01e4,0170
681,681,0,5d3813eec9a40000,ff,0,0,0101,73f2,0,0000,0101,0,0101,0000,1,1,0,0,0000,014e,0000,0000,0000,0000,0,014e,0101,0000,0,015,0101,0101,1,42,01e4,0170
682,682,0,5d3813eec9a40000,ff,0,0,0101,73f2,0,0000,0101,0,0101,0000,1,1,0,0,0000,014e,0000,0000,0000,0000,0,014e,0101,0000,0,015,0101,0101,1,42,01e4,0170
683,683,0,5d3813eec9a40000,ff,0,0,0101,73f2,0,0000,0101,0,0101,0000,1,1,0,0,0000,014e,0000,0000,0000,0000,0,014e,0101,0000,0,015,0101,0101,1,42,01e4,0170
684,684,0,5d3813eec9a40000,ff,0,0,0101,73f2,0,0000,0101,0,0101,0000,1,1,0,0,0000,014e,0000,0000,0000,0000,0,014e,0101,0000,0,015,0101,0101,1,42,01e4,0170
685,685,0,5d3813eec9a40000,ff,0,0,0101,73f2,0,0000,0101,0,0101,0000,1,1,0,0,0000,014e,0000,0000,0000,0000,0,014e,0101,0000,0,015,0101,0101,1,42,01e4,0170
686,686,0,5d3813eec9a40000,ff,0,0,0101,73f2,0,0000,0101,0,0101,0000,1,1,0,0,0000,014e,0000,0000,0000,0000,0,014e,0101,0000,0,015,0101,0101,1,42,01e4,0170
687,687,0,5d3813eec9a40000,ff,0,0,0101,73f2,0,0000,0101,0,0101,0000,1,1,0,0,0000,014e,0000,0000,0000,0000,0,014e,0101,0000,0,015,0101,0101,1,42,01e4,0170
688,688,0,5d3813eec9a40000,ff,0,0,0101,73f2,0,0000,0101,0,0101,0000,1,1,0,0,0000,014e,0000,0000,0000,0000,0,014e,0101,0000,0,015,0101,0101,1,42,01e4,0170
689,689,0,5d3813eec9a40000,ff,0,0,0101,73f2,0,0000,0101,0,0101,0000,1,1,0,0,0000,014e,0000,0000,0000,0000,0,014e,0101,0000,0,015,0101,0101,1,42,01e4,0170
690,690,0,5d3813eec9a40000,ff,0,0,0101,73f2,0,0000,0101,0,0101,0000,1,1,0,0,0000,014e,0000,0000,0000,0000,0,014e,0101,0000,0,015,0101,0101,1,42,01e4,0170
691,691,0,5d3813eec9a40000,ff,0,0,0101,73f2,0,0000,0101,0,0101,0000,1,1,0,0,0000,014e,0000,0000,0000,0000,0,014e,0101,0000,0,015,0101,0101,1,42,01e4,0170
692,692,0,5d3813eec9a40000,ff,0,0,0101,73f2,0,0000,0101,0,0101,0000,1,1,0,0,0000,014e,0000,0000,0000,0000,0,014e,0101,0000,0,015,0101,0101,1,42,01e4,0170
693,693,0,5d3813eec9a40000,ff,0,0,0101,73f2,0,0000,0101,0,0101,0000,1,1,0,0,0000,014e,0000,0000,0000,0000,0,014e,0101,0000,0,015,0101,0101,1,42,01e4,0170
694,694,0,5d3813eec9a40000,ff,0,0,0101,73f2,0,0000,0101,0,0101,0000,1,1,0,0,0000,014e,0000,0000,0000,0000,0,014e,0101,0000,0,015,0101,0101,1,42,01e4,0170
695,695,0,5d3813eec9a40000,ff,0,0,0101,73f2,0,0000,0101,0,0101,0000,1,1,0,0,0000,014e,0000,0000,0000,0000,0,014e,0101,0000,0,015,0101,0101,1,42,01e4,0170
696,696,0,5d3813eec9a40000,ff,0,0,0101,73f2,0,0000,0101,0,0101,0000,1,1,0,0,0000,014e,0000,0000,0000,0000,0,014e,0101,0000,0,015,0101,0101,1,42,01e4,0170
697,697,0,5d3813eec9a40000,ff,0,0,0101,73f2,0,0000,0101,0,0101,0000,1,1,0,0,0000,014e,0000,0000,0000,0000,0,014e,0101,0000,0,015,0101,0101,1,42,01e4,0170
698,698,0,5d3813eec9a40000,ff,0,0,0101,73f2,0,0000,0101,0,0101,0000,1,1,0,0,0000,014e,0000,0000,0000,0000,0,014e,0101,0000,0,015,0101,0101,1,42,01e4,0170
699,699,0,5d3813eec9a40000,ff,0,0,0101,73f2,0,0000,0101,0,0101,0000,1,1,0,0,0000,014e,0000,0000,0000,0000,0,014e,0101,0000,0,015,0101,0101,1,42,01e4,0170
700,700,0,5d3813eec9a40000,ff,0,0,0101,73f2,0,0000,0101,0,0101,0000,1,1,0,0,0000,014e,0000,0000,0000,0000,0,014e,0101,0000,0,015,0101,0101,1,42,01e4,0170
701,701,0,5d3813eec9a40000,ff,0,0,0101,73f2,0,0000,0101,0,0101,0000,1,1,0,0,0000,014e,0000,0000,0000,0000,0,014e,0101,0000,0,015,0101,0101,1,42,01e4,0170
702,702,0,5d3813eec9a40000,ff,0,0,0101,73f2,0,0000,0101,0,0101,0000,1,1,0,0,0000,014e,0000,0000,0000,0000,0,014e,0101,0000,0,015,0101,0101,1,42,01e4,0170
703,703,0,5d3813eec9a40000,ff,0,0,0101,73f2,0,0000,0101,0,0101,0000,1,1,0,0,0000,014e,0000,0000,0000,0000,0,014e,0101,0000,0,015,0101,0101,1,42,01e4,0170
704,704,0,5d3813eec9a40000,ff,0,0,0101,73f2,0,0000,0101,0,0101,0000,1,1,0,0,0000,014e,0000,0000,0000,0000,0,014e,0101,0000,0,015,0101,0101,1,42,01e4,0170
705,705,0,5d3813eec9a40000,ff,0,0,0101,73f2,0,0000,0101,0,0101,0000,1,1,0,0,0000,014e,0000,0000,0000,0000,0,014e,0101,0000,0,015,0101,0101,1,42,01e4,0170
706,706,0,5d3813eec9a40000,ff,0,0,0101,73f2,0,0000,0101,0,0101,0000,1,1,0,0,0000,014e,0000,0000,0000,0000,0,014e,0101,0000,0,015,0101,0101,1,42,01e4,0170
707,707,0,5d3813eec9a40000,ff,0,0,0101,73f2,0,0000,0101,0,0101,0000,1,1,0,0,0000,014e,0000,0000,0000,0000,0,014e,0101,0000,0,015,0101,0101,1,42,01e4,0170
708,708,0,5d3813eec9a40000,ff,0,0,0101,73f2,0,0000,0101,0,0101,0000,1,1,0,0,0000,014e,0000,0000,0000,0000,0,014e,0101,0000,0,015,0101,0101,1,42,01e4,0170
709,709,0,5d3813eec9a40000,ff,0,0,0101,73f2,0,0000,0101,0,0101,0000,1,1,0,0,0000,014e,0000,0000,0000,0000,0,014e,0101,0000,0,015,0101,0101,1,42,01e4,0170
710,710,0,5d3813eec9a40000,ff,0,0,0101,73f2,0,0000,0101,0,0101,0000,1,1,0,0,0000,014e,0000,0000,0000,0000,0,014e,0101,0000,0,015,0101,0101,1,42,01e4,0170
711,711,0,5d3813eec9a40000,ff,0,0,0101,73f2,0,0000,0101,0,0101,0000,1,1,0,0,0000,014e,0000,0000,0000,0000,0,014e,0101,0000,0,015,0101,0101,1,42,01e4,0170
712,712,0,5d3813eec9a40000,ff,0,0,0101,73f2,0,0000,0101,0,0101,0000,1,1,0,0,0000,014e,0000,0000,0000,0000,0,014e,0101,0000,0,015,0101,0101,1,42,01e4,0170
713,713,0,5d3813eec9a40000,ff,0,0,0101,73f2,0,0000,0101,0,0101,0000,1,1,0,0,0000,014e,0000,0000,0000,0000,0,014e,0101,0000,0,015,0101,0101,1,42,01e4,0170
714,714,0,5d3813eec9a40000,ff,0,0,0101,73f2,0,0000,0101,0,0101,0000,1,1,0,0,0000,014e,0000,0000,0000,0000,0,014e,0101,0000,0,015,0101,0101,1,42,01e4,0170
715,715,0,5d3813eec9a40000,ff,0,0,0101,73f2,0,0000,0101,0,0101,0000,1,1,0,0,0000,014e,0000,0000,0000,0000,0,014e,0101,0000,0,015,0101,0101,1,42,01e4,0170
716,716,0,5d3813eec9a40000,ff,0,0,0101,73f2,0,0000,0101,0,0101,0000,1,1,0,0,0000,014e,0000,0000,0000,0000,0,014e,0101,0000,0,015,0101,0101,1,42,01e4,0170
717,717,0,5d3813eec9a40000,ff,0,0,0101,73f2,0,0000,0101,0,0101,0000,1,1,0,0,0000,014e,0000,0000,0000,0000,0,014e,0101,0000,0,015,0101,0101,1,42,01e4,0170
718,718,0,5d3813eec9a40000,ff,0,0,0101,73f2,0,0000,0101,0,0101,0000,1,1,0,0,0000,014e,0000,0000,0000,0000,0,014e,0101,0000,0,015,0101,0101,1,42,01e4,0170
719,719,0,5d3813eec9a40000,ff,0,0,0101,73f2,0,0000,0101,0,0101,0000,1,1,0,0,0000,014e,0000,0000,0000,0000,0,014e,0101,0000,0,015,0101,0101,1,42,01e4,0170
720,720,0,5d3813eec9a40000,ff,0,0,0101,73f2,0,0000,0101,0,0101,0000,1,1,0,0,0000,014e,0000,0000,0000,0000,0,014e,0101,0000,0,015,0101,0101,1,42,01e4,0170
721,721,0,5d3813eec9a40000,ff,0,0,0101,73f2,0,0000,0101,0,0101,0000,1,1,0,0,0000,014e,0000,0000,0000,0000,0,014e,0101,0000,0,015,0101,0101,1,42,01e4,0170
722,722,0,5d3813eec9a40000,ff,0,0,0101,73f2,0,0000,0101,0,0101,0000,1,1,0,0,0000,014e,0000,0000,0000,0000,0,014e,0101,0000,0,015,0101,0101,1,42,01e4,0170
723,723,0,5d3813eec9a40000,ff,0,0,0101,73f2,0,0000,0101,0,0101,0000,1,1,0,0,0000,014e,0000,0000,0000,0000,0,014e,0101,0000,0,015,0101,0101,1,42,01e4,0170
724,724,0,5d3813eec9a40000,ff,0,0,0101,73f2,0,0000,0101,0,0101,0000,1,1,0,0,0000,014e,0000,0000,0000,0000,0,014e,0101,0000,0,015,0101,0101,1,42,01e4,0170
725,725,0,5d3813eec9a40000,ff,0,0,0101,73f2,0,0000,0101,0,0101,0000,1,1,0,0,0000,014e,0000,0000,0000,0000,0,014e,0101,0000,0,015,0101,0101,1,42,01e4,0170
726,726,0,5d3813eec9a40000,ff,0,0,0101,73f2,0,0000,0101,0,0101,0000,1,1,0,0,0000,014e,0000,0000,0000,0000,0,014e,0101,0000,0,015,0101,0101,1,42,01e4,0170
727,727,0,5d3813eec9a40000,ff,0,0,0101,73f2,0,0000,0101,0,0101,0000,1,1,0,0,0000,014e,0000,0000,0000,0000,0,014e,0101,0000,0,015,0101,0101,1,42,01e4,0170
728,728,0,5d3813eec9a40000,ff,0,0,0101,73f2,0,0000,0101,0,0101,0000,1,1,0,0,0000,014e,0000,0000,0000,0000,0,014e,0101,0000,0,015,0101,0101,1,42,01e4,0170
729,729,0,5d3813eec9a40000,ff,0,0,0101,73f2,0,0000,0101,0,0101,0000,1,1,0,0,0000,014e,0000,0000,0000,0000,0,014e,0101,0000,0,015,0101,0101,1,42,01e4,0170
730,730,0,5d3813eec9a40000,ff,0,0,0101,73f2,0,0000,0101,0,0101,0000,1,1,0,0,0000,014e,0000,0000,0000,0000,0,014e,0101,0000,0,015,0101,0101,1,42,01e4,0170
731,731,0,5d3813eec9a40000,ff,0,0,0101,73f2,0,0000,0101,0,0101,0000,1,1,0,0,0000,014e,0000,0000,0000,0000,0,014e,0101,0000,0,015,0101,0101,1,42,01e4,0170
732,732,0,5d3813eec9a40000,ff,0,0,0101,73f2,0,0000,0101,0,0101,0000,1,1,0,0,0000,014e,0000,0000,0000,0000,0,014e,0101,0000,0,015,0101,0101,1,42,01e4,0170
733,733,0,5d3813eec9a40000,ff,0,0,0101,73f2,0,0000,0101,0,0101,0000,1,1,0,0,0000,014e,0000,0000,0000,0000,0,014e,0101,0000,0,015,0101,0101,1,42,01e4,0170
734,734,0,5d3813eec9a40000,ff,0,0,0101,73f2,0,0000,0101,0,0101,0000,1,1,0,0,0000,014e,0000,0000,0000,0000,0,014e,0101,0000,0,015,0101,0101,1,42,01e4,0170
735,735,0,5d3813eec9a40000,ff,0,0,0101,73f2,0,0000,0101,0,0101,0000,1,1,0,0,0000,014e,0000,0000,0000,0000,0,014e,0101,0000,0,015,0101,0101,1,42,01e4,0170
736,736,0,5d3813eec9a40000,ff,0,0,0101,73f2,0,0000,0101,0,0101,0000,1,1,0,0,0000,014e,0000,0000,0000,0000,0,014e,0101,0000,0,015,0101,0101,1,42,01e4,0170
737,737,0,5d3813eec9a40000,ff,0,0,0101,73f2,0,0000,0101,0,0101,0000,1,1,0,0,0000,014e,0000,0000,0000,0000,0,014e,0101,0000,0,015,0101,0101,1,42,01e4,0170
738,738,0,5d3813eec9a40000,ff,0,0,0101,73f2,0,0000,0101,0,0101,0000,1,1,0,0,0000,014e,0000,0000,0000,0000,0,014e,0101,0000,0,015,0101,0101,1,42,01e4,0170
739,739,0,5d3813eec9a40000,ff,0,0,0101,73f2,0,0000,0101,0,0101,0000,1,1,0,0,0000,014e,0000,0000,0000,0000,0,014e,0101,0000,0,015,0101,0101,1,42,01e4,0170
740,740,0,5d3813eec9a40000,ff,0,0,0101,73f2,0,0000,0101,0,0101,0000,1,1,0,0,0000,014e,0000,0000,0000,0000,0,014e,0101,0000,0,015,0101,0101,1,42,01e4,0170
741,741,0,5d3813eec9a40000,ff,0,0,0101,73f2,0,0000,0101,0,0101,0000,1,1,0,0,0000,014e,0000,0000,0000,0000,0,014e,0101,0000,0,015,0101,0101,1,42,01e4,0170
742,742,0,5d3813eec9a40000,ff,0,0,0101,73f2,0,0000,0101,0,0101,0000,1,1,0,0,0000,014e,0000,0000,0000,0000,0,014e,0101,0000,0,015,0101,0101,1,42,01e4,0170
743,743,0,5d3813eec9a40000,ff,0,0,0101,73f2,0,0000,0101,0,0101,0000,1,1,0,0,0000,014e,0000,0000,0000,0000,0,014e,0101,0000,0,015,0101,0101,1,42,01e4,0170
744,744,0,5d3813eec9a40000,ff,0,0,0101,73f2,0,0000,0101,0,0101,0000,1,1,0,0,0000,014e,0000,0000,0000,0000,0,014e,0101,0000,0,015,0101,0101,1,42,01e4,0170
745,745,0,5d3813eec9a40000,ff,0,0,0101,73f2,0,0000,0101,0,0101,0000,1,1,0,0,0000,014e,0000,0000,0000,0000,0,014e,0101,0000,0,015,0101,0101,1,42,01e4,0170
746,746,0,5d3813eec9a40000,ff,0,0,0101,73f2,0,0000,0101,0,0101,0000,1,1,0,0,0000,014e,0000,0000,0000,0000,0,014e,0101,0000,0,015,0101,0101,1,42,01e4,0170
747,747,0,5d3813eec9a40000,ff,0,0,0101,73f2,0,0000,0101,0,0101,0000,1,1,0,0,0000,014e,0000,0000,0000,0000,0,014e,0101,0000,0,015,0101,0101,1,42,01e4,0170
748,748,0,5d3813eec9a40000,ff,0,0,0101,73f2,0,0000,0101,0,0101,0000,1,1,0,0,0000,014e,0000,0000,0000,0000,0,014e,0101,0000,0,015,0101,0101,1,42,01e4,0170
749,749,0,5d3813eec9a40000,ff,0,0,0101,73f2,0,0000,0101,0,0101,0000,1,1,0,0,0000,014e,0000,0000,0000,0000,0,014e,0101,0000,0,015,0101,0101,1,42,01e4,0170
750,750,0,5d3813eec9a40000,ff,0,0,0101,73f2,0,0000,0101,0,0101,0000,1,1,0,0,0000,014e,0000,0000,0000,0000,0,014e,0101,0000,0,015,0101,0101,1,42,01e4,0170
751,751,0,5d3813eec9a40000,ff,0,0,0101,73f2,0,0000,0101,0,0101,0000,1,1,0,0,0000,014e,0000,0000,0000,0000,0,014e,0101,0000,0,015,0101,0101,1,42,01e4,0170
752,752,0,5d3813eec9a40000,ff,0,0,0101,73f2,0,0000,0101,0,0101,0000,1,1,0,0,0000,014e,0000,0000,0000,0000,0,014e,0101,0000,0,015,0101,0101,1,42,01e4,0170
753,753,0,5d3813eec9a40000,ff,0,0,0101,73f2,0,0000,0101,0,0101,0000,1,1,0,0,0000,014e,0000,0000,0000,0000,0,014e,0101,0000,0,015,0101,0101,1,42,01e4,0170
754,754,0,5d3813eec9a40000,ff,0,0,0101,73f2,0,0000,0101,0,0101,0000,1,1,0,0,0000,014e,0000,0000,0000,0000,0,014e,0101,0000,0,015,0101,0101,1,42,01e4,0170
755,755,0,5d3813eec9a40000,ff,0,0,0101,73f2,0,0000,0101,0,0101,0000,1,1,0,0,0000,014e,0000,0000,0000,0000,0,014e,0101,0000,0,015,0101,0101,1,42,01e4,0170
756,756,0,5d3813eec9a40000,ff,0,0,0101,73f2,0,0000,0101,0,0101,0000,1,1,0,0,0000,014e,0000,0000,0000,0000,0,014e,0101,0000,0,015,0101,0101,1,42,01e4,0170
757,757,0,5d3813eec9a40000,ff,0,0,0101,73f2,0,0000,0101,0,0101,0000,1,1,0,0,0000,014e,0000,0000,0000,0000,0,014e,0101,0000,0,015,0101,0101,1,42,01e4,0170
758,758,0,5d3813eec9a40000,ff,0,0,0101,73f2,0,0000,0101,0,0101,0000,1,1,0,0,0000,014e,0000,0000,0000,0000,0,014e,0101,0000,0,015,0101,0101,1,42,01e4,0170
759,759,0,5d3813eec9a40000,ff,0,0,0101,73f2,0,0000,0101,0,0101,0000,1,1,0,0,0000,014e,0000,0000,0000,0000,0,014e,0101,0000,0,015,0101,0101,1,42,01e4,0170
760,760,0,5d3813eec9a40000,ff,0,0,0101,73f2,0,0000,0101,0,0101,0000,1,1,0,0,0000,014e,0000,0000,0000,0000,0,014e,0101,0000,0,015,0101,0101,1,42,01e4,0170
761,761,0,5d3813eec9a40000,ff,0,0,0101,73f2,0,0000,0101,0,0101,0000,1,1,0,0,0000,014e,0000,0000,0000,0000,0,014e,0101,0000,0,015,0101,0101,1,42,01e4,0170
762,762,0,5d3813eec9a40000,ff,0,0,0101,73f2,0,0000,0101,0,0101,0000,1,1,0,0,0000,014e,0000,0000,0000,0000,0,014e,0101,0000,0,015,0101,0101,1,42,01e4,0170
763,763,0,5d3813eec9a40000,ff,0,0,0101,73f2,0,0000,0101,0,0101,0000,1,1,0,0,0000,014e,0000,0000,0000,0000,0,014e,0101,0000,0,015,0101,0101,1,42,01e4,0170
764,764,0,5d3813eec9a40000,ff,0,0,0101,73f2,0,0000,0101,0,0101,0000,1,1,0,0,0000,014e,0000,0000,0000,0000,0,014e,0101,0000,0,015,0101,0101,1,42,01e4,0170
765,765,0,5d3813eec9a40000,ff,0,0,0101,73f2,0,0000,0101,0,0101,0000,1,1,0,0,0000,014e,0000,0000,0000,0000,0,014e,0101,0000,0,015,0101,0101,1,42,01e4,0170
766,766,0,5d3813eec9a40000,ff,0,0,0101,73f2,0,0000,0101,0,0101,0000,1,1,0,0,0000,014e,0000,0000,0000,0000,0,014e,0101,0000,0,015,0101,0101,1,42,01e4,0170
767,767,0,5d3813eec9a40000,ff,0,0,0101,73f2,0,0000,0101,0,0101,0000,1,1,0,0,0000,014e,0000,0000,0000,0000,0,014e,0101,0000,0,015,0101,0101,1,42,01e4,0170
768,768,0,5d3813eec9a40000,ff,0,0,0101,73f2,0,0000,0101,0,0101,0000,1,1,0,0,0000,014e,0000,0000,0000,0000,0,014e,0101,0000,0,015,0101,0101,1,42,01e4,0170
769,769,0,5d3813eec9a40000,ff,0,0,0101,73f2,0,0000,0101,0,0101,0000,1,1,0,0,0000,014e,0000,0000,0000,0000,0,014e,0101,0000,0,015,0101,0101,1,42,01e4,0170
770,770,0,5d3813eec9a40000,ff,0,0,0101,73f2,0,0000,0101,0,0101,0000,1,1,0,0,0000,014e,0000,0000,0000,0000,0,014e,0101,0000,0,015,0101,0101,1,42,01e4,0170
771,771,0,5d3813eec9a40000,ff,0,0,0101,73f2,0,0000,0101,0,0101,0000,1,1,0,0,0000,014e,0000,0000,0000,0000,0,014e,0101,0000,0,015,0101,0101,1,42,01e4,0170
772,772,0,5d3813eec9a40000,ff,0,0,0101,73f2,0,0000,0101,0,0101,0000,1,1,0,0,0000,014e,0000,0000,0000,0000,0,014e,0101,0000,0,015,0101,0101,1,42,01e4,0170
773,773,0,5d3813eec9a40000,ff,0,0,0101,73f2,0,0000,0101,0,0101,0000,1,1,0,0,0000,014e,0000,0000,0000,0000,0,014e,0101,0000,0,015,0101,0101,1,42,01e4,0170
774,774,0,5d3813eec9a40000,ff,0,0,0101,73f2,0,0000,0101,0,0101,0000,1,1,0,0,0000,014e,0000,0000,0000,0000,0,014e,0101,0000,0,015,0101,0101,1,42,01e4,0170
775,775,0,5d3813eec9a40000,ff,0,0,0101,73f2,0,0000,0101,0,0101,0000,1,1,0,0,0000,014e,0000,0000,0000,0000,0,014e,0101,0000,0,015,0101,0101,1,42,01e4,0170
776,776,0,5d3813eec9a40000,ff,0,0,0101,73f2,0,0000,0101,0,0101,0000,1,1,0,0,0000,014e,0000,0000,0000,0000,0,014e,0101,0000,0,015,0101,0101,1,42,01e4,0170
777,777,0,5d3813eec9a40000,ff,0,0,0101,73f2,0,0000,0101,0,0101,0000,1,1,0,0,0000,014e,0000,0000,0000,0000,0,014e,0101,0000,0,015,0101,0101,1,42,01e4,0170
778,778,0,5d3813eec9a40000,ff,0,0,0101,73f2,0,0000,0101,0,0101,0000,1,1,0,0,0000,014e,0000,0000,0000,0000,0,014e,0101,0000,0,015,0101,0101,1,42,01e4,0170
779,779,0,5d3813eec9a40000,ff,0,0,0101,73f2,0,0000,0101,0,0101,0000,1,1,0,0,0000,014e,0000,0000,0000,0000,0,014e,0101,0000,0,015,0101,0101,1,42,01e4,0170
780,780,0,5d3813eec9a40000,ff,0,0,0101,73f2,0,0000,0101,0,0101,0000,1,1,0,0,0000,014e,0000,0000,0000,0000,0,014e,0101,0000,0,015,0101,0101,1,42,01e4,0170
781,781,0,5d3813eec9a40000,ff,0,0,0101,73f2,0,0000,0101,0,0101,0000,1,1,0,0,0000,014e,0000,0000,0000,0000,0,014e,0101,0000,0,015,0101,0101,1,42,01e4,0170
782,782,0,5d3813eec9a40000,ff,0,0,0101,73f2,0,0000,0101,0,0101,0000,1,1,0,0,0000,014e,0000,0000,0000,0000,0,014e,0101,0000,0,015,0101,0101,1,42,01e4,0170
783,783,0,5d3813eec9a40000,ff,0,0,0101,73f2,0,0000,0101,0,0101,0000,1,1,0,0,0000,014e,0000,0000,0000,0000,0,014e,0101,0000,0,015,0101,0101,1,42,01e4,0170
784,784,0,5d3813eec9a40000,ff,0,0,0101,73f2,0,0000,0101,0,0101,0000,1,1,0,0,0000,014e,0000,0000,0000,0000,0,014e,0101,0000,0,015,0101,0101,1,42,01e4,0170
785,785,0,5d3813eec9a40000,ff,0,0,0101,73f2,0,0000,0101,0,0101,0000,1,1,0,0,0000,014e,0000,0000,0000,0000,0,014e,0101,0000,0,015,0101,0101,1,42,01e4,0170
786,786,0,5d3813eec9a40000,ff,0,0,0101,73f2,0,0000,0101,0,0101,0000,1,1,0,0,0000,014e,0000,0000,0000,0000,0,014e,0101,0000,0,015,0101,0101,1,42,01e4,0170
787,787,0,5d3813eec9a40000,ff,0,0,0101,73f2,0,0000,0101,0,0101,0000,1,1,0,0,0000,014e,0000,0000,0000,0000,0,014e,0101,0000,0,015,0101,0101,1,42,01e4,0170
788,788,0,5d3813eec9a40000,ff,0,0,0101,73f2,0,0000,0101,0,0101,0000,1,1,0,0,0000,014e,0000,0000,0000,0000,0,014e,0101,0000,0,015,0101,0101,1,42,01e4,0170
789,789,0,5d3813eec9a40000,ff,0,0,0101,73f2,0,0000,0101,0,0101,0000,1,1,0,0,0000,014e,0000,0000,0000,0000,0,014e,0101,0000,0,015,0101,0101,1,42,01e4,0170
790,790,0,5d3813eec9a40000,ff,0,0,0101,73f2,0,0000,0101,0,0101,0000,1,1,0,0,0000,014e,0000,0000,0000,0000,0,014e,0101,0000,0,015,0101,0101,1,42,01e4,0170
791,791,0,5d3813eec9a40000,ff,0,0,0101,73f2,0,0000,0101,0,0101,0000,1,1,0,0,0000,014e,0000,0000,0000,0000,0,014e,0101,0000,0,015,0101,0101,1,42,01e4,0170
792,792,0,5d3813eec9a40000,ff,0,0,0101,73f2,0,0000,0101,0,0101,0000,1,1,0,0,0000,014e,0000,0000,0000,0000,0,014e,0101,0000,0,015,0101,0101,1,42,01e4,0170
793,793,0,5d3813eec9a40000,ff,0,0,0101,73f2,0,0000,0101,0,0101,0000,1,1,0,0,0000,014e,0000,0000,0000,0000,0,014e,0101,0000,0,015,0101,0101,1,42,01e4,0170
794,794,0,5d3813eec9a40000,ff,0,0,0101,73f2,0,0000,0101,0,0101,0000,1,1,0,0,0000,014e,0000,0000,0000,0000,0,014e,0101,0000,0,015,0101,0101,1,42,01e4,0170
795,795,0,5d3813eec9a40000,ff,0,0,0101,73f2,0,0000,0101,0,0101,0000,1,1,0,0,0000,014e,0000,0000,0000,0000,0,014e,0101,0000,0,015,0101,0101,1,42,01e4,0170
796,796,0,5d3813eec9a40000,ff,0,0,0101,73f2,0,0000,0101,0,0101,0000,1,1,0,0,0000,014e,0000,0000,0000,0000,0,014e,0101,0000,0,015,0101,0101,1,42,01e4,0170
797,797,0,5d3813eec9a40000,ff,0,0,0101,73f2,0,0000,0101,0,0101,0000,1,1,0,0,0000,014e,0000,0000,0000,0000,0,014e,0101,0000,0,015,0101,0101,1,42,01e4,0170
798,798,0,5d3813eec9a40000,ff,0,0,0101,73f2,0,0000,0101,0,0101,0000,1,1,0,0,0000,014e,0000,0000,0000,0000,0,014e,0101,0000,0,015,0101,0101,1,42,01e4,0170
799,799,0,5d3813eec9a40000,ff,0,0,0101,73f2,0,0000,0101,0,0101,0000,1,1,0,0,0000,014e,0000,0000,0000,0000,0,014e,0101,0000,0,015,0101,0101,1,42,01e4,0170
800,800,0,5d3813eec9a40000,ff,0,0,0101,73f2,0,0000,0101,0,0101,0000,1,1,0,0,0000,014e,0000,0000,0000,0000,0,014e,0101,0000,0,015,0101,0101,1,42,01e4,0170
801,801,0,5d3813eec9a40000,ff,0,0,0101,73f2,0,0000,0101,0,0101,0000,1,1,0,0,0000,014e,0000,0000,0000,0000,0,014e,0101,0000,0,015,0101,0101,1,42,01e4,0170
802,802,0,5d3813eec9a40000,ff,0,0,0101,73f2,0,0000,0101,0,0101,0000,1,1,0,0,0000,014e,0000,0000,0000,0000,0,014e,0101,0000,0,015,0101,0101,1,42,01e4,0170
803,803,0,5d3813eec9a40000,ff,0,0,0101,73f2,0,0000,0101,0,0101,0000,1,1,0,0,0000,014e,0000,0000,0000,0000,0,014e,0101,0000,0,015,0101,0101,1,42,01e4,0170
804,804,0,5d3813eec9a40000,ff,0,0,0101,73f2,0,0000,0101,0,0101,0000,1,1,0,0,0000,014e,0000,0000,0000,0000,0,014e,0101,0000,0,015,0101,0101,1,42,01e4,0170
805,805,0,5d3813eec9a40000,ff,0,0,0101,73f2,0,0000,0101,0,0101,0000,1,1,0,0,0000,014e,0000,0000,0000,0000,0,014e,0101,0000,0,015,0101,0101,1,42,01e4,0170
806,806,0,5d3813eec9a40000,ff,0,0,0101,73f2,0,0000,0101,0,0101,0000,1,1,0,0,0000,014e,0000,0000,0000,0000,0,014e,0101,0000,0,015,0101,0101,1,42,01e4,0170
807,807,0,5d3813eec9a40000,ff,0,0,0101,73f2,0,0000,0101,0,0101,0000,1,1,0,0,0000,014e,0000,0000,0000,0000,0,014e,0101,0000,0,015,0101,0101,1,42,01e4,0170
808,808,0,5d3813eec9a40000,ff,0,0,0101,73f2,0,0000,0101,0,0101,0000,1,1,0,0,0000,014e,0000,0000,0000,0000,0,014e,0101,0000,0,015,0101,0101,1,42,01e4,0170
809,809,0,5d3813eec9a40000,ff,0,0,0101,73f2,0,0000,0101,0,0101,0000,1,1,0,0,0000,014e,0000,0000,0000,0000,0,014e,0101,0000,0,015,0101,0101,1,42,01e4,0170
810,810,0,5d3813eec9a40000,ff,0,0,0101,73f2,0,0000,0101,0,0101,0000,1,1,0,0,0000,014e,0000,0000,0000,0000,0,014e,0101,0000,0,015,0101,0101,1,42,01e4,0170
811,811,0,5d3813eec9a40000,ff,0,0,0101,73f2,0,0000,0101,0,0101,0000,1,1,0,0,0000,014e,0000,0000,0000,0000,0,014e,0101,0000,0,015,0101,0101,1,42,01e4,0170
812,812,0,5d3813eec9a40000,ff,0,0,0101,73f2,0,0000,0101,0,0101,0000,1,1,0,0,0000,014e,0000,0000,0000,0000,0,014e,0101,0000,0,015,0101,0101,1,42,01e4,0170
813,813,0,5d3813eec9a40000,ff,0,0,0101,73f2,0,0000,0101,0,0101,0000,1,1,0,0,0000,014e,0000,0000,0000,0000,0,014e,0101,0000,0,015,0101,0101,1,42,01e4,0170
814,814,0,5d3813eec9a40000,ff,0,0,0101,73f2,0,0000,0101,0,0101,0000,1,1,0,0,0000,014e,0000,0000,0000,0000,0,014e,0101,0000,0,015,0101,0101,1,42,01e4,0170
815,815,0,5d3813eec9a40000,ff,0,0,0101,73f2,0,0000,0101,0,0101,0000,1,1,0,0,0000,014e,0000,0000,0000,0000,0,014e,0101,0000,0,015,0101,0101,1,42,01e4,0170
816,816,0,5d3813eec9a40000,ff,0,0,0101,73f2,0,0000,0101,0,0101,0000,1,1,0,0,0000,014e,0000,0000,0000,0000,0,014e,0101,0000,0,015,0101,0101,1,42,01e4,0170
817,817,0,5d3813eec9a40000,ff,0,0,0101,73f2,0,0000,0101,0,0101,0000,1,1,0,0,0000,014e,0000,0000,0000,0000,0,014e,0101,0000,0,015,0101,0101,1,42,01e4,0170
818,818,0,5d3813eec9a40000,ff,0,0,0101,73f2,0,0000,0101,0,0101,0000,1,1,0,0,0000,014e,0000,0000,0000,0000,0,014e,0101,0000,0,015,0101,0101,1,42,01e4,0170
819,819,0,5d3813eec9a40000,ff,0,0,0101,73f2,0,0000,0101,0,0101,0000,1,1,0,0,0000,014e,0000,0000,0000,0000,0,014e,0101,0000,0,015,0101,0101,1,42,01e4,0170
820,820,0,5d3813eec9a40000,ff,0,0,0101,73f2,0,0000,0101,0,0101,0000,1,1,0,0,0000,014e,0000,0000,0000,0000,0,014e,0101,0000,0,015,0101,0101,1,42,01e4,0170
821,821,0,5d3813eec9a40000,ff,0,0,0101,73f2,0,0000,0101,0,0101,0000,1,1,0,0,0000,014e,0000,0000,0000,0000,0,014e,0101,0000,0,015,0101,0101,1,42,01e4,0170
822,822,0,5d3813eec9a40000,ff,0,0,0101,73f2,0,0000,0101,0,0101,0000,1,1,0,0,0000,014e,0000,0000,0000,0000,0,014e,0101,0000,0,015,0101,0101,1,42,01e4,0170
823,823,0,5d3813eec9a40000,ff,0,0,0101,73f2,0,0000,0101,0,0101,0000,1,1,0,0,0000,014e,0000,0000,0000,0000,0,014e,0101,0000,0,015,0101,0101,1,42,01e4,0170
824,824,0,5d3813eec9a40000,ff,0,0,0101,73f2,0,0000,0101,0,0101,0000,1,1,0,0,0000,014e,0000,0000,0000,0000,0,014e,0101,0000,0,015,0101,0101,1,42,01e4,0170
825,825,0,5d3813eec9a40000,ff,0,0,0101,73f2,0,0000,0101,0,0101,0000,1,1,0,0,0000,014e,0000,0000,0000,0000,0,014e,0101,0000,0,015,0101,0101,1,42,01e4,0170
826,826,0,5d3813eec9a40000,ff,0,0,0101,73f2,0,0000,0101,0,0101,0000,1,1,0,0,0000,014e,0000,0000,0000,0000,0,014e,0101,0000,0,015,0101,0101,1,42,01e4,0170
827,827,0,5d3813eec9a40000,ff,0,0,0101,73f2,0,0000,0101,0,0101,0000,1,1,0,0,0000,014e,0000,0000,0000,0000,0,014e,0101,0000,0,015,0101,0101,1,42,01e4,0170
828,828,0,5d3813eec9a40000,ff,0,0,0101,73f2,0,0000,0101,0,0101,0000,1,1,0,0,0000,014e,0000,0000,0000,0000,0,014e,0101,0000,0,015,0101,0101,1,42,01e4,0170
829,829,0,5d3813eec9a40000,ff,0,0,0101,73f2,0,0000,0101,0,0101,0000,1,1,0,0,0000,014e,0000,0000,0000,0000,0,014e,0101,0000,0,015,0101,0101,1,42,01e4,0170
830,830,0,5d3813eec9a40000,ff,0,0,0101,73f2,0,0000,0101,0,0101,0000,1,1,0,0,0000,014e,0000,0000,0000,0000,0,014e,0101,0000,0,015,0101,0101,1,42,01e4,0170
831,831,0,5d3813eec9a40000,ff,0,0,0101,73f2,0,0000,0101,0,0101,0000,1,1,0,0,0000,014e,0000,0000,0000,0000,0,014e,0101,0000,0,015,0101,0101,1,42,01e4,0170
832,832,0,5d3813eec9a40000,ff,0,0,0101,73f2,0,0000,0101,0,0101,0000,1,1,0,0,0000,014e,0000,0000,0000,0000,0,014e,0101,0000,0,015,0101,0101,1,42,01e4,0170
833,833,0,5d3813eec9a40000,ff,0,0,0101,73f2,0,0000,0101,0,0101,0000,1,1,0,0,0000,014e,0000,0000,0000,0000,0,014e,0101,0000,0,015,0101,0101,1,42,01e4,0170
834,834,0,5d3813eec9a40000,ff,0,0,0101,73f2,0,0000,0101,0,0101,0000,1,1,0,0,0000,014e,0000,0000,0000,0000,0,014e,0101,0000,0,015,0101,0101,1,42,01e4,0170
835,835,0,5d3813eec9a40000,ff,0,0,0101,73f2,0,0000,0101,0,0101,0000,1,1,0,0,0000,014e,0000,0000,0000,0000,0,014e,0101,0000,0,015,0101,0101,1,42,01e4,0170
836,836,0,5d3813eec9a40000,ff,0,0,0101,73f2,0,0000,0101,0,0101,0000,1,1,0,0,0000,014e,0000,0000,0000,0000,0,014e,0101,0000,0,015,0101,0101,1,42,01e4,0170
837,837,0,5d3813eec9a40000,ff,0,0,0101,73f2,0,0000,0101,0,0101,0000,1,1,0,0,0000,014e,0000,0000,0000,0000,0,014e,0101,0000,0,015,0101,0101,1,42,01e4,0170
838,838,0,5d3813eec9a40000,ff,0,0,0101,73f2,0,0000,0101,0,0101,0000,1,1,0,0,0000,014e,0000,0000,0000,0000,0,014e,0101,0000,0,015,0101,0101,1,42,01e4,0170
839,839,0,5d3813eec9a40000,ff,0,0,0101,73f2,0,0000,0101,0,0101,0000,1,1,0,0,0000,014e,0000,0000,0000,0000,0,014e,0101,0000,0,015,0101,0101,1,42,01e4,0170
840,840,0,5d3813eec9a40000,ff,0,0,0101,73f2,0,0000,0101,0,0101,0000,1,1,0,0,0000,014e,0000,0000,0000,0000,0,014e,0101,0000,0,015,0101,0101,1,42,01e4,0170
841,841,0,5d3813eec9a40000,ff,0,0,0101,73f2,0,0000,0101,0,0101,0000,1,1,0,0,0000,014e,0000,0000,0000,0000,0,014e,0101,0000,0,015,0101,0101,1,42,01e4,0170
842,842,0,5d3813eec9a40000,ff,0,0,0101,73f2,0,0000,0101,0,0101,0000,1,1,0,0,0000,014e,0000,0000,0000,0000,0,014e,0101,0000,0,015,0101,0101,1,42,01e4,0170
843,843,0,5d3813eec9a40000,ff,0,0,0101,73f2,0,0000,0101,0,0101,0000,1,1,0,0,0000,014e,0000,0000,0000,0000,0,014e,0101,0000,0,015,0101,0101,1,42,01e4,0170
844,844,0,5d3813eec9a40000,ff,0,0,0101,73f2,0,0000,0101,0,0101,0000,1,1,0,0,0000,014e,0000,0000,0000,0000,0,014e,0101,0000,0,015,0101,0101,1,42,01e4,0170
845,845,0,5d3813eec9a40000,ff,0,0,0101,73f2,0,0000,0101,0,0101,0000,1,1,0,0,0000,014e,0000,0000,0000,0000,0,014e,0101,0000,0,015,0101,0101,1,42,01e4,0170
846,846,0,5d3813eec9a40000,ff,0,0,0101,73f2,0,0000,0101,0,0101,0000,1,1,0,0,0000,014e,0000,0000,0000,0000,0,014e,0101,0000,0,015,0101,0101,1,42,01e4,0170
847,847,0,5d3813eec9a40000,ff,0,0,0101,73f2,0,0000,0101,0,0101,0000,1,1,0,0,0000,014e,0000,0000,0000,0000,0,014e,0101,0000,0,015,0101,0101,1,42,01e4,0170
848,848,0,5d3813eec9a40000,ff,0,0,0101,73f2,0,0000,0101,0,0101,0000,1,1,0,0,0000,014e,0000,0000,0000,0000,0,014e,0101,0000,0,015,0101,0101,1,42,01e4,0170
849,849,0,5d3813eec9a40000,ff,0,0,0101,73f2,0,0000,0101,0,0101,0000,1,1,0,0,0000,014e,0000,0000,0000,0000,0,014e,0101,0000,0,015,0101,0101,1,42,01e4,0170
850,850,0,5d3813eec9a40000,ff,0,0,0101,73f2,0,0000,0101,0,0101,0000,1,1,0,0,0000,014e,0000,0000,0000,0000,0,014e,0101,0000,0,015,0101,0101,1,42,01e4,0170
851,851,0,5d3813eec9a40000,ff,0,0,0101,73f2,0,0000,0101,0,0101,0000,1,1,0,0,0000,014e,0000,0000,0000,0000,0,014e,0101,0000,0,015,0101,0101,1,42,01e4,0170
852,852,0,5d3813eec9a40000,ff,0,0,0101,73f2,0,0000,0101,0,0101,0000,1,1,0,0,0000,014e,0000,0000,0000,0000,0,014e,0101,0000,0,015,0101,0101,1,42,01e4,0170
853,853,0,5d3813eec9a40000,ff,0,0,0101,73f2,0,0000,0101,0,0101,0000,1,1,0,0,0000,014e,0000,0000,0000,0000,0,014e,0101,0000,0,015,0101,0101,1,42,01e4,0170
854,854,0,5d3813eec9a40000,ff,0,0,0101,73f2,0,0000,0101,0,0101,0000,1,1,0,0,0000,014e,0000,0000,0000,0000,0,014e,0101,0000,0,015,0101,0101,1,42,01e4,0170
855,855,0,5d3813eec9a40000,ff,0,0,0101,73f2,0,0000,0101,0,0101,0000,1,1,0,0,0000,014e,0000,0000,0000,0000,0,014e,0101,0000,0,015,0101,0101,1,42,01e4,0170
856,856,0,5d3813eec9a40000,ff,0,0,0101,73f2,0,0000,0101,0,0101,0000,1,1,0,0,0000,014e,0000,0000,0000,0000,0,014e,0101,0000,0,015,0101,0101,1,42,01e4,0170
857,857,0,5d3813eec9a40000,ff,0,0,0101,73f2,0,0000,0101,0,0101,0000,1,1,0,0,0000,014e,0000,0000,0000,0000,0,014e,0101,0000,0,015,0101,0101,1,42,01e4,0170
858,858,0,5d3813eec9a40000,ff,0,0,0101,73f2,0,0000,0101,0,0101,0000,1,1,0,0,0000,014e,0000,0000,0000,0000,0,014e,0101,0000,0,015,0101,0101,1,42,01e4,0170
859,859,0,5d3813eec9a40000,ff,0,0,0101,73f2,0,0000,0101,0,0101,0000,1,1,0,0,0000,014e,0000,0000,0000,0000,0,014e,0101,0000,0,015,0101,0101,1,42,01e4,0170
860,860,0,5d3813eec9a40000,ff,0,0,0101,73f2,0,0000,0101,0,0101,0000,1,1,0,0,0000,014e,0000,0000,0000,0000,0,014e,0101,0000,0,015,0101,0101,1,42,01e4,0170
861,861,0,5d3813eec9a40000,ff,0,0,0101,73f2,0,0000,0101,0,0101,0000,1,1,0,0,0000,014e,0000,0000,0000,0000,0,014e,0101,0000,0,015,0101,0101,1,42,01e4,0170
862,862,0,5d3813eec9a40000,ff,0,0,0101,73f2,0,0000,0101,0,0101,0000,1,1,0,0,0000,014e,0000,0000,0000,0000,0,014e,0101,0000,0,015,0101,0101,1,42,01e4,0170
863,863,0,5d3813eec9a40000,ff,0,0,0101,73f2,0,0000,0101,0,0101,0000,1,1,0,0,0000,014e,0000,0000,0000,0000,0,014e,0101,0000,0,015,0101,0101,1,42,01e4,0170
864,864,0,5d3813eec9a40000,ff,0,0,0101,73f2,0,0000,0101,0,0101,0000,1,1,0,0,0000,014e,0000,0000,0000,0000,0,014e,0101,0000,0,015,0101,0101,1,42,01e4,0170
865,865,0,5d3813eec9a40000,ff,0,0,0101,73f2,0,0000,0101,0,0101,0000,1,1,0,0,0000,014e,0000,0000,0000,0000,0,014e,0101,0000,0,015,0101,0101,1,42,01e4,0170
866,866,0,5d3813eec9a40000,ff,0,0,0101,73f2,0,0000,0101,0,0101,0000,1,1,0,0,0000,014e,0000,0000,0000,0000,0,014e,0101,0000,0,015,0101,0101,1,42,01e4,0170
867,867,0,5d3813eec9a40000,ff,0,0,0101,73f2,0,0000,0101,0,0101,0000,1,1,0,0,0000,014e,0000,0000,0000,0000,0,014e,0101,0000,0,015,0101,0101,1,42,01e4,0170
868,868,0,5d3813eec9a40000,ff,0,0,0101,73f2,0,0000,0101,0,0101,0000,1,1,0,0,0000,014e,0000,0000,0000,0000,0,014e,0101,0000,0,015,0101,0101,1,42,01e4,0170
869,869,0,5d3813eec9a40000,ff,0,0,0101,73f2,0,0000,0101,0,0101,0000,1,1,0,0,0000,014e,0000,0000,0000,0000,0,014e,0101,0000,0,015,0101,0101,1,42,01e4,0170
870,870,0,5d3813eec9a40000,ff,0,0,0101,73f2,0,0000,0101,0,0101,0000,1,1,0,0,0000,014e,0000,0000,0000,0000,0,014e,0101,0000,0,015,0101,0101,1,42,01e4,0170
871,871,0,5d3813eec9a40000,ff,0,0,0101,73f2,0,0000,0101,0,0101,0000,1,1,0,0,0000,014e,0000,0000,0000,0000,0,014e,0101,0000,0,015,0101,0101,1,42,01e4,0170
872,872,0,5d3813eec9a40000,ff,0,0,0101,73f2,0,0000,0101,0,0101,0000,1,1,0,0,0000,014e,0000,0000,0000,0000,0,014e,0101,0000,0,015,0101,0101,1,42,01e4,0170
873,873,0,5d3813eec9a40000,ff,0,0,0101,73f2,0,0000,0101,0,0101,0000,1,1,0,0,0000,014e,0000,0000,0000,0000,0,014e,0101,0000,0,015,0101,0101,1,42,01e4,0170
874,874,0,5d3813eec9a40000,ff,0,0,0101,73f2,0,0000,0101,0,0101,0000,1,1,0,0,0000,014e,0000,0000,0000,0000,0,014e,0101,0000,0,015,0101,0101,1,42,01e4,0170
875,875,0,5d3813eec9a40000,ff,0,0,0101,73f2,0,0000,0101,0,0101,0000,1,1,0,0,0000,014e,0000,0000,0000,0000,0,014e,0101,0000,0,015,0101,0101,1,42,01e4,0170
876,876,0,5d3813eec9a40000,ff,0,0,0101,73f2,0,0000,0101,0,0101,0000,1,1,0,0,0000,014e,0000,0000,0000,0000,0,014e,0101,0000,0,015,0101,0101,1,42,01e4,0170
877,877,0,5d3813eec9a40000,ff,0,0,0101,73f2,0,0000,0101,0,0101,0000,1,1,0,0,0000,014e,0000,0000,0000,0000,0,014e,0101,0000,0,015,0101,0101,1,42,01e4,0170
878,878,0,5d3813eec9a40000,ff,0,0,0101,73f2,0,0000,0101,0,0101,0000,1,1,0,0,0000,014e,0000,0000,0000,0000,0,014e,0101,0000,0,015,0101,0101,1,42,01e4,0170
879,879,0,5d3813eec9a40000,ff,0,0,0101,73f2,0,0000,0101,0,0101,0000,1,1,0,0,0000,014e,0000,0000,0000,0000,0,014e,0101,0000,0,015,0101,0101,1,42,01e4,0170
880,880,0,5d3813eec9a40000,ff,0,0,0101,73f2,0,0000,0101,0,0101,0000,1,1,0,0,0000,014e,0000,0000,0000,0000,0,014e,0101,0000,0,015,0101,0101,1,42,01e4,0170
881,881,0,5d3813eec9a40000,ff,0,0,0101,73f2,0,0000,0101,0,0101,0000,1,1,0,0,0000,014e,0000,0000,0000,0000,0,014e,0101,0000,0,015,0101,0101,1,42,01e4,0170
882,882,0,5d3813eec9a40000,ff,0,0,0101,73f2,0,0000,0101,0,0101,0000,1,1,0,0,0000,014e,0000,0000,0000,0000,0,014e,0101,0000,0,015,0101,0101,1,42,01e4,0170
883,883,0,5d3813eec9a40000,ff,0,0,0101,73f2,0,0000,0101,0,0101,0000,1,1,0,0,0000,014e,0000,0000,0000,0000,0,014e,0101,0000,0,015,0101,0101,1,42,01e4,0170
884,884,0,5d3813eec9a40000,ff,0,0,0101,73f2,0,0000,0101,0,0101,0000,1,1,0,0,0000,014e,0000,0000,0000,0000,0,014e,0101,0000,0,015,0101,0101,1,42,01e4,0170
885,885,0,5d3813eec9a40000,ff,0,0,0101,73f2,0,0000,0101,0,0101,0000,1,1,0,0,0000,014e,0000,0000,0000,0000,0,014e,0101,0000,0,015,0101,0101,1,42,01e4,0170
886,886,0,5d3813eec9a40000,ff,0,0,0101,73f2,0,0000,0101,0,0101,0000,1,1,0,0,0000,014e,0000,0000,0000,0000,0,014e,0101,0000,0,015,0101,0101,1,42,01e4,0170
887,887,0,5d3813eec9a40000,ff,0,0,0101,73f2,0,0000,0101,0,0101,0000,1,1,0,0,0000,014e,0000,0000,0000,0000,0,014e,0101,0000,0,015,0101,0101,1,42,01e4,0170
888,888,0,5d3813eec9a40000,ff,0,0,0101,73f2,0,0000,0101,0,0101,0000,1,1,0,0,0000,014e,0000,0000,0000,0000,0,014e,0101,0000,0,015,0101,0101,1,42,01e4,0170
889,889,0,5d3813eec9a40000,ff,0,0,0101,73f2,0,0000,0101,0,0101,0000,1,1,0,0,0000,014e,0000,0000,0000,0000,0,014e,0101,0000,0,015,0101,0101,1,42,01e4,0170
890,890,0,5d3813eec9a40000,ff,0,0,0101,73f2,0,0000,0101,0,0101,0000,1,1,0,0,0000,014e,0000,0000,0000,0000,0,014e,0101,0000,0,015,0101,0101,1,42,01e4,0170
891,891,0,5d3813eec9a40000,ff,0,0,0101,73f2,0,0000,0101,0,0101,0000,1,1,0,0,0000,014e,0000,0000,0000,0000,0,014e,0101,0000,0,015,0101,0101,1,42,01e4,0170
892,892,0,5d3813eec9a40000,ff,0,0,0101,73f2,0,0000,0101,0,0101,0000,1,1,0,0,0000,014e,0000,0000,0000,0000,0,014e,0101,0000,0,015,0101,0101,1,42,01e4,0170
893,893,0,5d3813eec9a40000,ff,0,0,0101,73f2,0,0000,0101,0,0101,0000,1,1,0,0,0000,014e,0000,0000,0000,0000,0,014e,0101,0000,0,015,0101,0101,1,42,01e4,0170
894,894,0,5d3813eec9a40000,ff,0,0,0101,73f2,0,0000,0101,0,0101,0000,1,1,0,0,0000,014e,0000,0000,0000,0000,0,014e,0101,0000,0,015,0101,0101,1,42,01e4,0170
895,895,0,5d3813eec9a40000,ff,0,0,0101,73f2,0,0000,0101,0,0101,0000,1,1,0,0,0000,014e,0000,0000,0000,0000,0,014e,0101,0000,0,015,0101,0101,1,42,01e4,0170
896,896,0,5d3813eec9a40000,ff,0,0,0101,73f2,0,0000,0101,0,0101,0000,1,1,0,0,0000,014e,0000,0000,0000,0000,0,014e,0101,0000,0,015,0101,0101,1,42,01e4,0170
897,897,0,5d3813eec9a40000,ff,0,0,0101,73f2,0,0000,0101,0,0101,0000,1,1,0,0,0000,014e,0000,0000,0000,0000,0,014e,0101,0000,0,015,0101,0101,1,42,01e4,0170
898,898,0,5d3813eec9a40000,ff,0,0,0101,73f2,0,0000,0101,0,0101,0000,1,1,0,0,0000,014e,0000,0000,0000,0000,0,014e,0101,0000,0,015,0101,0101,1,42,01e4,0170
899,899,0,5d3813eec9a40000,ff,0,0,0101,73f2,0,0000,0101,0,0101,0000,1,1,0,0,0000,014e,0000,0000,0000,0000,0,014e,0101,0000,0,015,0101,0101,1,42,01e4,0170
900,900,0,5d3813eec9a40000,ff,0,0,0101,73f2,0,0000,0101,0,0101,0000,1,1,0,0,0000,014e,0000,0000,0000,0000,0,014e,0101,0000,0,015,0101,0101,1,42,01e4,0170
901,901,0,5d3813eec9a40000,ff,0,0,0101,73f2,0,0000,0101,0,0101,0000,1,1,0,0,0000,014e,0000,0000,0000,0000,0,014e,0101,0000,0,015,0101,0101,1,42,01e4,0170
902,902,0,5d3813eec9a40000,ff,0,0,0101,73f2,0,0000,0101,0,0101,0000,1,1,0,0,0000,014e,0000,0000,0000,0000,0,014e,0101,0000,0,015,0101,0101,1,42,01e4,0170
903,903,0,5d3813eec9a40000,ff,0,0,0101,73f2,0,0000,0101,0,0101,0000,1,1,0,0,0000,014e,0000,0000,0000,0000,0,014e,0101,0000,0,015,0101,0101,1,42,01e4,0170
904,904,0,5d3813eec9a40000,ff,0,0,0101,73f2,0,0000,0101,0,0101,0000,1,1,0,0,0000,014e,0000,0000,0000,0000,0,014e,0101,0000,0,015,0101,0101,1,42,01e4,0170
905,905,0,5d3813eec9a40000,ff,0,0,0101,73f2,0,0000,0101,0,0101,0000,1,1,0,0,0000,014e,0000,0000,0000,0000,0,014e,0101,0000,0,015,0101,0101,1,42,01e4,0170
906,906,0,5d3813eec9a40000,ff,0,0,0101,73f2,0,0000,0101,0,0101,0000,1,1,0,0,0000,014e,0000,0000,0000,0000,0,014e,0101,0000,0,015,0101,0101,1,42,01e4,0170
907,907,0,5d3813eec9a40000,ff,0,0,0101,73f2,0,0000,0101,0,0101,0000,1,1,0,0,0000,014e,0000,0000,0000,0000,0,014e,0101,0000,0,015,0101,0101,1,42,01e4,0170
908,908,0,5d3813eec9a40000,ff,0,0,0101,73f2,0,0000,0101,0,0101,0000,1,1,0,0,0000,014e,0000,0000,0000,0000,0,014e,0101,0000,0,015,0101,0101,1,42,01e4,0170
909,909,0,5d3813eec9a40000,ff,0,0,0101,73f2,0,0000,0101,0,0101,0000,1,1,0,0,0000,014e,0000,0000,0000,0000,0,014e,0101,0000,0,015,0101,0101,1,42,01e4,0170
910,910,0,5d3813eec9a40000,ff,0,0,0101,73f2,0,0000,0101,0,0101,0000,1,1,0,0,0000,014e,0000,0000,0000,0000,0,014e,0101,0000,0,015,0101,0101,1,42,01e4,0170
911,911,0,5d3813eec9a40000,ff,0,0,0101,73f2,0,0000,0101,0,0101,0000,1,1,0,0,0000,014e,0000,0000,0000,0000,0,014e,0101,0000,0,015,0101,0101,1,42,01e4,0170
912,912,0,5d3813eec9a40000,ff,0,0,0101,73f2,0,0000,0101,0,0101,0000,1,1,0,0,0000,014e,0000,0000,0000,0000,0,014e,0101,0000,0,015,0101,0101,1,42,01e4,0170
913,913,0,5d3813eec9a40000,ff,0,0,0101,73f2,0,0000,0101,0,0101,0000,1,1,0,0,0000,014e,0000,0000,0000,0000,0,014e,0101,0000,0,015,0101,0101,1,42,01e4,0170
914,914,0,5d3813eec9a40000,ff,0,0,0101,73f2,0,0000,0101,0,0101,0000,1,1,0,0,0000,014e,0000,0000,0000,0000,0,014e,0101,0000,0,015,0101,0101,1,42,01e4,0170
915,915,0,5d3813eec9a40000,ff,0,0,0101,73f2,0,0000,0101,0,0101,0000,1,1,0,0,0000,014e,0000,0000,0000,0000,0,014e,0101,0000,0,015,0101,0101,1,42,01e4,0170
916,916,0,5d3813eec9a40000,ff,0,0,0101,73f2,0,0000,0101,0,0101,0000,1,1,0,0,0000,014e,0000,0000,0000,0000,0,014e,0101,0000,0,015,0101,0101,1,42,01e4,0170
917,917,0,5d3813eec9a40000,ff,0,0,0101,73f2,0,0000,0101,0,0101,0000,1,1,0,0,0000,014e,0000,0000,0000,0000,0,014e,0101,0000,0,015,0101,0101,1,42,01e4,0170
918,918,0,5d3813eec9a40000,ff,0,0,0101,73f2,0,0000,0101,0,0101,0000,1,1,0,0,0000,014e,0000,0000,0000,0000,0,014e,0101,0000,0,015,0101,0101,1,42,01e4,0170
919,919,0,5d3813eec9a40000,ff,0,0,0101,73f2,0,0000,0101,0,0101,0000,1,1,0,0,0000,014e,0000,0000,0000,0000,0,014e,0101,0000,0,015,0101,0101,1,42,01e4,0170
920,920,0,5d3813eec9a40000,ff,0,0,0101,73f2,0,0000,0101,0,0101,0000,1,1,0,0,0000,014e,0000,0000,0000,0000,0,014e,0101,0000,0,015,0101,0101,1,42,01e4,0170
921,921,0,5d3813eec9a40000,ff,0,0,0101,73f2,0,0000,0101,0,0101,0000,1,1,0,0,0000,014e,0000,0000,0000,0000,0,014e,0101,0000,0,015,0101,0101,1,42,01e4,0170
922,922,0,5d3813eec9a40000,ff,0,0,0101,73f2,0,0000,0101,0,0101,0000,1,1,0,0,0000,014e,0000,0000,0000,0000,0,014e,0101,0000,0,015,0101,0101,1,42,01e4,0170
923,923,0,5d3813eec9a40000,ff,0,0,0101,73f2,0,0000,0101,0,0101,0000,1,1,0,0,0000,014e,0000,0000,0000,0000,0,014e,0101,0000,0,015,0101,0101,1,42,01e4,0170
924,924,0,5d3813eec9a40000,ff,0,0,0101,73f2,0,0000,0101,0,0101,0000,1,1,0,0,0000,014e,0000,0000,0000,0000,0,014e,0101,0000,0,015,0101,0101,1,42,01e4,0170
925,925,0,5d3813eec9a40000,ff,0,0,0101,73f2,0,0000,0101,0,0101,0000,1,1,0,0,0000,014e,0000,0000,0000,0000,0,014e,0101,0000,0,015,0101,0101,1,42,01e4,0170
926,926,0,5d3813eec9a40000,ff,0,0,0101,73f2,0,0000,0101,0,0101,0000,1,1,0,0,0000,014e,0000,0000,0000,0000,0,014e,0101,0000,0,015,0101,0101,1,42,01e4,0170
927,927,0,5d3813eec9a40000,ff,0,0,0101,73f2,0,0000,0101,0,0101,0000,1,1,0,0,0000,014e,0000,0000,0000,0000,0,014e,0101,0000,0,015,0101,0101,1,42,01e4,0170
928,928,0,5d3813eec9a40000,ff,0,0,0101,73f2,0,0000,0101,0,0101,0000,1,1,0,0,0000,014e,0000,0000,0000,0000,0,014e,0101,0000,0,015,0101,0101,1,42,01e4,0170
929,929,0,5d3813eec9a40000,ff,0,0,0101,73f2,0,0000,0101,0,0101,0000,1,1,0,0,0000,014e,0000,0000,0000,0000,0,014e,0101,0000,0,015,0101,0101,1,42,01e4,0170
930,930,0,5d3813eec9a40000,ff,0,0,0101,73f2,0,0000,0101,0,0101,0000,1,1,0,0,0000,014e,0000,0000,0000,0000,0,014e,0101,0000,0,015,0101,0101,1,42,01e4,0170
931,931,0,5d3813eec9a40000,ff,0,0,0101,73f2,0,0000,0101,0,0101,0000,1,1,0,0,0000,014e,0000,0000,0000,0000,0,014e,0101,0000,0,015,0101,0101,1,42,01e4,0170
932,932,0,5d3813eec9a40000,ff,0,0,0101,73f2,0,0000,0101,0,0101,0000,1,1,0,0,0000,014e,0000,0000,0000,0000,0,014e,0101,0000,0,015,0101,0101,1,42,01e4,0170
933,933,0,5d3813eec9a40000,ff,0,0,0101,73f2,0,0000,0101,0,0101,0000,1,1,0,0,0000,014e,0000,0000,0000,0000,0,014e,0101,0000,0,015,0101,0101,1,42,01e4,0170
934,934,0,5d3813eec9a40000,ff,0,0,0101,73f2,0,0000,0101,0,0101,0000,1,1,0,0,0000,014e,0000,0000,0000,0000,0,014e,0101,0000,0,015,0101,0101,1,42,01e4,0170
935,935,0,5d3813eec9a40000,ff,0,0,0101,73f2,0,0000,0101,0,0101,0000,1,1,0,0,0000,014e,0000,0000,0000,0000,0,014e,0101,0000,0,015,0101,0101,1,42,01e4,0170
936,936,0,5d3813eec9a40000,ff,0,0,0101,73f2,0,0000,0101,0,0101,0000,1,1,0,0,0000,014e,0000,0000,0000,0000,0,014e,0101,0000,0,015,0101,0101,1,42,01e4,0170
937,937,0,5d3813eec9a40000,ff,0,0,0101,73f2,0,0000,0101,0,0101,0000,1,1,0,0,0000,014e,0000,0000,0000,0000,0,014e,0101,0000,0,015,0101,0101,1,42,01e4,0170
938,938,0,5d3813eec9a40000,ff,0,0,0101,73f2,0,0000,0101,0,0101,0000,1,1,0,0,0000,014e,0000,0000,0000,0000,0,014e,0101,0000,0,015,0101,0101,1,42,01e4,0170
939,939,0,5d3813eec9a40000,ff,0,0,0101,73f2,0,0000,0101,0,0101,0000,1,1,0,0,0000,014e,0000,0000,0000,0000,0,014e,0101,0000,0,015,0101,0101,1,42,01e4,0170
940,940,0,5d3813eec9a40000,ff,0,0,0101,73f2,0,0000,0101,0,0101,0000,1,1,0,0,0000,014e,0000,0000,0000,0000,0,014e,0101,0000,0,015,0101,0101,1,42,01e4,0170
941,941,0,5d3813eec9a40000,ff,0,0,0101,73f2,0,0000,0101,0,0101,0000,1,1,0,0,0000,014e,0000,0000,0000,0000,0,014e,0101,0000,0,015,0101,0101,1,42,01e4,0170
942,942,0,5d3813eec9a40000,ff,0,0,0101,73f2,0,0000,0101,0,0101,0000,1,1,0,0,0000,014e,0000,0000,0000,0000,0,014e,0101,0000,0,015,0101,0101,1,42,01e4,0170
943,943,0,5d3813eec9a40000,ff,0,0,0101,73f2,0,0000,0101,0,0101,0000,1,1,0,0,0000,014e,0000,0000,0000,0000,0,014e,0101,0000,0,015,0101,0101,1,42,01e4,0170
944,944,0,5d3813eec9a40000,ff,0,0,0101,73f2,0,0000,0101,0,0101,0000,1,1,0,0,0000,014e,0000,0000,0000,0000,0,014e,0101,0000,0,015,0101,0101,1,42,01e4,0170
945,945,0,5d3813eec9a40000,ff,0,0,0101,73f2,0,0000,0101,0,0101,0000,1,1,0,0,0000,014e,0000,0000,0000,0000,0,014e,0101,0000,0,015,0101,0101,1,42,01e4,0170
946,946,0,5d3813eec9a40000,ff,0,0,0101,73f2,0,0000,0101,0,0101,0000,1,1,0,0,0000,014e,0000,0000,0000,0000,0,014e,0101,0000,0,015,0101,0101,1,42,01e4,0170
947,947,0,5d3813eec9a40000,ff,0,0,0101,73f2,0,0000,0101,0,0101,0000,1,1,0,0,0000,014e,0000,0000,0000,0000,0,014e,0101,0000,0,015,0101,0101,1,42,01e4,0170
948,948,0,5d3813eec9a40000,ff,0,0,0101,73f2,0,0000,0101,0,0101,0000,1,1,0,0,0000,014e,0000,0000,0000,0000,0,014e,0101,0000,0,015,0101,0101,1,42,01e4,0170
949,949,0,5d3813eec9a40000,ff,0,0,0101,73f2,0,0000,0101,0,0101,0000,1,1,0,0,0000,014e,0000,0000,0000,0000,0,014e,0101,0000,0,015,0101,0101,1,42,01e4,0170
950,950,0,5d3813eec9a40000,ff,0,0,0101,73f2,0,0000,0101,0,0101,0000,1,1,0,0,0000,014e,0000,0000,0000,0000,0,014e,0101,0000,0,015,0101,0101,1,42,01e4,0170
951,951,0,5d3813eec9a40000,ff,0,0,0101,73f2,0,0000,0101,0,0101,0000,1,1,0,0,0000,014e,0000,0000,0000,0000,0,014e,0101,0000,0,015,0101,0101,1,42,01e4,0170
952,952,0,5d3813eec9a40000,ff,0,0,0101,73f2,0,0000,0101,0,0101,0000,1,1,0,0,0000,014e,0000,0000,0000,0000,0,014e,0101,0000,0,015,0101,0101,1,42,01e4,0170
953,953,0,5d3813eec9a40000,ff,0,0,0101,73f2,0,0000,0101,0,0101,0000,1,1,0,0,0000,014e,0000,0000,0000,0000,0,014e,0101,0000,0,015,0101,0101,1,42,01e4,0170
954,954,0,5d3813eec9a40000,ff,0,0,0101,73f2,0,0000,0101,0,0101,0000,1,1,0,0,0000,014e,0000,0000,0000,0000,0,014e,0101,0000,0,015,0101,0101,1,42,01e4,0170
955,955,0,5d3813eec9a40000,ff,0,0,0101,73f2,0,0000,0101,0,0101,0000,1,1,0,0,0000,014e,0000,0000,0000,0000,0,014e,0101,0000,0,015,0101,0101,1,42,01e4,0170
956,956,0,5d3813eec9a40000,ff,0,0,0101,73f2,0,0000,0101,0,0101,0000,1,1,0,0,0000,014e,0000,0000,0000,0000,0,014e,0101,0000,0,015,0101,0101,1,42,01e4,0170
957,957,0,5d3813eec9a40000,ff,0,0,0101,73f2,0,0000,0101,0,0101,0000,1,1,0,0,0000,014e,0000,0000,0000,0000,0,014e,0101,0000,0,015,0101,0101,1,42,01e4,0170
958,958,0,5d3813eec9a40000,ff,0,0,0101,73f2,0,0000,0101,0,0101,0000,1,1,0,0,0000,014e,0000,0000,0000,0000,0,014e,0101,0000,0,015,0101,0101,1,42,01e4,0170
959,959,0,5d3813eec9a40000,ff,0,0,0101,73f2,0,0000,0101,0,0101,0000,1,1,0,0,0000,014e,0000,0000,0000,0000,0,014e,0101,0000,0,015,0101,0101,1,42,01e4,0170
960,960,0,5d3813eec9a40000,ff,0,0,0101,73f2,0,0000,0101,0,0101,0000,1,1,0,0,0000,014e,0000,0000,0000,0000,0,014e,0101,0000,0,015,0101,0101,1,42,01e4,0170
961,961,0,5d3813eec9a40000,ff,0,0,0101,73f2,0,0000,0101,0,0101,0000,1,1,0,0,0000,014e,0000,0000,0000,0000,0,014e,0101,0000,0,015,0101,0101,1,42,01e4,0170
962,962,0,5d3813eec9a40000,ff,0,0,0101,73f2,0,0000,0101,0,0101,0000,1,1,0,0,0000,014e,0000,0000,0000,0000,0,014e,0101,0000,0,015,0101,0101,1,42,01e4,0170
963,963,0,5d3813eec9a40000,ff,0,0,0101,73f2,0,0000,0101,0,0101,0000,1,1,0,0,0000,014e,0000,0000,0000,0000,0,014e,0101,0000,0,015,0101,0101,1,42,01e4,0170
964,964,0,5d3813eec9a40000,ff,0,0,0101,73f2,0,0000,0101,0,0101,0000,1,1,0,0,0000,014e,0000,0000,0000,0000,0,014e,0101,0000,0,015,0101,0101,1,42,01e4,0170
965,965,0,5d3813eec9a40000,ff,0,0,0101,73f2,0,0000,0101,0,0101,0000,1,1,0,0,0000,014e,0000,0000,0000,0000,0,014e,0101,0000,0,015,0101,0101,1,42,01e4,0170
966,966,0,5d3813eec9a40000,ff,0,0,0101,73f2,0,0000,0101,0,0101,0000,1,1,0,0,0000,014e,0000,0000,0000,0000,0,014e,0101,0000,0,015,0101,0101,1,42,01e4,0170
967,967,0,5d3813eec9a40000,ff,0,0,0101,73f2,0,0000,0101,0,0101,0000,1,1,0,0,0000,014e,0000,0000,0000,0000,0,014e,0101,0000,0,015,0101,0101,1,42,01e4,0170
968,968,0,5d3813eec9a40000,ff,0,0,0101,73f2,0,0000,0101,0,0101,0000,1,1,0,0,0000,014e,0000,0000,0000,0000,0,014e,0101,0000,0,015,0101,0101,1,42,01e4,0170
969,969,0,5d3813eec9a40000,ff,0,0,0101,73f2,0,0000,0101,0,0101,0000,1,1,0,0,0000,014e,0000,0000,0000,0000,0,014e,0101,0000,0,015,0101,0101,1,42,01e4,0170
970,970,0,5d3813eec9a40000,ff,0,0,0101,73f2,0,0000,0101,0,0101,0000,1,1,0,0,0000,014e,0000,0000,0000,0000,0,014e,0101,0000,0,015,0101,0101,1,42,01e4,0170
971,971,0,5d3813eec9a40000,ff,0,0,0101,73f2,0,0000,0101,0,0101,0000,1,1,0,0,0000,014e,0000,0000,0000,0000,0,014e,0101,0000,0,015,0101,0101,1,42,01e4,0170
972,972,0,5d3813eec9a40000,ff,0,0,0101,73f2,0,0000,0101,0,0101,0000,1,1,0,0,0000,014e,0000,0000,0000,0000,0,014e,0101,0000,0,015,0101,0101,1,42,01e4,0170
973,973,0,5d3813eec9a40000,ff,0,0,0101,73f2,0,0000,0101,0,0101,0000,1,1,0,0,0000,014e,0000,0000,0000,0000,0,014e,0101,0000,0,015,0101,0101,1,42,01e4,0170
974,974,0,5d3813eec9a40000,ff,0,0,0101,73f2,0,0000,0101,0,0101,0000,1,1,0,0,0000,014e,0000,0000,0000,0000,0,014e,0101,0000,0,015,0101,0101,1,42,01e4,0170
975,975,0,5d3813eec9a40000,ff,0,0,0101,73f2,0,0000,0101,0,0101,0000,1,1,0,0,0000,014e,0000,0000,0000,0000,0,014e,0101,0000,0,015,0101,0101,1,42,01e4,0170
976,976,0,5d3813eec9a40000,ff,0,0,0101,73f2,0,0000,0101,0,0101,0000,1,1,0,0,0000,014e,0000,0000,0000,0000,0,014e,0101,0000,0,015,0101,0101,1,42,01e4,0170
977,977,0,5d3813eec9a40000,ff,0,0,0101,73f2,0,0000,0101,0,0101,0000,1,1,0,0,0000,014e,0000,0000,0000,0000,0,014e,0101,0000,0,015,0101,0101,1,42,01e4,0170
978,978,0,5d3813eec9a40000,ff,0,0,0101,73f2,0,0000,0101,0,0101,0000,1,1,0,0,0000,014e,0000,0000,0000,0000,0,014e,0101,0000,0,015,0101,0101,1,42,01e4,0170
979,979,0,5d3813eec9a40000,ff,0,0,0101,73f2,0,0000,0101,0,0101,0000,1,1,0,0,0000,014e,0000,0000,0000,0000,0,014e,0101,0000,0,015,0101,0101,1,42,01e4,0170
980,980,0,5d3813eec9a40000,ff,0,0,0101,73f2,0,0000,0101,0,0101,0000,1,1,0,0,0000,014e,0000,0000,0000,0000,0,014e,0101,0000,0,015,0101,0101,1,42,01e4,0170
981,981,0,5d3813eec9a40000,ff,0,0,0101,73f2,0,0000,0101,0,0101,0000,1,1,0,0,0000,014e,0000,0000,0000,0000,0,014e,0101,0000,0,015,0101,0101,1,42,01e4,0170
982,982,0,5d3813eec9a40000,ff,0,0,0101,73f2,0,0000,0101,0,0101,0000,1,1,0,0,0000,014e,0000,0000,0000,0000,0,014e,0101,0000,0,015,0101,0101,1,42,01e4,0170
983,983,0,5d3813eec9a40000,ff,0,0,0101,73f2,0,0000,0101,0,0101,0000,1,1,0,0,0000,014e,0000,0000,0000,0000,0,014e,0101,0000,0,015,0101,0101,1,42,01e4,0170
984,984,0,5d3813eec9a40000,ff,0,0,0101,73f2,0,0000,0101,0,0101,0000,1,1,0,0,0000,014e,0000,0000,0000,0000,0,014e,0101,0000,0,015,0101,0101,1,42,01e4,0170
985,985,0,5d3813eec9a40000,ff,0,0,0101,73f2,0,0000,0101,0,0101,0000,1,1,0,0,0000,014e,0000,0000,0000,0000,0,014e,0101,0000,0,015,0101,0101,1,42,01e4,0170
986,986,0,5d3813eec9a40000,ff,0,0,0101,73f2,0,0000,0101,0,0101,0000,1,1,0,0,0000,014e,0000,0000,0000,0000,0,014e,0101,0000,0,015,0101,0101,1,42,01e4,0170
987,987,0,5d3813eec9a40000,ff,0,0,0101,73f2,0,0000,0101,0,0101,0000,1,1,0,0,0000,014e,0000,0000,0000,0000,0,014e,0101,0000,0,015,0101,0101,1,42,01e4,0170
988,988,0,5d3813eec9a40000,ff,0,0,0101,73f2,0,0000,0101,0,0101,0000,1,1,0,0,0000,014e,0000,0000,0000,0000,0,014e,0101,0000,0,015,0101,0101,1,42,01e4,0170
989,989,0,5d3813eec9a40000,ff,0,0,0101,73f2,0,0000,0101,0,0101,0000,1,1,0,0,0000,014e,0000,0000,0000,0000,0,014e,0101,0000,0,015,0101,0101,1,42,01e4,0170
990,990,0,5d3813eec9a40000,ff,0,0,0101,73f2,0,0000,0101,0,0101,0000,1,1,0,0,0000,014e,0000,0000,0000,0000,0,014e,0101,0000,0,015,0101,0101,1,42,01e4,0170
991,991,0,5d3813eec9a40000,ff,0,0,0101,73f2,0,0000,0101,0,0101,0000,1,1,0,0,0000,014e,0000,0000,0000,0000,0,014e,0101,0000,0,015,0101,0101,1,42,01e4,0170
992,992,0,5d3813eec9a40000,ff,0,0,0101,73f2,0,0000,0101,0,0101,0000,1,1,0,0,0000,014e,0000,0000,0000,0000,0,014e,0101,0000,0,015,0101,0101,1,42,01e4,0170
993,993,0,5d3813eec9a40000,ff,0,0,0101,73f2,0,0000,0101,0,0101,0000,1,1,0,0,0000,014e,0000,0000,0000,0000,0,014e,0101,0000,0,015,0101,0101,1,42,01e4,0170
994,994,0,5d3813eec9a40000,ff,0,0,0101,73f2,0,0000,0101,0,0101,0000,1,1,0,0,0000,014e,0000,0000,0000,0000,0,014e,0101,0000,0,015,0101,0101,1,42,01e4,0170
995,995,0,5d3813eec9a40000,ff,0,0,0101,73f2,0,0000,0101,0,0101,0000,1,1,0,0,0000,014e,0000,0000,0000,0000,0,014e,0101,0000,0,015,0101,0101,1,42,01e4,0170
996,996,0,5d3813eec9a40000,ff,0,0,0101,73f2,0,0000,0101,0,0101,0000,1,1,0,0,0000,014e,0000,0000,0000,0000,0,014e,0101,0000,0,015,0101,0101,1,42,01e4,0170
997,997,0,5d3813eec9a40000,ff,0,0,0101,73f2,0,0000,0101,0,0101,0000,1,1,0,0,0000,014e,0000,0000,0000,0000,0,014e,0101,0000,0,015,0101,0101,1,42,01e4,0170
998,998,0,5d3813eec9a40000,ff,0,0,0101,73f2,0,0000,0101,0,0101,0000,1,1,0,0,0000,014e,0000,0000,0000,0000,0,014e,0101,0000,0,015,0101,0101,1,42,01e4,0170
999,999,0,5d3813eec9a40000,ff,0,0,0101,73f2,0,0000,0101,0,0101,0000,1,1,0,0,0000,014e,0000,0000,0000,0000,0,014e,0101,0000,0,015,0101,0101,1,42,01e4,0170
1000,1000,0,5d3813eec9a40000,ff,0,0,0101,73f2,0,0000,0101,0,0101,0000,1,1,0,0,0000,014e,0000,0000,0000,0000,0,014e,0101,0000,0,015,0101,0101,1,42,01e4,0170
1001,1001,0,5d3813eec9a40000,ff,0,0,0101,73f2,0,0000,0101,0,0101,0000,1,1,0,0,0000,014e,0000,0000,0000,0000,0,014e,0101,0000,0,015,0101,0101,1,42,01e4,0170
1002,1002,0,5d3813eec9a40000,ff,0,0,0101,73f2,0,0000,0101,0,0101,0000,1,1,0,0,0000,014e,0000,0000,0000,0000,0,014e,0101,0000,0,015,0101,0101,1,42,01e4,0170
1003,1003,0,5d3813eec9a40000,ff,0,0,0101,73f2,0,0000,0101,0,0101,0000,1,1,0,0,0000,014e,0000,0000,0000,0000,0,014e,0101,0000,0,015,0101,0101,1,42,01e4,0170
1004,1004,0,5d3813eec9a40000,ff,0,0,0101,73f2,0,0000,0101,0,0101,0000,1,1,0,0,0000,014e,0000,0000,0000,0000,0,014e,0101,0000,0,015,0101,0101,1,42,01e4,0170
1005,1005,0,5d3813eec9a40000,ff,0,0,0101,73f2,0,0000,0101,0,0101,0000,1,1,0,0,0000,014e,0000,0000,0000,0000,0,014e,0101,0000,0,015,0101,0101,1,42,01e4,0170
1006,1006,0,5d3813eec9a40000,ff,0,0,0101,73f2,0,0000,0101,0,0101,0000,1,1,0,0,0000,014e,0000,0000,0000,0000,0,014e,0101,0000,0,015,0101,0101,1,42,01e4,0170
1007,1007,0,5d3813eec9a40000,ff,0,0,0101,73f2,0,0000,0101,0,0101,0000,1,1,0,0,0000,014e,0000,0000,0000,0000,0,014e,0101,0000,0,015,0101,0101,1,42,01e4,0170
1008,1008,0,5d3813eec9a40000,ff,0,0,0101,73f2,0,0000,0101,0,0101,0000,1,1,0,0,0000,014e,0000,0000,0000,0000,0,014e,0101,0000,0,015,0101,0101,1,42,01e4,0170
1009,1009,0,5d3813eec9a40000,ff,0,0,0101,73f2,0,0000,0101,0,0101,0000,1,1,0,0,0000,014e,0000,0000,0000,0000,0,014e,0101,0000,0,015,0101,0101,1,42,01e4,0170
1010,1010,0,5d3813eec9a40000,ff,0,0,0101,73f2,0,0000,0101,0,0101,0000,1,1,0,0,0000,014e,0000,0000,0000,0000,0,014e,0101,0000,0,015,0101,0101,1,42,01e4,0170
1011,1011,0,5d3813eec9a40000,ff,0,0,0101,73f2,0,0000,0101,0,0101,0000,1,1,0,0,0000,014e,0000,0000,0000,0000,0,014e,0101,0000,0,015,0101,0101,1,42,01e4,0170
1012,1012,0,5d3813eec9a40000,ff,0,0,0101,73f2,0,0000,0101,0,0101,0000,1,1,0,0,0000,014e,0000,0000,0000,0000,0,014e,0101,0000,0,015,0101,0101,1,42,01e4,0170
1013,1013,0,5d3813eec9a40000,ff,0,0,0101,73f2,0,0000,0101,0,0101,0000,1,1,0,0,0000,014e,0000,0000,0000,0000,0,014e,0101,0000,0,015,0101,0101,1,42,01e4,0170
1014,1014,0,5d3813eec9a40000,ff,0,0,0101,73f2,0,0000,0101,0,0101,0000,1,1,0,0,0000,014e,0000,0000,0000,0000,0,014e,0101,0000,0,015,0101,0101,1,42,01e4,0170
1015,1015,0,5d3813eec9a40000,ff,0,0,0101,73f2,0,0000,0101,0,0101,0000,1,1,0,0,0000,014e,0000,0000,0000,0000,0,014e,0101,0000,0,015,0101,0101,1,42,01e4,0170
1016,1016,0,5d3813eec9a40000,ff,0,0,0101,73f2,0,0000,0101,0,0101,0000,1,1,0,0,0000,014e,0000,0000,0000,0000,0,014e,0101,0000,0,015,0101,0101,1,42,01e4,0170
1017,1017,0,5d3813eec9a40000,ff,0,0,0101,73f2,0,0000,0101,0,0101,0000,1,1,0,0,0000,014e,0000,0000,0000,0000,0,014e,0101,0000,0,015,0101,0101,1,42,01e4,0170
1018,1018,0,5d3813eec9a40000,ff,0,0,0101,73f2,0,0000,0101,0,0101,0000,1,1,0,0,0000,014e,0000,0000,0000,0000,0,014e,0101,0000,0,015,0101,0101,1,42,01e4,0170
1019,1019,0,5d3813eec9a40000,ff,0,0,0101,73f2,0,0000,0101,0,0101,0000,1,1,0,0,0000,014e,0000,0000,0000,0000,0,014e,0101,0000,0,015,0101,0101,1,42,01e4,0170
1020,1020,0,5d3813eec9a40000,ff,0,0,0101,73f2,0,0000,0101,0,0101,0000,1,1,0,0,0000,014e,0000,0000,0000,0000,0,014e,0101,0000,0,015,0101,0101,1,42,01e4,0170
1021,1021,0,5d3813eec9a40000,ff,0,0,0101,73f2,0,0000,0101,0,0101,0000,1,1,0,0,0000,014e,0000,0000,0000,0000,0,014e,0101,0000,0,015,0101,0101,1,42,01e4,0170
1022,1022,0,5d3813eec9a40000,ff,0,0,0101,73f2,0,0000,0101,0,0101,0000,1,1,0,0,0000,014e,0000,0000,0000,0000,0,014e,0101,0000,0,015,0101,0101,1,42,01e4,0170
1023,1023,0,5d3813eec9a40000,ff,0,0,0101,73f2,0,0000,0101,0,0101,0000,1,1,0,0,0000,014e,0000,0000,0000,0000,0,014e,0101,0000,0,015,0101,0101,1,42,01e4,0170
1024,1024,1,5d3813eec9a40000,ff,0,0,0101,73f2,0,0000,0101,0,0101,0000,1,1,0,0,0000,014e,0000,0000,0000,0000,0,014e,0101,0000,0,015,0101,0101,1,42,01e4,0170
1025,1025,0,5d3813eec9a40000,ff,0,0,0101,73f2,0,0000,0101,0,0101,0000,1,1,0,0,0000,014e,0000,0000,0000,0000,0,014e,0101,0000,0,015,0101,0101,1,42,01e4,0170
1026,1026,0,5d3813eec9a40000,ff,0,0,0101,73f2,0,0000,0101,0,0101,0000,1,1,0,0,0000,014e,0000,0000,0000,0000,0,014e,0101,0000,0,015,0101,0101,1,42,01e4,0170
1027,1027,0,5d3813eec9a40000,ff,0,0,0101,73f2,0,0000,0101,0,0101,0000,1,1,0,0,0000,014e,0000,0000,0000,0000,0,014e,0101,0000,0,015,0101,0101,1,42,01e4,0170
1028,1028,0,5d3813eec9a40000,ff,0,0,0101,73f2,0,0000,0101,0,0101,0000,1,1,0,0,0000,014e,0000,0000,0000,0000,0,014e,0101,0000,0,015,0101,0101,1,42,01e4,0170
1029,1029,0,5d3813eec9a40000,ff,0,0,0101,73f2,0,0000,0101,0,0101,0000,1,1,0,0,0000,014e,0000,0000,0000,0000,0,014e,0101,0000,0,015,0101,0101,1,42,01e4,0170
1030,1030,0,5d3813eec9a40000,ff,0,0,0101,73f2,0,0000,0101,0,0101,0000,1,1,0,0,0000,014e,0000,0000,0000,0000,0,014e,0101,0000,0,015,0101,0101,1,42,01e4,0170
1031,1031,0,5d3813eec9a40000,ff,0,0,0101,73f2,0,0000,0101,0,0101,0000,1,1,0,0,0000,014e,0000,0000,0000,0000,0,014e,0101,0000,0,015,0101,0101,1,42,01e4,0170
1032,1032,0,5d3813eec9a40000,ff,0,0,0101,73f2,0,0000,0101,0,0101,0000,1,1,0,0,0000,014e,0000,0000,0000,0000,0,014e,0101,0000,0,015,0101,0101,1,42,01e4,0170
1033,1033,0,5d3813eec9a40000,ff,0,0,0101,73f2,0,0000,0101,0,0101,0000,1,1,0,0,0000,014e,0000,0000,0000,0000,0,014e,0101,0000,0,015,0101,0101,1,42,01e4,0170
1034,1034,0,5d3813eec9a40000,ff,0,0,0101,73f2,0,0000,0101,0,0101,0000,1,1,0,0,0000,014e,0000,0000,0000,0000,0,014e,0101,0000,0,015,0101,0101,1,42,01e4,0170
1035,1035,0,5d3813eec9a40000,ff,0,0,0101,73f2,0,0000,0101,0,0101,0000,1,1,0,0,0000,014e,0000,0000,0000,0000,0,014e,0101,0000,0,015,0101,0101,1,42,01e4,0170
1036,1036,0,5d3813eec9a40000,ff,0,0,0101,73f2,0,0000,0101,0,0101,0000,1,1,0,0,0000,014e,0000,0000,0000,0000,0,014e,0101,0000,0,015,0101,0101,1,42,01e4,0170
1037,1037,0,5d3813eec9a40000,ff,0,0,0101,73f2,0,0000,0101,0,0101,0000,1,1,0,0,0000,014e,0000,0000,0000,0000,0,014e,0101,0000,0,015,0101,0101,1,42,01e4,0170
1038,1038,0,5d3813eec9a40000,ff,0,0,0101,73f2,0,0000,0101,0,0101,0000,1,1,0,0,0000,014e,0000,0000,0000,0000,0,014e,0101,0000,0,015,0101,0101,1,42,01e4,0170
1039,1039,0,5d3813eec9a40000,ff,0,0,0101,73f2,0,0000,0101,0,0101,0000,1,1,0,0,0000,014e,0000,0000,0000,0000,0,014e,0101,0000,0,015,0101,0101,1,42,01e4,0170
1040,1040,0,5d3813eec9a40000,ff,0,0,0101,73f2,0,0000,0101,0,0101,0000,1,1,0,0,0000,014e,0000,0000,0000,0000,0,014e,0101,0000,0,015,0101,0101,1,42,01e4,0170
1041,1041,0,5d3813eec9a40000,ff,0,0,0101,73f2,0,0000,0101,0,0101,0000,1,1,0,0,0000,014e,0000,0000,0000,0000,0,014e,0101,0000,0,015,0101,0101,1,42,01e4,0170
1042,1042,0,5d3813eec9a40000,ff,0,0,0101,73f2,0,0000,0101,0,0101,0000,1,1,0,0,0000,014e,0000,0000,0000,0000,0,014e,0101,0000,0,015,0101,0101,1,42,01e4,0170
1043,1043,0,5d3813eec9a40000,ff,0,0,0101,73f2,0,0000,0101,0,0101,0000,1,1,0,0,0000,014e,0000,0000,0000,0000,0,014e,0101,0000,0,015,0101,0101,1,42,01e4,0170
1044,1044,0,5d3813eec9a40000,ff,0,0,0101,73f2,0,0000,0101,0,0101,0000,1,1,0,0,0000,014e,0000,0000,0000,0000,0,014e,0101,0000,0,015,0101,0101,1,42,01e4,0170
1045,1045,0,5d3813eec9a40000,ff,0,0,0101,73f2,0,0000,0101,0,0101,0000,1,1,0,0,0000,014e,0000,0000,0000,0000,0,014e,0101,0000,0,015,0101,0101,1,42,01e4,0170
1046,1046,0,5d3813eec9a40000,ff,0,0,0101,73f2,0,0000,0101,0,0101,0000,1,1,0,0,0000,014e,0000,0000,0000,0000,0,014e,0101,0000,0,015,0101,0101,1,42,01e4,0170
1047,1047,0,5d3813eec9a40000,ff,0,0,0101,73f2,0,0000,0101,0,0101,0000,1,1,0,0,0000,014e,0000,0000,0000,0000,0,014e,0101,0000,0,015,0101,0101,1,42,01e4,0170
1048,1048,0,5d3813eec9a40000,ff,0,0,0101,73f2,0,0000,0101,0,0101,0000,1,1,0,0,0000,014e,0000,0000,0000,0000,0,014e,0101,0000,0,015,0101,0101,1,42,01e4,0170
1049,1049,0,5d3813eec9a40000,ff,0,0,0101,73f2,0,0000,0101,0,0101,0000,1,1,0,0,0000,014e,0000,0000,0000,0000,0,014e,0101,0000,0,015,0101,0101,1,42,01e4,0170
1050,1050,0,5d3813eec9a40000,ff,0,0,0101,73f2,0,0000,0101,0,0101,0000,1,1,0,0,0000,014e,0000,0000,0000,0000,0,014e,0101,0000,0,015,0101,0101,1,42,01e4,0170
1051,1051,0,5d3813eec9a40000,ff,0,0,0101,73f2,0,0000,0101,0,0101,0000,1,1,0,0,0000,014e,0000,0000,0000,0000,0,014e,0101,0000,0,015,0101,0101,1,42,01e4,0170
1052,1052,0,5d3813eec9a40000,ff,0,0,0101,73f2,0,0000,0101,0,0101,0000,1,1,0,0,0000,014e,0000,0000,0000,0000,0,014e,0101,0000,0,015,0101,0101,1,42,01e4,0170
1053,1053,0,5d3813eec9a40000,ff,0,0,0101,73f2,0,0000,0101,0,0101,0000,1,1,0,0,0000,014e,0000,0000,0000,0000,0,014e,0101,0000,0,015,0101,0101,1,42,01e4,0170
1054,1054,0,5d3813eec9a40000,ff,0,0,0101,73f2,0,0000,0101,0,0101,0000,1,1,0,0,0000,014e,0000,0000,0000,0000,0,014e,0101,0000,0,015,0101,0101,1,42,01e4,0170
1055,1055,0,5d3813eec9a40000,ff,0,0,0101,73f2,0,0000,0101,0,0101,0000,1,1,0,0,0000,014e,0000,0000,0000,0000,0,014e,0101,0000,0,015,0101,0101,1,42,01e4,0170
1056,1056,0,5d3813eec9a40000,ff,0,0,0101,73f2,0,0000,0101,0,0101,0000,1,1,0,0,0000,014e,0000,0000,0000,0000,0,014e,0101,0000,0,015,0101,0101,1,42,01e4,0170
1057,1057,0,5d3813eec9a40000,ff,0,0,0101,73f2,0,0000,0101,0,0101,0000,1,1,0,0,0000,014e,0000,0000,0000,0000,0,014e,0101,0000,0,015,0101,0101,1,42,01e4,0170
1058,1058,0,5d3813eec9a40000,ff,0,0,0101,73f2,0,0000,0101,0,0101,0000,1,1,0,0,0000,014e,0000,0000,0000,0000,0,014e,0101,0000,0,015,0101,0101,1,42,01e4,0170
1059,1059,0,5d3813eec9a40000,ff,0,0,0101,73f2,0,0000,0101,0,0101,0000,1,1,0,0,0000,014e,0000,0000,0000,0000,0,014e,0101,0000,0,015,0101,0101,1,42,01e4,0170
1060,1060,0,5d3813eec9a40000,ff,0,0,0101,73f2,0,0000,0101,0,0101,0000,1,1,0,0,0000,014e,0000,0000,0000,0000,0,014e,0101,0000,0,015,0101,0101,1,42,01e4,0170
1061,1061,0,5d3813eec9a40000,ff,0,0,0101,73f2,0,0000,0101,0,0101,0000,1,1,0,0,0000,014e,0000,0000,0000,0000,0,014e,0101,0000,0,015,0101,0101,1,42,01e4,0170
1062,1062,0,5d3813eec9a40000,ff,0,0,0101,73f2,0,0000,0101,0,0101,0000,1,1,0,0,0000,014e,0000,0000,0000,0000,0,014e,0101,0000,0,015,0101,0101,1,42,01e4,0170
1063,1063,0,5d3813eec9a40000,ff,0,0,0101,73f2,0,0000,0101,0,0101,0000,1,1,0,0,0000,014e,0000,0000,0000,0000,0,014e,0101,0000,0,015,0101,0101,1,42,01e4,0170
1064,1064,0,5d3813eec9a40000,ff,0,0,0101,73f2,0,0000,0101,0,0101,0000,1,1,0,0,0000,014e,0000,0000,0000,0000,0,014e,0101,0000,0,015,0101,0101,1,42,01e4,0170
1065,1065,0,5d3813eec9a40000,ff,0,0,0101,73f2,0,0000,0101,0,0101,0000,1,1,0,0,0000,014e,0000,0000,0000,0000,0,014e,0101,0000,0,015,0101,0101,1,42,01e4,0170
1066,1066,0,5d3813eec9a40000,ff,0,0,0101,73f2,0,0000,0101,0,0101,0000,1,1,0,0,0000,014e,0000,0000,0000,0000,0,014e,0101,0000,0,015,0101,0101,1,42,01e4,0170
1067,1067,0,5d3813eec9a40000,ff,0,0,0101,73f2,0,0000,0101,0,0101,0000,1,1,0,0,0000,014e,0000,0000,0000,0000,0,014e,0101,0000,0,015,0101,0101,1,42,01e4,0170
1068,1068,0,5d3813eec9a40000,ff,0,0,0101,73f2,0,0000,0101,0,0101,0000,1,1,0,0,0000,014e,0000,0000,0000,0000,0,014e,0101,0000,0,015,0101,0101,1,42,01e4,0170
1069,1069,0,5d3813eec9a40000,ff,0,0,0101,73f2,0,0000,0101,0,0101,0000,1,1,0,0,0000,014e,0000,0000,0000,0000,0,014e,0101,0000,0,015,0101,0101,1,42,01e4,0170
1070,1070,0,5d3813eec9a40000,ff,0,0,0101,73f2,0,0000,0101,0,0101,0000,1,1,0,0,0000,014e,0000,0000,0000,0000,0,014e,0101,0000,0,015,0101,0101,1,42,01e4,0170
1071,1071,0,5d3813eec9a40000,ff,0,0,0101,73f2,0,0000,0101,0,0101,0000,1,1,0,0,0000,014e,0000,0000,0000,0000,0,014e,0101,0000,0,015,0101,0101,1,42,01e4,0170
1072,1072,0,5d3813eec9a40000,ff,0,0,0101,73f2,0,0000,0101,0,0101,0000,1,1,0,0,0000,014e,0000,0000,0000,0000,0,014e,0101,0000,0,015,0101,0101,1,42,01e4,0170
1073,1073,0,5d3813eec9a40000,ff,0,0,0101,73f2,0,0000,0101,0,0101,0000,1,1,0,0,0000,014e,0000,0000,0000,0000,0,014e,0101,0000,0,015,0101,0101,1,42,01e4,0170
1074,1074,0,5d3813eec9a40000,ff,0,0,0101,73f2,0,0000,0101,0,0101,0000,1,1,0,0,0000,014e,0000,0000,0000,0000,0,014e,0101,0000,0,015,0101,0101,1,42,01e4,0170
1075,1075,0,5d3813eec9a40000,ff,0,0,0101,73f2,0,0000,0101,0,0101,0000,1,1,0,0,0000,014e,0000,0000,0000,0000,0,014e,0101,0000,0,015,0101,0101,1,42,01e4,0170
1076,1076,0,5d3813eec9a40000,ff,0,0,0101,73f2,0,0000,0101,0,0101,0000,1,1,0,0,0000,014e,0000,0000,0000,0000,0,014e,0101,0000,0,015,0101,0101,1,42,01e4,0170
1077,1077,0,5d3813eec9a40000,ff,0,0,0101,73f2,0,0000,0101,0,0101,0000,1,1,0,0,0000,014e,0000,0000,0000,0000,0,014e,0101,0000,0,015,0101,0101,1,42,01e4,0170
1078,1078,0,5d3813eec9a40000,ff,0,0,0101,73f2,0,0000,0101,0,0101,0000,1,1,0,0,0000,014e,0000,0000,0000,0000,0,014e,0101,0000,0,015,0101,0101,1,42,01e4,0170
1079,1079,0,5d3813eec9a40000,ff,0,0,0101,73f2,0,0000,0101,0,0101,0000,1,1,0,0,0000,014e,0000,0000,0000,0000,0,014e,0101,0000,0,015,0101,0101,1,42,01e4,0170
1080,1080,0,5d3813eec9a40000,ff,0,0,0101,73f2,0,0000,0101,0,0101,0000,1,1,0,0,0000,014e,0000,0000,0000,0000,0,014e,0101,0000,0,015,0101,0101,1,42,01e4,0170
1081,1081,0,5d3813eec9a40000,ff,0,0,0101,73f2,0,0000,0101,0,0101,0000,1,1,0,0,0000,014e,0000,0000,0000,0000,0,014e,0101,0000,0,015,0101,0101,1,42,01e4,0170
1082,1082,0,5d3813eec9a40000,ff,0,0,0101,73f2,0,0000,0101,0,0101,0000,1,1,0,0,0000,014e,0000,0000,0000,0000,0,014e,0101,0000,0,015,0101,0101,1,42,01e4,0170
1083,1083,0,5d3813eec9a40000,ff,0,0,0101,73f2,0,0000,0101,0,0101,0000,1,1,0,0,0000,014e,0000,0000,0000,0000,0,014e,0101,0000,0,015,0101,0101,1,42,01e4,0170
1084,1084,0,5d3813eec9a40000,ff,0,0,0101,73f2,0,0000,0101,0,0101,0000,1,1,0,0,0000,014e,0000,0000,0000,0000,0,014e,0101,0000,0,015,0101,0101,1,42,01e4,0170
1085,1085,0,5d3813eec9a40000,ff,0,0,0101,73f2,0,0000,0101,0,0101,0000,1,1,0,0,0000,014e,0000,0000,0000,0000,0,014e,0101,0000,0,015,0101,0101,1,42,01e4,0170
1086,1086,0,5d3813eec9a40000,ff,0,0,0101,73f2,0,0000,0101,0,0101,0000,1,1,0,0,0000,014e,0000,0000,0000,0000,0,014e,0101,0000,0,015,0101,0101,1,42,01e4,0170
1087,1087,0,5d3813eec9a40000,ff,0,0,0101,73f2,0,0000,0101,0,0101,0000,1,1,0,0,0000,014e,0000,0000,0000,0000,0,014e,0101,0000,0,015,0101,0101,1,42,01e4,0170
1088,1088,0,5d3813eec9a40000,ff,0,0,0101,73f2,0,0000,0101,0,0101,0000,1,1,0,0,0000,014e,0000,0000,0000,0000,0,014e,0101,0000,0,015,0101,0101,1,42,01e4,0170
1089,1089,0,5d3813eec9a40000,ff,0,0,0101,73f2,0,0000,0101,0,0101,0000,1,1,0,0,0000,014e,0000,0000,0000,0000,0,014e,0101,0000,0,015,0101,0101,1,42,01e4,0170
1090,1090,0,5d3813eec9a40000,ff,0,0,0101,73f2,0,0000,0101,0,0101,0000,1,1,0,0,0000,014e,0000,0000,0000,0000,0,014e,0101,0000,0,015,0101,0101,1,42,01e4,0170
1091,1091,0,5d3813eec9a40000,ff,0,0,0101,73f2,0,0000,0101,0,0101,0000,1,1,0,0,0000,014e,0000,0000,0000,0000,0,014e,0101,0000,0,015,0101,0101,1,42,01e4,0170
1092,1092,0,5d3813eec9a40000,ff,0,0,0101,73f2,0,0000,0101,0,0101,0000,1,1,0,0,0000,014e,0000,0000,0000,0000,0,014e,0101,0000,0,015,0101,0101,1,42,01e4,0170
1093,1093,0,5d3813eec9a40000,ff,0,0,0101,73f2,0,0000,0101,0,0101,0000,1,1,0,0,0000,014e,0000,0000,0000,0000,0,014e,0101,0000,0,015,0101,0101,1,42,01e4,0170
1094,1094,0,5d3813eec9a40000,ff,0,0,0101,73f2,0,0000,0101,0,0101,0000,1,1,0,0,0000,014e,0000,0000,0000,0000,0,014e,0101,0000,0,015,0101,0101,1,42,01e4,0170
1095,1095,0,5d3813eec9a40000,ff,0,0,0101,73f2,0,0000,0101,0,0101,0000,1,1,0,0,0000,014e,0000,0000,0000,0000,0,014e,0101,0000,0,015,0101,0101,1,42,01e4,0170
1096,1096,0,5d3813eec9a40000,ff,0,0,0101,73f2,0,0000,0101,0,0101,0000,1,1,0,0,0000,014e,0000,0000,0000,0000,0,014e,0101,0000,0,015,0101,0101,1,42,01e4,0170
1097,1097,0,5d3813eec9a40000,ff,0,0,0101,73f2,0,0000,0101,0,0101,0000,1,1,0,0,0000,014e,0000,0000,0000,0000,0,014e,0101,0000,0,015,0101,0101,1,42,01e4,0170
1098,1098,0,5d3813eec9a40000,ff,0,0,0101,73f2,0,0000,0101,0,0101,0000,1,1,0,0,0000,014e,0000,0000,0000,0000,0,014e,0101,0000,0,015,0101,0101,1,42,01e4,0170
1099,1099,0,5d3813eec9a40000,ff,0,0,0101,73f2,0,0000,0101,0,0101,0000,1,1,0,0,0000,014e,0000,0000,0000,0000,0,014e,0101,0000,0,015,0101,0101,1,42,01e4,0170
1100,1100,0,5d3813eec9a40000,ff,0,0,0101,73f2,0,0000,0101,0,0101,0000,1,1,0,0,0000,014e,0000,0000,0000,0000,0,014e,0101,0000,0,015,0101,0101,1,42,01e4,0170
1101,1101,0,5d3813eec9a40000,ff,0,0,0101,73f2,0,0000,0101,0,0101,0000,1,1,0,0,0000,014e,0000,0000,0000,0000,0,014e,0101,0000,0,015,0101,0101,1,42,01e4,0170
1102,1102,0,5d3813eec9a40000,ff,0,0,0101,73f2,0,0000,0101,0,0101,0000,1,1,0,0,0000,014e,0000,0000,0000,0000,0,014e,0101,0000,0,015,0101,0101,1,42,01e4,0170
1103,1103,0,5d3813eec9a40000,ff,0,0,0101,73f2,0,0000,0101,0,0101,0000,1,1,0,0,0000,014e,0000,0000,0000,0000,0,014e,0101,0000,0,015,0101,0101,1,42,01e4,0170
1104,1104,0,5d3813eec9a40000,ff,0,0,0101,73f2,0,0000,0101,0,0101,0000,1,1,0,0,0000,014e,0000,0000,0000,0000,0,014e,0101,0000,0,015,0101,0101,1,42,01e4,0170
1105,1105,0,5d3813eec9a40000,ff,0,0,0101,73f2,0,0000,0101,0,0101,0000,1,1,0,0,0000,014e,0000,0000,0000,0000,0,014e,0101,0000,0,015,0101,0101,1,42,01e4,0170
1106,1106,0,5d3813eec9a40000,ff,0,0,0101,73f2,0,0000,0101,0,0101,0000,1,1,0,0,0000,014e,0000,0000,0000,0000,0,014e,0101,0000,0,015,0101,0101,1,42,01e4,0170
1107,1107,0,5d3813eec9a40000,ff,0,0,0101,73f2,0,0000,0101,0,0101,0000,1,1,0,0,0000,014e,0000,0000,0000,0000,0,014e,0101,0000,0,015,0101,0101,1,42,01e4,0170
1108,1108,0,5d3813eec9a40000,ff,0,0,0101,73f2,0,0000,0101,0,0101,0000,1,1,0,0,0000,014e,0000,0000,0000,0000,0,014e,0101,0000,0,015,0101,0101,1,42,01e4,0170
1109,1109,0,5d3813eec9a40000,ff,0,0,0101,73f2,0,0000,0101,0,0101,0000,1,1,0,0,0000,014e,0000,0000,0000,0000,0,014e,0101,0000,0,015,0101,0101,1,42,01e4,0170
1110,1110,0,5d3813eec9a40000,ff,0,0,0101,73f2,0,0000,0101,0,0101,0000,1,1,0,0,0000,014e,0000,0000,0000,0000,0,014e,0101,0000,0,015,0101,0101,1,42,01e4,0170
1111,1111,0,5d3813eec9a40000,ff,0,0,0101,73f2,0,0000,0101,0,0101,0000,1,1,0,0,0000,014e,0000,0000,0000,0000,0,014e,0101,0000,0,015,0101,0101,1,42,01e4,0170
1112,1112,0,5d3813eec9a40000,ff,0,0,0101,73f2,0,0000,0101,0,0101,0000,1,1,0,0,0000,014e,0000,0000,0000,0000,0,014e,0101,0000,0,015,0101,0101,1,42,01e4,0170
1113,1113,0,5d3813eec9a40000,ff,0,0,0101,73f2,0,0000,0101,0,0101,0000,1,1,0,0,0000,014e,0000,0000,0000,0000,0,014e,0101,0000,0,015,0101,0101,1,42,01e4,0170
1114,1114,0,5d3813eec9a40000,ff,0,0,0101,73f2,0,0000,0101,0,0101,0000,1,1,0,0,0000,014e,0000,0000,0000,0000,0,014e,0101,0000,0,015,0101,0101,1,42,01e4,0170
1115,1115,0,5d3813eec9a40000,ff,0,0,0101,73f2,0,0000,0101,0,0101,0000,1,1,0,0,0000,014e,0000,0000,0000,0000,0,014e,0101,0000,0,015,0101,0101,1,42,01e4,0170
1116,1116,0,5d3813eec9a40000,ff,0,0,0101,73f2,0,0000,0101,0,0101,0000,1,1,0,0,0000,014e,0000,0000,0000,0000,0,014e,0101,0000,0,015,0101,0101,1,42,01e4,0170
1117,1117,0,5d3813eec9a40000,ff,0,0,0101,73f2,0,0000,0101,0,0101,0000,1,1,0,0,0000,014e,0000,0000,0000,0000,0,014e,0101,0000,0,015,0101,0101,1,42,01e4,0170
1118,1118,0,5d3813eec9a40000,ff,0,0,0101,73f2,0,0000,0101,0,0101,0000,1,1,0,0,0000,014e,0000,0000,0000,0000,0,014e,0101,0000,0,015,0101,0101,1,42,01e4,0170
1119,1119,0,5d3813eec9a40000,ff,0,0,0101,73f2,0,0000,0101,0,0101,0000,1,1,0,0,0000,014e,0000,0000,0000,0000,0,014e,0101,0000,0,015,0101,0101,1,42,01e4,0170
1120,1120,0,5d3813eec9a40000,ff,0,0,0101,73f2,0,0000,0101,0,0101,0000,1,1,0,0,0000,014e,0000,0000,0000,0000,0,014e,0101,0000,0,015,0101,0101,1,42,01e4,0170
1121,1121,0,5d3813eec9a40000,ff,0,0,0101,73f2,0,0000,0101,0,0101,0000,1,1,0,0,0000,014e,0000,0000,0000,0000,0,014e,0101,0000,0,015,0101,0101,1,42,01e4,0170
1122,1122,0,5d3813eec9a40000,ff,0,0,0101,73f2,0,0000,0101,0,0101,0000,1,1,0,0,0000,014e,0000,0000,0000,0000,0,014e,0101,0000,0,015,0101,0101,1,42,01e4,0170
1123,1123,0,5d3813eec9a40000,ff,0,0,0101,73f2,0,0000,0101,0,0101,0000,1,1,0,0,0000,014e,0000,0000,0000,0000,0,014e,0101,0000,0,015,0101,0101,1,42,01e4,0170
1124,1124,0,5d3813eec9a40000,ff,0,0,0101,73f2,0,0000,0101,0,0101,0000,1,1,0,0,0000,014e,0000,0000,0000,0000,0,014e,0101,0000,0,015,0101,0101,1,42,01e4,0170
1125,1125,0,5d3813eec9a40000,ff,0,0,0101,73f2,0,0000,0101,0,0101,0000,1,1,0,0,0000,014e,0000,0000,0000,0000,0,014e,0101,0000,0,015,0101,0101,1,42,01e4,0170
1126,1126,0,5d3813eec9a40000,ff,0,0,0101,73f2,0,0000,0101,0,0101,0000,1,1,0,0,0000,014e,0000,0000,0000,0000,0,014e,0101,0000,0,015,0101,0101,1,42,01e4,0170
1127,1127,0,5d3813eec9a40000,ff,0,0,0101,73f2,0,0000,0101,0,0101,0000,1,1,0,0,0000,014e,0000,0000,0000,0000,0,014e,0101,0000,0,015,0101,0101,1,42,01e4,0170
1128,1128,0,5d3813eec9a40000,ff,0,0,0101,73f2,0,0000,0101,0,0101,0000,1,1,0,0,0000,014e,0000,0000,0000,0000,0,014e,0101,0000,0,015,0101,0101,1,42,01e4,0170
1129,1129,0,5d3813eec9a40000,ff,0,0,0101,73f2,0,0000,0101,0,0101,0000,1,1,0,0,0000,014e,0000,0000,0000,0000,0,014e,0101,0000,0,015,0101,0101,1,42,01e4,0170
1130,1130,0,5d3813eec9a40000,ff,0,0,0101,73f2,0,0000,0101,0,0101,0000,1,1,0,0,0000,014e,0000,0000,0000,0000,0,014e,0101,0000,0,015,0101,0101,1,42,01e4,0170
1131,1131,0,5d3813eec9a40000,ff,0,0,0101,73f2,0,0000,0101,0,0101,0000,1,1,0,0,0000,014e,0000,0000,0000,0000,0,014e,0101,0000,0,015,0101,0101,1,42,01e4,0170
1132,1132,0,5d3813eec9a40000,ff,0,0,0101,73f2,0,0000,0101,0,0101,0000,1,1,0,0,0000,014e,0000,0000,0000,0000,0,014e,0101,0000,0,015,0101,0101,1,42,01e4,0170
1133,1133,0,5d3813eec9a40000,ff,0,0,0101,73f2,0,0000,0101,0,0101,0000,1,1,0,0,0000,014e,0000,0000,0000,0000,0,014e,0101,0000,0,015,0101,0101,1,42,01e4,0170
1134,1134,0,5d3813eec9a40000,ff,0,0,0101,73f2,0,0000,0101,0,0101,0000,1,1,0,0,0000,014e,0000,0000,0000,0000,0,014e,0101,0000,0,015,0101,0101,1,42,01e4,0170
1135,1135,0,5d3813eec9a40000,ff,0,0,0101,73f2,0,0000,0101,0,0101,0000,1,1,0,0,0000,014e,0000,0000,0000,0000,0,014e,0101,0000,0,015,0101,0101,1,42,01e4,0170
1136,1136,0,5d3813eec9a40000,ff,0,0,0101,73f2,0,0000,0101,0,0101,0000,1,1,0,0,0000,014e,0000,0000,0000,0000,0,014e,0101,0000,0,015,0101,0101,1,42,01e4,0170
1137,1137,0,5d3813eec9a40000,ff,0,0,0101,73f2,0,0000,0101,0,0101,0000,1,1,0,0,0000,014e,0000,0000,0000,0000,0,014e,0101,0000,0,015,0101,0101,1,42,01e4,0170
1138,1138,0,5d3813eec9a40000,ff,0,0,0101,73f2,0,0000,0101,0,0101,0000,1,1,0,0,0000,014e,0000,0000,0000,0000,0,014e,0101,0000,0,015,0101,0101,1,42,01e4,0170
1139,1139,0,5d3813eec9a40000,ff,0,0,0101,73f2,0,0000,0101,0,0101,0000,1,1,0,0,0000,014e,0000,0000,0000,0000,0,014e,0101,0000,0,015,0101,0101,1,42,01e4,0170
1140,1140,0,5d3813eec9a40000,ff,0,0,0101,73f2,0,0000,0101,0,0101,0000,1,1,0,0,0000,014e,0000,0000,0000,0000,0,014e,0101,0000,0,015,0101,0101,1,42,01e4,0170
1141,1141,0,5d3813eec9a40000,ff,0,0,0101,73f2,0,0000,0101,0,0101,0000,1,1,0,0,0000,014e,0000,0000,0000,0000,0,014e,0101,0000,0,015,0101,0101,1,42,01e4,0170
1142,1142,0,5d3813eec9a40000,ff,0,0,0101,73f2,0,0000,0101,0,0101,0000,1,1,0,0,0000,014e,0000,0000,0000,0000,0,014e,0101,0000,0,015,0101,0101,1,42,01e4,0170
1143,1143,0,5d3813eec9a40000,ff,0,0,0101,73f2,0,0000,0101,0,0101,0000,1,1,0,0,0000,014e,0000,0000,0000,0000,0,014e,0101,0000,0,015,0101,0101,1,42,01e4,0170
1144,1144,0,5d3813eec9a40000,ff,0,0,0101,73f2,0,0000,0101,0,0101,0000,1,1,0,0,0000,014e,0000,0000,0000,0000,0,014e,0101,0000,0,015,0101,0101,1,42,01e4,0170
1145,1145,0,5d3813eec9a40000,ff,0,0,0101,73f2,0,0000,0101,0,0101,0000,1,1,0,0,0000,014e,0000,0000,0000,0000,0,014e,0101,0000,0,015,0101,0101,1,42,01e4,0170
1146,1146,0,5d3813eec9a40000,ff,0,0,0101,73f2,0,0000,0101,0,0101,0000,1,1,0,0,0000,014e,0000,0000,0000,0000,0,014e,0101,0000,0,015,0101,0101,1,42,01e4,0170
1147,1147,0,5d3813eec9a40000,ff,0,0,0101,73f2,0,0000,0101,0,0101,0000,1,1,0,0,0000,014e,0000,0000,0000,0000,0,014e,0101,0000,0,015,0101,0101,1,42,01e4,0170
1148,1148,0,5d3813eec9a40000,ff,0,0,0101,73f2,0,0000,0101,0,0101,0000,1,1,0,0,0000,014e,0000,0000,0000,0000,0,014e,0101,0000,0,015,0101,0101,1,42,01e4,0170
1149,1149,0,5d3813eec9a40000,ff,0,0,0101,73f2,0,0000,0101,0,0101,0000,1,1,0,0,0000,014e,0000,0000,0000,0000,0,014e,0101,0000,0,015,0101,0101,1,42,01e4,0170
1150,1150,0,5d3813eec9a40000,ff,0,0,0101,73f2,0,0000,0101,0,0101,0000,1,1,0,0,0000,014e,0000,0000,0000,0000,0,014e,0101,0000,0,015,0101,0101,1,42,01e4,0170
1151,1151,0,5d3813eec9a40000,ff,0,0,0101,73f2,0,0000,0101,0,0101,0000,1,1,0,0,0000,014e,0000,0000,0000,0000,0,014e,0101,0000,0,015,0101,0101,1,42,01e4,0170
1152,1152,0,5d3813eec9a40000,ff,0,0,0101,73f2,0,0000,0101,0,0101,0000,1,1,0,0,0000,014e,0000,0000,0000,0000,0,014e,0101,0000,0,015,0101,0101,1,42,01e4,0170
1153,1153,0,5d3813eec9a40000,ff,0,0,0101,73f2,0,0000,0101,0,0101,0000,1,1,0,0,0000,014e,0000,0000,0000,0000,0,014e,0101,0000,0,015,0101,0101,1,42,01e4,0170
1154,1154,0,5d3813eec9a40000,ff,0,0,0101,73f2,0,0000,0101,0,0101,0000,1,1,0,0,0000,014e,0000,0000,0000,0000,0,014e,0101,0000,0,015,0101,0101,1,42,01e4,0170
1155,1155,0,5d3813eec9a40000,ff,0,0,0101,73f2,0,0000,0101,0,0101,0000,1,1,0,0,0000,014e,0000,0000,0000,0000,0,014e,0101,0000,0,015,0101,0101,1,42,01e4,0170
1156,1156,0,5d3813eec9a40000,ff,0,0,0101,73f2,0,0000,0101,0,0101,0000,1,1,0,0,0000,014e,0000,0000,0000,0000,0,014e,0101,0000,0,015,0101,0101,1,42,01e4,0170
1157,1157,0,5d3813eec9a40000,ff,0,0,0101,73f2,0,0000,0101,0,0101,0000,1,1,0,0,0000,014e,0000,0000,0000,0000,0,014e,0101,0000,0,015,0101,0101,1,42,01e4,0170
1158,1158,0,5d3813eec9a40000,ff,0,0,0101,73f2,0,0000,0101,0,0101,0000,1,1,0,0,0000,014e,0000,0000,0000,0000,0,014e,0101,0000,0,015,0101,0101,1,42,01e4,0170
1159,1159,0,5d3813eec9a40000,ff,0,0,0101,73f2,0,0000,0101,0,0101,0000,1,1,0,0,0000,014e,0000,0000,0000,0000,0,014e,0101,0000,0,015,0101,0101,1,42,01e4,0170
1160,1160,0,5d3813eec9a40000,ff,0,0,0101,73f2,0,0000,0101,0,0101,0000,1,1,0,0,0000,014e,0000,0000,0000,0000,0,014e,0101,0000,0,015,0101,0101,1,42,01e4,0170
1161,1161,0,5d3813eec9a40000,ff,0,0,0101,73f2,0,0000,0101,0,0101,0000,1,1,0,0,0000,014e,0000,0000,0000,0000,0,014e,0101,0000,0,015,0101,0101,1,42,01e4,0170
1162,1162,0,5d3813eec9a40000,ff,0,0,0101,73f2,0,0000,0101,0,0101,0000,1,1,0,0,0000,014e,0000,0000,0000,0000,0,014e,0101,0000,0,015,0101,0101,1,42,01e4,0170
1163,1163,0,5d3813eec9a40000,ff,0,0,0101,73f2,0,0000,0101,0,0101,0000,1,1,0,0,0000,014e,0000,0000,0000,0000,0,014e,0101,0000,0,015,0101,0101,1,42,01e4,0170
1164,1164,0,5d3813eec9a40000,ff,0,0,0101,73f2,0,0000,0101,0,0101,0000,1,1,0,0,0000,014e,0000,0000,0000,0000,0,014e,0101,0000,0,015,0101,0101,1,42,01e4,0170
1165,1165,0,5d3813eec9a40000,ff,0,0,0101,73f2,0,0000,0101,0,0101,0000,1,1,0,0,0000,014e,0000,0000,0000,0000,0,014e,0101,0000,0,015,0101,0101,1,42,01e4,0170
1166,1166,0,5d3813eec9a40000,ff,0,0,0101,73f2,0,0000,0101,0,0101,0000,1,1,0,0,0000,014e,0000,0000,0000,0000,0,014e,0101,0000,0,015,0101,0101,1,42,01e4,0170
1167,1167,0,5d3813eec9a40000,ff,0,0,0101,73f2,0,0000,0101,0,0101,0000,1,1,0,0,0000,014e,0000,0000,0000,0000,0,014e,0101,0000,0,015,0101,0101,1,42,01e4,0170
1168,1168,0,5d3813eec9a40000,ff,0,0,0101,73f2,0,0000,0101,0,0101,0000,1,1,0,0,0000,014e,0000,0000,0000,0000,0,014e,0101,0000,0,015,0101,0101,1,42,01e4,0170
1169,1169,0,5d3813eec9a40000,ff,0,0,0101,73f2,0,0000,0101,0,0101,0000,1,1,0,0,0000,014e,0000,0000,0000,0000,0,014e,0101,0000,0,015,0101,0101,1,42,01e4,0170
1170,1170,0,5d3813eec9a40000,ff,0,0,0101,73f2,0,0000,0101,0,0101,0000,1,1,0,0,0000,014e,0000,0000,0000,0000,0,014e,0101,0000,0,015,0101,0101,1,42,01e4,0170
1171,1171,0,5d3813eec9a40000,ff,0,0,0101,73f2,0,0000,0101,0,0101,0000,1,1,0,0,0000,014e,0000,0000,0000,0000,0,014e,0101,0000,0,015,0101,0101,1,42,01e4,0170
1172,1172,0,5d3813eec9a40000,ff,0,0,0101,73f2,0,0000,0101,0,0101,0000,1,1,0,0,0000,014e,0000,0000,0000,0000,0,014e,0101,0000,0,015,0101,0101,1,42,01e4,0170
1173,1173,0,5d3813eec9a40000,ff,0,0,0101,73f2,0,0000,0101,0,0101,0000,1,1,0,0,0000,014e,0000,0000,0000,0000,0,014e,0101,0000,0,015,0101,0101,1,42,01e4,0170
1174,1174,0,5d3813eec9a40000,ff,0,0,0101,73f2,0,0000,0101,0,0101,0000,1,1,0,0,0000,014e,0000,0000,0000,0000,0,014e,0101,0000,0,015,0101,0101,1,42,01e4,0170
1175,1175,0,5d3813eec9a40000,ff,0,0,0101,73f2,0,0000,0101,0,0101,0000,1,1,0,0,0000,014e,0000,0000,0000,0000,0,014e,0101,0000,0,015,0101,0101,1,42,01e4,0170
1176,1176,0,5d3813eec9a40000,ff,0,0,0101,73f2,0,0000,0101,0,0101,0000,1,1,0,0,0000,014e,0000,0000,0000,0000,0,014e,0101,0000,0,015,0101,0101,1,42,01e4,0170
1177,1177,0,5d3813eec9a40000,ff,0,0,0101,73f2,0,0000,0101,0,0101,0000,1,1,0,0,0000,014e,0000,0000,0000,0000,0,014e,0101,0000,0,015,0101,0101,1,42,01e4,0170
1178,1178,0,5d3813eec9a40000,ff,0,0,0101,73f2,0,0000,0101,0,0101,0000,1,1,0,0,0000,014e,0000,0000,0000,0000,0,014e,0101,0000,0,015,0101,0101,1,42,01e4,0170
1179,1179,0,5d3813eec9a40000,ff,0,0,0101,73f2,0,0000,0101,0,0101,0000,1,1,0,0,0000,014e,0000,0000,0000,0000,0,014e,0101,0000,0,015,0101,0101,1,42,01e4,0170
1180,1180,0,5d3813eec9a40000,ff,0,0,0101,73f2,0,0000,0101,0,0101,0000,1,1,0,0,0000,014e,0000,0000,0000,0000,0,014e,0101,0000,0,015,0101,0101,1,42,01e4,0170
1181,1181,0,5d3813eec9a40000,ff,0,0,0101,73f2,0,0000,0101,0,0101,0000,1,1,0,0,0000,014e,0000,0000,0000,0000,0,014e,0101,0000,0,015,0101,0101,1,42,01e4,0170
1182,1182,0,5d3813eec9a40000,ff,0,0,0101,73f2,0,0000,0101,0,0101,0000,1,1,0,0,0000,014e,0000,0000,0000,0000,0,014e,0101,0000,0,015,0101,0101,1,42,01e4,0170
1183,1183,0,5d3813eec9a40000,ff,0,0,0101,73f2,0,0000,0101,0,0101,0000,1,1,0,0,0000,014e,0000,0000,0000,0000,0,014e,0101,0000,0,015,0101,0101,1,42,01e4,0170
1184,1184,0,5d3813eec9a40000,ff,0,0,0101,73f2,0,0000,0101,0,0101,0000,1,1,0,0,0000,014e,0000,0000,0000,0000,0,014e,0101,0000,0,015,0101,0101,1,42,01e4,0170
1185,1185,0,5d3813eec9a40000,ff,0,0,0101,73f2,0,0000,0101,0,0101,0000,1,1,0,0,0000,014e,0000,0000,0000,0000,0,014e,0101,0000,0,015,0101,0101,1,42,01e4,0170
1186,1186,0,5d3813eec9a40000,ff,0,0,0101,73f2,0,0000,0101,0,0101,0000,1,1,0,0,0000,014e,0000,0000,0000,0000,0,014e,0101,0000,0,015,0101,0101,1,42,01e4,0170
1187,1187,0,5d3813eec9a40000,ff,0,0,0101,73f2,0,0000,0101,0,0101,0000,1,1,0,0,0000,014e,0000,0000,0000,0000,0,014e,0101,0000,0,015,0101,0101,1,42,01e4,0170
1188,1188,0,5d3813eec9a40000,ff,0,0,0101,73f2,0,0000,0101,0,0101,0000,1,1,0,0,0000,014e,0000,0000,0000,0000,0,014e,0101,0000,0,015,0101,0101,1,42,01e4,0170
1189,1189,0,5d3813eec9a40000,ff,0,0,0101,73f2,0,0000,0101,0,0101,0000,1,1,0,0,0000,014e,0000,0000,0000,0000,0,014e,0101,0000,0,015,0101,0101,1,42,01e4,0170
1190,1190,0,5d3813eec9a40000,ff,0,0,0101,73f2,0,0000,0101,0,0101,0000,1,1,0,0,0000,014e,0000,0000,0000,0000,0,014e,0101,0000,0,015,0101,0101,1,42,01e4,0170
1191,1191,0,5d3813eec9a40000,ff,0,0,0101,73f2,0,0000,0101,0,0101,0000,1,1,0,0,0000,014e,0000,0000,0000,0000,0,014e,0101,0000,0,015,0101,0101,1,42,01e4,0170
1192,1192,0,5d3813eec9a40000,ff,0,0,0101,73f2,0,0000,0101,0,0101,0000,1,1,0,0,0000,014e,0000,0000,0000,0000,0,014e,0101,0000,0,015,0101,0101,1,42,01e4,0170
1193,1193,0,5d3813eec9a40000,ff,0,0,0101,73f2,0,0000,0101,0,0101,0000,1,1,0,0,0000,014e,0000,0000,0000,0000,0,014e,0101,0000,0,015,0101,0101,1,42,01e4,0170
1194,1194,0,5d3813eec9a40000,ff,0,0,0101,73f2,0,0000,0101,0,0101,0000,1,1,0,0,0000,014e,0000,0000,0000,0000,0,014e,0101,0000,0,015,0101,0101,1,42,01e4,0170
1195,1195,0,5d3813eec9a40000,ff,0,0,0101,73f2,0,0000,0101,0,0101,0000,1,1,0,0,0000,014e,0000,0000,0000,0000,0,014e,0101,0000,0,015,0101,0101,1,42,01e4,0170
1196,1196,0,5d3813eec9a40000,ff,0,0,0101,73f2,0,0000,0101,0,0101,0000,1,1,0,0,0000,014e,0000,0000,0000,0000,0,014e,0101,0000,0,015,0101,0101,1,42,01e4,0170
1197,1197,0,5d3813eec9a40000,ff,0,0,0101,73f2,0,0000,0101,0,0101,0000,1,1,0,0,0000,014e,0000,0000,0000,0000,0,014e,0101,0000,0,015,0101,0101,1,42,01e4,0170
1198,1198,0,5d3813eec9a40000,ff,0,0,0101,73f2,0,0000,0101,0,0101,0000,1,1,0,0,0000,014e,0000,0000,0000,0000,0,014e,0101,0000,0,015,0101,0101,1,42,01e4,0170
1199,1199,0,5d3813eec9a40000,ff,0,0,0101,73f2,0,0000,0101,0,0101,0000,1,1,0,0,0000,014e,0000,0000,0000,0000,0,014e,0101,0000,0,015,0101,0101,1,42,01e4,0170
1200,1200,0,5d3813eec9a40000,ff,0,0,0101,73f2,0,0000,0101,0,0101,0000,1,1,0,0,0000,014e,0000,0000,0000,0000,0,014e,0101,0000,0,015,0101,0101,1,42,01e4,0170
1201,1201,0,5d3813eec9a40000,ff,0,0,0101,73f2,0,0000,0101,0,0101,0000,1,1,0,0,0000,014e,0000,0000,0000,0000,0,014e,0101,0000,0,015,0101,0101,1,42,01e4,0170
1202,1202,0,5d3813eec9a40000,ff,0,0,0101,73f2,0,0000,0101,0,0101,0000,1,1,0,0,0000,014e,0000,0000,0000,0000,0,014e,0101,0000,0,015,0101,0101,1,42,01e4,0170
1203,1203,0,5d3813eec9a40000,ff,0,0,0101,73f2,0,0000,0101,0,0101,0000,1,1,0,0,0000,014e,0000,0000,0000,0000,0,014e,0101,0000,0,015,0101,0101,1,42,01e4,0170
1204,1204,0,5d3813eec9a40000,ff,0,0,0101,73f2,0,0000,0101,0,0101,0000,1,1,0,0,0000,014e,0000,0000,0000,0000,0,014e,0101,0000,0,015,0101,0101,1,42,01e4,0170
1205,1205,0,5d3813eec9a40000,ff,0,0,0101,73f2,0,0000,0101,0,0101,0000,1,1,0,0,0000,014e,0000,0000,0000,0000,0,014e,0101,0000,0,015,0101,0101,1,42,01e4,0170
1206,1206,0,5d3813eec9a40000,ff,0,0,0101,73f2,0,0000,0101,0,0101,0000,1,1,0,0,0000,014e,0000,0000,0000,0000,0,014e,0101,0000,0,015,0101,0101,1,42,01e4,0170
1207,1207,0,5d3813eec9a40000,ff,0,0,0101,73f2,0,0000,0101,0,0101,0000,1,1,0,0,0000,014e,0000,0000,0000,0000,0,014e,0101,0000,0,015,0101,0101,1,42,01e4,0170
1208,1208,0,5d3813eec9a40000,ff,0,0,0101,73f2,0,0000,0101,0,0101,0000,1,1,0,0,0000,014e,0000,0000,0000,0000,0,014e,0101,0000,0,015,0101,0101,1,42,01e4,0170
1209,1209,0,5d3813eec9a40000,ff,0,0,0101,73f2,0,0000,0101,0,0101,0000,1,1,0,0,0000,014e,0000,0000,0000,0000,0,014e,0101,0000,0,015,0101,0101,1,42,01e4,0170
1210,1210,0,5d3813eec9a40000,ff,0,0,0101,73f2,0,0000,0101,0,0101,0000,1,1,0,0,0000,014e,0000,0000,0000,0000,0,014e,0101,0000,0,015,0101,0101,1,42,01e4,0170
1211,1211,0,5d3813eec9a40000,ff,0,0,0101,73f2,0,0000,0101,0,0101,0000,1,1,0,0,0000,014e,0000,0000,0000,0000,0,014e,0101,0000,0,015,0101,0101,1,42,01e4,0170
1212,1212,0,5d3813eec9a40000,ff,0,0,0101,73f2,0,0000,0101,0,0101,0000,1,1,0,0,0000,014e,0000,0000,0000,0000,0,014e,0101,0000,0,015,0101,0101,1,42,01e4,0170
1213,1213,0,5d3813eec9a40000,ff,0,0,0101,73f2,0,0000,0101,0,0101,0000,1,1,0,0,0000,014e,0000,0000,0000,0000,0,014e,0101,0000,0,015,0101,0101,1,42,01e4,0170
1214,1214,0,5d3813eec9a40000,ff,0,0,0101,73f2,0,0000,0101,0,0101,0000,1,1,0,0,0000,014e,0000,0000,0000,0000,0,014e,0101,0000,0,015,0101,0101,1,42,01e4,0170
1215,1215,0,5d3813eec9a40000,ff,0,0,0101,73f2,0,0000,0101,0,0101,0000,1,1,0,0,0000,014e,0000,0000,0000,0000,0,014e,0101,0000,0,015,0101,0101,1,42,01e4,0170
1216,1216,0,5d3813eec9a40000,ff,0,0,0101,73f2,0,0000,0101,0,0101,0000,1,1,0,0,0000,014e,0000,0000,0000,0000,0,014e,0101,0000,0,015,0101,0101,1,42,01e4,0170
1217,1217,0,5d3813eec9a40000,ff,0,0,0101,73f2,0,0000,0101,0,0101,0000,1,1,0,0,0000,014e,0000,0000,0000,0000,0,014e,0101,0000,0,015,0101,0101,1,42,01e4,0170
1218,1218,0,5d3813eec9a40000,ff,0,0,0101,73f2,0,0000,0101,0,0101,0000,1,1,0,0,0000,014e,0000,0000,0000,0000,0,014e,0101,0000,0,015,0101,0101,1,42,01e4,0170
1219,1219,0,5d3813eec9a40000,ff,0,0,0101,73f2,0,0000,0101,0,0101,0000,1,1,0,0,0000,014e,0000,0000,0000,0000,0,014e,0101,0000,0,015,0101,0101,1,42,01e4,0170
1220,1220,0,5d3813eec9a40000,ff,0,0,0101,73f2,0,0000,0101,0,0101,0000,1,1,0,0,0000,014e,0000,0000,0000,0000,0,014e,0101,0000,0,015,0101,0101,1,42,01e4,0170
1221,1221,0,5d3813eec9a40000,ff,0,0,0101,73f2,0,0000,0101,0,0101,0000,1,1,0,0,0000,014e,0000,0000,0000,0000,0,014e,0101,0000,0,015,0101,0101,1,42,01e4,0170
1222,1222,0,5d3813eec9a40000,ff,0,0,0101,73f2,0,0000,0101,0,0101,0000,1,1,0,0,0000,014e,0000,0000,0000,0000,0,014e,0101,0000,0,015,0101,0101,1,42,01e4,0170
1223,1223,0,5d3813eec9a40000,ff,0,0,0101,73f2,0,0000,0101,0,0101,0000,1,1,0,0,0000,014e,0000,0000,0000,0000,0,014e,0101,0000,0,015,0101,0101,1,42,01e4,0170
1224,1224,0,5d3813eec9a40000,ff,0,0,0101,73f2,0,0000,0101,0,0101,0000,1,1,0,0,0000,014e,0000,0000,0000,0000,0,014e,0101,0000,0,015,0101,0101,1,42,01e4,0170
1225,1225,0,5d3813eec9a40000,ff,0,0,0101,73f2,0,0000,0101,0,0101,0000,1,1,0,0,0000,014e,0000,0000,0000,0000,0,014e,0101,0000,0,015,0101,0101,1,42,01e4,0170
1226,1226,0,5d3813eec9a40000,ff,0,0,0101,73f2,0,0000,0101,0,0101,0000,1,1,0,0,0000,014e,0000,0000,0000,0000,0,014e,0101,0000,0,015,0101,0101,1,42,01e4,0170
1227,1227,0,5d3813eec9a40000,ff,0,0,0101,73f2,0,0000,0101,0,0101,0000,1,1,0,0,0000,014e,0000,0000,0000,0000,0,014e,0101,0000,0,015,0101,0101,1,42,01e4,0170
1228,1228,0,5d3813eec9a40000,ff,0,0,0101,73f2,0,0000,0101,0,0101,0000,1,1,0,0,0000,014e,0000,0000,0000,0000,0,014e,0101,0000,0,015,0101,0101,1,42,01e4,0170
1229,1229,0,5d3813eec9a40000,ff,0,0,0101,73f2,0,0000,0101,0,0101,0000,1,1,0,0,0000,014e,0000,0000,0000,0000,0,014e,0101,0000,0,015,0101,0101,1,42,01e4,0170
1230,1230,0,5d3813eec9a40000,ff,0,0,0101,73f2,0,0000,0101,0,0101,0000,1,1,0,0,0000,014e,0000,0000,0000,0000,0,014e,0101,0000,0,015,0101,0101,1,42,01e4,0170
1231,1231,0,5d3813eec9a40000,ff,0,0,0101,73f2,0,0000,0101,0,0101,0000,1,1,0,0,0000,014e,0000,0000,0000,0000,0,014e,0101,0000,0,015,0101,0101,1,42,01e4,0170
1232,1232,0,5d3813eec9a40000,ff,0,0,0101,73f2,0,0000,0101,0,0101,0000,1,1,0,0,0000,014e,0000,0000,0000,0000,0,014e,0101,0000,0,015,0101,0101,1,42,01e4,0170
1233,1233,0,5d3813eec9a40000,ff,0,0,0101,73f2,0,0000,0101,0,0101,0000,1,1,0,0,0000,014e,0000,0000,0000,0000,0,014e,0101,0000,0,015,0101,0101,1,42,01e4,0170
1234,1234,0,5d3813eec9a40000,ff,0,0,0101,73f2,0,0000,0101,0,0101,0000,1,1,0,0,0000,014e,0000,0000,0000,0000,0,014e,0101,0000,0,015,0101,0101,1,42,01e4,0170
1235,1235,0,5d3813eec9a40000,ff,0,0,0101,73f2,0,0000,0101,0,0101,0000,1,1,0,0,0000,014e,0000,0000,0000,0000,0,014e,0101,0000,0,015,0101,0101,1,42,01e4,0170
1236,1236,0,5d3813eec9a40000,ff,0,0,0101,73f2,0,0000,0101,0,0101,0000,1,1,0,0,0000,014e,0000,0000,0000,0000,0,014e,0101,0000,0,015,0101,0101,1,42,01e4,0170
1237,1237,0,5d3813eec9a40000,ff,0,0,0101,73f2,0,0000,0101,0,0101,0000,1,1,0,0,0000,014e,0000,0000,0000,0000,0,014e,0101,0000,0,015,0101,0101,1,42,01e4,0170
1238,1238,0,5d3813eec9a40000,ff,0,0,0101,73f2,0,0000,0101,0,0101,0000,1,1,0,0,0000,014e,0000,0000,0000,0000,0,014e,0101,0000,0,015,0101,0101,1,42,01e4,0170
1239,1239,0,5d3813eec9a40000,ff,0,0,0101,73f2,0,0000,0101,0,0101,0000,1,1,0,0,0000,014e,0000,0000,0000,0000,0,014e,0101,0000,0,015,0101,0101,1,42,01e4,0170
1240,1240,0,5d3813eec9a40000,ff,0,0,0101,73f2,0,0000,0101,0,0101,0000,1,1,0,0,0000,014e,0000,0000,0000,0000,0,014e,0101,0000,0,015,0101,0101,1,42,01e4,0170
1241,1241,0,5d3813eec9a40000,ff,0,0,0101,73f2,0,0000,0101,0,0101,0000,1,1,0,0,0000,014e,0000,0000,0000,0000,0,014e,0101,0000,0,015,0101,0101,1,42,01e4,0170
1242,1242,0,5d3813eec9a40000,ff,0,0,0101,73f2,0,0000,0101,0,0101,0000,1,1,0,0,0000,014e,0000,0000,0000,0000,0,014e,0101,0000,0,015,0101,0101,1,42,01e4,0170
1243,1243,0,5d3813eec9a40000,ff,0,0,0101,73f2,0,0000,0101,0,0101,0000,1,1,0,0,0000,014e,0000,0000,0000,0000,0,014e,0101,0000,0,015,0101,0101,1,42,01e4,0170
1244,1244,0,5d3813eec9a40000,ff,0,0,0101,73f2,0,0000,0101,0,0101,0000,1,1,0,0,0000,014e,0000,0000,0000,0000,0,014e,0101,0000,0,015,0101,0101,1,42,01e4,0170
1245,1245,0,5d3813eec9a40000,ff,0,0,0101,73f2,0,0000,0101,0,0101,0000,1,1,0,0,0000,014e,0000,0000,0000,0000,0,014e,0101,0000,0,015,0101,0101,1,42,01e4,0170
1246,1246,0,5d3813eec9a40000,ff,0,0,0101,73f2,0,0000,0101,0,0101,0000,1,1,0,0,0000,014e,0000,0000,0000,0000,0,014e,0101,0000,0,015,0101,0101,1,42,01e4,0170
1247,1247,0,5d3813eec9a40000,ff,0,0,0101,73f2,0,0000,0101,0,0101,0000,1,1,0,0,0000,014e,0000,0000,0000,0000,0,014e,0101,0000,0,015,0101,0101,1,42,01e4,0170
1248,1248,0,5d3813eec9a40000,ff,0,0,0101,73f2,0,0000,0101,0,0101,0000,1,1,0,0,0000,014e,0000,0000,0000,0000,0,014e,0101,0000,0,015,0101,0101,1,42,01e4,0170
1249,1249,0,5d3813eec9a40000,ff,0,0,0101,73f2,0,0000,0101,0,0101,0000,1,1,0,0,0000,014e,0000,0000,0000,0000,0,014e,0101,0000,0,015,0101,0101,1,42,01e4,0170
1250,1250,0,5d3813eec9a40000,ff,0,0,0101,73f2,0,0000,0101,0,0101,0000,1,1,0,0,0000,014e,0000,0000,0000,0000,0,014e,0101,0000,0,015,0101,0101,1,42,01e4,0170
1251,1251,0,5d3813eec9a40000,ff,0,0,0101,73f2,0,0000,0101,0,0101,0000,1,1,0,0,0000,014e,0000,0000,0000,0000,0,014e,0101,0000,0,015,0101,0101,1,42,01e4,0170
1252,1252,0,5d3813eec9a40000,ff,0,0,0101,73f2,0,0000,0101,0,0101,0000,1,1,0,0,0000,014e,0000,0000,0000,0000,0,014e,0101,0000,0,015,0101,0101,1,42,01e4,0170
1253,1253,0,5d3813eec9a40000,ff,0,0,0101,73f2,0,0000,0101,0,0101,0000,1,1,0,0,0000,014e,0000,0000,0000,0000,0,014e,0101,0000,0,015,0101,0101,1,42,01e4,0170
1254,1254,0,5d3813eec9a40000,ff,0,0,0101,73f2,0,0000,0101,0,0101,0000,1,1,0,0,0000,014e,0000,0000,0000,0000,0,014e,0101,0000,0,015,0101,0101,1,42,01e4,0170
1255,1255,0,5d3813eec9a40000,ff,0,0,0101,73f2,0,0000,0101,0,0101,0000,1,1,0,0,0000,014e,0000,0000,0000,0000,0,014e,0101,0000,0,015,0101,0101,1,42,01e4,0170
1256,1256,0,5d3813eec9a40000,ff,0,0,0101,73f2,0,0000,0101,0,0101,0000,1,1,0,0,0000,014e,0000,0000,0000,0000,0,014e,0101,0000,0,015,0101,0101,1,42,01e4,0170
1257,1257,0,5d3813eec9a40000,ff,0,0,0101,73f2,0,0000,0101,0,0101,0000,1,1,0,0,0000,014e,0000,0000,0000,0000,0,014e,0101,0000,0,015,0101,0101,1,42,01e4,0170
1258,1258,0,5d3813eec9a40000,ff,0,0,0101,73f2,0,0000,0101,0,0101,0000,1,1,0,0,0000,014e,0000,0000,0000,0000,0,014e,0101,0000,0,015,0101,0101,1,42,01e4,0170
1259,1259,0,5d3813eec9a40000,ff,0,0,0101,73f2,0,0000,0101,0,0101,0000,1,1,0,0,0000,014e,0000,0000,0000,0000,0,014e,0101,0000,0,015,0101,0101,1,42,01e4,0170
1260,1260,0,5d3813eec9a40000,ff,0,0,0101,73f2,0,0000,0101,0,0101,0000,1,1,0,0,0000,014e,0000,0000,0000,0000,0,014e,0101,0000,0,015,0101,0101,1,42,01e4,0170
1261,1261,0,5d3813eec9a40000,ff,0,0,0101,73f2,0,0000,0101,0,0101,0000,1,1,0,0,0000,014e,0000,0000,0000,0000,0,014e,0101,0000,0,015,0101,0101,1,42,01e4,0170
1262,1262,0,5d3813eec9a40000,ff,0,0,0101,73f2,0,0000,0101,0,0101,0000,1,1,0,0,0000,014e,0000,0000,0000,0000,0,014e,0101,0000,0,015,0101,0101,1,42,01e4,0170
1263,1263,0,5d3813eec9a40000,ff,0,0,0101,73f2,0,0000,0101,0,0101,0000,1,1,0,0,0000,014e,0000,0000,0000,0000,0,014e,0101,0000,0,015,0101,0101,1,42,01e4,0170
1264,1264,0,5d3813eec9a40000,ff,0,0,0101,73f2,0,0000,0101,0,0101,0000,1,1,0,0,0000,014e,0000,0000,0000,0000,0,014e,0101,0000,0,015,0101,0101,1,42,01e4,0170
1265,1265,0,5d3813eec9a40000,ff,0,0,0101,73f2,0,0000,0101,0,0101,0000,1,1,0,0,0000,014e,0000,0000,0000,0000,0,014e,0101,0000,0,015,0101,0101,1,42,01e4,0170
1266,1266,0,5d3813eec9a40000,ff,0,0,0101,73f2,0,0000,0101,0,0101,0000,1,1,0,0,0000,014e,0000,0000,0000,0000,0,014e,0101,0000,0,015,0101,0101,1,42,01e4,0170
1267,1267,0,5d3813eec9a40000,ff,0,0,0101,73f2,0,0000,0101,0,0101,0000,1,1,0,0,0000,014e,0000,0000,0000,0000,0,014e,0101,0000,0,015,0101,0101,1,42,01e4,0170
1268,1268,0,5d3813eec9a40000,ff,0,0,0101,73f2,0,0000,0101,0,0101,0000,1,1,0,0,0000,014e,0000,0000,0000,0000,0,014e,0101,0000,0,015,0101,0101,1,42,01e4,0170
1269,1269,0,5d3813eec9a40000,ff,0,0,0101,73f2,0,0000,0101,0,0101,0000,1,1,0,0,0000,014e,0000,0000,0000,0000,0,014e,0101,0000,0,015,0101,0101,1,42,01e4,0170
1270,1270,0,5d3813eec9a40000,ff,0,0,0101,73f2,0,0000,0101,0,0101,0000,1,1,0,0,0000,014e,0000,0000,0000,0000,0,014e,0101,0000,0,015,0101,0101,1,42,01e4,0170
1271,1271,0,5d3813eec9a40000,ff,0,0,0101,73f2,0,0000,0101,0,0101,0000,1,1,0,0,0000,014e,0000,0000,0000,0000,0,014e,0101,0000,0,015,0101,0101,1,42,01e4,0170
1272,1272,0,5d3813eec9a40000,ff,0,0,0101,73f2,0,0000,0101,0,0101,0000,1,1,0,0,0000,014e,0000,0000,0000,0000,0,014e,0101,0000,0,015,0101,0101,1,42,01e4,0170
1273,1273,0,5d3813eec9a40000,ff,0,0,0101,73f2,0,0000,0101,0,0101,0000,1,1,0,0,0000,014e,0000,0000,0000,0000,0,014e,0101,0000,0,015,0101,0101,1,42,01e4,0170
1274,1274,0,5d3813eec9a40000,ff,0,0,0101,73f2,0,0000,0101,0,0101,0000,1,1,0,0,0000,014e,0000,0000,0000,0000,0,014e,0101,0000,0,015,0101,0101,1,42,01e4,0170
1275,1275,0,5d3813eec9a40000,ff,0,0,0101,73f2,0,0000,0101,0,0101,0000,1,1,0,0,0000,014e,0000,0000,0000,0000,0,014e,0101,0000,0,015,0101,0101,1,42,01e4,0170
1276,1276,0,5d3813eec9a40000,ff,0,0,0101,73f2,0,0000,0101,0,0101,0000,1,1,0,0,0000,014e,0000,0000,0000,0000,0,014e,0101,0000,0,015,0101,0101,1,42,01e4,0170
1277,1277,0,5d3813eec9a40000,ff,0,0,0101,73f2,0,0000,0101,0,0101,0000,1,1,0,0,0000,014e,0000,0000,0000,0000,0,014e,0101,0000,0,015,0101,0101,1,42,01e4,0170
1278,1278,0,5d3813eec9a40000,ff,0,0,0101,73f2,0,0000,0101,0,0101,0000,1,1,0,0,0000,014e,0000,0000,0000,0000,0,014e,0101,0000,0,015,0101,0101,1,42,01e4,0170
1279,1279,0,5d3813eec9a40000,ff,0,0,0101,73f2,0,0000,0101,0,0101,0000,1,1,0,0,0000,014e,0000,0000,0000,0000,0,014e,0101,0000,0,015,0101,0101,1,42,01e4,0170
1280,1280,0,5d3813eec9a40000,ff,0,0,0101,73f2,0,0000,0101,0,0101,0000,1,1,0,0,0000,014e,0000,0000,0000,0000,0,014e,0101,0000,0,015,0101,0101,1,42,01e4,0170
1281,1281,0,5d3813eec9a40000,ff,0,0,0101,73f2,0,0000,0101,0,0101,0000,1,1,0,0,0000,014e,0000,0000,0000,0000,0,014e,0101,0000,0,015,0101,0101,1,42,01e4,0170
1282,1282,0,5d3813eec9a40000,ff,0,0,0101,73f2,0,0000,0101,0,0101,0000,1,1,0,0,0000,014e,0000,0000,0000,0000,0,014e,0101,0000,0,015,0101,0101,1,42,01e4,0170
1283,1283,0,5d3813eec9a40000,ff,0,0,0101,73f2,0,0000,0101,0,0101,0000,1,1,0,0,0000,014e,0000,0000,0000,0000,0,014e,0101,0000,0,015,0101,0101,1,42,01e4,0170
1284,1284,0,5d3813eec9a40000,ff,0,0,0101,73f2,0,0000,0101,0,0101,0000,1,1,0,0,0000,014e,0000,0000,0000,0000,0,014e,0101,0000,0,015,0101,0101,1,42,01e4,0170
1285,1285,0,5d3813eec9a40000,ff,0,0,0101,73f2,0,0000,0101,0,0101,0000,1,1,0,0,0000,014e,0000,0000,0000,0000,0,014e,0101,0000,0,015,0101,0101,1,42,01e4,0170
1286,1286,0,5d3813eec9a40000,ff,0,0,0101,73f2,0,0000,0101,0,0101,0000,1,1,0,0,0000,014e,0000,0000,0000,0000,0,014e,0101,0000,0,015,0101,0101,1,42,01e4,0170
1287,1287,0,5d3813eec9a40000,ff,0,0,0101,73f2,0,0000,0101,0,0101,0000,1,1,0,0,0000,014e,0000,0000,0000,0000,0,014e,0101,0000,0,015,0101,0101,1,42,01e4,0170
1288,1288,0,5d3813eec9a40000,ff,0,0,0101,73f2,0,0000,0101,0,0101,0000,1,1,0,0,0000,014e,0000,0000,0000,0000,0,014e,0101,0000,0,015,0101,0101,1,42,01e4,0170
1289,1289,0,5d3813eec9a40000,ff,0,0,0101,73f2,0,0000,0101,0,0101,0000,1,1,0,0,0000,014e,0000,0000,0000,0000,0,014e,0101,0000,0,015,0101,0101,1,42,01e4,0170
1290,1290,0,5d3813eec9a40000,ff,0,0,0101,73f2,0,0000,0101,0,0101,0000,1,1,0,0,0000,014e,0000,0000,0000,0000,0,014e,0101,0000,0,015,0101,0101,1,42,01e4,0170
1291,1291,0,5d3813eec9a40000,ff,0,0,0101,73f2,0,0000,0101,0,0101,0000,1,1,0,0,0000,014e,0000,0000,0000,0000,0,014e,0101,0000,0,015,0101,0101,1,42,01e4,0170
1292,1292,0,5d3813eec9a40000,ff,0,0,0101,73f2,0,0000,0101,0,0101,0000,1,1,0,0,0000,014e,0000,0000,0000,0000,0,014e,0101,0000,0,015,0101,0101,1,42,01e4,0170
1293,1293,0,5d3813eec9a40000,ff,0,0,0101,73f2,0,0000,0101,0,0101,0000,1,1,0,0,0000,014e,0000,0000,0000,0000,0,014e,0101,0000,0,015,0101,0101,1,42,01e4,0170
1294,1294,0,5d3813eec9a40000,ff,0,0,0101,73f2,0,0000,0101,0,0101,0000,1,1,0,0,0000,014e,0000,0000,0000,0000,0,014e,0101,0000,0,015,0101,0101,1,42,01e4,0170
1295,1295,0,5d3813eec9a40000,ff,0,0,0101,73f2,0,0000,0101,0,0101,0000,1,1,0,0,0000,014e,0000,0000,0000,0000,0,014e,0101,0000,0,015,0101,0101,1,42,01e4,0170
1296,1296,0,5d3813eec9a40000,ff,0,0,0101,73f2,0,0000,0101,0,0101,0000,1,1,0,0,0000,014e,0000,0000,0000,0000,0,014e,0101,0000,0,015,0101,0101,1,42,01e4,0170
1297,1297,0,5d3813eec9a40000,ff,0,0,0101,73f2,0,0000,0101,0,0101,0000,1,1,0,0,0000,014e,0000,0000,0000,0000,0,014e,0101,0000,0,015,0101,0101,1,42,01e4,0170
1298,1298,0,5d3813eec9a40000,ff,0,0,0101,73f2,0,0000,0101,0,0101,0000,1,1,0,0,0000,014e,0000,0000,0000,0000,0,014e,0101,0000,0,015,0101,0101,1,42,01e4,0170
1299,1299,0,5d3813eec9a40000,ff,0,0,0101,73f2,0,0000,0101,0,0101,0000,1,1,0,0,0000,014e,0000,0000,0000,0000,0,014e,0101,0000,0,015,0101,0101,1,42,01e4,0170
1300,1300,0,5d3813eec9a40000,ff,0,0,0101,73f2,0,0000,0101,0,0101,0000,1,1,0,0,0000,014e,0000,0000,0000,0000,0,014e,0101,0000,0,015,0101,0101,1,42,01e4,0170
1301,1301,0,5d3813eec9a40000,ff,0,0,0101,73f2,0,0000,0101,0,0101,0000,1,1,0,0,0000,014e,0000,0000,0000,0000,0,014e,0101,0000,0,015,0101,0101,1,42,01e4,0170
1302,1302,0,5d3813eec9a40000,ff,0,0,0101,73f2,0,0000,0101,0,0101,0000,1,1,0,0,0000,014e,0000,0000,0000,0000,0,014e,0101,0000,0,015,0101,0101,1,42,01e4,0170
1303,1303,0,5d3813eec9a40000,ff,0,0,0101,73f2,0,0000,0101,0,0101,0000,1,1,0,0,0000,014e,0000,0000,0000,0000,0,014e,0101,0000,0,015,0101,0101,1,42,01e4,0170
1304,1304,0,5d3813eec9a40000,ff,0,0,0101,73f2,0,0000,0101,0,0101,0000,1,1,0,0,0000,014e,0000,0000,0000,0000,0,014e,0101,0000,0,015,0101,0101,1,42,01e4,0170
1305,1305,0,5d3813eec9a40000,ff,0,0,0101,73f2,0,0000,0101,0,0101,0000,1,1,0,0,0000,014e,0000,0000,0000,0000,0,014e,0101,0000,0,015,0101,0101,1,42,01e4,0170
1306,1306,0,5d3813eec9a40000,ff,0,0,0101,73f2,0,0000,0101,0,0101,0000,1,1,0,0,0000,014e,0000,0000,0000,0000,0,014e,0101,0000,0,015,0101,0101,1,42,01e4,0170
1307,1307,0,5d3813eec9a40000,ff,0,0,0101,73f2,0,0000,0101,0,0101,0000,1,1,0,0,0000,014e,0000,0000,0000,0000,0,014e,0101,0000,0,015,0101,0101,1,42,01e4,0170
1308,1308,0,5d3813eec9a40000,ff,0,0,0101,73f2,0,0000,0101,0,0101,0000,1,1,0,0,0000,014e,0000,0000,0000,0000,0,014e,0101,0000,0,015,0101,0101,1,42,01e4,0170
1309,1309,0,5d3813eec9a40000,ff,0,0,0101,73f2,0,0000,0101,0,0101,0000,1,1,0,0,0000,014e,0000,0000,0000,0000,0,014e,0101,0000,0,015,0101,0101,1,42,01e4,0170
1310,1310,0,5d3813eec9a40000,ff,0,0,0101,73f2,0,0000,0101,0,0101,0000,1,1,0,0,0000,014e,0000,0000,0000,0000,0,014e,0101,0000,0,015,0101,0101,1,42,01e4,0170
1311,1311,0,5d3813eec9a40000,ff,0,0,0101,73f2,0,0000,0101,0,0101,0000,1,1,0,0,0000,014e,0000,0000,0000,0000,0,014e,0101,0000,0,015,0101,0101,1,42,01e4,0170
1312,1312,0,5d3813eec9a40000,ff,0,0,0101,73f2,0,0000,0101,0,0101,0000,1,1,0,0,0000,014e,0000,0000,0000,0000,0,014e,0101,0000,0,015,0101,0101,1,42,01e4,0170
1313,1313,0,5d3813eec9a40000,ff,0,0,0101,73f2,0,0000,0101,0,0101,0000,1,1,0,0,0000,014e,0000,0000,0000,0000,0,014e,0101,0000,0,015,0101,0101,1,42,01e4,0170
1314,1314,0,5d3813eec9a40000,ff,0,0,0101,73f2,0,0000,0101,0,0101,0000,1,1,0,0,0000,014e,0000,0000,0000,0000,0,014e,0101,0000,0,015,0101,0101,1,42,01e4,0170
1315,1315,0,5d3813eec9a40000,ff,0,0,0101,73f2,0,0000,0101,0,0101,0000,1,1,0,0,0000,014e,0000,0000,0000,0000,0,014e,0101,0000,0,015,0101,0101,1,42,01e4,0170
1316,1316,0,5d3813eec9a40000,ff,0,0,0101,73f2,0,0000,0101,0,0101,0000,1,1,0,0,0000,014e,0000,0000,0000,0000,0,014e,0101,0000,0,015,0101,0101,1,42,01e4,0170
1317,1317,0,5d3813eec9a40000,ff,0,0,0101,73f2,0,0000,0101,0,0101,0000,1,1,0,0,0000,014e,0000,0000,0000,0000,0,014e,0101,0000,0,015,0101,0101,1,42,01e4,0170
1318,1318,0,5d3813eec9a40000,ff,0,0,0101,73f2,0,0000,0101,0,0101,0000,1,1,0,0,0000,014e,0000,0000,0000,0000,0,014e,0101,0000,0,015,0101,0101,1,42,01e4,0170
1319,1319,0,5d3813eec9a40000,ff,0,0,0101,73f2,0,0000,0101,0,0101,0000,1,1,0,0,0000,014e,0000,0000,0000,0000,0,014e,0101,0000,0,015,0101,0101,1,42,01e4,0170
1320,1320,0,5d3813eec9a40000,ff,0,0,0101,73f2,0,0000,0101,0,0101,0000,1,1,0,0,0000,014e,0000,0000,0000,0000,0,014e,0101,0000,0,015,0101,0101,1,42,01e4,0170
1321,1321,0,5d3813eec9a40000,ff,0,0,0101,73f2,0,0000,0101,0,0101,0000,1,1,0,0,0000,014e,0000,0000,0000,0000,0,014e,0101,0000,0,015,0101,0101,1,42,01e4,0170
1322,1322,0,5d3813eec9a40000,ff,0,0,0101,73f2,0,0000,0101,0,0101,0000,1,1,0,0,0000,014e,0000,0000,0000,0000,0,014e,0101,0000,0,015,0101,0101,1,42,01e4,0170
1323,1323,0,5d3813eec9a40000,ff,0,0,0101,73f2,0,0000,0101,0,0101,0000,1,1,0,0,0000,014e,0000,0000,0000,0000,0,014e,0101,0000,0,015,0101,0101,1,42,01e4,0170
1324,1324,0,5d3813eec9a40000,ff,0,0,0101,73f2,0,0000,0101,0,0101,0000,1,1,0,0,0000,014e,0000,0000,0000,0000,0,014e,0101,0000,0,015,0101,0101,1,42,01e4,0170
1325,1325,0,5d3813eec9a40000,ff,0,0,0101,73f2,0,0000,0101,0,0101,0000,1,1,0,0,0000,014e,0000,0000,0000,0000,0,014e,0101,0000,0,015,0101,0101,1,42,01e4,0170
1326,1326,0,5d3813eec9a40000,ff,0,0,0101,73f2,0,0000,0101,0,0101,0000,1,1,0,0,0000,014e,0000,0000,0000,0000,0,014e,0101,0000,0,015,0101,0101,1,42,01e4,0170
1327,1327,0,5d3813eec9a40000,ff,0,0,0101,73f2,0,0000,0101,0,0101,0000,1,1,0,0,0000,014e,0000,0000,0000,0000,0,014e,0101,0000,0,015,0101,0101,1,42,01e4,0170
1328,1328,0,5d3813eec9a40000,ff,0,0,0101,73f2,0,0000,0101,0,0101,0000,1,1,0,0,0000,014e,0000,0000,0000,0000,0,014e,0101,0000,0,015,0101,0101,1,42,01e4,0170
1329,1329,0,5d3813eec9a40000,ff,0,0,0101,73f2,0,0000,0101,0,0101,0000,1,1,0,0,0000,014e,0000,0000,0000,0000,0,014e,0101,0000,0,015,0101,0101,1,42,01e4,0170
1330,1330,0,5d3813eec9a40000,ff,0,0,0101,73f2,0,0000,0101,0,0101,0000,1,1,0,0,0000,014e,0000,0000,0000,0000,0,014e,0101,0000,0,015,0101,0101,1,42,01e4,0170
1331,1331,0,5d3813eec9a40000,ff,0,0,0101,73f2,0,0000,0101,0,0101,0000,1,1,0,0,0000,014e,0000,0000,0000,0000,0,014e,0101,0000,0,015,0101,0101,1,42,01e4,0170
1332,1332,0,5d3813eec9a40000,ff,0,0,0101,73f2,0,0000,0101,0,0101,0000,1,1,0,0,0000,014e,0000,0000,0000,0000,0,014e,0101,0000,0,015,0101,0101,1,42,01e4,0170
1333,1333,0,5d3813eec9a40000,ff,0,0,0101,73f2,0,0000,0101,0,0101,0000,1,1,0,0,0000,014e,0000,0000,0000,0000,0,014e,0101,0000,0,015,0101,0101,1,42,01e4,0170
1334,1334,0,5d3813eec9a40000,ff,0,0,0101,73f2,0,0000,0101,0,0101,0000,1,1,0,0,0000,014e,0000,0000,0000,0000,0,014e,0101,0000,0,015,0101,0101,1,42,01e4,0170
1335,1335,0,5d3813eec9a40000,ff,0,0,0101,73f2,0,0000,0101,0,0101,0000,1,1,0,0,0000,014e,0000,0000,0000,0000,0,014e,0101,0000,0,015,0101,0101,1,42,01e4,0170
1336,1336,0,5d3813eec9a40000,ff,0,0,0101,73f2,0,0000,0101,0,0101,0000,1,1,0,0,0000,014e,0000,0000,0000,0000,0,014e,0101,0000,0,015,0101,0101,1,42,01e4,0170
1337,1337,0,5d3813eec9a40000,ff,0,0,0101,73f2,0,0000,0101,0,0101,0000,1,1,0,0,0000,014e,0000,0000,0000,0000,0,014e,0101,0000,0,015,0101,0101,1,42,01e4,0170
1338,1338,0,5d3813eec9a40000,ff,0,0,0101,73f2,0,0000,0101,0,0101,0000,1,1,0,0,0000,014e,0000,0000,0000,0000,0,014e,0101,0000,0,015,0101,0101,1,42,01e4,0170
1339,1339,0,5d3813eec9a40000,ff,0,0,0101,73f2,0,0000,0101,0,0101,0000,1,1,0,0,0000,014e,0000,0000,0000,0000,0,014e,0101,0000,0,015,0101,0101,1,42,01e4,0170
1340,1340,0,5d3813eec9a40000,ff,0,0,0101,73f2,0,0000,0101,0,0101,0000,1,1,0,0,0000,014e,0000,0000,0000,0000,0,014e,0101,0000,0,015,0101,0101,1,42,01e4,0170
1341,1341,0,5d3813eec9a40000,ff,0,0,0101,73f2,0,0000,0101,0,0101,0000,1,1,0,0,0000,014e,0000,0000,0000,0000,0,014e,0101,0000,0,015,0101,0101,1,42,01e4,0170
1342,1342,0,5d3813eec9a40000,ff,0,0,0101,73f2,0,0000,0101,0,0101,0000,1,1,0,0,0000,014e,0000,0000,0000,0000,0,014e,0101,0000,0,015,0101,0101,1,42,01e4,0170
1343,1343,0,5d3813eec9a40000,ff,0,0,0101,73f2,0,0000,0101,0,0101,0000,1,1,0,0,0000,014e,0000,0000,0000,0000,0,014e,0101,0000,0,015,0101,0101,1,42,01e4,0170
1344,1344,0,5d3813eec9a40000,ff,0,0,0101,73f2,0,0000,0101,0,0101,0000,1,1,0,0,0000,014e,0000,0000,0000,0000,0,014e,0101,0000,0,015,0101,0101,1,42,01e4,0170
1345,1345,0,5d3813eec9a40000,ff,0,0,0101,73f2,0,0000,0101,0,0101,0000,1,1,0,0,0000,014e,0000,0000,0000,0000,0,014e,0101,0000,0,015,0101,0101,1,42,01e4,0170
1346,1346,0,5d3813eec9a40000,ff,0,0,0101,73f2,0,0000,0101,0,0101,0000,1,1,0,0,0000,014e,0000,0000,0000,0000,0,014e,0101,0000,0,015,0101,0101,1,42,01e4,0170
1347,1347,0,5d3813eec9a40000,ff,0,0,0101,73f2,0,0000,0101,0,0101,0000,1,1,0,0,0000,014e,0000,0000,0000,0000,0,014e,0101,0000,0,015,0101,0101,1,42,01e4,0170
1348,1348,0,5d3813eec9a40000,ff,0,0,0101,73f2,0,0000,0101,0,0101,0000,1,1,0,0,0000,014e,0000,0000,0000,0000,0,014e,0101,0000,0,015,0101,0101,1,42,01e4,0170
1349,1349,0,5d3813eec9a40000,ff,0,0,0101,73f2,0,0000,0101,0,0101,0000,1,1,0,0,0000,014e,0000,0000,0000,0000,0,014e,0101,0000,0,015,0101,0101,1,42,01e4,0170
1350,1350,0,5d3813eec9a40000,ff,0,0,0101,73f2,0,0000,0101,0,0101,0000,1,1,0,0,0000,014e,0000,0000,0000,0000,0,014e,0101,0000,0,015,0101,0101,1,42,01e4,0170
1351,1351,0,5d3813eec9a40000,ff,0,0,0101,73f2,0,0000,0101,0,0101,0000,1,1,0,0,0000,014e,0000,0000,0000,0000,0,014e,0101,0000,0,015,0101,0101,1,42,01e4,0170
1352,1352,0,5d3813eec9a40000,ff,0,0,0101,73f2,0,0000,0101,0,0101,0000,1,1,0,0,0000,014e,0000,0000,0000,0000,0,014e,0101,0000,0,015,0101,0101,1,42,01e4,0170
1353,1353,0,5d3813eec9a40000,ff,0,0,0101,73f2,0,0000,0101,0,0101,0000,1,1,0,0,0000,014e,0000,0000,0000,0000,0,014e,0101,0000,0,015,0101,0101,1,42,01e4,0170
1354,1354,0,5d3813eec9a40000,ff,0,0,0101,73f2,0,0000,0101,0,0101,0000,1,1,0,0,0000,014e,0000,0000,0000,0000,0,014e,0101,0000,0,015,0101,0101,1,42,01e4,0170
1355,1355,0,5d3813eec9a40000,ff,0,0,0101,73f2,0,0000,0101,0,0101,0000,1,1,0,0,0000,014e,0000,0000,0000,0000,0,014e,0101,0000,0,015,0101,0101,1,42,01e4,0170
1356,1356,0,5d3813eec9a40000,ff,0,0,0101,73f2,0,0000,0101,0,0101,0000,1,1,0,0,0000,014e,0000,0000,0000,0000,0,014e,0101,0000,0,015,0101,0101,1,42,01e4,0170
1357,1357,0,5d3813eec9a40000,ff,0,0,0101,73f2,0,0000,0101,0,0101,0000,1,1,0,0,0000,014e,0000,0000,0000,0000,0,014e,0101,0000,0,015,0101,0101,1,42,01e4,0170
1358,1358,0,5d3813eec9a40000,ff,0,0,0101,73f2,0,0000,0101,0,0101,0000,1,1,0,0,0000,014e,0000,0000,0000,0000,0,014e,0101,0000,0,015,0101,0101,1,42,01e4,0170
1359,1359,0,5d3813eec9a40000,ff,0,0,0101,73f2,0,0000,0101,0,0101,0000,1,1,0,0,0000,014e,0000,0000,0000,0000,0,014e,0101,0000,0,015,0101,0101,1,42,01e4,0170
1360,1360,0,5d3813eec9a40000,ff,0,0,0101,73f2,0,0000,0101,0,0101,0000,1,1,0,0,0000,014e,0000,0000,0000,0000,0,014e,0101,0000,0,015,0101,0101,1,42,01e4,0170
1361,1361,0,5d3813eec9a40000,ff,0,0,0101,73f2,0,0000,0101,0,0101,0000,1,1,0,0,0000,014e,0000,0000,0000,0000,0,014e,0101,0000,0,015,0101,0101,1,42,01e4,0170
1362,1362,0,5d3813eec9a40000,ff,0,0,0101,73f2,0,0000,0101,0,0101,0000,1,1,0,0,0000,014e,0000,0000,0000,0000,0,014e,0101,0000,0,015,0101,0101,1,42,01e4,0170
1363,1363,0,5d3813eec9a40000,ff,0,0,0101,73f2,0,0000,0101,0,0101,0000,1,1,0,0,0000,014e,0000,0000,0000,0000,0,014e,0101,0000,0,015,0101,0101,1,42,01e4,0170
1364,1364,0,5d3813eec9a40000,ff,0,0,0101,73f2,0,0000,0101,0,0101,0000,1,1,0,0,0000,014e,0000,0000,0000,0000,0,014e,0101,0000,0,015,0101,0101,1,42,01e4,0170
1365,1365,0,5d3813eec9a40000,ff,0,0,0101,73f2,0,0000,0101,0,0101,0000,1,1,0,0,0000,014e,0000,0000,0000,0000,0,014e,0101,0000,0,015,0101,0101,1,42,01e4,0170
1366,1366,0,5d3813eec9a40000,ff,0,0,0101,73f2,0,0000,0101,0,0101,0000,1,1,0,0,0000,014e,0000,0000,0000,0000,0,014e,0101,0000,0,015,0101,0101,1,42,01e4,0170
1367,1367,0,5d3813eec9a40000,ff,0,0,0101,73f2,0,0000,0101,0,0101,0000,1,1,0,0,0000,014e,0000,0000,0000,0000,0,014e,0101,0000,0,015,0101,0101,1,42,01e4,0170
1368,1368,0,5d3813eec9a40000,ff,0,0,0101,73f2,0,0000,0101,0,0101,0000,1,1,0,0,0000,014e,0000,0000,0000,0000,0,014e,0101,0000,0,015,0101,0101,1,42,01e4,0170
1369,1369,0,5d3813eec9a40000,ff,0,0,0101,73f2,0,0000,0101,0,0101,0000,1,1,0,0,0000,014e,0000,0000,0000,0000,0,014e,0101,0000,0,015,0101,0101,1,42,01e4,0170
1370,1370,0,5d3813eec9a40000,ff,0,0,0101,73f2,0,0000,0101,0,0101,0000,1,1,0,0,0000,014e,0000,0000,0000,0000,0,014e,0101,0000,0,015,0101,0101,1,42,01e4,0170
1371,1371,0,5d3813eec9a40000,ff,0,0,0101,73f2,0,0000,0101,0,0101,0000,1,1,0,0,0000,014e,0000,0000,0000,0000,0,014e,0101,0000,0,015,0101,0101,1,42,01e4,0170
1372,1372,0,5d3813eec9a40000,ff,0,0,0101,73f2,0,0000,0101,0,0101,0000,1,1,0,0,0000,014e,0000,0000,0000,0000,0,014e,0101,0000,0,015,0101,0101,1,42,01e4,0170
1373,1373,0,5d3813eec9a40000,ff,0,0,0101,73f2,0,0000,0101,0,0101,0000,1,1,0,0,0000,014e,0000,0000,0000,0000,0,014e,0101,0000,0,015,0101,0101,1,42,01e4,0170
1374,1374,0,5d3813eec9a40000,ff,0,0,0101,73f2,0,0000,0101,0,0101,0000,1,1,0,0,0000,014e,0000,0000,0000,0000,0,014e,0101,0000,0,015,0101,0101,1,42,01e4,0170
1375,1375,0,5d3813eec9a40000,ff,0,0,0101,73f2,0,0000,0101,0,0101,0000,1,1,0,0,0000,014e,0000,0000,0000,0000,0,014e,0101,0000,0,015,0101,0101,1,42,01e4,0170
1376,1376,0,5d3813eec9a40000,ff,0,0,0101,73f2,0,0000,0101,0,0101,0000,1,1,0,0,0000,014e,0000,0000,0000,0000,0,014e,0101,0000,0,015,0101,0101,1,42,01e4,0170
1377,1377,0,5d3813eec9a40000,ff,0,0,0101,73f2,0,0000,0101,0,0101,0000,1,1,0,0,0000,014e,0000,0000,0000,0000,0,014e,0101,0000,0,015,0101,0101,1,42,01e4,0170
1378,1378,0,5d3813eec9a40000,ff,0,0,0101,73f2,0,0000,0101,0,0101,0000,1,1,0,0,0000,014e,0000,0000,0000,0000,0,014e,0101,0000,0,015,0101,0101,1,42,01e4,0170
1379,1379,0,5d3813eec9a40000,ff,0,0,0101,73f2,0,0000,0101,0,0101,0000,1,1,0,0,0000,014e,0000,0000,0000,0000,0,014e,0101,0000,0,015,0101,0101,1,42,01e4,0170
1380,1380,0,5d3813eec9a40000,ff,0,0,0101,73f2,0,0000,0101,0,0101,0000,1,1,0,0,0000,014e,0000,0000,0000,0000,0,014e,0101,0000,0,015,0101,0101,1,42,01e4,0170
1381,1381,0,5d3813eec9a40000,ff,0,0,0101,73f2,0,0000,0101,0,0101,0000,1,1,0,0,0000,014e,0000,0000,0000,0000,0,014e,0101,0000,0,015,0101,0101,1,42,01e4,0170
1382,1382,0,5d3813eec9a40000,ff,0,0,0101,73f2,0,0000,0101,0,0101,0000,1,1,0,0,0000,014e,0000,0000,0000,0000,0,014e,0101,0000,0,015,0101,0101,1,42,01e4,0170
1383,1383,0,5d3813eec9a40000,ff,0,0,0101,73f2,0,0000,0101,0,0101,0000,1,1,0,0,0000,014e,0000,0000,0000,0000,0,014e,0101,0000,0,015,0101,0101,1,42,01e4,0170
1384,1384,0,5d3813eec9a40000,ff,0,0,0101,73f2,0,0000,0101,0,0101,0000,1,1,0,0,0000,014e,0000,0000,0000,0000,0,014e,0101,0000,0,015,0101,0101,1,42,01e4,0170
1385,1385,0,5d3813eec9a40000,ff,0,0,0101,73f2,0,0000,0101,0,0101,0000,1,1,0,0,0000,014e,0000,0000,0000,0000,0,014e,0101,0000,0,015,0101,0101,1,42,01e4,0170
1386,1386,0,5d3813eec9a40000,ff,0,0,0101,73f2,0,0000,0101,0,0101,0000,1,1,0,0,0000,014e,0000,0000,0000,0000,0,014e,0101,0000,0,015,0101,0101,1,42,01e4,0170
1387,1387,0,5d3813eec9a40000,ff,0,0,0101,73f2,0,0000,0101,0,0101,0000,1,1,0,0,0000,014e,0000,0000,0000,0000,0,014e,0101,0000,0,015,0101,0101,1,42,01e4,0170
1388,1388,0,5d3813eec9a40000,ff,0,0,0101,73f2,0,0000,0101,0,0101,0000,1,1,0,0,0000,014e,0000,0000,0000,0000,0,014e,0101,0000,0,015,0101,0101,1,42,01e4,0170
1389,1389,0,5d3813eec9a40000,ff,0,0,0101,73f2,0,0000,0101,0,0101,0000,1,1,0,0,0000,014e,0000,0000,0000,0000,0,014e,0101,0000,0,015,0101,0101,1,42,01e4,0170
1390,1390,0,5d3813eec9a40000,ff,0,0,0101,73f2,0,0000,0101,0,0101,0000,1,1,0,0,0000,014e,0000,0000,0000,0000,0,014e,0101,0000,0,015,0101,0101,1,42,01e4,0170
1391,1391,0,5d3813eec9a40000,ff,0,0,0101,73f2,0,0000,0101,0,0101,0000,1,1,0,0,0000,014e,0000,0000,0000,0000,0,014e,0101,0000,0,015,0101,0101,1,42,01e4,0170
1392,1392,0,5d3813eec9a40000,ff,0,0,0101,73f2,0,0000,0101,0,0101,0000,1,1,0,0,0000,014e,0000,0000,0000,0000,0,014e,0101,0000,0,015,0101,0101,1,42,01e4,0170
1393,1393,0,5d3813eec9a40000,ff,0,0,0101,73f2,0,0000,0101,0,0101,0000,1,1,0,0,0000,014e,0000,0000,0000,0000,0,014e,0101,0000,0,015,0101,0101,1,42,01e4,0170
1394,1394,0,5d3813eec9a40000,ff,0,0,0101,73f2,0,0000,0101,0,0101,0000,1,1,0,0,0000,014e,0000,0000,0000,0000,0,014e,0101,0000,0,015,0101,0101,1,42,01e4,0170
1395,1395,0,5d3813eec9a40000,ff,0,0,0101,73f2,0,0000,0101,0,0101,0000,1,1,0,0,0000,014e,0000,0000,0000,0000,0,014e,0101,0000,0,015,0101,0101,1,42,01e4,0170
1396,1396,0,5d3813eec9a40000,ff,0,0,0101,73f2,0,0000,0101,0,0101,0000,1,1,0,0,0000,014e,0000,0000,0000,0000,0,014e,0101,0000,0,015,0101,0101,1,42,01e4,0170
1397,1397,0,5d3813eec9a40000,ff,0,0,0101,73f2,0,0000,0101,0,0101,0000,1,1,0,0,0000,014e,0000,0000,0000,0000,0,014e,0101,0000,0,015,0101,0101,1,42,01e4,0170
1398,1398,0,5d3813eec9a40000,ff,0,0,0101,73f2,0,0000,0101,0,0101,0000,1,1,0,0,0000,014e,0000,0000,0000,0000,0,014e,0101,0000,0,015,0101,0101,1,42,01e4,0170
1399,1399,0,5d3813eec9a40000,ff,0,0,0101,73f2,0,0000,0101,0,0101,0000,1,1,0,0,0000,014e,0000,0000,0000,0000,0,014e,0101,0000,0,015,0101,0101,1,42,01e4,0170
1400,1400,0,5d3813eec9a40000,ff,0,0,0101,73f2,0,0000,0101,0,0101,0000,1,1,0,0,0000,014e,0000,0000,0000,0000,0,014e,0101,0000,0,015,0101,0101,1,42,01e4,0170
1401,1401,0,5d3813eec9a40000,ff,0,0,0101,73f2,0,0000,0101,0,0101,0000,1,1,0,0,0000,014e,0000,0000,0000,0000,0,014e,0101,0000,0,015,0101,0101,1,42,01e4,0170
1402,1402,0,5d3813eec9a40000,ff,0,0,0101,73f2,0,0000,0101,0,0101,0000,1,1,0,0,0000,014e,0000,0000,0000,0000,0,014e,0101,0000,0,015,0101,0101,1,42,01e4,0170
1403,1403,0,5d3813eec9a40000,ff,0,0,0101,73f2,0,0000,0101,0,0101,0000,1,1,0,0,0000,014e,0000,0000,0000,0000,0,014e,0101,0000,0,015,0101,0101,1,42,01e4,0170
1404,1404,0,5d3813eec9a40000,ff,0,0,0101,73f2,0,0000,0101,0,0101,0000,1,1,0,0,0000,014e,0000,0000,0000,0000,0,014e,0101,0000,0,015,0101,0101,1,42,01e4,0170
1405,1405,0,5d3813eec9a40000,ff,0,0,0101,73f2,0,0000,0101,0,0101,0000,1,1,0,0,0000,014e,0000,0000,0000,0000,0,014e,0101,0000,0,015,0101,0101,1,42,01e4,0170
1406,1406,0,5d3813eec9a40000,ff,0,0,0101,73f2,0,0000,0101,0,0101,0000,1,1,0,0,0000,014e,0000,0000,0000,0000,0,014e,0101,0000,0,015,0101,0101,1,42,01e4,0170
1407,1407,0,5d3813eec9a40000,ff,0,0,0101,73f2,0,0000,0101,0,0101,0000,1,1,0,0,0000,014e,0000,0000,0000,0000,0,014e,0101,0000,0,015,0101,0101,1,42,01e4,0170
1408,1408,0,5d3813eec9a40000,ff,0,0,0101,73f2,0,0000,0101,0,0101,0000,1,1,0,0,0000,014e,0000,0000,0000,0000,0,014e,0101,0000,0,015,0101,0101,1,42,01e4,0170
1409,1409,0,5d3813eec9a40000,ff,0,0,0101,73f2,0,0000,0101,0,0101,0000,1,1,0,0,0000,014e,0000,0000,0000,0000,0,014e,0101,0000,0,015,0101,0101,1,42,01e4,0170
1410,1410,0,5d3813eec9a40000,ff,0,0,0101,73f2,0,0000,0101,0,0101,0000,1,1,0,0,0000,014e,0000,0000,0000,0000,0,014e,0101,0000,0,015,0101,0101,1,42,01e4,0170
1411,1411,0,5d3813eec9a40000,ff,0,0,0101,73f2,0,0000,0101,0,0101,0000,1,1,0,0,0000,014e,0000,0000,0000,0000,0,014e,0101,0000,0,015,0101,0101,1,42,01e4,0170
1412,1412,0,5d3813eec9a40000,ff,0,0,0101,73f2,0,0000,0101,0,0101,0000,1,1,0,0,0000,014e,0000,0000,0000,0000,0,014e,0101,0000,0,015,0101,0101,1,42,01e4,0170
1413,1413,0,5d3813eec9a40000,ff,0,0,0101,73f2,0,0000,0101,0,0101,0000,1,1,0,0,0000,014e,0000,0000,0000,0000,0,014e,0101,0000,0,015,0101,0101,1,42,01e4,0170
1414,1414,0,5d3813eec9a40000,ff,0,0,0101,73f2,0,0000,0101,0,0101,0000,1,1,0,0,0000,014e,0000,0000,0000,0000,0,014e,0101,0000,0,015,0101,0101,1,42,01e4,0170
1415,1415,0,5d3813eec9a40000,ff,0,0,0101,73f2,0,0000,0101,0,0101,0000,1,1,0,0,0000,014e,0000,0000,0000,0000,0,014e,0101,0000,0,015,0101,0101,1,42,01e4,0170
1416,1416,0,5d3813eec9a40000,ff,0,0,0101,73f2,0,0000,0101,0,0101,0000,1,1,0,0,0000,014e,0000,0000,0000,0000,0,014e,0101,0000,0,015,0101,0101,1,42,01e4,0170
1417,1417,0,5d3813eec9a40000,ff,0,0,0101,73f2,0,0000,0101,0,0101,0000,1,1,0,0,0000,014e,0000,0000,0000,0000,0,014e,0101,0000,0,015,0101,0101,1,42,01e4,0170
1418,1418,0,5d3813eec9a40000,ff,0,0,0101,73f2,0,0000,0101,0,0101,0000,1,1,0,0,0000,014e,0000,0000,0000,0000,0,014e,0101,0000,0,015,0101,0101,1,42,01e4,0170
1419,1419,0,5d3813eec9a40000,ff,0,0,0101,73f2,0,0000,0101,0,0101,0000,1,1,0,0,0000,014e,0000,0000,0000,0000,0,014e,0101,0000,0,015,0101,0101,1,42,01e4,0170
1420,1420,0,5d3813eec9a40000,ff,0,0,0101,73f2,0,0000,0101,0,0101,0000,1,1,0,0,0000,014e,0000,0000,0000,0000,0,014e,0101,0000,0,015,0101,0101,1,42,01e4,0170
1421,1421,0,5d3813eec9a40000,ff,0,0,0101,73f2,0,0000,0101,0,0101,0000,1,1,0,0,0000,014e,0000,0000,0000,0000,0,014e,0101,0000,0,015,0101,0101,1,42,01e4,0170
1422,1422,0,5d3813eec9a40000,ff,0,0,0101,73f2,0,0000,0101,0,0101,0000,1,1,0,0,0000,014e,0000,0000,0000,0000,0,014e,0101,0000,0,015,0101,0101,1,42,01e4,0170
1423,1423,0,5d3813eec9a40000,ff,0,0,0101,73f2,0,0000,0101,0,0101,0000,1,1,0,0,0000,014e,0000,0000,0000,0000,0,014e,0101,0000,0,015,0101,0101,1,42,01e4,0170
1424,1424,0,5d3813eec9a40000,ff,0,0,0101,73f2,0,0000,0101,0,0101,0000,1,1,0,0,0000,014e,0000,0000,0000,0000,0,014e,0101,0000,0,015,0101,0101,1,42,01e4,0170
1425,1425,0,5d3813eec9a40000,ff,0,0,0101,73f2,0,0000,0101,0,0101,0000,1,1,0,0,0000,014e,0000,0000,0000,0000,0,014e,0101,0000,0,015,0101,0101,1,42,01e4,0170
1426,1426,0,5d3813eec9a40000,ff,0,0,0101,73f2,0,0000,0101,0,0101,0000,1,1,0,0,0000,014e,0000,0000,0000,0000,0,014e,0101,0000,0,015,0101,0101,1,42,01e4,0170
1427,1427,0,5d3813eec9a40000,ff,0,0,0101,73f2,0,0000,0101,0,0101,0000,1,1,0,0,0000,014e,0000,0000,0000,0000,0,014e,0101,0000,0,015,0101,0101,1,42,01e4,0170
1428,1428,0,5d3813eec9a40000,ff,0,0,0101,73f2,0,0000,0101,0,0101,0000,1,1,0,0,0000,014e,0000,0000,0000,0000,0,014e,0101,0000,0,015,0101,0101,1,42,01e4,0170
1429,1429,0,5d3813eec9a40000,ff,0,0,0101,73f2,0,0000,0101,0,0101,0000,1,1,0,0,0000,014e,0000,0000,0000,0000,0,014e,0101,0000,0,015,0101,0101,1,42,01e4,0170
1430,1430,0,5d3813eec9a40000,ff,0,0,0101,73f2,0,0000,0101,0,0101,0000,1,1,0,0,0000,014e,0000,0000,0000,0000,0,014e,0101,0000,0,015,0101,0101,1,42,01e4,0170
1431,1431,0,5d3813eec9a40000,ff,0,0,0101,73f2,0,0000,0101,0,0101,0000,1,1,0,0,0000,014e,0000,0000,0000,0000,0,014e,0101,0000,0,015,0101,0101,1,42,01e4,0170
1432,1432,0,5d3813eec9a40000,ff,0,0,0101,73f2,0,0000,0101,0,0101,0000,1,1,0,0,0000,014e,0000,0000,0000,0000,0,014e,0101,0000,0,015,0101,0101,1,42,01e4,0170
1433,1433,0,5d3813eec9a40000,ff,0,0,0101,73f2,0,0000,0101,0,0101,0000,1,1,0,0,0000,014e,0000,0000,0000,0000,0,014e,0101,0000,0,015,0101,0101,1,42,01e4,0170
1434,1434,0,5d3813eec9a40000,ff,0,0,0101,73f2,0,0000,0101,0,0101,0000,1,1,0,0,0000,014e,0000,0000,0000,0000,0,014e,0101,0000,0,015,0101,0101,1,42,01e4,0170
1435,1435,0,5d3813eec9a40000,ff,0,0,0101,73f2,0,0000,0101,0,0101,0000,1,1,0,0,0000,014e,0000,0000,0000,0000,0,014e,0101,0000,0,015,0101,0101,1,42,01e4,0170
1436,1436,0,5d3813eec9a40000,ff,0,0,0101,73f2,0,0000,0101,0,0101,0000,1,1,0,0,0000,014e,0000,0000,0000,0000,0,014e,0101,0000,0,015,0101,0101,1,42,01e4,0170
1437,1437,0,5d3813eec9a40000,ff,0,0,0101,73f2,0,0000,0101,0,0101,0000,1,1,0,0,0000,014e,0000,0000,0000,0000,0,014e,0101,0000,0,015,0101,0101,1,42,01e4,0170
1438,1438,0,5d3813eec9a40000,ff,0,0,0101,73f2,0,0000,0101,0,0101,0000,1,1,0,0,0000,014e,0000,0000,0000,0000,0,014e,0101,0000,0,015,0101,0101,1,42,01e4,0170
1439,1439,0,5d3813eec9a40000,ff,0,0,0101,73f2,0,0000,0101,0,0101,0000,1,1,0,0,0000,014e,0000,0000,0000,0000,0,014e,0101,0000,0,015,0101,0101,1,42,01e4,0170
1440,1440,0,5d3813eec9a40000,ff,0,0,0101,73f2,0,0000,0101,0,0101,0000,1,1,0,0,0000,014e,0000,0000,0000,0000,0,014e,0101,0000,0,015,0101,0101,1,42,01e4,0170
1441,1441,0,5d3813eec9a40000,ff,0,0,0101,73f2,0,0000,0101,0,0101,0000,1,1,0,0,0000,014e,0000,0000,0000,0000,0,014e,0101,0000,0,015,0101,0101,1,42,01e4,0170
1442,1442,0,5d3813eec9a40000,ff,0,0,0101,73f2,0,0000,0101,0,0101,0000,1,1,0,0,0000,014e,0000,0000,0000,0000,0,014e,0101,0000,0,015,0101,0101,1,42,01e4,0170
1443,1443,0,5d3813eec9a40000,ff,0,0,0101,73f2,0,0000,0101,0,0101,0000,1,1,0,0,0000,014e,0000,0000,0000,0000,0,014e,0101,0000,0,015,0101,0101,1,42,01e4,0170
1444,1444,0,5d3813eec9a40000,ff,0,0,0101,73f2,0,0000,0101,0,0101,0000,1,1,0,0,0000,014e,0000,0000,0000,0000,0,014e,0101,0000,0,015,0101,0101,1,42,01e4,0170
1445,1445,0,5d3813eec9a40000,ff,0,0,0101,73f2,0,0000,0101,0,0101,0000,1,1,0,0,0000,014e,0000,0000,0000,0000,0,014e,0101,0000,0,015,0101,0101,1,42,01e4,0170
1446,1446,0,5d3813eec9a40000,ff,0,0,0101,73f2,0,0000,0101,0,0101,0000,1,1,0,0,0000,014e,0000,0000,0000,0000,0,014e,0101,0000,0,015,0101,0101,1,42,01e4,0170
1447,1447,0,5d3813eec9a40000,ff,0,0,0101,73f2,0,0000,0101,0,0101,0000,1,1,0,0,0000,014e,0000,0000,0000,0000,0,014e,0101,0000,0,015,0101,0101,1,42,01e4,0170
1448,1448,0,5d3813eec9a40000,ff,0,0,0101,73f2,0,0000,0101,0,0101,0000,1,1,0,0,0000,014e,0000,0000,0000,0000,0,014e,0101,0000,0,015,0101,0101,1,42,01e4,0170
1449,1449,0,5d3813eec9a40000,ff,0,0,0101,73f2,0,0000,0101,0,0101,0000,1,1,0,0,0000,014e,0000,0000,0000,0000,0,014e,0101,0000,0,015,0101,0101,1,42,01e4,0170
1450,1450,0,5d3813eec9a40000,ff,0,0,0101,73f2,0,0000,0101,0,0101,0000,1,1,0,0,0000,014e,0000,0000,0000,0000,0,014e,0101,0000,0,015,0101,0101,1,42,01e4,0170
1451,1451,0,5d3813eec9a40000,ff,0,0,0101,73f2,0,0000,0101,0,0101,0000,1,1,0,0,0000,014e,0000,0000,0000,0000,0,014e,0101,0000,0,015,0101,0101,1,42,01e4,0170
1452,1452,0,5d3813eec9a40000,ff,0,0,0101,73f2,0,0000,0101,0,0101,0000,1,1,0,0,0000,014e,0000,0000,0000,0000,0,014e,0101,0000,0,015,0101,0101,1,42,01e4,0170
1453,1453,0,5d3813eec9a40000,ff,0,0,0101,73f2,0,0000,0101,0,0101,0000,1,1,0,0,0000,014e,0000,0000,0000,0000,0,014e,0101,0000,0,015,0101,0101,1,42,01e4,0170
1454,1454,0,5d3813eec9a40000,ff,0,0,0101,73f2,0,0000,0101,0,0101,0000,1,1,0,0,0000,014e,0000,0000,0000,0000,0,014e,0101,0000,0,015,0101,0101,1,42,01e4,0170
1455,1455,0,5d3813eec9a40000,ff,0,0,0101,73f2,0,0000,0101,0,0101,0000,1,1,0,0,0000,014e,0000,0000,0000,0000,0,014e,0101,0000,0,015,0101,0101,1,42,01e4,0170
1456,1456,0,5d3813eec9a40000,ff,0,0,0101,73f2,0,0000,0101,0,0101,0000,1,1,0,0,0000,014e,0000,0000,0000,0000,0,014e,0101,0000,0,015,0101,0101,1,42,01e4,0170
1457,1457,0,5d3813eec9a40000,ff,0,0,0101,73f2,0,0000,0101,0,0101,0000,1,1,0,0,0000,014e,0000,0000,0000,0000,0,014e,0101,0000,0,015,0101,0101,1,42,01e4,0170
1458,1458,0,5d3813eec9a40000,ff,0,0,0101,73f2,0,0000,0101,0,0101,0000,1,1,0,0,0000,014e,0000,0000,0000,0000,0,014e,0101,0000,0,015,0101,0101,1,42,01e4,0170
1459,1459,0,5d3813eec9a40000,ff,0,0,0101,73f2,0,0000,0101,0,0101,0000,1,1,0,0,0000,014e,0000,0000,0000,0000,0,014e,0101,0000,0,015,0101,0101,1,42,01e4,0170
1460,1460,0,5d3813eec9a40000,ff,0,0,0101,73f2,0,0000,0101,0,0101,0000,1,1,0,0,0000,014e,0000,0000,0000,0000,0,014e,0101,0000,0,015,0101,0101,1,42,01e4,0170
1461,1461,0,5d3813eec9a40000,ff,0,0,0101,73f2,0,0000,0101,0,0101,0000,1,1,0,0,0000,014e,0000,0000,0000,0000,0,014e,0101,0000,0,015,0101,0101,1,42,01e4,0170
1462,1462,0,5d3813eec9a40000,ff,0,0,0101,73f2,0,0000,0101,0,0101,0000,1,1,0,0,0000,014e,0000,0000,0000,0000,0,014e,0101,0000,0,015,0101,0101,1,42,01e4,0170
1463,1463,0,5d3813eec9a40000,ff,0,0,0101,73f2,0,0000,0101,0,0101,0000,1,1,0,0,0000,014e,0000,0000,0000,0000,0,014e,0101,0000,0,015,0101,0101,1,42,01e4,0170
1464,1464,0,5d3813eec9a40000,ff,0,0,0101,73f2,0,0000,0101,0,0101,0000,1,1,0,0,0000,014e,0000,0000,0000,0000,0,014e,0101,0000,0,015,0101,0101,1,42,01e4,0170
1465,1465,0,5d3813eec9a40000,ff,0,0,0101,73f2,0,0000,0101,0,0101,0000,1,1,0,0,0000,014e,0000,0000,0000,0000,0,014e,0101,0000,0,015,0101,0101,1,42,01e4,0170
1466,1466,0,5d3813eec9a40000,ff,0,0,0101,73f2,0,0000,0101,0,0101,0000,1,1,0,0,0000,014e,0000,0000,0000,0000,0,014e,0101,0000,0,015,0101,0101,1,42,01e4,0170
1467,1467,0,5d3813eec9a40000,ff,0,0,0101,73f2,0,0000,0101,0,0101,0000,1,1,0,0,0000,014e,0000,0000,0000,0000,0,014e,0101,0000,0,015,0101,0101,1,42,01e4,0170
1468,1468,0,5d3813eec9a40000,ff,0,0,0101,73f2,0,0000,0101,0,0101,0000,1,1,0,0,0000,014e,0000,0000,0000,0000,0,014e,0101,0000,0,015,0101,0101,1,42,01e4,0170
1469,1469,0,5d3813eec9a40000,ff,0,0,0101,73f2,0,0000,0101,0,0101,0000,1,1,0,0,0000,014e,0000,0000,0000,0000,0,014e,0101,0000,0,015,0101,0101,1,42,01e4,0170
1470,1470,0,5d3813eec9a40000,ff,0,0,0101,73f2,0,0000,0101,0,0101,0000,1,1,0,0,0000,014e,0000,0000,0000,0000,0,014e,0101,0000,0,015,0101,0101,1,42,01e4,0170
1471,1471,0,5d3813eec9a40000,ff,0,0,0101,73f2,0,0000,0101,0,0101,0000,1,1,0,0,0000,014e,0000,0000,0000,0000,0,014e,0101,0000,0,015,0101,0101,1,42,01e4,0170
1472,1472,0,5d3813eec9a40000,ff,0,0,0101,73f2,0,0000,0101,0,0101,0000,1,1,0,0,0000,014e,0000,0000,0000,0000,0,014e,0101,0000,0,015,0101,0101,1,42,01e4,0170
1473,1473,0,5d3813eec9a40000,ff,0,0,0101,73f2,0,0000,0101,0,0101,0000,1,1,0,0,0000,014e,0000,0000,0000,0000,0,014e,0101,0000,0,015,0101,0101,1,42,01e4,0170
1474,1474,0,5d3813eec9a40000,ff,0,0,0101,73f2,0,0000,0101,0,0101,0000,1,1,0,0,0000,014e,0000,0000,0000,0000,0,014e,0101,0000,0,015,0101,0101,1,42,01e4,0170
1475,1475,0,5d3813eec9a40000,ff,0,0,0101,73f2,0,0000,0101,0,0101,0000,1,1,0,0,0000,014e,0000,0000,0000,0000,0,014e,0101,0000,0,015,0101,0101,1,42,01e4,0170
1476,1476,0,5d3813eec9a40000,ff,0,0,0101,73f2,0,0000,0101,0,0101,0000,1,1,0,0,0000,014e,0000,0000,0000,0000,0,014e,0101,0000,0,015,0101,0101,1,42,01e4,0170
1477,1477,0,5d3813eec9a40000,ff,0,0,0101,73f2,0,0000,0101,0,0101,0000,1,1,0,0,0000,014e,0000,0000,0000,0000,0,014e,0101,0000,0,015,0101,0101,1,42,01e4,0170
1478,1478,0,5d3813eec9a40000,ff,0,0,0101,73f2,0,0000,0101,0,0101,0000,1,1,0,0,0000,014e,0000,0000,0000,0000,0,014e,0101,0000,0,015,0101,0101,1,42,01e4,0170
1479,1479,0,5d3813eec9a40000,ff,0,0,0101,73f2,0,0000,0101,0,0101,0000,1,1,0,0,0000,014e,0000,0000,0000,0000,0,014e,0101,0000,0,015,0101,0101,1,42,01e4,0170
1480,1480,0,5d3813eec9a40000,ff,0,0,0101,73f2,0,0000,0101,0,0101,0000,1,1,0,0,0000,014e,0000,0000,0000,0000,0,014e,0101,0000,0,015,0101,0101,1,42,01e4,0170
1481,1481,0,5d3813eec9a40000,ff,0,0,0101,73f2,0,0000,0101,0,0101,0000,1,1,0,0,0000,014e,0000,0000,0000,0000,0,014e,0101,0000,0,015,0101,0101,1,42,01e4,0170
1482,1482,0,5d3813eec9a40000,ff,0,0,0101,73f2,0,0000,0101,0,0101,0000,1,1,0,0,0000,014e,0000,0000,0000,0000,0,014e,0101,0000,0,015,0101,0101,1,42,01e4,0170
1483,1483,0,5d3813eec9a40000,ff,0,0,0101,73f2,0,0000,0101,0,0101,0000,1,1,0,0,0000,014e,0000,0000,0000,0000,0,014e,0101,0000,0,015,0101,0101,1,42,01e4,0170
1484,1484,0,5d3813eec9a40000,ff,0,0,0101,73f2,0,0000,0101,0,0101,0000,1,1,0,0,0000,014e,0000,0000,0000,0000,0,014e,0101,0000,0,015,0101,0101,1,42,01e4,0170
1485,1485,0,5d3813eec9a40000,ff,0,0,0101,73f2,0,0000,0101,0,0101,0000,1,1,0,0,0000,014e,0000,0000,0000,0000,0,014e,0101,0000,0,015,0101,0101,1,42,01e4,0170
1486,1486,0,5d3813eec9a40000,ff,0,0,0101,73f2,0,0000,0101,0,0101,0000,1,1,0,0,0000,014e,0000,0000,0000,0000,0,014e,0101,0000,0,015,0101,0101,1,42,01e4,0170
1487,1487,0,5d3813eec9a40000,ff,0,0,0101,73f2,0,0000,0101,0,0101,0000,1,1,0,0,0000,014e,0000,0000,0000,0000,0,014e,0101,0000,0,015,0101,0101,1,42,01e4,0170
1488,1488,0,5d3813eec9a40000,ff,0,0,0101,73f2,0,0000,0101,0,0101,0000,1,1,0,0,0000,014e,0000,0000,0000,0000,0,014e,0101,0000,0,015,0101,0101,1,42,01e4,0170
1489,1489,0,5d3813eec9a40000,ff,0,0,0101,73f2,0,0000,0101,0,0101,0000,1,1,0,0,0000,014e,0000,0000,0000,0000,0,014e,0101,0000,0,015,0101,0101,1,42,01e4,0170
1490,1490,0,5d3813eec9a40000,ff,0,0,0101,73f2,0,0000,0101,0,0101,0000,1,1,0,0,0000,014e,0000,0000,0000,0000,0,014e,0101,0000,0,015,0101,0101,1,42,01e4,0170
1491,1491,0,5d3813eec9a40000,ff,0,0,0101,73f2,0,0000,0101,0,0101,0000,1,1,0,0,0000,014e,0000,0000,0000,0000,0,014e,0101,0000,0,015,0101,0101,1,42,01e4,0170
1492,1492,0,5d3813eec9a40000,ff,0,0,0101,73f2,0,0000,0101,0,0101,0000,1,1,0,0,0000,014e,0000,0000,0000,0000,0,014e,0101,0000,0,015,0101,0101,1,42,01e4,0170
1493,1493,0,5d3813eec9a40000,ff,0,0,0101,73f2,0,0000,0101,0,0101,0000,1,1,0,0,0000,014e,0000,0000,0000,0000,0,014e,0101,0000,0,015,0101,0101,1,42,01e4,0170
1494,1494,0,5d3813eec9a40000,ff,0,0,0101,73f2,0,0000,0101,0,0101,0000,1,1,0,0,0000,014e,0000,0000,0000,0000,0,014e,0101,0000,0,015,0101,0101,1,42,01e4,0170
1495,1495,0,5d3813eec9a40000,ff,0,0,0101,73f2,0,0000,0101,0,0101,0000,1,1,0,0,0000,014e,0000,0000,0000,0000,0,014e,0101,0000,0,015,0101,0101,1,42,01e4,0170
1496,1496,0,5d3813eec9a40000,ff,0,0,0101,73f2,0,0000,0101,0,0101,0000,1,1,0,0,0000,014e,0000,0000,0000,0000,0,014e,0101,0000,0,015,0101,0101,1,42,01e4,0170
1497,1497,0,5d3813eec9a40000,ff,0,0,0101,73f2,0,0000,0101,0,0101,0000,1,1,0,0,0000,014e,0000,0000,0000,0000,0,014e,0101,0000,0,015,0101,0101,1,42,01e4,0170
1498,1498,0,5d3813eec9a40000,ff,0,0,0101,73f2,0,0000,0101,0,0101,0000,1,1,0,0,0000,014e,0000,0000,0000,0000,0,014e,0101,0000,0,015,0101,0101,1,42,01e4,0170
1499,1499,0,5d3813eec9a40000,ff,0,0,0101,73f2,0,0000,0101,0,0101,0000,1,1,0,0,0000,014e,0000,0000,0000,0000,0,014e,0101,0000,0,015,0101,0101,1,42,01e4,0170
1500,1500,0,5d3813eec9a40000,ff,0,0,0101,73f2,0,0000,0101,0,0101,0000,1,1,0,0,0000,014e,0000,0000,0000,0000,0,014e,0101,0000,0,015,0101,0101,1,42,01e4,0170
1501,1501,0,5d3813eec9a40000,ff,0,0,0101,73f2,0,0000,0101,0,0101,0000,1,1,0,0,0000,014e,0000,0000,0000,0000,0,014e,0101,0000,0,015,0101,0101,1,42,01e4,0170
1502,1502,0,5d3813eec9a40000,ff,0,0,0101,73f2,0,0000,0101,0,0101,0000,1,1,0,0,0000,014e,0000,0000,0000,0000,0,014e,0101,0000,0,015,0101,0101,1,42,01e4,0170
1503,1503,0,5d3813eec9a40000,ff,0,0,0101,73f2,0,0000,0101,0,0101,0000,1,1,0,0,0000,014e,0000,0000,0000,0000,0,014e,0101,0000,0,015,0101,0101,1,42,01e4,0170
1504,1504,0,5d3813eec9a40000,ff,0,0,0101,73f2,0,0000,0101,0,0101,0000,1,1,0,0,0000,014e,0000,0000,0000,0000,0,014e,0101,0000,0,015,0101,0101,1,42,01e4,0170
1505,1505,0,5d3813eec9a40000,ff,0,0,0101,73f2,0,0000,0101,0,0101,0000,1,1,0,0,0000,014e,0000,0000,0000,0000,0,014e,0101,0000,0,015,0101,0101,1,42,01e4,0170
1506,1506,0,5d3813eec9a40000,ff,0,0,0101,73f2,0,0000,0101,0,0101,0000,1,1,0,0,0000,014e,0000,0000,0000,0000,0,014e,0101,0000,0,015,0101,0101,1,42,01e4,0170
1507,1507,0,5d3813eec9a40000,ff,0,0,0101,73f2,0,0000,0101,0,0101,0000,1,1,0,0,0000,014e,0000,0000,0000,0000,0,014e,0101,0000,0,015,0101,0101,1,42,01e4,0170
1508,1508,0,5d3813eec9a40000,ff,0,0,0101,73f2,0,0000,0101,0,0101,0000,1,1,0,0,0000,014e,0000,0000,0000,0000,0,014e,0101,0000,0,015,0101,0101,1,42,01e4,0170
1509,1509,0,5d3813eec9a40000,ff,0,0,0101,73f2,0,0000,0101,0,0101,0000,1,1,0,0,0000,014e,0000,0000,0000,0000,0,014e,0101,0000,0,015,0101,0101,1,42,01e4,0170
1510,1510,0,5d3813eec9a40000,ff,0,0,0101,73f2,0,0000,0101,0,0101,0000,1,1,0,0,0000,014e,0000,0000,0000,0000,0,014e,0101,0000,0,015,0101,0101,1,42,01e4,0170
1511,1511,0,5d3813eec9a40000,ff,0,0,0101,73f2,0,0000,0101,0,0101,0000,1,1,0,0,0000,014e,0000,0000,0000,0000,0,014e,0101,0000,0,015,0101,0101,1,42,01e4,0170
1512,1512,0,5d3813eec9a40000,ff,0,0,0101,73f2,0,0000,0101,0,0101,0000,1,1,0,0,0000,014e,0000,0000,0000,0000,0,014e,0101,0000,0,015,0101,0101,1,42,01e4,0170
1513,1513,0,5d3813eec9a40000,ff,0,0,0101,73f2,0,0000,0101,0,0101,0000,1,1,0,0,0000,014e,0000,0000,0000,0000,0,014e,0101,0000,0,015,0101,0101,1,42,01e4,0170
1514,1514,0,5d3813eec9a40000,ff,0,0,0101,73f2,0,0000,0101,0,0101,0000,1,1,0,0,0000,014e,0000,0000,0000,0000,0,014e,0101,0000,0,015,0101,0101,1,42,01e4,0170
1515,1515,0,5d3813eec9a40000,ff,0,0,0101,73f2,0,0000,0101,0,0101,0000,1,1,0,0,0000,014e,0000,0000,0000,0000,0,014e,0101,0000,0,015,0101,0101,1,42,01e4,0170
1516,1516,0,5d3813eec9a40000,ff,0,0,0101,73f2,0,0000,0101,0,0101,0000,1,1,0,0,0000,014e,0000,0000,0000,0000,0,014e,0101,0000,0,015,0101,0101,1,42,01e4,0170
1517,1517,0,5d3813eec9a40000,ff,0,0,0101,73f2,0,0000,0101,0,0101,0000,1,1,0,0,0000,014e,0000,0000,0000,0000,0,014e,0101,0000,0,015,0101,0101,1,42,01e4,0170
1518,1518,0,5d3813eec9a40000,ff,0,0,0101,73f2,0,0000,0101,0,0101,0000,1,1,0,0,0000,014e,0000,0000,0000,0000,0,014e,0101,0000,0,015,0101,0101,1,42,01e4,0170
1519,1519,0,5d3813eec9a40000,ff,0,0,0101,73f2,0,0000,0101,0,0101,0000,1,1,0,0,0000,014e,0000,0000,0000,0000,0,014e,0101,0000,0,015,0101,0101,1,42,01e4,0170
1520,1520,0,5d3813eec9a40000,ff,0,0,0101,73f2,0,0000,0101,0,0101,0000,1,1,0,0,0000,014e,0000,0000,0000,0000,0,014e,0101,0000,0,015,0101,0101,1,42,01e4,0170
1521,1521,0,5d3813eec9a40000,ff,0,0,0101,73f2,0,0000,0101,0,0101,0000,1,1,0,0,0000,014e,0000,0000,0000,0000,0,014e,0101,0000,0,015,0101,0101,1,42,01e4,0170
1522,1522,0,5d3813eec9a40000,ff,0,0,0101,73f2,0,0000,0101,0,0101,0000,1,1,0,0,0000,014e,0000,0000,0000,0000,0,014e,0101,0000,0,015,0101,0101,1,42,01e4,0170
1523,1523,0,5d3813eec9a40000,ff,0,0,0101,73f2,0,0000,0101,0,0101,0000,1,1,0,0,0000,014e,0000,0000,0000,0000,0,014e,0101,0000,0,015,0101,0101,1,42,01e4,0170
1524,1524,0,5d3813eec9a40000,ff,0,0,0101,73f2,0,0000,0101,0,0101,0000,1,1,0,0,0000,014e,0000,0000,0000,0000,0,014e,0101,0000,0,015,0101,0101,1,42,01e4,0170
1525,1525,0,5d3813eec9a40000,ff,0,0,0101,73f2,0,0000,0101,0,0101,0000,1,1,0,0,0000,014e,0000,0000,0000,0000,0,014e,0101,0000,0,015,0101,0101,1,42,01e4,0170
1526,1526,0,5d3813eec9a40000,ff,0,0,0101,73f2,0,0000,0101,0,0101,0000,1,1,0,0,0000,014e,0000,0000,0000,0000,0,014e,0101,0000,0,015,0101,0101,1,42,01e4,0170
1527,1527,0,5d3813eec9a40000,ff,0,0,0101,73f2,0,0000,0101,0,0101,0000,1,1,0,0,0000,014e,0000,0000,0000,0000,0,014e,0101,0000,0,015,0101,0101,1,42,01e4,0170
1528,1528,0,5d3813eec9a40000,ff,0,0,0101,73f2,0,0000,0101,0,0101,0000,1,1,0,0,0000,014e,0000,0000,0000,0000,0,014e,0101,0000,0,015,0101,0101,1,42,01e4,0170
1529,1529,0,5d3813eec9a40000,ff,0,0,0101,73f2,0,0000,0101,0,0101,0000,1,1,0,0,0000,014e,0000,0000,0000,0000,0,014e,0101,0000,0,015,0101,0101,1,42,01e4,0170
1530,1530,0,5d3813eec9a40000,ff,0,0,0101,73f2,0,0000,0101,0,0101,0000,1,1,0,0,0000,014e,0000,0000,0000,0000,0,014e,0101,0000,0,015,0101,0101,1,42,01e4,0170
1531,1531,0,5d3813eec9a40000,ff,0,0,0101,73f2,0,0000,0101,0,0101,0000,1,1,0,0,0000,014e,0000,0000,0000,0000,0,014e,0101,0000,0,015,0101,0101,1,42,01e4,0170
1532,1532,0,5d3813eec9a40000,ff,0,0,0101,73f2,0,0000,0101,0,0101,0000,1,1,0,0,0000,014e,0000,0000,0000,0000,0,014e,0101,0000,0,015,0101,0101,1,42,01e4,0170
1533,1533,0,5d3813eec9a40000,ff,0,0,0101,73f2,0,0000,0101,0,0101,0000,1,1,0,0,0000,014e,0000,0000,0000,0000,0,014e,0101,0000,0,015,0101,0101,1,42,01e4,0170
1534,1534,0,5d3813eec9a40000,ff,0,0,0101,73f2,0,0000,0101,0,0101,0000,1,1,0,0,0000,014e,0000,0000,0000,0000,0,014e,0101,0000,0,015,0101,0101,1,42,01e4,0170
1535,1535,0,5d3813eec9a40000,ff,0,0,0101,73f2,0,0000,0101,0,0101,0000,1,1,0,0,0000,014e,0000,0000,0000,0000,0,014e,0101,0000,0,015,0101,0101,1,42,01e4,0170
1536,1536,0,5d3813eec9a40000,ff,0,0,0101,73f2,0,0000,0101,0,0101,0000,1,1,0,0,0000,014e,0000,0000,0000,0000,0,014e,0101,0000,0,015,0101,0101,1,42,01e4,0170
1537,1537,0,5d3813eec9a40000,ff,0,0,0101,73f2,0,0000,0101,0,0101,0000,1,1,0,0,0000,014e,0000,0000,0000,0000,0,014e,0101,0000,0,015,0101,0101,1,42,01e4,0170
1538,1538,0,5d3813eec9a40000,ff,0,0,0101,73f2,0,0000,0101,0,0101,0000,1,1,0,0,0000,014e,0000,0000,0000,0000,0,014e,0101,0000,0,015,0101,0101,1,42,01e4,0170
1539,1539,0,5d3813eec9a40000,ff,0,0,0101,73f2,0,0000,0101,0,0101,0000,1,1,0,0,0000,014e,0000,0000,0000,0000,0,014e,0101,0000,0,015,0101,0101,1,42,01e4,0170
1540,1540,0,5d3813eec9a40000,ff,0,0,0101,73f2,0,0000,0101,0,0101,0000,1,1,0,0,0000,014e,0000,0000,0000,0000,0,014e,0101,0000,0,015,0101,0101,1,42,01e4,0170
1541,1541,0,5d3813eec9a40000,ff,0,0,0101,73f2,0,0000,0101,0,0101,0000,1,1,0,0,0000,014e,0000,0000,0000,0000,0,014e,0101,0000,0,015,0101,0101,1,42,01e4,0170
1542,1542,0,5d3813eec9a40000,ff,0,0,0101,73f2,0,0000,0101,0,0101,0000,1,1,0,0,0000,014e,0000,0000,0000,0000,0,014e,0101,0000,0,015,0101,0101,1,42,01e4,0170
1543,1543,0,5d3813eec9a40000,ff,0,0,0101,73f2,0,0000,0101,0,0101,0000,1,1,0,0,0000,014e,0000,0000,0000,0000,0,014e,0101,0000,0,015,0101,0101,1,42,01e4,0170
1544,1544,0,5d3813eec9a40000,ff,0,0,0101,73f2,0,0000,0101,0,0101,0000,1,1,0,0,0000,014e,0000,0000,0000,0000,0,014e,0101,0000,0,015,0101,0101,1,42,01e4,0170
1545,1545,0,5d3813eec9a40000,ff,0,0,0101,73f2,0,0000,0101,0,0101,0000,1,1,0,0,0000,014e,0000,0000,0000,0000,0,014e,0101,0000,0,015,0101,0101,1,42,01e4,0170
1546,1546,0,5d3813eec9a40000,ff,0,0,0101,73f2,0,0000,0101,0,0101,0000,1,1,0,0,0000,014e,0000,0000,0000,0000,0,014e,0101,0000,0,015,0101,0101,1,42,01e4,0170
1547,1547,0,5d3813eec9a40000,ff,0,0,0101,73f2,0,0000,0101,0,0101,0000,1,1,0,0,0000,014e,0000,0000,0000,0000,0,014e,0101,0000,0,015,0101,0101,1,42,01e4,0170
1548,1548,0,5d3813eec9a40000,ff,0,0,0101,73f2,0,0000,0101,0,0101,0000,1,1,0,0,0000,014e,0000,0000,0000,0000,0,014e,0101,0000,0,015,0101,0101,1,42,01e4,0170
1549,1549,0,5d3813eec9a40000,ff,0,0,0101,73f2,0,0000,0101,0,0101,0000,1,1,0,0,0000,014e,0000,0000,0000,0000,0,014e,0101,0000,0,015,0101,0101,1,42,01e4,0170
1550,1550,0,5d3813eec9a40000,ff,0,0,0101,73f2,0,0000,0101,0,0101,0000,1,1,0,0,0000,014e,0000,0000,0000,0000,0,014e,0101,0000,0,015,0101,0101,1,42,01e4,0170
1551,1551,0,5d3813eec9a40000,ff,0,0,0101,73f2,0,0000,0101,0,0101,0000,1,1,0,0,0000,014e,0000,0000,0000,0000,0,014e,0101,0000,0,015,0101,0101,1,42,01e4,0170
1552,1552,0,5d3813eec9a40000,ff,0,0,0101,73f2,0,0000,0101,0,0101,0000,1,1,0,0,0000,014e,0000,0000,0000,0000,0,014e,0101,0000,0,015,0101,0101,1,42,01e4,0170
1553,1553,0,5d3813eec9a40000,ff,0,0,0101,73f2,0,0000,0101,0,0101,0000,1,1,0,0,0000,014e,0000,0000,0000,0000,0,014e,0101,0000,0,015,0101,0101,1,42,01e4,0170
1554,1554,0,5d3813eec9a40000,ff,0,0,0101,73f2,0,0000,0101,0,0101,0000,1,1,0,0,0000,014e,0000,0000,0000,0000,0,014e,0101,0000,0,015,0101,0101,1,42,01e4,0170
1555,1555,0,5d3813eec9a40000,ff,0,0,0101,73f2,0,0000,0101,0,0101,0000,1,1,0,0,0000,014e,0000,0000,0000,0000,0,014e,0101,0000,0,015,0101,0101,1,42,01e4,0170
1556,1556,0,5d3813eec9a40000,ff,0,0,0101,73f2,0,0000,0101,0,0101,0000,1,1,0,0,0000,014e,0000,0000,0000,0000,0,014e,0101,0000,0,015,0101,0101,1,42,01e4,0170
1557,1557,0,5d3813eec9a40000,ff,0,0,0101,73f2,0,0000,0101,0,0101,0000,1,1,0,0,0000,014e,0000,0000,0000,0000,0,014e,0101,0000,0,015,0101,0101,1,42,01e4,0170
1558,1558,0,5d3813eec9a40000,ff,0,0,0101,73f2,0,0000,0101,0,0101,0000,1,1,0,0,0000,014e,0000,0000,0000,0000,0,014e,0101,0000,0,015,0101,0101,1,42,01e4,0170
1559,1559,0,5d3813eec9a40000,ff,0,0,0101,73f2,0,0000,0101,0,0101,0000,1,1,0,0,0000,014e,0000,0000,0000,0000,0,014e,0101,0000,0,015,0101,0101,1,42,01e4,0170
1560,1560,0,5d3813eec9a40000,ff,0,0,0101,73f2,0,0000,0101,0,0101,0000,1,1,0,0,0000,014e,0000,0000,0000,0000,0,014e,0101,0000,0,015,0101,0101,1,42,01e4,0170
1561,1561,0,5d3813eec9a40000,ff,0,0,0101,73f2,0,0000,0101,0,0101,0000,1,1,0,0,0000,014e,0000,0000,0000,0000,0,014e,0101,0000,0,015,0101,0101,1,42,01e4,0170
1562,1562,0,5d3813eec9a40000,ff,0,0,0101,73f2,0,0000,0101,0,0101,0000,1,1,0,0,0000,014e,0000,0000,0000,0000,0,014e,0101,0000,0,015,0101,0101,1,42,01e4,0170
1563,1563,0,5d3813eec9a40000,ff,0,0,0101,73f2,0,0000,0101,0,0101,0000,1,1,0,0,0000,014e,0000,0000,0000,0000,0,014e,0101,0000,0,015,0101,0101,1,42,01e4,0170
1564,1564,0,5d3813eec9a40000,ff,0,0,0101,73f2,0,0000,0101,0,0101,0000,1,1,0,0,0000,014e,0000,0000,0000,0000,0,014e,0101,0000,0,015,0101,0101,1,42,01e4,0170
1565,1565,0,5d3813eec9a40000,ff,0,0,0101,73f2,0,0000,0101,0,0101,0000,1,1,0,0,0000,014e,0000,0000,0000,0000,0,014e,0101,0000,0,015,0101,0101,1,42,01e4,0170
1566,1566,0,5d3813eec9a40000,ff,0,0,0101,73f2,0,0000,0101,0,0101,0000,1,1,0,0,0000,014e,0000,0000,0000,0000,0,014e,0101,0000,0,015,0101,0101,1,42,01e4,0170
1567,1567,0,5d3813eec9a40000,ff,0,0,0101,73f2,0,0000,0101,0,0101,0000,1,1,0,0,0000,014e,0000,0000,0000,0000,0,014e,0101,0000,0,015,0101,0101,1,42,01e4,0170
1568,1568,0,5d3813eec9a40000,ff,0,0,0101,73f2,0,0000,0101,0,0101,0000,1,1,0,0,0000,014e,0000,0000,0000,0000,0,014e,0101,0000,0,015,0101,0101,1,42,01e4,0170
1569,1569,0,5d3813eec9a40000,ff,0,0,0101,73f2,0,0000,0101,0,0101,0000,1,1,0,0,0000,014e,0000,0000,0000,0000,0,014e,0101,0000,0,015,0101,0101,1,42,01e4,0170
1570,1570,0,5d3813eec9a40000,ff,0,0,0101,73f2,0,0000,0101,0,0101,0000,1,1,0,0,0000,014e,0000,0000,0000,0000,0,014e,0101,0000,0,015,0101,0101,1,42,01e4,0170
1571,1571,0,5d3813eec9a40000,ff,0,0,0101,73f2,0,0000,0101,0,0101,0000,1,1,0,0,0000,014e,0000,0000,0000,0000,0,014e,0101,0000,0,015,0101,0101,1,42,01e4,0170
1572,1572,0,5d3813eec9a40000,ff,0,0,0101,73f2,0,0000,0101,0,0101,0000,1,1,0,0,0000,014e,0000,0000,0000,0000,0,014e,0101,0000,0,015,0101,0101,1,42,01e4,0170
1573,1573,0,5d3813eec9a40000,ff,0,0,0101,73f2,0,0000,0101,0,0101,0000,1,1,0,0,0000,014e,0000,0000,0000,0000,0,014e,0101,0000,0,015,0101,0101,1,42,01e4,0170
1574,1574,0,5d3813eec9a40000,ff,0,0,0101,73f2,0,0000,0101,0,0101,0000,1,1,0,0,0000,014e,0000,0000,0000,0000,0,014e,0101,0000,0,015,0101,0101,1,42,01e4,0170
1575,1575,0,5d3813eec9a40000,ff,0,0,0101,73f2,0,0000,0101,0,0101,0000,1,1,0,0,0000,014e,0000,0000,0000,0000,0,014e,0101,0000,0,015,0101,0101,1,42,01e4,0170
1576,1576,0,5d3813eec9a40000,ff,0,0,0101,73f2,0,0000,0101,0,0101,0000,1,1,0,0,0000,014e,0000,0000,0000,0000,0,014e,0101,0000,0,015,0101,0101,1,42,01e4,0170
1577,1577,0,5d3813eec9a40000,ff,0,0,0101,73f2,0,0000,0101,0,0101,0000,1,1,0,0,0000,014e,0000,0000,0000,0000,0,014e,0101,0000,0,015,0101,0101,1,42,01e4,0170
1578,1578,0,5d3813eec9a40000,ff,0,0,0101,73f2,0,0000,0101,0,0101,0000,1,1,0,0,0000,014e,0000,0000,0000,0000,0,014e,0101,0000,0,015,0101,0101,1,42,01e4,0170
1579,1579,0,5d3813eec9a40000,ff,0,0,0101,73f2,0,0000,0101,0,0101,0000,1,1,0,0,0000,014e,0000,0000,0000,0000,0,014e,0101,0000,0,015,0101,0101,1,42,01e4,0170
1580,1580,0,5d3813eec9a40000,ff,0,0,0101,73f2,0,0000,0101,0,0101,0000,1,1,0,0,0000,014e,0000,0000,0000,0000,0,014e,0101,0000,0,015,0101,0101,1,42,01e4,0170
1581,1581,0,5d3813eec9a40000,ff,0,0,0101,73f2,0,0000,0101,0,0101,0000,1,1,0,0,0000,014e,0000,0000,0000,0000,0,014e,0101,0000,0,015,0101,0101,1,42,01e4,0170
1582,1582,0,5d3813eec9a40000,ff,0,0,0101,73f2,0,0000,0101,0,0101,0000,1,1,0,0,0000,014e,0000,0000,0000,0000,0,014e,0101,0000,0,015,0101,0101,1,42,01e4,0170
1583,1583,0,5d3813eec9a40000,ff,0,0,0101,73f2,0,0000,0101,0,0101,0000,1,1,0,0,0000,014e,0000,0000,0000,0000,0,014e,0101,0000,0,015,0101,0101,1,42,01e4,0170
1584,1584,0,5d3813eec9a40000,ff,0,0,0101,73f2,0,0000,0101,0,0101,0000,1,1,0,0,0000,014e,0000,0000,0000,0000,0,014e,0101,0000,0,015,0101,0101,1,42,01e4,0170
1585,1585,0,5d3813eec9a40000,ff,0,0,0101,73f2,0,0000,0101,0,0101,0000,1,1,0,0,0000,014e,0000,0000,0000,0000,0,014e,0101,0000,0,015,0101,0101,1,42,01e4,0170
1586,1586,0,5d3813eec9a40000,ff,0,0,0101,73f2,0,0000,0101,0,0101,0000,1,1,0,0,0000,014e,0000,0000,0000,0000,0,014e,0101,0000,0,015,0101,0101,1,42,01e4,0170
1587,1587,0,5d3813eec9a40000,ff,0,0,0101,73f2,0,0000,0101,0,0101,0000,1,1,0,0,0000,014e,0000,0000,0000,0000,0,014e,0101,0000,0,015,0101,0101,1,42,01e4,0170
1588,1588,0,5d3813eec9a40000,ff,0,0,0101,73f2,0,0000,0101,0,0101,0000,1,1,0,0,0000,014e,0000,0000,0000,0000,0,014e,0101,0000,0,015,0101,0101,1,42,01e4,0170
1589,1589,0,5d3813eec9a40000,ff,0,0,0101,73f2,0,0000,0101,0,0101,0000,1,1,0,0,0000,014e,0000,0000,0000,0000,0,014e,0101,0000,0,015,0101,0101,1,42,01e4,0170
1590,1590,0,5d3813eec9a40000,ff,0,0,0101,73f2,0,0000,0101,0,0101,0000,1,1,0,0,0000,014e,0000,0000,0000,0000,0,014e,0101,0000,0,015,0101,0101,1,42,01e4,0170
1591,1591,0,5d3813eec9a40000,ff,0,0,0101,73f2,0,0000,0101,0,0101,0000,1,1,0,0,0000,014e,0000,0000,0000,0000,0,014e,0101,0000,0,015,0101,0101,1,42,01e4,0170
1592,1592,0,5d3813eec9a40000,ff,0,0,0101,73f2,0,0000,0101,0,0101,0000,1,1,0,0,0000,014e,0000,0000,0000,0000,0,014e,0101,0000,0,015,0101,0101,1,42,01e4,0170
1593,1593,0,5d3813eec9a40000,ff,0,0,0101,73f2,0,0000,0101,0,0101,0000,1,1,0,0,0000,014e,0000,0000,0000,0000,0,014e,0101,0000,0,015,0101,0101,1,42,01e4,0170
1594,1594,0,5d3813eec9a40000,ff,0,0,0101,73f2,0,0000,0101,0,0101,0000,1,1,0,0,0000,014e,0000,0000,0000,0000,0,014e,0101,0000,0,015,0101,0101,1,42,01e4,0170
1595,1595,0,5d3813eec9a40000,ff,0,0,0101,73f2,0,0000,0101,0,0101,0000,1,1,0,0,0000,014e,0000,0000,0000,0000,0,014e,0101,0000,0,015,0101,0101,1,42,01e4,0170
1596,1596,0,5d3813eec9a40000,ff,0,0,0101,73f2,0,0000,0101,0,0101,0000,1,1,0,0,0000,014e,0000,0000,0000,0000,0,014e,0101,0000,0,015,0101,0101,1,42,01e4,0170
1597,1597,0,5d3813eec9a40000,ff,0,0,0101,73f2,0,0000,0101,0,0101,0000,1,1,0,0,0000,014e,0000,0000,0000,0000,0,014e,0101,0000,0,015,0101,0101,1,42,01e4,0170
1598,1598,0,5d3813eec9a40000,ff,0,0,0101,73f2,0,0000,0101,0,0101,0000,1,1,0,0,0000,014e,0000,0000,0000,0000,0,014e,0101,0000,0,015,0101,0101,1,42,01e4,0170
1599,1599,0,5d3813eec9a40000,ff,0,0,0101,73f2,0,0000,0101,0,0101,0000,1,1,0,0,0000,014e,0000,0000,0000,0000,0,014e,0101,0000,0,015,0101,0101,1,42,01e4,0170
1600,1600,0,5d3813eec9a40000,ff,0,0,0101,73f2,0,0000,0101,0,0101,0000,1,1,0,0,0000,014e,0000,0000,0000,0000,0,014e,0101,0000,0,015,0101,0101,1,42,01e4,0170
1601,1601,0,5d3813eec9a40000,ff,0,0,0101,73f2,0,0000,0101,0,0101,0000,1,1,0,0,0000,014e,0000,0000,0000,0000,0,014e,0101,0000,0,015,0101,0101,1,42,01e4,0170
1602,1602,0,5d3813eec9a40000,ff,0,0,0101,73f2,0,0000,0101,0,0101,0000,1,1,0,0,0000,014e,0000,0000,0000,0000,0,014e,0101,0000,0,015,0101,0101,1,42,01e4,0170
1603,1603,0,5d3813eec9a40000,ff,0,0,0101,73f2,0,0000,0101,0,0101,0000,1,1,0,0,0000,014e,0000,0000,0000,0000,0,014e,0101,0000,0,015,0101,0101,1,42,01e4,0170
1604,1604,0,5d3813eec9a40000,ff,0,0,0101,73f2,0,0000,0101,0,0101,0000,1,1,0,0,0000,014e,0000,0000,0000,0000,0,014e,0101,0000,0,015,0101,0101,1,42,01e4,0170
1605,1605,0,5d3813eec9a40000,ff,0,0,0101,73f2,0,0000,0101,0,0101,0000,1,1,0,0,0000,014e,0000,0000,0000,0000,0,014e,0101,0000,0,015,0101,0101,1,42,01e4,0170
1606,1606,0,5d3813eec9a40000,ff,0,0,0101,73f2,0,0000,0101,0,0101,0000,1,1,0,0,0000,014e,0000,0000,0000,0000,0,014e,0101,0000,0,015,0101,0101,1,42,01e4,0170
1607,1607,0,5d3813eec9a40000,ff,0,0,0101,73f2,0,0000,0101,0,0101,0000,1,1,0,0,0000,014e,0000,0000,0000,0000,0,014e,0101,0000,0,015,0101,0101,1,42,01e4,0170
1608,1608,0,5d3813eec9a40000,ff,0,0,0101,73f2,0,0000,0101,0,0101,0000,1,1,0,0,0000,014e,0000,0000,0000,0000,0,014e,0101,0000,0,015,0101,0101,1,42,01e4,0170
1609,1609,0,5d3813eec9a40000,ff,0,0,0101,73f2,0,0000,0101,0,0101,0000,1,1,0,0,0000,014e,0000,0000,0000,0000,0,014e,0101,0000,0,015,0101,0101,1,42,01e4,0170
1610,1610,0,5d3813eec9a40000,ff,0,0,0101,73f2,0,0000,0101,0,0101,0000,1,1,0,0,0000,014e,0000,0000,0000,0000,0,014e,0101,0000,0,015,0101,0101,1,42,01e4,0170
1611,1611,0,5d3813eec9a40000,ff,0,0,0101,73f2,0,0000,0101,0,0101,0000,1,1,0,0,0000,014e,0000,0000,0000,0000,0,014e,0101,0000,0,015,0101,0101,1,42,01e4,0170
1612,1612,0,5d3813eec9a40000,ff,0,0,0101,73f2,0,0000,0101,0,0101,0000,1,1,0,0,0000,014e,0000,0000,0000,0000,0,014e,0101,0000,0,015,0101,0101,1,42,01e4,0170
1613,1613,0,5d3813eec9a40000,ff,0,0,0101,73f2,0,0000,0101,0,0101,0000,1,1,0,0,0000,014e,0000,0000,0000,0000,0,014e,0101,0000,0,015,0101,0101,1,42,01e4,0170
1614,1614,0,5d3813eec9a40000,ff,0,0,0101,73f2,0,0000,0101,0,0101,0000,1,1,0,0,0000,014e,0000,0000,0000,0000,0,014e,0101,0000,0,015,0101,0101,1,42,01e4,0170
1615,1615,0,5d3813eec9a40000,ff,0,0,0101,73f2,0,0000,0101,0,0101,0000,1,1,0,0,0000,014e,0000,0000,0000,0000,0,014e,0101,0000,0,015,0101,0101,1,42,01e4,0170
1616,1616,0,5d3813eec9a40000,ff,0,0,0101,73f2,0,0000,0101,0,0101,0000,1,1,0,0,0000,014e,0000,0000,0000,0000,0,014e,0101,0000,0,015,0101,0101,1,42,01e4,0170
1617,1617,0,5d3813eec9a40000,ff,0,0,0101,73f2,0,0000,0101,0,0101,0000,1,1,0,0,0000,014e,0000,0000,0000,0000,0,014e,0101,0000,0,015,0101,0101,1,42,01e4,0170
1618,1618,0,5d3813eec9a40000,ff,0,0,0101,73f2,0,0000,0101,0,0101,0000,1,1,0,0,0000,014e,0000,0000,0000,0000,0,014e,0101,0000,0,015,0101,0101,1,42,01e4,0170
1619,1619,0,5d3813eec9a40000,ff,0,0,0101,73f2,0,0000,0101,0,0101,0000,1,1,0,0,0000,014e,0000,0000,0000,0000,0,014e,0101,0000,0,015,0101,0101,1,42,01e4,0170
1620,1620,0,5d3813eec9a40000,ff,0,0,0101,73f2,0,0000,0101,0,0101,0000,1,1,0,0,0000,014e,0000,0000,0000,0000,0,014e,0101,0000,0,015,0101,0101,1,42,01e4,0170
1621,1621,0,5d3813eec9a40000,ff,0,0,0101,73f2,0,0000,0101,0,0101,0000,1,1,0,0,0000,014e,0000,0000,0000,0000,0,014e,0101,0000,0,015,0101,0101,1,42,01e4,0170
1622,1622,0,5d3813eec9a40000,ff,0,0,0101,73f2,0,0000,0101,0,0101,0000,1,1,0,0,0000,014e,0000,0000,0000,0000,0,014e,0101,0000,0,015,0101,0101,1,42,01e4,0170
1623,1623,0,5d3813eec9a40000,ff,0,0,0101,73f2,0,0000,0101,0,0101,0000,1,1,0,0,0000,014e,0000,0000,0000,0000,0,014e,0101,0000,0,015,0101,0101,1,42,01e4,0170
1624,1624,0,5d3813eec9a40000,ff,0,0,0101,73f2,0,0000,0101,0,0101,0000,1,1,0,0,0000,014e,0000,0000,0000,0000,0,014e,0101,0000,0,015,0101,0101,1,42,01e4,0170
1625,1625,0,5d3813eec9a40000,ff,0,0,0101,73f2,0,0000,0101,0,0101,0000,1,1,0,0,0000,014e,0000,0000,0000,0000,0,014e,0101,0000,0,015,0101,0101,1,42,01e4,0170
1626,1626,0,5d3813eec9a40000,ff,0,0,0101,73f2,0,0000,0101,0,0101,0000,1,1,0,0,0000,014e,0000,0000,0000,0000,0,014e,0101,0000,0,015,0101,0101,1,42,01e4,0170
1627,1627,0,5d3813eec9a40000,ff,0,0,0101,73f2,0,0000,0101,0,0101,0000,1,1,0,0,0000,014e,0000,0000,0000,0000,0,014e,0101,0000,0,015,0101,0101,1,42,01e4,0170
1628,1628,0,5d3813eec9a40000,ff,0,0,0101,73f2,0,0000,0101,0,0101,0000,1,1,0,0,0000,014e,0000,0000,0000,0000,0,014e,0101,0000,0,015,0101,0101,1,42,01e4,0170
1629,1629,0,5d3813eec9a40000,ff,0,0,0101,73f2,0,0000,0101,0,0101,0000,1,1,0,0,0000,014e,0000,0000,0000,0000,0,014e,0101,0000,0,015,0101,0101,1,42,01e4,0170
1630,1630,0,5d3813eec9a40000,ff,0,0,0101,73f2,0,0000,0101,0,0101,0000,1,1,0,0,0000,014e,0000,0000,0000,0000,0,014e,0101,0000,0,015,0101,0101,1,42,01e4,0170
1631,1631,0,5d3813eec9a40000,ff,0,0,0101,73f2,0,0000,0101,0,0101,0000,1,1,0,0,0000,014e,0000,0000,0000,0000,0,014e,0101,0000,0,015,0101,0101,1,42,01e4,0170
1632,1632,0,5d3813eec9a40000,ff,0,0,0101,73f2,0,0000,0101,0,0101,0000,1,1,0,0,0000,014e,0000,0000,0000,0000,0,014e,0101,0000,0,015,0101,0101,1,42,01e4,0170
1633,1633,0,5d3813eec9a40000,ff,0,0,0101,73f2,0,0000,0101,0,0101,0000,1,1,0,0,0000,014e,0000,0000,0000,0000,0,014e,0101,0000,0,015,0101,0101,1,42,01e4,0170
1634,1634,0,5d3813eec9a40000,ff,0,0,0101,73f2,0,0000,0101,0,0101,0000,1,1,0,0,0000,014e,0000,0000,0000,0000,0,014e,0101,0000,0,015,0101,0101,1,42,01e4,0170
1635,1635,0,5d3813eec9a40000,ff,0,0,0101,73f2,0,0000,0101,0,0101,0000,1,1,0,0,0000,014e,0000,0000,0000,0000,0,014e,0101,0000,0,015,0101,0101,1,42,01e4,0170
1636,1636,0,5d3813eec9a40000,ff,0,0,0101,73f2,0,0000,0101,0,0101,0000,1,1,0,0,0000,014e,0000,0000,0000,0000,0,014e,0101,0000,0,015,0101,0101,1,42,01e4,0170
1637,1637,0,5d3813eec9a40000,ff,0,0,0101,73f2,0,0000,0101,0,0101,0000,1,1,0,0,0000,014e,0000,0000,0000,0000,0,014e,0101,0000,0,015,0101,0101,1,42,01e4,0170
1638,1638,0,5d3813eec9a40000,ff,0,0,0101,73f2,0,0000,0101,0,0101,0000,1,1,0,0,0000,014e,0000,0000,0000,0000,0,014e,0101,0000,0,015,0101,0101,1,42,01e4,0170
1639,1639,0,5d3813eec9a40000,ff,0,0,0101,73f2,0,0000,0101,0,0101,0000,1,1,0,0,0000,014e,0000,0000,0000,0000,0,014e,0101,0000,0,015,0101,0101,1,42,01e4,0170
1640,1640,0,5d3813eec9a40000,ff,0,0,0101,73f2,0,0000,0101,0,0101,0000,1,1,0,0,0000,014e,0000,0000,0000,0000,0,014e,0101,0000,0,015,0101,0101,1,42,01e4,0170
1641,1641,0,5d3813eec9a40000,ff,0,0,0101,73f2,0,0000,0101,0,0101,0000,1,1,0,0,0000,014e,0000,0000,0000,0000,0,014e,0101,0000,0,015,0101,0101,1,42,01e4,0170
1642,1642,0,5d3813eec9a40000,ff,0,0,0101,73f2,0,0000,0101,0,0101,0000,1,1,0,0,0000,014e,0000,0000,0000,0000,0,014e,0101,0000,0,015,0101,0101,1,42,01e4,0170
1643,1643,0,5d3813eec9a40000,ff,0,0,0101,73f2,0,0000,0101,0,0101,0000,1,1,0,0,0000,014e,0000,0000,0000,0000,0,014e,0101,0000,0,015,0101,0101,1,42,01e4,0170
1644,1644,0,5d3813eec9a40000,ff,0,0,0101,73f2,0,0000,0101,0,0101,0000,1,1,0,0,0000,014e,0000,0000,0000,0000,0,014e,0101,0000,0,015,0101,0101,1,42,01e4,0170
1645,1645,0,5d3813eec9a40000,ff,0,0,0101,73f2,0,0000,0101,0,0101,0000,1,1,0,0,0000,014e,0000,0000,0000,0000,0,014e,0101,0000,0,015,0101,0101,1,42,01e4,0170
1646,1646,0,5d3813eec9a40000,ff,0,0,0101,73f2,0,0000,0101,0,0101,0000,1,1,0,0,0000,014e,0000,0000,0000,0000,0,014e,0101,0000,0,015,0101,0101,1,42,01e4,0170
1647,1647,0,5d3813eec9a40000,ff,0,0,0101,73f2,0,0000,0101,0,0101,0000,1,1,0,0,0000,014e,0000,0000,0000,0000,0,014e,0101,0000,0,015,0101,0101,1,42,01e4,0170
1648,1648,0,5d3813eec9a40000,ff,0,0,0101,73f2,0,0000,0101,0,0101,0000,1,1,0,0,0000,014e,0000,0000,0000,0000,0,014e,0101,0000,0,015,0101,0101,1,42,01e4,0170
1649,1649,0,5d3813eec9a40000,ff,0,0,0101,73f2,0,0000,0101,0,0101,0000,1,1,0,0,0000,014e,0000,0000,0000,0000,0,014e,0101,0000,0,015,0101,0101,1,42,01e4,0170
1650,1650,0,5d3813eec9a40000,ff,0,0,0101,73f2,0,0000,0101,0,0101,0000,1,1,0,0,0000,014e,0000,0000,0000,0000,0,014e,0101,0000,0,015,0101,0101,1,42,01e4,0170
1651,1651,0,5d3813eec9a40000,ff,0,0,0101,73f2,0,0000,0101,0,0101,0000,1,1,0,0,0000,014e,0000,0000,0000,0000,0,014e,0101,0000,0,015,0101,0101,1,42,01e4,0170
1652,1652,0,5d3813eec9a40000,ff,0,0,0101,73f2,0,0000,0101,0,0101,0000,1,1,0,0,0000,014e,0000,0000,0000,0000,0,014e,0101,0000,0,015,0101,0101,1,42,01e4,0170
1653,1653,0,5d3813eec9a40000,ff,0,0,0101,73f2,0,0000,0101,0,0101,0000,1,1,0,0,0000,014e,0000,0000,0000,0000,0,014e,0101,0000,0,015,0101,0101,1,42,01e4,0170
1654,1654,0,5d3813eec9a40000,ff,0,0,0101,73f2,0,0000,0101,0,0101,0000,1,1,0,0,0000,014e,0000,0000,0000,0000,0,014e,0101,0000,0,015,0101,0101,1,42,01e4,0170
1655,1655,0,5d3813eec9a40000,ff,0,0,0101,73f2,0,0000,0101,0,0101,0000,1,1,0,0,0000,014e,0000,0000,0000,0000,0,014e,0101,0000,0,015,0101,0101,1,42,01e4,0170
1656,1656,0,5d3813eec9a40000,ff,0,0,0101,73f2,0,0000,0101,0,0101,0000,1,1,0,0,0000,014e,0000,0000,0000,0000,0,014e,0101,0000,0,015,0101,0101,1,42,01e4,0170
1657,1657,0,5d3813eec9a40000,ff,0,0,0101,73f2,0,0000,0101,0,0101,0000,1,1,0,0,0000,014e,0000,0000,0000,0000,0,014e,0101,0000,0,015,0101,0101,1,42,01e4,0170
1658,1658,0,5d3813eec9a40000,ff,0,0,0101,73f2,0,0000,0101,0,0101,0000,1,1,0,0,0000,014e,0000,0000,0000,0000,0,014e,0101,0000,0,015,0101,0101,1,42,01e4,0170
1659,1659,0,5d3813eec9a40000,ff,0,0,0101,73f2,0,0000,0101,0,0101,0000,1,1,0,0,0000,014e,0000,0000,0000,0000,0,014e,0101,0000,0,015,0101,0101,1,42,01e4,0170
1660,1660,0,5d3813eec9a40000,ff,0,0,0101,73f2,0,0000,0101,0,0101,0000,1,1,0,0,0000,014e,0000,0000,0000,0000,0,014e,0101,0000,0,015,0101,0101,1,42,01e4,0170
1661,1661,0,5d3813eec9a40000,ff,0,0,0101,73f2,0,0000,0101,0,0101,0000,1,1,0,0,0000,014e,0000,0000,0000,0000,0,014e,0101,0000,0,015,0101,0101,1,42,01e4,0170
1662,1662,0,5d3813eec9a40000,ff,0,0,0101,73f2,0,0000,0101,0,0101,0000,1,1,0,0,0000,014e,0000,0000,0000,0000,0,014e,0101,0000,0,015,0101,0101,1,42,01e4,0170
1663,1663,0,5d3813eec9a40000,ff,0,0,0101,73f2,0,0000,0101,0,0101,0000,1,1,0,0,0000,014e,0000,0000,0000,0000,0,014e,0101,0000,0,015,0101,0101,1,42,01e4,0170
1664,1664,0,5d3813eec9a40000,ff,0,0,0101,73f2,0,0000,0101,0,0101,0000,1,1,0,0,0000,014e,0000,0000,0000,0000,0,014e,0101,0000,0,015,0101,0101,1,42,01e4,0170
1665,1665,0,5d3813eec9a40000,ff,0,0,0101,73f2,0,0000,0101,0,0101,0000,1,1,0,0,0000,014e,0000,0000,0000,0000,0,014e,0101,0000,0,015,0101,0101,1,42,01e4,0170
1666,1666,0,5d3813eec9a40000,ff,0,0,0101,73f2,0,0000,0101,0,0101,0000,1,1,0,0,0000,014e,0000,0000,0000,0000,0,014e,0101,0000,0,015,0101,0101,1,42,01e4,0170
1667,1667,0,5d3813eec9a40000,ff,0,0,0101,73f2,0,0000,0101,0,0101,0000,1,1,0,0,0000,014e,0000,0000,0000,0000,0,014e,0101,0000,0,015,0101,0101,1,42,01e4,0170
1668,1668,0,5d3813eec9a40000,ff,0,0,0101,73f2,0,0000,0101,0,0101,0000,1,1,0,0,0000,014e,0000,0000,0000,0000,0,014e,0101,0000,0,015,0101,0101,1,42,01e4,0170
1669,1669,0,5d3813eec9a40000,ff,0,0,0101,73f2,0,0000,0101,0,0101,0000,1,1,0,0,0000,014e,0000,0000,0000,0000,0,014e,0101,0000,0,015,0101,0101,1,42,01e4,0170
1670,1670,0,5d3813eec9a40000,ff,0,0,0101,73f2,0,0000,0101,0,0101,0000,1,1,0,0,0000,014e,0000,0000,0000,0000,0,014e,0101,0000,0,015,0101,0101,1,42,01e4,0170
1671,1671,0,5d3813eec9a40000,ff,0,0,0101,73f2,0,0000,0101,0,0101,0000,1,1,0,0,0000,014e,0000,0000,0000,0000,0,014e,0101,0000,0,015,0101,0101,1,42,01e4,0170
1672,1672,0,5d3813eec9a40000,ff,0,0,0101,73f2,0,0000,0101,0,0101,0000,1,1,0,0,0000,014e,0000,0000,0000,0000,0,014e,0101,0000,0,015,0101,0101,1,42,01e4,0170
1673,1673,0,5d3813eec9a40000,ff,0,0,0101,73f2,0,0000,0101,0,0101,0000,1,1,0,0,0000,014e,0000,0000,0000,0000,0,014e,0101,0000,0,015,0101,0101,1,42,01e4,0170
1674,1674,0,5d3813eec9a40000,ff,0,0,0101,73f2,0,0000,0101,0,0101,0000,1,1,0,0,0000,014e,0000,0000,0000,0000,0,014e,0101,0000,0,015,0101,0101,1,42,01e4,0170
1675,1675,0,5d3813eec9a40000,ff,0,0,0101,73f2,0,0000,0101,0,0101,0000,1,1,0,0,0000,014e,0000,0000,0000,0000,0,014e,0101,0000,0,015,0101,0101,1,42,01e4,0170
1676,1676,0,5d3813eec9a40000,ff,0,0,0101,73f2,0,0000,0101,0,0101,0000,1,1,0,0,0000,014e,0000,0000,0000,0000,0,014e,0101,0000,0,015,0101,0101,1,42,01e4,0170
1677,1677,0,5d3813eec9a40000,ff,0,0,0101,73f2,0,0000,0101,0,0101,0000,1,1,0,0,0000,014e,0000,0000,0000,0000,0,014e,0101,0000,0,015,0101,0101,1,42,01e4,0170
1678,1678,0,5d3813eec9a40000,ff,0,0,0101,73f2,0,0000,0101,0,0101,0000,1,1,0,0,0000,014e,0000,0000,0000,0000,0,014e,0101,0000,0,015,0101,0101,1,42,01e4,0170
1679,1679,0,5d3813eec9a40000,ff,0,0,0101,73f2,0,0000,0101,0,0101,0000,1,1,0,0,0000,014e,0000,0000,0000,0000,0,014e,0101,0000,0,015,0101,0101,1,42,01e4,0170
1680,1680,0,5d3813eec9a40000,ff,0,0,0101,73f2,0,0000,0101,0,0101,0000,1,1,0,0,0000,014e,0000,0000,0000,0000,0,014e,0101,0000,0,015,0101,0101,1,42,01e4,0170
1681,1681,0,5d3813eec9a40000,ff,0,0,0101,73f2,0,0000,0101,0,0101,0000,1,1,0,0,0000,014e,0000,0000,0000,0000,0,014e,0101,0000,0,015,0101,0101,1,42,01e4,0170
1682,1682,0,5d3813eec9a40000,ff,0,0,0101,73f2,0,0000,0101,0,0101,0000,1,1,0,0,0000,014e,0000,0000,0000,0000,0,014e,0101,0000,0,015,0101,0101,1,42,01e4,0170
1683,1683,0,5d3813eec9a40000,ff,0,0,0101,73f2,0,0000,0101,0,0101,0000,1,1,0,0,0000,014e,0000,0000,0000,0000,0,014e,0101,0000,0,015,0101,0101,1,42,01e4,0170
1684,1684,0,5d3813eec9a40000,ff,0,0,0101,73f2,0,0000,0101,0,0101,0000,1,1,0,0,0000,014e,0000,0000,0000,0000,0,014e,0101,0000,0,015,0101,0101,1,42,01e4,0170
1685,1685,0,5d3813eec9a40000,ff,0,0,0101,73f2,0,0000,0101,0,0101,0000,1,1,0,0,0000,014e,0000,0000,0000,0000,0,014e,0101,0000,0,015,0101,0101,1,42,01e4,0170
1686,1686,0,5d3813eec9a40000,ff,0,0,0101,73f2,0,0000,0101,0,0101,0000,1,1,0,0,0000,014e,0000,0000,0000,0000,0,014e,0101,0000,0,015,0101,0101,1,42,01e4,0170
1687,1687,0,5d3813eec9a40000,ff,0,0,0101,73f2,0,0000,0101,0,0101,0000,1,1,0,0,0000,014e,0000,0000,0000,0000,0,014e,0101,0000,0,015,0101,0101,1,42,01e4,0170
1688,1688,0,5d3813eec9a40000,ff,0,0,0101,73f2,0,0000,0101,0,0101,0000,1,1,0,0,0000,014e,0000,0000,0000,0000,0,014e,0101,0000,0,015,0101,0101,1,42,01e4,0170
1689,1689,0,5d3813eec9a40000,ff,0,0,0101,73f2,0,0000,0101,0,0101,0000,1,1,0,0,0000,014e,0000,0000,0000,0000,0,014e,0101,0000,0,015,0101,0101,1,42,01e4,0170
1690,1690,0,5d3813eec9a40000,ff,0,0,0101,73f2,0,0000,0101,0,0101,0000,1,1,0,0,0000,014e,0000,0000,0000,0000,0,014e,0101,0000,0,015,0101,0101,1,42,01e4,0170
1691,1691,0,5d3813eec9a40000,ff,0,0,0101,73f2,0,0000,0101,0,0101,0000,1,1,0,0,0000,014e,0000,0000,0000,0000,0,014e,0101,0000,0,015,0101,0101,1,42,01e4,0170
1692,1692,0,5d3813eec9a40000,ff,0,0,0101,73f2,0,0000,0101,0,0101,0000,1,1,0,0,0000,014e,0000,0000,0000,0000,0,014e,0101,0000,0,015,0101,0101,1,42,01e4,0170
1693,1693,0,5d3813eec9a40000,ff,0,0,0101,73f2,0,0000,0101,0,0101,0000,1,1,0,0,0000,014e,0000,0000,0000,0000,0,014e,0101,0000,0,015,0101,0101,1,42,01e4,0170
1694,1694,0,5d3813eec9a40000,ff,0,0,0101,73f2,0,0000,0101,0,0101,0000,1,1,0,0,0000,014e,0000,0000,0000,0000,0,014e,0101,0000,0,015,0101,0101,1,42,01e4,0170
1695,1695,0,5d3813eec9a40000,ff,0,0,0101,73f2,0,0000,0101,0,0101,0000,1,1,0,0,0000,014e,0000,0000,0000,0000,0,014e,0101,0000,0,015,0101,0101,1,42,01e4,0170
1696,1696,0,5d3813eec9a40000,ff,0,0,0101,73f2,0,0000,0101,0,0101,0000,1,1,0,0,0000,014e,0000,0000,0000,0000,0,014e,0101,0000,0,015,0101,0101,1,42,01e4,0170
1697,1697,0,5d3813eec9a40000,ff,0,0,0101,73f2,0,0000,0101,0,0101,0000,1,1,0,0,0000,014e,0000,0000,0000,0000,0,014e,0101,0000,0,015,0101,0101,1,42,01e4,0170
1698,1698,0,5d3813eec9a40000,ff,0,0,0101,73f2,0,0000,0101,0,0101,0000,1,1,0,0,0000,014e,0000,0000,0000,0000,0,014e,0101,0000,0,015,0101,0101,1,42,01e4,0170
1699,1699,0,5d3813eec9a40000,ff,0,0,0101,73f2,0,0000,0101,0,0101,0000,1,1,0,0,0000,014e,0000,0000,0000,0000,0,014e,0101,0000,0,015,0101,0101,1,42,01e4,0170
1700,1700,0,5d3813eec9a40000,ff,0,0,0101,73f2,0,0000,0101,0,0101,0000,1,1,0,0,0000,014e,0000,0000,0000,0000,0,014e,0101,0000,0,015,0101,0101,1,42,01e4,0170
1701,1701,0,5d3813eec9a40000,ff,0,0,0101,73f2,0,0000,0101,0,0101,0000,1,1,0,0,0000,014e,0000,0000,0000,0000,0,014e,0101,0000,0,015,0101,0101,1,42,01e4,0170
1702,1702,0,5d3813eec9a40000,ff,0,0,0101,73f2,0,0000,0101,0,0101,0000,1,1,0,0,0000,014e,0000,0000,0000,0000,0,014e,0101,0000,0,015,0101,0101,1,42,01e4,0170
1703,1703,0,5d3813eec9a40000,ff,0,0,0101,73f2,0,0000,0101,0,0101,0000,1,1,0,0,0000,014e,0000,0000,0000,0000,0,014e,0101,0000,0,015,0101,0101,1,42,01e4,0170
1704,1704,0,5d3813eec9a40000,ff,0,0,0101,73f2,0,0000,0101,0,0101,0000,1,1,0,0,0000,014e,0000,0000,0000,0000,0,014e,0101,0000,0,015,0101,0101,1,42,01e4,0170
1705,1705,0,5d3813eec9a40000,ff,0,0,0101,73f2,0,0000,0101,0,0101,0000,1,1,0,0,0000,014e,0000,0000,0000,0000,0,014e,0101,0000,0,015,0101,0101,1,42,01e4,0170
1706,1706,0,5d3813eec9a40000,ff,0,0,0101,73f2,0,0000,0101,0,0101,0000,1,1,0,0,0000,014e,0000,0000,0000,0000,0,014e,0101,0000,0,015,0101,0101,1,42,01e4,0170
1707,1707,0,5d3813eec9a40000,ff,0,0,0101,73f2,0,0000,0101,0,0101,0000,1,1,0,0,0000,014e,0000,0000,0000,0000,0,014e,0101,0000,0,015,0101,0101,1,42,01e4,0170
1708,1708,0,5d3813eec9a40000,ff,0,0,0101,73f2,0,0000,0101,0,0101,0000,1,1,0,0,0000,014e,0000,0000,0000,0000,0,014e,0101,0000,0,015,0101,0101,1,42,01e4,0170
1709,1709,0,5d3813eec9a40000,ff,0,0,0101,73f2,0,0000,0101,0,0101,0000,1,1,0,0,0000,014e,0000,0000,0000,0000,0,014e,0101,0000,0,015,0101,0101,1,42,01e4,0170
1710,1710,0,5d3813eec9a40000,ff,0,0,0101,73f2,0,0000,0101,0,0101,0000,1,1,0,0,0000,014e,0000,0000,0000,0000,0,014e,0101,0000,0,015,0101,0101,1,42,01e4,0170
1711,1711,0,5d3813eec9a40000,ff,0,0,0101,73f2,0,0000,0101,0,0101,0000,1,1,0,0,0000,014e,0000,0000,0000,0000,0,014e,0101,0000,0,015,0101,0101,1,42,01e4,0170
1712,1712,0,5d3813eec9a40000,ff,0,0,0101,73f2,0,0000,0101,0,0101,0000,1,1,0,0,0000,014e,0000,0000,0000,0000,0,014e,0101,0000,0,015,0101,0101,1,42,01e4,0170
1713,1713,0,5d3813eec9a40000,ff,0,0,0101,73f2,0,0000,0101,0,0101,0000,1,1,0,0,0000,014e,0000,0000,0000,0000,0,014e,0101,0000,0,015,0101,0101,1,42,01e4,0170
1714,1714,0,5d3813eec9a40000,ff,0,0,0101,73f2,0,0000,0101,0,0101,0000,1,1,0,0,0000,014e,0000,0000,0000,0000,0,014e,0101,0000,0,015,0101,0101,1,42,01e4,0170
1715,1715,0,5d3813eec9a40000,ff,0,0,0101,73f2,0,0000,0101,0,0101,0000,1,1,0,0,0000,014e,0000,0000,0000,0000,0,014e,0101,0000,0,015,0101,0101,1,42,01e4,0170
1716,1716,0,5d3813eec9a40000,ff,0,0,0101,73f2,0,0000,0101,0,0101,0000,1,1,0,0,0000,014e,0000,0000,0000,0000,0,014e,0101,0000,0,015,0101,0101,1,42,01e4,0170
1717,1717,0,5d3813eec9a40000,ff,0,0,0101,73f2,0,0000,0101,0,0101,0000,1,1,0,0,0000,014e,0000,0000,0000,0000,0,014e,0101,0000,0,015,0101,0101,1,42,01e4,0170
1718,1718,0,5d3813eec9a40000,ff,0,0,0101,73f2,0,0000,0101,0,0101,0000,1,1,0,0,0000,014e,0000,0000,0000,0000,0,014e,0101,0000,0,015,0101,0101,1,42,01e4,0170
1719,1719,0,5d3813eec9a40000,ff,0,0,0101,73f2,0,0000,0101,0,0101,0000,1,1,0,0,0000,014e,0000,0000,0000,0000,0,014e,0101,0000,0,015,0101,0101,1,42,01e4,0170
1720,1720,0,5d3813eec9a40000,ff,0,0,0101,73f2,0,0000,0101,0,0101,0000,1,1,0,0,0000,014e,0000,0000,0000,0000,0,014e,0101,0000,0,015,0101,0101,1,42,01e4,0170
1721,1721,0,5d3813eec9a40000,ff,0,0,0101,73f2,0,0000,0101,0,0101,0000,1,1,0,0,0000,014e,0000,0000,0000,0000,0,014e,0101,0000,0,015,0101,0101,1,42,01e4,0170
1722,1722,0,5d3813eec9a40000,ff,0,0,0101,73f2,0,0000,0101,0,0101,0000,1,1,0,0,0000,014e,0000,0000,0000,0000,0,014e,0101,0000,0,015,0101,0101,1,42,01e4,0170
1723,1723,0,5d3813eec9a40000,ff,0,0,0101,73f2,0,0000,0101,0,0101,0000,1,1,0,0,0000,014e,0000,0000,0000,0000,0,014e,0101,0000,0,015,0101,0101,1,42,01e4,0170
1724,1724,0,5d3813eec9a40000,ff,0,0,0101,73f2,0,0000,0101,0,0101,0000,1,1,0,0,0000,014e,0000,0000,0000,0000,0,014e,0101,0000,0,015,0101,0101,1,42,01e4,0170
1725,1725,0,5d3813eec9a40000,ff,0,0,0101,73f2,0,0000,0101,0,0101,0000,1,1,0,0,0000,014e,0000,0000,0000,0000,0,014e,0101,0000,0,015,0101,0101,1,42,01e4,0170
1726,1726,0,5d3813eec9a40000,ff,0,0,0101,73f2,0,0000,0101,0,0101,0000,1,1,0,0,0000,014e,0000,0000,0000,0000,0,014e,0101,0000,0,015,0101,0101,1,42,01e4,0170
1727,1727,0,5d3813eec9a40000,ff,0,0,0101,73f2,0,0000,0101,0,0101,0000,1,1,0,0,0000,014e,0000,0000,0000,0000,0,014e,0101,0000,0,015,0101,0101,1,42,01e4,0170
1728,1728,0,5d3813eec9a40000,ff,0,0,0101,73f2,0,0000,0101,0,0101,0000,1,1,0,0,0000,014e,0000,0000,0000,0000,0,014e,0101,0000,0,015,0101,0101,1,42,01e4,0170
1729,1729,0,5d3813eec9a40000,ff,0,0,0101,73f2,0,0000,0101,0,0101,0000,1,1,0,0,0000,014e,0000,0000,0000,0000,0,014e,0101,0000,0,015,0101,0101,1,42,01e4,0170
1730,1730,0,5d3813eec9a40000,ff,0,0,0101,73f2,0,0000,0101,0,0101,0000,1,1,0,0,0000,014e,0000,0000,0000,0000,0,014e,0101,0000,0,015,0101,0101,1,42,01e4,0170
1731,1731,0,5d3813eec9a40000,ff,0,0,0101,73f2,0,0000,0101,0,0101,0000,1,1,0,0,0000,014e,0000,0000,0000,0000,0,014e,0101,0000,0,015,0101,0101,1,42,01e4,0170
1732,1732,0,5d3813eec9a40000,ff,0,0,0101,73f2,0,0000,0101,0,0101,0000,1,1,0,0,0000,014e,0000,0000,0000,0000,0,014e,0101,0000,0,015,0101,0101,1,42,01e4,0170
1733,1733,0,5d3813eec9a40000,ff,0,0,0101,73f2,0,0000,0101,0,0101,0000,1,1,0,0,0000,014e,0000,0000,0000,0000,0,014e,0101,0000,0,015,0101,0101,1,42,01e4,0170
1734,1734,0,5d3813eec9a40000,ff,0,0,0101,73f2,0,0000,0101,0,0101,0000,1,1,0,0,0000,014e,0000,0000,0000,0000,0,014e,0101,0000,0,015,0101,0101,1,42,01e4,0170
1735,1735,0,5d3813eec9a40000,ff,0,0,0101,73f2,0,0000,0101,0,0101,0000,1,1,0,0,0000,014e,0000,0000,0000,0000,0,014e,0101,0000,0,015,0101,0101,1,42,01e4,0170
1736,1736,0,5d3813eec9a40000,ff,0,0,0101,73f2,0,0000,0101,0,0101,0000,1,1,0,0,0000,014e,0000,0000,0000,0000,0,014e,0101,0000,0,015,0101,0101,1,42,01e4,0170
1737,1737,0,5d3813eec9a40000,ff,0,0,0101,73f2,0,0000,0101,0,0101,0000,1,1,0,0,0000,014e,0000,0000,0000,0000,0,014e,0101,0000,0,015,0101,0101,1,42,01e4,0170
1738,1738,0,5d3813eec9a40000,ff,0,0,0101,73f2,0,0000,0101,0,0101,0000,1,1,0,0,0000,014e,0000,0000,0000,0000,0,014e,0101,0000,0,015,0101,0101,1,42,01e4,0170
1739,1739,0,5d3813eec9a40000,ff,0,0,0101,73f2,0,0000,0101,0,0101,0000,1,1,0,0,0000,014e,0000,0000,0000,0000,0,014e,0101,0000,0,015,0101,0101,1,42,01e4,0170
1740,1740,0,5d3813eec9a40000,ff,0,0,0101,73f2,0,0000,0101,0,0101,0000,1,1,0,0,0000,014e,0000,0000,0000,0000,0,014e,0101,0000,0,015,0101,0101,1,42,01e4,0170
1741,1741,0,5d3813eec9a40000,ff,0,0,0101,73f2,0,0000,0101,0,0101,0000,1,1,0,0,0000,014e,0000,0000,0000,0000,0,014e,0101,0000,0,015,0101,0101,1,42,01e4,0170
1742,1742,0,5d3813eec9a40000,ff,0,0,0101,73f2,0,0000,0101,0,0101,0000,1,1,0,0,0000,014e,0000,0000,0000,0000,0,014e,0101,0000,0,015,0101,0101,1,42,01e4,0170
1743,1743,0,5d3813eec9a40000,ff,0,0,0101,73f2,0,0000,0101,0,0101,0000,1,1,0,0,0000,014e,0000,0000,0000,0000,0,014e,0101,0000,0,015,0101,0101,1,42,01e4,0170
1744,1744,0,5d3813eec9a40000,ff,0,0,0101,73f2,0,0000,0101,0,0101,0000,1,1,0,0,0000,014e,0000,0000,0000,0000,0,014e,0101,0000,0,015,0101,0101,1,42,01e4,0170
1745,1745,0,5d3813eec9a40000,ff,0,0,0101,73f2,0,0000,0101,0,0101,0000,1,1,0,0,0000,014e,0000,0000,0000,0000,0,014e,0101,0000,0,015,0101,0101,1,42,01e4,0170
1746,1746,0,5d3813eec9a40000,ff,0,0,0101,73f2,0,0000,0101,0,0101,0000,1,1,0,0,0000,014e,0000,0000,0000,0000,0,014e,0101,0000,0,015,0101,0101,1,42,01e4,0170
1747,1747,0,5d3813eec9a40000,ff,0,0,0101,73f2,0,0000,0101,0,0101,0000,1,1,0,0,0000,014e,0000,0000,0000,0000,0,014e,0101,0000,0,015,0101,0101,1,42,01e4,0170
1748,1748,0,5d3813eec9a40000,ff,0,0,0101,73f2,0,0000,0101,0,0101,0000,1,1,0,0,0000,014e,0000,0000,0000,0000,0,014e,0101,0000,0,015,0101,0101,1,42,01e4,0170
1749,1749,0,5d3813eec9a40000,ff,0,0,0101,73f2,0,0000,0101,0,0101,0000,1,1,0,0,0000,014e,0000,0000,0000,0000,0,014e,0101,0000,0,015,0101,0101,1,42,01e4,0170
1750,1750,0,5d3813eec9a40000,ff,0,0,0101,73f2,0,0000,0101,0,0101,0000,1,1,0,0,0000,014e,0000,0000,0000,0000,0,014e,0101,0000,0,015,0101,0101,1,42,01e4,0170
1751,1751,0,5d3813eec9a40000,ff,0,0,0101,73f2,0,0000,0101,0,0101,0000,1,1,0,0,0000,014e,0000,0000,0000,0000,0,014e,0101,0000,0,015,0101,0101,1,42,01e4,0170
1752,1752,0,5d3813eec9a40000,ff,0,0,0101,73f2,0,0000,0101,0,0101,0000,1,1,0,0,0000,014e,0000,0000,0000,0000,0,014e,0101,0000,0,015,0101,0101,1,42,01e4,0170
1753,1753,0,5d3813eec9a40000,ff,0,0,0101,73f2,0,0000,0101,0,0101,0000,1,1,0,0,0000,014e,0000,0000,0000,0000,0,014e,0101,0000,0,015,0101,0101,1,42,01e4,0170
1754,1754,0,5d3813eec9a40000,ff,0,0,0101,73f2,0,0000,0101,0,0101,0000,1,1,0,0,0000,014e,0000,0000,0000,0000,0,014e,0101,0000,0,015,0101,0101,1,42,01e4,0170
1755,1755,0,5d3813eec9a40000,ff,0,0,0101,73f2,0,0000,0101,0,0101,0000,1,1,0,0,0000,014e,0000,0000,0000,0000,0,014e,0101,0000,0,015,0101,0101,1,42,01e4,0170
1756,1756,0,5d3813eec9a40000,ff,0,0,0101,73f2,0,0000,0101,0,0101,0000,1,1,0,0,0000,014e,0000,0000,0000,0000,0,014e,0101,0000,0,015,0101,0101,1,42,01e4,0170
1757,1757,0,5d3813eec9a40000,ff,0,0,0101,73f2,0,0000,0101,0,0101,0000,1,1,0,0,0000,014e,0000,0000,0000,0000,0,014e,0101,0000,0,015,0101,0101,1,42,01e4,0170
1758,1758,0,5d3813eec9a40000,ff,0,0,0101,73f2,0,0000,0101,0,0101,0000,1,1,0,0,0000,014e,0000,0000,0000,0000,0,014e,0101,0000,0,015,0101,0101,1,42,01e4,0170
1759,1759,0,5d3813eec9a40000,ff,0,0,0101,73f2,0,0000,0101,0,0101,0000,1,1,0,0,0000,014e,0000,0000,0000,0000,0,014e,0101,0000,0,015,0101,0101,1,42,01e4,0170
1760,1760,0,5d3813eec9a40000,ff,0,0,0101,73f2,0,0000,0101,0,0101,0000,1,1,0,0,0000,014e,0000,0000,0000,0000,0,014e,0101,0000,0,015,0101,0101,1,42,01e4,0170
1761,1761,0,5d3813eec9a40000,ff,0,0,0101,73f2,0,0000,0101,0,0101,0000,1,1,0,0,0000,014e,0000,0000,0000,0000,0,014e,0101,0000,0,015,0101,0101,1,42,01e4,0170
1762,1762,0,5d3813eec9a40000,ff,0,0,0101,73f2,0,0000,0101,0,0101,0000,1,1,0,0,0000,014e,0000,0000,0000,0000,0,014e,0101,0000,0,015,0101,0101,1,42,01e4,0170
1763,1763,0,5d3813eec9a40000,ff,0,0,0101,73f2,0,0000,0101,0,0101,0000,1,1,0,0,0000,014e,0000,0000,0000,0000,0,014e,0101,0000,0,015,0101,0101,1,42,01e4,0170
1764,1764,0,5d3813eec9a40000,ff,0,0,0101,73f2,0,0000,0101,0,0101,0000,1,1,0,0,0000,014e,0000,0000,0000,0000,0,014e,0101,0000,0,015,0101,0101,1,42,01e4,0170
1765,1765,0,5d3813eec9a40000,ff,0,0,0101,73f2,0,0000,0101,0,0101,0000,1,1,0,0,0000,014e,0000,0000,0000,0000,0,014e,0101,0000,0,015,0101,0101,1,42,01e4,0170
1766,1766,0,5d3813eec9a40000,ff,0,0,0101,73f2,0,0000,0101,0,0101,0000,1,1,0,0,0000,014e,0000,0000,0000,0000,0,014e,0101,0000,0,015,0101,0101,1,42,01e4,0170
1767,1767,0,5d3813eec9a40000,ff,0,0,0101,73f2,0,0000,0101,0,0101,0000,1,1,0,0,0000,014e,0000,0000,0000,0000,0,014e,0101,0000,0,015,0101,0101,1,42,01e4,0170
1768,1768,0,5d3813eec9a40000,ff,0,0,0101,73f2,0,0000,0101,0,0101,0000,1,1,0,0,0000,014e,0000,0000,0000,0000,0,014e,0101,0000,0,015,0101,0101,1,42,01e4,0170
1769,1769,0,5d3813eec9a40000,ff,0,0,0101,73f2,0,0000,0101,0,0101,0000,1,1,0,0,0000,014e,0000,0000,0000,0000,0,014e,0101,0000,0,015,0101,0101,1,42,01e4,0170
1770,1770,0,5d3813eec9a40000,ff,0,0,0101,73f2,0,0000,0101,0,0101,0000,1,1,0,0,0000,014e,0000,0000,0000,0000,0,014e,0101,0000,0,015,0101,0101,1,42,01e4,0170
1771,1771,0,5d3813eec9a40000,ff,0,0,0101,73f2,0,0000,0101,0,0101,0000,1,1,0,0,0000,014e,0000,0000,0000,0000,0,014e,0101,0000,0,015,0101,0101,1,42,01e4,0170
1772,1772,0,5d3813eec9a40000,ff,0,0,0101,73f2,0,0000,0101,0,0101,0000,1,1,0,0,0000,014e,0000,0000,0000,0000,0,014e,0101,0000,0,015,0101,0101,1,42,01e4,0170
1773,1773,0,5d3813eec9a40000,ff,0,0,0101,73f2,0,0000,0101,0,0101,0000,1,1,0,0,0000,014e,0000,0000,0000,0000,0,014e,0101,0000,0,015,0101,0101,1,42,01e4,0170
1774,1774,0,5d3813eec9a40000,ff,0,0,0101,73f2,0,0000,0101,0,0101,0000,1,1,0,0,0000,014e,0000,0000,0000,0000,0,014e,0101,0000,0,015,0101,0101,1,42,01e4,0170
1775,1775,0,5d3813eec9a40000,ff,0,0,0101,73f2,0,0000,0101,0,0101,0000,1,1,0,0,0000,014e,0000,0000,0000,0000,0,014e,0101,0000,0,015,0101,0101,1,42,01e4,0170
1776,1776,0,5d3813eec9a40000,ff,0,0,0101,73f2,0,0000,0101,0,0101,0000,1,1,0,0,0000,014e,0000,0000,0000,0000,0,014e,0101,0000,0,015,0101,0101,1,42,01e4,0170
1777,1777,0,5d3813eec9a40000,ff,0,0,0101,73f2,0,0000,0101,0,0101,0000,1,1,0,0,0000,014e,0000,0000,0000,0000,0,014e,0101,0000,0,015,0101,0101,1,42,01e4,0170
1778,1778,0,5d3813eec9a40000,ff,0,0,0101,73f2,0,0000,0101,0,0101,0000,1,1,0,0,0000,014e,0000,0000,0000,0000,0,014e,0101,0000,0,015,0101,0101,1,42,01e4,0170
1779,1779,0,5d3813eec9a40000,ff,0,0,0101,73f2,0,0000,0101,0,0101,0000,1,1,0,0,0000,014e,0000,0000,0000,0000,0,014e,0101,0000,0,015,0101,0101,1,42,01e4,0170
1780,1780,0,5d3813eec9a40000,ff,0,0,0101,73f2,0,0000,0101,0,0101,0000,1,1,0,0,0000,014e,0000,0000,0000,0000,0,014e,0101,0000,0,015,0101,0101,1,42,01e4,0170
1781,1781,0,5d3813eec9a40000,ff,0,0,0101,73f2,0,0000,0101,0,0101,0000,1,1,0,0,0000,014e,0000,0000,0000,0000,0,014e,0101,0000,0,015,0101,0101,1,42,01e4,0170
1782,1782,0,5d3813eec9a40000,ff,0,0,0101,73f2,0,0000,0101,0,0101,0000,1,1,0,0,0000,014e,0000,0000,0000,0000,0,014e,0101,0000,0,015,0101,0101,1,42,01e4,0170
1783,1783,0,5d3813eec9a40000,ff,0,0,0101,73f2,0,0000,0101,0,0101,0000,1,1,0,0,0000,014e,0000,0000,0000,0000,0,014e,0101,0000,0,015,0101,0101,1,42,01e4,0170
1784,1784,0,5d3813eec9a40000,ff,0,0,0101,73f2,0,0000,0101,0,0101,0000,1,1,0,0,0000,014e,0000,0000,0000,0000,0,014e,0101,0000,0,015,0101,0101,1,42,01e4,0170
1785,1785,0,5d3813eec9a40000,ff,0,0,0101,73f2,0,0000,0101,0,0101,0000,1,1,0,0,0000,014e,0000,0000,0000,0000,0,014e,0101,0000,0,015,0101,0101,1,42,01e4,0170
1786,1786,0,5d3813eec9a40000,ff,0,0,0101,73f2,0,0000,0101,0,0101,0000,1,1,0,0,0000,014e,0000,0000,0000,0000,0,014e,0101,0000,0,015,0101,0101,1,42,01e4,0170
1787,1787,0,5d3813eec9a40000,ff,0,0,0101,73f2,0,0000,0101,0,0101,0000,1,1,0,0,0000,014e,0000,0000,0000,0000,0,014e,0101,0000,0,015,0101,0101,1,42,01e4,0170
1788,1788,0,5d3813eec9a40000,ff,0,0,0101,73f2,0,0000,0101,0,0101,0000,1,1,0,0,0000,014e,0000,0000,0000,0000,0,014e,0101,0000,0,015,0101,0101,1,42,01e4,0170
1789,1789,0,5d3813eec9a40000,ff,0,0,0101,73f2,0,0000,0101,0,0101,0000,1,1,0,0,0000,014e,0000,0000,0000,0000,0,014e,0101,0000,0,015,0101,0101,1,42,01e4,0170
1790,1790,0,5d3813eec9a40000,ff,0,0,0101,73f2,0,0000,0101,0,0101,0000,1,1,0,0,0000,014e,0000,0000,0000,0000,0,014e,0101,0000,0,015,0101,0101,1,42,01e4,0170
1791,1791,0,5d3813eec9a40000,ff,0,0,0101,73f2,0,0000,0101,0,0101,0000,1,1,0,0,0000,014e,0000,0000,0000,0000,0,014e,0101,0000,0,015,0101,0101,1,42,01e4,0170
1792,1792,0,5d3813eec9a40000,ff,0,0,0101,73f2,0,0000,0101,0,0101,0000,1,1,0,0,0000,014e,0000,0000,0000,0000,0,014e,0101,0000,0,015,0101,0101,1,42,01e4,0170
1793,1793,0,5d3813eec9a40000,ff,0,0,0101,73f2,0,0000,0101,0,0101,0000,1,1,0,0,0000,014e,0000,0000,0000,0000,0,014e,0101,0000,0,015,0101,0101,1,42,01e4,0170
1794,1794,0,5d3813eec9a40000,ff,0,0,0101,73f2,0,0000,0101,0,0101,0000,1,1,0,0,0000,014e,0000,0000,0000,0000,0,014e,0101,0000,0,015,0101,0101,1,42,01e4,0170
1795,1795,0,5d3813eec9a40000,ff,0,0,0101,73f2,0,0000,0101,0,0101,0000,1,1,0,0,0000,014e,0000,0000,0000,0000,0,014e,0101,0000,0,015,0101,0101,1,42,01e4,0170
1796,1796,0,5d3813eec9a40000,ff,0,0,0101,73f2,0,0000,0101,0,0101,0000,1,1,0,0,0000,014e,0000,0000,0000,0000,0,014e,0101,0000,0,015,0101,0101,1,42,01e4,0170
1797,1797,0,5d3813eec9a40000,ff,0,0,0101,73f2,0,0000,0101,0,0101,0000,1,1,0,0,0000,014e,0000,0000,0000,0000,0,014e,0101,0000,0,015,0101,0101,1,42,01e4,0170
1798,1798,0,5d3813eec9a40000,ff,0,0,0101,73f2,0,0000,0101,0,0101,0000,1,1,0,0,0000,014e,0000,0000,0000,0000,0,014e,0101,0000,0,015,0101,0101,1,42,01e4,0170
1799,1799,0,5d3813eec9a40000,ff,0,0,0101,73f2,0,0000,0101,0,0101,0000,1,1,0,0,0000,014e,0000,0000,0000,0000,0,014e,0101,0000,0,015,0101,0101,1,42,01e4,0170
1800,1800,0,5d3813eec9a40000,ff,0,0,0101,73f2,0,0000,0101,0,0101,0000,1,1,0,0,0000,014e,0000,0000,0000,0000,0,014e,0101,0000,0,015,0101,0101,1,42,01e4,0170
1801,1801,0,5d3813eec9a40000,ff,0,0,0101,73f2,0,0000,0101,0,0101,0000,1,1,0,0,0000,014e,0000,0000,0000,0000,0,014e,0101,0000,0,015,0101,0101,1,42,01e4,0170
1802,1802,0,5d3813eec9a40000,ff,0,0,0101,73f2,0,0000,0101,0,0101,0000,1,1,0,0,0000,014e,0000,0000,0000,0000,0,014e,0101,0000,0,015,0101,0101,1,42,01e4,0170
1803,1803,0,5d3813eec9a40000,ff,0,0,0101,73f2,0,0000,0101,0,0101,0000,1,1,0,0,0000,014e,0000,0000,0000,0000,0,014e,0101,0000,0,015,0101,0101,1,42,01e4,0170
1804,1804,0,5d3813eec9a40000,ff,0,0,0101,73f2,0,0000,0101,0,0101,0000,1,1,0,0,0000,014e,0000,0000,0000,0000,0,014e,0101,0000,0,015,0101,0101,1,42,01e4,0170
1805,1805,0,5d3813eec9a40000,ff,0,0,0101,73f2,0,0000,0101,0,0101,0000,1,1,0,0,0000,014e,0000,0000,0000,0000,0,014e,0101,0000,0,015,0101,0101,1,42,01e4,0170
1806,1806,0,5d3813eec9a40000,ff,0,0,0101,73f2,0,0000,0101,0,0101,0000,1,1,0,0,0000,014e,0000,0000,0000,0000,0,014e,0101,0000,0,015,0101,0101,1,42,01e4,0170
1807,1807,0,5d3813eec9a40000,ff,0,0,0101,73f2,0,0000,0101,0,0101,0000,1,1,0,0,0000,014e,0000,0000,0000,0000,0,014e,0101,0000,0,015,0101,0101,1,42,01e4,0170
1808,1808,0,5d3813eec9a40000,ff,0,0,0101,73f2,0,0000,0101,0,0101,0000,1,1,0,0,0000,014e,0000,0000,0000,0000,0,014e,0101,0000,0,015,0101,0101,1,42,01e4,0170
1809,1809,0,5d3813eec9a40000,ff,0,0,0101,73f2,0,0000,0101,0,0101,0000,1,1,0,0,0000,014e,0000,0000,0000,0000,0,014e,0101,0000,0,015,0101,0101,1,42,01e4,0170
1810,1810,0,5d3813eec9a40000,ff,0,0,0101,73f2,0,0000,0101,0,0101,0000,1,1,0,0,0000,014e,0000,0000,0000,0000,0,014e,0101,0000,0,015,0101,0101,1,42,01e4,0170
1811,1811,0,5d3813eec9a40000,ff,0,0,0101,73f2,0,0000,0101,0,0101,0000,1,1,0,0,0000,014e,0000,0000,0000,0000,0,014e,0101,0000,0,015,0101,0101,1,42,01e4,0170
1812,1812,0,5d3813eec9a40000,ff,0,0,0101,73f2,0,0000,0101,0,0101,0000,1,1,0,0,0000,014e,0000,0000,0000,0000,0,014e,0101,0000,0,015,0101,0101,1,42,01e4,0170
1813,1813,0,5d3813eec9a40000,ff,0,0,0101,73f2,0,0000,0101,0,0101,0000,1,1,0,0,0000,014e,0000,0000,0000,0000,0,014e,0101,0000,0,015,0101,0101,1,42,01e4,0170
1814,1814,0,5d3813eec9a40000,ff,0,0,0101,73f2,0,0000,0101,0,0101,0000,1,1,0,0,0000,014e,0000,0000,0000,0000,0,014e,0101,0000,0,015,0101,0101,1,42,01e4,0170
1815,1815,0,5d3813eec9a40000,ff,0,0,0101,73f2,0,0000,0101,0,0101,0000,1,1,0,0,0000,014e,0000,0000,0000,0000,0,014e,0101,0000,0,015,0101,0101,1,42,01e4,0170
1816,1816,0,5d3813eec9a40000,ff,0,0,0101,73f2,0,0000,0101,0,0101,0000,1,1,0,0,0000,014e,0000,0000,0000,0000,0,014e,0101,0000,0,015,0101,0101,1,42,01e4,0170
1817,1817,0,5d3813eec9a40000,ff,0,0,0101,73f2,0,0000,0101,0,0101,0000,1,1,0,0,0000,014e,0000,0000,0000,0000,0,014e,0101,0000,0,015,0101,0101,1,42,01e4,0170
1818,1818,0,5d3813eec9a40000,ff,0,0,0101,73f2,0,0000,0101,0,0101,0000,1,1,0,0,0000,014e,0000,0000,0000,0000,0,014e,0101,0000,0,015,0101,0101,1,42,01e4,0170
1819,1819,0,5d3813eec9a40000,ff,0,0,0101,73f2,0,0000,0101,0,0101,0000,1,1,0,0,0000,014e,0000,0000,0000,0000,0,014e,0101,0000,0,015,0101,0101,1,42,01e4,0170
1820,1820,0,5d3813eec9a40000,ff,0,0,0101,73f2,0,0000,0101,0,0101,0000,1,1,0,0,0000,014e,0000,0000,0000,0000,0,014e,0101,0000,0,015,0101,0101,1,42,01e4,0170
1821,1821,0,5d3813eec9a40000,ff,0,0,0101,73f2,0,0000,0101,0,0101,0000,1,1,0,0,0000,014e,0000,0000,0000,0000,0,014e,0101,0000,0,015,0101,0101,1,42,01e4,0170
1822,1822,0,5d3813eec9a40000,ff,0,0,0101,73f2,0,0000,0101,0,0101,0000,1,1,0,0,0000,014e,0000,0000,0000,0000,0,014e,0101,0000,0,015,0101,0101,1,42,01e4,0170
1823,1823,0,5d3813eec9a40000,ff,0,0,0101,73f2,0,0000,0101,0,0101,0000,1,1,0,0,0000,014e,0000,0000,0000,0000,0,014e,0101,0000,0,015,0101,0101,1,42,01e4,0170
1824,1824,0,5d3813eec9a40000,ff,0,0,0101,73f2,0,0000,0101,0,0101,0000,1,1,0,0,0000,014e,0000,0000,0000,0000,0,014e,0101,0000,0,015,0101,0101,1,42,01e4,0170
1825,1825,0,5d3813eec9a40000,ff,0,0,0101,73f2,0,0000,0101,0,0101,0000,1,1,0,0,0000,014e,0000,0000,0000,0000,0,014e,0101,0000,0,015,0101,0101,1,42,01e4,0170
1826,1826,0,5d3813eec9a40000,ff,0,0,0101,73f2,0,0000,0101,0,0101,0000,1,1,0,0,0000,014e,0000,0000,0000,0000,0,014e,0101,0000,0,015,0101,0101,1,42,01e4,0170
1827,1827,0,5d3813eec9a40000,ff,0,0,0101,73f2,0,0000,0101,0,0101,0000,1,1,0,0,0000,014e,0000,0000,0000,0000,0,014e,0101,0000,0,015,0101,0101,1,42,01e4,0170
1828,1828,0,5d3813eec9a40000,ff,0,0,0101,73f2,0,0000,0101,0,0101,0000,1,1,0,0,0000,014e,0000,0000,0000,0000,0,014e,0101,0000,0,015,0101,0101,1,42,01e4,0170
1829,1829,0,5d3813eec9a40000,ff,0,0,0101,73f2,0,0000,0101,0,0101,0000,1,1,0,0,0000,014e,0000,0000,0000,0000,0,014e,0101,0000,0,015,0101,0101,1,42,01e4,0170
1830,1830,0,5d3813eec9a40000,ff,0,0,0101,73f2,0,0000,0101,0,0101,0000,1,1,0,0,0000,014e,0000,0000,0000,0000,0,014e,0101,0000,0,015,0101,0101,1,42,01e4,0170
1831,1831,0,5d3813eec9a40000,ff,0,0,0101,73f2,0,0000,0101,0,0101,0000,1,1,0,0,0000,014e,0000,0000,0000,0000,0,014e,0101,0000,0,015,0101,0101,1,42,01e4,0170
1832,1832,0,5d3813eec9a40000,ff,0,0,0101,73f2,0,0000,0101,0,0101,0000,1,1,0,0,0000,014e,0000,0000,0000,0000,0,014e,0101,0000,0,015,0101,0101,1,42,01e4,0170
1833,1833,0,5d3813eec9a40000,ff,0,0,0101,73f2,0,0000,0101,0,0101,0000,1,1,0,0,0000,014e,0000,0000,0000,0000,0,014e,0101,0000,0,015,0101,0101,1,42,01e4,0170
1834,1834,0,5d3813eec9a40000,ff,0,0,0101,73f2,0,0000,0101,0,0101,0000,1,1,0,0,0000,014e,0000,0000,0000,0000,0,014e,0101,0000,0,015,0101,0101,1,42,01e4,0170
1835,1835,0,5d3813eec9a40000,ff,0,0,0101,73f2,0,0000,0101,0,0101,0000,1,1,0,0,0000,014e,0000,0000,0000,0000,0,014e,0101,0000,0,015,0101,0101,1,42,01e4,0170
1836,1836,0,5d3813eec9a40000,ff,0,0,0101,73f2,0,0000,0101,0,0101,0000,1,1,0,0,0000,014e,0000,0000,0000,0000,0,014e,0101,0000,0,015,0101,0101,1,42,01e4,0170
1837,1837,0,5d3813eec9a40000,ff,0,0,0101,73f2,0,0000,0101,0,0101,0000,1,1,0,0,0000,014e,0000,0000,0000,0000,0,014e,0101,0000,0,015,0101,0101,1,42,01e4,0170
1838,1838,0,5d3813eec9a40000,ff,0,0,0101,73f2,0,0000,0101,0,0101,0000,1,1,0,0,0000,014e,0000,0000,0000,0000,0,014e,0101,0000,0,015,0101,0101,1,42,01e4,0170
1839,1839,0,5d3813eec9a40000,ff,0,0,0101,73f2,0,0000,0101,0,0101,0000,1,1,0,0,0000,014e,0000,0000,0000,0000,0,014e,0101,0000,0,015,0101,0101,1,42,01e4,0170
1840,1840,0,5d3813eec9a40000,ff,0,0,0101,73f2,0,0000,0101,0,0101,0000,1,1,0,0,0000,014e,0000,0000,0000,0000,0,014e,0101,0000,0,015,0101,0101,1,42,01e4,0170
1841,1841,0,5d3813eec9a40000,ff,0,0,0101,73f2,0,0000,0101,0,0101,0000,1,1,0,0,0000,014e,0000,0000,0000,0000,0,014e,0101,0000,0,015,0101,0101,1,42,01e4,0170
1842,1842,0,5d3813eec9a40000,ff,0,0,0101,73f2,0,0000,0101,0,0101,0000,1,1,0,0,0000,014e,0000,0000,0000,0000,0,014e,0101,0000,0,015,0101,0101,1,42,01e4,0170
1843,1843,0,5d3813eec9a40000,ff,0,0,0101,73f2,0,0000,0101,0,0101,0000,1,1,0,0,0000,014e,0000,0000,0000,0000,0,014e,0101,0000,0,015,0101,0101,1,42,01e4,0170
1844,1844,0,5d3813eec9a40000,ff,0,0,0101,73f2,0,0000,0101,0,0101,0000,1,1,0,0,0000,014e,0000,0000,0000,0000,0,014e,0101,0000,0,015,0101,0101,1,42,01e4,0170
1845,1845,0,5d3813eec9a40000,ff,0,0,0101,73f2,0,0000,0101,0,0101,0000,1,1,0,0,0000,014e,0000,0000,0000,0000,0,014e,0101,0000,0,015,0101,0101,1,42,01e4,0170
1846,1846,0,5d3813eec9a40000,ff,0,0,0101,73f2,0,0000,0101,0,0101,0000,1,1,0,0,0000,014e,0000,0000,0000,0000,0,014e,0101,0000,0,015,0101,0101,1,42,01e4,0170
1847,1847,0,5d3813eec9a40000,ff,0,0,0101,73f2,0,0000,0101,0,0101,0000,1,1,0,0,0000,014e,0000,0000,0000,0000,0,014e,0101,0000,0,015,0101,0101,1,42,01e4,0170
1848,1848,0,5d3813eec9a40000,ff,0,0,0101,73f2,0,0000,0101,0,0101,0000,1,1,0,0,0000,014e,0000,0000,0000,0000,0,014e,0101,0000,0,015,0101,0101,1,42,01e4,0170
1849,1849,0,5d3813eec9a40000,ff,0,0,0101,73f2,0,0000,0101,0,0101,0000,1,1,0,0,0000,014e,0000,0000,0000,0000,0,014e,0101,0000,0,015,0101,0101,1,42,01e4,0170
1850,1850,0,5d3813eec9a40000,ff,0,0,0101,73f2,0,0000,0101,0,0101,0000,1,1,0,0,0000,014e,0000,0000,0000,0000,0,014e,0101,0000,0,015,0101,0101,1,42,01e4,0170
1851,1851,0,5d3813eec9a40000,ff,0,0,0101,73f2,0,0000,0101,0,0101,0000,1,1,0,0,0000,014e,0000,0000,0000,0000,0,014e,0101,0000,0,015,0101,0101,1,42,01e4,0170
1852,1852,0,5d3813eec9a40000,ff,0,0,0101,73f2,0,0000,0101,0,0101,0000,1,1,0,0,0000,014e,0000,0000,0000,0000,0,014e,0101,0000,0,015,0101,0101,1,42,01e4,0170
1853,1853,0,5d3813eec9a40000,ff,0,0,0101,73f2,0,0000,0101,0,0101,0000,1,1,0,0,0000,014e,0000,0000,0000,0000,0,014e,0101,0000,0,015,0101,0101,1,42,01e4,0170
1854,1854,0,5d3813eec9a40000,ff,0,0,0101,73f2,0,0000,0101,0,0101,0000,1,1,0,0,0000,014e,0000,0000,0000,0000,0,014e,0101,0000,0,015,0101,0101,1,42,01e4,0170
1855,1855,0,5d3813eec9a40000,ff,0,0,0101,73f2,0,0000,0101,0,0101,0000,1,1,0,0,0000,014e,0000,0000,0000,0000,0,014e,0101,0000,0,015,0101,0101,1,42,01e4,0170
1856,1856,0,5d3813eec9a40000,ff,0,0,0101,73f2,0,0000,0101,0,0101,0000,1,1,0,0,0000,014e,0000,0000,0000,0000,0,014e,0101,0000,0,015,0101,0101,1,42,01e4,0170
1857,1857,0,5d3813eec9a40000,ff,0,0,0101,73f2,0,0000,0101,0,0101,0000,1,1,0,0,0000,014e,0000,0000,0000,0000,0,014e,0101,0000,0,015,0101,0101,1,42,01e4,0170
1858,1858,0,5d3813eec9a40000,ff,0,0,0101,73f2,0,0000,0101,0,0101,0000,1,1,0,0,0000,014e,0000,0000,0000,0000,0,014e,0101,0000,0,015,0101,0101,1,42,01e4,0170
1859,1859,0,5d3813eec9a40000,ff,0,0,0101,73f2,0,0000,0101,0,0101,0000,1,1,0,0,0000,014e,0000,0000,0000,0000,0,014e,0101,0000,0,015,0101,0101,1,42,01e4,0170
1860,1860,0,5d3813eec9a40000,ff,0,0,0101,73f2,0,0000,0101,0,0101,0000,1,1,0,0,0000,014e,0000,0000,0000,0000,0,014e,0101,0000,0,015,0101,0101,1,42,01e4,0170
1861,1861,0,5d3813eec9a40000,ff,0,0,0101,73f2,0,0000,0101,0,0101,0000,1,1,0,0,0000,014e,0000,0000,0000,0000,0,014e,0101,0000,0,015,0101,0101,1,42,01e4,0170
1862,1862,0,5d3813eec9a40000,ff,0,0,0101,73f2,0,0000,0101,0,0101,0000,1,1,0,0,0000,014e,0000,0000,0000,0000,0,014e,0101,0000,0,015,0101,0101,1,42,01e4,0170
1863,1863,0,5d3813eec9a40000,ff,0,0,0101,73f2,0,0000,0101,0,0101,0000,1,1,0,0,0000,014e,0000,0000,0000,0000,0,014e,0101,0000,0,015,0101,0101,1,42,01e4,0170
1864,1864,0,5d3813eec9a40000,ff,0,0,0101,73f2,0,0000,0101,0,0101,0000,1,1,0,0,0000,014e,0000,0000,0000,0000,0,014e,0101,0000,0,015,0101,0101,1,42,01e4,0170
1865,1865,0,5d3813eec9a40000,ff,0,0,0101,73f2,0,0000,0101,0,0101,0000,1,1,0,0,0000,014e,0000,0000,0000,0000,0,014e,0101,0000,0,015,0101,0101,1,42,01e4,0170
1866,1866,0,5d3813eec9a40000,ff,0,0,0101,73f2,0,0000,0101,0,0101,0000,1,1,0,0,0000,014e,0000,0000,0000,0000,0,014e,0101,0000,0,015,0101,0101,1,42,01e4,0170
1867,1867,0,5d3813eec9a40000,ff,0,0,0101,73f2,0,0000,0101,0,0101,0000,1,1,0,0,0000,014e,0000,0000,0000,0000,0,014e,0101,0000,0,015,0101,0101,1,42,01e4,0170
1868,1868,0,5d3813eec9a40000,ff,0,0,0101,73f2,0,0000,0101,0,0101,0000,1,1,0,0,0000,014e,0000,0000,0000,0000,0,014e,0101,0000,0,015,0101,0101,1,42,01e4,0170
1869,1869,0,5d3813eec9a40000,ff,0,0,0101,73f2,0,0000,0101,0,0101,0000,1,1,0,0,0000,014e,0000,0000,0000,0000,0,014e,0101,0000,0,015,0101,0101,1,42,01e4,0170
1870,1870,0,5d3813eec9a40000,ff,0,0,0101,73f2,0,0000,0101,0,0101,0000,1,1,0,0,0000,014e,0000,0000,0000,0000,0,014e,0101,0000,0,015,0101,0101,1,42,01e4,0170
1871,1871,0,5d3813eec9a40000,ff,0,0,0101,73f2,0,0000,0101,0,0101,0000,1,1,0,0,0000,014e,0000,0000,0000,0000,0,014e,0101,0000,0,015,0101,0101,1,42,01e4,0170
1872,1872,0,5d3813eec9a40000,ff,0,0,0101,73f2,0,0000,0101,0,0101,0000,1,1,0,0,0000,014e,0000,0000,0000,0000,0,014e,0101,0000,0,015,0101,0101,1,42,01e4,0170
1873,1873,0,5d3813eec9a40000,ff,0,0,0101,73f2,0,0000,0101,0,0101,0000,1,1,0,0,0000,014e,0000,0000,0000,0000,0,014e,0101,0000,0,015,0101,0101,1,42,01e4,0170
1874,1874,0,5d3813eec9a40000,ff,0,0,0101,73f2,0,0000,0101,0,0101,0000,1,1,0,0,0000,014e,0000,0000,0000,0000,0,014e,0101,0000,0,015,0101,0101,1,42,01e4,0170
1875,1875,0,5d3813eec9a40000,ff,0,0,0101,73f2,0,0000,0101,0,0101,0000,1,1,0,0,0000,014e,0000,0000,0000,0000,0,014e,0101,0000,0,015,0101,0101,1,42,01e4,0170
1876,1876,0,5d3813eec9a40000,ff,0,0,0101,73f2,0,0000,0101,0,0101,0000,1,1,0,0,0000,014e,0000,0000,0000,0000,0,014e,0101,0000,0,015,0101,0101,1,42,01e4,0170
1877,1877,0,5d3813eec9a40000,ff,0,0,0101,73f2,0,0000,0101,0,0101,0000,1,1,0,0,0000,014e,0000,0000,0000,0000,0,014e,0101,0000,0,015,0101,0101,1,42,01e4,0170
1878,1878,0,5d3813eec9a40000,ff,0,0,0101,73f2,0,0000,0101,0,0101,0000,1,1,0,0,0000,014e,0000,0000,0000,0000,0,014e,0101,0000,0,015,0101,0101,1,42,01e4,0170
1879,1879,0,5d3813eec9a40000,ff,0,0,0101,73f2,0,0000,0101,0,0101,0000,1,1,0,0,0000,014e,0000,0000,0000,0000,0,014e,0101,0000,0,015,0101,0101,1,42,01e4,0170
1880,1880,0,5d3813eec9a40000,ff,0,0,0101,73f2,0,0000,0101,0,0101,0000,1,1,0,0,0000,014e,0000,0000,0000,0000,0,014e,0101,0000,0,015,0101,0101,1,42,01e4,0170
1881,1881,0,5d3813eec9a40000,ff,0,0,0101,73f2,0,0000,0101,0,0101,0000,1,1,0,0,0000,014e,0000,0000,0000,0000,0,014e,0101,0000,0,015,0101,0101,1,42,01e4,0170
1882,1882,0,5d3813eec9a40000,ff,0,0,0101,73f2,0,0000,0101,0,0101,0000,1,1,0,0,0000,014e,0000,0000,0000,0000,0,014e,0101,0000,0,015,0101,0101,1,42,01e4,0170
1883,1883,0,5d3813eec9a40000,ff,0,0,0101,73f2,0,0000,0101,0,0101,0000,1,1,0,0,0000,014e,0000,0000,0000,0000,0,014e,0101,0000,0,015,0101,0101,1,42,01e4,0170
1884,1884,0,5d3813eec9a40000,ff,0,0,0101,73f2,0,0000,0101,0,0101,0000,1,1,0,0,0000,014e,0000,0000,0000,0000,0,014e,0101,0000,0,015,0101,0101,1,42,01e4,0170
1885,1885,0,5d3813eec9a40000,ff,0,0,0101,73f2,0,0000,0101,0,0101,0000,1,1,0,0,0000,014e,0000,0000,0000,0000,0,014e,0101,0000,0,015,0101,0101,1,42,01e4,0170
1886,1886,0,5d3813eec9a40000,ff,0,0,0101,73f2,0,0000,0101,0,0101,0000,1,1,0,0,0000,014e,0000,0000,0000,0000,0,014e,0101,0000,0,015,0101,0101,1,42,01e4,0170
1887,1887,0,5d3813eec9a40000,ff,0,0,0101,73f2,0,0000,0101,0,0101,0000,1,1,0,0,0000,014e,0000,0000,0000,0000,0,014e,0101,0000,0,015,0101,0101,1,42,01e4,0170
1888,1888,0,5d3813eec9a40000,ff,0,0,0101,73f2,0,0000,0101,0,0101,0000,1,1,0,0,0000,014e,0000,0000,0000,0000,0,014e,0101,0000,0,015,0101,0101,1,42,01e4,0170
1889,1889,0,5d3813eec9a40000,ff,0,0,0101,73f2,0,0000,0101,0,0101,0000,1,1,0,0,0000,014e,0000,0000,0000,0000,0,014e,0101,0000,0,015,0101,0101,1,42,01e4,0170
1890,1890,0,5d3813eec9a40000,ff,0,0,0101,73f2,0,0000,0101,0,0101,0000,1,1,0,0,0000,014e,0000,0000,0000,0000,0,014e,0101,0000,0,015,0101,0101,1,42,01e4,0170
1891,1891,0,5d3813eec9a40000,ff,0,0,0101,73f2,0,0000,0101,0,0101,0000,1,1,0,0,0000,014e,0000,0000,0000,0000,0,014e,0101,0000,0,015,0101,0101,1,42,01e4,0170
1892,1892,0,5d3813eec9a40000,ff,0,0,0101,73f2,0,0000,0101,0,0101,0000,1,1,0,0,0000,014e,0000,0000,0000,0000,0,014e,0101,0000,0,015,0101,0101,1,42,01e4,0170
1893,1893,0,5d3813eec9a40000,ff,0,0,0101,73f2,0,0000,0101,0,0101,0000,1,1,0,0,0000,014e,0000,0000,0000,0000,0,014e,0101,0000,0,015,0101,0101,1,42,01e4,0170
1894,1894,0,5d3813eec9a40000,ff,0,0,0101,73f2,0,0000,0101,0,0101,0000,1,1,0,0,0000,014e,0000,0000,0000,0000,0,014e,0101,0000,0,015,0101,0101,1,42,01e4,0170
1895,1895,0,5d3813eec9a40000,ff,0,0,0101,73f2,0,0000,0101,0,0101,0000,1,1,0,0,0000,014e,0000,0000,0000,0000,0,014e,0101,0000,0,015,0101,0101,1,42,01e4,0170
1896,1896,0,5d3813eec9a40000,ff,0,0,0101,73f2,0,0000,0101,0,0101,0000,1,1,0,0,0000,014e,0000,0000,0000,0000,0,014e,0101,0000,0,015,0101,0101,1,42,01e4,0170
1897,1897,0,5d3813eec9a40000,ff,0,0,0101,73f2,0,0000,0101,0,0101,0000,1,1,0,0,0000,014e,0000,0000,0000,0000,0,014e,0101,0000,0,015,0101,0101,1,42,01e4,0170
1898,1898,0,5d3813eec9a40000,ff,0,0,0101,73f2,0,0000,0101,0,0101,0000,1,1,0,0,0000,014e,0000,0000,0000,0000,0,014e,0101,0000,0,015,0101,0101,1,42,01e4,0170
1899,1899,0,5d3813eec9a40000,ff,0,0,0101,73f2,0,0000,0101,0,0101,0000,1,1,0,0,0000,014e,0000,0000,0000,0000,0,014e,0101,0000,0,015,0101,0101,1,42,01e4,0170
1900,1900,0,5d3813eec9a40000,ff,0,0,0101,73f2,0,0000,0101,0,0101,0000,1,1,0,0,0000,014e,0000,0000,0000,0000,0,014e,0101,0000,0,015,0101,0101,1,42,01e4,0170
1901,1901,0,5d3813eec9a40000,ff,0,0,0101,73f2,0,0000,0101,0,0101,0000,1,1,0,0,0000,014e,0000,0000,0000,0000,0,014e,0101,0000,0,015,0101,0101,1,42,01e4,0170
1902,1902,0,5d3813eec9a40000,ff,0,0,0101,73f2,0,0000,0101,0,0101,0000,1,1,0,0,0000,014e,0000,0000,0000,0000,0,014e,0101,0000,0,015,0101,0101,1,42,01e4,0170
1903,1903,0,5d3813eec9a40000,ff,0,0,0101,73f2,0,0000,0101,0,0101,0000,1,1,0,0,0000,014e,0000,0000,0000,0000,0,014e,0101,0000,0,015,0101,0101,1,42,01e4,0170
1904,1904,0,5d3813eec9a40000,ff,0,0,0101,73f2,0,0000,0101,0,0101,0000,1,1,0,0,0000,014e,0000,0000,0000,0000,0,014e,0101,0000,0,015,0101,0101,1,42,01e4,0170
1905,1905,0,5d3813eec9a40000,ff,0,0,0101,73f2,0,0000,0101,0,0101,0000,1,1,0,0,0000,014e,0000,0000,0000,0000,0,014e,0101,0000,0,015,0101,0101,1,42,01e4,0170
1906,1906,0,5d3813eec9a40000,ff,0,0,0101,73f2,0,0000,0101,0,0101,0000,1,1,0,0,0000,014e,0000,0000,0000,0000,0,014e,0101,0000,0,015,0101,0101,1,42,01e4,0170
1907,1907,0,5d3813eec9a40000,ff,0,0,0101,73f2,0,0000,0101,0,0101,0000,1,1,0,0,0000,014e,0000,0000,0000,0000,0,014e,0101,0000,0,015,0101,0101,1,42,01e4,0170
1908,1908,0,5d3813eec9a40000,ff,0,0,0101,73f2,0,0000,0101,0,0101,0000,1,1,0,0,0000,014e,0000,0000,0000,0000,0,014e,0101,0000,0,015,0101,0101,1,42,01e4,0170
1909,1909,0,5d3813eec9a40000,ff,0,0,0101,73f2,0,0000,0101,0,0101,0000,1,1,0,0,0000,014e,0000,0000,0000,0000,0,014e,0101,0000,0,015,0101,0101,1,42,01e4,0170
1910,1910,0,5d3813eec9a40000,ff,0,0,0101,73f2,0,0000,0101,0,0101,0000,1,1,0,0,0000,014e,0000,0000,0000,0000,0,014e,0101,0000,0,015,0101,0101,1,42,01e4,0170
1911,1911,0,5d3813eec9a40000,ff,0,0,0101,73f2,0,0000,0101,0,0101,0000,1,1,0,0,0000,014e,0000,0000,0000,0000,0,014e,0101,0000,0,015,0101,0101,1,42,01e4,0170
1912,1912,0,5d3813eec9a40000,ff,0,0,0101,73f2,0,0000,0101,0,0101,0000,1,1,0,0,0000,014e,0000,0000,0000,0000,0,014e,0101,0000,0,015,0101,0101,1,42,01e4,0170
1913,1913,0,5d3813eec9a40000,ff,0,0,0101,73f2,0,0000,0101,0,0101,0000,1,1,0,0,0000,014e,0000,0000,0000,0000,0,014e,0101,0000,0,015,0101,0101,1,42,01e4,0170
1914,1914,0,5d3813eec9a40000,ff,0,0,0101,73f2,0,0000,0101,0,0101,0000,1,1,0,0,0000,014e,0000,0000,0000,0000,0,014e,0101,0000,0,015,0101,0101,1,42,01e4,0170
1915,1915,0,5d3813eec9a40000,ff,0,0,0101,73f2,0,0000,0101,0,0101,0000,1,1,0,0,0000,014e,0000,0000,0000,0000,0,014e,0101,0000,0,015,0101,0101,1,42,01e4,0170
1916,1916,0,5d3813eec9a40000,ff,0,0,0101,73f2,0,0000,0101,0,0101,0000,1,1,0,0,0000,014e,0000,0000,0000,0000,0,014e,0101,0000,0,015,0101,0101,1,42,01e4,0170
1917,1917,0,5d3813eec9a40000,ff,0,0,0101,73f2,0,0000,0101,0,0101,0000,1,1,0,0,0000,014e,0000,0000,0000,0000,0,014e,0101,0000,0,015,0101,0101,1,42,01e4,0170
1918,1918,0,5d3813eec9a40000,ff,0,0,0101,73f2,0,0000,0101,0,0101,0000,1,1,0,0,0000,014e,0000,0000,0000,0000,0,014e,0101,0000,0,015,0101,0101,1,42,01e4,0170
1919,1919,0,5d3813eec9a40000,ff,0,0,0101,73f2,0,0000,0101,0,0101,0000,1,1,0,0,0000,014e,0000,0000,0000,0000,0,014e,0101,0000,0,015,0101,0101,1,42,01e4,0170
1920,1920,0,5d3813eec9a40000,ff,0,0,0101,73f2,0,0000,0101,0,0101,0000,1,1,0,0,0000,014e,0000,0000,0000,0000,0,014e,0101,0000,0,015,0101,0101,1,42,01e4,0170
1921,1921,0,5d3813eec9a40000,ff,0,0,0101,73f2,0,0000,0101,0,0101,0000,1,1,0,0,0000,014e,0000,0000,0000,0000,0,014e,0101,0000,0,015,0101,0101,1,42,01e4,0170
1922,1922,0,5d3813eec9a40000,ff,0,0,0101,73f2,0,0000,0101,0,0101,0000,1,1,0,0,0000,014e,0000,0000,0000,0000,0,014e,0101,0000,0,015,0101,0101,1,42,01e4,0170
1923,1923,0,5d3813eec9a40000,ff,0,0,0101,73f2,0,0000,0101,0,0101,0000,1,1,0,0,0000,014e,0000,0000,0000,0000,0,014e,0101,0000,0,015,0101,0101,1,42,01e4,0170
1924,1924,0,5d3813eec9a40000,ff,0,0,0101,73f2,0,0000,0101,0,0101,0000,1,1,0,0,0000,014e,0000,0000,0000,0000,0,014e,0101,0000,0,015,0101,0101,1,42,01e4,0170
1925,1925,0,5d3813eec9a40000,ff,0,0,0101,73f2,0,0000,0101,0,0101,0000,1,1,0,0,0000,014e,0000,0000,0000,0000,0,014e,0101,0000,0,015,0101,0101,1,42,01e4,0170
1926,1926,0,5d3813eec9a40000,ff,0,0,0101,73f2,0,0000,0101,0,0101,0000,1,1,0,0,0000,014e,0000,0000,0000,0000,0,014e,0101,0000,0,015,0101,0101,1,42,01e4,0170
1927,1927,0,5d3813eec9a40000,ff,0,0,0101,73f2,0,0000,0101,0,0101,0000,1,1,0,0,0000,014e,0000,0000,0000,0000,0,014e,0101,0000,0,015,0101,0101,1,42,01e4,0170
1928,1928,0,5d3813eec9a40000,ff,0,0,0101,73f2,0,0000,0101,0,0101,0000,1,1,0,0,0000,014e,0000,0000,0000,0000,0,014e,0101,0000,0,015,0101,0101,1,42,01e4,0170
1929,1929,0,5d3813eec9a40000,ff,0,0,0101,73f2,0,0000,0101,0,0101,0000,1,1,0,0,0000,014e,0000,0000,0000,0000,0,014e,0101,0000,0,015,0101,0101,1,42,01e4,0170
1930,1930,0,5d3813eec9a40000,ff,0,0,0101,73f2,0,0000,0101,0,0101,0000,1,1,0,0,0000,014e,0000,0000,0000,0000,0,014e,0101,0000,0,015,0101,0101,1,42,01e4,0170
1931,1931,0,5d3813eec9a40000,ff,0,0,0101,73f2,0,0000,0101,0,0101,0000,1,1,0,0,0000,014e,0000,0000,0000,0000,0,014e,0101,0000,0,015,0101,0101,1,42,01e4,0170
1932,1932,0,5d3813eec9a40000,ff,0,0,0101,73f2,0,0000,0101,0,0101,0000,1,1,0,0,0000,014e,0000,0000,0000,0000,0,014e,0101,0000,0,015,0101,0101,1,42,01e4,0170
1933,1933,0,5d3813eec9a40000,ff,0,0,0101,73f2,0,0000,0101,0,0101,0000,1,1,0,0,0000,014e,0000,0000,0000,0000,0,014e,0101,0000,0,015,0101,0101,1,42,01e4,0170
1934,1934,0,5d3813eec9a40000,ff,0,0,0101,73f2,0,0000,0101,0,0101,0000,1,1,0,0,0000,014e,0000,0000,0000,0000,0,014e,0101,0000,0,015,0101,0101,1,42,01e4,0170
1935,1935,0,5d3813eec9a40000,ff,0,0,0101,73f2,0,0000,0101,0,0101,0000,1,1,0,0,0000,014e,0000,0000,0000,0000,0,014e,0101,0000,0,015,0101,0101,1,42,01e4,0170
1936,1936,0,5d3813eec9a40000,ff,0,0,0101,73f2,0,0000,0101,0,0101,0000,1,1,0,0,0000,014e,0000,0000,0000,0000,0,014e,0101,0000,0,015,0101,0101,1,42,01e4,0170
1937,1937,0,5d3813eec9a40000,ff,0,0,0101,73f2,0,0000,0101,0,0101,0000,1,1,0,0,0000,014e,0000,0000,0000,0000,0,014e,0101,0000,0,015,0101,0101,1,42,01e4,0170
1938,1938,0,5d3813eec9a40000,ff,0,0,0101,73f2,0,0000,0101,0,0101,0000,1,1,0,0,0000,014e,0000,0000,0000,0000,0,014e,0101,0000,0,015,0101,0101,1,42,01e4,0170
1939,1939,0,5d3813eec9a40000,ff,0,0,0101,73f2,0,0000,0101,0,0101,0000,1,1,0,0,0000,014e,0000,0000,0000,0000,0,014e,0101,0000,0,015,0101,0101,1,42,01e4,0170
1940,1940,0,5d3813eec9a40000,ff,0,0,0101,73f2,0,0000,0101,0,0101,0000,1,1,0,0,0000,014e,0000,0000,0000,0000,0,014e,0101,0000,0,015,0101,0101,1,42,01e4,0170
1941,1941,0,5d3813eec9a40000,ff,0,0,0101,73f2,0,0000,0101,0,0101,0000,1,1,0,0,0000,014e,0000,0000,0000,0000,0,014e,0101,0000,0,015,0101,0101,1,42,01e4,0170
1942,1942,0,5d3813eec9a40000,ff,0,0,0101,73f2,0,0000,0101,0,0101,0000,1,1,0,0,0000,014e,0000,0000,0000,0000,0,014e,0101,0000,0,015,0101,0101,1,42,01e4,0170
1943,1943,0,5d3813eec9a40000,ff,0,0,0101,73f2,0,0000,0101,0,0101,0000,1,1,0,0,0000,014e,0000,0000,0000,0000,0,014e,0101,0000,0,015,0101,0101,1,42,01e4,0170
1944,1944,0,5d3813eec9a40000,ff,0,0,0101,73f2,0,0000,0101,0,0101,0000,1,1,0,0,0000,014e,0000,0000,0000,0000,0,014e,0101,0000,0,015,0101,0101,1,42,01e4,0170
1945,1945,0,5d3813eec9a40000,ff,0,0,0101,73f2,0,0000,0101,0,0101,0000,1,1,0,0,0000,014e,0000,0000,0000,0000,0,014e,0101,0000,0,015,0101,0101,1,42,01e4,0170
1946,1946,0,5d3813eec9a40000,ff,0,0,0101,73f2,0,0000,0101,0,0101,0000,1,1,0,0,0000,014e,0000,0000,0000,0000,0,014e,0101,0000,0,015,0101,0101,1,42,01e4,0170
1947,1947,0,5d3813eec9a40000,ff,0,0,0101,73f2,0,0000,0101,0,0101,0000,1,1,0,0,0000,014e,0000,0000,0000,0000,0,014e,0101,0000,0,015,0101,0101,1,42,01e4,0170
1948,1948,0,5d3813eec9a40000,ff,0,0,0101,73f2,0,0000,0101,0,0101,0000,1,1,0,0,0000,014e,0000,0000,0000,0000,0,014e,0101,0000,0,015,0101,0101,1,42,01e4,0170
1949,1949,0,5d3813eec9a40000,ff,0,0,0101,73f2,0,0000,0101,0,0101,0000,1,1,0,0,0000,014e,0000,0000,0000,0000,0,014e,0101,0000,0,015,0101,0101,1,42,01e4,0170
1950,1950,0,5d3813eec9a40000,ff,0,0,0101,73f2,0,0000,0101,0,0101,0000,1,1,0,0,0000,014e,0000,0000,0000,0000,0,014e,0101,0000,0,015,0101,0101,1,42,01e4,0170
1951,1951,0,5d3813eec9a40000,ff,0,0,0101,73f2,0,0000,0101,0,0101,0000,1,1,0,0,0000,014e,0000,0000,0000,0000,0,014e,0101,0000,0,015,0101,0101,1,42,01e4,0170
1952,1952,0,5d3813eec9a40000,ff,0,0,0101,73f2,0,0000,0101,0,0101,0000,1,1,0,0,0000,014e,0000,0000,0000,0000,0,014e,0101,0000,0,015,0101,0101,1,42,01e4,0170
1953,1953,0,5d3813eec9a40000,ff,0,0,0101,73f2,0,0000,0101,0,0101,0000,1,1,0,0,0000,014e,0000,0000,0000,0000,0,014e,0101,0000,0,015,0101,0101,1,42,01e4,0170
1954,1954,0,5d3813eec9a40000,ff,0,0,0101,73f2,0,0000,0101,0,0101,0000,1,1,0,0,0000,014e,0000,0000,0000,0000,0,014e,0101,0000,0,015,0101,0101,1,42,01e4,0170
1955,1955,0,5d3813eec9a40000,ff,0,0,0101,73f2,0,0000,0101,0,0101,0000,1,1,0,0,0000,014e,0000,0000,0000,0000,0,014e,0101,0000,0,015,0101,0101,1,42,01e4,0170
1956,1956,0,5d3813eec9a40000,ff,0,0,0101,73f2,0,0000,0101,0,0101,0000,1,1,0,0,0000,014e,0000,0000,0000,0000,0,014e,0101,0000,0,015,0101,0101,1,42,01e4,0170
1957,1957,0,5d3813eec9a40000,ff,0,0,0101,73f2,0,0000,0101,0,0101,0000,1,1,0,0,0000,014e,0000,0000,0000,0000,0,014e,0101,0000,0,015,0101,0101,1,42,01e4,0170
1958,1958,0,5d3813eec9a40000,ff,0,0,0101,73f2,0,0000,0101,0,0101,0000,1,1,0,0,0000,014e,0000,0000,0000,0000,0,014e,0101,0000,0,015,0101,0101,1,42,01e4,0170
1959,1959,0,5d3813eec9a40000,ff,0,0,0101,73f2,0,0000,0101,0,0101,0000,1,1,0,0,0000,014e,0000,0000,0000,0000,0,014e,0101,0000,0,015,0101,0101,1,42,01e4,0170
1960,1960,0,5d3813eec9a40000,ff,0,0,0101,73f2,0,0000,0101,0,0101,0000,1,1,0,0,0000,014e,0000,0000,0000,0000,0,014e,0101,0000,0,015,0101,0101,1,42,01e4,0170
1961,1961,0,5d3813eec9a40000,ff,0,0,0101,73f2,0,0000,0101,0,0101,0000,1,1,0,0,0000,014e,0000,0000,0000,0000,0,014e,0101,0000,0,015,0101,0101,1,42,01e4,0170
1962,1962,0,5d3813eec9a40000,ff,0,0,0101,73f2,0,0000,0101,0,0101,0000,1,1,0,0,0000,014e,0000,0000,0000,0000,0,014e,0101,0000,0,015,0101,0101,1,42,01e4,0170
1963,1963,0,5d3813eec9a40000,ff,0,0,0101,73f2,0,0000,0101,0,0101,0000,1,1,0,0,0000,014e,0000,0000,0000,0000,0,014e,0101,0000,0,015,0101,0101,1,42,01e4,0170
1964,1964,0,5d3813eec9a40000,ff,0,0,0101,73f2,0,0000,0101,0,0101,0000,1,1,0,0,0000,014e,0000,0000,0000,0000,0,014e,0101,0000,0,015,0101,0101,1,42,01e4,0170
1965,1965,0,5d3813eec9a40000,ff,0,0,0101,73f2,0,0000,0101,0,0101,0000,1,1,0,0,0000,014e,0000,0000,0000,0000,0,014e,0101,0000,0,015,0101,0101,1,42,01e4,0170
1966,1966,0,5d3813eec9a40000,ff,0,0,0101,73f2,0,0000,0101,0,0101,0000,1,1,0,0,0000,014e,0000,0000,0000,0000,0,014e,0101,0000,0,015,0101,0101,1,42,01e4,0170
1967,1967,0,5d3813eec9a40000,ff,0,0,0101,73f2,0,0000,0101,0,0101,0000,1,1,0,0,0000,014e,0000,0000,0000,0000,0,014e,0101,0000,0,015,0101,0101,1,42,01e4,0170
1968,1968,0,5d3813eec9a40000,ff,0,0,0101,73f2,0,0000,0101,0,0101,0000,1,1,0,0,0000,014e,0000,0000,0000,0000,0,014e,0101,0000,0,015,0101,0101,1,42,01e4,0170
1969,1969,0,5d3813eec9a40000,ff,0,0,0101,73f2,0,0000,0101,0,0101,0000,1,1,0,0,0000,014e,0000,0000,0000,0000,0,014e,0101,0000,0,015,0101,0101,1,42,01e4,0170
1970,1970,0,5d3813eec9a40000,ff,0,0,0101,73f2,0,0000,0101,0,0101,0000,1,1,0,0,0000,014e,0000,0000,0000,0000,0,014e,0101,0000,0,015,0101,0101,1,42,01e4,0170
1971,1971,0,5d3813eec9a40000,ff,0,0,0101,73f2,0,0000,0101,0,0101,0000,1,1,0,0,0000,014e,0000,0000,0000,0000,0,014e,0101,0000,0,015,0101,0101,1,42,01e4,0170
1972,1972,0,5d3813eec9a40000,ff,0,0,0101,73f2,0,0000,0101,0,0101,0000,1,1,0,0,0000,014e,0000,0000,0000,0000,0,014e,0101,0000,0,015,0101,0101,1,42,01e4,0170
1973,1973,0,5d3813eec9a40000,ff,0,0,0101,73f2,0,0000,0101,0,0101,0000,1,1,0,0,0000,014e,0000,0000,0000,0000,0,014e,0101,0000,0,015,0101,0101,1,42,01e4,0170
1974,1974,0,5d3813eec9a40000,ff,0,0,0101,73f2,0,0000,0101,0,0101,0000,1,1,0,0,0000,014e,0000,0000,0000,0000,0,014e,0101,0000,0,015,0101,0101,1,42,01e4,0170
1975,1975,0,5d3813eec9a40000,ff,0,0,0101,73f2,0,0000,0101,0,0101,0000,1,1,0,0,0000,014e,0000,0000,0000,0000,0,014e,0101,0000,0,015,0101,0101,1,42,01e4,0170
1976,1976,0,5d3813eec9a40000,ff,0,0,0101,73f2,0,0000,0101,0,0101,0000,1,1,0,0,0000,014e,0000,0000,0000,0000,0,014e,0101,0000,0,015,0101,0101,1,42,01e4,0170
1977,1977,0,5d3813eec9a40000,ff,0,0,0101,73f2,0,0000,0101,0,0101,0000,1,1,0,0,0000,014e,0000,0000,0000,0000,0,014e,0101,0000,0,015,0101,0101,1,42,01e4,0170
1978,1978,0,5d3813eec9a40000,ff,0,0,0101,73f2,0,0000,0101,0,0101,0000,1,1,0,0,0000,014e,0000,0000,0000,0000,0,014e,0101,0000,0,015,0101,0101,1,42,01e4,0170
1979,1979,0,5d3813eec9a40000,ff,0,0,0101,73f2,0,0000,0101,0,0101,0000,1,1,0,0,0000,014e,0000,0000,0000,0000,0,014e,0101,0000,0,015,0101,0101,1,42,01e4,0170
1980,1980,0,5d3813eec9a40000,ff,0,0,0101,73f2,0,0000,0101,0,0101,0000,1,1,0,0,0000,014e,0000,0000,0000,0000,0,014e,0101,0000,0,015,0101,0101,1,42,01e4,0170
1981,1981,0,5d3813eec9a40000,ff,0,0,0101,73f2,0,0000,0101,0,0101,0000,1,1,0,0,0000,014e,0000,0000,0000,0000,0,014e,0101,0000,0,015,0101,0101,1,42,01e4,0170
1982,1982,0,5d3813eec9a40000,ff,0,0,0101,73f2,0,0000,0101,0,0101,0000,1,1,0,0,0000,014e,0000,0000,0000,0000,0,014e,0101,0000,0,015,0101,0101,1,42,01e4,0170
1983,1983,0,5d3813eec9a40000,ff,0,0,0101,73f2,0,0000,0101,0,0101,0000,1,1,0,0,0000,014e,0000,0000,0000,0000,0,014e,0101,0000,0,015,0101,0101,1,42,01e4,0170
1984,1984,0,5d3813eec9a40000,ff,0,0,0101,73f2,0,0000,0101,0,0101,0000,1,1,0,0,0000,014e,0000,0000,0000,0000,0,014e,0101,0000,0,015,0101,0101,1,42,01e4,0170
1985,1985,0,5d3813eec9a40000,ff,0,0,0101,73f2,0,0000,0101,0,0101,0000,1,1,0,0,0000,014e,0000,0000,0000,0000,0,014e,0101,0000,0,015,0101,0101,1,42,01e4,0170
1986,1986,0,5d3813eec9a40000,ff,0,0,0101,73f2,0,0000,0101,0,0101,0000,1,1,0,0,0000,014e,0000,0000,0000,0000,0,014e,0101,0000,0,015,0101,0101,1,42,01e4,0170
1987,1987,0,5d3813eec9a40000,ff,0,0,0101,73f2,0,0000,0101,0,0101,0000,1,1,0,0,0000,014e,0000,0000,0000,0000,0,014e,0101,0000,0,015,0101,0101,1,42,01e4,0170
1988,1988,0,5d3813eec9a40000,ff,0,0,0101,73f2,0,0000,0101,0,0101,0000,1,1,0,0,0000,014e,0000,0000,0000,0000,0,014e,0101,0000,0,015,0101,0101,1,42,01e4,0170
1989,1989,0,5d3813eec9a40000,ff,0,0,0101,73f2,0,0000,0101,0,0101,0000,1,1,0,0,0000,014e,0000,0000,0000,0000,0,014e,0101,0000,0,015,0101,0101,1,42,01e4,0170
1990,1990,0,5d3813eec9a40000,ff,0,0,0101,73f2,0,0000,0101,0,0101,0000,1,1,0,0,0000,014e,0000,0000,0000,0000,0,014e,0101,0000,0,015,0101,0101,1,42,01e4,0170
1991,1991,0,5d3813eec9a40000,ff,0,0,0101,73f2,0,0000,0101,0,0101,0000,1,1,0,0,0000,014e,0000,0000,0000,0000,0,014e,0101,0000,0,015,0101,0101,1,42,01e4,0170
1992,1992,0,5d3813eec9a40000,ff,0,0,0101,73f2,0,0000,0101,0,0101,0000,1,1,0,0,0000,014e,0000,0000,0000,0000,0,014e,0101,0000,0,015,0101,0101,1,42,01e4,0170
1993,1993,0,5d3813eec9a40000,ff,0,0,0101,73f2,0,0000,0101,0,0101,0000,1,1,0,0,0000,014e,0000,0000,0000,0000,0,014e,0101,0000,0,015,0101,0101,1,42,01e4,0170
1994,1994,0,5d3813eec9a40000,ff,0,0,0101,73f2,0,0000,0101,0,0101,0000,1,1,0,0,0000,014e,0000,0000,0000,0000,0,014e,0101,0000,0,015,0101,0101,1,42,01e4,0170
1995,1995,0,5d3813eec9a40000,ff,0,0,0101,73f2,0,0000,0101,0,0101,0000,1,1,0,0,0000,014e,0000,0000,0000,0000,0,014e,0101,0000,0,015,0101,0101,1,42,01e4,0170
1996,1996,0,5d3813eec9a40000,ff,0,0,0101,73f2,0,0000,0101,0,0101,0000,1,1,0,0,0000,014e,0000,0000,0000,0000,0,014e,0101,0000,0,015,0101,0101,1,42,01e4,0170
1997,1997,0,5d3813eec9a40000,ff,0,0,0101,73f2,0,0000,0101,0,0101,0000,1,1,0,0,0000,014e,0000,0000,0000,0000,0,014e,0101,0000,0,015,0101,0101,1,42,01e4,0170
1998,1998,0,5d3813eec9a40000,ff,0,0,0101,73f2,0,0000,0101,0,0101,0000,1,1,0,0,0000,014e,0000,0000,0000,0000,0,014e,0101,0000,0,015,0101,0101,1,42,01e4,0170
1999,1999,0,5d3813eec9a40000,ff,0,0,0101,73f2,0,0000,0101,0,0101,0000,1,1,0,0,0000,014e,0000,0000,0000,0000,0,014e,0101,0000,0,015,0101,0101,1,42,01e4,0170
2000,2000,0,5d3813eec9a40000,ff,0,0,0101,73f2,0,0000,0101,0,0101,0000,1,1,0,0,0000,014e,0000,0000,0000,0000,0,014e,0101,0000,0,015,0101,0101,1,42,01e4,0170
2001,2001,0,5d3813eec9a40000,ff,0,0,0101,73f2,0,0000,0101,0,0101,0000,1,1,0,0,0000,014e,0000,0000,0000,0000,0,014e,0101,0000,0,015,0101,0101,1,42,01e4,0170
2002,2002,0,5d3813eec9a40000,ff,0,0,0101,73f2,0,0000,0101,0,0101,0000,1,1,0,0,0000,014e,0000,0000,0000,0000,0,014e,0101,0000,0,015,0101,0101,1,42,01e4,0170
2003,2003,0,5d3813eec9a40000,ff,0,0,0101,73f2,0,0000,0101,0,0101,0000,1,1,0,0,0000,014e,0000,0000,0000,0000,0,014e,0101,0000,0,015,0101,0101,1,42,01e4,0170
2004,2004,0,5d3813eec9a40000,ff,0,0,0101,73f2,0,0000,0101,0,0101,0000,1,1,0,0,0000,014e,0000,0000,0000,0000,0,014e,0101,0000,0,015,0101,0101,1,42,01e4,0170
2005,2005,0,5d3813eec9a40000,ff,0,0,0101,73f2,0,0000,0101,0,0101,0000,1,1,0,0,0000,014e,0000,0000,0000,0000,0,014e,0101,0000,0,015,0101,0101,1,42,01e4,0170
2006,2006,0,5d3813eec9a40000,ff,0,0,0101,73f2,0,0000,0101,0,0101,0000,1,1,0,0,0000,014e,0000,0000,0000,0000,0,014e,0101,0000,0,015,0101,0101,1,42,01e4,0170
2007,2007,0,5d3813eec9a40000,ff,0,0,0101,73f2,0,0000,0101,0,0101,0000,1,1,0,0,0000,014e,0000,0000,0000,0000,0,014e,0101,0000,0,015,0101,0101,1,42,01e4,0170
2008,2008,0,5d3813eec9a40000,ff,0,0,0101,73f2,0,0000,0101,0,0101,0000,1,1,0,0,0000,014e,0000,0000,0000,0000,0,014e,0101,0000,0,015,0101,0101,1,42,01e4,0170
2009,2009,0,5d3813eec9a40000,ff,0,0,0101,73f2,0,0000,0101,0,0101,0000,1,1,0,0,0000,014e,0000,0000,0000,0000,0,014e,0101,0000,0,015,0101,0101,1,42,01e4,0170
2010,2010,0,5d3813eec9a40000,ff,0,0,0101,73f2,0,0000,0101,0,0101,0000,1,1,0,0,0000,014e,0000,0000,0000,0000,0,014e,0101,0000,0,015,0101,0101,1,42,01e4,0170
2011,2011,0,5d3813eec9a40000,ff,0,0,0101,73f2,0,0000,0101,0,0101,0000,1,1,0,0,0000,014e,0000,0000,0000,0000,0,014e,0101,0000,0,015,0101,0101,1,42,01e4,0170
2012,2012,0,5d3813eec9a40000,ff,0,0,0101,73f2,0,0000,0101,0,0101,0000,1,1,0,0,0000,014e,0000,0000,0000,0000,0,014e,0101,0000,0,015,0101,0101,1,42,01e4,0170
2013,2013,0,5d3813eec9a40000,ff,0,0,0101,73f2,0,0000,0101,0,0101,0000,1,1,0,0,0000,014e,0000,0000,0000,0000,0,014e,0101,0000,0,015,0101,0101,1,42,01e4,0170
2014,2014,0,5d3813eec9a40000,ff,0,0,0101,73f2,0,0000,0101,0,0101,0000,1,1,0,0,0000,014e,0000,0000,0000,0000,0,014e,0101,0000,0,015,0101,0101,1,42,01e4,0170
2015,2015,0,5d3813eec9a40000,ff,0,0,0101,73f2,0,0000,0101,0,0101,0000,1,1,0,0,0000,014e,0000,0000,0000,0000,0,014e,0101,0000,0,015,0101,0101,1,42,01e4,0170
2016,2016,0,5d3813eec9a40000,ff,0,0,0101,73f2,0,0000,0101,0,0101,0000,1,1,0,0,0000,014e,0000,0000,0000,0000,0,014e,0101,0000,0,015,0101,0101,1,42,01e4,0170
2017,2017,0,5d3813eec9a40000,ff,0,0,0101,73f2,0,0000,0101,0,0101,0000,1,1,0,0,0000,014e,0000,0000,0000,0000,0,014e,0101,0000,0,015,0101,0101,1,42,01e4,0170
2018,2018,0,5d3813eec9a40000,ff,0,0,0101,73f2,0,0000,0101,0,0101,0000,1,1,0,0,0000,014e,0000,0000,0000,0000,0,014e,0101,0000,0,015,0101,0101,1,42,01e4,0170
2019,2019,0,5d3813eec9a40000,ff,0,0,0101,73f2,0,0000,0101,0,0101,0000,1,1,0,0,0000,014e,0000,0000,0000,0000,0,014e,0101,0000,0,015,0101,0101,1,42,01e4,0170
2020,2020,0,5d3813eec9a40000,ff,0,0,0101,73f2,0,0000,0101,0,0101,0000,1,1,0,0,0000,014e,0000,0000,0000,0000,0,014e,0101,0000,0,015,0101,0101,1,42,01e4,0170
2021,2021,0,5d3813eec9a40000,ff,0,0,0101,73f2,0,0000,0101,0,0101,0000,1,1,0,0,0000,014e,0000,0000,0000,0000,0,014e,0101,0000,0,015,0101,0101,1,42,01e4,0170
2022,2022,0,5d3813eec9a40000,ff,0,0,0101,73f2,0,0000,0101,0,0101,0000,1,1,0,0,0000,014e,0000,0000,0000,0000,0,014e,0101,0000,0,015,0101,0101,1,42,01e4,0170
2023,2023,0,5d3813eec9a40000,ff,0,0,0101,73f2,0,0000,0101,0,0101,0000,1,1,0,0,0000,014e,0000,0000,0000,0000,0,014e,0101,0000,0,015,0101,0101,1,42,01e4,0170
2024,2024,0,5d3813eec9a40000,ff,0,0,0101,73f2,0,0000,0101,0,0101,0000,1,1,0,0,0000,014e,0000,0000,0000,0000,0,014e,0101,0000,0,015,0101,0101,1,42,01e4,0170
2025,2025,0,5d3813eec9a40000,ff,0,0,0101,73f2,0,0000,0101,0,0101,0000,1,1,0,0,0000,014e,0000,0000,0000,0000,0,014e,0101,0000,0,015,0101,0101,1,42,01e4,0170
2026,2026,0,5d3813eec9a40000,ff,0,0,0101,73f2,0,0000,0101,0,0101,0000,1,1,0,0,0000,014e,0000,0000,0000,0000,0,014e,0101,0000,0,015,0101,0101,1,42,01e4,0170
2027,2027,0,5d3813eec9a40000,ff,0,0,0101,73f2,0,0000,0101,0,0101,0000,1,1,0,0,0000,014e,0000,0000,0000,0000,0,014e,0101,0000,0,015,0101,0101,1,42,01e4,0170
2028,2028,0,5d3813eec9a40000,ff,0,0,0101,73f2,0,0000,0101,0,0101,0000,1,1,0,0,0000,014e,0000,0000,0000,0000,0,014e,0101,0000,0,015,0101,0101,1,42,01e4,0170
2029,2029,0,5d3813eec9a40000,ff,0,0,0101,73f2,0,0000,0101,0,0101,0000,1,1,0,0,0000,014e,0000,0000,0000,0000,0,014e,0101,0000,0,015,0101,0101,1,42,01e4,0170
2030,2030,0,5d3813eec9a40000,ff,0,0,0101,73f2,0,0000,0101,0,0101,0000,1,1,0,0,0000,014e,0000,0000,0000,0000,0,014e,0101,0000,0,015,0101,0101,1,42,01e4,0170
2031,2031,0,5d3813eec9a40000,ff,0,0,0101,73f2,0,0000,0101,0,0101,0000,1,1,0,0,0000,014e,0000,0000,0000,0000,0,014e,0101,0000,0,015,0101,0101,1,42,01e4,0170
2032,2032,0,5d3813eec9a40000,ff,0,0,0101,73f2,0,0000,0101,0,0101,0000,1,1,0,0,0000,014e,0000,0000,0000,0000,0,014e,0101,0000,0,015,0101,0101,1,42,01e4,0170
2033,2033,0,5d3813eec9a40000,ff,0,0,0101,73f2,0,0000,0101,0,0101,0000,1,1,0,0,0000,014e,0000,0000,0000,0000,0,014e,0101,0000,0,015,0101,0101,1,42,01e4,0170
2034,2034,0,5d3813eec9a40000,ff,0,0,0101,73f2,0,0000,0101,0,0101,0000,1,1,0,0,0000,014e,0000,0000,0000,0000,0,014e,0101,0000,0,015,0101,0101,1,42,01e4,0170
2035,2035,0,5d3813eec9a40000,ff,0,0,0101,73f2,0,0000,0101,0,0101,0000,1,1,0,0,0000,014e,0000,0000,0000,0000,0,014e,0101,0000,0,015,0101,0101,1,42,01e4,0170
2036,2036,0,5d3813eec9a40000,ff,0,0,0101,73f2,0,0000,0101,0,0101,0000,1,1,0,0,0000,014e,0000,0000,0000,0000,0,014e,0101,0000,0,015,0101,0101,1,42,01e4,0170
2037,2037,0,5d3813eec9a40000,ff,0,0,0101,73f2,0,0000,0101,0,0101,0000,1,1,0,0,0000,014e,0000,0000,0000,0000,0,014e,0101,0000,0,015,0101,0101,1,42,01e4,0170
2038,2038,0,5d3813eec9a40000,ff,0,0,0101,73f2,0,0000,0101,0,0101,0000,1,1,0,0,0000,014e,0000,0000,0000,0000,0,014e,0101,0000,0,015,0101,0101,1,42,01e4,0170
2039,2039,0,5d3813eec9a40000,ff,0,0,0101,73f2,0,0000,0101,0,0101,0000,1,1,0,0,0000,014e,0000,0000,0000,0000,0,014e,0101,0000,0,015,0101,0101,1,42,01e4,0170
2040,2040,0,5d3813eec9a40000,ff,0,0,0101,73f2,0,0000,0101,0,0101,0000,1,1,0,0,0000,014e,0000,0000,0000,0000,0,014e,0101,0000,0,015,0101,0101,1,42,01e4,0170
2041,2041,0,5d3813eec9a40000,ff,0,0,0101,73f2,0,0000,0101,0,0101,0000,1,1,0,0,0000,014e,0000,0000,0000,0000,0,014e,0101,0000,0,015,0101,0101,1,42,01e4,0170
2042,2042,0,5d3813eec9a40000,ff,0,0,0101,73f2,0,0000,0101,0,0101,0000,1,1,0,0,0000,014e,0000,0000,0000,0000,0,014e,0101,0000,0,015,0101,0101,1,42,01e4,0170
2043,2043,0,5d3813eec9a40000,ff,0,0,0101,73f2,0,0000,0101,0,0101,0000,1,1,0,0,0000,014e,0000,0000,0000,0000,0,014e,0101,0000,0,015,0101,0101,1,42,01e4,0170
2044,2044,0,5d3813eec9a40000,ff,0,0,0101,73f2,0,0000,0101,0,0101,0000,1,1,0,0,0000,014e,0000,0000,0000,0000,0,014e,0101,0000,0,015,0101,0101,1,42,01e4,0170
2045,2045,0,5d3813eec9a40000,ff,0,0,0101,73f2,0,0000,0101,0,0101,0000,1,1,0,0,0000,014e,0000,0000,0000,0000,0,014e,0101,0000,0,015,0101,0101,1,42,01e4,0170
2046,2046,0,5d3813eec9a40000,ff,0,0,0101,73f2,0,0000,0101,0,0101,0000,1,1,0,0,0000,014e,0000,0000,0000,0000,0,014e,0101,0000,0,015,0101,0101,1,42,01e4,0170
2047,2047,0,5d3813eec9a40000,ff,0,0,0101,73f2,0,0000,0101,0,0101,0000,1,1,0,0,0000,014e,0000,0000,0000,0000,0,014e,0101,0000,0,015,0101,0101,1,42,01e4,0170
